date,isin,issuer,parent,sector,seniority,coupon,maturity,workout_date,issue_date,amount_outstanding,price,yield,rating_numeric,source,price_quality,etf_par_held
2023-01-31,CA06368D3U60,Bank of Montreal,BMO,Banks,senior_bail_in,4.31,2027-06-01,2027-06-01,2022-06-01,,99.6,4.4116096311819,,ishares_xcb,evaluated,8372000.0
2023-01-31,CA06368DCV43,Bank of Montreal,BMO,Banks,senior_bail_in,2.37,2025-02-03,2025-02-03,2020-01-17,,95.52,4.729607640054773,,ishares_xcb,evaluated,5043000.0
2023-01-31,CA06368DPC25,Bank of Montreal,BMO,Banks,senior_bail_in,1.76,2026-03-10,2026-03-10,2021-03-10,,92.38,4.414541317809744,,ishares_xcb,evaluated,1950000.0
2023-01-31,CA06368DTH75,Bank of Montreal,BMO,Banks,senior_bail_in,1.55,2026-05-28,2026-05-28,2021-05-28,,91.27,4.4027108685162295,,ishares_xcb,evaluated,4212000.0
2023-01-31,CA06368DW260,Bank of Montreal,BMO,Banks,senior_bail_in,3.65,2027-04-01,2027-04-01,2022-04-01,,97.18,4.398124735126274,,ishares_xcb,evaluated,6981000.0
2023-01-31,CA06368LEY89,Bank of Montreal,BMO,Banks,senior_bail_in,4.71,2027-12-07,2027-12-07,2022-12-07,,101.18,4.436049157883534,,ishares_xcb,evaluated,8581000.0
2023-01-31,CA06415E4E25,Bank of Nova Scotia,BNS,Banks,senior_bail_in,1.4,2027-11-01,2027-11-01,2020-10-15,,87.4,4.367026224775416,,ishares_xcb,evaluated,5881000.0
2023-01-31,CA06415EV939,Bank of Nova Scotia,BNS,Banks,senior_bail_in,2.16,2025-02-03,2025-02-03,2020-01-31,,95.13,4.7258111028792165,,ishares_xcb,evaluated,5550000.0
2023-01-31,CA06415FFT45,Bank of Nova Scotia,BNS,Banks,senior_bail_in,1.85,2026-11-02,2026-11-02,2021-10-08,,91.37,4.369538651046017,,ishares_xcb,evaluated,7743000.0
2023-01-31,CA06415GDE76,Bank of Nova Scotia,BNS,Banks,senior_bail_in,2.95,2027-03-08,2027-03-08,2022-03-07,,94.67,4.386677900278957,,ishares_xcb,evaluated,12833000.0
2023-01-31,CA06415GH297,Bank of Nova Scotia,BNS,Banks,senior_bail_in,5.5,2026-05-08,2026-05-08,2022-11-09,,103.16,4.45128205961602,,ishares_xcb,evaluated,4602000.0
2023-01-31,CA07813ZAC82,Bell Canada,BCE,Telecom,senior,6.55,2029-05-01,2029-05-01,1999-07-19,,109.5,4.7744015932623185,,ishares_xcb,evaluated,537000.0
2023-01-31,CA07813ZAL81,Bell Canada,BCE,Telecom,senior,7.85,2031-04-02,2031-04-02,2001-04-02,,119.21,4.960302878825942,,ishares_xcb,evaluated,730000.0
2023-01-31,CA07813ZAP95,Bell Canada,BCE,Telecom,senior,7.3,2032-02-23,2032-02-23,2002-02-22,,116.32,5.031043373662896,,ishares_xcb,evaluated,1849000.0
2023-01-31,CA07813ZBT09,Bell Canada,BCE,Telecom,senior,3.55,2026-03-02,2026-03-02,2016-02-29,,97.39,4.468997499513551,,ishares_xcb,evaluated,2827000.0
2023-01-31,CA07813ZBV54,Bell Canada,BCE,Telecom,senior,2.9,2026-08-12,2026-08-12,2016-08-12,,95.26,4.3585396339027636,,ishares_xcb,evaluated,2318000.0
2023-01-31,CA07813ZBZ68,Bell Canada,BCE,Telecom,senior,3.35,2025-03-12,2025-03-12,2018-03-12,,97.48,4.620660296759785,,ishares_xcb,evaluated,5192000.0
2023-01-31,CA07813ZCC64,Bell Canada,BCE,Telecom,senior,2.9,2029-09-10,2029-09-10,2019-09-10,,91.19,4.4556172117323785,,ishares_xcb,evaluated,2061000.0
2023-01-31,CA07813ZCE21,Bell Canada,BCE,Telecom,senior,2.5,2030-05-14,2030-05-14,2020-05-14,,87.59,4.518502372263787,,ishares_xcb,evaluated,3597000.0
2023-01-31,CA07813ZCF95,Bell Canada,BCE,Telecom,senior,1.65,2027-08-16,2027-08-16,2020-08-14,,89.2,4.289843824437199,,ishares_xcb,evaluated,2496000.0
2023-01-31,CA07813ZCG78,Bell Canada,BCE,Telecom,senior,3.0,2031-03-17,2031-03-17,2021-03-17,,89.45,4.570045055803056,,ishares_xcb,evaluated,3729000.0
2023-01-31,CA07813ZCJ18,Bell Canada,BCE,Telecom,senior,2.2,2028-05-29,2028-05-29,2021-05-28,,89.81,4.365086557583661,,ishares_xcb,evaluated,1875000.0
2023-01-31,CA07813ZCK80,Bell Canada,BCE,Telecom,senior,5.85,2032-11-10,2032-11-10,2022-11-10,,108.66,4.733281664287953,,ishares_xcb,evaluated,3450000.0
2023-01-31,CA11291ZAE75,Brookfield Infrastructure Finance,BIP,Utilities,senior,4.19,2028-09-11,2028-09-11,2018-09-10,,97.41,4.723044082280621,,ishares_xcb,evaluated,2347000.0
2023-01-31,CA11291ZAF41,Brookfield Infrastructure Finance,BIP,Utilities,senior,3.41,2029-10-09,2029-10-09,2019-10-03,,92.08,4.808777382692774,,ishares_xcb,evaluated,2511000.0
2023-01-31,CA11291ZAG24,Brookfield Infrastructure Finance,BIP,Utilities,senior,2.86,2032-09-01,2032-09-01,2020-09-01,,83.83,5.006521214469303,,ishares_xcb,evaluated,1805000.0
2023-01-31,CA11291ZAH07,Brookfield Infrastructure Finance,BIP,Utilities,senior,5.44,2034-04-25,2034-04-25,2022-04-25,,102.49,5.144796531058169,,ishares_xcb,evaluated,1540000.0
2023-01-31,CA11291ZAK36,Brookfield Infrastructure Finance,BIP,Utilities,senior,5.62,2027-11-14,2027-11-14,2022-11-14,,103.73,4.739947954180459,,ishares_xcb,evaluated,1650000.0
2023-01-31,CA11291ZAL19,Brookfield Infrastructure Finance,BIP,Utilities,senior,5.98,2033-02-14,2033-02-14,2022-11-14,,107.12,5.063238886745077,,ishares_xcb,evaluated,865000.0
2023-01-31,CA13596Z3Y90,Canadian Imperial Bank of Commerce,CM,Banks,senior_legacy,3.3,2025-05-26,2025-05-26,2018-05-25,,97.79,4.312622943839775,,ishares_xcb,evaluated,5893000.0
2023-01-31,CA13607GPJ71,Canadian Imperial Bank of Commerce,CM,Banks,senior_bail_in,2.0,2025-04-17,2025-04-17,2020-04-17,,94.44,4.678222169633351,,ishares_xcb,evaluated,6994000.0
2023-01-31,CA13607GRU09,Canadian Imperial Bank of Commerce,CM,Banks,senior_bail_in,1.1,2026-01-19,2026-01-19,2021-01-19,,90.56,4.536624513055308,,ishares_xcb,evaluated,4097000.0
2023-01-31,CA13607H5C22,Canadian Imperial Bank of Commerce,CM,Banks,senior_bail_in,5.05,2027-10-07,2027-10-07,2022-10-07,,102.41,4.473199973520716,,ishares_xcb,evaluated,6220000.0
2023-01-31,CA13607HC349,Canadian Imperial Bank of Commerce,CM,Banks,senior_bail_in,2.25,2027-01-07,2027-01-07,2022-01-07,,92.18,4.438407786214357,,ishares_xcb,evaluated,6061000.0
2023-01-31,CA13607HK276,Canadian Imperial Bank of Commerce,CM,Banks,senior_bail_in,2.75,2025-03-07,2025-03-07,2022-03-08,,96.17,4.692716164181383,,ishares_xcb,evaluated,10559000.0
2023-01-31,CA13607HV661,Canadian Imperial Bank of Commerce,CM,Banks,senior_bail_in,4.95,2027-06-29,2027-06-29,2022-06-29,,101.95,4.457272690413109,,ishares_xcb,evaluated,6205000.0
2023-01-31,CA13607HVV19,Canadian Imperial Bank of Commerce,CM,Banks,senior_bail_in,1.7,2026-07-15,2026-07-15,2021-07-15,,91.27,4.453491978365913,,ishares_xcb,evaluated,3866000.0
2023-01-31,CA29251ZAD92,Enbridge Inc,ENB,Pipelines,senior,7.22,2030-07-24,2030-07-24,2000-07-24,,110.68,5.461614749393936,,ishares_xcb,evaluated,806000.0
2023-01-31,CA29251ZAK36,Enbridge Inc,ENB,Pipelines,senior,7.2,2032-06-18,2032-06-18,2001-06-18,,111.64,5.587669186019868,,ishares_xcb,evaluated,870000.0
2023-01-31,CA29251ZBK27,Enbridge Inc,ENB,Pipelines,senior,3.2,2027-06-08,2027-06-08,2017-06-08,,94.94,4.492495248236844,,ishares_xcb,evaluated,4282000.0
2023-01-31,CA29251ZBS52,Enbridge Inc,ENB,Pipelines,senior,2.99,2029-10-03,2029-10-03,2019-10-03,,90.67,4.631715350124231,,ishares_xcb,evaluated,3377000.0
2023-01-31,CA29251ZBT36,Enbridge Inc,ENB,Pipelines,senior,2.44,2025-06-02,2025-06-02,2020-05-12,,95.25,4.607943041994622,,ishares_xcb,evaluated,1878000.0
2023-01-31,CA29251ZBU09,Enbridge Inc,ENB,Pipelines,senior,3.1,2033-09-21,2033-09-21,2021-09-21,,84.66,4.9756284458455955,,ishares_xcb,evaluated,3760000.0
2023-01-31,CA29251ZBW64,Enbridge Inc,ENB,Pipelines,senior,6.1,2032-11-09,2032-11-09,2022-11-09,,109.15,4.910066750284878,,ishares_xcb,evaluated,2975000.0
2023-01-31,CA29251ZBY21,Enbridge Inc,ENB,Pipelines,senior,5.7,2027-11-09,2027-11-09,2022-11-09,,104.78,4.574039405566604,,ishares_xcb,evaluated,1225000.0
2023-01-31,CA349553AP21,Fortis Inc,FTS,Utilities,senior,2.18,2028-05-15,2028-05-15,2021-05-14,,89.92,4.33391988789855,,ishares_xcb,evaluated,1768000.0
2023-01-31,CA349553AQ04,Fortis Inc,FTS,Utilities,senior,4.43,2029-05-31,2029-05-31,2022-05-31,,99.9,4.447678763633613,,ishares_xcb,evaluated,2643000.0
2023-01-31,CA44810ZAB63,Hydro One Inc,H,Utilities,senior,6.93,2032-06-01,2032-06-01,2001-06-22,,119.07,4.414045242338676,,ishares_xcb,evaluated,1596000.0
2023-01-31,CA44810ZAD20,Hydro One Inc,H,Utilities,senior,6.35,2034-01-31,2034-01-31,2003-01-31,,115.77,4.515191359397452,,ishares_xcb,evaluated,1224000.0
2023-01-31,CA44810ZBR07,Hydro One Inc,H,Utilities,senior,2.77,2026-02-24,2026-02-24,2016-02-24,,96.23,4.087059832390687,,ishares_xcb,evaluated,1839000.0
2023-01-31,CA44810ZBW91,Hydro One Inc,H,Utilities,senior,2.97,2025-06-26,2025-06-26,2018-06-26,,97.2,4.207516511582597,,ishares_xcb,evaluated,1288000.0
2023-01-31,CA44810ZBZ23,Hydro One Inc,H,Utilities,senior,3.02,2029-04-05,2029-04-05,2019-04-05,,94.88,3.9626332522751113,,ishares_xcb,evaluated,1850000.0
2023-01-31,CA44810ZCB46,Hydro One Inc,H,Utilities,senior,1.76,2025-02-28,2025-02-28,2020-02-28,,94.95,4.325775921314763,,ishares_xcb,evaluated,1148000.0
2023-01-31,CA44810ZCC29,Hydro One Inc,H,Utilities,senior,2.16,2030-02-28,2030-02-28,2020-02-28,,88.71,4.006733351471057,,ishares_xcb,evaluated,1466000.0
2023-01-31,CA44810ZCF59,Hydro One Inc,H,Utilities,senior,1.69,2031-01-16,2031-01-16,2020-10-09,,84.0,4.06311848459551,,ishares_xcb,evaluated,1530000.0
2023-01-31,CA44810ZCG33,Hydro One Inc,H,Utilities,senior,2.23,2031-09-17,2031-09-17,2021-09-17,,86.41,4.118854355627075,,ishares_xcb,evaluated,1599000.0
2023-01-31,CA44810ZCJ71,Hydro One Inc,H,Utilities,senior,4.91,2028-01-27,2028-01-27,2022-10-27,,104.07,4.00192412355295,,ishares_xcb,evaluated,2359000.0
2023-01-31,CA44810ZCK45,Hydro One Inc,H,Utilities,senior,3.93,2029-11-30,2029-11-30,2023-01-27,,99.87,3.9521112699820073,,ishares_xcb,evaluated,675000.0
2023-01-31,CA44810ZCL28,Hydro One Inc,H,Utilities,senior,4.16,2033-01-27,2033-01-27,2023-01-27,,99.89,4.173569068111522,,ishares_xcb,evaluated,1075000.0
2023-01-31,CA448810AC58,Hydro One Inc,H,Utilities,senior,7.35,2030-06-03,2030-06-03,2000-06-01,,118.28,4.406421168228935,,ishares_xcb,evaluated,1152000.0
2023-01-31,CA63306AGE07,National Bank of Canada,NA,Banks,senior_bail_in,2.58,2025-02-03,2025-02-03,2019-12-19,,95.86,4.760493273976841,,ishares_xcb,evaluated,5011000.0
2023-01-31,CA63306AGJ93,National Bank of Canada,NA,Banks,senior_bail_in,1.57,2026-08-18,2026-08-18,2020-07-15,,92.78,3.76026325661825,,ishares_xcb,evaluated,2197000.0
2023-01-31,CA63306AGT75,National Bank of Canada,NA,Banks,senior_bail_in,1.53,2026-06-15,2026-06-15,2021-06-15,,91.24,4.351783789613529,,ishares_xcb,evaluated,2969000.0
2023-01-31,CA63306AHB58,National Bank of Canada,NA,Banks,senior_bail_in,2.24,2026-11-04,2026-11-04,2021-11-04,,92.6,4.398898155895853,,ishares_xcb,evaluated,3348000.0
2023-01-31,CA63306AHK57,National Bank of Canada,NA,Banks,senior_bail_in,5.3,2025-11-03,2025-11-03,2022-11-03,,101.9,4.559354028221485,,ishares_xcb,evaluated,3500000.0
2023-01-31,CA70632ZAE12,Pembina Pipeline,PPL,Pipelines,senior,3.54,2025-02-03,2025-02-03,2015-02-02,,97.39,4.913003697052879,,ishares_xcb,evaluated,1849000.0
2023-01-31,CA70632ZAF86,Pembina Pipeline,PPL,Pipelines,senior,4.24,2027-06-15,2027-06-15,2015-06-16,,98.69,4.57327965118597,,ishares_xcb,evaluated,1820000.0
2023-01-31,CA70632ZAG69,Pembina Pipeline,PPL,Pipelines,senior,3.71,2026-08-11,2026-08-11,2016-08-11,,97.1,4.6047167890997995,,ishares_xcb,evaluated,2159000.0
2023-01-31,CA70632ZAK71,Pembina Pipeline,PPL,Pipelines,senior,4.02,2028-03-27,2028-03-27,2018-03-26,,97.11,4.658899005433257,,ishares_xcb,evaluated,2301000.0
2023-01-31,CA70632ZAM38,Pembina Pipeline,PPL,Pipelines,senior,3.62,2029-04-03,2029-04-03,2019-04-03,,94.44,4.667186736245417,,ishares_xcb,evaluated,2327000.0
2023-01-31,CA70632ZAQ42,Pembina Pipeline,PPL,Pipelines,senior,3.31,2030-02-01,2030-02-01,2019-09-12,,91.62,4.728120749425256,,ishares_xcb,evaluated,1810000.0
2023-01-31,CA70632ZAS08,Pembina Pipeline,PPL,Pipelines,senior,3.53,2031-12-10,2031-12-10,2021-12-10,,90.42,4.874356900951229,,ishares_xcb,evaluated,1581000.0
2023-01-31,CA775109BJ98,Rogers Communications,RCI,Telecom,senior,3.25,2029-05-01,2029-05-01,2019-04-30,,91.89,4.7663980373432615,,ishares_xcb,evaluated,3567000.0
2023-01-31,CA775109BK61,Rogers Communications,RCI,Telecom,senior,3.65,2027-03-31,2027-03-31,2020-03-31,,96.21,4.662011093538618,,ishares_xcb,evaluated,5411000.0
2023-01-31,CA775109BT70,Rogers Communications,RCI,Telecom,senior,3.75,2029-04-15,2029-04-15,2022-03-11,,94.8,4.7265267183486905,,ishares_xcb,evaluated,3083000.0
2023-01-31,CA775109BU44,Rogers Communications,RCI,Telecom,senior,3.1,2025-04-15,2025-04-15,2022-03-11,,96.48,4.8017632438573505,,ishares_xcb,evaluated,4313000.0
2023-01-31,CA775109BV27,Rogers Communications,RCI,Telecom,senior,4.25,2032-04-15,2032-04-15,2022-03-11,,94.73,4.9701090657738005,,ishares_xcb,evaluated,3443000.0
2023-01-31,CA780086RQ98,Royal Bank of Canada,RY,Banks,senior_bail_in,2.33,2027-01-28,2027-01-28,2020-01-28,,92.53,4.3905538964240245,,ishares_xcb,evaluated,7520000.0
2023-01-31,CA780086RZ97,Royal Bank of Canada,RY,Banks,senior_bail_in,1.94,2025-05-01,2025-05-01,2020-05-01,,94.37,4.604903918222572,,ishares_xcb,evaluated,5423000.0
2023-01-31,CA780086TM66,Royal Bank of Canada,RY,Banks,senior_bail_in,1.59,2026-05-04,2026-05-04,2021-05-04,,91.5,4.421279136372023,,ishares_xcb,evaluated,4418000.0
2023-01-31,CA780086TY05,Royal Bank of Canada,RY,Banks,senior_bail_in,1.83,2028-07-31,2028-07-31,2021-07-29,,87.67,4.376787347048264,,ishares_xcb,evaluated,3455000.0
2023-01-31,CA780086UT90,Royal Bank of Canada,RY,Banks,senior_bail_in,3.37,2025-09-29,2025-09-29,2022-03-28,,97.08,4.55119828386946,,ishares_xcb,evaluated,10343000.0
2023-01-31,CA780086VK72,Royal Bank of Canada,RY,Banks,senior_bail_in,4.61,2027-07-26,2027-07-26,2022-07-25,,100.85,4.399112537825238,,ishares_xcb,evaluated,6699000.0
2023-01-31,CA780086VV38,Royal Bank of Canada,RY,Banks,senior_bail_in,5.24,2026-11-02,2026-11-02,2022-10-28,,102.87,4.402704776988788,,ishares_xcb,evaluated,6094000.0
2023-01-31,CA780086WE04,Royal Bank of Canada,RY,Banks,senior_bail_in,4.11,2025-12-22,2025-12-22,2022-12-22,,100.03,4.098024142509078,,ishares_xcb,evaluated,3250000.0
2023-01-31,CA780086WG51,Royal Bank of Canada,RY,Banks,senior_bail_in,4.64,2028-01-17,2028-01-17,2023-01-17,,100.98,4.417795359872158,,ishares_xcb,evaluated,6983000.0
2023-01-31,CA87971MBC60,TELUS,TU,Telecom,senior,3.75,2026-03-10,2026-03-10,2015-12-08,,97.77,4.53102976528563,,ishares_xcb,evaluated,2250000.0
2023-01-31,CA87971MBG74,TELUS,TU,Telecom,senior,3.63,2028-03-01,2028-03-01,2018-03-01,,96.32,4.449525679730463,,ishares_xcb,evaluated,2045000.0
2023-01-31,CA87971MBJ14,TELUS,TU,Telecom,senior,3.3,2029-05-02,2029-05-02,2019-04-03,,93.54,4.497333315003966,,ishares_xcb,evaluated,3259000.0
2023-01-31,CA87971MBL69,TELUS,TU,Telecom,senior,2.75,2026-07-08,2026-07-08,2019-07-02,,94.78,4.403389121689306,,ishares_xcb,evaluated,2646000.0
2023-01-31,CA87971MBN26,TELUS,TU,Telecom,senior,3.15,2030-02-19,2030-02-19,2019-12-16,,91.35,4.597956765725682,,ishares_xcb,evaluated,1672000.0
2023-01-31,CA87971MBQ56,TELUS,TU,Telecom,senior,2.35,2028-01-27,2028-01-27,2020-05-29,,90.75,4.437283105247857,,ishares_xcb,evaluated,2023000.0
2023-01-31,CA87971MBS13,TELUS,TU,Telecom,senior,2.05,2030-10-07,2030-10-07,2020-10-05,,83.44,4.637067304693371,,ishares_xcb,evaluated,1676000.0
2023-01-31,CA87971MBV42,TELUS,TU,Telecom,senior,2.85,2031-11-13,2031-11-13,2021-06-28,,86.77,4.706834080679579,,ishares_xcb,evaluated,2605000.0
2023-01-31,CA87971MBX08,TELUS,TU,Telecom,senior,5.25,2032-11-15,2032-11-15,2022-09-13,,103.46,4.802954163631826,,ishares_xcb,evaluated,3810000.0
2023-01-31,CA87971MBZ55,TELUS,TU,Telecom,senior,5.0,2029-09-13,2029-09-13,2022-09-13,,102.61,4.540630095044109,,ishares_xcb,evaluated,1334000.0
2023-01-31,CA89117F3M90,Toronto-Dominion Bank,TD,Banks,senior_bail_in,2.67,2025-09-09,2025-09-09,2022-03-09,,95.44,4.550582213428911,,ishares_xcb,evaluated,12112000.0
2023-01-31,CA89117F7G86,Toronto-Dominion Bank,TD,Banks,senior_bail_in,4.21,2027-06-01,2027-06-01,2022-06-01,,99.23,4.406366464134081,,ishares_xcb,evaluated,9331000.0
2023-01-31,CA89117F7H69,Toronto-Dominion Bank,TD,Banks,senior_bail_in,5.38,2027-10-21,2027-10-21,2022-10-21,,104.04,4.421477360453502,,ishares_xcb,evaluated,6681000.0
2023-01-31,CA89117F8V45,Toronto-Dominion Bank,TD,Banks,senior_bail_in,4.34,2026-01-27,2026-01-27,2022-07-27,,99.61,4.480822654149645,,ishares_xcb,evaluated,4941000.0
2023-01-31,CA89117FA338,Toronto-Dominion Bank,TD,Banks,senior_bail_in,1.89,2028-03-08,2028-03-08,2021-03-08,,88.58,4.41665399080427,,ishares_xcb,evaluated,5080000.0
2023-01-31,CA89117FJ347,Toronto-Dominion Bank,TD,Banks,senior_bail_in,1.9,2028-09-11,2028-09-11,2021-09-10,,87.66,4.408676668899626,,ishares_xcb,evaluated,4419000.0
2023-01-31,CA89117FVY29,Toronto-Dominion Bank,TD,Banks,senior_bail_in,1.94,2025-03-13,2025-03-13,2020-03-13,,94.62,4.644344572511164,,ishares_xcb,evaluated,6094000.0
2023-01-31,CA89117FYZ66,Toronto-Dominion Bank,TD,Banks,senior_bail_in,1.13,2025-12-09,2025-12-09,2020-12-09,,91.08,4.494354396063996,,ishares_xcb,evaluated,5752000.0
2023-01-31,CA89117FZ442,Toronto-Dominion Bank,TD,Banks,senior_bail_in,2.26,2027-01-07,2027-01-07,2022-01-07,,92.37,4.393198764367025,,ishares_xcb,evaluated,5826000.0
2023-01-31,CA89117GRJ80,Toronto-Dominion Bank,TD,Banks,senior_bail_in,4.68,2029-01-08,2029-01-08,2022-12-07,,101.26,4.436170840671283,,ishares_xcb,evaluated,8432000.0
2023-01-31,CA89117GTQ06,Toronto-Dominion Bank,TD,Banks,senior_bail_in,4.48,2028-01-18,2028-01-18,2023-01-18,,100.26,4.4210228219111425,,ishares_xcb,evaluated,6700000.0
2023-01-31,CA89353ZAP32,TransCanada PipeLines,TRP,Pipelines,senior,8.29,2026-02-05,2026-02-05,1996-02-05,,108.75,5.1079231258307916,,ishares_xcb,evaluated,944000.0
2023-01-31,CA89353ZBA53,TransCanada PipeLines,TRP,Pipelines,senior,6.89,2028-08-07,2028-08-07,1997-07-30,,109.59,4.880842396202036,,ishares_xcb,evaluated,712000.0
2023-01-31,CA89353ZBE75,TransCanada PipeLines,TRP,Pipelines,senior,6.28,2028-05-26,2028-05-26,1998-05-26,,106.55,4.8672869391510405,,ishares_xcb,evaluated,803000.0
2023-01-31,CA89353ZBK36,TransCanada PipeLines,TRP,Pipelines,senior,6.5,2030-12-09,2030-12-09,1998-12-07,,106.75,5.431833967329439,,ishares_xcb,evaluated,775000.0
2023-01-31,CA89353ZBY30,TransCanada PipeLines,TRP,Pipelines,senior,3.3,2025-07-17,2025-07-17,2015-07-17,,97.07,4.5720728815647105,,ishares_xcb,evaluated,2863000.0
2023-01-31,CA89353ZCA45,TransCanada PipeLines,TRP,Pipelines,senior,3.39,2028-03-15,2028-03-15,2017-09-15,,94.82,4.536981314895168,,ishares_xcb,evaluated,2004000.0
2023-01-31,CA89353ZCE66,TransCanada PipeLines,TRP,Pipelines,senior,3.0,2029-09-18,2029-09-18,2019-09-18,,90.9,4.6102864674405355,,ishares_xcb,evaluated,2678000.0
2023-01-31,CA89353ZCF32,TransCanada PipeLines,TRP,Pipelines,senior,3.8,2027-04-05,2027-04-05,2020-04-03,,97.35,4.5028477735434755,,ishares_xcb,evaluated,7016000.0
2023-01-31,CA89353ZCH97,TransCanada PipeLines,TRP,Pipelines,senior,2.97,2031-06-09,2031-06-09,2021-06-09,,87.68,4.775290078742566,,ishares_xcb,evaluated,1977000.0
2023-01-31,CA89353ZCJ53,TransCanada PipeLines,TRP,Pipelines,senior,4.35,2026-05-12,2026-05-12,2022-05-12,,99.52,4.509754761049986,,ishares_xcb,evaluated,1949000.0
2023-01-31,CA89353ZCK27,TransCanada PipeLines,TRP,Pipelines,senior,5.33,2032-05-12,2032-05-12,2022-05-12,,103.34,4.878392459344395,,ishares_xcb,evaluated,2618000.0
2023-02-28,CA06368D3U60,Bank of Montreal,BMO,Banks,senior_bail_in,4.31,2027-06-01,2027-06-01,2022-06-01,,97.89,4.863955256213426,,ishares_xcb,evaluated,8412000.0
2023-02-28,CA06368DPC25,Bank of Montreal,BMO,Banks,senior_bail_in,1.76,2026-03-10,2026-03-10,2021-03-10,,91.44,4.835547224787303,,ishares_xcb,evaluated,2105000.0
2023-02-28,CA06368DTH75,Bank of Montreal,BMO,Banks,senior_bail_in,1.55,2026-05-28,2026-05-28,2021-05-28,,90.29,4.817623875133462,,ishares_xcb,evaluated,4277000.0
2023-02-28,CA06368DW260,Bank of Montreal,BMO,Banks,senior_bail_in,3.65,2027-04-01,2027-04-01,2022-04-01,,95.59,4.852574680200798,,ishares_xcb,evaluated,6325000.0
2023-02-28,CA06368LEY89,Bank of Montreal,BMO,Banks,senior_bail_in,4.71,2027-12-07,2027-12-07,2022-12-07,,99.3,4.875215761280234,,ishares_xcb,evaluated,8581000.0
2023-02-28,CA06415E4E25,Bank of Nova Scotia,BNS,Banks,senior_bail_in,1.4,2027-11-01,2027-11-01,2020-10-15,,85.92,4.8011411546269995,,ishares_xcb,evaluated,5881000.0
2023-02-28,CA06415FFT45,Bank of Nova Scotia,BNS,Banks,senior_bail_in,1.85,2026-11-02,2026-11-02,2021-10-08,,90.23,4.781965901526192,,ishares_xcb,evaluated,7743000.0
2023-02-28,CA06415GDE76,Bank of Nova Scotia,BNS,Banks,senior_bail_in,2.95,2027-03-08,2027-03-08,2022-03-07,,93.18,4.839371879654475,,ishares_xcb,evaluated,11933000.0
2023-02-28,CA06415GH297,Bank of Nova Scotia,BNS,Banks,senior_bail_in,5.5,2026-05-08,2026-05-08,2022-11-09,,101.85,4.869066542369745,,ishares_xcb,evaluated,4602000.0
2023-02-28,CA07813ZAC82,Bell Canada,BCE,Telecom,senior,6.55,2029-05-01,2029-05-01,1999-07-19,,106.76,5.2547611483734675,,ishares_xcb,evaluated,537000.0
2023-02-28,CA07813ZAL81,Bell Canada,BCE,Telecom,senior,7.85,2031-04-02,2031-04-02,2001-04-02,,115.86,5.404228576173955,,ishares_xcb,evaluated,730000.0
2023-02-28,CA07813ZAP95,Bell Canada,BCE,Telecom,senior,7.3,2032-02-23,2032-02-23,2002-02-22,,112.63,5.499780021981535,,ishares_xcb,evaluated,1849000.0
2023-02-28,CA07813ZBT09,Bell Canada,BCE,Telecom,senior,3.55,2026-03-02,2026-03-02,2016-02-29,,96.33,4.882829469431754,,ishares_xcb,evaluated,2827000.0
2023-02-28,CA07813ZBV54,Bell Canada,BCE,Telecom,senior,2.9,2026-08-12,2026-08-12,2016-08-12,,94.07,4.781927598653003,,ishares_xcb,evaluated,2318000.0
2023-02-28,CA07813ZBZ68,Bell Canada,BCE,Telecom,senior,3.35,2025-03-12,2025-03-12,2018-03-12,,96.89,4.983467628156586,,ishares_xcb,evaluated,5192000.0
2023-02-28,CA07813ZCC64,Bell Canada,BCE,Telecom,senior,2.9,2029-09-10,2029-09-10,2019-09-10,,89.02,4.886771282557085,,ishares_xcb,evaluated,2061000.0
2023-02-28,CA07813ZCE21,Bell Canada,BCE,Telecom,senior,2.5,2030-05-14,2030-05-14,2020-05-14,,85.15,4.977742193689524,,ishares_xcb,evaluated,3672000.0
2023-02-28,CA07813ZCF95,Bell Canada,BCE,Telecom,senior,1.65,2027-08-16,2027-08-16,2020-08-14,,87.64,4.75382382140599,,ishares_xcb,evaluated,2496000.0
2023-02-28,CA07813ZCG78,Bell Canada,BCE,Telecom,senior,3.0,2031-03-17,2031-03-17,2021-03-17,,86.63,5.043437648256184,,ishares_xcb,evaluated,3729000.0
2023-02-28,CA07813ZCJ18,Bell Canada,BCE,Telecom,senior,2.2,2028-05-29,2028-05-29,2021-05-28,,88.12,4.786804232530319,,ishares_xcb,evaluated,2505000.0
2023-02-28,CA07813ZCK80,Bell Canada,BCE,Telecom,senior,5.85,2032-11-10,2032-11-10,2022-11-10,,105.09,5.176461169448336,,ishares_xcb,evaluated,3450000.0
2023-02-28,CA07813ZCL63,Bell Canada,BCE,Telecom,senior,4.55,2030-02-09,2030-02-09,2023-02-09,,97.65,4.953810964847082,,ishares_xcb,evaluated,1125000.0
2023-02-28,CA11291ZAE75,Brookfield Infrastructure Finance,BIP,Utilities,senior,4.19,2028-09-11,2028-09-11,2018-09-10,,95.25,5.1922039605140275,,ishares_xcb,evaluated,1616000.0
2023-02-28,CA11291ZAF41,Brookfield Infrastructure Finance,BIP,Utilities,senior,3.41,2029-10-09,2029-10-09,2019-10-03,,89.77,5.262473776852074,,ishares_xcb,evaluated,2511000.0
2023-02-28,CA11291ZAG24,Brookfield Infrastructure Finance,BIP,Utilities,senior,2.86,2032-09-01,2032-09-01,2020-09-01,,80.97,5.454361290928275,,ishares_xcb,evaluated,1805000.0
2023-02-28,CA11291ZAH07,Brookfield Infrastructure Finance,BIP,Utilities,senior,5.44,2034-04-25,2034-04-25,2022-04-25,,98.98,5.563624833263814,,ishares_xcb,evaluated,1540000.0
2023-02-28,CA11291ZAK36,Brookfield Infrastructure Finance,BIP,Utilities,senior,5.62,2027-11-14,2027-11-14,2022-11-14,,101.59,5.235648298898987,,ishares_xcb,evaluated,1650000.0
2023-02-28,CA11291ZAL19,Brookfield Infrastructure Finance,BIP,Utilities,senior,5.98,2033-02-14,2033-02-14,2022-11-14,,103.62,5.502951131346687,,ishares_xcb,evaluated,904000.0
2023-02-28,CA13596Z3Y90,Canadian Imperial Bank of Commerce,CM,Banks,senior_legacy,3.3,2025-05-26,2025-05-26,2018-05-25,,97.18,4.640950488164392,,ishares_xcb,evaluated,5893000.0
2023-02-28,CA13607GPJ71,Canadian Imperial Bank of Commerce,CM,Banks,senior_bail_in,2.0,2025-04-17,2025-04-17,2020-04-17,,93.95,5.027991722313636,,ishares_xcb,evaluated,5969000.0
2023-02-28,CA13607GRU09,Canadian Imperial Bank of Commerce,CM,Banks,senior_bail_in,1.1,2026-01-19,2026-01-19,2021-01-19,,89.92,4.882648935418947,,ishares_xcb,evaluated,4247000.0
2023-02-28,CA13607H5C22,Canadian Imperial Bank of Commerce,CM,Banks,senior_bail_in,5.05,2027-10-07,2027-10-07,2022-10-07,,100.57,4.910275759437862,,ishares_xcb,evaluated,5320000.0
2023-02-28,CA13607HC349,Canadian Imperial Bank of Commerce,CM,Banks,senior_bail_in,2.25,2027-01-07,2027-01-07,2022-01-07,,91.0,4.83619871575805,,ishares_xcb,evaluated,5296000.0
2023-02-28,CA13607HK276,Canadian Imperial Bank of Commerce,CM,Banks,senior_bail_in,2.75,2025-03-07,2025-03-07,2022-03-08,,95.67,5.037435927909593,,ishares_xcb,evaluated,9839000.0
2023-02-28,CA13607HV661,Canadian Imperial Bank of Commerce,CM,Banks,senior_bail_in,4.95,2027-06-29,2027-06-29,2022-06-29,,100.24,4.886728536210417,,ishares_xcb,evaluated,6205000.0
2023-02-28,CA13607HVV19,Canadian Imperial Bank of Commerce,CM,Banks,senior_bail_in,1.7,2026-07-15,2026-07-15,2021-07-15,,90.34,4.833383607830556,,ishares_xcb,evaluated,3902000.0
2023-02-28,CA29251ZAD92,Enbridge Inc,ENB,Pipelines,senior,7.22,2030-07-24,2030-07-24,2000-07-24,,107.89,5.889317868962285,,ishares_xcb,evaluated,806000.0
2023-02-28,CA29251ZAK36,Enbridge Inc,ENB,Pipelines,senior,7.2,2032-06-18,2032-06-18,2001-06-18,,108.46,5.99882975325089,,ishares_xcb,evaluated,870000.0
2023-02-28,CA29251ZBK27,Enbridge Inc,ENB,Pipelines,senior,3.2,2027-06-08,2027-06-08,2017-06-08,,93.14,5.0015871787799,,ishares_xcb,evaluated,4282000.0
2023-02-28,CA29251ZBS52,Enbridge Inc,ENB,Pipelines,senior,2.99,2029-10-03,2029-10-03,2019-10-03,,88.3,5.102089066067253,,ishares_xcb,evaluated,3377000.0
2023-02-28,CA29251ZBT36,Enbridge Inc,ENB,Pipelines,senior,2.44,2025-06-02,2025-06-02,2020-05-12,,94.53,5.031746371543586,,ishares_xcb,evaluated,1878000.0
2023-02-28,CA29251ZBU09,Enbridge Inc,ENB,Pipelines,senior,3.1,2033-09-21,2033-09-21,2021-09-21,,81.68,5.400471677411324,,ishares_xcb,evaluated,3760000.0
2023-02-28,CA29251ZBW64,Enbridge Inc,ENB,Pipelines,senior,6.1,2032-11-09,2032-11-09,2022-11-09,,105.35,5.385085352878815,,ishares_xcb,evaluated,2975000.0
2023-02-28,CA29251ZBY21,Enbridge Inc,ENB,Pipelines,senior,5.7,2027-11-09,2027-11-09,2022-11-09,,102.67,5.055264678338296,,ishares_xcb,evaluated,1375000.0
2023-02-28,CA349553AP21,Fortis Inc,FTS,Utilities,senior,2.18,2028-05-15,2028-05-15,2021-05-14,,88.29,4.74366877130753,,ishares_xcb,evaluated,1768000.0
2023-02-28,CA349553AQ04,Fortis Inc,FTS,Utilities,senior,4.43,2029-05-31,2029-05-31,2022-05-31,,97.45,4.907839998458049,,ishares_xcb,evaluated,1743000.0
2023-02-28,CA44810ZAB63,Hydro One Inc,H,Utilities,senior,6.93,2032-06-01,2032-06-01,2001-06-22,,115.21,4.868332114404198,,ishares_xcb,evaluated,1596000.0
2023-02-28,CA44810ZAD20,Hydro One Inc,H,Utilities,senior,6.35,2034-01-31,2034-01-31,2003-01-31,,112.73,4.835928314652041,,ishares_xcb,evaluated,1224000.0
2023-02-28,CA44810ZBR07,Hydro One Inc,H,Utilities,senior,2.77,2026-02-24,2026-02-24,2016-02-24,,95.0,4.578928291848488,,ishares_xcb,evaluated,2128000.0
2023-02-28,CA44810ZBW91,Hydro One Inc,H,Utilities,senior,2.97,2025-06-26,2025-06-26,2018-06-26,,96.32,4.6578260388153145,,ishares_xcb,evaluated,1288000.0
2023-02-28,CA44810ZBZ23,Hydro One Inc,H,Utilities,senior,3.02,2029-04-05,2029-04-05,2019-04-05,,92.46,4.445168213980531,,ishares_xcb,evaluated,2098000.0
2023-02-28,CA44810ZCB46,Hydro One Inc,H,Utilities,senior,1.76,2025-02-28,2025-02-28,2020-02-28,,94.33,4.7658792140892725,,ishares_xcb,evaluated,1488000.0
2023-02-28,CA44810ZCC29,Hydro One Inc,H,Utilities,senior,2.16,2030-02-28,2030-02-28,2020-02-28,,86.09,4.498489870832013,,ishares_xcb,evaluated,1491000.0
2023-02-28,CA44810ZCF59,Hydro One Inc,H,Utilities,senior,1.69,2031-01-16,2031-01-16,2020-10-09,,81.26,4.545748944559434,,ishares_xcb,evaluated,1575000.0
2023-02-28,CA44810ZCG33,Hydro One Inc,H,Utilities,senior,2.23,2031-09-17,2031-09-17,2021-09-17,,83.42,4.599011859411898,,ishares_xcb,evaluated,2238000.0
2023-02-28,CA44810ZCJ71,Hydro One Inc,H,Utilities,senior,4.91,2028-01-27,2028-01-27,2022-10-27,,101.62,4.538232684701276,,ishares_xcb,evaluated,2359000.0
2023-02-28,CA44810ZCK45,Hydro One Inc,H,Utilities,senior,3.93,2029-11-30,2029-11-30,2023-01-27,,96.89,4.469172014535964,,ishares_xcb,evaluated,1022000.0
2023-02-28,CA44810ZCL28,Hydro One Inc,H,Utilities,senior,4.16,2033-01-27,2033-01-27,2023-01-27,,96.37,4.620568000362396,,ishares_xcb,evaluated,1075000.0
2023-02-28,CA448810AC58,Hydro One Inc,H,Utilities,senior,7.35,2030-06-03,2030-06-03,2000-06-01,,115.09,4.85784011440578,,ishares_xcb,evaluated,1152000.0
2023-02-28,CA63306AGJ93,National Bank of Canada,NA,Banks,senior_bail_in,1.57,2026-08-18,2026-08-18,2020-07-15,,92.15,4.014490564630718,,ishares_xcb,evaluated,1312000.0
2023-02-28,CA63306AGT75,National Bank of Canada,NA,Banks,senior_bail_in,1.53,2026-06-15,2026-06-15,2021-06-15,,90.23,4.769866548948735,,ishares_xcb,evaluated,2969000.0
2023-02-28,CA63306AHB58,National Bank of Canada,NA,Banks,senior_bail_in,2.24,2026-11-04,2026-11-04,2021-11-04,,91.43,4.809939902295389,,ishares_xcb,evaluated,3348000.0
2023-02-28,CA63306AHK57,National Bank of Canada,NA,Banks,senior_bail_in,5.3,2025-11-03,2025-11-03,2022-11-03,,100.88,4.947645737878135,,ishares_xcb,evaluated,3500000.0
2023-02-28,CA70632ZAF86,Pembina Pipeline,PPL,Pipelines,senior,4.24,2027-06-15,2027-06-15,2015-06-16,,96.87,5.05906299052153,,ishares_xcb,evaluated,1494000.0
2023-02-28,CA70632ZAG69,Pembina Pipeline,PPL,Pipelines,senior,3.71,2026-08-11,2026-08-11,2016-08-11,,95.64,5.102990597938502,,ishares_xcb,evaluated,2417000.0
2023-02-28,CA70632ZAK71,Pembina Pipeline,PPL,Pipelines,senior,4.02,2028-03-27,2028-03-27,2018-03-26,,95.09,5.133812684327901,,ishares_xcb,evaluated,2337000.0
2023-02-28,CA70632ZAM38,Pembina Pipeline,PPL,Pipelines,senior,3.62,2029-04-03,2029-04-03,2019-04-03,,92.1,5.146979031465599,,ishares_xcb,evaluated,2348000.0
2023-02-28,CA70632ZAQ42,Pembina Pipeline,PPL,Pipelines,senior,3.31,2030-02-01,2030-02-01,2019-09-12,,89.01,5.221365258141376,,ishares_xcb,evaluated,1810000.0
2023-02-28,CA70632ZAS08,Pembina Pipeline,PPL,Pipelines,senior,3.53,2031-12-10,2031-12-10,2021-12-10,,87.02,5.405804779441688,,ishares_xcb,evaluated,1581000.0
2023-02-28,CA775109BJ98,Rogers Communications,RCI,Telecom,senior,3.25,2029-05-01,2029-05-01,2019-04-30,,89.84,5.196292223014524,,ishares_xcb,evaluated,2727000.0
2023-02-28,CA775109BK61,Rogers Communications,RCI,Telecom,senior,3.65,2027-03-31,2027-03-31,2020-03-31,,94.71,5.101168862073304,,ishares_xcb,evaluated,5411000.0
2023-02-28,CA775109BT70,Rogers Communications,RCI,Telecom,senior,3.75,2029-04-15,2029-04-15,2022-03-11,,92.61,5.172742969100526,,ishares_xcb,evaluated,3083000.0
2023-02-28,CA775109BU44,Rogers Communications,RCI,Telecom,senior,3.1,2025-04-15,2025-04-15,2022-03-11,,95.92,5.150033417363263,,ishares_xcb,evaluated,4313000.0
2023-02-28,CA775109BV27,Rogers Communications,RCI,Telecom,senior,4.25,2032-04-15,2032-04-15,2022-03-11,,91.57,5.433673919326763,,ishares_xcb,evaluated,3443000.0
2023-02-28,CA780086RQ98,Royal Bank of Canada,RY,Banks,senior_bail_in,2.33,2027-01-28,2027-01-28,2020-01-28,,91.26,4.805955839495341,,ishares_xcb,evaluated,7816000.0
2023-02-28,CA780086RZ97,Royal Bank of Canada,RY,Banks,senior_bail_in,1.94,2025-05-01,2025-05-01,2020-05-01,,93.85,4.964061599807543,,ishares_xcb,evaluated,4400000.0
2023-02-28,CA780086TM66,Royal Bank of Canada,RY,Banks,senior_bail_in,1.59,2026-05-04,2026-05-04,2021-05-04,,90.59,4.8181371079556445,,ishares_xcb,evaluated,4468000.0
2023-02-28,CA780086TY05,Royal Bank of Canada,RY,Banks,senior_bail_in,1.83,2028-07-31,2028-07-31,2021-07-29,,86.03,4.785408750477493,,ishares_xcb,evaluated,3455000.0
2023-02-28,CA780086UT90,Royal Bank of Canada,RY,Banks,senior_bail_in,3.37,2025-09-29,2025-09-29,2022-03-28,,96.29,4.9224686747274795,,ishares_xcb,evaluated,9993000.0
2023-02-28,CA780086VK72,Royal Bank of Canada,RY,Banks,senior_bail_in,4.61,2027-07-26,2027-07-26,2022-07-25,,99.03,4.856891650190357,,ishares_xcb,evaluated,6699000.0
2023-02-28,CA780086VV38,Royal Bank of Canada,RY,Banks,senior_bail_in,5.24,2026-11-02,2026-11-02,2022-10-28,,101.44,4.809819036679064,,ishares_xcb,evaluated,6124000.0
2023-02-28,CA780086WE04,Royal Bank of Canada,RY,Banks,senior_bail_in,4.11,2025-12-22,2025-12-22,2022-12-22,,98.95,4.510365054224281,,ishares_xcb,evaluated,3400000.0
2023-02-28,CA780086WG51,Royal Bank of Canada,RY,Banks,senior_bail_in,4.64,2028-01-17,2028-01-17,2023-01-17,,99.04,4.863072743857224,,ishares_xcb,evaluated,6083000.0
2023-02-28,CA87971MBC60,TELUS,TU,Telecom,senior,3.75,2026-03-10,2026-03-10,2015-12-08,,96.73,4.930717898706171,,ishares_xcb,evaluated,1782000.0
2023-02-28,CA87971MBG74,TELUS,TU,Telecom,senior,3.63,2028-03-01,2028-03-01,2018-03-01,,94.43,4.9023666917255175,,ishares_xcb,evaluated,2045000.0
2023-02-28,CA87971MBJ14,TELUS,TU,Telecom,senior,3.3,2029-05-02,2029-05-02,2019-04-03,,91.39,4.935621742765498,,ishares_xcb,evaluated,3259000.0
2023-02-28,CA87971MBL69,TELUS,TU,Telecom,senior,2.75,2026-07-08,2026-07-08,2019-07-02,,93.61,4.833703887217928,,ishares_xcb,evaluated,2646000.0
2023-02-28,CA87971MBN26,TELUS,TU,Telecom,senior,3.15,2030-02-19,2030-02-19,2019-12-16,,89.08,5.025280046572393,,ishares_xcb,evaluated,1672000.0
2023-02-28,CA87971MBQ56,TELUS,TU,Telecom,senior,2.35,2028-01-27,2028-01-27,2020-05-29,,89.12,4.867113367781509,,ishares_xcb,evaluated,2051000.0
2023-02-28,CA87971MBS13,TELUS,TU,Telecom,senior,2.05,2030-10-07,2030-10-07,2020-10-05,,81.05,5.086051995403096,,ishares_xcb,evaluated,1676000.0
2023-02-28,CA87971MBV42,TELUS,TU,Telecom,senior,2.85,2031-11-13,2031-11-13,2021-06-28,,83.93,5.165996239385431,,ishares_xcb,evaluated,2635000.0
2023-02-28,CA87971MBX08,TELUS,TU,Telecom,senior,5.25,2032-11-15,2032-11-15,2022-09-13,,100.0,5.250561079582437,,ishares_xcb,evaluated,3826000.0
2023-02-28,CA87971MBZ55,TELUS,TU,Telecom,senior,5.0,2029-09-13,2029-09-13,2022-09-13,,100.19,4.968679741207353,,ishares_xcb,evaluated,1334000.0
2023-02-28,CA89117F3M90,Toronto-Dominion Bank,TD,Banks,senior_bail_in,2.67,2025-09-09,2025-09-09,2022-03-09,,94.71,4.928001361954581,,ishares_xcb,evaluated,11212000.0
2023-02-28,CA89117F7G86,Toronto-Dominion Bank,TD,Banks,senior_bail_in,4.21,2027-06-01,2027-06-01,2022-06-01,,97.56,4.850573456413208,,ishares_xcb,evaluated,9331000.0
2023-02-28,CA89117F7H69,Toronto-Dominion Bank,TD,Banks,senior_bail_in,5.38,2027-10-21,2027-10-21,2022-10-21,,102.07,4.876063057334394,,ishares_xcb,evaluated,6710000.0
2023-02-28,CA89117F8V45,Toronto-Dominion Bank,TD,Banks,senior_bail_in,4.34,2026-01-27,2026-01-27,2022-07-27,,98.49,4.902583386201563,,ishares_xcb,evaluated,4941000.0
2023-02-28,CA89117FA338,Toronto-Dominion Bank,TD,Banks,senior_bail_in,1.89,2028-03-08,2028-03-08,2021-03-08,,87.03,4.831024439654001,,ishares_xcb,evaluated,5115000.0
2023-02-28,CA89117FJ347,Toronto-Dominion Bank,TD,Banks,senior_bail_in,1.9,2028-09-11,2028-09-11,2021-09-10,,85.97,4.82183402352477,,ishares_xcb,evaluated,3935000.0
2023-02-28,CA89117FVY29,Toronto-Dominion Bank,TD,Banks,senior_bail_in,1.94,2025-03-13,2025-03-13,2020-03-13,,94.16,4.995947000475406,,ishares_xcb,evaluated,6094000.0
2023-02-28,CA89117FYZ66,Toronto-Dominion Bank,TD,Banks,senior_bail_in,1.13,2025-12-09,2025-12-09,2020-12-09,,90.39,4.870813341157718,,ishares_xcb,evaluated,5944000.0
2023-02-28,CA89117FZ442,Toronto-Dominion Bank,TD,Banks,senior_bail_in,2.26,2027-01-07,2027-01-07,2022-01-07,,91.16,4.798231442882448,,ishares_xcb,evaluated,4874000.0
2023-02-28,CA89117GRJ80,Toronto-Dominion Bank,TD,Banks,senior_bail_in,4.68,2029-01-08,2029-01-08,2022-12-07,,99.06,4.8662694926338865,,ishares_xcb,evaluated,8432000.0
2023-02-28,CA89117GTQ06,Toronto-Dominion Bank,TD,Banks,senior_bail_in,4.48,2028-01-18,2028-01-18,2023-01-18,,98.33,4.867996911862073,,ishares_xcb,evaluated,6700000.0
2023-02-28,CA89353ZAP32,TransCanada PipeLines,TRP,Pipelines,senior,8.29,2026-02-05,2026-02-05,1996-02-05,,107.18,5.603437058516648,,ishares_xcb,evaluated,944000.0
2023-02-28,CA89353ZBA53,TransCanada PipeLines,TRP,Pipelines,senior,6.89,2028-08-07,2028-08-07,1997-07-30,,107.24,5.33913345574076,,ishares_xcb,evaluated,712000.0
2023-02-28,CA89353ZBE75,TransCanada PipeLines,TRP,Pipelines,senior,6.28,2028-05-26,2028-05-26,1998-05-26,,104.26,5.338029819563552,,ishares_xcb,evaluated,803000.0
2023-02-28,CA89353ZBK36,TransCanada PipeLines,TRP,Pipelines,senior,6.5,2030-12-09,2030-12-09,1998-12-07,,103.77,5.887621130300805,,ishares_xcb,evaluated,775000.0
2023-02-28,CA89353ZBY30,TransCanada PipeLines,TRP,Pipelines,senior,3.3,2025-07-17,2025-07-17,2015-07-17,,96.04,5.084556416252047,,ishares_xcb,evaluated,2863000.0
2023-02-28,CA89353ZCA45,TransCanada PipeLines,TRP,Pipelines,senior,3.39,2028-03-15,2028-03-15,2017-09-15,,92.67,5.057940847175519,,ishares_xcb,evaluated,2004000.0
2023-02-28,CA89353ZCE66,TransCanada PipeLines,TRP,Pipelines,senior,3.0,2029-09-18,2029-09-18,2019-09-18,,88.39,5.109780508534356,,ishares_xcb,evaluated,2678000.0
2023-02-28,CA89353ZCF32,TransCanada PipeLines,TRP,Pipelines,senior,3.8,2027-04-05,2027-04-05,2020-04-03,,95.35,5.070805520488094,,ishares_xcb,evaluated,5966000.0
2023-02-28,CA89353ZCH97,TransCanada PipeLines,TRP,Pipelines,senior,2.97,2031-06-09,2031-06-09,2021-06-09,,84.6,5.291212150150749,,ishares_xcb,evaluated,1677000.0
2023-02-28,CA89353ZCJ53,TransCanada PipeLines,TRP,Pipelines,senior,4.35,2026-05-12,2026-05-12,2022-05-12,,98.02,5.028699076614038,,ishares_xcb,evaluated,1949000.0
2023-02-28,CA89353ZCK27,TransCanada PipeLines,TRP,Pipelines,senior,5.33,2032-05-12,2032-05-12,2022-05-12,,99.46,5.405888396026001,,ishares_xcb,evaluated,2618000.0
2023-03-31,CA06368D3U60,Bank of Montreal,BMO,Banks,senior_bail_in,4.31,2027-06-01,2027-06-01,2022-06-01,,98.86,4.613193739514857,,ishares_xcb,evaluated,8502000.0
2023-03-31,CA06368DPC25,Bank of Montreal,BMO,Banks,senior_bail_in,1.76,2026-03-10,2026-03-10,2021-03-10,,92.24,4.609253521926072,,ishares_xcb,evaluated,2135000.0
2023-03-31,CA06368DTH75,Bank of Montreal,BMO,Banks,senior_bail_in,1.55,2026-05-28,2026-05-28,2021-05-28,,91.12,4.60219686051766,,ishares_xcb,evaluated,4332000.0
2023-03-31,CA06368DW260,Bank of Montreal,BMO,Banks,senior_bail_in,3.65,2027-04-01,2027-04-01,2022-04-01,,96.44,4.636044888178334,,ishares_xcb,evaluated,6479000.0
2023-03-31,CA06368LEY89,Bank of Montreal,BMO,Banks,senior_bail_in,4.71,2027-12-07,2027-12-07,2022-12-07,,100.25,4.6494696334024574,,ishares_xcb,evaluated,9091000.0
2023-03-31,CA06415E4E25,Bank of Nova Scotia,BNS,Banks,senior_bail_in,1.4,2027-11-01,2027-11-01,2020-10-15,,86.91,4.599658609561333,,ishares_xcb,evaluated,5977000.0
2023-03-31,CA06415FFT45,Bank of Nova Scotia,BNS,Banks,senior_bail_in,1.85,2026-11-02,2026-11-02,2021-10-08,,91.03,4.591256045255509,,ishares_xcb,evaluated,7480000.0
2023-03-31,CA06415GDE76,Bank of Nova Scotia,BNS,Banks,senior_bail_in,2.95,2027-03-08,2027-03-08,2022-03-07,,94.05,4.619087561555847,,ishares_xcb,evaluated,12919000.0
2023-03-31,CA06415GH297,Bank of Nova Scotia,BNS,Banks,senior_bail_in,5.5,2026-05-08,2026-05-08,2022-11-09,,102.45,4.6479259513013815,,ishares_xcb,evaluated,4677000.0
2023-03-31,CA07813ZAC82,Bell Canada,BCE,Telecom,senior,6.55,2029-05-01,2029-05-01,1999-07-19,,108.57,4.907162849303943,,ishares_xcb,evaluated,537000.0
2023-03-31,CA07813ZAL81,Bell Canada,BCE,Telecom,senior,7.85,2031-04-02,2031-04-02,2001-04-02,,118.02,5.083491845681876,,ishares_xcb,evaluated,730000.0
2023-03-31,CA07813ZAP95,Bell Canada,BCE,Telecom,senior,7.3,2032-02-23,2032-02-23,2002-02-22,,115.1,5.162346976531511,,ishares_xcb,evaluated,1911000.0
2023-03-31,CA07813ZAT18,Bell Canada,BCE,Telecom,senior,6.1,2035-03-16,2035-03-16,2004-03-16,,107.06,5.29504896395534,,ishares_xcb,evaluated,896000.0
2023-03-31,CA07813ZBT09,Bell Canada,BCE,Telecom,senior,3.55,2026-03-02,2026-03-02,2016-02-29,,97.15,4.6020018777661456,,ishares_xcb,evaluated,2827000.0
2023-03-31,CA07813ZBV54,Bell Canada,BCE,Telecom,senior,2.9,2026-08-12,2026-08-12,2016-08-12,,95.0,4.516021889025453,,ishares_xcb,evaluated,2318000.0
2023-03-31,CA07813ZCC64,Bell Canada,BCE,Telecom,senior,2.9,2029-09-10,2029-09-10,2019-09-10,,90.71,4.580911958673496,,ishares_xcb,evaluated,2111000.0
2023-03-31,CA07813ZCE21,Bell Canada,BCE,Telecom,senior,2.5,2030-05-14,2030-05-14,2020-05-14,,87.07,4.654861790780872,,ishares_xcb,evaluated,3702000.0
2023-03-31,CA07813ZCF95,Bell Canada,BCE,Telecom,senior,1.65,2027-08-16,2027-08-16,2020-08-14,,88.95,4.454104992758077,,ishares_xcb,evaluated,2496000.0
2023-03-31,CA07813ZCG78,Bell Canada,BCE,Telecom,senior,3.0,2031-03-17,2031-03-17,2021-03-17,,88.7,4.7186639910718275,,ishares_xcb,evaluated,3289000.0
2023-03-31,CA07813ZCJ18,Bell Canada,BCE,Telecom,senior,2.2,2028-05-29,2028-05-29,2021-05-28,,89.57,4.486359242713398,,ishares_xcb,evaluated,2065000.0
2023-03-31,CA07813ZCK80,Bell Canada,BCE,Telecom,senior,5.85,2032-11-10,2032-11-10,2022-11-10,,107.3,4.890556592840927,,ishares_xcb,evaluated,3450000.0
2023-03-31,CA07813ZCL63,Bell Canada,BCE,Telecom,senior,4.55,2030-02-09,2030-02-09,2023-02-09,,99.52,4.632452229693163,,ishares_xcb,evaluated,3220000.0
2023-03-31,CA11291ZAE75,Brookfield Infrastructure Finance,BIP,Utilities,senior,4.19,2028-09-11,2028-09-11,2018-09-10,,96.73,4.8801427488046265,,ishares_xcb,evaluated,1616000.0
2023-03-31,CA11291ZAF41,Brookfield Infrastructure Finance,BIP,Utilities,senior,3.41,2029-10-09,2029-10-09,2019-10-03,,91.65,4.922419494975643,,ishares_xcb,evaluated,3011000.0
2023-03-31,CA11291ZAG24,Brookfield Infrastructure Finance,BIP,Utilities,senior,2.86,2032-09-01,2032-09-01,2020-09-01,,83.01,5.159710720978845,,ishares_xcb,evaluated,1805000.0
2023-03-31,CA11291ZAH07,Brookfield Infrastructure Finance,BIP,Utilities,senior,5.44,2034-04-25,2034-04-25,2022-04-25,,101.13,5.303981875705635,,ishares_xcb,evaluated,1540000.0
2023-03-31,CA11291ZAK36,Brookfield Infrastructure Finance,BIP,Utilities,senior,5.62,2027-11-14,2027-11-14,2022-11-14,,102.61,4.983468960964513,,ishares_xcb,evaluated,1650000.0
2023-03-31,CA11291ZAL19,Brookfield Infrastructure Finance,BIP,Utilities,senior,5.98,2033-02-14,2033-02-14,2022-11-14,,105.53,5.254918448011155,,ishares_xcb,evaluated,904000.0
2023-03-31,CA13596Z3Y90,Canadian Imperial Bank of Commerce,CM,Banks,senior_legacy,3.3,2025-05-26,2025-05-26,2018-05-25,,97.66,4.453673963328938,,ishares_xcb,evaluated,6150000.0
2023-03-31,CA13607GPJ71,Canadian Imperial Bank of Commerce,CM,Banks,senior_bail_in,2.0,2025-04-17,2025-04-17,2020-04-17,,94.58,4.813219080813185,,ishares_xcb,evaluated,6182000.0
2023-03-31,CA13607GRU09,Canadian Imperial Bank of Commerce,CM,Banks,senior_bail_in,1.1,2026-01-19,2026-01-19,2021-01-19,,90.64,4.7022794930028,,ishares_xcb,evaluated,4247000.0
2023-03-31,CA13607H5C22,Canadian Imperial Bank of Commerce,CM,Banks,senior_bail_in,5.05,2027-10-07,2027-10-07,2022-10-07,,101.42,4.6989622014205645,,ishares_xcb,evaluated,6020000.0
2023-03-31,CA13607HC349,Canadian Imperial Bank of Commerce,CM,Banks,senior_bail_in,2.25,2027-01-07,2027-01-07,2022-01-07,,91.78,4.652244828729691,,ishares_xcb,evaluated,5556000.0
2023-03-31,CA13607HV661,Canadian Imperial Bank of Commerce,CM,Banks,senior_bail_in,4.95,2027-06-29,2027-06-29,2022-06-29,,101.05,4.673590464173296,,ishares_xcb,evaluated,6479000.0
2023-03-31,CA13607HVV19,Canadian Imperial Bank of Commerce,CM,Banks,senior_bail_in,1.7,2026-07-15,2026-07-15,2021-07-15,,91.11,4.642775047452383,,ishares_xcb,evaluated,3607000.0
2023-03-31,CA29251ZAD92,Enbridge Inc,ENB,Pipelines,senior,7.22,2030-07-24,2030-07-24,2000-07-24,,110.48,5.46326111234402,,ishares_xcb,evaluated,806000.0
2023-03-31,CA29251ZAK36,Enbridge Inc,ENB,Pipelines,senior,7.2,2032-06-18,2032-06-18,2001-06-18,,111.44,5.5936563751689485,,ishares_xcb,evaluated,930000.0
2023-03-31,CA29251ZBK27,Enbridge Inc,ENB,Pipelines,senior,3.2,2027-06-08,2027-06-08,2017-06-08,,94.62,4.6269584082255175,,ishares_xcb,evaluated,5072000.0
2023-03-31,CA29251ZBS52,Enbridge Inc,ENB,Pipelines,senior,2.99,2029-10-03,2029-10-03,2019-10-03,,90.46,4.70967851081441,,ishares_xcb,evaluated,3237000.0
2023-03-31,CA29251ZBT36,Enbridge Inc,ENB,Pipelines,senior,2.44,2025-06-02,2025-06-02,2020-05-12,,95.2,4.791643743047609,,ishares_xcb,evaluated,1878000.0
2023-03-31,CA29251ZBU09,Enbridge Inc,ENB,Pipelines,senior,3.1,2033-09-21,2033-09-21,2021-09-21,,83.9,5.103429008563338,,ishares_xcb,evaluated,3770000.0
2023-03-31,CA29251ZBW64,Enbridge Inc,ENB,Pipelines,senior,6.1,2032-11-09,2032-11-09,2022-11-09,,107.81,5.065044182795534,,ishares_xcb,evaluated,2975000.0
2023-03-31,CA29251ZBY21,Enbridge Inc,ENB,Pipelines,senior,5.7,2027-11-09,2027-11-09,2022-11-09,,103.99,4.729242467931419,,ishares_xcb,evaluated,1396000.0
2023-03-31,CA349553AP21,Fortis Inc,FTS,Utilities,senior,2.18,2028-05-15,2028-05-15,2021-05-14,,90.35,4.299324022379973,,ishares_xcb,evaluated,1773000.0
2023-03-31,CA349553AQ04,Fortis Inc,FTS,Utilities,senior,4.43,2029-05-31,2029-05-31,2022-05-31,,99.67,4.491580884742161,,ishares_xcb,evaluated,1923000.0
2023-03-31,CA44810ZAB63,Hydro One Inc,H,Utilities,senior,6.93,2032-06-01,2032-06-01,2001-06-22,,118.27,4.4784406147009035,,ishares_xcb,evaluated,1596000.0
2023-03-31,CA44810ZAD20,Hydro One Inc,H,Utilities,senior,6.35,2034-01-31,2034-01-31,2003-01-31,,114.98,4.580934342484924,,ishares_xcb,evaluated,1224000.0
2023-03-31,CA44810ZBR07,Hydro One Inc,H,Utilities,senior,2.77,2026-02-24,2026-02-24,2016-02-24,,96.06,4.226280645357936,,ishares_xcb,evaluated,1728000.0
2023-03-31,CA44810ZBW91,Hydro One Inc,H,Utilities,senior,2.97,2025-06-26,2025-06-26,2018-06-26,,97.12,4.332678711809282,,ishares_xcb,evaluated,1288000.0
2023-03-31,CA44810ZBZ23,Hydro One Inc,H,Utilities,senior,3.02,2029-04-05,2029-04-05,2019-04-05,,94.64,4.03334988570816,,ishares_xcb,evaluated,2398000.0
2023-03-31,CA44810ZCC29,Hydro One Inc,H,Utilities,senior,2.16,2030-02-28,2030-02-28,2020-02-28,,88.58,4.071663684519134,,ishares_xcb,evaluated,1491000.0
2023-03-31,CA44810ZCF59,Hydro One Inc,H,Utilities,senior,1.69,2031-01-16,2031-01-16,2020-10-09,,83.92,4.123052295944485,,ishares_xcb,evaluated,1575000.0
2023-03-31,CA44810ZCG33,Hydro One Inc,H,Utilities,senior,2.23,2031-09-17,2031-09-17,2021-09-17,,86.24,4.176900968632006,,ishares_xcb,evaluated,2298000.0
2023-03-31,CA44810ZCJ71,Hydro One Inc,H,Utilities,senior,4.91,2028-01-27,2028-01-27,2022-10-27,,103.3,4.148720364500018,,ishares_xcb,evaluated,2359000.0
2023-03-31,CA44810ZCK45,Hydro One Inc,H,Utilities,senior,3.93,2029-11-30,2029-11-30,2023-01-27,,99.22,4.065874262306281,,ishares_xcb,evaluated,1122000.0
2023-03-31,CA44810ZCL28,Hydro One Inc,H,Utilities,senior,4.16,2033-01-27,2033-01-27,2023-01-27,,99.05,4.279567527153066,,ishares_xcb,evaluated,1075000.0
2023-03-31,CA448810AC58,Hydro One Inc,H,Utilities,senior,7.35,2030-06-03,2030-06-03,2000-06-01,,117.98,4.400325433956814,,ishares_xcb,evaluated,1158000.0
2023-03-31,CA63306AGJ93,National Bank of Canada,NA,Banks,senior_bail_in,1.57,2026-08-18,2026-08-18,2020-07-15,,92.76,3.871604945510443,,ishares_xcb,evaluated,1177000.0
2023-03-31,CA63306AGT75,National Bank of Canada,NA,Banks,senior_bail_in,1.53,2026-06-15,2026-06-15,2021-06-15,,90.85,4.631184282588451,,ishares_xcb,evaluated,2865000.0
2023-03-31,CA63306AHB58,National Bank of Canada,NA,Banks,senior_bail_in,2.24,2026-11-04,2026-11-04,2021-11-04,,92.11,4.65101703721843,,ishares_xcb,evaluated,3388000.0
2023-03-31,CA63306AHK57,National Bank of Canada,NA,Banks,senior_bail_in,5.3,2025-11-03,2025-11-03,2022-11-03,,101.29,4.770296941287518,,ishares_xcb,evaluated,3500000.0
2023-03-31,CA70632ZAF86,Pembina Pipeline,PPL,Pipelines,senior,4.24,2027-06-15,2027-06-15,2015-06-16,,98.02,4.764032575375392,,ishares_xcb,evaluated,2054000.0
2023-03-31,CA70632ZAG69,Pembina Pipeline,PPL,Pipelines,senior,3.71,2026-08-11,2026-08-11,2016-08-11,,96.65,4.799169107129625,,ishares_xcb,evaluated,1979000.0
2023-03-31,CA70632ZAK71,Pembina Pipeline,PPL,Pipelines,senior,4.02,2028-03-27,2028-03-27,2018-03-26,,96.58,4.798776483336422,,ishares_xcb,evaluated,2337000.0
2023-03-31,CA70632ZAM38,Pembina Pipeline,PPL,Pipelines,senior,3.62,2029-04-03,2029-04-03,2019-04-03,,93.75,4.831834182873756,,ishares_xcb,evaluated,2383000.0
2023-03-31,CA70632ZAQ42,Pembina Pipeline,PPL,Pipelines,senior,3.31,2030-02-01,2030-02-01,2019-09-12,,90.81,4.907994606773058,,ishares_xcb,evaluated,1835000.0
2023-03-31,CA70632ZAS08,Pembina Pipeline,PPL,Pipelines,senior,3.53,2031-12-10,2031-12-10,2021-12-10,,89.27,5.071024024255053,,ishares_xcb,evaluated,1581000.0
2023-03-31,CA775109BJ98,Rogers Communications,RCI,Telecom,senior,3.25,2029-05-01,2029-05-01,2019-04-30,,91.61,4.860760576578441,,ishares_xcb,evaluated,3429000.0
2023-03-31,CA775109BK61,Rogers Communications,RCI,Telecom,senior,3.65,2027-03-31,2027-03-31,2020-03-31,,95.87,4.7970205035552675,,ishares_xcb,evaluated,5170000.0
2023-03-31,CA775109BT70,Rogers Communications,RCI,Telecom,senior,3.75,2029-04-15,2029-04-15,2022-03-11,,94.37,4.836424323632723,,ishares_xcb,evaluated,3361000.0
2023-03-31,CA775109BU44,Rogers Communications,RCI,Telecom,senior,3.1,2025-04-15,2025-04-15,2022-03-11,,96.66,4.8394323488045465,,ishares_xcb,evaluated,4313000.0
2023-03-31,CA775109BV27,Rogers Communications,RCI,Telecom,senior,4.25,2032-04-15,2032-04-15,2022-03-11,,94.05,5.079376279723757,,ishares_xcb,evaluated,3627000.0
2023-03-31,CA780086RQ98,Royal Bank of Canada,RY,Banks,senior_bail_in,2.33,2027-01-28,2027-01-28,2020-01-28,,92.09,4.60726138953583,,ishares_xcb,evaluated,7936000.0
2023-03-31,CA780086RZ97,Royal Bank of Canada,RY,Banks,senior_bail_in,1.94,2025-05-01,2025-05-01,2020-05-01,,94.47,4.75917440609848,,ishares_xcb,evaluated,4400000.0
2023-03-31,CA780086TM66,Royal Bank of Canada,RY,Banks,senior_bail_in,1.59,2026-05-04,2026-05-04,2021-05-04,,91.38,4.612983705392584,,ishares_xcb,evaluated,4703000.0
2023-03-31,CA780086TY05,Royal Bank of Canada,RY,Banks,senior_bail_in,1.83,2028-07-31,2028-07-31,2021-07-29,,87.27,4.542960774608998,,ishares_xcb,evaluated,3455000.0
2023-03-31,CA780086UT90,Royal Bank of Canada,RY,Banks,senior_bail_in,3.37,2025-09-29,2025-09-29,2022-03-28,,96.88,4.7101345645367445,,ishares_xcb,evaluated,9588000.0
2023-03-31,CA780086VK72,Royal Bank of Canada,RY,Banks,senior_bail_in,4.61,2027-07-26,2027-07-26,2022-07-25,,99.98,4.615335455439755,,ishares_xcb,evaluated,7847000.0
2023-03-31,CA780086VV38,Royal Bank of Canada,RY,Banks,senior_bail_in,5.24,2026-11-02,2026-11-02,2022-10-28,,102.02,4.626663633723034,,ishares_xcb,evaluated,6204000.0
2023-03-31,CA780086WE04,Royal Bank of Canada,RY,Banks,senior_bail_in,4.11,2025-12-22,2025-12-22,2022-12-22,,99.63,4.2541842271550845,,ishares_xcb,evaluated,3400000.0
2023-03-31,CA780086WG51,Royal Bank of Canada,RY,Banks,senior_bail_in,4.64,2028-01-17,2028-01-17,2023-01-17,,100.0,4.6403035761578835,,ishares_xcb,evaluated,5925000.0
2023-03-31,CA87971MBC60,TELUS,TU,Telecom,senior,3.75,2026-03-10,2026-03-10,2015-12-08,,97.52,4.6601203545408145,,ishares_xcb,evaluated,1817000.0
2023-03-31,CA87971MBG74,TELUS,TU,Telecom,senior,3.63,2028-03-01,2028-03-01,2018-03-01,,95.7,4.616054043106644,,ishares_xcb,evaluated,2045000.0
2023-03-31,CA87971MBJ14,TELUS,TU,Telecom,senior,3.3,2029-05-02,2029-05-02,2019-04-03,,93.09,4.616472457357011,,ishares_xcb,evaluated,3259000.0
2023-03-31,CA87971MBL69,TELUS,TU,Telecom,senior,2.75,2026-07-08,2026-07-08,2019-07-02,,94.5,4.578774785382624,,ishares_xcb,evaluated,3160000.0
2023-03-31,CA87971MBN26,TELUS,TU,Telecom,senior,3.15,2030-02-19,2030-02-19,2019-12-16,,90.86,4.719406091345812,,ishares_xcb,evaluated,2267000.0
2023-03-31,CA87971MBQ56,TELUS,TU,Telecom,senior,2.35,2028-01-27,2028-01-27,2020-05-29,,90.43,4.583021344187136,,ishares_xcb,evaluated,2084000.0
2023-03-31,CA87971MBS13,TELUS,TU,Telecom,senior,2.05,2030-10-07,2030-10-07,2020-10-05,,83.01,4.76537370507122,,ishares_xcb,evaluated,1704000.0
2023-03-31,CA87971MBV42,TELUS,TU,Telecom,senior,2.85,2031-11-13,2031-11-13,2021-06-28,,86.06,4.8489257748649495,,ishares_xcb,evaluated,2740000.0
2023-03-31,CA87971MBX08,TELUS,TU,Telecom,senior,5.25,2032-11-15,2032-11-15,2022-09-13,,102.24,4.955880787024884,,ishares_xcb,evaluated,3826000.0
2023-03-31,CA87971MBZ55,TELUS,TU,Telecom,senior,5.0,2029-09-13,2029-09-13,2022-09-13,,101.86,4.662003432082798,,ishares_xcb,evaluated,1334000.0
2023-03-31,CA87971MCA95,TELUS,TU,Telecom,senior,4.95,2033-03-28,2033-03-28,2023-03-28,,99.5,5.014124913434098,,ishares_xcb,evaluated,1250000.0
2023-03-31,CA89117F3M90,Toronto-Dominion Bank,TD,Banks,senior_bail_in,2.67,2025-09-09,2025-09-09,2022-03-09,,95.27,4.744297783777586,,ishares_xcb,evaluated,12569000.0
2023-03-31,CA89117F7G86,Toronto-Dominion Bank,TD,Banks,senior_bail_in,4.21,2027-06-01,2027-06-01,2022-06-01,,98.46,4.619798195719835,,ishares_xcb,evaluated,9090000.0
2023-03-31,CA89117F7H69,Toronto-Dominion Bank,TD,Banks,senior_bail_in,5.38,2027-10-21,2027-10-21,2022-10-21,,102.97,4.650168534126166,,ishares_xcb,evaluated,7460000.0
2023-03-31,CA89117F8V45,Toronto-Dominion Bank,TD,Banks,senior_bail_in,4.34,2026-01-27,2026-01-27,2022-07-27,,99.1,4.683923889837774,,ishares_xcb,evaluated,5017000.0
2023-03-31,CA89117FA338,Toronto-Dominion Bank,TD,Banks,senior_bail_in,1.89,2028-03-08,2028-03-08,2021-03-08,,88.19,4.589898582974438,,ishares_xcb,evaluated,4675000.0
2023-03-31,CA89117FJ347,Toronto-Dominion Bank,TD,Banks,senior_bail_in,1.9,2028-09-11,2028-09-11,2021-09-10,,87.32,4.555070179991865,,ishares_xcb,evaluated,4640000.0
2023-03-31,CA89117FYZ66,Toronto-Dominion Bank,TD,Banks,senior_bail_in,1.13,2025-12-09,2025-12-09,2020-12-09,,91.06,4.703876699291765,,ishares_xcb,evaluated,6160000.0
2023-03-31,CA89117FZ442,Toronto-Dominion Bank,TD,Banks,senior_bail_in,2.26,2027-01-07,2027-01-07,2022-01-07,,91.94,4.613651565231833,,ishares_xcb,evaluated,5632000.0
2023-03-31,CA89117GRJ80,Toronto-Dominion Bank,TD,Banks,senior_bail_in,4.68,2029-01-08,2029-01-08,2022-12-07,,100.45,4.590811674630708,,ishares_xcb,evaluated,8432000.0
2023-03-31,CA89117GTQ06,Toronto-Dominion Bank,TD,Banks,senior_bail_in,4.48,2028-01-18,2028-01-18,2023-01-18,,99.3,4.644613641723477,,ishares_xcb,evaluated,6756000.0
2023-03-31,CA89353ZAP32,TransCanada PipeLines,TRP,Pipelines,senior,8.29,2026-02-05,2026-02-05,1996-02-05,,107.99,5.236067278832734,,ishares_xcb,evaluated,944000.0
2023-03-31,CA89353ZBA53,TransCanada PipeLines,TRP,Pipelines,senior,6.89,2028-08-07,2028-08-07,1997-07-30,,108.59,5.039965325489309,,ishares_xcb,evaluated,712000.0
2023-03-31,CA89353ZBE75,TransCanada PipeLines,TRP,Pipelines,senior,6.28,2028-05-26,2028-05-26,1998-05-26,,105.81,4.98990415892219,,ishares_xcb,evaluated,803000.0
2023-03-31,CA89353ZBK36,TransCanada PipeLines,TRP,Pipelines,senior,6.5,2030-12-09,2030-12-09,1998-12-07,,106.18,5.502954481170756,,ishares_xcb,evaluated,775000.0
2023-03-31,CA89353ZBY30,TransCanada PipeLines,TRP,Pipelines,senior,3.3,2025-07-17,2025-07-17,2015-07-17,,96.83,4.773034818524162,,ishares_xcb,evaluated,3003000.0
2023-03-31,CA89353ZCA45,TransCanada PipeLines,TRP,Pipelines,senior,3.39,2028-03-15,2028-03-15,2017-09-15,,94.02,4.757931106317078,,ishares_xcb,evaluated,2004000.0
2023-03-31,CA89353ZCE66,TransCanada PipeLines,TRP,Pipelines,senior,3.0,2029-09-18,2029-09-18,2019-09-18,,90.17,4.785495835240957,,ishares_xcb,evaluated,2683000.0
2023-03-31,CA89353ZCF32,TransCanada PipeLines,TRP,Pipelines,senior,3.8,2027-04-05,2027-04-05,2020-04-03,,96.62,4.73581415161205,,ishares_xcb,evaluated,6842000.0
2023-03-31,CA89353ZCH97,TransCanada PipeLines,TRP,Pipelines,senior,2.97,2031-06-09,2031-06-09,2021-06-09,,86.74,4.959019980672313,,ishares_xcb,evaluated,2333000.0
2023-03-31,CA89353ZCJ53,TransCanada PipeLines,TRP,Pipelines,senior,4.35,2026-05-12,2026-05-12,2022-05-12,,99.15,4.649402315228075,,ishares_xcb,evaluated,1949000.0
2023-03-31,CA89353ZCK27,TransCanada PipeLines,TRP,Pipelines,senior,5.33,2032-05-12,2032-05-12,2022-05-12,,101.7,5.096033321135914,,ishares_xcb,evaluated,2618000.0
2023-03-31,CA89353ZCN65,TransCanada PipeLines,TRP,Pipelines,senior,5.28,2030-07-15,2030-07-15,2023-03-10,,102.34,4.8948034544998364,,ishares_xcb,evaluated,4250000.0
2023-04-28,CA06368D3U60,Bank of Montreal,BMO,Banks,senior_bail_in,4.31,2027-06-01,2027-06-01,2022-06-01,,99.35,4.485900232162295,,ishares_xcb,evaluated,8502000.0
2023-04-28,CA06368DPC25,Bank of Montreal,BMO,Banks,senior_bail_in,1.76,2026-03-10,2026-03-10,2021-03-10,,92.7,4.501246414287675,,ishares_xcb,evaluated,2235000.0
2023-04-28,CA06368DTH75,Bank of Montreal,BMO,Banks,senior_bail_in,1.55,2026-05-28,2026-05-28,2021-05-28,,91.61,4.496341620710896,,ishares_xcb,evaluated,4332000.0
2023-04-28,CA06368DW260,Bank of Montreal,BMO,Banks,senior_bail_in,3.65,2027-04-01,2027-04-01,2022-04-01,,97.02,4.485328182216782,,ishares_xcb,evaluated,6479000.0
2023-04-28,CA06368LEY89,Bank of Montreal,BMO,Banks,senior_bail_in,4.71,2027-12-07,2027-12-07,2022-12-07,,100.85,4.503877514132982,,ishares_xcb,evaluated,9173000.0
2023-04-28,CA06415E4E25,Bank of Nova Scotia,BNS,Banks,senior_bail_in,1.4,2027-11-01,2027-11-01,2020-10-15,,87.68,4.447393569369128,,ishares_xcb,evaluated,6027000.0
2023-04-28,CA06415FFT45,Bank of Nova Scotia,BNS,Banks,senior_bail_in,1.85,2026-11-02,2026-11-02,2021-10-08,,91.62,4.457055857397169,,ishares_xcb,evaluated,7480000.0
2023-04-28,CA06415GDE76,Bank of Nova Scotia,BNS,Banks,senior_bail_in,2.95,2027-03-08,2027-03-08,2022-03-07,,94.67,4.46620009531072,,ishares_xcb,evaluated,13109000.0
2023-04-28,CA06415GH297,Bank of Nova Scotia,BNS,Banks,senior_bail_in,5.5,2026-05-08,2026-05-08,2022-11-09,,102.66,4.556524677758785,,ishares_xcb,evaluated,4898000.0
2023-04-28,CA07813ZAC82,Bell Canada,BCE,Telecom,senior,6.55,2029-05-01,2029-05-01,1999-07-19,,109.38,4.7425285332245455,,ishares_xcb,evaluated,537000.0
2023-04-28,CA07813ZAL81,Bell Canada,BCE,Telecom,senior,7.85,2031-04-02,2031-04-02,2001-04-02,,118.73,4.962664894197833,,ishares_xcb,evaluated,730000.0
2023-04-28,CA07813ZAP95,Bell Canada,BCE,Telecom,senior,7.3,2032-02-23,2032-02-23,2002-02-22,,116.1,5.019106581705885,,ishares_xcb,evaluated,1911000.0
2023-04-28,CA07813ZAT18,Bell Canada,BCE,Telecom,senior,6.1,2035-03-16,2035-03-16,2004-03-16,,108.77,5.105084036962947,,ishares_xcb,evaluated,896000.0
2023-04-28,CA07813ZBT09,Bell Canada,BCE,Telecom,senior,3.55,2026-03-02,2026-03-02,2016-02-29,,97.41,4.527153192570047,,ishares_xcb,evaluated,2827000.0
2023-04-28,CA07813ZBV54,Bell Canada,BCE,Telecom,senior,2.9,2026-08-12,2026-08-12,2016-08-12,,95.44,4.403177948138089,,ishares_xcb,evaluated,2318000.0
2023-04-28,CA07813ZCC64,Bell Canada,BCE,Telecom,senior,2.9,2029-09-10,2029-09-10,2019-09-10,,91.67,4.413932207774475,,ishares_xcb,evaluated,2111000.0
2023-04-28,CA07813ZCE21,Bell Canada,BCE,Telecom,senior,2.5,2030-05-14,2030-05-14,2020-05-14,,88.0,4.508697389639182,,ishares_xcb,evaluated,3702000.0
2023-04-28,CA07813ZCF95,Bell Canada,BCE,Telecom,senior,1.65,2027-08-16,2027-08-16,2020-08-14,,89.56,4.335326719117404,,ishares_xcb,evaluated,2571000.0
2023-04-28,CA07813ZCG78,Bell Canada,BCE,Telecom,senior,3.0,2031-03-17,2031-03-17,2021-03-17,,89.58,4.588873041902279,,ishares_xcb,evaluated,3289000.0
2023-04-28,CA07813ZCJ18,Bell Canada,BCE,Telecom,senior,2.2,2028-05-29,2028-05-29,2021-05-28,,90.38,4.329069506305351,,ishares_xcb,evaluated,2151000.0
2023-04-28,CA07813ZCK80,Bell Canada,BCE,Telecom,senior,5.85,2032-11-10,2032-11-10,2022-11-10,,108.46,4.739421828478508,,ishares_xcb,evaluated,3450000.0
2023-04-28,CA07813ZCL63,Bell Canada,BCE,Telecom,senior,4.55,2030-02-09,2030-02-09,2023-02-09,,100.51,4.462376046650338,,ishares_xcb,evaluated,3220000.0
2023-04-28,CA11291ZAE75,Brookfield Infrastructure Finance,BIP,Utilities,senior,4.19,2028-09-11,2028-09-11,2018-09-10,,97.35,4.753018600713646,,ishares_xcb,evaluated,1616000.0
2023-04-28,CA11291ZAF41,Brookfield Infrastructure Finance,BIP,Utilities,senior,3.41,2029-10-09,2029-10-09,2019-10-03,,92.27,4.81850736837016,,ishares_xcb,evaluated,3011000.0
2023-04-28,CA11291ZAG24,Brookfield Infrastructure Finance,BIP,Utilities,senior,2.86,2032-09-01,2032-09-01,2020-09-01,,83.73,5.066630986589738,,ishares_xcb,evaluated,1805000.0
2023-04-28,CA11291ZAH07,Brookfield Infrastructure Finance,BIP,Utilities,senior,5.44,2034-04-25,2034-04-25,2022-04-25,,101.82,5.220222903638734,,ishares_xcb,evaluated,1540000.0
2023-04-28,CA11291ZAK36,Brookfield Infrastructure Finance,BIP,Utilities,senior,5.62,2027-11-14,2027-11-14,2022-11-14,,103.21,4.8293443774754685,,ishares_xcb,evaluated,1650000.0
2023-04-28,CA11291ZAL19,Brookfield Infrastructure Finance,BIP,Utilities,senior,5.98,2033-02-14,2033-02-14,2022-11-14,,106.65,5.108980391034257,,ishares_xcb,evaluated,904000.0
2023-04-28,CA13596Z3Y90,Canadian Imperial Bank of Commerce,CM,Banks,senior_legacy,3.3,2025-05-26,2025-05-26,2018-05-25,,97.87,4.388635497094409,,ishares_xcb,evaluated,6150000.0
2023-04-28,CA13607GRU09,Canadian Imperial Bank of Commerce,CM,Banks,senior_bail_in,1.1,2026-01-19,2026-01-19,2021-01-19,,91.18,4.578195879527985,,ishares_xcb,evaluated,4597000.0
2023-04-28,CA13607H5C22,Canadian Imperial Bank of Commerce,CM,Banks,senior_bail_in,5.05,2027-10-07,2027-10-07,2022-10-07,,101.95,4.5592271904885395,,ishares_xcb,evaluated,6155000.0
2023-04-28,CA13607HC349,Canadian Imperial Bank of Commerce,CM,Banks,senior_bail_in,2.25,2027-01-07,2027-01-07,2022-01-07,,92.39,4.510741701217829,,ishares_xcb,evaluated,5556000.0
2023-04-28,CA13607HV661,Canadian Imperial Bank of Commerce,CM,Banks,senior_bail_in,4.95,2027-06-29,2027-06-29,2022-06-29,,101.49,4.553203091062645,,ishares_xcb,evaluated,6479000.0
2023-04-28,CA13607HVV19,Canadian Imperial Bank of Commerce,CM,Banks,senior_bail_in,1.7,2026-07-15,2026-07-15,2021-07-15,,91.64,4.523386275447122,,ishares_xcb,evaluated,3607000.0
2023-04-28,CA29251ZAD92,Enbridge Inc,ENB,Pipelines,senior,7.22,2030-07-24,2030-07-24,2000-07-24,,111.1,5.351220065270225,,ishares_xcb,evaluated,806000.0
2023-04-28,CA29251ZAK36,Enbridge Inc,ENB,Pipelines,senior,7.2,2032-06-18,2032-06-18,2001-06-18,,112.28,5.4741328661401765,,ishares_xcb,evaluated,930000.0
2023-04-28,CA29251ZBK27,Enbridge Inc,ENB,Pipelines,senior,3.2,2027-06-08,2027-06-08,2017-06-08,,95.28,4.469206651579451,,ishares_xcb,evaluated,5122000.0
2023-04-28,CA29251ZBS52,Enbridge Inc,ENB,Pipelines,senior,2.99,2029-10-03,2029-10-03,2019-10-03,,91.45,4.537199172172966,,ishares_xcb,evaluated,3237000.0
2023-04-28,CA29251ZBT36,Enbridge Inc,ENB,Pipelines,senior,2.44,2025-06-02,2025-06-02,2020-05-12,,95.63,4.652476904771176,,ishares_xcb,evaluated,1878000.0
2023-04-28,CA29251ZBU09,Enbridge Inc,ENB,Pipelines,senior,3.1,2033-09-21,2033-09-21,2021-09-21,,85.42,4.906378023865219,,ishares_xcb,evaluated,4482000.0
2023-04-28,CA29251ZBW64,Enbridge Inc,ENB,Pipelines,senior,6.1,2032-11-09,2032-11-09,2022-11-09,,108.96,4.914119605423913,,ishares_xcb,evaluated,2895000.0
2023-04-28,CA29251ZBY21,Enbridge Inc,ENB,Pipelines,senior,5.7,2027-11-09,2027-11-09,2022-11-09,,104.64,4.559764340590723,,ishares_xcb,evaluated,1496000.0
2023-04-28,CA349553AP21,Fortis Inc,FTS,Utilities,senior,2.18,2028-05-15,2028-05-15,2021-05-14,,90.89,4.20371226589746,,ishares_xcb,evaluated,1878000.0
2023-04-28,CA349553AQ04,Fortis Inc,FTS,Utilities,senior,4.43,2029-05-31,2029-05-31,2022-05-31,,100.51,4.334099433375814,,ishares_xcb,evaluated,1923000.0
2023-04-28,CA44810ZAB63,Hydro One Inc,H,Utilities,senior,6.93,2032-06-01,2032-06-01,2001-06-22,,119.2,4.351084995522965,,ishares_xcb,evaluated,1596000.0
2023-04-28,CA44810ZAD20,Hydro One Inc,H,Utilities,senior,6.35,2034-01-31,2034-01-31,2003-01-31,,116.15,4.4456667014484745,,ishares_xcb,evaluated,1224000.0
2023-04-28,CA44810ZBR07,Hydro One Inc,H,Utilities,senior,2.77,2026-02-24,2026-02-24,2016-02-24,,96.37,4.144741968496208,,ishares_xcb,evaluated,1728000.0
2023-04-28,CA44810ZBW91,Hydro One Inc,H,Utilities,senior,2.97,2025-06-26,2025-06-26,2018-06-26,,97.34,4.270708454670531,,ishares_xcb,evaluated,1288000.0
2023-04-28,CA44810ZBZ23,Hydro One Inc,H,Utilities,senior,3.02,2029-04-05,2029-04-05,2019-04-05,,95.5,3.8753616627713585,,ishares_xcb,evaluated,2398000.0
2023-04-28,CA44810ZCC29,Hydro One Inc,H,Utilities,senior,2.16,2030-02-28,2030-02-28,2020-02-28,,89.46,3.933290189511359,,ishares_xcb,evaluated,1491000.0
2023-04-28,CA44810ZCF59,Hydro One Inc,H,Utilities,senior,1.69,2031-01-16,2031-01-16,2020-10-09,,84.86,3.9886218844368764,,ishares_xcb,evaluated,1575000.0
2023-04-28,CA44810ZCG33,Hydro One Inc,H,Utilities,senior,2.23,2031-09-17,2031-09-17,2021-09-17,,87.28,4.0322356260608165,,ishares_xcb,evaluated,2148000.0
2023-04-28,CA44810ZCJ71,Hydro One Inc,H,Utilities,senior,4.91,2028-01-27,2028-01-27,2022-10-27,,103.88,4.005566793513013,,ishares_xcb,evaluated,2359000.0
2023-04-28,CA44810ZCK45,Hydro One Inc,H,Utilities,senior,3.93,2029-11-30,2029-11-30,2023-01-27,,100.22,3.8936476777006477,,ishares_xcb,evaluated,1122000.0
2023-04-28,CA44810ZCL28,Hydro One Inc,H,Utilities,senior,4.16,2033-01-27,2033-01-27,2023-01-27,,100.27,4.126492285796273,,ishares_xcb,evaluated,1075000.0
2023-04-28,CA448810AC58,Hydro One Inc,H,Utilities,senior,7.35,2030-06-03,2030-06-03,2000-06-01,,118.64,4.27793013028733,,ishares_xcb,evaluated,1243000.0
2023-04-28,CA63306AGJ93,National Bank of Canada,NA,Banks,senior_bail_in,1.57,2026-08-18,2026-08-18,2020-07-15,,93.15,3.79223746120256,,ishares_xcb,evaluated,1177000.0
2023-04-28,CA63306AGT75,National Bank of Canada,NA,Banks,senior_bail_in,1.53,2026-06-15,2026-06-15,2021-06-15,,91.4,4.504952803694836,,ishares_xcb,evaluated,2785000.0
2023-04-28,CA63306AHB58,National Bank of Canada,NA,Banks,senior_bail_in,2.24,2026-11-04,2026-11-04,2021-11-04,,92.69,4.514042441500149,,ishares_xcb,evaluated,3388000.0
2023-04-28,CA63306AHK57,National Bank of Canada,NA,Banks,senior_bail_in,5.3,2025-11-03,2025-11-03,2022-11-03,,101.52,4.660890981123425,,ishares_xcb,evaluated,3574000.0
2023-04-28,CA70632ZAF86,Pembina Pipeline,PPL,Pipelines,senior,4.24,2027-06-15,2027-06-15,2015-06-16,,98.51,4.640319122596235,,ishares_xcb,evaluated,2124000.0
2023-04-28,CA70632ZAG69,Pembina Pipeline,PPL,Pipelines,senior,3.71,2026-08-11,2026-08-11,2016-08-11,,97.27,4.6142833556111915,,ishares_xcb,evaluated,1979000.0
2023-04-28,CA70632ZAK71,Pembina Pipeline,PPL,Pipelines,senior,4.02,2028-03-27,2028-03-27,2018-03-26,,97.17,4.669864564783561,,ishares_xcb,evaluated,2495000.0
2023-04-28,CA70632ZAM38,Pembina Pipeline,PPL,Pipelines,senior,3.62,2029-04-03,2029-04-03,2019-04-03,,94.74,4.644086183898262,,ishares_xcb,evaluated,2383000.0
2023-04-28,CA70632ZAQ42,Pembina Pipeline,PPL,Pipelines,senior,3.31,2030-02-01,2030-02-01,2019-09-12,,91.83,4.736351255058026,,ishares_xcb,evaluated,1835000.0
2023-04-28,CA70632ZAS08,Pembina Pipeline,PPL,Pipelines,senior,3.53,2031-12-10,2031-12-10,2021-12-10,,90.49,4.895839383481869,,ishares_xcb,evaluated,1581000.0
2023-04-28,CA775109BJ98,Rogers Communications,RCI,Telecom,senior,3.25,2029-05-01,2029-05-01,2019-04-30,,92.45,4.709888068087697,,ishares_xcb,evaluated,3459000.0
2023-04-28,CA775109BK61,Rogers Communications,RCI,Telecom,senior,3.65,2027-03-31,2027-03-31,2020-03-31,,96.17,4.7300216196521045,,ishares_xcb,evaluated,5337000.0
2023-04-28,CA775109BT70,Rogers Communications,RCI,Telecom,senior,3.75,2029-04-15,2029-04-15,2022-03-11,,94.99,4.723304492729223,,ishares_xcb,evaluated,3361000.0
2023-04-28,CA775109BV27,Rogers Communications,RCI,Telecom,senior,4.25,2032-04-15,2032-04-15,2022-03-11,,94.59,5.006101400499172,,ishares_xcb,evaluated,3527000.0
2023-04-28,CA775109CM19,Rogers Communications,RCI,Telecom,senior,3.8,2027-03-01,2027-03-01,2023-04-03,,96.74,4.735134218946018,,ishares_xcb,evaluated,1455000.0
2023-04-28,CA775109CP40,Rogers Communications,RCI,Telecom,senior,4.4,2028-11-02,2028-11-02,2023-04-03,,98.37,4.74314954955909,,ishares_xcb,evaluated,1608000.0
2023-04-28,CA775109CQ23,Rogers Communications,RCI,Telecom,senior,3.3,2029-12-10,2029-12-10,2023-04-03,,91.74,4.770134309873914,,ishares_xcb,evaluated,1784000.0
2023-04-28,CA775109CS88,Rogers Communications,RCI,Telecom,senior,2.9,2030-12-09,2030-12-09,2023-04-03,,87.42,4.899100519287279,,ishares_xcb,evaluated,1771000.0
2023-04-28,CA780086RQ98,Royal Bank of Canada,RY,Banks,senior_bail_in,2.33,2027-01-28,2027-01-28,2020-01-28,,92.68,4.471651041878299,,ishares_xcb,evaluated,7936000.0
2023-04-28,CA780086RZ97,Royal Bank of Canada,RY,Banks,senior_bail_in,1.94,2025-05-01,2025-05-01,2020-05-01,,94.86,4.6545654489405575,,ishares_xcb,evaluated,4400000.0
2023-04-28,CA780086TM66,Royal Bank of Canada,RY,Banks,senior_bail_in,1.59,2026-05-04,2026-05-04,2021-05-04,,91.88,4.500960032042739,,ishares_xcb,evaluated,4553000.0
2023-04-28,CA780086TY05,Royal Bank of Canada,RY,Banks,senior_bail_in,1.83,2028-07-31,2028-07-31,2021-07-29,,88.26,4.3515939169224245,,ishares_xcb,evaluated,3455000.0
2023-04-28,CA780086UT90,Royal Bank of Canada,RY,Banks,senior_bail_in,3.37,2025-09-29,2025-09-29,2022-03-28,,97.16,4.622504181864422,,ishares_xcb,evaluated,10027000.0
2023-04-28,CA780086VK72,Royal Bank of Canada,RY,Banks,senior_bail_in,4.61,2027-07-26,2027-07-26,2022-07-25,,100.54,4.469807594906629,,ishares_xcb,evaluated,7247000.0
2023-04-28,CA780086VV38,Royal Bank of Canada,RY,Banks,senior_bail_in,5.24,2026-11-02,2026-11-02,2022-10-28,,102.42,4.493601072704973,,ishares_xcb,evaluated,6248000.0
2023-04-28,CA780086WE04,Royal Bank of Canada,RY,Banks,senior_bail_in,4.11,2025-12-22,2025-12-22,2022-12-22,,99.83,4.178183957604107,,ishares_xcb,evaluated,3500000.0
2023-04-28,CA780086WG51,Royal Bank of Canada,RY,Banks,senior_bail_in,4.64,2028-01-17,2028-01-17,2023-01-17,,100.76,4.4607161892058915,,ishares_xcb,evaluated,6425000.0
2023-04-28,CA780086XL38,Royal Bank of Canada,RY,Banks,senior_bail_in,4.63,2028-05-01,2028-05-01,2023-04-20,,101.06,4.396000265757371,,ishares_xcb,evaluated,6425000.0
2023-04-28,CA87971MBC60,TELUS,TU,Telecom,senior,3.75,2026-03-10,2026-03-10,2015-12-08,,97.77,4.585878418253148,,ishares_xcb,evaluated,1878000.0
2023-04-28,CA87971MBG74,TELUS,TU,Telecom,senior,3.63,2028-03-01,2028-03-01,2018-03-01,,96.4,4.462796256653643,,ishares_xcb,evaluated,2045000.0
2023-04-28,CA87971MBJ14,TELUS,TU,Telecom,senior,3.3,2029-05-02,2029-05-02,2019-04-03,,94.07,4.437224272823308,,ishares_xcb,evaluated,3259000.0
2023-04-28,CA87971MBL69,TELUS,TU,Telecom,senior,2.75,2026-07-08,2026-07-08,2019-07-02,,95.12,4.404681704189282,,ishares_xcb,evaluated,3160000.0
2023-04-28,CA87971MBN26,TELUS,TU,Telecom,senior,3.15,2030-02-19,2030-02-19,2019-12-16,,91.92,4.5425206585845,,ishares_xcb,evaluated,2267000.0
2023-04-28,CA87971MBQ56,TELUS,TU,Telecom,senior,2.35,2028-01-27,2028-01-27,2020-05-29,,91.17,4.432905059597638,,ishares_xcb,evaluated,2134000.0
2023-04-28,CA87971MBS13,TELUS,TU,Telecom,senior,2.05,2030-10-07,2030-10-07,2020-10-05,,84.22,4.575355907547496,,ishares_xcb,evaluated,1704000.0
2023-04-28,CA87971MBV42,TELUS,TU,Telecom,senior,2.85,2031-11-13,2031-11-13,2021-06-28,,87.11,4.701118917079739,,ishares_xcb,evaluated,2740000.0
2023-04-28,CA87971MBX08,TELUS,TU,Telecom,senior,5.25,2032-11-15,2032-11-15,2022-09-13,,103.45,4.797558045453987,,ishares_xcb,evaluated,3826000.0
2023-04-28,CA87971MBZ55,TELUS,TU,Telecom,senior,5.0,2029-09-13,2029-09-13,2022-09-13,,102.71,4.50432906863049,,ishares_xcb,evaluated,1334000.0
2023-04-28,CA87971MCA95,TELUS,TU,Telecom,senior,4.95,2033-03-28,2033-03-28,2023-03-28,,100.97,4.8247966870366605,,ishares_xcb,evaluated,1763000.0
2023-04-28,CA89117F3M90,Toronto-Dominion Bank,TD,Banks,senior_bail_in,2.67,2025-09-09,2025-09-09,2022-03-09,,95.66,4.626416674912229,,ishares_xcb,evaluated,12319000.0
2023-04-28,CA89117F7G86,Toronto-Dominion Bank,TD,Banks,senior_bail_in,4.21,2027-06-01,2027-06-01,2022-06-01,,99.02,4.474975805428131,,ishares_xcb,evaluated,9635000.0
2023-04-28,CA89117F7H69,Toronto-Dominion Bank,TD,Banks,senior_bail_in,5.38,2027-10-21,2027-10-21,2022-10-21,,103.56,4.49363748319387,,ishares_xcb,evaluated,7240000.0
2023-04-28,CA89117F8V45,Toronto-Dominion Bank,TD,Banks,senior_bail_in,4.34,2026-01-27,2026-01-27,2022-07-27,,99.38,4.5837514207566254,,ishares_xcb,evaluated,5231000.0
2023-04-28,CA89117FA338,Toronto-Dominion Bank,TD,Banks,senior_bail_in,1.89,2028-03-08,2028-03-08,2021-03-08,,89.15,4.391952067627298,,ishares_xcb,evaluated,5175000.0
2023-04-28,CA89117FJ347,Toronto-Dominion Bank,TD,Banks,senior_bail_in,1.9,2028-09-11,2028-09-11,2021-09-10,,88.3,4.3671518501110365,,ishares_xcb,evaluated,4640000.0
2023-04-28,CA89117FYZ66,Toronto-Dominion Bank,TD,Banks,senior_bail_in,1.13,2025-12-09,2025-12-09,2020-12-09,,91.58,4.582931155921835,,ishares_xcb,evaluated,6260000.0
2023-04-28,CA89117FZ442,Toronto-Dominion Bank,TD,Banks,senior_bail_in,2.26,2027-01-07,2027-01-07,2022-01-07,,92.53,4.4777086963765385,,ishares_xcb,evaluated,5632000.0
2023-04-28,CA89117GRJ80,Toronto-Dominion Bank,TD,Banks,senior_bail_in,4.68,2029-01-08,2029-01-08,2022-12-07,,101.39,4.402561577642277,,ishares_xcb,evaluated,8432000.0
2023-04-28,CA89117GTQ06,Toronto-Dominion Bank,TD,Banks,senior_bail_in,4.48,2028-01-18,2028-01-18,2023-01-18,,100.05,4.469101768959033,,ishares_xcb,evaluated,6756000.0
2023-04-28,CA89353ZAP32,TransCanada PipeLines,TRP,Pipelines,senior,8.29,2026-02-05,2026-02-05,1996-02-05,,108.15,5.102345486521607,,ishares_xcb,evaluated,944000.0
2023-04-28,CA89353ZBA53,TransCanada PipeLines,TRP,Pipelines,senior,6.89,2028-08-07,2028-08-07,1997-07-30,,109.25,4.881626295709327,,ishares_xcb,evaluated,712000.0
2023-04-28,CA89353ZBE75,TransCanada PipeLines,TRP,Pipelines,senior,6.28,2028-05-26,2028-05-26,1998-05-26,,105.78,4.981318556957704,,ishares_xcb,evaluated,803000.0
2023-04-28,CA89353ZBK36,TransCanada PipeLines,TRP,Pipelines,senior,6.5,2030-12-09,2030-12-09,1998-12-07,,106.97,5.372577403181941,,ishares_xcb,evaluated,775000.0
2023-04-28,CA89353ZBY30,TransCanada PipeLines,TRP,Pipelines,senior,3.3,2025-07-17,2025-07-17,2015-07-17,,97.18,4.652513171346625,,ishares_xcb,evaluated,3188000.0
2023-04-28,CA89353ZCA45,TransCanada PipeLines,TRP,Pipelines,senior,3.39,2028-03-15,2028-03-15,2017-09-15,,94.92,4.56124772341768,,ishares_xcb,evaluated,2189000.0
2023-04-28,CA89353ZCE66,TransCanada PipeLines,TRP,Pipelines,senior,3.0,2029-09-18,2029-09-18,2019-09-18,,91.31,4.583477778790624,,ishares_xcb,evaluated,2683000.0
2023-04-28,CA89353ZCF32,TransCanada PipeLines,TRP,Pipelines,senior,3.8,2027-04-05,2027-04-05,2020-04-03,,97.26,4.5674347216273326,,ishares_xcb,evaluated,7703000.0
2023-04-28,CA89353ZCH97,TransCanada PipeLines,TRP,Pipelines,senior,2.97,2031-06-09,2031-06-09,2021-06-09,,87.79,4.804664515534001,,ishares_xcb,evaluated,2083000.0
2023-04-28,CA89353ZCJ53,TransCanada PipeLines,TRP,Pipelines,senior,4.35,2026-05-12,2026-05-12,2022-05-12,,99.42,4.561821878710445,,ishares_xcb,evaluated,1949000.0
2023-04-28,CA89353ZCK27,TransCanada PipeLines,TRP,Pipelines,senior,5.33,2032-05-12,2032-05-12,2022-05-12,,102.96,4.922802334743846,,ishares_xcb,evaluated,2618000.0
2023-04-28,CA89353ZCN65,TransCanada PipeLines,TRP,Pipelines,senior,5.28,2030-07-15,2030-07-15,2023-03-10,,103.48,4.7063813269259756,,ishares_xcb,evaluated,4250000.0
2023-05-31,CA06368D3U60,Bank of Montreal,BMO,Banks,senior_bail_in,4.31,2027-06-01,2027-06-01,2022-06-01,,97.35,5.0511212936030825,,ishares_xcb,evaluated,8382000.0
2023-05-31,CA06368DPC25,Bank of Montreal,BMO,Banks,senior_bail_in,1.76,2026-03-10,2026-03-10,2021-03-10,,91.67,5.0078961358230245,,ishares_xcb,evaluated,2485000.0
2023-05-31,CA06368DTH75,Bank of Montreal,BMO,Banks,senior_bail_in,1.55,2026-05-28,2026-05-28,2021-05-28,,90.5,5.008570410921114,,ishares_xcb,evaluated,3997000.0
2023-05-31,CA06368DW260,Bank of Montreal,BMO,Banks,senior_bail_in,3.65,2027-04-01,2027-04-01,2022-04-01,,95.21,5.0368777650373,,ishares_xcb,evaluated,6479000.0
2023-05-31,CA06368LEY89,Bank of Montreal,BMO,Banks,senior_bail_in,4.71,2027-12-07,2027-12-07,2022-12-07,,98.7,5.036509443155399,,ishares_xcb,evaluated,8373000.0
2023-05-31,CA06368LNK84,Bank of Montreal,BMO,Banks,senior_bail_in,5.04,2028-05-29,2028-05-29,2023-05-29,,100.23,4.987280349787287,,ishares_xcb,evaluated,6075000.0
2023-05-31,CA06415E4E25,Bank of Nova Scotia,BNS,Banks,senior_bail_in,1.4,2027-11-01,2027-11-01,2020-10-15,,86.04,4.956326086237095,,ishares_xcb,evaluated,5527000.0
2023-05-31,CA06415FFT45,Bank of Nova Scotia,BNS,Banks,senior_bail_in,1.85,2026-11-02,2026-11-02,2021-10-08,,90.22,4.994418661792077,,ishares_xcb,evaluated,7480000.0
2023-05-31,CA06415GDE76,Bank of Nova Scotia,BNS,Banks,senior_bail_in,2.95,2027-03-08,2027-03-08,2022-03-07,,92.94,5.025188979163935,,ishares_xcb,evaluated,12559000.0
2023-05-31,CA06415GH297,Bank of Nova Scotia,BNS,Banks,senior_bail_in,5.5,2026-05-08,2026-05-08,2022-11-09,,101.14,5.074934950412665,,ishares_xcb,evaluated,4748000.0
2023-05-31,CA07813ZAC82,Bell Canada,BCE,Telecom,senior,6.55,2029-05-01,2029-05-01,1999-07-19,,106.99,5.162300430339426,,ishares_xcb,evaluated,537000.0
2023-05-31,CA07813ZAL81,Bell Canada,BCE,Telecom,senior,7.85,2031-04-02,2031-04-02,2001-04-02,,115.82,5.3503066417779115,,ishares_xcb,evaluated,730000.0
2023-05-31,CA07813ZAP95,Bell Canada,BCE,Telecom,senior,7.3,2032-02-23,2032-02-23,2002-02-22,,113.6,5.332184985242253,,ishares_xcb,evaluated,2191000.0
2023-05-31,CA07813ZAT18,Bell Canada,BCE,Telecom,senior,6.1,2035-03-16,2035-03-16,2004-03-16,,107.1,5.281188695382117,,ishares_xcb,evaluated,896000.0
2023-05-31,CA07813ZBT09,Bell Canada,BCE,Telecom,senior,3.55,2026-03-02,2026-03-02,2016-02-29,,96.32,4.991101406760817,,ishares_xcb,evaluated,2827000.0
2023-05-31,CA07813ZBV54,Bell Canada,BCE,Telecom,senior,2.9,2026-08-12,2026-08-12,2016-08-12,,94.09,4.9186170859935,,ishares_xcb,evaluated,2353000.0
2023-05-31,CA07813ZCC64,Bell Canada,BCE,Telecom,senior,2.9,2029-09-10,2029-09-10,2019-09-10,,89.57,4.845140895736711,,ishares_xcb,evaluated,2111000.0
2023-05-31,CA07813ZCE21,Bell Canada,BCE,Telecom,senior,2.5,2030-05-14,2030-05-14,2020-05-14,,86.07,4.886572731607883,,ishares_xcb,evaluated,3552000.0
2023-05-31,CA07813ZCF95,Bell Canada,BCE,Telecom,senior,1.65,2027-08-16,2027-08-16,2020-08-14,,88.12,4.798659595699548,,ishares_xcb,evaluated,2571000.0
2023-05-31,CA07813ZCG78,Bell Canada,BCE,Telecom,senior,3.0,2031-03-17,2031-03-17,2021-03-17,,87.41,4.965853943353164,,ishares_xcb,evaluated,3819000.0
2023-05-31,CA07813ZCJ18,Bell Canada,BCE,Telecom,senior,2.2,2028-05-29,2028-05-29,2021-05-28,,88.75,4.757128749741056,,ishares_xcb,evaluated,1601000.0
2023-05-31,CA07813ZCK80,Bell Canada,BCE,Telecom,senior,5.85,2032-11-10,2032-11-10,2022-11-10,,105.79,5.0699407428484395,,ishares_xcb,evaluated,3450000.0
2023-05-31,CA07813ZCL63,Bell Canada,BCE,Telecom,senior,4.55,2030-02-09,2030-02-09,2023-02-09,,98.05,4.89606656676699,,ishares_xcb,evaluated,3245000.0
2023-05-31,CA11291ZAE75,Brookfield Infrastructure Finance,BIP,Utilities,senior,4.19,2028-09-11,2028-09-11,2018-09-10,,95.48,5.17624467514369,,ishares_xcb,evaluated,1616000.0
2023-05-31,CA11291ZAF41,Brookfield Infrastructure Finance,BIP,Utilities,senior,3.41,2029-10-09,2029-10-09,2019-10-03,,90.09,5.263134188893088,,ishares_xcb,evaluated,2921000.0
2023-05-31,CA11291ZAG24,Brookfield Infrastructure Finance,BIP,Utilities,senior,2.86,2032-09-01,2032-09-01,2020-09-01,,81.33,5.455018725126753,,ishares_xcb,evaluated,1805000.0
2023-05-31,CA11291ZAH07,Brookfield Infrastructure Finance,BIP,Utilities,senior,5.44,2034-04-25,2034-04-25,2022-04-25,,99.18,5.540308913200769,,ishares_xcb,evaluated,1540000.0
2023-05-31,CA11291ZAK36,Brookfield Infrastructure Finance,BIP,Utilities,senior,5.62,2027-11-14,2027-11-14,2022-11-14,,101.35,5.274607657236968,,ishares_xcb,evaluated,1250000.0
2023-05-31,CA11291ZAL19,Brookfield Infrastructure Finance,BIP,Utilities,senior,5.98,2033-02-14,2033-02-14,2022-11-14,,103.76,5.4760864865978,,ishares_xcb,evaluated,904000.0
2023-05-31,CA13607GRU09,Canadian Imperial Bank of Commerce,CM,Banks,senior_bail_in,1.1,2026-01-19,2026-01-19,2021-01-19,,90.25,5.101672482692044,,ishares_xcb,evaluated,4727000.0
2023-05-31,CA13607H5C22,Canadian Imperial Bank of Commerce,CM,Banks,senior_bail_in,5.05,2027-10-07,2027-10-07,2022-10-07,,99.84,5.0892110766393355,,ishares_xcb,evaluated,5755000.0
2023-05-31,CA13607HC349,Canadian Imperial Bank of Commerce,CM,Banks,senior_bail_in,2.25,2027-01-07,2027-01-07,2022-01-07,,90.89,5.049225068348338,,ishares_xcb,evaluated,5556000.0
2023-05-31,CA13607HV661,Canadian Imperial Bank of Commerce,CM,Banks,senior_bail_in,4.95,2027-06-29,2027-06-29,2022-06-29,,99.56,5.071171737391468,,ishares_xcb,evaluated,6629000.0
2023-05-31,CA13607HVV19,Canadian Imperial Bank of Commerce,CM,Banks,senior_bail_in,1.7,2026-07-15,2026-07-15,2021-07-15,,90.48,5.032117773299216,,ishares_xcb,evaluated,3672000.0
2023-05-31,CA29251ZAD92,Enbridge Inc,ENB,Pipelines,senior,7.22,2030-07-24,2030-07-24,2000-07-24,,108.45,5.762913535166643,,ishares_xcb,evaluated,806000.0
2023-05-31,CA29251ZAK36,Enbridge Inc,ENB,Pipelines,senior,7.2,2032-06-18,2032-06-18,2001-06-18,,108.89,5.917690622988517,,ishares_xcb,evaluated,930000.0
2023-05-31,CA29251ZBK27,Enbridge Inc,ENB,Pipelines,senior,3.2,2027-06-08,2027-06-08,2017-06-08,,93.82,4.913037151534912,,ishares_xcb,evaluated,4657000.0
2023-05-31,CA29251ZBS52,Enbridge Inc,ENB,Pipelines,senior,2.99,2029-10-03,2029-10-03,2019-10-03,,89.34,4.969390584195258,,ishares_xcb,evaluated,3237000.0
2023-05-31,CA29251ZBT36,Enbridge Inc,ENB,Pipelines,senior,2.44,2025-06-02,2025-06-02,2020-05-12,,94.83,5.189326180449214,,ishares_xcb,evaluated,1878000.0
2023-05-31,CA29251ZBU09,Enbridge Inc,ENB,Pipelines,senior,3.1,2033-09-21,2033-09-21,2021-09-21,,82.96,5.261770201533003,,ishares_xcb,evaluated,4342000.0
2023-05-31,CA29251ZBW64,Enbridge Inc,ENB,Pipelines,senior,6.1,2032-11-09,2032-11-09,2022-11-09,,106.09,5.271832440793147,,ishares_xcb,evaluated,2495000.0
2023-05-31,CA29251ZBY21,Enbridge Inc,ENB,Pipelines,senior,5.7,2027-11-09,2027-11-09,2022-11-09,,102.82,4.982561537862337,,ishares_xcb,evaluated,1746000.0
2023-05-31,CA29251ZBZ95,Enbridge Inc,ENB,Pipelines,senior,5.36,2033-05-26,2033-05-26,2023-05-26,,100.77,5.259697021126826,,ishares_xcb,evaluated,1820000.0
2023-05-31,CA29251ZCA36,Enbridge Inc,ENB,Pipelines,senior,4.9,2028-05-26,2028-05-26,2023-05-26,,100.09,4.879145669820464,,ishares_xcb,evaluated,1080000.0
2023-05-31,CA349553AP21,Fortis Inc,FTS,Utilities,senior,2.18,2028-05-15,2028-05-15,2021-05-14,,89.15,4.656210239246781,,ishares_xcb,evaluated,2078000.0
2023-05-31,CA349553AQ04,Fortis Inc,FTS,Utilities,senior,4.43,2029-05-31,2029-05-31,2022-05-31,,98.24,4.770777760191469,,ishares_xcb,evaluated,1523000.0
2023-05-31,CA44810ZAB63,Hydro One Inc,H,Utilities,senior,6.93,2032-06-01,2032-06-01,2001-06-22,,116.15,4.709551397944235,,ishares_xcb,evaluated,1596000.0
2023-05-31,CA44810ZAD20,Hydro One Inc,H,Utilities,senior,6.35,2034-01-31,2034-01-31,2003-01-31,,113.68,4.705424728393887,,ishares_xcb,evaluated,1224000.0
2023-05-31,CA44810ZBR07,Hydro One Inc,H,Utilities,senior,2.77,2026-02-24,2026-02-24,2016-02-24,,95.24,4.644321806175535,,ishares_xcb,evaluated,1738000.0
2023-05-31,CA44810ZBW91,Hydro One Inc,H,Utilities,senior,2.97,2025-06-26,2025-06-26,2018-06-26,,96.45,4.791358706780232,,ishares_xcb,evaluated,1293000.0
2023-05-31,CA44810ZBZ23,Hydro One Inc,H,Utilities,senior,3.02,2029-04-05,2029-04-05,2019-04-05,,93.35,4.318207258551482,,ishares_xcb,evaluated,1913000.0
2023-05-31,CA44810ZCC29,Hydro One Inc,H,Utilities,senior,2.16,2030-02-28,2030-02-28,2020-02-28,,87.28,4.356847524653384,,ishares_xcb,evaluated,1501000.0
2023-05-31,CA44810ZCF59,Hydro One Inc,H,Utilities,senior,1.69,2031-01-16,2031-01-16,2020-10-09,,82.76,4.373190745341875,,ishares_xcb,evaluated,1585000.0
2023-05-31,CA44810ZCG33,Hydro One Inc,H,Utilities,senior,2.23,2031-09-17,2031-09-17,2021-09-17,,84.93,4.418529492989149,,ishares_xcb,evaluated,1598000.0
2023-05-31,CA44810ZCJ71,Hydro One Inc,H,Utilities,senior,4.91,2028-01-27,2028-01-27,2022-10-27,,101.83,4.472291487620652,,ishares_xcb,evaluated,2644000.0
2023-05-31,CA44810ZCK45,Hydro One Inc,H,Utilities,senior,3.93,2029-11-30,2029-11-30,2023-01-27,,97.71,4.338206050000134,,ishares_xcb,evaluated,1122000.0
2023-05-31,CA44810ZCL28,Hydro One Inc,H,Utilities,senior,4.16,2033-01-27,2033-01-27,2023-01-27,,97.53,4.478724534866663,,ishares_xcb,evaluated,1080000.0
2023-05-31,CA448810AC58,Hydro One Inc,H,Utilities,senior,7.35,2030-06-03,2030-06-03,2000-06-01,,115.9,4.665578206005799,,ishares_xcb,evaluated,1243000.0
2023-05-31,CA63306AGJ93,National Bank of Canada,NA,Banks,senior_bail_in,1.57,2026-08-18,2026-08-18,2020-07-15,,92.42,4.109137291335681,,ishares_xcb,evaluated,1177000.0
2023-05-31,CA63306AGT75,National Bank of Canada,NA,Banks,senior_bail_in,1.53,2026-06-15,2026-06-15,2021-06-15,,90.18,5.054494215940427,,ishares_xcb,evaluated,2480000.0
2023-05-31,CA63306AHB58,National Bank of Canada,NA,Banks,senior_bail_in,2.24,2026-11-04,2026-11-04,2021-11-04,,91.28,5.041793072971687,,ishares_xcb,evaluated,3388000.0
2023-05-31,CA63306AHK57,National Bank of Canada,NA,Banks,senior_bail_in,5.3,2025-11-03,2025-11-03,2022-11-03,,100.26,5.181067961474988,,ishares_xcb,evaluated,3574000.0
2023-05-31,CA70632ZAF86,Pembina Pipeline,PPL,Pipelines,senior,4.24,2027-06-15,2027-06-15,2015-06-16,,96.94,5.08818895055626,,ishares_xcb,evaluated,1574000.0
2023-05-31,CA70632ZAG69,Pembina Pipeline,PPL,Pipelines,senior,3.71,2026-08-11,2026-08-11,2016-08-11,,95.89,5.120478317866285,,ishares_xcb,evaluated,1979000.0
2023-05-31,CA70632ZAK71,Pembina Pipeline,PPL,Pipelines,senior,4.02,2028-03-27,2028-03-27,2018-03-26,,95.35,5.117394207620221,,ishares_xcb,evaluated,2435000.0
2023-05-31,CA70632ZAM38,Pembina Pipeline,PPL,Pipelines,senior,3.62,2029-04-03,2029-04-03,2019-04-03,,92.69,5.080673402292364,,ishares_xcb,evaluated,1883000.0
2023-05-31,CA70632ZAQ42,Pembina Pipeline,PPL,Pipelines,senior,3.31,2030-02-01,2030-02-01,2019-09-12,,89.69,5.15688074815552,,ishares_xcb,evaluated,1915000.0
2023-05-31,CA70632ZAS08,Pembina Pipeline,PPL,Pipelines,senior,3.53,2031-12-10,2031-12-10,2021-12-10,,88.0,5.297672180068437,,ishares_xcb,evaluated,2001000.0
2023-05-31,CA775109BJ98,Rogers Communications,RCI,Telecom,senior,3.25,2029-05-01,2029-05-01,2019-04-30,,90.46,5.138911127098377,,ishares_xcb,evaluated,3459000.0
2023-05-31,CA775109BK61,Rogers Communications,RCI,Telecom,senior,3.65,2027-03-31,2027-03-31,2020-03-31,,94.76,5.172507070763963,,ishares_xcb,evaluated,4837000.0
2023-05-31,CA775109BT70,Rogers Communications,RCI,Telecom,senior,3.75,2029-04-15,2029-04-15,2022-03-11,,92.99,5.1468285561750236,,ishares_xcb,evaluated,3376000.0
2023-05-31,CA775109BV27,Rogers Communications,RCI,Telecom,senior,4.25,2032-04-15,2032-04-15,2022-03-11,,92.09,5.381815632114975,,ishares_xcb,evaluated,3592000.0
2023-05-31,CA775109CM19,Rogers Communications,RCI,Telecom,senior,3.8,2027-03-01,2027-03-01,2023-04-03,,95.31,5.187340986805749,,ishares_xcb,evaluated,1155000.0
2023-05-31,CA775109CP40,Rogers Communications,RCI,Telecom,senior,4.4,2028-11-02,2028-11-02,2023-04-03,,96.43,5.161964210124237,,ishares_xcb,evaluated,1848000.0
2023-05-31,CA775109CQ23,Rogers Communications,RCI,Telecom,senior,3.3,2029-12-10,2029-12-10,2023-04-03,,89.56,5.207725346713318,,ishares_xcb,evaluated,1784000.0
2023-05-31,CA775109CS88,Rogers Communications,RCI,Telecom,senior,2.9,2030-12-09,2030-12-09,2023-04-03,,85.27,5.29970086128377,,ishares_xcb,evaluated,1771000.0
2023-05-31,CA780086RQ98,Royal Bank of Canada,RY,Banks,senior_bail_in,2.33,2027-01-28,2027-01-28,2020-01-28,,91.07,5.032854082079872,,ishares_xcb,evaluated,7816000.0
2023-05-31,CA780086TM66,Royal Bank of Canada,RY,Banks,senior_bail_in,1.59,2026-05-04,2026-05-04,2021-05-04,,90.8,5.0078449524969315,,ishares_xcb,evaluated,4003000.0
2023-05-31,CA780086TY05,Royal Bank of Canada,RY,Banks,senior_bail_in,1.83,2028-07-31,2028-07-31,2021-07-29,,86.24,4.874404119349634,,ishares_xcb,evaluated,3455000.0
2023-05-31,CA780086UT90,Royal Bank of Canada,RY,Banks,senior_bail_in,3.37,2025-09-29,2025-09-29,2022-03-28,,96.12,5.155044524334001,,ishares_xcb,evaluated,10027000.0
2023-05-31,CA780086VK72,Royal Bank of Canada,RY,Banks,senior_bail_in,4.61,2027-07-26,2027-07-26,2022-07-25,,98.49,5.01905905216493,,ishares_xcb,evaluated,6847000.0
2023-05-31,CA780086VV38,Royal Bank of Canada,RY,Banks,senior_bail_in,5.24,2026-11-02,2026-11-02,2022-10-28,,100.69,5.015531580317304,,ishares_xcb,evaluated,5903000.0
2023-05-31,CA780086WE04,Royal Bank of Canada,RY,Banks,senior_bail_in,4.11,2025-12-22,2025-12-22,2022-12-22,,98.56,4.714631936161215,,ishares_xcb,evaluated,3750000.0
2023-05-31,CA780086WG51,Royal Bank of Canada,RY,Banks,senior_bail_in,4.64,2028-01-17,2028-01-17,2023-01-17,,98.52,5.004193561582804,,ishares_xcb,evaluated,6445000.0
2023-05-31,CA780086XL38,Royal Bank of Canada,RY,Banks,senior_bail_in,4.63,2028-05-01,2028-05-01,2023-04-20,,98.62,4.947928721434504,,ishares_xcb,evaluated,7210000.0
2023-05-31,CA87971MBC60,TELUS,TU,Telecom,senior,3.75,2026-03-10,2026-03-10,2015-12-08,,96.7,5.033179117084154,,ishares_xcb,evaluated,1878000.0
2023-05-31,CA87971MBG74,TELUS,TU,Telecom,senior,3.63,2028-03-01,2028-03-01,2018-03-01,,94.66,4.900051988099587,,ishares_xcb,evaluated,2045000.0
2023-05-31,CA87971MBJ14,TELUS,TU,Telecom,senior,3.3,2029-05-02,2029-05-02,2019-04-03,,92.0,4.870591077390386,,ishares_xcb,evaluated,3479000.0
2023-05-31,CA87971MBL69,TELUS,TU,Telecom,senior,2.75,2026-07-08,2026-07-08,2019-07-02,,93.87,4.904619752268976,,ishares_xcb,evaluated,2860000.0
2023-05-31,CA87971MBN26,TELUS,TU,Telecom,senior,3.15,2030-02-19,2030-02-19,2019-12-16,,89.68,4.975803933266782,,ishares_xcb,evaluated,1667000.0
2023-05-31,CA87971MBQ56,TELUS,TU,Telecom,senior,2.35,2028-01-27,2028-01-27,2020-05-29,,89.58,4.8790144997778295,,ishares_xcb,evaluated,2134000.0
2023-05-31,CA87971MBS13,TELUS,TU,Telecom,senior,2.05,2030-10-07,2030-10-07,2020-10-05,,82.09,4.9893298573235985,,ishares_xcb,evaluated,1754000.0
2023-05-31,CA87971MBV42,TELUS,TU,Telecom,senior,2.85,2031-11-13,2031-11-13,2021-06-28,,84.79,5.086250202862549,,ishares_xcb,evaluated,2520000.0
2023-05-31,CA87971MBX08,TELUS,TU,Telecom,senior,5.25,2032-11-15,2032-11-15,2022-09-13,,100.82,5.138822231989122,,ishares_xcb,evaluated,3676000.0
2023-05-31,CA87971MBZ55,TELUS,TU,Telecom,senior,5.0,2029-09-13,2029-09-13,2022-09-13,,100.38,4.925923243488183,,ishares_xcb,evaluated,1334000.0
2023-05-31,CA87971MCA95,TELUS,TU,Telecom,senior,4.95,2033-03-28,2033-03-28,2023-03-28,,98.33,5.167011277293061,,ishares_xcb,evaluated,2163000.0
2023-05-31,CA89117F3M90,Toronto-Dominion Bank,TD,Banks,senior_bail_in,2.67,2025-09-09,2025-09-09,2022-03-09,,94.71,5.160521507259156,,ishares_xcb,evaluated,11659000.0
2023-05-31,CA89117F7G86,Toronto-Dominion Bank,TD,Banks,senior_bail_in,4.21,2027-06-01,2027-06-01,2022-06-01,,97.14,5.008969843158228,,ishares_xcb,evaluated,8720000.0
2023-05-31,CA89117F7H69,Toronto-Dominion Bank,TD,Banks,senior_bail_in,5.38,2027-10-21,2027-10-21,2022-10-21,,101.37,5.026517830034902,,ishares_xcb,evaluated,6790000.0
2023-05-31,CA89117F8V45,Toronto-Dominion Bank,TD,Banks,senior_bail_in,4.34,2026-01-27,2026-01-27,2022-07-27,,98.17,5.087512613261626,,ishares_xcb,evaluated,5116000.0
2023-05-31,CA89117FA338,Toronto-Dominion Bank,TD,Banks,senior_bail_in,1.89,2028-03-08,2028-03-08,2021-03-08,,87.28,4.911165161744297,,ishares_xcb,evaluated,4775000.0
2023-05-31,CA89117FJ347,Toronto-Dominion Bank,TD,Banks,senior_bail_in,1.9,2028-09-11,2028-09-11,2021-09-10,,86.24,4.886958732044436,,ishares_xcb,evaluated,4125000.0
2023-05-31,CA89117FYZ66,Toronto-Dominion Bank,TD,Banks,senior_bail_in,1.13,2025-12-09,2025-12-09,2020-12-09,,90.77,5.071465990845218,,ishares_xcb,evaluated,5910000.0
2023-05-31,CA89117FZ442,Toronto-Dominion Bank,TD,Banks,senior_bail_in,2.26,2027-01-07,2027-01-07,2022-01-07,,91.08,4.998163189667901,,ishares_xcb,evaluated,5707000.0
2023-05-31,CA89117GRJ80,Toronto-Dominion Bank,TD,Banks,senior_bail_in,4.68,2029-01-08,2029-01-08,2022-12-07,,98.85,4.919417077024532,,ishares_xcb,evaluated,8457000.0
2023-05-31,CA89117GTQ06,Toronto-Dominion Bank,TD,Banks,senior_bail_in,4.48,2028-01-18,2028-01-18,2023-01-18,,97.87,5.002810005511103,,ishares_xcb,evaluated,6836000.0
2023-05-31,CA89353ZAP32,TransCanada PipeLines,TRP,Pipelines,senior,8.29,2026-02-05,2026-02-05,1996-02-05,,106.62,5.601020878385933,,ishares_xcb,evaluated,944000.0
2023-05-31,CA89353ZBA53,TransCanada PipeLines,TRP,Pipelines,senior,6.89,2028-08-07,2028-08-07,1997-07-30,,107.3,5.265214008877865,,ishares_xcb,evaluated,712000.0
2023-05-31,CA89353ZBE75,TransCanada PipeLines,TRP,Pipelines,senior,6.28,2028-05-26,2028-05-26,1998-05-26,,104.37,5.271550411239733,,ishares_xcb,evaluated,803000.0
2023-05-31,CA89353ZBK36,TransCanada PipeLines,TRP,Pipelines,senior,6.5,2030-12-09,2030-12-09,1998-12-07,,104.47,5.760593477491441,,ishares_xcb,evaluated,775000.0
2023-05-31,CA89353ZBY30,TransCanada PipeLines,TRP,Pipelines,senior,3.3,2025-07-17,2025-07-17,2015-07-17,,96.19,5.216272688426825,,ishares_xcb,evaluated,3188000.0
2023-05-31,CA89353ZCA45,TransCanada PipeLines,TRP,Pipelines,senior,3.39,2028-03-15,2028-03-15,2017-09-15,,93.14,5.016059360758966,,ishares_xcb,evaluated,2099000.0
2023-05-31,CA89353ZCE66,TransCanada PipeLines,TRP,Pipelines,senior,3.0,2029-09-18,2029-09-18,2019-09-18,,89.22,5.015377371261765,,ishares_xcb,evaluated,2858000.0
2023-05-31,CA89353ZCF32,TransCanada PipeLines,TRP,Pipelines,senior,3.8,2027-04-05,2027-04-05,2020-04-03,,95.77,5.020968307222328,,ishares_xcb,evaluated,6913000.0
2023-05-31,CA89353ZCH97,TransCanada PipeLines,TRP,Pipelines,senior,2.97,2031-06-09,2031-06-09,2021-06-09,,85.63,5.18200455403357,,ishares_xcb,evaluated,1633000.0
2023-05-31,CA89353ZCJ53,TransCanada PipeLines,TRP,Pipelines,senior,4.35,2026-05-12,2026-05-12,2022-05-12,,98.14,5.035132997925117,,ishares_xcb,evaluated,1949000.0
2023-05-31,CA89353ZCK27,TransCanada PipeLines,TRP,Pipelines,senior,5.33,2032-05-12,2032-05-12,2022-05-12,,100.48,5.261282744206013,,ishares_xcb,evaluated,2618000.0
2023-05-31,CA89353ZCN65,TransCanada PipeLines,TRP,Pipelines,senior,5.28,2030-07-15,2030-07-15,2023-03-10,,101.06,5.102371959684803,,ishares_xcb,evaluated,4340000.0
2023-06-30,CA06368D3U60,Bank of Montreal,BMO,Banks,senior_bail_in,4.31,2027-06-01,2027-06-01,2022-06-01,,96.82,5.216000805634239,,ishares_xcb,evaluated,8307000.0
2023-06-30,CA06368DPC25,Bank of Montreal,BMO,Banks,senior_bail_in,1.76,2026-03-10,2026-03-10,2021-03-10,,91.24,5.286539890968026,,ishares_xcb,evaluated,2650000.0
2023-06-30,CA06368DTH75,Bank of Montreal,BMO,Banks,senior_bail_in,1.55,2026-05-28,2026-05-28,2021-05-28,,90.05,5.282264060426419,,ishares_xcb,evaluated,3997000.0
2023-06-30,CA06368DW260,Bank of Montreal,BMO,Banks,senior_bail_in,3.65,2027-04-01,2027-04-01,2022-04-01,,94.65,5.235786847980677,,ishares_xcb,evaluated,6544000.0
2023-06-30,CA06368LEY89,Bank of Montreal,BMO,Banks,senior_bail_in,4.71,2027-12-07,2027-12-07,2022-12-07,,98.07,5.201643194918666,,ishares_xcb,evaluated,8476000.0
2023-06-30,CA06368LNK84,Bank of Montreal,BMO,Banks,senior_bail_in,5.04,2028-05-29,2028-05-29,2023-05-29,,99.46,5.163936568086524,,ishares_xcb,evaluated,6280000.0
2023-06-30,CA06415E4E25,Bank of Nova Scotia,BNS,Banks,senior_bail_in,1.4,2027-11-01,2027-11-01,2020-10-15,,85.67,5.126038499754182,,ishares_xcb,evaluated,5952000.0
2023-06-30,CA06415FFT45,Bank of Nova Scotia,BNS,Banks,senior_bail_in,1.85,2026-11-02,2026-11-02,2021-10-08,,89.86,5.1947176641519555,,ishares_xcb,evaluated,7480000.0
2023-06-30,CA06415GDE76,Bank of Nova Scotia,BNS,Banks,senior_bail_in,2.95,2027-03-08,2027-03-08,2022-03-07,,92.5,5.206544482994631,,ishares_xcb,evaluated,12614000.0
2023-06-30,CA06415GH297,Bank of Nova Scotia,BNS,Banks,senior_bail_in,5.5,2026-05-08,2026-05-08,2022-11-09,,100.34,5.364674885459323,,ishares_xcb,evaluated,4858000.0
2023-06-30,CA064164JA58,Bank of Nova Scotia,BNS,Banks,senior_bail_in,5.5,2025-12-29,2025-12-29,2023-06-29,,100.03,5.486876019296424,,ishares_xcb,evaluated,3800000.0
2023-06-30,CA07813ZAC82,Bell Canada,BCE,Telecom,senior,6.55,2029-05-01,2029-05-01,1999-07-19,,106.26,5.285923967749461,,ishares_xcb,evaluated,537000.0
2023-06-30,CA07813ZAL81,Bell Canada,BCE,Telecom,senior,7.85,2031-04-02,2031-04-02,2001-04-02,,115.36,5.39731971572415,,ishares_xcb,evaluated,730000.0
2023-06-30,CA07813ZAP95,Bell Canada,BCE,Telecom,senior,7.3,2032-02-23,2032-02-23,2002-02-22,,112.84,5.422160079918291,,ishares_xcb,evaluated,1191000.0
2023-06-30,CA07813ZAT18,Bell Canada,BCE,Telecom,senior,6.1,2035-03-16,2035-03-16,2004-03-16,,106.99,5.2889538210422,,ishares_xcb,evaluated,896000.0
2023-06-30,CA07813ZBT09,Bell Canada,BCE,Telecom,senior,3.55,2026-03-02,2026-03-02,2016-02-29,,95.62,5.323039377546392,,ishares_xcb,evaluated,2827000.0
2023-06-30,CA07813ZBV54,Bell Canada,BCE,Telecom,senior,2.9,2026-08-12,2026-08-12,2016-08-12,,93.56,5.164156676798305,,ishares_xcb,evaluated,2273000.0
2023-06-30,CA07813ZCC64,Bell Canada,BCE,Telecom,senior,2.9,2029-09-10,2029-09-10,2019-09-10,,89.05,4.973142090783873,,ishares_xcb,evaluated,2111000.0
2023-06-30,CA07813ZCE21,Bell Canada,BCE,Telecom,senior,2.5,2030-05-14,2030-05-14,2020-05-14,,85.41,5.0370214506464634,,ishares_xcb,evaluated,3402000.0
2023-06-30,CA07813ZCF95,Bell Canada,BCE,Telecom,senior,1.65,2027-08-16,2027-08-16,2020-08-14,,87.65,4.997548374570525,,ishares_xcb,evaluated,2606000.0
2023-06-30,CA07813ZCG78,Bell Canada,BCE,Telecom,senior,3.0,2031-03-17,2031-03-17,2021-03-17,,86.86,5.078020461121297,,ishares_xcb,evaluated,4069000.0
2023-06-30,CA07813ZCJ18,Bell Canada,BCE,Telecom,senior,2.2,2028-05-29,2028-05-29,2021-05-28,,88.09,4.9605274760447875,,ishares_xcb,evaluated,1606000.0
2023-06-30,CA07813ZCK80,Bell Canada,BCE,Telecom,senior,5.85,2032-11-10,2032-11-10,2022-11-10,,105.19,5.1426007643702025,,ishares_xcb,evaluated,3450000.0
2023-06-30,CA07813ZCL63,Bell Canada,BCE,Telecom,senior,4.55,2030-02-09,2030-02-09,2023-02-09,,97.39,5.0205960233473474,,ishares_xcb,evaluated,3245000.0
2023-06-30,CA11291ZAE75,Brookfield Infrastructure Finance,BIP,Utilities,senior,4.19,2028-09-11,2028-09-11,2018-09-10,,94.7,5.368150811281973,,ishares_xcb,evaluated,1616000.0
2023-06-30,CA11291ZAF41,Brookfield Infrastructure Finance,BIP,Utilities,senior,3.41,2029-10-09,2029-10-09,2019-10-03,,89.65,5.373205274943156,,ishares_xcb,evaluated,2881000.0
2023-06-30,CA11291ZAG24,Brookfield Infrastructure Finance,BIP,Utilities,senior,2.86,2032-09-01,2032-09-01,2020-09-01,,80.92,5.5398673285778415,,ishares_xcb,evaluated,1805000.0
2023-06-30,CA11291ZAH07,Brookfield Infrastructure Finance,BIP,Utilities,senior,5.44,2034-04-25,2034-04-25,2022-04-25,,98.98,5.565352691881455,,ishares_xcb,evaluated,1540000.0
2023-06-30,CA11291ZAK36,Brookfield Infrastructure Finance,BIP,Utilities,senior,5.62,2027-11-14,2027-11-14,2022-11-14,,100.54,5.476034549427053,,ishares_xcb,evaluated,1250000.0
2023-06-30,CA11291ZAL19,Brookfield Infrastructure Finance,BIP,Utilities,senior,5.98,2033-02-14,2033-02-14,2022-11-14,,103.27,5.5385627942086035,,ishares_xcb,evaluated,904000.0
2023-06-30,CA13607GRU09,Canadian Imperial Bank of Commerce,CM,Banks,senior_bail_in,1.1,2026-01-19,2026-01-19,2021-01-19,,89.92,5.380715381986727,,ishares_xcb,evaluated,4447000.0
2023-06-30,CA13607H5C22,Canadian Imperial Bank of Commerce,CM,Banks,senior_bail_in,5.05,2027-10-07,2027-10-07,2022-10-07,,99.29,5.234709855340498,,ishares_xcb,evaluated,5755000.0
2023-06-30,CA13607HC349,Canadian Imperial Bank of Commerce,CM,Banks,senior_bail_in,2.25,2027-01-07,2027-01-07,2022-01-07,,90.47,5.253897530477249,,ishares_xcb,evaluated,5656000.0
2023-06-30,CA13607HV661,Canadian Imperial Bank of Commerce,CM,Banks,senior_bail_in,4.95,2027-06-29,2027-06-29,2022-06-29,,98.98,5.236064051298206,,ishares_xcb,evaluated,6674000.0
2023-06-30,CA13607HVV19,Canadian Imperial Bank of Commerce,CM,Banks,senior_bail_in,1.7,2026-07-15,2026-07-15,2021-07-15,,90.05,5.286488819852023,,ishares_xcb,evaluated,3672000.0
2023-06-30,CA29251ZAD92,Enbridge Inc,ENB,Pipelines,senior,7.22,2030-07-24,2030-07-24,2000-07-24,,107.74,5.869528519814517,,ishares_xcb,evaluated,806000.0
2023-06-30,CA29251ZAK36,Enbridge Inc,ENB,Pipelines,senior,7.2,2032-06-18,2032-06-18,2001-06-18,,108.71,5.932932511250808,,ishares_xcb,evaluated,930000.0
2023-06-30,CA29251ZBK27,Enbridge Inc,ENB,Pipelines,senior,3.2,2027-06-08,2027-06-08,2017-06-08,,93.2,5.127332616710861,,ishares_xcb,evaluated,4872000.0
2023-06-30,CA29251ZBS52,Enbridge Inc,ENB,Pipelines,senior,2.99,2029-10-03,2029-10-03,2019-10-03,,88.89,5.083227758912834,,ishares_xcb,evaluated,3247000.0
2023-06-30,CA29251ZBU09,Enbridge Inc,ENB,Pipelines,senior,3.1,2033-09-21,2033-09-21,2021-09-21,,83.01,5.268860315469199,,ishares_xcb,evaluated,4057000.0
2023-06-30,CA29251ZBW64,Enbridge Inc,ENB,Pipelines,senior,6.1,2032-11-09,2032-11-09,2022-11-09,,105.76,5.308973957206395,,ishares_xcb,evaluated,2495000.0
2023-06-30,CA29251ZBY21,Enbridge Inc,ENB,Pipelines,senior,5.7,2027-11-09,2027-11-09,2022-11-09,,101.89,5.206092269506869,,ishares_xcb,evaluated,1746000.0
2023-06-30,CA29251ZBZ95,Enbridge Inc,ENB,Pipelines,senior,5.36,2033-05-26,2033-05-26,2023-05-26,,100.42,5.303685467465962,,ishares_xcb,evaluated,1820000.0
2023-06-30,CA29251ZCA36,Enbridge Inc,ENB,Pipelines,senior,4.9,2028-05-26,2028-05-26,2023-05-26,,99.14,5.09838867918194,,ishares_xcb,evaluated,1190000.0
2023-06-30,CA349553AP21,Fortis Inc,FTS,Utilities,senior,2.18,2028-05-15,2028-05-15,2021-05-14,,88.64,4.821607018387144,,ishares_xcb,evaluated,1958000.0
2023-06-30,CA349553AQ04,Fortis Inc,FTS,Utilities,senior,4.43,2029-05-31,2029-05-31,2022-05-31,,97.66,4.889226328782679,,ishares_xcb,evaluated,1523000.0
2023-06-30,CA44810ZAB63,Hydro One Inc,H,Utilities,senior,6.93,2032-06-01,2032-06-01,2001-06-22,,115.44,4.782547500370126,,ishares_xcb,evaluated,1596000.0
2023-06-30,CA44810ZAD20,Hydro One Inc,H,Utilities,senior,6.35,2034-01-31,2034-01-31,2003-01-31,,113.67,4.698175764829403,,ishares_xcb,evaluated,1224000.0
2023-06-30,CA44810ZBR07,Hydro One Inc,H,Utilities,senior,2.77,2026-02-24,2026-02-24,2016-02-24,,94.81,4.88202461024871,,ishares_xcb,evaluated,1738000.0
2023-06-30,CA44810ZBZ23,Hydro One Inc,H,Utilities,senior,3.02,2029-04-05,2029-04-05,2019-04-05,,92.82,4.444303322651222,,ishares_xcb,evaluated,1913000.0
2023-06-30,CA44810ZCC29,Hydro One Inc,H,Utilities,senior,2.16,2030-02-28,2030-02-28,2020-02-28,,86.84,4.4658984170540155,,ishares_xcb,evaluated,1501000.0
2023-06-30,CA44810ZCF59,Hydro One Inc,H,Utilities,senior,1.69,2031-01-16,2031-01-16,2020-10-09,,82.27,4.487244747579313,,ishares_xcb,evaluated,1495000.0
2023-06-30,CA44810ZCG33,Hydro One Inc,H,Utilities,senior,2.23,2031-09-17,2031-09-17,2021-09-17,,84.51,4.505812824940305,,ishares_xcb,evaluated,1598000.0
2023-06-30,CA44810ZCJ71,Hydro One Inc,H,Utilities,senior,4.91,2028-01-27,2028-01-27,2022-10-27,,100.92,4.687542475999991,,ishares_xcb,evaluated,2484000.0
2023-06-30,CA44810ZCK45,Hydro One Inc,H,Utilities,senior,3.93,2029-11-30,2029-11-30,2023-01-27,,97.1,4.453601493825329,,ishares_xcb,evaluated,1122000.0
2023-06-30,CA44810ZCL28,Hydro One Inc,H,Utilities,senior,4.16,2033-01-27,2033-01-27,2023-01-27,,97.1,4.538316530708126,,ishares_xcb,evaluated,1080000.0
2023-06-30,CA448810AC58,Hydro One Inc,H,Utilities,senior,7.35,2030-06-03,2030-06-03,2000-06-01,,114.93,4.790411910968435,,ishares_xcb,evaluated,1243000.0
2023-06-30,CA63306AGJ93,National Bank of Canada,NA,Banks,senior_bail_in,1.57,2026-08-18,2026-08-18,2020-07-15,,92.15,4.272817788247661,,ishares_xcb,evaluated,1177000.0
2023-06-30,CA63306AGT75,National Bank of Canada,NA,Banks,senior_bail_in,1.53,2026-06-15,2026-06-15,2021-06-15,,89.96,5.236479546571363,,ishares_xcb,evaluated,2645000.0
2023-06-30,CA63306AHB58,National Bank of Canada,NA,Banks,senior_bail_in,2.24,2026-11-04,2026-11-04,2021-11-04,,90.9,5.239159500797818,,ishares_xcb,evaluated,3388000.0
2023-06-30,CA63306AHK57,National Bank of Canada,NA,Banks,senior_bail_in,5.3,2025-11-03,2025-11-03,2022-11-03,,99.63,5.463719549506737,,ishares_xcb,evaluated,3624000.0
2023-06-30,CA63306AHP45,National Bank of Canada,NA,Banks,senior_bail_in,5.22,2028-06-14,2028-06-14,2023-06-14,,100.12,5.191468790571657,,ishares_xcb,evaluated,3150000.0
2023-06-30,CA70632ZAF86,Pembina Pipeline,PPL,Pipelines,senior,4.24,2027-06-15,2027-06-15,2015-06-16,,96.48,5.2352610204926,,ishares_xcb,evaluated,1924000.0
2023-06-30,CA70632ZAG69,Pembina Pipeline,PPL,Pipelines,senior,3.71,2026-08-11,2026-08-11,2016-08-11,,95.38,5.341732242752529,,ishares_xcb,evaluated,1979000.0
2023-06-30,CA70632ZAK71,Pembina Pipeline,PPL,Pipelines,senior,4.02,2028-03-27,2028-03-27,2018-03-26,,94.66,5.304864145208516,,ishares_xcb,evaluated,2345000.0
2023-06-30,CA70632ZAM38,Pembina Pipeline,PPL,Pipelines,senior,3.62,2029-04-03,2029-04-03,2019-04-03,,92.17,5.209446246457204,,ishares_xcb,evaluated,2233000.0
2023-06-30,CA70632ZAQ42,Pembina Pipeline,PPL,Pipelines,senior,3.31,2030-02-01,2030-02-01,2019-09-12,,89.17,5.279045480478431,,ishares_xcb,evaluated,1920000.0
2023-06-30,CA70632ZAS08,Pembina Pipeline,PPL,Pipelines,senior,3.53,2031-12-10,2031-12-10,2021-12-10,,87.45,5.3997360429823456,,ishares_xcb,evaluated,1501000.0
2023-06-30,CA775109BJ98,Rogers Communications,RCI,Telecom,senior,3.25,2029-05-01,2029-05-01,2019-04-30,,89.91,5.27937028354485,,ishares_xcb,evaluated,3339000.0
2023-06-30,CA775109BK61,Rogers Communications,RCI,Telecom,senior,3.65,2027-03-31,2027-03-31,2020-03-31,,93.98,5.443259576036814,,ishares_xcb,evaluated,4917000.0
2023-06-30,CA775109BT70,Rogers Communications,RCI,Telecom,senior,3.75,2029-04-15,2029-04-15,2022-03-11,,92.42,5.2845561009771,,ishares_xcb,evaluated,3376000.0
2023-06-30,CA775109BV27,Rogers Communications,RCI,Telecom,senior,4.25,2032-04-15,2032-04-15,2022-03-11,,91.72,5.446307122595684,,ishares_xcb,evaluated,3092000.0
2023-06-30,CA775109CM19,Rogers Communications,RCI,Telecom,senior,3.8,2027-03-01,2027-03-01,2023-04-03,,94.57,5.44700417541019,,ishares_xcb,evaluated,1155000.0
2023-06-30,CA775109CP40,Rogers Communications,RCI,Telecom,senior,4.4,2028-11-02,2028-11-02,2023-04-03,,95.67,5.340082330506699,,ishares_xcb,evaluated,1848000.0
2023-06-30,CA775109CQ23,Rogers Communications,RCI,Telecom,senior,3.3,2029-12-10,2029-12-10,2019-12-09,,88.95,5.349013780366607,,ishares_xcb,evaluated,1784000.0
2023-06-30,CA775109CS88,Rogers Communications,RCI,Telecom,senior,2.9,2030-12-09,2030-12-09,2020-04-22,,84.65,5.434727793819979,,ishares_xcb,evaluated,1771000.0
2023-06-30,CA780086RQ98,Royal Bank of Canada,RY,Banks,senior_bail_in,2.33,2027-01-28,2027-01-28,2020-01-28,,90.72,5.208726170578649,,ishares_xcb,evaluated,7696000.0
2023-06-30,CA780086TM66,Royal Bank of Canada,RY,Banks,senior_bail_in,1.59,2026-05-04,2026-05-04,2021-05-04,,90.34,5.290227805521354,,ishares_xcb,evaluated,4023000.0
2023-06-30,CA780086TY05,Royal Bank of Canada,RY,Banks,senior_bail_in,1.83,2028-07-31,2028-07-31,2021-07-29,,85.82,5.025449155781415,,ishares_xcb,evaluated,3455000.0
2023-06-30,CA780086UT90,Royal Bank of Canada,RY,Banks,senior_bail_in,3.37,2025-09-29,2025-09-29,2022-03-28,,95.62,5.461462182639314,,ishares_xcb,evaluated,10027000.0
2023-06-30,CA780086VK72,Royal Bank of Canada,RY,Banks,senior_bail_in,4.61,2027-07-26,2027-07-26,2022-07-25,,97.99,5.167182898260539,,ishares_xcb,evaluated,6847000.0
2023-06-30,CA780086VV38,Royal Bank of Canada,RY,Banks,senior_bail_in,5.24,2026-11-02,2026-11-02,2022-10-28,,99.99,5.238589105623921,,ishares_xcb,evaluated,6003000.0
2023-06-30,CA780086WE04,Royal Bank of Canada,RY,Banks,senior_bail_in,4.11,2025-12-22,2025-12-22,2022-12-22,,97.87,5.03443665920482,,ishares_xcb,evaluated,3850000.0
2023-06-30,CA780086WG51,Royal Bank of Canada,RY,Banks,senior_bail_in,4.64,2028-01-17,2028-01-17,2023-01-17,,97.89,5.170355899727348,,ishares_xcb,evaluated,6471000.0
2023-06-30,CA780086XL38,Royal Bank of Canada,RY,Banks,senior_bail_in,4.63,2028-05-01,2028-05-01,2023-04-20,,97.8,5.146598684153127,,ishares_xcb,evaluated,7740000.0
2023-06-30,CA780086ZE76,Royal Bank of Canada,RY,Banks,senior_bail_in,5.34,2026-06-23,2026-06-23,2023-06-23,,100.14,5.288046944623747,,ishares_xcb,evaluated,3925000.0
2023-06-30,CA780086ZH08,Royal Bank of Canada,RY,Banks,senior_bail_in,5.23,2030-06-24,2030-06-24,2023-06-23,,100.7,5.109339996999694,,ishares_xcb,evaluated,4000000.0
2023-06-30,CA87971MBC60,TELUS,TU,Telecom,senior,3.75,2026-03-10,2026-03-10,2015-12-08,,96.05,5.3365198749681975,,ishares_xcb,evaluated,1878000.0
2023-06-30,CA87971MBG74,TELUS,TU,Telecom,senior,3.63,2028-03-01,2028-03-01,2018-03-01,,93.95,5.098230952884633,,ishares_xcb,evaluated,2045000.0
2023-06-30,CA87971MBJ14,TELUS,TU,Telecom,senior,3.3,2029-05-02,2029-05-02,2019-04-03,,91.31,5.034298608134297,,ishares_xcb,evaluated,3479000.0
2023-06-30,CA87971MBL69,TELUS,TU,Telecom,senior,2.75,2026-07-08,2026-07-08,2019-07-02,,93.31,5.1733372548430125,,ishares_xcb,evaluated,2865000.0
2023-06-30,CA87971MBN26,TELUS,TU,Telecom,senior,3.15,2030-02-19,2030-02-19,2019-12-16,,89.08,5.111593659384618,,ishares_xcb,evaluated,1767000.0
2023-06-30,CA87971MBQ56,TELUS,TU,Telecom,senior,2.35,2028-01-27,2028-01-27,2020-05-29,,88.99,5.079064365760574,,ishares_xcb,evaluated,2134000.0
2023-06-30,CA87971MBS13,TELUS,TU,Telecom,senior,2.05,2030-10-07,2030-10-07,2020-10-05,,81.43,5.142946961740513,,ishares_xcb,evaluated,1754000.0
2023-06-30,CA87971MBV42,TELUS,TU,Telecom,senior,2.85,2031-11-13,2031-11-13,2021-06-28,,84.4,5.168671378047523,,ishares_xcb,evaluated,2530000.0
2023-06-30,CA87971MBX08,TELUS,TU,Telecom,senior,5.25,2032-11-15,2032-11-15,2022-09-13,,100.38,5.1966886865226884,,ishares_xcb,evaluated,3526000.0
2023-06-30,CA87971MBZ55,TELUS,TU,Telecom,senior,5.0,2029-09-13,2029-09-13,2022-09-13,,99.62,5.068406570285234,,ishares_xcb,evaluated,1334000.0
2023-06-30,CA87971MCA95,TELUS,TU,Telecom,senior,4.95,2033-03-28,2033-03-28,2023-03-28,,97.98,5.214612240099899,,ishares_xcb,evaluated,1963000.0
2023-06-30,CA89117F3M90,Toronto-Dominion Bank,TD,Banks,senior_bail_in,2.67,2025-09-09,2025-09-09,2022-03-09,,94.3,5.457778845386551,,ishares_xcb,evaluated,11824000.0
2023-06-30,CA89117F7G86,Toronto-Dominion Bank,TD,Banks,senior_bail_in,4.21,2027-06-01,2027-06-01,2022-06-01,,96.6,5.178040519256652,,ishares_xcb,evaluated,8890000.0
2023-06-30,CA89117F7H69,Toronto-Dominion Bank,TD,Banks,senior_bail_in,5.38,2027-10-21,2027-10-21,2022-10-21,,100.75,5.180685632843263,,ishares_xcb,evaluated,6835000.0
2023-06-30,CA89117F8V45,Toronto-Dominion Bank,TD,Banks,senior_bail_in,4.34,2026-01-27,2026-01-27,2022-07-27,,97.56,5.372278091110527,,ishares_xcb,evaluated,4966000.0
2023-06-30,CA89117FA338,Toronto-Dominion Bank,TD,Banks,senior_bail_in,1.89,2028-03-08,2028-03-08,2021-03-08,,86.91,5.058195697825412,,ishares_xcb,evaluated,4775000.0
2023-06-30,CA89117FJ347,Toronto-Dominion Bank,TD,Banks,senior_bail_in,1.9,2028-09-11,2028-09-11,2021-09-10,,85.87,5.02038075825889,,ishares_xcb,evaluated,4160000.0
2023-06-30,CA89117FYZ66,Toronto-Dominion Bank,TD,Banks,senior_bail_in,1.13,2025-12-09,2025-12-09,2020-12-09,,90.43,5.361884606085233,,ishares_xcb,evaluated,5960000.0
2023-06-30,CA89117FZ442,Toronto-Dominion Bank,TD,Banks,senior_bail_in,2.26,2027-01-07,2027-01-07,2022-01-07,,90.61,5.217782061927682,,ishares_xcb,evaluated,5812000.0
2023-06-30,CA89117GRJ80,Toronto-Dominion Bank,TD,Banks,senior_bail_in,4.68,2029-01-08,2029-01-08,2022-12-07,,98.12,5.078288893754953,,ishares_xcb,evaluated,8835000.0
2023-06-30,CA89117GTQ06,Toronto-Dominion Bank,TD,Banks,senior_bail_in,4.48,2028-01-18,2028-01-18,2023-01-18,,97.25,5.169535752326662,,ishares_xcb,evaluated,6836000.0
2023-06-30,CA89353ZAP32,TransCanada PipeLines,TRP,Pipelines,senior,8.29,2026-02-05,2026-02-05,1996-02-05,,105.71,5.896021802968822,,ishares_xcb,evaluated,944000.0
2023-06-30,CA89353ZBA53,TransCanada PipeLines,TRP,Pipelines,senior,6.89,2028-08-07,2028-08-07,1997-07-30,,106.0,5.52828412461732,,ishares_xcb,evaluated,712000.0
2023-06-30,CA89353ZBE75,TransCanada PipeLines,TRP,Pipelines,senior,6.28,2028-05-26,2028-05-26,1998-05-26,,103.17,5.530541320419332,,ishares_xcb,evaluated,803000.0
2023-06-30,CA89353ZBK36,TransCanada PipeLines,TRP,Pipelines,senior,6.5,2030-12-09,2030-12-09,1998-12-07,,103.59,5.896152471920357,,ishares_xcb,evaluated,775000.0
2023-06-30,CA89353ZBY30,TransCanada PipeLines,TRP,Pipelines,senior,3.3,2025-07-17,2025-07-17,2015-07-17,,95.84,5.481556004194352,,ishares_xcb,evaluated,3188000.0
2023-06-30,CA89353ZCA45,TransCanada PipeLines,TRP,Pipelines,senior,3.39,2028-03-15,2028-03-15,2017-09-15,,92.61,5.1751168758757125,,ishares_xcb,evaluated,2009000.0
2023-06-30,CA89353ZCE66,TransCanada PipeLines,TRP,Pipelines,senior,3.0,2029-09-18,2029-09-18,2019-09-18,,88.71,5.1424465914735835,,ishares_xcb,evaluated,2888000.0
2023-06-30,CA89353ZCF32,TransCanada PipeLines,TRP,Pipelines,senior,3.8,2027-04-05,2027-04-05,2020-04-03,,95.22,5.2121149599544045,,ishares_xcb,evaluated,6863000.0
2023-06-30,CA89353ZCH97,TransCanada PipeLines,TRP,Pipelines,senior,2.97,2031-06-09,2031-06-09,2021-06-09,,85.12,5.288273768977572,,ishares_xcb,evaluated,1803000.0
2023-06-30,CA89353ZCJ53,TransCanada PipeLines,TRP,Pipelines,senior,4.35,2026-05-12,2026-05-12,2022-05-12,,97.41,5.3322731637229195,,ishares_xcb,evaluated,1949000.0
2023-06-30,CA89353ZCK27,TransCanada PipeLines,TRP,Pipelines,senior,5.33,2032-05-12,2032-05-12,2022-05-12,,99.95,5.335338545581722,,ishares_xcb,evaluated,2618000.0
2023-06-30,CA89353ZCN65,TransCanada PipeLines,TRP,Pipelines,senior,5.28,2030-07-15,2030-07-15,2023-03-10,,100.33,5.226349167717629,,ishares_xcb,evaluated,4220000.0
2023-07-31,CA06368D3U60,Bank of Montreal,BMO,Banks,senior_bail_in,4.31,2027-06-01,2027-06-01,2022-06-01,,96.46,5.3404076144769626,,ishares_xcb,evaluated,8367000.0
2023-07-31,CA06368DPC25,Bank of Montreal,BMO,Banks,senior_bail_in,1.76,2026-03-10,2026-03-10,2021-03-10,,91.32,5.363187802654404,,ishares_xcb,evaluated,2650000.0
2023-07-31,CA06368DTH75,Bank of Montreal,BMO,Banks,senior_bail_in,1.55,2026-05-28,2026-05-28,2021-05-28,,90.15,5.350089855921606,,ishares_xcb,evaluated,4032000.0
2023-07-31,CA06368DW260,Bank of Montreal,BMO,Banks,senior_bail_in,3.65,2027-04-01,2027-04-01,2022-04-01,,94.37,5.357820076814173,,ishares_xcb,evaluated,6544000.0
2023-07-31,CA06368LEY89,Bank of Montreal,BMO,Banks,senior_bail_in,4.71,2027-12-07,2027-12-07,2022-12-07,,97.71,5.3039585466536865,,ishares_xcb,evaluated,8336000.0
2023-07-31,CA06368LNK84,Bank of Montreal,BMO,Banks,senior_bail_in,5.04,2028-05-29,2028-05-29,2023-05-29,,99.05,5.261923205736882,,ishares_xcb,evaluated,6630000.0
2023-07-31,CA06415E4E25,Bank of Nova Scotia,BNS,Banks,senior_bail_in,1.4,2027-11-01,2027-11-01,2020-10-15,,85.51,5.244229014510646,,ishares_xcb,evaluated,5812000.0
2023-07-31,CA06415FFT45,Bank of Nova Scotia,BNS,Banks,senior_bail_in,1.85,2026-11-02,2026-11-02,2021-10-08,,89.6,5.372478675318327,,ishares_xcb,evaluated,7580000.0
2023-07-31,CA06415GDE76,Bank of Nova Scotia,BNS,Banks,senior_bail_in,2.95,2027-03-08,2027-03-08,2022-03-07,,92.19,5.356583601916777,,ishares_xcb,evaluated,12634000.0
2023-07-31,CA06415GH297,Bank of Nova Scotia,BNS,Banks,senior_bail_in,5.5,2026-05-08,2026-05-08,2022-11-09,,100.04,5.47655863730309,,ishares_xcb,evaluated,5163000.0
2023-07-31,CA064164JA58,Bank of Nova Scotia,BNS,Banks,senior_bail_in,5.5,2025-12-29,2025-12-29,2023-06-29,,99.82,5.577743040384978,,ishares_xcb,evaluated,3800000.0
2023-07-31,CA07813ZAC82,Bell Canada,BCE,Telecom,senior,6.55,2029-05-01,2029-05-01,1999-07-19,,105.38,5.443193739637295,,ishares_xcb,evaluated,572000.0
2023-07-31,CA07813ZAL81,Bell Canada,BCE,Telecom,senior,7.85,2031-04-02,2031-04-02,2001-04-02,,113.89,5.59528397419964,,ishares_xcb,evaluated,730000.0
2023-07-31,CA07813ZAP95,Bell Canada,BCE,Telecom,senior,7.3,2032-02-23,2032-02-23,2002-02-22,,111.32,5.619556567472361,,ishares_xcb,evaluated,1191000.0
2023-07-31,CA07813ZAT18,Bell Canada,BCE,Telecom,senior,6.1,2035-03-16,2035-03-16,2004-03-16,,105.74,5.424850705256336,,ishares_xcb,evaluated,1396000.0
2023-07-31,CA07813ZBT09,Bell Canada,BCE,Telecom,senior,3.55,2026-03-02,2026-03-02,2016-02-29,,95.45,5.451210906830865,,ishares_xcb,evaluated,2832000.0
2023-07-31,CA07813ZBV54,Bell Canada,BCE,Telecom,senior,2.9,2026-08-12,2026-08-12,2016-08-12,,93.23,5.351301024267128,,ishares_xcb,evaluated,2218000.0
2023-07-31,CA07813ZCC64,Bell Canada,BCE,Telecom,senior,2.9,2029-09-10,2029-09-10,2019-09-10,,88.36,5.141278338600533,,ishares_xcb,evaluated,2111000.0
2023-07-31,CA07813ZCE21,Bell Canada,BCE,Telecom,senior,2.5,2030-05-14,2030-05-14,2020-05-14,,84.56,5.230026012919573,,ishares_xcb,evaluated,3402000.0
2023-07-31,CA07813ZCF95,Bell Canada,BCE,Telecom,senior,1.65,2027-08-16,2027-08-16,2020-08-14,,87.32,5.165924169532609,,ishares_xcb,evaluated,2611000.0
2023-07-31,CA07813ZCG78,Bell Canada,BCE,Telecom,senior,3.0,2031-03-17,2031-03-17,2021-03-17,,85.98,5.251679138735113,,ishares_xcb,evaluated,3854000.0
2023-07-31,CA07813ZCJ18,Bell Canada,BCE,Telecom,senior,2.2,2028-05-29,2028-05-29,2021-05-28,,87.68,5.10988128715805,,ishares_xcb,evaluated,1626000.0
2023-07-31,CA07813ZCK80,Bell Canada,BCE,Telecom,senior,5.85,2032-11-10,2032-11-10,2022-11-10,,103.82,5.320165376182109,,ishares_xcb,evaluated,3450000.0
2023-07-31,CA07813ZCL63,Bell Canada,BCE,Telecom,senior,4.55,2030-02-09,2030-02-09,2023-02-09,,96.48,5.195987110803,,ishares_xcb,evaluated,3245000.0
2023-07-31,CA11291ZAE75,Brookfield Infrastructure Finance,BIP,Utilities,senior,4.19,2028-09-11,2028-09-11,2018-09-10,,94.22,5.497730805437195,,ishares_xcb,evaluated,1616000.0
2023-07-31,CA11291ZAF41,Brookfield Infrastructure Finance,BIP,Utilities,senior,3.41,2029-10-09,2029-10-09,2019-10-03,,89.15,5.49989041833008,,ishares_xcb,evaluated,2931000.0
2023-07-31,CA11291ZAG24,Brookfield Infrastructure Finance,BIP,Utilities,senior,2.86,2032-09-01,2032-09-01,2020-09-01,,80.44,5.638657146639909,,ishares_xcb,evaluated,1805000.0
2023-07-31,CA11291ZAH07,Brookfield Infrastructure Finance,BIP,Utilities,senior,5.44,2034-04-25,2034-04-25,2022-04-25,,97.93,5.6987432776423725,,ishares_xcb,evaluated,1540000.0
2023-07-31,CA11291ZAK36,Brookfield Infrastructure Finance,BIP,Utilities,senior,5.62,2027-11-14,2027-11-14,2022-11-14,,100.28,5.5406607603363005,,ishares_xcb,evaluated,1250000.0
2023-07-31,CA11291ZAL19,Brookfield Infrastructure Finance,BIP,Utilities,senior,5.98,2033-02-14,2033-02-14,2022-11-14,,102.16,5.686190911782259,,ishares_xcb,evaluated,904000.0
2023-07-31,CA11291ZAM91,Brookfield Infrastructure Finance,BIP,Utilities,senior,5.71,2030-07-27,2030-07-27,2023-07-27,,100.71,5.5856684678951725,,ishares_xcb,evaluated,1500000.0
2023-07-31,CA13607GRU09,Canadian Imperial Bank of Commerce,CM,Banks,senior_bail_in,1.1,2026-01-19,2026-01-19,2021-01-19,,90.03,5.474387105397869,,ishares_xcb,evaluated,4367000.0
2023-07-31,CA13607H5C22,Canadian Imperial Bank of Commerce,CM,Banks,senior_bail_in,5.05,2027-10-07,2027-10-07,2022-10-07,,98.85,5.357061984900588,,ishares_xcb,evaluated,5755000.0
2023-07-31,CA13607HC349,Canadian Imperial Bank of Commerce,CM,Banks,senior_bail_in,2.25,2027-01-07,2027-01-07,2022-01-07,,90.18,5.420935068987816,,ishares_xcb,evaluated,5881000.0
2023-07-31,CA13607HV661,Canadian Imperial Bank of Commerce,CM,Banks,senior_bail_in,4.95,2027-06-29,2027-06-29,2022-06-29,,98.53,5.369872414154411,,ishares_xcb,evaluated,6674000.0
2023-07-31,CA13607HVV19,Canadian Imperial Bank of Commerce,CM,Banks,senior_bail_in,1.7,2026-07-15,2026-07-15,2021-07-15,,90.07,5.377016737929402,,ishares_xcb,evaluated,3702000.0
2023-07-31,CA13607LPY34,Canadian Imperial Bank of Commerce,CM,Banks,senior_bail_in,5.5,2028-01-14,2028-01-14,2023-07-14,,100.57,5.3531520737926135,,ishares_xcb,evaluated,3525000.0
2023-07-31,CA29251ZAD92,Enbridge Inc,ENB,Pipelines,senior,7.22,2030-07-24,2030-07-24,2000-07-24,,106.6,6.046481278727578,,ishares_xcb,evaluated,806000.0
2023-07-31,CA29251ZAK36,Enbridge Inc,ENB,Pipelines,senior,7.2,2032-06-18,2032-06-18,2001-06-18,,107.5,6.092410548778868,,ishares_xcb,evaluated,930000.0
2023-07-31,CA29251ZBK27,Enbridge Inc,ENB,Pipelines,senior,3.2,2027-06-08,2027-06-08,2017-06-08,,92.73,5.308525125822744,,ishares_xcb,evaluated,4872000.0
2023-07-31,CA29251ZBS52,Enbridge Inc,ENB,Pipelines,senior,2.99,2029-10-03,2029-10-03,2019-10-03,,88.35,5.220010588469859,,ishares_xcb,evaluated,3257000.0
2023-07-31,CA29251ZBU09,Enbridge Inc,ENB,Pipelines,senior,3.1,2033-09-21,2033-09-21,2021-09-21,,81.91,5.443015010392547,,ishares_xcb,evaluated,3267000.0
2023-07-31,CA29251ZBW64,Enbridge Inc,ENB,Pipelines,senior,6.1,2032-11-09,2032-11-09,2022-11-09,,104.58,5.461046712205874,,ishares_xcb,evaluated,2495000.0
2023-07-31,CA29251ZBY21,Enbridge Inc,ENB,Pipelines,senior,5.7,2027-11-09,2027-11-09,2022-11-09,,101.26,5.360976364769617,,ishares_xcb,evaluated,1746000.0
2023-07-31,CA29251ZBZ95,Enbridge Inc,ENB,Pipelines,senior,5.36,2033-05-26,2033-05-26,2023-05-26,,99.15,5.470871143188945,,ishares_xcb,evaluated,1840000.0
2023-07-31,CA29251ZCA36,Enbridge Inc,ENB,Pipelines,senior,4.9,2028-05-26,2028-05-26,2023-05-26,,98.51,5.250421556262078,,ishares_xcb,evaluated,1940000.0
2023-07-31,CA349553AP21,Fortis Inc,FTS,Utilities,senior,2.18,2028-05-15,2028-05-15,2021-05-14,,88.14,4.992399234737559,,ishares_xcb,evaluated,1918000.0
2023-07-31,CA349553AQ04,Fortis Inc,FTS,Utilities,senior,4.43,2029-05-31,2029-05-31,2022-05-31,,96.89,5.0505548522075605,,ishares_xcb,evaluated,1538000.0
2023-07-31,CA44810ZAB63,Hydro One Inc,H,Utilities,senior,6.93,2032-06-01,2032-06-01,2001-06-22,,113.99,4.954002701186411,,ishares_xcb,evaluated,1596000.0
2023-07-31,CA44810ZAD20,Hydro One Inc,H,Utilities,senior,6.35,2034-01-31,2034-01-31,2003-01-31,,112.2,4.853265292580778,,ishares_xcb,evaluated,1224000.0
2023-07-31,CA44810ZBR07,Hydro One Inc,H,Utilities,senior,2.77,2026-02-24,2026-02-24,2016-02-24,,94.62,5.034296949622523,,ishares_xcb,evaluated,1738000.0
2023-07-31,CA44810ZBZ23,Hydro One Inc,H,Utilities,senior,3.02,2029-04-05,2029-04-05,2019-04-05,,92.32,4.569038423739752,,ishares_xcb,evaluated,1913000.0
2023-07-31,CA44810ZCC29,Hydro One Inc,H,Utilities,senior,2.16,2030-02-28,2030-02-28,2020-02-28,,86.22,4.613967330411893,,ishares_xcb,evaluated,1506000.0
2023-07-31,CA44810ZCF59,Hydro One Inc,H,Utilities,senior,1.69,2031-01-16,2031-01-16,2020-10-09,,81.58,4.639345185077298,,ishares_xcb,evaluated,1590000.0
2023-07-31,CA44810ZCG33,Hydro One Inc,H,Utilities,senior,2.23,2031-09-17,2031-09-17,2021-09-17,,83.71,4.658505002202694,,ishares_xcb,evaluated,1598000.0
2023-07-31,CA44810ZCJ71,Hydro One Inc,H,Utilities,senior,4.91,2028-01-27,2028-01-27,2022-10-27,,100.36,4.819594836203703,,ishares_xcb,evaluated,2454000.0
2023-07-31,CA44810ZCK45,Hydro One Inc,H,Utilities,senior,3.93,2029-11-30,2029-11-30,2023-01-27,,96.43,4.5841043986091785,,ishares_xcb,evaluated,1122000.0
2023-07-31,CA44810ZCL28,Hydro One Inc,H,Utilities,senior,4.16,2033-01-27,2033-01-27,2023-01-27,,95.94,4.695025867657141,,ishares_xcb,evaluated,1080000.0
2023-07-31,CA448810AC58,Hydro One Inc,H,Utilities,senior,7.35,2030-06-03,2030-06-03,2000-06-01,,113.66,4.968143192494987,,ishares_xcb,evaluated,1353000.0
2023-07-31,CA63306AGJ93,National Bank of Canada,NA,Banks,senior_bail_in,1.57,2026-08-18,2026-08-18,2020-07-15,,92.26,4.307255025358702,,ishares_xcb,evaluated,1177000.0
2023-07-31,CA63306AGT75,National Bank of Canada,NA,Banks,senior_bail_in,1.53,2026-06-15,2026-06-15,2021-06-15,,89.96,5.343562653522778,,ishares_xcb,stale,2985000.0
2023-07-31,CA63306AHB58,National Bank of Canada,NA,Banks,senior_bail_in,2.24,2026-11-04,2026-11-04,2021-11-04,,90.7,5.385115220711124,,ishares_xcb,evaluated,3888000.0
2023-07-31,CA63306AHK57,National Bank of Canada,NA,Banks,senior_bail_in,5.3,2025-11-03,2025-11-03,2022-11-03,,99.4,5.577094635923209,,ishares_xcb,evaluated,3144000.0
2023-07-31,CA63306AHP45,National Bank of Canada,NA,Banks,senior_bail_in,5.22,2028-06-14,2028-06-14,2023-06-14,,99.66,5.298138003360372,,ishares_xcb,evaluated,5095000.0
2023-07-31,CA70632ZAF86,Pembina Pipeline,PPL,Pipelines,senior,4.24,2027-06-15,2027-06-15,2015-06-16,,96.01,5.393011978487575,,ishares_xcb,evaluated,1924000.0
2023-07-31,CA70632ZAG69,Pembina Pipeline,PPL,Pipelines,senior,3.71,2026-08-11,2026-08-11,2016-08-11,,95.09,5.495699651791378,,ishares_xcb,evaluated,2029000.0
2023-07-31,CA70632ZAK71,Pembina Pipeline,PPL,Pipelines,senior,4.02,2028-03-27,2028-03-27,2018-03-26,,94.3,5.416874612051416,,ishares_xcb,evaluated,2345000.0
2023-07-31,CA70632ZAM38,Pembina Pipeline,PPL,Pipelines,senior,3.62,2029-04-03,2029-04-03,2019-04-03,,91.68,5.3368591577481475,,ishares_xcb,evaluated,2233000.0
2023-07-31,CA70632ZAQ42,Pembina Pipeline,PPL,Pipelines,senior,3.31,2030-02-01,2030-02-01,2019-09-12,,88.58,5.4197037708823474,,ishares_xcb,evaluated,1920000.0
2023-07-31,CA70632ZAS08,Pembina Pipeline,PPL,Pipelines,senior,3.53,2031-12-10,2031-12-10,2021-12-10,,86.67,5.542914432172418,,ishares_xcb,evaluated,1566000.0
2023-07-31,CA775109BJ98,Rogers Communications,RCI,Telecom,senior,3.25,2029-05-01,2029-05-01,2019-04-30,,89.35,5.427683161324557,,ishares_xcb,evaluated,3299000.0
2023-07-31,CA775109BK61,Rogers Communications,RCI,Telecom,senior,3.65,2027-03-31,2027-03-31,2020-03-31,,93.59,5.6055581233632426,,ishares_xcb,evaluated,5142000.0
2023-07-31,CA775109BT70,Rogers Communications,RCI,Telecom,senior,3.75,2029-04-15,2029-04-15,2022-03-11,,91.86,5.425587697522754,,ishares_xcb,evaluated,3376000.0
2023-07-31,CA775109BV27,Rogers Communications,RCI,Telecom,senior,4.25,2032-04-15,2032-04-15,2022-03-11,,90.71,5.611750441045051,,ishares_xcb,evaluated,3092000.0
2023-07-31,CA775109CM19,Rogers Communications,RCI,Telecom,senior,3.8,2027-03-01,2027-03-01,2023-04-03,,94.22,5.5956832690949865,,ishares_xcb,evaluated,1155000.0
2023-07-31,CA775109CP40,Rogers Communications,RCI,Telecom,senior,4.4,2028-11-02,2028-11-02,2023-04-03,,95.15,5.470745968522663,,ishares_xcb,evaluated,1848000.0
2023-07-31,CA775109CQ23,Rogers Communications,RCI,Telecom,senior,3.3,2029-12-10,2029-12-10,2019-12-09,,88.32,5.499976749790896,,ishares_xcb,evaluated,1784000.0
2023-07-31,CA775109CS88,Rogers Communications,RCI,Telecom,senior,2.9,2030-12-09,2030-12-09,2020-04-22,,83.92,5.595168456127533,,ishares_xcb,evaluated,1771000.0
2023-07-31,CA780086RQ98,Royal Bank of Canada,RY,Banks,senior_bail_in,2.33,2027-01-28,2027-01-28,2020-01-28,,90.42,5.375545049675146,,ishares_xcb,evaluated,7696000.0
2023-07-31,CA780086TM66,Royal Bank of Canada,RY,Banks,senior_bail_in,1.59,2026-05-04,2026-05-04,2021-05-04,,90.38,5.38413620938355,,ishares_xcb,evaluated,4058000.0
2023-07-31,CA780086TY05,Royal Bank of Canada,RY,Banks,senior_bail_in,1.83,2028-07-31,2028-07-31,2021-07-29,,85.61,5.1293678174353365,,ishares_xcb,evaluated,3495000.0
2023-07-31,CA780086UT90,Royal Bank of Canada,RY,Banks,senior_bail_in,3.37,2025-09-29,2025-09-29,2022-03-28,,95.55,5.575160364365922,,ishares_xcb,evaluated,10027000.0
2023-07-31,CA780086VK72,Royal Bank of Canada,RY,Banks,senior_bail_in,4.61,2027-07-26,2027-07-26,2022-07-25,,97.49,5.31665024328409,,ishares_xcb,evaluated,6847000.0
2023-07-31,CA780086VV38,Royal Bank of Canada,RY,Banks,senior_bail_in,5.24,2026-11-02,2026-11-02,2022-10-28,,99.56,5.382635099853374,,ishares_xcb,evaluated,6003000.0
2023-07-31,CA780086WE04,Royal Bank of Canada,RY,Banks,senior_bail_in,4.11,2025-12-22,2025-12-22,2022-12-22,,97.6,5.186679234485886,,ishares_xcb,evaluated,4100000.0
2023-07-31,CA780086WG51,Royal Bank of Canada,RY,Banks,senior_bail_in,4.64,2028-01-17,2028-01-17,2023-01-17,,97.46,5.285566367206877,,ishares_xcb,evaluated,6471000.0
2023-07-31,CA780086XL38,Royal Bank of Canada,RY,Banks,senior_bail_in,4.63,2028-05-01,2028-05-01,2023-04-20,,97.4,5.25120558874436,,ishares_xcb,evaluated,8590000.0
2023-07-31,CA780086ZE76,Royal Bank of Canada,RY,Banks,senior_bail_in,5.34,2026-06-23,2026-06-23,2023-06-23,,99.77,5.4240975878030575,,ishares_xcb,evaluated,3925000.0
2023-07-31,CA780086ZH08,Royal Bank of Canada,RY,Banks,senior_bail_in,5.23,2030-06-24,2030-06-24,2023-06-23,,100.07,5.216590334902275,,ishares_xcb,evaluated,4000000.0
2023-07-31,CA87971MBC60,TELUS,TU,Telecom,senior,3.75,2026-03-10,2026-03-10,2015-12-08,,95.85,5.470172492926306,,ishares_xcb,evaluated,1878000.0
2023-07-31,CA87971MBG74,TELUS,TU,Telecom,senior,3.63,2028-03-01,2028-03-01,2018-03-01,,93.5,5.238624196218044,,ishares_xcb,evaluated,2045000.0
2023-07-31,CA87971MBJ14,TELUS,TU,Telecom,senior,3.3,2029-05-02,2029-05-02,2019-04-03,,90.7,5.187353582295856,,ishares_xcb,evaluated,3499000.0
2023-07-31,CA87971MBL69,TELUS,TU,Telecom,senior,2.75,2026-07-08,2026-07-08,2019-07-02,,93.07,5.3285654593812675,,ishares_xcb,evaluated,2385000.0
2023-07-31,CA87971MBN26,TELUS,TU,Telecom,senior,3.15,2030-02-19,2030-02-19,2019-12-16,,88.32,5.283853218762399,,ishares_xcb,evaluated,2017000.0
2023-07-31,CA87971MBQ56,TELUS,TU,Telecom,senior,2.35,2028-01-27,2028-01-27,2020-05-29,,88.61,5.229442769248426,,ishares_xcb,evaluated,2134000.0
2023-07-31,CA87971MBS13,TELUS,TU,Telecom,senior,2.05,2030-10-07,2030-10-07,2020-10-05,,80.76,5.304208642305581,,ishares_xcb,evaluated,1754000.0
2023-07-31,CA87971MBV42,TELUS,TU,Telecom,senior,2.85,2031-11-13,2031-11-13,2021-06-28,,83.41,5.353974503105988,,ishares_xcb,evaluated,2590000.0
2023-07-31,CA87971MBX08,TELUS,TU,Telecom,senior,5.25,2032-11-15,2032-11-15,2022-09-13,,99.06,5.377454905213643,,ishares_xcb,evaluated,3526000.0
2023-07-31,CA87971MBZ55,TELUS,TU,Telecom,senior,5.0,2029-09-13,2029-09-13,2022-09-13,,98.81,5.225560057164837,,ishares_xcb,evaluated,1334000.0
2023-07-31,CA87971MCA95,TELUS,TU,Telecom,senior,4.95,2033-03-28,2033-03-28,2023-03-28,,96.6,5.403579195944015,,ishares_xcb,evaluated,1383000.0
2023-07-31,CA89117F3M90,Toronto-Dominion Bank,TD,Banks,senior_bail_in,2.67,2025-09-09,2025-09-09,2022-03-09,,94.28,5.57683561958217,,ishares_xcb,evaluated,12074000.0
2023-07-31,CA89117F7G86,Toronto-Dominion Bank,TD,Banks,senior_bail_in,4.21,2027-06-01,2027-06-01,2022-06-01,,96.22,5.3098027960790395,,ishares_xcb,evaluated,9140000.0
2023-07-31,CA89117F7H69,Toronto-Dominion Bank,TD,Banks,senior_bail_in,5.38,2027-10-21,2027-10-21,2022-10-21,,100.33,5.28839288568654,,ishares_xcb,evaluated,6245000.0
2023-07-31,CA89117F8V45,Toronto-Dominion Bank,TD,Banks,senior_bail_in,4.34,2026-01-27,2026-01-27,2022-07-27,,97.42,5.462196043382042,,ishares_xcb,evaluated,4966000.0
2023-07-31,CA89117FA338,Toronto-Dominion Bank,TD,Banks,senior_bail_in,1.89,2028-03-08,2028-03-08,2021-03-08,,86.72,5.164611391438784,,ishares_xcb,evaluated,4775000.0
2023-07-31,CA89117FJ347,Toronto-Dominion Bank,TD,Banks,senior_bail_in,1.9,2028-09-11,2028-09-11,2021-09-10,,85.67,5.118430406639077,,ishares_xcb,evaluated,4245000.0
2023-07-31,CA89117FYZ66,Toronto-Dominion Bank,TD,Banks,senior_bail_in,1.13,2025-12-09,2025-12-09,2020-12-09,,90.53,5.4641615508859696,,ishares_xcb,evaluated,5960000.0
2023-07-31,CA89117FZ442,Toronto-Dominion Bank,TD,Banks,senior_bail_in,2.26,2027-01-07,2027-01-07,2022-01-07,,90.38,5.362979003514842,,ishares_xcb,evaluated,5812000.0
2023-07-31,CA89117GK301,Toronto-Dominion Bank,TD,Banks,senior_bail_in,5.42,2026-07-10,2026-07-10,2023-07-10,,100.02,5.41025526206837,,ishares_xcb,evaluated,4700000.0
2023-07-31,CA89117GRJ80,Toronto-Dominion Bank,TD,Banks,senior_bail_in,4.68,2029-01-08,2029-01-08,2022-12-07,,97.69,5.171581336495954,,ishares_xcb,evaluated,8115000.0
2023-07-31,CA89117GTQ06,Toronto-Dominion Bank,TD,Banks,senior_bail_in,4.48,2028-01-18,2028-01-18,2023-01-18,,96.92,5.262249836914664,,ishares_xcb,evaluated,6836000.0
2023-07-31,CA89353ZAP32,TransCanada PipeLines,TRP,Pipelines,senior,8.29,2026-02-05,2026-02-05,1996-02-05,,105.13,6.0724680303123195,,ishares_xcb,evaluated,944000.0
2023-07-31,CA89353ZBA53,TransCanada PipeLines,TRP,Pipelines,senior,6.89,2028-08-07,2028-08-07,1997-07-30,,105.19,5.692594564448169,,ishares_xcb,evaluated,712000.0
2023-07-31,CA89353ZBE75,TransCanada PipeLines,TRP,Pipelines,senior,6.28,2028-05-26,2028-05-26,1998-05-26,,102.56,5.661125419225825,,ishares_xcb,evaluated,803000.0
2023-07-31,CA89353ZBK36,TransCanada PipeLines,TRP,Pipelines,senior,6.5,2030-12-09,2030-12-09,1998-12-07,,102.59,6.056435750654566,,ishares_xcb,evaluated,775000.0
2023-07-31,CA89353ZCA45,TransCanada PipeLines,TRP,Pipelines,senior,3.39,2028-03-15,2028-03-15,2017-09-15,,92.37,5.266731954864655,,ishares_xcb,evaluated,2009000.0
2023-07-31,CA89353ZCE66,TransCanada PipeLines,TRP,Pipelines,senior,3.0,2029-09-18,2029-09-18,2019-09-18,,88.12,5.291076625437259,,ishares_xcb,evaluated,2918000.0
2023-07-31,CA89353ZCF32,TransCanada PipeLines,TRP,Pipelines,senior,3.8,2027-04-05,2027-04-05,2020-04-03,,94.87,5.351408273632301,,ishares_xcb,evaluated,6928000.0
2023-07-31,CA89353ZCH97,TransCanada PipeLines,TRP,Pipelines,senior,2.97,2031-06-09,2031-06-09,2021-06-09,,84.25,5.461078420993163,,ishares_xcb,evaluated,1873000.0
2023-07-31,CA89353ZCJ53,TransCanada PipeLines,TRP,Pipelines,senior,4.35,2026-05-12,2026-05-12,2022-05-12,,97.18,5.45008129492357,,ishares_xcb,evaluated,1949000.0
2023-07-31,CA89353ZCK27,TransCanada PipeLines,TRP,Pipelines,senior,5.33,2032-05-12,2032-05-12,2022-05-12,,98.69,5.517538779664419,,ishares_xcb,evaluated,2618000.0
2023-07-31,CA89353ZCN65,TransCanada PipeLines,TRP,Pipelines,senior,5.28,2030-07-15,2030-07-15,2023-03-10,,99.54,5.359278281250853,,ishares_xcb,evaluated,4160000.0
2023-08-31,CA06368D3U60,Bank of Montreal,BMO,Banks,senior_bail_in,4.31,2027-06-01,2027-06-01,2022-06-01,,96.14,5.458797089316128,,ishares_xcb,evaluated,8317000.0
2023-08-31,CA06368DPC25,Bank of Montreal,BMO,Banks,senior_bail_in,1.76,2026-03-10,2026-03-10,2021-03-10,,91.49,5.404634295709617,,ishares_xcb,evaluated,2650000.0
2023-08-31,CA06368DTH75,Bank of Montreal,BMO,Banks,senior_bail_in,1.55,2026-05-28,2026-05-28,2021-05-28,,90.3,5.4013307728660935,,ishares_xcb,evaluated,4032000.0
2023-08-31,CA06368DW260,Bank of Montreal,BMO,Banks,senior_bail_in,3.65,2027-04-01,2027-04-01,2022-04-01,,94.17,5.4603783742043275,,ishares_xcb,evaluated,6544000.0
2023-08-31,CA06368LEY89,Bank of Montreal,BMO,Banks,senior_bail_in,4.71,2027-12-07,2027-12-07,2022-12-07,,97.27,5.432424901186165,,ishares_xcb,evaluated,8336000.0
2023-08-31,CA06368LNK84,Bank of Montreal,BMO,Banks,senior_bail_in,5.04,2028-05-29,2028-05-29,2023-05-29,,98.48,5.402878469075953,,ishares_xcb,evaluated,6980000.0
2023-08-31,CA06415E4E25,Bank of Nova Scotia,BNS,Banks,senior_bail_in,1.4,2027-11-01,2027-11-01,2020-10-15,,85.54,5.3111300502470735,,ishares_xcb,evaluated,5812000.0
2023-08-31,CA06415FFT45,Bank of Nova Scotia,BNS,Banks,senior_bail_in,1.85,2026-11-02,2026-11-02,2021-10-08,,89.71,5.422810333153034,,ishares_xcb,evaluated,7550000.0
2023-08-31,CA06415GDE76,Bank of Nova Scotia,BNS,Banks,senior_bail_in,2.95,2027-03-08,2027-03-08,2022-03-07,,92.08,5.448000148932023,,ishares_xcb,evaluated,12584000.0
2023-08-31,CA06415GH297,Bank of Nova Scotia,BNS,Banks,senior_bail_in,5.5,2026-05-08,2026-05-08,2022-11-09,,99.89,5.535311280972866,,ishares_xcb,evaluated,5483000.0
2023-08-31,CA064164JA58,Bank of Nova Scotia,BNS,Banks,senior_bail_in,5.5,2025-12-29,2025-12-29,2023-06-29,,99.76,5.606227013137171,,ishares_xcb,evaluated,3800000.0
2023-08-31,CA07813ZAC82,Bell Canada,BCE,Telecom,senior,6.55,2029-05-01,2029-05-01,1999-07-19,,104.77,5.551827309980303,,ishares_xcb,evaluated,572000.0
2023-08-31,CA07813ZAL81,Bell Canada,BCE,Telecom,senior,7.85,2031-04-02,2031-04-02,2001-04-02,,113.15,5.689061758118983,,ishares_xcb,evaluated,730000.0
2023-08-31,CA07813ZAP95,Bell Canada,BCE,Telecom,senior,7.3,2032-02-23,2032-02-23,2002-02-22,,110.33,5.743369283942555,,ishares_xcb,evaluated,1191000.0
2023-08-31,CA07813ZAT18,Bell Canada,BCE,Telecom,senior,6.1,2035-03-16,2035-03-16,2004-03-16,,104.72,5.5380292297791245,,ishares_xcb,evaluated,1396000.0
2023-08-31,CA07813ZBT09,Bell Canada,BCE,Telecom,senior,3.55,2026-03-02,2026-03-02,2016-02-29,,95.54,5.472817149760253,,ishares_xcb,evaluated,2832000.0
2023-08-31,CA07813ZBV54,Bell Canada,BCE,Telecom,senior,2.9,2026-08-12,2026-08-12,2016-08-12,,93.35,5.367618948974565,,ishares_xcb,evaluated,2218000.0
2023-08-31,CA07813ZCC64,Bell Canada,BCE,Telecom,senior,2.9,2029-09-10,2029-09-10,2019-09-10,,88.02,5.241458507091687,,ishares_xcb,evaluated,2071000.0
2023-08-31,CA07813ZCE21,Bell Canada,BCE,Telecom,senior,2.5,2030-05-14,2030-05-14,2020-05-14,,84.22,5.328359404372061,,ishares_xcb,evaluated,3372000.0
2023-08-31,CA07813ZCF95,Bell Canada,BCE,Telecom,senior,1.65,2027-08-16,2027-08-16,2020-08-14,,87.35,5.228196082919821,,ishares_xcb,evaluated,2611000.0
2023-08-31,CA07813ZCG78,Bell Canada,BCE,Telecom,senior,3.0,2031-03-17,2031-03-17,2021-03-17,,85.38,5.380781603378501,,ishares_xcb,evaluated,4084000.0
2023-08-31,CA07813ZCJ18,Bell Canada,BCE,Telecom,senior,2.2,2028-05-29,2028-05-29,2021-05-28,,87.42,5.22610126880784,,ishares_xcb,evaluated,1626000.0
2023-08-31,CA07813ZCK80,Bell Canada,BCE,Telecom,senior,5.85,2032-11-10,2032-11-10,2022-11-10,,102.94,5.4360508572141075,,ishares_xcb,evaluated,3450000.0
2023-08-31,CA07813ZCL63,Bell Canada,BCE,Telecom,senior,4.55,2030-02-09,2030-02-09,2023-02-09,,95.84,5.320388783072961,,ishares_xcb,evaluated,3245000.0
2023-08-31,CA11291ZAE75,Brookfield Infrastructure Finance,BIP,Utilities,senior,4.19,2028-09-11,2028-09-11,2018-09-10,,93.94,5.584439944672171,,ishares_xcb,evaluated,1616000.0
2023-08-31,CA11291ZAF41,Brookfield Infrastructure Finance,BIP,Utilities,senior,3.41,2029-10-09,2029-10-09,2019-10-03,,88.91,5.576272913538186,,ishares_xcb,evaluated,2931000.0
2023-08-31,CA11291ZAG24,Brookfield Infrastructure Finance,BIP,Utilities,senior,2.86,2032-09-01,2032-09-01,2020-09-01,,80.03,5.729025415011211,,ishares_xcb,evaluated,1805000.0
2023-08-31,CA11291ZAH07,Brookfield Infrastructure Finance,BIP,Utilities,senior,5.44,2034-04-25,2034-04-25,2022-04-25,,97.28,5.783942376960082,,ishares_xcb,evaluated,1540000.0
2023-08-31,CA11291ZAK36,Brookfield Infrastructure Finance,BIP,Utilities,senior,5.62,2027-11-14,2027-11-14,2022-11-14,,100.09,5.589454751757031,,ishares_xcb,evaluated,1250000.0
2023-08-31,CA11291ZAL19,Brookfield Infrastructure Finance,BIP,Utilities,senior,5.98,2033-02-14,2033-02-14,2022-11-14,,101.49,5.7724773034743,,ishares_xcb,evaluated,904000.0
2023-08-31,CA11291ZAM91,Brookfield Infrastructure Finance,BIP,Utilities,senior,5.71,2030-07-27,2030-07-27,2023-07-27,,100.3,5.655043985081367,,ishares_xcb,evaluated,1500000.0
2023-08-31,CA13607GRU09,Canadian Imperial Bank of Commerce,CM,Banks,senior_bail_in,1.1,2026-01-19,2026-01-19,2021-01-19,,90.4,5.448963817382406,,ishares_xcb,evaluated,4327000.0
2023-08-31,CA13607H5C22,Canadian Imperial Bank of Commerce,CM,Banks,senior_bail_in,5.05,2027-10-07,2027-10-07,2022-10-07,,98.48,5.465706606479941,,ishares_xcb,evaluated,5755000.0
2023-08-31,CA13607HC349,Canadian Imperial Bank of Commerce,CM,Banks,senior_bail_in,2.25,2027-01-07,2027-01-07,2022-01-07,,90.22,5.483006963041643,,ishares_xcb,evaluated,6091000.0
2023-08-31,CA13607HV661,Canadian Imperial Bank of Commerce,CM,Banks,senior_bail_in,4.95,2027-06-29,2027-06-29,2022-06-29,,98.18,5.4806434306711305,,ishares_xcb,evaluated,6674000.0
2023-08-31,CA13607HVV19,Canadian Imperial Bank of Commerce,CM,Banks,senior_bail_in,1.7,2026-07-15,2026-07-15,2021-07-15,,90.25,5.40914451176406,,ishares_xcb,evaluated,3702000.0
2023-08-31,CA13607LPY34,Canadian Imperial Bank of Commerce,CM,Banks,senior_bail_in,5.5,2028-01-14,2028-01-14,2023-07-14,,100.14,5.460162786793788,,ishares_xcb,evaluated,3525000.0
2023-08-31,CA29251ZAD92,Enbridge Inc,ENB,Pipelines,senior,7.22,2030-07-24,2030-07-24,2000-07-24,,105.87,6.159757352064782,,ishares_xcb,evaluated,806000.0
2023-08-31,CA29251ZAK36,Enbridge Inc,ENB,Pipelines,senior,7.2,2032-06-18,2032-06-18,2001-06-18,,106.67,6.202308658478939,,ishares_xcb,evaluated,930000.0
2023-08-31,CA29251ZBK27,Enbridge Inc,ENB,Pipelines,senior,3.2,2027-06-08,2027-06-08,2017-06-08,,92.6,5.3929973004411265,,ishares_xcb,evaluated,4822000.0
2023-08-31,CA29251ZBS52,Enbridge Inc,ENB,Pipelines,senior,2.99,2029-10-03,2029-10-03,2019-10-03,,87.83,5.357172603765441,,ishares_xcb,evaluated,3257000.0
2023-08-31,CA29251ZBU09,Enbridge Inc,ENB,Pipelines,senior,3.1,2033-09-21,2033-09-21,2021-09-21,,81.36,5.540679887979747,,ishares_xcb,evaluated,3267000.0
2023-08-31,CA29251ZBW64,Enbridge Inc,ENB,Pipelines,senior,6.1,2032-11-09,2032-11-09,2022-11-09,,103.78,5.565433654408416,,ishares_xcb,evaluated,2495000.0
2023-08-31,CA29251ZBY21,Enbridge Inc,ENB,Pipelines,senior,5.7,2027-11-09,2027-11-09,2022-11-09,,100.97,5.431697722068672,,ishares_xcb,evaluated,1746000.0
2023-08-31,CA29251ZBZ95,Enbridge Inc,ENB,Pipelines,senior,5.36,2033-05-26,2033-05-26,2023-05-26,,98.47,5.562851745578806,,ishares_xcb,evaluated,1790000.0
2023-08-31,CA29251ZCA36,Enbridge Inc,ENB,Pipelines,senior,4.9,2028-05-26,2028-05-26,2023-05-26,,98.09,5.357412404853931,,ishares_xcb,evaluated,2290000.0
2023-08-31,CA349553AP21,Fortis Inc,FTS,Utilities,senior,2.18,2028-05-15,2028-05-15,2021-05-14,,87.98,5.081551658469604,,ishares_xcb,evaluated,1918000.0
2023-08-31,CA349553AQ04,Fortis Inc,FTS,Utilities,senior,4.43,2029-05-31,2029-05-31,2022-05-31,,96.46,5.1471744927417715,,ishares_xcb,evaluated,1538000.0
2023-08-31,CA44810ZAB63,Hydro One Inc,H,Utilities,senior,6.93,2032-06-01,2032-06-01,2001-06-22,,113.04,5.064704675127829,,ishares_xcb,evaluated,1596000.0
2023-08-31,CA44810ZAD20,Hydro One Inc,H,Utilities,senior,6.35,2034-01-31,2034-01-31,2003-01-31,,110.69,5.018405044493283,,ishares_xcb,evaluated,1224000.0
2023-08-31,CA44810ZBR07,Hydro One Inc,H,Utilities,senior,2.77,2026-02-24,2026-02-24,2016-02-24,,94.8,5.025041070074885,,ishares_xcb,evaluated,1738000.0
2023-08-31,CA44810ZBZ23,Hydro One Inc,H,Utilities,senior,3.02,2029-04-05,2029-04-05,2019-04-05,,91.9,4.680940370724191,,ishares_xcb,evaluated,1913000.0
2023-08-31,CA44810ZCC29,Hydro One Inc,H,Utilities,senior,2.16,2030-02-28,2030-02-28,2020-02-28,,85.85,4.715619905918466,,ishares_xcb,evaluated,1506000.0
2023-08-31,CA44810ZCF59,Hydro One Inc,H,Utilities,senior,1.69,2031-01-16,2031-01-16,2020-10-09,,81.19,4.74162896366562,,ishares_xcb,evaluated,1530000.0
2023-08-31,CA44810ZCG33,Hydro One Inc,H,Utilities,senior,2.23,2031-09-17,2031-09-17,2021-09-17,,83.25,4.758579704618133,,ishares_xcb,evaluated,1598000.0
2023-08-31,CA44810ZCJ71,Hydro One Inc,H,Utilities,senior,4.91,2028-01-27,2028-01-27,2022-10-27,,100.11,4.879807057475841,,ishares_xcb,evaluated,2454000.0
2023-08-31,CA44810ZCK45,Hydro One Inc,H,Utilities,senior,3.93,2029-11-30,2029-11-30,2023-01-27,,95.97,4.678828032215669,,ishares_xcb,evaluated,1122000.0
2023-08-31,CA44810ZCL28,Hydro One Inc,H,Utilities,senior,4.16,2033-01-27,2033-01-27,2023-01-27,,95.26,4.791013895075991,,ishares_xcb,evaluated,1080000.0
2023-08-31,CA448810AC58,Hydro One Inc,H,Utilities,senior,7.35,2030-06-03,2030-06-03,2000-06-01,,112.99,5.053769372044608,,ishares_xcb,evaluated,1353000.0
2023-08-31,CA63306AGJ93,National Bank of Canada,NA,Banks,senior_bail_in,1.57,2026-08-18,2026-08-18,2020-07-15,,92.53,4.279345242319921,,ishares_xcb,evaluated,1177000.0
2023-08-31,CA63306AGT75,National Bank of Canada,NA,Banks,senior_bail_in,1.53,2026-06-15,2026-06-15,2021-06-15,,90.16,5.374163398602957,,ishares_xcb,evaluated,3335000.0
2023-08-31,CA63306AHB58,National Bank of Canada,NA,Banks,senior_bail_in,2.24,2026-11-04,2026-11-04,2021-11-04,,90.71,5.461911522168932,,ishares_xcb,evaluated,3888000.0
2023-08-31,CA63306AHK57,National Bank of Canada,NA,Banks,senior_bail_in,5.3,2025-11-03,2025-11-03,2022-11-03,,99.33,5.620554642762655,,ishares_xcb,evaluated,3144000.0
2023-08-31,CA63306AHP45,National Bank of Canada,NA,Banks,senior_bail_in,5.22,2028-06-14,2028-06-14,2023-06-14,,99.15,5.421208180991687,,ishares_xcb,evaluated,5095000.0
2023-08-31,CA70632ZAF86,Pembina Pipeline,PPL,Pipelines,senior,4.24,2027-06-15,2027-06-15,2015-06-16,,95.81,5.476583596945831,,ishares_xcb,evaluated,1924000.0
2023-08-31,CA70632ZAG69,Pembina Pipeline,PPL,Pipelines,senior,3.71,2026-08-11,2026-08-11,2016-08-11,,95.13,5.5225496193701105,,ishares_xcb,evaluated,2029000.0
2023-08-31,CA70632ZAK71,Pembina Pipeline,PPL,Pipelines,senior,4.02,2028-03-27,2028-03-27,2018-03-26,,94.03,5.51018281321102,,ishares_xcb,evaluated,2295000.0
2023-08-31,CA70632ZAM38,Pembina Pipeline,PPL,Pipelines,senior,3.62,2029-04-03,2029-04-03,2019-04-03,,91.27,5.451092510628774,,ishares_xcb,evaluated,2233000.0
2023-08-31,CA70632ZAQ42,Pembina Pipeline,PPL,Pipelines,senior,3.31,2030-02-01,2030-02-01,2019-09-12,,88.17,5.523157664569923,,ishares_xcb,evaluated,1920000.0
2023-08-31,CA70632ZAS08,Pembina Pipeline,PPL,Pipelines,senior,3.53,2031-12-10,2031-12-10,2021-12-10,,86.19,5.64006988009302,,ishares_xcb,evaluated,1566000.0
2023-08-31,CA775109BJ98,Rogers Communications,RCI,Telecom,senior,3.25,2029-05-01,2029-05-01,2019-04-30,,88.94,5.547832992734153,,ishares_xcb,evaluated,3299000.0
2023-08-31,CA775109BK61,Rogers Communications,RCI,Telecom,senior,3.65,2027-03-31,2027-03-31,2020-03-31,,93.58,5.652606952869372,,ishares_xcb,evaluated,5422000.0
2023-08-31,CA775109BT70,Rogers Communications,RCI,Telecom,senior,3.75,2029-04-15,2029-04-15,2022-03-11,,91.43,5.542994541044152,,ishares_xcb,evaluated,3376000.0
2023-08-31,CA775109BV27,Rogers Communications,RCI,Telecom,senior,4.25,2032-04-15,2032-04-15,2022-03-11,,90.05,5.726795969769581,,ishares_xcb,evaluated,3092000.0
2023-08-31,CA775109CM19,Rogers Communications,RCI,Telecom,senior,3.8,2027-03-01,2027-03-01,2023-04-03,,94.19,5.648097523108178,,ishares_xcb,evaluated,1155000.0
2023-08-31,CA775109CP40,Rogers Communications,RCI,Telecom,senior,4.4,2028-11-02,2028-11-02,2023-04-03,,94.74,5.580811617192586,,ishares_xcb,evaluated,1848000.0
2023-08-31,CA775109CQ23,Rogers Communications,RCI,Telecom,senior,3.3,2029-12-10,2029-12-10,2019-12-09,,87.92,5.608519013121642,,ishares_xcb,evaluated,1784000.0
2023-08-31,CA775109CS88,Rogers Communications,RCI,Telecom,senior,2.9,2030-12-09,2030-12-09,2020-04-22,,83.55,5.692580234769727,,ishares_xcb,evaluated,1771000.0
2023-08-31,CA780086RQ98,Royal Bank of Canada,RY,Banks,senior_bail_in,2.33,2027-01-28,2027-01-28,2020-01-28,,90.48,5.426280685960389,,ishares_xcb,evaluated,7696000.0
2023-08-31,CA780086TM66,Royal Bank of Canada,RY,Banks,senior_bail_in,1.59,2026-05-04,2026-05-04,2021-05-04,,90.63,5.393654806744924,,ishares_xcb,evaluated,4058000.0
2023-08-31,CA780086TY05,Royal Bank of Canada,RY,Banks,senior_bail_in,1.83,2028-07-31,2028-07-31,2021-07-29,,85.5,5.210981388292529,,ishares_xcb,evaluated,3465000.0
2023-08-31,CA780086UT90,Royal Bank of Canada,RY,Banks,senior_bail_in,3.37,2025-09-29,2025-09-29,2022-03-28,,95.66,5.603139941019055,,ishares_xcb,evaluated,9987000.0
2023-08-31,CA780086VK72,Royal Bank of Canada,RY,Banks,senior_bail_in,4.61,2027-07-26,2027-07-26,2022-07-25,,97.2,5.413174775593169,,ishares_xcb,evaluated,6847000.0
2023-08-31,CA780086VV38,Royal Bank of Canada,RY,Banks,senior_bail_in,5.24,2026-11-02,2026-11-02,2022-10-28,,99.34,5.461798348531886,,ishares_xcb,evaluated,6003000.0
2023-08-31,CA780086WE04,Royal Bank of Canada,RY,Banks,senior_bail_in,4.11,2025-12-22,2025-12-22,2022-12-22,,97.76,5.147572025008676,,ishares_xcb,evaluated,4450000.0
2023-08-31,CA780086WG51,Royal Bank of Canada,RY,Banks,senior_bail_in,4.64,2028-01-17,2028-01-17,2023-01-17,,97.14,5.37927350314991,,ishares_xcb,evaluated,6471000.0
2023-08-31,CA780086XL38,Royal Bank of Canada,RY,Banks,senior_bail_in,4.63,2028-05-01,2028-05-01,2023-04-20,,96.97,5.367600450983936,,ishares_xcb,evaluated,8890000.0
2023-08-31,CA780086ZE76,Royal Bank of Canada,RY,Banks,senior_bail_in,5.34,2026-06-23,2026-06-23,2023-06-23,,99.67,5.463863573234725,,ishares_xcb,evaluated,3925000.0
2023-08-31,CA780086ZH08,Royal Bank of Canada,RY,Banks,senior_bail_in,5.23,2030-06-24,2030-06-24,2023-06-23,,99.34,5.344942553442786,,ishares_xcb,evaluated,4000000.0
2023-08-31,CA87971MBC60,TELUS,TU,Telecom,senior,3.75,2026-03-10,2026-03-10,2015-12-08,,95.97,5.472346036118566,,ishares_xcb,evaluated,1878000.0
2023-08-31,CA87971MBG74,TELUS,TU,Telecom,senior,3.63,2028-03-01,2028-03-01,2018-03-01,,93.04,5.388948129977554,,ishares_xcb,evaluated,2045000.0
2023-08-31,CA87971MBJ14,TELUS,TU,Telecom,senior,3.3,2029-05-02,2029-05-02,2019-04-03,,90.18,5.326147491548513,,ishares_xcb,evaluated,3449000.0
2023-08-31,CA87971MBL69,TELUS,TU,Telecom,senior,2.75,2026-07-08,2026-07-08,2019-07-02,,93.15,5.368636609725722,,ishares_xcb,evaluated,2385000.0
2023-08-31,CA87971MBN26,TELUS,TU,Telecom,senior,3.15,2030-02-19,2030-02-19,2019-12-16,,87.83,5.40438913034893,,ishares_xcb,evaluated,2367000.0
2023-08-31,CA87971MBQ56,TELUS,TU,Telecom,senior,2.35,2028-01-27,2028-01-27,2020-05-29,,88.34,5.355588673837075,,ishares_xcb,evaluated,2134000.0
2023-08-31,CA87971MBS13,TELUS,TU,Telecom,senior,2.05,2030-10-07,2030-10-07,2020-10-05,,80.32,5.425697401298319,,ishares_xcb,evaluated,1754000.0
2023-08-31,CA87971MBV42,TELUS,TU,Telecom,senior,2.85,2031-11-13,2031-11-13,2021-06-28,,82.77,5.485230643998172,,ishares_xcb,evaluated,2590000.0
2023-08-31,CA87971MBX08,TELUS,TU,Telecom,senior,5.25,2032-11-15,2032-11-15,2022-09-13,,97.93,5.537037051476026,,ishares_xcb,evaluated,3526000.0
2023-08-31,CA87971MBZ55,TELUS,TU,Telecom,senior,5.0,2029-09-13,2029-09-13,2022-09-13,,98.19,5.3507160040885795,,ishares_xcb,evaluated,1334000.0
2023-08-31,CA87971MCA95,TELUS,TU,Telecom,senior,4.95,2033-03-28,2033-03-28,2023-03-28,,95.68,5.534307533875216,,ishares_xcb,evaluated,1383000.0
2023-08-31,CA89117F3M90,Toronto-Dominion Bank,TD,Banks,senior_bail_in,2.67,2025-09-09,2025-09-09,2022-03-09,,94.44,5.6075574065326155,,ishares_xcb,evaluated,12364000.0
2023-08-31,CA89117F7G86,Toronto-Dominion Bank,TD,Banks,senior_bail_in,4.21,2027-06-01,2027-06-01,2022-06-01,,95.92,5.423673014055018,,ishares_xcb,evaluated,9490000.0
2023-08-31,CA89117F7H69,Toronto-Dominion Bank,TD,Banks,senior_bail_in,5.38,2027-10-21,2027-10-21,2022-10-21,,99.88,5.409321973617153,,ishares_xcb,evaluated,6245000.0
2023-08-31,CA89117F8V45,Toronto-Dominion Bank,TD,Banks,senior_bail_in,4.34,2026-01-27,2026-01-27,2022-07-27,,97.36,5.52379147432749,,ishares_xcb,evaluated,4966000.0
2023-08-31,CA89117FA338,Toronto-Dominion Bank,TD,Banks,senior_bail_in,1.89,2028-03-08,2028-03-08,2021-03-08,,86.6,5.256157700920166,,ishares_xcb,evaluated,4775000.0
2023-08-31,CA89117FJ347,Toronto-Dominion Bank,TD,Banks,senior_bail_in,1.9,2028-09-11,2028-09-11,2021-09-10,,85.48,5.217528796025036,,ishares_xcb,evaluated,4205000.0
2023-08-31,CA89117FYZ66,Toronto-Dominion Bank,TD,Banks,senior_bail_in,1.13,2025-12-09,2025-12-09,2020-12-09,,90.89,5.4435956789960445,,ishares_xcb,evaluated,5960000.0
2023-08-31,CA89117FZ442,Toronto-Dominion Bank,TD,Banks,senior_bail_in,2.26,2027-01-07,2027-01-07,2022-01-07,,90.39,5.433930002426041,,ishares_xcb,evaluated,5812000.0
2023-08-31,CA89117GK301,Toronto-Dominion Bank,TD,Banks,senior_bail_in,5.42,2026-07-10,2026-07-10,2023-07-10,,99.89,5.456848503002052,,ishares_xcb,evaluated,4700000.0
2023-08-31,CA89117GRJ80,Toronto-Dominion Bank,TD,Banks,senior_bail_in,4.68,2029-01-08,2029-01-08,2022-12-07,,97.05,5.31786173560405,,ishares_xcb,evaluated,8115000.0
2023-08-31,CA89117GTQ06,Toronto-Dominion Bank,TD,Banks,senior_bail_in,4.48,2028-01-18,2028-01-18,2023-01-18,,96.54,5.374478183407621,,ishares_xcb,evaluated,6786000.0
2023-08-31,CA89353ZAP32,TransCanada PipeLines,TRP,Pipelines,senior,8.29,2026-02-05,2026-02-05,1996-02-05,,105.1,5.997282734342491,,ishares_xcb,evaluated,944000.0
2023-08-31,CA89353ZBA53,TransCanada PipeLines,TRP,Pipelines,senior,6.89,2028-08-07,2028-08-07,1997-07-30,,104.65,5.790996245991606,,ishares_xcb,evaluated,712000.0
2023-08-31,CA89353ZBE75,TransCanada PipeLines,TRP,Pipelines,senior,6.28,2028-05-26,2028-05-26,1998-05-26,,102.07,5.768266833963459,,ishares_xcb,evaluated,803000.0
2023-08-31,CA89353ZBK36,TransCanada PipeLines,TRP,Pipelines,senior,6.5,2030-12-09,2030-12-09,1998-12-07,,102.28,6.104334327833558,,ishares_xcb,evaluated,775000.0
2023-08-31,CA89353ZCA45,TransCanada PipeLines,TRP,Pipelines,senior,3.39,2028-03-15,2028-03-15,2017-09-15,,91.99,5.39902472188245,,ishares_xcb,evaluated,1959000.0
2023-08-31,CA89353ZCE66,TransCanada PipeLines,TRP,Pipelines,senior,3.0,2029-09-18,2029-09-18,2019-09-18,,87.77,5.3939788753889095,,ishares_xcb,evaluated,2868000.0
2023-08-31,CA89353ZCF32,TransCanada PipeLines,TRP,Pipelines,senior,3.8,2027-04-05,2027-04-05,2020-04-03,,94.66,5.453045775897349,,ishares_xcb,evaluated,6928000.0
2023-08-31,CA89353ZCH97,TransCanada PipeLines,TRP,Pipelines,senior,2.97,2031-06-09,2031-06-09,2021-06-09,,83.73,5.5769412863061705,,ishares_xcb,evaluated,1873000.0
2023-08-31,CA89353ZCJ53,TransCanada PipeLines,TRP,Pipelines,senior,4.35,2026-05-12,2026-05-12,2022-05-12,,97.22,5.464879683334813,,ishares_xcb,evaluated,1949000.0
2023-08-31,CA89353ZCK27,TransCanada PipeLines,TRP,Pipelines,senior,5.33,2032-05-12,2032-05-12,2022-05-12,,97.91,5.633996553124007,,ishares_xcb,evaluated,2618000.0
2023-08-31,CA89353ZCN65,TransCanada PipeLines,TRP,Pipelines,senior,5.28,2030-07-15,2030-07-15,2023-03-10,,98.78,5.493358063328714,,ishares_xcb,evaluated,4160000.0
2023-09-29,CA06368D3U60,Bank of Montreal,BMO,Banks,senior_bail_in,4.31,2027-06-01,2027-06-01,2022-06-01,,95.12,5.801293652322976,,ishares_xcb,evaluated,7592000.0
2023-09-29,CA06368DPC25,Bank of Montreal,BMO,Banks,senior_bail_in,1.76,2026-03-10,2026-03-10,2021-03-10,,91.31,5.608465424172117,,ishares_xcb,evaluated,2650000.0
2023-09-29,CA06368DTH75,Bank of Montreal,BMO,Banks,senior_bail_in,1.55,2026-05-28,2026-05-28,2021-05-28,,90.06,5.618112879525882,,ishares_xcb,evaluated,4032000.0
2023-09-29,CA06368DW260,Bank of Montreal,BMO,Banks,senior_bail_in,3.65,2027-04-01,2027-04-01,2022-04-01,,93.29,5.790821910797083,,ishares_xcb,evaluated,6544000.0
2023-09-29,CA06368LEY89,Bank of Montreal,BMO,Banks,senior_bail_in,4.71,2027-12-07,2027-12-07,2022-12-07,,95.99,5.7988428218275505,,ishares_xcb,evaluated,8336000.0
2023-09-29,CA06368LNK84,Bank of Montreal,BMO,Banks,senior_bail_in,5.04,2028-05-29,2028-05-29,2023-05-29,,96.97,5.784878816053012,,ishares_xcb,evaluated,7380000.0
2023-09-29,CA06415E4E25,Bank of Nova Scotia,BNS,Banks,senior_bail_in,1.4,2027-11-01,2027-11-01,2020-10-15,,84.7,5.6397036325707,,ishares_xcb,evaluated,5812000.0
2023-09-29,CA06415FFT45,Bank of Nova Scotia,BNS,Banks,senior_bail_in,1.85,2026-11-02,2026-11-02,2021-10-08,,89.25,5.687063954207509,,ishares_xcb,evaluated,7115000.0
2023-09-29,CA06415GDE76,Bank of Nova Scotia,BNS,Banks,senior_bail_in,2.95,2027-03-08,2027-03-08,2022-03-07,,91.25,5.78955374225815,,ishares_xcb,evaluated,11995000.0
2023-09-29,CA06415GH297,Bank of Nova Scotia,BNS,Banks,senior_bail_in,5.5,2026-05-08,2026-05-08,2022-11-09,,99.31,5.778534748727515,,ishares_xcb,evaluated,4948000.0
2023-09-29,CA064164JA58,Bank of Nova Scotia,BNS,Banks,senior_bail_in,5.5,2025-12-29,2025-12-29,2023-06-29,,99.28,5.839742551886188,,ishares_xcb,evaluated,4000000.0
2023-09-29,CA07813ZAC82,Bell Canada,BCE,Telecom,senior,6.55,2029-05-01,2029-05-01,1999-07-19,,102.74,5.960210552865602,,ishares_xcb,evaluated,572000.0
2023-09-29,CA07813ZAL81,Bell Canada,BCE,Telecom,senior,7.85,2031-04-02,2031-04-02,2001-04-02,,110.17,6.1372555224848515,,ishares_xcb,evaluated,730000.0
2023-09-29,CA07813ZAP95,Bell Canada,BCE,Telecom,senior,7.3,2032-02-23,2032-02-23,2002-02-22,,107.16,6.19162791086977,,ishares_xcb,evaluated,1191000.0
2023-09-29,CA07813ZAT18,Bell Canada,BCE,Telecom,senior,6.1,2035-03-16,2035-03-16,2004-03-16,,100.67,6.017964505208035,,ishares_xcb,evaluated,1396000.0
2023-09-29,CA07813ZBT09,Bell Canada,BCE,Telecom,senior,3.55,2026-03-02,2026-03-02,2016-02-29,,95.23,5.681640074952467,,ishares_xcb,evaluated,2832000.0
2023-09-29,CA07813ZBV54,Bell Canada,BCE,Telecom,senior,2.9,2026-08-12,2026-08-12,2016-08-12,,92.9,5.610568248865322,,ishares_xcb,evaluated,2218000.0
2023-09-29,CA07813ZCC64,Bell Canada,BCE,Telecom,senior,2.9,2029-09-10,2029-09-10,2019-09-10,,86.31,5.641094989085902,,ishares_xcb,evaluated,1556000.0
2023-09-29,CA07813ZCE21,Bell Canada,BCE,Telecom,senior,2.5,2030-05-14,2030-05-14,2020-05-14,,82.3,5.748376836054764,,ishares_xcb,evaluated,2937000.0
2023-09-29,CA07813ZCF95,Bell Canada,BCE,Telecom,senior,1.65,2027-08-16,2027-08-16,2020-08-14,,86.52,5.55876303617286,,ishares_xcb,evaluated,2647000.0
2023-09-29,CA07813ZCG78,Bell Canada,BCE,Telecom,senior,3.0,2031-03-17,2031-03-17,2021-03-17,,83.12,5.81925899051383,,ishares_xcb,evaluated,3799000.0
2023-09-29,CA07813ZCJ18,Bell Canada,BCE,Telecom,senior,2.2,2028-05-29,2028-05-29,2021-05-28,,86.16,5.6102980127412705,,ishares_xcb,evaluated,1648000.0
2023-09-29,CA07813ZCK80,Bell Canada,BCE,Telecom,senior,5.85,2032-11-10,2032-11-10,2022-11-10,,99.69,5.890708753194308,,ishares_xcb,evaluated,3450000.0
2023-09-29,CA07813ZCL63,Bell Canada,BCE,Telecom,senior,4.55,2030-02-09,2030-02-09,2023-02-09,,93.85,5.714510332786086,,ishares_xcb,evaluated,3245000.0
2023-09-29,CA11291ZAE75,Brookfield Infrastructure Finance,BIP,Utilities,senior,4.19,2028-09-11,2028-09-11,2018-09-10,,92.55,5.948947324701779,,ishares_xcb,evaluated,1616000.0
2023-09-29,CA11291ZAF41,Brookfield Infrastructure Finance,BIP,Utilities,senior,3.41,2029-10-09,2029-10-09,2019-10-03,,87.18,5.972893106496549,,ishares_xcb,evaluated,2931000.0
2023-09-29,CA11291ZAG24,Brookfield Infrastructure Finance,BIP,Utilities,senior,2.86,2032-09-01,2032-09-01,2020-09-01,,77.71,6.1416185726502075,,ishares_xcb,evaluated,1425000.0
2023-09-29,CA11291ZAH07,Brookfield Infrastructure Finance,BIP,Utilities,senior,5.44,2034-04-25,2034-04-25,2022-04-25,,93.79,6.250040677499808,,ishares_xcb,evaluated,1600000.0
2023-09-29,CA11291ZAK36,Brookfield Infrastructure Finance,BIP,Utilities,senior,5.62,2027-11-14,2027-11-14,2022-11-14,,98.81,5.942592490150949,,ishares_xcb,evaluated,1250000.0
2023-09-29,CA11291ZAL19,Brookfield Infrastructure Finance,BIP,Utilities,senior,5.98,2033-02-14,2033-02-14,2022-11-14,,98.33,6.215631879370949,,ishares_xcb,evaluated,904000.0
2023-09-29,CA11291ZAM91,Brookfield Infrastructure Finance,BIP,Utilities,senior,5.71,2030-07-27,2030-07-27,2023-07-27,,97.93,6.081827903659896,,ishares_xcb,evaluated,1500000.0
2023-09-29,CA13607GRU09,Canadian Imperial Bank of Commerce,CM,Banks,senior_bail_in,1.1,2026-01-19,2026-01-19,2021-01-19,,90.22,5.6865753812432684,,ishares_xcb,evaluated,3747000.0
2023-09-29,CA13607H5C22,Canadian Imperial Bank of Commerce,CM,Banks,senior_bail_in,5.05,2027-10-07,2027-10-07,2022-10-07,,97.23,5.8302851633037545,,ishares_xcb,evaluated,5755000.0
2023-09-29,CA13607HC349,Canadian Imperial Bank of Commerce,CM,Banks,senior_bail_in,2.25,2027-01-07,2027-01-07,2022-01-07,,89.75,5.727324898893042,,ishares_xcb,evaluated,5831000.0
2023-09-29,CA13607HV661,Canadian Imperial Bank of Commerce,CM,Banks,senior_bail_in,4.95,2027-06-29,2027-06-29,2022-06-29,,97.07,5.8276901028614745,,ishares_xcb,evaluated,6674000.0
2023-09-29,CA13607HVV19,Canadian Imperial Bank of Commerce,CM,Banks,senior_bail_in,1.7,2026-07-15,2026-07-15,2021-07-15,,89.98,5.623905349207673,,ishares_xcb,evaluated,3702000.0
2023-09-29,CA13607LPY34,Canadian Imperial Bank of Commerce,CM,Banks,senior_bail_in,5.5,2028-01-14,2028-01-14,2023-07-14,,98.75,5.828385116776915,,ishares_xcb,evaluated,3785000.0
2023-09-29,CA29251ZAD92,Enbridge Inc,ENB,Pipelines,senior,7.22,2030-07-24,2030-07-24,2000-07-24,,103.57,6.557760254440138,,ishares_xcb,evaluated,806000.0
2023-09-29,CA29251ZAK36,Enbridge Inc,ENB,Pipelines,senior,7.2,2032-06-18,2032-06-18,2001-06-18,,103.5,6.661226461804051,,ishares_xcb,evaluated,930000.0
2023-09-29,CA29251ZBK27,Enbridge Inc,ENB,Pipelines,senior,3.2,2027-06-08,2027-06-08,2017-06-08,,91.6,5.755964177454788,,ishares_xcb,evaluated,3597000.0
2023-09-29,CA29251ZBS52,Enbridge Inc,ENB,Pipelines,senior,2.99,2029-10-03,2029-10-03,2019-10-03,,86.1,5.75755446884365,,ishares_xcb,evaluated,3257000.0
2023-09-29,CA29251ZBU09,Enbridge Inc,ENB,Pipelines,senior,3.1,2033-09-21,2033-09-21,2021-09-21,,78.47,5.998707176647378,,ishares_xcb,evaluated,3267000.0
2023-09-29,CA29251ZBW64,Enbridge Inc,ENB,Pipelines,senior,6.1,2032-11-09,2032-11-09,2022-11-09,,100.58,6.012455407706707,,ishares_xcb,evaluated,2495000.0
2023-09-29,CA29251ZBY21,Enbridge Inc,ENB,Pipelines,senior,5.7,2027-11-09,2027-11-09,2022-11-09,,99.61,5.800982509765499,,ishares_xcb,evaluated,1746000.0
2023-09-29,CA29251ZBZ95,Enbridge Inc,ENB,Pipelines,senior,5.36,2033-05-26,2033-05-26,2023-05-26,,95.17,6.023639511492669,,ishares_xcb,evaluated,1195000.0
2023-09-29,CA29251ZCA36,Enbridge Inc,ENB,Pipelines,senior,4.9,2028-05-26,2028-05-26,2023-05-26,,96.6,5.736942608278021,,ishares_xcb,evaluated,1990000.0
2023-09-29,CA349553AP21,Fortis Inc,FTS,Utilities,senior,2.18,2028-05-15,2028-05-15,2021-05-14,,86.76,5.453499639888518,,ishares_xcb,evaluated,1918000.0
2023-09-29,CA349553AQ04,Fortis Inc,FTS,Utilities,senior,4.43,2029-05-31,2029-05-31,2022-05-31,,94.63,5.544565016211884,,ishares_xcb,evaluated,1538000.0
2023-09-29,CA44810ZAB63,Hydro One Inc,H,Utilities,senior,6.93,2032-06-01,2032-06-01,2001-06-22,,109.55,5.526537761675422,,ishares_xcb,evaluated,1602000.0
2023-09-29,CA44810ZAD20,Hydro One Inc,H,Utilities,senior,6.35,2034-01-31,2034-01-31,2003-01-31,,107.14,5.435754185843294,,ishares_xcb,evaluated,1224000.0
2023-09-29,CA44810ZBR07,Hydro One Inc,H,Utilities,senior,2.77,2026-02-24,2026-02-24,2016-02-24,,94.52,5.224796203774218,,ishares_xcb,evaluated,1738000.0
2023-09-29,CA44810ZBZ23,Hydro One Inc,H,Utilities,senior,3.02,2029-04-05,2029-04-05,2019-04-05,,90.2,5.078311469510868,,ishares_xcb,evaluated,1913000.0
2023-09-29,CA44810ZCC29,Hydro One Inc,H,Utilities,senior,2.16,2030-02-28,2030-02-28,2020-02-28,,83.85,5.148192380171899,,ishares_xcb,evaluated,1506000.0
2023-09-29,CA44810ZCF59,Hydro One Inc,H,Utilities,senior,1.69,2031-01-16,2031-01-16,2020-10-09,,78.95,5.191871500204388,,ishares_xcb,evaluated,730000.0
2023-09-29,CA44810ZCG33,Hydro One Inc,H,Utilities,senior,2.23,2031-09-17,2031-09-17,2021-09-17,,80.82,5.201193711706561,,ishares_xcb,evaluated,1598000.0
2023-09-29,CA44810ZCJ71,Hydro One Inc,H,Utilities,senior,4.91,2028-01-27,2028-01-27,2022-10-27,,98.72,5.240816392480774,,ishares_xcb,evaluated,2454000.0
2023-09-29,CA44810ZCK45,Hydro One Inc,H,Utilities,senior,3.93,2029-11-30,2029-11-30,2023-01-27,,93.96,5.079766422445128,,ishares_xcb,evaluated,1122000.0
2023-09-29,CA44810ZCL28,Hydro One Inc,H,Utilities,senior,4.16,2033-01-27,2033-01-27,2023-01-27,,91.97,5.258751704852412,,ishares_xcb,evaluated,1080000.0
2023-09-29,CA448810AC58,Hydro One Inc,H,Utilities,senior,7.35,2030-06-03,2030-06-03,2000-06-01,,110.2,5.500896457730487,,ishares_xcb,evaluated,1353000.0
2023-09-29,CA63306AGJ93,National Bank of Canada,NA,Banks,senior_bail_in,1.57,2026-08-18,2026-08-18,2020-07-15,,92.46,4.3786348809410445,,ishares_xcb,evaluated,1177000.0
2023-09-29,CA63306AGT75,National Bank of Canada,NA,Banks,senior_bail_in,1.53,2026-06-15,2026-06-15,2021-06-15,,89.86,5.613627583052251,,ishares_xcb,evaluated,3735000.0
2023-09-29,CA63306AHB58,National Bank of Canada,NA,Banks,senior_bail_in,2.24,2026-11-04,2026-11-04,2021-11-04,,90.22,5.726700891726262,,ishares_xcb,evaluated,3888000.0
2023-09-29,CA63306AHK57,National Bank of Canada,NA,Banks,senior_bail_in,5.3,2025-11-03,2025-11-03,2022-11-03,,98.89,5.858591538034008,,ishares_xcb,evaluated,3144000.0
2023-09-29,CA63306AHP45,National Bank of Canada,NA,Banks,senior_bail_in,5.22,2028-06-14,2028-06-14,2023-06-14,,97.61,5.804228556550998,,ishares_xcb,evaluated,5310000.0
2023-09-29,CA70632ZAF86,Pembina Pipeline,PPL,Pipelines,senior,4.24,2027-06-15,2027-06-15,2015-06-16,,94.75,5.8306891060927315,,ishares_xcb,evaluated,1924000.0
2023-09-29,CA70632ZAG69,Pembina Pipeline,PPL,Pipelines,senior,3.71,2026-08-11,2026-08-11,2016-08-11,,94.58,5.7853096017787315,,ishares_xcb,evaluated,2029000.0
2023-09-29,CA70632ZAK71,Pembina Pipeline,PPL,Pipelines,senior,4.02,2028-03-27,2028-03-27,2018-03-26,,92.73,5.8843221761468865,,ishares_xcb,evaluated,1592000.0
2023-09-29,CA70632ZAM38,Pembina Pipeline,PPL,Pipelines,senior,3.62,2029-04-03,2029-04-03,2019-04-03,,89.64,5.844831700421498,,ishares_xcb,evaluated,2233000.0
2023-09-29,CA70632ZAQ42,Pembina Pipeline,PPL,Pipelines,senior,3.31,2030-02-01,2030-02-01,2019-09-12,,86.42,5.907444580287051,,ishares_xcb,evaluated,1920000.0
2023-09-29,CA70632ZAS08,Pembina Pipeline,PPL,Pipelines,senior,3.53,2031-12-10,2031-12-10,2021-12-10,,83.76,6.073037052521773,,ishares_xcb,evaluated,1566000.0
2023-09-29,CA775109BJ98,Rogers Communications,RCI,Telecom,senior,3.25,2029-05-01,2029-05-01,2019-04-30,,87.45,5.916581563016208,,ishares_xcb,evaluated,3299000.0
2023-09-29,CA775109BK61,Rogers Communications,RCI,Telecom,senior,3.65,2027-03-31,2027-03-31,2020-03-31,,93.0,5.889183254385996,,ishares_xcb,evaluated,5742000.0
2023-09-29,CA775109BT70,Rogers Communications,RCI,Telecom,senior,3.75,2029-04-15,2029-04-15,2022-03-11,,89.85,5.92319419187788,,ishares_xcb,evaluated,3376000.0
2023-09-29,CA775109BV27,Rogers Communications,RCI,Telecom,senior,4.25,2032-04-15,2032-04-15,2022-03-11,,87.57,6.140224651609586,,ishares_xcb,evaluated,3092000.0
2023-09-29,CA775109CM19,Rogers Communications,RCI,Telecom,senior,3.8,2027-03-01,2027-03-01,2023-04-03,,93.53,5.914712294577348,,ishares_xcb,evaluated,1155000.0
2023-09-29,CA775109CP40,Rogers Communications,RCI,Telecom,senior,4.4,2028-11-02,2028-11-02,2023-04-03,,93.41,5.913072794875448,,ishares_xcb,evaluated,1848000.0
2023-09-29,CA775109CQ23,Rogers Communications,RCI,Telecom,senior,3.3,2029-12-10,2029-12-10,2019-12-09,,86.33,5.969875400866247,,ishares_xcb,evaluated,1784000.0
2023-09-29,CA775109CS88,Rogers Communications,RCI,Telecom,senior,2.9,2030-12-09,2030-12-09,2020-04-22,,81.6,6.096269631508652,,ishares_xcb,evaluated,1771000.0
2023-09-29,CA775109CU35,Rogers Communications,RCI,Telecom,senior,5.65,2026-09-21,2026-09-21,2023-09-21,,99.46,5.849707898297013,,ishares_xcb,evaluated,1450000.0
2023-09-29,CA775109CV18,Rogers Communications,RCI,Telecom,senior,5.7,2028-09-21,2028-09-21,2023-09-21,,98.95,5.946452132405981,,ishares_xcb,evaluated,2325000.0
2023-09-29,CA775109CW90,Rogers Communications,RCI,Telecom,senior,5.8,2030-09-21,2030-09-21,2023-09-21,,98.33,6.0971473364690905,,ishares_xcb,evaluated,3000000.0
2023-09-29,CA775109DA61,Rogers Communications,RCI,Telecom,senior,5.9,2033-09-21,2033-09-21,2023-09-21,,97.68,6.215287625502039,,ishares_xcb,evaluated,2825000.0
2023-09-29,CA780086RQ98,Royal Bank of Canada,RY,Banks,senior_bail_in,2.33,2027-01-28,2027-01-28,2020-01-28,,89.98,5.673315831414708,,ishares_xcb,evaluated,7696000.0
2023-09-29,CA780086TM66,Royal Bank of Canada,RY,Banks,senior_bail_in,1.59,2026-05-04,2026-05-04,2021-05-04,,90.4,5.6097718836952355,,ishares_xcb,evaluated,4058000.0
2023-09-29,CA780086TY05,Royal Bank of Canada,RY,Banks,senior_bail_in,1.83,2028-07-31,2028-07-31,2021-07-29,,84.3,5.5768137598710785,,ishares_xcb,evaluated,3030000.0
2023-09-29,CA780086UT90,Royal Bank of Canada,RY,Banks,senior_bail_in,3.37,2025-09-29,2025-09-29,2022-03-28,,95.42,5.829258924842037,,ishares_xcb,evaluated,9707000.0
2023-09-29,CA780086VK72,Royal Bank of Canada,RY,Banks,senior_bail_in,4.61,2027-07-26,2027-07-26,2022-07-25,,96.09,5.759811335170982,,ishares_xcb,evaluated,6847000.0
2023-09-29,CA780086VV38,Royal Bank of Canada,RY,Banks,senior_bail_in,5.24,2026-11-02,2026-11-02,2022-10-28,,98.59,5.735803929091526,,ishares_xcb,evaluated,5503000.0
2023-09-29,CA780086WE04,Royal Bank of Canada,RY,Banks,senior_bail_in,4.11,2025-12-22,2025-12-22,2022-12-22,,97.36,5.377618723217264,,ishares_xcb,evaluated,3850000.0
2023-09-29,CA780086WG51,Royal Bank of Canada,RY,Banks,senior_bail_in,4.64,2028-01-17,2028-01-17,2023-01-17,,95.79,5.755268961813267,,ishares_xcb,evaluated,6471000.0
2023-09-29,CA780086XL38,Royal Bank of Canada,RY,Banks,senior_bail_in,4.63,2028-05-01,2028-05-01,2023-04-20,,95.48,5.759609328232685,,ishares_xcb,evaluated,8565000.0
2023-09-29,CA780086ZE76,Royal Bank of Canada,RY,Banks,senior_bail_in,5.34,2026-06-23,2026-06-23,2023-06-23,,99.08,5.70309556757276,,ishares_xcb,evaluated,3925000.0
2023-09-29,CA780086ZH08,Royal Bank of Canada,RY,Banks,senior_bail_in,5.23,2030-06-24,2030-06-24,2023-06-23,,96.96,5.778937218444385,,ishares_xcb,evaluated,4000000.0
2023-09-29,CA87971MBC60,TELUS,TU,Telecom,senior,3.75,2026-03-10,2026-03-10,2015-12-08,,95.66,5.673118465168995,,ishares_xcb,evaluated,1878000.0
2023-09-29,CA87971MBG74,TELUS,TU,Telecom,senior,3.63,2028-03-01,2028-03-01,2018-03-01,,91.77,5.763817124194475,,ishares_xcb,evaluated,2045000.0
2023-09-29,CA87971MBJ14,TELUS,TU,Telecom,senior,3.3,2029-05-02,2029-05-02,2019-04-03,,88.52,5.7248116661142125,,ishares_xcb,evaluated,2829000.0
2023-09-29,CA87971MBL69,TELUS,TU,Telecom,senior,2.75,2026-07-08,2026-07-08,2019-07-02,,92.72,5.616413812281067,,ishares_xcb,evaluated,2550000.0
2023-09-29,CA87971MBN26,TELUS,TU,Telecom,senior,3.15,2030-02-19,2030-02-19,2019-12-16,,85.98,5.806767979017057,,ishares_xcb,evaluated,2767000.0
2023-09-29,CA87971MBQ56,TELUS,TU,Telecom,senior,2.35,2028-01-27,2028-01-27,2020-05-29,,87.18,5.736524803533765,,ishares_xcb,evaluated,2164000.0
2023-09-29,CA87971MBS13,TELUS,TU,Telecom,senior,2.05,2030-10-07,2030-10-07,2020-10-05,,78.33,5.857955075807986,,ishares_xcb,evaluated,1754000.0
2023-09-29,CA87971MBV42,TELUS,TU,Telecom,senior,2.85,2031-11-13,2031-11-13,2021-06-28,,80.32,5.9370606465622995,,ishares_xcb,evaluated,2590000.0
2023-09-29,CA87971MBX08,TELUS,TU,Telecom,senior,5.25,2032-11-15,2032-11-15,2022-09-13,,94.82,5.991642133318133,,ishares_xcb,evaluated,3621000.0
2023-09-29,CA87971MBZ55,TELUS,TU,Telecom,senior,5.0,2029-09-13,2029-09-13,2022-09-13,,96.16,5.770570756945226,,ishares_xcb,evaluated,1334000.0
2023-09-29,CA87971MCA95,TELUS,TU,Telecom,senior,4.95,2033-03-28,2033-03-28,2023-03-28,,92.35,6.019271277912062,,ishares_xcb,evaluated,1383000.0
2023-09-29,CA87971MCB78,TELUS,TU,Telecom,senior,5.6,2030-09-09,2030-09-09,2023-09-08,,98.21,5.9175016229101,,ishares_xcb,evaluated,450000.0
2023-09-29,CA87971MCC51,TELUS,TU,Telecom,senior,5.75,2033-09-08,2033-09-08,2023-09-08,,97.77,6.051302349228433,,ishares_xcb,evaluated,2950000.0
2023-09-29,CA89117F7G86,Toronto-Dominion Bank,TD,Banks,senior_bail_in,4.21,2027-06-01,2027-06-01,2022-06-01,,94.88,5.774047730453307,,ishares_xcb,evaluated,9890000.0
2023-09-29,CA89117F7H69,Toronto-Dominion Bank,TD,Banks,senior_bail_in,5.38,2027-10-21,2027-10-21,2022-10-21,,98.56,5.780037575018434,,ishares_xcb,evaluated,6485000.0
2023-09-29,CA89117F8V45,Toronto-Dominion Bank,TD,Banks,senior_bail_in,4.34,2026-01-27,2026-01-27,2022-07-27,,96.94,5.75826699902543,,ishares_xcb,evaluated,4966000.0
2023-09-29,CA89117FA338,Toronto-Dominion Bank,TD,Banks,senior_bail_in,1.89,2028-03-08,2028-03-08,2021-03-08,,85.6,5.595775231934958,,ishares_xcb,evaluated,4915000.0
2023-09-29,CA89117FJ347,Toronto-Dominion Bank,TD,Banks,senior_bail_in,1.9,2028-09-11,2028-09-11,2021-09-10,,84.28,5.577536748611502,,ishares_xcb,evaluated,3725000.0
2023-09-29,CA89117FYZ66,Toronto-Dominion Bank,TD,Banks,senior_bail_in,1.13,2025-12-09,2025-12-09,2020-12-09,,90.82,5.6353722770354535,,ishares_xcb,evaluated,5971000.0
2023-09-29,CA89117FZ442,Toronto-Dominion Bank,TD,Banks,senior_bail_in,2.26,2027-01-07,2027-01-07,2022-01-07,,89.91,5.68011516784068,,ishares_xcb,evaluated,5812000.0
2023-09-29,CA89117GK301,Toronto-Dominion Bank,TD,Banks,senior_bail_in,5.42,2026-07-10,2026-07-10,2023-07-10,,99.27,5.700112125555235,,ishares_xcb,evaluated,4700000.0
2023-09-29,CA89117GRJ80,Toronto-Dominion Bank,TD,Banks,senior_bail_in,4.68,2029-01-08,2029-01-08,2022-12-07,,95.42,5.693716873573655,,ishares_xcb,evaluated,8200000.0
2023-09-29,CA89117GTQ06,Toronto-Dominion Bank,TD,Banks,senior_bail_in,4.48,2028-01-18,2028-01-18,2023-01-18,,95.17,5.759713684427105,,ishares_xcb,evaluated,6096000.0
2023-09-29,CA89117GX510,Toronto-Dominion Bank,TD,Banks,senior_bail_in,5.49,2028-09-08,2028-09-08,2023-09-08,,98.87,5.755219253070177,,ishares_xcb,evaluated,2900000.0
2023-09-29,CA89353ZAP32,TransCanada PipeLines,TRP,Pipelines,senior,8.29,2026-02-05,2026-02-05,1996-02-05,,104.35,6.260177778618431,,ishares_xcb,evaluated,944000.0
2023-09-29,CA89353ZBA53,TransCanada PipeLines,TRP,Pipelines,senior,6.89,2028-08-07,2028-08-07,1997-07-30,,103.06,6.147019498832113,,ishares_xcb,evaluated,712000.0
2023-09-29,CA89353ZBE75,TransCanada PipeLines,TRP,Pipelines,senior,6.28,2028-05-26,2028-05-26,1998-05-26,,100.47,6.155402607217633,,ishares_xcb,evaluated,803000.0
2023-09-29,CA89353ZBK36,TransCanada PipeLines,TRP,Pipelines,senior,6.5,2030-12-09,2030-12-09,1998-12-07,,99.85,6.523308574962572,,ishares_xcb,evaluated,775000.0
2023-09-29,CA89353ZCA45,TransCanada PipeLines,TRP,Pipelines,senior,3.39,2028-03-15,2028-03-15,2017-09-15,,90.78,5.762708602537714,,ishares_xcb,evaluated,1317000.0
2023-09-29,CA89353ZCE66,TransCanada PipeLines,TRP,Pipelines,senior,3.0,2029-09-18,2029-09-18,2019-09-18,,86.1,5.786682358658267,,ishares_xcb,evaluated,2143000.0
2023-09-29,CA89353ZCF32,TransCanada PipeLines,TRP,Pipelines,senior,3.8,2027-04-05,2027-04-05,2020-04-03,,93.74,5.791336994544313,,ishares_xcb,evaluated,6928000.0
2023-09-29,CA89353ZCH97,TransCanada PipeLines,TRP,Pipelines,senior,2.97,2031-06-09,2031-06-09,2021-06-09,,81.46,6.014189074556708,,ishares_xcb,evaluated,1873000.0
2023-09-29,CA89353ZCJ53,TransCanada PipeLines,TRP,Pipelines,senior,4.35,2026-05-12,2026-05-12,2022-05-12,,96.78,5.682340228265213,,ishares_xcb,evaluated,1949000.0
2023-09-29,CA89353ZCK27,TransCanada PipeLines,TRP,Pipelines,senior,5.33,2032-05-12,2032-05-12,2022-05-12,,95.02,6.077157981643786,,ishares_xcb,evaluated,2618000.0
2023-09-29,CA89353ZCN65,TransCanada PipeLines,TRP,Pipelines,senior,5.28,2030-07-15,2030-07-15,2023-03-10,,96.29,5.948523071881852,,ishares_xcb,evaluated,4160000.0
2023-10-31,CA06368D3U60,Bank of Montreal,BMO,Banks,senior_bail_in,4.31,2027-06-01,2027-06-01,2022-06-01,,95.55,5.697131921500183,,ishares_xcb,evaluated,7417000.0
2023-10-31,CA06368DPC25,Bank of Montreal,BMO,Banks,senior_bail_in,1.76,2026-03-10,2026-03-10,2021-03-10,,91.83,5.497988648332376,,ishares_xcb,evaluated,2650000.0
2023-10-31,CA06368DTH75,Bank of Montreal,BMO,Banks,senior_bail_in,1.55,2026-05-28,2026-05-28,2021-05-28,,90.62,5.502258508039228,,ishares_xcb,evaluated,4057000.0
2023-10-31,CA06368DW260,Bank of Montreal,BMO,Banks,senior_bail_in,3.65,2027-04-01,2027-04-01,2022-04-01,,93.79,5.672827995127461,,ishares_xcb,evaluated,6544000.0
2023-10-31,CA06368LEY89,Bank of Montreal,BMO,Banks,senior_bail_in,4.71,2027-12-07,2027-12-07,2022-12-07,,96.44,5.692666204339619,,ishares_xcb,evaluated,8296000.0
2023-10-31,CA06368LNK84,Bank of Montreal,BMO,Banks,senior_bail_in,5.04,2028-05-29,2028-05-29,2023-05-29,,97.34,5.702709343464546,,ishares_xcb,evaluated,7380000.0
2023-10-31,CA06415E4E25,Bank of Nova Scotia,BNS,Banks,senior_bail_in,1.4,2027-11-01,2027-11-01,2020-10-15,,85.43,5.504306321050581,,ishares_xcb,evaluated,5812000.0
2023-10-31,CA06415FFT45,Bank of Nova Scotia,BNS,Banks,senior_bail_in,1.85,2026-11-02,2026-11-02,2021-10-08,,89.76,5.596252425038346,,ishares_xcb,evaluated,6920000.0
2023-10-31,CA06415GDE76,Bank of Nova Scotia,BNS,Banks,senior_bail_in,2.95,2027-03-08,2027-03-08,2022-03-07,,91.77,5.678106166157542,,ishares_xcb,evaluated,11835000.0
2023-10-31,CA06415GH297,Bank of Nova Scotia,BNS,Banks,senior_bail_in,5.5,2026-05-08,2026-05-08,2022-11-09,,99.56,5.6797216393735495,,ishares_xcb,evaluated,4993000.0
2023-10-31,CA064164JA58,Bank of Nova Scotia,BNS,Banks,senior_bail_in,5.5,2025-12-29,2025-12-29,2023-06-29,,99.58,5.702551901218568,,ishares_xcb,evaluated,4000000.0
2023-10-31,CA07813ZAC82,Bell Canada,BCE,Telecom,senior,6.55,2029-05-01,2029-05-01,1999-07-19,,102.95,5.9103005457059865,,ishares_xcb,evaluated,572000.0
2023-10-31,CA07813ZAL81,Bell Canada,BCE,Telecom,senior,7.85,2031-04-02,2031-04-02,2001-04-02,,109.87,6.170568607375045,,ishares_xcb,evaluated,730000.0
2023-10-31,CA07813ZAP95,Bell Canada,BCE,Telecom,senior,7.3,2032-02-23,2032-02-23,2002-02-22,,106.83,6.231013561770222,,ishares_xcb,evaluated,1191000.0
2023-10-31,CA07813ZAT18,Bell Canada,BCE,Telecom,senior,6.1,2035-03-16,2035-03-16,2004-03-16,,100.05,6.093051225126406,,ishares_xcb,evaluated,1396000.0
2023-10-31,CA07813ZBT09,Bell Canada,BCE,Telecom,senior,3.55,2026-03-02,2026-03-02,2016-02-29,,95.7,5.534380231057075,,ishares_xcb,evaluated,2832000.0
2023-10-31,CA07813ZBV54,Bell Canada,BCE,Telecom,senior,2.9,2026-08-12,2026-08-12,2016-08-12,,93.29,5.530911227406904,,ishares_xcb,evaluated,2218000.0
2023-10-31,CA07813ZCC64,Bell Canada,BCE,Telecom,senior,2.9,2029-09-10,2029-09-10,2019-09-10,,86.61,5.612371172130811,,ishares_xcb,evaluated,1296000.0
2023-10-31,CA07813ZCE21,Bell Canada,BCE,Telecom,senior,2.5,2030-05-14,2030-05-14,2020-05-14,,82.51,5.744660154573432,,ishares_xcb,evaluated,2767000.0
2023-10-31,CA07813ZCF95,Bell Canada,BCE,Telecom,senior,1.65,2027-08-16,2027-08-16,2020-08-14,,87.16,5.4400603553677325,,ishares_xcb,evaluated,2647000.0
2023-10-31,CA07813ZCG78,Bell Canada,BCE,Telecom,senior,3.0,2031-03-17,2031-03-17,2021-03-17,,83.25,5.824454571524917,,ishares_xcb,evaluated,3524000.0
2023-10-31,CA07813ZCJ18,Bell Canada,BCE,Telecom,senior,2.2,2028-05-29,2028-05-29,2021-05-28,,86.78,5.503171957739685,,ishares_xcb,evaluated,1688000.0
2023-10-31,CA07813ZCK80,Bell Canada,BCE,Telecom,senior,5.85,2032-11-10,2032-11-10,2022-11-10,,99.18,5.965179882900788,,ishares_xcb,evaluated,3450000.0
2023-10-31,CA07813ZCL63,Bell Canada,BCE,Telecom,senior,4.55,2030-02-09,2030-02-09,2023-02-09,,94.03,5.6916667159674335,,ishares_xcb,evaluated,3245000.0
2023-10-31,CA11291ZAE75,Brookfield Infrastructure Finance,BIP,Utilities,senior,4.19,2028-09-11,2028-09-11,2018-09-10,,92.89,5.891830310641604,,ishares_xcb,evaluated,1616000.0
2023-10-31,CA11291ZAF41,Brookfield Infrastructure Finance,BIP,Utilities,senior,3.41,2029-10-09,2029-10-09,2019-10-03,,87.43,5.952702007870648,,ishares_xcb,evaluated,3351000.0
2023-10-31,CA11291ZAG24,Brookfield Infrastructure Finance,BIP,Utilities,senior,2.86,2032-09-01,2032-09-01,2020-09-01,,77.49,6.207879506277478,,ishares_xcb,evaluated,1185000.0
2023-10-31,CA11291ZAH07,Brookfield Infrastructure Finance,BIP,Utilities,senior,5.44,2034-04-25,2034-04-25,2022-04-25,,93.14,6.345720892687455,,ishares_xcb,evaluated,1600000.0
2023-10-31,CA11291ZAK36,Brookfield Infrastructure Finance,BIP,Utilities,senior,5.62,2027-11-14,2027-11-14,2022-11-14,,99.25,5.824301621055561,,ishares_xcb,evaluated,1250000.0
2023-10-31,CA11291ZAL19,Brookfield Infrastructure Finance,BIP,Utilities,senior,5.98,2033-02-14,2033-02-14,2022-11-14,,97.77,6.297650499789434,,ishares_xcb,evaluated,904000.0
2023-10-31,CA11291ZAM91,Brookfield Infrastructure Finance,BIP,Utilities,senior,5.71,2030-07-27,2030-07-27,2023-07-27,,97.9,6.090381039386497,,ishares_xcb,evaluated,1500000.0
2023-10-31,CA13607GRU09,Canadian Imperial Bank of Commerce,CM,Banks,senior_bail_in,1.1,2026-01-19,2026-01-19,2021-01-19,,90.85,5.5397846177323125,,ishares_xcb,evaluated,3512000.0
2023-10-31,CA13607H5C22,Canadian Imperial Bank of Commerce,CM,Banks,senior_bail_in,5.05,2027-10-07,2027-10-07,2022-10-07,,97.68,5.7153770569088405,,ishares_xcb,evaluated,5755000.0
2023-10-31,CA13607HC349,Canadian Imperial Bank of Commerce,CM,Banks,senior_bail_in,2.25,2027-01-07,2027-01-07,2022-01-07,,90.23,5.641188306929868,,ishares_xcb,evaluated,5831000.0
2023-10-31,CA13607HV661,Canadian Imperial Bank of Commerce,CM,Banks,senior_bail_in,4.95,2027-06-29,2027-06-29,2022-06-29,,97.45,5.728215760110372,,ishares_xcb,evaluated,6779000.0
2023-10-31,CA13607HVV19,Canadian Imperial Bank of Commerce,CM,Banks,senior_bail_in,1.7,2026-07-15,2026-07-15,2021-07-15,,90.51,5.5200910897573445,,ishares_xcb,evaluated,3707000.0
2023-10-31,CA13607LPY34,Canadian Imperial Bank of Commerce,CM,Banks,senior_bail_in,5.5,2028-01-14,2028-01-14,2023-07-14,,99.1,5.73781288589424,,ishares_xcb,evaluated,4195000.0
2023-10-31,CA29251ZAD92,Enbridge Inc,ENB,Pipelines,senior,7.22,2030-07-24,2030-07-24,2000-07-24,,103.28,6.602853523530573,,ishares_xcb,evaluated,806000.0
2023-10-31,CA29251ZAK36,Enbridge Inc,ENB,Pipelines,senior,7.2,2032-06-18,2032-06-18,2001-06-18,,102.97,6.737677393552185,,ishares_xcb,evaluated,930000.0
2023-10-31,CA29251ZBK27,Enbridge Inc,ENB,Pipelines,senior,3.2,2027-06-08,2027-06-08,2017-06-08,,92.08,5.657941331709046,,ishares_xcb,evaluated,3427000.0
2023-10-31,CA29251ZBS52,Enbridge Inc,ENB,Pipelines,senior,2.99,2029-10-03,2029-10-03,2019-10-03,,86.3,5.751210881349824,,ishares_xcb,evaluated,3277000.0
2023-10-31,CA29251ZBU09,Enbridge Inc,ENB,Pipelines,senior,3.1,2033-09-21,2033-09-21,2021-09-21,,77.91,6.108239786187992,,ishares_xcb,evaluated,3357000.0
2023-10-31,CA29251ZBW64,Enbridge Inc,ENB,Pipelines,senior,6.1,2032-11-09,2032-11-09,2022-11-09,,99.88,6.113708712339698,,ishares_xcb,evaluated,2495000.0
2023-10-31,CA29251ZBY21,Enbridge Inc,ENB,Pipelines,senior,5.7,2027-11-09,2027-11-09,2022-11-09,,100.05,5.6791322295578635,,ishares_xcb,evaluated,1746000.0
2023-10-31,CA29251ZBZ95,Enbridge Inc,ENB,Pipelines,senior,5.36,2033-05-26,2033-05-26,2023-05-26,,94.51,6.123200905788102,,ishares_xcb,evaluated,915000.0
2023-10-31,CA29251ZCA36,Enbridge Inc,ENB,Pipelines,senior,4.9,2028-05-26,2028-05-26,2023-05-26,,97.01,5.645959211075451,,ishares_xcb,evaluated,1990000.0
2023-10-31,CA349553AP21,Fortis Inc,FTS,Utilities,senior,2.18,2028-05-15,2028-05-15,2021-05-14,,87.26,5.377175295387807,,ishares_xcb,evaluated,1933000.0
2023-10-31,CA349553AQ04,Fortis Inc,FTS,Utilities,senior,4.43,2029-05-31,2029-05-31,2022-05-31,,94.9,5.501591547138995,,ishares_xcb,evaluated,1558000.0
2023-10-31,CA44810ZAB63,Hydro One Inc,H,Utilities,senior,6.93,2032-06-01,2032-06-01,2001-06-22,,109.17,5.569494521365731,,ishares_xcb,evaluated,1602000.0
2023-10-31,CA44810ZAD20,Hydro One Inc,H,Utilities,senior,6.35,2034-01-31,2034-01-31,2003-01-31,,106.56,5.501089293050382,,ishares_xcb,evaluated,1224000.0
2023-10-31,CA44810ZBR07,Hydro One Inc,H,Utilities,senior,2.77,2026-02-24,2026-02-24,2016-02-24,,94.85,5.154435353847898,,ishares_xcb,evaluated,1738000.0
2023-10-31,CA44810ZBZ23,Hydro One Inc,H,Utilities,senior,3.02,2029-04-05,2029-04-05,2019-04-05,,90.56,5.027948324217128,,ishares_xcb,evaluated,1913000.0
2023-10-31,CA44810ZCC29,Hydro One Inc,H,Utilities,senior,2.16,2030-02-28,2030-02-28,2020-02-28,,84.22,5.109561982810796,,ishares_xcb,evaluated,1496000.0
2023-10-31,CA44810ZCF59,Hydro One Inc,H,Utilities,senior,1.69,2031-01-16,2031-01-16,2020-10-09,,79.25,5.173861665603934,,ishares_xcb,evaluated,575000.0
2023-10-31,CA44810ZCG33,Hydro One Inc,H,Utilities,senior,2.23,2031-09-17,2031-09-17,2021-09-17,,80.82,5.23129261889603,,ishares_xcb,stale,1598000.0
2023-10-31,CA44810ZCJ71,Hydro One Inc,H,Utilities,senior,4.91,2028-01-27,2028-01-27,2022-10-27,,99.27,5.098824381837956,,ishares_xcb,evaluated,2454000.0
2023-10-31,CA44810ZCK45,Hydro One Inc,H,Utilities,senior,3.93,2029-11-30,2029-11-30,2023-01-27,,94.29,5.028181453547395,,ishares_xcb,evaluated,1122000.0
2023-10-31,CA44810ZCL28,Hydro One Inc,H,Utilities,senior,4.16,2033-01-27,2033-01-27,2023-01-27,,91.63,5.316124514968723,,ishares_xcb,evaluated,1080000.0
2023-10-31,CA448810AC58,Hydro One Inc,H,Utilities,senior,7.35,2030-06-03,2030-06-03,2000-06-01,,110.32,5.461442311046386,,ishares_xcb,evaluated,1353000.0
2023-10-31,CA63306AGJ93,National Bank of Canada,NA,Banks,senior_bail_in,1.57,2026-08-18,2026-08-18,2020-07-15,,92.95,4.267238216527619,,ishares_xcb,evaluated,1227000.0
2023-10-31,CA63306AGT75,National Bank of Canada,NA,Banks,senior_bail_in,1.53,2026-06-15,2026-06-15,2021-06-15,,90.36,5.527097023378971,,ishares_xcb,evaluated,3760000.0
2023-10-31,CA63306AHB58,National Bank of Canada,NA,Banks,senior_bail_in,2.24,2026-11-04,2026-11-04,2021-11-04,,90.69,5.642096408602996,,ishares_xcb,evaluated,3898000.0
2023-10-31,CA63306AHK57,National Bank of Canada,NA,Banks,senior_bail_in,5.3,2025-11-03,2025-11-03,2022-11-03,,99.2,5.71556896030346,,ishares_xcb,evaluated,3154000.0
2023-10-31,CA63306AHP45,National Bank of Canada,NA,Banks,senior_bail_in,5.22,2028-06-14,2028-06-14,2023-06-14,,98.01,5.71311517565636,,ishares_xcb,evaluated,5310000.0
2023-10-31,CA70632ZAF86,Pembina Pipeline,PPL,Pipelines,senior,4.24,2027-06-15,2027-06-15,2015-06-16,,95.22,5.716325219408591,,ishares_xcb,evaluated,1924000.0
2023-10-31,CA70632ZAG69,Pembina Pipeline,PPL,Pipelines,senior,3.71,2026-08-11,2026-08-11,2016-08-11,,94.88,5.723182922409858,,ishares_xcb,evaluated,2029000.0
2023-10-31,CA70632ZAK71,Pembina Pipeline,PPL,Pipelines,senior,4.02,2028-03-27,2028-03-27,2018-03-26,,93.21,5.7868838617065865,,ishares_xcb,evaluated,1267000.0
2023-10-31,CA70632ZAM38,Pembina Pipeline,PPL,Pipelines,senior,3.62,2029-04-03,2029-04-03,2019-04-03,,89.79,5.842793968975507,,ishares_xcb,evaluated,2233000.0
2023-10-31,CA70632ZAQ42,Pembina Pipeline,PPL,Pipelines,senior,3.31,2030-02-01,2030-02-01,2019-09-12,,86.58,5.905578568531354,,ishares_xcb,evaluated,1920000.0
2023-10-31,CA70632ZAS08,Pembina Pipeline,PPL,Pipelines,senior,3.53,2031-12-10,2031-12-10,2021-12-10,,83.55,6.13369218428693,,ishares_xcb,evaluated,1566000.0
2023-10-31,CA775109BJ98,Rogers Communications,RCI,Telecom,senior,3.25,2029-05-01,2029-05-01,2019-04-30,,87.71,5.895846350047865,,ishares_xcb,evaluated,3624000.0
2023-10-31,CA775109BK61,Rogers Communications,RCI,Telecom,senior,3.65,2027-03-31,2027-03-31,2020-03-31,,93.52,5.765957003749782,,ishares_xcb,evaluated,5527000.0
2023-10-31,CA775109BT70,Rogers Communications,RCI,Telecom,senior,3.75,2029-04-15,2029-04-15,2022-03-11,,90.14,5.888602648979241,,ishares_xcb,evaluated,3376000.0
2023-10-31,CA775109BV27,Rogers Communications,RCI,Telecom,senior,4.25,2032-04-15,2032-04-15,2022-03-11,,87.32,6.198788505341541,,ishares_xcb,evaluated,3092000.0
2023-10-31,CA775109CM19,Rogers Communications,RCI,Telecom,senior,3.8,2027-03-01,2027-03-01,2023-04-03,,94.08,5.775473931565481,,ishares_xcb,evaluated,1155000.0
2023-10-31,CA775109CP40,Rogers Communications,RCI,Telecom,senior,4.4,2028-11-02,2028-11-02,2023-04-03,,93.84,5.832515064720516,,ishares_xcb,evaluated,1853000.0
2023-10-31,CA775109CQ23,Rogers Communications,RCI,Telecom,senior,3.3,2029-12-10,2029-12-10,2019-12-09,,86.55,5.957190151251884,,ishares_xcb,evaluated,1784000.0
2023-10-31,CA775109CS88,Rogers Communications,RCI,Telecom,senior,2.9,2030-12-09,2030-12-09,2020-04-22,,81.81,6.090355139188754,,ishares_xcb,evaluated,1771000.0
2023-10-31,CA775109CU35,Rogers Communications,RCI,Telecom,senior,5.65,2026-09-21,2026-09-21,2023-09-21,,99.73,5.7507758993894775,,ishares_xcb,evaluated,1715000.0
2023-10-31,CA775109CV18,Rogers Communications,RCI,Telecom,senior,5.7,2028-09-21,2028-09-21,2023-09-21,,99.41,5.839176223781455,,ishares_xcb,evaluated,2325000.0
2023-10-31,CA775109CW90,Rogers Communications,RCI,Telecom,senior,5.8,2030-09-21,2030-09-21,2023-09-21,,98.41,6.084931760320817,,ishares_xcb,evaluated,2460000.0
2023-10-31,CA775109DA61,Rogers Communications,RCI,Telecom,senior,5.9,2033-09-21,2033-09-21,2023-09-21,,97.16,6.289184387299329,,ishares_xcb,evaluated,2825000.0
2023-10-31,CA780086RQ98,Royal Bank of Canada,RY,Banks,senior_bail_in,2.33,2027-01-28,2027-01-28,2020-01-28,,90.43,5.595807036452327,,ishares_xcb,evaluated,7696000.0
2023-10-31,CA780086TM66,Royal Bank of Canada,RY,Banks,senior_bail_in,1.59,2026-05-04,2026-05-04,2021-05-04,,90.97,5.485901783216021,,ishares_xcb,evaluated,4058000.0
2023-10-31,CA780086TY05,Royal Bank of Canada,RY,Banks,senior_bail_in,1.83,2028-07-31,2028-07-31,2021-07-29,,84.84,5.498231776869765,,ishares_xcb,evaluated,2885000.0
2023-10-31,CA780086VK72,Royal Bank of Canada,RY,Banks,senior_bail_in,4.61,2027-07-26,2027-07-26,2022-07-25,,96.49,5.6600032076328,,ishares_xcb,evaluated,6797000.0
2023-10-31,CA780086VV38,Royal Bank of Canada,RY,Banks,senior_bail_in,5.24,2026-11-02,2026-11-02,2022-10-28,,98.87,5.646108647075283,,ishares_xcb,evaluated,5503000.0
2023-10-31,CA780086WE04,Royal Bank of Canada,RY,Banks,senior_bail_in,4.11,2025-12-22,2025-12-22,2022-12-22,,97.74,5.234320524274117,,ishares_xcb,evaluated,3885000.0
2023-10-31,CA780086WG51,Royal Bank of Canada,RY,Banks,senior_bail_in,4.64,2028-01-17,2028-01-17,2023-01-17,,96.23,5.6532916377663005,,ishares_xcb,evaluated,6471000.0
2023-10-31,CA780086XL38,Royal Bank of Canada,RY,Banks,senior_bail_in,4.63,2028-05-01,2028-05-01,2023-04-20,,95.86,5.6817447245208506,,ishares_xcb,evaluated,8240000.0
2023-10-31,CA780086ZE76,Royal Bank of Canada,RY,Banks,senior_bail_in,5.34,2026-06-23,2026-06-23,2023-06-23,,99.28,5.6315235060791915,,ishares_xcb,evaluated,3925000.0
2023-10-31,CA780086ZH08,Royal Bank of Canada,RY,Banks,senior_bail_in,5.23,2030-06-24,2030-06-24,2023-06-23,,97.05,5.768226071655697,,ishares_xcb,evaluated,4120000.0
2023-10-31,CA87971MBC60,TELUS,TU,Telecom,senior,3.75,2026-03-10,2026-03-10,2015-12-08,,96.08,5.543290379100823,,ishares_xcb,evaluated,1878000.0
2023-10-31,CA87971MBG74,TELUS,TU,Telecom,senior,3.63,2028-03-01,2028-03-01,2018-03-01,,92.34,5.645650911893372,,ishares_xcb,evaluated,2060000.0
2023-10-31,CA87971MBJ14,TELUS,TU,Telecom,senior,3.3,2029-05-02,2029-05-02,2019-04-03,,88.77,5.702508603861617,,ishares_xcb,evaluated,2554000.0
2023-10-31,CA87971MBL69,TELUS,TU,Telecom,senior,2.75,2026-07-08,2026-07-08,2019-07-02,,93.06,5.561112113154987,,ishares_xcb,evaluated,2555000.0
2023-10-31,CA87971MBN26,TELUS,TU,Telecom,senior,3.15,2030-02-19,2030-02-19,2019-12-16,,86.24,5.784754339880235,,ishares_xcb,evaluated,2737000.0
2023-10-31,CA87971MBQ56,TELUS,TU,Telecom,senior,2.35,2028-01-27,2028-01-27,2020-05-29,,87.79,5.6250363052960335,,ishares_xcb,evaluated,2164000.0
2023-10-31,CA87971MBS13,TELUS,TU,Telecom,senior,2.05,2030-10-07,2030-10-07,2020-10-05,,78.48,5.872351142530004,,ishares_xcb,evaluated,1809000.0
2023-10-31,CA87971MBV42,TELUS,TU,Telecom,senior,2.85,2031-11-13,2031-11-13,2021-06-28,,80.2,5.988407210221166,,ishares_xcb,evaluated,2590000.0
2023-10-31,CA87971MBX08,TELUS,TU,Telecom,senior,5.25,2032-11-15,2032-11-15,2022-09-13,,94.42,6.057320000135117,,ishares_xcb,evaluated,3621000.0
2023-10-31,CA87971MBZ55,TELUS,TU,Telecom,senior,5.0,2029-09-13,2029-09-13,2022-09-13,,96.34,5.7424897373730746,,ishares_xcb,evaluated,1334000.0
2023-10-31,CA87971MCA95,TELUS,TU,Telecom,senior,4.95,2033-03-28,2033-03-28,2023-03-28,,91.83,6.103580272905802,,ishares_xcb,evaluated,1383000.0
2023-10-31,CA87971MCB78,TELUS,TU,Telecom,senior,5.6,2030-09-09,2030-09-09,2023-09-08,,98.29,5.90578767916476,,ishares_xcb,evaluated,450000.0
2023-10-31,CA87971MCC51,TELUS,TU,Telecom,senior,5.75,2033-09-08,2033-09-08,2023-09-08,,97.15,6.138831449713507,,ishares_xcb,evaluated,2950000.0
2023-10-31,CA89117F7G86,Toronto-Dominion Bank,TD,Banks,senior_bail_in,4.21,2027-06-01,2027-06-01,2022-06-01,,95.32,5.668234561410108,,ishares_xcb,evaluated,9840000.0
2023-10-31,CA89117F7H69,Toronto-Dominion Bank,TD,Banks,senior_bail_in,5.38,2027-10-21,2027-10-21,2022-10-21,,99.0,5.663968780107007,,ishares_xcb,evaluated,6535000.0
2023-10-31,CA89117F8V45,Toronto-Dominion Bank,TD,Banks,senior_bail_in,4.34,2026-01-27,2026-01-27,2022-07-27,,97.24,5.661619353860371,,ishares_xcb,evaluated,4966000.0
2023-10-31,CA89117FA338,Toronto-Dominion Bank,TD,Banks,senior_bail_in,1.89,2028-03-08,2028-03-08,2021-03-08,,86.25,5.4819847170589995,,ishares_xcb,evaluated,4915000.0
2023-10-31,CA89117FJ347,Toronto-Dominion Bank,TD,Banks,senior_bail_in,1.9,2028-09-11,2028-09-11,2021-09-10,,84.92,5.473774801476938,,ishares_xcb,evaluated,3465000.0
2023-10-31,CA89117FYZ66,Toronto-Dominion Bank,TD,Banks,senior_bail_in,1.13,2025-12-09,2025-12-09,2020-12-09,,91.49,5.460112745809627,,ishares_xcb,evaluated,5971000.0
2023-10-31,CA89117FZ442,Toronto-Dominion Bank,TD,Banks,senior_bail_in,2.26,2027-01-07,2027-01-07,2022-01-07,,90.4,5.589087908732433,,ishares_xcb,evaluated,5812000.0
2023-10-31,CA89117GK301,Toronto-Dominion Bank,TD,Banks,senior_bail_in,5.42,2026-07-10,2026-07-10,2023-07-10,,99.49,5.617559383750761,,ishares_xcb,evaluated,4700000.0
2023-10-31,CA89117GRJ80,Toronto-Dominion Bank,TD,Banks,senior_bail_in,4.68,2029-01-08,2029-01-08,2022-12-07,,95.69,5.645600899709473,,ishares_xcb,evaluated,8200000.0
2023-10-31,CA89117GTQ06,Toronto-Dominion Bank,TD,Banks,senior_bail_in,4.48,2028-01-18,2028-01-18,2023-01-18,,95.62,5.657707366442759,,ishares_xcb,evaluated,5861000.0
2023-10-31,CA89117GX510,Toronto-Dominion Bank,TD,Banks,senior_bail_in,5.49,2028-09-08,2028-09-08,2023-09-08,,99.24,5.6699241602654205,,ishares_xcb,evaluated,3260000.0
2023-10-31,CA89353ZAP32,TransCanada PipeLines,TRP,Pipelines,senior,8.29,2026-02-05,2026-02-05,1996-02-05,,104.36,6.181115062288893,,ishares_xcb,evaluated,944000.0
2023-10-31,CA89353ZBA53,TransCanada PipeLines,TRP,Pipelines,senior,6.89,2028-08-07,2028-08-07,1997-07-30,,103.29,6.078617671225981,,ishares_xcb,evaluated,712000.0
2023-10-31,CA89353ZBE75,TransCanada PipeLines,TRP,Pipelines,senior,6.28,2028-05-26,2028-05-26,1998-05-26,,100.61,6.117898533674154,,ishares_xcb,evaluated,803000.0
2023-10-31,CA89353ZBK36,TransCanada PipeLines,TRP,Pipelines,senior,6.5,2030-12-09,2030-12-09,1998-12-07,,99.54,6.5792475439649225,,ishares_xcb,evaluated,775000.0
2023-10-31,CA89353ZCA45,TransCanada PipeLines,TRP,Pipelines,senior,3.39,2028-03-15,2028-03-15,2017-09-15,,91.23,5.68201097791365,,ishares_xcb,evaluated,1002000.0
2023-10-31,CA89353ZCE66,TransCanada PipeLines,TRP,Pipelines,senior,3.0,2029-09-18,2029-09-18,2019-09-18,,86.38,5.762447371035747,,ishares_xcb,evaluated,1838000.0
2023-10-31,CA89353ZCF32,TransCanada PipeLines,TRP,Pipelines,senior,3.8,2027-04-05,2027-04-05,2020-04-03,,94.09,5.721302211051483,,ishares_xcb,evaluated,6928000.0
2023-10-31,CA89353ZCH97,TransCanada PipeLines,TRP,Pipelines,senior,2.97,2031-06-09,2031-06-09,2021-06-09,,81.28,6.079157447645418,,ishares_xcb,evaluated,1923000.0
2023-10-31,CA89353ZCJ53,TransCanada PipeLines,TRP,Pipelines,senior,4.35,2026-05-12,2026-05-12,2022-05-12,,97.09,5.590273036497705,,ishares_xcb,evaluated,1909000.0
2023-10-31,CA89353ZCK27,TransCanada PipeLines,TRP,Pipelines,senior,5.33,2032-05-12,2032-05-12,2022-05-12,,94.71,6.131999185151813,,ishares_xcb,evaluated,2618000.0
2023-10-31,CA89353ZCN65,TransCanada PipeLines,TRP,Pipelines,senior,5.28,2030-07-15,2030-07-15,2023-03-10,,96.35,5.943805447045545,,ishares_xcb,evaluated,4160000.0
2023-11-30,CA06368D3U60,Bank of Montreal,BMO,Banks,senior_bail_in,4.31,2027-06-01,2027-06-01,2022-06-01,,97.6,5.064468724247456,,ishares_xcb,evaluated,7817000.0
2023-11-30,CA06368DPC25,Bank of Montreal,BMO,Banks,senior_bail_in,1.76,2026-03-10,2026-03-10,2021-03-10,,93.47,4.821182149763071,,ishares_xcb,evaluated,2650000.0
2023-11-30,CA06368DTH75,Bank of Montreal,BMO,Banks,senior_bail_in,1.55,2026-05-28,2026-05-28,2021-05-28,,92.41,4.815502049717878,,ishares_xcb,evaluated,4057000.0
2023-11-30,CA06368DW260,Bank of Montreal,BMO,Banks,senior_bail_in,3.65,2027-04-01,2027-04-01,2022-04-01,,95.75,5.0480197225344865,,ishares_xcb,evaluated,6544000.0
2023-11-30,CA06368LEY89,Bank of Montreal,BMO,Banks,senior_bail_in,4.71,2027-12-07,2027-12-07,2022-12-07,,98.62,5.091997230777738,,ishares_xcb,evaluated,7736000.0
2023-11-30,CA06368LNK84,Bank of Montreal,BMO,Banks,senior_bail_in,5.04,2028-05-29,2028-05-29,2023-05-29,,99.85,5.077692910982319,,ishares_xcb,evaluated,7380000.0
2023-11-30,CA06415E4E25,Bank of Nova Scotia,BNS,Banks,senior_bail_in,1.4,2027-11-01,2027-11-01,2020-10-15,,87.89,4.827327135800706,,ishares_xcb,evaluated,5312000.0
2023-11-30,CA06415FFT45,Bank of Nova Scotia,BNS,Banks,senior_bail_in,1.85,2026-11-02,2026-11-02,2021-10-08,,91.75,4.913999365988702,,ishares_xcb,evaluated,7320000.0
2023-11-30,CA06415GDE76,Bank of Nova Scotia,BNS,Banks,senior_bail_in,2.95,2027-03-08,2027-03-08,2022-03-07,,93.77,5.038219519740863,,ishares_xcb,evaluated,11835000.0
2023-11-30,CA06415GH297,Bank of Nova Scotia,BNS,Banks,senior_bail_in,5.5,2026-05-08,2026-05-08,2022-11-09,,100.96,5.075447649359769,,ishares_xcb,evaluated,4993000.0
2023-11-30,CA064164JA58,Bank of Nova Scotia,BNS,Banks,senior_bail_in,5.5,2025-12-29,2025-12-29,2023-06-29,,100.67,5.150421929288398,,ishares_xcb,evaluated,4000000.0
2023-11-30,CA07813ZAC82,Bell Canada,BCE,Telecom,senior,6.55,2029-05-01,2029-05-01,1999-07-19,,105.97,5.268587683327781,,ishares_xcb,evaluated,572000.0
2023-11-30,CA07813ZAL81,Bell Canada,BCE,Telecom,senior,7.85,2031-04-02,2031-04-02,2001-04-02,,113.95,5.510685204527144,,ishares_xcb,evaluated,730000.0
2023-11-30,CA07813ZAP95,Bell Canada,BCE,Telecom,senior,7.3,2032-02-23,2032-02-23,2002-02-22,,110.91,5.621665971903628,,ishares_xcb,evaluated,1191000.0
2023-11-30,CA07813ZAT18,Bell Canada,BCE,Telecom,senior,6.1,2035-03-16,2035-03-16,2004-03-16,,105.21,5.47460069287952,,ishares_xcb,evaluated,1396000.0
2023-11-30,CA07813ZBT09,Bell Canada,BCE,Telecom,senior,3.55,2026-03-02,2026-03-02,2016-02-29,,97.09,4.927589392874581,,ishares_xcb,evaluated,2832000.0
2023-11-30,CA07813ZBV54,Bell Canada,BCE,Telecom,senior,2.9,2026-08-12,2026-08-12,2016-08-12,,95.2,4.811809439591163,,ishares_xcb,evaluated,2218000.0
2023-11-30,CA07813ZCC64,Bell Canada,BCE,Telecom,senior,2.9,2029-09-10,2029-09-10,2019-09-10,,89.84,4.942542059426655,,ishares_xcb,evaluated,1596000.0
2023-11-30,CA07813ZCE21,Bell Canada,BCE,Telecom,senior,2.5,2030-05-14,2030-05-14,2020-05-14,,86.03,5.063663797739962,,ishares_xcb,evaluated,3167000.0
2023-11-30,CA07813ZCF95,Bell Canada,BCE,Telecom,senior,1.65,2027-08-16,2027-08-16,2020-08-14,,89.96,4.622689572041421,,ishares_xcb,evaluated,2647000.0
2023-11-30,CA07813ZCG78,Bell Canada,BCE,Telecom,senior,3.0,2031-03-17,2031-03-17,2021-03-17,,87.1,5.142170108598238,,ishares_xcb,evaluated,3524000.0
2023-11-30,CA07813ZCJ18,Bell Canada,BCE,Telecom,senior,2.2,2028-05-29,2028-05-29,2021-05-28,,89.43,4.843830859203139,,ishares_xcb,evaluated,1688000.0
2023-11-30,CA07813ZCK80,Bell Canada,BCE,Telecom,senior,5.85,2032-11-10,2032-11-10,2022-11-10,,104.0,5.282706044255742,,ishares_xcb,evaluated,4225000.0
2023-11-30,CA07813ZCL63,Bell Canada,BCE,Telecom,senior,4.55,2030-02-09,2030-02-09,2023-02-09,,97.4,5.040532482638182,,ishares_xcb,evaluated,3245000.0
2023-11-30,CA07813ZCQ50,Bell Canada,BCE,Telecom,senior,5.25,2029-03-15,2029-03-15,2023-11-14,,101.51,4.921345763392637,,ishares_xcb,evaluated,1500000.0
2023-11-30,CA11291ZAE75,Brookfield Infrastructure Finance,BIP,Utilities,senior,4.19,2028-09-11,2028-09-11,2018-09-10,,95.28,5.320264958146519,,ishares_xcb,evaluated,1616000.0
2023-11-30,CA11291ZAF41,Brookfield Infrastructure Finance,BIP,Utilities,senior,3.41,2029-10-09,2029-10-09,2019-10-03,,90.15,5.39219436544002,,ishares_xcb,evaluated,2931000.0
2023-11-30,CA11291ZAG24,Brookfield Infrastructure Finance,BIP,Utilities,senior,2.86,2032-09-01,2032-09-01,2020-09-01,,81.27,5.595275484192218,,ishares_xcb,evaluated,1485000.0
2023-11-30,CA11291ZAH07,Brookfield Infrastructure Finance,BIP,Utilities,senior,5.44,2034-04-25,2034-04-25,2022-04-25,,97.67,5.739619598318303,,ishares_xcb,evaluated,1600000.0
2023-11-30,CA11291ZAK36,Brookfield Infrastructure Finance,BIP,Utilities,senior,5.62,2027-11-14,2027-11-14,2022-11-14,,101.26,5.2624059196739115,,ishares_xcb,evaluated,1250000.0
2023-11-30,CA11291ZAL19,Brookfield Infrastructure Finance,BIP,Utilities,senior,5.98,2033-02-14,2033-02-14,2022-11-14,,102.02,5.691599030803381,,ishares_xcb,evaluated,904000.0
2023-11-30,CA11291ZAM91,Brookfield Infrastructure Finance,BIP,Utilities,senior,5.71,2030-07-27,2030-07-27,2023-07-27,,101.07,5.5113775791559,,ishares_xcb,evaluated,1500000.0
2023-11-30,CA13607GRU09,Canadian Imperial Bank of Commerce,CM,Banks,senior_bail_in,1.1,2026-01-19,2026-01-19,2021-01-19,,92.39,4.893464754382322,,ishares_xcb,evaluated,3912000.0
2023-11-30,CA13607H5C22,Canadian Imperial Bank of Commerce,CM,Banks,senior_bail_in,5.05,2027-10-07,2027-10-07,2022-10-07,,99.69,5.137203986168047,,ishares_xcb,evaluated,5755000.0
2023-11-30,CA13607HC349,Canadian Imperial Bank of Commerce,CM,Banks,senior_bail_in,2.25,2027-01-07,2027-01-07,2022-01-07,,92.27,4.9651116182021395,,ishares_xcb,evaluated,5331000.0
2023-11-30,CA13607HV661,Canadian Imperial Bank of Commerce,CM,Banks,senior_bail_in,4.95,2027-06-29,2027-06-29,2022-06-29,,99.48,5.107753967695739,,ishares_xcb,evaluated,6219000.0
2023-11-30,CA13607HVV19,Canadian Imperial Bank of Commerce,CM,Banks,senior_bail_in,1.7,2026-07-15,2026-07-15,2021-07-15,,92.3,4.856781755412649,,ishares_xcb,evaluated,3707000.0
2023-11-30,CA13607LPY34,Canadian Imperial Bank of Commerce,CM,Banks,senior_bail_in,5.5,2028-01-14,2028-01-14,2023-07-14,,101.25,5.153133473303849,,ishares_xcb,evaluated,4195000.0
2023-11-30,CA29251ZAD92,Enbridge Inc,ENB,Pipelines,senior,7.22,2030-07-24,2030-07-24,2000-07-24,,106.9,5.942802512632577,,ishares_xcb,evaluated,806000.0
2023-11-30,CA29251ZAK36,Enbridge Inc,ENB,Pipelines,senior,7.2,2032-06-18,2032-06-18,2001-06-18,,107.52,6.05798846386395,,ishares_xcb,evaluated,930000.0
2023-11-30,CA29251ZAQ06,Enbridge Inc,ENB,Pipelines,senior,5.57,2035-11-14,2035-11-14,2005-11-14,,98.49,5.746055058109676,,ishares_xcb,evaluated,394000.0
2023-11-30,CA29251ZBK27,Enbridge Inc,ENB,Pipelines,senior,3.2,2027-06-08,2027-06-08,2017-06-08,,94.2,5.01552598723203,,ishares_xcb,evaluated,3827000.0
2023-11-30,CA29251ZBS52,Enbridge Inc,ENB,Pipelines,senior,2.99,2029-10-03,2029-10-03,2019-10-03,,89.24,5.144961362513084,,ishares_xcb,evaluated,3277000.0
2023-11-30,CA29251ZBU09,Enbridge Inc,ENB,Pipelines,senior,3.1,2033-09-21,2033-09-21,2021-09-21,,82.27,5.458141739480501,,ishares_xcb,evaluated,3357000.0
2023-11-30,CA29251ZBW64,Enbridge Inc,ENB,Pipelines,senior,6.1,2032-11-09,2032-11-09,2022-11-09,,104.45,5.463839372418734,,ishares_xcb,evaluated,2895000.0
2023-11-30,CA29251ZBY21,Enbridge Inc,ENB,Pipelines,senior,5.7,2027-11-09,2027-11-09,2022-11-09,,102.19,5.079239598737631,,ishares_xcb,evaluated,1746000.0
2023-11-30,CA29251ZBZ95,Enbridge Inc,ENB,Pipelines,senior,5.36,2033-05-26,2033-05-26,2023-05-26,,99.07,5.486951462872464,,ishares_xcb,evaluated,1415000.0
2023-11-30,CA29251ZCA36,Enbridge Inc,ENB,Pipelines,senior,4.9,2028-05-26,2028-05-26,2023-05-26,,99.54,5.015588798360617,,ishares_xcb,evaluated,1990000.0
2023-11-30,CA349553AP21,Fortis Inc,FTS,Utilities,senior,2.18,2028-05-15,2028-05-15,2021-05-14,,89.61,4.795781339843909,,ishares_xcb,evaluated,1933000.0
2023-11-30,CA349553AQ04,Fortis Inc,FTS,Utilities,senior,4.43,2029-05-31,2029-05-31,2022-05-31,,97.62,4.929312328649573,,ishares_xcb,evaluated,1558000.0
2023-11-30,CA349553AR86,Fortis Inc,FTS,Utilities,senior,5.68,2033-11-08,2033-11-08,2023-11-08,,103.83,5.181719483288171,,ishares_xcb,evaluated,760000.0
2023-11-30,CA44810ZAB63,Hydro One Inc,H,Utilities,senior,6.93,2032-06-01,2032-06-01,2001-06-22,,113.38,4.9792119250464095,,ishares_xcb,evaluated,1602000.0
2023-11-30,CA44810ZAD20,Hydro One Inc,H,Utilities,senior,6.35,2034-01-31,2034-01-31,2003-01-31,,111.52,4.895045392394666,,ishares_xcb,evaluated,1224000.0
2023-11-30,CA44810ZBR07,Hydro One Inc,H,Utilities,senior,2.77,2026-02-24,2026-02-24,2016-02-24,,96.19,4.579103363640317,,ishares_xcb,evaluated,1738000.0
2023-11-30,CA44810ZBZ23,Hydro One Inc,H,Utilities,senior,3.02,2029-04-05,2029-04-05,2019-04-05,,93.18,4.466969728749291,,ishares_xcb,evaluated,1913000.0
2023-11-30,CA44810ZCC29,Hydro One Inc,H,Utilities,senior,2.16,2030-02-28,2030-02-28,2020-02-28,,87.27,4.52128069172882,,ishares_xcb,evaluated,1076000.0
2023-11-30,CA44810ZCF59,Hydro One Inc,H,Utilities,senior,1.69,2031-01-16,2031-01-16,2020-10-09,,82.79,4.542368146727857,,ishares_xcb,evaluated,575000.0
2023-11-30,CA44810ZCG33,Hydro One Inc,H,Utilities,senior,2.23,2031-09-17,2031-09-17,2021-09-17,,84.5,4.619854987192782,,ishares_xcb,evaluated,1598000.0
2023-11-30,CA44810ZCJ71,Hydro One Inc,H,Utilities,senior,4.91,2028-01-27,2028-01-27,2022-10-27,,101.38,4.536780554487546,,ishares_xcb,evaluated,2454000.0
2023-11-30,CA44810ZCK45,Hydro One Inc,H,Utilities,senior,3.93,2029-11-30,2029-11-30,2023-01-27,,97.22,4.463258889739281,,ishares_xcb,evaluated,1122000.0
2023-11-30,CA44810ZCL28,Hydro One Inc,H,Utilities,senior,4.16,2033-01-27,2033-01-27,2023-01-27,,95.79,4.729474458003937,,ishares_xcb,evaluated,1580000.0
2023-11-30,CA448810AC58,Hydro One Inc,H,Utilities,senior,7.35,2030-06-03,2030-06-03,2000-06-01,,113.68,4.870145979187379,,ishares_xcb,evaluated,1353000.0
2023-11-30,CA63306AGJ93,National Bank of Canada,NA,Banks,senior_bail_in,1.57,2026-08-18,2026-08-18,2020-07-15,,94.18,3.8439185385996675,,ishares_xcb,evaluated,1227000.0
2023-11-30,CA63306AGT75,National Bank of Canada,NA,Banks,senior_bail_in,1.53,2026-06-15,2026-06-15,2021-06-15,,92.03,4.903160859087197,,ishares_xcb,evaluated,3260000.0
2023-11-30,CA63306AHB58,National Bank of Canada,NA,Banks,senior_bail_in,2.24,2026-11-04,2026-11-04,2021-11-04,,92.61,4.982793630538001,,ishares_xcb,evaluated,3338000.0
2023-11-30,CA63306AHP45,National Bank of Canada,NA,Banks,senior_bail_in,5.22,2028-06-14,2028-06-14,2023-06-14,,100.42,5.112896539433193,,ishares_xcb,evaluated,5710000.0
2023-11-30,CA70632ZAF86,Pembina Pipeline,PPL,Pipelines,senior,4.24,2027-06-15,2027-06-15,2015-06-16,,97.15,5.128094974192709,,ishares_xcb,evaluated,1924000.0
2023-11-30,CA70632ZAG69,Pembina Pipeline,PPL,Pipelines,senior,3.71,2026-08-11,2026-08-11,2016-08-11,,96.65,5.047624737519638,,ishares_xcb,evaluated,2029000.0
2023-11-30,CA70632ZAK71,Pembina Pipeline,PPL,Pipelines,senior,4.02,2028-03-27,2028-03-27,2018-03-26,,95.44,5.210378759272408,,ishares_xcb,evaluated,1267000.0
2023-11-30,CA70632ZAM38,Pembina Pipeline,PPL,Pipelines,senior,3.62,2029-04-03,2029-04-03,2019-04-03,,92.55,5.235451783702618,,ishares_xcb,evaluated,2233000.0
2023-11-30,CA70632ZAQ42,Pembina Pipeline,PPL,Pipelines,senior,3.31,2030-02-01,2030-02-01,2019-09-12,,89.59,5.3076170736283155,,ishares_xcb,evaluated,1920000.0
2023-11-30,CA70632ZAS08,Pembina Pipeline,PPL,Pipelines,senior,3.53,2031-12-10,2031-12-10,2021-12-10,,87.42,5.487748993704224,,ishares_xcb,evaluated,1566000.0
2023-11-30,CA775109BJ98,Rogers Communications,RCI,Telecom,senior,3.25,2029-05-01,2029-05-01,2019-04-30,,90.83,5.213423018279423,,ishares_xcb,evaluated,3124000.0
2023-11-30,CA775109BK61,Rogers Communications,RCI,Telecom,senior,3.65,2027-03-31,2027-03-31,2020-03-31,,95.64,5.086308995778508,,ishares_xcb,evaluated,4967000.0
2023-11-30,CA775109BT70,Rogers Communications,RCI,Telecom,senior,3.75,2029-04-15,2029-04-15,2022-03-11,,93.29,5.195743008310724,,ishares_xcb,evaluated,3376000.0
2023-11-30,CA775109BV27,Rogers Communications,RCI,Telecom,senior,4.25,2032-04-15,2032-04-15,2022-03-11,,91.68,5.502257665913208,,ishares_xcb,evaluated,3092000.0
2023-11-30,CA775109CM19,Rogers Communications,RCI,Telecom,senior,3.8,2027-03-01,2027-03-01,2023-04-03,,96.2,5.081044097641417,,ishares_xcb,evaluated,1155000.0
2023-11-30,CA775109CP40,Rogers Communications,RCI,Telecom,senior,4.4,2028-11-02,2028-11-02,2023-04-03,,96.89,5.122100969506153,,ishares_xcb,evaluated,1853000.0
2023-11-30,CA775109CQ23,Rogers Communications,RCI,Telecom,senior,3.3,2029-12-10,2029-12-10,2019-12-09,,89.87,5.28332222251369,,ishares_xcb,evaluated,1784000.0
2023-11-30,CA775109CS88,Rogers Communications,RCI,Telecom,senior,2.9,2030-12-09,2030-12-09,2020-04-22,,85.9,5.3320867600104975,,ishares_xcb,evaluated,1771000.0
2023-11-30,CA775109CU35,Rogers Communications,RCI,Telecom,senior,5.65,2026-09-21,2026-09-21,2023-09-21,,101.6,5.02977269770381,,ishares_xcb,evaluated,1715000.0
2023-11-30,CA775109CV18,Rogers Communications,RCI,Telecom,senior,5.7,2028-09-21,2028-09-21,2023-09-21,,102.31,5.150133433931857,,ishares_xcb,evaluated,2325000.0
2023-11-30,CA775109CW90,Rogers Communications,RCI,Telecom,senior,5.8,2030-09-21,2030-09-21,2023-09-21,,102.33,5.385561616527434,,ishares_xcb,evaluated,1900000.0
2023-11-30,CA775109DA61,Rogers Communications,RCI,Telecom,senior,5.9,2033-09-21,2033-09-21,2023-09-21,,102.47,5.568880664324293,,ishares_xcb,evaluated,3125000.0
2023-11-30,CA780086RQ98,Royal Bank of Canada,RY,Banks,senior_bail_in,2.33,2027-01-28,2027-01-28,2020-01-28,,92.58,4.889134696460936,,ishares_xcb,evaluated,6696000.0
2023-11-30,CA780086TM66,Royal Bank of Canada,RY,Banks,senior_bail_in,1.59,2026-05-04,2026-05-04,2021-05-04,,92.65,4.833590286789261,,ishares_xcb,evaluated,4058000.0
2023-11-30,CA780086TY05,Royal Bank of Canada,RY,Banks,senior_bail_in,1.83,2028-07-31,2028-07-31,2021-07-29,,87.41,4.876203473403986,,ishares_xcb,evaluated,3385000.0
2023-11-30,CA780086VK72,Royal Bank of Canada,RY,Banks,senior_bail_in,4.61,2027-07-26,2027-07-26,2022-07-25,,98.54,5.046615210085237,,ishares_xcb,evaluated,6097000.0
2023-11-30,CA780086VV38,Royal Bank of Canada,RY,Banks,senior_bail_in,5.24,2026-11-02,2026-11-02,2022-10-28,,100.67,4.989677679545461,,ishares_xcb,evaluated,5503000.0
2023-11-30,CA780086WE04,Royal Bank of Canada,RY,Banks,senior_bail_in,4.11,2025-12-22,2025-12-22,2022-12-22,,98.8,4.724283967568183,,ishares_xcb,evaluated,3885000.0
2023-11-30,CA780086WG51,Royal Bank of Canada,RY,Banks,senior_bail_in,4.64,2028-01-17,2028-01-17,2023-01-17,,98.48,5.046958032677383,,ishares_xcb,evaluated,6471000.0
2023-11-30,CA780086XL38,Royal Bank of Canada,RY,Banks,senior_bail_in,4.63,2028-05-01,2028-05-01,2023-04-20,,98.36,5.047861438788308,,ishares_xcb,evaluated,8240000.0
2023-11-30,CA780086ZE76,Royal Bank of Canada,RY,Banks,senior_bail_in,5.34,2026-06-23,2026-06-23,2023-06-23,,100.73,5.028621630388619,,ishares_xcb,evaluated,3925000.0
2023-11-30,CA780086ZH08,Royal Bank of Canada,RY,Banks,senior_bail_in,5.23,2030-06-24,2030-06-24,2023-06-23,,100.49,5.13930747526656,,ishares_xcb,evaluated,4120000.0
2023-11-30,CA87971MBC60,TELUS,TU,Telecom,senior,3.75,2026-03-10,2026-03-10,2015-12-08,,97.48,4.931792454934924,,ishares_xcb,evaluated,1878000.0
2023-11-30,CA87971MBG74,TELUS,TU,Telecom,senior,3.63,2028-03-01,2028-03-01,2018-03-01,,94.74,5.018072992901276,,ishares_xcb,evaluated,2060000.0
2023-11-30,CA87971MBJ14,TELUS,TU,Telecom,senior,3.3,2029-05-02,2029-05-02,2019-04-03,,91.77,5.053585030117372,,ishares_xcb,evaluated,2554000.0
2023-11-30,CA87971MBL69,TELUS,TU,Telecom,senior,2.75,2026-07-08,2026-07-08,2019-07-02,,94.92,4.84364345095288,,ishares_xcb,evaluated,2555000.0
2023-11-30,CA87971MBN26,TELUS,TU,Telecom,senior,3.15,2030-02-19,2030-02-19,2019-12-16,,89.41,5.159705291663174,,ishares_xcb,evaluated,2317000.0
2023-11-30,CA87971MBQ56,TELUS,TU,Telecom,senior,2.35,2028-01-27,2028-01-27,2020-05-29,,90.18,4.992150622090036,,ishares_xcb,evaluated,2164000.0
2023-11-30,CA87971MBS13,TELUS,TU,Telecom,senior,2.05,2030-10-07,2030-10-07,2020-10-05,,82.21,5.165041939921506,,ishares_xcb,evaluated,1809000.0
2023-11-30,CA87971MBV42,TELUS,TU,Telecom,senior,2.85,2031-11-13,2031-11-13,2021-06-28,,84.21,5.309619309322988,,ishares_xcb,evaluated,2590000.0
2023-11-30,CA87971MBX08,TELUS,TU,Telecom,senior,5.25,2032-11-15,2032-11-15,2022-09-13,,99.0,5.391923634932864,,ishares_xcb,evaluated,3621000.0
2023-11-30,CA87971MBZ55,TELUS,TU,Telecom,senior,5.0,2029-09-13,2029-09-13,2022-09-13,,99.58,5.083746570989722,,ishares_xcb,evaluated,1334000.0
2023-11-30,CA87971MCA95,TELUS,TU,Telecom,senior,4.95,2033-03-28,2033-03-28,2023-03-28,,96.54,5.426938467621899,,ishares_xcb,evaluated,1383000.0
2023-11-30,CA87971MCB78,TELUS,TU,Telecom,senior,5.6,2030-09-09,2030-09-09,2023-09-08,,101.93,5.2567156655709795,,ishares_xcb,evaluated,750000.0
2023-11-30,CA87971MCC51,TELUS,TU,Telecom,senior,5.75,2033-09-08,2033-09-08,2023-09-08,,102.04,5.476831242718791,,ishares_xcb,evaluated,2950000.0
2023-11-30,CA89117F7G86,Toronto-Dominion Bank,TD,Banks,senior_bail_in,4.21,2027-06-01,2027-06-01,2022-06-01,,97.32,5.052564578052589,,ishares_xcb,evaluated,9140000.0
2023-11-30,CA89117F7H69,Toronto-Dominion Bank,TD,Banks,senior_bail_in,5.38,2027-10-21,2027-10-21,2022-10-21,,101.05,5.077087103790612,,ishares_xcb,evaluated,6535000.0
2023-11-30,CA89117F8V45,Toronto-Dominion Bank,TD,Banks,senior_bail_in,4.34,2026-01-27,2026-01-27,2022-07-27,,98.57,5.0388238159769605,,ishares_xcb,evaluated,4966000.0
2023-11-30,CA89117FA338,Toronto-Dominion Bank,TD,Banks,senior_bail_in,1.89,2028-03-08,2028-03-08,2021-03-08,,88.8,4.821979332244329,,ishares_xcb,evaluated,4915000.0
2023-11-30,CA89117FJ347,Toronto-Dominion Bank,TD,Banks,senior_bail_in,1.9,2028-09-11,2028-09-11,2021-09-10,,87.63,4.828451879435089,,ishares_xcb,evaluated,3465000.0
2023-11-30,CA89117FYZ66,Toronto-Dominion Bank,TD,Banks,senior_bail_in,1.13,2025-12-09,2025-12-09,2020-12-09,,92.86,4.875391746231606,,ishares_xcb,evaluated,5971000.0
2023-11-30,CA89117FZ442,Toronto-Dominion Bank,TD,Banks,senior_bail_in,2.26,2027-01-07,2027-01-07,2022-01-07,,92.48,4.898215111210928,,ishares_xcb,evaluated,5812000.0
2023-11-30,CA89117GK301,Toronto-Dominion Bank,TD,Banks,senior_bail_in,5.42,2026-07-10,2026-07-10,2023-07-10,,100.94,5.021862235400689,,ishares_xcb,evaluated,4700000.0
2023-11-30,CA89117GRJ80,Toronto-Dominion Bank,TD,Banks,senior_bail_in,4.68,2029-01-08,2029-01-08,2022-12-07,,98.38,5.039302628591547,,ishares_xcb,evaluated,8200000.0
2023-11-30,CA89117GTQ06,Toronto-Dominion Bank,TD,Banks,senior_bail_in,4.48,2028-01-18,2028-01-18,2023-01-18,,97.84,5.0605734931071495,,ishares_xcb,evaluated,5861000.0
2023-11-30,CA89117GX510,Toronto-Dominion Bank,TD,Banks,senior_bail_in,5.49,2028-09-08,2028-09-08,2023-09-08,,101.94,5.026496274307199,,ishares_xcb,evaluated,3760000.0
2023-11-30,CA89353ZAP32,TransCanada PipeLines,TRP,Pipelines,senior,8.29,2026-02-05,2026-02-05,1996-02-05,,105.22,5.694842229799767,,ishares_xcb,evaluated,944000.0
2023-11-30,CA89353ZBA53,TransCanada PipeLines,TRP,Pipelines,senior,6.89,2028-08-07,2028-08-07,1997-07-30,,105.6,5.511064630339967,,ishares_xcb,evaluated,712000.0
2023-11-30,CA89353ZBE75,TransCanada PipeLines,TRP,Pipelines,senior,6.28,2028-05-26,2028-05-26,1998-05-26,,103.03,5.508733406176986,,ishares_xcb,evaluated,803000.0
2023-11-30,CA89353ZBK36,TransCanada PipeLines,TRP,Pipelines,senior,6.5,2030-12-09,2030-12-09,1998-12-07,,103.35,5.908516714458878,,ishares_xcb,evaluated,775000.0
2023-11-30,CA89353ZCA45,TransCanada PipeLines,TRP,Pipelines,senior,3.39,2028-03-15,2028-03-15,2017-09-15,,93.68,5.045559582635653,,ishares_xcb,evaluated,1402000.0
2023-11-30,CA89353ZCE66,TransCanada PipeLines,TRP,Pipelines,senior,3.0,2029-09-18,2029-09-18,2019-09-18,,89.32,5.153286559231563,,ishares_xcb,evaluated,2238000.0
2023-11-30,CA89353ZCF32,TransCanada PipeLines,TRP,Pipelines,senior,3.8,2027-04-05,2027-04-05,2020-04-03,,96.18,5.052696825714042,,ishares_xcb,evaluated,6928000.0
2023-11-30,CA89353ZCH97,TransCanada PipeLines,TRP,Pipelines,senior,2.97,2031-06-09,2031-06-09,2021-06-09,,85.16,5.394848336374347,,ishares_xcb,evaluated,1923000.0
2023-11-30,CA89353ZCJ53,TransCanada PipeLines,TRP,Pipelines,senior,4.35,2026-05-12,2026-05-12,2022-05-12,,98.53,4.99398257981102,,ishares_xcb,evaluated,1349000.0
2023-11-30,CA89353ZCK27,TransCanada PipeLines,TRP,Pipelines,senior,5.33,2032-05-12,2032-05-12,2022-05-12,,99.08,5.4670333985112585,,ishares_xcb,evaluated,2618000.0
2023-11-30,CA89353ZCN65,TransCanada PipeLines,TRP,Pipelines,senior,5.28,2030-07-15,2030-07-15,2023-03-10,,99.84,5.304837897558099,,ishares_xcb,evaluated,4160000.0
2023-12-29,CA06368D3U60,Bank of Montreal,BMO,Banks,senior_bail_in,4.31,2027-06-01,2027-06-01,2022-06-01,,99.49,4.471050609082071,,ishares_xcb,evaluated,8017000.0
2023-12-29,CA06368DPC25,Bank of Montreal,BMO,Banks,senior_bail_in,1.76,2026-03-10,2026-03-10,2021-03-10,,94.73,4.298168921258379,,ishares_xcb,evaluated,2375000.0
2023-12-29,CA06368DTH75,Bank of Montreal,BMO,Banks,senior_bail_in,1.55,2026-05-28,2026-05-28,2021-05-28,,93.79,4.283984590656393,,ishares_xcb,evaluated,4057000.0
2023-12-29,CA06368DW260,Bank of Montreal,BMO,Banks,senior_bail_in,3.65,2027-04-01,2027-04-01,2022-04-01,,97.54,4.467519570802977,,ishares_xcb,evaluated,6544000.0
2023-12-29,CA06368LB887,Bank of Montreal,BMO,Banks,senior_bail_in,4.54,2028-12-18,2028-12-18,2023-12-18,,100.57,4.410626324970612,,ishares_xcb,evaluated,1755000.0
2023-12-29,CA06368LEY89,Bank of Montreal,BMO,Banks,senior_bail_in,4.71,2027-12-07,2027-12-07,2022-12-07,,100.86,4.46853405688418,,ishares_xcb,evaluated,8156000.0
2023-12-29,CA06368LNK84,Bank of Montreal,BMO,Banks,senior_bail_in,5.04,2028-05-29,2028-05-29,2023-05-29,,102.27,4.467396759737482,,ishares_xcb,evaluated,7020000.0
2023-12-29,CA06415E4E25,Bank of Nova Scotia,BNS,Banks,senior_bail_in,1.4,2027-11-01,2027-11-01,2020-10-15,,90.09,4.221937676478334,,ishares_xcb,evaluated,5312000.0
2023-12-29,CA06415FFT45,Bank of Nova Scotia,BNS,Banks,senior_bail_in,1.85,2026-11-02,2026-11-02,2021-10-08,,93.32,4.373443337908291,,ishares_xcb,evaluated,7420000.0
2023-12-29,CA06415GDE76,Bank of Nova Scotia,BNS,Banks,senior_bail_in,2.95,2027-03-08,2027-03-08,2022-03-07,,95.53,4.467552638098778,,ishares_xcb,evaluated,12195000.0
2023-12-29,CA06415GH297,Bank of Nova Scotia,BNS,Banks,senior_bail_in,5.5,2026-05-08,2026-05-08,2022-11-09,,102.11,4.545114070985677,,ishares_xcb,evaluated,5258000.0
2023-12-29,CA064164JA58,Bank of Nova Scotia,BNS,Banks,senior_bail_in,5.5,2025-12-29,2025-12-29,2023-06-29,,101.5,4.705374285751071,,ishares_xcb,evaluated,4185000.0
2023-12-29,CA07813ZAC82,Bell Canada,BCE,Telecom,senior,6.55,2029-05-01,2029-05-01,1999-07-19,,109.02,4.623505204030969,,ishares_xcb,evaluated,572000.0
2023-12-29,CA07813ZAL81,Bell Canada,BCE,Telecom,senior,7.85,2031-04-02,2031-04-02,2001-04-02,,117.63,4.928827238546767,,ishares_xcb,evaluated,755000.0
2023-12-29,CA07813ZAP95,Bell Canada,BCE,Telecom,senior,7.3,2032-02-23,2032-02-23,2002-02-22,,115.69,4.934473278015897,,ishares_xcb,evaluated,1191000.0
2023-12-29,CA07813ZAT18,Bell Canada,BCE,Telecom,senior,6.1,2035-03-16,2035-03-16,2004-03-16,,109.55,4.97790567514677,,ishares_xcb,evaluated,1396000.0
2023-12-29,CA07813ZBT09,Bell Canada,BCE,Telecom,senior,3.55,2026-03-02,2026-03-02,2016-02-29,,98.15,4.450870236799226,,ishares_xcb,evaluated,2832000.0
2023-12-29,CA07813ZBV54,Bell Canada,BCE,Telecom,senior,2.9,2026-08-12,2026-08-12,2016-08-12,,96.53,4.30879545981708,,ishares_xcb,evaluated,2218000.0
2023-12-29,CA07813ZCC64,Bell Canada,BCE,Telecom,senior,2.9,2029-09-10,2029-09-10,2019-09-10,,92.87,4.325026141479943,,ishares_xcb,evaluated,1746000.0
2023-12-29,CA07813ZCE21,Bell Canada,BCE,Telecom,senior,2.5,2030-05-14,2030-05-14,2020-05-14,,89.44,4.418129389058794,,ishares_xcb,evaluated,3367000.0
2023-12-29,CA07813ZCF95,Bell Canada,BCE,Telecom,senior,1.65,2027-08-16,2027-08-16,2020-08-14,,92.05,4.021868180017419,,ishares_xcb,evaluated,2647000.0
2023-12-29,CA07813ZCG78,Bell Canada,BCE,Telecom,senior,3.0,2031-03-17,2031-03-17,2021-03-17,,90.79,4.508940865693222,,ishares_xcb,evaluated,3539000.0
2023-12-29,CA07813ZCJ18,Bell Canada,BCE,Telecom,senior,2.2,2028-05-29,2028-05-29,2021-05-28,,91.9,4.229186105144009,,ishares_xcb,evaluated,1688000.0
2023-12-29,CA07813ZCK80,Bell Canada,BCE,Telecom,senior,5.85,2032-11-10,2032-11-10,2022-11-10,,108.7,4.641157330950425,,ishares_xcb,evaluated,4230000.0
2023-12-29,CA07813ZCL63,Bell Canada,BCE,Telecom,senior,4.55,2030-02-09,2030-02-09,2023-02-09,,100.69,4.41644573587628,,ishares_xcb,evaluated,3245000.0
2023-12-29,CA07813ZCQ50,Bell Canada,BCE,Telecom,senior,5.25,2029-03-15,2029-03-15,2023-11-14,,104.3,4.31914091590333,,ishares_xcb,evaluated,2225000.0
2023-12-29,CA11291ZAE75,Brookfield Infrastructure Finance,BIP,Utilities,senior,4.19,2028-09-11,2028-09-11,2018-09-10,,97.99,4.670651208656663,,ishares_xcb,evaluated,2266000.0
2023-12-29,CA11291ZAF41,Brookfield Infrastructure Finance,BIP,Utilities,senior,3.41,2029-10-09,2029-10-09,2019-10-03,,93.19,4.77087976523433,,ishares_xcb,evaluated,2666000.0
2023-12-29,CA11291ZAG24,Brookfield Infrastructure Finance,BIP,Utilities,senior,2.86,2032-09-01,2032-09-01,2020-09-01,,85.41,4.94923218219785,,ishares_xcb,evaluated,1655000.0
2023-12-29,CA11291ZAH07,Brookfield Infrastructure Finance,BIP,Utilities,senior,5.44,2034-04-25,2034-04-25,2022-04-25,,102.42,5.133724625194613,,ishares_xcb,evaluated,1700000.0
2023-12-29,CA11291ZAK36,Brookfield Infrastructure Finance,BIP,Utilities,senior,5.62,2027-11-14,2027-11-14,2022-11-14,,103.39,4.65295950081521,,ishares_xcb,evaluated,1455000.0
2023-12-29,CA11291ZAL19,Brookfield Infrastructure Finance,BIP,Utilities,senior,5.98,2033-02-14,2033-02-14,2022-11-14,,106.71,5.04989259305976,,ishares_xcb,evaluated,1029000.0
2023-12-29,CA11291ZAM91,Brookfield Infrastructure Finance,BIP,Utilities,senior,5.71,2030-07-27,2030-07-27,2023-07-27,,104.59,4.881507520650907,,ishares_xcb,evaluated,1500000.0
2023-12-29,CA13607GRU09,Canadian Imperial Bank of Commerce,CM,Banks,senior_bail_in,1.1,2026-01-19,2026-01-19,2021-01-19,,93.47,4.454925617106772,,ishares_xcb,evaluated,4112000.0
2023-12-29,CA13607H5C22,Canadian Imperial Bank of Commerce,CM,Banks,senior_bail_in,5.05,2027-10-07,2027-10-07,2022-10-07,,101.78,4.5285415240640825,,ishares_xcb,evaluated,5755000.0
2023-12-29,CA13607HC349,Canadian Imperial Bank of Commerce,CM,Banks,senior_bail_in,2.25,2027-01-07,2027-01-07,2022-01-07,,93.99,4.390342364777808,,ishares_xcb,evaluated,5756000.0
2023-12-29,CA13607HV661,Canadian Imperial Bank of Commerce,CM,Banks,senior_bail_in,4.95,2027-06-29,2027-06-29,2022-06-29,,101.42,4.5069008252950296,,ishares_xcb,evaluated,6009000.0
2023-12-29,CA13607HVV19,Canadian Imperial Bank of Commerce,CM,Banks,senior_bail_in,1.7,2026-07-15,2026-07-15,2021-07-15,,93.84,4.276166579999585,,ishares_xcb,evaluated,3707000.0
2023-12-29,CA13607LPY34,Canadian Imperial Bank of Commerce,CM,Banks,senior_bail_in,5.5,2028-01-14,2028-01-14,2023-07-14,,103.54,4.525813361184953,,ishares_xcb,evaluated,4115000.0
2023-12-29,CA13607LSJ30,Canadian Imperial Bank of Commerce,CM,Banks,senior_bail_in,5.0,2026-12-07,2026-12-07,2023-12-07,,101.37,4.495932497007062,,ishares_xcb,evaluated,3850000.0
2023-12-29,CA29251ZAD92,Enbridge Inc,ENB,Pipelines,senior,7.22,2030-07-24,2030-07-24,2000-07-24,,109.95,5.395579781700363,,ishares_xcb,evaluated,806000.0
2023-12-29,CA29251ZAK36,Enbridge Inc,ENB,Pipelines,senior,7.2,2032-06-18,2032-06-18,2001-06-18,,111.5,5.483907749844862,,ishares_xcb,evaluated,930000.0
2023-12-29,CA29251ZAQ06,Enbridge Inc,ENB,Pipelines,senior,5.57,2035-11-14,2035-11-14,2005-11-14,,102.64,5.2675989996561725,,ishares_xcb,evaluated,394000.0
2023-12-29,CA29251ZBK27,Enbridge Inc,ENB,Pipelines,senior,3.2,2027-06-08,2027-06-08,2017-06-08,,96.09,4.436507704135635,,ishares_xcb,evaluated,4037000.0
2023-12-29,CA29251ZBS52,Enbridge Inc,ENB,Pipelines,senior,2.99,2029-10-03,2029-10-03,2019-10-03,,92.44,4.492501324497518,,ishares_xcb,evaluated,3522000.0
2023-12-29,CA29251ZBU09,Enbridge Inc,ENB,Pipelines,senior,3.1,2033-09-21,2033-09-21,2021-09-21,,86.47,4.861786676266458,,ishares_xcb,evaluated,3572000.0
2023-12-29,CA29251ZBW64,Enbridge Inc,ENB,Pipelines,senior,6.1,2032-11-09,2032-11-09,2022-11-09,,108.68,4.881115265745609,,ishares_xcb,evaluated,3015000.0
2023-12-29,CA29251ZBY21,Enbridge Inc,ENB,Pipelines,senior,5.7,2027-11-09,2027-11-09,2022-11-09,,104.22,4.496471946405065,,ishares_xcb,evaluated,1761000.0
2023-12-29,CA29251ZBZ95,Enbridge Inc,ENB,Pipelines,senior,5.36,2033-05-26,2033-05-26,2023-05-26,,103.64,4.872641480911204,,ishares_xcb,evaluated,1415000.0
2023-12-29,CA29251ZCA36,Enbridge Inc,ENB,Pipelines,senior,4.9,2028-05-26,2028-05-26,2023-05-26,,101.75,4.45773836031078,,ishares_xcb,evaluated,1990000.0
2023-12-29,CA349553AP21,Fortis Inc,FTS,Utilities,senior,2.18,2028-05-15,2028-05-15,2021-05-14,,91.99,4.201303973809177,,ishares_xcb,evaluated,1933000.0
2023-12-29,CA349553AQ04,Fortis Inc,FTS,Utilities,senior,4.43,2029-05-31,2029-05-31,2022-05-31,,100.22,4.3830925167005,,ishares_xcb,evaluated,1558000.0
2023-12-29,CA349553AR86,Fortis Inc,FTS,Utilities,senior,5.68,2033-11-08,2033-11-08,2023-11-08,,108.16,4.6388077734406545,,ishares_xcb,evaluated,1910000.0
2023-12-29,CA44810ZAB63,Hydro One Inc,H,Utilities,senior,6.93,2032-06-01,2032-06-01,2001-06-22,,117.85,4.373001631412576,,ishares_xcb,evaluated,1837000.0
2023-12-29,CA44810ZAD20,Hydro One Inc,H,Utilities,senior,6.35,2034-01-31,2034-01-31,2003-01-31,,115.88,4.382406615868597,,ishares_xcb,evaluated,1224000.0
2023-12-29,CA44810ZBR07,Hydro One Inc,H,Utilities,senior,2.77,2026-02-24,2026-02-24,2016-02-24,,97.17,4.151137445180235,,ishares_xcb,evaluated,1738000.0
2023-12-29,CA44810ZBZ23,Hydro One Inc,H,Utilities,senior,3.02,2029-04-05,2029-04-05,2019-04-05,,95.91,3.8848940166895143,,ishares_xcb,evaluated,1918000.0
2023-12-29,CA44810ZCC29,Hydro One Inc,H,Utilities,senior,2.16,2030-02-28,2030-02-28,2020-02-28,,90.26,3.9540313963855502,,ishares_xcb,evaluated,1141000.0
2023-12-29,CA44810ZCF59,Hydro One Inc,H,Utilities,senior,1.69,2031-01-16,2031-01-16,2020-10-09,,86.12,3.965274156946556,,ishares_xcb,evaluated,1260000.0
2023-12-29,CA44810ZCG33,Hydro One Inc,H,Utilities,senior,2.23,2031-09-17,2031-09-17,2021-09-17,,88.05,4.048324296050666,,ishares_xcb,evaluated,1603000.0
2023-12-29,CA44810ZCJ71,Hydro One Inc,H,Utilities,senior,4.91,2028-01-27,2028-01-27,2022-10-27,,103.33,4.011402412534506,,ishares_xcb,evaluated,2454000.0
2023-12-29,CA44810ZCK45,Hydro One Inc,H,Utilities,senior,3.93,2029-11-30,2029-11-30,2023-01-27,,100.09,3.912500200445257,,ishares_xcb,evaluated,1132000.0
2023-12-29,CA44810ZCL28,Hydro One Inc,H,Utilities,senior,4.16,2033-01-27,2033-01-27,2023-01-27,,100.12,4.141709793587905,,ishares_xcb,evaluated,1770000.0
2023-12-29,CA448810AC58,Hydro One Inc,H,Utilities,senior,7.35,2030-06-03,2030-06-03,2000-06-01,,116.93,4.306111743701102,,ishares_xcb,evaluated,1358000.0
2023-12-29,CA63306AGJ93,National Bank of Canada,NA,Banks,senior_bail_in,1.57,2026-08-18,2026-08-18,2020-07-15,,95.09,3.532881085311737,,ishares_xcb,evaluated,1277000.0
2023-12-29,CA63306AGT75,National Bank of Canada,NA,Banks,senior_bail_in,1.53,2026-06-15,2026-06-15,2021-06-15,,93.47,4.355776827705262,,ishares_xcb,evaluated,3260000.0
2023-12-29,CA63306AHB58,National Bank of Canada,NA,Banks,senior_bail_in,2.24,2026-11-04,2026-11-04,2021-11-04,,94.21,4.424901376143939,,ishares_xcb,evaluated,3058000.0
2023-12-29,CA63306AHP45,National Bank of Canada,NA,Banks,senior_bail_in,5.22,2028-06-14,2028-06-14,2023-06-14,,102.99,4.47223542889384,,ishares_xcb,evaluated,6670000.0
2023-12-29,CA63306AHT66,National Bank of Canada,NA,Banks,senior_bail_in,5.02,2029-02-01,2029-02-01,2023-12-07,,102.43,4.476406655632197,,ishares_xcb,evaluated,1845000.0
2023-12-29,CA63306AHU30,National Bank of Canada,NA,Banks,senior_bail_in,4.97,2026-12-07,2026-12-07,2023-12-07,,101.31,4.488021224668064,,ishares_xcb,evaluated,1825000.0
2023-12-29,CA70632ZAF86,Pembina Pipeline,PPL,Pipelines,senior,4.24,2027-06-15,2027-06-15,2015-06-16,,99.15,4.507281012354997,,ishares_xcb,evaluated,1924000.0
2023-12-29,CA70632ZAG69,Pembina Pipeline,PPL,Pipelines,senior,3.71,2026-08-11,2026-08-11,2016-08-11,,98.04,4.505337781555856,,ishares_xcb,evaluated,2489000.0
2023-12-29,CA70632ZAK71,Pembina Pipeline,PPL,Pipelines,senior,4.02,2028-03-27,2028-03-27,2018-03-26,,97.83,4.587708587310743,,ishares_xcb,evaluated,1282000.0
2023-12-29,CA70632ZAM38,Pembina Pipeline,PPL,Pipelines,senior,3.62,2029-04-03,2029-04-03,2019-04-03,,95.35,4.62401001635767,,ishares_xcb,evaluated,2243000.0
2023-12-29,CA70632ZAQ42,Pembina Pipeline,PPL,Pipelines,senior,3.31,2030-02-01,2030-02-01,2019-09-12,,92.78,4.6832434317364084,,ishares_xcb,evaluated,1950000.0
2023-12-29,CA70632ZAS08,Pembina Pipeline,PPL,Pipelines,senior,3.53,2031-12-10,2031-12-10,2021-12-10,,91.33,4.85757633738573,,ishares_xcb,evaluated,1746000.0
2023-12-29,CA775109BJ98,Rogers Communications,RCI,Telecom,senior,3.25,2029-05-01,2029-05-01,2019-04-30,,93.96,4.5356220899346855,,ishares_xcb,evaluated,3214000.0
2023-12-29,CA775109BK61,Rogers Communications,RCI,Telecom,senior,3.65,2027-03-31,2027-03-31,2020-03-31,,97.57,4.45800511991145,,ishares_xcb,evaluated,4892000.0
2023-12-29,CA775109BT70,Rogers Communications,RCI,Telecom,senior,3.75,2029-04-15,2029-04-15,2022-03-11,,96.22,4.560039616671076,,ishares_xcb,evaluated,3316000.0
2023-12-29,CA775109BV27,Rogers Communications,RCI,Telecom,senior,4.25,2032-04-15,2032-04-15,2022-03-11,,96.25,4.802162195518223,,ishares_xcb,evaluated,3092000.0
2023-12-29,CA775109CM19,Rogers Communications,RCI,Telecom,senior,3.8,2027-03-01,2027-03-01,2023-04-03,,97.99,4.486208155915609,,ishares_xcb,evaluated,1155000.0
2023-12-29,CA775109CP40,Rogers Communications,RCI,Telecom,senior,4.4,2028-11-02,2028-11-02,2023-04-03,,99.6,4.492036739177614,,ishares_xcb,evaluated,1853000.0
2023-12-29,CA775109CQ23,Rogers Communications,RCI,Telecom,senior,3.3,2029-12-10,2029-12-10,2019-12-09,,93.32,4.5958850011031585,,ishares_xcb,evaluated,1784000.0
2023-12-29,CA775109CS88,Rogers Communications,RCI,Telecom,senior,2.9,2030-12-09,2030-12-09,2020-04-22,,89.63,4.664840357452839,,ishares_xcb,evaluated,1711000.0
2023-12-29,CA775109CU35,Rogers Communications,RCI,Telecom,senior,5.65,2026-09-21,2026-09-21,2023-09-21,,103.03,4.4567207450992985,,ishares_xcb,evaluated,1715000.0
2023-12-29,CA775109CV18,Rogers Communications,RCI,Telecom,senior,5.7,2028-09-21,2028-09-21,2023-09-21,,104.94,4.52676310719164,,ishares_xcb,evaluated,2715000.0
2023-12-29,CA775109CW90,Rogers Communications,RCI,Telecom,senior,5.8,2030-09-21,2030-09-21,2023-09-21,,106.21,4.711534417928711,,ishares_xcb,evaluated,1620000.0
2023-12-29,CA775109DA61,Rogers Communications,RCI,Telecom,senior,5.9,2033-09-21,2033-09-21,2023-09-21,,107.67,4.898800256876382,,ishares_xcb,evaluated,3470000.0
2023-12-29,CA780086RQ98,Royal Bank of Canada,RY,Banks,senior_bail_in,2.33,2027-01-28,2027-01-28,2020-01-28,,94.25,4.340263559013892,,ishares_xcb,evaluated,7291000.0
2023-12-29,CA780086TM66,Royal Bank of Canada,RY,Banks,senior_bail_in,1.59,2026-05-04,2026-05-04,2021-05-04,,94.07,4.269623582229481,,ishares_xcb,evaluated,4058000.0
2023-12-29,CA780086TY05,Royal Bank of Canada,RY,Banks,senior_bail_in,1.83,2028-07-31,2028-07-31,2021-07-29,,90.29,4.174888756144181,,ishares_xcb,evaluated,3535000.0
2023-12-29,CA780086U931,Royal Bank of Canada,RY,Banks,senior_bail_in,4.26,2026-12-21,2026-12-21,2023-12-21,,100.41,4.111902967879733,,ishares_xcb,evaluated,4130000.0
2023-12-29,CA780086VK72,Royal Bank of Canada,RY,Banks,senior_bail_in,4.61,2027-07-26,2027-07-26,2022-07-25,,100.63,4.411737971780133,,ishares_xcb,evaluated,6562000.0
2023-12-29,CA780086VV38,Royal Bank of Canada,RY,Banks,senior_bail_in,5.24,2026-11-02,2026-11-02,2022-10-28,,102.09,4.447882676526752,,ishares_xcb,evaluated,5503000.0
2023-12-29,CA780086WG51,Royal Bank of Canada,RY,Banks,senior_bail_in,4.64,2028-01-17,2028-01-17,2023-01-17,,100.8,4.416891480501593,,ishares_xcb,evaluated,6471000.0
2023-12-29,CA780086XL38,Royal Bank of Canada,RY,Banks,senior_bail_in,4.63,2028-05-01,2028-05-01,2023-04-20,,100.84,4.4143433896349356,,ishares_xcb,evaluated,7960000.0
2023-12-29,CA780086ZE76,Royal Bank of Canada,RY,Banks,senior_bail_in,5.34,2026-06-23,2026-06-23,2023-06-23,,101.94,4.505100434342743,,ishares_xcb,evaluated,3925000.0
2023-12-29,CA780086ZH08,Royal Bank of Canada,RY,Banks,senior_bail_in,5.23,2030-06-24,2030-06-24,2023-06-23,,104.36,4.448611853257243,,ishares_xcb,evaluated,4310000.0
2023-12-29,CA87971MBC60,TELUS,TU,Telecom,senior,3.75,2026-03-10,2026-03-10,2015-12-08,,98.49,4.478172663568239,,ishares_xcb,evaluated,1948000.0
2023-12-29,CA87971MBG74,TELUS,TU,Telecom,senior,3.63,2028-03-01,2028-03-01,2018-03-01,,97.24,4.360228131712673,,ishares_xcb,evaluated,2105000.0
2023-12-29,CA87971MBJ14,TELUS,TU,Telecom,senior,3.3,2029-05-02,2029-05-02,2019-04-03,,94.86,4.389091774455242,,ishares_xcb,evaluated,2649000.0
2023-12-29,CA87971MBL69,TELUS,TU,Telecom,senior,2.75,2026-07-08,2026-07-08,2019-07-02,,96.28,4.314689212883774,,ishares_xcb,evaluated,2630000.0
2023-12-29,CA87971MBN26,TELUS,TU,Telecom,senior,3.15,2030-02-19,2030-02-19,2019-12-16,,92.64,4.5340518191177095,,ishares_xcb,evaluated,2227000.0
2023-12-29,CA87971MBQ56,TELUS,TU,Telecom,senior,2.35,2028-01-27,2028-01-27,2020-05-29,,92.66,4.329837153496348,,ishares_xcb,evaluated,2169000.0
2023-12-29,CA87971MBS13,TELUS,TU,Telecom,senior,2.05,2030-10-07,2030-10-07,2020-10-05,,85.69,4.526007192091046,,ishares_xcb,evaluated,1809000.0
2023-12-29,CA87971MBV42,TELUS,TU,Telecom,senior,2.85,2031-11-13,2031-11-13,2021-06-28,,88.22,4.653770877290231,,ishares_xcb,evaluated,2475000.0
2023-12-29,CA87971MBX08,TELUS,TU,Telecom,senior,5.25,2032-11-15,2032-11-15,2022-09-13,,103.41,4.773781206817605,,ishares_xcb,evaluated,3621000.0
2023-12-29,CA87971MBZ55,TELUS,TU,Telecom,senior,5.0,2029-09-13,2029-09-13,2022-09-13,,102.64,4.47016127642382,,ishares_xcb,evaluated,1334000.0
2023-12-29,CA87971MCA95,TELUS,TU,Telecom,senior,4.95,2033-03-28,2033-03-28,2023-03-28,,101.24,4.781984184286092,,ishares_xcb,evaluated,1383000.0
2023-12-29,CA87971MCB78,TELUS,TU,Telecom,senior,5.6,2030-09-09,2030-09-09,2023-09-08,,105.75,4.592126633779085,,ishares_xcb,evaluated,1290000.0
2023-12-29,CA87971MCC51,TELUS,TU,Telecom,senior,5.75,2033-09-08,2033-09-08,2023-09-08,,106.98,4.838861261146902,,ishares_xcb,evaluated,2955000.0
2023-12-29,CA89117F7G86,Toronto-Dominion Bank,TD,Banks,senior_bail_in,4.21,2027-06-01,2027-06-01,2022-06-01,,99.3,4.431394948469363,,ishares_xcb,evaluated,8915000.0
2023-12-29,CA89117F7H69,Toronto-Dominion Bank,TD,Banks,senior_bail_in,5.38,2027-10-21,2027-10-21,2022-10-21,,103.17,4.4635158736660525,,ishares_xcb,evaluated,6535000.0
2023-12-29,CA89117F8V45,Toronto-Dominion Bank,TD,Banks,senior_bail_in,4.34,2026-01-27,2026-01-27,2022-07-27,,99.65,4.508976862732158,,ishares_xcb,evaluated,5261000.0
2023-12-29,CA89117FA338,Toronto-Dominion Bank,TD,Banks,senior_bail_in,1.89,2028-03-08,2028-03-08,2021-03-08,,91.15,4.214924941565133,,ishares_xcb,evaluated,4915000.0
2023-12-29,CA89117FJ347,Toronto-Dominion Bank,TD,Banks,senior_bail_in,1.9,2028-09-11,2028-09-11,2021-09-10,,90.27,4.202562451943882,,ishares_xcb,evaluated,3850000.0
2023-12-29,CA89117FZ442,Toronto-Dominion Bank,TD,Banks,senior_bail_in,2.26,2027-01-07,2027-01-07,2022-01-07,,94.11,4.35631881250385,,ishares_xcb,evaluated,5752000.0
2023-12-29,CA89117GK301,Toronto-Dominion Bank,TD,Banks,senior_bail_in,5.42,2026-07-10,2026-07-10,2023-07-10,,102.18,4.490174431279939,,ishares_xcb,evaluated,4700000.0
2023-12-29,CA89117GRJ80,Toronto-Dominion Bank,TD,Banks,senior_bail_in,4.68,2029-01-08,2029-01-08,2022-12-07,,101.16,4.415798846121435,,ishares_xcb,evaluated,7980000.0
2023-12-29,CA89117GTQ06,Toronto-Dominion Bank,TD,Banks,senior_bail_in,4.48,2028-01-18,2028-01-18,2023-01-18,,100.1,4.447652251314761,,ishares_xcb,evaluated,6096000.0
2023-12-29,CA89117GX510,Toronto-Dominion Bank,TD,Banks,senior_bail_in,5.49,2028-09-08,2028-09-08,2023-09-08,,104.6,4.3938704017393535,,ishares_xcb,evaluated,4660000.0
2023-12-29,CA89353ZAP32,TransCanada PipeLines,TRP,Pipelines,senior,8.29,2026-02-05,2026-02-05,1996-02-05,,105.93,5.256743629345225,,ishares_xcb,evaluated,944000.0
2023-12-29,CA89353ZBA53,TransCanada PipeLines,TRP,Pipelines,senior,6.89,2028-08-07,2028-08-07,1997-07-30,,107.99,4.923831428428077,,ishares_xcb,evaluated,712000.0
2023-12-29,CA89353ZBE75,TransCanada PipeLines,TRP,Pipelines,senior,6.28,2028-05-26,2028-05-26,1998-05-26,,105.1,4.976491694643078,,ishares_xcb,evaluated,803000.0
2023-12-29,CA89353ZBK36,TransCanada PipeLines,TRP,Pipelines,senior,6.5,2030-12-09,2030-12-09,1998-12-07,,106.93,5.293682230135026,,ishares_xcb,evaluated,775000.0
2023-12-29,CA89353ZCA45,TransCanada PipeLines,TRP,Pipelines,senior,3.39,2028-03-15,2028-03-15,2017-09-15,,96.01,4.438660030947719,,ishares_xcb,evaluated,1622000.0
2023-12-29,CA89353ZCE66,TransCanada PipeLines,TRP,Pipelines,senior,3.0,2029-09-18,2029-09-18,2019-09-18,,92.53,4.495261000055567,,ishares_xcb,evaluated,2438000.0
2023-12-29,CA89353ZCF32,TransCanada PipeLines,TRP,Pipelines,senior,3.8,2027-04-05,2027-04-05,2020-04-03,,98.05,4.445196368586489,,ishares_xcb,evaluated,6748000.0
2023-12-29,CA89353ZCH97,TransCanada PipeLines,TRP,Pipelines,senior,2.97,2031-06-09,2031-06-09,2021-06-09,,88.89,4.759326087918218,,ishares_xcb,evaluated,1758000.0
2023-12-29,CA89353ZCJ53,TransCanada PipeLines,TRP,Pipelines,senior,4.35,2026-05-12,2026-05-12,2022-05-12,,99.78,4.447434956571674,,ishares_xcb,evaluated,1069000.0
2023-12-29,CA89353ZCK27,TransCanada PipeLines,TRP,Pipelines,senior,5.33,2032-05-12,2032-05-12,2022-05-12,,103.33,4.8408161308258615,,ishares_xcb,evaluated,2628000.0
2023-12-29,CA89353ZCN65,TransCanada PipeLines,TRP,Pipelines,senior,5.28,2030-07-15,2030-07-15,2023-03-10,,103.32,4.68130772420922,,ishares_xcb,evaluated,4160000.0
2024-01-31,CA06368D3U60,Bank of Montreal,BMO,Banks,senior_bail_in,4.31,2027-06-01,2027-06-01,2022-06-01,,99.07,4.611765286290725,,ishares_xcb,evaluated,8017000.0
2024-01-31,CA06368DPC25,Bank of Montreal,BMO,Banks,senior_bail_in,1.76,2026-03-10,2026-03-10,2021-03-10,,94.55,4.500096606599958,,ishares_xcb,evaluated,2375000.0
2024-01-31,CA06368DTH75,Bank of Montreal,BMO,Banks,senior_bail_in,1.55,2026-05-28,2026-05-28,2021-05-28,,93.59,4.48441219815355,,ishares_xcb,evaluated,4242000.0
2024-01-31,CA06368DW260,Bank of Montreal,BMO,Banks,senior_bail_in,3.65,2027-04-01,2027-04-01,2022-04-01,,97.14,4.62861844733705,,ishares_xcb,evaluated,5594000.0
2024-01-31,CA06368LB887,Bank of Montreal,BMO,Banks,senior_bail_in,4.54,2028-12-18,2028-12-18,2023-12-18,,99.71,4.605601417231943,,ishares_xcb,evaluated,1755000.0
2024-01-31,CA06368LEY89,Bank of Montreal,BMO,Banks,senior_bail_in,4.71,2027-12-07,2027-12-07,2022-12-07,,100.39,4.596147279877323,,ishares_xcb,evaluated,7376000.0
2024-01-31,CA06368LNK84,Bank of Montreal,BMO,Banks,senior_bail_in,5.04,2028-05-29,2028-05-29,2023-05-29,,101.68,4.606261737251271,,ishares_xcb,evaluated,7020000.0
2024-01-31,CA06415E4E25,Bank of Nova Scotia,BNS,Banks,senior_bail_in,1.4,2027-11-01,2027-11-01,2020-10-15,,90.1,4.28568567526626,,ishares_xcb,evaluated,5202000.0
2024-01-31,CA06415FFT45,Bank of Nova Scotia,BNS,Banks,senior_bail_in,1.85,2026-11-02,2026-11-02,2021-10-08,,93.06,4.560758244366505,,ishares_xcb,evaluated,6420000.0
2024-01-31,CA06415GDE76,Bank of Nova Scotia,BNS,Banks,senior_bail_in,2.95,2027-03-08,2027-03-08,2022-03-07,,95.15,4.647319821067667,,ishares_xcb,evaluated,10290000.0
2024-01-31,CA06415GH297,Bank of Nova Scotia,BNS,Banks,senior_bail_in,5.5,2026-05-08,2026-05-08,2022-11-09,,101.55,4.769068308474302,,ishares_xcb,evaluated,4778000.0
2024-01-31,CA064164QM14,Bank of Nova Scotia,BNS,Banks,senior_bail_in,4.68,2029-02-01,2029-02-01,2024-02-01,,100.36,4.595722953193484,,ishares_xcb,evaluated,4970000.0
2024-01-31,CA07813ZAC82,Bell Canada,BCE,Telecom,senior,6.55,2029-05-01,2029-05-01,1999-07-19,,107.84,4.839861002662271,,ishares_xcb,evaluated,572000.0
2024-01-31,CA07813ZAL81,Bell Canada,BCE,Telecom,senior,7.85,2031-04-02,2031-04-02,2001-04-02,,116.39,5.089767741835481,,ishares_xcb,evaluated,755000.0
2024-01-31,CA07813ZAP95,Bell Canada,BCE,Telecom,senior,7.3,2032-02-23,2032-02-23,2002-02-22,,113.9,5.165462965540179,,ishares_xcb,evaluated,1226000.0
2024-01-31,CA07813ZAT18,Bell Canada,BCE,Telecom,senior,6.1,2035-03-16,2035-03-16,2004-03-16,,107.72,5.17819718965263,,ishares_xcb,evaluated,1396000.0
2024-01-31,CA07813ZBT09,Bell Canada,BCE,Telecom,senior,3.55,2026-03-02,2026-03-02,2016-02-29,,97.73,4.7062463429108785,,ishares_xcb,evaluated,2832000.0
2024-01-31,CA07813ZBV54,Bell Canada,BCE,Telecom,senior,2.9,2026-08-12,2026-08-12,2016-08-12,,96.04,4.568444035800737,,ishares_xcb,evaluated,2223000.0
2024-01-31,CA07813ZCC64,Bell Canada,BCE,Telecom,senior,2.9,2029-09-10,2029-09-10,2019-09-10,,91.95,4.542489612065141,,ishares_xcb,evaluated,1746000.0
2024-01-31,CA07813ZCE21,Bell Canada,BCE,Telecom,senior,2.5,2030-05-14,2030-05-14,2020-05-14,,88.56,4.617274946921728,,ishares_xcb,evaluated,2952000.0
2024-01-31,CA07813ZCF95,Bell Canada,BCE,Telecom,senior,1.65,2027-08-16,2027-08-16,2020-08-14,,91.77,4.170396800520635,,ishares_xcb,evaluated,2647000.0
2024-01-31,CA07813ZCG78,Bell Canada,BCE,Telecom,senior,3.0,2031-03-17,2031-03-17,2021-03-17,,89.94,4.676163107570658,,ishares_xcb,evaluated,3189000.0
2024-01-31,CA07813ZCJ18,Bell Canada,BCE,Telecom,senior,2.2,2028-05-29,2028-05-29,2021-05-28,,91.31,4.428575082807189,,ishares_xcb,evaluated,1688000.0
2024-01-31,CA07813ZCK80,Bell Canada,BCE,Telecom,senior,5.85,2032-11-10,2032-11-10,2022-11-10,,107.17,4.836842479298363,,ishares_xcb,evaluated,3750000.0
2024-01-31,CA07813ZCL63,Bell Canada,BCE,Telecom,senior,4.55,2030-02-09,2030-02-09,2023-02-09,,99.68,4.607789154015678,,ishares_xcb,evaluated,3540000.0
2024-01-31,CA07813ZCQ50,Bell Canada,BCE,Telecom,senior,5.25,2029-03-15,2029-03-15,2023-11-14,,103.18,4.546920149924137,,ishares_xcb,evaluated,1815000.0
2024-01-31,CA11291ZAE75,Brookfield Infrastructure Finance,BIP,Utilities,senior,4.19,2028-09-11,2028-09-11,2018-09-10,,97.47,4.808486826641071,,ishares_xcb,evaluated,1416000.0
2024-01-31,CA11291ZAF41,Brookfield Infrastructure Finance,BIP,Utilities,senior,3.41,2029-10-09,2029-10-09,2019-10-03,,92.68,4.898413607191394,,ishares_xcb,evaluated,2316000.0
2024-01-31,CA11291ZAG24,Brookfield Infrastructure Finance,BIP,Utilities,senior,2.86,2032-09-01,2032-09-01,2020-09-01,,84.23,5.157362455209412,,ishares_xcb,evaluated,1155000.0
2024-01-31,CA11291ZAH07,Brookfield Infrastructure Finance,BIP,Utilities,senior,5.44,2034-04-25,2034-04-25,2022-04-25,,101.08,5.300254040856408,,ishares_xcb,evaluated,1700000.0
2024-01-31,CA11291ZAK36,Brookfield Infrastructure Finance,BIP,Utilities,senior,5.62,2027-11-14,2027-11-14,2022-11-14,,102.9,4.772200337140623,,ishares_xcb,evaluated,1455000.0
2024-01-31,CA11291ZAL19,Brookfield Infrastructure Finance,BIP,Utilities,senior,5.98,2033-02-14,2033-02-14,2022-11-14,,105.13,5.256084166009494,,ishares_xcb,evaluated,1029000.0
2024-01-31,CA11291ZAM91,Brookfield Infrastructure Finance,BIP,Utilities,senior,5.71,2030-07-27,2030-07-27,2023-07-27,,103.53,5.064814552115346,,ishares_xcb,evaluated,1500000.0
2024-01-31,CA13607H5C22,Canadian Imperial Bank of Commerce,CM,Banks,senior_bail_in,5.05,2027-10-07,2027-10-07,2022-10-07,,101.35,4.6436716522637544,,ishares_xcb,evaluated,5755000.0
2024-01-31,CA13607HC349,Canadian Imperial Bank of Commerce,CM,Banks,senior_bail_in,2.25,2027-01-07,2027-01-07,2022-01-07,,93.53,4.633432837130074,,ishares_xcb,evaluated,4256000.0
2024-01-31,CA13607HV661,Canadian Imperial Bank of Commerce,CM,Banks,senior_bail_in,4.95,2027-06-29,2027-06-29,2022-06-29,,100.9,4.65973801611406,,ishares_xcb,evaluated,5139000.0
2024-01-31,CA13607HVV19,Canadian Imperial Bank of Commerce,CM,Banks,senior_bail_in,1.7,2026-07-15,2026-07-15,2021-07-15,,93.61,4.4761169593694135,,ishares_xcb,evaluated,3587000.0
2024-01-31,CA13607LPY34,Canadian Imperial Bank of Commerce,CM,Banks,senior_bail_in,5.5,2028-01-14,2028-01-14,2023-07-14,,103.04,4.648769641587261,,ishares_xcb,evaluated,3645000.0
2024-01-31,CA13607LSJ30,Canadian Imperial Bank of Commerce,CM,Banks,senior_bail_in,5.0,2026-12-07,2026-12-07,2023-12-07,,100.75,4.712568342851566,,ishares_xcb,evaluated,4000000.0
2024-01-31,CA29251ZAD92,Enbridge Inc,ENB,Pipelines,senior,7.22,2030-07-24,2030-07-24,2000-07-24,,108.57,5.623479153532624,,ishares_xcb,evaluated,806000.0
2024-01-31,CA29251ZAK36,Enbridge Inc,ENB,Pipelines,senior,7.2,2032-06-18,2032-06-18,2001-06-18,,109.59,5.740526400341548,,ishares_xcb,evaluated,930000.0
2024-01-31,CA29251ZAQ06,Enbridge Inc,ENB,Pipelines,senior,5.57,2035-11-14,2035-11-14,2005-11-14,,100.63,5.49597593263473,,ishares_xcb,evaluated,394000.0
2024-01-31,CA29251ZBK27,Enbridge Inc,ENB,Pipelines,senior,3.2,2027-06-08,2027-06-08,2017-06-08,,95.83,4.5536657888957,,ishares_xcb,evaluated,4037000.0
2024-01-31,CA29251ZBS52,Enbridge Inc,ENB,Pipelines,senior,2.99,2029-10-03,2029-10-03,2019-10-03,,91.81,4.647873031736794,,ishares_xcb,evaluated,2157000.0
2024-01-31,CA29251ZBU09,Enbridge Inc,ENB,Pipelines,senior,3.1,2033-09-21,2033-09-21,2021-09-21,,85.45,5.022956950005146,,ishares_xcb,evaluated,2627000.0
2024-01-31,CA29251ZBW64,Enbridge Inc,ENB,Pipelines,senior,6.1,2032-11-09,2032-11-09,2022-11-09,,107.32,5.055715511014096,,ishares_xcb,evaluated,2015000.0
2024-01-31,CA29251ZBY21,Enbridge Inc,ENB,Pipelines,senior,5.7,2027-11-09,2027-11-09,2022-11-09,,103.69,4.621443353007047,,ishares_xcb,evaluated,1761000.0
2024-01-31,CA29251ZBZ95,Enbridge Inc,ENB,Pipelines,senior,5.36,2033-05-26,2033-05-26,2023-05-26,,102.28,5.049560589903775,,ishares_xcb,evaluated,1415000.0
2024-01-31,CA29251ZCA36,Enbridge Inc,ENB,Pipelines,senior,4.9,2028-05-26,2028-05-26,2023-05-26,,101.16,4.599740188974627,,ishares_xcb,evaluated,1990000.0
2024-01-31,CA349553AP21,Fortis Inc,FTS,Utilities,senior,2.18,2028-05-15,2028-05-15,2021-05-14,,91.84,4.282704197237243,,ishares_xcb,evaluated,1633000.0
2024-01-31,CA349553AQ04,Fortis Inc,FTS,Utilities,senior,4.43,2029-05-31,2029-05-31,2022-05-31,,99.75,4.481637536846743,,ishares_xcb,evaluated,1558000.0
2024-01-31,CA349553AR86,Fortis Inc,FTS,Utilities,senior,5.68,2033-11-08,2033-11-08,2023-11-08,,106.87,4.790571676181237,,ishares_xcb,evaluated,1060000.0
2024-01-31,CA44810ZAB63,Hydro One Inc,H,Utilities,senior,6.93,2032-06-01,2032-06-01,2001-06-22,,116.75,4.49604649209471,,ishares_xcb,evaluated,1002000.0
2024-01-31,CA44810ZAD20,Hydro One Inc,H,Utilities,senior,6.35,2034-01-31,2034-01-31,2003-01-31,,114.36,4.546890036956368,,ishares_xcb,evaluated,1224000.0
2024-01-31,CA44810ZBR07,Hydro One Inc,H,Utilities,senior,2.77,2026-02-24,2026-02-24,2016-02-24,,96.73,4.438586945125341,,ishares_xcb,evaluated,1738000.0
2024-01-31,CA44810ZBZ23,Hydro One Inc,H,Utilities,senior,3.02,2029-04-05,2029-04-05,2019-04-05,,94.96,4.109236896851153,,ishares_xcb,evaluated,1918000.0
2024-01-31,CA44810ZCC29,Hydro One Inc,H,Utilities,senior,2.16,2030-02-28,2030-02-28,2020-02-28,,89.32,4.166012908108359,,ishares_xcb,evaluated,1186000.0
2024-01-31,CA44810ZCF59,Hydro One Inc,H,Utilities,senior,1.69,2031-01-16,2031-01-16,2020-10-09,,85.35,4.1340265293936485,,ishares_xcb,evaluated,1410000.0
2024-01-31,CA44810ZCG33,Hydro One Inc,H,Utilities,senior,2.23,2031-09-17,2031-09-17,2021-09-17,,86.96,4.249844463621279,,ishares_xcb,evaluated,1603000.0
2024-01-31,CA44810ZCJ71,Hydro One Inc,H,Utilities,senior,4.91,2028-01-27,2028-01-27,2022-10-27,,102.62,4.189831194621142,,ishares_xcb,evaluated,1454000.0
2024-01-31,CA44810ZCK45,Hydro One Inc,H,Utilities,senior,3.93,2029-11-30,2029-11-30,2023-01-27,,98.95,4.134012565693117,,ishares_xcb,evaluated,1242000.0
2024-01-31,CA44810ZCL28,Hydro One Inc,H,Utilities,senior,4.16,2033-01-27,2033-01-27,2023-01-27,,98.45,4.370319804252601,,ishares_xcb,evaluated,1460000.0
2024-01-31,CA44810ZCR97,Hydro One Inc,H,Utilities,senior,4.39,2034-03-01,2034-03-01,2024-01-12,,99.42,4.46227114607924,,ishares_xcb,evaluated,1830000.0
2024-01-31,CA448810AC58,Hydro One Inc,H,Utilities,senior,7.35,2030-06-03,2030-06-03,2000-06-01,,115.33,4.537703445626058,,ishares_xcb,evaluated,1358000.0
2024-01-31,CA63306AGJ93,National Bank of Canada,NA,Banks,senior_bail_in,1.57,2026-08-18,2026-08-18,2020-07-15,,95.07,3.6092083689478844,,ishares_xcb,evaluated,1553000.0
2024-01-31,CA63306AGT75,National Bank of Canada,NA,Banks,senior_bail_in,1.53,2026-06-15,2026-06-15,2021-06-15,,93.32,4.531530056557346,,ishares_xcb,evaluated,2260000.0
2024-01-31,CA63306AHB58,National Bank of Canada,NA,Banks,senior_bail_in,2.24,2026-11-04,2026-11-04,2021-11-04,,93.95,4.599949971181606,,ishares_xcb,evaluated,3058000.0
2024-01-31,CA63306AHP45,National Bank of Canada,NA,Banks,senior_bail_in,5.22,2028-06-14,2028-06-14,2023-06-14,,102.3,4.63049746250634,,ishares_xcb,evaluated,5475000.0
2024-01-31,CA63306AHT66,National Bank of Canada,NA,Banks,senior_bail_in,5.02,2029-02-01,2029-02-01,2023-12-07,,101.71,4.630026805385082,,ishares_xcb,evaluated,1845000.0
2024-01-31,CA63306AHU30,National Bank of Canada,NA,Banks,senior_bail_in,4.97,2026-12-07,2026-12-07,2023-12-07,,100.69,4.705367789511368,,ishares_xcb,evaluated,1885000.0
2024-01-31,CA70632ZAF86,Pembina Pipeline,PPL,Pipelines,senior,4.24,2027-06-15,2027-06-15,2015-06-16,,98.76,4.639552719328098,,ishares_xcb,evaluated,1924000.0
2024-01-31,CA70632ZAG69,Pembina Pipeline,PPL,Pipelines,senior,3.71,2026-08-11,2026-08-11,2016-08-11,,97.62,4.712376499209623,,ishares_xcb,evaluated,1869000.0
2024-01-31,CA70632ZAK71,Pembina Pipeline,PPL,Pipelines,senior,4.02,2028-03-27,2028-03-27,2018-03-26,,97.55,4.675482882604652,,ishares_xcb,evaluated,1687000.0
2024-01-31,CA70632ZAM38,Pembina Pipeline,PPL,Pipelines,senior,3.62,2029-04-03,2029-04-03,2019-04-03,,95.12,4.691836797816448,,ishares_xcb,evaluated,2243000.0
2024-01-31,CA70632ZAQ42,Pembina Pipeline,PPL,Pipelines,senior,3.31,2030-02-01,2030-02-01,2019-09-12,,92.14,4.832369936423418,,ishares_xcb,evaluated,1980000.0
2024-01-31,CA70632ZAS08,Pembina Pipeline,PPL,Pipelines,senior,3.53,2031-12-10,2031-12-10,2021-12-10,,90.75,4.965165227702578,,ishares_xcb,evaluated,1756000.0
2024-01-31,CA70632ZAV37,Pembina Pipeline,PPL,Pipelines,senior,5.02,2032-01-12,2032-01-12,2024-01-12,,100.12,5.001182588094193,,ishares_xcb,evaluated,1820000.0
2024-01-31,CA70632ZAW10,Pembina Pipeline,PPL,Pipelines,senior,5.21,2034-01-12,2034-01-12,2024-01-12,,100.13,5.192794357589024,,ishares_xcb,evaluated,1600000.0
2024-01-31,CA775109BJ98,Rogers Communications,RCI,Telecom,senior,3.25,2029-05-01,2029-05-01,2019-04-30,,93.28,4.70913206269921,,ishares_xcb,evaluated,2334000.0
2024-01-31,CA775109BK61,Rogers Communications,RCI,Telecom,senior,3.65,2027-03-31,2027-03-31,2020-03-31,,97.01,4.6748657943424945,,ishares_xcb,evaluated,4322000.0
2024-01-31,CA775109BT70,Rogers Communications,RCI,Telecom,senior,3.75,2029-04-15,2029-04-15,2022-03-11,,95.61,4.709037362940399,,ishares_xcb,evaluated,2956000.0
2024-01-31,CA775109BV27,Rogers Communications,RCI,Telecom,senior,4.25,2032-04-15,2032-04-15,2022-03-11,,95.14,4.977261622540676,,ishares_xcb,evaluated,3092000.0
2024-01-31,CA775109CM19,Rogers Communications,RCI,Telecom,senior,3.8,2027-03-01,2027-03-01,2023-04-03,,97.55,4.663001454391509,,ishares_xcb,evaluated,1180000.0
2024-01-31,CA775109CP40,Rogers Communications,RCI,Telecom,senior,4.4,2028-11-02,2028-11-02,2023-04-03,,98.81,4.681373154894754,,ishares_xcb,evaluated,1893000.0
2024-01-31,CA775109CQ23,Rogers Communications,RCI,Telecom,senior,3.3,2029-12-10,2029-12-10,2019-12-09,,92.62,4.757317748585873,,ishares_xcb,evaluated,1784000.0
2024-01-31,CA775109CS88,Rogers Communications,RCI,Telecom,senior,2.9,2030-12-09,2030-12-09,2020-04-22,,88.79,4.840243517361147,,ishares_xcb,evaluated,1771000.0
2024-01-31,CA775109CU35,Rogers Communications,RCI,Telecom,senior,5.65,2026-09-21,2026-09-21,2023-09-21,,102.29,4.71601610697933,,ishares_xcb,evaluated,1715000.0
2024-01-31,CA775109CV18,Rogers Communications,RCI,Telecom,senior,5.7,2028-09-21,2028-09-21,2023-09-21,,104.2,4.681701193836289,,ishares_xcb,evaluated,3245000.0
2024-01-31,CA775109CW90,Rogers Communications,RCI,Telecom,senior,5.8,2030-09-21,2030-09-21,2023-09-21,,105.24,4.866478406095059,,ishares_xcb,evaluated,1885000.0
2024-01-31,CA775109DA61,Rogers Communications,RCI,Telecom,senior,5.9,2033-09-21,2033-09-21,2023-09-21,,106.3,5.0655159109169,,ishares_xcb,evaluated,2470000.0
2024-01-31,CA780086RQ98,Royal Bank of Canada,RY,Banks,senior_bail_in,2.33,2027-01-28,2027-01-28,2020-01-28,,93.78,4.578291123638254,,ishares_xcb,evaluated,8266000.0
2024-01-31,CA780086TM66,Royal Bank of Canada,RY,Banks,senior_bail_in,1.59,2026-05-04,2026-05-04,2021-05-04,,93.8,4.507867200226407,,ishares_xcb,evaluated,3058000.0
2024-01-31,CA780086TY05,Royal Bank of Canada,RY,Banks,senior_bail_in,1.83,2028-07-31,2028-07-31,2021-07-29,,89.88,4.329233596945657,,ishares_xcb,evaluated,3120000.0
2024-01-31,CA780086U931,Royal Bank of Canada,RY,Banks,senior_bail_in,4.26,2026-12-21,2026-12-21,2023-12-21,,99.67,4.380915090249712,,ishares_xcb,evaluated,4630000.0
2024-01-31,CA780086VK72,Royal Bank of Canada,RY,Banks,senior_bail_in,4.61,2027-07-26,2027-07-26,2022-07-25,,100.14,4.565943003134233,,ishares_xcb,evaluated,5607000.0
2024-01-31,CA780086VV38,Royal Bank of Canada,RY,Banks,senior_bail_in,5.24,2026-11-02,2026-11-02,2022-10-28,,101.44,4.67485195434919,,ishares_xcb,evaluated,5503000.0
2024-01-31,CA780086WG51,Royal Bank of Canada,RY,Banks,senior_bail_in,4.64,2028-01-17,2028-01-17,2023-01-17,,100.36,4.539308810623259,,ishares_xcb,evaluated,5481000.0
2024-01-31,CA780086XL38,Royal Bank of Canada,RY,Banks,senior_bail_in,4.63,2028-05-01,2028-05-01,2023-04-20,,100.31,4.548086635149424,,ishares_xcb,evaluated,6460000.0
2024-01-31,CA780086ZE76,Royal Bank of Canada,RY,Banks,senior_bail_in,5.34,2026-06-23,2026-06-23,2023-06-23,,101.36,4.729300858976723,,ishares_xcb,evaluated,3925000.0
2024-01-31,CA780086ZH08,Royal Bank of Canada,RY,Banks,senior_bail_in,5.23,2030-06-24,2030-06-24,2023-06-23,,103.49,4.592939689398779,,ishares_xcb,evaluated,3448000.0
2024-01-31,CA87971MBC60,TELUS,TU,Telecom,senior,3.75,2026-03-10,2026-03-10,2015-12-08,,98.13,4.692604226994328,,ishares_xcb,evaluated,1948000.0
2024-01-31,CA87971MBG74,TELUS,TU,Telecom,senior,3.63,2028-03-01,2028-03-01,2018-03-01,,96.61,4.549637557683467,,ishares_xcb,evaluated,1244000.0
2024-01-31,CA87971MBJ14,TELUS,TU,Telecom,senior,3.3,2029-05-02,2029-05-02,2019-04-03,,94.16,4.562388358552673,,ishares_xcb,evaluated,2654000.0
2024-01-31,CA87971MBL69,TELUS,TU,Telecom,senior,2.75,2026-07-08,2026-07-08,2019-07-02,,95.79,4.595412359966949,,ishares_xcb,evaluated,2640000.0
2024-01-31,CA87971MBN26,TELUS,TU,Telecom,senior,3.15,2030-02-19,2030-02-19,2019-12-16,,92.18,4.644621004817204,,ishares_xcb,evaluated,2137000.0
2024-01-31,CA87971MBQ56,TELUS,TU,Telecom,senior,2.35,2028-01-27,2028-01-27,2020-05-29,,92.07,4.546046182840183,,ishares_xcb,evaluated,1879000.0
2024-01-31,CA87971MBS13,TELUS,TU,Telecom,senior,2.05,2030-10-07,2030-10-07,2020-10-05,,85.18,4.65505205982298,,ishares_xcb,evaluated,1809000.0
2024-01-31,CA87971MBV42,TELUS,TU,Telecom,senior,2.85,2031-11-13,2031-11-13,2021-06-28,,87.26,4.833118842802685,,ishares_xcb,evaluated,2485000.0
2024-01-31,CA87971MBX08,TELUS,TU,Telecom,senior,5.25,2032-11-15,2032-11-15,2022-09-13,,102.29,4.925164000488102,,ishares_xcb,evaluated,2626000.0
2024-01-31,CA87971MBZ55,TELUS,TU,Telecom,senior,5.0,2029-09-13,2029-09-13,2022-09-13,,101.76,4.6404008832854275,,ishares_xcb,evaluated,1334000.0
2024-01-31,CA87971MCA95,TELUS,TU,Telecom,senior,4.95,2033-03-28,2033-03-28,2023-03-28,,100.03,4.945632008524282,,ishares_xcb,evaluated,1383000.0
2024-01-31,CA87971MCB78,TELUS,TU,Telecom,senior,5.6,2030-09-09,2030-09-09,2023-09-08,,104.63,4.774463911139249,,ishares_xcb,evaluated,1380000.0
2024-01-31,CA87971MCC51,TELUS,TU,Telecom,senior,5.75,2033-09-08,2033-09-08,2023-09-08,,106.04,4.95204419765131,,ishares_xcb,evaluated,3090000.0
2024-01-31,CA89117F7G86,Toronto-Dominion Bank,TD,Banks,senior_bail_in,4.21,2027-06-01,2027-06-01,2022-06-01,,98.82,4.593471880006026,,ishares_xcb,evaluated,7505000.0
2024-01-31,CA89117F7H69,Toronto-Dominion Bank,TD,Banks,senior_bail_in,5.38,2027-10-21,2027-10-21,2022-10-21,,102.75,4.564667066152956,,ishares_xcb,evaluated,6535000.0
2024-01-31,CA89117FA338,Toronto-Dominion Bank,TD,Banks,senior_bail_in,1.89,2028-03-08,2028-03-08,2021-03-08,,90.71,4.389770977374223,,ishares_xcb,evaluated,4265000.0
2024-01-31,CA89117FJ347,Toronto-Dominion Bank,TD,Banks,senior_bail_in,1.9,2028-09-11,2028-09-11,2021-09-10,,89.79,4.369436916950256,,ishares_xcb,evaluated,3850000.0
2024-01-31,CA89117FZ442,Toronto-Dominion Bank,TD,Banks,senior_bail_in,2.26,2027-01-07,2027-01-07,2022-01-07,,93.69,4.582538067835747,,ishares_xcb,evaluated,6252000.0
2024-01-31,CA89117G8T70,Toronto-Dominion Bank,TD,Banks,senior_bail_in,4.52,2027-01-29,2027-01-29,2024-01-29,,100.43,4.365184289980023,,ishares_xcb,evaluated,3500000.0
2024-01-31,CA89117GK301,Toronto-Dominion Bank,TD,Banks,senior_bail_in,5.42,2026-07-10,2026-07-10,2023-07-10,,101.58,4.726372109570222,,ishares_xcb,evaluated,4700000.0
2024-01-31,CA89117GRJ80,Toronto-Dominion Bank,TD,Banks,senior_bail_in,4.68,2029-01-08,2029-01-08,2022-12-07,,100.55,4.553864338294673,,ishares_xcb,evaluated,6980000.0
2024-01-31,CA89117GTQ06,Toronto-Dominion Bank,TD,Banks,senior_bail_in,4.48,2028-01-18,2028-01-18,2023-01-18,,99.75,4.54929136126634,,ishares_xcb,evaluated,6121000.0
2024-01-31,CA89117GX510,Toronto-Dominion Bank,TD,Banks,senior_bail_in,5.49,2028-09-08,2028-09-08,2023-09-08,,103.83,4.5581728436136135,,ishares_xcb,evaluated,4660000.0
2024-01-31,CA89353ZAP32,TransCanada PipeLines,TRP,Pipelines,senior,8.29,2026-02-05,2026-02-05,1996-02-05,,105.11,5.554218159983569,,ishares_xcb,evaluated,944000.0
2024-01-31,CA89353ZBA53,TransCanada PipeLines,TRP,Pipelines,senior,6.89,2028-08-07,2028-08-07,1997-07-30,,106.7,5.200008058260284,,ishares_xcb,evaluated,712000.0
2024-01-31,CA89353ZBE75,TransCanada PipeLines,TRP,Pipelines,senior,6.28,2028-05-26,2028-05-26,1998-05-26,,104.09,5.208596420759231,,ishares_xcb,evaluated,803000.0
2024-01-31,CA89353ZBK36,TransCanada PipeLines,TRP,Pipelines,senior,6.5,2030-12-09,2030-12-09,1998-12-07,,105.22,5.571369898123839,,ishares_xcb,evaluated,775000.0
2024-01-31,CA89353ZCA45,TransCanada PipeLines,TRP,Pipelines,senior,3.39,2028-03-15,2028-03-15,2017-09-15,,95.42,4.623398478844114,,ishares_xcb,evaluated,1707000.0
2024-01-31,CA89353ZCE66,TransCanada PipeLines,TRP,Pipelines,senior,3.0,2029-09-18,2029-09-18,2019-09-18,,91.9,4.652093436026907,,ishares_xcb,evaluated,2438000.0
2024-01-31,CA89353ZCF32,TransCanada PipeLines,TRP,Pipelines,senior,3.8,2027-04-05,2027-04-05,2020-04-03,,97.57,4.628287294437547,,ishares_xcb,evaluated,5388000.0
2024-01-31,CA89353ZCH97,TransCanada PipeLines,TRP,Pipelines,senior,2.97,2031-06-09,2031-06-09,2021-06-09,,88.33,4.876415553657436,,ishares_xcb,evaluated,1778000.0
2024-01-31,CA89353ZCJ53,TransCanada PipeLines,TRP,Pipelines,senior,4.35,2026-05-12,2026-05-12,2022-05-12,,99.27,4.689625026630916,,ishares_xcb,evaluated,1169000.0
2024-01-31,CA89353ZCK27,TransCanada PipeLines,TRP,Pipelines,senior,5.33,2032-05-12,2032-05-12,2022-05-12,,102.09,5.017693551055313,,ishares_xcb,evaluated,2568000.0
2024-01-31,CA89353ZCN65,TransCanada PipeLines,TRP,Pipelines,senior,5.28,2030-07-15,2030-07-15,2023-03-10,,102.5,4.824378809535991,,ishares_xcb,evaluated,3750000.0
2024-02-29,CA06368D3U60,Bank of Montreal,BMO,Banks,senior_bail_in,4.31,2027-06-01,2027-06-01,2022-06-01,,98.87,4.685382531762763,,ishares_xcb,evaluated,8017000.0
2024-02-29,CA06368DPC25,Bank of Montreal,BMO,Banks,senior_bail_in,1.76,2026-03-10,2026-03-10,2021-03-10,,94.58,4.591091008757877,,ishares_xcb,evaluated,2375000.0
2024-02-29,CA06368DTH75,Bank of Montreal,BMO,Banks,senior_bail_in,1.55,2026-05-28,2026-05-28,2021-05-28,,93.61,4.5776163802212055,,ishares_xcb,evaluated,3757000.0
2024-02-29,CA06368DW260,Bank of Montreal,BMO,Banks,senior_bail_in,3.65,2027-04-01,2027-04-01,2022-04-01,,97.06,4.68127736815801,,ishares_xcb,evaluated,5789000.0
2024-02-29,CA06368LB887,Bank of Montreal,BMO,Banks,senior_bail_in,4.54,2028-12-18,2028-12-18,2023-12-18,,99.32,4.697805528712061,,ishares_xcb,evaluated,4155000.0
2024-02-29,CA06368LEY89,Bank of Montreal,BMO,Banks,senior_bail_in,4.71,2027-12-07,2027-12-07,2022-12-07,,100.09,4.680841402916487,,ishares_xcb,evaluated,7396000.0
2024-02-29,CA06368LNK84,Bank of Montreal,BMO,Banks,senior_bail_in,5.04,2028-05-29,2028-05-29,2023-05-29,,101.35,4.684783174670092,,ishares_xcb,evaluated,7020000.0
2024-02-29,CA06415E4E25,Bank of Nova Scotia,BNS,Banks,senior_bail_in,1.4,2027-11-01,2027-11-01,2020-10-15,,90.12,4.340909890205971,,ishares_xcb,evaluated,5212000.0
2024-02-29,CA06415FFT45,Bank of Nova Scotia,BNS,Banks,senior_bail_in,1.85,2026-11-02,2026-11-02,2021-10-08,,93.04,4.648667777189763,,ishares_xcb,evaluated,6820000.0
2024-02-29,CA06415GDE76,Bank of Nova Scotia,BNS,Banks,senior_bail_in,2.95,2027-03-08,2027-03-08,2022-03-07,,95.17,4.683812494898766,,ishares_xcb,evaluated,10340000.0
2024-02-29,CA06415GH297,Bank of Nova Scotia,BNS,Banks,senior_bail_in,5.5,2026-05-08,2026-05-08,2022-11-09,,101.33,4.85090981803702,,ishares_xcb,evaluated,4778000.0
2024-02-29,CA064164QM14,Bank of Nova Scotia,BNS,Banks,senior_bail_in,4.68,2029-02-01,2029-02-01,2024-02-01,,99.86,4.7116086537696305,,ishares_xcb,evaluated,5670000.0
2024-02-29,CA07813ZAC82,Bell Canada,BCE,Telecom,senior,6.55,2029-05-01,2029-05-01,1999-07-19,,107.14,4.966485399942816,,ishares_xcb,evaluated,572000.0
2024-02-29,CA07813ZAL81,Bell Canada,BCE,Telecom,senior,7.85,2031-04-02,2031-04-02,2001-04-02,,115.53,5.200268542035896,,ishares_xcb,evaluated,755000.0
2024-02-29,CA07813ZAP95,Bell Canada,BCE,Telecom,senior,7.3,2032-02-23,2032-02-23,2002-02-22,,113.36,5.231193638396548,,ishares_xcb,evaluated,1226000.0
2024-02-29,CA07813ZAT18,Bell Canada,BCE,Telecom,senior,6.1,2035-03-16,2035-03-16,2004-03-16,,107.41,5.209686955170337,,ishares_xcb,evaluated,1396000.0
2024-02-29,CA07813ZBT09,Bell Canada,BCE,Telecom,senior,3.55,2026-03-02,2026-03-02,2016-02-29,,97.63,4.806176352765535,,ishares_xcb,evaluated,2382000.0
2024-02-29,CA07813ZBV54,Bell Canada,BCE,Telecom,senior,2.9,2026-08-12,2026-08-12,2016-08-12,,95.89,4.6926806548254865,,ishares_xcb,evaluated,2223000.0
2024-02-29,CA07813ZCC64,Bell Canada,BCE,Telecom,senior,2.9,2029-09-10,2029-09-10,2019-09-10,,91.57,4.647535673939315,,ishares_xcb,evaluated,1746000.0
2024-02-29,CA07813ZCE21,Bell Canada,BCE,Telecom,senior,2.5,2030-05-14,2030-05-14,2020-05-14,,88.18,4.719022120788174,,ishares_xcb,evaluated,2952000.0
2024-02-29,CA07813ZCF95,Bell Canada,BCE,Telecom,senior,1.65,2027-08-16,2027-08-16,2020-08-14,,91.5,4.31790349471015,,ishares_xcb,evaluated,2147000.0
2024-02-29,CA07813ZCG78,Bell Canada,BCE,Telecom,senior,3.0,2031-03-17,2031-03-17,2021-03-17,,89.22,4.823023067653271,,ishares_xcb,evaluated,3189000.0
2024-02-29,CA07813ZCJ18,Bell Canada,BCE,Telecom,senior,2.2,2028-05-29,2028-05-29,2021-05-28,,91.15,4.512708184077184,,ishares_xcb,evaluated,1688000.0
2024-02-29,CA07813ZCK80,Bell Canada,BCE,Telecom,senior,5.85,2032-11-10,2032-11-10,2022-11-10,,106.23,4.9587377124909295,,ishares_xcb,evaluated,3755000.0
2024-02-29,CA07813ZCL63,Bell Canada,BCE,Telecom,senior,4.55,2030-02-09,2030-02-09,2023-02-09,,99.04,4.736800780214521,,ishares_xcb,evaluated,3045000.0
2024-02-29,CA07813ZCQ50,Bell Canada,BCE,Telecom,senior,5.25,2029-03-15,2029-03-15,2023-11-14,,102.54,4.679510056107732,,ishares_xcb,evaluated,1815000.0
2024-02-29,CA11291ZAE75,Brookfield Infrastructure Finance,BIP,Utilities,senior,4.19,2028-09-11,2028-09-11,2018-09-10,,97.24,4.877379191309816,,ishares_xcb,evaluated,1916000.0
2024-02-29,CA11291ZAF41,Brookfield Infrastructure Finance,BIP,Utilities,senior,3.41,2029-10-09,2029-10-09,2019-10-03,,92.77,4.898246388930101,,ishares_xcb,evaluated,2366000.0
2024-02-29,CA11291ZAG24,Brookfield Infrastructure Finance,BIP,Utilities,senior,2.86,2032-09-01,2032-09-01,2020-09-01,,84.13,5.193053841521705,,ishares_xcb,evaluated,1155000.0
2024-02-29,CA11291ZAH07,Brookfield Infrastructure Finance,BIP,Utilities,senior,5.44,2034-04-25,2034-04-25,2022-04-25,,100.91,5.321187393774196,,ishares_xcb,evaluated,1700000.0
2024-02-29,CA11291ZAK36,Brookfield Infrastructure Finance,BIP,Utilities,senior,5.62,2027-11-14,2027-11-14,2022-11-14,,102.65,4.8294053108021755,,ishares_xcb,evaluated,1470000.0
2024-02-29,CA11291ZAL19,Brookfield Infrastructure Finance,BIP,Utilities,senior,5.98,2033-02-14,2033-02-14,2022-11-14,,104.76,5.305239604623175,,ishares_xcb,evaluated,1029000.0
2024-02-29,CA11291ZAM91,Brookfield Infrastructure Finance,BIP,Utilities,senior,5.71,2030-07-27,2030-07-27,2023-07-27,,103.52,5.059381379202645,,ishares_xcb,evaluated,1500000.0
2024-02-29,CA13607H5C22,Canadian Imperial Bank of Commerce,CM,Banks,senior_bail_in,5.05,2027-10-07,2027-10-07,2022-10-07,,101.04,4.7295782679174785,,ishares_xcb,evaluated,5765000.0
2024-02-29,CA13607HC349,Canadian Imperial Bank of Commerce,CM,Banks,senior_bail_in,2.25,2027-01-07,2027-01-07,2022-01-07,,93.52,4.701789677380827,,ishares_xcb,evaluated,4256000.0
2024-02-29,CA13607HV661,Canadian Imperial Bank of Commerce,CM,Banks,senior_bail_in,4.95,2027-06-29,2027-06-29,2022-06-29,,100.7,4.717549535634973,,ishares_xcb,evaluated,5164000.0
2024-02-29,CA13607HVV19,Canadian Imperial Bank of Commerce,CM,Banks,senior_bail_in,1.7,2026-07-15,2026-07-15,2021-07-15,,93.67,4.539532989747712,,ishares_xcb,evaluated,3587000.0
2024-02-29,CA13607LPY34,Canadian Imperial Bank of Commerce,CM,Banks,senior_bail_in,5.5,2028-01-14,2028-01-14,2023-07-14,,102.68,4.7334559492848225,,ishares_xcb,evaluated,3645000.0
2024-02-29,CA13607LSJ30,Canadian Imperial Bank of Commerce,CM,Banks,senior_bail_in,5.0,2026-12-07,2026-12-07,2023-12-07,,100.56,4.777716459963567,,ishares_xcb,evaluated,4000000.0
2024-02-29,CA29251ZAD92,Enbridge Inc,ENB,Pipelines,senior,7.22,2030-07-24,2030-07-24,2000-07-24,,107.94,5.7200621048284255,,ishares_xcb,evaluated,806000.0
2024-02-29,CA29251ZAK36,Enbridge Inc,ENB,Pipelines,senior,7.2,2032-06-18,2032-06-18,2001-06-18,,108.9,5.8297512315682924,,ishares_xcb,evaluated,930000.0
2024-02-29,CA29251ZAQ06,Enbridge Inc,ENB,Pipelines,senior,5.57,2035-11-14,2035-11-14,2005-11-14,,101.35,5.412279392319083,,ishares_xcb,evaluated,394000.0
2024-02-29,CA29251ZBK27,Enbridge Inc,ENB,Pipelines,senior,3.2,2027-06-08,2027-06-08,2017-06-08,,95.6,4.66282795886614,,ishares_xcb,evaluated,4057000.0
2024-02-29,CA29251ZBS52,Enbridge Inc,ENB,Pipelines,senior,2.99,2029-10-03,2029-10-03,2019-10-03,,91.64,4.706288640906416,,ishares_xcb,evaluated,2157000.0
2024-02-29,CA29251ZBU09,Enbridge Inc,ENB,Pipelines,senior,3.1,2033-09-21,2033-09-21,2021-09-21,,85.32,5.056024185193851,,ishares_xcb,evaluated,2707000.0
2024-02-29,CA29251ZBW64,Enbridge Inc,ENB,Pipelines,senior,6.1,2032-11-09,2032-11-09,2022-11-09,,107.17,5.069289375223957,,ishares_xcb,evaluated,2015000.0
2024-02-29,CA29251ZBY21,Enbridge Inc,ENB,Pipelines,senior,5.7,2027-11-09,2027-11-09,2022-11-09,,103.29,4.717742823431203,,ishares_xcb,evaluated,1761000.0
2024-02-29,CA29251ZBZ95,Enbridge Inc,ENB,Pipelines,senior,5.36,2033-05-26,2033-05-26,2023-05-26,,102.08,5.074567490669464,,ishares_xcb,evaluated,1415000.0
2024-02-29,CA29251ZCA36,Enbridge Inc,ENB,Pipelines,senior,4.9,2028-05-26,2028-05-26,2023-05-26,,100.76,4.699226549278514,,ishares_xcb,evaluated,2090000.0
2024-02-29,CA349553AP21,Fortis Inc,FTS,Utilities,senior,2.18,2028-05-15,2028-05-15,2021-05-14,,91.61,4.384438876502822,,ishares_xcb,evaluated,1633000.0
2024-02-29,CA349553AQ04,Fortis Inc,FTS,Utilities,senior,4.43,2029-05-31,2029-05-31,2022-05-31,,99.51,4.533912696340538,,ishares_xcb,evaluated,1558000.0
2024-02-29,CA349553AR86,Fortis Inc,FTS,Utilities,senior,5.68,2033-11-08,2033-11-08,2023-11-08,,106.38,4.846674740066033,,ishares_xcb,evaluated,1060000.0
2024-02-29,CA44810ZAB63,Hydro One Inc,H,Utilities,senior,6.93,2032-06-01,2032-06-01,2001-06-22,,115.64,4.626687362736321,,ishares_xcb,evaluated,1012000.0
2024-02-29,CA44810ZAD20,Hydro One Inc,H,Utilities,senior,6.35,2034-01-31,2034-01-31,2003-01-31,,113.37,4.651680467930313,,ishares_xcb,evaluated,1224000.0
2024-02-29,CA44810ZBZ23,Hydro One Inc,H,Utilities,senior,3.02,2029-04-05,2029-04-05,2019-04-05,,94.39,4.254328951943508,,ishares_xcb,evaluated,2118000.0
2024-02-29,CA44810ZCC29,Hydro One Inc,H,Utilities,senior,2.16,2030-02-28,2030-02-28,2020-02-28,,88.85,4.2882338246702805,,ishares_xcb,evaluated,1206000.0
2024-02-29,CA44810ZCF59,Hydro One Inc,H,Utilities,senior,1.69,2031-01-16,2031-01-16,2020-10-09,,84.93,4.238332000486584,,ishares_xcb,evaluated,1025000.0
2024-02-29,CA44810ZCG33,Hydro One Inc,H,Utilities,senior,2.23,2031-09-17,2031-09-17,2021-09-17,,86.57,4.335920064800987,,ishares_xcb,evaluated,1683000.0
2024-02-29,CA44810ZCJ71,Hydro One Inc,H,Utilities,senior,4.91,2028-01-27,2028-01-27,2022-10-27,,102.0,4.347416959388468,,ishares_xcb,evaluated,1454000.0
2024-02-29,CA44810ZCK45,Hydro One Inc,H,Utilities,senior,3.93,2029-11-30,2029-11-30,2023-01-27,,98.16,4.294034625433698,,ishares_xcb,evaluated,1242000.0
2024-02-29,CA44810ZCL28,Hydro One Inc,H,Utilities,senior,4.16,2033-01-27,2033-01-27,2023-01-27,,97.92,4.444962707348697,,ishares_xcb,evaluated,1465000.0
2024-02-29,CA44810ZCR97,Hydro One Inc,H,Utilities,senior,4.39,2034-03-01,2034-03-01,2024-01-12,,98.83,4.537546876489785,,ishares_xcb,evaluated,1930000.0
2024-02-29,CA448810AC58,Hydro One Inc,H,Utilities,senior,7.35,2030-06-03,2030-06-03,2000-06-01,,114.52,4.647115922791006,,ishares_xcb,evaluated,1363000.0
2024-02-29,CA63306AGJ93,National Bank of Canada,NA,Banks,senior_bail_in,1.57,2026-08-18,2026-08-18,2020-07-15,,95.25,3.5970618816165847,,ishares_xcb,evaluated,1553000.0
2024-02-29,CA63306AGT75,National Bank of Canada,NA,Banks,senior_bail_in,1.53,2026-06-15,2026-06-15,2021-06-15,,93.39,4.599817304760215,,ishares_xcb,evaluated,2260000.0
2024-02-29,CA63306AHB58,National Bank of Canada,NA,Banks,senior_bail_in,2.24,2026-11-04,2026-11-04,2021-11-04,,93.89,4.6936839523353155,,ishares_xcb,evaluated,3418000.0
2024-02-29,CA63306AHP45,National Bank of Canada,NA,Banks,senior_bail_in,5.22,2028-06-14,2028-06-14,2023-06-14,,101.96,4.707354164222876,,ishares_xcb,evaluated,5915000.0
2024-02-29,CA63306AHT66,National Bank of Canada,NA,Banks,senior_bail_in,5.02,2029-02-01,2029-02-01,2023-12-07,,101.27,4.727194756289274,,ishares_xcb,evaluated,4580000.0
2024-02-29,CA63306AHU30,National Bank of Canada,NA,Banks,senior_bail_in,4.97,2026-12-07,2026-12-07,2023-12-07,,100.49,4.775026261870257,,ishares_xcb,evaluated,1885000.0
2024-02-29,CA70632ZAF86,Pembina Pipeline,PPL,Pipelines,senior,4.24,2027-06-15,2027-06-15,2015-06-16,,98.49,4.737943520801592,,ishares_xcb,evaluated,2004000.0
2024-02-29,CA70632ZAG69,Pembina Pipeline,PPL,Pipelines,senior,3.71,2026-08-11,2026-08-11,2016-08-11,,97.44,4.8296100813696,,ishares_xcb,evaluated,1984000.0
2024-02-29,CA70632ZAK71,Pembina Pipeline,PPL,Pipelines,senior,4.02,2028-03-27,2028-03-27,2018-03-26,,97.28,4.762843827417051,,ishares_xcb,evaluated,1687000.0
2024-02-29,CA70632ZAM38,Pembina Pipeline,PPL,Pipelines,senior,3.62,2029-04-03,2029-04-03,2019-04-03,,94.8,4.780840011155211,,ishares_xcb,evaluated,1803000.0
2024-02-29,CA70632ZAQ42,Pembina Pipeline,PPL,Pipelines,senior,3.31,2030-02-01,2030-02-01,2019-09-12,,92.0,4.881225123657091,,ishares_xcb,evaluated,2020000.0
2024-02-29,CA70632ZAS08,Pembina Pipeline,PPL,Pipelines,senior,3.53,2031-12-10,2031-12-10,2021-12-10,,90.42,5.032358910792483,,ishares_xcb,evaluated,1756000.0
2024-02-29,CA70632ZAV37,Pembina Pipeline,PPL,Pipelines,senior,5.02,2032-01-12,2032-01-12,2024-01-12,,99.61,5.080082315346187,,ishares_xcb,evaluated,2180000.0
2024-02-29,CA70632ZAW10,Pembina Pipeline,PPL,Pipelines,senior,5.21,2034-01-12,2034-01-12,2024-01-12,,99.99,5.210705608537456,,ishares_xcb,evaluated,1600000.0
2024-02-29,CA775109BJ98,Rogers Communications,RCI,Telecom,senior,3.25,2029-05-01,2029-05-01,2019-04-30,,92.95,4.805890948316559,,ishares_xcb,evaluated,2414000.0
2024-02-29,CA775109BK61,Rogers Communications,RCI,Telecom,senior,3.65,2027-03-31,2027-03-31,2020-03-31,,96.83,4.764661562234995,,ishares_xcb,evaluated,4777000.0
2024-02-29,CA775109BT70,Rogers Communications,RCI,Telecom,senior,3.75,2029-04-15,2029-04-15,2022-03-11,,95.33,4.786448323459669,,ishares_xcb,evaluated,3226000.0
2024-02-29,CA775109BV27,Rogers Communications,RCI,Telecom,senior,4.25,2032-04-15,2032-04-15,2022-03-11,,94.73,5.047241461441317,,ishares_xcb,evaluated,3092000.0
2024-02-29,CA775109CM19,Rogers Communications,RCI,Telecom,senior,3.8,2027-03-01,2027-03-01,2023-04-03,,97.37,4.752012498674512,,ishares_xcb,evaluated,1230000.0
2024-02-29,CA775109CP40,Rogers Communications,RCI,Telecom,senior,4.4,2028-11-02,2028-11-02,2023-04-03,,98.48,4.766213578997252,,ishares_xcb,evaluated,1893000.0
2024-02-29,CA775109CQ23,Rogers Communications,RCI,Telecom,senior,3.3,2029-12-10,2029-12-10,2019-12-09,,92.31,4.840075647247826,,ishares_xcb,evaluated,1784000.0
2024-02-29,CA775109CS88,Rogers Communications,RCI,Telecom,senior,2.9,2030-12-09,2030-12-09,2020-04-22,,88.54,4.907430647646568,,ishares_xcb,evaluated,1771000.0
2024-02-29,CA775109CU35,Rogers Communications,RCI,Telecom,senior,5.65,2026-09-21,2026-09-21,2023-09-21,,101.97,4.8234761950603495,,ishares_xcb,evaluated,1715000.0
2024-02-29,CA775109CV18,Rogers Communications,RCI,Telecom,senior,5.7,2028-09-21,2028-09-21,2023-09-21,,103.67,4.794855538569483,,ishares_xcb,evaluated,3245000.0
2024-02-29,CA775109CW90,Rogers Communications,RCI,Telecom,senior,5.8,2030-09-21,2030-09-21,2023-09-21,,104.85,4.92615283692084,,ishares_xcb,evaluated,1385000.0
2024-02-29,CA775109DA61,Rogers Communications,RCI,Telecom,senior,5.9,2033-09-21,2033-09-21,2023-09-21,,105.91,5.111099512389785,,ishares_xcb,evaluated,2550000.0
2024-02-29,CA780086RQ98,Royal Bank of Canada,RY,Banks,senior_bail_in,2.33,2027-01-28,2027-01-28,2020-01-28,,93.7,4.668381787947454,,ishares_xcb,evaluated,8286000.0
2024-02-29,CA780086TM66,Royal Bank of Canada,RY,Banks,senior_bail_in,1.59,2026-05-04,2026-05-04,2021-05-04,,93.82,4.603512529190164,,ishares_xcb,evaluated,3058000.0
2024-02-29,CA780086TY05,Royal Bank of Canada,RY,Banks,senior_bail_in,1.83,2028-07-31,2028-07-31,2021-07-29,,89.88,4.372415746413086,,ishares_xcb,stale,3130000.0
2024-02-29,CA780086U931,Royal Bank of Canada,RY,Banks,senior_bail_in,4.26,2026-12-21,2026-12-21,2023-12-21,,99.47,4.459879426391151,,ishares_xcb,evaluated,5630000.0
2024-02-29,CA780086VK72,Royal Bank of Canada,RY,Banks,senior_bail_in,4.61,2027-07-26,2027-07-26,2022-07-25,,99.9,4.641168355010825,,ishares_xcb,evaluated,5647000.0
2024-02-29,CA780086VV38,Royal Bank of Canada,RY,Banks,senior_bail_in,5.24,2026-11-02,2026-11-02,2022-10-28,,101.25,4.735736412064851,,ishares_xcb,evaluated,5503000.0
2024-02-29,CA780086WG51,Royal Bank of Canada,RY,Banks,senior_bail_in,4.64,2028-01-17,2028-01-17,2023-01-17,,100.01,4.636220985963021,,ishares_xcb,evaluated,5636000.0
2024-02-29,CA780086XL38,Royal Bank of Canada,RY,Banks,senior_bail_in,4.63,2028-05-01,2028-05-01,2023-04-20,,100.01,4.626863839134839,,ishares_xcb,evaluated,6460000.0
2024-02-29,CA780086ZE76,Royal Bank of Canada,RY,Banks,senior_bail_in,5.34,2026-06-23,2026-06-23,2023-06-23,,101.15,4.80432568285259,,ishares_xcb,evaluated,3925000.0
2024-02-29,CA780086ZH08,Royal Bank of Canada,RY,Banks,senior_bail_in,5.23,2030-06-24,2030-06-24,2023-06-23,,102.92,4.688779360138966,,ishares_xcb,evaluated,3588000.0
2024-02-29,CA87971MBC60,TELUS,TU,Telecom,senior,3.75,2026-03-10,2026-03-10,2015-12-08,,98.0,4.798931118216566,,ishares_xcb,evaluated,2163000.0
2024-02-29,CA87971MBG74,TELUS,TU,Telecom,senior,3.63,2028-03-01,2028-03-01,2018-03-01,,96.36,4.638212425865687,,ishares_xcb,evaluated,1344000.0
2024-02-29,CA87971MBJ14,TELUS,TU,Telecom,senior,3.3,2029-05-02,2029-05-02,2019-04-03,,93.72,4.680657323195872,,ishares_xcb,evaluated,3169000.0
2024-02-29,CA87971MBL69,TELUS,TU,Telecom,senior,2.75,2026-07-08,2026-07-08,2019-07-02,,95.62,4.734688508233472,,ishares_xcb,evaluated,2640000.0
2024-02-29,CA87971MBN26,TELUS,TU,Telecom,senior,3.15,2030-02-19,2030-02-19,2019-12-16,,91.6,4.783394589966165,,ishares_xcb,evaluated,2137000.0
2024-02-29,CA87971MBQ56,TELUS,TU,Telecom,senior,2.35,2028-01-27,2028-01-27,2020-05-29,,91.98,4.615252212929948,,ishares_xcb,evaluated,2029000.0
2024-02-29,CA87971MBS13,TELUS,TU,Telecom,senior,2.05,2030-10-07,2030-10-07,2020-10-05,,84.85,4.7487760446984675,,ishares_xcb,evaluated,1309000.0
2024-02-29,CA87971MBV42,TELUS,TU,Telecom,senior,2.85,2031-11-13,2031-11-13,2021-06-28,,86.85,4.921419768450362,,ishares_xcb,evaluated,2495000.0
2024-02-29,CA87971MBX08,TELUS,TU,Telecom,senior,5.25,2032-11-15,2032-11-15,2022-09-13,,101.93,4.973709429185396,,ishares_xcb,evaluated,2626000.0
2024-02-29,CA87971MBZ55,TELUS,TU,Telecom,senior,5.0,2029-09-13,2029-09-13,2022-09-13,,101.3,4.731232040232631,,ishares_xcb,evaluated,1334000.0
2024-02-29,CA87971MCA95,TELUS,TU,Telecom,senior,4.95,2033-03-28,2033-03-28,2023-03-28,,99.68,4.994520792337231,,ishares_xcb,evaluated,1383000.0
2024-02-29,CA87971MCB78,TELUS,TU,Telecom,senior,5.6,2030-09-09,2030-09-09,2023-09-08,,104.06,4.867276760447557,,ishares_xcb,evaluated,1440000.0
2024-02-29,CA87971MCC51,TELUS,TU,Telecom,senior,5.75,2033-09-08,2033-09-08,2023-09-08,,105.45,5.023651598338312,,ishares_xcb,evaluated,3090000.0
2024-02-29,CA87971MCE18,TELUS,TU,Telecom,senior,4.8,2028-12-15,2028-12-15,2024-02-15,,100.44,4.69417058346058,,ishares_xcb,evaluated,1541000.0
2024-02-29,CA87971MCF82,TELUS,TU,Telecom,senior,4.95,2031-02-18,2031-02-18,2024-02-15,,100.49,4.866040649715559,,ishares_xcb,evaluated,888000.0
2024-02-29,CA87971MCG65,TELUS,TU,Telecom,senior,5.1,2034-02-15,2034-02-15,2024-02-15,,100.54,5.030195909056984,,ishares_xcb,evaluated,885000.0
2024-02-29,CA89117F7G86,Toronto-Dominion Bank,TD,Banks,senior_bail_in,4.21,2027-06-01,2027-06-01,2022-06-01,,98.67,4.652185331106993,,ishares_xcb,evaluated,7975000.0
2024-02-29,CA89117F7H69,Toronto-Dominion Bank,TD,Banks,senior_bail_in,5.38,2027-10-21,2027-10-21,2022-10-21,,102.36,4.664412945255304,,ishares_xcb,evaluated,6555000.0
2024-02-29,CA89117FA338,Toronto-Dominion Bank,TD,Banks,senior_bail_in,1.89,2028-03-08,2028-03-08,2021-03-08,,90.9,4.383052888931517,,ishares_xcb,evaluated,4500000.0
2024-02-29,CA89117FJ347,Toronto-Dominion Bank,TD,Banks,senior_bail_in,1.9,2028-09-11,2028-09-11,2021-09-10,,89.8,4.408987768354257,,ishares_xcb,evaluated,3860000.0
2024-02-29,CA89117FZ442,Toronto-Dominion Bank,TD,Banks,senior_bail_in,2.26,2027-01-07,2027-01-07,2022-01-07,,93.66,4.6570858852199475,,ishares_xcb,evaluated,6872000.0
2024-02-29,CA89117G8T70,Toronto-Dominion Bank,TD,Banks,senior_bail_in,4.52,2027-01-29,2027-01-29,2024-01-29,,100.22,4.437801890282269,,ishares_xcb,evaluated,3635000.0
2024-02-29,CA89117GK301,Toronto-Dominion Bank,TD,Banks,senior_bail_in,5.42,2026-07-10,2026-07-10,2023-07-10,,101.36,4.802251465353445,,ishares_xcb,evaluated,5420000.0
2024-02-29,CA89117GRJ80,Toronto-Dominion Bank,TD,Banks,senior_bail_in,4.68,2029-01-08,2029-01-08,2022-12-07,,100.15,4.644301989642068,,ishares_xcb,evaluated,7480000.0
2024-02-29,CA89117GTQ06,Toronto-Dominion Bank,TD,Banks,senior_bail_in,4.48,2028-01-18,2028-01-18,2023-01-18,,99.42,4.644009274530945,,ishares_xcb,evaluated,6171000.0
2024-02-29,CA89117GX510,Toronto-Dominion Bank,TD,Banks,senior_bail_in,5.49,2028-09-08,2028-09-08,2023-09-08,,103.43,4.641807744490075,,ishares_xcb,evaluated,4660000.0
2024-02-29,CA89353ZBA53,TransCanada PipeLines,TRP,Pipelines,senior,6.89,2028-08-07,2028-08-07,1997-07-30,,106.14,5.318138064070957,,ishares_xcb,evaluated,712000.0
2024-02-29,CA89353ZBE75,TransCanada PipeLines,TRP,Pipelines,senior,6.28,2028-05-26,2028-05-26,1998-05-26,,103.54,5.334332208962197,,ishares_xcb,evaluated,803000.0
2024-02-29,CA89353ZBK36,TransCanada PipeLines,TRP,Pipelines,senior,6.5,2030-12-09,2030-12-09,1998-12-07,,104.82,5.631754804937329,,ishares_xcb,evaluated,775000.0
2024-02-29,CA89353ZCA45,TransCanada PipeLines,TRP,Pipelines,senior,3.39,2028-03-15,2028-03-15,2017-09-15,,95.24,4.697705135697105,,ishares_xcb,evaluated,1707000.0
2024-02-29,CA89353ZCE66,TransCanada PipeLines,TRP,Pipelines,senior,3.0,2029-09-18,2029-09-18,2019-09-18,,91.82,4.691803514194755,,ishares_xcb,evaluated,2473000.0
2024-02-29,CA89353ZCF32,TransCanada PipeLines,TRP,Pipelines,senior,3.8,2027-04-05,2027-04-05,2020-04-03,,97.38,4.716111082908628,,ishares_xcb,evaluated,5898000.0
2024-02-29,CA89353ZCH97,TransCanada PipeLines,TRP,Pipelines,senior,2.97,2031-06-09,2031-06-09,2021-06-09,,88.12,4.932020403246333,,ishares_xcb,evaluated,1778000.0
2024-02-29,CA89353ZCJ53,TransCanada PipeLines,TRP,Pipelines,senior,4.35,2026-05-12,2026-05-12,2022-05-12,,99.11,4.779634416476303,,ishares_xcb,evaluated,1169000.0
2024-02-29,CA89353ZCK27,TransCanada PipeLines,TRP,Pipelines,senior,5.33,2032-05-12,2032-05-12,2022-05-12,,101.71,5.0719690943590106,,ishares_xcb,evaluated,2568000.0
2024-02-29,CA89353ZCN65,TransCanada PipeLines,TRP,Pipelines,senior,5.28,2030-07-15,2030-07-15,2023-03-10,,102.29,4.85731506605609,,ishares_xcb,evaluated,3790000.0
2024-03-29,CA06368D3U60,Bank of Montreal,BMO,Banks,senior_bail_in,4.31,2027-06-01,2027-06-01,2022-06-01,,99.17,4.590708617076614,,ishares_xcb,evaluated,8017000.0
2024-03-29,CA06368DTH75,Bank of Montreal,BMO,Banks,senior_bail_in,1.55,2026-05-28,2026-05-28,2021-05-28,,93.98,4.499342602652046,,ishares_xcb,evaluated,4332000.0
2024-03-29,CA06368DW260,Bank of Montreal,BMO,Banks,senior_bail_in,3.65,2027-04-01,2027-04-01,2022-04-01,,97.33,4.608804816497139,,ishares_xcb,evaluated,5794000.0
2024-03-29,CA06368LB887,Bank of Montreal,BMO,Banks,senior_bail_in,4.54,2028-12-18,2028-12-18,2023-12-18,,99.82,4.580495038908341,,ishares_xcb,evaluated,4525000.0
2024-03-29,CA06368LEY89,Bank of Montreal,BMO,Banks,senior_bail_in,4.71,2027-12-07,2027-12-07,2022-12-07,,100.42,4.581967371317535,,ishares_xcb,evaluated,7996000.0
2024-03-29,CA06368LNK84,Bank of Montreal,BMO,Banks,senior_bail_in,5.04,2028-05-29,2028-05-29,2023-05-29,,101.71,4.58410425607199,,ishares_xcb,evaluated,6520000.0
2024-03-29,CA06415E4E25,Bank of Nova Scotia,BNS,Banks,senior_bail_in,1.4,2027-11-01,2027-11-01,2020-10-15,,90.44,4.302009128318321,,ishares_xcb,evaluated,5272000.0
2024-03-29,CA06415FFT45,Bank of Nova Scotia,BNS,Banks,senior_bail_in,1.85,2026-11-02,2026-11-02,2021-10-08,,93.4,4.57816046430081,,ishares_xcb,evaluated,6840000.0
2024-03-29,CA06415GDE76,Bank of Nova Scotia,BNS,Banks,senior_bail_in,2.95,2027-03-08,2027-03-08,2022-03-07,,95.51,4.597544409395557,,ishares_xcb,evaluated,10440000.0
2024-03-29,CA06415GH297,Bank of Nova Scotia,BNS,Banks,senior_bail_in,5.5,2026-05-08,2026-05-08,2022-11-09,,101.45,4.769601100440051,,ishares_xcb,evaluated,4778000.0
2024-03-29,CA064164QM14,Bank of Nova Scotia,BNS,Banks,senior_bail_in,4.68,2029-02-01,2029-02-01,2024-02-01,,100.41,4.583784682390958,,ishares_xcb,evaluated,5835000.0
2024-03-29,CA07813ZAC82,Bell Canada,BCE,Telecom,senior,6.55,2029-05-01,2029-05-01,1999-07-19,,107.25,4.922875028046035,,ishares_xcb,evaluated,572000.0
2024-03-29,CA07813ZAL81,Bell Canada,BCE,Telecom,senior,7.85,2031-04-02,2031-04-02,2001-04-02,,115.8,5.1358503447447,,ishares_xcb,evaluated,825000.0
2024-03-29,CA07813ZAP95,Bell Canada,BCE,Telecom,senior,7.3,2032-02-23,2032-02-23,2002-02-22,,113.61,5.178928464100328,,ishares_xcb,evaluated,1226000.0
2024-03-29,CA07813ZAT18,Bell Canada,BCE,Telecom,senior,6.1,2035-03-16,2035-03-16,2004-03-16,,107.36,5.209875470732361,,ishares_xcb,evaluated,1406000.0
2024-03-29,CA07813ZBV54,Bell Canada,BCE,Telecom,senior,2.9,2026-08-12,2026-08-12,2016-08-12,,96.02,4.69042206180991,,ishares_xcb,evaluated,2223000.0
2024-03-29,CA07813ZCC64,Bell Canada,BCE,Telecom,senior,2.9,2029-09-10,2029-09-10,2019-09-10,,91.93,4.590382153544407,,ishares_xcb,evaluated,1831000.0
2024-03-29,CA07813ZCE21,Bell Canada,BCE,Telecom,senior,2.5,2030-05-14,2030-05-14,2020-05-14,,88.58,4.66456405168963,,ishares_xcb,evaluated,3087000.0
2024-03-29,CA07813ZCF95,Bell Canada,BCE,Telecom,senior,1.65,2027-08-16,2027-08-16,2020-08-14,,91.77,4.287903659009867,,ishares_xcb,evaluated,2372000.0
2024-03-29,CA07813ZCG78,Bell Canada,BCE,Telecom,senior,3.0,2031-03-17,2031-03-17,2021-03-17,,89.76,4.742766856845862,,ishares_xcb,evaluated,3194000.0
2024-03-29,CA07813ZCJ18,Bell Canada,BCE,Telecom,senior,2.2,2028-05-29,2028-05-29,2021-05-28,,91.43,4.476816113120986,,ishares_xcb,evaluated,1708000.0
2024-03-29,CA07813ZCK80,Bell Canada,BCE,Telecom,senior,5.85,2032-11-10,2032-11-10,2022-11-10,,106.51,4.914038466751554,,ishares_xcb,evaluated,3935000.0
2024-03-29,CA07813ZCL63,Bell Canada,BCE,Telecom,senior,4.55,2030-02-09,2030-02-09,2023-02-09,,99.34,4.679287878424045,,ishares_xcb,evaluated,3200000.0
2024-03-29,CA07813ZCQ50,Bell Canada,BCE,Telecom,senior,5.25,2029-03-15,2029-03-15,2023-11-14,,102.62,4.6517556411841845,,ishares_xcb,evaluated,1815000.0
2024-03-29,CA11291ZAE75,Brookfield Infrastructure Finance,BIP,Utilities,senior,4.19,2028-09-11,2028-09-11,2018-09-10,,97.71,4.766093019557873,,ishares_xcb,evaluated,1916000.0
2024-03-29,CA11291ZAF41,Brookfield Infrastructure Finance,BIP,Utilities,senior,3.41,2029-10-09,2029-10-09,2019-10-03,,93.27,4.809321946938471,,ishares_xcb,evaluated,2366000.0
2024-03-29,CA11291ZAG24,Brookfield Infrastructure Finance,BIP,Utilities,senior,2.86,2032-09-01,2032-09-01,2020-09-01,,84.62,5.131024916636502,,ishares_xcb,evaluated,1155000.0
2024-03-29,CA11291ZAH07,Brookfield Infrastructure Finance,BIP,Utilities,senior,5.44,2034-04-25,2034-04-25,2022-04-25,,101.32,5.268060423825944,,ishares_xcb,evaluated,1700000.0
2024-03-29,CA11291ZAK36,Brookfield Infrastructure Finance,BIP,Utilities,senior,5.62,2027-11-14,2027-11-14,2022-11-14,,102.81,4.766887542990991,,ishares_xcb,evaluated,1470000.0
2024-03-29,CA11291ZAL19,Brookfield Infrastructure Finance,BIP,Utilities,senior,5.98,2033-02-14,2033-02-14,2022-11-14,,105.22,5.2366222907672055,,ishares_xcb,evaluated,1029000.0
2024-03-29,CA11291ZAM91,Brookfield Infrastructure Finance,BIP,Utilities,senior,5.71,2030-07-27,2030-07-27,2023-07-27,,104.08,4.950323583262665,,ishares_xcb,evaluated,1500000.0
2024-03-29,CA13607H5C22,Canadian Imperial Bank of Commerce,CM,Banks,senior_bail_in,5.05,2027-10-07,2027-10-07,2022-10-07,,101.38,4.618773409916963,,ishares_xcb,evaluated,6145000.0
2024-03-29,CA13607HC349,Canadian Imperial Bank of Commerce,CM,Banks,senior_bail_in,2.25,2027-01-07,2027-01-07,2022-01-07,,93.91,4.612752927832888,,ishares_xcb,evaluated,4271000.0
2024-03-29,CA13607HV661,Canadian Imperial Bank of Commerce,CM,Banks,senior_bail_in,4.95,2027-06-29,2027-06-29,2022-06-29,,101.0,4.611786698483237,,ishares_xcb,evaluated,5244000.0
2024-03-29,CA13607HVV19,Canadian Imperial Bank of Commerce,CM,Banks,senior_bail_in,1.7,2026-07-15,2026-07-15,2021-07-15,,94.03,4.463141561568964,,ishares_xcb,evaluated,3307000.0
2024-03-29,CA13607L3Y79,Canadian Imperial Bank of Commerce,CM,Banks,senior_bail_in,4.9,2027-04-02,2026-04-02,2024-04-02,,99.94,4.9278979189504915,,ishares_xcb,evaluated,1600000.0
2024-03-29,CA13607LPY34,Canadian Imperial Bank of Commerce,CM,Banks,senior_bail_in,5.5,2028-01-14,2028-01-14,2023-07-14,,103.01,4.6245760978538595,,ishares_xcb,evaluated,3705000.0
2024-03-29,CA13607LSJ30,Canadian Imperial Bank of Commerce,CM,Banks,senior_bail_in,5.0,2026-12-07,2026-12-07,2023-12-07,,100.8,4.67576820454902,,ishares_xcb,evaluated,4000000.0
2024-03-29,CA29251ZAD92,Enbridge Inc,ENB,Pipelines,senior,7.22,2030-07-24,2030-07-24,2000-07-24,,108.23,5.652034634769066,,ishares_xcb,evaluated,806000.0
2024-03-29,CA29251ZAK36,Enbridge Inc,ENB,Pipelines,senior,7.2,2032-06-18,2032-06-18,2001-06-18,,109.29,5.76257704880712,,ishares_xcb,evaluated,930000.0
2024-03-29,CA29251ZAQ06,Enbridge Inc,ENB,Pipelines,senior,5.57,2035-11-14,2035-11-14,2005-11-14,,101.59,5.384075243798829,,ishares_xcb,evaluated,394000.0
2024-03-29,CA29251ZBK27,Enbridge Inc,ENB,Pipelines,senior,3.2,2027-06-08,2027-06-08,2017-06-08,,95.82,4.620287489473923,,ishares_xcb,evaluated,4187000.0
2024-03-29,CA29251ZBS52,Enbridge Inc,ENB,Pipelines,senior,2.99,2029-10-03,2029-10-03,2019-10-03,,92.14,4.6202200581496635,,ishares_xcb,evaluated,2182000.0
2024-03-29,CA29251ZBU09,Enbridge Inc,ENB,Pipelines,senior,3.1,2033-09-21,2033-09-21,2021-09-21,,85.71,5.012330530114186,,ishares_xcb,evaluated,2817000.0
2024-03-29,CA29251ZBW64,Enbridge Inc,ENB,Pipelines,senior,6.1,2032-11-09,2032-11-09,2022-11-09,,107.47,5.020965636174944,,ishares_xcb,evaluated,2350000.0
2024-03-29,CA29251ZBY21,Enbridge Inc,ENB,Pipelines,senior,5.7,2027-11-09,2027-11-09,2022-11-09,,103.37,4.6754182005021985,,ishares_xcb,evaluated,1761000.0
2024-03-29,CA29251ZBZ95,Enbridge Inc,ENB,Pipelines,senior,5.36,2033-05-26,2033-05-26,2023-05-26,,102.49,5.017271528783394,,ishares_xcb,evaluated,1415000.0
2024-03-29,CA29251ZCA36,Enbridge Inc,ENB,Pipelines,senior,4.9,2028-05-26,2028-05-26,2023-05-26,,100.96,4.6431183391205195,,ishares_xcb,evaluated,2090000.0
2024-03-29,CA349553AP21,Fortis Inc,FTS,Utilities,senior,2.18,2028-05-15,2028-05-15,2021-05-14,,91.93,4.335615385473527,,ishares_xcb,evaluated,1663000.0
2024-03-29,CA349553AQ04,Fortis Inc,FTS,Utilities,senior,4.43,2029-05-31,2029-05-31,2022-05-31,,99.8,4.471660684942623,,ishares_xcb,evaluated,1623000.0
2024-03-29,CA349553AR86,Fortis Inc,FTS,Utilities,senior,5.68,2033-11-08,2033-11-08,2023-11-08,,106.39,4.840612344870409,,ishares_xcb,evaluated,1185000.0
2024-03-29,CA44810ZAB63,Hydro One Inc,H,Utilities,senior,6.93,2032-06-01,2032-06-01,2001-06-22,,115.77,4.592171928661414,,ishares_xcb,evaluated,1012000.0
2024-03-29,CA44810ZAD20,Hydro One Inc,H,Utilities,senior,6.35,2034-01-31,2034-01-31,2003-01-31,,113.3,4.649719837274868,,ishares_xcb,evaluated,1224000.0
2024-03-29,CA44810ZBZ23,Hydro One Inc,H,Utilities,senior,3.02,2029-04-05,2029-04-05,2019-04-05,,94.77,4.185092366393956,,ishares_xcb,evaluated,2248000.0
2024-03-29,CA44810ZCC29,Hydro One Inc,H,Utilities,senior,2.16,2030-02-28,2030-02-28,2020-02-28,,89.24,4.234508458180914,,ishares_xcb,evaluated,1251000.0
2024-03-29,CA44810ZCF59,Hydro One Inc,H,Utilities,senior,1.69,2031-01-16,2031-01-16,2020-10-09,,85.35,4.188029960403095,,ishares_xcb,evaluated,1330000.0
2024-03-29,CA44810ZCG33,Hydro One Inc,H,Utilities,senior,2.23,2031-09-17,2031-09-17,2021-09-17,,86.96,4.2891047165759115,,ishares_xcb,evaluated,1683000.0
2024-03-29,CA44810ZCJ71,Hydro One Inc,H,Utilities,senior,4.91,2028-01-27,2028-01-27,2022-10-27,,102.16,4.2913347006125075,,ishares_xcb,evaluated,1474000.0
2024-03-29,CA44810ZCK45,Hydro One Inc,H,Utilities,senior,3.93,2029-11-30,2029-11-30,2023-01-27,,98.55,4.219993952120124,,ishares_xcb,evaluated,1242000.0
2024-03-29,CA44810ZCL28,Hydro One Inc,H,Utilities,senior,4.16,2033-01-27,2033-01-27,2023-01-27,,98.16,4.413450163288798,,ishares_xcb,evaluated,1470000.0
2024-03-29,CA44810ZCR97,Hydro One Inc,H,Utilities,senior,4.39,2034-03-01,2034-03-01,2024-01-12,,99.11,4.501447087411573,,ishares_xcb,evaluated,1650000.0
2024-03-29,CA448810AC58,Hydro One Inc,H,Utilities,senior,7.35,2030-06-03,2030-06-03,2000-06-01,,115.01,4.53486532936145,,ishares_xcb,evaluated,1363000.0
2024-03-29,CA63306AGJ93,National Bank of Canada,NA,Banks,senior_bail_in,1.57,2026-08-18,2026-08-18,2020-07-15,,95.6,3.504872064420824,,ishares_xcb,evaluated,1553000.0
2024-03-29,CA63306AGT75,National Bank of Canada,NA,Banks,senior_bail_in,1.53,2026-06-15,2026-06-15,2021-06-15,,93.7,4.553165597177912,,ishares_xcb,evaluated,2490000.0
2024-03-29,CA63306AHB58,National Bank of Canada,NA,Banks,senior_bail_in,2.24,2026-11-04,2026-11-04,2021-11-04,,94.2,4.6347197398067035,,ishares_xcb,evaluated,3458000.0
2024-03-29,CA63306AHP45,National Bank of Canada,NA,Banks,senior_bail_in,5.22,2028-06-14,2028-06-14,2023-06-14,,102.35,4.596731104388831,,ishares_xcb,evaluated,6075000.0
2024-03-29,CA63306AHT66,National Bank of Canada,NA,Banks,senior_bail_in,5.02,2029-02-01,2029-02-01,2023-12-07,,101.75,4.611768144677965,,ishares_xcb,evaluated,4660000.0
2024-03-29,CA63306AHU30,National Bank of Canada,NA,Banks,senior_bail_in,4.97,2026-12-07,2026-12-07,2023-12-07,,100.67,4.697660080281852,,ishares_xcb,evaluated,1705000.0
2024-03-29,CA63306AHX78,National Bank of Canada,NA,Banks,senior_bail_in,4.98,2027-03-18,2026-03-18,2024-03-18,,100.1,4.924544230991334,,ishares_xcb,evaluated,1303000.0
2024-03-29,CA70632ZAF86,Pembina Pipeline,PPL,Pipelines,senior,4.24,2027-06-15,2027-06-15,2015-06-16,,98.72,4.670473270455878,,ishares_xcb,evaluated,2004000.0
2024-03-29,CA70632ZAG69,Pembina Pipeline,PPL,Pipelines,senior,3.71,2026-08-11,2026-08-11,2016-08-11,,97.59,4.796213330719569,,ishares_xcb,evaluated,1994000.0
2024-03-29,CA70632ZAK71,Pembina Pipeline,PPL,Pipelines,senior,4.02,2028-03-27,2028-03-27,2018-03-26,,97.62,4.680041598944581,,ishares_xcb,evaluated,1707000.0
2024-03-29,CA70632ZAM38,Pembina Pipeline,PPL,Pipelines,senior,3.62,2029-04-03,2029-04-03,2019-04-03,,95.3,4.6814142929008655,,ishares_xcb,evaluated,1803000.0
2024-03-29,CA70632ZAQ42,Pembina Pipeline,PPL,Pipelines,senior,3.31,2030-02-01,2030-02-01,2019-09-12,,92.56,4.7839947053536696,,ishares_xcb,evaluated,2255000.0
2024-03-29,CA70632ZAS08,Pembina Pipeline,PPL,Pipelines,senior,3.53,2031-12-10,2031-12-10,2021-12-10,,90.91,4.963675061432003,,ishares_xcb,evaluated,1756000.0
2024-03-29,CA70632ZAV37,Pembina Pipeline,PPL,Pipelines,senior,5.02,2032-01-12,2032-01-12,2024-01-12,,100.14,4.9973519015137535,,ishares_xcb,evaluated,1720000.0
2024-03-29,CA70632ZAW10,Pembina Pipeline,PPL,Pipelines,senior,5.21,2034-01-12,2034-01-12,2024-01-12,,100.24,5.177765127222863,,ishares_xcb,evaluated,1600000.0
2024-03-29,CA775109BJ98,Rogers Communications,RCI,Telecom,senior,3.25,2029-05-01,2029-05-01,2019-04-30,,93.4,4.723989113742421,,ishares_xcb,evaluated,2414000.0
2024-03-29,CA775109BK61,Rogers Communications,RCI,Telecom,senior,3.65,2027-03-31,2027-03-31,2020-03-31,,96.91,4.763789653369706,,ishares_xcb,evaluated,4777000.0
2024-03-29,CA775109BT70,Rogers Communications,RCI,Telecom,senior,3.75,2029-04-15,2029-04-15,2022-03-11,,95.66,4.725226953079423,,ishares_xcb,evaluated,3261000.0
2024-03-29,CA775109BV27,Rogers Communications,RCI,Telecom,senior,4.25,2032-04-15,2032-04-15,2022-03-11,,95.28,4.9676407449798266,,ishares_xcb,evaluated,3092000.0
2024-03-29,CA775109CM19,Rogers Communications,RCI,Telecom,senior,3.8,2027-03-01,2027-03-01,2023-04-03,,97.42,4.753605761893719,,ishares_xcb,evaluated,1235000.0
2024-03-29,CA775109CP40,Rogers Communications,RCI,Telecom,senior,4.4,2028-11-02,2028-11-02,2023-04-03,,98.72,4.713416613394142,,ishares_xcb,evaluated,1908000.0
2024-03-29,CA775109CQ23,Rogers Communications,RCI,Telecom,senior,3.3,2029-12-10,2029-12-10,2019-12-09,,92.84,4.747134614131525,,ishares_xcb,evaluated,1784000.0
2024-03-29,CA775109CS88,Rogers Communications,RCI,Telecom,senior,2.9,2030-12-09,2030-12-09,2020-04-22,,89.05,4.8322916345081754,,ishares_xcb,evaluated,1771000.0
2024-03-29,CA775109CU35,Rogers Communications,RCI,Telecom,senior,5.65,2026-09-21,2026-09-21,2023-09-21,,101.96,4.800662546846881,,ishares_xcb,evaluated,1750000.0
2024-03-29,CA775109CV18,Rogers Communications,RCI,Telecom,senior,5.7,2028-09-21,2028-09-21,2023-09-21,,103.88,4.7278735877987605,,ishares_xcb,evaluated,3035000.0
2024-03-29,CA775109CW90,Rogers Communications,RCI,Telecom,senior,5.8,2030-09-21,2030-09-21,2023-09-21,,105.24,4.847369958518664,,ishares_xcb,evaluated,1405000.0
2024-03-29,CA775109DA61,Rogers Communications,RCI,Telecom,senior,5.9,2033-09-21,2033-09-21,2023-09-21,,106.22,5.065210286444672,,ishares_xcb,evaluated,2630000.0
2024-03-29,CA780086RQ98,Royal Bank of Canada,RY,Banks,senior_bail_in,2.33,2027-01-28,2027-01-28,2020-01-28,,94.18,4.542310973733043,,ishares_xcb,evaluated,7446000.0
2024-03-29,CA780086TM66,Royal Bank of Canada,RY,Banks,senior_bail_in,1.59,2026-05-04,2026-05-04,2021-05-04,,94.25,4.491485927087248,,ishares_xcb,evaluated,3233000.0
2024-03-29,CA780086TY05,Royal Bank of Canada,RY,Banks,senior_bail_in,1.83,2028-07-31,2028-07-31,2021-07-29,,90.65,4.209013145082164,,ishares_xcb,evaluated,3360000.0
2024-03-29,CA780086U931,Royal Bank of Canada,RY,Banks,senior_bail_in,4.26,2026-12-21,2026-12-21,2023-12-21,,99.63,4.401844061827738,,ishares_xcb,evaluated,5830000.0
2024-03-29,CA780086VK72,Royal Bank of Canada,RY,Banks,senior_bail_in,4.61,2027-07-26,2027-07-26,2022-07-25,,100.21,4.540080674009399,,ishares_xcb,evaluated,6367000.0
2024-03-29,CA780086VV38,Royal Bank of Canada,RY,Banks,senior_bail_in,5.24,2026-11-02,2026-11-02,2022-10-28,,101.46,4.63653960657744,,ishares_xcb,evaluated,5508000.0
2024-03-29,CA780086WG51,Royal Bank of Canada,RY,Banks,senior_bail_in,4.64,2028-01-17,2028-01-17,2023-01-17,,100.42,4.517476584548508,,ishares_xcb,evaluated,5641000.0
2024-03-29,CA780086XL38,Royal Bank of Canada,RY,Banks,senior_bail_in,4.63,2028-05-01,2028-05-01,2023-04-20,,100.42,4.5167622359699955,,ishares_xcb,evaluated,6530000.0
2024-03-29,CA780086ZE76,Royal Bank of Canada,RY,Banks,senior_bail_in,5.34,2026-06-23,2026-06-23,2023-06-23,,101.29,4.719511922693549,,ishares_xcb,evaluated,4020000.0
2024-03-29,CA780086ZH08,Royal Bank of Canada,RY,Banks,senior_bail_in,5.23,2030-06-24,2030-06-24,2023-06-23,,103.57,4.563819767125933,,ishares_xcb,evaluated,3688000.0
2024-03-29,CA87971MBG74,TELUS,TU,Telecom,senior,3.63,2028-03-01,2028-03-01,2018-03-01,,96.53,4.605357897122706,,ishares_xcb,evaluated,1399000.0
2024-03-29,CA87971MBJ14,TELUS,TU,Telecom,senior,3.3,2029-05-02,2029-05-02,2019-04-03,,94.06,4.622425433496897,,ishares_xcb,evaluated,3199000.0
2024-03-29,CA87971MBL69,TELUS,TU,Telecom,senior,2.75,2026-07-08,2026-07-08,2019-07-02,,95.8,4.715515878967532,,ishares_xcb,evaluated,2640000.0
2024-03-29,CA87971MBN26,TELUS,TU,Telecom,senior,3.15,2030-02-19,2030-02-19,2019-12-16,,91.97,4.726757167735913,,ishares_xcb,evaluated,1997000.0
2024-03-29,CA87971MBQ56,TELUS,TU,Telecom,senior,2.35,2028-01-27,2028-01-27,2020-05-29,,92.28,4.569716716802489,,ishares_xcb,evaluated,2144000.0
2024-03-29,CA87971MBS13,TELUS,TU,Telecom,senior,2.05,2030-10-07,2030-10-07,2020-10-05,,85.3,4.690893083698837,,ishares_xcb,evaluated,1404000.0
2024-03-29,CA87971MBV42,TELUS,TU,Telecom,senior,2.85,2031-11-13,2031-11-13,2021-06-28,,87.36,4.85338325558733,,ishares_xcb,evaluated,2500000.0
2024-03-29,CA87971MBX08,TELUS,TU,Telecom,senior,5.25,2032-11-15,2032-11-15,2022-09-13,,102.21,4.932319776151572,,ishares_xcb,evaluated,2946000.0
2024-03-29,CA87971MBZ55,TELUS,TU,Telecom,senior,5.0,2029-09-13,2029-09-13,2022-09-13,,101.55,4.674031427213507,,ishares_xcb,evaluated,1339000.0
2024-03-29,CA87971MCA95,TELUS,TU,Telecom,senior,4.95,2033-03-28,2033-03-28,2023-03-28,,99.91,4.962485246244484,,ishares_xcb,evaluated,1388000.0
2024-03-29,CA87971MCB78,TELUS,TU,Telecom,senior,5.6,2030-09-09,2030-09-09,2023-09-08,,104.35,4.806149781800811,,ishares_xcb,evaluated,1655000.0
2024-03-29,CA87971MCC51,TELUS,TU,Telecom,senior,5.75,2033-09-08,2033-09-08,2023-09-08,,105.64,4.992778181659176,,ishares_xcb,evaluated,3090000.0
2024-03-29,CA87971MCE18,TELUS,TU,Telecom,senior,4.8,2028-12-15,2028-12-15,2024-02-15,,100.68,4.635223902548858,,ishares_xcb,evaluated,1556000.0
2024-03-29,CA87971MCF82,TELUS,TU,Telecom,senior,4.95,2031-02-18,2031-02-18,2024-02-15,,100.86,4.801314353686692,,ishares_xcb,evaluated,1888000.0
2024-03-29,CA87971MCG65,TELUS,TU,Telecom,senior,5.1,2034-02-15,2034-02-15,2024-02-15,,100.77,4.999780784583681,,ishares_xcb,evaluated,885000.0
2024-03-29,CA89116CDM60,Toronto-Dominion Bank,TD,Banks,senior_bail_in,4.23,2029-04-02,2029-04-02,2024-03-20,,100.12,4.201821563473832,,ishares_xcb,evaluated,3070000.0
2024-03-29,CA89117F7G86,Toronto-Dominion Bank,TD,Banks,senior_bail_in,4.21,2027-06-01,2027-06-01,2022-06-01,,98.96,4.562456102944322,,ishares_xcb,evaluated,8165000.0
2024-03-29,CA89117F7H69,Toronto-Dominion Bank,TD,Banks,senior_bail_in,5.38,2027-10-21,2027-10-21,2022-10-21,,102.67,4.556629880071269,,ishares_xcb,evaluated,6605000.0
2024-03-29,CA89117FA338,Toronto-Dominion Bank,TD,Banks,senior_bail_in,1.89,2028-03-08,2028-03-08,2021-03-08,,91.4,4.283164443562377,,ishares_xcb,evaluated,4865000.0
2024-03-29,CA89117FJ347,Toronto-Dominion Bank,TD,Banks,senior_bail_in,1.9,2028-09-11,2028-09-11,2021-09-10,,90.59,4.2418105086679,,ishares_xcb,evaluated,4255000.0
2024-03-29,CA89117FZ442,Toronto-Dominion Bank,TD,Banks,senior_bail_in,2.26,2027-01-07,2027-01-07,2022-01-07,,94.05,4.566760390174313,,ishares_xcb,evaluated,6887000.0
2024-03-29,CA89117G8T70,Toronto-Dominion Bank,TD,Banks,senior_bail_in,4.52,2027-01-29,2027-01-29,2024-01-29,,100.32,4.397432750546255,,ishares_xcb,evaluated,3635000.0
2024-03-29,CA89117GK301,Toronto-Dominion Bank,TD,Banks,senior_bail_in,5.42,2026-07-10,2026-07-10,2023-07-10,,101.47,4.730995206056112,,ishares_xcb,evaluated,4590000.0
2024-03-29,CA89117GRJ80,Toronto-Dominion Bank,TD,Banks,senior_bail_in,4.68,2029-01-08,2029-01-08,2022-12-07,,100.63,4.531010821336478,,ishares_xcb,evaluated,7845000.0
2024-03-29,CA89117GTQ06,Toronto-Dominion Bank,TD,Banks,senior_bail_in,4.48,2028-01-18,2028-01-18,2023-01-18,,99.81,4.533895172554884,,ishares_xcb,evaluated,6171000.0
2024-03-29,CA89117GX510,Toronto-Dominion Bank,TD,Banks,senior_bail_in,5.49,2028-09-08,2028-09-08,2023-09-08,,103.83,4.52724435176422,,ishares_xcb,evaluated,4310000.0
2024-03-29,CA89353ZBA53,TransCanada PipeLines,TRP,Pipelines,senior,6.89,2028-08-07,2028-08-07,1997-07-30,,106.29,5.255278896811568,,ishares_xcb,evaluated,712000.0
2024-03-29,CA89353ZBE75,TransCanada PipeLines,TRP,Pipelines,senior,6.28,2028-05-26,2028-05-26,1998-05-26,,103.72,5.271489926908876,,ishares_xcb,evaluated,803000.0
2024-03-29,CA89353ZBK36,TransCanada PipeLines,TRP,Pipelines,senior,6.5,2030-12-09,2030-12-09,1998-12-07,,105.18,5.560080929839689,,ishares_xcb,evaluated,775000.0
2024-03-29,CA89353ZCA45,TransCanada PipeLines,TRP,Pipelines,senior,3.39,2028-03-15,2028-03-15,2017-09-15,,95.56,4.62876381951666,,ishares_xcb,evaluated,1772000.0
2024-03-29,CA89353ZCE66,TransCanada PipeLines,TRP,Pipelines,senior,3.0,2029-09-18,2029-09-18,2019-09-18,,92.23,4.6235511733540005,,ishares_xcb,evaluated,2478000.0
2024-03-29,CA89353ZCF32,TransCanada PipeLines,TRP,Pipelines,senior,3.8,2027-04-05,2027-04-05,2020-04-03,,97.6,4.659276132125992,,ishares_xcb,evaluated,6793000.0
2024-03-29,CA89353ZCH97,TransCanada PipeLines,TRP,Pipelines,senior,2.97,2031-06-09,2031-06-09,2021-06-09,,88.57,4.8707647133744185,,ishares_xcb,evaluated,2163000.0
2024-03-29,CA89353ZCJ53,TransCanada PipeLines,TRP,Pipelines,senior,4.35,2026-05-12,2026-05-12,2022-05-12,,99.2,4.750897778020788,,ishares_xcb,evaluated,1204000.0
2024-03-29,CA89353ZCK27,TransCanada PipeLines,TRP,Pipelines,senior,5.33,2032-05-12,2032-05-12,2022-05-12,,102.12,5.0089695979003706,,ishares_xcb,evaluated,2358000.0
2024-03-29,CA89353ZCN65,TransCanada PipeLines,TRP,Pipelines,senior,5.28,2030-07-15,2030-07-15,2023-03-10,,102.62,4.792196849698351,,ishares_xcb,evaluated,4060000.0
2024-04-30,CA06368D3U60,Bank of Montreal,BMO,Banks,senior_bail_in,4.31,2027-06-01,2027-06-01,2022-06-01,,98.23,4.932012788894075,,ishares_xcb,evaluated,8087000.0
2024-04-30,CA06368DTH75,Bank of Montreal,BMO,Banks,senior_bail_in,1.55,2026-05-28,2026-05-28,2021-05-28,,93.66,4.793792873299858,,ishares_xcb,evaluated,4252000.0
2024-04-30,CA06368DW260,Bank of Montreal,BMO,Banks,senior_bail_in,3.65,2027-04-01,2027-04-01,2022-04-01,,96.56,4.92759332000971,,ishares_xcb,evaluated,6014000.0
2024-04-30,CA06368LB887,Bank of Montreal,BMO,Banks,senior_bail_in,4.54,2028-12-18,2028-12-18,2023-12-18,,98.45,4.915679600890594,,ishares_xcb,evaluated,4625000.0
2024-04-30,CA06368LEY89,Bank of Montreal,BMO,Banks,senior_bail_in,4.71,2027-12-07,2027-12-07,2022-12-07,,99.37,4.899826612019871,,ishares_xcb,evaluated,8031000.0
2024-04-30,CA06368LNK84,Bank of Montreal,BMO,Banks,senior_bail_in,5.04,2028-05-29,2028-05-29,2023-05-29,,100.5,4.903747774101199,,ishares_xcb,evaluated,5560000.0
2024-04-30,CA06415E4E25,Bank of Nova Scotia,BNS,Banks,senior_bail_in,1.4,2027-11-01,2027-11-01,2020-10-15,,89.63,4.642505676289478,,ishares_xcb,evaluated,4417000.0
2024-04-30,CA06415FFT45,Bank of Nova Scotia,BNS,Banks,senior_bail_in,1.85,2026-11-02,2026-11-02,2021-10-08,,92.91,4.892201756334911,,ishares_xcb,evaluated,6990000.0
2024-04-30,CA06415GDE76,Bank of Nova Scotia,BNS,Banks,senior_bail_in,2.95,2027-03-08,2027-03-08,2022-03-07,,94.8,4.92124582361691,,ishares_xcb,evaluated,10520000.0
2024-04-30,CA06415GH297,Bank of Nova Scotia,BNS,Banks,senior_bail_in,5.5,2026-05-08,2026-05-08,2022-11-09,,100.89,5.034573037885936,,ishares_xcb,evaluated,3818000.0
2024-04-30,CA064164QM14,Bank of Nova Scotia,BNS,Banks,senior_bail_in,4.68,2029-02-01,2029-02-01,2024-02-01,,98.96,4.927036498926245,,ishares_xcb,evaluated,5945000.0
2024-04-30,CA07813ZAC82,Bell Canada,BCE,Telecom,senior,6.55,2029-05-01,2029-05-01,1999-07-19,,105.58,5.268622541477234,,ishares_xcb,evaluated,572000.0
2024-04-30,CA07813ZAL81,Bell Canada,BCE,Telecom,senior,7.85,2031-04-02,2031-04-02,2001-04-02,,113.19,5.529596565146781,,ishares_xcb,evaluated,875000.0
2024-04-30,CA07813ZAP95,Bell Canada,BCE,Telecom,senior,7.3,2032-02-23,2032-02-23,2002-02-22,,111.11,5.528849639694529,,ishares_xcb,evaluated,1231000.0
2024-04-30,CA07813ZAT18,Bell Canada,BCE,Telecom,senior,6.1,2035-03-16,2035-03-16,2004-03-16,,104.81,5.504708836845339,,ishares_xcb,evaluated,1406000.0
2024-04-30,CA07813ZBV54,Bell Canada,BCE,Telecom,senior,2.9,2026-08-12,2026-08-12,2016-08-12,,95.62,4.949030852503196,,ishares_xcb,evaluated,2223000.0
2024-04-30,CA07813ZCC64,Bell Canada,BCE,Telecom,senior,2.9,2029-09-10,2029-09-10,2019-09-10,,90.52,4.932402811393702,,ishares_xcb,evaluated,1831000.0
2024-04-30,CA07813ZCE21,Bell Canada,BCE,Telecom,senior,2.5,2030-05-14,2030-05-14,2020-05-14,,87.09,5.004052323840554,,ishares_xcb,evaluated,3117000.0
2024-04-30,CA07813ZCF95,Bell Canada,BCE,Telecom,senior,1.65,2027-08-16,2027-08-16,2020-08-14,,90.95,4.6417849127442095,,ishares_xcb,evaluated,2372000.0
2024-04-30,CA07813ZCG78,Bell Canada,BCE,Telecom,senior,3.0,2031-03-17,2031-03-17,2021-03-17,,87.97,5.093507679617841,,ishares_xcb,evaluated,3134000.0
2024-04-30,CA07813ZCJ18,Bell Canada,BCE,Telecom,senior,2.2,2028-05-29,2028-05-29,2021-05-28,,90.44,4.808886668681049,,ishares_xcb,evaluated,798000.0
2024-04-30,CA07813ZCK80,Bell Canada,BCE,Telecom,senior,5.85,2032-11-10,2032-11-10,2022-11-10,,104.02,5.259736814510483,,ishares_xcb,evaluated,4015000.0
2024-04-30,CA07813ZCL63,Bell Canada,BCE,Telecom,senior,4.55,2030-02-09,2030-02-09,2023-02-09,,97.72,5.008530039599288,,ishares_xcb,evaluated,3285000.0
2024-04-30,CA07813ZCQ50,Bell Canada,BCE,Telecom,senior,5.25,2029-03-15,2029-03-15,2023-11-14,,101.17,4.974100205582802,,ishares_xcb,evaluated,1885000.0
2024-04-30,CA11291ZAE75,Brookfield Infrastructure Finance,BIP,Utilities,senior,4.19,2028-09-11,2028-09-11,2018-09-10,,96.67,5.047166947896907,,ishares_xcb,evaluated,1916000.0
2024-04-30,CA11291ZAF41,Brookfield Infrastructure Finance,BIP,Utilities,senior,3.41,2029-10-09,2029-10-09,2019-10-03,,92.1,5.089511406073321,,ishares_xcb,evaluated,2306000.0
2024-04-30,CA11291ZAG24,Brookfield Infrastructure Finance,BIP,Utilities,senior,2.86,2032-09-01,2032-09-01,2020-09-01,,83.01,5.418579600203184,,ishares_xcb,evaluated,1155000.0
2024-04-30,CA11291ZAH07,Brookfield Infrastructure Finance,BIP,Utilities,senior,5.44,2034-04-25,2034-04-25,2022-04-25,,99.11,5.557171717479838,,ishares_xcb,evaluated,980000.0
2024-04-30,CA11291ZAK36,Brookfield Infrastructure Finance,BIP,Utilities,senior,5.62,2027-11-14,2027-11-14,2022-11-14,,101.89,5.031677607983095,,ishares_xcb,evaluated,1490000.0
2024-04-30,CA11291ZAL19,Brookfield Infrastructure Finance,BIP,Utilities,senior,5.98,2033-02-14,2033-02-14,2022-11-14,,103.06,5.534757381468782,,ishares_xcb,evaluated,1029000.0
2024-04-30,CA11291ZAM91,Brookfield Infrastructure Finance,BIP,Utilities,senior,5.71,2030-07-27,2030-07-27,2023-07-27,,102.49,5.236201734856592,,ishares_xcb,evaluated,1500000.0
2024-04-30,CA13607H5C22,Canadian Imperial Bank of Commerce,CM,Banks,senior_bail_in,5.05,2027-10-07,2027-10-07,2022-10-07,,100.34,4.939874287470922,,ishares_xcb,evaluated,5370000.0
2024-04-30,CA13607HC349,Canadian Imperial Bank of Commerce,CM,Banks,senior_bail_in,2.25,2027-01-07,2027-01-07,2022-01-07,,93.33,4.930473123457737,,ishares_xcb,evaluated,4471000.0
2024-04-30,CA13607HV661,Canadian Imperial Bank of Commerce,CM,Banks,senior_bail_in,4.95,2027-06-29,2027-06-29,2022-06-29,,100.01,4.942671163782068,,ishares_xcb,evaluated,5429000.0
2024-04-30,CA13607HVV19,Canadian Imperial Bank of Commerce,CM,Banks,senior_bail_in,1.7,2026-07-15,2026-07-15,2021-07-15,,93.66,4.757247807322369,,ishares_xcb,evaluated,2827000.0
2024-04-30,CA13607L3Y79,Canadian Imperial Bank of Commerce,CM,Banks,senior_bail_in,4.9,2027-04-02,2026-04-02,2024-04-02,,99.52,5.162547341139366,,ishares_xcb,evaluated,3600000.0
2024-04-30,CA13607LPY34,Canadian Imperial Bank of Commerce,CM,Banks,senior_bail_in,5.5,2028-01-14,2028-01-14,2023-07-14,,101.85,4.946423652819846,,ishares_xcb,evaluated,3705000.0
2024-04-30,CA13607LSJ30,Canadian Imperial Bank of Commerce,CM,Banks,senior_bail_in,5.0,2026-12-07,2026-12-07,2023-12-07,,100.06,4.970804712935925,,ishares_xcb,evaluated,3920000.0
2024-04-30,CA29251ZAD92,Enbridge Inc,ENB,Pipelines,senior,7.22,2030-07-24,2030-07-24,2000-07-24,,106.59,5.938133121679892,,ishares_xcb,evaluated,806000.0
2024-04-30,CA29251ZAK36,Enbridge Inc,ENB,Pipelines,senior,7.2,2032-06-18,2032-06-18,2001-06-18,,106.95,6.100569536613,,ishares_xcb,evaluated,930000.0
2024-04-30,CA29251ZAQ06,Enbridge Inc,ENB,Pipelines,senior,5.57,2035-11-14,2035-11-14,2005-11-14,,99.37,5.645551347262483,,ishares_xcb,evaluated,394000.0
2024-04-30,CA29251ZBK27,Enbridge Inc,ENB,Pipelines,senior,3.2,2027-06-08,2027-06-08,2017-06-08,,95.1,4.917779961047029,,ishares_xcb,evaluated,4287000.0
2024-04-30,CA29251ZBS52,Enbridge Inc,ENB,Pipelines,senior,2.99,2029-10-03,2029-10-03,2019-10-03,,90.9,4.920697619026456,,ishares_xcb,evaluated,2207000.0
2024-04-30,CA29251ZBU09,Enbridge Inc,ENB,Pipelines,senior,3.1,2033-09-21,2033-09-21,2021-09-21,,83.74,5.321534056341866,,ishares_xcb,evaluated,2917000.0
2024-04-30,CA29251ZBW64,Enbridge Inc,ENB,Pipelines,senior,6.1,2032-11-09,2032-11-09,2022-11-09,,105.26,5.325209266010835,,ishares_xcb,evaluated,2390000.0
2024-04-30,CA29251ZBY21,Enbridge Inc,ENB,Pipelines,senior,5.7,2027-11-09,2027-11-09,2022-11-09,,102.29,4.98531195766695,,ishares_xcb,evaluated,1801000.0
2024-04-30,CA29251ZBZ95,Enbridge Inc,ENB,Pipelines,senior,5.36,2033-05-26,2033-05-26,2023-05-26,,100.23,5.327973135763651,,ishares_xcb,evaluated,1415000.0
2024-04-30,CA29251ZCA36,Enbridge Inc,ENB,Pipelines,senior,4.9,2028-05-26,2028-05-26,2023-05-26,,99.85,4.941695064392693,,ishares_xcb,evaluated,1540000.0
2024-04-30,CA349553AP21,Fortis Inc,FTS,Utilities,senior,2.18,2028-05-15,2028-05-15,2021-05-14,,91.13,4.611379076948573,,ishares_xcb,evaluated,1663000.0
2024-04-30,CA349553AQ04,Fortis Inc,FTS,Utilities,senior,4.43,2029-05-31,2029-05-31,2022-05-31,,98.51,4.761446186013339,,ishares_xcb,evaluated,1623000.0
2024-04-30,CA349553AR86,Fortis Inc,FTS,Utilities,senior,5.68,2033-11-08,2033-11-08,2023-11-08,,103.9,5.157294364976494,,ishares_xcb,evaluated,1205000.0
2024-04-30,CA44810ZAB63,Hydro One Inc,H,Utilities,senior,6.93,2032-06-01,2032-06-01,2001-06-22,,113.17,4.933291675264783,,ishares_xcb,evaluated,1012000.0
2024-04-30,CA44810ZAD20,Hydro One Inc,H,Utilities,senior,6.35,2034-01-31,2034-01-31,2003-01-31,,110.4,4.989511586585385,,ishares_xcb,evaluated,1224000.0
2024-04-30,CA44810ZBZ23,Hydro One Inc,H,Utilities,senior,3.02,2029-04-05,2029-04-05,2019-04-05,,93.47,4.511066642362094,,ishares_xcb,evaluated,1703000.0
2024-04-30,CA44810ZCC29,Hydro One Inc,H,Utilities,senior,2.16,2030-02-28,2030-02-28,2020-02-28,,87.73,4.5818827395381705,,ishares_xcb,evaluated,1286000.0
2024-04-30,CA44810ZCF59,Hydro One Inc,H,Utilities,senior,1.69,2031-01-16,2031-01-16,2020-10-09,,83.6,4.553230807843085,,ishares_xcb,evaluated,1330000.0
2024-04-30,CA44810ZCG33,Hydro One Inc,H,Utilities,senior,2.23,2031-09-17,2031-09-17,2021-09-17,,85.11,4.634500738261052,,ishares_xcb,evaluated,1743000.0
2024-04-30,CA44810ZCJ71,Hydro One Inc,H,Utilities,senior,4.91,2028-01-27,2028-01-27,2022-10-27,,100.91,4.6412190662183495,,ishares_xcb,evaluated,1494000.0
2024-04-30,CA44810ZCK45,Hydro One Inc,H,Utilities,senior,3.93,2029-11-30,2029-11-30,2023-01-27,,97.0,4.544800970683252,,ishares_xcb,evaluated,1282000.0
2024-04-30,CA44810ZCL28,Hydro One Inc,H,Utilities,senior,4.16,2033-01-27,2033-01-27,2023-01-27,,95.74,4.76098787476753,,ishares_xcb,evaluated,1470000.0
2024-04-30,CA44810ZCR97,Hydro One Inc,H,Utilities,senior,4.39,2034-03-01,2034-03-01,2024-01-12,,96.42,4.850445195653252,,ishares_xcb,evaluated,770000.0
2024-04-30,CA448810AC58,Hydro One Inc,H,Utilities,senior,7.35,2030-06-03,2030-06-03,2000-06-01,,112.8,4.892285981002251,,ishares_xcb,evaluated,1363000.0
2024-04-30,CA63306AGJ93,National Bank of Canada,NA,Banks,senior_bail_in,1.57,2026-08-18,2026-08-18,2020-07-15,,95.54,3.6058267066769867,,ishares_xcb,evaluated,1553000.0
2024-04-30,CA63306AGT75,National Bank of Canada,NA,Banks,senior_bail_in,1.53,2026-06-15,2026-06-15,2021-06-15,,93.47,4.796228107374188,,ishares_xcb,evaluated,2485000.0
2024-04-30,CA63306AHB58,National Bank of Canada,NA,Banks,senior_bail_in,2.24,2026-11-04,2026-11-04,2021-11-04,,93.74,4.92194412472266,,ishares_xcb,evaluated,3498000.0
2024-04-30,CA63306AHP45,National Bank of Canada,NA,Banks,senior_bail_in,5.22,2028-06-14,2028-06-14,2023-06-14,,101.05,4.932376610187671,,ishares_xcb,evaluated,5165000.0
2024-04-30,CA63306AHT66,National Bank of Canada,NA,Banks,senior_bail_in,5.02,2029-02-01,2029-02-01,2023-12-07,,100.3,4.9474039560929155,,ishares_xcb,evaluated,4745000.0
2024-04-30,CA63306AHU30,National Bank of Canada,NA,Banks,senior_bail_in,4.97,2026-12-07,2026-12-07,2023-12-07,,99.99,4.969824270579502,,ishares_xcb,evaluated,1045000.0
2024-04-30,CA63306AHX78,National Bank of Canada,NA,Banks,senior_bail_in,4.98,2027-03-18,2026-03-18,2024-03-18,,99.68,5.154597114118056,,ishares_xcb,evaluated,1313000.0
2024-04-30,CA70632ZAF86,Pembina Pipeline,PPL,Pipelines,senior,4.24,2027-06-15,2027-06-15,2015-06-16,,97.96,4.9492423338407905,,ishares_xcb,evaluated,2054000.0
2024-04-30,CA70632ZAG69,Pembina Pipeline,PPL,Pipelines,senior,3.71,2026-08-11,2026-08-11,2016-08-11,,97.21,5.017054434315887,,ishares_xcb,evaluated,1994000.0
2024-04-30,CA70632ZAK71,Pembina Pipeline,PPL,Pipelines,senior,4.02,2028-03-27,2028-03-27,2018-03-26,,96.71,4.954510479606937,,ishares_xcb,evaluated,1757000.0
2024-04-30,CA70632ZAM38,Pembina Pipeline,PPL,Pipelines,senior,3.62,2029-04-03,2029-04-03,2019-04-03,,94.17,4.967929787365565,,ishares_xcb,evaluated,1803000.0
2024-04-30,CA70632ZAQ42,Pembina Pipeline,PPL,Pipelines,senior,3.31,2030-02-01,2030-02-01,2019-09-12,,91.42,5.045674221356078,,ishares_xcb,evaluated,1295000.0
2024-04-30,CA70632ZAS08,Pembina Pipeline,PPL,Pipelines,senior,3.53,2031-12-10,2031-12-10,2021-12-10,,89.24,5.2625575085156955,,ishares_xcb,evaluated,1696000.0
2024-04-30,CA70632ZAV37,Pembina Pipeline,PPL,Pipelines,senior,5.02,2032-01-12,2032-01-12,2024-01-12,,98.24,5.300737482719789,,ishares_xcb,evaluated,1800000.0
2024-04-30,CA70632ZAW10,Pembina Pipeline,PPL,Pipelines,senior,5.21,2034-01-12,2034-01-12,2024-01-12,,98.26,5.442690825446138,,ishares_xcb,evaluated,1700000.0
2024-04-30,CA775109BJ98,Rogers Communications,RCI,Telecom,senior,3.25,2029-05-01,2029-05-01,2019-04-30,,92.17,5.041323849353689,,ishares_xcb,evaluated,2414000.0
2024-04-30,CA775109BK61,Rogers Communications,RCI,Telecom,senior,3.65,2027-03-31,2027-03-31,2020-03-31,,96.22,5.058159411747713,,ishares_xcb,evaluated,4777000.0
2024-04-30,CA775109BT70,Rogers Communications,RCI,Telecom,senior,3.75,2029-04-15,2029-04-15,2022-03-11,,94.41,5.037457439545139,,ishares_xcb,evaluated,3341000.0
2024-04-30,CA775109BV27,Rogers Communications,RCI,Telecom,senior,4.25,2032-04-15,2032-04-15,2022-03-11,,93.25,5.300141491650758,,ishares_xcb,evaluated,3127000.0
2024-04-30,CA775109CM19,Rogers Communications,RCI,Telecom,senior,3.8,2027-03-01,2027-03-01,2023-04-03,,96.75,5.03985820953769,,ishares_xcb,evaluated,515000.0
2024-04-30,CA775109CP40,Rogers Communications,RCI,Telecom,senior,4.4,2028-11-02,2028-11-02,2023-04-03,,97.5,5.0284425863412645,,ishares_xcb,evaluated,1908000.0
2024-04-30,CA775109CQ23,Rogers Communications,RCI,Telecom,senior,3.3,2029-12-10,2029-12-10,2019-12-09,,91.4,5.07895543925027,,ishares_xcb,evaluated,1784000.0
2024-04-30,CA775109CS88,Rogers Communications,RCI,Telecom,senior,2.9,2030-12-09,2030-12-09,2020-04-22,,87.48,5.1585035118996965,,ishares_xcb,evaluated,1771000.0
2024-04-30,CA775109CU35,Rogers Communications,RCI,Telecom,senior,5.65,2026-09-21,2026-09-21,2023-09-21,,101.21,5.101109937285405,,ishares_xcb,evaluated,1750000.0
2024-04-30,CA775109CV18,Rogers Communications,RCI,Telecom,senior,5.7,2028-09-21,2028-09-21,2023-09-21,,102.56,5.0400020344590555,,ishares_xcb,evaluated,2560000.0
2024-04-30,CA775109CW90,Rogers Communications,RCI,Telecom,senior,5.8,2030-09-21,2030-09-21,2023-09-21,,103.36,5.173745016154179,,ishares_xcb,evaluated,1405000.0
2024-04-30,CA775109DA61,Rogers Communications,RCI,Telecom,senior,5.9,2033-09-21,2033-09-21,2023-09-21,,103.78,5.380372287122462,,ishares_xcb,evaluated,2680000.0
2024-04-30,CA780086RQ98,Royal Bank of Canada,RY,Banks,senior_bail_in,2.33,2027-01-28,2027-01-28,2020-01-28,,93.57,4.860167576164174,,ishares_xcb,evaluated,6346000.0
2024-04-30,CA780086TM66,Royal Bank of Canada,RY,Banks,senior_bail_in,1.59,2026-05-04,2026-05-04,2021-05-04,,94.01,4.749359909086152,,ishares_xcb,evaluated,3233000.0
2024-04-30,CA780086TY05,Royal Bank of Canada,RY,Banks,senior_bail_in,1.83,2028-07-31,2028-07-31,2021-07-29,,89.46,4.585782736685482,,ishares_xcb,evaluated,2275000.0
2024-04-30,CA780086U931,Royal Bank of Canada,RY,Banks,senior_bail_in,4.26,2026-12-21,2026-12-21,2023-12-21,,98.91,4.699769781209979,,ishares_xcb,evaluated,5930000.0
2024-04-30,CA780086VK72,Royal Bank of Canada,RY,Banks,senior_bail_in,4.61,2027-07-26,2027-07-26,2022-07-25,,99.21,4.875395479868754,,ishares_xcb,evaluated,6417000.0
2024-04-30,CA780086VV38,Royal Bank of Canada,RY,Banks,senior_bail_in,5.24,2026-11-02,2026-11-02,2022-10-28,,100.7,4.94242245300308,,ishares_xcb,evaluated,5458000.0
2024-04-30,CA780086WG51,Royal Bank of Canada,RY,Banks,senior_bail_in,4.64,2028-01-17,2028-01-17,2023-01-17,,99.31,4.844274779806035,,ishares_xcb,evaluated,5796000.0
2024-04-30,CA780086XL38,Royal Bank of Canada,RY,Banks,senior_bail_in,4.63,2028-05-01,2028-05-01,2023-04-20,,99.2,4.854025873273018,,ishares_xcb,evaluated,7715000.0
2024-04-30,CA780086ZE76,Royal Bank of Canada,RY,Banks,senior_bail_in,5.34,2026-06-23,2026-06-23,2023-06-23,,100.72,4.976391410486567,,ishares_xcb,evaluated,4020000.0
2024-04-30,CA780086ZH08,Royal Bank of Canada,RY,Banks,senior_bail_in,5.23,2030-06-24,2030-06-24,2023-06-23,,101.68,4.9080057903733225,,ishares_xcb,evaluated,3688000.0
2024-04-30,CA87971MBG74,TELUS,TU,Telecom,senior,3.63,2028-03-01,2028-03-01,2018-03-01,,95.48,4.934677902949209,,ishares_xcb,evaluated,1444000.0
2024-04-30,CA87971MBJ14,TELUS,TU,Telecom,senior,3.3,2029-05-02,2029-05-02,2019-04-03,,92.77,4.949392516281817,,ishares_xcb,evaluated,3279000.0
2024-04-30,CA87971MBL69,TELUS,TU,Telecom,senior,2.75,2026-07-08,2026-07-08,2019-07-02,,95.41,4.988073762895234,,ishares_xcb,evaluated,2005000.0
2024-04-30,CA87971MBN26,TELUS,TU,Telecom,senior,3.15,2030-02-19,2030-02-19,2019-12-16,,90.64,5.028642833217271,,ishares_xcb,evaluated,1337000.0
2024-04-30,CA87971MBQ56,TELUS,TU,Telecom,senior,2.35,2028-01-27,2028-01-27,2020-05-29,,91.34,4.911248702984476,,ishares_xcb,evaluated,2144000.0
2024-04-30,CA87971MBS13,TELUS,TU,Telecom,senior,2.05,2030-10-07,2030-10-07,2020-10-05,,83.81,5.024585133963301,,ishares_xcb,evaluated,1449000.0
2024-04-30,CA87971MBV42,TELUS,TU,Telecom,senior,2.85,2031-11-13,2031-11-13,2021-06-28,,85.62,5.179506325389613,,ishares_xcb,evaluated,2500000.0
2024-04-30,CA87971MBX08,TELUS,TU,Telecom,senior,5.25,2032-11-15,2032-11-15,2022-09-13,,99.88,5.268216842288343,,ishares_xcb,evaluated,3001000.0
2024-04-30,CA87971MBZ55,TELUS,TU,Telecom,senior,5.0,2029-09-13,2029-09-13,2022-09-13,,100.09,4.978273710490307,,ishares_xcb,evaluated,1339000.0
2024-04-30,CA87971MCA95,TELUS,TU,Telecom,senior,4.95,2033-03-28,2033-03-28,2023-03-28,,97.6,5.2900897659049795,,ishares_xcb,evaluated,1388000.0
2024-04-30,CA87971MCB78,TELUS,TU,Telecom,senior,5.6,2030-09-09,2030-09-09,2023-09-08,,102.47,5.137188163964308,,ishares_xcb,evaluated,1655000.0
2024-04-30,CA87971MCC51,TELUS,TU,Telecom,senior,5.75,2033-09-08,2033-09-08,2023-09-08,,103.03,5.332459542635258,,ishares_xcb,evaluated,3050000.0
2024-04-30,CA87971MCE18,TELUS,TU,Telecom,senior,4.8,2028-12-15,2028-12-15,2024-02-15,,99.31,4.966230635868904,,ishares_xcb,evaluated,1566000.0
2024-04-30,CA87971MCF82,TELUS,TU,Telecom,senior,4.95,2031-02-18,2031-02-18,2024-02-15,,98.87,5.148160970823166,,ishares_xcb,evaluated,1888000.0
2024-04-30,CA87971MCG65,TELUS,TU,Telecom,senior,5.1,2034-02-15,2034-02-15,2024-02-15,,98.08,5.3537614702255985,,ishares_xcb,evaluated,1550000.0
2024-04-30,CA89116CDM60,Toronto-Dominion Bank,TD,Banks,senior_bail_in,4.23,2029-04-02,2029-04-02,2024-03-20,,98.69,4.528922571918195,,ishares_xcb,evaluated,3070000.0
2024-04-30,CA89117F7G86,Toronto-Dominion Bank,TD,Banks,senior_bail_in,4.21,2027-06-01,2027-06-01,2022-06-01,,98.08,4.88451935238293,,ishares_xcb,evaluated,8365000.0
2024-04-30,CA89117F7H69,Toronto-Dominion Bank,TD,Banks,senior_bail_in,5.38,2027-10-21,2027-10-21,2022-10-21,,101.58,4.879636075942487,,ishares_xcb,evaluated,6505000.0
2024-04-30,CA89117FA338,Toronto-Dominion Bank,TD,Banks,senior_bail_in,1.89,2028-03-08,2028-03-08,2021-03-08,,90.45,4.621033830037001,,ishares_xcb,evaluated,4915000.0
2024-04-30,CA89117FJ347,Toronto-Dominion Bank,TD,Banks,senior_bail_in,1.9,2028-09-11,2028-09-11,2021-09-10,,89.33,4.62707706583821,,ishares_xcb,evaluated,3055000.0
2024-04-30,CA89117FZ442,Toronto-Dominion Bank,TD,Banks,senior_bail_in,2.26,2027-01-07,2027-01-07,2022-01-07,,93.49,4.873914271341035,,ishares_xcb,evaluated,6987000.0
2024-04-30,CA89117G8T70,Toronto-Dominion Bank,TD,Banks,senior_bail_in,4.52,2027-01-29,2027-01-29,2024-01-29,,99.53,4.703023252296735,,ishares_xcb,evaluated,3645000.0
2024-04-30,CA89117GK301,Toronto-Dominion Bank,TD,Banks,senior_bail_in,5.42,2026-07-10,2026-07-10,2023-07-10,,100.89,4.985264305712513,,ishares_xcb,evaluated,4720000.0
2024-04-30,CA89117GRJ80,Toronto-Dominion Bank,TD,Banks,senior_bail_in,4.68,2029-01-08,2029-01-08,2022-12-07,,99.21,4.8698213147887675,,ishares_xcb,evaluated,7845000.0
2024-04-30,CA89117GTQ06,Toronto-Dominion Bank,TD,Banks,senior_bail_in,4.48,2028-01-18,2028-01-18,2023-01-18,,98.76,4.847645772474539,,ishares_xcb,evaluated,6171000.0
2024-04-30,CA89117GX510,Toronto-Dominion Bank,TD,Banks,senior_bail_in,5.49,2028-09-08,2028-09-08,2023-09-08,,102.43,4.8608657984961186,,ishares_xcb,evaluated,3400000.0
2024-04-30,CA89353ZBA53,TransCanada PipeLines,TRP,Pipelines,senior,6.89,2028-08-07,2028-08-07,1997-07-30,,105.5,5.428287420339529,,ishares_xcb,evaluated,712000.0
2024-04-30,CA89353ZBE75,TransCanada PipeLines,TRP,Pipelines,senior,6.28,2028-05-26,2028-05-26,1998-05-26,,102.76,5.514486000034577,,ishares_xcb,evaluated,803000.0
2024-04-30,CA89353ZBK36,TransCanada PipeLines,TRP,Pipelines,senior,6.5,2030-12-09,2030-12-09,1998-12-07,,103.61,5.8312138416158295,,ishares_xcb,evaluated,775000.0
2024-04-30,CA89353ZCA45,TransCanada PipeLines,TRP,Pipelines,senior,3.39,2028-03-15,2028-03-15,2017-09-15,,94.83,4.868021718932929,,ishares_xcb,evaluated,1712000.0
2024-04-30,CA89353ZCE66,TransCanada PipeLines,TRP,Pipelines,senior,3.0,2029-09-18,2029-09-18,2019-09-18,,91.1,4.899661486386724,,ishares_xcb,evaluated,2478000.0
2024-04-30,CA89353ZCF32,TransCanada PipeLines,TRP,Pipelines,senior,3.8,2027-04-05,2027-04-05,2020-04-03,,96.92,4.940127115030545,,ishares_xcb,evaluated,6123000.0
2024-04-30,CA89353ZCH97,TransCanada PipeLines,TRP,Pipelines,senior,2.97,2031-06-09,2031-06-09,2021-06-09,,87.23,5.135693738069091,,ishares_xcb,evaluated,2228000.0
2024-04-30,CA89353ZCJ53,TransCanada PipeLines,TRP,Pipelines,senior,4.35,2026-05-12,2026-05-12,2022-05-12,,98.85,4.953659752818273,,ishares_xcb,evaluated,1249000.0
2024-04-30,CA89353ZCK27,TransCanada PipeLines,TRP,Pipelines,senior,5.33,2032-05-12,2032-05-12,2022-05-12,,100.47,5.258234404464797,,ishares_xcb,evaluated,1698000.0
2024-04-30,CA89353ZCN65,TransCanada PipeLines,TRP,Pipelines,senior,5.28,2030-07-15,2030-07-15,2023-03-10,,101.07,5.076193035949915,,ishares_xcb,evaluated,4105000.0
2024-05-31,CA06368D3U60,Bank of Montreal,BMO,Banks,senior_bail_in,4.31,2027-06-01,2027-06-01,2022-06-01,,98.81,4.737660112651797,,ishares_xcb,evaluated,8087000.0
2024-05-31,CA06368DW260,Bank of Montreal,BMO,Banks,senior_bail_in,3.65,2027-04-01,2027-04-01,2022-04-01,,97.18,4.721661357504627,,ishares_xcb,evaluated,6014000.0
2024-05-31,CA06368LB887,Bank of Montreal,BMO,Banks,senior_bail_in,4.54,2028-12-18,2028-12-18,2023-12-18,,99.24,4.725655573449859,,ishares_xcb,evaluated,4725000.0
2024-05-31,CA06368LEY89,Bank of Montreal,BMO,Banks,senior_bail_in,4.71,2027-12-07,2027-12-07,2022-12-07,,100.01,4.704634532825379,,ishares_xcb,evaluated,7831000.0
2024-05-31,CA06368LNK84,Bank of Montreal,BMO,Banks,senior_bail_in,5.04,2028-05-29,2028-05-29,2023-05-29,,101.15,4.720588568405512,,ishares_xcb,evaluated,5560000.0
2024-05-31,CA06415E4E25,Bank of Nova Scotia,BNS,Banks,senior_bail_in,1.4,2027-11-01,2027-11-01,2020-10-15,,90.45,4.4412906785234965,,ishares_xcb,evaluated,4572000.0
2024-05-31,CA06415FFT45,Bank of Nova Scotia,BNS,Banks,senior_bail_in,1.85,2026-11-02,2026-11-02,2021-10-08,,93.54,4.702947393784676,,ishares_xcb,evaluated,6990000.0
2024-05-31,CA06415GDE76,Bank of Nova Scotia,BNS,Banks,senior_bail_in,2.95,2027-03-08,2027-03-08,2022-03-07,,95.46,4.712651191733198,,ishares_xcb,evaluated,10585000.0
2024-05-31,CA064164QM14,Bank of Nova Scotia,BNS,Banks,senior_bail_in,4.68,2029-02-01,2029-02-01,2024-02-01,,99.8,4.7277642127694905,,ishares_xcb,evaluated,5955000.0
2024-05-31,CA07813ZAC82,Bell Canada,BCE,Telecom,senior,6.55,2029-05-01,2029-05-01,1999-07-19,,106.16,5.115236505772171,,ishares_xcb,evaluated,572000.0
2024-05-31,CA07813ZAL81,Bell Canada,BCE,Telecom,senior,7.85,2031-04-02,2031-04-02,2001-04-02,,114.14,5.351187422695823,,ishares_xcb,evaluated,875000.0
2024-05-31,CA07813ZAP95,Bell Canada,BCE,Telecom,senior,7.3,2032-02-23,2032-02-23,2002-02-22,,112.05,5.373569083881168,,ishares_xcb,evaluated,1231000.0
2024-05-31,CA07813ZAT18,Bell Canada,BCE,Telecom,senior,6.1,2035-03-16,2035-03-16,2004-03-16,,106.26,5.327425209989892,,ishares_xcb,evaluated,1431000.0
2024-05-31,CA07813ZBV54,Bell Canada,BCE,Telecom,senior,2.9,2026-08-12,2026-08-12,2016-08-12,,96.12,4.777623283967071,,ishares_xcb,evaluated,2223000.0
2024-05-31,CA07813ZCC64,Bell Canada,BCE,Telecom,senior,2.9,2029-09-10,2029-09-10,2019-09-10,,91.33,4.776025221853913,,ishares_xcb,evaluated,1831000.0
2024-05-31,CA07813ZCE21,Bell Canada,BCE,Telecom,senior,2.5,2030-05-14,2030-05-14,2020-05-14,,88.01,4.841708878176268,,ishares_xcb,evaluated,3117000.0
2024-05-31,CA07813ZCF95,Bell Canada,BCE,Telecom,senior,1.65,2027-08-16,2027-08-16,2020-08-14,,91.67,4.46254715785911,,ishares_xcb,evaluated,2477000.0
2024-05-31,CA07813ZCG78,Bell Canada,BCE,Telecom,senior,3.0,2031-03-17,2031-03-17,2021-03-17,,89.0,4.922355419724704,,ishares_xcb,evaluated,3114000.0
2024-05-31,CA07813ZCJ18,Bell Canada,BCE,Telecom,senior,2.2,2028-05-29,2028-05-29,2021-05-28,,91.15,4.653332823536994,,ishares_xcb,evaluated,873000.0
2024-05-31,CA07813ZCK80,Bell Canada,BCE,Telecom,senior,5.85,2032-11-10,2032-11-10,2022-11-10,,104.9,5.126746328358397,,ishares_xcb,evaluated,4015000.0
2024-05-31,CA07813ZCL63,Bell Canada,BCE,Telecom,senior,4.55,2030-02-09,2030-02-09,2023-02-09,,98.51,4.8521770567532,,ishares_xcb,evaluated,2785000.0
2024-05-31,CA07813ZCQ50,Bell Canada,BCE,Telecom,senior,5.25,2029-03-15,2029-03-15,2023-11-14,,101.78,4.825475174007755,,ishares_xcb,evaluated,1885000.0
2024-05-31,CA07813ZCR34,Bell Canada,BCE,Telecom,senior,5.15,2034-08-24,2034-08-24,2024-05-24,,99.39,5.2271483693898935,,ishares_xcb,evaluated,2920000.0
2024-05-31,CA11291ZAE75,Brookfield Infrastructure Finance,BIP,Utilities,senior,4.19,2028-09-11,2028-09-11,2018-09-10,,97.4,4.866682614274804,,ishares_xcb,evaluated,1936000.0
2024-05-31,CA11291ZAF41,Brookfield Infrastructure Finance,BIP,Utilities,senior,3.41,2029-10-09,2029-10-09,2019-10-03,,92.91,4.93071776898771,,ishares_xcb,evaluated,2196000.0
2024-05-31,CA11291ZAG24,Brookfield Infrastructure Finance,BIP,Utilities,senior,2.86,2032-09-01,2032-09-01,2020-09-01,,84.15,5.249703811304558,,ishares_xcb,evaluated,1180000.0
2024-05-31,CA11291ZAH07,Brookfield Infrastructure Finance,BIP,Utilities,senior,5.44,2034-04-25,2034-04-25,2022-04-25,,100.56,5.365419605515339,,ishares_xcb,evaluated,1010000.0
2024-05-31,CA11291ZAK36,Brookfield Infrastructure Finance,BIP,Utilities,senior,5.62,2027-11-14,2027-11-14,2022-11-14,,102.4,4.85526754970486,,ishares_xcb,evaluated,1490000.0
2024-05-31,CA11291ZAL19,Brookfield Infrastructure Finance,BIP,Utilities,senior,5.98,2033-02-14,2033-02-14,2022-11-14,,104.39,5.3421607164434874,,ishares_xcb,evaluated,1029000.0
2024-05-31,CA11291ZAM91,Brookfield Infrastructure Finance,BIP,Utilities,senior,5.71,2030-07-27,2030-07-27,2023-07-27,,103.19,5.099295725049085,,ishares_xcb,evaluated,1500000.0
2024-05-31,CA13607H5C22,Canadian Imperial Bank of Commerce,CM,Banks,senior_bail_in,5.05,2027-10-07,2027-10-07,2022-10-07,,100.95,4.737523597456742,,ishares_xcb,evaluated,5475000.0
2024-05-31,CA13607HC349,Canadian Imperial Bank of Commerce,CM,Banks,senior_bail_in,2.25,2027-01-07,2027-01-07,2022-01-07,,93.97,4.7411044585780955,,ishares_xcb,evaluated,5056000.0
2024-05-31,CA13607HV661,Canadian Imperial Bank of Commerce,CM,Banks,senior_bail_in,4.95,2027-06-29,2027-06-29,2022-06-29,,100.57,4.745468552860588,,ishares_xcb,evaluated,5429000.0
2024-05-31,CA13607HVV19,Canadian Imperial Bank of Commerce,CM,Banks,senior_bail_in,1.7,2026-07-15,2026-07-15,2021-07-15,,94.22,4.587542762057934,,ishares_xcb,evaluated,2912000.0
2024-05-31,CA13607L3Y79,Canadian Imperial Bank of Commerce,CM,Banks,senior_bail_in,4.9,2027-04-02,2026-04-02,2024-04-02,,99.88,4.964071780940255,,ishares_xcb,evaluated,3600000.0
2024-05-31,CA13607LPY34,Canadian Imperial Bank of Commerce,CM,Banks,senior_bail_in,5.5,2028-01-14,2028-01-14,2023-07-14,,102.52,4.7344338753975945,,ishares_xcb,evaluated,3705000.0
2024-05-31,CA13607LSJ30,Canadian Imperial Bank of Commerce,CM,Banks,senior_bail_in,5.0,2026-12-07,2026-12-07,2023-12-07,,100.5,4.783686006374411,,ishares_xcb,evaluated,3750000.0
2024-05-31,CA29251ZAD92,Enbridge Inc,ENB,Pipelines,senior,7.22,2030-07-24,2030-07-24,2000-07-24,,107.97,5.666048016028904,,ishares_xcb,evaluated,806000.0
2024-05-31,CA29251ZAK36,Enbridge Inc,ENB,Pipelines,senior,7.2,2032-06-18,2032-06-18,2001-06-18,,109.59,5.695960562864958,,ishares_xcb,evaluated,930000.0
2024-05-31,CA29251ZAQ06,Enbridge Inc,ENB,Pipelines,senior,5.57,2035-11-14,2035-11-14,2005-11-14,,101.22,5.424975351092071,,ishares_xcb,evaluated,394000.0
2024-05-31,CA29251ZBK27,Enbridge Inc,ENB,Pipelines,senior,3.2,2027-06-08,2027-06-08,2017-06-08,,95.7,4.7423490214570565,,ishares_xcb,evaluated,4287000.0
2024-05-31,CA29251ZBS52,Enbridge Inc,ENB,Pipelines,senior,2.99,2029-10-03,2029-10-03,2019-10-03,,91.74,4.758343022166506,,ishares_xcb,evaluated,2207000.0
2024-05-31,CA29251ZBU09,Enbridge Inc,ENB,Pipelines,senior,3.1,2033-09-21,2033-09-21,2021-09-21,,84.98,5.15040319798694,,ishares_xcb,evaluated,2917000.0
2024-05-31,CA29251ZBW64,Enbridge Inc,ENB,Pipelines,senior,6.1,2032-11-09,2032-11-09,2022-11-09,,106.31,5.167044266730481,,ishares_xcb,evaluated,2390000.0
2024-05-31,CA29251ZBY21,Enbridge Inc,ENB,Pipelines,senior,5.7,2027-11-09,2027-11-09,2022-11-09,,102.8,4.805230071273974,,ishares_xcb,evaluated,1806000.0
2024-05-31,CA29251ZBZ95,Enbridge Inc,ENB,Pipelines,senior,5.36,2033-05-26,2033-05-26,2023-05-26,,101.42,5.160319127077791,,ishares_xcb,evaluated,1415000.0
2024-05-31,CA29251ZCA36,Enbridge Inc,ENB,Pipelines,senior,4.9,2028-05-26,2028-05-26,2023-05-26,,100.47,4.768778093305057,,ishares_xcb,evaluated,1610000.0
2024-05-31,CA349553AP21,Fortis Inc,FTS,Utilities,senior,2.18,2028-05-15,2028-05-15,2021-05-14,,91.78,4.46926546989298,,ishares_xcb,evaluated,1663000.0
2024-05-31,CA349553AQ04,Fortis Inc,FTS,Utilities,senior,4.43,2029-05-31,2029-05-31,2022-05-31,,99.14,4.624623882061763,,ishares_xcb,evaluated,1623000.0
2024-05-31,CA349553AR86,Fortis Inc,FTS,Utilities,senior,5.68,2033-11-08,2033-11-08,2023-11-08,,105.12,4.992161144034299,,ishares_xcb,evaluated,1240000.0
2024-05-31,CA44810ZAB63,Hydro One Inc,H,Utilities,senior,6.93,2032-06-01,2032-06-01,2001-06-22,,114.08,4.7897152997261125,,ishares_xcb,evaluated,1012000.0
2024-05-31,CA44810ZAD20,Hydro One Inc,H,Utilities,senior,6.35,2034-01-31,2034-01-31,2003-01-31,,111.34,4.865288079358949,,ishares_xcb,evaluated,1224000.0
2024-05-31,CA44810ZAP59,Hydro One Inc,H,Utilities,senior,5.36,2036-05-20,2036-05-20,2005-05-19,,104.09,4.903871148338141,,ishares_xcb,evaluated,2080000.0
2024-05-31,CA44810ZBZ23,Hydro One Inc,H,Utilities,senior,3.02,2029-04-05,2029-04-05,2019-04-05,,94.18,4.3641279596270826,,ishares_xcb,evaluated,1788000.0
2024-05-31,CA44810ZCC29,Hydro One Inc,H,Utilities,senior,2.16,2030-02-28,2030-02-28,2020-02-28,,88.55,4.439817427167444,,ishares_xcb,evaluated,1286000.0
2024-05-31,CA44810ZCF59,Hydro One Inc,H,Utilities,senior,1.69,2031-01-16,2031-01-16,2020-10-09,,84.46,4.421081939500423,,ishares_xcb,evaluated,1370000.0
2024-05-31,CA44810ZCG33,Hydro One Inc,H,Utilities,senior,2.23,2031-09-17,2031-09-17,2021-09-17,,86.02,4.497813437863591,,ishares_xcb,evaluated,1743000.0
2024-05-31,CA44810ZCJ71,Hydro One Inc,H,Utilities,senior,4.91,2028-01-27,2028-01-27,2022-10-27,,101.44,4.478314270537659,,ishares_xcb,evaluated,1494000.0
2024-05-31,CA44810ZCK45,Hydro One Inc,H,Utilities,senior,3.93,2029-11-30,2029-11-30,2023-01-27,,97.78,4.388861205950083,,ishares_xcb,evaluated,1282000.0
2024-05-31,CA44810ZCL28,Hydro One Inc,H,Utilities,senior,4.16,2033-01-27,2033-01-27,2023-01-27,,96.82,4.609496238973619,,ishares_xcb,evaluated,1470000.0
2024-05-31,CA44810ZCR97,Hydro One Inc,H,Utilities,senior,4.39,2034-03-01,2034-03-01,2024-01-12,,97.68,4.68714100040428,,ishares_xcb,evaluated,800000.0
2024-05-31,CA448810AC58,Hydro One Inc,H,Utilities,senior,7.35,2030-06-03,2030-06-03,2000-06-01,,113.56,4.728856210888073,,ishares_xcb,evaluated,1363000.0
2024-05-31,CA63306AGJ93,National Bank of Canada,NA,Banks,senior_bail_in,1.57,2026-08-18,2026-08-18,2020-07-15,,96.02,3.449948546521922,,ishares_xcb,evaluated,1553000.0
2024-05-31,CA63306AGT75,National Bank of Canada,NA,Banks,senior_bail_in,1.53,2026-06-15,2026-06-15,2021-06-15,,94.07,4.606139897406105,,ishares_xcb,evaluated,2465000.0
2024-05-31,CA63306AHB58,National Bank of Canada,NA,Banks,senior_bail_in,2.24,2026-11-04,2026-11-04,2021-11-04,,94.35,4.730609794162831,,ishares_xcb,evaluated,3538000.0
2024-05-31,CA63306AHP45,National Bank of Canada,NA,Banks,senior_bail_in,5.22,2028-06-14,2028-06-14,2023-06-14,,101.78,4.728211495235495,,ishares_xcb,evaluated,5165000.0
2024-05-31,CA63306AHT66,National Bank of Canada,NA,Banks,senior_bail_in,5.02,2029-02-01,2029-02-01,2023-12-07,,101.13,4.746885139338286,,ishares_xcb,evaluated,4745000.0
2024-05-31,CA63306AHU30,National Bank of Canada,NA,Banks,senior_bail_in,4.97,2026-12-07,2026-12-07,2023-12-07,,100.45,4.775035179204091,,ishares_xcb,evaluated,1115000.0
2024-05-31,CA63306AHX78,National Bank of Canada,NA,Banks,senior_bail_in,4.98,2027-03-18,2026-03-18,2024-03-18,,100.01,4.964968955402123,,ishares_xcb,evaluated,1873000.0
2024-05-31,CA70632ZAF86,Pembina Pipeline,PPL,Pipelines,senior,4.24,2027-06-15,2027-06-15,2015-06-16,,98.48,4.78040898174957,,ishares_xcb,evaluated,2054000.0
2024-05-31,CA70632ZAG69,Pembina Pipeline,PPL,Pipelines,senior,3.71,2026-08-11,2026-08-11,2016-08-11,,97.65,4.849047052509311,,ishares_xcb,evaluated,2049000.0
2024-05-31,CA70632ZAK71,Pembina Pipeline,PPL,Pipelines,senior,4.02,2028-03-27,2028-03-27,2018-03-26,,97.33,4.789270321974117,,ishares_xcb,evaluated,1832000.0
2024-05-31,CA70632ZAM38,Pembina Pipeline,PPL,Pipelines,senior,3.62,2029-04-03,2029-04-03,2019-04-03,,94.87,4.819197664842653,,ishares_xcb,evaluated,1803000.0
2024-05-31,CA70632ZAQ42,Pembina Pipeline,PPL,Pipelines,senior,3.31,2030-02-01,2030-02-01,2019-09-12,,92.33,4.874189244679472,,ishares_xcb,evaluated,1430000.0
2024-05-31,CA70632ZAS08,Pembina Pipeline,PPL,Pipelines,senior,3.53,2031-12-10,2031-12-10,2021-12-10,,90.13,5.126022360541478,,ishares_xcb,evaluated,1546000.0
2024-05-31,CA70632ZAV37,Pembina Pipeline,PPL,Pipelines,senior,5.02,2032-01-12,2032-01-12,2024-01-12,,99.09,5.165989810702372,,ishares_xcb,evaluated,1840000.0
2024-05-31,CA70632ZAW10,Pembina Pipeline,PPL,Pipelines,senior,5.21,2034-01-12,2034-01-12,2024-01-12,,99.39,5.291685153865669,,ishares_xcb,evaluated,1770000.0
2024-05-31,CA775109BJ98,Rogers Communications,RCI,Telecom,senior,3.25,2029-05-01,2029-05-01,2019-04-30,,92.99,4.86877165243466,,ishares_xcb,evaluated,2414000.0
2024-05-31,CA775109BK61,Rogers Communications,RCI,Telecom,senior,3.65,2027-03-31,2027-03-31,2020-03-31,,96.75,4.889788957139198,,ishares_xcb,evaluated,4807000.0
2024-05-31,CA775109BT70,Rogers Communications,RCI,Telecom,senior,3.75,2029-04-15,2029-04-15,2022-03-11,,95.16,4.876349272264167,,ishares_xcb,evaluated,3261000.0
2024-05-31,CA775109BV27,Rogers Communications,RCI,Telecom,senior,4.25,2032-04-15,2032-04-15,2022-03-11,,94.28,5.1415092822429775,,ishares_xcb,evaluated,3127000.0
2024-05-31,CA775109CM19,Rogers Communications,RCI,Telecom,senior,3.8,2027-03-01,2027-03-01,2023-04-03,,97.25,4.874363780630998,,ishares_xcb,evaluated,515000.0
2024-05-31,CA775109CP40,Rogers Communications,RCI,Telecom,senior,4.4,2028-11-02,2028-11-02,2023-04-03,,98.22,4.8505514941704515,,ishares_xcb,evaluated,1908000.0
2024-05-31,CA775109CQ23,Rogers Communications,RCI,Telecom,senior,3.3,2029-12-10,2029-12-10,2019-12-09,,92.36,4.893191920055169,,ishares_xcb,evaluated,1784000.0
2024-05-31,CA775109CS88,Rogers Communications,RCI,Telecom,senior,2.9,2030-12-09,2030-12-09,2020-04-22,,88.43,4.99923259021211,,ishares_xcb,evaluated,1771000.0
2024-05-31,CA775109CU35,Rogers Communications,RCI,Telecom,senior,5.65,2026-09-21,2026-09-21,2023-09-21,,101.5,4.946076542417723,,ishares_xcb,evaluated,1750000.0
2024-05-31,CA775109CV18,Rogers Communications,RCI,Telecom,senior,5.7,2028-09-21,2028-09-21,2023-09-21,,103.18,4.868191009116223,,ishares_xcb,evaluated,2625000.0
2024-05-31,CA775109CW90,Rogers Communications,RCI,Telecom,senior,5.8,2030-09-21,2030-09-21,2023-09-21,,104.2,5.011750001183391,,ishares_xcb,evaluated,1405000.0
2024-05-31,CA775109DA61,Rogers Communications,RCI,Telecom,senior,5.9,2033-09-21,2033-09-21,2023-09-21,,104.9,5.225911393245518,,ishares_xcb,evaluated,2750000.0
2024-05-31,CA780086RQ98,Royal Bank of Canada,RY,Banks,senior_bail_in,2.33,2027-01-28,2027-01-28,2020-01-28,,94.2,4.674410351946854,,ishares_xcb,evaluated,6346000.0
2024-05-31,CA780086TY05,Royal Bank of Canada,RY,Banks,senior_bail_in,1.83,2028-07-31,2028-07-31,2021-07-29,,90.33,4.394424285930127,,ishares_xcb,evaluated,2530000.0
2024-05-31,CA780086U931,Royal Bank of Canada,RY,Banks,senior_bail_in,4.26,2026-12-21,2026-12-21,2023-12-21,,99.4,4.507856931627776,,ishares_xcb,evaluated,6145000.0
2024-05-31,CA780086VK72,Royal Bank of Canada,RY,Banks,senior_bail_in,4.61,2027-07-26,2027-07-26,2022-07-25,,99.84,4.664696372685893,,ishares_xcb,evaluated,6417000.0
2024-05-31,CA780086VV38,Royal Bank of Canada,RY,Banks,senior_bail_in,5.24,2026-11-02,2026-11-02,2022-10-28,,101.08,4.759161500703954,,ishares_xcb,evaluated,5338000.0
2024-05-31,CA780086WG51,Royal Bank of Canada,RY,Banks,senior_bail_in,4.64,2028-01-17,2028-01-17,2023-01-17,,100.05,4.624762527399404,,ishares_xcb,evaluated,5796000.0
2024-05-31,CA780086XL38,Royal Bank of Canada,RY,Banks,senior_bail_in,4.63,2028-05-01,2028-05-01,2023-04-20,,99.93,4.647850283771955,,ishares_xcb,evaluated,7805000.0
2024-05-31,CA780086ZE76,Royal Bank of Canada,RY,Banks,senior_bail_in,5.34,2026-06-23,2026-06-23,2023-06-23,,101.02,4.8095903438288605,,ishares_xcb,evaluated,4020000.0
2024-05-31,CA780086ZH08,Royal Bank of Canada,RY,Banks,senior_bail_in,5.23,2030-06-24,2030-06-24,2023-06-23,,102.77,4.698008223867765,,ishares_xcb,evaluated,3688000.0
2024-05-31,CA87971MBG74,TELUS,TU,Telecom,senior,3.63,2028-03-01,2028-03-01,2018-03-01,,96.13,4.764657169397549,,ishares_xcb,evaluated,1444000.0
2024-05-31,CA87971MBJ14,TELUS,TU,Telecom,senior,3.3,2029-05-02,2029-05-02,2019-04-03,,93.61,4.771133874504033,,ishares_xcb,evaluated,3309000.0
2024-05-31,CA87971MBL69,TELUS,TU,Telecom,senior,2.75,2026-07-08,2026-07-08,2019-07-02,,95.91,4.8171563613061865,,ishares_xcb,evaluated,2055000.0
2024-05-31,CA87971MBN26,TELUS,TU,Telecom,senior,3.15,2030-02-19,2030-02-19,2019-12-16,,91.56,4.85732007207523,,ishares_xcb,evaluated,1442000.0
2024-05-31,CA87971MBQ56,TELUS,TU,Telecom,senior,2.35,2028-01-27,2028-01-27,2020-05-29,,92.04,4.74671076395912,,ishares_xcb,evaluated,2214000.0
2024-05-31,CA87971MBS13,TELUS,TU,Telecom,senior,2.05,2030-10-07,2030-10-07,2020-10-05,,84.78,4.863197225780607,,ishares_xcb,evaluated,1449000.0
2024-05-31,CA87971MBV42,TELUS,TU,Telecom,senior,2.85,2031-11-13,2031-11-13,2021-06-28,,86.59,5.029844234526914,,ishares_xcb,evaluated,2540000.0
2024-05-31,CA87971MBX08,TELUS,TU,Telecom,senior,5.25,2032-11-15,2032-11-15,2022-09-13,,100.9,5.116894647861151,,ishares_xcb,evaluated,3136000.0
2024-05-31,CA87971MBZ55,TELUS,TU,Telecom,senior,5.0,2029-09-13,2029-09-13,2022-09-13,,100.88,4.805995008139735,,ishares_xcb,evaluated,1339000.0
2024-05-31,CA87971MCA95,TELUS,TU,Telecom,senior,4.95,2033-03-28,2033-03-28,2023-03-28,,98.6,5.147347257619776,,ishares_xcb,evaluated,1388000.0
2024-05-31,CA87971MCB78,TELUS,TU,Telecom,senior,5.6,2030-09-09,2030-09-09,2023-09-08,,103.39,4.961110090122691,,ishares_xcb,evaluated,1675000.0
2024-05-31,CA87971MCC51,TELUS,TU,Telecom,senior,5.75,2033-09-08,2033-09-08,2023-09-08,,104.13,5.18067999615234,,ishares_xcb,evaluated,2900000.0
2024-05-31,CA87971MCE18,TELUS,TU,Telecom,senior,4.8,2028-12-15,2028-12-15,2024-02-15,,100.01,4.7954963752517825,,ishares_xcb,evaluated,1576000.0
2024-05-31,CA87971MCF82,TELUS,TU,Telecom,senior,4.95,2031-02-18,2031-02-18,2024-02-15,,99.75,4.9936189204042325,,ishares_xcb,evaluated,1888000.0
2024-05-31,CA87971MCG65,TELUS,TU,Telecom,senior,5.1,2034-02-15,2034-02-15,2024-02-15,,99.18,5.208159200718646,,ishares_xcb,evaluated,1560000.0
2024-05-31,CA89116CDM60,Toronto-Dominion Bank,TD,Banks,senior_bail_in,4.23,2029-04-02,2029-04-02,2024-03-20,,99.58,4.325556875916672,,ishares_xcb,evaluated,3070000.0
2024-05-31,CA89117F7G86,Toronto-Dominion Bank,TD,Banks,senior_bail_in,4.21,2027-06-01,2027-06-01,2022-06-01,,98.6,4.7133579476724705,,ishares_xcb,evaluated,8415000.0
2024-05-31,CA89117F7H69,Toronto-Dominion Bank,TD,Banks,senior_bail_in,5.38,2027-10-21,2027-10-21,2022-10-21,,102.11,4.697339798952474,,ishares_xcb,evaluated,6345000.0
2024-05-31,CA89117FA338,Toronto-Dominion Bank,TD,Banks,senior_bail_in,1.89,2028-03-08,2028-03-08,2021-03-08,,91.16,4.460627620768904,,ishares_xcb,evaluated,4915000.0
2024-05-31,CA89117FJ347,Toronto-Dominion Bank,TD,Banks,senior_bail_in,1.9,2028-09-11,2028-09-11,2021-09-10,,90.19,4.440538196376286,,ishares_xcb,evaluated,3170000.0
2024-05-31,CA89117FZ442,Toronto-Dominion Bank,TD,Banks,senior_bail_in,2.26,2027-01-07,2027-01-07,2022-01-07,,94.09,4.7000475753878055,,ishares_xcb,evaluated,6987000.0
2024-05-31,CA89117G8T70,Toronto-Dominion Bank,TD,Banks,senior_bail_in,4.52,2027-01-29,2027-01-29,2024-01-29,,100.04,4.503349370622691,,ishares_xcb,evaluated,3655000.0
2024-05-31,CA89117GK301,Toronto-Dominion Bank,TD,Banks,senior_bail_in,5.42,2026-07-10,2026-07-10,2023-07-10,,101.18,4.825185414009595,,ishares_xcb,evaluated,4885000.0
2024-05-31,CA89117GRJ80,Toronto-Dominion Bank,TD,Banks,senior_bail_in,4.68,2029-01-08,2029-01-08,2022-12-07,,99.93,4.697223684559568,,ishares_xcb,evaluated,7845000.0
2024-05-31,CA89117GTQ06,Toronto-Dominion Bank,TD,Banks,senior_bail_in,4.48,2028-01-18,2028-01-18,2023-01-18,,99.41,4.658309692040577,,ishares_xcb,evaluated,6171000.0
2024-05-31,CA89117GX510,Toronto-Dominion Bank,TD,Banks,senior_bail_in,5.49,2028-09-08,2028-09-08,2023-09-08,,103.03,4.694179577442579,,ishares_xcb,evaluated,3520000.0
2024-05-31,CA89353ZBA53,TransCanada PipeLines,TRP,Pipelines,senior,6.89,2028-08-07,2028-08-07,1997-07-30,,106.05,5.259964439411551,,ishares_xcb,evaluated,712000.0
2024-05-31,CA89353ZBE75,TransCanada PipeLines,TRP,Pipelines,senior,6.28,2028-05-26,2028-05-26,1998-05-26,,103.5,5.29408600560592,,ishares_xcb,evaluated,803000.0
2024-05-31,CA89353ZBK36,TransCanada PipeLines,TRP,Pipelines,senior,6.5,2030-12-09,2030-12-09,1998-12-07,,104.79,5.611187246538705,,ishares_xcb,evaluated,775000.0
2024-05-31,CA89353ZCA45,TransCanada PipeLines,TRP,Pipelines,senior,3.39,2028-03-15,2028-03-15,2017-09-15,,95.57,4.6757474157951755,,ishares_xcb,evaluated,1567000.0
2024-05-31,CA89353ZCE66,TransCanada PipeLines,TRP,Pipelines,senior,3.0,2029-09-18,2029-09-18,2019-09-18,,92.72,4.5601269014861705,,ishares_xcb,evaluated,2478000.0
2024-05-31,CA89353ZCF32,TransCanada PipeLines,TRP,Pipelines,senior,3.8,2027-04-05,2027-04-05,2020-04-03,,97.61,4.704392841615499,,ishares_xcb,evaluated,6173000.0
2024-05-31,CA89353ZCH97,TransCanada PipeLines,TRP,Pipelines,senior,2.97,2031-06-09,2031-06-09,2021-06-09,,89.96,4.661690807400368,,ishares_xcb,evaluated,2323000.0
2024-05-31,CA89353ZCK27,TransCanada PipeLines,TRP,Pipelines,senior,5.33,2032-05-12,2032-05-12,2022-05-12,,101.77,5.055989319938758,,ishares_xcb,evaluated,1783000.0
2024-05-31,CA89353ZCN65,TransCanada PipeLines,TRP,Pipelines,senior,5.28,2030-07-15,2030-07-15,2023-03-10,,102.06,4.886601419243473,,ishares_xcb,evaluated,4105000.0
2024-06-28,CA06368D3U60,Bank of Montreal,BMO,Banks,senior_bail_in,4.31,2027-06-01,2027-06-01,2022-06-01,,99.33,4.55571402258332,,ishares_xcb,evaluated,7787000.0
2024-06-28,CA06368DW260,Bank of Montreal,BMO,Banks,senior_bail_in,3.65,2027-04-01,2027-04-01,2022-04-01,,97.74,4.527496517567457,,ishares_xcb,evaluated,6014000.0
2024-06-28,CA06368LB887,Bank of Montreal,BMO,Banks,senior_bail_in,4.54,2028-12-18,2028-12-18,2023-12-18,,99.82,4.584553513252339,,ishares_xcb,evaluated,5110000.0
2024-06-28,CA06368LEY89,Bank of Montreal,BMO,Banks,senior_bail_in,4.71,2027-12-07,2027-12-07,2022-12-07,,100.45,4.566170357256094,,ishares_xcb,evaluated,7476000.0
2024-06-28,CA06368LNK84,Bank of Montreal,BMO,Banks,senior_bail_in,5.04,2028-05-29,2028-05-29,2023-05-29,,101.66,4.570447775418556,,ishares_xcb,evaluated,5715000.0
2024-06-28,CA06415E4E25,Bank of Nova Scotia,BNS,Banks,senior_bail_in,1.4,2027-11-01,2027-11-01,2020-10-15,,91.22,4.2442141492266074,,ishares_xcb,evaluated,4572000.0
2024-06-28,CA06415FFT45,Bank of Nova Scotia,BNS,Banks,senior_bail_in,1.85,2026-11-02,2026-11-02,2021-10-08,,94.08,4.537521584570265,,ishares_xcb,evaluated,7040000.0
2024-06-28,CA06415GDE76,Bank of Nova Scotia,BNS,Banks,senior_bail_in,2.95,2027-03-08,2027-03-08,2022-03-07,,96.03,4.526497481676571,,ishares_xcb,evaluated,10209000.0
2024-06-28,CA064164QM14,Bank of Nova Scotia,BNS,Banks,senior_bail_in,4.68,2029-02-01,2029-02-01,2024-02-01,,100.35,4.594895918040105,,ishares_xcb,evaluated,5955000.0
2024-06-28,CA07813ZAC82,Bell Canada,BCE,Telecom,senior,6.55,2029-05-01,2029-05-01,1999-07-19,,106.74,4.963036233637731,,ishares_xcb,evaluated,572000.0
2024-06-28,CA07813ZAL81,Bell Canada,BCE,Telecom,senior,7.85,2031-04-02,2031-04-02,2001-04-02,,114.69,5.238990383611755,,ishares_xcb,evaluated,875000.0
2024-06-28,CA07813ZAP95,Bell Canada,BCE,Telecom,senior,7.3,2032-02-23,2032-02-23,2002-02-22,,112.82,5.244349426192267,,ishares_xcb,evaluated,1231000.0
2024-06-28,CA07813ZAT18,Bell Canada,BCE,Telecom,senior,6.1,2035-03-16,2035-03-16,2004-03-16,,106.97,5.238881359538585,,ishares_xcb,evaluated,1478000.0
2024-06-28,CA07813ZBV54,Bell Canada,BCE,Telecom,senior,2.9,2026-08-12,2026-08-12,2016-08-12,,96.63,4.583456671160371,,ishares_xcb,evaluated,2223000.0
2024-06-28,CA07813ZCC64,Bell Canada,BCE,Telecom,senior,2.9,2029-09-10,2029-09-10,2019-09-10,,92.0,4.646771338830281,,ishares_xcb,evaluated,1831000.0
2024-06-28,CA07813ZCE21,Bell Canada,BCE,Telecom,senior,2.5,2030-05-14,2030-05-14,2020-05-14,,88.77,4.7084008391240095,,ishares_xcb,evaluated,3117000.0
2024-06-28,CA07813ZCF95,Bell Canada,BCE,Telecom,senior,1.65,2027-08-16,2027-08-16,2020-08-14,,92.33,4.291220623474455,,ishares_xcb,evaluated,2477000.0
2024-06-28,CA07813ZCG78,Bell Canada,BCE,Telecom,senior,3.0,2031-03-17,2031-03-17,2021-03-17,,89.87,4.778163970592577,,ishares_xcb,evaluated,3114000.0
2024-06-28,CA07813ZCJ18,Bell Canada,BCE,Telecom,senior,2.2,2028-05-29,2028-05-29,2021-05-28,,91.84,4.4935195250839834,,ishares_xcb,evaluated,873000.0
2024-06-28,CA07813ZCK80,Bell Canada,BCE,Telecom,senior,5.85,2032-11-10,2032-11-10,2022-11-10,,105.76,4.997220446718822,,ishares_xcb,evaluated,4015000.0
2024-06-28,CA07813ZCL63,Bell Canada,BCE,Telecom,senior,4.55,2030-02-09,2030-02-09,2023-02-09,,99.14,4.72617722715218,,ishares_xcb,evaluated,2785000.0
2024-06-28,CA07813ZCQ50,Bell Canada,BCE,Telecom,senior,5.25,2029-03-15,2029-03-15,2023-11-14,,102.39,4.674567818992093,,ishares_xcb,evaluated,1885000.0
2024-06-28,CA07813ZCR34,Bell Canada,BCE,Telecom,senior,5.15,2034-08-24,2034-08-24,2024-05-24,,100.22,5.121672511232269,,ishares_xcb,evaluated,2920000.0
2024-06-28,CA11291ZAE75,Brookfield Infrastructure Finance,BIP,Utilities,senior,4.19,2028-09-11,2028-09-11,2018-09-10,,98.05,4.702376875875753,,ishares_xcb,evaluated,1936000.0
2024-06-28,CA11291ZAF41,Brookfield Infrastructure Finance,BIP,Utilities,senior,3.41,2029-10-09,2029-10-09,2019-10-03,,93.68,4.776572887407565,,ishares_xcb,evaluated,2343000.0
2024-06-28,CA11291ZAG24,Brookfield Infrastructure Finance,BIP,Utilities,senior,2.86,2032-09-01,2032-09-01,2020-09-01,,85.0,5.12712352365733,,ishares_xcb,evaluated,1180000.0
2024-06-28,CA11291ZAH07,Brookfield Infrastructure Finance,BIP,Utilities,senior,5.44,2034-04-25,2034-04-25,2022-04-25,,101.4,5.2543566780015425,,ishares_xcb,evaluated,1010000.0
2024-06-28,CA11291ZAK36,Brookfield Infrastructure Finance,BIP,Utilities,senior,5.62,2027-11-14,2027-11-14,2022-11-14,,102.88,4.684424840816347,,ishares_xcb,evaluated,1490000.0
2024-06-28,CA11291ZAL19,Brookfield Infrastructure Finance,BIP,Utilities,senior,5.98,2033-02-14,2033-02-14,2022-11-14,,105.2,5.223511577780916,,ishares_xcb,evaluated,879000.0
2024-06-28,CA11291ZAM91,Brookfield Infrastructure Finance,BIP,Utilities,senior,5.71,2030-07-27,2030-07-27,2023-07-27,,103.93,4.953811208358645,,ishares_xcb,evaluated,1500000.0
2024-06-28,CA13607H5C22,Canadian Imperial Bank of Commerce,CM,Banks,senior_bail_in,5.05,2027-10-07,2027-10-07,2022-10-07,,101.4,4.58152580730038,,ishares_xcb,evaluated,5195000.0
2024-06-28,CA13607HC349,Canadian Imperial Bank of Commerce,CM,Banks,senior_bail_in,2.25,2027-01-07,2027-01-07,2022-01-07,,94.54,4.565184699850807,,ishares_xcb,evaluated,5206000.0
2024-06-28,CA13607HV661,Canadian Imperial Bank of Commerce,CM,Banks,senior_bail_in,4.95,2027-06-29,2027-06-29,2022-06-29,,101.05,4.569323898169472,,ishares_xcb,evaluated,5694000.0
2024-06-28,CA13607HVV19,Canadian Imperial Bank of Commerce,CM,Banks,senior_bail_in,1.7,2026-07-15,2026-07-15,2021-07-15,,94.7,4.438212092615236,,ishares_xcb,evaluated,3022000.0
2024-06-28,CA13607L3Y79,Canadian Imperial Bank of Commerce,CM,Banks,senior_bail_in,4.9,2027-04-02,2026-04-02,2024-04-02,,100.14,4.809937046519522,,ishares_xcb,evaluated,3700000.0
2024-06-28,CA13607LPY34,Canadian Imperial Bank of Commerce,CM,Banks,senior_bail_in,5.5,2028-01-14,2028-01-14,2023-07-14,,102.92,4.599022892105283,,ishares_xcb,evaluated,3755000.0
2024-06-28,CA13607LSJ30,Canadian Imperial Bank of Commerce,CM,Banks,senior_bail_in,5.0,2026-12-07,2026-12-07,2023-12-07,,100.89,4.608958820096543,,ishares_xcb,evaluated,3760000.0
2024-06-28,CA29251ZAD92,Enbridge Inc,ENB,Pipelines,senior,7.22,2030-07-24,2030-07-24,2000-07-24,,108.93,5.471987033266108,,ishares_xcb,evaluated,806000.0
2024-06-28,CA29251ZAK36,Enbridge Inc,ENB,Pipelines,senior,7.2,2032-06-18,2032-06-18,2001-06-18,,110.35,5.573872715290533,,ishares_xcb,evaluated,930000.0
2024-06-28,CA29251ZAQ06,Enbridge Inc,ENB,Pipelines,senior,5.57,2035-11-14,2035-11-14,2005-11-14,,101.85,5.349365131750064,,ishares_xcb,evaluated,394000.0
2024-06-28,CA29251ZBK27,Enbridge Inc,ENB,Pipelines,senior,3.2,2027-06-08,2027-06-08,2017-06-08,,96.27,4.567050042516763,,ishares_xcb,evaluated,3077000.0
2024-06-28,CA29251ZBS52,Enbridge Inc,ENB,Pipelines,senior,2.99,2029-10-03,2029-10-03,2019-10-03,,92.44,4.622829971635704,,ishares_xcb,evaluated,2207000.0
2024-06-28,CA29251ZBU09,Enbridge Inc,ENB,Pipelines,senior,3.1,2033-09-21,2033-09-21,2021-09-21,,86.09,4.997965857638937,,ishares_xcb,evaluated,3056000.0
2024-06-28,CA29251ZBW64,Enbridge Inc,ENB,Pipelines,senior,6.1,2032-11-09,2032-11-09,2022-11-09,,107.23,5.028336553443407,,ishares_xcb,evaluated,2390000.0
2024-06-28,CA29251ZBY21,Enbridge Inc,ENB,Pipelines,senior,5.7,2027-11-09,2027-11-09,2022-11-09,,103.27,4.634876536748383,,ishares_xcb,evaluated,1806000.0
2024-06-28,CA29251ZBZ95,Enbridge Inc,ENB,Pipelines,senior,5.36,2033-05-26,2033-05-26,2023-05-26,,102.45,5.014435511156959,,ishares_xcb,evaluated,1415000.0
2024-06-28,CA29251ZCA36,Enbridge Inc,ENB,Pipelines,senior,4.9,2028-05-26,2028-05-26,2023-05-26,,101.1,4.587333153037298,,ishares_xcb,evaluated,1745000.0
2024-06-28,CA349553AP21,Fortis Inc,FTS,Utilities,senior,2.18,2028-05-15,2028-05-15,2021-05-14,,92.41,4.324486395833448,,ishares_xcb,evaluated,1663000.0
2024-06-28,CA349553AQ04,Fortis Inc,FTS,Utilities,senior,4.43,2029-05-31,2029-05-31,2022-05-31,,99.8,4.474775214404841,,ishares_xcb,evaluated,1623000.0
2024-06-28,CA349553AR86,Fortis Inc,FTS,Utilities,senior,5.68,2033-11-08,2033-11-08,2023-11-08,,105.87,4.889254901822489,,ishares_xcb,evaluated,1240000.0
2024-06-28,CA44810ZAB63,Hydro One Inc,H,Utilities,senior,6.93,2032-06-01,2032-06-01,2001-06-22,,114.75,4.680207429716496,,ishares_xcb,evaluated,1012000.0
2024-06-28,CA44810ZAD20,Hydro One Inc,H,Utilities,senior,6.35,2034-01-31,2034-01-31,2003-01-31,,112.06,4.768660186929288,,ishares_xcb,evaluated,1224000.0
2024-06-28,CA44810ZAP59,Hydro One Inc,H,Utilities,senior,5.36,2036-05-20,2036-05-20,2005-05-19,,104.92,4.810839693888224,,ishares_xcb,evaluated,2261000.0
2024-06-28,CA44810ZBZ23,Hydro One Inc,H,Utilities,senior,3.02,2029-04-05,2029-04-05,2019-04-05,,94.85,4.221871549729653,,ishares_xcb,evaluated,1840000.0
2024-06-28,CA44810ZCC29,Hydro One Inc,H,Utilities,senior,2.16,2030-02-28,2030-02-28,2020-02-28,,89.29,4.309947777746776,,ishares_xcb,evaluated,1286000.0
2024-06-28,CA44810ZCF59,Hydro One Inc,H,Utilities,senior,1.69,2031-01-16,2031-01-16,2020-10-09,,85.35,4.278785939357034,,ishares_xcb,evaluated,1370000.0
2024-06-28,CA44810ZCG33,Hydro One Inc,H,Utilities,senior,2.23,2031-09-17,2031-09-17,2021-09-17,,86.9,4.363402953376799,,ishares_xcb,evaluated,1243000.0
2024-06-28,CA44810ZCJ71,Hydro One Inc,H,Utilities,senior,4.91,2028-01-27,2028-01-27,2022-10-27,,102.03,4.292823848933347,,ishares_xcb,evaluated,1689000.0
2024-06-28,CA44810ZCK45,Hydro One Inc,H,Utilities,senior,3.93,2029-11-30,2029-11-30,2023-01-27,,98.47,4.247840507835705,,ishares_xcb,evaluated,1282000.0
2024-06-28,CA44810ZCL28,Hydro One Inc,H,Utilities,senior,4.16,2033-01-27,2033-01-27,2023-01-27,,97.64,4.494789001332434,,ishares_xcb,evaluated,1470000.0
2024-06-28,CA44810ZCR97,Hydro One Inc,H,Utilities,senior,4.39,2034-03-01,2034-03-01,2024-01-12,,98.68,4.557987982135145,,ishares_xcb,evaluated,800000.0
2024-06-28,CA448810AC58,Hydro One Inc,H,Utilities,senior,7.35,2030-06-03,2030-06-03,2000-06-01,,114.28,4.572877426880566,,ishares_xcb,evaluated,1363000.0
2024-06-28,CA63306AGJ93,National Bank of Canada,NA,Banks,senior_bail_in,1.57,2026-08-18,2026-08-18,2020-07-15,,96.41,3.321822059673152,,ishares_xcb,evaluated,1553000.0
2024-06-28,CA63306AHB58,National Bank of Canada,NA,Banks,senior_bail_in,2.24,2026-11-04,2026-11-04,2021-11-04,,94.88,4.5592874348490655,,ishares_xcb,evaluated,3038000.0
2024-06-28,CA63306AHP45,National Bank of Canada,NA,Banks,senior_bail_in,5.22,2028-06-14,2028-06-14,2023-06-14,,102.29,4.580629326699221,,ishares_xcb,evaluated,5210000.0
2024-06-28,CA63306AHT66,National Bank of Canada,NA,Banks,senior_bail_in,5.02,2029-02-01,2029-02-01,2023-12-07,,101.69,4.607868072158003,,ishares_xcb,evaluated,4535000.0
2024-06-28,CA63306AHU30,National Bank of Canada,NA,Banks,senior_bail_in,4.97,2026-12-07,2026-12-07,2023-12-07,,100.86,4.59218976961152,,ishares_xcb,evaluated,1430000.0
2024-06-28,CA63306AHX78,National Bank of Canada,NA,Banks,senior_bail_in,4.98,2027-03-18,2026-03-18,2024-03-18,,100.23,4.8278325756258855,,ishares_xcb,evaluated,2063000.0
2024-06-28,CA70632ZAF86,Pembina Pipeline,PPL,Pipelines,senior,4.24,2027-06-15,2027-06-15,2015-06-16,,98.95,4.622354328673527,,ishares_xcb,evaluated,1554000.0
2024-06-28,CA70632ZAG69,Pembina Pipeline,PPL,Pipelines,senior,3.71,2026-08-11,2026-08-11,2016-08-11,,98.11,4.656156211480895,,ishares_xcb,evaluated,1769000.0
2024-06-28,CA70632ZAK71,Pembina Pipeline,PPL,Pipelines,senior,4.02,2028-03-27,2028-03-27,2018-03-26,,97.88,4.6387112722423645,,ishares_xcb,evaluated,1832000.0
2024-06-28,CA70632ZAM38,Pembina Pipeline,PPL,Pipelines,senior,3.62,2029-04-03,2029-04-03,2019-04-03,,95.44,4.697424745397322,,ishares_xcb,evaluated,1918000.0
2024-06-28,CA70632ZAQ42,Pembina Pipeline,PPL,Pipelines,senior,3.31,2030-02-01,2030-02-01,2019-09-12,,92.99,4.752086484520475,,ishares_xcb,evaluated,1430000.0
2024-06-28,CA70632ZAS08,Pembina Pipeline,PPL,Pipelines,senior,3.53,2031-12-10,2031-12-10,2021-12-10,,90.96,4.997708761671849,,ishares_xcb,evaluated,1572000.0
2024-06-28,CA70632ZAV37,Pembina Pipeline,PPL,Pipelines,senior,5.02,2032-01-12,2032-01-12,2024-01-12,,99.87,5.041606884540032,,ishares_xcb,evaluated,3100000.0
2024-06-28,CA70632ZAW10,Pembina Pipeline,PPL,Pipelines,senior,5.21,2034-01-12,2034-01-12,2024-01-12,,100.04,5.205191027465326,,ishares_xcb,evaluated,1770000.0
2024-06-28,CA70632ZAY75,Pembina Pipeline,PPL,Pipelines,senior,5.22,2033-06-28,2033-06-28,2024-06-28,,100.05,5.212968867256242,,ishares_xcb,evaluated,1920000.0
2024-06-28,CA775109BJ98,Rogers Communications,RCI,Telecom,senior,3.25,2029-05-01,2029-05-01,2019-04-30,,93.64,4.733133135539249,,ishares_xcb,evaluated,2414000.0
2024-06-28,CA775109BK61,Rogers Communications,RCI,Telecom,senior,3.65,2027-03-31,2027-03-31,2020-03-31,,97.35,4.682812814139727,,ishares_xcb,evaluated,4807000.0
2024-06-28,CA775109BT70,Rogers Communications,RCI,Telecom,senior,3.75,2029-04-15,2029-04-15,2022-03-11,,95.83,4.729955792304111,,ishares_xcb,evaluated,3051000.0
2024-06-28,CA775109BV27,Rogers Communications,RCI,Telecom,senior,4.25,2032-04-15,2032-04-15,2022-03-11,,95.09,5.0172551966078425,,ishares_xcb,evaluated,3127000.0
2024-06-28,CA775109CM19,Rogers Communications,RCI,Telecom,senior,3.8,2027-03-01,2027-03-01,2023-04-03,,97.78,4.686088975132581,,ishares_xcb,evaluated,515000.0
2024-06-28,CA775109CP40,Rogers Communications,RCI,Telecom,senior,4.4,2028-11-02,2028-11-02,2023-04-03,,98.8,4.705748849547825,,ishares_xcb,evaluated,1408000.0
2024-06-28,CA775109CQ23,Rogers Communications,RCI,Telecom,senior,3.3,2029-12-10,2029-12-10,2019-12-09,,93.06,4.7600659752265315,,ishares_xcb,evaluated,1784000.0
2024-06-28,CA775109CS88,Rogers Communications,RCI,Telecom,senior,2.9,2030-12-09,2030-12-09,2020-04-22,,89.3,4.8520216561099065,,ishares_xcb,evaluated,1561000.0
2024-06-28,CA775109CU35,Rogers Communications,RCI,Telecom,senior,5.65,2026-09-21,2026-09-21,2023-09-21,,101.86,4.751552226457743,,ishares_xcb,evaluated,1850000.0
2024-06-28,CA775109CV18,Rogers Communications,RCI,Telecom,senior,5.7,2028-09-21,2028-09-21,2023-09-21,,103.71,4.716962644329291,,ishares_xcb,evaluated,2765000.0
2024-06-28,CA775109CW90,Rogers Communications,RCI,Telecom,senior,5.8,2030-09-21,2030-09-21,2023-09-21,,104.99,4.858193598617322,,ishares_xcb,evaluated,1550000.0
2024-06-28,CA775109DA61,Rogers Communications,RCI,Telecom,senior,5.9,2033-09-21,2033-09-21,2023-09-21,,105.63,5.123830058677823,,ishares_xcb,evaluated,3100000.0
2024-06-28,CA780086RQ98,Royal Bank of Canada,RY,Banks,senior_bail_in,2.33,2027-01-28,2027-01-28,2020-01-28,,94.77,4.498166637205695,,ishares_xcb,evaluated,6400000.0
2024-06-28,CA780086TY05,Royal Bank of Canada,RY,Banks,senior_bail_in,1.83,2028-07-31,2028-07-31,2021-07-29,,91.07,4.230477835046627,,ishares_xcb,evaluated,3031000.0
2024-06-28,CA780086U931,Royal Bank of Canada,RY,Banks,senior_bail_in,4.26,2026-12-21,2026-12-21,2023-12-21,,99.85,4.323959597581322,,ishares_xcb,evaluated,5955000.0
2024-06-28,CA780086VK72,Royal Bank of Canada,RY,Banks,senior_bail_in,4.61,2027-07-26,2027-07-26,2022-07-25,,100.32,4.498176207656375,,ishares_xcb,evaluated,6417000.0
2024-06-28,CA780086VV38,Royal Bank of Canada,RY,Banks,senior_bail_in,5.24,2026-11-02,2026-11-02,2022-10-28,,101.44,4.579485782358294,,ishares_xcb,evaluated,5338000.0
2024-06-28,CA780086WG51,Royal Bank of Canada,RY,Banks,senior_bail_in,4.64,2028-01-17,2028-01-17,2023-01-17,,100.52,4.481031500152865,,ishares_xcb,evaluated,5866000.0
2024-06-28,CA780086XL38,Royal Bank of Canada,RY,Banks,senior_bail_in,4.63,2028-05-01,2028-05-01,2023-04-20,,100.43,4.503568277220169,,ishares_xcb,evaluated,7455000.0
2024-06-28,CA780086ZH08,Royal Bank of Canada,RY,Banks,senior_bail_in,5.23,2030-06-24,2030-06-24,2023-06-23,,103.51,4.553631091579793,,ishares_xcb,evaluated,3783000.0
2024-06-28,CA87971MBG74,TELUS,TU,Telecom,senior,3.63,2028-03-01,2028-03-01,2018-03-01,,96.74,4.599608475200604,,ishares_xcb,evaluated,1614000.0
2024-06-28,CA87971MBJ14,TELUS,TU,Telecom,senior,3.3,2029-05-02,2029-05-02,2019-04-03,,94.23,4.641606966357937,,ishares_xcb,evaluated,3309000.0
2024-06-28,CA87971MBL69,TELUS,TU,Telecom,senior,2.75,2026-07-08,2026-07-08,2019-07-02,,96.39,4.637541769349298,,ishares_xcb,evaluated,2145000.0
2024-06-28,CA87971MBN26,TELUS,TU,Telecom,senior,3.15,2030-02-19,2030-02-19,2019-12-16,,92.18,4.745795614839196,,ishares_xcb,evaluated,1442000.0
2024-06-28,CA87971MBQ56,TELUS,TU,Telecom,senior,2.35,2028-01-27,2028-01-27,2020-05-29,,92.72,4.578328083745737,,ishares_xcb,evaluated,2240000.0
2024-06-28,CA87971MBS13,TELUS,TU,Telecom,senior,2.05,2030-10-07,2030-10-07,2020-10-05,,85.68,4.711462206024188,,ishares_xcb,evaluated,1449000.0
2024-06-28,CA87971MBV42,TELUS,TU,Telecom,senior,2.85,2031-11-13,2031-11-13,2021-06-28,,87.43,4.900484079989595,,ishares_xcb,evaluated,2330000.0
2024-06-28,CA87971MBX08,TELUS,TU,Telecom,senior,5.25,2032-11-15,2032-11-15,2022-09-13,,101.72,4.994674263739947,,ishares_xcb,evaluated,3136000.0
2024-06-28,CA87971MBZ55,TELUS,TU,Telecom,senior,5.0,2029-09-13,2029-09-13,2022-09-13,,101.45,4.678971983728317,,ishares_xcb,evaluated,1514000.0
2024-06-28,CA87971MCA95,TELUS,TU,Telecom,senior,4.95,2033-03-28,2033-03-28,2023-03-28,,99.38,5.035936064899372,,ishares_xcb,evaluated,1388000.0
2024-06-28,CA87971MCB78,TELUS,TU,Telecom,senior,5.6,2030-09-09,2030-09-09,2023-09-08,,104.09,4.824581702331575,,ishares_xcb,evaluated,1675000.0
2024-06-28,CA87971MCC51,TELUS,TU,Telecom,senior,5.75,2033-09-08,2033-09-08,2023-09-08,,104.9,5.07344237134755,,ishares_xcb,evaluated,2400000.0
2024-06-28,CA87971MCE18,TELUS,TU,Telecom,senior,4.8,2028-12-15,2028-12-15,2024-02-15,,100.61,4.646557455172419,,ishares_xcb,evaluated,1576000.0
2024-06-28,CA87971MCF82,TELUS,TU,Telecom,senior,4.95,2031-02-18,2031-02-18,2024-02-15,,100.53,4.855469239497524,,ishares_xcb,evaluated,1888000.0
2024-06-28,CA87971MCG65,TELUS,TU,Telecom,senior,5.1,2034-02-15,2034-02-15,2024-02-15,,99.98,5.1025074432307616,,ishares_xcb,evaluated,1560000.0
2024-06-28,CA89116CDM60,Toronto-Dominion Bank,TD,Banks,senior_bail_in,4.23,2029-04-02,2029-04-02,2024-03-20,,100.11,4.202345801991771,,ishares_xcb,evaluated,3070000.0
2024-06-28,CA89117F7G86,Toronto-Dominion Bank,TD,Banks,senior_bail_in,4.21,2027-06-01,2027-06-01,2022-06-01,,99.1,4.540513918979832,,ishares_xcb,evaluated,7565000.0
2024-06-28,CA89117F7H69,Toronto-Dominion Bank,TD,Banks,senior_bail_in,5.38,2027-10-21,2027-10-21,2022-10-21,,102.48,4.562001912812448,,ishares_xcb,evaluated,5995000.0
2024-06-28,CA89117FA338,Toronto-Dominion Bank,TD,Banks,senior_bail_in,1.89,2028-03-08,2028-03-08,2021-03-08,,91.79,4.315091375162137,,ishares_xcb,evaluated,5060000.0
2024-06-28,CA89117FJ347,Toronto-Dominion Bank,TD,Banks,senior_bail_in,1.9,2028-09-11,2028-09-11,2021-09-10,,90.83,4.306232290923623,,ishares_xcb,evaluated,3486000.0
2024-06-28,CA89117FZ442,Toronto-Dominion Bank,TD,Banks,senior_bail_in,2.26,2027-01-07,2027-01-07,2022-01-07,,94.65,4.527317479183232,,ishares_xcb,evaluated,5987000.0
2024-06-28,CA89117G8T70,Toronto-Dominion Bank,TD,Banks,senior_bail_in,4.52,2027-01-29,2027-01-29,2024-01-29,,100.48,4.32246901878857,,ishares_xcb,evaluated,3950000.0
2024-06-28,CA89117GK301,Toronto-Dominion Bank,TD,Banks,senior_bail_in,5.42,2026-07-10,2026-07-10,2023-07-10,,101.43,4.677043688979224,,ishares_xcb,evaluated,5185000.0
2024-06-28,CA89117GRJ80,Toronto-Dominion Bank,TD,Banks,senior_bail_in,4.68,2029-01-08,2029-01-08,2022-12-07,,100.46,4.567535689644472,,ishares_xcb,evaluated,8045000.0
2024-06-28,CA89117GTQ06,Toronto-Dominion Bank,TD,Banks,senior_bail_in,4.48,2028-01-18,2028-01-18,2023-01-18,,99.88,4.517843579817954,,ishares_xcb,evaluated,6171000.0
2024-06-28,CA89117GX510,Toronto-Dominion Bank,TD,Banks,senior_bail_in,5.49,2028-09-08,2028-09-08,2023-09-08,,103.47,4.566235588825734,,ishares_xcb,evaluated,3925000.0
2024-06-28,CA89353ZBA53,TransCanada PipeLines,TRP,Pipelines,senior,6.89,2028-08-07,2028-08-07,1997-07-30,,106.79,5.040209861307429,,ishares_xcb,evaluated,712000.0
2024-06-28,CA89353ZBE75,TransCanada PipeLines,TRP,Pipelines,senior,6.28,2028-05-26,2028-05-26,1998-05-26,,104.21,5.076441446592815,,ishares_xcb,evaluated,803000.0
2024-06-28,CA89353ZBK36,TransCanada PipeLines,TRP,Pipelines,senior,6.5,2030-12-09,2030-12-09,1998-12-07,,105.4,5.493223616449049,,ishares_xcb,evaluated,775000.0
2024-06-28,CA89353ZCA45,TransCanada PipeLines,TRP,Pipelines,senior,3.39,2028-03-15,2028-03-15,2017-09-15,,96.22,4.502730620966642,,ishares_xcb,evaluated,1567000.0
2024-06-28,CA89353ZCE66,TransCanada PipeLines,TRP,Pipelines,senior,3.0,2029-09-18,2029-09-18,2019-09-18,,93.24,4.462977767881961,,ishares_xcb,evaluated,2478000.0
2024-06-28,CA89353ZCF32,TransCanada PipeLines,TRP,Pipelines,senior,3.8,2027-04-05,2027-04-05,2020-04-03,,98.17,4.507069552698437,,ishares_xcb,evaluated,6173000.0
2024-06-28,CA89353ZCH97,TransCanada PipeLines,TRP,Pipelines,senior,2.97,2031-06-09,2031-06-09,2021-06-09,,90.74,4.538508219304948,,ishares_xcb,evaluated,1323000.0
2024-06-28,CA89353ZCK27,TransCanada PipeLines,TRP,Pipelines,senior,5.33,2032-05-12,2032-05-12,2022-05-12,,102.59,4.927269136919145,,ishares_xcb,evaluated,2063000.0
2024-06-28,CA89353ZCN65,TransCanada PipeLines,TRP,Pipelines,senior,5.28,2030-07-15,2030-07-15,2023-03-10,,102.86,4.731355484999044,,ishares_xcb,evaluated,4105000.0
2024-07-31,CA06368D3U60,Bank of Montreal,BMO,Banks,senior_bail_in,4.31,2027-06-01,2027-06-01,2022-06-01,,100.62,4.073766638635033,,ishares_xcb,evaluated,7647000.0
2024-07-31,CA06368DW260,Bank of Montreal,BMO,Banks,senior_bail_in,3.65,2027-04-01,2027-04-01,2022-04-01,,98.96,4.062083314672776,,ishares_xcb,evaluated,6014000.0
2024-07-31,CA06368L5G77,Bank of Montreal,BMO,Banks,senior_bail_in,4.42,2029-07-17,2029-07-17,2024-07-17,,101.24,4.140313327212873,,ishares_xcb,evaluated,3900000.0
2024-07-31,CA06368LB887,Bank of Montreal,BMO,Banks,senior_bail_in,4.54,2028-12-18,2028-12-18,2023-12-18,,101.72,4.105750068986551,,ishares_xcb,evaluated,5410000.0
2024-07-31,CA06368LEY89,Bank of Montreal,BMO,Banks,senior_bail_in,4.71,2027-12-07,2027-12-07,2022-12-07,,101.92,4.089099506918678,,ishares_xcb,evaluated,7566000.0
2024-07-31,CA06368LNK84,Bank of Montreal,BMO,Banks,senior_bail_in,5.04,2028-05-29,2028-05-29,2023-05-29,,103.33,4.087944205056006,,ishares_xcb,evaluated,5899000.0
2024-07-31,CA06415E4E25,Bank of Nova Scotia,BNS,Banks,senior_bail_in,1.4,2027-11-01,2027-11-01,2020-10-15,,92.63,3.8299743632516416,,ishares_xcb,evaluated,4802000.0
2024-07-31,CA06415FFT45,Bank of Nova Scotia,BNS,Banks,senior_bail_in,1.85,2026-11-02,2026-11-02,2021-10-08,,95.32,4.038979102917019,,ishares_xcb,evaluated,7105000.0
2024-07-31,CA06415GDE76,Bank of Nova Scotia,BNS,Banks,senior_bail_in,2.95,2027-03-08,2027-03-08,2022-03-07,,97.26,4.063807205553643,,ishares_xcb,evaluated,10234000.0
2024-07-31,CA064164QM14,Bank of Nova Scotia,BNS,Banks,senior_bail_in,4.68,2029-02-01,2029-02-01,2024-02-01,,102.28,4.121553114673157,,ishares_xcb,evaluated,5955000.0
2024-07-31,CA07813ZAC82,Bell Canada,BCE,Telecom,senior,6.55,2029-05-01,2029-05-01,1999-07-19,,108.55,4.525144367700093,,ishares_xcb,evaluated,572000.0
2024-07-31,CA07813ZAL81,Bell Canada,BCE,Telecom,senior,7.85,2031-04-02,2031-04-02,2001-04-02,,116.96,4.841906605287914,,ishares_xcb,evaluated,875000.0
2024-07-31,CA07813ZAP95,Bell Canada,BCE,Telecom,senior,7.3,2032-02-23,2032-02-23,2002-02-22,,115.37,4.8487892257782415,,ishares_xcb,evaluated,1231000.0
2024-07-31,CA07813ZAT18,Bell Canada,BCE,Telecom,senior,6.1,2035-03-16,2035-03-16,2004-03-16,,109.7,4.914242678978295,,ishares_xcb,evaluated,1478000.0
2024-07-31,CA07813ZBV54,Bell Canada,BCE,Telecom,senior,2.9,2026-08-12,2026-08-12,2016-08-12,,97.61,4.139344383518244,,ishares_xcb,evaluated,2223000.0
2024-07-31,CA07813ZCC64,Bell Canada,BCE,Telecom,senior,2.9,2029-09-10,2029-09-10,2019-09-10,,93.95,4.225858160703588,,ishares_xcb,evaluated,1831000.0
2024-07-31,CA07813ZCE21,Bell Canada,BCE,Telecom,senior,2.5,2030-05-14,2030-05-14,2020-05-14,,90.77,4.317787436155229,,ishares_xcb,evaluated,3117000.0
2024-07-31,CA07813ZCF95,Bell Canada,BCE,Telecom,senior,1.65,2027-08-16,2027-08-16,2020-08-14,,93.75,3.8459381688666197,,ishares_xcb,evaluated,2477000.0
2024-07-31,CA07813ZCG78,Bell Canada,BCE,Telecom,senior,3.0,2031-03-17,2031-03-17,2021-03-17,,92.13,4.378266503247905,,ishares_xcb,evaluated,3234000.0
2024-07-31,CA07813ZCJ18,Bell Canada,BCE,Telecom,senior,2.2,2028-05-29,2028-05-29,2021-05-28,,93.49,4.0510811564284,,ishares_xcb,evaluated,954000.0
2024-07-31,CA07813ZCK80,Bell Canada,BCE,Telecom,senior,5.85,2032-11-10,2032-11-10,2022-11-10,,108.52,4.597972829971499,,ishares_xcb,evaluated,4015000.0
2024-07-31,CA07813ZCL63,Bell Canada,BCE,Telecom,senior,4.55,2030-02-09,2030-02-09,2023-02-09,,101.17,4.310725190183592,,ishares_xcb,evaluated,2965000.0
2024-07-31,CA07813ZCQ50,Bell Canada,BCE,Telecom,senior,5.25,2029-03-15,2029-03-15,2023-11-14,,104.19,4.23770973780572,,ishares_xcb,evaluated,1885000.0
2024-07-31,CA07813ZCR34,Bell Canada,BCE,Telecom,senior,5.15,2034-08-24,2034-08-24,2024-05-24,,103.04,4.766583613239742,,ishares_xcb,evaluated,2980000.0
2024-07-31,CA11291ZAE75,Brookfield Infrastructure Finance,BIP,Utilities,senior,4.19,2028-09-11,2028-09-11,2018-09-10,,99.85,4.225517256536168,,ishares_xcb,evaluated,1936000.0
2024-07-31,CA11291ZAF41,Brookfield Infrastructure Finance,BIP,Utilities,senior,3.41,2029-10-09,2029-10-09,2019-10-03,,95.61,4.362602222290794,,ishares_xcb,evaluated,2343000.0
2024-07-31,CA11291ZAG24,Brookfield Infrastructure Finance,BIP,Utilities,senior,2.86,2032-09-01,2032-09-01,2020-09-01,,87.47,4.741665918900809,,ishares_xcb,evaluated,1220000.0
2024-07-31,CA11291ZAH07,Brookfield Infrastructure Finance,BIP,Utilities,senior,5.44,2034-04-25,2034-04-25,2022-04-25,,104.35,4.871949783020425,,ishares_xcb,evaluated,1145000.0
2024-07-31,CA11291ZAK36,Brookfield Infrastructure Finance,BIP,Utilities,senior,5.62,2027-11-14,2027-11-14,2022-11-14,,104.22,4.226252314258889,,ishares_xcb,evaluated,1490000.0
2024-07-31,CA11291ZAL19,Brookfield Infrastructure Finance,BIP,Utilities,senior,5.98,2033-02-14,2033-02-14,2022-11-14,,107.89,4.841563173354654,,ishares_xcb,evaluated,819000.0
2024-07-31,CA11291ZAM91,Brookfield Infrastructure Finance,BIP,Utilities,senior,5.71,2030-07-27,2030-07-27,2023-07-27,,105.97,4.559428966989809,,ishares_xcb,evaluated,1530000.0
2024-07-31,CA13607H5C22,Canadian Imperial Bank of Commerce,CM,Banks,senior_bail_in,5.05,2027-10-07,2027-10-07,2022-10-07,,102.76,4.113283886192395,,ishares_xcb,evaluated,5195000.0
2024-07-31,CA13607HC349,Canadian Imperial Bank of Commerce,CM,Banks,senior_bail_in,2.25,2027-01-07,2027-01-07,2022-01-07,,95.83,4.065083546411038,,ishares_xcb,evaluated,5206000.0
2024-07-31,CA13607HV661,Canadian Imperial Bank of Commerce,CM,Banks,senior_bail_in,4.95,2027-06-29,2027-06-29,2022-06-29,,102.27,4.1132537011169115,,ishares_xcb,evaluated,5904000.0
2024-07-31,CA13607L3Y79,Canadian Imperial Bank of Commerce,CM,Banks,senior_bail_in,4.9,2027-04-02,2026-04-02,2024-04-02,,100.89,4.335993300501851,,ishares_xcb,evaluated,3700000.0
2024-07-31,CA13607LPY34,Canadian Imperial Bank of Commerce,CM,Banks,senior_bail_in,5.5,2028-01-14,2028-01-14,2023-07-14,,104.37,4.128005992476416,,ishares_xcb,evaluated,3755000.0
2024-07-31,CA13607LSJ30,Canadian Imperial Bank of Commerce,CM,Banks,senior_bail_in,5.0,2026-12-07,2026-12-07,2023-12-07,,102.03,4.082924504248043,,ishares_xcb,evaluated,3810000.0
2024-07-31,CA29251ZAD92,Enbridge Inc,ENB,Pipelines,senior,7.22,2030-07-24,2030-07-24,2000-07-24,,111.08,5.049970607213447,,ishares_xcb,evaluated,806000.0
2024-07-31,CA29251ZAK36,Enbridge Inc,ENB,Pipelines,senior,7.2,2032-06-18,2032-06-18,2001-06-18,,113.02,5.166531949131302,,ishares_xcb,evaluated,930000.0
2024-07-31,CA29251ZAQ06,Enbridge Inc,ENB,Pipelines,senior,5.57,2035-11-14,2035-11-14,2005-11-14,,105.02,4.981115127344825,,ishares_xcb,evaluated,394000.0
2024-07-31,CA29251ZBK27,Enbridge Inc,ENB,Pipelines,senior,3.2,2027-06-08,2027-06-08,2017-06-08,,97.66,4.074752883408994,,ishares_xcb,evaluated,3057000.0
2024-07-31,CA29251ZBS52,Enbridge Inc,ENB,Pipelines,senior,2.99,2029-10-03,2029-10-03,2019-10-03,,94.43,4.197348419167265,,ishares_xcb,evaluated,2430000.0
2024-07-31,CA29251ZBU09,Enbridge Inc,ENB,Pipelines,senior,3.1,2033-09-21,2033-09-21,2021-09-21,,88.84,4.608046453366012,,ishares_xcb,evaluated,3056000.0
2024-07-31,CA29251ZBW64,Enbridge Inc,ENB,Pipelines,senior,6.1,2032-11-09,2032-11-09,2022-11-09,,109.92,4.6396933337592765,,ishares_xcb,evaluated,2390000.0
2024-07-31,CA29251ZBY21,Enbridge Inc,ENB,Pipelines,senior,5.7,2027-11-09,2027-11-09,2022-11-09,,104.61,4.173244927533414,,ishares_xcb,evaluated,1806000.0
2024-07-31,CA29251ZBZ95,Enbridge Inc,ENB,Pipelines,senior,5.36,2033-05-26,2033-05-26,2023-05-26,,105.22,4.6303366009668245,,ishares_xcb,evaluated,1415000.0
2024-07-31,CA29251ZCA36,Enbridge Inc,ENB,Pipelines,senior,4.9,2028-05-26,2028-05-26,2023-05-26,,102.72,4.1195903077839215,,ishares_xcb,evaluated,1895000.0
2024-07-31,CA349553AP21,Fortis Inc,FTS,Utilities,senior,2.18,2028-05-15,2028-05-15,2021-05-14,,94.04,3.884221216756276,,ishares_xcb,evaluated,1633000.0
2024-07-31,CA349553AQ04,Fortis Inc,FTS,Utilities,senior,4.43,2029-05-31,2029-05-31,2022-05-31,,101.61,4.058202603357426,,ishares_xcb,evaluated,1623000.0
2024-07-31,CA349553AR86,Fortis Inc,FTS,Utilities,senior,5.68,2033-11-08,2033-11-08,2023-11-08,,108.37,4.560408008136426,,ishares_xcb,evaluated,1300000.0
2024-07-31,CA44810ZAB63,Hydro One Inc,H,Utilities,senior,6.93,2032-06-01,2032-06-01,2001-06-22,,117.25,4.310814600738235,,ishares_xcb,evaluated,1012000.0
2024-07-31,CA44810ZAD20,Hydro One Inc,H,Utilities,senior,6.35,2034-01-31,2034-01-31,2003-01-31,,115.1,4.389059717761618,,ishares_xcb,evaluated,1224000.0
2024-07-31,CA44810ZAP59,Hydro One Inc,H,Utilities,senior,5.36,2036-05-20,2036-05-20,2005-05-19,,108.02,4.476230808542478,,ishares_xcb,evaluated,2261000.0
2024-07-31,CA44810ZBZ23,Hydro One Inc,H,Utilities,senior,3.02,2029-04-05,2029-04-05,2019-04-05,,96.7,3.7948039176077217,,ishares_xcb,evaluated,1840000.0
2024-07-31,CA44810ZCC29,Hydro One Inc,H,Utilities,senior,2.16,2030-02-28,2030-02-28,2020-02-28,,91.39,3.8926474594664273,,ishares_xcb,evaluated,1386000.0
2024-07-31,CA44810ZCF59,Hydro One Inc,H,Utilities,senior,1.69,2031-01-16,2031-01-16,2020-10-09,,87.8,3.840493143466666,,ishares_xcb,evaluated,1370000.0
2024-07-31,CA44810ZCG33,Hydro One Inc,H,Utilities,senior,2.23,2031-09-17,2031-09-17,2021-09-17,,89.42,3.9453121372498763,,ishares_xcb,evaluated,1243000.0
2024-07-31,CA44810ZCJ71,Hydro One Inc,H,Utilities,senior,4.91,2028-01-27,2028-01-27,2022-10-27,,103.44,3.8467119741127336,,ishares_xcb,evaluated,1902000.0
2024-07-31,CA44810ZCK45,Hydro One Inc,H,Utilities,senior,3.93,2029-11-30,2029-11-30,2023-01-27,,100.52,3.8192696905228223,,ishares_xcb,evaluated,1282000.0
2024-07-31,CA44810ZCL28,Hydro One Inc,H,Utilities,senior,4.16,2033-01-27,2033-01-27,2023-01-27,,100.34,4.1120307663432625,,ishares_xcb,evaluated,1470000.0
2024-07-31,CA44810ZCR97,Hydro One Inc,H,Utilities,senior,4.39,2034-03-01,2034-03-01,2024-01-12,,101.42,4.2061597399342485,,ishares_xcb,evaluated,1080000.0
2024-07-31,CA448810AC58,Hydro One Inc,H,Utilities,senior,7.35,2030-06-03,2030-06-03,2000-06-01,,116.31,4.172724533558386,,ishares_xcb,evaluated,1363000.0
2024-07-31,CA63306AGJ93,National Bank of Canada,NA,Banks,senior_bail_in,1.57,2026-08-18,2026-08-18,2020-07-15,,97.08,3.0513372236603344,,ishares_xcb,evaluated,1553000.0
2024-07-31,CA63306AHB58,National Bank of Canada,NA,Banks,senior_bail_in,2.24,2026-11-04,2026-11-04,2021-11-04,,96.13,4.045071683081904,,ishares_xcb,evaluated,3038000.0
2024-07-31,CA63306AHP45,National Bank of Canada,NA,Banks,senior_bail_in,5.22,2028-06-14,2028-06-14,2023-06-14,,104.01,4.087666817737532,,ishares_xcb,evaluated,5220000.0
2024-07-31,CA63306AHT66,National Bank of Canada,NA,Banks,senior_bail_in,5.02,2029-02-01,2029-02-01,2023-12-07,,103.66,4.122704242716759,,ishares_xcb,evaluated,4475000.0
2024-07-31,CA63306AHU30,National Bank of Canada,NA,Banks,senior_bail_in,4.97,2026-12-07,2026-12-07,2023-12-07,,101.96,4.084435280712301,,ishares_xcb,evaluated,1510000.0
2024-07-31,CA63306AHX78,National Bank of Canada,NA,Banks,senior_bail_in,4.98,2027-03-18,2026-03-18,2024-03-18,,100.96,4.351688527854028,,ishares_xcb,evaluated,2063000.0
2024-07-31,CA70632ZAF86,Pembina Pipeline,PPL,Pipelines,senior,4.24,2027-06-15,2027-06-15,2015-06-16,,100.19,4.16709917645485,,ishares_xcb,evaluated,1634000.0
2024-07-31,CA70632ZAG69,Pembina Pipeline,PPL,Pipelines,senior,3.71,2026-08-11,2026-08-11,2016-08-11,,99.06,4.199773464549013,,ishares_xcb,evaluated,1689000.0
2024-07-31,CA70632ZAK71,Pembina Pipeline,PPL,Pipelines,senior,4.02,2028-03-27,2028-03-27,2018-03-26,,99.55,4.14917992906827,,ishares_xcb,evaluated,1842000.0
2024-07-31,CA70632ZAM38,Pembina Pipeline,PPL,Pipelines,senior,3.62,2029-04-03,2029-04-03,2019-04-03,,97.41,4.234705458229785,,ishares_xcb,evaluated,1948000.0
2024-07-31,CA70632ZAQ42,Pembina Pipeline,PPL,Pipelines,senior,3.31,2030-02-01,2030-02-01,2019-09-12,,95.17,4.306120676005839,,ishares_xcb,evaluated,1525000.0
2024-07-31,CA70632ZAS08,Pembina Pipeline,PPL,Pipelines,senior,3.53,2031-12-10,2031-12-10,2021-12-10,,93.46,4.586080804476605,,ishares_xcb,evaluated,1592000.0
2024-07-31,CA70632ZAV37,Pembina Pipeline,PPL,Pipelines,senior,5.02,2032-01-12,2032-01-12,2024-01-12,,102.27,4.655085222240534,,ishares_xcb,evaluated,3060000.0
2024-07-31,CA70632ZAW10,Pembina Pipeline,PPL,Pipelines,senior,5.21,2034-01-12,2034-01-12,2024-01-12,,102.68,4.852334044346154,,ishares_xcb,evaluated,1770000.0
2024-07-31,CA70632ZAY75,Pembina Pipeline,PPL,Pipelines,senior,5.22,2033-06-28,2033-06-28,2024-06-28,,102.94,4.809583311130549,,ishares_xcb,evaluated,1920000.0
2024-07-31,CA775109BJ98,Rogers Communications,RCI,Telecom,senior,3.25,2029-05-01,2029-05-01,2019-04-30,,95.47,4.31176629214891,,ishares_xcb,evaluated,2624000.0
2024-07-31,CA775109BK61,Rogers Communications,RCI,Telecom,senior,3.65,2027-03-31,2027-03-31,2020-03-31,,98.55,4.227661661940213,,ishares_xcb,evaluated,4777000.0
2024-07-31,CA775109BT70,Rogers Communications,RCI,Telecom,senior,3.75,2029-04-15,2029-04-15,2022-03-11,,97.6,4.316964538184419,,ishares_xcb,evaluated,2996000.0
2024-07-31,CA775109BV27,Rogers Communications,RCI,Telecom,senior,4.25,2032-04-15,2032-04-15,2022-03-11,,97.48,4.641192366030383,,ishares_xcb,evaluated,2927000.0
2024-07-31,CA775109CM19,Rogers Communications,RCI,Telecom,senior,3.8,2027-03-01,2027-03-01,2023-04-03,,98.92,4.238689870088375,,ishares_xcb,evaluated,515000.0
2024-07-31,CA775109CP40,Rogers Communications,RCI,Telecom,senior,4.4,2028-11-02,2028-11-02,2023-04-03,,100.48,4.27164130647973,,ishares_xcb,evaluated,1433000.0
2024-07-31,CA775109CQ23,Rogers Communications,RCI,Telecom,senior,3.3,2029-12-10,2029-12-10,2019-12-09,,95.07,4.3396615220097505,,ishares_xcb,evaluated,1784000.0
2024-07-31,CA775109CS88,Rogers Communications,RCI,Telecom,senior,2.9,2030-12-09,2030-12-09,2020-04-22,,91.4,4.468005452947961,,ishares_xcb,evaluated,1496000.0
2024-07-31,CA775109CU35,Rogers Communications,RCI,Telecom,senior,5.65,2026-09-21,2026-09-21,2023-09-21,,102.84,4.237445914963278,,ishares_xcb,evaluated,1850000.0
2024-07-31,CA775109CV18,Rogers Communications,RCI,Telecom,senior,5.7,2028-09-21,2028-09-21,2023-09-21,,105.31,4.2810360518066375,,ishares_xcb,evaluated,2765000.0
2024-07-31,CA775109CW90,Rogers Communications,RCI,Telecom,senior,5.8,2030-09-21,2030-09-21,2023-09-21,,107.03,4.473732250855452,,ishares_xcb,evaluated,1550000.0
2024-07-31,CA775109DA61,Rogers Communications,RCI,Telecom,senior,5.9,2033-09-21,2033-09-21,2023-09-21,,108.34,4.760799994538859,,ishares_xcb,evaluated,3160000.0
2024-07-31,CA780086RQ98,Royal Bank of Canada,RY,Banks,senior_bail_in,2.33,2027-01-28,2027-01-28,2020-01-28,,96.09,3.9939516214243396,,ishares_xcb,evaluated,6640000.0
2024-07-31,CA780086TY05,Royal Bank of Canada,RY,Banks,senior_bail_in,1.83,2028-07-31,2028-07-31,2021-07-29,,92.88,3.7640272721052295,,ishares_xcb,evaluated,3116000.0
2024-07-31,CA780086U931,Royal Bank of Canada,RY,Banks,senior_bail_in,4.26,2026-12-21,2026-12-21,2023-12-21,,100.96,3.8338418025628194,,ishares_xcb,evaluated,6105000.0
2024-07-31,CA780086VK72,Royal Bank of Canada,RY,Banks,senior_bail_in,4.61,2027-07-26,2027-07-26,2022-07-25,,101.68,4.007110416517786,,ishares_xcb,evaluated,6372000.0
2024-07-31,CA780086VV38,Royal Bank of Canada,RY,Banks,senior_bail_in,5.24,2026-11-02,2026-11-02,2022-10-28,,102.49,4.065416416046725,,ishares_xcb,evaluated,5338000.0
2024-07-31,CA780086WG51,Royal Bank of Canada,RY,Banks,senior_bail_in,4.64,2028-01-17,2028-01-17,2023-01-17,,102.03,4.005234910964336,,ishares_xcb,evaluated,5866000.0
2024-07-31,CA780086XL38,Royal Bank of Canada,RY,Banks,senior_bail_in,4.63,2028-05-01,2028-05-01,2023-04-20,,102.07,4.0257638959598125,,ishares_xcb,evaluated,7400000.0
2024-07-31,CA780086ZH08,Royal Bank of Canada,RY,Banks,senior_bail_in,5.23,2030-06-24,2030-06-24,2023-06-23,,105.64,4.141424084547025,,ishares_xcb,evaluated,3878000.0
2024-07-31,CA87971MBG74,TELUS,TU,Telecom,senior,3.63,2028-03-01,2028-03-01,2018-03-01,,98.29,4.143398663149857,,ishares_xcb,evaluated,1644000.0
2024-07-31,CA87971MBJ14,TELUS,TU,Telecom,senior,3.3,2029-05-02,2029-05-02,2019-04-03,,96.1,4.210982610761593,,ishares_xcb,evaluated,3279000.0
2024-07-31,CA87971MBN26,TELUS,TU,Telecom,senior,3.15,2030-02-19,2030-02-19,2019-12-16,,94.37,4.301188702464738,,ishares_xcb,evaluated,1442000.0
2024-07-31,CA87971MBQ56,TELUS,TU,Telecom,senior,2.35,2028-01-27,2028-01-27,2020-05-29,,94.29,4.123705950152302,,ishares_xcb,evaluated,2240000.0
2024-07-31,CA87971MBS13,TELUS,TU,Telecom,senior,2.05,2030-10-07,2030-10-07,2020-10-05,,87.74,4.329646338156625,,ishares_xcb,evaluated,1449000.0
2024-07-31,CA87971MBV42,TELUS,TU,Telecom,senior,2.85,2031-11-13,2031-11-13,2021-06-28,,89.81,4.504863234083762,,ishares_xcb,evaluated,2270000.0
2024-07-31,CA87971MBX08,TELUS,TU,Telecom,senior,5.25,2032-11-15,2032-11-15,2022-09-13,,104.34,4.61175929860405,,ishares_xcb,evaluated,3181000.0
2024-07-31,CA87971MBZ55,TELUS,TU,Telecom,senior,5.0,2029-09-13,2029-09-13,2022-09-13,,103.36,4.2581410713728,,ishares_xcb,evaluated,1514000.0
2024-07-31,CA87971MCA95,TELUS,TU,Telecom,senior,4.95,2033-03-28,2033-03-28,2023-03-28,,102.06,4.6554114561159805,,ishares_xcb,evaluated,1388000.0
2024-07-31,CA87971MCB78,TELUS,TU,Telecom,senior,5.6,2030-09-09,2030-09-09,2023-09-08,,106.17,4.4316210796687905,,ishares_xcb,evaluated,1675000.0
2024-07-31,CA87971MCC51,TELUS,TU,Telecom,senior,5.75,2033-09-08,2033-09-08,2023-09-08,,107.6,4.710673462933448,,ishares_xcb,evaluated,2400000.0
2024-07-31,CA87971MCE18,TELUS,TU,Telecom,senior,4.8,2028-12-15,2028-12-15,2024-02-15,,102.31,4.214608876159692,,ishares_xcb,evaluated,1636000.0
2024-07-31,CA87971MCF82,TELUS,TU,Telecom,senior,4.95,2031-02-18,2031-02-18,2024-02-15,,102.76,4.460053385643653,,ishares_xcb,evaluated,1888000.0
2024-07-31,CA87971MCG65,TELUS,TU,Telecom,senior,5.1,2034-02-15,2034-02-15,2024-02-15,,102.63,4.754457371457691,,ishares_xcb,evaluated,1560000.0
2024-07-31,CA89116CDM60,Toronto-Dominion Bank,TD,Banks,senior_bail_in,4.23,2029-04-02,2029-04-02,2024-03-20,,101.99,3.759644426330623,,ishares_xcb,evaluated,3070000.0
2024-07-31,CA89117F7G86,Toronto-Dominion Bank,TD,Banks,senior_bail_in,4.21,2027-06-01,2027-06-01,2022-06-01,,100.37,4.068075112042695,,ishares_xcb,evaluated,7885000.0
2024-07-31,CA89117F7H69,Toronto-Dominion Bank,TD,Banks,senior_bail_in,5.38,2027-10-21,2027-10-21,2022-10-21,,103.94,4.060262012422738,,ishares_xcb,evaluated,5895000.0
2024-07-31,CA89117FA338,Toronto-Dominion Bank,TD,Banks,senior_bail_in,1.89,2028-03-08,2028-03-08,2021-03-08,,93.45,3.8505678400055303,,ishares_xcb,evaluated,4940000.0
2024-07-31,CA89117FJ347,Toronto-Dominion Bank,TD,Banks,senior_bail_in,1.9,2028-09-11,2028-09-11,2021-09-10,,92.67,3.8411484398744262,,ishares_xcb,evaluated,3496000.0
2024-07-31,CA89117FZ442,Toronto-Dominion Bank,TD,Banks,senior_bail_in,2.26,2027-01-07,2027-01-07,2022-01-07,,95.96,4.017272890851404,,ishares_xcb,evaluated,6037000.0
2024-07-31,CA89117G8T70,Toronto-Dominion Bank,TD,Banks,senior_bail_in,4.52,2027-01-29,2027-01-29,2024-01-29,,101.61,3.83686770957479,,ishares_xcb,evaluated,4105000.0
2024-07-31,CA89117GRJ80,Toronto-Dominion Bank,TD,Banks,senior_bail_in,4.68,2029-01-08,2029-01-08,2022-12-07,,102.33,4.09913734870874,,ishares_xcb,evaluated,7995000.0
2024-07-31,CA89117GTQ06,Toronto-Dominion Bank,TD,Banks,senior_bail_in,4.48,2028-01-18,2028-01-18,2023-01-18,,101.39,4.0451359693363065,,ishares_xcb,evaluated,6171000.0
2024-07-31,CA89117GX510,Toronto-Dominion Bank,TD,Banks,senior_bail_in,5.49,2028-09-08,2028-09-08,2023-09-08,,105.25,4.0822634604602355,,ishares_xcb,evaluated,4255000.0
2024-07-31,CA89353ZBA53,TransCanada PipeLines,TRP,Pipelines,senior,6.89,2028-08-07,2028-08-07,1997-07-30,,108.11,4.656268766334664,,ishares_xcb,evaluated,712000.0
2024-07-31,CA89353ZBE75,TransCanada PipeLines,TRP,Pipelines,senior,6.28,2028-05-26,2028-05-26,1998-05-26,,105.55,4.671930810550569,,ishares_xcb,evaluated,803000.0
2024-07-31,CA89353ZBK36,TransCanada PipeLines,TRP,Pipelines,senior,6.5,2030-12-09,2030-12-09,1998-12-07,,107.41,5.117897418009319,,ishares_xcb,evaluated,775000.0
2024-07-31,CA89353ZCA45,TransCanada PipeLines,TRP,Pipelines,senior,3.39,2028-03-15,2028-03-15,2017-09-15,,97.78,4.0505610703556005,,ishares_xcb,evaluated,1717000.0
2024-07-31,CA89353ZCE66,TransCanada PipeLines,TRP,Pipelines,senior,3.0,2029-09-18,2029-09-18,2019-09-18,,95.2,4.042240834547412,,ishares_xcb,evaluated,2478000.0
2024-07-31,CA89353ZCF32,TransCanada PipeLines,TRP,Pipelines,senior,3.8,2027-04-05,2027-04-05,2020-04-03,,99.31,4.071261263557663,,ishares_xcb,evaluated,6213000.0
2024-07-31,CA89353ZCH97,TransCanada PipeLines,TRP,Pipelines,senior,2.97,2031-06-09,2031-06-09,2021-06-09,,93.09,4.136871146080267,,ishares_xcb,evaluated,1323000.0
2024-07-31,CA89353ZCK27,TransCanada PipeLines,TRP,Pipelines,senior,5.33,2032-05-12,2032-05-12,2022-05-12,,104.93,4.567551130646863,,ishares_xcb,evaluated,2273000.0
2024-07-31,CA89353ZCN65,TransCanada PipeLines,TRP,Pipelines,senior,5.28,2030-07-15,2030-07-15,2023-03-10,,104.83,4.350006110244193,,ishares_xcb,evaluated,4065000.0
2024-08-30,CA06368D3U60,Bank of Montreal,BMO,Banks,senior_bail_in,4.31,2027-06-01,2027-06-01,2022-06-01,,100.78,4.004865500886473,,ishares_xcb,evaluated,8007000.0
2024-08-30,CA06368DW260,Bank of Montreal,BMO,Banks,senior_bail_in,3.65,2027-04-01,2027-04-01,2022-04-01,,99.17,3.988037578295245,,ishares_xcb,evaluated,6074000.0
2024-08-30,CA06368L5G77,Bank of Montreal,BMO,Banks,senior_bail_in,4.42,2029-07-17,2029-07-17,2024-07-17,,101.39,4.10091676809253,,ishares_xcb,evaluated,4160000.0
2024-08-30,CA06368LB887,Bank of Montreal,BMO,Banks,senior_bail_in,4.54,2028-12-18,2028-12-18,2023-12-18,,101.88,4.057161053031715,,ishares_xcb,evaluated,5865000.0
2024-08-30,CA06368LEY89,Bank of Montreal,BMO,Banks,senior_bail_in,4.71,2027-12-07,2027-12-07,2022-12-07,,102.07,4.025259147384548,,ishares_xcb,evaluated,7571000.0
2024-08-30,CA06368LNK84,Bank of Montreal,BMO,Banks,senior_bail_in,5.04,2028-05-29,2028-05-29,2023-05-29,,103.44,4.036738639689327,,ishares_xcb,evaluated,5994000.0
2024-08-30,CA06415E4E25,Bank of Nova Scotia,BNS,Banks,senior_bail_in,1.4,2027-11-01,2027-11-01,2020-10-15,,93.05,3.7428906061679137,,ishares_xcb,evaluated,4922000.0
2024-08-30,CA06415FFT45,Bank of Nova Scotia,BNS,Banks,senior_bail_in,1.85,2026-11-02,2026-11-02,2021-10-08,,95.7,3.929656013787529,,ishares_xcb,evaluated,7145000.0
2024-08-30,CA06415GDE76,Bank of Nova Scotia,BNS,Banks,senior_bail_in,2.95,2027-03-08,2027-03-08,2022-03-07,,97.52,3.9872815295677313,,ishares_xcb,evaluated,10379000.0
2024-08-30,CA064164QM14,Bank of Nova Scotia,BNS,Banks,senior_bail_in,4.68,2029-02-01,2029-02-01,2024-02-01,,102.44,4.069856301631142,,ishares_xcb,evaluated,5955000.0
2024-08-30,CA07813ZAC82,Bell Canada,BCE,Telecom,senior,6.55,2029-05-01,2029-05-01,1999-07-19,,108.52,4.501011351223393,,ishares_xcb,evaluated,572000.0
2024-08-30,CA07813ZAL81,Bell Canada,BCE,Telecom,senior,7.85,2031-04-02,2031-04-02,2001-04-02,,116.6,4.871984684722686,,ishares_xcb,evaluated,875000.0
2024-08-30,CA07813ZAP95,Bell Canada,BCE,Telecom,senior,7.3,2032-02-23,2032-02-23,2002-02-22,,115.08,4.870142693905315,,ishares_xcb,evaluated,1231000.0
2024-08-30,CA07813ZAT18,Bell Canada,BCE,Telecom,senior,6.1,2035-03-16,2035-03-16,2004-03-16,,109.55,4.924989509747884,,ishares_xcb,evaluated,1478000.0
2024-08-30,CA07813ZCC64,Bell Canada,BCE,Telecom,senior,2.9,2029-09-10,2029-09-10,2019-09-10,,94.2,4.188128728693592,,ishares_xcb,evaluated,1831000.0
2024-08-30,CA07813ZCE21,Bell Canada,BCE,Telecom,senior,2.5,2030-05-14,2030-05-14,2020-05-14,,91.0,4.293154464022008,,ishares_xcb,evaluated,3247000.0
2024-08-30,CA07813ZCF95,Bell Canada,BCE,Telecom,senior,1.65,2027-08-16,2027-08-16,2020-08-14,,94.13,3.7624614839107626,,ishares_xcb,evaluated,2552000.0
2024-08-30,CA07813ZCG78,Bell Canada,BCE,Telecom,senior,3.0,2031-03-17,2031-03-17,2021-03-17,,92.27,4.367728678853137,,ishares_xcb,evaluated,3369000.0
2024-08-30,CA07813ZCJ18,Bell Canada,BCE,Telecom,senior,2.2,2028-05-29,2028-05-29,2021-05-28,,93.84,3.983787410575014,,ishares_xcb,evaluated,954000.0
2024-08-30,CA07813ZCK80,Bell Canada,BCE,Telecom,senior,5.85,2032-11-10,2032-11-10,2022-11-10,,108.32,4.615854870010441,,ishares_xcb,evaluated,4015000.0
2024-08-30,CA07813ZCL63,Bell Canada,BCE,Telecom,senior,4.55,2030-02-09,2030-02-09,2023-02-09,,101.26,4.287038685889528,,ishares_xcb,evaluated,3280000.0
2024-08-30,CA07813ZCQ50,Bell Canada,BCE,Telecom,senior,5.25,2029-03-15,2029-03-15,2023-11-14,,104.26,4.204847417312801,,ishares_xcb,evaluated,1885000.0
2024-08-30,CA07813ZCR34,Bell Canada,BCE,Telecom,senior,5.15,2034-08-24,2034-08-24,2024-05-24,,102.75,4.7998611814948955,,ishares_xcb,evaluated,3095000.0
2024-08-30,CA078149DW82,Bell Canada,BCE,Telecom,senior,7.0,2027-09-24,2027-09-24,1997-09-24,,107.38,4.392160426308062,,ishares_xcb,evaluated,10000.0
2024-08-30,CA11291ZAE75,Brookfield Infrastructure Finance,BIP,Utilities,senior,4.19,2028-09-11,2028-09-11,2018-09-10,,99.9,4.212477940081208,,ishares_xcb,evaluated,1971000.0
2024-08-30,CA11291ZAF41,Brookfield Infrastructure Finance,BIP,Utilities,senior,3.41,2029-10-09,2029-10-09,2019-10-03,,95.83,4.326969296623765,,ishares_xcb,evaluated,2353000.0
2024-08-30,CA11291ZAG24,Brookfield Infrastructure Finance,BIP,Utilities,senior,2.86,2032-09-01,2032-09-01,2020-09-01,,87.78,4.70805448848729,,ishares_xcb,evaluated,1300000.0
2024-08-30,CA11291ZAH07,Brookfield Infrastructure Finance,BIP,Utilities,senior,5.44,2034-04-25,2034-04-25,2022-04-25,,104.03,4.909199300355191,,ishares_xcb,evaluated,1155000.0
2024-08-30,CA11291ZAK36,Brookfield Infrastructure Finance,BIP,Utilities,senior,5.62,2027-11-14,2027-11-14,2022-11-14,,104.29,4.169860401935123,,ishares_xcb,evaluated,1530000.0
2024-08-30,CA11291ZAL19,Brookfield Infrastructure Finance,BIP,Utilities,senior,5.98,2033-02-14,2033-02-14,2022-11-14,,107.81,4.842763720094101,,ishares_xcb,evaluated,849000.0
2024-08-30,CA11291ZAM91,Brookfield Infrastructure Finance,BIP,Utilities,senior,5.71,2030-07-27,2030-07-27,2023-07-27,,106.06,4.527628583781653,,ishares_xcb,evaluated,1555000.0
2024-08-30,CA13607H5C22,Canadian Imperial Bank of Commerce,CM,Banks,senior_bail_in,5.05,2027-10-07,2027-10-07,2022-10-07,,102.91,4.0396801552497825,,ishares_xcb,evaluated,5545000.0
2024-08-30,CA13607HC349,Canadian Imperial Bank of Commerce,CM,Banks,senior_bail_in,2.25,2027-01-07,2027-01-07,2022-01-07,,96.18,3.9639438907429123,,ishares_xcb,evaluated,5376000.0
2024-08-30,CA13607HV661,Canadian Imperial Bank of Commerce,CM,Banks,senior_bail_in,4.95,2027-06-29,2027-06-29,2022-06-29,,102.41,4.037500492883668,,ishares_xcb,evaluated,6104000.0
2024-08-30,CA13607L3Y79,Canadian Imperial Bank of Commerce,CM,Banks,senior_bail_in,4.9,2027-04-02,2026-04-02,2024-04-02,,101.04,4.210883299538003,,ishares_xcb,evaluated,3795000.0
2024-08-30,CA13607LPY34,Canadian Imperial Bank of Commerce,CM,Banks,senior_bail_in,5.5,2028-01-14,2028-01-14,2023-07-14,,104.48,4.061515311568766,,ishares_xcb,evaluated,3860000.0
2024-08-30,CA13607LSJ30,Canadian Imperial Bank of Commerce,CM,Banks,senior_bail_in,5.0,2026-12-07,2026-12-07,2023-12-07,,102.16,3.9911406665972615,,ishares_xcb,evaluated,3980000.0
2024-08-30,CA29251ZAD92,Enbridge Inc,ENB,Pipelines,senior,7.22,2030-07-24,2030-07-24,2000-07-24,,111.17,5.007175671651196,,ishares_xcb,evaluated,806000.0
2024-08-30,CA29251ZAK36,Enbridge Inc,ENB,Pipelines,senior,7.2,2032-06-18,2032-06-18,2001-06-18,,113.22,5.12064498479245,,ishares_xcb,evaluated,930000.0
2024-08-30,CA29251ZAQ06,Enbridge Inc,ENB,Pipelines,senior,5.57,2035-11-14,2035-11-14,2005-11-14,,104.99,4.981006981532475,,ishares_xcb,evaluated,394000.0
2024-08-30,CA29251ZBK27,Enbridge Inc,ENB,Pipelines,senior,3.2,2027-06-08,2027-06-08,2017-06-08,,97.91,4.001455911093023,,ishares_xcb,evaluated,3177000.0
2024-08-30,CA29251ZBS52,Enbridge Inc,ENB,Pipelines,senior,2.99,2029-10-03,2029-10-03,2019-10-03,,94.67,4.160920385218164,,ishares_xcb,evaluated,2475000.0
2024-08-30,CA29251ZBU09,Enbridge Inc,ENB,Pipelines,senior,3.1,2033-09-21,2033-09-21,2021-09-21,,88.95,4.603661976048304,,ishares_xcb,evaluated,3441000.0
2024-08-30,CA29251ZBW64,Enbridge Inc,ENB,Pipelines,senior,6.1,2032-11-09,2032-11-09,2022-11-09,,109.77,4.648875144794923,,ishares_xcb,evaluated,2390000.0
2024-08-30,CA29251ZBY21,Enbridge Inc,ENB,Pipelines,senior,5.7,2027-11-09,2027-11-09,2022-11-09,,104.76,4.0874918181426505,,ishares_xcb,evaluated,1806000.0
2024-08-30,CA29251ZBZ95,Enbridge Inc,ENB,Pipelines,senior,5.36,2033-05-26,2033-05-26,2023-05-26,,105.14,4.635303326832318,,ishares_xcb,evaluated,1415000.0
2024-08-30,CA29251ZCA36,Enbridge Inc,ENB,Pipelines,senior,4.9,2028-05-26,2028-05-26,2023-05-26,,102.81,4.077274079907515,,ishares_xcb,evaluated,1895000.0
2024-08-30,CA29251ZCC91,Enbridge Inc,ENB,Pipelines,senior,4.21,2030-02-22,2030-02-22,2024-08-22,,99.96,4.217910887562091,,ishares_xcb,evaluated,1280000.0
2024-08-30,CA29251ZCD74,Enbridge Inc,ENB,Pipelines,senior,4.73,2034-08-22,2034-08-22,2024-08-22,,99.63,4.77679542631249,,ishares_xcb,evaluated,2180000.0
2024-08-30,CA349553AP21,Fortis Inc,FTS,Utilities,senior,2.18,2028-05-15,2028-05-15,2021-05-14,,94.28,3.8472440839949953,,ishares_xcb,evaluated,1638000.0
2024-08-30,CA349553AQ04,Fortis Inc,FTS,Utilities,senior,4.43,2029-05-31,2029-05-31,2022-05-31,,101.54,4.068265964412505,,ishares_xcb,evaluated,1623000.0
2024-08-30,CA349553AR86,Fortis Inc,FTS,Utilities,senior,5.68,2033-11-08,2033-11-08,2023-11-08,,108.38,4.55107273342779,,ishares_xcb,evaluated,1345000.0
2024-08-30,CA44810ZAB63,Hydro One Inc,H,Utilities,senior,6.93,2032-06-01,2032-06-01,2001-06-22,,117.21,4.294831342131824,,ishares_xcb,evaluated,1087000.0
2024-08-30,CA44810ZAD20,Hydro One Inc,H,Utilities,senior,6.35,2034-01-31,2034-01-31,2003-01-31,,114.98,4.389802018200293,,ishares_xcb,evaluated,1224000.0
2024-08-30,CA44810ZAP59,Hydro One Inc,H,Utilities,senior,5.36,2036-05-20,2036-05-20,2005-05-19,,107.51,4.525261634927416,,ishares_xcb,evaluated,2376000.0
2024-08-30,CA44810ZBZ23,Hydro One Inc,H,Utilities,senior,3.02,2029-04-05,2029-04-05,2019-04-05,,96.92,3.7542084795537054,,ishares_xcb,evaluated,1850000.0
2024-08-30,CA44810ZCC29,Hydro One Inc,H,Utilities,senior,2.16,2030-02-28,2030-02-28,2020-02-28,,91.67,3.856824793914493,,ishares_xcb,evaluated,1431000.0
2024-08-30,CA44810ZCF59,Hydro One Inc,H,Utilities,senior,1.69,2031-01-16,2031-01-16,2020-10-09,,88.23,3.783874173945613,,ishares_xcb,evaluated,1370000.0
2024-08-30,CA44810ZCG33,Hydro One Inc,H,Utilities,senior,2.23,2031-09-17,2031-09-17,2021-09-17,,89.57,3.9373955373182348,,ishares_xcb,evaluated,1258000.0
2024-08-30,CA44810ZCJ71,Hydro One Inc,H,Utilities,senior,4.91,2028-01-27,2028-01-27,2022-10-27,,103.56,3.7843623222373,,ishares_xcb,evaluated,2092000.0
2024-08-30,CA44810ZCK45,Hydro One Inc,H,Utilities,senior,3.93,2029-11-30,2029-11-30,2023-01-27,,100.6,3.8001652374056616,,ishares_xcb,evaluated,1377000.0
2024-08-30,CA44810ZCL28,Hydro One Inc,H,Utilities,senior,4.16,2033-01-27,2033-01-27,2023-01-27,,100.46,4.093882964388165,,ishares_xcb,evaluated,1520000.0
2024-08-30,CA44810ZCR97,Hydro One Inc,H,Utilities,senior,4.39,2034-03-01,2034-03-01,2024-01-12,,101.4,4.207453198481172,,ishares_xcb,evaluated,1330000.0
2024-08-30,CA44810ZCS70,Hydro One Inc,H,Utilities,senior,4.25,2035-01-04,2035-01-04,2024-08-20,,99.63,4.29343596769171,,ishares_xcb,evaluated,864000.0
2024-08-30,CA448810AC58,Hydro One Inc,H,Utilities,senior,7.35,2030-06-03,2030-06-03,2000-06-01,,116.23,4.150085711853809,,ishares_xcb,evaluated,1363000.0
2024-08-30,CA63306AHB58,National Bank of Canada,NA,Banks,senior_bail_in,2.24,2026-11-04,2026-11-04,2021-11-04,,96.48,3.937216651722524,,ishares_xcb,evaluated,3253000.0
2024-08-30,CA63306AHP45,National Bank of Canada,NA,Banks,senior_bail_in,5.22,2028-06-14,2028-06-14,2023-06-14,,104.11,4.036810587824604,,ishares_xcb,evaluated,5780000.0
2024-08-30,CA63306AHT66,National Bank of Canada,NA,Banks,senior_bail_in,5.02,2029-02-01,2029-02-01,2023-12-07,,103.78,4.075385042659684,,ishares_xcb,evaluated,4475000.0
2024-08-30,CA63306AHU30,National Bank of Canada,NA,Banks,senior_bail_in,4.97,2026-12-07,2026-12-07,2023-12-07,,102.12,3.979926185906144,,ishares_xcb,evaluated,1685000.0
2024-08-30,CA63306AHX78,National Bank of Canada,NA,Banks,senior_bail_in,4.98,2027-03-18,2026-03-18,2024-03-18,,101.12,4.212793488243841,,ishares_xcb,evaluated,2298000.0
2024-08-30,CA70632ZAF86,Pembina Pipeline,PPL,Pipelines,senior,4.24,2027-06-15,2027-06-15,2015-06-16,,100.31,4.118408230901339,,ishares_xcb,evaluated,1634000.0
2024-08-30,CA70632ZAK71,Pembina Pipeline,PPL,Pipelines,senior,4.02,2028-03-27,2028-03-27,2018-03-26,,99.64,4.124249009992371,,ishares_xcb,evaluated,1947000.0
2024-08-30,CA70632ZAM38,Pembina Pipeline,PPL,Pipelines,senior,3.62,2029-04-03,2029-04-03,2019-04-03,,97.44,4.237575212237521,,ishares_xcb,evaluated,2078000.0
2024-08-30,CA70632ZAQ42,Pembina Pipeline,PPL,Pipelines,senior,3.31,2030-02-01,2030-02-01,2019-09-12,,95.22,4.307150581467824,,ishares_xcb,evaluated,1525000.0
2024-08-30,CA70632ZAS08,Pembina Pipeline,PPL,Pipelines,senior,3.53,2031-12-10,2031-12-10,2021-12-10,,93.51,4.587726194120072,,ishares_xcb,evaluated,1607000.0
2024-08-30,CA70632ZAV37,Pembina Pipeline,PPL,Pipelines,senior,5.02,2032-01-12,2032-01-12,2024-01-12,,102.4,4.6299884025525015,,ishares_xcb,evaluated,3045000.0
2024-08-30,CA70632ZAW10,Pembina Pipeline,PPL,Pipelines,senior,5.21,2034-01-12,2034-01-12,2024-01-12,,102.68,4.849028454588892,,ishares_xcb,stale,1770000.0
2024-08-30,CA70632ZAY75,Pembina Pipeline,PPL,Pipelines,senior,5.22,2033-06-28,2033-06-28,2024-06-28,,102.97,4.801944715737223,,ishares_xcb,evaluated,2110000.0
2024-08-30,CA775109BJ98,Rogers Communications,RCI,Telecom,senior,3.25,2029-05-01,2029-05-01,2019-04-30,,95.63,4.289311146593455,,ishares_xcb,evaluated,2794000.0
2024-08-30,CA775109BK61,Rogers Communications,RCI,Telecom,senior,3.65,2027-03-31,2027-03-31,2020-03-31,,98.75,4.162302638482651,,ishares_xcb,evaluated,4777000.0
2024-08-30,CA775109BT70,Rogers Communications,RCI,Telecom,senior,3.75,2029-04-15,2029-04-15,2022-03-11,,97.65,4.314015150231963,,ishares_xcb,evaluated,3031000.0
2024-08-30,CA775109BV27,Rogers Communications,RCI,Telecom,senior,4.25,2032-04-15,2032-04-15,2022-03-11,,97.59,4.627268377989234,,ishares_xcb,evaluated,2927000.0
2024-08-30,CA775109CM19,Rogers Communications,RCI,Telecom,senior,3.8,2027-03-01,2027-03-01,2023-04-03,,99.13,4.162619346245109,,ishares_xcb,evaluated,525000.0
2024-08-30,CA775109CP40,Rogers Communications,RCI,Telecom,senior,4.4,2028-11-02,2028-11-02,2023-04-03,,100.56,4.247673716303217,,ishares_xcb,evaluated,1498000.0
2024-08-30,CA775109CQ23,Rogers Communications,RCI,Telecom,senior,3.3,2029-12-10,2029-12-10,2019-12-09,,95.15,4.336477251145611,,ishares_xcb,evaluated,1834000.0
2024-08-30,CA775109CS88,Rogers Communications,RCI,Telecom,senior,2.9,2030-12-09,2030-12-09,2020-04-22,,91.64,4.439844978896614,,ishares_xcb,evaluated,1536000.0
2024-08-30,CA775109CU35,Rogers Communications,RCI,Telecom,senior,5.65,2026-09-21,2026-09-21,2023-09-21,,102.94,4.13431877054489,,ishares_xcb,evaluated,1915000.0
2024-08-30,CA775109CV18,Rogers Communications,RCI,Telecom,senior,5.7,2028-09-21,2028-09-21,2023-09-21,,105.33,4.2502874194225075,,ishares_xcb,evaluated,2765000.0
2024-08-30,CA775109CW90,Rogers Communications,RCI,Telecom,senior,5.8,2030-09-21,2030-09-21,2023-09-21,,107.02,4.460508200163148,,ishares_xcb,evaluated,1630000.0
2024-08-30,CA775109DA61,Rogers Communications,RCI,Telecom,senior,5.9,2033-09-21,2033-09-21,2023-09-21,,108.2,4.771208775664432,,ishares_xcb,evaluated,3190000.0
2024-08-30,CA780086RQ98,Royal Bank of Canada,RY,Banks,senior_bail_in,2.33,2027-01-28,2027-01-28,2020-01-28,,96.4,3.9080783272869914,,ishares_xcb,evaluated,7020000.0
2024-08-30,CA780086TY05,Royal Bank of Canada,RY,Banks,senior_bail_in,1.83,2028-07-31,2028-07-31,2021-07-29,,93.14,3.727210318015417,,ishares_xcb,evaluated,3201000.0
2024-08-30,CA780086U931,Royal Bank of Canada,RY,Banks,senior_bail_in,4.26,2026-12-21,2026-12-21,2023-12-21,,101.16,3.7278302322185675,,ishares_xcb,evaluated,6105000.0
2024-08-30,CA780086VK72,Royal Bank of Canada,RY,Banks,senior_bail_in,4.61,2027-07-26,2027-07-26,2022-07-25,,101.83,3.934577148936248,,ishares_xcb,evaluated,6392000.0
2024-08-30,CA780086VV38,Royal Bank of Canada,RY,Banks,senior_bail_in,5.24,2026-11-02,2026-11-02,2022-10-28,,102.59,3.9749450822288384,,ishares_xcb,evaluated,5368000.0
2024-08-30,CA780086WG51,Royal Bank of Canada,RY,Banks,senior_bail_in,4.64,2028-01-17,2028-01-17,2023-01-17,,102.2,3.935806070280505,,ishares_xcb,evaluated,6066000.0
2024-08-30,CA780086XL38,Royal Bank of Canada,RY,Banks,senior_bail_in,4.63,2028-05-01,2028-05-01,2023-04-20,,102.27,3.954418604643153,,ishares_xcb,evaluated,7460000.0
2024-08-30,CA780086ZH08,Royal Bank of Canada,RY,Banks,senior_bail_in,5.23,2030-06-24,2030-06-24,2023-06-23,,105.83,4.091870900280893,,ishares_xcb,evaluated,3938000.0
2024-08-30,CA87971MBG74,TELUS,TU,Telecom,senior,3.63,2028-03-01,2028-03-01,2018-03-01,,98.53,4.079683087093873,,ishares_xcb,evaluated,1644000.0
2024-08-30,CA87971MBJ14,TELUS,TU,Telecom,senior,3.3,2029-05-02,2029-05-02,2019-04-03,,96.26,4.186314776408919,,ishares_xcb,evaluated,3289000.0
2024-08-30,CA87971MBN26,TELUS,TU,Telecom,senior,3.15,2030-02-19,2030-02-19,2019-12-16,,94.43,4.3033175916712585,,ishares_xcb,evaluated,1542000.0
2024-08-30,CA87971MBQ56,TELUS,TU,Telecom,senior,2.35,2028-01-27,2028-01-27,2020-05-29,,94.6,4.061768867499083,,ishares_xcb,evaluated,2240000.0
2024-08-30,CA87971MBS13,TELUS,TU,Telecom,senior,2.05,2030-10-07,2030-10-07,2020-10-05,,88.03,4.29978146822223,,ishares_xcb,evaluated,1564000.0
2024-08-30,CA87971MBV42,TELUS,TU,Telecom,senior,2.85,2031-11-13,2031-11-13,2021-06-28,,89.89,4.507436541665393,,ishares_xcb,evaluated,2445000.0
2024-08-30,CA87971MBX08,TELUS,TU,Telecom,senior,5.25,2032-11-15,2032-11-15,2022-09-13,,104.12,4.6378717453372,,ishares_xcb,evaluated,3276000.0
2024-08-30,CA87971MBZ55,TELUS,TU,Telecom,senior,5.0,2029-09-13,2029-09-13,2022-09-13,,103.39,4.240958807945001,,ishares_xcb,evaluated,1539000.0
2024-08-30,CA87971MCA95,TELUS,TU,Telecom,senior,4.95,2033-03-28,2033-03-28,2023-03-28,,101.96,4.667137726471444,,ishares_xcb,evaluated,1388000.0
2024-08-30,CA87971MCB78,TELUS,TU,Telecom,senior,5.6,2030-09-09,2030-09-09,2023-09-08,,106.16,4.4201431319763,,ishares_xcb,evaluated,1690000.0
2024-08-30,CA87971MCC51,TELUS,TU,Telecom,senior,5.75,2033-09-08,2033-09-08,2023-09-08,,107.39,4.731089851660379,,ishares_xcb,evaluated,2515000.0
2024-08-30,CA87971MCE18,TELUS,TU,Telecom,senior,4.8,2028-12-15,2028-12-15,2024-02-15,,102.4,4.181133541724729,,ishares_xcb,evaluated,1651000.0
2024-08-30,CA87971MCF82,TELUS,TU,Telecom,senior,4.95,2031-02-18,2031-02-18,2024-02-15,,102.81,4.444763022105848,,ishares_xcb,evaluated,1978000.0
2024-08-30,CA87971MCG65,TELUS,TU,Telecom,senior,5.1,2034-02-15,2034-02-15,2024-02-15,,102.54,4.762809862877199,,ishares_xcb,evaluated,1560000.0
2024-08-30,CA87971MCH49,TELUS,TU,Telecom,senior,4.65,2031-08-13,2031-08-13,2024-08-13,,100.55,4.556156595269022,,ishares_xcb,evaluated,555000.0
2024-08-30,CA89116CDM60,Toronto-Dominion Bank,TD,Banks,senior_bail_in,4.23,2029-04-02,2029-04-02,2024-03-20,,102.1,3.726195298972916,,ishares_xcb,evaluated,3070000.0
2024-08-30,CA89117F7G86,Toronto-Dominion Bank,TD,Banks,senior_bail_in,4.21,2027-06-01,2027-06-01,2022-06-01,,100.56,3.990161286276641,,ishares_xcb,evaluated,8390000.0
2024-08-30,CA89117F7H69,Toronto-Dominion Bank,TD,Banks,senior_bail_in,5.38,2027-10-21,2027-10-21,2022-10-21,,104.06,3.9887207905215343,,ishares_xcb,evaluated,6235000.0
2024-08-30,CA89117FA338,Toronto-Dominion Bank,TD,Banks,senior_bail_in,1.89,2028-03-08,2028-03-08,2021-03-08,,93.72,3.808600124595162,,ishares_xcb,evaluated,5105000.0
2024-08-30,CA89117FJ347,Toronto-Dominion Bank,TD,Banks,senior_bail_in,1.9,2028-09-11,2028-09-11,2021-09-10,,92.96,3.7972121270415036,,ishares_xcb,evaluated,3531000.0
2024-08-30,CA89117FZ442,Toronto-Dominion Bank,TD,Banks,senior_bail_in,2.26,2027-01-07,2027-01-07,2022-01-07,,96.25,3.941980408997358,,ishares_xcb,evaluated,6207000.0
2024-08-30,CA89117G8T70,Toronto-Dominion Bank,TD,Banks,senior_bail_in,4.52,2027-01-29,2027-01-29,2024-01-29,,101.81,3.726003710268385,,ishares_xcb,evaluated,4355000.0
2024-08-30,CA89117GRJ80,Toronto-Dominion Bank,TD,Banks,senior_bail_in,4.68,2029-01-08,2029-01-08,2022-12-07,,102.45,4.058089881967264,,ishares_xcb,evaluated,8025000.0
2024-08-30,CA89117GTQ06,Toronto-Dominion Bank,TD,Banks,senior_bail_in,4.48,2028-01-18,2028-01-18,2023-01-18,,101.53,3.9894314388879053,,ishares_xcb,evaluated,6181000.0
2024-08-30,CA89117GX510,Toronto-Dominion Bank,TD,Banks,senior_bail_in,5.49,2028-09-08,2028-09-08,2023-09-08,,105.31,4.040938738679779,,ishares_xcb,evaluated,4600000.0
2024-08-30,CA89353ZBA53,TransCanada PipeLines,TRP,Pipelines,senior,6.89,2028-08-07,2028-08-07,1997-07-30,,108.39,4.537026635471155,,ishares_xcb,evaluated,712000.0
2024-08-30,CA89353ZBE75,TransCanada PipeLines,TRP,Pipelines,senior,6.28,2028-05-26,2028-05-26,1998-05-26,,105.7,4.596831028147158,,ishares_xcb,evaluated,803000.0
2024-08-30,CA89353ZBK36,TransCanada PipeLines,TRP,Pipelines,senior,6.5,2030-12-09,2030-12-09,1998-12-07,,107.64,5.0612483423601295,,ishares_xcb,evaluated,775000.0
2024-08-30,CA89353ZCA45,TransCanada PipeLines,TRP,Pipelines,senior,3.39,2028-03-15,2028-03-15,2017-09-15,,98.02,3.990463966425728,,ishares_xcb,evaluated,1877000.0
2024-08-30,CA89353ZCE66,TransCanada PipeLines,TRP,Pipelines,senior,3.0,2029-09-18,2029-09-18,2019-09-18,,95.42,4.007790438595742,,ishares_xcb,evaluated,2478000.0
2024-08-30,CA89353ZCF32,TransCanada PipeLines,TRP,Pipelines,senior,3.8,2027-04-05,2027-04-05,2020-04-03,,99.53,3.98929143502742,,ishares_xcb,evaluated,6428000.0
2024-08-30,CA89353ZCH97,TransCanada PipeLines,TRP,Pipelines,senior,2.97,2031-06-09,2031-06-09,2021-06-09,,93.21,4.128033017837734,,ishares_xcb,evaluated,1468000.0
2024-08-30,CA89353ZCK27,TransCanada PipeLines,TRP,Pipelines,senior,5.33,2032-05-12,2032-05-12,2022-05-12,,104.94,4.558980829149094,,ishares_xcb,evaluated,2393000.0
2024-08-30,CA89353ZCN65,TransCanada PipeLines,TRP,Pipelines,senior,5.28,2030-07-15,2030-07-15,2023-03-10,,104.79,4.345319194507993,,ishares_xcb,evaluated,4070000.0
2024-09-30,CA06368D3U60,Bank of Montreal,BMO,Banks,senior_bail_in,4.31,2027-06-01,2027-06-01,2022-06-01,,101.97,3.527019395346611,,ishares_xcb,evaluated,7647000.0
2024-09-30,CA06368DW260,Bank of Montreal,BMO,Banks,senior_bail_in,3.65,2027-04-01,2027-04-01,2022-04-01,,100.4,3.479601041306277,,ishares_xcb,evaluated,6399000.0
2024-09-30,CA06368L5G77,Bank of Montreal,BMO,Banks,senior_bail_in,4.42,2029-07-17,2029-07-17,2024-07-17,,103.25,3.671963692588345,,ishares_xcb,evaluated,4470000.0
2024-09-30,CA06368LB887,Bank of Montreal,BMO,Banks,senior_bail_in,4.54,2028-12-18,2028-12-18,2023-12-18,,103.55,3.622219949490377,,ishares_xcb,evaluated,6190000.0
2024-09-30,CA06368LEY89,Bank of Montreal,BMO,Banks,senior_bail_in,4.71,2027-12-07,2027-12-07,2022-12-07,,103.46,3.548802507636085,,ishares_xcb,evaluated,7811000.0
2024-09-30,CA06368LNK84,Bank of Montreal,BMO,Banks,senior_bail_in,5.04,2028-05-29,2028-05-29,2023-05-29,,104.98,3.5719661660798914,,ishares_xcb,evaluated,6369000.0
2024-09-30,CA06415E4E25,Bank of Nova Scotia,BNS,Banks,senior_bail_in,1.4,2027-11-01,2027-11-01,2020-10-15,,94.65,3.2330735948046323,,ishares_xcb,evaluated,6097000.0
2024-09-30,CA06415FFT45,Bank of Nova Scotia,BNS,Banks,senior_bail_in,1.85,2026-11-02,2026-11-02,2021-10-08,,96.87,3.410891741898819,,ishares_xcb,evaluated,6875000.0
2024-09-30,CA06415GDE76,Bank of Nova Scotia,BNS,Banks,senior_bail_in,2.95,2027-03-08,2027-03-08,2022-03-07,,98.78,3.4760449941447504,,ishares_xcb,evaluated,11029000.0
2024-09-30,CA064164QM14,Bank of Nova Scotia,BNS,Banks,senior_bail_in,4.68,2029-02-01,2029-02-01,2024-02-01,,104.23,3.6147129257948016,,ishares_xcb,evaluated,7165000.0
2024-09-30,CA06418MM430,Bank of Nova Scotia,BNS,Banks,senior_bail_in,3.84,2030-09-26,2029-09-26,2024-09-26,,100.37,3.7579661135588984,,ishares_xcb,evaluated,1200000.0
2024-09-30,CA07813ZAC82,Bell Canada,BCE,Telecom,senior,6.55,2029-05-01,2029-05-01,1999-07-19,,110.14,4.096191273530108,,ishares_xcb,evaluated,632000.0
2024-09-30,CA07813ZAL81,Bell Canada,BCE,Telecom,senior,7.85,2031-04-02,2031-04-02,2001-04-02,,118.85,4.476056071649375,,ishares_xcb,evaluated,985000.0
2024-09-30,CA07813ZAP95,Bell Canada,BCE,Telecom,senior,7.3,2032-02-23,2032-02-23,2002-02-22,,117.24,4.528971696642826,,ishares_xcb,evaluated,1291000.0
2024-09-30,CA07813ZAT18,Bell Canada,BCE,Telecom,senior,6.1,2035-03-16,2035-03-16,2004-03-16,,112.63,4.567810976312904,,ishares_xcb,evaluated,1523000.0
2024-09-30,CA07813ZCC64,Bell Canada,BCE,Telecom,senior,2.9,2029-09-10,2029-09-10,2019-09-10,,96.1,3.771943624351192,,ishares_xcb,evaluated,1831000.0
2024-09-30,CA07813ZCE21,Bell Canada,BCE,Telecom,senior,2.5,2030-05-14,2030-05-14,2020-05-14,,93.06,3.8839545055603235,,ishares_xcb,evaluated,3247000.0
2024-09-30,CA07813ZCF95,Bell Canada,BCE,Telecom,senior,1.65,2027-08-16,2027-08-16,2020-08-14,,95.46,3.3160759834061837,,ishares_xcb,evaluated,2607000.0
2024-09-30,CA07813ZCG78,Bell Canada,BCE,Telecom,senior,3.0,2031-03-17,2031-03-17,2021-03-17,,94.55,3.9640136726683637,,ishares_xcb,evaluated,3369000.0
2024-09-30,CA07813ZCJ18,Bell Canada,BCE,Telecom,senior,2.2,2028-05-29,2028-05-29,2021-05-28,,95.47,3.526724887048142,,ishares_xcb,evaluated,1359000.0
2024-09-30,CA07813ZCK80,Bell Canada,BCE,Telecom,senior,5.85,2032-11-10,2032-11-10,2022-11-10,,110.67,4.2758771131745545,,ishares_xcb,evaluated,4015000.0
2024-09-30,CA07813ZCL63,Bell Canada,BCE,Telecom,senior,4.55,2030-02-09,2030-02-09,2023-02-09,,103.2,3.880817064459775,,ishares_xcb,evaluated,3440000.0
2024-09-30,CA07813ZCQ50,Bell Canada,BCE,Telecom,senior,5.25,2029-03-15,2029-03-15,2023-11-14,,105.93,3.7918225339560747,,ishares_xcb,evaluated,2010000.0
2024-09-30,CA07813ZCR34,Bell Canada,BCE,Telecom,senior,5.15,2034-08-24,2034-08-24,2024-05-24,,105.5,4.455724890554609,,ishares_xcb,evaluated,3285000.0
2024-09-30,CA078149DW82,Bell Canada,BCE,Telecom,senior,7.0,2027-09-24,2027-09-24,1997-09-24,,108.49,3.955022227770467,,ishares_xcb,evaluated,135000.0
2024-09-30,CA11291ZAE75,Brookfield Infrastructure Finance,BIP,Utilities,senior,4.19,2028-09-11,2028-09-11,2018-09-10,,101.42,3.7992208777055954,,ishares_xcb,evaluated,1991000.0
2024-09-30,CA11291ZAF41,Brookfield Infrastructure Finance,BIP,Utilities,senior,3.41,2029-10-09,2029-10-09,2019-10-03,,97.86,3.8817450466698524,,ishares_xcb,evaluated,2513000.0
2024-09-30,CA11291ZAG24,Brookfield Infrastructure Finance,BIP,Utilities,senior,2.86,2032-09-01,2032-09-01,2020-09-01,,90.36,4.309624538417232,,ishares_xcb,evaluated,1460000.0
2024-09-30,CA11291ZAH07,Brookfield Infrastructure Finance,BIP,Utilities,senior,5.44,2034-04-25,2034-04-25,2022-04-25,,106.52,4.589086502896346,,ishares_xcb,evaluated,1225000.0
2024-09-30,CA11291ZAK36,Brookfield Infrastructure Finance,BIP,Utilities,senior,5.62,2027-11-14,2027-11-14,2022-11-14,,105.43,3.753122928002611,,ishares_xcb,evaluated,1570000.0
2024-09-30,CA11291ZAL19,Brookfield Infrastructure Finance,BIP,Utilities,senior,5.98,2033-02-14,2033-02-14,2022-11-14,,110.11,4.514640724679555,,ishares_xcb,evaluated,849000.0
2024-09-30,CA11291ZAM91,Brookfield Infrastructure Finance,BIP,Utilities,senior,5.71,2030-07-27,2030-07-27,2023-07-27,,108.06,4.1354700709625885,,ishares_xcb,evaluated,1570000.0
2024-09-30,CA13607H5C22,Canadian Imperial Bank of Commerce,CM,Banks,senior_bail_in,5.05,2027-10-07,2027-10-07,2022-10-07,,104.22,3.560739361092527,,ishares_xcb,evaluated,5545000.0
2024-09-30,CA13607HC349,Canadian Imperial Bank of Commerce,CM,Banks,senior_bail_in,2.25,2027-01-07,2027-01-07,2022-01-07,,97.37,3.462129183919448,,ishares_xcb,evaluated,5526000.0
2024-09-30,CA13607HV661,Canadian Imperial Bank of Commerce,CM,Banks,senior_bail_in,4.95,2027-06-29,2027-06-29,2022-06-29,,103.62,3.551261899098139,,ishares_xcb,evaluated,6274000.0
2024-09-30,CA13607L3Y79,Canadian Imperial Bank of Commerce,CM,Banks,senior_bail_in,4.9,2027-04-02,2026-04-02,2024-04-02,,101.77,3.675941766872426,,ishares_xcb,evaluated,3920000.0
2024-09-30,CA13607LPY34,Canadian Imperial Bank of Commerce,CM,Banks,senior_bail_in,5.5,2028-01-14,2028-01-14,2023-07-14,,105.91,3.5738624160734465,,ishares_xcb,evaluated,4265000.0
2024-09-30,CA13607LSJ30,Canadian Imperial Bank of Commerce,CM,Banks,senior_bail_in,5.0,2026-12-07,2026-12-07,2023-12-07,,103.13,3.4956613609192075,,ishares_xcb,evaluated,4175000.0
2024-09-30,CA29251ZAD92,Enbridge Inc,ENB,Pipelines,senior,7.22,2030-07-24,2030-07-24,2000-07-24,,112.94,4.650654193181982,,ishares_xcb,evaluated,806000.0
2024-09-30,CA29251ZAK36,Enbridge Inc,ENB,Pipelines,senior,7.2,2032-06-18,2032-06-18,2001-06-18,,115.83,4.725325429328468,,ishares_xcb,evaluated,930000.0
2024-09-30,CA29251ZAQ06,Enbridge Inc,ENB,Pipelines,senior,5.57,2035-11-14,2035-11-14,2005-11-14,,107.76,4.665083310070363,,ishares_xcb,evaluated,394000.0
2024-09-30,CA29251ZBK27,Enbridge Inc,ENB,Pipelines,senior,3.2,2027-06-08,2027-06-08,2017-06-08,,99.07,3.563438950667138,,ishares_xcb,evaluated,3227000.0
2024-09-30,CA29251ZBS52,Enbridge Inc,ENB,Pipelines,senior,2.99,2029-10-03,2029-10-03,2019-10-03,,96.54,3.7533374359397818,,ishares_xcb,evaluated,2715000.0
2024-09-30,CA29251ZBU09,Enbridge Inc,ENB,Pipelines,senior,3.1,2033-09-21,2033-09-21,2021-09-21,,91.28,4.280330813402521,,ishares_xcb,evaluated,3446000.0
2024-09-30,CA29251ZBW64,Enbridge Inc,ENB,Pipelines,senior,6.1,2032-11-09,2032-11-09,2022-11-09,,112.15,4.305259484897437,,ishares_xcb,evaluated,2520000.0
2024-09-30,CA29251ZBY21,Enbridge Inc,ENB,Pipelines,senior,5.7,2027-11-09,2027-11-09,2022-11-09,,105.99,3.636928411206282,,ishares_xcb,evaluated,1806000.0
2024-09-30,CA29251ZBZ95,Enbridge Inc,ENB,Pipelines,senior,5.36,2033-05-26,2033-05-26,2023-05-26,,107.58,4.2989377838069815,,ishares_xcb,evaluated,1425000.0
2024-09-30,CA29251ZCA36,Enbridge Inc,ENB,Pipelines,senior,4.9,2028-05-26,2028-05-26,2023-05-26,,104.24,3.6449077934821674,,ishares_xcb,evaluated,1920000.0
2024-09-30,CA29251ZCC91,Enbridge Inc,ENB,Pipelines,senior,4.21,2030-02-22,2030-02-22,2024-08-22,,101.8,3.8359559560435748,,ishares_xcb,evaluated,1345000.0
2024-09-30,CA29251ZCD74,Enbridge Inc,ENB,Pipelines,senior,4.73,2034-08-22,2034-08-22,2024-08-22,,102.27,4.442895251188613,,ishares_xcb,evaluated,2265000.0
2024-09-30,CA349553AP21,Fortis Inc,FTS,Utilities,senior,2.18,2028-05-15,2028-05-15,2021-05-14,,95.7,3.4496006542806046,,ishares_xcb,evaluated,1398000.0
2024-09-30,CA349553AQ04,Fortis Inc,FTS,Utilities,senior,4.43,2029-05-31,2029-05-31,2022-05-31,,103.09,3.700925368639971,,ishares_xcb,evaluated,1623000.0
2024-09-30,CA349553AR86,Fortis Inc,FTS,Utilities,senior,5.68,2033-11-08,2033-11-08,2023-11-08,,110.46,4.2778605443000295,,ishares_xcb,evaluated,1345000.0
2024-09-30,CA349553AS69,Fortis Inc,FTS,Utilities,senior,4.17,2031-09-09,2031-09-09,2024-09-09,,100.88,4.02342377046926,,ishares_xcb,evaluated,1830000.0
2024-09-30,CA44810ZAB63,Hydro One Inc,H,Utilities,senior,6.93,2032-06-01,2032-06-01,2001-06-22,,119.25,3.989585838650128,,ishares_xcb,evaluated,1157000.0
2024-09-30,CA44810ZAD20,Hydro One Inc,H,Utilities,senior,6.35,2034-01-31,2034-01-31,2003-01-31,,117.39,4.088150476185494,,ishares_xcb,evaluated,1224000.0
2024-09-30,CA44810ZAP59,Hydro One Inc,H,Utilities,senior,5.36,2036-05-20,2036-05-20,2005-05-19,,110.25,4.233148749814633,,ishares_xcb,evaluated,2376000.0
2024-09-30,CA44810ZBZ23,Hydro One Inc,H,Utilities,senior,3.02,2029-04-05,2029-04-05,2019-04-05,,98.6,3.3557941585610376,,ishares_xcb,evaluated,1900000.0
2024-09-30,CA44810ZCC29,Hydro One Inc,H,Utilities,senior,2.16,2030-02-28,2030-02-28,2020-02-28,,93.54,3.4796519723894552,,ishares_xcb,evaluated,1441000.0
2024-09-30,CA44810ZCF59,Hydro One Inc,H,Utilities,senior,1.69,2031-01-16,2031-01-16,2020-10-09,,90.03,3.4660481484484937,,ishares_xcb,evaluated,1370000.0
2024-09-30,CA44810ZCG33,Hydro One Inc,H,Utilities,senior,2.23,2031-09-17,2031-09-17,2021-09-17,,91.64,3.5978157824495622,,ishares_xcb,evaluated,1373000.0
2024-09-30,CA44810ZCJ71,Hydro One Inc,H,Utilities,senior,4.91,2028-01-27,2028-01-27,2022-10-27,,104.83,3.3581140896156665,,ishares_xcb,evaluated,2402000.0
2024-09-30,CA44810ZCK45,Hydro One Inc,H,Utilities,senior,3.93,2029-11-30,2029-11-30,2023-01-27,,102.39,3.418272144131006,,ishares_xcb,evaluated,1542000.0
2024-09-30,CA44810ZCL28,Hydro One Inc,H,Utilities,senior,4.16,2033-01-27,2033-01-27,2023-01-27,,102.54,3.7996893942154344,,ishares_xcb,evaluated,1635000.0
2024-09-30,CA44810ZCR97,Hydro One Inc,H,Utilities,senior,4.39,2034-03-01,2034-03-01,2024-01-12,,103.7,3.9165267361238154,,ishares_xcb,evaluated,1545000.0
2024-09-30,CA44810ZCS70,Hydro One Inc,H,Utilities,senior,4.25,2035-01-04,2035-01-04,2024-08-20,,102.02,4.006338120300635,,ishares_xcb,evaluated,1089000.0
2024-09-30,CA448810AC58,Hydro One Inc,H,Utilities,senior,7.35,2030-06-03,2030-06-03,2000-06-01,,117.89,3.8115883092933163,,ishares_xcb,evaluated,1363000.0
2024-09-30,CA63306AHB58,National Bank of Canada,NA,Banks,senior_bail_in,2.24,2026-11-04,2026-11-04,2021-11-04,,97.57,3.447747713639983,,ishares_xcb,evaluated,3353000.0
2024-09-30,CA63306AHP45,National Bank of Canada,NA,Banks,senior_bail_in,5.22,2028-06-14,2028-06-14,2023-06-14,,105.76,3.544443241092969,,ishares_xcb,evaluated,5890000.0
2024-09-30,CA63306AHT66,National Bank of Canada,NA,Banks,senior_bail_in,5.02,2029-02-01,2029-02-01,2023-12-07,,105.55,3.6226758146006808,,ishares_xcb,evaluated,4675000.0
2024-09-30,CA63306AHU30,National Bank of Canada,NA,Banks,senior_bail_in,4.97,2026-12-07,2026-12-07,2023-12-07,,103.07,3.494463345160802,,ishares_xcb,evaluated,2075000.0
2024-09-30,CA63306AHX78,National Bank of Canada,NA,Banks,senior_bail_in,4.98,2027-03-18,2026-03-18,2024-03-18,,101.87,3.6589929563520114,,ishares_xcb,evaluated,2368000.0
2024-09-30,CA70632ZAF86,Pembina Pipeline,PPL,Pipelines,senior,4.24,2027-06-15,2027-06-15,2015-06-16,,101.45,3.6693818276583703,,ishares_xcb,evaluated,1699000.0
2024-09-30,CA70632ZAK71,Pembina Pipeline,PPL,Pipelines,senior,4.02,2028-03-27,2028-03-27,2018-03-26,,101.14,3.6691631404340357,,ishares_xcb,evaluated,2082000.0
2024-09-30,CA70632ZAM38,Pembina Pipeline,PPL,Pipelines,senior,3.62,2029-04-03,2029-04-03,2019-04-03,,99.37,3.772021259547717,,ishares_xcb,evaluated,2103000.0
2024-09-30,CA70632ZAQ42,Pembina Pipeline,PPL,Pipelines,senior,3.31,2030-02-01,2030-02-01,2019-09-12,,97.2,3.894465122843454,,ishares_xcb,evaluated,1670000.0
2024-09-30,CA70632ZAS08,Pembina Pipeline,PPL,Pipelines,senior,3.53,2031-12-10,2031-12-10,2021-12-10,,96.0,4.178327008440398,,ishares_xcb,evaluated,1707000.0
2024-09-30,CA70632ZAV37,Pembina Pipeline,PPL,Pipelines,senior,5.02,2032-01-12,2032-01-12,2024-01-12,,104.4,4.307178513150237,,ishares_xcb,evaluated,2690000.0
2024-09-30,CA70632ZAW10,Pembina Pipeline,PPL,Pipelines,senior,5.21,2034-01-12,2034-01-12,2024-01-12,,105.02,4.539074182000369,,ishares_xcb,evaluated,1950000.0
2024-09-30,CA70632ZAY75,Pembina Pipeline,PPL,Pipelines,senior,5.22,2033-06-28,2033-06-28,2024-06-28,,105.55,4.445434882028184,,ishares_xcb,evaluated,2145000.0
2024-09-30,CA775109BJ98,Rogers Communications,RCI,Telecom,senior,3.25,2029-05-01,2029-05-01,2019-04-30,,97.21,3.917252702694438,,ishares_xcb,evaluated,2929000.0
2024-09-30,CA775109BK61,Rogers Communications,RCI,Telecom,senior,3.65,2027-03-31,2027-03-31,2020-03-31,,99.89,3.696469451641434,,ishares_xcb,evaluated,4557000.0
2024-09-30,CA775109BT70,Rogers Communications,RCI,Telecom,senior,3.75,2029-04-15,2029-04-15,2022-03-11,,99.26,3.9280389932341433,,ishares_xcb,evaluated,3101000.0
2024-09-30,CA775109BV27,Rogers Communications,RCI,Telecom,senior,4.25,2032-04-15,2032-04-15,2022-03-11,,99.53,4.322593372723308,,ishares_xcb,evaluated,3242000.0
2024-09-30,CA775109CM19,Rogers Communications,RCI,Telecom,senior,3.8,2027-03-01,2027-03-01,2023-04-03,,100.18,3.7215928090351977,,ishares_xcb,evaluated,695000.0
2024-09-30,CA775109CP40,Rogers Communications,RCI,Telecom,senior,4.4,2028-11-02,2028-11-02,2023-04-03,,101.96,3.8723900822779953,,ishares_xcb,evaluated,1548000.0
2024-09-30,CA775109CQ23,Rogers Communications,RCI,Telecom,senior,3.3,2029-12-10,2029-12-10,2019-12-09,,96.86,3.973616165471796,,ishares_xcb,evaluated,1984000.0
2024-09-30,CA775109CS88,Rogers Communications,RCI,Telecom,senior,2.9,2030-12-09,2030-12-09,2020-04-22,,93.47,4.104009836145556,,ishares_xcb,evaluated,1586000.0
2024-09-30,CA775109CV18,Rogers Communications,RCI,Telecom,senior,5.7,2028-09-21,2028-09-21,2023-09-21,,106.61,3.8891968210449366,,ishares_xcb,evaluated,2955000.0
2024-09-30,CA775109CW90,Rogers Communications,RCI,Telecom,senior,5.8,2030-09-21,2030-09-21,2023-09-21,,108.69,4.143218955969908,,ishares_xcb,evaluated,1630000.0
2024-09-30,CA775109DA61,Rogers Communications,RCI,Telecom,senior,5.9,2033-09-21,2033-09-21,2023-09-21,,110.22,4.5030855702313985,,ishares_xcb,evaluated,3270000.0
2024-09-30,CA780086RQ98,Royal Bank of Canada,RY,Banks,senior_bail_in,2.33,2027-01-28,2027-01-28,2020-01-28,,97.58,3.4186388293268437,,ishares_xcb,evaluated,8095000.0
2024-09-30,CA780086TY05,Royal Bank of Canada,RY,Banks,senior_bail_in,1.83,2028-07-31,2028-07-31,2021-07-29,,94.88,3.2602221921451626,,ishares_xcb,evaluated,3201000.0
2024-09-30,CA780086U931,Royal Bank of Canada,RY,Banks,senior_bail_in,4.26,2026-12-21,2026-12-21,2023-12-21,,102.06,3.2883531549906753,,ishares_xcb,evaluated,6485000.0
2024-09-30,CA780086VK72,Royal Bank of Canada,RY,Banks,senior_bail_in,4.61,2027-07-26,2027-07-26,2022-07-25,,103.05,3.461465548998733,,ishares_xcb,evaluated,5942000.0
2024-09-30,CA780086VV38,Royal Bank of Canada,RY,Banks,senior_bail_in,5.24,2026-11-02,2026-11-02,2022-10-28,,103.55,3.454010224970547,,ishares_xcb,evaluated,5568000.0
2024-09-30,CA780086WG51,Royal Bank of Canada,RY,Banks,senior_bail_in,4.64,2028-01-17,2028-01-17,2023-01-17,,103.6,3.4706553664064734,,ishares_xcb,evaluated,6341000.0
2024-09-30,CA780086XL38,Royal Bank of Canada,RY,Banks,senior_bail_in,4.63,2028-05-01,2028-05-01,2023-04-20,,103.85,3.4735739207262264,,ishares_xcb,evaluated,7910000.0
2024-09-30,CA780086ZH08,Royal Bank of Canada,RY,Banks,senior_bail_in,5.23,2030-06-24,2030-06-24,2023-06-23,,107.69,3.7257807043398463,,ishares_xcb,evaluated,4138000.0
2024-09-30,CA87971MBG74,TELUS,TU,Telecom,senior,3.63,2028-03-01,2028-03-01,2018-03-01,,99.88,3.6677109830002497,,ishares_xcb,evaluated,1749000.0
2024-09-30,CA87971MBJ14,TELUS,TU,Telecom,senior,3.3,2029-05-02,2029-05-02,2019-04-03,,98.08,3.7561270977558134,,ishares_xcb,evaluated,3019000.0
2024-09-30,CA87971MBN26,TELUS,TU,Telecom,senior,3.15,2030-02-19,2030-02-19,2019-12-16,,96.42,3.892058360003096,,ishares_xcb,evaluated,1827000.0
2024-09-30,CA87971MBQ56,TELUS,TU,Telecom,senior,2.35,2028-01-27,2028-01-27,2020-05-29,,95.99,3.6401179553447323,,ishares_xcb,evaluated,2240000.0
2024-09-30,CA87971MBS13,TELUS,TU,Telecom,senior,2.05,2030-10-07,2030-10-07,2020-10-05,,89.93,3.945293872101921,,ishares_xcb,evaluated,1564000.0
2024-09-30,CA87971MBV42,TELUS,TU,Telecom,senior,2.85,2031-11-13,2031-11-13,2021-06-28,,92.03,4.15268045649788,,ishares_xcb,evaluated,2520000.0
2024-09-30,CA87971MBX08,TELUS,TU,Telecom,senior,5.25,2032-11-15,2032-11-15,2022-09-13,,106.35,4.312107020107474,,ishares_xcb,evaluated,3511000.0
2024-09-30,CA87971MBZ55,TELUS,TU,Telecom,senior,5.0,2029-09-13,2029-09-13,2022-09-13,,105.03,3.8741154236439037,,ishares_xcb,evaluated,1539000.0
2024-09-30,CA87971MCA95,TELUS,TU,Telecom,senior,4.95,2033-03-28,2033-03-28,2023-03-28,,104.32,4.33658404918953,,ishares_xcb,evaluated,1388000.0
2024-09-30,CA87971MCB78,TELUS,TU,Telecom,senior,5.6,2030-09-09,2030-09-09,2023-09-08,,108.13,4.046908806700909,,ishares_xcb,evaluated,1690000.0
2024-09-30,CA87971MCC51,TELUS,TU,Telecom,senior,5.75,2033-09-08,2033-09-08,2023-09-08,,109.82,4.408839902988571,,ishares_xcb,evaluated,2680000.0
2024-09-30,CA87971MCE18,TELUS,TU,Telecom,senior,4.8,2028-12-15,2028-12-15,2024-02-15,,104.01,3.758323055475605,,ishares_xcb,evaluated,2131000.0
2024-09-30,CA87971MCF82,TELUS,TU,Telecom,senior,4.95,2031-02-18,2031-02-18,2024-02-15,,104.77,4.091657327831764,,ishares_xcb,evaluated,2023000.0
2024-09-30,CA87971MCG65,TELUS,TU,Telecom,senior,5.1,2034-02-15,2034-02-15,2024-02-15,,105.04,4.4356628958400846,,ishares_xcb,evaluated,1570000.0
2024-09-30,CA87971MCH49,TELUS,TU,Telecom,senior,4.65,2031-08-13,2031-08-13,2024-08-13,,102.81,4.173663435378941,,ishares_xcb,evaluated,1020000.0
2024-09-30,CA89116CDM60,Toronto-Dominion Bank,TD,Banks,senior_bail_in,4.23,2029-04-02,2029-04-02,2024-03-20,,103.57,3.3679234302156704,,ishares_xcb,evaluated,3070000.0
2024-09-30,CA89117F7G86,Toronto-Dominion Bank,TD,Banks,senior_bail_in,4.21,2027-06-01,2027-06-01,2022-06-01,,101.78,3.5025768352870674,,ishares_xcb,evaluated,8835000.0
2024-09-30,CA89117F7H69,Toronto-Dominion Bank,TD,Banks,senior_bail_in,5.38,2027-10-21,2027-10-21,2022-10-21,,105.35,3.5159756398550033,,ishares_xcb,evaluated,6365000.0
2024-09-30,CA89117FA338,Toronto-Dominion Bank,TD,Banks,senior_bail_in,1.89,2028-03-08,2028-03-08,2021-03-08,,95.38,3.3226925398726515,,ishares_xcb,evaluated,5115000.0
2024-09-30,CA89117FJ347,Toronto-Dominion Bank,TD,Banks,senior_bail_in,1.9,2028-09-11,2028-09-11,2021-09-10,,94.69,3.3472061331983474,,ishares_xcb,evaluated,3831000.0
2024-09-30,CA89117FZ442,Toronto-Dominion Bank,TD,Banks,senior_bail_in,2.26,2027-01-07,2027-01-07,2022-01-07,,97.41,3.4534971318717003,,ishares_xcb,evaluated,6217000.0
2024-09-30,CA89117G8T70,Toronto-Dominion Bank,TD,Banks,senior_bail_in,4.52,2027-01-29,2027-01-29,2024-01-29,,102.72,3.292362065504096,,ishares_xcb,evaluated,4800000.0
2024-09-30,CA89117GRJ80,Toronto-Dominion Bank,TD,Banks,senior_bail_in,4.68,2029-01-08,2029-01-08,2022-12-07,,104.24,3.5967919178496013,,ishares_xcb,evaluated,7575000.0
2024-09-30,CA89117GTQ06,Toronto-Dominion Bank,TD,Banks,senior_bail_in,4.48,2028-01-18,2028-01-18,2023-01-18,,102.99,3.5083505186366297,,ishares_xcb,evaluated,6246000.0
2024-09-30,CA89117GX510,Toronto-Dominion Bank,TD,Banks,senior_bail_in,5.49,2028-09-08,2028-09-08,2023-09-08,,106.98,3.574674631170977,,ishares_xcb,evaluated,5545000.0
2024-09-30,CA89353ZBA53,TransCanada PipeLines,TRP,Pipelines,senior,6.89,2028-08-07,2028-08-07,1997-07-30,,110.03,4.048144359446487,,ishares_xcb,evaluated,712000.0
2024-09-30,CA89353ZBE75,TransCanada PipeLines,TRP,Pipelines,senior,6.28,2028-05-26,2028-05-26,1998-05-26,,107.12,4.152867284641421,,ishares_xcb,evaluated,803000.0
2024-09-30,CA89353ZBK36,TransCanada PipeLines,TRP,Pipelines,senior,6.5,2030-12-09,2030-12-09,1998-12-07,,109.63,4.68725197505014,,ishares_xcb,evaluated,775000.0
2024-09-30,CA89353ZCA45,TransCanada PipeLines,TRP,Pipelines,senior,3.39,2028-03-15,2028-03-15,2017-09-15,,99.46,3.5573253244102716,,ishares_xcb,evaluated,1962000.0
2024-09-30,CA89353ZCE66,TransCanada PipeLines,TRP,Pipelines,senior,3.0,2029-09-18,2029-09-18,2019-09-18,,97.55,3.5422803184666716,,ishares_xcb,evaluated,2503000.0
2024-09-30,CA89353ZCF32,TransCanada PipeLines,TRP,Pipelines,senior,3.8,2027-04-05,2027-04-05,2020-04-03,,100.6,3.54608977137323,,ishares_xcb,evaluated,6538000.0
2024-09-30,CA89353ZCH97,TransCanada PipeLines,TRP,Pipelines,senior,2.97,2031-06-09,2031-06-09,2021-06-09,,95.17,3.7931079944516064,,ishares_xcb,evaluated,1698000.0
2024-09-30,CA89353ZCK27,TransCanada PipeLines,TRP,Pipelines,senior,5.33,2032-05-12,2032-05-12,2022-05-12,,107.15,4.219232403933982,,ishares_xcb,evaluated,2648000.0
2024-09-30,CA89353ZCN65,TransCanada PipeLines,TRP,Pipelines,senior,5.28,2030-07-15,2030-07-15,2023-03-10,,106.55,3.9986498758775393,,ishares_xcb,evaluated,3745000.0
2024-10-31,CA06368D3U60,Bank of Montreal,BMO,Banks,senior_bail_in,4.31,2027-06-01,2027-06-01,2022-06-01,,101.37,3.745778029121618,,ishares_xcb,evaluated,8047000.0
2024-10-31,CA06368DW260,Bank of Montreal,BMO,Banks,senior_bail_in,3.65,2027-04-01,2027-04-01,2022-04-01,,99.83,3.72353336177904,,ishares_xcb,evaluated,6399000.0
2024-10-31,CA06368L5G77,Bank of Montreal,BMO,Banks,senior_bail_in,4.42,2029-07-17,2029-07-17,2024-07-17,,102.1,3.9238265338627176,,ishares_xcb,evaluated,6370000.0
2024-10-31,CA06368LB887,Bank of Montreal,BMO,Banks,senior_bail_in,4.54,2028-12-18,2028-12-18,2023-12-18,,102.59,3.8535004221781426,,ishares_xcb,evaluated,6190000.0
2024-10-31,CA06368LEY89,Bank of Montreal,BMO,Banks,senior_bail_in,4.71,2027-12-07,2027-12-07,2022-12-07,,102.68,3.7829632820524366,,ishares_xcb,evaluated,8211000.0
2024-10-31,CA06368LNK84,Bank of Montreal,BMO,Banks,senior_bail_in,5.04,2028-05-29,2028-05-29,2023-05-29,,104.02,3.821262152835031,,ishares_xcb,evaluated,6289000.0
2024-10-31,CA06415E4E25,Bank of Nova Scotia,BNS,Banks,senior_bail_in,1.4,2027-11-01,2027-11-01,2020-10-15,,94.13,3.4741946554498906,,ishares_xcb,evaluated,6307000.0
2024-10-31,CA06415FFT45,Bank of Nova Scotia,BNS,Banks,senior_bail_in,1.85,2026-11-02,2026-11-02,2021-10-08,,96.58,3.629638415795655,,ishares_xcb,evaluated,7235000.0
2024-10-31,CA06415GDE76,Bank of Nova Scotia,BNS,Banks,senior_bail_in,2.95,2027-03-08,2027-03-08,2022-03-07,,98.28,3.7203627720498607,,ishares_xcb,evaluated,11079000.0
2024-10-31,CA064164QM14,Bank of Nova Scotia,BNS,Banks,senior_bail_in,4.68,2029-02-01,2029-02-01,2024-02-01,,103.15,3.865737185728254,,ishares_xcb,evaluated,6585000.0
2024-10-31,CA06418MM430,Bank of Nova Scotia,BNS,Banks,senior_bail_in,3.84,2030-09-26,2029-09-26,2024-09-26,,99.36,3.9850063804361415,,ishares_xcb,evaluated,3400000.0
2024-10-31,CA06418MX742,Bank of Nova Scotia,BNS,Banks,senior_bail_in,3.81,2028-11-15,2027-11-15,2024-10-18,,100.06,3.7834035405192763,,ishares_xcb,evaluated,1480000.0
2024-10-31,CA07813ZAC82,Bell Canada,BCE,Telecom,senior,6.55,2029-05-01,2029-05-01,1999-07-19,,108.81,4.368973721843564,,ishares_xcb,evaluated,632000.0
2024-10-31,CA07813ZAL81,Bell Canada,BCE,Telecom,senior,7.85,2031-04-02,2031-04-02,2001-04-02,,117.33,4.691744029687199,,ishares_xcb,evaluated,985000.0
2024-10-31,CA07813ZAP95,Bell Canada,BCE,Telecom,senior,7.3,2032-02-23,2032-02-23,2002-02-22,,115.01,4.835153566595155,,ishares_xcb,evaluated,1291000.0
2024-10-31,CA07813ZAT18,Bell Canada,BCE,Telecom,senior,6.1,2035-03-16,2035-03-16,2004-03-16,,110.9,4.756734342570286,,ishares_xcb,evaluated,1523000.0
2024-10-31,CA07813ZCC64,Bell Canada,BCE,Telecom,senior,2.9,2029-09-10,2029-09-10,2019-09-10,,95.23,3.989722492609016,,ishares_xcb,evaluated,1831000.0
2024-10-31,CA07813ZCE21,Bell Canada,BCE,Telecom,senior,2.5,2030-05-14,2030-05-14,2020-05-14,,92.08,4.111570683613968,,ishares_xcb,evaluated,3247000.0
2024-10-31,CA07813ZCF95,Bell Canada,BCE,Telecom,senior,1.65,2027-08-16,2027-08-16,2020-08-14,,95.23,3.4542408962315134,,ishares_xcb,evaluated,2632000.0
2024-10-31,CA07813ZCG78,Bell Canada,BCE,Telecom,senior,3.0,2031-03-17,2031-03-17,2021-03-17,,93.37,4.195540649673435,,ishares_xcb,evaluated,3554000.0
2024-10-31,CA07813ZCJ18,Bell Canada,BCE,Telecom,senior,2.2,2028-05-29,2028-05-29,2021-05-28,,94.83,3.7546406858619172,,ishares_xcb,evaluated,1524000.0
2024-10-31,CA07813ZCK80,Bell Canada,BCE,Telecom,senior,5.85,2032-11-10,2032-11-10,2022-11-10,,108.88,4.515230202700036,,ishares_xcb,evaluated,4100000.0
2024-10-31,CA07813ZCL63,Bell Canada,BCE,Telecom,senior,4.55,2030-02-09,2030-02-09,2023-02-09,,102.04,4.112801264447908,,ishares_xcb,evaluated,3485000.0
2024-10-31,CA07813ZCQ50,Bell Canada,BCE,Telecom,senior,5.25,2029-03-15,2029-03-15,2023-11-14,,104.89,4.0195648957731995,,ishares_xcb,evaluated,2370000.0
2024-10-31,CA07813ZCR34,Bell Canada,BCE,Telecom,senior,5.15,2034-08-24,2034-08-24,2024-05-24,,103.78,4.663753396975221,,ishares_xcb,evaluated,3455000.0
2024-10-31,CA078149DW82,Bell Canada,BCE,Telecom,senior,7.0,2027-09-24,2027-09-24,1997-09-24,,107.67,4.16289157564668,,ishares_xcb,evaluated,135000.0
2024-10-31,CA11291ZAE75,Brookfield Infrastructure Finance,BIP,Utilities,senior,4.19,2028-09-11,2028-09-11,2018-09-10,,100.68,3.9983988306676834,,ishares_xcb,evaluated,2141000.0
2024-10-31,CA11291ZAF41,Brookfield Infrastructure Finance,BIP,Utilities,senior,3.41,2029-10-09,2029-10-09,2019-10-03,,96.86,4.118752314634488,,ishares_xcb,evaluated,2513000.0
2024-10-31,CA11291ZAG24,Brookfield Infrastructure Finance,BIP,Utilities,senior,2.86,2032-09-01,2032-09-01,2020-09-01,,88.85,4.569211534282003,,ishares_xcb,evaluated,1640000.0
2024-10-31,CA11291ZAH07,Brookfield Infrastructure Finance,BIP,Utilities,senior,5.44,2034-04-25,2034-04-25,2022-04-25,,104.76,4.808942165441543,,ishares_xcb,evaluated,1295000.0
2024-10-31,CA11291ZAK36,Brookfield Infrastructure Finance,BIP,Utilities,senior,5.62,2027-11-14,2027-11-14,2022-11-14,,104.7,3.9547208751299467,,ishares_xcb,evaluated,1570000.0
2024-10-31,CA11291ZAL19,Brookfield Infrastructure Finance,BIP,Utilities,senior,5.98,2033-02-14,2033-02-14,2022-11-14,,108.35,4.7468286547446095,,ishares_xcb,evaluated,909000.0
2024-10-31,CA11291ZAM91,Brookfield Infrastructure Finance,BIP,Utilities,senior,5.71,2030-07-27,2030-07-27,2023-07-27,,106.98,4.319837360547015,,ishares_xcb,evaluated,1570000.0
2024-10-31,CA13607H5C22,Canadian Imperial Bank of Commerce,CM,Banks,senior_bail_in,5.05,2027-10-07,2027-10-07,2022-10-07,,103.43,3.802819623017391,,ishares_xcb,evaluated,5545000.0
2024-10-31,CA13607HC349,Canadian Imperial Bank of Commerce,CM,Banks,senior_bail_in,2.25,2027-01-07,2027-01-07,2022-01-07,,97.05,3.6633821207936914,,ishares_xcb,evaluated,5526000.0
2024-10-31,CA13607HV661,Canadian Imperial Bank of Commerce,CM,Banks,senior_bail_in,4.95,2027-06-29,2027-06-29,2022-06-29,,102.95,3.7706773680676107,,ishares_xcb,evaluated,6274000.0
2024-10-31,CA13607L3Y79,Canadian Imperial Bank of Commerce,CM,Banks,senior_bail_in,4.9,2027-04-02,2026-04-02,2024-04-02,,101.59,3.7386952810483964,,ishares_xcb,evaluated,3920000.0
2024-10-31,CA13607LPY34,Canadian Imperial Bank of Commerce,CM,Banks,senior_bail_in,5.5,2028-01-14,2028-01-14,2023-07-14,,105.03,3.810733264925122,,ishares_xcb,evaluated,4330000.0
2024-10-31,CA13607LSJ30,Canadian Imperial Bank of Commerce,CM,Banks,senior_bail_in,5.0,2026-12-07,2026-12-07,2023-12-07,,102.64,3.678256202096572,,ishares_xcb,evaluated,4115000.0
2024-10-31,CA29251ZAD92,Enbridge Inc,ENB,Pipelines,senior,7.22,2030-07-24,2030-07-24,2000-07-24,,112.25,4.7480488977932644,,ishares_xcb,evaluated,806000.0
2024-10-31,CA29251ZAK36,Enbridge Inc,ENB,Pipelines,senior,7.2,2032-06-18,2032-06-18,2001-06-18,,115.1,4.81004152228047,,ishares_xcb,evaluated,1060000.0
2024-10-31,CA29251ZAQ06,Enbridge Inc,ENB,Pipelines,senior,5.57,2035-11-14,2035-11-14,2005-11-14,,106.55,4.796043432108184,,ishares_xcb,evaluated,394000.0
2024-10-31,CA29251ZBK27,Enbridge Inc,ENB,Pipelines,senior,3.2,2027-06-08,2027-06-08,2017-06-08,,98.67,3.738400675293032,,ishares_xcb,evaluated,3702000.0
2024-10-31,CA29251ZBS52,Enbridge Inc,ENB,Pipelines,senior,2.99,2029-10-03,2029-10-03,2019-10-03,,95.83,3.929588128044875,,ishares_xcb,evaluated,2800000.0
2024-10-31,CA29251ZBU09,Enbridge Inc,ENB,Pipelines,senior,3.1,2033-09-21,2033-09-21,2021-09-21,,90.44,4.411711124872404,,ishares_xcb,evaluated,3516000.0
2024-10-31,CA29251ZBW64,Enbridge Inc,ENB,Pipelines,senior,6.1,2032-11-09,2032-11-09,2022-11-09,,110.84,4.473493084337624,,ishares_xcb,evaluated,2520000.0
2024-10-31,CA29251ZBY21,Enbridge Inc,ENB,Pipelines,senior,5.7,2027-11-09,2027-11-09,2022-11-09,,105.24,3.8400209590601078,,ishares_xcb,evaluated,1906000.0
2024-10-31,CA29251ZBZ95,Enbridge Inc,ENB,Pipelines,senior,5.36,2033-05-26,2033-05-26,2023-05-26,,106.33,4.460006841475988,,ishares_xcb,evaluated,1425000.0
2024-10-31,CA29251ZCA36,Enbridge Inc,ENB,Pipelines,senior,4.9,2028-05-26,2028-05-26,2023-05-26,,103.48,3.8416145062661973,,ishares_xcb,evaluated,1920000.0
2024-10-31,CA29251ZCC91,Enbridge Inc,ENB,Pipelines,senior,4.21,2030-02-22,2030-02-22,2024-08-22,,100.79,4.040757738437191,,ishares_xcb,evaluated,1525000.0
2024-10-31,CA29251ZCD74,Enbridge Inc,ENB,Pipelines,senior,4.73,2034-08-22,2034-08-22,2024-08-22,,101.11,4.586468161783387,,ishares_xcb,evaluated,2335000.0
2024-10-31,CA349553AP21,Fortis Inc,FTS,Utilities,senior,2.18,2028-05-15,2028-05-15,2021-05-14,,95.16,3.646773358441259,,ishares_xcb,evaluated,1538000.0
2024-10-31,CA349553AQ04,Fortis Inc,FTS,Utilities,senior,4.43,2029-05-31,2029-05-31,2022-05-31,,102.2,3.8991111461816703,,ishares_xcb,evaluated,1623000.0
2024-10-31,CA349553AR86,Fortis Inc,FTS,Utilities,senior,5.68,2033-11-08,2033-11-08,2023-11-08,,108.63,4.502234215197883,,ishares_xcb,evaluated,1415000.0
2024-10-31,CA349553AS69,Fortis Inc,FTS,Utilities,senior,4.17,2031-09-09,2031-09-09,2024-09-09,,99.56,4.244714491377559,,ishares_xcb,evaluated,1795000.0
2024-10-31,CA44810ZAB63,Hydro One Inc,H,Utilities,senior,6.93,2032-06-01,2032-06-01,2001-06-22,,116.94,4.288020694369935,,ishares_xcb,evaluated,1157000.0
2024-10-31,CA44810ZAD20,Hydro One Inc,H,Utilities,senior,6.35,2034-01-31,2034-01-31,2003-01-31,,115.23,4.331332606890408,,ishares_xcb,evaluated,1224000.0
2024-10-31,CA44810ZAP59,Hydro One Inc,H,Utilities,senior,5.36,2036-05-20,2036-05-20,2005-05-19,,107.98,4.465874805711905,,ishares_xcb,evaluated,2376000.0
2024-10-31,CA44810ZBZ23,Hydro One Inc,H,Utilities,senior,3.02,2029-04-05,2029-04-05,2019-04-05,,97.74,3.5760809701350817,,ishares_xcb,evaluated,2035000.0
2024-10-31,CA44810ZCC29,Hydro One Inc,H,Utilities,senior,2.16,2030-02-28,2030-02-28,2020-02-28,,92.42,3.741815986595287,,ishares_xcb,evaluated,1461000.0
2024-10-31,CA44810ZCF59,Hydro One Inc,H,Utilities,senior,1.69,2031-01-16,2031-01-16,2020-10-09,,88.89,3.7085678777648594,,ishares_xcb,evaluated,1370000.0
2024-10-31,CA44810ZCG33,Hydro One Inc,H,Utilities,senior,2.23,2031-09-17,2031-09-17,2021-09-17,,90.2,3.866264766226714,,ishares_xcb,evaluated,1488000.0
2024-10-31,CA44810ZCJ71,Hydro One Inc,H,Utilities,senior,4.91,2028-01-27,2028-01-27,2022-10-27,,104.01,3.5824883852385305,,ishares_xcb,evaluated,2492000.0
2024-10-31,CA44810ZCK45,Hydro One Inc,H,Utilities,senior,3.93,2029-11-30,2029-11-30,2023-01-27,,101.16,3.6741919375920156,,ishares_xcb,evaluated,1682000.0
2024-10-31,CA44810ZCL28,Hydro One Inc,H,Utilities,senior,4.16,2033-01-27,2033-01-27,2023-01-27,,100.85,4.035676092686976,,ishares_xcb,evaluated,1575000.0
2024-10-31,CA44810ZCR97,Hydro One Inc,H,Utilities,senior,4.39,2034-03-01,2034-03-01,2024-01-12,,101.79,4.1567966723794045,,ishares_xcb,evaluated,1625000.0
2024-10-31,CA44810ZCS70,Hydro One Inc,H,Utilities,senior,4.25,2035-01-04,2035-01-04,2024-08-20,,100.09,4.237021639386827,,ishares_xcb,evaluated,1629000.0
2024-10-31,CA448810AC58,Hydro One Inc,H,Utilities,senior,7.35,2030-06-03,2030-06-03,2000-06-01,,116.22,4.07349104190895,,ishares_xcb,evaluated,1363000.0
2024-10-31,CA63306AHB58,National Bank of Canada,NA,Banks,senior_bail_in,2.24,2026-11-04,2026-11-04,2021-11-04,,97.33,3.6239437620524275,,ishares_xcb,evaluated,3353000.0
2024-10-31,CA63306AHP45,National Bank of Canada,NA,Banks,senior_bail_in,5.22,2028-06-14,2028-06-14,2023-06-14,,104.69,3.8176395652410973,,ishares_xcb,evaluated,5810000.0
2024-10-31,CA63306AHT66,National Bank of Canada,NA,Banks,senior_bail_in,5.02,2029-02-01,2029-02-01,2023-12-07,,104.47,3.8658654643117303,,ishares_xcb,evaluated,4675000.0
2024-10-31,CA63306AHU30,National Bank of Canada,NA,Banks,senior_bail_in,4.97,2026-12-07,2026-12-07,2023-12-07,,102.61,3.663502615244923,,ishares_xcb,evaluated,2075000.0
2024-10-31,CA63306AHX78,National Bank of Canada,NA,Banks,senior_bail_in,4.98,2027-03-18,2026-03-18,2024-03-18,,101.65,3.7436205170850596,,ishares_xcb,evaluated,2388000.0
2024-10-31,CA63306AJB31,National Bank of Canada,NA,Banks,senior_bail_in,3.64,2027-10-07,2026-10-07,2024-10-07,,99.76,3.769139894363683,,ishares_xcb,evaluated,1935000.0
2024-10-31,CA70632ZAF86,Pembina Pipeline,PPL,Pipelines,senior,4.24,2027-06-15,2027-06-15,2015-06-16,,100.98,3.840382742207207,,ishares_xcb,evaluated,1699000.0
2024-10-31,CA70632ZAK71,Pembina Pipeline,PPL,Pipelines,senior,4.02,2028-03-27,2028-03-27,2018-03-26,,100.49,3.865133650150427,,ishares_xcb,evaluated,2147000.0
2024-10-31,CA70632ZAM38,Pembina Pipeline,PPL,Pipelines,senior,3.62,2029-04-03,2029-04-03,2019-04-03,,98.58,3.9728612287419085,,ishares_xcb,evaluated,2113000.0
2024-10-31,CA70632ZAQ42,Pembina Pipeline,PPL,Pipelines,senior,3.31,2030-02-01,2030-02-01,2019-09-12,,96.34,4.089030103695254,,ishares_xcb,evaluated,1670000.0
2024-10-31,CA70632ZAS08,Pembina Pipeline,PPL,Pipelines,senior,3.53,2031-12-10,2031-12-10,2021-12-10,,94.57,4.427473096521653,,ishares_xcb,evaluated,1657000.0
2024-10-31,CA70632ZAV37,Pembina Pipeline,PPL,Pipelines,senior,5.02,2032-01-12,2032-01-12,2024-01-12,,103.27,4.48038477084848,,ishares_xcb,evaluated,2650000.0
2024-10-31,CA70632ZAW10,Pembina Pipeline,PPL,Pipelines,senior,5.21,2034-01-12,2034-01-12,2024-01-12,,103.93,4.676667052640558,,ishares_xcb,evaluated,1950000.0
2024-10-31,CA70632ZAY75,Pembina Pipeline,PPL,Pipelines,senior,5.22,2033-06-28,2033-06-28,2024-06-28,,103.96,4.657397933319111,,ishares_xcb,evaluated,2220000.0
2024-10-31,CA775109BJ98,Rogers Communications,RCI,Telecom,senior,3.25,2029-05-01,2029-05-01,2019-04-30,,96.6,4.082089529509494,,ishares_xcb,evaluated,2969000.0
2024-10-31,CA775109BK61,Rogers Communications,RCI,Telecom,senior,3.65,2027-03-31,2027-03-31,2020-03-31,,99.57,3.83744812463161,,ishares_xcb,evaluated,4817000.0
2024-10-31,CA775109BT70,Rogers Communications,RCI,Telecom,senior,3.75,2029-04-15,2029-04-15,2022-03-11,,98.62,4.091665971432193,,ishares_xcb,evaluated,3101000.0
2024-10-31,CA775109BV27,Rogers Communications,RCI,Telecom,senior,4.25,2032-04-15,2032-04-15,2022-03-11,,98.14,4.546706230070163,,ishares_xcb,evaluated,2937000.0
2024-10-31,CA775109CM19,Rogers Communications,RCI,Telecom,senior,3.8,2027-03-01,2027-03-01,2023-04-03,,99.92,3.836690865062605,,ishares_xcb,evaluated,695000.0
2024-10-31,CA775109CP40,Rogers Communications,RCI,Telecom,senior,4.4,2028-11-02,2028-11-02,2023-04-03,,101.34,4.029435086101589,,ishares_xcb,evaluated,1548000.0
2024-10-31,CA775109CQ23,Rogers Communications,RCI,Telecom,senior,3.3,2029-12-10,2029-12-10,2019-12-09,,96.11,4.151390333713427,,ishares_xcb,evaluated,1984000.0
2024-10-31,CA775109CS88,Rogers Communications,RCI,Telecom,senior,2.9,2030-12-09,2030-12-09,2020-04-22,,92.61,4.287273161250406,,ishares_xcb,evaluated,1586000.0
2024-10-31,CA775109CV18,Rogers Communications,RCI,Telecom,senior,5.7,2028-09-21,2028-09-21,2023-09-21,,105.85,4.058995547397468,,ishares_xcb,evaluated,3210000.0
2024-10-31,CA775109CW90,Rogers Communications,RCI,Telecom,senior,5.8,2030-09-21,2030-09-21,2023-09-21,,107.47,4.348612358282142,,ishares_xcb,evaluated,1725000.0
2024-10-31,CA775109DA61,Rogers Communications,RCI,Telecom,senior,5.9,2033-09-21,2033-09-21,2023-09-21,,108.87,4.669317128401871,,ishares_xcb,evaluated,3285000.0
2024-10-31,CA779926DJ08,Royal Bank of Canada,RY,Banks,senior_bail_in,4.0,2030-10-17,2029-10-17,2024-10-17,,100.23,3.948284515960604,,ishares_xcb,evaluated,3750000.0
2024-10-31,CA780086RQ98,Royal Bank of Canada,RY,Banks,senior_bail_in,2.33,2027-01-28,2027-01-28,2020-01-28,,97.22,3.628841589681829,,ishares_xcb,evaluated,7495000.0
2024-10-31,CA780086TY05,Royal Bank of Canada,RY,Banks,senior_bail_in,1.83,2028-07-31,2028-07-31,2021-07-29,,94.0,3.551391040116609,,ishares_xcb,evaluated,3211000.0
2024-10-31,CA780086U931,Royal Bank of Canada,RY,Banks,senior_bail_in,4.26,2026-12-21,2026-12-21,2023-12-21,,101.62,3.4639598409912007,,ishares_xcb,evaluated,6485000.0
2024-10-31,CA780086VK72,Royal Bank of Canada,RY,Banks,senior_bail_in,4.61,2027-07-26,2027-07-26,2022-07-25,,102.36,3.6894589596672653,,ishares_xcb,evaluated,6342000.0
2024-10-31,CA780086VV38,Royal Bank of Canada,RY,Banks,senior_bail_in,5.24,2026-11-02,2026-11-02,2022-10-28,,103.04,3.643068498387331,,ishares_xcb,evaluated,5653000.0
2024-10-31,CA780086WG51,Royal Bank of Canada,RY,Banks,senior_bail_in,4.64,2028-01-17,2028-01-17,2023-01-17,,102.73,3.724907684680086,,ishares_xcb,evaluated,6351000.0
2024-10-31,CA780086XL38,Royal Bank of Canada,RY,Banks,senior_bail_in,4.63,2028-05-01,2028-05-01,2023-04-20,,102.87,3.7441959136523186,,ishares_xcb,evaluated,7940000.0
2024-10-31,CA780086ZH08,Royal Bank of Canada,RY,Banks,senior_bail_in,5.23,2030-06-24,2030-06-24,2023-06-23,,106.18,3.994715151029256,,ishares_xcb,evaluated,4438000.0
2024-10-31,CA87971MBG74,TELUS,TU,Telecom,senior,3.63,2028-03-01,2028-03-01,2018-03-01,,99.33,3.8463893472809403,,ishares_xcb,evaluated,1774000.0
2024-10-31,CA87971MBJ14,TELUS,TU,Telecom,senior,3.3,2029-05-02,2029-05-02,2019-04-03,,97.12,4.001611860099359,,ishares_xcb,evaluated,3104000.0
2024-10-31,CA87971MBN26,TELUS,TU,Telecom,senior,3.15,2030-02-19,2030-02-19,2019-12-16,,95.44,4.114205547796146,,ishares_xcb,evaluated,1937000.0
2024-10-31,CA87971MBQ56,TELUS,TU,Telecom,senior,2.35,2028-01-27,2028-01-27,2020-05-29,,95.57,3.814274949228056,,ishares_xcb,evaluated,1740000.0
2024-10-31,CA87971MBS13,TELUS,TU,Telecom,senior,2.05,2030-10-07,2030-10-07,2020-10-05,,89.03,4.154772692285425,,ishares_xcb,evaluated,1564000.0
2024-10-31,CA87971MBV42,TELUS,TU,Telecom,senior,2.85,2031-11-13,2031-11-13,2021-06-28,,90.85,4.372958294541212,,ishares_xcb,evaluated,2520000.0
2024-10-31,CA87971MBX08,TELUS,TU,Telecom,senior,5.25,2032-11-15,2032-11-15,2022-09-13,,104.57,4.561370695837408,,ishares_xcb,evaluated,3511000.0
2024-10-31,CA87971MBZ55,TELUS,TU,Telecom,senior,5.0,2029-09-13,2029-09-13,2022-09-13,,104.03,4.078872228617476,,ishares_xcb,evaluated,1539000.0
2024-10-31,CA87971MCA95,TELUS,TU,Telecom,senior,4.95,2033-03-28,2033-03-28,2023-03-28,,102.47,4.59251577888805,,ishares_xcb,evaluated,1388000.0
2024-10-31,CA87971MCB78,TELUS,TU,Telecom,senior,5.6,2030-09-09,2030-09-09,2023-09-08,,106.84,4.267763385364189,,ishares_xcb,evaluated,1690000.0
2024-10-31,CA87971MCC51,TELUS,TU,Telecom,senior,5.75,2033-09-08,2033-09-08,2023-09-08,,107.88,4.65388508140085,,ishares_xcb,evaluated,2680000.0
2024-10-31,CA87971MCE18,TELUS,TU,Telecom,senior,4.8,2028-12-15,2028-12-15,2024-02-15,,103.07,3.982724862323538,,ishares_xcb,evaluated,2231000.0
2024-10-31,CA87971MCF82,TELUS,TU,Telecom,senior,4.95,2031-02-18,2031-02-18,2024-02-15,,103.32,4.339285891062765,,ishares_xcb,evaluated,2088000.0
2024-10-31,CA87971MCG65,TELUS,TU,Telecom,senior,5.1,2034-02-15,2034-02-15,2024-02-15,,103.3,4.656273184476937,,ishares_xcb,evaluated,1695000.0
2024-10-31,CA87971MCH49,TELUS,TU,Telecom,senior,4.65,2031-08-13,2031-08-13,2024-08-13,,101.22,4.437314019963503,,ishares_xcb,evaluated,1410000.0
2024-10-31,CA89116CDM60,Toronto-Dominion Bank,TD,Banks,senior_bail_in,4.23,2029-04-02,2029-04-02,2024-03-20,,102.45,3.6247582686928985,,ishares_xcb,evaluated,3070000.0
2024-10-31,CA89116CST58,Toronto-Dominion Bank,TD,Banks,senior_bail_in,4.42,2030-10-31,2029-10-31,2024-10-31,,100.12,4.393006197350822,,ishares_xcb,evaluated,3355000.0
2024-10-31,CA89117F7G86,Toronto-Dominion Bank,TD,Banks,senior_bail_in,4.21,2027-06-01,2027-06-01,2022-06-01,,101.15,3.736020550943392,,ishares_xcb,evaluated,8835000.0
2024-10-31,CA89117F7H69,Toronto-Dominion Bank,TD,Banks,senior_bail_in,5.38,2027-10-21,2027-10-21,2022-10-21,,104.5,3.7653246896477413,,ishares_xcb,evaluated,6365000.0
2024-10-31,CA89117FA338,Toronto-Dominion Bank,TD,Banks,senior_bail_in,1.89,2028-03-08,2028-03-08,2021-03-08,,94.64,3.601240893826405,,ishares_xcb,evaluated,5115000.0
2024-10-31,CA89117FJ347,Toronto-Dominion Bank,TD,Banks,senior_bail_in,1.9,2028-09-11,2028-09-11,2021-09-10,,93.97,3.586098767248005,,ishares_xcb,evaluated,3861000.0
2024-10-31,CA89117FZ442,Toronto-Dominion Bank,TD,Banks,senior_bail_in,2.26,2027-01-07,2027-01-07,2022-01-07,,97.1,3.6490874216347184,,ishares_xcb,evaluated,5867000.0
2024-10-31,CA89117G8T70,Toronto-Dominion Bank,TD,Banks,senior_bail_in,4.52,2027-01-29,2027-01-29,2024-01-29,,102.21,3.481184045497975,,ishares_xcb,evaluated,5300000.0
2024-10-31,CA89117GRJ80,Toronto-Dominion Bank,TD,Banks,senior_bail_in,4.68,2029-01-08,2029-01-08,2022-12-07,,103.08,3.8716522391626778,,ishares_xcb,evaluated,7995000.0
2024-10-31,CA89117GTQ06,Toronto-Dominion Bank,TD,Banks,senior_bail_in,4.48,2028-01-18,2028-01-18,2023-01-18,,102.16,3.7552267646810016,,ishares_xcb,evaluated,6256000.0
2024-10-31,CA89117GX510,Toronto-Dominion Bank,TD,Banks,senior_bail_in,5.49,2028-09-08,2028-09-08,2023-09-08,,105.87,3.8371522182328395,,ishares_xcb,evaluated,5445000.0
2024-10-31,CA89353ZBA53,TransCanada PipeLines,TRP,Pipelines,senior,6.89,2028-08-07,2028-08-07,1997-07-30,,108.69,4.358351154262766,,ishares_xcb,evaluated,712000.0
2024-10-31,CA89353ZBE75,TransCanada PipeLines,TRP,Pipelines,senior,6.28,2028-05-26,2028-05-26,1998-05-26,,106.26,4.359788757839513,,ishares_xcb,evaluated,803000.0
2024-10-31,CA89353ZBK36,TransCanada PipeLines,TRP,Pipelines,senior,6.5,2030-12-09,2030-12-09,1998-12-07,,108.7,4.8350280450366245,,ishares_xcb,evaluated,775000.0
2024-10-31,CA89353ZCA45,TransCanada PipeLines,TRP,Pipelines,senior,3.39,2028-03-15,2028-03-15,2017-09-15,,98.78,3.7788171107878568,,ishares_xcb,evaluated,2052000.0
2024-10-31,CA89353ZCE66,TransCanada PipeLines,TRP,Pipelines,senior,3.0,2029-09-18,2029-09-18,2019-09-18,,96.38,3.820030806801416,,ishares_xcb,evaluated,2503000.0
2024-10-31,CA89353ZCF32,TransCanada PipeLines,TRP,Pipelines,senior,3.8,2027-04-05,2027-04-05,2020-04-03,,100.07,3.7689478808366554,,ishares_xcb,evaluated,6493000.0
2024-10-31,CA89353ZCH97,TransCanada PipeLines,TRP,Pipelines,senior,2.97,2031-06-09,2031-06-09,2021-06-09,,93.31,4.136664402931937,,ishares_xcb,evaluated,1718000.0
2024-10-31,CA89353ZCK27,TransCanada PipeLines,TRP,Pipelines,senior,5.33,2032-05-12,2032-05-12,2022-05-12,,105.9,4.397847310379199,,ishares_xcb,evaluated,3128000.0
2024-10-31,CA89353ZCN65,TransCanada PipeLines,TRP,Pipelines,senior,5.28,2030-07-15,2030-07-15,2023-03-10,,105.67,4.15004500750089,,ishares_xcb,evaluated,4270000.0
2024-11-29,CA06368D3U60,Bank of Montreal,BMO,Banks,senior_bail_in,4.31,2027-06-01,2027-06-01,2022-06-01,,101.67,3.6043768571231816,,ishares_xcb,evaluated,8147000.0
2024-11-29,CA06368DW260,Bank of Montreal,BMO,Banks,senior_bail_in,3.65,2027-04-01,2027-04-01,2022-04-01,,100.13,3.5906616131321805,,ishares_xcb,evaluated,6499000.0
2024-11-29,CA06368L5G77,Bank of Montreal,BMO,Banks,senior_bail_in,4.42,2029-07-17,2029-07-17,2024-07-17,,102.88,3.733209528478422,,ishares_xcb,evaluated,6525000.0
2024-11-29,CA06368LB887,Bank of Montreal,BMO,Banks,senior_bail_in,4.54,2028-12-18,2028-12-18,2023-12-18,,103.09,3.7095953510998836,,ishares_xcb,evaluated,6480000.0
2024-11-29,CA06368LEY89,Bank of Montreal,BMO,Banks,senior_bail_in,4.71,2027-12-07,2027-12-07,2022-12-07,,103.0,3.649965305803887,,ishares_xcb,evaluated,8211000.0
2024-11-29,CA06368LNK84,Bank of Montreal,BMO,Banks,senior_bail_in,5.04,2028-05-29,2028-05-29,2023-05-29,,104.45,3.673460895323524,,ishares_xcb,evaluated,6339000.0
2024-11-29,CA06415E4E25,Bank of Nova Scotia,BNS,Banks,senior_bail_in,1.4,2027-11-01,2027-11-01,2020-10-15,,94.57,3.366425103789101,,ishares_xcb,evaluated,6594000.0
2024-11-29,CA06415GDE76,Bank of Nova Scotia,BNS,Banks,senior_bail_in,2.95,2027-03-08,2027-03-08,2022-03-07,,98.64,3.5792447232754787,,ishares_xcb,evaluated,11549000.0
2024-11-29,CA064164QM14,Bank of Nova Scotia,BNS,Banks,senior_bail_in,4.68,2029-02-01,2029-02-01,2024-02-01,,103.7,3.7104015532783396,,ishares_xcb,evaluated,6625000.0
2024-11-29,CA06418MM430,Bank of Nova Scotia,BNS,Banks,senior_bail_in,3.84,2030-09-26,2029-09-26,2024-09-26,,100.19,3.796851837036587,,ishares_xcb,evaluated,4047000.0
2024-11-29,CA06418MX742,Bank of Nova Scotia,BNS,Banks,senior_bail_in,3.81,2028-11-15,2027-11-15,2024-10-18,,100.47,3.6411335126157476,,ishares_xcb,evaluated,3125000.0
2024-11-29,CA07813ZAC82,Bell Canada,BCE,Telecom,senior,6.55,2029-05-01,2029-05-01,1999-07-19,,109.13,4.262967076539185,,ishares_xcb,evaluated,632000.0
2024-11-29,CA07813ZAL81,Bell Canada,BCE,Telecom,senior,7.85,2031-04-02,2031-04-02,2001-04-02,,117.85,4.573923560228897,,ishares_xcb,evaluated,985000.0
2024-11-29,CA07813ZAP95,Bell Canada,BCE,Telecom,senior,7.3,2032-02-23,2032-02-23,2002-02-22,,115.78,4.697329487422161,,ishares_xcb,evaluated,1291000.0
2024-11-29,CA07813ZAT18,Bell Canada,BCE,Telecom,senior,6.1,2035-03-16,2035-03-16,2004-03-16,,112.29,4.5890042084965765,,ishares_xcb,evaluated,1523000.0
2024-11-29,CA07813ZCC64,Bell Canada,BCE,Telecom,senior,2.9,2029-09-10,2029-09-10,2019-09-10,,95.83,3.8644247264945233,,ishares_xcb,evaluated,1871000.0
2024-11-29,CA07813ZCE21,Bell Canada,BCE,Telecom,senior,2.5,2030-05-14,2030-05-14,2020-05-14,,92.9,3.9590809635954973,,ishares_xcb,evaluated,3307000.0
2024-11-29,CA07813ZCF95,Bell Canada,BCE,Telecom,senior,1.65,2027-08-16,2027-08-16,2020-08-14,,95.49,3.4011261510359514,,ishares_xcb,evaluated,2327000.0
2024-11-29,CA07813ZCG78,Bell Canada,BCE,Telecom,senior,3.0,2031-03-17,2031-03-17,2021-03-17,,94.05,4.081096452062509,,ishares_xcb,evaluated,3134000.0
2024-11-29,CA07813ZCJ18,Bell Canada,BCE,Telecom,senior,2.2,2028-05-29,2028-05-29,2021-05-28,,95.33,3.6329791449534174,,ishares_xcb,evaluated,1524000.0
2024-11-29,CA07813ZCK80,Bell Canada,BCE,Telecom,senior,5.85,2032-11-10,2032-11-10,2022-11-10,,109.79,4.378090301594277,,ishares_xcb,evaluated,4270000.0
2024-11-29,CA07813ZCL63,Bell Canada,BCE,Telecom,senior,4.55,2030-02-09,2030-02-09,2023-02-09,,102.5,4.008588160134352,,ishares_xcb,evaluated,3615000.0
2024-11-29,CA07813ZCQ50,Bell Canada,BCE,Telecom,senior,5.25,2029-03-15,2029-03-15,2023-11-14,,105.17,3.93014737878567,,ishares_xcb,evaluated,2370000.0
2024-11-29,CA07813ZCR34,Bell Canada,BCE,Telecom,senior,5.15,2034-08-24,2034-08-24,2024-05-24,,105.01,4.506297281202839,,ishares_xcb,evaluated,3605000.0
2024-11-29,CA078149DW82,Bell Canada,BCE,Telecom,senior,7.0,2027-09-24,2027-09-24,1997-09-24,,107.69,4.083899998530694,,ishares_xcb,evaluated,135000.0
2024-11-29,CA11291ZAE75,Brookfield Infrastructure Finance,BIP,Utilities,senior,4.19,2028-09-11,2028-09-11,2018-09-10,,101.41,3.7870781519453294,,ishares_xcb,evaluated,2171000.0
2024-11-29,CA11291ZAF41,Brookfield Infrastructure Finance,BIP,Utilities,senior,3.41,2029-10-09,2029-10-09,2019-10-03,,97.88,3.892548118615828,,ishares_xcb,evaluated,2453000.0
2024-11-29,CA11291ZAG24,Brookfield Infrastructure Finance,BIP,Utilities,senior,2.86,2032-09-01,2032-09-01,2020-09-01,,90.51,4.313242980834339,,ishares_xcb,evaluated,1640000.0
2024-11-29,CA11291ZAH07,Brookfield Infrastructure Finance,BIP,Utilities,senior,5.44,2034-04-25,2034-04-25,2022-04-25,,107.01,4.516395867785748,,ishares_xcb,evaluated,1295000.0
2024-11-29,CA11291ZAK36,Brookfield Infrastructure Finance,BIP,Utilities,senior,5.62,2027-11-14,2027-11-14,2022-11-14,,105.23,3.7362816300454424,,ishares_xcb,evaluated,1570000.0
2024-11-29,CA11291ZAL19,Brookfield Infrastructure Finance,BIP,Utilities,senior,5.98,2033-02-14,2033-02-14,2022-11-14,,110.38,4.453250277265763,,ishares_xcb,evaluated,909000.0
2024-11-29,CA11291ZAM91,Brookfield Infrastructure Finance,BIP,Utilities,senior,5.71,2030-07-27,2030-07-27,2023-07-27,,108.09,4.089993186547381,,ishares_xcb,evaluated,1570000.0
2024-11-29,CA13607H5C22,Canadian Imperial Bank of Commerce,CM,Banks,senior_bail_in,5.05,2027-10-07,2027-10-07,2022-10-07,,103.75,3.6535850823070475,,ishares_xcb,evaluated,5620000.0
2024-11-29,CA13607HC349,Canadian Imperial Bank of Commerce,CM,Banks,senior_bail_in,2.25,2027-01-07,2027-01-07,2022-01-07,,97.36,3.5577885937222775,,ishares_xcb,evaluated,5676000.0
2024-11-29,CA13607HV661,Canadian Imperial Bank of Commerce,CM,Banks,senior_bail_in,4.95,2027-06-29,2027-06-29,2022-06-29,,103.2,3.636736795230112,,ishares_xcb,evaluated,6659000.0
2024-11-29,CA13607L3Y79,Canadian Imperial Bank of Commerce,CM,Banks,senior_bail_in,4.9,2027-04-02,2026-04-02,2024-04-02,,101.63,3.641184500672736,,ishares_xcb,evaluated,4210000.0
2024-11-29,CA13607LPY34,Canadian Imperial Bank of Commerce,CM,Banks,senior_bail_in,5.5,2028-01-14,2028-01-14,2023-07-14,,105.3,3.6816193777914723,,ishares_xcb,evaluated,3770000.0
2024-11-29,CA13607LSJ30,Canadian Imperial Bank of Commerce,CM,Banks,senior_bail_in,5.0,2026-12-07,2026-12-07,2023-12-07,,102.73,3.584313210584579,,ishares_xcb,evaluated,4170000.0
2024-11-29,CA29251ZAD92,Enbridge Inc,ENB,Pipelines,senior,7.22,2030-07-24,2030-07-24,2000-07-24,,113.52,4.479949014395708,,ishares_xcb,evaluated,806000.0
2024-11-29,CA29251ZAK36,Enbridge Inc,ENB,Pipelines,senior,7.2,2032-06-18,2032-06-18,2001-06-18,,116.43,4.598163676244214,,ishares_xcb,evaluated,1060000.0
2024-11-29,CA29251ZAQ06,Enbridge Inc,ENB,Pipelines,senior,5.57,2035-11-14,2035-11-14,2005-11-14,,107.66,4.668980489978566,,ishares_xcb,evaluated,394000.0
2024-11-29,CA29251ZBK27,Enbridge Inc,ENB,Pipelines,senior,3.2,2027-06-08,2027-06-08,2017-06-08,,99.04,3.599184996960299,,ishares_xcb,evaluated,3972000.0
2024-11-29,CA29251ZBS52,Enbridge Inc,ENB,Pipelines,senior,2.99,2029-10-03,2029-10-03,2019-10-03,,96.75,3.7292760283066646,,ishares_xcb,evaluated,2830000.0
2024-11-29,CA29251ZBU09,Enbridge Inc,ENB,Pipelines,senior,3.1,2033-09-21,2033-09-21,2021-09-21,,92.5,4.124172285030783,,ishares_xcb,evaluated,3541000.0
2024-11-29,CA29251ZBW64,Enbridge Inc,ENB,Pipelines,senior,6.1,2032-11-09,2032-11-09,2022-11-09,,112.59,4.218399750408273,,ishares_xcb,evaluated,2760000.0
2024-11-29,CA29251ZBY21,Enbridge Inc,ENB,Pipelines,senior,5.7,2027-11-09,2027-11-09,2022-11-09,,105.51,3.70760594443217,,ishares_xcb,evaluated,1906000.0
2024-11-29,CA29251ZBZ95,Enbridge Inc,ENB,Pipelines,senior,5.36,2033-05-26,2033-05-26,2023-05-26,,108.1,4.215320420892414,,ishares_xcb,evaluated,1425000.0
2024-11-29,CA29251ZCA36,Enbridge Inc,ENB,Pipelines,senior,4.9,2028-05-26,2028-05-26,2023-05-26,,103.85,3.7141444062756017,,ishares_xcb,evaluated,1940000.0
2024-11-29,CA29251ZCC91,Enbridge Inc,ENB,Pipelines,senior,4.21,2030-02-22,2030-02-22,2024-08-22,,101.65,3.855627428490196,,ishares_xcb,evaluated,1525000.0
2024-11-29,CA29251ZCD74,Enbridge Inc,ENB,Pipelines,senior,4.73,2034-08-22,2034-08-22,2024-08-22,,103.32,4.306623384611826,,ishares_xcb,evaluated,2723000.0
2024-11-29,CA349553AP21,Fortis Inc,FTS,Utilities,senior,2.18,2028-05-15,2028-05-15,2021-05-14,,95.94,3.434093583414625,,ishares_xcb,evaluated,1973000.0
2024-11-29,CA349553AQ04,Fortis Inc,FTS,Utilities,senior,4.43,2029-05-31,2029-05-31,2022-05-31,,102.85,3.7349626441733177,,ishares_xcb,evaluated,1623000.0
2024-11-29,CA349553AR86,Fortis Inc,FTS,Utilities,senior,5.68,2033-11-08,2033-11-08,2023-11-08,,110.7,4.230332476218755,,ishares_xcb,evaluated,1415000.0
2024-11-29,CA349553AS69,Fortis Inc,FTS,Utilities,senior,4.17,2031-09-09,2031-09-09,2024-09-09,,100.94,4.010633510246681,,ishares_xcb,evaluated,1375000.0
2024-11-29,CA44810ZAB63,Hydro One Inc,H,Utilities,senior,6.93,2032-06-01,2032-06-01,2001-06-22,,118.34,4.06832246351205,,ishares_xcb,evaluated,1207000.0
2024-11-29,CA44810ZAD20,Hydro One Inc,H,Utilities,senior,6.35,2034-01-31,2034-01-31,2003-01-31,,116.82,4.12536749456916,,ishares_xcb,evaluated,1224000.0
2024-11-29,CA44810ZAP59,Hydro One Inc,H,Utilities,senior,5.36,2036-05-20,2036-05-20,2005-05-19,,110.73,4.173649076232745,,ishares_xcb,evaluated,2316000.0
2024-11-29,CA44810ZBZ23,Hydro One Inc,H,Utilities,senior,3.02,2029-04-05,2029-04-05,2019-04-05,,98.41,3.416188568663721,,ishares_xcb,evaluated,1770000.0
2024-11-29,CA44810ZCC29,Hydro One Inc,H,Utilities,senior,2.16,2030-02-28,2030-02-28,2020-02-28,,93.33,3.5634890999723967,,ishares_xcb,evaluated,1461000.0
2024-11-29,CA44810ZCF59,Hydro One Inc,H,Utilities,senior,1.69,2031-01-16,2031-01-16,2020-10-09,,90.03,3.5105661350914503,,ishares_xcb,evaluated,1395000.0
2024-11-29,CA44810ZCG33,Hydro One Inc,H,Utilities,senior,2.23,2031-09-17,2031-09-17,2021-09-17,,91.65,3.6271553426815037,,ishares_xcb,evaluated,1488000.0
2024-11-29,CA44810ZCJ71,Hydro One Inc,H,Utilities,senior,4.91,2028-01-27,2028-01-27,2022-10-27,,104.4,3.423062363403014,,ishares_xcb,evaluated,2492000.0
2024-11-29,CA44810ZCK45,Hydro One Inc,H,Utilities,senior,3.93,2029-11-30,2029-11-30,2023-01-27,,101.95,3.4993408711055385,,ishares_xcb,evaluated,1977000.0
2024-11-29,CA44810ZCL28,Hydro One Inc,H,Utilities,senior,4.16,2033-01-27,2033-01-27,2023-01-27,,102.34,3.8212224275639333,,ishares_xcb,evaluated,1575000.0
2024-11-29,CA44810ZCR97,Hydro One Inc,H,Utilities,senior,4.39,2034-03-01,2034-03-01,2024-01-12,,103.54,3.930444829913032,,ishares_xcb,evaluated,1835000.0
2024-11-29,CA44810ZCS70,Hydro One Inc,H,Utilities,senior,4.25,2035-01-04,2035-01-04,2024-08-20,,102.04,4.000338948737396,,ishares_xcb,evaluated,2419000.0
2024-11-29,CA448810AC58,Hydro One Inc,H,Utilities,senior,7.35,2030-06-03,2030-06-03,2000-06-01,,117.03,3.8851935092599468,,ishares_xcb,evaluated,1363000.0
2024-11-29,CA63306AHP45,National Bank of Canada,NA,Banks,senior_bail_in,5.22,2028-06-14,2028-06-14,2023-06-14,,105.13,3.6596219966842383,,ishares_xcb,evaluated,5810000.0
2024-11-29,CA63306AHT66,National Bank of Canada,NA,Banks,senior_bail_in,5.02,2029-02-01,2029-02-01,2023-12-07,,105.01,3.7084485086213523,,ishares_xcb,evaluated,4775000.0
2024-11-29,CA63306AHU30,National Bank of Canada,NA,Banks,senior_bail_in,4.97,2026-12-07,2026-12-07,2023-12-07,,102.71,3.565014877242561,,ishares_xcb,evaluated,1875000.0
2024-11-29,CA63306AHX78,National Bank of Canada,NA,Banks,senior_bail_in,4.98,2027-03-18,2026-03-18,2024-03-18,,101.71,3.6248369170071744,,ishares_xcb,evaluated,2478000.0
2024-11-29,CA63306AJB31,National Bank of Canada,NA,Banks,senior_bail_in,3.64,2027-10-07,2026-10-07,2024-10-07,,100.0,3.6389140362924324,,ishares_xcb,evaluated,2315000.0
2024-11-29,CA70632ZAF86,Pembina Pipeline,PPL,Pipelines,senior,4.24,2027-06-15,2027-06-15,2015-06-16,,101.34,3.6804945293469236,,ishares_xcb,evaluated,1799000.0
2024-11-29,CA70632ZAK71,Pembina Pipeline,PPL,Pipelines,senior,4.02,2028-03-27,2028-03-27,2018-03-26,,101.04,3.6853972144740315,,ishares_xcb,evaluated,2147000.0
2024-11-29,CA70632ZAM38,Pembina Pipeline,PPL,Pipelines,senior,3.62,2029-04-03,2029-04-03,2019-04-03,,99.53,3.737722018818876,,ishares_xcb,evaluated,2373000.0
2024-11-29,CA70632ZAQ42,Pembina Pipeline,PPL,Pipelines,senior,3.31,2030-02-01,2030-02-01,2019-09-12,,97.35,3.8775263307753023,,ishares_xcb,evaluated,1725000.0
2024-11-29,CA70632ZAS08,Pembina Pipeline,PPL,Pipelines,senior,3.53,2031-12-10,2031-12-10,2021-12-10,,96.26,4.147868599518012,,ishares_xcb,evaluated,1657000.0
2024-11-29,CA70632ZAV37,Pembina Pipeline,PPL,Pipelines,senior,5.02,2032-01-12,2032-01-12,2024-01-12,,104.99,4.198520267177602,,ishares_xcb,evaluated,2715000.0
2024-11-29,CA70632ZAW10,Pembina Pipeline,PPL,Pipelines,senior,5.21,2034-01-12,2034-01-12,2024-01-12,,106.18,4.377911497507318,,ishares_xcb,evaluated,1970000.0
2024-11-29,CA70632ZAY75,Pembina Pipeline,PPL,Pipelines,senior,5.22,2033-06-28,2033-06-28,2024-06-28,,106.31,4.330227495164252,,ishares_xcb,evaluated,2220000.0
2024-11-29,CA775109BJ98,Rogers Communications,RCI,Telecom,senior,3.25,2029-05-01,2029-05-01,2019-04-30,,97.35,3.9082887876510313,,ishares_xcb,evaluated,3054000.0
2024-11-29,CA775109BK61,Rogers Communications,RCI,Telecom,senior,3.65,2027-03-31,2027-03-31,2020-03-31,,99.89,3.6986821707319644,,ishares_xcb,evaluated,4902000.0
2024-11-29,CA775109BT70,Rogers Communications,RCI,Telecom,senior,3.75,2029-04-15,2029-04-15,2022-03-11,,99.28,3.9301490367096403,,ishares_xcb,evaluated,3231000.0
2024-11-29,CA775109BV27,Rogers Communications,RCI,Telecom,senior,4.25,2032-04-15,2032-04-15,2022-03-11,,99.59,4.315046592355267,,ishares_xcb,evaluated,3262000.0
2024-11-29,CA775109CM19,Rogers Communications,RCI,Telecom,senior,3.8,2027-03-01,2027-03-01,2023-04-03,,100.21,3.7035858353084796,,ishares_xcb,evaluated,825000.0
2024-11-29,CA775109CP40,Rogers Communications,RCI,Telecom,senior,4.4,2028-11-02,2028-11-02,2023-04-03,,101.84,3.8900296696386896,,ishares_xcb,evaluated,1548000.0
2024-11-29,CA775109CQ23,Rogers Communications,RCI,Telecom,senior,3.3,2029-12-10,2029-12-10,2019-12-09,,96.94,3.976066930965321,,ishares_xcb,evaluated,1904000.0
2024-11-29,CA775109CS88,Rogers Communications,RCI,Telecom,senior,2.9,2030-12-09,2030-12-09,2020-04-22,,93.58,4.112617748640876,,ishares_xcb,evaluated,1606000.0
2024-11-29,CA775109CV18,Rogers Communications,RCI,Telecom,senior,5.7,2028-09-21,2028-09-21,2023-09-21,,106.36,3.888296876190025,,ishares_xcb,evaluated,3260000.0
2024-11-29,CA775109CW90,Rogers Communications,RCI,Telecom,senior,5.8,2030-09-21,2030-09-21,2023-09-21,,108.53,4.1336953539949794,,ishares_xcb,evaluated,1895000.0
2024-11-29,CA775109DA61,Rogers Communications,RCI,Telecom,senior,5.9,2033-09-21,2033-09-21,2023-09-21,,110.35,4.466188083499496,,ishares_xcb,evaluated,3285000.0
2024-11-29,CA779926DJ08,Royal Bank of Canada,RY,Banks,senior_bail_in,4.0,2030-10-17,2029-10-17,2024-10-17,,101.05,3.762085785637339,,ishares_xcb,evaluated,4645000.0
2024-11-29,CA780086RQ98,Royal Bank of Canada,RY,Banks,senior_bail_in,2.33,2027-01-28,2027-01-28,2020-01-28,,97.51,3.531601924262266,,ishares_xcb,evaluated,7060000.0
2024-11-29,CA780086TY05,Royal Bank of Canada,RY,Banks,senior_bail_in,1.83,2028-07-31,2028-07-31,2021-07-29,,94.66,3.3871965570633424,,ishares_xcb,evaluated,3211000.0
2024-11-29,CA780086U931,Royal Bank of Canada,RY,Banks,senior_bail_in,4.26,2026-12-21,2026-12-21,2023-12-21,,101.75,3.3700117168661983,,ishares_xcb,evaluated,6590000.0
2024-11-29,CA780086VK72,Royal Bank of Canada,RY,Banks,senior_bail_in,4.61,2027-07-26,2027-07-26,2022-07-25,,102.64,3.553289349531837,,ishares_xcb,evaluated,6587000.0
2024-11-29,CA780086WG51,Royal Bank of Canada,RY,Banks,senior_bail_in,4.64,2028-01-17,2028-01-17,2023-01-17,,103.08,3.585799078057893,,ishares_xcb,evaluated,6576000.0
2024-11-29,CA780086XL38,Royal Bank of Canada,RY,Banks,senior_bail_in,4.63,2028-05-01,2028-05-01,2023-04-20,,103.2,3.6274417897644358,,ishares_xcb,evaluated,8295000.0
2024-11-29,CA780086ZH08,Royal Bank of Canada,RY,Banks,senior_bail_in,5.23,2030-06-24,2030-06-24,2023-06-23,,107.1,3.8013581178667812,,ishares_xcb,evaluated,4438000.0
2024-11-29,CA87971MBG74,TELUS,TU,Telecom,senior,3.63,2028-03-01,2028-03-01,2018-03-01,,99.83,3.6869671891063125,,ishares_xcb,evaluated,1804000.0
2024-11-29,CA87971MBJ14,TELUS,TU,Telecom,senior,3.3,2029-05-02,2029-05-02,2019-04-03,,97.82,3.8403665481295612,,ishares_xcb,evaluated,3299000.0
2024-11-29,CA87971MBN26,TELUS,TU,Telecom,senior,3.15,2030-02-19,2030-02-19,2019-12-16,,96.34,3.929636525491841,,ishares_xcb,evaluated,1937000.0
2024-11-29,CA87971MBQ56,TELUS,TU,Telecom,senior,2.35,2028-01-27,2028-01-27,2020-05-29,,96.12,3.658238393399787,,ishares_xcb,evaluated,1902000.0
2024-11-29,CA87971MBS13,TELUS,TU,Telecom,senior,2.05,2030-10-07,2030-10-07,2020-10-05,,89.97,3.987702287574704,,ishares_xcb,evaluated,1644000.0
2024-11-29,CA87971MBV42,TELUS,TU,Telecom,senior,2.85,2031-11-13,2031-11-13,2021-06-28,,91.88,4.2086970297898105,,ishares_xcb,evaluated,2520000.0
2024-11-29,CA87971MBX08,TELUS,TU,Telecom,senior,5.25,2032-11-15,2032-11-15,2022-09-13,,105.81,4.3777443545552295,,ishares_xcb,evaluated,3611000.0
2024-11-29,CA87971MBZ55,TELUS,TU,Telecom,senior,5.0,2029-09-13,2029-09-13,2022-09-13,,104.57,3.943730217504741,,ishares_xcb,evaluated,1539000.0
2024-11-29,CA87971MCA95,TELUS,TU,Telecom,senior,4.95,2033-03-28,2033-03-28,2023-03-28,,103.87,4.390332242088194,,ishares_xcb,evaluated,1628000.0
2024-11-29,CA87971MCB78,TELUS,TU,Telecom,senior,5.6,2030-09-09,2030-09-09,2023-09-08,,107.65,4.099786385265845,,ishares_xcb,evaluated,1695000.0
2024-11-29,CA87971MCC51,TELUS,TU,Telecom,senior,5.75,2033-09-08,2033-09-08,2023-09-08,,109.23,4.467207850617885,,ishares_xcb,evaluated,2730000.0
2024-11-29,CA87971MCE18,TELUS,TU,Telecom,senior,4.8,2028-12-15,2028-12-15,2024-02-15,,103.6,3.828456947447767,,ishares_xcb,evaluated,2296000.0
2024-11-29,CA87971MCF82,TELUS,TU,Telecom,senior,4.95,2031-02-18,2031-02-18,2024-02-15,,104.27,4.160532555515214,,ishares_xcb,evaluated,2118000.0
2024-11-29,CA87971MCG65,TELUS,TU,Telecom,senior,5.1,2034-02-15,2034-02-15,2024-02-15,,104.78,4.459048549970826,,ishares_xcb,evaluated,1695000.0
2024-11-29,CA87971MCH49,TELUS,TU,Telecom,senior,4.65,2031-08-13,2031-08-13,2024-08-13,,102.27,4.25441264478562,,ishares_xcb,evaluated,1655000.0
2024-11-29,CA89116CDM60,Toronto-Dominion Bank,TD,Banks,senior_bail_in,4.23,2029-04-02,2029-04-02,2024-03-20,,102.95,3.491150633161894,,ishares_xcb,evaluated,3200000.0
2024-11-29,CA89116CST58,Toronto-Dominion Bank,TD,Banks,senior_bail_in,4.0,2030-10-31,2029-10-31,2024-10-31,,100.94,3.7888052263484706,,ishares_xcb,evaluated,4335000.0
2024-11-29,CA89117F7G86,Toronto-Dominion Bank,TD,Banks,senior_bail_in,4.21,2027-06-01,2027-06-01,2022-06-01,,101.42,3.609640743023949,,ishares_xcb,evaluated,8920000.0
2024-11-29,CA89117F7H69,Toronto-Dominion Bank,TD,Banks,senior_bail_in,5.38,2027-10-21,2027-10-21,2022-10-21,,104.77,3.627281382155368,,ishares_xcb,evaluated,6465000.0
2024-11-29,CA89117FA338,Toronto-Dominion Bank,TD,Banks,senior_bail_in,1.89,2028-03-08,2028-03-08,2021-03-08,,95.22,3.447185918976624,,ishares_xcb,evaluated,5035000.0
2024-11-29,CA89117FJ347,Toronto-Dominion Bank,TD,Banks,senior_bail_in,1.9,2028-09-11,2028-09-11,2021-09-10,,94.62,3.429409257754316,,ishares_xcb,evaluated,3861000.0
2024-11-29,CA89117FZ442,Toronto-Dominion Bank,TD,Banks,senior_bail_in,2.26,2027-01-07,2027-01-07,2022-01-07,,97.39,3.5527760433094,,ishares_xcb,evaluated,5867000.0
2024-11-29,CA89117G8T70,Toronto-Dominion Bank,TD,Banks,senior_bail_in,4.52,2027-01-29,2027-01-29,2024-01-29,,102.35,3.3776073051210926,,ishares_xcb,evaluated,5440000.0
2024-11-29,CA89117GRJ80,Toronto-Dominion Bank,TD,Banks,senior_bail_in,4.68,2029-01-08,2029-01-08,2022-12-07,,103.66,3.706491176590891,,ishares_xcb,evaluated,8065000.0
2024-11-29,CA89117GTQ06,Toronto-Dominion Bank,TD,Banks,senior_bail_in,4.48,2028-01-18,2028-01-18,2023-01-18,,102.53,3.613461176750659,,ishares_xcb,evaluated,6356000.0
2024-11-29,CA89117GX510,Toronto-Dominion Bank,TD,Banks,senior_bail_in,5.49,2028-09-08,2028-09-08,2023-09-08,,106.25,3.7012364248508067,,ishares_xcb,evaluated,4745000.0
2024-11-29,CA89353ZBA53,TransCanada PipeLines,TRP,Pipelines,senior,6.89,2028-08-07,2028-08-07,1997-07-30,,108.8,4.278986154497376,,ishares_xcb,evaluated,712000.0
2024-11-29,CA89353ZBE75,TransCanada PipeLines,TRP,Pipelines,senior,6.28,2028-05-26,2028-05-26,1998-05-26,,106.53,4.2479458143541455,,ishares_xcb,evaluated,803000.0
2024-11-29,CA89353ZBK36,TransCanada PipeLines,TRP,Pipelines,senior,6.5,2030-12-09,2030-12-09,1998-12-07,,109.04,4.755323645160988,,ishares_xcb,evaluated,775000.0
2024-11-29,CA89353ZCA45,TransCanada PipeLines,TRP,Pipelines,senior,3.39,2028-03-15,2028-03-15,2017-09-15,,99.29,3.6213531412271327,,ishares_xcb,evaluated,2052000.0
2024-11-29,CA89353ZCE66,TransCanada PipeLines,TRP,Pipelines,senior,3.0,2029-09-18,2029-09-18,2019-09-18,,97.09,3.666930573852777,,ishares_xcb,evaluated,2771000.0
2024-11-29,CA89353ZCF32,TransCanada PipeLines,TRP,Pipelines,senior,3.8,2027-04-05,2027-04-05,2020-04-03,,100.26,3.682506967784428,,ishares_xcb,evaluated,6763000.0
2024-11-29,CA89353ZCH97,TransCanada PipeLines,TRP,Pipelines,senior,2.97,2031-06-09,2031-06-09,2021-06-09,,94.73,3.89123003678564,,ishares_xcb,evaluated,1733000.0
2024-11-29,CA89353ZCK27,TransCanada PipeLines,TRP,Pipelines,senior,5.33,2032-05-12,2032-05-12,2022-05-12,,107.13,4.2056044987550925,,ishares_xcb,evaluated,2718000.0
2024-11-29,CA89353ZCN65,TransCanada PipeLines,TRP,Pipelines,senior,5.28,2030-07-15,2030-07-15,2023-03-10,,106.71,3.9349496858096127,,ishares_xcb,evaluated,4495000.0
2024-12-31,CA06368D3U60,Bank of Montreal,BMO,Banks,senior_bail_in,4.31,2027-06-01,2027-06-01,2022-06-01,,101.79,3.5303295485794908,,ishares_xcb,evaluated,8147000.0
2024-12-31,CA06368DW260,Bank of Montreal,BMO,Banks,senior_bail_in,3.65,2027-04-01,2027-04-01,2022-04-01,,100.35,3.4862405860276335,,ishares_xcb,evaluated,6559000.0
2024-12-31,CA06368L5G77,Bank of Montreal,BMO,Banks,senior_bail_in,4.42,2029-07-17,2029-07-17,2024-07-17,,102.77,3.7472563720233123,,ishares_xcb,evaluated,6525000.0
2024-12-31,CA06368LB887,Bank of Montreal,BMO,Banks,senior_bail_in,4.54,2028-12-18,2028-12-18,2023-12-18,,103.08,3.6973321462908415,,ishares_xcb,evaluated,6835000.0
2024-12-31,CA06368LEY89,Bank of Montreal,BMO,Banks,senior_bail_in,4.71,2027-12-07,2027-12-07,2022-12-07,,103.07,3.5975425484140686,,ishares_xcb,evaluated,8211000.0
2024-12-31,CA06368LNK84,Bank of Montreal,BMO,Banks,senior_bail_in,5.04,2028-05-29,2028-05-29,2023-05-29,,104.45,3.6412234341308407,,ishares_xcb,stale,6339000.0
2024-12-31,CA06415E4E25,Bank of Nova Scotia,BNS,Banks,senior_bail_in,1.4,2027-11-01,2027-11-01,2020-10-15,,94.81,3.334507944959094,,ishares_xcb,evaluated,6614000.0
2024-12-31,CA06415GDE76,Bank of Nova Scotia,BNS,Banks,senior_bail_in,2.95,2027-03-08,2027-03-08,2022-03-07,,98.88,3.4890425214887397,,ishares_xcb,evaluated,11549000.0
2024-12-31,CA064164QM14,Bank of Nova Scotia,BNS,Banks,senior_bail_in,4.68,2029-02-01,2029-02-01,2024-02-01,,103.69,3.693920334219209,,ishares_xcb,evaluated,6635000.0
2024-12-31,CA06418MM430,Bank of Nova Scotia,BNS,Banks,senior_bail_in,3.84,2030-09-26,2029-09-26,2024-09-26,,100.16,3.8036535789025847,,ishares_xcb,evaluated,4047000.0
2024-12-31,CA06418MX742,Bank of Nova Scotia,BNS,Banks,senior_bail_in,3.81,2028-11-15,2027-11-15,2024-10-18,,100.61,3.584942468471876,,ishares_xcb,evaluated,6425000.0
2024-12-31,CA07813ZAC82,Bell Canada,BCE,Telecom,senior,6.55,2029-05-01,2029-05-01,1999-07-19,,108.9,4.278795271602623,,ishares_xcb,evaluated,632000.0
2024-12-31,CA07813ZAL81,Bell Canada,BCE,Telecom,senior,7.85,2031-04-02,2031-04-02,2001-04-02,,117.2,4.647470984438966,,ishares_xcb,evaluated,985000.0
2024-12-31,CA07813ZAP95,Bell Canada,BCE,Telecom,senior,7.3,2032-02-23,2032-02-23,2002-02-22,,115.43,4.7257260911992995,,ishares_xcb,evaluated,1291000.0
2024-12-31,CA07813ZAT18,Bell Canada,BCE,Telecom,senior,6.1,2035-03-16,2035-03-16,2004-03-16,,111.19,4.707463833442431,,ishares_xcb,evaluated,1523000.0
2024-12-31,CA07813ZCC64,Bell Canada,BCE,Telecom,senior,2.9,2029-09-10,2029-09-10,2019-09-10,,95.86,3.874710834043482,,ishares_xcb,evaluated,1871000.0
2024-12-31,CA07813ZCE21,Bell Canada,BCE,Telecom,senior,2.5,2030-05-14,2030-05-14,2020-05-14,,92.93,3.975104103809786,,ishares_xcb,evaluated,3557000.0
2024-12-31,CA07813ZCF95,Bell Canada,BCE,Telecom,senior,1.65,2027-08-16,2027-08-16,2020-08-14,,95.76,3.3464602974132895,,ishares_xcb,evaluated,2362000.0
2024-12-31,CA07813ZCG78,Bell Canada,BCE,Telecom,senior,3.0,2031-03-17,2031-03-17,2021-03-17,,93.89,4.126022377905327,,ishares_xcb,evaluated,3134000.0
2024-12-31,CA07813ZCJ18,Bell Canada,BCE,Telecom,senior,2.2,2028-05-29,2028-05-29,2021-05-28,,95.61,3.5784508468825353,,ishares_xcb,evaluated,1524000.0
2024-12-31,CA07813ZCK80,Bell Canada,BCE,Telecom,senior,5.85,2032-11-10,2032-11-10,2022-11-10,,109.29,4.436991315633758,,ishares_xcb,evaluated,4510000.0
2024-12-31,CA07813ZCL63,Bell Canada,BCE,Telecom,senior,4.55,2030-02-09,2030-02-09,2023-02-09,,102.42,4.017262818156366,,ishares_xcb,evaluated,3555000.0
2024-12-31,CA07813ZCQ50,Bell Canada,BCE,Telecom,senior,5.25,2029-03-15,2029-03-15,2023-11-14,,105.16,3.9089016965615584,,ishares_xcb,evaluated,2370000.0
2024-12-31,CA07813ZCR34,Bell Canada,BCE,Telecom,senior,5.15,2034-08-24,2034-08-24,2024-05-24,,104.14,4.610892640058553,,ishares_xcb,evaluated,3605000.0
2024-12-31,CA078149DW82,Bell Canada,BCE,Telecom,senior,7.0,2027-09-24,2027-09-24,1997-09-24,,107.61,4.030281953090408,,ishares_xcb,evaluated,135000.0
2024-12-31,CA11291ZAE75,Brookfield Infrastructure Finance,BIP,Utilities,senior,4.19,2028-09-11,2028-09-11,2018-09-10,,101.39,3.784914293973616,,ishares_xcb,evaluated,2171000.0
2024-12-31,CA11291ZAF41,Brookfield Infrastructure Finance,BIP,Utilities,senior,3.41,2029-10-09,2029-10-09,2019-10-03,,97.85,3.907780886420392,,ishares_xcb,evaluated,2393000.0
2024-12-31,CA11291ZAG24,Brookfield Infrastructure Finance,BIP,Utilities,senior,2.86,2032-09-01,2032-09-01,2020-09-01,,90.43,4.3417340426646085,,ishares_xcb,evaluated,1640000.0
2024-12-31,CA11291ZAH07,Brookfield Infrastructure Finance,BIP,Utilities,senior,5.44,2034-04-25,2034-04-25,2022-04-25,,106.3,4.60028775761565,,ishares_xcb,evaluated,1295000.0
2024-12-31,CA11291ZAK36,Brookfield Infrastructure Finance,BIP,Utilities,senior,5.62,2027-11-14,2027-11-14,2022-11-14,,105.18,3.701417890135187,,ishares_xcb,evaluated,1570000.0
2024-12-31,CA11291ZAL19,Brookfield Infrastructure Finance,BIP,Utilities,senior,5.98,2033-02-14,2033-02-14,2022-11-14,,109.93,4.503032730217744,,ishares_xcb,evaluated,909000.0
2024-12-31,CA11291ZAM91,Brookfield Infrastructure Finance,BIP,Utilities,senior,5.71,2030-07-27,2030-07-27,2023-07-27,,107.88,4.108864835176491,,ishares_xcb,evaluated,1570000.0
2024-12-31,CA13607H5C22,Canadian Imperial Bank of Commerce,CM,Banks,senior_bail_in,5.05,2027-10-07,2027-10-07,2022-10-07,,103.83,3.5825798290182833,,ishares_xcb,evaluated,5620000.0
2024-12-31,CA13607HC349,Canadian Imperial Bank of Commerce,CM,Banks,senior_bail_in,2.25,2027-01-07,2027-01-07,2022-01-07,,97.68,3.4445740638941174,,ishares_xcb,evaluated,5676000.0
2024-12-31,CA13607HV661,Canadian Imperial Bank of Commerce,CM,Banks,senior_bail_in,4.95,2027-06-29,2027-06-29,2022-06-29,,103.3,3.5557690148078627,,ishares_xcb,evaluated,6839000.0
2024-12-31,CA13607L3Y79,Canadian Imperial Bank of Commerce,CM,Banks,senior_bail_in,4.9,2027-04-02,2026-04-02,2024-04-02,,101.68,3.5157873550272236,,ishares_xcb,evaluated,4220000.0
2024-12-31,CA13607L4C41,Canadian Imperial Bank of Commerce,CM,Banks,senior_bail_in,3.65,2028-12-10,2027-12-10,2024-12-10,,100.17,3.5882138619766595,,ishares_xcb,evaluated,1610000.0
2024-12-31,CA13607LF997,Canadian Imperial Bank of Commerce,CM,Banks,senior_bail_in,3.8,2030-12-10,2029-12-10,2024-12-10,,99.87,3.8288445796806307,,ishares_xcb,evaluated,2200000.0
2024-12-31,CA13607LPY34,Canadian Imperial Bank of Commerce,CM,Banks,senior_bail_in,5.5,2028-01-14,2028-01-14,2023-07-14,,105.37,3.609902186224222,,ishares_xcb,evaluated,3770000.0
2024-12-31,CA29251ZAD92,Enbridge Inc,ENB,Pipelines,senior,7.22,2030-07-24,2030-07-24,2000-07-24,,113.26,4.494208363166488,,ishares_xcb,evaluated,806000.0
2024-12-31,CA29251ZAK36,Enbridge Inc,ENB,Pipelines,senior,7.2,2032-06-18,2032-06-18,2001-06-18,,116.19,4.611353894751174,,ishares_xcb,evaluated,1060000.0
2024-12-31,CA29251ZAQ06,Enbridge Inc,ENB,Pipelines,senior,5.57,2035-11-14,2035-11-14,2005-11-14,,107.27,4.707828438435559,,ishares_xcb,evaluated,394000.0
2024-12-31,CA29251ZBK27,Enbridge Inc,ENB,Pipelines,senior,3.2,2027-06-08,2027-06-08,2017-06-08,,99.16,3.562517770302767,,ishares_xcb,evaluated,4032000.0
2024-12-31,CA29251ZBS52,Enbridge Inc,ENB,Pipelines,senior,2.99,2029-10-03,2029-10-03,2019-10-03,,96.79,3.732615953087609,,ishares_xcb,evaluated,3070000.0
2024-12-31,CA29251ZBU09,Enbridge Inc,ENB,Pipelines,senior,3.1,2033-09-21,2033-09-21,2021-09-21,,91.82,4.231880641083657,,ishares_xcb,evaluated,3541000.0
2024-12-31,CA29251ZBW64,Enbridge Inc,ENB,Pipelines,senior,6.1,2032-11-09,2032-11-09,2022-11-09,,112.09,4.2723024106115695,,ishares_xcb,evaluated,2760000.0
2024-12-31,CA29251ZBY21,Enbridge Inc,ENB,Pipelines,senior,5.7,2027-11-09,2027-11-09,2022-11-09,,105.51,3.6516170851765333,,ishares_xcb,stale,1906000.0
2024-12-31,CA29251ZBZ95,Enbridge Inc,ENB,Pipelines,senior,5.36,2033-05-26,2033-05-26,2023-05-26,,107.65,4.267099151053,,ishares_xcb,evaluated,1425000.0
2024-12-31,CA29251ZCA36,Enbridge Inc,ENB,Pipelines,senior,4.9,2028-05-26,2028-05-26,2023-05-26,,103.92,3.6644944422494117,,ishares_xcb,evaluated,1940000.0
2024-12-31,CA29251ZCC91,Enbridge Inc,ENB,Pipelines,senior,4.21,2030-02-22,2030-02-22,2024-08-22,,101.57,3.8669399380892857,,ishares_xcb,evaluated,1525000.0
2024-12-31,CA29251ZCD74,Enbridge Inc,ENB,Pipelines,senior,4.73,2034-08-22,2034-08-22,2024-08-22,,102.27,4.435671524261204,,ishares_xcb,evaluated,2643000.0
2024-12-31,CA349553AP21,Fortis Inc,FTS,Utilities,senior,2.18,2028-05-15,2028-05-15,2021-05-14,,96.06,3.427072837047688,,ishares_xcb,evaluated,1973000.0
2024-12-31,CA349553AQ04,Fortis Inc,FTS,Utilities,senior,4.43,2029-05-31,2029-05-31,2022-05-31,,102.7,3.760077759565044,,ishares_xcb,evaluated,1623000.0
2024-12-31,CA349553AR86,Fortis Inc,FTS,Utilities,senior,5.68,2033-11-08,2033-11-08,2023-11-08,,109.81,4.334081434771499,,ishares_xcb,evaluated,1415000.0
2024-12-31,CA349553AS69,Fortis Inc,FTS,Utilities,senior,4.17,2031-09-09,2031-09-09,2024-09-09,,100.68,4.053893670288874,,ishares_xcb,evaluated,1375000.0
2024-12-31,CA44810ZAB63,Hydro One Inc,H,Utilities,senior,6.93,2032-06-01,2032-06-01,2001-06-22,,117.96,4.097150712186502,,ishares_xcb,evaluated,1207000.0
2024-12-31,CA44810ZAD20,Hydro One Inc,H,Utilities,senior,6.35,2034-01-31,2034-01-31,2003-01-31,,115.94,4.216156170826048,,ishares_xcb,evaluated,1224000.0
2024-12-31,CA44810ZAP59,Hydro One Inc,H,Utilities,senior,5.36,2036-05-20,2036-05-20,2005-05-19,,109.6,4.285710491433385,,ishares_xcb,evaluated,2271000.0
2024-12-31,CA44810ZBZ23,Hydro One Inc,H,Utilities,senior,3.02,2029-04-05,2029-04-05,2019-04-05,,98.36,3.436734402646726,,ishares_xcb,evaluated,1800000.0
2024-12-31,CA44810ZCC29,Hydro One Inc,H,Utilities,senior,2.16,2030-02-28,2030-02-28,2020-02-28,,93.38,3.5744767699781446,,ishares_xcb,evaluated,1461000.0
2024-12-31,CA44810ZCF59,Hydro One Inc,H,Utilities,senior,1.69,2031-01-16,2031-01-16,2020-10-09,,89.78,3.584626299690892,,ishares_xcb,evaluated,1395000.0
2024-12-31,CA44810ZCG33,Hydro One Inc,H,Utilities,senior,2.23,2031-09-17,2031-09-17,2021-09-17,,91.55,3.6623095009722437,,ishares_xcb,evaluated,1488000.0
2024-12-31,CA44810ZCJ71,Hydro One Inc,H,Utilities,senior,4.91,2028-01-27,2028-01-27,2022-10-27,,104.4,3.38371105076375,,ishares_xcb,stale,2492000.0
2024-12-31,CA44810ZCK45,Hydro One Inc,H,Utilities,senior,3.93,2029-11-30,2029-11-30,2023-01-27,,101.94,3.4969930389463215,,ishares_xcb,evaluated,1977000.0
2024-12-31,CA44810ZCL28,Hydro One Inc,H,Utilities,senior,4.16,2033-01-27,2033-01-27,2023-01-27,,101.83,3.8911942934544674,,ishares_xcb,evaluated,1575000.0
2024-12-31,CA44810ZCR97,Hydro One Inc,H,Utilities,senior,4.39,2034-03-01,2034-03-01,2024-01-12,,102.82,4.020077801681798,,ishares_xcb,evaluated,1880000.0
2024-12-31,CA44810ZCS70,Hydro One Inc,H,Utilities,senior,4.25,2035-01-04,2035-01-04,2024-08-20,,101.09,4.113906174639847,,ishares_xcb,evaluated,4929000.0
2024-12-31,CA448810AC58,Hydro One Inc,H,Utilities,senior,7.35,2030-06-03,2030-06-03,2000-06-01,,116.66,3.910257665213278,,ishares_xcb,evaluated,1363000.0
2024-12-31,CA63306AHP45,National Bank of Canada,NA,Banks,senior_bail_in,5.22,2028-06-14,2028-06-14,2023-06-14,,105.14,3.622693306524015,,ishares_xcb,evaluated,5810000.0
2024-12-31,CA63306AHT66,National Bank of Canada,NA,Banks,senior_bail_in,5.02,2029-02-01,2029-02-01,2023-12-07,,104.97,3.693267926145364,,ishares_xcb,evaluated,4775000.0
2024-12-31,CA63306AHX78,National Bank of Canada,NA,Banks,senior_bail_in,4.98,2027-03-18,2026-03-18,2024-03-18,,101.75,3.4990329645001013,,ishares_xcb,evaluated,2478000.0
2024-12-31,CA63306AJB31,National Bank of Canada,NA,Banks,senior_bail_in,3.64,2027-10-07,2026-10-07,2024-10-07,,100.23,3.5036458381658355,,ishares_xcb,evaluated,2555000.0
2024-12-31,CA70632ZAF86,Pembina Pipeline,PPL,Pipelines,senior,4.24,2027-06-15,2027-06-15,2015-06-16,,101.4,3.6385255163653567,,ishares_xcb,evaluated,2084000.0
2024-12-31,CA70632ZAK71,Pembina Pipeline,PPL,Pipelines,senior,4.02,2028-03-27,2028-03-27,2018-03-26,,101.07,3.6678359136891157,,ishares_xcb,evaluated,2397000.0
2024-12-31,CA70632ZAM38,Pembina Pipeline,PPL,Pipelines,senior,3.62,2029-04-03,2029-04-03,2019-04-03,,99.44,3.763184981421442,,ishares_xcb,evaluated,2478000.0
2024-12-31,CA70632ZAQ42,Pembina Pipeline,PPL,Pipelines,senior,3.31,2030-02-01,2030-02-01,2019-09-12,,97.36,3.8839805010176685,,ishares_xcb,evaluated,1725000.0
2024-12-31,CA70632ZAS08,Pembina Pipeline,PPL,Pipelines,senior,3.53,2031-12-10,2031-12-10,2021-12-10,,96.18,4.169175901688806,,ishares_xcb,evaluated,1657000.0
2024-12-31,CA70632ZAV37,Pembina Pipeline,PPL,Pipelines,senior,5.02,2032-01-12,2032-01-12,2024-01-12,,104.67,4.241560434310044,,ishares_xcb,evaluated,2635000.0
2024-12-31,CA70632ZAW10,Pembina Pipeline,PPL,Pipelines,senior,5.21,2034-01-12,2034-01-12,2024-01-12,,105.45,4.4671560834072634,,ishares_xcb,evaluated,1970000.0
2024-12-31,CA70632ZAY75,Pembina Pipeline,PPL,Pipelines,senior,5.22,2033-06-28,2033-06-28,2024-06-28,,105.64,4.416251571519838,,ishares_xcb,evaluated,2220000.0
2024-12-31,CA775109BJ98,Rogers Communications,RCI,Telecom,senior,3.25,2029-05-01,2029-05-01,2019-04-30,,97.55,3.8696788746208783,,ishares_xcb,evaluated,3069000.0
2024-12-31,CA775109BK61,Rogers Communications,RCI,Telecom,senior,3.65,2027-03-31,2027-03-31,2020-03-31,,100.13,3.588556219018267,,ishares_xcb,evaluated,4902000.0
2024-12-31,CA775109BT70,Rogers Communications,RCI,Telecom,senior,3.75,2029-04-15,2029-04-15,2022-03-11,,99.46,3.887354205825334,,ishares_xcb,evaluated,3251000.0
2024-12-31,CA775109BV27,Rogers Communications,RCI,Telecom,senior,4.25,2032-04-15,2032-04-15,2022-03-11,,99.51,4.32861201275796,,ishares_xcb,evaluated,3262000.0
2024-12-31,CA775109CM19,Rogers Communications,RCI,Telecom,senior,3.8,2027-03-01,2027-03-01,2023-04-03,,100.43,3.5950823054563243,,ishares_xcb,evaluated,1065000.0
2024-12-31,CA775109CP40,Rogers Communications,RCI,Telecom,senior,4.4,2028-11-02,2028-11-02,2023-04-03,,101.93,3.8544342101913145,,ishares_xcb,evaluated,1548000.0
2024-12-31,CA775109CQ23,Rogers Communications,RCI,Telecom,senior,3.3,2029-12-10,2029-12-10,2019-12-09,,97.0,3.974306669700886,,ishares_xcb,evaluated,1824000.0
2024-12-31,CA775109CS88,Rogers Communications,RCI,Telecom,senior,2.9,2030-12-09,2030-12-09,2020-04-22,,93.73,4.099901265119928,,ishares_xcb,evaluated,1656000.0
2024-12-31,CA775109CV18,Rogers Communications,RCI,Telecom,senior,5.7,2028-09-21,2028-09-21,2023-09-21,,106.35,3.8536799043763357,,ishares_xcb,evaluated,3260000.0
2024-12-31,CA775109CW90,Rogers Communications,RCI,Telecom,senior,5.8,2030-09-21,2030-09-21,2023-09-21,,108.33,4.15045146278359,,ishares_xcb,evaluated,1895000.0
2024-12-31,CA775109DA61,Rogers Communications,RCI,Telecom,senior,5.9,2033-09-21,2033-09-21,2023-09-21,,109.85,4.521460567590482,,ishares_xcb,evaluated,3285000.0
2024-12-31,CA779926DJ08,Royal Bank of Canada,RY,Banks,senior_bail_in,4.0,2030-10-17,2029-10-17,2024-10-17,,100.92,3.787808366465917,,ishares_xcb,evaluated,4695000.0
2024-12-31,CA779926FY56,Royal Bank of Canada,RY,Banks,senior_bail_in,3.63,2028-12-10,2027-12-10,2024-12-10,,100.19,3.5610284335980196,,ishares_xcb,evaluated,6300000.0
2024-12-31,CA780086RQ98,Royal Bank of Canada,RY,Banks,senior_bail_in,2.33,2027-01-28,2027-01-28,2020-01-28,,97.84,3.4118226885351084,,ishares_xcb,evaluated,7105000.0
2024-12-31,CA780086TY05,Royal Bank of Canada,RY,Banks,senior_bail_in,1.83,2028-07-31,2028-07-31,2021-07-29,,94.86,3.362014089096245,,ishares_xcb,evaluated,3226000.0
2024-12-31,CA780086VK72,Royal Bank of Canada,RY,Banks,senior_bail_in,4.61,2027-07-26,2027-07-26,2022-07-25,,102.77,3.4667620719259475,,ishares_xcb,evaluated,6487000.0
2024-12-31,CA780086WG51,Royal Bank of Canada,RY,Banks,senior_bail_in,4.64,2028-01-17,2028-01-17,2023-01-17,,103.16,3.530107866903285,,ishares_xcb,evaluated,6576000.0
2024-12-31,CA780086XL38,Royal Bank of Canada,RY,Banks,senior_bail_in,4.63,2028-05-01,2028-05-01,2023-04-20,,103.29,3.5750786902952427,,ishares_xcb,evaluated,8295000.0
2024-12-31,CA780086ZH08,Royal Bank of Canada,RY,Banks,senior_bail_in,5.23,2030-06-24,2030-06-24,2023-06-23,,106.82,3.8381916598038033,,ishares_xcb,evaluated,4438000.0
2024-12-31,CA87971MBG74,TELUS,TU,Telecom,senior,3.63,2028-03-01,2028-03-01,2018-03-01,,99.92,3.6591260101282925,,ishares_xcb,evaluated,1819000.0
2024-12-31,CA87971MBJ14,TELUS,TU,Telecom,senior,3.3,2029-05-02,2029-05-02,2019-04-03,,97.93,3.8227318427678605,,ishares_xcb,evaluated,3239000.0
2024-12-31,CA87971MBN26,TELUS,TU,Telecom,senior,3.15,2030-02-19,2030-02-19,2019-12-16,,96.29,3.9525504895343655,,ishares_xcb,evaluated,1937000.0
2024-12-31,CA87971MBQ56,TELUS,TU,Telecom,senior,2.35,2028-01-27,2028-01-27,2020-05-29,,96.35,3.6121297626618407,,ishares_xcb,evaluated,1902000.0
2024-12-31,CA87971MBS13,TELUS,TU,Telecom,senior,2.05,2030-10-07,2030-10-07,2020-10-05,,89.98,4.013514848093735,,ishares_xcb,evaluated,1644000.0
2024-12-31,CA87971MBV42,TELUS,TU,Telecom,senior,2.85,2031-11-13,2031-11-13,2021-06-28,,91.87,4.2263682690946816,,ishares_xcb,evaluated,2520000.0
2024-12-31,CA87971MBX08,TELUS,TU,Telecom,senior,5.25,2032-11-15,2032-11-15,2022-09-13,,105.43,4.425654360190176,,ishares_xcb,evaluated,3611000.0
2024-12-31,CA87971MBZ55,TELUS,TU,Telecom,senior,5.0,2029-09-13,2029-09-13,2022-09-13,,104.52,3.9384413862286047,,ishares_xcb,evaluated,1539000.0
2024-12-31,CA87971MCA95,TELUS,TU,Telecom,senior,4.95,2033-03-28,2033-03-28,2023-03-28,,103.3,4.467445962303251,,ishares_xcb,evaluated,1628000.0
2024-12-31,CA87971MCB78,TELUS,TU,Telecom,senior,5.6,2030-09-09,2030-09-09,2023-09-08,,107.33,4.141816834728199,,ishares_xcb,evaluated,1695000.0
2024-12-31,CA87971MCC51,TELUS,TU,Telecom,senior,5.75,2033-09-08,2033-09-08,2023-09-08,,108.61,4.540336426512421,,ishares_xcb,evaluated,2730000.0
2024-12-31,CA87971MCE18,TELUS,TU,Telecom,senior,4.8,2028-12-15,2028-12-15,2024-02-15,,103.57,3.8187903197558515,,ishares_xcb,evaluated,2296000.0
2024-12-31,CA87971MCF82,TELUS,TU,Telecom,senior,4.95,2031-02-18,2031-02-18,2024-02-15,,104.0,4.1996994023595855,,ishares_xcb,evaluated,2118000.0
2024-12-31,CA87971MCG65,TELUS,TU,Telecom,senior,5.1,2034-02-15,2034-02-15,2024-02-15,,104.21,4.528774426870178,,ishares_xcb,evaluated,1695000.0
2024-12-31,CA87971MCH49,TELUS,TU,Telecom,senior,4.65,2031-08-13,2031-08-13,2024-08-13,,102.31,4.242755044129754,,ishares_xcb,evaluated,1975000.0
2024-12-31,CA89116CDM60,Toronto-Dominion Bank,TD,Banks,senior_bail_in,4.23,2029-04-02,2029-04-02,2024-03-20,,102.81,3.5124546886745516,,ishares_xcb,evaluated,3200000.0
2024-12-31,CA89116CST58,Toronto-Dominion Bank,TD,Banks,senior_bail_in,4.0,2030-10-31,2029-10-31,2024-10-31,,100.79,3.8196869208291546,,ishares_xcb,evaluated,5180000.0
2024-12-31,CA89117F7G86,Toronto-Dominion Bank,TD,Banks,senior_bail_in,4.21,2027-06-01,2027-06-01,2022-06-01,,101.59,3.5175110574014443,,ishares_xcb,evaluated,8920000.0
2024-12-31,CA89117F7H69,Toronto-Dominion Bank,TD,Banks,senior_bail_in,5.38,2027-10-21,2027-10-21,2022-10-21,,104.79,3.5691630127210177,,ishares_xcb,evaluated,6465000.0
2024-12-31,CA89117FA338,Toronto-Dominion Bank,TD,Banks,senior_bail_in,1.89,2028-03-08,2028-03-08,2021-03-08,,95.39,3.4312797794602066,,ishares_xcb,evaluated,4955000.0
2024-12-31,CA89117FJ347,Toronto-Dominion Bank,TD,Banks,senior_bail_in,1.9,2028-09-11,2028-09-11,2021-09-10,,94.76,3.4232644318678096,,ishares_xcb,evaluated,3976000.0
2024-12-31,CA89117FZ442,Toronto-Dominion Bank,TD,Banks,senior_bail_in,2.26,2027-01-07,2027-01-07,2022-01-07,,97.69,3.4494541756308013,,ishares_xcb,evaluated,5947000.0
2024-12-31,CA89117G8T70,Toronto-Dominion Bank,TD,Banks,senior_bail_in,4.52,2027-01-29,2027-01-29,2024-01-29,,102.53,3.242582497663371,,ishares_xcb,evaluated,5500000.0
2024-12-31,CA89117GRJ80,Toronto-Dominion Bank,TD,Banks,senior_bail_in,4.68,2029-01-08,2029-01-08,2022-12-07,,103.6,3.703101519090759,,ishares_xcb,evaluated,8080000.0
2024-12-31,CA89117GTQ06,Toronto-Dominion Bank,TD,Banks,senior_bail_in,4.48,2028-01-18,2028-01-18,2023-01-18,,102.61,3.5626209974297787,,ishares_xcb,evaluated,6356000.0
2024-12-31,CA89117GX510,Toronto-Dominion Bank,TD,Banks,senior_bail_in,5.49,2028-09-08,2028-09-08,2023-09-08,,106.15,3.692114304268442,,ishares_xcb,evaluated,4810000.0
2024-12-31,CA89353ZBA53,TransCanada PipeLines,TRP,Pipelines,senior,6.89,2028-08-07,2028-08-07,1997-07-30,,108.64,4.268975582967135,,ishares_xcb,evaluated,712000.0
2024-12-31,CA89353ZBE75,TransCanada PipeLines,TRP,Pipelines,senior,6.28,2028-05-26,2028-05-26,1998-05-26,,106.4,4.240640834901311,,ishares_xcb,evaluated,803000.0
2024-12-31,CA89353ZBK36,TransCanada PipeLines,TRP,Pipelines,senior,6.5,2030-12-09,2030-12-09,1998-12-07,,108.62,4.813510747824072,,ishares_xcb,evaluated,775000.0
2024-12-31,CA89353ZCA45,TransCanada PipeLines,TRP,Pipelines,senior,3.39,2028-03-15,2028-03-15,2017-09-15,,99.3,3.624870684524986,,ishares_xcb,evaluated,2052000.0
2024-12-31,CA89353ZCE66,TransCanada PipeLines,TRP,Pipelines,senior,3.0,2029-09-18,2029-09-18,2019-09-18,,96.94,3.7146613645015156,,ishares_xcb,evaluated,2771000.0
2024-12-31,CA89353ZCF32,TransCanada PipeLines,TRP,Pipelines,senior,3.8,2027-04-05,2027-04-05,2020-04-03,,100.41,3.60872176920168,,ishares_xcb,evaluated,6728000.0
2024-12-31,CA89353ZCH97,TransCanada PipeLines,TRP,Pipelines,senior,2.97,2031-06-09,2031-06-09,2021-06-09,,94.53,3.939853588291517,,ishares_xcb,evaluated,1738000.0
2024-12-31,CA89353ZCK27,TransCanada PipeLines,TRP,Pipelines,senior,5.33,2032-05-12,2032-05-12,2022-05-12,,106.93,4.225274247363231,,ishares_xcb,evaluated,2723000.0
2024-12-31,CA89353ZCN65,TransCanada PipeLines,TRP,Pipelines,senior,5.28,2030-07-15,2030-07-15,2023-03-10,,106.21,4.014340394724445,,ishares_xcb,evaluated,4495000.0
2025-01-31,CA06368D3U60,Bank of Montreal,BMO,Banks,senior_bail_in,4.31,2027-06-01,2027-06-01,2022-06-01,,102.25,3.298942788394742,,ishares_xcb,evaluated,8177000.0
2025-01-31,CA06368DW260,Bank of Montreal,BMO,Banks,senior_bail_in,3.65,2027-04-01,2027-04-01,2022-04-01,,100.81,3.2594847397358775,,ishares_xcb,evaluated,6739000.0
2025-01-31,CA06368L5G77,Bank of Montreal,BMO,Banks,senior_bail_in,4.42,2029-07-17,2029-07-17,2024-07-17,,103.58,3.545342709644226,,ishares_xcb,evaluated,6755000.0
2025-01-31,CA06368LB887,Bank of Montreal,BMO,Banks,senior_bail_in,4.54,2028-12-18,2028-12-18,2023-12-18,,103.77,3.491796459029014,,ishares_xcb,evaluated,6650000.0
2025-01-31,CA06368LEY89,Bank of Montreal,BMO,Banks,senior_bail_in,4.71,2027-12-07,2027-12-07,2022-12-07,,103.6,3.373229874148467,,ishares_xcb,evaluated,8236000.0
2025-01-31,CA06368LNK84,Bank of Montreal,BMO,Banks,senior_bail_in,5.04,2028-05-29,2028-05-29,2023-05-29,,105.05,3.4214362043693076,,ishares_xcb,evaluated,6959000.0
2025-01-31,CA06415E4E25,Bank of Nova Scotia,BNS,Banks,senior_bail_in,1.4,2027-11-01,2027-11-01,2020-10-15,,95.65,3.062842111102477,,ishares_xcb,evaluated,6579000.0
2025-01-31,CA06415GDE76,Bank of Nova Scotia,BNS,Banks,senior_bail_in,2.95,2027-03-08,2027-03-08,2022-03-07,,99.41,3.246869167985271,,ishares_xcb,evaluated,11924000.0
2025-01-31,CA064164QM14,Bank of Nova Scotia,BNS,Banks,senior_bail_in,4.68,2029-02-01,2029-02-01,2024-02-01,,104.38,3.4944529649959635,,ishares_xcb,evaluated,6645000.0
2025-01-31,CA06418MM430,Bank of Nova Scotia,BNS,Banks,senior_bail_in,3.84,2030-09-26,2029-09-26,2024-09-26,,101.05,3.5945014849829593,,ishares_xcb,evaluated,4127000.0
2025-01-31,CA06418MX742,Bank of Nova Scotia,BNS,Banks,senior_bail_in,3.81,2028-11-15,2027-11-15,2024-10-18,,101.23,3.345201976655195,,ishares_xcb,evaluated,6715000.0
2025-01-31,CA07813ZAC82,Bell Canada,BCE,Telecom,senior,6.55,2029-05-01,2029-05-01,1999-07-19,,109.57,4.075418517755803,,ishares_xcb,evaluated,632000.0
2025-01-31,CA07813ZAL81,Bell Canada,BCE,Telecom,senior,7.85,2031-04-02,2031-04-02,2001-04-02,,117.86,4.500960777254475,,ishares_xcb,evaluated,985000.0
2025-01-31,CA07813ZAP95,Bell Canada,BCE,Telecom,senior,7.3,2032-02-23,2032-02-23,2002-02-22,,116.21,4.582268296914505,,ishares_xcb,evaluated,1291000.0
2025-01-31,CA07813ZAT18,Bell Canada,BCE,Telecom,senior,6.1,2035-03-16,2035-03-16,2004-03-16,,111.88,4.618908600672407,,ishares_xcb,evaluated,1523000.0
2025-01-31,CA07813ZCC64,Bell Canada,BCE,Telecom,senior,2.9,2029-09-10,2029-09-10,2019-09-10,,96.64,3.7020392349370246,,ishares_xcb,evaluated,2191000.0
2025-01-31,CA07813ZCE21,Bell Canada,BCE,Telecom,senior,2.5,2030-05-14,2030-05-14,2020-05-14,,93.81,3.804426543325083,,ishares_xcb,evaluated,3557000.0
2025-01-31,CA07813ZCF95,Bell Canada,BCE,Telecom,senior,1.65,2027-08-16,2027-08-16,2020-08-14,,96.35,3.1518407114161184,,ishares_xcb,evaluated,2457000.0
2025-01-31,CA07813ZCG78,Bell Canada,BCE,Telecom,senior,3.0,2031-03-17,2031-03-17,2021-03-17,,94.77,3.9716560331883843,,ishares_xcb,evaluated,3244000.0
2025-01-31,CA07813ZCJ18,Bell Canada,BCE,Telecom,senior,2.2,2028-05-29,2028-05-29,2021-05-28,,96.2,3.4187707415421595,,ishares_xcb,evaluated,1524000.0
2025-01-31,CA07813ZCK80,Bell Canada,BCE,Telecom,senior,5.85,2032-11-10,2032-11-10,2022-11-10,,109.97,4.326477742658478,,ishares_xcb,evaluated,4510000.0
2025-01-31,CA07813ZCL63,Bell Canada,BCE,Telecom,senior,4.55,2030-02-09,2030-02-09,2023-02-09,,103.08,3.8655044886580794,,ishares_xcb,evaluated,3340000.0
2025-01-31,CA07813ZCQ50,Bell Canada,BCE,Telecom,senior,5.25,2029-03-15,2029-03-15,2023-11-14,,105.73,3.739178494778461,,ishares_xcb,evaluated,2370000.0
2025-01-31,CA07813ZCR34,Bell Canada,BCE,Telecom,senior,5.15,2034-08-24,2034-08-24,2024-05-24,,104.69,4.537332955572556,,ishares_xcb,evaluated,3820000.0
2025-01-31,CA078149DW82,Bell Canada,BCE,Telecom,senior,7.0,2027-09-24,2027-09-24,1997-09-24,,107.92,3.8269851108334767,,ishares_xcb,evaluated,145000.0
2025-01-31,CA11291ZAE75,Brookfield Infrastructure Finance,BIP,Utilities,senior,4.19,2028-09-11,2028-09-11,2018-09-10,,102.05,3.582287296129669,,ishares_xcb,evaluated,2241000.0
2025-01-31,CA11291ZAF41,Brookfield Infrastructure Finance,BIP,Utilities,senior,3.41,2029-10-09,2029-10-09,2019-10-03,,98.71,3.7122435733714605,,ishares_xcb,evaluated,2283000.0
2025-01-31,CA11291ZAG24,Brookfield Infrastructure Finance,BIP,Utilities,senior,2.86,2032-09-01,2032-09-01,2020-09-01,,91.47,4.186140659421661,,ishares_xcb,evaluated,2145000.0
2025-01-31,CA11291ZAH07,Brookfield Infrastructure Finance,BIP,Utilities,senior,5.44,2034-04-25,2034-04-25,2022-04-25,,107.32,4.46330393124532,,ishares_xcb,evaluated,1410000.0
2025-01-31,CA11291ZAK36,Brookfield Infrastructure Finance,BIP,Utilities,senior,5.62,2027-11-14,2027-11-14,2022-11-14,,105.63,3.482482988824621,,ishares_xcb,evaluated,1570000.0
2025-01-31,CA11291ZAL19,Brookfield Infrastructure Finance,BIP,Utilities,senior,5.98,2033-02-14,2033-02-14,2022-11-14,,110.93,4.350339331337427,,ishares_xcb,evaluated,909000.0
2025-01-31,CA11291ZAM91,Brookfield Infrastructure Finance,BIP,Utilities,senior,5.71,2030-07-27,2030-07-27,2023-07-27,,108.75,3.922583123795673,,ishares_xcb,evaluated,1600000.0
2025-01-31,CA13607H5C22,Canadian Imperial Bank of Commerce,CM,Banks,senior_bail_in,5.05,2027-10-07,2027-10-07,2022-10-07,,104.29,3.363228307755711,,ishares_xcb,evaluated,5750000.0
2025-01-31,CA13607HV661,Canadian Imperial Bank of Commerce,CM,Banks,senior_bail_in,4.95,2027-06-29,2027-06-29,2022-06-29,,103.72,3.3296564374847453,,ishares_xcb,evaluated,6599000.0
2025-01-31,CA13607L3Y79,Canadian Imperial Bank of Commerce,CM,Banks,senior_bail_in,4.9,2027-04-02,2026-04-02,2024-04-02,,101.82,3.298195633692459,,ishares_xcb,evaluated,4220000.0
2025-01-31,CA13607L4C41,Canadian Imperial Bank of Commerce,CM,Banks,senior_bail_in,3.65,2028-12-10,2027-12-10,2024-12-10,,100.77,3.364460991010608,,ishares_xcb,evaluated,1895000.0
2025-01-31,CA13607LF997,Canadian Imperial Bank of Commerce,CM,Banks,senior_bail_in,3.8,2030-12-10,2029-12-10,2024-12-10,,100.73,3.6342401370945216,,ishares_xcb,evaluated,2795000.0
2025-01-31,CA13607LPY34,Canadian Imperial Bank of Commerce,CM,Banks,senior_bail_in,5.5,2028-01-14,2028-01-14,2023-07-14,,105.87,3.394184590950005,,ishares_xcb,evaluated,3850000.0
2025-01-31,CA29251ZAD92,Enbridge Inc,ENB,Pipelines,senior,7.22,2030-07-24,2030-07-24,2000-07-24,,113.91,4.34075176328986,,ishares_xcb,evaluated,806000.0
2025-01-31,CA29251ZAK36,Enbridge Inc,ENB,Pipelines,senior,7.2,2032-06-18,2032-06-18,2001-06-18,,116.72,4.510198461566379,,ishares_xcb,evaluated,1060000.0
2025-01-31,CA29251ZAQ06,Enbridge Inc,ENB,Pipelines,senior,5.57,2035-11-14,2035-11-14,2005-11-14,,107.98,4.622263110902378,,ishares_xcb,evaluated,394000.0
2025-01-31,CA29251ZBK27,Enbridge Inc,ENB,Pipelines,senior,3.2,2027-06-08,2027-06-08,2017-06-08,,99.66,3.350902716703902,,ishares_xcb,evaluated,4112000.0
2025-01-31,CA29251ZBS52,Enbridge Inc,ENB,Pipelines,senior,2.99,2029-10-03,2029-10-03,2019-10-03,,97.56,3.561668921745092,,ishares_xcb,evaluated,3160000.0
2025-01-31,CA29251ZBU09,Enbridge Inc,ENB,Pipelines,senior,3.1,2033-09-21,2033-09-21,2021-09-21,,92.72,4.110919841442913,,ishares_xcb,evaluated,3626000.0
2025-01-31,CA29251ZBW64,Enbridge Inc,ENB,Pipelines,senior,6.1,2032-11-09,2032-11-09,2022-11-09,,112.88,4.144858092477101,,ishares_xcb,evaluated,2780000.0
2025-01-31,CA29251ZBY21,Enbridge Inc,ENB,Pipelines,senior,5.7,2027-11-09,2027-11-09,2022-11-09,,105.9,3.4506583408654494,,ishares_xcb,evaluated,1956000.0
2025-01-31,CA29251ZBZ95,Enbridge Inc,ENB,Pipelines,senior,5.36,2033-05-26,2033-05-26,2023-05-26,,108.42,4.152692342514509,,ishares_xcb,evaluated,1425000.0
2025-01-31,CA29251ZCA36,Enbridge Inc,ENB,Pipelines,senior,4.9,2028-05-26,2028-05-26,2023-05-26,,104.43,3.4755026295614777,,ishares_xcb,evaluated,1940000.0
2025-01-31,CA29251ZCC91,Enbridge Inc,ENB,Pipelines,senior,4.21,2030-02-22,2030-02-22,2024-08-22,,102.36,3.690623182585783,,ishares_xcb,evaluated,1525000.0
2025-01-31,CA29251ZCD74,Enbridge Inc,ENB,Pipelines,senior,4.73,2034-08-22,2034-08-22,2024-08-22,,103.11,4.326765989384529,,ishares_xcb,evaluated,2618000.0
2025-01-31,CA349553AP21,Fortis Inc,FTS,Utilities,senior,2.18,2028-05-15,2028-05-15,2021-05-14,,96.77,3.2239928051514197,,ishares_xcb,evaluated,1998000.0
2025-01-31,CA349553AQ04,Fortis Inc,FTS,Utilities,senior,4.43,2029-05-31,2029-05-31,2022-05-31,,103.45,3.5624953042789747,,ishares_xcb,evaluated,1623000.0
2025-01-31,CA349553AR86,Fortis Inc,FTS,Utilities,senior,5.68,2033-11-08,2033-11-08,2023-11-08,,110.72,4.205915421892624,,ishares_xcb,evaluated,1415000.0
2025-01-31,CA349553AS69,Fortis Inc,FTS,Utilities,senior,4.17,2031-09-09,2031-09-09,2024-09-09,,101.49,3.91351210448941,,ishares_xcb,evaluated,1465000.0
2025-01-31,CA44810ZAB63,Hydro One Inc,H,Utilities,senior,6.93,2032-06-01,2032-06-01,2001-06-22,,119.1,3.908217819117106,,ishares_xcb,evaluated,1635000.0
2025-01-31,CA44810ZAD20,Hydro One Inc,H,Utilities,senior,6.35,2034-01-31,2034-01-31,2003-01-31,,117.14,4.0576526335446,,ishares_xcb,evaluated,1224000.0
2025-01-31,CA44810ZAP59,Hydro One Inc,H,Utilities,senior,5.36,2036-05-20,2036-05-20,2005-05-19,,110.99,4.133201802661503,,ishares_xcb,evaluated,2151000.0
2025-01-31,CA44810ZBZ23,Hydro One Inc,H,Utilities,senior,3.02,2029-04-05,2029-04-05,2019-04-05,,99.17,3.2340659207062936,,ishares_xcb,evaluated,1865000.0
2025-01-31,CA44810ZCC29,Hydro One Inc,H,Utilities,senior,2.16,2030-02-28,2030-02-28,2020-02-28,,94.31,3.3876456715004744,,ishares_xcb,evaluated,1461000.0
2025-01-31,CA44810ZCF59,Hydro One Inc,H,Utilities,senior,1.69,2031-01-16,2031-01-16,2020-10-09,,90.97,3.375703495105405,,ishares_xcb,evaluated,1395000.0
2025-01-31,CA44810ZCG33,Hydro One Inc,H,Utilities,senior,2.23,2031-09-17,2031-09-17,2021-09-17,,92.58,3.4953774410132104,,ishares_xcb,evaluated,1553000.0
2025-01-31,CA44810ZCJ71,Hydro One Inc,H,Utilities,senior,4.91,2028-01-27,2028-01-27,2022-10-27,,104.9,3.178548153965824,,ishares_xcb,evaluated,2497000.0
2025-01-31,CA44810ZCK45,Hydro One Inc,H,Utilities,senior,3.93,2029-11-30,2029-11-30,2023-01-27,,102.67,3.3272997543855167,,ishares_xcb,evaluated,2072000.0
2025-01-31,CA44810ZCL28,Hydro One Inc,H,Utilities,senior,4.16,2033-01-27,2033-01-27,2023-01-27,,102.84,3.745376868881705,,ishares_xcb,evaluated,1675000.0
2025-01-31,CA44810ZCR97,Hydro One Inc,H,Utilities,senior,4.39,2034-03-01,2034-03-01,2024-01-12,,103.88,3.8805292487880774,,ishares_xcb,evaluated,1915000.0
2025-01-31,CA44810ZCS70,Hydro One Inc,H,Utilities,senior,4.25,2035-01-04,2035-01-04,2024-08-20,,102.08,3.9940954376312017,,ishares_xcb,evaluated,4889000.0
2025-01-31,CA448810AC58,Hydro One Inc,H,Utilities,senior,7.35,2030-06-03,2030-06-03,2000-06-01,,117.47,3.711273638255085,,ishares_xcb,evaluated,1388000.0
2025-01-31,CA63306AHP45,National Bank of Canada,NA,Banks,senior_bail_in,5.22,2028-06-14,2028-06-14,2023-06-14,,105.76,3.395003696147384,,ishares_xcb,evaluated,5890000.0
2025-01-31,CA63306AHT66,National Bank of Canada,NA,Banks,senior_bail_in,5.02,2029-02-01,2029-02-01,2023-12-07,,105.68,3.483712156326746,,ishares_xcb,evaluated,5285000.0
2025-01-31,CA63306AHX78,National Bank of Canada,NA,Banks,senior_bail_in,4.98,2027-03-18,2026-03-18,2024-03-18,,101.87,3.286715982033144,,ishares_xcb,evaluated,2478000.0
2025-01-31,CA63306AJB31,National Bank of Canada,NA,Banks,senior_bail_in,3.64,2027-10-07,2026-10-07,2024-10-07,,100.6,3.2701826866535657,,ishares_xcb,evaluated,2555000.0
2025-01-31,CA70632ZAF86,Pembina Pipeline,PPL,Pipelines,senior,4.24,2027-06-15,2027-06-15,2015-06-16,,101.75,3.4639051710313478,,ishares_xcb,evaluated,2219000.0
2025-01-31,CA70632ZAK71,Pembina Pipeline,PPL,Pipelines,senior,4.02,2028-03-27,2028-03-27,2018-03-26,,101.55,3.498976401039101,,ishares_xcb,evaluated,2412000.0
2025-01-31,CA70632ZAM38,Pembina Pipeline,PPL,Pipelines,senior,3.62,2029-04-03,2029-04-03,2019-04-03,,100.11,3.5912715344901063,,ishares_xcb,evaluated,2173000.0
2025-01-31,CA70632ZAQ42,Pembina Pipeline,PPL,Pipelines,senior,3.31,2030-02-01,2030-02-01,2019-09-12,,98.07,3.7345242705518005,,ishares_xcb,evaluated,1825000.0
2025-01-31,CA70632ZAS08,Pembina Pipeline,PPL,Pipelines,senior,3.53,2031-12-10,2031-12-10,2021-12-10,,96.99,4.036521499772486,,ishares_xcb,evaluated,1657000.0
2025-01-31,CA70632ZAV37,Pembina Pipeline,PPL,Pipelines,senior,5.02,2032-01-12,2032-01-12,2024-01-12,,105.31,4.132869563870934,,ishares_xcb,evaluated,2550000.0
2025-01-31,CA70632ZAW10,Pembina Pipeline,PPL,Pipelines,senior,5.21,2034-01-12,2034-01-12,2024-01-12,,106.01,4.390448176964154,,ishares_xcb,evaluated,1970000.0
2025-01-31,CA70632ZAY75,Pembina Pipeline,PPL,Pipelines,senior,5.22,2033-06-28,2033-06-28,2024-06-28,,106.36,4.309698059486195,,ishares_xcb,evaluated,2230000.0
2025-01-31,CA775109BJ98,Rogers Communications,RCI,Telecom,senior,3.25,2029-05-01,2029-05-01,2019-04-30,,98.19,3.7152282328497543,,ishares_xcb,evaluated,3214000.0
2025-01-31,CA775109BK61,Rogers Communications,RCI,Telecom,senior,3.65,2027-03-31,2027-03-31,2020-03-31,,100.49,3.4129718284964805,,ishares_xcb,evaluated,5237000.0
2025-01-31,CA775109BT70,Rogers Communications,RCI,Telecom,senior,3.75,2029-04-15,2029-04-15,2022-03-11,,100.08,3.7289666365557284,,ishares_xcb,evaluated,3331000.0
2025-01-31,CA775109BV27,Rogers Communications,RCI,Telecom,senior,4.25,2032-04-15,2032-04-15,2022-03-11,,100.1,4.233436265623195,,ishares_xcb,evaluated,3692000.0
2025-01-31,CA775109CM19,Rogers Communications,RCI,Telecom,senior,3.8,2027-03-01,2027-03-01,2023-04-03,,100.78,3.413854795398959,,ishares_xcb,evaluated,1065000.0
2025-01-31,CA775109CP40,Rogers Communications,RCI,Telecom,senior,4.4,2028-11-02,2028-11-02,2023-04-03,,102.48,3.6872114274259364,,ishares_xcb,evaluated,1548000.0
2025-01-31,CA775109CQ23,Rogers Communications,RCI,Telecom,senior,3.3,2029-12-10,2029-12-10,2019-12-09,,97.82,3.795270506160116,,ishares_xcb,evaluated,1904000.0
2025-01-31,CA775109CS88,Rogers Communications,RCI,Telecom,senior,2.9,2030-12-09,2030-12-09,2020-04-22,,94.61,3.9395845849812186,,ishares_xcb,evaluated,1761000.0
2025-01-31,CA775109CV18,Rogers Communications,RCI,Telecom,senior,5.7,2028-09-21,2028-09-21,2023-09-21,,106.83,3.6791275205963627,,ishares_xcb,evaluated,3260000.0
2025-01-31,CA775109CW90,Rogers Communications,RCI,Telecom,senior,5.8,2030-09-21,2030-09-21,2023-09-21,,109.1,3.983550629479158,,ishares_xcb,evaluated,1855000.0
2025-01-31,CA775109DA61,Rogers Communications,RCI,Telecom,senior,5.9,2033-09-21,2033-09-21,2023-09-21,,110.33,4.44784669311541,,ishares_xcb,evaluated,3400000.0
2025-01-31,CA779926DJ08,Royal Bank of Canada,RY,Banks,senior_bail_in,4.0,2030-10-17,2029-10-17,2024-10-17,,101.76,3.5901463518885257,,ishares_xcb,evaluated,4815000.0
2025-01-31,CA779926FY56,Royal Bank of Canada,RY,Banks,senior_bail_in,3.63,2028-12-10,2027-12-10,2024-12-10,,100.81,3.3298443641758406,,ishares_xcb,evaluated,6600000.0
2025-01-31,CA780086TY05,Royal Bank of Canada,RY,Banks,senior_bail_in,1.83,2028-07-31,2028-07-31,2021-07-29,,95.69,3.1399658827475876,,ishares_xcb,evaluated,3441000.0
2025-01-31,CA780086VK72,Royal Bank of Canada,RY,Banks,senior_bail_in,4.61,2027-07-26,2027-07-26,2022-07-25,,103.24,3.2430363130680595,,ishares_xcb,evaluated,6175000.0
2025-01-31,CA780086WG51,Royal Bank of Canada,RY,Banks,senior_bail_in,4.64,2028-01-17,2028-01-17,2023-01-17,,103.75,3.3004168825282134,,ishares_xcb,evaluated,6706000.0
2025-01-31,CA780086XL38,Royal Bank of Canada,RY,Banks,senior_bail_in,4.63,2028-05-01,2028-05-01,2023-04-20,,103.97,3.3320326709680046,,ishares_xcb,evaluated,8335000.0
2025-01-31,CA780086ZH08,Royal Bank of Canada,RY,Banks,senior_bail_in,5.23,2030-06-24,2030-06-24,2023-06-23,,107.86,3.613089310411867,,ishares_xcb,evaluated,4488000.0
2025-01-31,CA87971MBG74,TELUS,TU,Telecom,senior,3.63,2028-03-01,2028-03-01,2018-03-01,,100.47,3.4713829105113088,,ishares_xcb,evaluated,1834000.0
2025-01-31,CA87971MBJ14,TELUS,TU,Telecom,senior,3.3,2029-05-02,2029-05-02,2019-04-03,,98.66,3.6438658080977953,,ishares_xcb,evaluated,3294000.0
2025-01-31,CA87971MBN26,TELUS,TU,Telecom,senior,3.15,2030-02-19,2030-02-19,2019-12-16,,97.16,3.7698462556267955,,ishares_xcb,evaluated,1987000.0
2025-01-31,CA87971MBQ56,TELUS,TU,Telecom,senior,2.35,2028-01-27,2028-01-27,2020-05-29,,97.01,3.41070563223915,,ishares_xcb,evaluated,1957000.0
2025-01-31,CA87971MBS13,TELUS,TU,Telecom,senior,2.05,2030-10-07,2030-10-07,2020-10-05,,90.84,3.860949985169821,,ishares_xcb,evaluated,1644000.0
2025-01-31,CA87971MBV42,TELUS,TU,Telecom,senior,2.85,2031-11-13,2031-11-13,2021-06-28,,92.85,4.067265527296558,,ishares_xcb,evaluated,2570000.0
2025-01-31,CA87971MBX08,TELUS,TU,Telecom,senior,5.25,2032-11-15,2032-11-15,2022-09-13,,106.35,4.282788715945621,,ishares_xcb,evaluated,3611000.0
2025-01-31,CA87971MBZ55,TELUS,TU,Telecom,senior,5.0,2029-09-13,2029-09-13,2022-09-13,,105.18,3.768994561382094,,ishares_xcb,evaluated,1539000.0
2025-01-31,CA87971MCA95,TELUS,TU,Telecom,senior,4.95,2033-03-28,2033-03-28,2023-03-28,,104.09,4.350089245477428,,ishares_xcb,evaluated,1628000.0
2025-01-31,CA87971MCB78,TELUS,TU,Telecom,senior,5.6,2030-09-09,2030-09-09,2023-09-08,,108.16,3.96416068780343,,ishares_xcb,evaluated,1695000.0
2025-01-31,CA87971MCC51,TELUS,TU,Telecom,senior,5.75,2033-09-08,2033-09-08,2023-09-08,,109.45,4.419105474636174,,ishares_xcb,evaluated,2760000.0
2025-01-31,CA87971MCE18,TELUS,TU,Telecom,senior,4.8,2028-12-15,2028-12-15,2024-02-15,,104.15,3.6401913451001535,,ishares_xcb,evaluated,2296000.0
2025-01-31,CA87971MCF82,TELUS,TU,Telecom,senior,4.95,2031-02-18,2031-02-18,2024-02-15,,104.89,4.0271999689082145,,ishares_xcb,evaluated,2133000.0
2025-01-31,CA87971MCG65,TELUS,TU,Telecom,senior,5.1,2034-02-15,2034-02-15,2024-02-15,,105.06,4.41231942484305,,ishares_xcb,evaluated,2035000.0
2025-01-31,CA87971MCH49,TELUS,TU,Telecom,senior,4.65,2031-08-13,2031-08-13,2024-08-13,,103.02,4.114869164353028,,ishares_xcb,evaluated,1975000.0
2025-01-31,CA89116CDM60,Toronto-Dominion Bank,TD,Banks,senior_bail_in,4.23,2029-04-02,2029-04-02,2024-03-20,,103.69,3.2755713842803442,,ishares_xcb,evaluated,3350000.0
2025-01-31,CA89116CST58,Toronto-Dominion Bank,TD,Banks,senior_bail_in,4.0,2030-10-31,2029-10-31,2024-10-31,,101.61,3.628541381565738,,ishares_xcb,evaluated,5130000.0
2025-01-31,CA89116CWY97,Toronto-Dominion Bank,TD,Banks,senior_bail_in,4.13,2033-01-09,2032-01-09,2025-01-09,,101.19,3.932367632944141,,ishares_xcb,evaluated,5160000.0
2025-01-31,CA89117F7G86,Toronto-Dominion Bank,TD,Banks,senior_bail_in,4.21,2027-06-01,2027-06-01,2022-06-01,,102.08,3.275601023511115,,ishares_xcb,evaluated,8950000.0
2025-01-31,CA89117F7H69,Toronto-Dominion Bank,TD,Banks,senior_bail_in,5.38,2027-10-21,2027-10-21,2022-10-21,,105.27,3.336466654309331,,ishares_xcb,evaluated,6570000.0
2025-01-31,CA89117FA338,Toronto-Dominion Bank,TD,Banks,senior_bail_in,1.89,2028-03-08,2028-03-08,2021-03-08,,96.17,3.1995542661881102,,ishares_xcb,evaluated,4950000.0
2025-01-31,CA89117FJ347,Toronto-Dominion Bank,TD,Banks,senior_bail_in,1.9,2028-09-11,2028-09-11,2021-09-10,,95.54,3.220795815283738,,ishares_xcb,evaluated,3976000.0
2025-01-31,CA89117GRJ80,Toronto-Dominion Bank,TD,Banks,senior_bail_in,4.68,2029-01-08,2029-01-08,2022-12-07,,104.32,3.4958334713013337,,ishares_xcb,evaluated,8400000.0
2025-01-31,CA89117GTQ06,Toronto-Dominion Bank,TD,Banks,senior_bail_in,4.48,2028-01-18,2028-01-18,2023-01-18,,103.18,3.34420007526922,,ishares_xcb,evaluated,6356000.0
2025-01-31,CA89117GX510,Toronto-Dominion Bank,TD,Banks,senior_bail_in,5.49,2028-09-08,2028-09-08,2023-09-08,,106.81,3.4655287521836926,,ishares_xcb,evaluated,5230000.0
2025-01-31,CA89353ZBA53,TransCanada PipeLines,TRP,Pipelines,senior,6.89,2028-08-07,2028-08-07,1997-07-30,,109.19,4.0527304067979015,,ishares_xcb,evaluated,712000.0
2025-01-31,CA89353ZBE75,TransCanada PipeLines,TRP,Pipelines,senior,6.28,2028-05-26,2028-05-26,1998-05-26,,107.04,3.9939784402324903,,ishares_xcb,evaluated,803000.0
2025-01-31,CA89353ZBK36,TransCanada PipeLines,TRP,Pipelines,senior,6.5,2030-12-09,2030-12-09,1998-12-07,,109.69,4.592559957046325,,ishares_xcb,evaluated,775000.0
2025-01-31,CA89353ZCA45,TransCanada PipeLines,TRP,Pipelines,senior,3.39,2028-03-15,2028-03-15,2017-09-15,,99.83,3.4506874412362074,,ishares_xcb,evaluated,2052000.0
2025-01-31,CA89353ZCE66,TransCanada PipeLines,TRP,Pipelines,senior,3.0,2029-09-18,2029-09-18,2019-09-18,,97.82,3.51621135925144,,ishares_xcb,evaluated,2946000.0
2025-01-31,CA89353ZCF32,TransCanada PipeLines,TRP,Pipelines,senior,3.8,2027-04-05,2027-04-05,2020-04-03,,100.8,3.4152221869597335,,ishares_xcb,evaluated,6803000.0
2025-01-31,CA89353ZCH97,TransCanada PipeLines,TRP,Pipelines,senior,2.97,2031-06-09,2031-06-09,2021-06-09,,95.16,3.835191374933495,,ishares_xcb,evaluated,1843000.0
2025-01-31,CA89353ZCK27,TransCanada PipeLines,TRP,Pipelines,senior,5.33,2032-05-12,2032-05-12,2022-05-12,,107.56,4.117878170499756,,ishares_xcb,evaluated,2808000.0
2025-01-31,CA89353ZCN65,TransCanada PipeLines,TRP,Pipelines,senior,5.28,2030-07-15,2030-07-15,2023-03-10,,106.95,3.8552476557109534,,ishares_xcb,evaluated,4495000.0
2025-02-28,CA06368D3U60,Bank of Montreal,BMO,Banks,senior_bail_in,4.31,2027-06-01,2027-06-01,2022-06-01,,102.28,3.252731421242863,,ishares_xcb,evaluated,8587000.0
2025-02-28,CA06368DW260,Bank of Montreal,BMO,Banks,senior_bail_in,3.65,2027-04-01,2027-04-01,2022-04-01,,100.89,3.2069046165549717,,ishares_xcb,evaluated,6739000.0
2025-02-28,CA06368L5G77,Bank of Montreal,BMO,Banks,senior_bail_in,4.42,2029-07-17,2029-07-17,2024-07-17,,103.94,3.4442252443074084,,ishares_xcb,evaluated,6755000.0
2025-02-28,CA06368LB887,Bank of Montreal,BMO,Banks,senior_bail_in,4.54,2028-12-18,2028-12-18,2023-12-18,,104.03,3.4005202108151398,,ishares_xcb,evaluated,7470000.0
2025-02-28,CA06368LEY89,Bank of Montreal,BMO,Banks,senior_bail_in,4.71,2027-12-07,2027-12-07,2022-12-07,,103.71,3.2978050292624674,,ishares_xcb,evaluated,8296000.0
2025-02-28,CA06368LNK84,Bank of Montreal,BMO,Banks,senior_bail_in,5.04,2028-05-29,2028-05-29,2023-05-29,,105.16,3.352016184740557,,ishares_xcb,evaluated,6959000.0
2025-02-28,CA06415E4E25,Bank of Nova Scotia,BNS,Banks,senior_bail_in,1.4,2027-11-01,2027-11-01,2020-10-15,,96.05,2.949618902549769,,ishares_xcb,evaluated,6299000.0
2025-02-28,CA06415GDE76,Bank of Nova Scotia,BNS,Banks,senior_bail_in,2.95,2027-03-08,2027-03-08,2022-03-07,,99.54,3.192426525816769,,ishares_xcb,evaluated,11959000.0
2025-02-28,CA064164QM14,Bank of Nova Scotia,BNS,Banks,senior_bail_in,4.68,2029-02-01,2029-02-01,2024-02-01,,104.66,3.4018849282324655,,ishares_xcb,evaluated,6750000.0
2025-02-28,CA06418MM430,Bank of Nova Scotia,BNS,Banks,senior_bail_in,3.84,2030-09-26,2029-09-26,2024-09-26,,101.52,3.480235500940713,,ishares_xcb,evaluated,4162000.0
2025-02-28,CA06418MX742,Bank of Nova Scotia,BNS,Banks,senior_bail_in,3.81,2028-11-15,2027-11-15,2024-10-18,,101.38,3.2757358436726274,,ishares_xcb,evaluated,6740000.0
2025-02-28,CA07813ZAC82,Bell Canada,BCE,Telecom,senior,6.55,2029-05-01,2029-05-01,1999-07-19,,109.77,3.9871368539769003,,ishares_xcb,evaluated,632000.0
2025-02-28,CA07813ZAL81,Bell Canada,BCE,Telecom,senior,7.85,2031-04-02,2031-04-02,2001-04-02,,118.58,4.345579490260925,,ishares_xcb,evaluated,985000.0
2025-02-28,CA07813ZAP95,Bell Canada,BCE,Telecom,senior,7.3,2032-02-23,2032-02-23,2002-02-22,,117.08,4.430513127601507,,ishares_xcb,evaluated,1291000.0
2025-02-28,CA07813ZAT18,Bell Canada,BCE,Telecom,senior,6.1,2035-03-16,2035-03-16,2004-03-16,,113.27,4.449780276842008,,ishares_xcb,evaluated,1588000.0
2025-02-28,CA07813ZBL72,Bell Canada,BCE,Telecom,senior,6.17,2037-02-26,2037-02-26,2007-02-26,,113.99,4.636277149931536,,ishares_xcb,evaluated,1033000.0
2025-02-28,CA07813ZCC64,Bell Canada,BCE,Telecom,senior,2.9,2029-09-10,2029-09-10,2019-09-10,,97.23,3.570570889211713,,ishares_xcb,evaluated,2281000.0
2025-02-28,CA07813ZCE21,Bell Canada,BCE,Telecom,senior,2.5,2030-05-14,2030-05-14,2020-05-14,,94.44,3.6839059657517983,,ishares_xcb,evaluated,3687000.0
2025-02-28,CA07813ZCF95,Bell Canada,BCE,Telecom,senior,1.65,2027-08-16,2027-08-16,2020-08-14,,96.63,3.079164934757232,,ishares_xcb,evaluated,2517000.0
2025-02-28,CA07813ZCG78,Bell Canada,BCE,Telecom,senior,3.0,2031-03-17,2031-03-17,2021-03-17,,95.61,3.8218468719182876,,ishares_xcb,evaluated,3744000.0
2025-02-28,CA07813ZCJ18,Bell Canada,BCE,Telecom,senior,2.2,2028-05-29,2028-05-29,2021-05-28,,96.55,3.330021094119562,,ishares_xcb,evaluated,1524000.0
2025-02-28,CA07813ZCK80,Bell Canada,BCE,Telecom,senior,5.85,2032-11-10,2032-11-10,2022-11-10,,111.01,4.164358267108083,,ishares_xcb,evaluated,4510000.0
2025-02-28,CA07813ZCL63,Bell Canada,BCE,Telecom,senior,4.55,2030-02-09,2030-02-09,2023-02-09,,103.62,3.7416993955685753,,ishares_xcb,evaluated,3370000.0
2025-02-28,CA07813ZCQ50,Bell Canada,BCE,Telecom,senior,5.25,2029-03-15,2029-03-15,2023-11-14,,106.07,3.626577798843769,,ishares_xcb,evaluated,2370000.0
2025-02-28,CA07813ZCR34,Bell Canada,BCE,Telecom,senior,5.15,2034-08-24,2034-08-24,2024-05-24,,106.19,4.346920157610446,,ishares_xcb,evaluated,3980000.0
2025-02-28,CA078149DW82,Bell Canada,BCE,Telecom,senior,7.0,2027-09-24,2027-09-24,1997-09-24,,107.89,3.7550114079540764,,ishares_xcb,evaluated,145000.0
2025-02-28,CA11291ZAE75,Brookfield Infrastructure Finance,BIP,Utilities,senior,4.19,2028-09-11,2028-09-11,2018-09-10,,102.1,3.5563690513923287,,ishares_xcb,evaluated,2616000.0
2025-02-28,CA11291ZAF41,Brookfield Infrastructure Finance,BIP,Utilities,senior,3.41,2029-10-09,2029-10-09,2019-10-03,,98.96,3.6574421062452274,,ishares_xcb,evaluated,2688000.0
2025-02-28,CA11291ZAG24,Brookfield Infrastructure Finance,BIP,Utilities,senior,2.86,2032-09-01,2032-09-01,2020-09-01,,92.18,4.082371051522766,,ishares_xcb,evaluated,2145000.0
2025-02-28,CA11291ZAH07,Brookfield Infrastructure Finance,BIP,Utilities,senior,5.44,2034-04-25,2034-04-25,2022-04-25,,108.16,4.349680483828365,,ishares_xcb,evaluated,1450000.0
2025-02-28,CA11291ZAK36,Brookfield Infrastructure Finance,BIP,Utilities,senior,5.62,2027-11-14,2027-11-14,2022-11-14,,105.54,3.461556807856709,,ishares_xcb,evaluated,1605000.0
2025-02-28,CA11291ZAL19,Brookfield Infrastructure Finance,BIP,Utilities,senior,5.98,2033-02-14,2033-02-14,2022-11-14,,111.47,4.265616007754383,,ishares_xcb,evaluated,914000.0
2025-02-28,CA11291ZAM91,Brookfield Infrastructure Finance,BIP,Utilities,senior,5.71,2030-07-27,2030-07-27,2023-07-27,,109.0,3.851696977180912,,ishares_xcb,evaluated,1670000.0
2025-02-28,CA13607H5C22,Canadian Imperial Bank of Commerce,CM,Banks,senior_bail_in,5.05,2027-10-07,2027-10-07,2022-10-07,,104.34,3.298128945740406,,ishares_xcb,evaluated,5765000.0
2025-02-28,CA13607HV661,Canadian Imperial Bank of Commerce,CM,Banks,senior_bail_in,4.95,2027-06-29,2027-06-29,2022-06-29,,103.71,3.2836763330099634,,ishares_xcb,evaluated,6609000.0
2025-02-28,CA13607L3Y79,Canadian Imperial Bank of Commerce,CM,Banks,senior_bail_in,4.9,2027-04-02,2026-04-02,2024-04-02,,101.76,3.2469032661023913,,ishares_xcb,evaluated,4220000.0
2025-02-28,CA13607L4C41,Canadian Imperial Bank of Commerce,CM,Banks,senior_bail_in,3.65,2028-12-10,2027-12-10,2024-12-10,,100.92,3.3003943872195074,,ishares_xcb,evaluated,2765000.0
2025-02-28,CA13607LF997,Canadian Imperial Bank of Commerce,CM,Banks,senior_bail_in,3.8,2030-12-10,2029-12-10,2024-12-10,,101.23,3.517787819946899,,ishares_xcb,evaluated,6140000.0
2025-02-28,CA13607LPY34,Canadian Imperial Bank of Commerce,CM,Banks,senior_bail_in,5.5,2028-01-14,2028-01-14,2023-07-14,,105.92,3.324840052253992,,ishares_xcb,evaluated,4310000.0
2025-02-28,CA29251ZAD92,Enbridge Inc,ENB,Pipelines,senior,7.22,2030-07-24,2030-07-24,2000-07-24,,114.31,4.22965989163678,,ishares_xcb,evaluated,806000.0
2025-02-28,CA29251ZAK36,Enbridge Inc,ENB,Pipelines,senior,7.2,2032-06-18,2032-06-18,2001-06-18,,118.12,4.2831982729298925,,ishares_xcb,evaluated,1060000.0
2025-02-28,CA29251ZAQ06,Enbridge Inc,ENB,Pipelines,senior,5.57,2035-11-14,2035-11-14,2005-11-14,,108.75,4.530280204496259,,ishares_xcb,evaluated,394000.0
2025-02-28,CA29251ZBK27,Enbridge Inc,ENB,Pipelines,senior,3.2,2027-06-08,2027-06-08,2017-06-08,,99.7,3.3374514460294047,,ishares_xcb,evaluated,4477000.0
2025-02-28,CA29251ZBS52,Enbridge Inc,ENB,Pipelines,senior,2.99,2029-10-03,2029-10-03,2019-10-03,,97.75,3.525174802829644,,ishares_xcb,evaluated,3440000.0
2025-02-28,CA29251ZBU09,Enbridge Inc,ENB,Pipelines,senior,3.1,2033-09-21,2033-09-21,2021-09-21,,92.71,4.120853265846461,,ishares_xcb,evaluated,3636000.0
2025-02-28,CA29251ZBW64,Enbridge Inc,ENB,Pipelines,senior,6.1,2032-11-09,2032-11-09,2022-11-09,,113.07,4.102927740471488,,ishares_xcb,evaluated,2850000.0
2025-02-28,CA29251ZBY21,Enbridge Inc,ENB,Pipelines,senior,5.7,2027-11-09,2027-11-09,2022-11-09,,105.81,3.4267366475000958,,ishares_xcb,evaluated,2086000.0
2025-02-28,CA29251ZBZ95,Enbridge Inc,ENB,Pipelines,senior,5.36,2033-05-26,2033-05-26,2023-05-26,,108.61,4.117904954996917,,ishares_xcb,evaluated,1425000.0
2025-02-28,CA29251ZCA36,Enbridge Inc,ENB,Pipelines,senior,4.9,2028-05-26,2028-05-26,2023-05-26,,104.4,3.454727017986408,,ishares_xcb,evaluated,1950000.0
2025-02-28,CA29251ZCC91,Enbridge Inc,ENB,Pipelines,senior,4.21,2030-02-22,2030-02-22,2024-08-22,,102.5,3.6566735239140518,,ishares_xcb,evaluated,2245000.0
2025-02-28,CA29251ZCD74,Enbridge Inc,ENB,Pipelines,senior,4.73,2034-08-22,2034-08-22,2024-08-22,,103.56,4.269536770699279,,ishares_xcb,evaluated,2658000.0
2025-02-28,CA29251ZCF23,Enbridge Inc,ENB,Pipelines,senior,3.55,2028-02-25,2028-02-25,2025-02-25,,100.57,3.3481838257908567,,ishares_xcb,evaluated,378000.0
2025-02-28,CA29251ZCG06,Enbridge Inc,ENB,Pipelines,senior,3.9,2030-02-25,2030-02-25,2025-02-25,,101.01,3.6766757111544153,,ishares_xcb,evaluated,630000.0
2025-02-28,CA29251ZCH88,Enbridge Inc,ENB,Pipelines,senior,4.56,2035-02-25,2035-02-25,2025-02-25,,101.83,4.3323985574227635,,ishares_xcb,evaluated,6800000.0
2025-02-28,CA349553AP21,Fortis Inc,FTS,Utilities,senior,2.18,2028-05-15,2028-05-15,2021-05-14,,97.07,3.1478702761435153,,ishares_xcb,evaluated,1818000.0
2025-02-28,CA349553AQ04,Fortis Inc,FTS,Utilities,senior,4.43,2029-05-31,2029-05-31,2022-05-31,,103.65,3.4983733372318366,,ishares_xcb,evaluated,1643000.0
2025-02-28,CA349553AR86,Fortis Inc,FTS,Utilities,senior,5.68,2033-11-08,2033-11-08,2023-11-08,,111.42,4.105363940042139,,ishares_xcb,evaluated,1785000.0
2025-02-28,CA349553AS69,Fortis Inc,FTS,Utilities,senior,4.17,2031-09-09,2031-09-09,2024-09-09,,102.1,3.8061789117433817,,ishares_xcb,evaluated,2040000.0
2025-02-28,CA44810ZAB63,Hydro One Inc,H,Utilities,senior,6.93,2032-06-01,2032-06-01,2001-06-22,,119.86,3.774708065118474,,ishares_xcb,evaluated,1635000.0
2025-02-28,CA44810ZAD20,Hydro One Inc,H,Utilities,senior,6.35,2034-01-31,2034-01-31,2003-01-31,,118.27,3.905257064069824,,ishares_xcb,evaluated,1224000.0
2025-02-28,CA44810ZAP59,Hydro One Inc,H,Utilities,senior,5.36,2036-05-20,2036-05-20,2005-05-19,,112.26,3.9945070953946664,,ishares_xcb,evaluated,2546000.0
2025-02-28,CA44810ZBZ23,Hydro One Inc,H,Utilities,senior,3.02,2029-04-05,2029-04-05,2019-04-05,,99.61,3.1224881802682782,,ishares_xcb,evaluated,1925000.0
2025-02-28,CA44810ZCC29,Hydro One Inc,H,Utilities,senior,2.16,2030-02-28,2030-02-28,2020-02-28,,95.06,3.238097720431314,,ishares_xcb,evaluated,1461000.0
2025-02-28,CA44810ZCF59,Hydro One Inc,H,Utilities,senior,1.69,2031-01-16,2031-01-16,2020-10-09,,91.67,3.257946397817657,,ishares_xcb,evaluated,1410000.0
2025-02-28,CA44810ZCG33,Hydro One Inc,H,Utilities,senior,2.23,2031-09-17,2031-09-17,2021-09-17,,93.5,3.3450402517802713,,ishares_xcb,evaluated,1658000.0
2025-02-28,CA44810ZCJ71,Hydro One Inc,H,Utilities,senior,4.91,2028-01-27,2028-01-27,2022-10-27,,104.96,3.115117907831303,,ishares_xcb,evaluated,2497000.0
2025-02-28,CA44810ZCK45,Hydro One Inc,H,Utilities,senior,3.93,2029-11-30,2029-11-30,2023-01-27,,103.08,3.2265424443580706,,ishares_xcb,evaluated,2072000.0
2025-02-28,CA44810ZCL28,Hydro One Inc,H,Utilities,senior,4.16,2033-01-27,2033-01-27,2023-01-27,,103.74,3.6123315830351186,,ishares_xcb,evaluated,1675000.0
2025-02-28,CA44810ZCR97,Hydro One Inc,H,Utilities,senior,4.39,2034-03-01,2034-03-01,2024-01-12,,104.97,3.737138114895211,,ishares_xcb,evaluated,1915000.0
2025-02-28,CA44810ZCS70,Hydro One Inc,H,Utilities,senior,4.25,2035-01-04,2035-01-04,2024-08-20,,103.31,3.8432311023984083,,ishares_xcb,evaluated,3589000.0
2025-02-28,CA448810AC58,Hydro One Inc,H,Utilities,senior,7.35,2030-06-03,2030-06-03,2000-06-01,,117.81,3.6027335690235134,,ishares_xcb,evaluated,1388000.0
2025-02-28,CA63306AHP45,National Bank of Canada,NA,Banks,senior_bail_in,5.22,2028-06-14,2028-06-14,2023-06-14,,105.81,3.340452600447187,,ishares_xcb,evaluated,6095000.0
2025-02-28,CA63306AHT66,National Bank of Canada,NA,Banks,senior_bail_in,5.02,2029-02-01,2029-02-01,2023-12-07,,105.93,3.3938188319917426,,ishares_xcb,evaluated,5650000.0
2025-02-28,CA63306AHX78,National Bank of Canada,NA,Banks,senior_bail_in,4.98,2027-03-18,2026-03-18,2024-03-18,,101.81,3.228722945898511,,ishares_xcb,evaluated,2478000.0
2025-02-28,CA63306AJB31,National Bank of Canada,NA,Banks,senior_bail_in,3.64,2027-10-07,2026-10-07,2024-10-07,,100.64,3.2284542646508334,,ishares_xcb,evaluated,2840000.0
2025-02-28,CA70632ZAF86,Pembina Pipeline,PPL,Pipelines,senior,4.24,2027-06-15,2027-06-15,2015-06-16,,101.64,3.4889368338692806,,ishares_xcb,evaluated,2314000.0
2025-02-28,CA70632ZAK71,Pembina Pipeline,PPL,Pipelines,senior,4.02,2028-03-27,2028-03-27,2018-03-26,,101.49,3.5086319147661853,,ishares_xcb,evaluated,2452000.0
2025-02-28,CA70632ZAM38,Pembina Pipeline,PPL,Pipelines,senior,3.62,2029-04-03,2029-04-03,2019-04-03,,100.25,3.554260630246522,,ishares_xcb,evaluated,2343000.0
2025-02-28,CA70632ZAQ42,Pembina Pipeline,PPL,Pipelines,senior,3.31,2030-02-01,2030-02-01,2019-09-12,,98.36,3.6770989306127517,,ishares_xcb,evaluated,1850000.0
2025-02-28,CA70632ZAS08,Pembina Pipeline,PPL,Pipelines,senior,3.53,2031-12-10,2031-12-10,2021-12-10,,97.24,3.998395892395596,,ishares_xcb,evaluated,1707000.0
2025-02-28,CA70632ZAV37,Pembina Pipeline,PPL,Pipelines,senior,5.02,2032-01-12,2032-01-12,2024-01-12,,105.63,4.072362026392569,,ishares_xcb,evaluated,2920000.0
2025-02-28,CA70632ZAW10,Pembina Pipeline,PPL,Pipelines,senior,5.21,2034-01-12,2034-01-12,2024-01-12,,106.52,4.31746027946009,,ishares_xcb,evaluated,2075000.0
2025-02-28,CA70632ZAY75,Pembina Pipeline,PPL,Pipelines,senior,5.22,2033-06-28,2033-06-28,2024-06-28,,106.64,4.26400366295547,,ishares_xcb,evaluated,2230000.0
2025-02-28,CA775109BJ98,Rogers Communications,RCI,Telecom,senior,3.25,2029-05-01,2029-05-01,2019-04-30,,98.61,3.613403906574624,,ishares_xcb,evaluated,3784000.0
2025-02-28,CA775109BK61,Rogers Communications,RCI,Telecom,senior,3.65,2027-03-31,2027-03-31,2020-03-31,,100.62,3.3407145875684905,,ishares_xcb,evaluated,5237000.0
2025-02-28,CA775109BT70,Rogers Communications,RCI,Telecom,senior,3.75,2029-04-15,2029-04-15,2022-03-11,,100.52,3.6133947821443475,,ishares_xcb,evaluated,3356000.0
2025-02-28,CA775109BV27,Rogers Communications,RCI,Telecom,senior,4.25,2032-04-15,2032-04-15,2022-03-11,,100.93,4.09823714875989,,ishares_xcb,evaluated,3692000.0
2025-02-28,CA775109CM19,Rogers Communications,RCI,Telecom,senior,3.8,2027-03-01,2027-03-01,2023-04-03,,100.8,3.3914965494049487,,ishares_xcb,evaluated,1080000.0
2025-02-28,CA775109CP40,Rogers Communications,RCI,Telecom,senior,4.4,2028-11-02,2028-11-02,2023-04-03,,102.8,3.582006187656502,,ishares_xcb,evaluated,1898000.0
2025-02-28,CA775109CQ23,Rogers Communications,RCI,Telecom,senior,3.3,2029-12-10,2029-12-10,2019-12-09,,98.28,3.6954388683504695,,ishares_xcb,evaluated,1904000.0
2025-02-28,CA775109CS88,Rogers Communications,RCI,Telecom,senior,2.9,2030-12-09,2030-12-09,2020-04-22,,95.35,3.8038129574069712,,ishares_xcb,evaluated,1806000.0
2025-02-28,CA775109CV18,Rogers Communications,RCI,Telecom,senior,5.7,2028-09-21,2028-09-21,2023-09-21,,107.03,3.5833862986644744,,ishares_xcb,evaluated,3385000.0
2025-02-28,CA775109CW90,Rogers Communications,RCI,Telecom,senior,5.8,2030-09-21,2030-09-21,2023-09-21,,109.7,3.848471125565695,,ishares_xcb,evaluated,1855000.0
2025-02-28,CA775109DA61,Rogers Communications,RCI,Telecom,senior,5.9,2033-09-21,2033-09-21,2023-09-21,,111.46,4.2885867314179125,,ishares_xcb,evaluated,3485000.0
2025-02-28,CA779926DJ08,Royal Bank of Canada,RY,Banks,senior_bail_in,4.0,2030-10-17,2029-10-17,2024-10-17,,102.21,3.4794216711270436,,ishares_xcb,evaluated,5092000.0
2025-02-28,CA779926FY56,Royal Bank of Canada,RY,Banks,senior_bail_in,3.63,2028-12-10,2027-12-10,2024-12-10,,100.97,3.2616712011669233,,ishares_xcb,evaluated,7630000.0
2025-02-28,CA780086TY05,Royal Bank of Canada,RY,Banks,senior_bail_in,1.83,2028-07-31,2028-07-31,2021-07-29,,96.12,3.032110101368867,,ishares_xcb,evaluated,3441000.0
2025-02-28,CA780086VK72,Royal Bank of Canada,RY,Banks,senior_bail_in,4.61,2027-07-26,2027-07-26,2022-07-25,,103.26,3.1934796867659268,,ishares_xcb,evaluated,7240000.0
2025-02-28,CA780086WG51,Royal Bank of Canada,RY,Banks,senior_bail_in,4.64,2028-01-17,2028-01-17,2023-01-17,,103.84,3.2351009783304234,,ishares_xcb,evaluated,6756000.0
2025-02-28,CA780086XL38,Royal Bank of Canada,RY,Banks,senior_bail_in,4.63,2028-05-01,2028-05-01,2023-04-20,,104.05,3.2777250919041947,,ishares_xcb,evaluated,8875000.0
2025-02-28,CA780086ZH08,Royal Bank of Canada,RY,Banks,senior_bail_in,5.23,2030-06-24,2030-06-24,2023-06-23,,108.31,3.5033456521264954,,ishares_xcb,evaluated,4518000.0
2025-02-28,CA87971MBG74,TELUS,TU,Telecom,senior,3.63,2028-03-01,2028-03-01,2018-03-01,,100.68,3.3950961099229002,,ishares_xcb,evaluated,2424000.0
2025-02-28,CA87971MBJ14,TELUS,TU,Telecom,senior,3.3,2029-05-02,2029-05-02,2019-04-03,,99.03,3.5535446636203574,,ishares_xcb,evaluated,3374000.0
2025-02-28,CA87971MBN26,TELUS,TU,Telecom,senior,3.15,2030-02-19,2030-02-19,2019-12-16,,97.66,3.668851687595884,,ishares_xcb,evaluated,2077000.0
2025-02-28,CA87971MBQ56,TELUS,TU,Telecom,senior,2.35,2028-01-27,2028-01-27,2020-05-29,,97.34,3.3160570136362533,,ishares_xcb,evaluated,2027000.0
2025-02-28,CA87971MBS13,TELUS,TU,Telecom,senior,2.05,2030-10-07,2030-10-07,2020-10-05,,91.64,3.716315370664619,,ishares_xcb,evaluated,1664000.0
2025-02-28,CA87971MBV42,TELUS,TU,Telecom,senior,2.85,2031-11-13,2031-11-13,2021-06-28,,93.8,3.910866805612089,,ishares_xcb,evaluated,2605000.0
2025-02-28,CA87971MBX08,TELUS,TU,Telecom,senior,5.25,2032-11-15,2032-11-15,2022-09-13,,107.32,4.132526956447451,,ishares_xcb,evaluated,4011000.0
2025-02-28,CA87971MBZ55,TELUS,TU,Telecom,senior,5.0,2029-09-13,2029-09-13,2022-09-13,,105.51,3.6743477736997807,,ishares_xcb,evaluated,1559000.0
2025-02-28,CA87971MCA95,TELUS,TU,Telecom,senior,4.95,2033-03-28,2033-03-28,2023-03-28,,105.22,4.183776625958044,,ishares_xcb,evaluated,1628000.0
2025-02-28,CA87971MCB78,TELUS,TU,Telecom,senior,5.6,2030-09-09,2030-09-09,2023-09-08,,108.76,3.8298771951832946,,ishares_xcb,evaluated,1700000.0
2025-02-28,CA87971MCC51,TELUS,TU,Telecom,senior,5.75,2033-09-08,2033-09-08,2023-09-08,,110.58,4.259563319867714,,ishares_xcb,evaluated,3180000.0
2025-02-28,CA87971MCE18,TELUS,TU,Telecom,senior,4.8,2028-12-15,2028-12-15,2024-02-15,,104.47,3.5301249328105513,,ishares_xcb,evaluated,2376000.0
2025-02-28,CA87971MCF82,TELUS,TU,Telecom,senior,4.95,2031-02-18,2031-02-18,2024-02-15,,105.55,3.8993076421538397,,ishares_xcb,evaluated,2133000.0
2025-02-28,CA87971MCG65,TELUS,TU,Telecom,senior,5.1,2034-02-15,2034-02-15,2024-02-15,,106.14,4.2684328211724685,,ishares_xcb,evaluated,2035000.0
2025-02-28,CA87971MCH49,TELUS,TU,Telecom,senior,4.65,2031-08-13,2031-08-13,2024-08-13,,103.85,3.968353018551115,,ishares_xcb,evaluated,2630000.0
2025-02-28,CA89116CDM60,Toronto-Dominion Bank,TD,Banks,senior_bail_in,4.23,2029-04-02,2029-04-02,2024-03-20,,104.1,3.154388157818418,,ishares_xcb,evaluated,3350000.0
2025-02-28,CA89116CST58,Toronto-Dominion Bank,TD,Banks,senior_bail_in,4.0,2030-10-31,2029-10-31,2024-10-31,,102.11,3.5077172707119653,,ishares_xcb,evaluated,5272000.0
2025-02-28,CA89116CWY97,Toronto-Dominion Bank,TD,Banks,senior_bail_in,4.13,2033-01-09,2032-01-09,2025-01-09,,101.99,3.797968297646411,,ishares_xcb,evaluated,6460000.0
2025-02-28,CA89117F7G86,Toronto-Dominion Bank,TD,Banks,senior_bail_in,4.21,2027-06-01,2027-06-01,2022-06-01,,102.12,3.2272457254726543,,ishares_xcb,evaluated,9380000.0
2025-02-28,CA89117F7H69,Toronto-Dominion Bank,TD,Banks,senior_bail_in,5.38,2027-10-21,2027-10-21,2022-10-21,,105.33,3.2590913162689006,,ishares_xcb,evaluated,7130000.0
2025-02-28,CA89117FA338,Toronto-Dominion Bank,TD,Banks,senior_bail_in,1.89,2028-03-08,2028-03-08,2021-03-08,,96.59,3.082886798679091,,ishares_xcb,evaluated,4960000.0
2025-02-28,CA89117FJ347,Toronto-Dominion Bank,TD,Banks,senior_bail_in,1.9,2028-09-11,2028-09-11,2021-09-10,,96.03,3.0978980740139415,,ishares_xcb,evaluated,4421000.0
2025-02-28,CA89117GRJ80,Toronto-Dominion Bank,TD,Banks,senior_bail_in,4.68,2029-01-08,2029-01-08,2022-12-07,,104.63,3.390322678047606,,ishares_xcb,evaluated,8815000.0
2025-02-28,CA89117GTQ06,Toronto-Dominion Bank,TD,Banks,senior_bail_in,4.48,2028-01-18,2028-01-18,2023-01-18,,103.32,3.265855742911636,,ishares_xcb,evaluated,7491000.0
2025-02-28,CA89117GX510,Toronto-Dominion Bank,TD,Banks,senior_bail_in,5.49,2028-09-08,2028-09-08,2023-09-08,,107.04,3.3601088276719873,,ishares_xcb,evaluated,5730000.0
2025-02-28,CA89353ZBA53,TransCanada PipeLines,TRP,Pipelines,senior,6.89,2028-08-07,2028-08-07,1997-07-30,,109.32,3.966446129361251,,ishares_xcb,evaluated,712000.0
2025-02-28,CA89353ZBE75,TransCanada PipeLines,TRP,Pipelines,senior,6.28,2028-05-26,2028-05-26,1998-05-26,,106.94,3.9779315180521206,,ishares_xcb,evaluated,803000.0
2025-02-28,CA89353ZBK36,TransCanada PipeLines,TRP,Pipelines,senior,6.5,2030-12-09,2030-12-09,1998-12-07,,110.06,4.502089992850735,,ishares_xcb,evaluated,775000.0
2025-02-28,CA89353ZCA45,TransCanada PipeLines,TRP,Pipelines,senior,3.39,2028-03-15,2028-03-15,2017-09-15,,99.96,3.408034156959093,,ishares_xcb,evaluated,2062000.0
2025-02-28,CA89353ZCE66,TransCanada PipeLines,TRP,Pipelines,senior,3.0,2029-09-18,2029-09-18,2019-09-18,,97.88,3.5106150036486135,,ishares_xcb,evaluated,2971000.0
2025-02-28,CA89353ZCF32,TransCanada PipeLines,TRP,Pipelines,senior,3.8,2027-04-05,2027-04-05,2020-04-03,,100.83,3.3878063334587574,,ishares_xcb,evaluated,7093000.0
2025-02-28,CA89353ZCH97,TransCanada PipeLines,TRP,Pipelines,senior,2.97,2031-06-09,2031-06-09,2021-06-09,,95.76,3.733645515752784,,ishares_xcb,evaluated,1883000.0
2025-02-28,CA89353ZCK27,TransCanada PipeLines,TRP,Pipelines,senior,5.33,2032-05-12,2032-05-12,2022-05-12,,107.96,4.045872450683608,,ishares_xcb,evaluated,2888000.0
2025-02-28,CA89353ZCN65,TransCanada PipeLines,TRP,Pipelines,senior,5.28,2030-07-15,2030-07-15,2023-03-10,,107.25,3.7779475747423366,,ishares_xcb,evaluated,4800000.0
2025-02-28,CA89353ZCQ96,TransCanada PipeLines,TRP,Pipelines,senior,4.58,2035-02-20,2035-02-20,2025-02-20,,101.9,4.343292929888804,,ishares_xcb,evaluated,3855000.0
2025-03-31,CA06368D3U60,Bank of Montreal,BMO,Banks,senior_bail_in,4.31,2027-06-01,2027-06-01,2022-06-01,,102.3,3.204530287087226,,ishares_xcb,evaluated,8627000.0
2025-03-31,CA06368DW260,Bank of Montreal,BMO,Banks,senior_bail_in,3.65,2027-04-01,2027-04-01,2022-04-01,,101.01,3.1283375778406266,,ishares_xcb,evaluated,6739000.0
2025-03-31,CA06368L5G77,Bank of Montreal,BMO,Banks,senior_bail_in,4.42,2029-07-17,2029-07-17,2024-07-17,,103.72,3.481377038122989,,ishares_xcb,evaluated,6755000.0
2025-03-31,CA06368LB887,Bank of Montreal,BMO,Banks,senior_bail_in,4.54,2028-12-18,2028-12-18,2023-12-18,,103.88,3.4191851970271183,,ishares_xcb,evaluated,7510000.0
2025-03-31,CA06368LEY89,Bank of Montreal,BMO,Banks,senior_bail_in,4.71,2027-12-07,2027-12-07,2022-12-07,,103.68,3.2680157973800457,,ishares_xcb,evaluated,8296000.0
2025-03-31,CA06368LNK84,Bank of Montreal,BMO,Banks,senior_bail_in,5.04,2028-05-29,2028-05-29,2023-05-29,,105.06,3.3439715366776,,ishares_xcb,evaluated,6959000.0
2025-03-31,CA06415E4E25,Bank of Nova Scotia,BNS,Banks,senior_bail_in,1.4,2027-11-01,2027-11-01,2020-10-15,,96.36,2.8724235447482207,,ishares_xcb,evaluated,6199000.0
2025-03-31,CA064164QM14,Bank of Nova Scotia,BNS,Banks,senior_bail_in,4.68,2029-02-01,2029-02-01,2024-02-01,,104.5,3.419964770890277,,ishares_xcb,evaluated,6766000.0
2025-03-31,CA06418MM430,Bank of Nova Scotia,BNS,Banks,senior_bail_in,3.84,2030-09-26,2029-09-26,2024-09-26,,101.27,3.531209699985885,,ishares_xcb,evaluated,4162000.0
2025-03-31,CA06418MX742,Bank of Nova Scotia,BNS,Banks,senior_bail_in,3.81,2028-11-15,2027-11-15,2024-10-18,,101.33,3.280482779045014,,ishares_xcb,evaluated,6765000.0
2025-03-31,CA06418YXB96,Bank of Nova Scotia,BNS,Banks,senior_bail_in,3.73,2031-06-27,2030-06-27,2025-03-27,,100.25,3.6767876757292197,,ishares_xcb,evaluated,4190000.0
2025-03-31,CA07813ZAC82,Bell Canada,BCE,Telecom,senior,6.55,2029-05-01,2029-05-01,1999-07-19,,109.59,3.9878132912929054,,ishares_xcb,evaluated,632000.0
2025-03-31,CA07813ZAL81,Bell Canada,BCE,Telecom,senior,7.85,2031-04-02,2031-04-02,2001-04-02,,118.45,4.330061104325885,,ishares_xcb,evaluated,985000.0
2025-03-31,CA07813ZAP95,Bell Canada,BCE,Telecom,senior,7.3,2032-02-23,2032-02-23,2002-02-22,,116.86,4.436779606714052,,ishares_xcb,evaluated,1291000.0
2025-03-31,CA07813ZAT18,Bell Canada,BCE,Telecom,senior,6.1,2035-03-16,2035-03-16,2004-03-16,,112.47,4.529827027178572,,ishares_xcb,evaluated,1588000.0
2025-03-31,CA07813ZBL72,Bell Canada,BCE,Telecom,senior,6.17,2037-02-26,2037-02-26,2007-02-26,,113.57,4.671327054033101,,ishares_xcb,evaluated,1033000.0
2025-03-31,CA07813ZCC64,Bell Canada,BCE,Telecom,senior,2.9,2029-09-10,2029-09-10,2019-09-10,,97.24,3.576751771294436,,ishares_xcb,evaluated,2296000.0
2025-03-31,CA07813ZCE21,Bell Canada,BCE,Telecom,senior,2.5,2030-05-14,2030-05-14,2020-05-14,,94.61,3.6650923980041132,,ishares_xcb,evaluated,3742000.0
2025-03-31,CA07813ZCF95,Bell Canada,BCE,Telecom,senior,1.65,2027-08-16,2027-08-16,2020-08-14,,97.03,2.951000025817463,,ishares_xcb,evaluated,2517000.0
2025-03-31,CA07813ZCG78,Bell Canada,BCE,Telecom,senior,3.0,2031-03-17,2031-03-17,2021-03-17,,95.74,3.8050214155310575,,ishares_xcb,evaluated,3848000.0
2025-03-31,CA07813ZCJ18,Bell Canada,BCE,Telecom,senior,2.2,2028-05-29,2028-05-29,2021-05-28,,97.02,3.1995334455088753,,ishares_xcb,evaluated,1524000.0
2025-03-31,CA07813ZCK80,Bell Canada,BCE,Telecom,senior,5.85,2032-11-10,2032-11-10,2022-11-10,,110.64,4.203944272951144,,ishares_xcb,evaluated,4510000.0
2025-03-31,CA07813ZCL63,Bell Canada,BCE,Telecom,senior,4.55,2030-02-09,2030-02-09,2023-02-09,,103.71,3.709236492480508,,ishares_xcb,evaluated,3370000.0
2025-03-31,CA07813ZCQ50,Bell Canada,BCE,Telecom,senior,5.25,2029-03-15,2029-03-15,2023-11-14,,106.11,3.579024790768781,,ishares_xcb,evaluated,2370000.0
2025-03-31,CA07813ZCR34,Bell Canada,BCE,Telecom,senior,5.15,2034-08-24,2034-08-24,2024-05-24,,105.83,4.386654971085304,,ishares_xcb,evaluated,3980000.0
2025-03-31,CA078149DW82,Bell Canada,BCE,Telecom,senior,7.0,2027-09-24,2027-09-24,1997-09-24,,107.86,3.6562244649212055,,ishares_xcb,evaluated,145000.0
2025-03-31,CA11291ZAE75,Brookfield Infrastructure Finance,BIP,Utilities,senior,4.19,2028-09-11,2028-09-11,2018-09-10,,102.06,3.5484346278842662,,ishares_xcb,evaluated,2646000.0
2025-03-31,CA11291ZAF41,Brookfield Infrastructure Finance,BIP,Utilities,senior,3.41,2029-10-09,2029-10-09,2019-10-03,,98.75,3.7135664333345786,,ishares_xcb,evaluated,2688000.0
2025-03-31,CA11291ZAG24,Brookfield Infrastructure Finance,BIP,Utilities,senior,2.86,2032-09-01,2032-09-01,2020-09-01,,91.94,4.131970244921882,,ishares_xcb,evaluated,2145000.0
2025-03-31,CA11291ZAH07,Brookfield Infrastructure Finance,BIP,Utilities,senior,5.44,2034-04-25,2034-04-25,2022-04-25,,107.55,4.420801841039907,,ishares_xcb,evaluated,1480000.0
2025-03-31,CA11291ZAK36,Brookfield Infrastructure Finance,BIP,Utilities,senior,5.62,2027-11-14,2027-11-14,2022-11-14,,105.44,3.437471884603349,,ishares_xcb,evaluated,1605000.0
2025-03-31,CA11291ZAL19,Brookfield Infrastructure Finance,BIP,Utilities,senior,5.98,2033-02-14,2033-02-14,2022-11-14,,110.94,4.326063147372598,,ishares_xcb,evaluated,914000.0
2025-03-31,CA11291ZAM91,Brookfield Infrastructure Finance,BIP,Utilities,senior,5.71,2030-07-27,2030-07-27,2023-07-27,,108.73,3.8802719920033875,,ishares_xcb,evaluated,1756000.0
2025-03-31,CA13607H5C22,Canadian Imperial Bank of Commerce,CM,Banks,senior_bail_in,5.05,2027-10-07,2027-10-07,2022-10-07,,104.24,3.285021695274088,,ishares_xcb,evaluated,5765000.0
2025-03-31,CA13607HV661,Canadian Imperial Bank of Commerce,CM,Banks,senior_bail_in,4.95,2027-06-29,2027-06-29,2022-06-29,,103.7,3.2291238118337353,,ishares_xcb,evaluated,7097000.0
2025-03-31,CA13607L4C41,Canadian Imperial Bank of Commerce,CM,Banks,senior_bail_in,3.65,2028-12-10,2027-12-10,2024-12-10,,100.9,3.2980530341913674,,ishares_xcb,evaluated,2745000.0
2025-03-31,CA13607LF997,Canadian Imperial Bank of Commerce,CM,Banks,senior_bail_in,3.8,2030-12-10,2029-12-10,2024-12-10,,100.99,3.5689165619415992,,ishares_xcb,evaluated,6240000.0
2025-03-31,CA13607LPY34,Canadian Imperial Bank of Commerce,CM,Banks,senior_bail_in,5.5,2028-01-14,2028-01-14,2023-07-14,,105.81,3.3045033441753793,,ishares_xcb,evaluated,4360000.0
2025-03-31,CA29251ZAD92,Enbridge Inc,ENB,Pipelines,senior,7.22,2030-07-24,2030-07-24,2000-07-24,,114.05,4.241358344524848,,ishares_xcb,evaluated,806000.0
2025-03-31,CA29251ZAK36,Enbridge Inc,ENB,Pipelines,senior,7.2,2032-06-18,2032-06-18,2001-06-18,,117.42,4.359981167225586,,ishares_xcb,evaluated,1060000.0
2025-03-31,CA29251ZAQ06,Enbridge Inc,ENB,Pipelines,senior,5.57,2035-11-14,2035-11-14,2005-11-14,,108.05,4.604581896070603,,ishares_xcb,evaluated,394000.0
2025-03-31,CA29251ZBK27,Enbridge Inc,ENB,Pipelines,senior,3.2,2027-06-08,2027-06-08,2017-06-08,,99.85,3.2713881898357737,,ishares_xcb,evaluated,4477000.0
2025-03-31,CA29251ZBS52,Enbridge Inc,ENB,Pipelines,senior,2.99,2029-10-03,2029-10-03,2019-10-03,,97.8,3.5229726675503557,,ishares_xcb,evaluated,3465000.0
2025-03-31,CA29251ZBU09,Enbridge Inc,ENB,Pipelines,senior,3.1,2033-09-21,2033-09-21,2021-09-21,,92.21,4.202082995442527,,ishares_xcb,evaluated,3636000.0
2025-03-31,CA29251ZBW64,Enbridge Inc,ENB,Pipelines,senior,6.1,2032-11-09,2032-11-09,2022-11-09,,112.04,4.234479632958984,,ishares_xcb,evaluated,2850000.0
2025-03-31,CA29251ZBY21,Enbridge Inc,ENB,Pipelines,senior,5.7,2027-11-09,2027-11-09,2022-11-09,,105.74,3.38741558279127,,ishares_xcb,evaluated,2086000.0
2025-03-31,CA29251ZBZ95,Enbridge Inc,ENB,Pipelines,senior,5.36,2033-05-26,2033-05-26,2023-05-26,,107.61,4.247436686083509,,ishares_xcb,evaluated,1425000.0
2025-03-31,CA29251ZCA36,Enbridge Inc,ENB,Pipelines,senior,4.9,2028-05-26,2028-05-26,2023-05-26,,104.39,3.423256027101593,,ishares_xcb,evaluated,1950000.0
2025-03-31,CA29251ZCC91,Enbridge Inc,ENB,Pipelines,senior,4.21,2030-02-22,2030-02-22,2024-08-22,,102.31,3.6902201701159196,,ishares_xcb,evaluated,2365000.0
2025-03-31,CA29251ZCD74,Enbridge Inc,ENB,Pipelines,senior,4.73,2034-08-22,2034-08-22,2024-08-22,,102.67,4.380331285013507,,ishares_xcb,evaluated,3048000.0
2025-03-31,CA29251ZCF23,Enbridge Inc,ENB,Pipelines,senior,3.55,2028-02-25,2028-02-25,2025-02-25,,100.62,3.324601142309152,,ishares_xcb,evaluated,378000.0
2025-03-31,CA29251ZCG06,Enbridge Inc,ENB,Pipelines,senior,3.9,2030-02-25,2030-02-25,2025-02-25,,100.88,3.7022618489460637,,ishares_xcb,evaluated,630000.0
2025-03-31,CA29251ZCH88,Enbridge Inc,ENB,Pipelines,senior,4.56,2035-02-25,2035-02-25,2025-02-25,,100.98,4.436631890298375,,ishares_xcb,evaluated,6800000.0
2025-03-31,CA349553AP21,Fortis Inc,FTS,Utilities,senior,2.18,2028-05-15,2028-05-15,2021-05-14,,97.31,3.091622393008679,,ishares_xcb,evaluated,1758000.0
2025-03-31,CA349553AQ04,Fortis Inc,FTS,Utilities,senior,4.43,2029-05-31,2029-05-31,2022-05-31,,103.59,3.4967393119581627,,ishares_xcb,evaluated,1843000.0
2025-03-31,CA349553AR86,Fortis Inc,FTS,Utilities,senior,5.68,2033-11-08,2033-11-08,2023-11-08,,110.7,4.188096107385358,,ishares_xcb,evaluated,1825000.0
2025-03-31,CA349553AS69,Fortis Inc,FTS,Utilities,senior,4.17,2031-09-09,2031-09-09,2024-09-09,,101.87,3.838773399125544,,ishares_xcb,evaluated,2055000.0
2025-03-31,CA349553AT43,Fortis Inc,FTS,Utilities,senior,4.09,2032-03-26,2032-03-26,2025-03-26,,100.79,3.9592927379768676,,ishares_xcb,evaluated,1600000.0
2025-03-31,CA44810ZAB63,Hydro One Inc,H,Utilities,senior,6.93,2032-06-01,2032-06-01,2001-06-22,,119.47,3.8019808833967392,,ishares_xcb,evaluated,1700000.0
2025-03-31,CA44810ZAD20,Hydro One Inc,H,Utilities,senior,6.35,2034-01-31,2034-01-31,2003-01-31,,117.56,3.9743189645912684,,ishares_xcb,evaluated,1224000.0
2025-03-31,CA44810ZAP59,Hydro One Inc,H,Utilities,senior,5.36,2036-05-20,2036-05-20,2005-05-19,,111.43,4.0743383180543855,,ishares_xcb,evaluated,2561000.0
2025-03-31,CA44810ZAS98,Hydro One Inc,H,Utilities,senior,4.89,2037-03-13,2037-03-13,2007-03-13,,106.02,4.242180622972432,,ishares_xcb,evaluated,1325000.0
2025-03-31,CA44810ZBZ23,Hydro One Inc,H,Utilities,senior,3.02,2029-04-05,2029-04-05,2019-04-05,,99.57,3.1358427529019774,,ishares_xcb,evaluated,1935000.0
2025-03-31,CA44810ZCC29,Hydro One Inc,H,Utilities,senior,2.16,2030-02-28,2030-02-28,2020-02-28,,95.08,3.251423360272423,,ishares_xcb,evaluated,1461000.0
2025-03-31,CA44810ZCF59,Hydro One Inc,H,Utilities,senior,1.69,2031-01-16,2031-01-16,2020-10-09,,91.65,3.284202287366785,,ishares_xcb,evaluated,1410000.0
2025-03-31,CA44810ZCG33,Hydro One Inc,H,Utilities,senior,2.23,2031-09-17,2031-09-17,2021-09-17,,93.4,3.375112316982192,,ishares_xcb,evaluated,1893000.0
2025-03-31,CA44810ZCJ71,Hydro One Inc,H,Utilities,senior,4.91,2028-01-27,2028-01-27,2022-10-27,,104.97,3.0617490061024175,,ishares_xcb,evaluated,2497000.0
2025-03-31,CA44810ZCK45,Hydro One Inc,H,Utilities,senior,3.93,2029-11-30,2029-11-30,2023-01-27,,102.95,3.245247410915128,,ishares_xcb,evaluated,2072000.0
2025-03-31,CA44810ZCL28,Hydro One Inc,H,Utilities,senior,4.16,2033-01-27,2033-01-27,2023-01-27,,103.16,3.691636757231641,,ishares_xcb,evaluated,1675000.0
2025-03-31,CA44810ZCR97,Hydro One Inc,H,Utilities,senior,4.39,2034-03-01,2034-03-01,2024-01-12,,104.26,3.821062999532327,,ishares_xcb,evaluated,2115000.0
2025-03-31,CA44810ZCS70,Hydro One Inc,H,Utilities,senior,4.25,2035-01-04,2035-01-04,2024-08-20,,102.49,3.940656534225163,,ishares_xcb,evaluated,3519000.0
2025-03-31,CA448810AC58,Hydro One Inc,H,Utilities,senior,7.35,2030-06-03,2030-06-03,2000-06-01,,117.46,3.620157377345491,,ishares_xcb,evaluated,1388000.0
2025-03-31,CA63306AHP45,National Bank of Canada,NA,Banks,senior_bail_in,5.22,2028-06-14,2028-06-14,2023-06-14,,105.8,3.2983933156036036,,ishares_xcb,evaluated,6310000.0
2025-03-31,CA63306AHT66,National Bank of Canada,NA,Banks,senior_bail_in,5.02,2029-02-01,2029-02-01,2023-12-07,,105.71,3.421018085083835,,ishares_xcb,evaluated,5650000.0
2025-03-31,CA63306AJB31,National Bank of Canada,NA,Banks,senior_bail_in,3.64,2027-10-07,2026-10-07,2024-10-07,,100.74,3.1402861091298364,,ishares_xcb,evaluated,2890000.0
2025-03-31,CA70632ZAF86,Pembina Pipeline,PPL,Pipelines,senior,4.24,2027-06-15,2027-06-15,2015-06-16,,101.74,3.4149853358266835,,ishares_xcb,evaluated,2314000.0
2025-03-31,CA70632ZAK71,Pembina Pipeline,PPL,Pipelines,senior,4.02,2028-03-27,2028-03-27,2018-03-26,,101.66,3.4306917138248667,,ishares_xcb,evaluated,2452000.0
2025-03-31,CA70632ZAM38,Pembina Pipeline,PPL,Pipelines,senior,3.62,2029-04-03,2029-04-03,2019-04-03,,100.18,3.5726476610691766,,ishares_xcb,evaluated,2523000.0
2025-03-31,CA70632ZAQ42,Pembina Pipeline,PPL,Pipelines,senior,3.31,2030-02-01,2030-02-01,2019-09-12,,98.32,3.692492304416816,,ishares_xcb,evaluated,1905000.0
2025-03-31,CA70632ZAS08,Pembina Pipeline,PPL,Pipelines,senior,3.53,2031-12-10,2031-12-10,2021-12-10,,96.86,4.07031193800138,,ishares_xcb,evaluated,1707000.0
2025-03-31,CA70632ZAV37,Pembina Pipeline,PPL,Pipelines,senior,5.02,2032-01-12,2032-01-12,2024-01-12,,105.12,4.146903284363447,,ishares_xcb,evaluated,3010000.0
2025-03-31,CA70632ZAW10,Pembina Pipeline,PPL,Pipelines,senior,5.21,2034-01-12,2034-01-12,2024-01-12,,105.62,4.431006329734149,,ishares_xcb,evaluated,2100000.0
2025-03-31,CA70632ZAY75,Pembina Pipeline,PPL,Pipelines,senior,5.22,2033-06-28,2033-06-28,2024-06-28,,105.87,4.364108365269597,,ishares_xcb,evaluated,2230000.0
2025-03-31,CA775109BJ98,Rogers Communications,RCI,Telecom,senior,3.25,2029-05-01,2029-05-01,2019-04-30,,98.51,3.6482425564043854,,ishares_xcb,evaluated,3784000.0
2025-03-31,CA775109BT70,Rogers Communications,RCI,Telecom,senior,3.75,2029-04-15,2029-04-15,2022-03-11,,100.31,3.667683816309724,,ishares_xcb,evaluated,3886000.0
2025-03-31,CA775109BV27,Rogers Communications,RCI,Telecom,senior,4.25,2032-04-15,2032-04-15,2022-03-11,,100.59,4.153107820075109,,ishares_xcb,evaluated,4327000.0
2025-03-31,CA775109CP40,Rogers Communications,RCI,Telecom,senior,4.4,2028-11-02,2028-11-02,2023-04-03,,102.79,3.56835449556412,,ishares_xcb,evaluated,1938000.0
2025-03-31,CA775109CQ23,Rogers Communications,RCI,Telecom,senior,3.3,2029-12-10,2029-12-10,2019-12-09,,98.18,3.7259231151506556,,ishares_xcb,evaluated,1914000.0
2025-03-31,CA775109CS88,Rogers Communications,RCI,Telecom,senior,2.9,2030-12-09,2030-12-09,2020-04-22,,95.39,3.8083156380018304,,ishares_xcb,evaluated,1806000.0
2025-03-31,CA775109CV18,Rogers Communications,RCI,Telecom,senior,5.7,2028-09-21,2028-09-21,2023-09-21,,106.94,3.5571659288087933,,ishares_xcb,evaluated,3385000.0
2025-03-31,CA775109CW90,Rogers Communications,RCI,Telecom,senior,5.8,2030-09-21,2030-09-21,2023-09-21,,109.38,3.8805716194889825,,ishares_xcb,evaluated,1855000.0
2025-03-31,CA775109DA61,Rogers Communications,RCI,Telecom,senior,5.9,2033-09-21,2033-09-21,2023-09-21,,110.69,4.375983471421406,,ishares_xcb,evaluated,3485000.0
2025-03-31,CA779926DJ08,Royal Bank of Canada,RY,Banks,senior_bail_in,4.0,2030-10-17,2029-10-17,2024-10-17,,101.94,3.535191007548699,,ishares_xcb,evaluated,5243000.0
2025-03-31,CA779926FY56,Royal Bank of Canada,RY,Banks,senior_bail_in,3.63,2028-12-10,2027-12-10,2024-12-10,,101.02,3.2315931990558613,,ishares_xcb,evaluated,7665000.0
2025-03-31,CA780086TY05,Royal Bank of Canada,RY,Banks,senior_bail_in,1.83,2028-07-31,2028-07-31,2021-07-29,,96.32,2.99739276505411,,ishares_xcb,evaluated,3572000.0
2025-03-31,CA780086VK72,Royal Bank of Canada,RY,Banks,senior_bail_in,4.61,2027-07-26,2027-07-26,2022-07-25,,103.25,3.1494496035200727,,ishares_xcb,evaluated,7290000.0
2025-03-31,CA780086WG51,Royal Bank of Canada,RY,Banks,senior_bail_in,4.64,2028-01-17,2028-01-17,2023-01-17,,103.81,3.2068215291597757,,ishares_xcb,evaluated,6781000.0
2025-03-31,CA780086XL38,Royal Bank of Canada,RY,Banks,senior_bail_in,4.63,2028-05-01,2028-05-01,2023-04-20,,104.02,3.254614080784826,,ishares_xcb,evaluated,8955000.0
2025-03-31,CA780086ZH08,Royal Bank of Canada,RY,Banks,senior_bail_in,5.23,2030-06-24,2030-06-24,2023-06-23,,107.88,3.5657117568143404,,ishares_xcb,evaluated,4817000.0
2025-03-31,CA87971MBG74,TELUS,TU,Telecom,senior,3.63,2028-03-01,2028-03-01,2018-03-01,,100.76,3.3528399450878874,,ishares_xcb,evaluated,2424000.0
2025-03-31,CA87971MBJ14,TELUS,TU,Telecom,senior,3.3,2029-05-02,2029-05-02,2019-04-03,,98.97,3.575429991828343,,ishares_xcb,evaluated,3389000.0
2025-03-31,CA87971MBN26,TELUS,TU,Telecom,senior,3.15,2030-02-19,2030-02-19,2019-12-16,,97.65,3.6796377128297086,,ishares_xcb,evaluated,2077000.0
2025-03-31,CA87971MBQ56,TELUS,TU,Telecom,senior,2.35,2028-01-27,2028-01-27,2020-05-29,,97.5,3.2840214224701443,,ishares_xcb,evaluated,2037000.0
2025-03-31,CA87971MBS13,TELUS,TU,Telecom,senior,2.05,2030-10-07,2030-10-07,2020-10-05,,91.62,3.7452533665334435,,ishares_xcb,evaluated,1864000.0
2025-03-31,CA87971MBV42,TELUS,TU,Telecom,senior,2.85,2031-11-13,2031-11-13,2021-06-28,,93.58,3.963379978420644,,ishares_xcb,evaluated,2605000.0
2025-03-31,CA87971MBX08,TELUS,TU,Telecom,senior,5.25,2032-11-15,2032-11-15,2022-09-13,,106.81,4.1986778485275735,,ishares_xcb,evaluated,4011000.0
2025-03-31,CA87971MBZ55,TELUS,TU,Telecom,senior,5.0,2029-09-13,2029-09-13,2022-09-13,,105.34,3.6871657457753124,,ishares_xcb,evaluated,1559000.0
2025-03-31,CA87971MCA95,TELUS,TU,Telecom,senior,4.95,2033-03-28,2033-03-28,2023-03-28,,104.71,4.248652031405443,,ishares_xcb,evaluated,1628000.0
2025-03-31,CA87971MCB78,TELUS,TU,Telecom,senior,5.6,2030-09-09,2030-09-09,2023-09-08,,108.55,3.8422621326158715,,ishares_xcb,evaluated,1700000.0
2025-03-31,CA87971MCC51,TELUS,TU,Telecom,senior,5.75,2033-09-08,2033-09-08,2023-09-08,,109.9,4.335565490320993,,ishares_xcb,evaluated,3180000.0
2025-03-31,CA87971MCE18,TELUS,TU,Telecom,senior,4.8,2028-12-15,2028-12-15,2024-02-15,,104.47,3.5038760555695205,,ishares_xcb,stale,2376000.0
2025-03-31,CA87971MCF82,TELUS,TU,Telecom,senior,4.95,2031-02-18,2031-02-18,2024-02-15,,105.36,3.9215602343201006,,ishares_xcb,evaluated,2133000.0
2025-03-31,CA87971MCG65,TELUS,TU,Telecom,senior,5.1,2034-02-15,2034-02-15,2024-02-15,,105.41,4.358644517665665,,ishares_xcb,evaluated,2035000.0
2025-03-31,CA87971MCH49,TELUS,TU,Telecom,senior,4.65,2031-08-13,2031-08-13,2024-08-13,,103.59,4.006206929263988,,ishares_xcb,evaluated,2660000.0
2025-03-31,CA89116CDM60,Toronto-Dominion Bank,TD,Banks,senior_bail_in,4.23,2029-04-02,2029-04-02,2024-03-20,,104.12,3.1290782175719296,,ishares_xcb,evaluated,3350000.0
2025-03-31,CA89116CST58,Toronto-Dominion Bank,TD,Banks,senior_bail_in,4.0,2030-10-31,2029-10-31,2024-10-31,,101.83,3.5663112669509007,,ishares_xcb,evaluated,5353000.0
2025-03-31,CA89116CWY97,Toronto-Dominion Bank,TD,Banks,senior_bail_in,4.13,2033-01-09,2032-01-09,2025-01-09,,101.42,3.890046871382116,,ishares_xcb,evaluated,6735000.0
2025-03-31,CA89117F7G86,Toronto-Dominion Bank,TD,Banks,senior_bail_in,4.21,2027-06-01,2027-06-01,2022-06-01,,102.17,3.1675372404526088,,ishares_xcb,evaluated,9625000.0
2025-03-31,CA89117F7H69,Toronto-Dominion Bank,TD,Banks,senior_bail_in,5.38,2027-10-21,2027-10-21,2022-10-21,,105.27,3.2188165870150662,,ishares_xcb,evaluated,7130000.0
2025-03-31,CA89117FA338,Toronto-Dominion Bank,TD,Banks,senior_bail_in,1.89,2028-03-08,2028-03-08,2021-03-08,,96.8,3.0362805469716214,,ishares_xcb,evaluated,5050000.0
2025-03-31,CA89117FJ347,Toronto-Dominion Bank,TD,Banks,senior_bail_in,1.9,2028-09-11,2028-09-11,2021-09-10,,96.22,3.0638576740413255,,ishares_xcb,evaluated,4421000.0
2025-03-31,CA89117GRJ80,Toronto-Dominion Bank,TD,Banks,senior_bail_in,4.68,2029-01-08,2029-01-08,2022-12-07,,104.47,3.4086352302470346,,ishares_xcb,evaluated,9050000.0
2025-03-31,CA89117GTQ06,Toronto-Dominion Bank,TD,Banks,senior_bail_in,4.48,2028-01-18,2028-01-18,2023-01-18,,103.32,3.2318886404372122,,ishares_xcb,stale,7516000.0
2025-03-31,CA89117GX510,Toronto-Dominion Bank,TD,Banks,senior_bail_in,5.49,2028-09-08,2028-09-08,2023-09-08,,106.87,3.3556230581603557,,ishares_xcb,evaluated,5730000.0
2025-03-31,CA89353ZBA53,TransCanada PipeLines,TRP,Pipelines,senior,6.89,2028-08-07,2028-08-07,1997-07-30,,109.17,3.946500647089754,,ishares_xcb,evaluated,712000.0
2025-03-31,CA89353ZBE75,TransCanada PipeLines,TRP,Pipelines,senior,6.28,2028-05-26,2028-05-26,1998-05-26,,106.92,3.930040900668434,,ishares_xcb,evaluated,803000.0
2025-03-31,CA89353ZBK36,TransCanada PipeLines,TRP,Pipelines,senior,6.5,2030-12-09,2030-12-09,1998-12-07,,109.73,4.540419229411711,,ishares_xcb,evaluated,775000.0
2025-03-31,CA89353ZCA45,TransCanada PipeLines,TRP,Pipelines,senior,3.39,2028-03-15,2028-03-15,2017-09-15,,100.14,3.339045724444819,,ishares_xcb,evaluated,2062000.0
2025-03-31,CA89353ZCE66,TransCanada PipeLines,TRP,Pipelines,senior,3.0,2029-09-18,2029-09-18,2019-09-18,,97.9,3.511885311675036,,ishares_xcb,evaluated,2971000.0
2025-03-31,CA89353ZCF32,TransCanada PipeLines,TRP,Pipelines,senior,3.8,2027-04-05,2027-04-05,2020-04-03,,101.03,3.269725553676523,,ishares_xcb,evaluated,7163000.0
2025-03-31,CA89353ZCH97,TransCanada PipeLines,TRP,Pipelines,senior,2.97,2031-06-09,2031-06-09,2021-06-09,,95.83,3.7302812775178946,,ishares_xcb,evaluated,1883000.0
2025-03-31,CA89353ZCK27,TransCanada PipeLines,TRP,Pipelines,senior,5.33,2032-05-12,2032-05-12,2022-05-12,,107.55,4.098009223133273,,ishares_xcb,evaluated,2903000.0
2025-03-31,CA89353ZCN65,TransCanada PipeLines,TRP,Pipelines,senior,5.28,2030-07-15,2030-07-15,2023-03-10,,107.07,3.7936749246978345,,ishares_xcb,evaluated,5061000.0
2025-03-31,CA89353ZCQ96,TransCanada PipeLines,TRP,Pipelines,senior,4.58,2035-02-20,2035-02-20,2025-02-20,,101.14,4.436351218746244,,ishares_xcb,evaluated,3855000.0
2025-04-30,CA06368D3U60,Bank of Montreal,BMO,Banks,senior_bail_in,4.31,2027-06-01,2027-06-01,2022-06-01,,102.22,3.2034800390259903,,ishares_xcb,evaluated,9253000.0
2025-04-30,CA06368L5G77,Bank of Montreal,BMO,Banks,senior_bail_in,4.42,2029-07-17,2029-07-17,2024-07-17,,103.56,3.505635534630032,,ishares_xcb,evaluated,7005000.0
2025-04-30,CA06368LB887,Bank of Montreal,BMO,Banks,senior_bail_in,4.54,2028-12-18,2028-12-18,2023-12-18,,103.72,3.442583690134725,,ishares_xcb,evaluated,7750000.0
2025-04-30,CA06368LEY89,Bank of Montreal,BMO,Banks,senior_bail_in,4.71,2027-12-07,2027-12-07,2022-12-07,,103.5,3.297323101415719,,ishares_xcb,evaluated,8376000.0
2025-04-30,CA06368LNK84,Bank of Montreal,BMO,Banks,senior_bail_in,5.04,2028-05-29,2028-05-29,2023-05-29,,104.83,3.380624219139963,,ishares_xcb,evaluated,6999000.0
2025-04-30,CA06415E4E25,Bank of Nova Scotia,BNS,Banks,senior_bail_in,1.4,2027-11-01,2027-11-01,2020-10-15,,96.42,2.895576557436429,,ishares_xcb,evaluated,6099000.0
2025-04-30,CA064164QM14,Bank of Nova Scotia,BNS,Banks,senior_bail_in,4.68,2029-02-01,2029-02-01,2024-02-01,,104.31,3.4482632126899846,,ishares_xcb,evaluated,6911000.0
2025-04-30,CA06418MM430,Bank of Nova Scotia,BNS,Banks,senior_bail_in,3.84,2030-09-26,2029-09-26,2024-09-26,,101.1,3.5665449348511578,,ishares_xcb,evaluated,4215000.0
2025-04-30,CA06418MX742,Bank of Nova Scotia,BNS,Banks,senior_bail_in,3.81,2028-11-15,2027-11-15,2024-10-18,,101.27,3.2904466420565495,,ishares_xcb,evaluated,6405000.0
2025-04-30,CA06418YXB96,Bank of Nova Scotia,BNS,Banks,senior_bail_in,3.73,2031-06-27,2030-06-27,2025-03-27,,100.13,3.702037581424538,,ishares_xcb,evaluated,5220000.0
2025-04-30,CA07813ZAC82,Bell Canada,BCE,Telecom,senior,6.55,2029-05-01,2029-05-01,1999-07-19,,109.31,4.016177670748532,,ishares_xcb,evaluated,632000.0
2025-04-30,CA07813ZAL81,Bell Canada,BCE,Telecom,senior,7.85,2031-04-02,2031-04-02,2001-04-02,,117.63,4.431904968553099,,ishares_xcb,evaluated,1025000.0
2025-04-30,CA07813ZAP95,Bell Canada,BCE,Telecom,senior,7.3,2032-02-23,2032-02-23,2002-02-22,,116.06,4.535290543624906,,ishares_xcb,evaluated,1291000.0
2025-04-30,CA07813ZAT18,Bell Canada,BCE,Telecom,senior,6.1,2035-03-16,2035-03-16,2004-03-16,,111.54,4.629466310063143,,ishares_xcb,evaluated,1638000.0
2025-04-30,CA07813ZBL72,Bell Canada,BCE,Telecom,senior,6.17,2037-02-26,2037-02-26,2007-02-26,,112.6,4.764124522763057,,ishares_xcb,evaluated,1043000.0
2025-04-30,CA07813ZCC64,Bell Canada,BCE,Telecom,senior,2.9,2029-09-10,2029-09-10,2019-09-10,,97.13,3.6157359257165513,,ishares_xcb,evaluated,2296000.0
2025-04-30,CA07813ZCE21,Bell Canada,BCE,Telecom,senior,2.5,2030-05-14,2030-05-14,2020-05-14,,94.6,3.6860296451852057,,ishares_xcb,evaluated,3742000.0
2025-04-30,CA07813ZCF95,Bell Canada,BCE,Telecom,senior,1.65,2027-08-16,2027-08-16,2020-08-14,,97.1,2.9651667788634906,,ishares_xcb,evaluated,2672000.0
2025-04-30,CA07813ZCG78,Bell Canada,BCE,Telecom,senior,3.0,2031-03-17,2031-03-17,2021-03-17,,95.38,3.8853275585800375,,ishares_xcb,evaluated,3828000.0
2025-04-30,CA07813ZCJ18,Bell Canada,BCE,Telecom,senior,2.2,2028-05-29,2028-05-29,2021-05-28,,96.92,3.261352562168635,,ishares_xcb,evaluated,1623000.0
2025-04-30,CA07813ZCK80,Bell Canada,BCE,Telecom,senior,5.85,2032-11-10,2032-11-10,2022-11-10,,109.96,4.290983569965546,,ishares_xcb,evaluated,4550000.0
2025-04-30,CA07813ZCL63,Bell Canada,BCE,Telecom,senior,4.55,2030-02-09,2030-02-09,2023-02-09,,103.33,3.7824715093642483,,ishares_xcb,evaluated,3381000.0
2025-04-30,CA07813ZCQ50,Bell Canada,BCE,Telecom,senior,5.25,2029-03-15,2029-03-15,2023-11-14,,105.79,3.6319530850181017,,ishares_xcb,evaluated,2410000.0
2025-04-30,CA07813ZCR34,Bell Canada,BCE,Telecom,senior,5.15,2034-08-24,2034-08-24,2024-05-24,,104.92,4.498072036949508,,ishares_xcb,evaluated,3980000.0
2025-04-30,CA078149DW82,Bell Canada,BCE,Telecom,senior,7.0,2027-09-24,2027-09-24,1997-09-24,,107.46,3.716676612649016,,ishares_xcb,evaluated,160000.0
2025-04-30,CA11291ZAE75,Brookfield Infrastructure Finance,BIP,Utilities,senior,4.19,2028-09-11,2028-09-11,2018-09-10,,101.81,3.6111230160026992,,ishares_xcb,evaluated,2851000.0
2025-04-30,CA11291ZAF41,Brookfield Infrastructure Finance,BIP,Utilities,senior,3.41,2029-10-09,2029-10-09,2019-10-03,,98.5,3.7794186233558125,,ishares_xcb,evaluated,2703000.0
2025-04-30,CA11291ZAG24,Brookfield Infrastructure Finance,BIP,Utilities,senior,2.86,2032-09-01,2032-09-01,2020-09-01,,91.25,4.260076035847776,,ishares_xcb,evaluated,2165000.0
2025-04-30,CA11291ZAH07,Brookfield Infrastructure Finance,BIP,Utilities,senior,5.44,2034-04-25,2034-04-25,2022-04-25,,106.3,4.5768882261441926,,ishares_xcb,evaluated,1480000.0
2025-04-30,CA11291ZAK36,Brookfield Infrastructure Finance,BIP,Utilities,senior,5.62,2027-11-14,2027-11-14,2022-11-14,,105.1,3.5107741313588905,,ishares_xcb,evaluated,1605000.0
2025-04-30,CA11291ZAL19,Brookfield Infrastructure Finance,BIP,Utilities,senior,5.98,2033-02-14,2033-02-14,2022-11-14,,110.01,4.446369611260429,,ishares_xcb,evaluated,914000.0
2025-04-30,CA11291ZAM91,Brookfield Infrastructure Finance,BIP,Utilities,senior,5.71,2030-07-27,2030-07-27,2023-07-27,,107.92,4.020616008838277,,ishares_xcb,evaluated,1771000.0
2025-04-30,CA13607H5C22,Canadian Imperial Bank of Commerce,CM,Banks,senior_bail_in,5.05,2027-10-07,2027-10-07,2022-10-07,,104.08,3.292765301794589,,ishares_xcb,evaluated,5825000.0
2025-04-30,CA13607HV661,Canadian Imperial Bank of Commerce,CM,Banks,senior_bail_in,4.95,2027-06-29,2027-06-29,2022-06-29,,103.54,3.243538644598424,,ishares_xcb,evaluated,7097000.0
2025-04-30,CA13607L4C41,Canadian Imperial Bank of Commerce,CM,Banks,senior_bail_in,3.65,2028-12-10,2027-12-10,2024-12-10,,100.86,3.3042155780337104,,ishares_xcb,evaluated,2730000.0
2025-04-30,CA13607LF997,Canadian Imperial Bank of Commerce,CM,Banks,senior_bail_in,3.8,2030-12-10,2029-12-10,2024-12-10,,100.9,3.5868141851224653,,ishares_xcb,evaluated,6840000.0
2025-04-30,CA13607LPY34,Canadian Imperial Bank of Commerce,CM,Banks,senior_bail_in,5.5,2028-01-14,2028-01-14,2023-07-14,,105.59,3.3266428640859136,,ishares_xcb,evaluated,4790000.0
2025-04-30,CA29251ZAD92,Enbridge Inc,ENB,Pipelines,senior,7.22,2030-07-24,2030-07-24,2000-07-24,,113.1,4.392798571822084,,ishares_xcb,evaluated,806000.0
2025-04-30,CA29251ZAK36,Enbridge Inc,ENB,Pipelines,senior,7.2,2032-06-18,2032-06-18,2001-06-18,,116.17,4.522847176340796,,ishares_xcb,evaluated,1060000.0
2025-04-30,CA29251ZAQ06,Enbridge Inc,ENB,Pipelines,senior,5.57,2035-11-14,2035-11-14,2005-11-14,,106.77,4.7483664782630965,,ishares_xcb,evaluated,394000.0
2025-04-30,CA29251ZBK27,Enbridge Inc,ENB,Pipelines,senior,3.2,2027-06-08,2027-06-08,2017-06-08,,99.78,3.309559947186094,,ishares_xcb,evaluated,4652000.0
2025-04-30,CA29251ZBS52,Enbridge Inc,ENB,Pipelines,senior,2.99,2029-10-03,2029-10-03,2019-10-03,,97.75,3.5431616565760384,,ishares_xcb,evaluated,3465000.0
2025-04-30,CA29251ZBU09,Enbridge Inc,ENB,Pipelines,senior,3.1,2033-09-21,2033-09-21,2021-09-21,,91.34,4.341641015057368,,ishares_xcb,evaluated,3666000.0
2025-04-30,CA29251ZBW64,Enbridge Inc,ENB,Pipelines,senior,6.1,2032-11-09,2032-11-09,2022-11-09,,111.22,4.339776350363427,,ishares_xcb,evaluated,2850000.0
2025-04-30,CA29251ZBY21,Enbridge Inc,ENB,Pipelines,senior,5.7,2027-11-09,2027-11-09,2022-11-09,,105.41,3.4529183014894937,,ishares_xcb,evaluated,2086000.0
2025-04-30,CA29251ZBZ95,Enbridge Inc,ENB,Pipelines,senior,5.36,2033-05-26,2033-05-26,2023-05-26,,106.78,4.356946074103183,,ishares_xcb,evaluated,1465000.0
2025-04-30,CA29251ZCA36,Enbridge Inc,ENB,Pipelines,senior,4.9,2028-05-26,2028-05-26,2023-05-26,,104.05,3.502919679911043,,ishares_xcb,evaluated,1950000.0
2025-04-30,CA29251ZCC91,Enbridge Inc,ENB,Pipelines,senior,4.21,2030-02-22,2030-02-22,2024-08-22,,101.93,3.768362899202494,,ishares_xcb,evaluated,2365000.0
2025-04-30,CA29251ZCD74,Enbridge Inc,ENB,Pipelines,senior,4.73,2034-08-22,2034-08-22,2024-08-22,,101.57,4.521740099901442,,ishares_xcb,evaluated,3068000.0
2025-04-30,CA29251ZCF23,Enbridge Inc,ENB,Pipelines,senior,3.55,2028-02-25,2028-02-25,2025-02-25,,100.3,3.4382253785334385,,ishares_xcb,evaluated,403000.0
2025-04-30,CA29251ZCG06,Enbridge Inc,ENB,Pipelines,senior,3.9,2030-02-25,2030-02-25,2025-02-25,,100.56,3.772268216704136,,ishares_xcb,evaluated,685000.0
2025-04-30,CA29251ZCH88,Enbridge Inc,ENB,Pipelines,senior,4.56,2035-02-25,2035-02-25,2025-02-25,,99.79,4.5868872551845765,,ishares_xcb,evaluated,6350000.0
2025-04-30,CA349553AP21,Fortis Inc,FTS,Utilities,senior,2.18,2028-05-15,2028-05-15,2021-05-14,,97.2,3.1553656451790313,,ishares_xcb,evaluated,1736000.0
2025-04-30,CA349553AQ04,Fortis Inc,FTS,Utilities,senior,4.43,2029-05-31,2029-05-31,2022-05-31,,103.2,3.581592068532043,,ishares_xcb,evaluated,1930000.0
2025-04-30,CA349553AR86,Fortis Inc,FTS,Utilities,senior,5.68,2033-11-08,2033-11-08,2023-11-08,,110.03,4.266740176080805,,ishares_xcb,evaluated,2065000.0
2025-04-30,CA349553AS69,Fortis Inc,FTS,Utilities,senior,4.17,2031-09-09,2031-09-09,2024-09-09,,101.33,3.929973684699202,,ishares_xcb,evaluated,2055000.0
2025-04-30,CA349553AT43,Fortis Inc,FTS,Utilities,senior,4.09,2032-03-26,2032-03-26,2025-03-26,,100.23,4.050418254761466,,ishares_xcb,evaluated,2140000.0
2025-04-30,CA44810ZAB63,Hydro One Inc,H,Utilities,senior,6.93,2032-06-01,2032-06-01,2001-06-22,,118.56,3.907291762840827,,ishares_xcb,evaluated,1700000.0
2025-04-30,CA44810ZAD20,Hydro One Inc,H,Utilities,senior,6.35,2034-01-31,2034-01-31,2003-01-31,,116.32,4.11188076515211,,ishares_xcb,evaluated,1224000.0
2025-04-30,CA44810ZAP59,Hydro One Inc,H,Utilities,senior,5.36,2036-05-20,2036-05-20,2005-05-19,,110.56,4.160529927496615,,ishares_xcb,evaluated,2601000.0
2025-04-30,CA44810ZAS98,Hydro One Inc,H,Utilities,senior,4.89,2037-03-13,2037-03-13,2007-03-13,,104.1,4.440711375552164,,ishares_xcb,evaluated,1365000.0
2025-04-30,CA44810ZBZ23,Hydro One Inc,H,Utilities,senior,3.02,2029-04-05,2029-04-05,2019-04-05,,99.41,3.180292013574336,,ishares_xcb,evaluated,2040000.0
2025-04-30,CA44810ZCC29,Hydro One Inc,H,Utilities,senior,2.16,2030-02-28,2030-02-28,2020-02-28,,95.01,3.2856262659772795,,ishares_xcb,evaluated,1461000.0
2025-04-30,CA44810ZCF59,Hydro One Inc,H,Utilities,senior,1.69,2031-01-16,2031-01-16,2020-10-09,,91.4,3.357398632323643,,ishares_xcb,evaluated,1410000.0
2025-04-30,CA44810ZCG33,Hydro One Inc,H,Utilities,senior,2.23,2031-09-17,2031-09-17,2021-09-17,,92.91,3.4779610400906207,,ishares_xcb,evaluated,1623000.0
2025-04-30,CA44810ZCJ71,Hydro One Inc,H,Utilities,senior,4.91,2028-01-27,2028-01-27,2022-10-27,,104.75,3.092710791239286,,ishares_xcb,evaluated,2532000.0
2025-04-30,CA44810ZCK45,Hydro One Inc,H,Utilities,senior,3.93,2029-11-30,2029-11-30,2023-01-27,,102.77,3.2767943365918493,,ishares_xcb,evaluated,2072000.0
2025-04-30,CA44810ZCL28,Hydro One Inc,H,Utilities,senior,4.16,2033-01-27,2033-01-27,2023-01-27,,102.54,3.7791539835804495,,ishares_xcb,evaluated,1725000.0
2025-04-30,CA44810ZCR97,Hydro One Inc,H,Utilities,senior,4.39,2034-03-01,2034-03-01,2024-01-12,,103.61,3.9016698135034478,,ishares_xcb,evaluated,2115000.0
2025-04-30,CA44810ZCS70,Hydro One Inc,H,Utilities,senior,4.25,2035-01-04,2035-01-04,2024-08-20,,101.85,4.018209063947575,,ishares_xcb,evaluated,3484000.0
2025-04-30,CA448810AC58,Hydro One Inc,H,Utilities,senior,7.35,2030-06-03,2030-06-03,2000-06-01,,117.04,3.6538382111475856,,ishares_xcb,evaluated,1388000.0
2025-04-30,CA63306AHP45,National Bank of Canada,NA,Banks,senior_bail_in,5.22,2028-06-14,2028-06-14,2023-06-14,,105.55,3.3347761061825563,,ishares_xcb,evaluated,6595000.0
2025-04-30,CA63306AHT66,National Bank of Canada,NA,Banks,senior_bail_in,5.02,2029-02-01,2029-02-01,2023-12-07,,105.45,3.4617896865481974,,ishares_xcb,evaluated,5650000.0
2025-04-30,CA63306AJB31,National Bank of Canada,NA,Banks,senior_bail_in,3.64,2027-10-07,2026-10-07,2024-10-07,,100.7,3.1364958723747254,,ishares_xcb,evaluated,2890000.0
2025-04-30,CA70632ZAF86,Pembina Pipeline,PPL,Pipelines,senior,4.24,2027-06-15,2027-06-15,2015-06-16,,101.57,3.468153141290949,,ishares_xcb,evaluated,2314000.0
2025-04-30,CA70632ZAK71,Pembina Pipeline,PPL,Pipelines,senior,4.02,2028-03-27,2028-03-27,2018-03-26,,101.34,3.5289629734627397,,ishares_xcb,evaluated,2507000.0
2025-04-30,CA70632ZAM38,Pembina Pipeline,PPL,Pipelines,senior,3.62,2029-04-03,2029-04-03,2019-04-03,,99.79,3.677157022186698,,ishares_xcb,evaluated,2578000.0
2025-04-30,CA70632ZAQ42,Pembina Pipeline,PPL,Pipelines,senior,3.31,2030-02-01,2030-02-01,2019-09-12,,97.68,3.849007746956797,,ishares_xcb,evaluated,1905000.0
2025-04-30,CA70632ZAS08,Pembina Pipeline,PPL,Pipelines,senior,3.53,2031-12-10,2031-12-10,2021-12-10,,96.14,4.204809211060036,,ishares_xcb,evaluated,1882000.0
2025-04-30,CA70632ZAV37,Pembina Pipeline,PPL,Pipelines,senior,5.02,2032-01-12,2032-01-12,2024-01-12,,104.36,4.266146087127501,,ishares_xcb,evaluated,3010000.0
2025-04-30,CA70632ZAW10,Pembina Pipeline,PPL,Pipelines,senior,5.21,2034-01-12,2034-01-12,2024-01-12,,104.62,4.561588150496377,,ishares_xcb,evaluated,2100000.0
2025-04-30,CA70632ZAY75,Pembina Pipeline,PPL,Pipelines,senior,5.22,2033-06-28,2033-06-28,2024-06-28,,104.99,4.483004685317353,,ishares_xcb,evaluated,2295000.0
2025-04-30,CA775109BJ98,Rogers Communications,RCI,Telecom,senior,3.25,2029-05-01,2029-05-01,2019-04-30,,98.4,3.6871910969999138,,ishares_xcb,evaluated,3784000.0
2025-04-30,CA775109BT70,Rogers Communications,RCI,Telecom,senior,3.75,2029-04-15,2029-04-15,2022-03-11,,100.19,3.6975001993632066,,ishares_xcb,evaluated,3941000.0
2025-04-30,CA775109BV27,Rogers Communications,RCI,Telecom,senior,4.25,2032-04-15,2032-04-15,2022-03-11,,100.07,4.237919818301341,,ishares_xcb,evaluated,4117000.0
2025-04-30,CA775109CP40,Rogers Communications,RCI,Telecom,senior,4.4,2028-11-02,2028-11-02,2023-04-03,,102.62,3.603120593512417,,ishares_xcb,evaluated,2193000.0
2025-04-30,CA775109CQ23,Rogers Communications,RCI,Telecom,senior,3.3,2029-12-10,2029-12-10,2019-12-09,,98.08,3.757443686729801,,ishares_xcb,evaluated,1914000.0
2025-04-30,CA775109CS88,Rogers Communications,RCI,Telecom,senior,2.9,2030-12-09,2030-12-09,2020-04-22,,95.06,3.888770332214063,,ishares_xcb,evaluated,1806000.0
2025-04-30,CA775109CV18,Rogers Communications,RCI,Telecom,senior,5.7,2028-09-21,2028-09-21,2023-09-21,,106.68,3.587447584058644,,ishares_xcb,evaluated,3425000.0
2025-04-30,CA775109CW90,Rogers Communications,RCI,Telecom,senior,5.8,2030-09-21,2030-09-21,2023-09-21,,109.01,3.9272637650708235,,ishares_xcb,evaluated,1975000.0
2025-04-30,CA775109DA61,Rogers Communications,RCI,Telecom,senior,5.9,2033-09-21,2033-09-21,2023-09-21,,109.69,4.499207218339324,,ishares_xcb,evaluated,3505000.0
2025-04-30,CA779926DJ08,Royal Bank of Canada,RY,Banks,senior_bail_in,4.0,2030-10-17,2029-10-17,2024-10-17,,101.88,3.5406538881147744,,ishares_xcb,evaluated,5493000.0
2025-04-30,CA779926FY56,Royal Bank of Canada,RY,Banks,senior_bail_in,3.63,2028-12-10,2027-12-10,2024-12-10,,100.87,3.2803201550389316,,ishares_xcb,evaluated,7380000.0
2025-04-30,CA780086TY05,Royal Bank of Canada,RY,Banks,senior_bail_in,1.83,2028-07-31,2028-07-31,2021-07-29,,96.35,3.0166785457360428,,ishares_xcb,evaluated,3572000.0
2025-04-30,CA780086VK72,Royal Bank of Canada,RY,Banks,senior_bail_in,4.61,2027-07-26,2027-07-26,2022-07-25,,103.16,3.1407414550605277,,ishares_xcb,evaluated,7590000.0
2025-04-30,CA780086WG51,Royal Bank of Canada,RY,Banks,senior_bail_in,4.64,2028-01-17,2028-01-17,2023-01-17,,103.62,3.2390854458406255,,ishares_xcb,evaluated,6891000.0
2025-04-30,CA780086XL38,Royal Bank of Canada,RY,Banks,senior_bail_in,4.63,2028-05-01,2028-05-01,2023-04-20,,103.81,3.293613587731529,,ishares_xcb,evaluated,9035000.0
2025-04-30,CA780086ZH08,Royal Bank of Canada,RY,Banks,senior_bail_in,5.23,2030-06-24,2030-06-24,2023-06-23,,107.55,3.6106291792093805,,ishares_xcb,evaluated,4817000.0
2025-04-30,CA87971MBG74,TELUS,TU,Telecom,senior,3.63,2028-03-01,2028-03-01,2018-03-01,,100.68,3.373584824666361,,ishares_xcb,evaluated,2144000.0
2025-04-30,CA87971MBJ14,TELUS,TU,Telecom,senior,3.3,2029-05-02,2029-05-02,2019-04-03,,98.9,3.600944464090266,,ishares_xcb,evaluated,3528000.0
2025-04-30,CA87971MBN26,TELUS,TU,Telecom,senior,3.15,2030-02-19,2030-02-19,2019-12-16,,97.53,3.716241545949868,,ishares_xcb,evaluated,2107000.0
2025-04-30,CA87971MBQ56,TELUS,TU,Telecom,senior,2.35,2028-01-27,2028-01-27,2020-05-29,,97.51,3.3080046959025973,,ishares_xcb,evaluated,2037000.0
2025-04-30,CA87971MBS13,TELUS,TU,Telecom,senior,2.05,2030-10-07,2030-10-07,2020-10-05,,91.49,3.7967291954659124,,ishares_xcb,evaluated,1874000.0
2025-04-30,CA87971MBV42,TELUS,TU,Telecom,senior,2.85,2031-11-13,2031-11-13,2021-06-28,,93.37,4.015145216636533,,ishares_xcb,evaluated,2680000.0
2025-04-30,CA87971MBX08,TELUS,TU,Telecom,senior,5.25,2032-11-15,2032-11-15,2022-09-13,,106.1,4.297187015922582,,ishares_xcb,evaluated,4011000.0
2025-04-30,CA87971MBZ55,TELUS,TU,Telecom,senior,5.0,2029-09-13,2029-09-13,2022-09-13,,105.08,3.7269526764705714,,ishares_xcb,evaluated,1559000.0
2025-04-30,CA87971MCA95,TELUS,TU,Telecom,senior,4.95,2033-03-28,2033-03-28,2023-03-28,,104.14,4.325284308293783,,ishares_xcb,evaluated,1648000.0
2025-04-30,CA87971MCB78,TELUS,TU,Telecom,senior,5.6,2030-09-09,2030-09-09,2023-09-08,,108.14,3.899532822253071,,ishares_xcb,evaluated,1715000.0
2025-04-30,CA87971MCC51,TELUS,TU,Telecom,senior,5.75,2033-09-08,2033-09-08,2023-09-08,,109.15,4.426172630633899,,ishares_xcb,evaluated,3180000.0
2025-04-30,CA87971MCE18,TELUS,TU,Telecom,senior,4.8,2028-12-15,2028-12-15,2024-02-15,,104.2,3.555567322008552,,ishares_xcb,evaluated,2376000.0
2025-04-30,CA87971MCF82,TELUS,TU,Telecom,senior,4.95,2031-02-18,2031-02-18,2024-02-15,,104.88,3.9998855450921202,,ishares_xcb,evaluated,2133000.0
2025-04-30,CA87971MCG65,TELUS,TU,Telecom,senior,5.1,2034-02-15,2034-02-15,2024-02-15,,104.68,4.451394749848954,,ishares_xcb,evaluated,2045000.0
2025-04-30,CA87971MCH49,TELUS,TU,Telecom,senior,4.65,2031-08-13,2031-08-13,2024-08-13,,103.12,4.082961848530661,,ishares_xcb,evaluated,2840000.0
2025-04-30,CA89116CDM60,Toronto-Dominion Bank,TD,Banks,senior_bail_in,4.23,2029-04-02,2029-04-02,2024-03-20,,103.92,3.159008894506877,,ishares_xcb,evaluated,3350000.0
2025-04-30,CA89116CST58,Toronto-Dominion Bank,TD,Banks,senior_bail_in,4.0,2030-10-31,2029-10-31,2024-10-31,,101.74,3.5779293361722133,,ishares_xcb,evaluated,5353000.0
2025-04-30,CA89116CWY97,Toronto-Dominion Bank,TD,Banks,senior_bail_in,4.13,2033-01-09,2032-01-09,2025-01-09,,101.1,3.9423817810612527,,ishares_xcb,evaluated,7035000.0
2025-04-30,CA89117F7G86,Toronto-Dominion Bank,TD,Banks,senior_bail_in,4.21,2027-06-01,2027-06-01,2022-06-01,,102.09,3.1687876167511924,,ishares_xcb,evaluated,10090000.0
2025-04-30,CA89117F7H69,Toronto-Dominion Bank,TD,Banks,senior_bail_in,5.38,2027-10-21,2027-10-21,2022-10-21,,105.05,3.239978750497437,,ishares_xcb,evaluated,7380000.0
2025-04-30,CA89117FA338,Toronto-Dominion Bank,TD,Banks,senior_bail_in,1.89,2028-03-08,2028-03-08,2021-03-08,,96.74,3.0899910888713333,,ishares_xcb,evaluated,5050000.0
2025-04-30,CA89117FJ347,Toronto-Dominion Bank,TD,Banks,senior_bail_in,1.9,2028-09-11,2028-09-11,2021-09-10,,96.11,3.126060460282418,,ishares_xcb,evaluated,4466000.0
2025-04-30,CA89117GRJ80,Toronto-Dominion Bank,TD,Banks,senior_bail_in,4.68,2029-01-08,2029-01-08,2022-12-07,,104.29,3.4345176486280007,,ishares_xcb,evaluated,9150000.0
2025-04-30,CA89117GTQ06,Toronto-Dominion Bank,TD,Banks,senior_bail_in,4.48,2028-01-18,2028-01-18,2023-01-18,,103.11,3.277101550072794,,ishares_xcb,evaluated,7516000.0
2025-04-30,CA89117GX510,Toronto-Dominion Bank,TD,Banks,senior_bail_in,5.49,2028-09-08,2028-09-08,2023-09-08,,106.63,3.380062894201938,,ishares_xcb,evaluated,5470000.0
2025-04-30,CA89353ZBA53,TransCanada PipeLines,TRP,Pipelines,senior,6.89,2028-08-07,2028-08-07,1997-07-30,,108.75,4.012367769665119,,ishares_xcb,evaluated,732000.0
2025-04-30,CA89353ZBE75,TransCanada PipeLines,TRP,Pipelines,senior,6.28,2028-05-26,2028-05-26,1998-05-26,,106.66,3.962293197841909,,ishares_xcb,evaluated,803000.0
2025-04-30,CA89353ZBK36,TransCanada PipeLines,TRP,Pipelines,senior,6.5,2030-12-09,2030-12-09,1998-12-07,,109.32,4.596466241668598,,ishares_xcb,evaluated,775000.0
2025-04-30,CA89353ZCA45,TransCanada PipeLines,TRP,Pipelines,senior,3.39,2028-03-15,2028-03-15,2017-09-15,,99.91,3.420862584378359,,ishares_xcb,evaluated,2352000.0
2025-04-30,CA89353ZCE66,TransCanada PipeLines,TRP,Pipelines,senior,3.0,2029-09-18,2029-09-18,2019-09-18,,97.72,3.5651835453282827,,ishares_xcb,evaluated,2971000.0
2025-04-30,CA89353ZCH97,TransCanada PipeLines,TRP,Pipelines,senior,2.97,2031-06-09,2031-06-09,2021-06-09,,95.42,3.8176654608426,,ishares_xcb,evaluated,1908000.0
2025-04-30,CA89353ZCK27,TransCanada PipeLines,TRP,Pipelines,senior,5.33,2032-05-12,2032-05-12,2022-05-12,,106.89,4.191806208036461,,ishares_xcb,evaluated,2903000.0
2025-04-30,CA89353ZCN65,TransCanada PipeLines,TRP,Pipelines,senior,5.28,2030-07-15,2030-07-15,2023-03-10,,106.43,3.905400525491562,,ishares_xcb,evaluated,5076000.0
2025-04-30,CA89353ZCQ96,TransCanada PipeLines,TRP,Pipelines,senior,4.58,2035-02-20,2035-02-20,2025-02-20,,100.17,4.558453156363837,,ishares_xcb,evaluated,3585000.0
2025-05-30,CA06368D3U60,Bank of Montreal,BMO,Banks,senior_bail_in,4.31,2027-06-01,2027-06-01,2022-06-01,,102.13,3.2078288299007682,,ishares_xcb,evaluated,9373000.0
2025-05-30,CA06368L5G77,Bank of Montreal,BMO,Banks,senior_bail_in,4.42,2029-07-17,2029-07-17,2024-07-17,,103.4,3.531066445702343,,ishares_xcb,evaluated,7040000.0
2025-05-30,CA06368LB887,Bank of Montreal,BMO,Banks,senior_bail_in,4.54,2028-12-18,2028-12-18,2023-12-18,,103.61,3.4525308994900703,,ishares_xcb,evaluated,7870000.0
2025-05-30,CA06368LEY89,Bank of Montreal,BMO,Banks,senior_bail_in,4.71,2027-12-07,2027-12-07,2022-12-07,,103.39,3.3002785340122416,,ishares_xcb,evaluated,8996000.0
2025-05-30,CA06368LNK84,Bank of Montreal,BMO,Banks,senior_bail_in,5.04,2028-05-29,2028-05-29,2023-05-29,,104.71,3.374479538880907,,ishares_xcb,evaluated,6999000.0
2025-05-30,CA06368MRF37,Bank of Montreal,BMO,Banks,senior_bail_in,3.73,2031-06-03,2030-06-03,2025-06-03,,100.03,3.724402339834133,,ishares_xcb,evaluated,2035000.0
2025-05-30,CA06415E4E25,Bank of Nova Scotia,BNS,Banks,senior_bail_in,1.4,2027-11-01,2027-11-01,2020-10-15,,96.54,2.889228642385892,,ishares_xcb,evaluated,6099000.0
2025-05-30,CA064164QM14,Bank of Nova Scotia,BNS,Banks,senior_bail_in,4.68,2029-02-01,2029-02-01,2024-02-01,,104.16,3.466650717306379,,ishares_xcb,evaluated,6951000.0
2025-05-30,CA06418MM430,Bank of Nova Scotia,BNS,Banks,senior_bail_in,3.84,2030-09-26,2029-09-26,2024-09-26,,101.0,3.5858594021297088,,ishares_xcb,evaluated,4445000.0
2025-05-30,CA06418MX742,Bank of Nova Scotia,BNS,Banks,senior_bail_in,3.81,2028-11-15,2027-11-15,2024-10-18,,101.23,3.2842431751488155,,ishares_xcb,evaluated,6425000.0
2025-05-30,CA06418YXB96,Bank of Nova Scotia,BNS,Banks,senior_bail_in,3.73,2031-06-27,2030-06-27,2025-03-27,,100.02,3.7260928030819214,,ishares_xcb,evaluated,5240000.0
2025-05-30,CA07813ZAC82,Bell Canada,BCE,Telecom,senior,6.55,2029-05-01,2029-05-01,1999-07-19,,109.07,4.024111294253022,,ishares_xcb,evaluated,632000.0
2025-05-30,CA07813ZAL81,Bell Canada,BCE,Telecom,senior,7.85,2031-04-02,2031-04-02,2001-04-02,,117.43,4.428412061008123,,ishares_xcb,evaluated,1045000.0
2025-05-30,CA07813ZAP95,Bell Canada,BCE,Telecom,senior,7.3,2032-02-23,2032-02-23,2002-02-22,,116.0,4.518923544314073,,ishares_xcb,evaluated,1291000.0
2025-05-30,CA07813ZAT18,Bell Canada,BCE,Telecom,senior,6.1,2035-03-16,2035-03-16,2004-03-16,,111.45,4.630470161744655,,ishares_xcb,evaluated,1663000.0
2025-05-30,CA07813ZBL72,Bell Canada,BCE,Telecom,senior,6.17,2037-02-26,2037-02-26,2007-02-26,,112.57,4.7607138402806655,,ishares_xcb,evaluated,1063000.0
2025-05-30,CA07813ZCC64,Bell Canada,BCE,Telecom,senior,2.9,2029-09-10,2029-09-10,2019-09-10,,97.28,3.5891253335891693,,ishares_xcb,evaluated,2296000.0
2025-05-30,CA07813ZCE21,Bell Canada,BCE,Telecom,senior,2.5,2030-05-14,2030-05-14,2020-05-14,,94.78,3.6607767901833586,,ishares_xcb,evaluated,3742000.0
2025-05-30,CA07813ZCF95,Bell Canada,BCE,Telecom,senior,1.65,2027-08-16,2027-08-16,2020-08-14,,97.2,2.9662817747130497,,ishares_xcb,evaluated,2672000.0
2025-05-30,CA07813ZCG78,Bell Canada,BCE,Telecom,senior,3.0,2031-03-17,2031-03-17,2021-03-17,,95.28,3.91612697372194,,ishares_xcb,evaluated,3848000.0
2025-05-30,CA07813ZCJ18,Bell Canada,BCE,Telecom,senior,2.2,2028-05-29,2028-05-29,2021-05-28,,97.16,3.2012326381257976,,ishares_xcb,evaluated,1623000.0
2025-05-30,CA07813ZCK80,Bell Canada,BCE,Telecom,senior,5.85,2032-11-10,2032-11-10,2022-11-10,,109.93,4.277711294344153,,ishares_xcb,evaluated,4580000.0
2025-05-30,CA07813ZCL63,Bell Canada,BCE,Telecom,senior,4.55,2030-02-09,2030-02-09,2023-02-09,,103.36,3.7641992265099433,,ishares_xcb,evaluated,3381000.0
2025-05-30,CA07813ZCQ50,Bell Canada,BCE,Telecom,senior,5.25,2029-03-15,2029-03-15,2023-11-14,,105.78,3.602055166419115,,ishares_xcb,evaluated,2440000.0
2025-05-30,CA07813ZCR34,Bell Canada,BCE,Telecom,senior,5.15,2034-08-24,2034-08-24,2024-05-24,,104.97,4.487388374935959,,ishares_xcb,evaluated,3980000.0
2025-05-30,CA078149DW82,Bell Canada,BCE,Telecom,senior,7.0,2027-09-24,2027-09-24,1997-09-24,,107.4,3.6341878510494667,,ishares_xcb,evaluated,160000.0
2025-05-30,CA11291ZAE75,Brookfield Infrastructure Finance,BIP,Utilities,senior,4.19,2028-09-11,2028-09-11,2018-09-10,,101.85,3.5836707444286677,,ishares_xcb,evaluated,2941000.0
2025-05-30,CA11291ZAF41,Brookfield Infrastructure Finance,BIP,Utilities,senior,3.41,2029-10-09,2029-10-09,2019-10-03,,98.61,3.7574395993640044,,ishares_xcb,evaluated,2703000.0
2025-05-30,CA11291ZAG24,Brookfield Infrastructure Finance,BIP,Utilities,senior,2.86,2032-09-01,2032-09-01,2020-09-01,,91.52,4.227874959030873,,ishares_xcb,evaluated,1775000.0
2025-05-30,CA11291ZAH07,Brookfield Infrastructure Finance,BIP,Utilities,senior,5.44,2034-04-25,2034-04-25,2022-04-25,,106.58,4.5328265205336455,,ishares_xcb,evaluated,1500000.0
2025-05-30,CA11291ZAK36,Brookfield Infrastructure Finance,BIP,Utilities,senior,5.62,2027-11-14,2027-11-14,2022-11-14,,105.03,3.4646645645379155,,ishares_xcb,evaluated,1605000.0
2025-05-30,CA11291ZAL19,Brookfield Infrastructure Finance,BIP,Utilities,senior,5.98,2033-02-14,2033-02-14,2022-11-14,,110.29,4.393110158533537,,ishares_xcb,evaluated,914000.0
2025-05-30,CA11291ZAM91,Brookfield Infrastructure Finance,BIP,Utilities,senior,5.71,2030-07-27,2030-07-27,2023-07-27,,108.16,3.9487216949864843,,ishares_xcb,evaluated,1771000.0
2025-05-30,CA13607H5C22,Canadian Imperial Bank of Commerce,CM,Banks,senior_bail_in,5.05,2027-10-07,2027-10-07,2022-10-07,,103.98,3.277486772420738,,ishares_xcb,evaluated,5995000.0
2025-05-30,CA13607HV661,Canadian Imperial Bank of Commerce,CM,Banks,senior_bail_in,4.95,2027-06-29,2027-06-29,2022-06-29,,103.43,3.2349569412582637,,ishares_xcb,evaluated,7097000.0
2025-05-30,CA13607L4C41,Canadian Imperial Bank of Commerce,CM,Banks,senior_bail_in,3.65,2028-12-10,2027-12-10,2024-12-10,,100.82,3.3110754579720605,,ishares_xcb,evaluated,2750000.0
2025-05-30,CA13607LF997,Canadian Imperial Bank of Commerce,CM,Banks,senior_bail_in,3.8,2030-12-10,2029-12-10,2024-12-10,,100.78,3.612748454113545,,ishares_xcb,evaluated,6170000.0
2025-05-30,CA13607LPY34,Canadian Imperial Bank of Commerce,CM,Banks,senior_bail_in,5.5,2028-01-14,2028-01-14,2023-07-14,,105.39,3.3427205198707184,,ishares_xcb,evaluated,4940000.0
2025-05-30,CA29251ZAD92,Enbridge Inc,ENB,Pipelines,senior,7.22,2030-07-24,2030-07-24,2000-07-24,,113.02,4.372746936081177,,ishares_xcb,evaluated,806000.0
2025-05-30,CA29251ZAK36,Enbridge Inc,ENB,Pipelines,senior,7.2,2032-06-18,2032-06-18,2001-06-18,,116.13,4.505576685550285,,ishares_xcb,evaluated,1060000.0
2025-05-30,CA29251ZAQ06,Enbridge Inc,ENB,Pipelines,senior,5.57,2035-11-14,2035-11-14,2005-11-14,,107.12,4.699756586085493,,ishares_xcb,evaluated,394000.0
2025-05-30,CA29251ZBK27,Enbridge Inc,ENB,Pipelines,senior,3.2,2027-06-08,2027-06-08,2017-06-08,,99.9,3.2532646978630604,,ishares_xcb,evaluated,4652000.0
2025-05-30,CA29251ZBS52,Enbridge Inc,ENB,Pipelines,senior,2.99,2029-10-03,2029-10-03,2019-10-03,,97.78,3.5448590489923646,,ishares_xcb,evaluated,3465000.0
2025-05-30,CA29251ZBU09,Enbridge Inc,ENB,Pipelines,senior,3.1,2033-09-21,2033-09-21,2021-09-21,,91.76,4.287959483867847,,ishares_xcb,evaluated,3691000.0
2025-05-30,CA29251ZBW64,Enbridge Inc,ENB,Pipelines,senior,6.1,2032-11-09,2032-11-09,2022-11-09,,111.46,4.284491468634916,,ishares_xcb,evaluated,2940000.0
2025-05-30,CA29251ZBY21,Enbridge Inc,ENB,Pipelines,senior,5.7,2027-11-09,2027-11-09,2022-11-09,,105.4,3.3763497929729596,,ishares_xcb,evaluated,2091000.0
2025-05-30,CA29251ZBZ95,Enbridge Inc,ENB,Pipelines,senior,5.36,2033-05-26,2033-05-26,2023-05-26,,106.91,4.327563885597557,,ishares_xcb,evaluated,1465000.0
2025-05-30,CA29251ZCA36,Enbridge Inc,ENB,Pipelines,senior,4.9,2028-05-26,2028-05-26,2023-05-26,,104.04,3.465251302246603,,ishares_xcb,evaluated,1950000.0
2025-05-30,CA29251ZCC91,Enbridge Inc,ENB,Pipelines,senior,4.21,2030-02-22,2030-02-22,2024-08-22,,102.09,3.725200972031041,,ishares_xcb,evaluated,2365000.0
2025-05-30,CA29251ZCD74,Enbridge Inc,ENB,Pipelines,senior,4.73,2034-08-22,2034-08-22,2024-08-22,,102.01,4.46249825329476,,ishares_xcb,evaluated,3068000.0
2025-05-30,CA29251ZCF23,Enbridge Inc,ENB,Pipelines,senior,3.55,2028-02-25,2028-02-25,2025-02-25,,100.47,3.370496948444024,,ishares_xcb,evaluated,433000.0
2025-05-30,CA29251ZCG06,Enbridge Inc,ENB,Pipelines,senior,3.9,2030-02-25,2030-02-25,2025-02-25,,100.72,3.733751373217003,,ishares_xcb,evaluated,765000.0
2025-05-30,CA29251ZCH88,Enbridge Inc,ENB,Pipelines,senior,4.56,2035-02-25,2035-02-25,2025-02-25,,100.25,4.528403775097558,,ishares_xcb,evaluated,4350000.0
2025-05-30,CA349553AP21,Fortis Inc,FTS,Utilities,senior,2.18,2028-05-15,2028-05-15,2021-05-14,,97.37,3.116775150514245,,ishares_xcb,evaluated,1786000.0
2025-05-30,CA349553AQ04,Fortis Inc,FTS,Utilities,senior,4.43,2029-05-31,2029-05-31,2022-05-31,,103.1,3.5931815153740456,,ishares_xcb,evaluated,1930000.0
2025-05-30,CA349553AR86,Fortis Inc,FTS,Utilities,senior,5.68,2033-11-08,2033-11-08,2023-11-08,,109.56,4.3156473179868335,,ishares_xcb,evaluated,2185000.0
2025-05-30,CA349553AS69,Fortis Inc,FTS,Utilities,senior,4.17,2031-09-09,2031-09-09,2024-09-09,,101.39,3.9157953724742027,,ishares_xcb,evaluated,2055000.0
2025-05-30,CA349553AT43,Fortis Inc,FTS,Utilities,senior,4.09,2032-03-26,2032-03-26,2025-03-26,,100.32,4.034091300406615,,ishares_xcb,evaluated,2140000.0
2025-05-30,CA44810ZAB63,Hydro One Inc,H,Utilities,senior,6.93,2032-06-01,2032-06-01,2001-06-22,,118.11,3.9472319384564005,,ishares_xcb,evaluated,1700000.0
2025-05-30,CA44810ZAD20,Hydro One Inc,H,Utilities,senior,6.35,2034-01-31,2034-01-31,2003-01-31,,116.08,4.126576348156879,,ishares_xcb,evaluated,1224000.0
2025-05-30,CA44810ZAP59,Hydro One Inc,H,Utilities,senior,5.36,2036-05-20,2036-05-20,2005-05-19,,110.31,4.17867734005128,,ishares_xcb,evaluated,2616000.0
2025-05-30,CA44810ZAS98,Hydro One Inc,H,Utilities,senior,4.89,2037-03-13,2037-03-13,2007-03-13,,104.52,4.392999637635329,,ishares_xcb,evaluated,1380000.0
2025-05-30,CA44810ZBZ23,Hydro One Inc,H,Utilities,senior,3.02,2029-04-05,2029-04-05,2019-04-05,,99.51,3.1551332521101636,,ishares_xcb,evaluated,2040000.0
2025-05-30,CA44810ZCC29,Hydro One Inc,H,Utilities,senior,2.16,2030-02-28,2030-02-28,2020-02-28,,95.27,3.2433152306725868,,ishares_xcb,evaluated,1521000.0
2025-05-30,CA44810ZCF59,Hydro One Inc,H,Utilities,senior,1.69,2031-01-16,2031-01-16,2020-10-09,,91.48,3.364621699876024,,ishares_xcb,evaluated,1440000.0
2025-05-30,CA44810ZCG33,Hydro One Inc,H,Utilities,senior,2.23,2031-09-17,2031-09-17,2021-09-17,,93.15,3.4481063471933533,,ishares_xcb,evaluated,1663000.0
2025-05-30,CA44810ZCJ71,Hydro One Inc,H,Utilities,senior,4.91,2028-01-27,2028-01-27,2022-10-27,,104.62,3.0913243074252366,,ishares_xcb,evaluated,2532000.0
2025-05-30,CA44810ZCK45,Hydro One Inc,H,Utilities,senior,3.93,2029-11-30,2029-11-30,2023-01-27,,102.78,3.2607757981452425,,ishares_xcb,evaluated,2072000.0
2025-05-30,CA44810ZCL28,Hydro One Inc,H,Utilities,senior,4.16,2033-01-27,2033-01-27,2023-01-27,,102.24,3.821047138015287,,ishares_xcb,evaluated,1725000.0
2025-05-30,CA44810ZCR97,Hydro One Inc,H,Utilities,senior,4.39,2034-03-01,2034-03-01,2024-01-12,,103.44,3.9201004535202517,,ishares_xcb,evaluated,2115000.0
2025-05-30,CA44810ZCS70,Hydro One Inc,H,Utilities,senior,4.25,2035-01-04,2035-01-04,2024-08-20,,101.76,4.0284215531968215,,ishares_xcb,evaluated,3504000.0
2025-05-30,CA448810AC58,Hydro One Inc,H,Utilities,senior,7.35,2030-06-03,2030-06-03,2000-06-01,,116.86,3.6407176581609093,,ishares_xcb,evaluated,1388000.0
2025-05-30,CA63306AHP45,National Bank of Canada,NA,Banks,senior_bail_in,5.22,2028-06-14,2028-06-14,2023-06-14,,105.43,3.329513056583348,,ishares_xcb,evaluated,6645000.0
2025-05-30,CA63306AHT66,National Bank of Canada,NA,Banks,senior_bail_in,5.02,2029-02-01,2029-02-01,2023-12-07,,105.35,3.4592997562593077,,ishares_xcb,evaluated,5650000.0
2025-05-30,CA63306AJB31,National Bank of Canada,NA,Banks,senior_bail_in,3.64,2027-10-07,2026-10-07,2024-10-07,,100.66,3.1354503842200914,,ishares_xcb,evaluated,2890000.0
2025-05-30,CA63306AJM95,National Bank of Canada,NA,Banks,senior_bail_in,3.31,2028-08-15,2027-08-15,2025-06-04,,100.08,3.274363583911719,,ishares_xcb,evaluated,1980000.0
2025-05-30,CA70632ZAF86,Pembina Pipeline,PPL,Pipelines,senior,4.24,2027-06-15,2027-06-15,2015-06-16,,101.56,3.4449990962311348,,ishares_xcb,evaluated,2314000.0
2025-05-30,CA70632ZAK71,Pembina Pipeline,PPL,Pipelines,senior,4.02,2028-03-27,2028-03-27,2018-03-26,,101.43,3.4806934292608736,,ishares_xcb,evaluated,2527000.0
2025-05-30,CA70632ZAM38,Pembina Pipeline,PPL,Pipelines,senior,3.62,2029-04-03,2029-04-03,2019-04-03,,99.85,3.660761291340963,,ishares_xcb,evaluated,2578000.0
2025-05-30,CA70632ZAQ42,Pembina Pipeline,PPL,Pipelines,senior,3.31,2030-02-01,2030-02-01,2019-09-12,,98.11,3.755932438757258,,ishares_xcb,evaluated,1915000.0
2025-05-30,CA70632ZAS08,Pembina Pipeline,PPL,Pipelines,senior,3.53,2031-12-10,2031-12-10,2021-12-10,,96.57,4.135358828978866,,ishares_xcb,evaluated,1897000.0
2025-05-30,CA70632ZAV37,Pembina Pipeline,PPL,Pipelines,senior,5.02,2032-01-12,2032-01-12,2024-01-12,,104.53,4.230058681357071,,ishares_xcb,evaluated,3010000.0
2025-05-30,CA70632ZAW10,Pembina Pipeline,PPL,Pipelines,senior,5.21,2034-01-12,2034-01-12,2024-01-12,,104.98,4.507851580771394,,ishares_xcb,evaluated,2100000.0
2025-05-30,CA70632ZAY75,Pembina Pipeline,PPL,Pipelines,senior,5.22,2033-06-28,2033-06-28,2024-06-28,,105.16,4.452912613707182,,ishares_xcb,evaluated,2315000.0
2025-05-30,CA775109BJ98,Rogers Communications,RCI,Telecom,senior,3.25,2029-05-01,2029-05-01,2019-04-30,,98.6,3.635198294376795,,ishares_xcb,evaluated,3784000.0
2025-05-30,CA775109BT70,Rogers Communications,RCI,Telecom,senior,3.75,2029-04-15,2029-04-15,2022-03-11,,100.37,3.645570850315643,,ishares_xcb,evaluated,3941000.0
2025-05-30,CA775109BV27,Rogers Communications,RCI,Telecom,senior,4.25,2032-04-15,2032-04-15,2022-03-11,,100.29,4.200077282416241,,ishares_xcb,evaluated,4137000.0
2025-05-30,CA775109CP40,Rogers Communications,RCI,Telecom,senior,4.4,2028-11-02,2028-11-02,2023-04-03,,102.65,3.569254030541294,,ishares_xcb,evaluated,1858000.0
2025-05-30,CA775109CQ23,Rogers Communications,RCI,Telecom,senior,3.3,2029-12-10,2029-12-10,2019-12-09,,98.14,3.751094947485921,,ishares_xcb,evaluated,1914000.0
2025-05-30,CA775109CS88,Rogers Communications,RCI,Telecom,senior,2.9,2030-12-09,2030-12-09,2020-04-22,,95.65,3.7800586946928645,,ishares_xcb,evaluated,1806000.0
2025-05-30,CA775109CV18,Rogers Communications,RCI,Telecom,senior,5.7,2028-09-21,2028-09-21,2023-09-21,,106.62,3.5573076166711384,,ishares_xcb,evaluated,3455000.0
2025-05-30,CA775109CW90,Rogers Communications,RCI,Telecom,senior,5.8,2030-09-21,2030-09-21,2023-09-21,,108.84,3.9355638631765046,,ishares_xcb,evaluated,1975000.0
2025-05-30,CA775109DA61,Rogers Communications,RCI,Telecom,senior,5.9,2033-09-21,2033-09-21,2023-09-21,,109.79,4.4738961733167795,,ishares_xcb,evaluated,3530000.0
2025-05-30,CA779926DJ08,Royal Bank of Canada,RY,Banks,senior_bail_in,4.0,2030-10-17,2029-10-17,2024-10-17,,101.72,3.571419800940714,,ishares_xcb,evaluated,5493000.0
2025-05-30,CA779926FY56,Royal Bank of Canada,RY,Banks,senior_bail_in,3.63,2028-12-10,2027-12-10,2024-12-10,,100.86,3.2746506223064826,,ishares_xcb,evaluated,7445000.0
2025-05-30,CA780086TY05,Royal Bank of Canada,RY,Banks,senior_bail_in,1.83,2028-07-31,2028-07-31,2021-07-29,,96.52,2.9895026321567264,,ishares_xcb,evaluated,3572000.0
2025-05-30,CA780086VK72,Royal Bank of Canada,RY,Banks,senior_bail_in,4.61,2027-07-26,2027-07-26,2022-07-25,,103.04,3.145920039839431,,ishares_xcb,evaluated,7740000.0
2025-05-30,CA780086WG51,Royal Bank of Canada,RY,Banks,senior_bail_in,4.64,2028-01-17,2028-01-17,2023-01-17,,103.59,3.2111181378555784,,ishares_xcb,evaluated,6966000.0
2025-05-30,CA780086XL38,Royal Bank of Canada,RY,Banks,senior_bail_in,4.63,2028-05-01,2028-05-01,2023-04-20,,103.73,3.2785872036667065,,ishares_xcb,evaluated,9035000.0
2025-05-30,CA780086ZH08,Royal Bank of Canada,RY,Banks,senior_bail_in,5.23,2030-06-24,2030-06-24,2023-06-23,,107.5,3.598776246433604,,ishares_xcb,evaluated,4837000.0
2025-05-30,CA87971MBG74,TELUS,TU,Telecom,senior,3.63,2028-03-01,2028-03-01,2018-03-01,,100.66,3.372909584636732,,ishares_xcb,evaluated,2169000.0
2025-05-30,CA87971MBJ14,TELUS,TU,Telecom,senior,3.3,2029-05-02,2029-05-02,2019-04-03,,99.01,3.571547508440646,,ishares_xcb,evaluated,3528000.0
2025-05-30,CA87971MBN26,TELUS,TU,Telecom,senior,3.15,2030-02-19,2030-02-19,2019-12-16,,97.43,3.7495562776806457,,ishares_xcb,evaluated,2107000.0
2025-05-30,CA87971MBQ56,TELUS,TU,Telecom,senior,2.35,2028-01-27,2028-01-27,2020-05-29,,97.61,3.2975533885813495,,ishares_xcb,evaluated,2037000.0
2025-05-30,CA87971MBS13,TELUS,TU,Telecom,senior,2.05,2030-10-07,2030-10-07,2020-10-05,,91.66,3.7845703590804587,,ishares_xcb,evaluated,1874000.0
2025-05-30,CA87971MBV42,TELUS,TU,Telecom,senior,2.85,2031-11-13,2031-11-13,2021-06-28,,93.4,4.020859815951925,,ishares_xcb,evaluated,2685000.0
2025-05-30,CA87971MBX08,TELUS,TU,Telecom,senior,5.25,2032-11-15,2032-11-15,2022-09-13,,106.01,4.299045163371669,,ishares_xcb,evaluated,4041000.0
2025-05-30,CA87971MBZ55,TELUS,TU,Telecom,senior,5.0,2029-09-13,2029-09-13,2022-09-13,,105.01,3.7214718405663643,,ishares_xcb,evaluated,1619000.0
2025-05-30,CA87971MCA95,TELUS,TU,Telecom,senior,4.95,2033-03-28,2033-03-28,2023-03-28,,103.97,4.344379127004727,,ishares_xcb,evaluated,1648000.0
2025-05-30,CA87971MCB78,TELUS,TU,Telecom,senior,5.6,2030-09-09,2030-09-09,2023-09-08,,107.87,3.9305126128557397,,ishares_xcb,evaluated,1760000.0
2025-05-30,CA87971MCC51,TELUS,TU,Telecom,senior,5.75,2033-09-08,2033-09-08,2023-09-08,,108.9,4.449776890222394,,ishares_xcb,evaluated,3180000.0
2025-05-30,CA87971MCE18,TELUS,TU,Telecom,senior,4.8,2028-12-15,2028-12-15,2024-02-15,,104.17,3.5389565957007645,,ishares_xcb,evaluated,2376000.0
2025-05-30,CA87971MCF82,TELUS,TU,Telecom,senior,4.95,2031-02-18,2031-02-18,2024-02-15,,104.68,4.026981162334973,,ishares_xcb,evaluated,2133000.0
2025-05-30,CA87971MCG65,TELUS,TU,Telecom,senior,5.1,2034-02-15,2034-02-15,2024-02-15,,104.54,4.465982534425469,,ishares_xcb,evaluated,2070000.0
2025-05-30,CA87971MCH49,TELUS,TU,Telecom,senior,4.65,2031-08-13,2031-08-13,2024-08-13,,103.04,4.091466558410205,,ishares_xcb,evaluated,2935000.0
2025-05-30,CA89116CDM60,Toronto-Dominion Bank,TD,Banks,senior_bail_in,4.23,2029-04-02,2029-04-02,2024-03-20,,103.63,3.2163868950534114,,ishares_xcb,evaluated,3850000.0
2025-05-30,CA89116CQ341,Toronto-Dominion Bank,TD,Banks,senior_bail_in,3.84,2031-05-29,2030-05-29,2025-05-29,,100.54,3.720545489835588,,ishares_xcb,evaluated,5040000.0
2025-05-30,CA89116CST58,Toronto-Dominion Bank,TD,Banks,senior_bail_in,4.0,2030-10-31,2029-10-31,2024-10-31,,101.62,3.598891563592281,,ishares_xcb,evaluated,5383000.0
2025-05-30,CA89116CWY97,Toronto-Dominion Bank,TD,Banks,senior_bail_in,4.13,2033-01-09,2032-01-09,2025-01-09,,100.86,3.9824306226258357,,ishares_xcb,evaluated,7200000.0
2025-05-30,CA89117F7G86,Toronto-Dominion Bank,TD,Banks,senior_bail_in,4.21,2027-06-01,2027-06-01,2022-06-01,,102.03,3.160256096681492,,ishares_xcb,evaluated,10245000.0
2025-05-30,CA89117F7H69,Toronto-Dominion Bank,TD,Banks,senior_bail_in,5.38,2027-10-21,2027-10-21,2022-10-21,,104.9,3.2337255560157687,,ishares_xcb,evaluated,7475000.0
2025-05-30,CA89117FA338,Toronto-Dominion Bank,TD,Banks,senior_bail_in,1.89,2028-03-08,2028-03-08,2021-03-08,,96.94,3.0465658864428002,,ishares_xcb,evaluated,5075000.0
2025-05-30,CA89117FJ347,Toronto-Dominion Bank,TD,Banks,senior_bail_in,1.9,2028-09-11,2028-09-11,2021-09-10,,96.22,3.1187412708140445,,ishares_xcb,evaluated,4466000.0
2025-05-30,CA89117GRJ80,Toronto-Dominion Bank,TD,Banks,senior_bail_in,4.68,2029-01-08,2029-01-08,2022-12-07,,104.13,3.4560139059533403,,ishares_xcb,evaluated,9190000.0
2025-05-30,CA89117GTQ06,Toronto-Dominion Bank,TD,Banks,senior_bail_in,4.48,2028-01-18,2028-01-18,2023-01-18,,103.04,3.2705557409551824,,ishares_xcb,evaluated,7516000.0
2025-05-30,CA89117GX510,Toronto-Dominion Bank,TD,Banks,senior_bail_in,5.49,2028-09-08,2028-09-08,2023-09-08,,106.45,3.3871704559774236,,ishares_xcb,evaluated,5670000.0
2025-05-30,CA89353ZBA53,TransCanada PipeLines,TRP,Pipelines,senior,6.89,2028-08-07,2028-08-07,1997-07-30,,108.57,4.005134911246182,,ishares_xcb,evaluated,732000.0
2025-05-30,CA89353ZBE75,TransCanada PipeLines,TRP,Pipelines,senior,6.28,2028-05-26,2028-05-26,1998-05-26,,106.49,3.956082506498187,,ishares_xcb,evaluated,803000.0
2025-05-30,CA89353ZBK36,TransCanada PipeLines,TRP,Pipelines,senior,6.5,2030-12-09,2030-12-09,1998-12-07,,109.28,4.581838330016184,,ishares_xcb,evaluated,775000.0
2025-05-30,CA89353ZCA45,TransCanada PipeLines,TRP,Pipelines,senior,3.39,2028-03-15,2028-03-15,2017-09-15,,100.03,3.3751807482788747,,ishares_xcb,evaluated,2372000.0
2025-05-30,CA89353ZCE66,TransCanada PipeLines,TRP,Pipelines,senior,3.0,2029-09-18,2029-09-18,2019-09-18,,97.82,3.548892333906475,,ishares_xcb,evaluated,2971000.0
2025-05-30,CA89353ZCH97,TransCanada PipeLines,TRP,Pipelines,senior,2.97,2031-06-09,2031-06-09,2021-06-09,,95.43,3.826777586621967,,ishares_xcb,evaluated,1948000.0
2025-05-30,CA89353ZCK27,TransCanada PipeLines,TRP,Pipelines,senior,5.33,2032-05-12,2032-05-12,2022-05-12,,106.95,4.167289588693115,,ishares_xcb,evaluated,2903000.0
2025-05-30,CA89353ZCN65,TransCanada PipeLines,TRP,Pipelines,senior,5.28,2030-07-15,2030-07-15,2023-03-10,,106.71,3.8286396604401958,,ishares_xcb,evaluated,5081000.0
2025-05-30,CA89353ZCQ96,TransCanada PipeLines,TRP,Pipelines,senior,4.58,2035-02-20,2035-02-20,2025-02-20,,100.51,4.5151394027716885,,ishares_xcb,evaluated,3805000.0
2025-06-30,CA06368L5G77,Bank of Montreal,BMO,Banks,senior_bail_in,4.42,2029-07-17,2029-07-17,2024-07-17,,103.29,3.544138835237593,,ishares_xcb,evaluated,7040000.0
2025-06-30,CA06368LB887,Bank of Montreal,BMO,Banks,senior_bail_in,4.54,2028-12-18,2028-12-18,2023-12-18,,103.54,3.447514858879068,,ishares_xcb,evaluated,7870000.0
2025-06-30,CA06368LEY89,Bank of Montreal,BMO,Banks,senior_bail_in,4.71,2027-12-07,2027-12-07,2022-12-07,,103.28,3.297059764466623,,ishares_xcb,evaluated,9056000.0
2025-06-30,CA06368LNK84,Bank of Montreal,BMO,Banks,senior_bail_in,5.04,2028-05-29,2028-05-29,2023-05-29,,104.57,3.3771551413838465,,ishares_xcb,evaluated,6999000.0
2025-06-30,CA06368MRF37,Bank of Montreal,BMO,Banks,senior_bail_in,3.73,2031-06-03,2030-06-03,2025-06-03,,100.05,3.718146733746179,,ishares_xcb,evaluated,3595000.0
2025-06-30,CA06415E4E25,Bank of Nova Scotia,BNS,Banks,senior_bail_in,1.4,2027-11-01,2027-11-01,2020-10-15,,96.73,2.8550951797529507,,ishares_xcb,evaluated,6099000.0
2025-06-30,CA064164QM14,Bank of Nova Scotia,BNS,Banks,senior_bail_in,4.68,2029-02-01,2029-02-01,2024-02-01,,104.16,3.4415756739709513,,ishares_xcb,stale,6951000.0
2025-06-30,CA06418MM430,Bank of Nova Scotia,BNS,Banks,senior_bail_in,3.84,2030-09-26,2029-09-26,2024-09-26,,101.02,3.575351064350505,,ishares_xcb,evaluated,4495000.0
2025-06-30,CA06418MX742,Bank of Nova Scotia,BNS,Banks,senior_bail_in,3.81,2028-11-15,2027-11-15,2024-10-18,,101.19,3.2820601364695383,,ishares_xcb,evaluated,6615000.0
2025-06-30,CA06418YXB96,Bank of Nova Scotia,BNS,Banks,senior_bail_in,3.73,2031-06-27,2030-06-27,2025-03-27,,99.99,3.7321343412519927,,ishares_xcb,evaluated,5340000.0
2025-06-30,CA07813ZAC82,Bell Canada,BCE,Telecom,senior,6.55,2029-05-01,2029-05-01,1999-07-19,,108.85,4.032773523136236,,ishares_xcb,evaluated,632000.0
2025-06-30,CA07813ZAL81,Bell Canada,BCE,Telecom,senior,7.85,2031-04-02,2031-04-02,2001-04-02,,116.96,4.472564743803431,,ishares_xcb,evaluated,1045000.0
2025-06-30,CA07813ZAP95,Bell Canada,BCE,Telecom,senior,7.3,2032-02-23,2032-02-23,2002-02-22,,115.65,4.548239961191837,,ishares_xcb,evaluated,1291000.0
2025-06-30,CA07813ZAT18,Bell Canada,BCE,Telecom,senior,6.1,2035-03-16,2035-03-16,2004-03-16,,110.97,4.678557849134232,,ishares_xcb,evaluated,1663000.0
2025-06-30,CA07813ZBL72,Bell Canada,BCE,Telecom,senior,6.17,2037-02-26,2037-02-26,2007-02-26,,112.18,4.795006318003919,,ishares_xcb,evaluated,1063000.0
2025-06-30,CA07813ZCC64,Bell Canada,BCE,Telecom,senior,2.9,2029-09-10,2029-09-10,2019-09-10,,97.36,3.580604002488304,,ishares_xcb,evaluated,2376000.0
2025-06-30,CA07813ZCE21,Bell Canada,BCE,Telecom,senior,2.5,2030-05-14,2030-05-14,2020-05-14,,95.01,3.625433961130757,,ishares_xcb,evaluated,3742000.0
2025-06-30,CA07813ZCF95,Bell Canada,BCE,Telecom,senior,1.65,2027-08-16,2027-08-16,2020-08-14,,97.32,2.9595531969790456,,ishares_xcb,evaluated,2672000.0
2025-06-30,CA07813ZCG78,Bell Canada,BCE,Telecom,senior,3.0,2031-03-17,2031-03-17,2021-03-17,,95.42,3.8997360064488626,,ishares_xcb,evaluated,3608000.0
2025-06-30,CA07813ZCJ18,Bell Canada,BCE,Telecom,senior,2.2,2028-05-29,2028-05-29,2021-05-28,,97.23,3.202503630679019,,ishares_xcb,evaluated,1623000.0
2025-06-30,CA07813ZCK80,Bell Canada,BCE,Telecom,senior,5.85,2032-11-10,2032-11-10,2022-11-10,,109.66,4.302953287131242,,ishares_xcb,evaluated,4580000.0
2025-06-30,CA07813ZCL63,Bell Canada,BCE,Telecom,senior,4.55,2030-02-09,2030-02-09,2023-02-09,,103.3,3.7661997911389253,,ishares_xcb,evaluated,3451000.0
2025-06-30,CA07813ZCQ50,Bell Canada,BCE,Telecom,senior,5.25,2029-03-15,2029-03-15,2023-11-14,,105.59,3.6206013044397904,,ishares_xcb,evaluated,2440000.0
2025-06-30,CA07813ZCR34,Bell Canada,BCE,Telecom,senior,5.15,2034-08-24,2034-08-24,2024-05-24,,104.74,4.513194411230359,,ishares_xcb,evaluated,4035000.0
2025-06-30,CA078149DW82,Bell Canada,BCE,Telecom,senior,7.0,2027-09-24,2027-09-24,1997-09-24,,107.12,3.6412572641153695,,ishares_xcb,evaluated,160000.0
2025-06-30,CA11291ZAE75,Brookfield Infrastructure Finance,BIP,Utilities,senior,4.19,2028-09-11,2028-09-11,2018-09-10,,101.99,3.521730507483942,,ishares_xcb,evaluated,2441000.0
2025-06-30,CA11291ZAF41,Brookfield Infrastructure Finance,BIP,Utilities,senior,3.41,2029-10-09,2029-10-09,2019-10-03,,99.1,3.637677191266863,,ishares_xcb,evaluated,2703000.0
2025-06-30,CA11291ZAG24,Brookfield Infrastructure Finance,BIP,Utilities,senior,2.86,2032-09-01,2032-09-01,2020-09-01,,91.69,4.2129133945943735,,ishares_xcb,evaluated,1775000.0
2025-06-30,CA11291ZAH07,Brookfield Infrastructure Finance,BIP,Utilities,senior,5.44,2034-04-25,2034-04-25,2022-04-25,,106.39,4.550923904473944,,ishares_xcb,evaluated,1500000.0
2025-06-30,CA11291ZAK36,Brookfield Infrastructure Finance,BIP,Utilities,senior,5.62,2027-11-14,2027-11-14,2022-11-14,,104.92,3.4379367939250005,,ishares_xcb,evaluated,1605000.0
2025-06-30,CA11291ZAL19,Brookfield Infrastructure Finance,BIP,Utilities,senior,5.98,2033-02-14,2033-02-14,2022-11-14,,110.11,4.406299857915587,,ishares_xcb,evaluated,914000.0
2025-06-30,CA11291ZAM91,Brookfield Infrastructure Finance,BIP,Utilities,senior,5.71,2030-07-27,2030-07-27,2023-07-27,,108.11,3.9349543369395334,,ishares_xcb,evaluated,1771000.0
2025-06-30,CA13607H5C22,Canadian Imperial Bank of Commerce,CM,Banks,senior_bail_in,5.05,2027-10-07,2027-10-07,2022-10-07,,103.82,3.286399018362701,,ishares_xcb,evaluated,6150000.0
2025-06-30,CA13607L4C41,Canadian Imperial Bank of Commerce,CM,Banks,senior_bail_in,3.65,2028-12-10,2027-12-10,2024-12-10,,100.81,3.3016260315020265,,ishares_xcb,evaluated,2750000.0
2025-06-30,CA13607LF997,Canadian Imperial Bank of Commerce,CM,Banks,senior_bail_in,3.8,2030-12-10,2029-12-10,2024-12-10,,100.74,3.617746109791322,,ishares_xcb,evaluated,6395000.0
2025-06-30,CA13607LPY34,Canadian Imperial Bank of Commerce,CM,Banks,senior_bail_in,5.5,2028-01-14,2028-01-14,2023-07-14,,105.24,3.3380335286167275,,ishares_xcb,evaluated,4940000.0
2025-06-30,CA13607P5X87,Canadian Imperial Bank of Commerce,CM,Banks,senior_bail_in,3.9,2031-06-20,2030-06-20,2025-06-20,,100.69,3.7463518050175906,,ishares_xcb,evaluated,2750000.0
2025-06-30,CA29251ZAD92,Enbridge Inc,ENB,Pipelines,senior,7.22,2030-07-24,2030-07-24,2000-07-24,,112.7,4.400763454401853,,ishares_xcb,evaluated,806000.0
2025-06-30,CA29251ZAK36,Enbridge Inc,ENB,Pipelines,senior,7.2,2032-06-18,2032-06-18,2001-06-18,,115.65,4.5529070326026915,,ishares_xcb,evaluated,1060000.0
2025-06-30,CA29251ZAQ06,Enbridge Inc,ENB,Pipelines,senior,5.57,2035-11-14,2035-11-14,2005-11-14,,107.12,4.693617094579873,,ishares_xcb,stale,394000.0
2025-06-30,CA29251ZBS52,Enbridge Inc,ENB,Pipelines,senior,2.99,2029-10-03,2029-10-03,2019-10-03,,97.81,3.5471549551864046,,ishares_xcb,evaluated,3515000.0
2025-06-30,CA29251ZBU09,Enbridge Inc,ENB,Pipelines,senior,3.1,2033-09-21,2033-09-21,2021-09-21,,91.95,4.269228311484655,,ishares_xcb,evaluated,3866000.0
2025-06-30,CA29251ZBW64,Enbridge Inc,ENB,Pipelines,senior,6.1,2032-11-09,2032-11-09,2022-11-09,,111.25,4.298275359018417,,ishares_xcb,evaluated,2940000.0
2025-06-30,CA29251ZBY21,Enbridge Inc,ENB,Pipelines,senior,5.7,2027-11-09,2027-11-09,2022-11-09,,105.2,3.382597689019934,,ishares_xcb,evaluated,2091000.0
2025-06-30,CA29251ZBZ95,Enbridge Inc,ENB,Pipelines,senior,5.36,2033-05-26,2033-05-26,2023-05-26,,106.78,4.336441802513002,,ishares_xcb,evaluated,1465000.0
2025-06-30,CA29251ZCA36,Enbridge Inc,ENB,Pipelines,senior,4.9,2028-05-26,2028-05-26,2023-05-26,,103.98,3.4458507296716006,,ishares_xcb,evaluated,1980000.0
2025-06-30,CA29251ZCC91,Enbridge Inc,ENB,Pipelines,senior,4.21,2030-02-22,2030-02-22,2024-08-22,,101.99,3.7413609008463404,,ishares_xcb,evaluated,2365000.0
2025-06-30,CA29251ZCD74,Enbridge Inc,ENB,Pipelines,senior,4.73,2034-08-22,2034-08-22,2024-08-22,,101.83,4.484998813019104,,ishares_xcb,evaluated,3068000.0
2025-06-30,CA29251ZCF23,Enbridge Inc,ENB,Pipelines,senior,3.55,2028-02-25,2028-02-25,2025-02-25,,100.46,3.3701406276572206,,ishares_xcb,evaluated,493000.0
2025-06-30,CA29251ZCG06,Enbridge Inc,ENB,Pipelines,senior,3.9,2030-02-25,2030-02-25,2025-02-25,,100.64,3.7505702717740856,,ishares_xcb,evaluated,865000.0
2025-06-30,CA29251ZCH88,Enbridge Inc,ENB,Pipelines,senior,4.56,2035-02-25,2035-02-25,2025-02-25,,100.08,4.550630964449181,,ishares_xcb,evaluated,3510000.0
2025-06-30,CA349553AP21,Fortis Inc,FTS,Utilities,senior,2.18,2028-05-15,2028-05-15,2021-05-14,,97.49,3.097843326083212,,ishares_xcb,evaluated,1786000.0
2025-06-30,CA349553AQ04,Fortis Inc,FTS,Utilities,senior,4.43,2029-05-31,2029-05-31,2022-05-31,,103.06,3.5848793429695753,,ishares_xcb,evaluated,1930000.0
2025-06-30,CA349553AR86,Fortis Inc,FTS,Utilities,senior,5.68,2033-11-08,2033-11-08,2023-11-08,,109.56,4.303885885812934,,ishares_xcb,stale,1885000.0
2025-06-30,CA349553AS69,Fortis Inc,FTS,Utilities,senior,4.17,2031-09-09,2031-09-09,2024-09-09,,101.37,3.9159152357923466,,ishares_xcb,evaluated,2055000.0
2025-06-30,CA349553AT43,Fortis Inc,FTS,Utilities,senior,4.09,2032-03-26,2032-03-26,2025-03-26,,100.3,4.036339251709997,,ishares_xcb,evaluated,2140000.0
2025-06-30,CA44810ZAB63,Hydro One Inc,H,Utilities,senior,6.93,2032-06-01,2032-06-01,2001-06-22,,118.01,3.931303878911854,,ishares_xcb,evaluated,1710000.0
2025-06-30,CA44810ZAD20,Hydro One Inc,H,Utilities,senior,6.35,2034-01-31,2034-01-31,2003-01-31,,115.92,4.131000850036381,,ishares_xcb,evaluated,1224000.0
2025-06-30,CA44810ZAP59,Hydro One Inc,H,Utilities,senior,5.36,2036-05-20,2036-05-20,2005-05-19,,109.78,4.2287847687824645,,ishares_xcb,evaluated,2646000.0
2025-06-30,CA44810ZAS98,Hydro One Inc,H,Utilities,senior,4.89,2037-03-13,2037-03-13,2007-03-13,,103.96,4.450217207043592,,ishares_xcb,evaluated,1380000.0
2025-06-30,CA44810ZBZ23,Hydro One Inc,H,Utilities,senior,3.02,2029-04-05,2029-04-05,2019-04-05,,99.55,3.146292156982655,,ishares_xcb,evaluated,2040000.0
2025-06-30,CA44810ZCC29,Hydro One Inc,H,Utilities,senior,2.16,2030-02-28,2030-02-28,2020-02-28,,95.64,3.1742724583419326,,ishares_xcb,evaluated,1536000.0
2025-06-30,CA44810ZCF59,Hydro One Inc,H,Utilities,senior,1.69,2031-01-16,2031-01-16,2020-10-09,,91.63,3.3583434261874947,,ishares_xcb,evaluated,1440000.0
2025-06-30,CA44810ZCG33,Hydro One Inc,H,Utilities,senior,2.23,2031-09-17,2031-09-17,2021-09-17,,93.35,3.425737533568755,,ishares_xcb,evaluated,1663000.0
2025-06-30,CA44810ZCJ71,Hydro One Inc,H,Utilities,senior,4.91,2028-01-27,2028-01-27,2022-10-27,,104.56,3.0606518748186406,,ishares_xcb,evaluated,2592000.0
2025-06-30,CA44810ZCK45,Hydro One Inc,H,Utilities,senior,3.93,2029-11-30,2029-11-30,2023-01-27,,102.88,3.223828961556938,,ishares_xcb,evaluated,2072000.0
2025-06-30,CA44810ZCL28,Hydro One Inc,H,Utilities,senior,4.16,2033-01-27,2033-01-27,2023-01-27,,102.17,3.8290953862712964,,ishares_xcb,evaluated,1725000.0
2025-06-30,CA44810ZCR97,Hydro One Inc,H,Utilities,senior,4.39,2034-03-01,2034-03-01,2024-01-12,,103.21,3.9469550674856233,,ishares_xcb,evaluated,2140000.0
2025-06-30,CA44810ZCS70,Hydro One Inc,H,Utilities,senior,4.25,2035-01-04,2035-01-04,2024-08-20,,101.43,4.0692995116277775,,ishares_xcb,evaluated,3579000.0
2025-06-30,CA448810AC58,Hydro One Inc,H,Utilities,senior,7.35,2030-06-03,2030-06-03,2000-06-01,,117.22,3.511614291508805,,ishares_xcb,evaluated,1388000.0
2025-06-30,CA63306AHP45,National Bank of Canada,NA,Banks,senior_bail_in,5.22,2028-06-14,2028-06-14,2023-06-14,,105.3,3.3220604644324316,,ishares_xcb,evaluated,6645000.0
2025-06-30,CA63306AHT66,National Bank of Canada,NA,Banks,senior_bail_in,5.02,2029-02-01,2029-02-01,2023-12-07,,105.34,3.4298489943150545,,ishares_xcb,evaluated,5650000.0
2025-06-30,CA63306AJB31,National Bank of Canada,NA,Banks,senior_bail_in,3.64,2027-10-07,2026-10-07,2024-10-07,,100.6,3.149812398112411,,ishares_xcb,evaluated,3190000.0
2025-06-30,CA63306AJM95,National Bank of Canada,NA,Banks,senior_bail_in,3.31,2028-08-15,2027-08-15,2025-06-04,,100.07,3.279384751955442,,ishares_xcb,evaluated,2540000.0
2025-06-30,CA70632ZAK71,Pembina Pipeline,PPL,Pipelines,senior,4.02,2028-03-27,2028-03-27,2018-03-26,,101.37,3.486770556868552,,ishares_xcb,evaluated,2562000.0
2025-06-30,CA70632ZAM38,Pembina Pipeline,PPL,Pipelines,senior,3.62,2029-04-03,2029-04-03,2019-04-03,,99.98,3.623890321123996,,ishares_xcb,evaluated,2593000.0
2025-06-30,CA70632ZAQ42,Pembina Pipeline,PPL,Pipelines,senior,3.31,2030-02-01,2030-02-01,2019-09-12,,98.24,3.7330690349806983,,ishares_xcb,evaluated,1990000.0
2025-06-30,CA70632ZAS08,Pembina Pipeline,PPL,Pipelines,senior,3.53,2031-12-10,2031-12-10,2021-12-10,,96.65,4.126846443094758,,ishares_xcb,evaluated,1917000.0
2025-06-30,CA70632ZAV37,Pembina Pipeline,PPL,Pipelines,senior,5.02,2032-01-12,2032-01-12,2024-01-12,,104.53,4.222451463182806,,ishares_xcb,stale,3010000.0
2025-06-30,CA70632ZAW10,Pembina Pipeline,PPL,Pipelines,senior,5.21,2034-01-12,2034-01-12,2024-01-12,,104.94,4.508760105297909,,ishares_xcb,evaluated,2160000.0
2025-06-30,CA70632ZAY75,Pembina Pipeline,PPL,Pipelines,senior,5.22,2033-06-28,2033-06-28,2024-06-28,,105.19,4.441574840779335,,ishares_xcb,evaluated,2315000.0
2025-06-30,CA775109BJ98,Rogers Communications,RCI,Telecom,senior,3.25,2029-05-01,2029-05-01,2019-04-30,,98.62,3.636458215449992,,ishares_xcb,evaluated,3784000.0
2025-06-30,CA775109BT70,Rogers Communications,RCI,Telecom,senior,3.75,2029-04-15,2029-04-15,2022-03-11,,100.35,3.6485600413066246,,ishares_xcb,evaluated,3951000.0
2025-06-30,CA775109BV27,Rogers Communications,RCI,Telecom,senior,4.25,2032-04-15,2032-04-15,2022-03-11,,100.31,4.195747874632078,,ishares_xcb,evaluated,3692000.0
2025-06-30,CA775109CP40,Rogers Communications,RCI,Telecom,senior,4.4,2028-11-02,2028-11-02,2023-04-03,,102.61,3.560956843060692,,ishares_xcb,evaluated,1858000.0
2025-06-30,CA775109CQ23,Rogers Communications,RCI,Telecom,senior,3.3,2029-12-10,2029-12-10,2019-12-09,,98.16,3.752774030940679,,ishares_xcb,evaluated,1914000.0
2025-06-30,CA775109CS88,Rogers Communications,RCI,Telecom,senior,2.9,2030-12-09,2030-12-09,2020-04-22,,95.76,3.768576139266299,,ishares_xcb,evaluated,1806000.0
2025-06-30,CA775109CV18,Rogers Communications,RCI,Telecom,senior,5.7,2028-09-21,2028-09-21,2023-09-21,,106.46,3.5561317375779335,,ishares_xcb,evaluated,3515000.0
2025-06-30,CA775109CW90,Rogers Communications,RCI,Telecom,senior,5.8,2030-09-21,2030-09-21,2023-09-21,,108.71,3.9353552999508206,,ishares_xcb,evaluated,1975000.0
2025-06-30,CA775109DA61,Rogers Communications,RCI,Telecom,senior,5.9,2033-09-21,2033-09-21,2023-09-21,,109.71,4.472940352520281,,ishares_xcb,evaluated,3530000.0
2025-06-30,CA779926DJ08,Royal Bank of Canada,RY,Banks,senior_bail_in,4.0,2030-10-17,2029-10-17,2024-10-17,,101.68,3.5732064713253395,,ishares_xcb,evaluated,5543000.0
2025-06-30,CA779926FY56,Royal Bank of Canada,RY,Banks,senior_bail_in,3.63,2028-12-10,2027-12-10,2024-12-10,,100.82,3.2774669934627174,,ishares_xcb,evaluated,7445000.0
2025-06-30,CA779926QY38,Royal Bank of Canada,RY,Banks,senior_bail_in,3.41,2029-06-12,2028-06-12,2025-06-10,,100.11,3.3699079164339127,,ishares_xcb,evaluated,6895000.0
2025-06-30,CA780086TY05,Royal Bank of Canada,RY,Banks,senior_bail_in,1.83,2028-07-31,2028-07-31,2021-07-29,,96.83,2.9134770286523883,,ishares_xcb,evaluated,3572000.0
2025-06-30,CA780086VK72,Royal Bank of Canada,RY,Banks,senior_bail_in,4.61,2027-07-26,2027-07-26,2022-07-25,,102.93,3.14515937243418,,ishares_xcb,evaluated,7740000.0
2025-06-30,CA780086WG51,Royal Bank of Canada,RY,Banks,senior_bail_in,4.64,2028-01-17,2028-01-17,2023-01-17,,103.48,3.212536926582979,,ishares_xcb,evaluated,7066000.0
2025-06-30,CA780086XL38,Royal Bank of Canada,RY,Banks,senior_bail_in,4.63,2028-05-01,2028-05-01,2023-04-20,,103.62,3.279435068809602,,ishares_xcb,evaluated,9035000.0
2025-06-30,CA780086ZH08,Royal Bank of Canada,RY,Banks,senior_bail_in,5.23,2030-06-24,2030-06-24,2023-06-23,,107.5,3.573500554969886,,ishares_xcb,stale,4837000.0
2025-06-30,CA87971MBG74,TELUS,TU,Telecom,senior,3.63,2028-03-01,2028-03-01,2018-03-01,,100.72,3.340802795777007,,ishares_xcb,evaluated,2394000.0
2025-06-30,CA87971MBJ14,TELUS,TU,Telecom,senior,3.3,2029-05-02,2029-05-02,2019-04-03,,99.17,3.5309451746518428,,ishares_xcb,evaluated,3628000.0
2025-06-30,CA87971MBN26,TELUS,TU,Telecom,senior,3.15,2030-02-19,2030-02-19,2019-12-16,,97.55,3.731691442817753,,ishares_xcb,evaluated,2107000.0
2025-06-30,CA87971MBQ56,TELUS,TU,Telecom,senior,2.35,2028-01-27,2028-01-27,2020-05-29,,97.79,3.254679527560743,,ishares_xcb,evaluated,2037000.0
2025-06-30,CA87971MBS13,TELUS,TU,Telecom,senior,2.05,2030-10-07,2030-10-07,2020-10-05,,92.19,3.693583589975158,,ishares_xcb,evaluated,1874000.0
2025-06-30,CA87971MBV42,TELUS,TU,Telecom,senior,2.85,2031-11-13,2031-11-13,2021-06-28,,93.9,3.9412415283990634,,ishares_xcb,evaluated,2720000.0
2025-06-30,CA87971MBX08,TELUS,TU,Telecom,senior,5.25,2032-11-15,2032-11-15,2022-09-13,,105.96,4.296794833935323,,ishares_xcb,evaluated,4041000.0
2025-06-30,CA87971MBZ55,TELUS,TU,Telecom,senior,5.0,2029-09-13,2029-09-13,2022-09-13,,104.88,3.7303746598497654,,ishares_xcb,evaluated,1619000.0
2025-06-30,CA87971MCA95,TELUS,TU,Telecom,senior,4.95,2033-03-28,2033-03-28,2023-03-28,,103.93,4.344347957045682,,ishares_xcb,evaluated,1648000.0
2025-06-30,CA87971MCB78,TELUS,TU,Telecom,senior,5.6,2030-09-09,2030-09-09,2023-09-08,,107.91,3.898247620749076,,ishares_xcb,evaluated,1760000.0
2025-06-30,CA87971MCC51,TELUS,TU,Telecom,senior,5.75,2033-09-08,2033-09-08,2023-09-08,,108.91,4.4373460497358055,,ishares_xcb,evaluated,3180000.0
2025-06-30,CA87971MCE18,TELUS,TU,Telecom,senior,4.8,2028-12-15,2028-12-15,2024-02-15,,104.17,3.5086377125696933,,ishares_xcb,stale,2436000.0
2025-06-30,CA87971MCF82,TELUS,TU,Telecom,senior,4.95,2031-02-18,2031-02-18,2024-02-15,,104.63,4.025478808159104,,ishares_xcb,evaluated,2133000.0
2025-06-30,CA87971MCG65,TELUS,TU,Telecom,senior,5.1,2034-02-15,2034-02-15,2024-02-15,,104.42,4.478139386856059,,ishares_xcb,evaluated,2070000.0
2025-06-30,CA87971MCH49,TELUS,TU,Telecom,senior,4.65,2031-08-13,2031-08-13,2024-08-13,,103.05,4.083735011870577,,ishares_xcb,evaluated,2935000.0
2025-06-30,CA89116CDM60,Toronto-Dominion Bank,TD,Banks,senior_bail_in,4.23,2029-04-02,2029-04-02,2024-03-20,,103.6,3.203288735652956,,ishares_xcb,evaluated,3850000.0
2025-06-30,CA89116CQ341,Toronto-Dominion Bank,TD,Banks,senior_bail_in,3.84,2031-05-29,2030-05-29,2025-05-29,,100.56,3.713068440809674,,ishares_xcb,evaluated,6300000.0
2025-06-30,CA89116CST58,Toronto-Dominion Bank,TD,Banks,senior_bail_in,4.0,2030-10-31,2029-10-31,2024-10-31,,101.61,3.593183929089135,,ishares_xcb,evaluated,5383000.0
2025-06-30,CA89116CWY97,Toronto-Dominion Bank,TD,Banks,senior_bail_in,4.13,2033-01-09,2032-01-09,2025-01-09,,100.83,3.986937352741245,,ishares_xcb,evaluated,7635000.0
2025-06-30,CA89117F7H69,Toronto-Dominion Bank,TD,Banks,senior_bail_in,5.38,2027-10-21,2027-10-21,2022-10-21,,104.72,3.2381400635552273,,ishares_xcb,evaluated,7475000.0
2025-06-30,CA89117FA338,Toronto-Dominion Bank,TD,Banks,senior_bail_in,1.89,2028-03-08,2028-03-08,2021-03-08,,97.11,3.0139470826073844,,ishares_xcb,evaluated,5120000.0
2025-06-30,CA89117FJ347,Toronto-Dominion Bank,TD,Banks,senior_bail_in,1.9,2028-09-11,2028-09-11,2021-09-10,,96.48,3.061591140540247,,ishares_xcb,evaluated,4466000.0
2025-06-30,CA89117GRJ80,Toronto-Dominion Bank,TD,Banks,senior_bail_in,4.68,2029-01-08,2029-01-08,2022-12-07,,104.11,3.4363856838901765,,ishares_xcb,evaluated,9190000.0
2025-06-30,CA89117GTQ06,Toronto-Dominion Bank,TD,Banks,senior_bail_in,4.48,2028-01-18,2028-01-18,2023-01-18,,102.98,3.2586888985420734,,ishares_xcb,evaluated,7771000.0
2025-06-30,CA89117GX510,Toronto-Dominion Bank,TD,Banks,senior_bail_in,5.49,2028-09-08,2028-09-08,2023-09-08,,106.35,3.3675521371546333,,ishares_xcb,evaluated,5670000.0
2025-06-30,CA89353ZBA53,TransCanada PipeLines,TRP,Pipelines,senior,6.89,2028-08-07,2028-08-07,1997-07-30,,108.4,3.992414485837629,,ishares_xcb,evaluated,732000.0
2025-06-30,CA89353ZBE75,TransCanada PipeLines,TRP,Pipelines,senior,6.28,2028-05-26,2028-05-26,1998-05-26,,106.35,3.941517192063973,,ishares_xcb,evaluated,803000.0
2025-06-30,CA89353ZBK36,TransCanada PipeLines,TRP,Pipelines,senior,6.5,2030-12-09,2030-12-09,1998-12-07,,109.13,4.58447262675668,,ishares_xcb,evaluated,775000.0
2025-06-30,CA89353ZCA45,TransCanada PipeLines,TRP,Pipelines,senior,3.39,2028-03-15,2028-03-15,2017-09-15,,100.07,3.3582622910442237,,ishares_xcb,evaluated,2372000.0
2025-06-30,CA89353ZCE66,TransCanada PipeLines,TRP,Pipelines,senior,3.0,2029-09-18,2029-09-18,2019-09-18,,98.09,3.488337238755829,,ishares_xcb,evaluated,3051000.0
2025-06-30,CA89353ZCH97,TransCanada PipeLines,TRP,Pipelines,senior,2.97,2031-06-09,2031-06-09,2021-06-09,,95.47,3.829191296214709,,ishares_xcb,evaluated,1968000.0
2025-06-30,CA89353ZCK27,TransCanada PipeLines,TRP,Pipelines,senior,5.33,2032-05-12,2032-05-12,2022-05-12,,106.74,4.188493382283321,,ishares_xcb,evaluated,2903000.0
2025-06-30,CA89353ZCN65,TransCanada PipeLines,TRP,Pipelines,senior,5.28,2030-07-15,2030-07-15,2023-03-10,,106.58,3.8360641694516646,,ishares_xcb,evaluated,5081000.0
2025-06-30,CA89353ZCQ96,TransCanada PipeLines,TRP,Pipelines,senior,4.58,2035-02-20,2035-02-20,2025-02-20,,100.28,4.544880677587453,,ishares_xcb,evaluated,3805000.0
2025-07-31,CA06368L5G77,Bank of Montreal,BMO,Banks,senior_bail_in,4.42,2029-07-17,2029-07-17,2024-07-17,,103.08,3.5785202252492523,,ishares_xcb,evaluated,7540000.0
2025-07-31,CA06368LB887,Bank of Montreal,BMO,Banks,senior_bail_in,4.54,2028-12-18,2028-12-18,2023-12-18,,103.36,3.4769280723477993,,ishares_xcb,evaluated,7915000.0
2025-07-31,CA06368LEY89,Bank of Montreal,BMO,Banks,senior_bail_in,4.71,2027-12-07,2027-12-07,2022-12-07,,103.05,3.3482773608908847,,ishares_xcb,evaluated,9123000.0
2025-07-31,CA06368LNK84,Bank of Montreal,BMO,Banks,senior_bail_in,5.04,2028-05-29,2028-05-29,2023-05-29,,104.3,3.427607322690502,,ishares_xcb,evaluated,6999000.0
2025-07-31,CA06368MRF37,Bank of Montreal,BMO,Banks,senior_bail_in,3.73,2031-06-03,2030-06-03,2025-06-03,,99.76,3.78348520323422,,ishares_xcb,evaluated,6435000.0
2025-07-31,CA06415E4E25,Bank of Nova Scotia,BNS,Banks,senior_bail_in,1.4,2027-11-01,2027-11-01,2020-10-15,,96.75,2.8988524766471544,,ishares_xcb,evaluated,6099000.0
2025-07-31,CA064164QM14,Bank of Nova Scotia,BNS,Banks,senior_bail_in,4.68,2029-02-01,2029-02-01,2024-02-01,,103.92,3.4872398174244923,,ishares_xcb,evaluated,7071000.0
2025-07-31,CA06418MM430,Bank of Nova Scotia,BNS,Banks,senior_bail_in,3.84,2030-09-26,2029-09-26,2024-09-26,,100.72,3.6478532445538296,,ishares_xcb,evaluated,4575000.0
2025-07-31,CA06418MX742,Bank of Nova Scotia,BNS,Banks,senior_bail_in,3.81,2028-11-15,2027-11-15,2024-10-18,,100.99,3.352654327780248,,ishares_xcb,evaluated,6690000.0
2025-07-31,CA06418YXB96,Bank of Nova Scotia,BNS,Banks,senior_bail_in,3.73,2031-06-27,2030-06-27,2025-03-27,,99.73,3.790006383862309,,ishares_xcb,evaluated,9000000.0
2025-07-31,CA07813ZAC82,Bell Canada,BCE,Telecom,senior,6.55,2029-05-01,2029-05-01,1999-07-19,,108.85,3.98159312411688,,ishares_xcb,stale,632000.0
2025-07-31,CA07813ZAL81,Bell Canada,BCE,Telecom,senior,7.85,2031-04-02,2031-04-02,2001-04-02,,116.56,4.50552871923032,,ishares_xcb,evaluated,1045000.0
2025-07-31,CA07813ZAP95,Bell Canada,BCE,Telecom,senior,7.3,2032-02-23,2032-02-23,2002-02-22,,115.27,4.583522777282204,,ishares_xcb,evaluated,1291000.0
2025-07-31,CA07813ZAT18,Bell Canada,BCE,Telecom,senior,6.1,2035-03-16,2035-03-16,2004-03-16,,110.6,4.714292796326058,,ishares_xcb,evaluated,1663000.0
2025-07-31,CA07813ZBL72,Bell Canada,BCE,Telecom,senior,6.17,2037-02-26,2037-02-26,2007-02-26,,111.52,4.858745579221013,,ishares_xcb,evaluated,1063000.0
2025-07-31,CA07813ZCC64,Bell Canada,BCE,Telecom,senior,2.9,2029-09-10,2029-09-10,2019-09-10,,97.25,3.622908927752899,,ishares_xcb,evaluated,2386000.0
2025-07-31,CA07813ZCE21,Bell Canada,BCE,Telecom,senior,2.5,2030-05-14,2030-05-14,2020-05-14,,94.91,3.667179525334336,,ishares_xcb,evaluated,3742000.0
2025-07-31,CA07813ZCF95,Bell Canada,BCE,Telecom,senior,1.65,2027-08-16,2027-08-16,2020-08-14,,97.36,2.9939100427609824,,ishares_xcb,evaluated,2722000.0
2025-07-31,CA07813ZCG78,Bell Canada,BCE,Telecom,senior,3.0,2031-03-17,2031-03-17,2021-03-17,,95.21,3.954928375927777,,ishares_xcb,evaluated,3888000.0
2025-07-31,CA07813ZCJ18,Bell Canada,BCE,Telecom,senior,2.2,2028-05-29,2028-05-29,2021-05-28,,97.42,3.1587043490273476,,ishares_xcb,evaluated,1623000.0
2025-07-31,CA07813ZCK80,Bell Canada,BCE,Telecom,senior,5.85,2032-11-10,2032-11-10,2022-11-10,,109.27,4.347374590350225,,ishares_xcb,evaluated,4990000.0
2025-07-31,CA07813ZCL63,Bell Canada,BCE,Telecom,senior,4.55,2030-02-09,2030-02-09,2023-02-09,,103.04,3.8161738206444715,,ishares_xcb,evaluated,3811000.0
2025-07-31,CA07813ZCQ50,Bell Canada,BCE,Telecom,senior,5.25,2029-03-15,2029-03-15,2023-11-14,,105.34,3.6575394234221785,,ishares_xcb,evaluated,2640000.0
2025-07-31,CA07813ZCR34,Bell Canada,BCE,Telecom,senior,5.15,2034-08-24,2034-08-24,2024-05-24,,104.45,4.547611389446013,,ishares_xcb,evaluated,4360000.0
2025-07-31,CA078149DW82,Bell Canada,BCE,Telecom,senior,7.0,2027-09-24,2027-09-24,1997-09-24,,106.72,3.7054741277353482,,ishares_xcb,evaluated,160000.0
2025-07-31,CA11291ZAE75,Brookfield Infrastructure Finance,BIP,Utilities,senior,4.19,2028-09-11,2028-09-11,2018-09-10,,101.86,3.5481829410492542,,ishares_xcb,evaluated,2941000.0
2025-07-31,CA11291ZAF41,Brookfield Infrastructure Finance,BIP,Utilities,senior,3.41,2029-10-09,2029-10-09,2019-10-03,,98.89,3.696610205151389,,ishares_xcb,evaluated,2703000.0
2025-07-31,CA11291ZAG24,Brookfield Infrastructure Finance,BIP,Utilities,senior,2.86,2032-09-01,2032-09-01,2020-09-01,,91.44,4.2706344693695275,,ishares_xcb,evaluated,1805000.0
2025-07-31,CA11291ZAH07,Brookfield Infrastructure Finance,BIP,Utilities,senior,5.44,2034-04-25,2034-04-25,2022-04-25,,106.09,4.5844280061087614,,ishares_xcb,evaluated,1500000.0
2025-07-31,CA11291ZAK36,Brookfield Infrastructure Finance,BIP,Utilities,senior,5.62,2027-11-14,2027-11-14,2022-11-14,,104.69,3.463059826226935,,ishares_xcb,evaluated,1615000.0
2025-07-31,CA11291ZAL19,Brookfield Infrastructure Finance,BIP,Utilities,senior,5.98,2033-02-14,2033-02-14,2022-11-14,,109.65,4.461719379003489,,ishares_xcb,evaluated,914000.0
2025-07-31,CA11291ZAM91,Brookfield Infrastructure Finance,BIP,Utilities,senior,5.71,2030-07-27,2030-07-27,2023-07-27,,107.67,3.9986974395664108,,ishares_xcb,evaluated,1791000.0
2025-07-31,CA13607H5C22,Canadian Imperial Bank of Commerce,CM,Banks,senior_bail_in,5.05,2027-10-07,2027-10-07,2022-10-07,,103.58,3.333733944251338,,ishares_xcb,evaluated,6500000.0
2025-07-31,CA13607L4C41,Canadian Imperial Bank of Commerce,CM,Banks,senior_bail_in,3.65,2028-12-10,2027-12-10,2024-12-10,,100.63,3.3681567698113417,,ishares_xcb,evaluated,4640000.0
2025-07-31,CA13607LF997,Canadian Imperial Bank of Commerce,CM,Banks,senior_bail_in,3.8,2030-12-10,2029-12-10,2024-12-10,,100.49,3.6761246545859207,,ishares_xcb,evaluated,6735000.0
2025-07-31,CA13607LPY34,Canadian Imperial Bank of Commerce,CM,Banks,senior_bail_in,5.5,2028-01-14,2028-01-14,2023-07-14,,104.94,3.3833822950599646,,ishares_xcb,evaluated,4940000.0
2025-07-31,CA13607P5X87,Canadian Imperial Bank of Commerce,CM,Banks,senior_bail_in,3.9,2031-06-20,2030-06-20,2025-06-20,,100.49,3.7882545861658428,,ishares_xcb,evaluated,4460000.0
2025-07-31,CA29251ZAD92,Enbridge Inc,ENB,Pipelines,senior,7.22,2030-07-24,2030-07-24,2000-07-24,,113.42,4.205062845498496,,ishares_xcb,evaluated,806000.0
2025-07-31,CA29251ZAK36,Enbridge Inc,ENB,Pipelines,senior,7.2,2032-06-18,2032-06-18,2001-06-18,,114.61,4.689963533626308,,ishares_xcb,evaluated,1060000.0
2025-07-31,CA29251ZAQ06,Enbridge Inc,ENB,Pipelines,senior,5.57,2035-11-14,2035-11-14,2005-11-14,,106.22,4.794803776563076,,ishares_xcb,evaluated,394000.0
2025-07-31,CA29251ZBS52,Enbridge Inc,ENB,Pipelines,senior,2.99,2029-10-03,2029-10-03,2019-10-03,,97.81,3.5576600485718126,,ishares_xcb,stale,3515000.0
2025-07-31,CA29251ZBU09,Enbridge Inc,ENB,Pipelines,senior,3.1,2033-09-21,2033-09-21,2021-09-21,,91.79,4.304297075199802,,ishares_xcb,evaluated,3901000.0
2025-07-31,CA29251ZBW64,Enbridge Inc,ENB,Pipelines,senior,6.1,2032-11-09,2032-11-09,2022-11-09,,111.0,4.31864967677467,,ishares_xcb,evaluated,2940000.0
2025-07-31,CA29251ZBY21,Enbridge Inc,ENB,Pipelines,senior,5.7,2027-11-09,2027-11-09,2022-11-09,,104.9,3.4343307144366815,,ishares_xcb,evaluated,2091000.0
2025-07-31,CA29251ZBZ95,Enbridge Inc,ENB,Pipelines,senior,5.36,2033-05-26,2033-05-26,2023-05-26,,106.43,4.377950517373795,,ishares_xcb,evaluated,1465000.0
2025-07-31,CA29251ZCA36,Enbridge Inc,ENB,Pipelines,senior,4.9,2028-05-26,2028-05-26,2023-05-26,,103.81,3.4659598072490154,,ishares_xcb,evaluated,1980000.0
2025-07-31,CA29251ZCC91,Enbridge Inc,ENB,Pipelines,senior,4.21,2030-02-22,2030-02-22,2024-08-22,,101.81,3.777395634163046,,ishares_xcb,evaluated,2365000.0
2025-07-31,CA29251ZCD74,Enbridge Inc,ENB,Pipelines,senior,4.73,2034-08-22,2034-08-22,2024-08-22,,101.62,4.512127355156529,,ishares_xcb,evaluated,3128000.0
2025-07-31,CA29251ZCF23,Enbridge Inc,ENB,Pipelines,senior,3.55,2028-02-25,2028-02-25,2025-02-25,,100.29,3.4355135251334774,,ishares_xcb,evaluated,1403000.0
2025-07-31,CA29251ZCG06,Enbridge Inc,ENB,Pipelines,senior,3.9,2030-02-25,2030-02-25,2025-02-25,,100.52,3.7778143334728944,,ishares_xcb,evaluated,2330000.0
2025-07-31,CA29251ZCH88,Enbridge Inc,ENB,Pipelines,senior,4.56,2035-02-25,2035-02-25,2025-02-25,,99.7,4.600812707314318,,ishares_xcb,evaluated,3750000.0
2025-07-31,CA349553AP21,Fortis Inc,FTS,Utilities,senior,2.18,2028-05-15,2028-05-15,2021-05-14,,97.5,3.120159539993776,,ishares_xcb,evaluated,1786000.0
2025-07-31,CA349553AQ04,Fortis Inc,FTS,Utilities,senior,4.43,2029-05-31,2029-05-31,2022-05-31,,102.61,3.691723477974309,,ishares_xcb,evaluated,1930000.0
2025-07-31,CA349553AR86,Fortis Inc,FTS,Utilities,senior,5.68,2033-11-08,2033-11-08,2023-11-08,,108.74,4.405087185862398,,ishares_xcb,evaluated,1885000.0
2025-07-31,CA349553AS69,Fortis Inc,FTS,Utilities,senior,4.17,2031-09-09,2031-09-09,2024-09-09,,101.02,3.977128907181487,,ishares_xcb,evaluated,2135000.0
2025-07-31,CA349553AT43,Fortis Inc,FTS,Utilities,senior,4.09,2032-03-26,2032-03-26,2025-03-26,,99.94,4.097614061296779,,ishares_xcb,evaluated,2225000.0
2025-07-31,CA44810ZAB63,Hydro One Inc,H,Utilities,senior,6.93,2032-06-01,2032-06-01,2001-06-22,,117.12,4.037316482593752,,ishares_xcb,evaluated,1710000.0
2025-07-31,CA44810ZAD20,Hydro One Inc,H,Utilities,senior,6.35,2034-01-31,2034-01-31,2003-01-31,,115.13,4.213751711254344,,ishares_xcb,evaluated,1224000.0
2025-07-31,CA44810ZAP59,Hydro One Inc,H,Utilities,senior,5.36,2036-05-20,2036-05-20,2005-05-19,,108.68,4.343096980231962,,ishares_xcb,evaluated,3196000.0
2025-07-31,CA44810ZAS98,Hydro One Inc,H,Utilities,senior,4.89,2037-03-13,2037-03-13,2007-03-13,,103.65,4.481343011480682,,ishares_xcb,evaluated,1405000.0
2025-07-31,CA44810ZBZ23,Hydro One Inc,H,Utilities,senior,3.02,2029-04-05,2029-04-05,2019-04-05,,99.29,3.224563433891507,,ishares_xcb,evaluated,2240000.0
2025-07-31,CA44810ZCC29,Hydro One Inc,H,Utilities,senior,2.16,2030-02-28,2030-02-28,2020-02-28,,95.27,3.2828812926844195,,ishares_xcb,evaluated,1536000.0
2025-07-31,CA44810ZCF59,Hydro One Inc,H,Utilities,senior,1.69,2031-01-16,2031-01-16,2020-10-09,,91.66,3.375356082490372,,ishares_xcb,evaluated,1494000.0
2025-07-31,CA44810ZCG33,Hydro One Inc,H,Utilities,senior,2.23,2031-09-17,2031-09-17,2021-09-17,,93.1,3.4883394581533294,,ishares_xcb,evaluated,1963000.0
2025-07-31,CA44810ZCJ71,Hydro One Inc,H,Utilities,senior,4.91,2028-01-27,2028-01-27,2022-10-27,,104.23,3.129942502188022,,ishares_xcb,evaluated,2802000.0
2025-07-31,CA44810ZCK45,Hydro One Inc,H,Utilities,senior,3.93,2029-11-30,2029-11-30,2023-01-27,,102.55,3.291257532046496,,ishares_xcb,evaluated,2142000.0
2025-07-31,CA44810ZCL28,Hydro One Inc,H,Utilities,senior,4.16,2033-01-27,2033-01-27,2023-01-27,,101.69,3.897505667092469,,ishares_xcb,evaluated,2215000.0
2025-07-31,CA44810ZCR97,Hydro One Inc,H,Utilities,senior,4.39,2034-03-01,2034-03-01,2024-01-12,,102.45,4.046883303907662,,ishares_xcb,evaluated,2145000.0
2025-07-31,CA44810ZCS70,Hydro One Inc,H,Utilities,senior,4.25,2035-01-04,2035-01-04,2024-08-20,,100.6,4.171678088026399,,ishares_xcb,evaluated,3954000.0
2025-07-31,CA448810AC58,Hydro One Inc,H,Utilities,senior,7.35,2030-06-03,2030-06-03,2000-06-01,,116.33,3.638441227160604,,ishares_xcb,evaluated,1388000.0
2025-07-31,CA63306AHP45,National Bank of Canada,NA,Banks,senior_bail_in,5.22,2028-06-14,2028-06-14,2023-06-14,,104.97,3.3869021440398073,,ishares_xcb,evaluated,6645000.0
2025-07-31,CA63306AHT66,National Bank of Canada,NA,Banks,senior_bail_in,5.02,2029-02-01,2029-02-01,2023-12-07,,105.04,3.485270858984017,,ishares_xcb,evaluated,5565000.0
2025-07-31,CA63306AJB31,National Bank of Canada,NA,Banks,senior_bail_in,3.64,2027-10-07,2026-10-07,2024-10-07,,100.45,3.2444108573922894,,ishares_xcb,evaluated,3190000.0
2025-07-31,CA63306AJF45,National Bank of Canada,NA,Banks,senior_bail_in,3.52,2029-07-17,2028-07-17,2025-07-17,,100.19,3.4511951603133175,,ishares_xcb,evaluated,3745000.0
2025-07-31,CA63306AJM95,National Bank of Canada,NA,Banks,senior_bail_in,3.31,2028-08-15,2027-08-15,2025-06-04,,99.91,3.3618235576585858,,ishares_xcb,evaluated,3925000.0
2025-07-31,CA70632ZAK71,Pembina Pipeline,PPL,Pipelines,senior,4.02,2028-03-27,2028-03-27,2018-03-26,,101.32,3.4896212986915245,,ishares_xcb,evaluated,2562000.0
2025-07-31,CA70632ZAM38,Pembina Pipeline,PPL,Pipelines,senior,3.62,2029-04-03,2029-04-03,2019-04-03,,99.93,3.638488406491638,,ishares_xcb,evaluated,2768000.0
2025-07-31,CA70632ZAQ42,Pembina Pipeline,PPL,Pipelines,senior,3.31,2030-02-01,2030-02-01,2019-09-12,,98.18,3.756390664827797,,ishares_xcb,evaluated,2110000.0
2025-07-31,CA70632ZAS08,Pembina Pipeline,PPL,Pipelines,senior,3.53,2031-12-10,2031-12-10,2021-12-10,,96.51,4.1592116243400366,,ishares_xcb,evaluated,2092000.0
2025-07-31,CA70632ZAV37,Pembina Pipeline,PPL,Pipelines,senior,5.02,2032-01-12,2032-01-12,2024-01-12,,104.21,4.265508153517048,,ishares_xcb,evaluated,3010000.0
2025-07-31,CA70632ZAW10,Pembina Pipeline,PPL,Pipelines,senior,5.21,2034-01-12,2034-01-12,2024-01-12,,104.69,4.534846879722309,,ishares_xcb,evaluated,2445000.0
2025-07-31,CA70632ZAY75,Pembina Pipeline,PPL,Pipelines,senior,5.22,2033-06-28,2033-06-28,2024-06-28,,104.9,4.476702103838388,,ishares_xcb,evaluated,2315000.0
2025-07-31,CA775109BJ98,Rogers Communications,RCI,Telecom,senior,3.25,2029-05-01,2029-05-01,2019-04-30,,98.61,3.6467278379081316,,ishares_xcb,evaluated,1755000.0
2025-07-31,CA775109BT70,Rogers Communications,RCI,Telecom,senior,3.75,2029-04-15,2029-04-15,2022-03-11,,100.3,3.660658523532577,,ishares_xcb,evaluated,4121000.0
2025-07-31,CA775109BV27,Rogers Communications,RCI,Telecom,senior,4.25,2032-04-15,2032-04-15,2022-03-11,,99.98,4.251930696931712,,ishares_xcb,evaluated,4162000.0
2025-07-31,CA775109CP40,Rogers Communications,RCI,Telecom,senior,4.4,2028-11-02,2028-11-02,2023-04-03,,102.42,3.601025654594629,,ishares_xcb,evaluated,1858000.0
2025-07-31,CA775109CV18,Rogers Communications,RCI,Telecom,senior,5.7,2028-09-21,2028-09-21,2023-09-21,,106.23,3.5780882214817726,,ishares_xcb,evaluated,3725000.0
2025-07-31,CA775109CW90,Rogers Communications,RCI,Telecom,senior,5.8,2030-09-21,2030-09-21,2023-09-21,,108.36,3.9808387077111993,,ishares_xcb,evaluated,1975000.0
2025-07-31,CA775109DA61,Rogers Communications,RCI,Telecom,senior,5.9,2033-09-21,2033-09-21,2023-09-21,,109.58,4.479180533947989,,ishares_xcb,evaluated,3740000.0
2025-07-31,CA779926DJ08,Royal Bank of Canada,RY,Banks,senior_bail_in,4.0,2030-10-17,2029-10-17,2024-10-17,,101.42,3.6315233469012997,,ishares_xcb,evaluated,5768000.0
2025-07-31,CA779926FY56,Royal Bank of Canada,RY,Banks,senior_bail_in,3.63,2028-12-10,2027-12-10,2024-12-10,,100.63,3.3482536005565984,,ishares_xcb,evaluated,7795000.0
2025-07-31,CA779926QX54,Royal Bank of Canada,RY,Banks,senior_bail_in,3.98,2031-07-22,2030-07-22,2025-07-22,,100.92,3.7750825364209986,,ishares_xcb,evaluated,7120000.0
2025-07-31,CA779926QY38,Royal Bank of Canada,RY,Banks,senior_bail_in,3.41,2029-06-12,2028-06-12,2025-06-10,,99.94,3.4306487399794,,ishares_xcb,evaluated,7925000.0
2025-07-31,CA780086TY05,Royal Bank of Canada,RY,Banks,senior_bail_in,1.83,2028-07-31,2028-07-31,2021-07-29,,96.76,2.9667597068524945,,ishares_xcb,evaluated,3572000.0
2025-07-31,CA780086WG51,Royal Bank of Canada,RY,Banks,senior_bail_in,4.64,2028-01-17,2028-01-17,2023-01-17,,103.22,3.2669665561093124,,ishares_xcb,evaluated,7496000.0
2025-07-31,CA780086XL38,Royal Bank of Canada,RY,Banks,senior_bail_in,4.63,2028-05-01,2028-05-01,2023-04-20,,103.38,3.3293752876966067,,ishares_xcb,evaluated,9660000.0
2025-07-31,CA780086ZH08,Royal Bank of Canada,RY,Banks,senior_bail_in,5.23,2030-06-24,2030-06-24,2023-06-23,,107.24,3.6034302396737625,,ishares_xcb,evaluated,5102000.0
2025-07-31,CA87971MBG74,TELUS,TU,Telecom,senior,3.63,2028-03-01,2028-03-01,2018-03-01,,100.61,3.3758677332669462,,ishares_xcb,evaluated,2484000.0
2025-07-31,CA87971MBJ14,TELUS,TU,Telecom,senior,3.3,2029-05-02,2029-05-02,2019-04-03,,99.0,3.5840236584959104,,ishares_xcb,evaluated,3628000.0
2025-07-31,CA87971MBN26,TELUS,TU,Telecom,senior,3.15,2030-02-19,2030-02-19,2019-12-16,,97.47,3.762350203809754,,ishares_xcb,evaluated,2117000.0
2025-07-31,CA87971MBQ56,TELUS,TU,Telecom,senior,2.35,2028-01-27,2028-01-27,2020-05-29,,97.77,3.290253123802612,,ishares_xcb,evaluated,2047000.0
2025-07-31,CA87971MBS13,TELUS,TU,Telecom,senior,2.05,2030-10-07,2030-10-07,2020-10-05,,92.25,3.7055677409527976,,ishares_xcb,evaluated,1965000.0
2025-07-31,CA87971MBV42,TELUS,TU,Telecom,senior,2.85,2031-11-13,2031-11-13,2021-06-28,,93.66,3.99923989712238,,ishares_xcb,evaluated,2720000.0
2025-07-31,CA87971MBX08,TELUS,TU,Telecom,senior,5.25,2032-11-15,2032-11-15,2022-09-13,,105.78,4.314976934211743,,ishares_xcb,evaluated,4341000.0
2025-07-31,CA87971MBZ55,TELUS,TU,Telecom,senior,5.0,2029-09-13,2029-09-13,2022-09-13,,104.69,3.755312880432346,,ishares_xcb,evaluated,1619000.0
2025-07-31,CA87971MCA95,TELUS,TU,Telecom,senior,4.95,2033-03-28,2033-03-28,2023-03-28,,103.68,4.376349574993869,,ishares_xcb,evaluated,1848000.0
2025-07-31,CA87971MCB78,TELUS,TU,Telecom,senior,5.6,2030-09-09,2030-09-09,2023-09-08,,107.53,3.9527983460772784,,ishares_xcb,evaluated,1770000.0
2025-07-31,CA87971MCC51,TELUS,TU,Telecom,senior,5.75,2033-09-08,2033-09-08,2023-09-08,,108.72,4.453088224809192,,ishares_xcb,evaluated,3190000.0
2025-07-31,CA87971MCE18,TELUS,TU,Telecom,senior,4.8,2028-12-15,2028-12-15,2024-02-15,,104.02,3.524182408716667,,ishares_xcb,evaluated,2646000.0
2025-07-31,CA87971MCF82,TELUS,TU,Telecom,senior,4.95,2031-02-18,2031-02-18,2024-02-15,,104.46,4.047906081853505,,ishares_xcb,evaluated,2133000.0
2025-07-31,CA87971MCG65,TELUS,TU,Telecom,senior,5.1,2034-02-15,2034-02-15,2024-02-15,,104.22,4.501831610024862,,ishares_xcb,evaluated,2170000.0
2025-07-31,CA87971MCH49,TELUS,TU,Telecom,senior,4.65,2031-08-13,2031-08-13,2024-08-13,,102.8,4.12428420517667,,ishares_xcb,evaluated,3260000.0
2025-07-31,CA89116CDM60,Toronto-Dominion Bank,TD,Banks,senior_bail_in,4.23,2029-04-02,2029-04-02,2024-03-20,,103.06,3.335441486809318,,ishares_xcb,evaluated,3850000.0
2025-07-31,CA89116CQ341,Toronto-Dominion Bank,TD,Banks,senior_bail_in,3.84,2031-05-29,2030-05-29,2025-05-29,,100.25,3.7807124563127283,,ishares_xcb,evaluated,8700000.0
2025-07-31,CA89116CST58,Toronto-Dominion Bank,TD,Banks,senior_bail_in,4.0,2030-10-31,2029-10-31,2024-10-31,,101.31,3.6610880925879288,,ishares_xcb,evaluated,5383000.0
2025-07-31,CA89116CWY97,Toronto-Dominion Bank,TD,Banks,senior_bail_in,4.13,2033-01-09,2032-01-09,2025-01-09,,100.54,4.033207446162864,,ishares_xcb,evaluated,7645000.0
2025-07-31,CA89117F7H69,Toronto-Dominion Bank,TD,Banks,senior_bail_in,5.38,2027-10-21,2027-10-21,2022-10-21,,104.45,3.284338789705648,,ishares_xcb,evaluated,8045000.0
2025-07-31,CA89117FA338,Toronto-Dominion Bank,TD,Banks,senior_bail_in,1.89,2028-03-08,2028-03-08,2021-03-08,,97.25,2.9918778131544133,,ishares_xcb,evaluated,5230000.0
2025-07-31,CA89117FJ347,Toronto-Dominion Bank,TD,Banks,senior_bail_in,1.9,2028-09-11,2028-09-11,2021-09-10,,96.59,3.0537590882008807,,ishares_xcb,evaluated,4466000.0
2025-07-31,CA89117GRJ80,Toronto-Dominion Bank,TD,Banks,senior_bail_in,4.68,2029-01-08,2029-01-08,2022-12-07,,103.87,3.474441693858695,,ishares_xcb,evaluated,9455000.0
2025-07-31,CA89117GTQ06,Toronto-Dominion Bank,TD,Banks,senior_bail_in,4.48,2028-01-18,2028-01-18,2023-01-18,,102.76,3.3036826760876616,,ishares_xcb,evaluated,7956000.0
2025-07-31,CA89117GX510,Toronto-Dominion Bank,TD,Banks,senior_bail_in,5.49,2028-09-08,2028-09-08,2023-09-08,,106.06,3.409804577346523,,ishares_xcb,evaluated,5780000.0
2025-07-31,CA89353ZBA53,TransCanada PipeLines,TRP,Pipelines,senior,6.89,2028-08-07,2028-08-07,1997-07-30,,107.86,4.1047550254982035,,ishares_xcb,evaluated,732000.0
2025-07-31,CA89353ZBE75,TransCanada PipeLines,TRP,Pipelines,senior,6.28,2028-05-26,2028-05-26,1998-05-26,,105.87,4.050547356136752,,ishares_xcb,evaluated,803000.0
2025-07-31,CA89353ZBK36,TransCanada PipeLines,TRP,Pipelines,senior,6.5,2030-12-09,2030-12-09,1998-12-07,,108.95,4.59439982489577,,ishares_xcb,evaluated,775000.0
2025-07-31,CA89353ZCA45,TransCanada PipeLines,TRP,Pipelines,senior,3.39,2028-03-15,2028-03-15,2017-09-15,,99.98,3.392759377838936,,ishares_xcb,evaluated,2372000.0
2025-07-31,CA89353ZCE66,TransCanada PipeLines,TRP,Pipelines,senior,3.0,2029-09-18,2029-09-18,2019-09-18,,98.15,3.481421464241035,,ishares_xcb,evaluated,3051000.0
2025-07-31,CA89353ZCH97,TransCanada PipeLines,TRP,Pipelines,senior,2.97,2031-06-09,2031-06-09,2021-06-09,,95.55,3.824360382293753,,ishares_xcb,evaluated,1978000.0
2025-07-31,CA89353ZCK27,TransCanada PipeLines,TRP,Pipelines,senior,5.33,2032-05-12,2032-05-12,2022-05-12,,106.43,4.226891531895816,,ishares_xcb,evaluated,3208000.0
2025-07-31,CA89353ZCN65,TransCanada PipeLines,TRP,Pipelines,senior,5.28,2030-07-15,2030-07-15,2023-03-10,,106.29,3.872211853904765,,ishares_xcb,evaluated,5081000.0
2025-07-31,CA89353ZCQ96,TransCanada PipeLines,TRP,Pipelines,senior,4.58,2035-02-20,2035-02-20,2025-02-20,,100.02,4.579242042786267,,ishares_xcb,evaluated,3815000.0
2025-08-29,CA06368L5G77,Bank of Montreal,BMO,Banks,senior_bail_in,4.42,2029-07-17,2029-07-17,2024-07-17,,103.43,3.466178241166698,,ishares_xcb,evaluated,7730000.0
2025-08-29,CA06368LB887,Bank of Montreal,BMO,Banks,senior_bail_in,4.54,2028-12-18,2028-12-18,2023-12-18,,103.55,3.392628342573577,,ishares_xcb,evaluated,7940000.0
2025-08-29,CA06368LEY89,Bank of Montreal,BMO,Banks,senior_bail_in,4.71,2027-12-07,2027-12-07,2022-12-07,,103.15,3.2575986648907236,,ishares_xcb,evaluated,9298000.0
2025-08-29,CA06368LNK84,Bank of Montreal,BMO,Banks,senior_bail_in,5.04,2028-05-29,2028-05-29,2023-05-29,,104.46,3.3235459068500166,,ishares_xcb,evaluated,7034000.0
2025-08-29,CA06368MRF37,Bank of Montreal,BMO,Banks,senior_bail_in,3.73,2031-06-03,2030-06-03,2025-06-03,,100.14,3.696124847568187,,ishares_xcb,evaluated,6855000.0
2025-08-29,CA06415E4E25,Bank of Nova Scotia,BNS,Banks,senior_bail_in,1.4,2027-11-01,2027-11-01,2020-10-15,,97.08,2.7913990415100476,,ishares_xcb,evaluated,6199000.0
2025-08-29,CA064164QM14,Bank of Nova Scotia,BNS,Banks,senior_bail_in,4.68,2029-02-01,2029-02-01,2024-02-01,,104.09,3.4026971051764754,,ishares_xcb,evaluated,7141000.0
2025-08-29,CA06418MM430,Bank of Nova Scotia,BNS,Banks,senior_bail_in,3.84,2030-09-26,2029-09-26,2024-09-26,,101.08,3.548939480974321,,ishares_xcb,evaluated,4575000.0
2025-08-29,CA06418MX742,Bank of Nova Scotia,BNS,Banks,senior_bail_in,3.81,2028-11-15,2027-11-15,2024-10-18,,101.14,3.265547022720821,,ishares_xcb,evaluated,6690000.0
2025-08-29,CA06418YXB96,Bank of Nova Scotia,BNS,Banks,senior_bail_in,3.73,2031-06-27,2030-06-27,2025-03-27,,100.13,3.69906922176343,,ishares_xcb,evaluated,10400000.0
2025-08-29,CA07813ZAC82,Bell Canada,BCE,Telecom,senior,6.55,2029-05-01,2029-05-01,1999-07-19,,108.97,3.898472744183648,,ishares_xcb,evaluated,632000.0
2025-08-29,CA07813ZAL81,Bell Canada,BCE,Telecom,senior,7.85,2031-04-02,2031-04-02,2001-04-02,,116.77,4.428854556238169,,ishares_xcb,evaluated,1045000.0
2025-08-29,CA07813ZAP95,Bell Canada,BCE,Telecom,senior,7.3,2032-02-23,2032-02-23,2002-02-22,,115.26,4.554868897364193,,ishares_xcb,evaluated,1291000.0
2025-08-29,CA07813ZAT18,Bell Canada,BCE,Telecom,senior,6.1,2035-03-16,2035-03-16,2004-03-16,,110.56,4.710667782031715,,ishares_xcb,evaluated,1663000.0
2025-08-29,CA07813ZBL72,Bell Canada,BCE,Telecom,senior,6.17,2037-02-26,2037-02-26,2007-02-26,,111.68,4.833323537539628,,ishares_xcb,evaluated,1063000.0
2025-08-29,CA07813ZCC64,Bell Canada,BCE,Telecom,senior,2.9,2029-09-10,2029-09-10,2019-09-10,,97.58,3.5461357974290215,,ishares_xcb,evaluated,2386000.0
2025-08-29,CA07813ZCE21,Bell Canada,BCE,Telecom,senior,2.5,2030-05-14,2030-05-14,2020-05-14,,95.51,3.541550015574557,,ishares_xcb,evaluated,3742000.0
2025-08-29,CA07813ZCG78,Bell Canada,BCE,Telecom,senior,3.0,2031-03-17,2031-03-17,2021-03-17,,95.55,3.8966381387621394,,ishares_xcb,evaluated,4018000.0
2025-08-29,CA07813ZCJ18,Bell Canada,BCE,Telecom,senior,2.2,2028-05-29,2028-05-29,2021-05-28,,97.75,3.0567622203951657,,ishares_xcb,evaluated,1623000.0
2025-08-29,CA07813ZCK80,Bell Canada,BCE,Telecom,senior,5.85,2032-11-10,2032-11-10,2022-11-10,,109.47,4.3026256932370295,,ishares_xcb,evaluated,5005000.0
2025-08-29,CA07813ZCL63,Bell Canada,BCE,Telecom,senior,4.55,2030-02-09,2030-02-09,2023-02-09,,103.28,3.7412774393373303,,ishares_xcb,evaluated,3966000.0
2025-08-29,CA07813ZCQ50,Bell Canada,BCE,Telecom,senior,5.25,2029-03-15,2029-03-15,2023-11-14,,105.46,3.5899535067356916,,ishares_xcb,evaluated,2640000.0
2025-08-29,CA07813ZCR34,Bell Canada,BCE,Telecom,senior,5.15,2034-08-24,2034-08-24,2024-05-24,,104.46,4.539873005030769,,ishares_xcb,evaluated,4365000.0
2025-08-29,CA078149DW82,Bell Canada,BCE,Telecom,senior,7.0,2027-09-24,2027-09-24,1997-09-24,,106.59,3.652172363447685,,ishares_xcb,evaluated,160000.0
2025-08-29,CA11291ZAE75,Brookfield Infrastructure Finance,BIP,Utilities,senior,4.19,2028-09-11,2028-09-11,2018-09-10,,102.0,3.4839038019549746,,ishares_xcb,evaluated,2941000.0
2025-08-29,CA11291ZAF41,Brookfield Infrastructure Finance,BIP,Utilities,senior,3.41,2029-10-09,2029-10-09,2019-10-03,,99.21,3.6168301420503,,ishares_xcb,evaluated,2788000.0
2025-08-29,CA11291ZAG24,Brookfield Infrastructure Finance,BIP,Utilities,senior,2.86,2032-09-01,2032-09-01,2020-09-01,,91.95,4.195767237681379,,ishares_xcb,evaluated,1805000.0
2025-08-29,CA11291ZAH07,Brookfield Infrastructure Finance,BIP,Utilities,senior,5.44,2034-04-25,2034-04-25,2022-04-25,,106.34,4.544232292097724,,ishares_xcb,evaluated,1500000.0
2025-08-29,CA11291ZAK36,Brookfield Infrastructure Finance,BIP,Utilities,senior,5.62,2027-11-14,2027-11-14,2022-11-14,,104.66,3.403398727372977,,ishares_xcb,evaluated,1615000.0
2025-08-29,CA11291ZAL19,Brookfield Infrastructure Finance,BIP,Utilities,senior,5.98,2033-02-14,2033-02-14,2022-11-14,,109.86,4.413536762294905,,ishares_xcb,evaluated,944000.0
2025-08-29,CA11291ZAM91,Brookfield Infrastructure Finance,BIP,Utilities,senior,5.71,2030-07-27,2030-07-27,2023-07-27,,107.95,3.9128436543886798,,ishares_xcb,evaluated,1791000.0
2025-08-29,CA13607H5C22,Canadian Imperial Bank of Commerce,CM,Banks,senior_bail_in,5.05,2027-10-07,2027-10-07,2022-10-07,,103.61,3.258506209339755,,ishares_xcb,evaluated,6825000.0
2025-08-29,CA13607L4C41,Canadian Imperial Bank of Commerce,CM,Banks,senior_bail_in,3.65,2028-12-10,2027-12-10,2024-12-10,,100.8,3.280512358597935,,ishares_xcb,evaluated,4640000.0
2025-08-29,CA13607LF997,Canadian Imperial Bank of Commerce,CM,Banks,senior_bail_in,3.8,2030-12-10,2029-12-10,2024-12-10,,100.79,3.5976183652979774,,ishares_xcb,evaluated,6820000.0
2025-08-29,CA13607LPY34,Canadian Imperial Bank of Commerce,CM,Banks,senior_bail_in,5.5,2028-01-14,2028-01-14,2023-07-14,,104.98,3.298370433495722,,ishares_xcb,evaluated,4940000.0
2025-08-29,CA13607P5X87,Canadian Imperial Bank of Commerce,CM,Banks,senior_bail_in,3.9,2031-06-20,2030-06-20,2025-06-20,,100.85,3.7039675560519543,,ishares_xcb,evaluated,4485000.0
2025-08-29,CA29251ZAD92,Enbridge Inc,ENB,Pipelines,senior,7.22,2030-07-24,2030-07-24,2000-07-24,,112.81,4.291814057486685,,ishares_xcb,evaluated,806000.0
2025-08-29,CA29251ZAK36,Enbridge Inc,ENB,Pipelines,senior,7.2,2032-06-18,2032-06-18,2001-06-18,,114.97,4.609175476616044,,ishares_xcb,evaluated,1060000.0
2025-08-29,CA29251ZAQ06,Enbridge Inc,ENB,Pipelines,senior,5.57,2035-11-14,2035-11-14,2005-11-14,,106.37,4.771848529476456,,ishares_xcb,evaluated,394000.0
2025-08-29,CA29251ZBS52,Enbridge Inc,ENB,Pipelines,senior,2.99,2029-10-03,2029-10-03,2019-10-03,,98.1,3.49048398190626,,ishares_xcb,evaluated,3585000.0
2025-08-29,CA29251ZBU09,Enbridge Inc,ENB,Pipelines,senior,3.1,2033-09-21,2033-09-21,2021-09-21,,92.21,4.249365258082699,,ishares_xcb,evaluated,3956000.0
2025-08-29,CA29251ZBW64,Enbridge Inc,ENB,Pipelines,senior,6.1,2032-11-09,2032-11-09,2022-11-09,,110.98,4.305530378640046,,ishares_xcb,evaluated,2970000.0
2025-08-29,CA29251ZBY21,Enbridge Inc,ENB,Pipelines,senior,5.7,2027-11-09,2027-11-09,2022-11-09,,104.89,3.3615279714835626,,ishares_xcb,evaluated,2091000.0
2025-08-29,CA29251ZBZ95,Enbridge Inc,ENB,Pipelines,senior,5.36,2033-05-26,2033-05-26,2023-05-26,,106.75,4.321986260952288,,ishares_xcb,evaluated,1480000.0
2025-08-29,CA29251ZCA36,Enbridge Inc,ENB,Pipelines,senior,4.9,2028-05-26,2028-05-26,2023-05-26,,103.81,3.4262665228882465,,ishares_xcb,stale,1980000.0
2025-08-29,CA29251ZCC91,Enbridge Inc,ENB,Pipelines,senior,4.21,2030-02-22,2030-02-22,2024-08-22,,102.07,3.704062314653996,,ishares_xcb,evaluated,2365000.0
2025-08-29,CA29251ZCD74,Enbridge Inc,ENB,Pipelines,senior,4.73,2034-08-22,2034-08-22,2024-08-22,,101.53,4.520598525135937,,ishares_xcb,evaluated,3468000.0
2025-08-29,CA29251ZCF23,Enbridge Inc,ENB,Pipelines,senior,3.55,2028-02-25,2028-02-25,2025-02-25,,100.49,3.3429350911211744,,ishares_xcb,evaluated,1548000.0
2025-08-29,CA29251ZCG06,Enbridge Inc,ENB,Pipelines,senior,3.9,2030-02-25,2030-02-25,2025-02-25,,100.76,3.714453685848227,,ishares_xcb,evaluated,3030000.0
2025-08-29,CA29251ZCH88,Enbridge Inc,ENB,Pipelines,senior,4.56,2035-02-25,2035-02-25,2025-02-25,,99.75,4.592673722367413,,ishares_xcb,evaluated,3250000.0
2025-08-29,CA349553AP21,Fortis Inc,FTS,Utilities,senior,2.18,2028-05-15,2028-05-15,2021-05-14,,97.83,3.0165851953556877,,ishares_xcb,evaluated,1816000.0
2025-08-29,CA349553AQ04,Fortis Inc,FTS,Utilities,senior,4.43,2029-05-31,2029-05-31,2022-05-31,,102.88,3.6006708606801565,,ishares_xcb,evaluated,1930000.0
2025-08-29,CA349553AR86,Fortis Inc,FTS,Utilities,senior,5.68,2033-11-08,2033-11-08,2023-11-08,,109.16,4.3365080160604546,,ishares_xcb,evaluated,1885000.0
2025-08-29,CA349553AS69,Fortis Inc,FTS,Utilities,senior,4.17,2031-09-09,2031-09-09,2024-09-09,,101.41,3.9020763074700984,,ishares_xcb,evaluated,2135000.0
2025-08-29,CA349553AT43,Fortis Inc,FTS,Utilities,senior,4.09,2032-03-26,2032-03-26,2025-03-26,,100.36,4.024199907491282,,ishares_xcb,evaluated,2260000.0
2025-08-29,CA44810ZAB63,Hydro One Inc,H,Utilities,senior,6.93,2032-06-01,2032-06-01,2001-06-22,,117.2,3.9977145155101224,,ishares_xcb,evaluated,1710000.0
2025-08-29,CA44810ZAD20,Hydro One Inc,H,Utilities,senior,6.35,2034-01-31,2034-01-31,2003-01-31,,115.24,4.182991039507576,,ishares_xcb,evaluated,1224000.0
2025-08-29,CA44810ZAP59,Hydro One Inc,H,Utilities,senior,5.36,2036-05-20,2036-05-20,2005-05-19,,108.85,4.31811962887678,,ishares_xcb,evaluated,3331000.0
2025-08-29,CA44810ZAS98,Hydro One Inc,H,Utilities,senior,4.89,2037-03-13,2037-03-13,2007-03-13,,103.31,4.516522721940927,,ishares_xcb,evaluated,1425000.0
2025-08-29,CA44810ZBZ23,Hydro One Inc,H,Utilities,senior,3.02,2029-04-05,2029-04-05,2019-04-05,,99.48,3.172401435833009,,ishares_xcb,evaluated,2300000.0
2025-08-29,CA44810ZCC29,Hydro One Inc,H,Utilities,senior,2.16,2030-02-28,2030-02-28,2020-02-28,,95.85,3.1570678224207622,,ishares_xcb,evaluated,1556000.0
2025-08-29,CA44810ZCF59,Hydro One Inc,H,Utilities,senior,1.69,2031-01-16,2031-01-16,2020-10-09,,92.16,3.2912863124027503,,ishares_xcb,evaluated,1494000.0
2025-08-29,CA44810ZCG33,Hydro One Inc,H,Utilities,senior,2.23,2031-09-17,2031-09-17,2021-09-17,,93.6,3.407632869712425,,ishares_xcb,evaluated,1963000.0
2025-08-29,CA44810ZCJ71,Hydro One Inc,H,Utilities,senior,4.91,2028-01-27,2028-01-27,2022-10-27,,104.26,3.060378491205375,,ishares_xcb,evaluated,2922000.0
2025-08-29,CA44810ZCK45,Hydro One Inc,H,Utilities,senior,3.93,2029-11-30,2029-11-30,2023-01-27,,102.61,3.264661931749593,,ishares_xcb,evaluated,2142000.0
2025-08-29,CA44810ZCL28,Hydro One Inc,H,Utilities,senior,4.16,2033-01-27,2033-01-27,2023-01-27,,101.78,3.8803600109105973,,ishares_xcb,evaluated,1215000.0
2025-08-29,CA44810ZCR97,Hydro One Inc,H,Utilities,senior,4.39,2034-03-01,2034-03-01,2024-01-12,,102.63,4.019423713448908,,ishares_xcb,evaluated,2145000.0
2025-08-29,CA44810ZCS70,Hydro One Inc,H,Utilities,senior,4.25,2035-01-04,2035-01-04,2024-08-20,,100.79,4.1459031367447245,,ishares_xcb,evaluated,4084000.0
2025-08-29,CA44810ZCT53,Hydro One Inc,H,Utilities,senior,3.94,2032-08-25,2032-08-25,2025-08-25,,100.53,3.8526535751715545,,ishares_xcb,evaluated,3520000.0
2025-08-29,CA44810ZCU27,Hydro One Inc,H,Utilities,senior,4.3,2035-08-24,2035-08-24,2025-08-25,,100.52,4.2354686510439725,,ishares_xcb,evaluated,3190000.0
2025-08-29,CA448810AC58,Hydro One Inc,H,Utilities,senior,7.35,2030-06-03,2030-06-03,2000-06-01,,116.45,3.5610599990196503,,ishares_xcb,evaluated,1388000.0
2025-08-29,CA63306AHP45,National Bank of Canada,NA,Banks,senior_bail_in,5.22,2028-06-14,2028-06-14,2023-06-14,,105.17,3.2647193560702377,,ishares_xcb,evaluated,6720000.0
2025-08-29,CA63306AHT66,National Bank of Canada,NA,Banks,senior_bail_in,5.02,2029-02-01,2029-02-01,2023-12-07,,105.25,3.381455917658849,,ishares_xcb,evaluated,5565000.0
2025-08-29,CA63306AJB31,National Bank of Canada,NA,Banks,senior_bail_in,3.64,2027-10-07,2026-10-07,2024-10-07,,100.53,3.1430624789436403,,ishares_xcb,evaluated,3190000.0
2025-08-29,CA63306AJF45,National Bank of Canada,NA,Banks,senior_bail_in,3.52,2029-07-17,2028-07-17,2025-07-17,,100.44,3.35640948117995,,ishares_xcb,evaluated,3745000.0
2025-08-29,CA63306AJM95,National Bank of Canada,NA,Banks,senior_bail_in,3.31,2028-08-15,2027-08-15,2025-06-04,,100.1,3.2559257083019335,,ishares_xcb,evaluated,4155000.0
2025-08-29,CA70632ZAK71,Pembina Pipeline,PPL,Pipelines,senior,4.02,2028-03-27,2028-03-27,2018-03-26,,101.36,3.457596469204885,,ishares_xcb,evaluated,2572000.0
2025-08-29,CA70632ZAM38,Pembina Pipeline,PPL,Pipelines,senior,3.62,2029-04-03,2029-04-03,2019-04-03,,100.21,3.555330000948806,,ishares_xcb,evaluated,2778000.0
2025-08-29,CA70632ZAQ42,Pembina Pipeline,PPL,Pipelines,senior,3.31,2030-02-01,2030-02-01,2019-09-12,,98.63,3.647158124683176,,ishares_xcb,evaluated,2130000.0
2025-08-29,CA70632ZAS08,Pembina Pipeline,PPL,Pipelines,senior,3.53,2031-12-10,2031-12-10,2021-12-10,,97.05,4.065710288571057,,ishares_xcb,evaluated,2117000.0
2025-08-29,CA70632ZAV37,Pembina Pipeline,PPL,Pipelines,senior,5.02,2032-01-12,2032-01-12,2024-01-12,,104.56,4.194883150070964,,ishares_xcb,evaluated,3255000.0
2025-08-29,CA70632ZAW10,Pembina Pipeline,PPL,Pipelines,senior,5.21,2034-01-12,2034-01-12,2024-01-12,,104.76,4.519010121633084,,ishares_xcb,evaluated,2565000.0
2025-08-29,CA70632ZAY75,Pembina Pipeline,PPL,Pipelines,senior,5.22,2033-06-28,2033-06-28,2024-06-28,,105.09,4.441929556933221,,ishares_xcb,evaluated,2315000.0
2025-08-29,CA775109BJ98,Rogers Communications,RCI,Telecom,senior,3.25,2029-05-01,2029-05-01,2019-04-30,,98.87,3.57745886342516,,ishares_xcb,evaluated,1755000.0
2025-08-29,CA775109BT70,Rogers Communications,RCI,Telecom,senior,3.75,2029-04-15,2029-04-15,2022-03-11,,100.47,3.6085561810710347,,ishares_xcb,evaluated,4186000.0
2025-08-29,CA775109BV27,Rogers Communications,RCI,Telecom,senior,4.25,2032-04-15,2032-04-15,2022-03-11,,100.41,4.177062052337059,,ishares_xcb,evaluated,4192000.0
2025-08-29,CA775109CP40,Rogers Communications,RCI,Telecom,senior,4.4,2028-11-02,2028-11-02,2023-04-03,,102.53,3.545427416662589,,ishares_xcb,evaluated,1958000.0
2025-08-29,CA775109CV18,Rogers Communications,RCI,Telecom,senior,5.7,2028-09-21,2028-09-21,2023-09-21,,106.2,3.537944627333013,,ishares_xcb,evaluated,3845000.0
2025-08-29,CA775109CW90,Rogers Communications,RCI,Telecom,senior,5.8,2030-09-21,2030-09-21,2023-09-21,,108.53,3.920649496352222,,ishares_xcb,evaluated,1975000.0
2025-08-29,CA775109DA61,Rogers Communications,RCI,Telecom,senior,5.9,2033-09-21,2033-09-21,2023-09-21,,109.65,4.458285529528974,,ishares_xcb,evaluated,3750000.0
2025-08-29,CA779926DJ08,Royal Bank of Canada,RY,Banks,senior_bail_in,4.0,2030-10-17,2029-10-17,2024-10-17,,101.75,3.5392625474904147,,ishares_xcb,evaluated,5823000.0
2025-08-29,CA779926FY56,Royal Bank of Canada,RY,Banks,senior_bail_in,3.63,2028-12-10,2027-12-10,2024-12-10,,100.8,3.2606365293109474,,ishares_xcb,evaluated,7870000.0
2025-08-29,CA779926QX54,Royal Bank of Canada,RY,Banks,senior_bail_in,3.98,2031-07-22,2030-07-22,2025-07-22,,101.3,3.6859763410314295,,ishares_xcb,evaluated,8015000.0
2025-08-29,CA779926QY38,Royal Bank of Canada,RY,Banks,senior_bail_in,3.41,2029-06-12,2028-06-12,2025-06-10,,100.2,3.3321975845381977,,ishares_xcb,evaluated,7925000.0
2025-08-29,CA780086TY05,Royal Bank of Canada,RY,Banks,senior_bail_in,1.83,2028-07-31,2028-07-31,2021-07-29,,96.93,2.9335527426626213,,ishares_xcb,evaluated,3572000.0
2025-08-29,CA780086WG51,Royal Bank of Canada,RY,Banks,senior_bail_in,4.64,2028-01-17,2028-01-17,2023-01-17,,103.33,3.1747190771709075,,ishares_xcb,evaluated,7696000.0
2025-08-29,CA780086XL38,Royal Bank of Canada,RY,Banks,senior_bail_in,4.63,2028-05-01,2028-05-01,2023-04-20,,103.53,3.2347399828609764,,ishares_xcb,evaluated,9850000.0
2025-08-29,CA780086ZH08,Royal Bank of Canada,RY,Banks,senior_bail_in,5.23,2030-06-24,2030-06-24,2023-06-23,,107.46,3.5313437824804805,,ishares_xcb,evaluated,5102000.0
2025-08-29,CA87971MBG74,TELUS,TU,Telecom,senior,3.63,2028-03-01,2028-03-01,2018-03-01,,100.72,3.32218681240538,,ishares_xcb,evaluated,2484000.0
2025-08-29,CA87971MBJ14,TELUS,TU,Telecom,senior,3.3,2029-05-02,2029-05-02,2019-04-03,,99.44,3.460012895129055,,ishares_xcb,evaluated,3628000.0
2025-08-29,CA87971MBN26,TELUS,TU,Telecom,senior,3.15,2030-02-19,2030-02-19,2019-12-16,,97.91,3.660464087639965,,ishares_xcb,evaluated,2142000.0
2025-08-29,CA87971MBQ56,TELUS,TU,Telecom,senior,2.35,2028-01-27,2028-01-27,2020-05-29,,98.03,3.2044656325125827,,ishares_xcb,evaluated,2047000.0
2025-08-29,CA87971MBS13,TELUS,TU,Telecom,senior,2.05,2030-10-07,2030-10-07,2020-10-05,,92.85,3.5942851311955972,,ishares_xcb,evaluated,1965000.0
2025-08-29,CA87971MBV42,TELUS,TU,Telecom,senior,2.85,2031-11-13,2031-11-13,2021-06-28,,94.12,3.924806541953559,,ishares_xcb,evaluated,2720000.0
2025-08-29,CA87971MBX08,TELUS,TU,Telecom,senior,5.25,2032-11-15,2032-11-15,2022-09-13,,105.8,4.302867000767532,,ishares_xcb,evaluated,4341000.0
2025-08-29,CA87971MBZ55,TELUS,TU,Telecom,senior,5.0,2029-09-13,2029-09-13,2022-09-13,,104.86,3.688823128013529,,ishares_xcb,evaluated,1619000.0
2025-08-29,CA87971MCA95,TELUS,TU,Telecom,senior,4.95,2033-03-28,2033-03-28,2023-03-28,,103.81,4.3513902670259945,,ishares_xcb,evaluated,1883000.0
2025-08-29,CA87971MCB78,TELUS,TU,Telecom,senior,5.6,2030-09-09,2030-09-09,2023-09-08,,107.67,3.900742419138207,,ishares_xcb,evaluated,1800000.0
2025-08-29,CA87971MCC51,TELUS,TU,Telecom,senior,5.75,2033-09-08,2033-09-08,2023-09-08,,108.66,4.451535722385111,,ishares_xcb,evaluated,3200000.0
2025-08-29,CA87971MCE18,TELUS,TU,Telecom,senior,4.8,2028-12-15,2028-12-15,2024-02-15,,103.96,3.5142571830505545,,ishares_xcb,evaluated,2766000.0
2025-08-29,CA87971MCF82,TELUS,TU,Telecom,senior,4.95,2031-02-18,2031-02-18,2024-02-15,,104.68,3.9887129589571453,,ishares_xcb,evaluated,2133000.0
2025-08-29,CA87971MCG65,TELUS,TU,Telecom,senior,5.1,2034-02-15,2034-02-15,2024-02-15,,104.28,4.486048545362153,,ishares_xcb,evaluated,2200000.0
2025-08-29,CA87971MCH49,TELUS,TU,Telecom,senior,4.65,2031-08-13,2031-08-13,2024-08-13,,103.05,4.067588231200124,,ishares_xcb,evaluated,3260000.0
2025-08-29,CA89116CDM60,Toronto-Dominion Bank,TD,Banks,senior_bail_in,4.23,2029-04-02,2029-04-02,2024-03-20,,103.51,3.1861835632394717,,ishares_xcb,evaluated,3850000.0
2025-08-29,CA89116CQ341,Toronto-Dominion Bank,TD,Banks,senior_bail_in,3.84,2031-05-29,2030-05-29,2025-05-29,,100.72,3.670604772078282,,ishares_xcb,evaluated,9100000.0
2025-08-29,CA89116CST58,Toronto-Dominion Bank,TD,Banks,senior_bail_in,4.0,2030-10-31,2029-10-31,2024-10-31,,101.69,3.55661411736828,,ishares_xcb,evaluated,5503000.0
2025-08-29,CA89116CWY97,Toronto-Dominion Bank,TD,Banks,senior_bail_in,4.13,2033-01-09,2032-01-09,2025-01-09,,100.99,3.9509065205516234,,ishares_xcb,evaluated,7645000.0
2025-08-29,CA89117F7H69,Toronto-Dominion Bank,TD,Banks,senior_bail_in,5.38,2027-10-21,2027-10-21,2022-10-21,,104.46,3.206917801018029,,ishares_xcb,evaluated,7625000.0
2025-08-29,CA89117FA338,Toronto-Dominion Bank,TD,Banks,senior_bail_in,1.89,2028-03-08,2028-03-08,2021-03-08,,97.45,2.9412112547084366,,ishares_xcb,evaluated,5270000.0
2025-08-29,CA89117FJ347,Toronto-Dominion Bank,TD,Banks,senior_bail_in,1.9,2028-09-11,2028-09-11,2021-09-10,,96.86,2.9871131532436483,,ishares_xcb,evaluated,4466000.0
2025-08-29,CA89117GRJ80,Toronto-Dominion Bank,TD,Banks,senior_bail_in,4.68,2029-01-08,2029-01-08,2022-12-07,,104.06,3.3879302690333817,,ishares_xcb,evaluated,9560000.0
2025-08-29,CA89117GTQ06,Toronto-Dominion Bank,TD,Banks,senior_bail_in,4.48,2028-01-18,2028-01-18,2023-01-18,,102.87,3.2174541653598205,,ishares_xcb,evaluated,8186000.0
2025-08-29,CA89117GX510,Toronto-Dominion Bank,TD,Banks,senior_bail_in,5.49,2028-09-08,2028-09-08,2023-09-08,,106.15,3.329571775384679,,ishares_xcb,evaluated,6329000.0
2025-08-29,CA89353ZBA53,TransCanada PipeLines,TRP,Pipelines,senior,6.89,2028-08-07,2028-08-07,1997-07-30,,107.95,3.994799754436926,,ishares_xcb,evaluated,732000.0
2025-08-29,CA89353ZBE75,TransCanada PipeLines,TRP,Pipelines,senior,6.28,2028-05-26,2028-05-26,1998-05-26,,106.14,3.889325257476984,,ishares_xcb,evaluated,803000.0
2025-08-29,CA89353ZBK36,TransCanada PipeLines,TRP,Pipelines,senior,6.5,2030-12-09,2030-12-09,1998-12-07,,109.16,4.526888997960117,,ishares_xcb,evaluated,775000.0
2025-08-29,CA89353ZCA45,TransCanada PipeLines,TRP,Pipelines,senior,3.39,2028-03-15,2028-03-15,2017-09-15,,100.16,3.318246019331015,,ishares_xcb,evaluated,2372000.0
2025-08-29,CA89353ZCE66,TransCanada PipeLines,TRP,Pipelines,senior,3.0,2029-09-18,2029-09-18,2019-09-18,,98.53,3.38785276981295,,ishares_xcb,evaluated,3076000.0
2025-08-29,CA89353ZCH97,TransCanada PipeLines,TRP,Pipelines,senior,2.97,2031-06-09,2031-06-09,2021-06-09,,96.1,3.7253806469957165,,ishares_xcb,evaluated,2063000.0
2025-08-29,CA89353ZCK27,TransCanada PipeLines,TRP,Pipelines,senior,5.33,2032-05-12,2032-05-12,2022-05-12,,106.56,4.193901663423111,,ishares_xcb,evaluated,3208000.0
2025-08-29,CA89353ZCN65,TransCanada PipeLines,TRP,Pipelines,senior,5.28,2030-07-15,2030-07-15,2023-03-10,,106.46,3.8138102035223285,,ishares_xcb,evaluated,5081000.0
2025-08-29,CA89353ZCQ96,TransCanada PipeLines,TRP,Pipelines,senior,4.58,2035-02-20,2035-02-20,2025-02-20,,100.0,4.579721381139447,,ishares_xcb,evaluated,3815000.0
2025-09-30,CA06368L5G77,Bank of Montreal,BMO,Banks,senior_bail_in,4.42,2029-07-17,2029-07-17,2024-07-17,,104.21,3.2294157871761695,,ishares_xcb,evaluated,8030000.0
2025-09-30,CA06368LB887,Bank of Montreal,BMO,Banks,senior_bail_in,4.54,2028-12-18,2028-12-18,2023-12-18,,104.21,3.150545255463892,,ishares_xcb,evaluated,7940000.0
2025-09-30,CA06368LEY89,Bank of Montreal,BMO,Banks,senior_bail_in,4.71,2027-12-07,2027-12-07,2022-12-07,,103.5,3.0389418771118315,,ishares_xcb,evaluated,9428000.0
2025-09-30,CA06368LNK84,Bank of Montreal,BMO,Banks,senior_bail_in,5.04,2028-05-29,2028-05-29,2023-05-29,,104.91,3.0977360533964244,,ishares_xcb,evaluated,7334000.0
2025-09-30,CA06368MRF37,Bank of Montreal,BMO,Banks,senior_bail_in,3.73,2031-06-03,2030-06-03,2025-06-03,,101.26,3.43433702063325,,ishares_xcb,evaluated,6855000.0
2025-09-30,CA06415E4E25,Bank of Nova Scotia,BNS,Banks,senior_bail_in,1.4,2027-11-01,2027-11-01,2020-10-15,,97.53,2.6212665971214206,,ishares_xcb,evaluated,6499000.0
2025-09-30,CA064164QM14,Bank of Nova Scotia,BNS,Banks,senior_bail_in,4.68,2029-02-01,2029-02-01,2024-02-01,,104.8,3.1500777635428405,,ishares_xcb,evaluated,7141000.0
2025-09-30,CA06418MM430,Bank of Nova Scotia,BNS,Banks,senior_bail_in,3.84,2030-09-26,2029-09-26,2024-09-26,,101.95,3.314094455505419,,ishares_xcb,evaluated,4575000.0
2025-09-30,CA06418MX742,Bank of Nova Scotia,BNS,Banks,senior_bail_in,3.81,2028-11-15,2027-11-15,2024-10-18,,101.56,3.039290049964864,,ishares_xcb,evaluated,7210000.0
2025-09-30,CA06418YXB96,Bank of Nova Scotia,BNS,Banks,senior_bail_in,3.73,2031-06-27,2030-06-27,2025-03-27,,101.23,3.445016016419411,,ishares_xcb,evaluated,10700000.0
2025-09-30,CA07813ZAC82,Bell Canada,BCE,Telecom,senior,6.55,2029-05-01,2029-05-01,1999-07-19,,109.55,3.675876889106989,,ishares_xcb,evaluated,632000.0
2025-09-30,CA07813ZAL81,Bell Canada,BCE,Telecom,senior,7.85,2031-04-02,2031-04-02,2001-04-02,,118.04,4.148804559115937,,ishares_xcb,evaluated,1045000.0
2025-09-30,CA07813ZAP95,Bell Canada,BCE,Telecom,senior,7.3,2032-02-23,2032-02-23,2002-02-22,,116.72,4.281911685530719,,ishares_xcb,evaluated,1291000.0
2025-09-30,CA07813ZAT18,Bell Canada,BCE,Telecom,senior,6.1,2035-03-16,2035-03-16,2004-03-16,,112.62,4.451003513165301,,ishares_xcb,evaluated,1663000.0
2025-09-30,CA07813ZBL72,Bell Canada,BCE,Telecom,senior,6.17,2037-02-26,2037-02-26,2007-02-26,,113.66,4.614926042915947,,ishares_xcb,evaluated,1088000.0
2025-09-30,CA07813ZCC64,Bell Canada,BCE,Telecom,senior,2.9,2029-09-10,2029-09-10,2019-09-10,,98.39,3.339037159506262,,ishares_xcb,evaluated,2386000.0
2025-09-30,CA07813ZCE21,Bell Canada,BCE,Telecom,senior,2.5,2030-05-14,2030-05-14,2020-05-14,,96.53,3.313587352178577,,ishares_xcb,evaluated,3742000.0
2025-09-30,CA07813ZCG78,Bell Canada,BCE,Telecom,senior,3.0,2031-03-17,2031-03-17,2021-03-17,,96.87,3.6368038823940045,,ishares_xcb,evaluated,4223000.0
2025-09-30,CA07813ZCJ18,Bell Canada,BCE,Telecom,senior,2.2,2028-05-29,2028-05-29,2021-05-28,,98.22,2.8962648494157968,,ishares_xcb,evaluated,1623000.0
2025-09-30,CA07813ZCK80,Bell Canada,BCE,Telecom,senior,5.85,2032-11-10,2032-11-10,2022-11-10,,111.01,4.0488230038555475,,ishares_xcb,evaluated,5145000.0
2025-09-30,CA07813ZCL63,Bell Canada,BCE,Telecom,senior,4.55,2030-02-09,2030-02-09,2023-02-09,,104.14,3.514933026262933,,ishares_xcb,evaluated,4151000.0
2025-09-30,CA07813ZCQ50,Bell Canada,BCE,Telecom,senior,5.25,2029-03-15,2029-03-15,2023-11-14,,106.05,3.3817335676855196,,ishares_xcb,evaluated,2640000.0
2025-09-30,CA07813ZCR34,Bell Canada,BCE,Telecom,senior,5.15,2034-08-24,2034-08-24,2024-05-24,,106.31,4.288421200172942,,ishares_xcb,evaluated,4445000.0
2025-09-30,CA11291ZAE75,Brookfield Infrastructure Finance,BIP,Utilities,senior,4.19,2028-09-11,2028-09-11,2018-09-10,,102.51,3.289578538632131,,ishares_xcb,evaluated,2941000.0
2025-09-30,CA11291ZAF41,Brookfield Infrastructure Finance,BIP,Utilities,senior,3.41,2029-10-09,2029-10-09,2019-10-03,,100.12,3.3764921895636126,,ishares_xcb,evaluated,2923000.0
2025-09-30,CA11291ZAG24,Brookfield Infrastructure Finance,BIP,Utilities,senior,2.86,2032-09-01,2032-09-01,2020-09-01,,93.75,3.899246657525899,,ishares_xcb,evaluated,1830000.0
2025-09-30,CA11291ZAH07,Brookfield Infrastructure Finance,BIP,Utilities,senior,5.44,2034-04-25,2034-04-25,2022-04-25,,108.32,4.268991592033298,,ishares_xcb,evaluated,1540000.0
2025-09-30,CA11291ZAK36,Brookfield Infrastructure Finance,BIP,Utilities,senior,5.62,2027-11-14,2027-11-14,2022-11-14,,104.89,3.2075415278961543,,ishares_xcb,evaluated,1615000.0
2025-09-30,CA11291ZAL19,Brookfield Infrastructure Finance,BIP,Utilities,senior,5.98,2033-02-14,2033-02-14,2022-11-14,,111.7,4.121581914545251,,ishares_xcb,evaluated,944000.0
2025-09-30,CA11291ZAM91,Brookfield Infrastructure Finance,BIP,Utilities,senior,5.71,2030-07-27,2030-07-27,2023-07-27,,109.06,3.6416173801817124,,ishares_xcb,evaluated,1791000.0
2025-09-30,CA11291ZAP23,Brookfield Infrastructure Finance,BIP,Utilities,senior,3.7,2031-01-06,2031-01-06,2025-09-24,,100.16,3.66394017447312,,ishares_xcb,evaluated,1315000.0
2025-09-30,CA11291ZAQ06,Brookfield Infrastructure Finance,BIP,Utilities,senior,4.53,2035-09-24,2035-09-24,2025-09-24,,100.54,4.462356213043259,,ishares_xcb,evaluated,680000.0
2025-09-30,CA13607H5C22,Canadian Imperial Bank of Commerce,CM,Banks,senior_bail_in,5.05,2027-10-07,2027-10-07,2022-10-07,,103.9,3.0401589390245976,,ishares_xcb,evaluated,6825000.0
2025-09-30,CA13607L4C41,Canadian Imperial Bank of Commerce,CM,Banks,senior_bail_in,3.65,2028-12-10,2027-12-10,2024-12-10,,101.24,3.0583224576457497,,ishares_xcb,evaluated,5270000.0
2025-09-30,CA13607LF997,Canadian Imperial Bank of Commerce,CM,Banks,senior_bail_in,3.8,2030-12-10,2029-12-10,2024-12-10,,101.7,3.3602454977625333,,ishares_xcb,evaluated,6805000.0
2025-09-30,CA13607LPY34,Canadian Imperial Bank of Commerce,CM,Banks,senior_bail_in,5.5,2028-01-14,2028-01-14,2023-07-14,,105.3,3.0766530461382344,,ishares_xcb,evaluated,4940000.0
2025-09-30,CA13607P5X87,Canadian Imperial Bank of Commerce,CM,Banks,senior_bail_in,3.9,2031-06-20,2030-06-20,2025-06-20,,101.95,3.4472752550021446,,ishares_xcb,evaluated,4955000.0
2025-09-30,CA29251ZAD92,Enbridge Inc,ENB,Pipelines,senior,7.22,2030-07-24,2030-07-24,2000-07-24,,113.52,4.093394278772982,,ishares_xcb,evaluated,806000.0
2025-09-30,CA29251ZAK36,Enbridge Inc,ENB,Pipelines,senior,7.2,2032-06-18,2032-06-18,2001-06-18,,116.28,4.373614558724821,,ishares_xcb,evaluated,1060000.0
2025-09-30,CA29251ZAQ06,Enbridge Inc,ENB,Pipelines,senior,5.57,2035-11-14,2035-11-14,2005-11-14,,108.52,4.509471680701151,,ishares_xcb,evaluated,394000.0
2025-09-30,CA29251ZBS52,Enbridge Inc,ENB,Pipelines,senior,2.99,2029-10-03,2029-10-03,2019-10-03,,98.96,3.267809669724891,,ishares_xcb,evaluated,3585000.0
2025-09-30,CA29251ZBU09,Enbridge Inc,ENB,Pipelines,senior,3.1,2033-09-21,2033-09-21,2021-09-21,,93.9,4.000932265498877,,ishares_xcb,evaluated,4056000.0
2025-09-30,CA29251ZBW64,Enbridge Inc,ENB,Pipelines,senior,6.1,2032-11-09,2032-11-09,2022-11-09,,112.61,4.037608190382888,,ishares_xcb,evaluated,2970000.0
2025-09-30,CA29251ZBY21,Enbridge Inc,ENB,Pipelines,senior,5.7,2027-11-09,2027-11-09,2022-11-09,,105.1,3.169666608964625,,ishares_xcb,evaluated,2091000.0
2025-09-30,CA29251ZBZ95,Enbridge Inc,ENB,Pipelines,senior,5.36,2033-05-26,2033-05-26,2023-05-26,,108.27,4.0876803578036185,,ishares_xcb,evaluated,1480000.0
2025-09-30,CA29251ZCA36,Enbridge Inc,ENB,Pipelines,senior,4.9,2028-05-26,2028-05-26,2023-05-26,,104.26,3.206180510224335,,ishares_xcb,evaluated,1980000.0
2025-09-30,CA29251ZCC91,Enbridge Inc,ENB,Pipelines,senior,4.21,2030-02-22,2030-02-22,2024-08-22,,102.95,3.47855173288239,,ishares_xcb,evaluated,2365000.0
2025-09-30,CA29251ZCD74,Enbridge Inc,ENB,Pipelines,senior,4.73,2034-08-22,2034-08-22,2024-08-22,,103.46,4.257478307056778,,ishares_xcb,evaluated,3618000.0
2025-09-30,CA29251ZCF23,Enbridge Inc,ENB,Pipelines,senior,3.55,2028-02-25,2028-02-25,2025-02-25,,101.0,3.1125444970272316,,ishares_xcb,evaluated,1548000.0
2025-09-30,CA29251ZCG06,Enbridge Inc,ENB,Pipelines,senior,3.9,2030-02-25,2030-02-25,2025-02-25,,101.8,3.454299170802106,,ishares_xcb,evaluated,3375000.0
2025-09-30,CA29251ZCH88,Enbridge Inc,ENB,Pipelines,senior,4.56,2035-02-25,2035-02-25,2025-02-25,,101.78,4.326580067087857,,ishares_xcb,evaluated,3250000.0
2025-09-30,CA349553AP21,Fortis Inc,FTS,Utilities,senior,2.18,2028-05-15,2028-05-15,2021-05-14,,98.28,2.8615759842954382,,ishares_xcb,evaluated,1816000.0
2025-09-30,CA349553AQ04,Fortis Inc,FTS,Utilities,senior,4.43,2029-05-31,2029-05-31,2022-05-31,,103.47,3.4127473459042426,,ishares_xcb,evaluated,1930000.0
2025-09-30,CA349553AR86,Fortis Inc,FTS,Utilities,senior,5.68,2033-11-08,2033-11-08,2023-11-08,,110.8,4.097297980358943,,ishares_xcb,evaluated,1885000.0
2025-09-30,CA349553AS69,Fortis Inc,FTS,Utilities,senior,4.17,2031-09-09,2031-09-09,2024-09-09,,102.66,3.667720430284898,,ishares_xcb,evaluated,2135000.0
2025-09-30,CA349553AT43,Fortis Inc,FTS,Utilities,senior,4.09,2032-03-26,2032-03-26,2025-03-26,,101.69,3.79372875304158,,ishares_xcb,evaluated,2465000.0
2025-09-30,CA44810ZAB63,Hydro One Inc,H,Utilities,senior,6.93,2032-06-01,2032-06-01,2001-06-22,,118.49,3.7666433493096765,,ishares_xcb,evaluated,1710000.0
2025-09-30,CA44810ZAD20,Hydro One Inc,H,Utilities,senior,6.35,2034-01-31,2034-01-31,2003-01-31,,116.9,3.9483433176863563,,ishares_xcb,evaluated,1224000.0
2025-09-30,CA44810ZAP59,Hydro One Inc,H,Utilities,senior,5.36,2036-05-20,2036-05-20,2005-05-19,,110.64,4.112583369274015,,ishares_xcb,evaluated,2331000.0
2025-09-30,CA44810ZAS98,Hydro One Inc,H,Utilities,senior,4.89,2037-03-13,2037-03-13,2007-03-13,,105.7,4.255996660269323,,ishares_xcb,evaluated,1515000.0
2025-09-30,CA44810ZBZ23,Hydro One Inc,H,Utilities,senior,3.02,2029-04-05,2029-04-05,2019-04-05,,100.17,2.96738975982526,,ishares_xcb,evaluated,2675000.0
2025-09-30,CA44810ZCC29,Hydro One Inc,H,Utilities,senior,2.16,2030-02-28,2030-02-28,2020-02-28,,96.65,2.975464780740737,,ishares_xcb,evaluated,1556000.0
2025-09-30,CA44810ZCF59,Hydro One Inc,H,Utilities,senior,1.69,2031-01-16,2031-01-16,2020-10-09,,93.44,3.0401159926835426,,ishares_xcb,evaluated,1674000.0
2025-09-30,CA44810ZCG33,Hydro One Inc,H,Utilities,senior,2.23,2031-09-17,2031-09-17,2021-09-17,,94.73,3.20790294330794,,ishares_xcb,evaluated,1963000.0
2025-09-30,CA44810ZCJ71,Hydro One Inc,H,Utilities,senior,4.91,2028-01-27,2028-01-27,2022-10-27,,104.51,2.8841404245831357,,ishares_xcb,evaluated,2922000.0
2025-09-30,CA44810ZCK45,Hydro One Inc,H,Utilities,senior,3.93,2029-11-30,2029-11-30,2023-01-27,,103.22,3.0965012745363363,,ishares_xcb,evaluated,2182000.0
2025-09-30,CA44810ZCL28,Hydro One Inc,H,Utilities,senior,4.16,2033-01-27,2033-01-27,2023-01-27,,103.16,3.662513835271481,,ishares_xcb,evaluated,1465000.0
2025-09-30,CA44810ZCR97,Hydro One Inc,H,Utilities,senior,4.39,2034-03-01,2034-03-01,2024-01-12,,104.12,3.8133354737624408,,ishares_xcb,evaluated,2165000.0
2025-09-30,CA44810ZCS70,Hydro One Inc,H,Utilities,senior,4.25,2035-01-04,2035-01-04,2024-08-20,,102.28,3.9518519743051725,,ishares_xcb,evaluated,4109000.0
2025-09-30,CA44810ZCT53,Hydro One Inc,H,Utilities,senior,3.94,2032-08-25,2032-08-25,2025-08-25,,101.79,3.6433607030121973,,ishares_xcb,evaluated,2520000.0
2025-09-30,CA44810ZCU27,Hydro One Inc,H,Utilities,senior,4.3,2035-08-24,2035-08-24,2025-08-25,,102.16,4.032339742556462,,ishares_xcb,evaluated,1190000.0
2025-09-30,CA448810AC58,Hydro One Inc,H,Utilities,senior,7.35,2030-06-03,2030-06-03,2000-06-01,,117.22,3.337879913295728,,ishares_xcb,evaluated,1388000.0
2025-09-30,CA63306AHP45,National Bank of Canada,NA,Banks,senior_bail_in,5.22,2028-06-14,2028-06-14,2023-06-14,,105.63,3.0328508958515785,,ishares_xcb,evaluated,6850000.0
2025-09-30,CA63306AHT66,National Bank of Canada,NA,Banks,senior_bail_in,5.02,2029-02-01,2029-02-01,2023-12-07,,105.89,3.1433992648498283,,ishares_xcb,evaluated,5805000.0
2025-09-30,CA63306AJF45,National Bank of Canada,NA,Banks,senior_bail_in,3.52,2029-07-17,2028-07-17,2025-07-17,,101.01,3.1364386104690167,,ishares_xcb,evaluated,3745000.0
2025-09-30,CA63306AJM95,National Bank of Canada,NA,Banks,senior_bail_in,3.31,2028-08-15,2027-08-15,2025-06-04,,100.47,3.0470255747153874,,ishares_xcb,evaluated,4165000.0
2025-09-30,CA70632ZAK71,Pembina Pipeline,PPL,Pipelines,senior,4.02,2028-03-27,2028-03-27,2018-03-26,,101.82,3.253652586119275,,ishares_xcb,evaluated,2867000.0
2025-09-30,CA70632ZAM38,Pembina Pipeline,PPL,Pipelines,senior,3.62,2029-04-03,2029-04-03,2019-04-03,,100.96,3.3262539349073137,,ishares_xcb,evaluated,3073000.0
2025-09-30,CA70632ZAQ42,Pembina Pipeline,PPL,Pipelines,senior,3.31,2030-02-01,2030-02-01,2019-09-12,,99.56,3.4181432733928867,,ishares_xcb,evaluated,2130000.0
2025-09-30,CA70632ZAS08,Pembina Pipeline,PPL,Pipelines,senior,3.53,2031-12-10,2031-12-10,2021-12-10,,98.33,3.834192344452602,,ishares_xcb,evaluated,2117000.0
2025-09-30,CA70632ZAV37,Pembina Pipeline,PPL,Pipelines,senior,5.02,2032-01-12,2032-01-12,2024-01-12,,105.99,3.931961165287696,,ishares_xcb,evaluated,2950000.0
2025-09-30,CA70632ZAW10,Pembina Pipeline,PPL,Pipelines,senior,5.21,2034-01-12,2034-01-12,2024-01-12,,106.63,4.249696992124172,,ishares_xcb,evaluated,2595000.0
2025-09-30,CA70632ZAY75,Pembina Pipeline,PPL,Pipelines,senior,5.22,2033-06-28,2033-06-28,2024-06-28,,106.89,4.168134319629544,,ishares_xcb,evaluated,2315000.0
2025-09-30,CA775109BJ98,Rogers Communications,RCI,Telecom,senior,3.25,2029-05-01,2029-05-01,2019-04-30,,99.64,3.353488731326687,,ishares_xcb,evaluated,1755000.0
2025-09-30,CA775109BT70,Rogers Communications,RCI,Telecom,senior,3.75,2029-04-15,2029-04-15,2022-03-11,,101.2,3.385750712997662,,ishares_xcb,evaluated,4376000.0
2025-09-30,CA775109BV27,Rogers Communications,RCI,Telecom,senior,4.25,2032-04-15,2032-04-15,2022-03-11,,101.8,3.9339984523465703,,ishares_xcb,evaluated,4212000.0
2025-09-30,CA775109CP40,Rogers Communications,RCI,Telecom,senior,4.4,2028-11-02,2028-11-02,2023-04-03,,103.09,3.333194667840618,,ishares_xcb,evaluated,1958000.0
2025-09-30,CA775109CV18,Rogers Communications,RCI,Telecom,senior,5.7,2028-09-21,2028-09-21,2023-09-21,,106.69,3.31991011252671,,ishares_xcb,evaluated,3975000.0
2025-09-30,CA775109CW90,Rogers Communications,RCI,Telecom,senior,5.8,2030-09-21,2030-09-21,2023-09-21,,109.53,3.6859140378445114,,ishares_xcb,evaluated,2055000.0
2025-09-30,CA775109DA61,Rogers Communications,RCI,Telecom,senior,5.9,2033-09-21,2033-09-21,2023-09-21,,111.39,4.204172766687044,,ishares_xcb,evaluated,3930000.0
2025-09-30,CA779926DJ08,Royal Bank of Canada,RY,Banks,senior_bail_in,4.0,2030-10-17,2029-10-17,2024-10-17,,102.62,3.3012974660812744,,ishares_xcb,evaluated,6223000.0
2025-09-30,CA779926FY56,Royal Bank of Canada,RY,Banks,senior_bail_in,3.63,2028-12-10,2027-12-10,2024-12-10,,101.25,3.033796449299016,,ishares_xcb,evaluated,8010000.0
2025-09-30,CA779926QX54,Royal Bank of Canada,RY,Banks,senior_bail_in,3.98,2031-07-22,2030-07-22,2025-07-22,,102.43,3.4253954863714347,,ishares_xcb,evaluated,8315000.0
2025-09-30,CA779926QY38,Royal Bank of Canada,RY,Banks,senior_bail_in,3.41,2029-06-12,2028-06-12,2025-06-10,,100.78,3.1042238792433863,,ishares_xcb,evaluated,7925000.0
2025-09-30,CA780086TY05,Royal Bank of Canada,RY,Banks,senior_bail_in,1.83,2028-07-31,2028-07-31,2021-07-29,,97.67,2.687892589307776,,ishares_xcb,evaluated,3572000.0
2025-09-30,CA780086WG51,Royal Bank of Canada,RY,Banks,senior_bail_in,4.64,2028-01-17,2028-01-17,2023-01-17,,103.69,2.9605011461861226,,ishares_xcb,evaluated,7696000.0
2025-09-30,CA780086XL38,Royal Bank of Canada,RY,Banks,senior_bail_in,4.63,2028-05-01,2028-05-01,2023-04-20,,104.01,3.000032504657242,,ishares_xcb,evaluated,9920000.0
2025-09-30,CA780086ZH08,Royal Bank of Canada,RY,Banks,senior_bail_in,5.23,2030-06-24,2030-06-24,2023-06-23,,108.43,3.289663556619989,,ishares_xcb,evaluated,5102000.0
2025-09-30,CA87971MBG74,TELUS,TU,Telecom,senior,3.63,2028-03-01,2028-03-01,2018-03-01,,101.13,3.141617270872303,,ishares_xcb,evaluated,2564000.0
2025-09-30,CA87971MBJ14,TELUS,TU,Telecom,senior,3.3,2029-05-02,2029-05-02,2019-04-03,,100.15,3.251495714076627,,ishares_xcb,evaluated,3693000.0
2025-09-30,CA87971MBN26,TELUS,TU,Telecom,senior,3.15,2030-02-19,2030-02-19,2019-12-16,,98.8,3.445829764144346,,ishares_xcb,evaluated,2142000.0
2025-09-30,CA87971MBQ56,TELUS,TU,Telecom,senior,2.35,2028-01-27,2028-01-27,2020-05-29,,98.56,2.9937947909788734,,ishares_xcb,evaluated,2347000.0
2025-09-30,CA87971MBS13,TELUS,TU,Telecom,senior,2.05,2030-10-07,2030-10-07,2020-10-05,,94.02,3.353814654065283,,ishares_xcb,evaluated,1965000.0
2025-09-30,CA87971MBV42,TELUS,TU,Telecom,senior,2.85,2031-11-13,2031-11-13,2021-06-28,,95.5,3.6757839001275596,,ishares_xcb,evaluated,2870000.0
2025-09-30,CA87971MBX08,TELUS,TU,Telecom,senior,5.25,2032-11-15,2032-11-15,2022-09-13,,107.28,4.059650525605417,,ishares_xcb,evaluated,4381000.0
2025-09-30,CA87971MBZ55,TELUS,TU,Telecom,senior,5.0,2029-09-13,2029-09-13,2022-09-13,,105.51,3.495515517889331,,ishares_xcb,evaluated,1619000.0
2025-09-30,CA87971MCA95,TELUS,TU,Telecom,senior,4.95,2033-03-28,2033-03-28,2023-03-28,,105.44,4.099558627911485,,ishares_xcb,evaluated,1923000.0
2025-09-30,CA87971MCB78,TELUS,TU,Telecom,senior,5.6,2030-09-09,2030-09-09,2023-09-08,,108.58,3.685081023741272,,ishares_xcb,evaluated,1880000.0
2025-09-30,CA87971MCC51,TELUS,TU,Telecom,senior,5.75,2033-09-08,2033-09-08,2023-09-08,,110.31,4.2088203286312815,,ishares_xcb,evaluated,3200000.0
2025-09-30,CA87971MCE18,TELUS,TU,Telecom,senior,4.8,2028-12-15,2028-12-15,2024-02-15,,104.57,3.284414278900085,,ishares_xcb,evaluated,2766000.0
2025-09-30,CA87971MCF82,TELUS,TU,Telecom,senior,4.95,2031-02-18,2031-02-18,2024-02-15,,105.73,3.762356080368411,,ishares_xcb,evaluated,2273000.0
2025-09-30,CA87971MCG65,TELUS,TU,Telecom,senior,5.1,2034-02-15,2034-02-15,2024-02-15,,105.93,4.249594862747212,,ishares_xcb,evaluated,2260000.0
2025-09-30,CA87971MCH49,TELUS,TU,Telecom,senior,4.65,2031-08-13,2031-08-13,2024-08-13,,104.25,3.8327694374771952,,ishares_xcb,evaluated,3260000.0
2025-09-30,CA89116C3S44,Toronto-Dominion Bank,TD,Banks,senior_bail_in,3.61,2031-09-10,2030-09-10,2025-09-10,,100.59,3.479116797770675,,ishares_xcb,evaluated,6665000.0
2025-09-30,CA89116CDM60,Toronto-Dominion Bank,TD,Banks,senior_bail_in,4.23,2029-04-02,2029-04-02,2024-03-20,,104.1,2.9875911861156323,,ishares_xcb,evaluated,3850000.0
2025-09-30,CA89116CQ341,Toronto-Dominion Bank,TD,Banks,senior_bail_in,3.84,2031-05-29,2030-05-29,2025-05-29,,101.78,3.420451876349591,,ishares_xcb,evaluated,9140000.0
2025-09-30,CA89116CST58,Toronto-Dominion Bank,TD,Banks,senior_bail_in,4.0,2030-10-31,2029-10-31,2024-10-31,,102.59,3.3125471753640188,,ishares_xcb,evaluated,5823000.0
2025-09-30,CA89116CWY97,Toronto-Dominion Bank,TD,Banks,senior_bail_in,4.13,2033-01-09,2032-01-09,2025-01-09,,102.43,3.690382797863107,,ishares_xcb,evaluated,7725000.0
2025-09-30,CA89117F7H69,Toronto-Dominion Bank,TD,Banks,senior_bail_in,5.38,2027-10-21,2027-10-21,2022-10-21,,104.76,2.9734225715527374,,ishares_xcb,evaluated,7915000.0
2025-09-30,CA89117FA338,Toronto-Dominion Bank,TD,Banks,senior_bail_in,1.89,2028-03-08,2028-03-08,2021-03-08,,98.02,2.7347538399376132,,ishares_xcb,evaluated,5270000.0
2025-09-30,CA89117FJ347,Toronto-Dominion Bank,TD,Banks,senior_bail_in,1.9,2028-09-11,2028-09-11,2021-09-10,,97.56,2.767828520582122,,ishares_xcb,evaluated,4466000.0
2025-09-30,CA89117GRJ80,Toronto-Dominion Bank,TD,Banks,senior_bail_in,4.68,2029-01-08,2029-01-08,2022-12-07,,104.75,3.136747406303611,,ishares_xcb,evaluated,10165000.0
2025-09-30,CA89117GTQ06,Toronto-Dominion Bank,TD,Banks,senior_bail_in,4.48,2028-01-18,2028-01-18,2023-01-18,,103.27,2.992323922461997,,ishares_xcb,evaluated,8351000.0
2025-09-30,CA89117GX510,Toronto-Dominion Bank,TD,Banks,senior_bail_in,5.49,2028-09-08,2028-09-08,2023-09-08,,106.7,3.088110368861207,,ishares_xcb,evaluated,6489000.0
2025-09-30,CA89353ZBA53,TransCanada PipeLines,TRP,Pipelines,senior,6.89,2028-08-07,2028-08-07,1997-07-30,,108.36,3.766691766227531,,ishares_xcb,evaluated,732000.0
2025-09-30,CA89353ZBE75,TransCanada PipeLines,TRP,Pipelines,senior,6.28,2028-05-26,2028-05-26,1998-05-26,,106.55,3.659067271075319,,ishares_xcb,evaluated,803000.0
2025-09-30,CA89353ZBK36,TransCanada PipeLines,TRP,Pipelines,senior,6.5,2030-12-09,2030-12-09,1998-12-07,,110.0,4.325663455552512,,ishares_xcb,evaluated,775000.0
2025-09-30,CA89353ZCA45,TransCanada PipeLines,TRP,Pipelines,senior,3.39,2028-03-15,2028-03-15,2017-09-15,,100.68,3.1006725604153313,,ishares_xcb,evaluated,2372000.0
2025-09-30,CA89353ZCE66,TransCanada PipeLines,TRP,Pipelines,senior,3.0,2029-09-18,2029-09-18,2019-09-18,,99.31,3.1865699638008103,,ishares_xcb,evaluated,3076000.0
2025-09-30,CA89353ZCH97,TransCanada PipeLines,TRP,Pipelines,senior,2.97,2031-06-09,2031-06-09,2021-06-09,,97.24,3.5081162422548715,,ishares_xcb,evaluated,2103000.0
2025-09-30,CA89353ZCK27,TransCanada PipeLines,TRP,Pipelines,senior,5.33,2032-05-12,2032-05-12,2022-05-12,,108.11,3.9227755812559946,,ishares_xcb,evaluated,3208000.0
2025-09-30,CA89353ZCN65,TransCanada PipeLines,TRP,Pipelines,senior,5.28,2030-07-15,2030-07-15,2023-03-10,,107.4,3.581899164596815,,ishares_xcb,evaluated,5161000.0
2025-09-30,CA89353ZCQ96,TransCanada PipeLines,TRP,Pipelines,senior,4.58,2035-02-20,2035-02-20,2025-02-20,,101.98,4.320113274917028,,ishares_xcb,evaluated,4205000.0
2025-10-31,CA06368L5G77,Bank of Montreal,BMO,Banks,senior_bail_in,4.42,2029-07-17,2029-07-17,2024-07-17,,104.37,3.158864674462124,,ishares_xcb,evaluated,8030000.0
2025-10-31,CA06368LB887,Bank of Montreal,BMO,Banks,senior_bail_in,4.54,2028-12-18,2028-12-18,2023-12-18,,104.32,3.0794603879013804,,ishares_xcb,evaluated,7940000.0
2025-10-31,CA06368LEY89,Bank of Montreal,BMO,Banks,senior_bail_in,4.71,2027-12-07,2027-12-07,2022-12-07,,103.5,2.9752994177307714,,ishares_xcb,stale,9648000.0
2025-10-31,CA06368LNK84,Bank of Montreal,BMO,Banks,senior_bail_in,5.04,2028-05-29,2028-05-29,2023-05-29,,105.0,3.002480773297073,,ishares_xcb,evaluated,7334000.0
2025-10-31,CA06368MRF37,Bank of Montreal,BMO,Banks,senior_bail_in,3.73,2031-06-03,2030-06-03,2025-06-03,,101.48,3.377680582119151,,ishares_xcb,evaluated,6575000.0
2025-10-31,CA06415E4E25,Bank of Nova Scotia,BNS,Banks,senior_bail_in,1.4,2027-11-01,2027-11-01,2020-10-15,,97.79,2.5367789924554054,,ishares_xcb,evaluated,6499000.0
2025-10-31,CA064164QM14,Bank of Nova Scotia,BNS,Banks,senior_bail_in,4.68,2029-02-01,2029-02-01,2024-02-01,,104.96,3.0617563174035034,,ishares_xcb,evaluated,8076000.0
2025-10-31,CA06418MM430,Bank of Nova Scotia,BNS,Banks,senior_bail_in,3.84,2030-09-26,2029-09-26,2024-09-26,,102.16,3.246525122382745,,ishares_xcb,evaluated,4715000.0
2025-10-31,CA06418MX742,Bank of Nova Scotia,BNS,Banks,senior_bail_in,3.81,2028-11-15,2027-11-15,2024-10-18,,101.66,2.957934139297891,,ishares_xcb,evaluated,7755000.0
2025-10-31,CA06418YXB96,Bank of Nova Scotia,BNS,Banks,senior_bail_in,3.73,2031-06-27,2030-06-27,2025-03-27,,101.5,3.3775074815027244,,ishares_xcb,evaluated,11020000.0
2025-10-31,CA07813ZAC82,Bell Canada,BCE,Telecom,senior,6.55,2029-05-01,2029-05-01,1999-07-19,,109.9,3.5157886201415045,,ishares_xcb,evaluated,632000.0
2025-10-31,CA07813ZAL81,Bell Canada,BCE,Telecom,senior,7.85,2031-04-02,2031-04-02,2001-04-02,,117.94,4.122118369432518,,ishares_xcb,evaluated,1130000.0
2025-10-31,CA07813ZAP95,Bell Canada,BCE,Telecom,senior,7.3,2032-02-23,2032-02-23,2002-02-22,,117.03,4.19730318533329,,ishares_xcb,evaluated,1291000.0
2025-10-31,CA07813ZAT18,Bell Canada,BCE,Telecom,senior,6.1,2035-03-16,2035-03-16,2004-03-16,,113.18,4.371448534102129,,ishares_xcb,evaluated,1703000.0
2025-10-31,CA07813ZBL72,Bell Canada,BCE,Telecom,senior,6.17,2037-02-26,2037-02-26,2007-02-26,,114.67,4.500009294065243,,ishares_xcb,evaluated,1178000.0
2025-10-31,CA07813ZCC64,Bell Canada,BCE,Telecom,senior,2.9,2029-09-10,2029-09-10,2019-09-10,,98.75,3.247525666879954,,ishares_xcb,evaluated,2516000.0
2025-10-31,CA07813ZCE21,Bell Canada,BCE,Telecom,senior,2.5,2030-05-14,2030-05-14,2020-05-14,,96.79,3.2643480132540823,,ishares_xcb,evaluated,3742000.0
2025-10-31,CA07813ZCG78,Bell Canada,BCE,Telecom,senior,3.0,2031-03-17,2031-03-17,2021-03-17,,97.16,3.5853984752850523,,ishares_xcb,evaluated,4238000.0
2025-10-31,CA07813ZCJ18,Bell Canada,BCE,Telecom,senior,2.2,2028-05-29,2028-05-29,2021-05-28,,98.48,2.811683497588314,,ishares_xcb,evaluated,2078000.0
2025-10-31,CA07813ZCK80,Bell Canada,BCE,Telecom,senior,5.85,2032-11-10,2032-11-10,2022-11-10,,111.23,3.997180792046002,,ishares_xcb,evaluated,5335000.0
2025-10-31,CA07813ZCL63,Bell Canada,BCE,Telecom,senior,4.55,2030-02-09,2030-02-09,2023-02-09,,104.39,3.4336285774827133,,ishares_xcb,evaluated,4151000.0
2025-10-31,CA07813ZCQ50,Bell Canada,BCE,Telecom,senior,5.25,2029-03-15,2029-03-15,2023-11-14,,106.18,3.2993162765987343,,ishares_xcb,evaluated,2655000.0
2025-10-31,CA07813ZCR34,Bell Canada,BCE,Telecom,senior,5.15,2034-08-24,2034-08-24,2024-05-24,,106.68,4.232261147047077,,ishares_xcb,evaluated,4590000.0
2025-10-31,CA11291ZAE75,Brookfield Infrastructure Finance,BIP,Utilities,senior,4.19,2028-09-11,2028-09-11,2018-09-10,,102.56,3.2465595841668295,,ishares_xcb,evaluated,2941000.0
2025-10-31,CA11291ZAF41,Brookfield Infrastructure Finance,BIP,Utilities,senior,3.41,2029-10-09,2029-10-09,2019-10-03,,100.24,3.3442160057209063,,ishares_xcb,evaluated,3058000.0
2025-10-31,CA11291ZAG24,Brookfield Infrastructure Finance,BIP,Utilities,senior,2.86,2032-09-01,2032-09-01,2020-09-01,,93.86,3.8919953759122405,,ishares_xcb,evaluated,1955000.0
2025-10-31,CA11291ZAH07,Brookfield Infrastructure Finance,BIP,Utilities,senior,5.44,2034-04-25,2034-04-25,2022-04-25,,108.27,4.267725147547461,,ishares_xcb,evaluated,1540000.0
2025-10-31,CA11291ZAK36,Brookfield Infrastructure Finance,BIP,Utilities,senior,5.62,2027-11-14,2027-11-14,2022-11-14,,104.81,3.1530195057080976,,ishares_xcb,evaluated,1745000.0
2025-10-31,CA11291ZAL19,Brookfield Infrastructure Finance,BIP,Utilities,senior,5.98,2033-02-14,2033-02-14,2022-11-14,,111.64,4.112476459661414,,ishares_xcb,evaluated,944000.0
2025-10-31,CA11291ZAM91,Brookfield Infrastructure Finance,BIP,Utilities,senior,5.71,2030-07-27,2030-07-27,2023-07-27,,109.01,3.619656989611207,,ishares_xcb,evaluated,1866000.0
2025-10-31,CA11291ZAP23,Brookfield Infrastructure Finance,BIP,Utilities,senior,3.7,2031-01-06,2031-01-06,2025-09-24,,100.25,3.6437312414178407,,ishares_xcb,evaluated,1510000.0
2025-10-31,CA11291ZAQ06,Brookfield Infrastructure Finance,BIP,Utilities,senior,4.53,2035-09-24,2035-09-24,2025-09-24,,100.9,4.416740709551097,,ishares_xcb,evaluated,1655000.0
2025-10-31,CA13607L4C41,Canadian Imperial Bank of Commerce,CM,Banks,senior_bail_in,3.65,2028-12-10,2027-12-10,2024-12-10,,101.39,2.9622865680807773,,ishares_xcb,evaluated,5465000.0
2025-10-31,CA13607LF997,Canadian Imperial Bank of Commerce,CM,Banks,senior_bail_in,3.8,2030-12-10,2029-12-10,2024-12-10,,101.89,3.302605158004563,,ishares_xcb,evaluated,6900000.0
2025-10-31,CA13607LPY34,Canadian Imperial Bank of Commerce,CM,Banks,senior_bail_in,5.5,2028-01-14,2028-01-14,2023-07-14,,105.26,3.006712677049305,,ishares_xcb,evaluated,5065000.0
2025-10-31,CA13607P5X87,Canadian Imperial Bank of Commerce,CM,Banks,senior_bail_in,3.9,2031-06-20,2030-06-20,2025-06-20,,102.18,3.3863152540803854,,ishares_xcb,evaluated,4955000.0
2025-10-31,CA29251ZAD92,Enbridge Inc,ENB,Pipelines,senior,7.22,2030-07-24,2030-07-24,2000-07-24,,113.68,4.010775890074658,,ishares_xcb,evaluated,806000.0
2025-10-31,CA29251ZAK36,Enbridge Inc,ENB,Pipelines,senior,7.2,2032-06-18,2032-06-18,2001-06-18,,116.53,4.305343979109057,,ishares_xcb,evaluated,1060000.0
2025-10-31,CA29251ZAQ06,Enbridge Inc,ENB,Pipelines,senior,5.57,2035-11-14,2035-11-14,2005-11-14,,109.04,4.441118305596133,,ishares_xcb,evaluated,394000.0
2025-10-31,CA29251ZBS52,Enbridge Inc,ENB,Pipelines,senior,2.99,2029-10-03,2029-10-03,2019-10-03,,99.22,3.202912650802759,,ishares_xcb,evaluated,3730000.0
2025-10-31,CA29251ZBU09,Enbridge Inc,ENB,Pipelines,senior,3.1,2033-09-21,2033-09-21,2021-09-21,,94.49,3.9187117064434047,,ishares_xcb,evaluated,4381000.0
2025-10-31,CA29251ZBW64,Enbridge Inc,ENB,Pipelines,senior,6.1,2032-11-09,2032-11-09,2022-11-09,,112.86,3.979289297104047,,ishares_xcb,evaluated,2970000.0
2025-10-31,CA29251ZBY21,Enbridge Inc,ENB,Pipelines,senior,5.7,2027-11-09,2027-11-09,2022-11-09,,105.01,3.115219504929885,,ishares_xcb,evaluated,2136000.0
2025-10-31,CA29251ZBZ95,Enbridge Inc,ENB,Pipelines,senior,5.36,2033-05-26,2033-05-26,2023-05-26,,108.56,4.033221955936768,,ishares_xcb,evaluated,1480000.0
2025-10-31,CA29251ZCA36,Enbridge Inc,ENB,Pipelines,senior,4.9,2028-05-26,2028-05-26,2023-05-26,,104.28,3.145770318186395,,ishares_xcb,evaluated,2060000.0
2025-10-31,CA29251ZCC91,Enbridge Inc,ENB,Pipelines,senior,4.21,2030-02-22,2030-02-22,2024-08-22,,103.13,3.4200140145771467,,ishares_xcb,evaluated,2400000.0
2025-10-31,CA29251ZCD74,Enbridge Inc,ENB,Pipelines,senior,4.73,2034-08-22,2034-08-22,2024-08-22,,104.02,4.17807254535382,,ishares_xcb,evaluated,3658000.0
2025-10-31,CA29251ZCF23,Enbridge Inc,ENB,Pipelines,senior,3.55,2028-02-25,2028-02-25,2025-02-25,,101.12,3.0421249089793108,,ishares_xcb,evaluated,1623000.0
2025-10-31,CA29251ZCG06,Enbridge Inc,ENB,Pipelines,senior,3.9,2030-02-25,2030-02-25,2025-02-25,,101.94,3.410581071085915,,ishares_xcb,evaluated,3740000.0
2025-10-31,CA29251ZCH88,Enbridge Inc,ENB,Pipelines,senior,4.56,2035-02-25,2035-02-25,2025-02-25,,102.36,4.2490189198322,,ishares_xcb,evaluated,3010000.0
2025-10-31,CA349553AP21,Fortis Inc,FTS,Utilities,senior,2.18,2028-05-15,2028-05-15,2021-05-14,,98.5,2.7920619781285883,,ishares_xcb,evaluated,1816000.0
2025-10-31,CA349553AQ04,Fortis Inc,FTS,Utilities,senior,4.43,2029-05-31,2029-05-31,2022-05-31,,103.64,3.341057462053845,,ishares_xcb,evaluated,1930000.0
2025-10-31,CA349553AR86,Fortis Inc,FTS,Utilities,senior,5.68,2033-11-08,2033-11-08,2023-11-08,,110.94,4.064651811341758,,ishares_xcb,evaluated,1995000.0
2025-10-31,CA349553AS69,Fortis Inc,FTS,Utilities,senior,4.17,2031-09-09,2031-09-09,2024-09-09,,102.86,3.623804136762611,,ishares_xcb,evaluated,2135000.0
2025-10-31,CA349553AT43,Fortis Inc,FTS,Utilities,senior,4.09,2032-03-26,2032-03-26,2025-03-26,,101.89,3.7552345492247077,,ishares_xcb,evaluated,2280000.0
2025-10-31,CA44810ZAB63,Hydro One Inc,H,Utilities,senior,6.93,2032-06-01,2032-06-01,2001-06-22,,118.57,3.721968724132749,,ishares_xcb,evaluated,1710000.0
2025-10-31,CA44810ZAD20,Hydro One Inc,H,Utilities,senior,6.35,2034-01-31,2034-01-31,2003-01-31,,117.06,3.9079613004172606,,ishares_xcb,evaluated,1624000.0
2025-10-31,CA44810ZAP59,Hydro One Inc,H,Utilities,senior,5.36,2036-05-20,2036-05-20,2005-05-19,,111.09,4.055318491771357,,ishares_xcb,evaluated,2506000.0
2025-10-31,CA44810ZAS98,Hydro One Inc,H,Utilities,senior,4.89,2037-03-13,2037-03-13,2007-03-13,,106.41,4.176003666995051,,ishares_xcb,evaluated,1705000.0
2025-10-31,CA44810ZBZ23,Hydro One Inc,H,Utilities,senior,3.02,2029-04-05,2029-04-05,2019-04-05,,100.32,2.9210051091767526,,ishares_xcb,evaluated,2555000.0
2025-10-31,CA44810ZCC29,Hydro One Inc,H,Utilities,senior,2.16,2030-02-28,2030-02-28,2020-02-28,,96.85,2.939542407881203,,ishares_xcb,evaluated,1656000.0
2025-10-31,CA44810ZCF59,Hydro One Inc,H,Utilities,senior,1.69,2031-01-16,2031-01-16,2020-10-09,,93.5,3.0477487362870987,,ishares_xcb,evaluated,1674000.0
2025-10-31,CA44810ZCG33,Hydro One Inc,H,Utilities,senior,2.23,2031-09-17,2031-09-17,2021-09-17,,95.05,3.1594041406031037,,ishares_xcb,evaluated,1963000.0
2025-10-31,CA44810ZCJ71,Hydro One Inc,H,Utilities,senior,4.91,2028-01-27,2028-01-27,2022-10-27,,104.43,2.846885704891337,,ishares_xcb,evaluated,2997000.0
2025-10-31,CA44810ZCK45,Hydro One Inc,H,Utilities,senior,3.93,2029-11-30,2029-11-30,2023-01-27,,103.31,3.0571234313589897,,ishares_xcb,evaluated,2277000.0
2025-10-31,CA44810ZCL28,Hydro One Inc,H,Utilities,senior,4.16,2033-01-27,2033-01-27,2023-01-27,,103.34,3.6290619418853436,,ishares_xcb,evaluated,1740000.0
2025-10-31,CA44810ZCR97,Hydro One Inc,H,Utilities,senior,4.39,2034-03-01,2034-03-01,2024-01-12,,104.43,3.7659423737113396,,ishares_xcb,evaluated,2265000.0
2025-10-31,CA44810ZCS70,Hydro One Inc,H,Utilities,senior,4.25,2035-01-04,2035-01-04,2024-08-20,,102.76,3.887437076229273,,ishares_xcb,evaluated,4379000.0
2025-10-31,CA44810ZCT53,Hydro One Inc,H,Utilities,senior,3.94,2032-08-25,2032-08-25,2025-08-25,,102.03,3.599904560013855,,ishares_xcb,evaluated,2545000.0
2025-10-31,CA44810ZCU27,Hydro One Inc,H,Utilities,senior,4.3,2035-08-24,2035-08-24,2025-08-25,,102.61,3.9748287012593004,,ishares_xcb,evaluated,1470000.0
2025-10-31,CA448810AC58,Hydro One Inc,H,Utilities,senior,7.35,2030-06-03,2030-06-03,2000-06-01,,117.19,3.2822568560968475,,ishares_xcb,evaluated,1388000.0
2025-10-31,CA63306AHP45,National Bank of Canada,NA,Banks,senior_bail_in,5.22,2028-06-14,2028-06-14,2023-06-14,,105.65,2.9595273056083204,,ishares_xcb,evaluated,6850000.0
2025-10-31,CA63306AHT66,National Bank of Canada,NA,Banks,senior_bail_in,5.02,2029-02-01,2029-02-01,2023-12-07,,106.0,3.0630234680908757,,ishares_xcb,evaluated,5855000.0
2025-10-31,CA63306AJF45,National Bank of Canada,NA,Banks,senior_bail_in,3.52,2029-07-17,2028-07-17,2025-07-17,,101.2,3.0511063713472795,,ishares_xcb,evaluated,4245000.0
2025-10-31,CA63306AJH01,National Bank of Canada,NA,Banks,senior_bail_in,3.44,2031-10-21,2030-10-21,2025-10-21,,99.99,3.4420947542691023,,ishares_xcb,evaluated,3335000.0
2025-10-31,CA63306AJM95,National Bank of Canada,NA,Banks,senior_bail_in,3.31,2028-08-15,2027-08-15,2025-06-04,,100.6,2.95852732480656,,ishares_xcb,evaluated,4190000.0
2025-10-31,CA70632ZAK71,Pembina Pipeline,PPL,Pipelines,senior,4.02,2028-03-27,2028-03-27,2018-03-26,,101.93,3.1807198761211692,,ishares_xcb,evaluated,2882000.0
2025-10-31,CA70632ZAM38,Pembina Pipeline,PPL,Pipelines,senior,3.62,2029-04-03,2029-04-03,2019-04-03,,101.15,3.2618564171930196,,ishares_xcb,evaluated,2838000.0
2025-10-31,CA70632ZAQ42,Pembina Pipeline,PPL,Pipelines,senior,3.31,2030-02-01,2030-02-01,2019-09-12,,99.95,3.320129337900843,,ishares_xcb,evaluated,2130000.0
2025-10-31,CA70632ZAS08,Pembina Pipeline,PPL,Pipelines,senior,3.53,2031-12-10,2031-12-10,2021-12-10,,98.86,3.7392431175685172,,ishares_xcb,evaluated,2117000.0
2025-10-31,CA70632ZAV37,Pembina Pipeline,PPL,Pipelines,senior,5.02,2032-01-12,2032-01-12,2024-01-12,,106.06,3.9063719520437044,,ishares_xcb,evaluated,2950000.0
2025-10-31,CA70632ZAW10,Pembina Pipeline,PPL,Pipelines,senior,5.21,2034-01-12,2034-01-12,2024-01-12,,106.94,4.19789624543052,,ishares_xcb,evaluated,2595000.0
2025-10-31,CA70632ZAY75,Pembina Pipeline,PPL,Pipelines,senior,5.22,2033-06-28,2033-06-28,2024-06-28,,107.24,4.106961261872134,,ishares_xcb,evaluated,2360000.0
2025-10-31,CA775109BJ98,Rogers Communications,RCI,Telecom,senior,3.25,2029-05-01,2029-05-01,2019-04-30,,99.97,3.2564220288247734,,ishares_xcb,evaluated,2615000.0
2025-10-31,CA775109BT70,Rogers Communications,RCI,Telecom,senior,3.75,2029-04-15,2029-04-15,2022-03-11,,101.45,3.302357448823616,,ishares_xcb,evaluated,4566000.0
2025-10-31,CA775109BV27,Rogers Communications,RCI,Telecom,senior,4.25,2032-04-15,2032-04-15,2022-03-11,,102.14,3.871993776148751,,ishares_xcb,evaluated,4212000.0
2025-10-31,CA775109CP40,Rogers Communications,RCI,Telecom,senior,4.4,2028-11-02,2028-11-02,2023-04-03,,103.27,3.242936413491715,,ishares_xcb,evaluated,2018000.0
2025-10-31,CA775109CV18,Rogers Communications,RCI,Telecom,senior,5.7,2028-09-21,2028-09-21,2023-09-21,,106.75,3.234714339689081,,ishares_xcb,evaluated,4215000.0
2025-10-31,CA775109CW90,Rogers Communications,RCI,Telecom,senior,5.8,2030-09-21,2030-09-21,2023-09-21,,109.67,3.6242475730522505,,ishares_xcb,evaluated,2555000.0
2025-10-31,CA775109DA61,Rogers Communications,RCI,Telecom,senior,5.9,2033-09-21,2033-09-21,2023-09-21,,111.71,4.144706268967869,,ishares_xcb,evaluated,4075000.0
2025-10-31,CA779926DJ08,Royal Bank of Canada,RY,Banks,senior_bail_in,4.0,2030-10-17,2029-10-17,2024-10-17,,102.79,3.2436281738620494,,ishares_xcb,evaluated,6033000.0
2025-10-31,CA779926FY56,Royal Bank of Canada,RY,Banks,senior_bail_in,3.63,2028-12-10,2027-12-10,2024-12-10,,101.39,2.9424844562254155,,ishares_xcb,evaluated,8040000.0
2025-10-31,CA779926QX54,Royal Bank of Canada,RY,Banks,senior_bail_in,3.98,2031-07-22,2030-07-22,2025-07-22,,102.63,3.370267719726403,,ishares_xcb,evaluated,8035000.0
2025-10-31,CA779926QY38,Royal Bank of Canada,RY,Banks,senior_bail_in,3.41,2029-06-12,2028-06-12,2025-06-10,,100.98,3.015072592713243,,ishares_xcb,evaluated,8060000.0
2025-10-31,CA780086TY05,Royal Bank of Canada,RY,Banks,senior_bail_in,1.83,2028-07-31,2028-07-31,2021-07-29,,97.81,2.6591155117424914,,ishares_xcb,evaluated,4072000.0
2025-10-31,CA780086WG51,Royal Bank of Canada,RY,Banks,senior_bail_in,4.64,2028-01-17,2028-01-17,2023-01-17,,103.71,2.8894267444266304,,ishares_xcb,evaluated,8286000.0
2025-10-31,CA780086XL38,Royal Bank of Canada,RY,Banks,senior_bail_in,4.63,2028-05-01,2028-05-01,2023-04-20,,104.05,2.934481859074107,,ishares_xcb,evaluated,9930000.0
2025-10-31,CA780086ZH08,Royal Bank of Canada,RY,Banks,senior_bail_in,5.23,2030-06-24,2030-06-24,2023-06-23,,108.43,3.2584144456293687,,ishares_xcb,stale,5572000.0
2025-10-31,CA87971MBG74,TELUS,TU,Telecom,senior,3.63,2028-03-01,2028-03-01,2018-03-01,,101.22,3.0851210668581883,,ishares_xcb,evaluated,2634000.0
2025-10-31,CA87971MBJ14,TELUS,TU,Telecom,senior,3.3,2029-05-02,2029-05-02,2019-04-03,,100.44,3.162291137066965,,ishares_xcb,evaluated,4093000.0
2025-10-31,CA87971MBN26,TELUS,TU,Telecom,senior,3.15,2030-02-19,2030-02-19,2019-12-16,,99.14,3.36433043056788,,ishares_xcb,evaluated,2552000.0
2025-10-31,CA87971MBQ56,TELUS,TU,Telecom,senior,2.35,2028-01-27,2028-01-27,2020-05-29,,98.77,2.9181310391576667,,ishares_xcb,evaluated,2347000.0
2025-10-31,CA87971MBS13,TELUS,TU,Telecom,senior,2.05,2030-10-07,2030-10-07,2020-10-05,,94.41,3.286410022677655,,ishares_xcb,evaluated,1965000.0
2025-10-31,CA87971MBV42,TELUS,TU,Telecom,senior,2.85,2031-11-13,2031-11-13,2021-06-28,,95.85,3.619452730675337,,ishares_xcb,evaluated,2890000.0
2025-10-31,CA87971MBX08,TELUS,TU,Telecom,senior,5.25,2032-11-15,2032-11-15,2022-09-13,,107.69,3.9831427440055487,,ishares_xcb,evaluated,4407000.0
2025-10-31,CA87971MBZ55,TELUS,TU,Telecom,senior,5.0,2029-09-13,2029-09-13,2022-09-13,,105.71,3.4118389240738995,,ishares_xcb,evaluated,1984000.0
2025-10-31,CA87971MCA95,TELUS,TU,Telecom,senior,4.95,2033-03-28,2033-03-28,2023-03-28,,105.69,4.0532251611607,,ishares_xcb,evaluated,1988000.0
2025-10-31,CA87971MCB78,TELUS,TU,Telecom,senior,5.6,2030-09-09,2030-09-09,2023-09-08,,108.72,3.625836969145498,,ishares_xcb,evaluated,1880000.0
2025-10-31,CA87971MCC51,TELUS,TU,Telecom,senior,5.75,2033-09-08,2033-09-08,2023-09-08,,110.53,4.164359361364437,,ishares_xcb,evaluated,3200000.0
2025-10-31,CA87971MCE18,TELUS,TU,Telecom,senior,4.8,2028-12-15,2028-12-15,2024-02-15,,104.69,3.2068776229585088,,ishares_xcb,evaluated,2886000.0
2025-10-31,CA87971MCF82,TELUS,TU,Telecom,senior,4.95,2031-02-18,2031-02-18,2024-02-15,,106.01,3.6881243532508705,,ishares_xcb,evaluated,2673000.0
2025-10-31,CA87971MCG65,TELUS,TU,Telecom,senior,5.1,2034-02-15,2034-02-15,2024-02-15,,106.22,4.201560153575878,,ishares_xcb,evaluated,2315000.0
2025-10-31,CA87971MCH49,TELUS,TU,Telecom,senior,4.65,2031-08-13,2031-08-13,2024-08-13,,104.71,3.7345975970624687,,ishares_xcb,evaluated,2910000.0
2025-10-31,CA89116C3S44,Toronto-Dominion Bank,TD,Banks,senior_bail_in,3.61,2031-09-10,2030-09-10,2025-09-10,,100.81,3.427856975836744,,ishares_xcb,evaluated,10335000.0
2025-10-31,CA89116CDM60,Toronto-Dominion Bank,TD,Banks,senior_bail_in,4.23,2029-04-02,2029-04-02,2024-03-20,,104.25,2.915081426797229,,ishares_xcb,evaluated,4205000.0
2025-10-31,CA89116CQ341,Toronto-Dominion Bank,TD,Banks,senior_bail_in,3.84,2031-05-29,2030-05-29,2025-05-29,,102.02,3.356720080727471,,ishares_xcb,evaluated,9465000.0
2025-10-31,CA89116CST58,Toronto-Dominion Bank,TD,Banks,senior_bail_in,4.0,2030-10-31,2029-10-31,2024-10-31,,102.74,3.2637478008458682,,ishares_xcb,evaluated,5823000.0
2025-10-31,CA89116CWY97,Toronto-Dominion Bank,TD,Banks,senior_bail_in,4.13,2033-01-09,2032-01-09,2025-01-09,,102.68,3.6398321791832258,,ishares_xcb,evaluated,7868000.0
2025-10-31,CA89117FA338,Toronto-Dominion Bank,TD,Banks,senior_bail_in,1.89,2028-03-08,2028-03-08,2021-03-08,,98.26,2.6579956065023147,,ishares_xcb,evaluated,5415000.0
2025-10-31,CA89117FJ347,Toronto-Dominion Bank,TD,Banks,senior_bail_in,1.9,2028-09-11,2028-09-11,2021-09-10,,97.77,2.715474195810801,,ishares_xcb,evaluated,4466000.0
2025-10-31,CA89117GRJ80,Toronto-Dominion Bank,TD,Banks,senior_bail_in,4.68,2029-01-08,2029-01-08,2022-12-07,,104.89,3.052990981839936,,ishares_xcb,evaluated,10170000.0
2025-10-31,CA89117GTQ06,Toronto-Dominion Bank,TD,Banks,senior_bail_in,4.48,2028-01-18,2028-01-18,2023-01-18,,103.35,2.900531647317948,,ishares_xcb,evaluated,8336000.0
2025-10-31,CA89117GX510,Toronto-Dominion Bank,TD,Banks,senior_bail_in,5.49,2028-09-08,2028-09-08,2023-09-08,,106.72,3.0154704653073945,,ishares_xcb,evaluated,6139000.0
2025-10-31,CA89353ZBA53,TransCanada PipeLines,TRP,Pipelines,senior,6.89,2028-08-07,2028-08-07,1997-07-30,,108.35,3.682481022635986,,ishares_xcb,evaluated,732000.0
2025-10-31,CA89353ZBE75,TransCanada PipeLines,TRP,Pipelines,senior,6.28,2028-05-26,2028-05-26,1998-05-26,,106.75,3.500930167240928,,ishares_xcb,evaluated,803000.0
2025-10-31,CA89353ZBK36,TransCanada PipeLines,TRP,Pipelines,senior,6.5,2030-12-09,2030-12-09,1998-12-07,,110.49,4.193803509874412,,ishares_xcb,evaluated,775000.0
2025-10-31,CA89353ZCA45,TransCanada PipeLines,TRP,Pipelines,senior,3.39,2028-03-15,2028-03-15,2017-09-15,,100.7,3.0822983804198323,,ishares_xcb,evaluated,2492000.0
2025-10-31,CA89353ZCE66,TransCanada PipeLines,TRP,Pipelines,senior,3.0,2029-09-18,2029-09-18,2019-09-18,,99.53,3.129770494699828,,ishares_xcb,evaluated,3201000.0
2025-10-31,CA89353ZCH97,TransCanada PipeLines,TRP,Pipelines,senior,2.97,2031-06-09,2031-06-09,2021-06-09,,97.54,3.4553565530960806,,ishares_xcb,evaluated,2103000.0
2025-10-31,CA89353ZCK27,TransCanada PipeLines,TRP,Pipelines,senior,5.33,2032-05-12,2032-05-12,2022-05-12,,108.24,3.8857733248184347,,ishares_xcb,evaluated,3268000.0
2025-10-31,CA89353ZCN65,TransCanada PipeLines,TRP,Pipelines,senior,5.28,2030-07-15,2030-07-15,2023-03-10,,107.52,3.5276296257180197,,ishares_xcb,evaluated,5161000.0
2025-10-31,CA89353ZCQ96,TransCanada PipeLines,TRP,Pipelines,senior,4.58,2035-02-20,2035-02-20,2025-02-20,,102.57,4.2411140591626015,,ishares_xcb,evaluated,4305000.0
2025-11-28,CA06368L5G77,Bank of Montreal,BMO,Banks,senior_bail_in,4.42,2029-07-17,2029-07-17,2024-07-17,,104.15,3.1969823577986083,,ishares_xcb,evaluated,8030000.0
2025-11-28,CA06368LB887,Bank of Montreal,BMO,Banks,senior_bail_in,4.54,2028-12-18,2028-12-18,2023-12-18,,104.11,3.116492860151109,,ishares_xcb,evaluated,9420000.0
2025-11-28,CA06368LEY89,Bank of Montreal,BMO,Banks,senior_bail_in,4.71,2027-12-07,2027-12-07,2022-12-07,,103.35,2.9888808745810023,,ishares_xcb,evaluated,10067000.0
2025-11-28,CA06368LNK84,Bank of Montreal,BMO,Banks,senior_bail_in,5.04,2028-05-29,2028-05-29,2023-05-29,,104.72,3.0607372691818715,,ishares_xcb,evaluated,8064000.0
2025-11-28,CA06368MRF37,Bank of Montreal,BMO,Banks,senior_bail_in,3.73,2031-06-03,2030-06-03,2025-06-03,,101.34,3.4059053612421133,,ishares_xcb,evaluated,6495000.0
2025-11-28,CA064164QM14,Bank of Nova Scotia,BNS,Banks,senior_bail_in,4.68,2029-02-01,2029-02-01,2024-02-01,,104.74,3.096247763560804,,ishares_xcb,evaluated,8426000.0
2025-11-28,CA06418MM430,Bank of Nova Scotia,BNS,Banks,senior_bail_in,3.84,2030-09-26,2029-09-26,2024-09-26,,102.0,3.280047668169543,,ishares_xcb,evaluated,5259000.0
2025-11-28,CA06418MX742,Bank of Nova Scotia,BNS,Banks,senior_bail_in,3.81,2028-11-15,2027-11-15,2024-10-18,,101.56,2.9864010392566995,,ishares_xcb,evaluated,7990000.0
2025-11-28,CA06418YXB96,Bank of Nova Scotia,BNS,Banks,senior_bail_in,3.73,2031-06-27,2030-06-27,2025-03-27,,101.32,3.414645867825831,,ishares_xcb,evaluated,11020000.0
2025-11-28,CA07813ZAC82,Bell Canada,BCE,Telecom,senior,6.55,2029-05-01,2029-05-01,1999-07-19,,109.12,3.6912867989002875,,ishares_xcb,evaluated,632000.0
2025-11-28,CA07813ZAL81,Bell Canada,BCE,Telecom,senior,7.85,2031-04-02,2031-04-02,2001-04-02,,117.69,4.126031245557734,,ishares_xcb,evaluated,1130000.0
2025-11-28,CA07813ZAP95,Bell Canada,BCE,Telecom,senior,7.3,2032-02-23,2032-02-23,2002-02-22,,116.55,4.246731872015108,,ishares_xcb,evaluated,1291000.0
2025-11-28,CA07813ZAT18,Bell Canada,BCE,Telecom,senior,6.1,2035-03-16,2035-03-16,2004-03-16,,112.76,4.412408397912509,,ishares_xcb,evaluated,1703000.0
2025-11-28,CA07813ZBL72,Bell Canada,BCE,Telecom,senior,6.17,2037-02-26,2037-02-26,2007-02-26,,114.16,4.54520265480543,,ishares_xcb,evaluated,1178000.0
2025-11-28,CA07813ZCC64,Bell Canada,BCE,Telecom,senior,2.9,2029-09-10,2029-09-10,2019-09-10,,98.64,3.2860210818504174,,ishares_xcb,evaluated,2516000.0
2025-11-28,CA07813ZCE21,Bell Canada,BCE,Telecom,senior,2.5,2030-05-14,2030-05-14,2020-05-14,,96.8,3.276849230747922,,ishares_xcb,evaluated,3742000.0
2025-11-28,CA07813ZCG78,Bell Canada,BCE,Telecom,senior,3.0,2031-03-17,2031-03-17,2021-03-17,,97.06,3.614769037193894,,ishares_xcb,evaluated,4408000.0
2025-11-28,CA07813ZCJ18,Bell Canada,BCE,Telecom,senior,2.2,2028-05-29,2028-05-29,2021-05-28,,98.37,2.877183448994197,,ishares_xcb,evaluated,2358000.0
2025-11-28,CA07813ZCK80,Bell Canada,BCE,Telecom,senior,5.85,2032-11-10,2032-11-10,2022-11-10,,110.88,4.0389225263056145,,ishares_xcb,evaluated,5705000.0
2025-11-28,CA07813ZCL63,Bell Canada,BCE,Telecom,senior,4.55,2030-02-09,2030-02-09,2023-02-09,,104.11,3.4850687698854417,,ishares_xcb,evaluated,4651000.0
2025-11-28,CA07813ZCQ50,Bell Canada,BCE,Telecom,senior,5.25,2029-03-15,2029-03-15,2023-11-14,,105.92,3.339215076327017,,ishares_xcb,evaluated,2655000.0
2025-11-28,CA07813ZCR34,Bell Canada,BCE,Telecom,senior,5.15,2034-08-24,2034-08-24,2024-05-24,,106.39,4.263987286519965,,ishares_xcb,evaluated,4590000.0
2025-11-28,CA11291ZAE75,Brookfield Infrastructure Finance,BIP,Utilities,senior,4.19,2028-09-11,2028-09-11,2018-09-10,,102.41,3.2785554648241697,,ishares_xcb,evaluated,2941000.0
2025-11-28,CA11291ZAF41,Brookfield Infrastructure Finance,BIP,Utilities,senior,3.41,2029-10-09,2029-10-09,2019-10-03,,100.18,3.3594918442901904,,ishares_xcb,evaluated,3058000.0
2025-11-28,CA11291ZAG24,Brookfield Infrastructure Finance,BIP,Utilities,senior,2.86,2032-09-01,2032-09-01,2020-09-01,,93.72,3.927619812751736,,ishares_xcb,evaluated,2255000.0
2025-11-28,CA11291ZAH07,Brookfield Infrastructure Finance,BIP,Utilities,senior,5.44,2034-04-25,2034-04-25,2022-04-25,,107.9,4.3093764828587995,,ishares_xcb,evaluated,1540000.0
2025-11-28,CA11291ZAL19,Brookfield Infrastructure Finance,BIP,Utilities,senior,5.98,2033-02-14,2033-02-14,2022-11-14,,111.2,4.162763674705398,,ishares_xcb,evaluated,944000.0
2025-11-28,CA11291ZAM91,Brookfield Infrastructure Finance,BIP,Utilities,senior,5.71,2030-07-27,2030-07-27,2023-07-27,,108.72,3.6540889637606107,,ishares_xcb,evaluated,2016000.0
2025-11-28,CA11291ZAP23,Brookfield Infrastructure Finance,BIP,Utilities,senior,3.7,2031-01-06,2031-01-06,2025-09-24,,100.07,3.681628926349774,,ishares_xcb,evaluated,1955000.0
2025-11-28,CA11291ZAQ06,Brookfield Infrastructure Finance,BIP,Utilities,senior,4.53,2035-09-24,2035-09-24,2025-09-24,,100.55,4.460342915325672,,ishares_xcb,evaluated,2120000.0
2025-11-28,CA13607L4C41,Canadian Imperial Bank of Commerce,CM,Banks,senior_bail_in,3.65,2028-12-10,2027-12-10,2024-12-10,,101.28,2.993459647971864,,ishares_xcb,evaluated,5465000.0
2025-11-28,CA13607LF997,Canadian Imperial Bank of Commerce,CM,Banks,senior_bail_in,3.8,2030-12-10,2029-12-10,2024-12-10,,101.76,3.3284594755644825,,ishares_xcb,evaluated,6971000.0
2025-11-28,CA13607LPY34,Canadian Imperial Bank of Commerce,CM,Banks,senior_bail_in,5.5,2028-01-14,2028-01-14,2023-07-14,,105.04,3.0261684881852813,,ishares_xcb,evaluated,5335000.0
2025-11-28,CA13607P5X87,Canadian Imperial Bank of Commerce,CM,Banks,senior_bail_in,3.9,2031-06-20,2030-06-20,2025-06-20,,101.96,3.4304806864970505,,ishares_xcb,evaluated,5045000.0
2025-11-28,CA29251ZAD92,Enbridge Inc,ENB,Pipelines,senior,7.22,2030-07-24,2030-07-24,2000-07-24,,113.55,3.994502902584138,,ishares_xcb,evaluated,806000.0
2025-11-28,CA29251ZAK36,Enbridge Inc,ENB,Pipelines,senior,7.2,2032-06-18,2032-06-18,2001-06-18,,115.93,4.375937264593639,,ishares_xcb,evaluated,1060000.0
2025-11-28,CA29251ZAQ06,Enbridge Inc,ENB,Pipelines,senior,5.57,2035-11-14,2035-11-14,2005-11-14,,108.64,4.484932878198223,,ishares_xcb,evaluated,394000.0
2025-11-28,CA29251ZBS52,Enbridge Inc,ENB,Pipelines,senior,2.99,2029-10-03,2029-10-03,2019-10-03,,99.19,3.2152206266071848,,ishares_xcb,evaluated,3730000.0
2025-11-28,CA29251ZBU09,Enbridge Inc,ENB,Pipelines,senior,3.1,2033-09-21,2033-09-21,2021-09-21,,94.36,3.946171988512326,,ishares_xcb,evaluated,4381000.0
2025-11-28,CA29251ZBW64,Enbridge Inc,ENB,Pipelines,senior,6.1,2032-11-09,2032-11-09,2022-11-09,,112.5,4.0199285065217145,,ishares_xcb,evaluated,2970000.0
2025-11-28,CA29251ZBZ95,Enbridge Inc,ENB,Pipelines,senior,5.36,2033-05-26,2033-05-26,2023-05-26,,108.23,4.0745965651460425,,ishares_xcb,evaluated,1980000.0
2025-11-28,CA29251ZCA36,Enbridge Inc,ENB,Pipelines,senior,4.9,2028-05-26,2028-05-26,2023-05-26,,104.06,3.1937593698531366,,ishares_xcb,evaluated,2560000.0
2025-11-28,CA29251ZCC91,Enbridge Inc,ENB,Pipelines,senior,4.21,2030-02-22,2030-02-22,2024-08-22,,102.99,3.4415117388244236,,ishares_xcb,evaluated,2400000.0
2025-11-28,CA29251ZCD74,Enbridge Inc,ENB,Pipelines,senior,4.73,2034-08-22,2034-08-22,2024-08-22,,103.67,4.220937765581642,,ishares_xcb,evaluated,3753000.0
2025-11-28,CA29251ZCF23,Enbridge Inc,ENB,Pipelines,senior,3.55,2028-02-25,2028-02-25,2025-02-25,,100.99,3.084479636588881,,ishares_xcb,evaluated,1659000.0
2025-11-28,CA29251ZCG06,Enbridge Inc,ENB,Pipelines,senior,3.9,2030-02-25,2030-02-25,2025-02-25,,101.8,3.437168287486797,,ishares_xcb,evaluated,3740000.0
2025-11-28,CA29251ZCH88,Enbridge Inc,ENB,Pipelines,senior,4.56,2035-02-25,2035-02-25,2025-02-25,,102.1,4.280405534441421,,ishares_xcb,evaluated,2930000.0
2025-11-28,CA349553AP21,Fortis Inc,FTS,Utilities,senior,2.18,2028-05-15,2028-05-15,2021-05-14,,98.51,2.8101581272946357,,ishares_xcb,evaluated,1947000.0
2025-11-28,CA349553AQ04,Fortis Inc,FTS,Utilities,senior,4.43,2029-05-31,2029-05-31,2022-05-31,,103.6,3.331489273250877,,ishares_xcb,evaluated,1930000.0
2025-11-28,CA349553AR86,Fortis Inc,FTS,Utilities,senior,5.68,2033-11-08,2033-11-08,2023-11-08,,110.7,4.088977294284919,,ishares_xcb,evaluated,1995000.0
2025-11-28,CA349553AS69,Fortis Inc,FTS,Utilities,senior,4.17,2031-09-09,2031-09-09,2024-09-09,,102.75,3.638625171428704,,ishares_xcb,evaluated,2135000.0
2025-11-28,CA349553AT43,Fortis Inc,FTS,Utilities,senior,4.09,2032-03-26,2032-03-26,2025-03-26,,101.87,3.7554125196139703,,ishares_xcb,evaluated,2220000.0
2025-11-28,CA44810ZAB63,Hydro One Inc,H,Utilities,senior,6.93,2032-06-01,2032-06-01,2001-06-22,,118.22,3.7474569258322448,,ishares_xcb,evaluated,1710000.0
2025-11-28,CA44810ZAD20,Hydro One Inc,H,Utilities,senior,6.35,2034-01-31,2034-01-31,2003-01-31,,116.92,3.9083310495992674,,ishares_xcb,evaluated,1904000.0
2025-11-28,CA44810ZAP59,Hydro One Inc,H,Utilities,senior,5.36,2036-05-20,2036-05-20,2005-05-19,,111.12,4.047269843938635,,ishares_xcb,evaluated,2506000.0
2025-11-28,CA44810ZAS98,Hydro One Inc,H,Utilities,senior,4.89,2037-03-13,2037-03-13,2007-03-13,,106.01,4.215741182245943,,ishares_xcb,evaluated,1705000.0
2025-11-28,CA44810ZBZ23,Hydro One Inc,H,Utilities,senior,3.02,2029-04-05,2029-04-05,2019-04-05,,100.31,2.9218990582082838,,ishares_xcb,evaluated,2475000.0
2025-11-28,CA44810ZCC29,Hydro One Inc,H,Utilities,senior,2.16,2030-02-28,2030-02-28,2020-02-28,,96.93,2.931954601428513,,ishares_xcb,evaluated,1956000.0
2025-11-28,CA44810ZCF59,Hydro One Inc,H,Utilities,senior,1.69,2031-01-16,2031-01-16,2020-10-09,,93.74,3.0141045106487003,,ishares_xcb,evaluated,1674000.0
2025-11-28,CA44810ZCG33,Hydro One Inc,H,Utilities,senior,2.23,2031-09-17,2031-09-17,2021-09-17,,95.17,3.147743768471431,,ishares_xcb,evaluated,1963000.0
2025-11-28,CA44810ZCJ71,Hydro One Inc,H,Utilities,senior,4.91,2028-01-27,2028-01-27,2022-10-27,,104.26,2.8566856034196695,,ishares_xcb,evaluated,3097000.0
2025-11-28,CA44810ZCK45,Hydro One Inc,H,Utilities,senior,3.93,2029-11-30,2029-11-30,2023-01-27,,103.22,3.06528265850795,,ishares_xcb,evaluated,2577000.0
2025-11-28,CA44810ZCL28,Hydro One Inc,H,Utilities,senior,4.16,2033-01-27,2033-01-27,2023-01-27,,103.21,3.6442836521810786,,ishares_xcb,evaluated,1770000.0
2025-11-28,CA44810ZCR97,Hydro One Inc,H,Utilities,senior,4.39,2034-03-01,2034-03-01,2024-01-12,,104.15,3.800211083275494,,ishares_xcb,evaluated,2265000.0
2025-11-28,CA44810ZCS70,Hydro One Inc,H,Utilities,senior,4.25,2035-01-04,2035-01-04,2024-08-20,,102.52,3.9158809327706128,,ishares_xcb,evaluated,4379000.0
2025-11-28,CA44810ZCT53,Hydro One Inc,H,Utilities,senior,3.94,2032-08-25,2032-08-25,2025-08-25,,102.02,3.5977541593668505,,ishares_xcb,evaluated,2545000.0
2025-11-28,CA44810ZCU27,Hydro One Inc,H,Utilities,senior,4.3,2035-08-24,2035-08-24,2025-08-25,,102.55,3.9797818498798807,,ishares_xcb,evaluated,1470000.0
2025-11-28,CA44810ZCW82,Hydro One Inc,H,Utilities,senior,3.9,2033-11-21,2033-11-21,2025-11-21,,100.92,3.7654523243928186,,ishares_xcb,evaluated,5490000.0
2025-11-28,CA448810AC58,Hydro One Inc,H,Utilities,senior,7.35,2030-06-03,2030-06-03,2000-06-01,,116.77,3.316387898059523,,ishares_xcb,evaluated,1388000.0
2025-11-28,CA63306AHP45,National Bank of Canada,NA,Banks,senior_bail_in,5.22,2028-06-14,2028-06-14,2023-06-14,,105.39,3.0000066788785156,,ishares_xcb,evaluated,7065000.0
2025-11-28,CA63306AHT66,National Bank of Canada,NA,Banks,senior_bail_in,5.02,2029-02-01,2029-02-01,2023-12-07,,105.78,3.0897920068025435,,ishares_xcb,evaluated,6055000.0
2025-11-28,CA63306AJF45,National Bank of Canada,NA,Banks,senior_bail_in,3.52,2029-07-17,2028-07-17,2025-07-17,,101.09,3.081027513846366,,ishares_xcb,evaluated,4525000.0
2025-11-28,CA63306AJH01,National Bank of Canada,NA,Banks,senior_bail_in,3.44,2031-10-21,2030-10-21,2025-10-21,,99.85,3.4732566730145944,,ishares_xcb,evaluated,4335000.0
2025-11-28,CA63306AJM95,National Bank of Canada,NA,Banks,senior_bail_in,3.31,2028-08-15,2027-08-15,2025-06-04,,100.57,2.9601425386329616,,ishares_xcb,evaluated,4180000.0
2025-11-28,CA70632ZAK71,Pembina Pipeline,PPL,Pipelines,senior,4.02,2028-03-27,2028-03-27,2018-03-26,,101.83,3.199191663044423,,ishares_xcb,evaluated,2882000.0
2025-11-28,CA70632ZAM38,Pembina Pipeline,PPL,Pipelines,senior,3.62,2029-04-03,2029-04-03,2019-04-03,,101.06,3.282401676469255,,ishares_xcb,evaluated,2758000.0
2025-11-28,CA70632ZAQ42,Pembina Pipeline,PPL,Pipelines,senior,3.31,2030-02-01,2030-02-01,2019-09-12,,99.85,3.345694856197692,,ishares_xcb,evaluated,2130000.0
2025-11-28,CA70632ZAS08,Pembina Pipeline,PPL,Pipelines,senior,3.53,2031-12-10,2031-12-10,2021-12-10,,98.8,3.753101165358131,,ishares_xcb,evaluated,2117000.0
2025-11-28,CA70632ZAV37,Pembina Pipeline,PPL,Pipelines,senior,5.02,2032-01-12,2032-01-12,2024-01-12,,106.1,3.8870673902795443,,ishares_xcb,evaluated,3355000.0
2025-11-28,CA70632ZAW10,Pembina Pipeline,PPL,Pipelines,senior,5.21,2034-01-12,2034-01-12,2024-01-12,,106.86,4.201265239253569,,ishares_xcb,evaluated,2595000.0
2025-11-28,CA70632ZAY75,Pembina Pipeline,PPL,Pipelines,senior,5.22,2033-06-28,2033-06-28,2024-06-28,,107.11,4.117243297678482,,ishares_xcb,evaluated,2660000.0
2025-11-28,CA775109BJ98,Rogers Communications,RCI,Telecom,senior,3.25,2029-05-01,2029-05-01,2019-04-30,,99.89,3.284314079087941,,ishares_xcb,evaluated,2815000.0
2025-11-28,CA775109BT70,Rogers Communications,RCI,Telecom,senior,3.75,2029-04-15,2029-04-15,2022-03-11,,101.3,3.33946564147536,,ishares_xcb,evaluated,4506000.0
2025-11-28,CA775109BV27,Rogers Communications,RCI,Telecom,senior,4.25,2032-04-15,2032-04-15,2022-03-11,,101.99,3.894264058405767,,ishares_xcb,evaluated,4587000.0
2025-11-28,CA775109CP40,Rogers Communications,RCI,Telecom,senior,4.4,2028-11-02,2028-11-02,2023-04-03,,103.02,3.3094954678754873,,ishares_xcb,evaluated,2188000.0
2025-11-28,CA775109CV18,Rogers Communications,RCI,Telecom,senior,5.7,2028-09-21,2028-09-21,2023-09-21,,106.43,3.2886607358594007,,ishares_xcb,evaluated,4215000.0
2025-11-28,CA775109CW90,Rogers Communications,RCI,Telecom,senior,5.8,2030-09-21,2030-09-21,2023-09-21,,109.4,3.6528056116789394,,ishares_xcb,evaluated,3065000.0
2025-11-28,CA775109DA61,Rogers Communications,RCI,Telecom,senior,5.9,2033-09-21,2033-09-21,2023-09-21,,111.21,4.202069450355536,,ishares_xcb,evaluated,4075000.0
2025-11-28,CA779926DJ08,Royal Bank of Canada,RY,Banks,senior_bail_in,4.0,2030-10-17,2029-10-17,2024-10-17,,102.61,3.2784950412128357,,ishares_xcb,evaluated,6333000.0
2025-11-28,CA779926FY56,Royal Bank of Canada,RY,Banks,senior_bail_in,3.63,2028-12-10,2027-12-10,2024-12-10,,101.3,2.9635119694557552,,ishares_xcb,evaluated,8540000.0
2025-11-28,CA779926QX54,Royal Bank of Canada,RY,Banks,senior_bail_in,3.98,2031-07-22,2030-07-22,2025-07-22,,102.45,3.402307151749505,,ishares_xcb,evaluated,8455000.0
2025-11-28,CA779926QY38,Royal Bank of Canada,RY,Banks,senior_bail_in,3.41,2029-06-12,2028-06-12,2025-06-10,,100.86,3.053151305086092,,ishares_xcb,evaluated,8560000.0
2025-11-28,CA780086TY05,Royal Bank of Canada,RY,Banks,senior_bail_in,1.83,2028-07-31,2028-07-31,2021-07-29,,97.8,2.6857167404746694,,ishares_xcb,evaluated,4422000.0
2025-11-28,CA780086WG51,Royal Bank of Canada,RY,Banks,senior_bail_in,4.64,2028-01-17,2028-01-17,2023-01-17,,103.55,2.9054051295291865,,ishares_xcb,evaluated,8286000.0
2025-11-28,CA780086XL38,Royal Bank of Canada,RY,Banks,senior_bail_in,4.63,2028-05-01,2028-05-01,2023-04-20,,103.83,2.9816523921073848,,ishares_xcb,evaluated,10160000.0
2025-11-28,CA780086ZH08,Royal Bank of Canada,RY,Banks,senior_bail_in,5.23,2030-06-24,2030-06-24,2023-06-23,,108.25,3.270144191736648,,ishares_xcb,evaluated,5572000.0
2025-11-28,CA87971MBG74,TELUS,TU,Telecom,senior,3.63,2028-03-01,2028-03-01,2018-03-01,,101.13,3.109396595452869,,ishares_xcb,evaluated,2634000.0
2025-11-28,CA87971MBJ14,TELUS,TU,Telecom,senior,3.3,2029-05-02,2029-05-02,2019-04-03,,100.38,3.1822273889584087,,ishares_xcb,evaluated,4093000.0
2025-11-28,CA87971MBN26,TELUS,TU,Telecom,senior,3.15,2030-02-19,2030-02-19,2019-12-16,,99.12,3.372543766589825,,ishares_xcb,evaluated,2832000.0
2025-11-28,CA87971MBQ56,TELUS,TU,Telecom,senior,2.35,2028-01-27,2028-01-27,2020-05-29,,98.75,2.9467112263162845,,ishares_xcb,evaluated,2393000.0
2025-11-28,CA87971MBS13,TELUS,TU,Telecom,senior,2.05,2030-10-07,2030-10-07,2020-10-05,,94.37,3.3142681911826823,,ishares_xcb,evaluated,1965000.0
2025-11-28,CA87971MBV42,TELUS,TU,Telecom,senior,2.85,2031-11-13,2031-11-13,2021-06-28,,95.82,3.6365923966099176,,ishares_xcb,evaluated,3190000.0
2025-11-28,CA87971MBX08,TELUS,TU,Telecom,senior,5.25,2032-11-15,2032-11-15,2022-09-13,,107.38,4.02426640913446,,ishares_xcb,evaluated,4607000.0
2025-11-28,CA87971MBZ55,TELUS,TU,Telecom,senior,5.0,2029-09-13,2029-09-13,2022-09-13,,105.47,3.448946456026431,,ishares_xcb,evaluated,1984000.0
2025-11-28,CA87971MCA95,TELUS,TU,Telecom,senior,4.95,2033-03-28,2033-03-28,2023-03-28,,105.46,4.080995328795399,,ishares_xcb,evaluated,2393000.0
2025-11-28,CA87971MCB78,TELUS,TU,Telecom,senior,5.6,2030-09-09,2030-09-09,2023-09-08,,108.5,3.6466828010639456,,ishares_xcb,evaluated,1938000.0
2025-11-28,CA87971MCC51,TELUS,TU,Telecom,senior,5.75,2033-09-08,2033-09-08,2023-09-08,,110.37,4.175023556042148,,ishares_xcb,evaluated,3400000.0
2025-11-28,CA87971MCE18,TELUS,TU,Telecom,senior,4.8,2028-12-15,2028-12-15,2024-02-15,,104.48,3.241127106428564,,ishares_xcb,evaluated,2886000.0
2025-11-28,CA87971MCF82,TELUS,TU,Telecom,senior,4.95,2031-02-18,2031-02-18,2024-02-15,,105.87,3.7000772330866565,,ishares_xcb,evaluated,2673000.0
2025-11-28,CA87971MCG65,TELUS,TU,Telecom,senior,5.1,2034-02-15,2034-02-15,2024-02-15,,106.1,4.2111965392287,,ishares_xcb,evaluated,2315000.0
2025-11-28,CA87971MCH49,TELUS,TU,Telecom,senior,4.65,2031-08-13,2031-08-13,2024-08-13,,104.45,3.773077231559191,,ishares_xcb,evaluated,2810000.0
2025-11-28,CA89116C3S44,Toronto-Dominion Bank,TD,Banks,senior_bail_in,3.61,2031-09-10,2030-09-10,2025-09-10,,100.65,3.4619449388841215,,ishares_xcb,evaluated,11035000.0
2025-11-28,CA89116CDM60,Toronto-Dominion Bank,TD,Banks,senior_bail_in,4.23,2029-04-02,2029-04-02,2024-03-20,,104.15,2.917731989646748,,ishares_xcb,evaluated,4705000.0
2025-11-28,CA89116CQ341,Toronto-Dominion Bank,TD,Banks,senior_bail_in,3.84,2031-05-29,2030-05-29,2025-05-29,,101.88,3.3838046928584333,,ishares_xcb,evaluated,9465000.0
2025-11-28,CA89116CST58,Toronto-Dominion Bank,TD,Banks,senior_bail_in,4.0,2030-10-31,2029-10-31,2024-10-31,,102.57,3.2962961844611587,,ishares_xcb,evaluated,6323000.0
2025-11-28,CA89116CWY97,Toronto-Dominion Bank,TD,Banks,senior_bail_in,4.13,2033-01-09,2032-01-09,2025-01-09,,102.46,3.6740804702620706,,ishares_xcb,evaluated,8503000.0
2025-11-28,CA89117FA338,Toronto-Dominion Bank,TD,Banks,senior_bail_in,1.89,2028-03-08,2028-03-08,2021-03-08,,98.22,2.7024282406299958,,ishares_xcb,evaluated,5415000.0
2025-11-28,CA89117FJ347,Toronto-Dominion Bank,TD,Banks,senior_bail_in,1.9,2028-09-11,2028-09-11,2021-09-10,,97.89,2.6922810843558236,,ishares_xcb,evaluated,5466000.0
2025-11-28,CA89117GRJ80,Toronto-Dominion Bank,TD,Banks,senior_bail_in,4.68,2029-01-08,2029-01-08,2022-12-07,,104.66,3.091433840642748,,ishares_xcb,evaluated,10170000.0
2025-11-28,CA89117GTQ06,Toronto-Dominion Bank,TD,Banks,senior_bail_in,4.48,2028-01-18,2028-01-18,2023-01-18,,103.18,2.927108383077766,,ishares_xcb,evaluated,8536000.0
2025-11-28,CA89117GX510,Toronto-Dominion Bank,TD,Banks,senior_bail_in,5.49,2028-09-08,2028-09-08,2023-09-08,,106.44,3.0547791115670324,,ishares_xcb,evaluated,6739000.0
2025-11-28,CA89353ZBA53,TransCanada PipeLines,TRP,Pipelines,senior,6.89,2028-08-07,2028-08-07,1997-07-30,,108.02,3.722644171230068,,ishares_xcb,evaluated,732000.0
2025-11-28,CA89353ZBE75,TransCanada PipeLines,TRP,Pipelines,senior,6.28,2028-05-26,2028-05-26,1998-05-26,,106.54,3.518483041723909,,ishares_xcb,evaluated,803000.0
2025-11-28,CA89353ZBK36,TransCanada PipeLines,TRP,Pipelines,senior,6.5,2030-12-09,2030-12-09,1998-12-07,,109.72,4.326662716213856,,ishares_xcb,evaluated,775000.0
2025-11-28,CA89353ZCA45,TransCanada PipeLines,TRP,Pipelines,senior,3.39,2028-03-15,2028-03-15,2017-09-15,,100.65,3.0956421923023223,,ishares_xcb,evaluated,2847000.0
2025-11-28,CA89353ZCE66,TransCanada PipeLines,TRP,Pipelines,senior,3.0,2029-09-18,2029-09-18,2019-09-18,,99.4,3.169247685189151,,ishares_xcb,evaluated,3201000.0
2025-11-28,CA89353ZCH97,TransCanada PipeLines,TRP,Pipelines,senior,2.97,2031-06-09,2031-06-09,2021-06-09,,97.53,3.4637265856170787,,ishares_xcb,evaluated,2103000.0
2025-11-28,CA89353ZCK27,TransCanada PipeLines,TRP,Pipelines,senior,5.33,2032-05-12,2032-05-12,2022-05-12,,108.09,3.900341075057868,,ishares_xcb,evaluated,3268000.0
2025-11-28,CA89353ZCN65,TransCanada PipeLines,TRP,Pipelines,senior,5.28,2030-07-15,2030-07-15,2023-03-10,,107.37,3.5356773270170114,,ishares_xcb,evaluated,5161000.0
2025-11-28,CA89353ZCQ96,TransCanada PipeLines,TRP,Pipelines,senior,4.58,2035-02-20,2035-02-20,2025-02-20,,102.46,4.252775104782614,,ishares_xcb,evaluated,4305000.0
2025-12-31,CA06368L5G77,Bank of Montreal,BMO,Banks,senior_bail_in,4.42,2029-07-17,2029-07-17,2024-07-17,,103.55,3.3446162650881157,,ishares_xcb,evaluated,9030000.0
2025-12-31,CA06368LB887,Bank of Montreal,BMO,Banks,senior_bail_in,4.54,2028-12-18,2028-12-18,2023-12-18,,103.58,3.2628504439081407,,ishares_xcb,evaluated,9600000.0
2025-12-31,CA06368LNK84,Bank of Montreal,BMO,Banks,senior_bail_in,5.04,2028-05-29,2028-05-29,2023-05-29,,104.22,3.207902383572615,,ishares_xcb,evaluated,8849000.0
2025-12-31,CA06368MRF37,Bank of Montreal,BMO,Banks,senior_bail_in,3.73,2031-06-03,2030-06-03,2025-06-03,,100.56,3.591599815451755,,ishares_xcb,evaluated,6495000.0
2025-12-31,CA064164QM14,Bank of Nova Scotia,BNS,Banks,senior_bail_in,4.68,2029-02-01,2029-02-01,2024-02-01,,104.17,3.2431144660010043,,ishares_xcb,evaluated,8771000.0
2025-12-31,CA06418MM430,Bank of Nova Scotia,BNS,Banks,senior_bail_in,3.84,2030-09-26,2029-09-26,2024-09-26,,101.33,3.458558551428655,,ishares_xcb,evaluated,5259000.0
2025-12-31,CA06418MX742,Bank of Nova Scotia,BNS,Banks,senior_bail_in,3.81,2028-11-15,2027-11-15,2024-10-18,,101.24,3.1238785483544387,,ishares_xcb,evaluated,8885000.0
2025-12-31,CA06418Y4L93,Bank of Nova Scotia,BNS,Banks,senior_bail_in,3.62,2032-01-30,2031-01-30,2025-12-10,,99.57,3.710422066479366,,ishares_xcb,evaluated,11465000.0
2025-12-31,CA06418YXB96,Bank of Nova Scotia,BNS,Banks,senior_bail_in,3.73,2031-06-27,2030-06-27,2025-03-27,,100.54,3.5985924985243245,,ishares_xcb,evaluated,11577000.0
2025-12-31,CA07813ZAC82,Bell Canada,BCE,Telecom,senior,6.55,2029-05-01,2029-05-01,1999-07-19,,108.56,3.7933731167017655,,ishares_xcb,evaluated,632000.0
2025-12-31,CA07813ZAL81,Bell Canada,BCE,Telecom,senior,7.85,2031-04-02,2031-04-02,2001-04-02,,116.43,4.319258315374739,,ishares_xcb,evaluated,1130000.0
2025-12-31,CA07813ZAP95,Bell Canada,BCE,Telecom,senior,7.3,2032-02-23,2032-02-23,2002-02-22,,115.55,4.381329066438172,,ishares_xcb,evaluated,1291000.0
2025-12-31,CA07813ZAT18,Bell Canada,BCE,Telecom,senior,6.1,2035-03-16,2035-03-16,2004-03-16,,111.52,4.555009245570921,,ishares_xcb,evaluated,1703000.0
2025-12-31,CA07813ZBL72,Bell Canada,BCE,Telecom,senior,6.17,2037-02-26,2037-02-26,2007-02-26,,112.67,4.694995722665041,,ishares_xcb,evaluated,1378000.0
2025-12-31,CA07813ZCC64,Bell Canada,BCE,Telecom,senior,2.9,2029-09-10,2029-09-10,2019-09-10,,98.14,3.442287503930195,,ishares_xcb,evaluated,2516000.0
2025-12-31,CA07813ZCE21,Bell Canada,BCE,Telecom,senior,2.5,2030-05-14,2030-05-14,2020-05-14,,96.24,3.4340609158555835,,ishares_xcb,evaluated,4742000.0
2025-12-31,CA07813ZCG78,Bell Canada,BCE,Telecom,senior,3.0,2031-03-17,2031-03-17,2021-03-17,,96.54,3.737846735730536,,ishares_xcb,evaluated,5013000.0
2025-12-31,CA07813ZCJ18,Bell Canada,BCE,Telecom,senior,2.2,2028-05-29,2028-05-29,2021-05-28,,98.16,2.996757404821531,,ishares_xcb,evaluated,2358000.0
2025-12-31,CA07813ZCK80,Bell Canada,BCE,Telecom,senior,5.85,2032-11-10,2032-11-10,2022-11-10,,109.9,4.175334565719945,,ishares_xcb,evaluated,5705000.0
2025-12-31,CA07813ZCL63,Bell Canada,BCE,Telecom,senior,4.55,2030-02-09,2030-02-09,2023-02-09,,103.48,3.6259321953266817,,ishares_xcb,evaluated,4651000.0
2025-12-31,CA07813ZCQ50,Bell Canada,BCE,Telecom,senior,5.25,2029-03-15,2029-03-15,2023-11-14,,105.36,3.4705445860679704,,ishares_xcb,evaluated,2955000.0
2025-12-31,CA07813ZCR34,Bell Canada,BCE,Telecom,senior,5.15,2034-08-24,2034-08-24,2024-05-24,,105.33,4.399531662356298,,ishares_xcb,evaluated,4790000.0
2025-12-31,CA11291ZAE75,Brookfield Infrastructure Finance,BIP,Utilities,senior,4.19,2028-09-11,2028-09-11,2018-09-10,,102.01,3.405140208652721,,ishares_xcb,evaluated,2941000.0
2025-12-31,CA11291ZAF41,Brookfield Infrastructure Finance,BIP,Utilities,senior,3.41,2029-10-09,2029-10-09,2019-10-03,,99.55,3.5380386789166662,,ishares_xcb,evaluated,3058000.0
2025-12-31,CA11291ZAG24,Brookfield Infrastructure Finance,BIP,Utilities,senior,2.86,2032-09-01,2032-09-01,2020-09-01,,92.78,4.1101161422258405,,ishares_xcb,evaluated,2255000.0
2025-12-31,CA11291ZAH07,Brookfield Infrastructure Finance,BIP,Utilities,senior,5.44,2034-04-25,2034-04-25,2022-04-25,,106.85,4.445050712830089,,ishares_xcb,evaluated,1540000.0
2025-12-31,CA11291ZAL19,Brookfield Infrastructure Finance,BIP,Utilities,senior,5.98,2033-02-14,2033-02-14,2022-11-14,,110.07,4.318444512992985,,ishares_xcb,evaluated,964000.0
2025-12-31,CA11291ZAM91,Brookfield Infrastructure Finance,BIP,Utilities,senior,5.71,2030-07-27,2030-07-27,2023-07-27,,107.78,3.8335246231934774,,ishares_xcb,evaluated,2126000.0
2025-12-31,CA11291ZAP23,Brookfield Infrastructure Finance,BIP,Utilities,senior,3.7,2031-01-06,2031-01-06,2025-09-24,,99.24,3.864742994403418,,ishares_xcb,evaluated,2030000.0
2025-12-31,CA11291ZAQ06,Brookfield Infrastructure Finance,BIP,Utilities,senior,4.53,2035-09-24,2035-09-24,2025-09-24,,99.32,4.61802695765199,,ishares_xcb,evaluated,2120000.0
2025-12-31,CA13607L4C41,Canadian Imperial Bank of Commerce,CM,Banks,senior_bail_in,3.65,2028-12-10,2027-12-10,2024-12-10,,100.98,3.1255818454347715,,ishares_xcb,evaluated,5695000.0
2025-12-31,CA13607LF997,Canadian Imperial Bank of Commerce,CM,Banks,senior_bail_in,3.8,2030-12-10,2029-12-10,2024-12-10,,101.1,3.4985668218622155,,ishares_xcb,evaluated,6971000.0
2025-12-31,CA13607LPY34,Canadian Imperial Bank of Commerce,CM,Banks,senior_bail_in,5.5,2028-01-14,2028-01-14,2023-07-14,,104.57,3.155700085712798,,ishares_xcb,evaluated,5335000.0
2025-12-31,CA13607P5X87,Canadian Imperial Bank of Commerce,CM,Banks,senior_bail_in,3.9,2031-06-20,2030-06-20,2025-06-20,,101.18,3.6115895566273544,,ishares_xcb,evaluated,5390000.0
2025-12-31,CA29251ZAD92,Enbridge Inc,ENB,Pipelines,senior,7.22,2030-07-24,2030-07-24,2000-07-24,,112.95,4.07530453994821,,ishares_xcb,evaluated,806000.0
2025-12-31,CA29251ZAK36,Enbridge Inc,ENB,Pipelines,senior,7.2,2032-06-18,2032-06-18,2001-06-18,,114.45,4.590837243796849,,ishares_xcb,evaluated,1060000.0
2025-12-31,CA29251ZAQ06,Enbridge Inc,ENB,Pipelines,senior,5.57,2035-11-14,2035-11-14,2005-11-14,,107.2,4.651956129450747,,ishares_xcb,evaluated,394000.0
2025-12-31,CA29251ZBS52,Enbridge Inc,ENB,Pipelines,senior,2.99,2029-10-03,2029-10-03,2019-10-03,,98.57,3.3984859817115245,,ishares_xcb,evaluated,3845000.0
2025-12-31,CA29251ZBU09,Enbridge Inc,ENB,Pipelines,senior,3.1,2033-09-21,2033-09-21,2021-09-21,,93.39,4.108231999145636,,ishares_xcb,evaluated,4431000.0
2025-12-31,CA29251ZBW64,Enbridge Inc,ENB,Pipelines,senior,6.1,2032-11-09,2032-11-09,2022-11-09,,111.27,4.19183485166966,,ishares_xcb,evaluated,3970000.0
2025-12-31,CA29251ZBZ95,Enbridge Inc,ENB,Pipelines,senior,5.36,2033-05-26,2033-05-26,2023-05-26,,107.08,4.235869328022253,,ishares_xcb,evaluated,1980000.0
2025-12-31,CA29251ZCA36,Enbridge Inc,ENB,Pipelines,senior,4.9,2028-05-26,2028-05-26,2023-05-26,,103.6,3.3292420220148173,,ishares_xcb,evaluated,2560000.0
2025-12-31,CA29251ZCC91,Enbridge Inc,ENB,Pipelines,senior,4.21,2030-02-22,2030-02-22,2024-08-22,,102.38,3.5826416605561344,,ishares_xcb,evaluated,2600000.0
2025-12-31,CA29251ZCD74,Enbridge Inc,ENB,Pipelines,senior,4.73,2034-08-22,2034-08-22,2024-08-22,,102.64,4.35751645480167,,ishares_xcb,evaluated,3753000.0
2025-12-31,CA29251ZCF23,Enbridge Inc,ENB,Pipelines,senior,3.55,2028-02-25,2028-02-25,2025-02-25,,100.64,3.2333810996209973,,ishares_xcb,evaluated,1659000.0
2025-12-31,CA29251ZCG06,Enbridge Inc,ENB,Pipelines,senior,3.9,2030-02-25,2030-02-25,2025-02-25,,101.08,3.6136714884208962,,ishares_xcb,evaluated,3740000.0
2025-12-31,CA29251ZCH88,Enbridge Inc,ENB,Pipelines,senior,4.56,2035-02-25,2035-02-25,2025-02-25,,101.05,4.416826779190053,,ishares_xcb,evaluated,2930000.0
2025-12-31,CA349553AP21,Fortis Inc,FTS,Utilities,senior,2.18,2028-05-15,2028-05-15,2021-05-14,,98.26,2.9449112985661783,,ishares_xcb,evaluated,1947000.0
2025-12-31,CA349553AQ04,Fortis Inc,FTS,Utilities,senior,4.43,2029-05-31,2029-05-31,2022-05-31,,103.19,3.4315485258512517,,ishares_xcb,evaluated,1930000.0
2025-12-31,CA349553AR86,Fortis Inc,FTS,Utilities,senior,5.68,2033-11-08,2033-11-08,2023-11-08,,109.63,4.226382761575341,,ishares_xcb,evaluated,1995000.0
2025-12-31,CA349553AS69,Fortis Inc,FTS,Utilities,senior,4.17,2031-09-09,2031-09-09,2024-09-09,,102.18,3.7421429927426635,,ishares_xcb,evaluated,2200000.0
2025-12-31,CA349553AT43,Fortis Inc,FTS,Utilities,senior,4.09,2032-03-26,2032-03-26,2025-03-26,,100.93,3.9211353744730673,,ishares_xcb,evaluated,3650000.0
2025-12-31,CA44810ZAB63,Hydro One Inc,H,Utilities,senior,6.93,2032-06-01,2032-06-01,2001-06-22,,116.83,3.9362191940313185,,ishares_xcb,evaluated,1710000.0
2025-12-31,CA44810ZAD20,Hydro One Inc,H,Utilities,senior,6.35,2034-01-31,2034-01-31,2003-01-31,,115.46,4.081689229059894,,ishares_xcb,evaluated,1904000.0
2025-12-31,CA44810ZAP59,Hydro One Inc,H,Utilities,senior,5.36,2036-05-20,2036-05-20,2005-05-19,,109.36,4.23672500498578,,ishares_xcb,evaluated,2691000.0
2025-12-31,CA44810ZAS98,Hydro One Inc,H,Utilities,senior,4.89,2037-03-13,2037-03-13,2007-03-13,,104.59,4.368035508224515,,ishares_xcb,evaluated,1705000.0
2025-12-31,CA44810ZBZ23,Hydro One Inc,H,Utilities,senior,3.02,2029-04-05,2029-04-05,2019-04-05,,99.8,3.0846448121076153,,ishares_xcb,evaluated,2475000.0
2025-12-31,CA44810ZCC29,Hydro One Inc,H,Utilities,senior,2.16,2030-02-28,2030-02-28,2020-02-28,,96.09,3.1685127466656167,,ishares_xcb,evaluated,1956000.0
2025-12-31,CA44810ZCF59,Hydro One Inc,H,Utilities,senior,1.69,2031-01-16,2031-01-16,2020-10-09,,93.03,3.1958509305328793,,ishares_xcb,evaluated,1749000.0
2025-12-31,CA44810ZCG33,Hydro One Inc,H,Utilities,senior,2.23,2031-09-17,2031-09-17,2021-09-17,,94.08,3.3793283283843136,,ishares_xcb,evaluated,1963000.0
2025-12-31,CA44810ZCJ71,Hydro One Inc,H,Utilities,senior,4.91,2028-01-27,2028-01-27,2022-10-27,,103.86,2.966918117882461,,ishares_xcb,evaluated,3442000.0
2025-12-31,CA44810ZCK45,Hydro One Inc,H,Utilities,senior,3.93,2029-11-30,2029-11-30,2023-01-27,,102.45,3.2584001263862135,,ishares_xcb,evaluated,3077000.0
2025-12-31,CA44810ZCL28,Hydro One Inc,H,Utilities,senior,4.16,2033-01-27,2033-01-27,2023-01-27,,102.0,3.8317424581979975,,ishares_xcb,evaluated,1770000.0
2025-12-31,CA44810ZCR97,Hydro One Inc,H,Utilities,senior,4.39,2034-03-01,2034-03-01,2024-01-12,,102.98,3.960359138002915,,ishares_xcb,evaluated,2265000.0
2025-12-31,CA44810ZCS70,Hydro One Inc,H,Utilities,senior,4.25,2035-01-04,2035-01-04,2024-08-20,,101.32,4.07118638858934,,ishares_xcb,evaluated,5524000.0
2025-12-31,CA44810ZCT53,Hydro One Inc,H,Utilities,senior,3.94,2032-08-25,2032-08-25,2025-08-25,,100.91,3.781392779188677,,ishares_xcb,evaluated,2545000.0
2025-12-31,CA44810ZCU27,Hydro One Inc,H,Utilities,senior,4.3,2035-08-24,2035-08-24,2025-08-25,,101.15,4.151982615179275,,ishares_xcb,evaluated,1625000.0
2025-12-31,CA44810ZCW82,Hydro One Inc,H,Utilities,senior,3.9,2033-11-21,2033-11-21,2025-11-21,,99.81,3.9282829043676424,,ishares_xcb,evaluated,5490000.0
2025-12-31,CA448810AC58,Hydro One Inc,H,Utilities,senior,7.35,2030-06-03,2030-06-03,2000-06-01,,115.58,3.515192628427597,,ishares_xcb,evaluated,1388000.0
2025-12-31,CA63306AHP45,National Bank of Canada,NA,Banks,senior_bail_in,5.22,2028-06-14,2028-06-14,2023-06-14,,104.84,3.153878012975384,,ishares_xcb,evaluated,7765000.0
2025-12-31,CA63306AHT66,National Bank of Canada,NA,Banks,senior_bail_in,5.02,2029-02-01,2029-02-01,2023-12-07,,105.16,3.243036880447293,,ishares_xcb,evaluated,6895000.0
2025-12-31,CA63306AJF45,National Bank of Canada,NA,Banks,senior_bail_in,3.52,2029-07-17,2028-07-17,2025-07-17,,100.68,3.233735056253441,,ishares_xcb,evaluated,4525000.0
2025-12-31,CA63306AJH01,National Bank of Canada,NA,Banks,senior_bail_in,3.44,2031-10-21,2030-10-21,2025-10-21,,99.03,3.6615637875299365,,ishares_xcb,evaluated,4375000.0
2025-12-31,CA63306AJM95,National Bank of Canada,NA,Banks,senior_bail_in,3.31,2028-08-15,2027-08-15,2025-06-04,,100.35,3.0795339195596347,,ishares_xcb,evaluated,4180000.0
2025-12-31,CA70632ZAK71,Pembina Pipeline,PPL,Pipelines,senior,4.02,2028-03-27,2028-03-27,2018-03-26,,101.49,3.325618022655826,,ishares_xcb,evaluated,2882000.0
2025-12-31,CA70632ZAM38,Pembina Pipeline,PPL,Pipelines,senior,3.62,2029-04-03,2029-04-03,2019-04-03,,100.61,3.4199432152675318,,ishares_xcb,evaluated,3158000.0
2025-12-31,CA70632ZAQ42,Pembina Pipeline,PPL,Pipelines,senior,3.31,2030-02-01,2030-02-01,2019-09-12,,99.15,3.5316477587562933,,ishares_xcb,evaluated,2130000.0
2025-12-31,CA70632ZAS08,Pembina Pipeline,PPL,Pipelines,senior,3.53,2031-12-10,2031-12-10,2021-12-10,,97.91,3.9275536248315883,,ishares_xcb,evaluated,2117000.0
2025-12-31,CA70632ZAV37,Pembina Pipeline,PPL,Pipelines,senior,5.02,2032-01-12,2032-01-12,2024-01-12,,105.1,4.054567669532463,,ishares_xcb,evaluated,3355000.0
2025-12-31,CA70632ZAW10,Pembina Pipeline,PPL,Pipelines,senior,5.21,2034-01-12,2034-01-12,2024-01-12,,105.6,4.372504563432292,,ishares_xcb,evaluated,2645000.0
2025-12-31,CA70632ZAY75,Pembina Pipeline,PPL,Pipelines,senior,5.22,2033-06-28,2033-06-28,2024-06-28,,106.04,4.269427666670192,,ishares_xcb,evaluated,3160000.0
2025-12-31,CA775109BJ98,Rogers Communications,RCI,Telecom,senior,3.25,2029-05-01,2029-05-01,2019-04-30,,99.46,3.4231940489656063,,ishares_xcb,evaluated,2815000.0
2025-12-31,CA775109BT70,Rogers Communications,RCI,Telecom,senior,3.75,2029-04-15,2029-04-15,2022-03-11,,100.83,3.4801220943047184,,ishares_xcb,evaluated,4706000.0
2025-12-31,CA775109BV27,Rogers Communications,RCI,Telecom,senior,4.25,2032-04-15,2032-04-15,2022-03-11,,101.02,4.0640557735104075,,ishares_xcb,evaluated,4767000.0
2025-12-31,CA775109CP40,Rogers Communications,RCI,Telecom,senior,4.4,2028-11-02,2028-11-02,2023-04-03,,102.62,3.4237117297055044,,ishares_xcb,evaluated,2833000.0
2025-12-31,CA775109CV18,Rogers Communications,RCI,Telecom,senior,5.7,2028-09-21,2028-09-21,2023-09-21,,105.9,3.4137340593180854,,ishares_xcb,evaluated,4410000.0
2025-12-31,CA775109CW90,Rogers Communications,RCI,Telecom,senior,5.8,2030-09-21,2030-09-21,2023-09-21,,108.43,3.832464575314588,,ishares_xcb,evaluated,3065000.0
2025-12-31,CA775109DA61,Rogers Communications,RCI,Telecom,senior,5.9,2033-09-21,2033-09-21,2023-09-21,,110.25,4.325180893412819,,ishares_xcb,evaluated,4575000.0
2025-12-31,CA779926DJ08,Royal Bank of Canada,RY,Banks,senior_bail_in,4.0,2030-10-17,2029-10-17,2024-10-17,,101.95,3.446743886667638,,ishares_xcb,evaluated,6393000.0
2025-12-31,CA779926FY56,Royal Bank of Canada,RY,Banks,senior_bail_in,3.63,2028-12-10,2027-12-10,2024-12-10,,100.97,3.1110245749268612,,ishares_xcb,evaluated,9545000.0
2025-12-31,CA779926QX54,Royal Bank of Canada,RY,Banks,senior_bail_in,3.98,2031-07-22,2030-07-22,2025-07-22,,101.65,3.5806764415204926,,ishares_xcb,evaluated,8995000.0
2025-12-31,CA779926QY38,Royal Bank of Canada,RY,Banks,senior_bail_in,3.41,2029-06-12,2028-06-12,2025-06-10,,100.46,3.2127516990321956,,ishares_xcb,evaluated,9260000.0
2025-12-31,CA779926WF74,Royal Bank of Canada,RY,Banks,senior_bail_in,3.49,2031-12-09,2030-12-09,2025-12-09,,99.58,3.5832949355763817,,ishares_xcb,evaluated,12180000.0
2025-12-31,CA780086TY05,Royal Bank of Canada,RY,Banks,senior_bail_in,1.83,2028-07-31,2028-07-31,2021-07-29,,97.46,2.8536655006705525,,ishares_xcb,evaluated,4422000.0
2025-12-31,CA780086WG51,Royal Bank of Canada,RY,Banks,senior_bail_in,4.64,2028-01-17,2028-01-17,2023-01-17,,103.14,3.0361360596591855,,ishares_xcb,evaluated,8586000.0
2025-12-31,CA780086XL38,Royal Bank of Canada,RY,Banks,senior_bail_in,4.63,2028-05-01,2028-05-01,2023-04-20,,103.38,3.1184522477509664,,ishares_xcb,evaluated,11080000.0
2025-12-31,CA780086ZH08,Royal Bank of Canada,RY,Banks,senior_bail_in,5.23,2030-06-24,2030-06-24,2023-06-23,,107.28,3.461882435071377,,ishares_xcb,evaluated,5572000.0
2025-12-31,CA87971MBG74,TELUS,TU,Telecom,senior,3.63,2028-03-01,2028-03-01,2018-03-01,,100.84,3.22855566964817,,ishares_xcb,evaluated,2634000.0
2025-12-31,CA87971MBJ14,TELUS,TU,Telecom,senior,3.3,2029-05-02,2029-05-02,2019-04-03,,99.86,3.3451405903777833,,ishares_xcb,evaluated,4093000.0
2025-12-31,CA87971MBN26,TELUS,TU,Telecom,senior,3.15,2030-02-19,2030-02-19,2019-12-16,,98.42,3.5610374142985366,,ishares_xcb,evaluated,2832000.0
2025-12-31,CA87971MBQ56,TELUS,TU,Telecom,senior,2.35,2028-01-27,2028-01-27,2020-05-29,,98.52,3.0877009432346636,,ishares_xcb,evaluated,2393000.0
2025-12-31,CA87971MBS13,TELUS,TU,Telecom,senior,2.05,2030-10-07,2030-10-07,2020-10-05,,93.66,3.5057357711390966,,ishares_xcb,evaluated,1965000.0
2025-12-31,CA87971MBV42,TELUS,TU,Telecom,senior,2.85,2031-11-13,2031-11-13,2021-06-28,,95.7,3.67142205590585,,ishares_xcb,evaluated,3605000.0
2025-12-31,CA87971MBX08,TELUS,TU,Telecom,senior,5.25,2032-11-15,2032-11-15,2022-09-13,,106.27,4.190647095366221,,ishares_xcb,evaluated,4607000.0
2025-12-31,CA87971MBZ55,TELUS,TU,Telecom,senior,5.0,2029-09-13,2029-09-13,2022-09-13,,104.83,3.595803305930629,,ishares_xcb,evaluated,1984000.0
2025-12-31,CA87971MCA95,TELUS,TU,Telecom,senior,4.95,2033-03-28,2033-03-28,2023-03-28,,104.41,4.236998737132139,,ishares_xcb,evaluated,2703000.0
2025-12-31,CA87971MCB78,TELUS,TU,Telecom,senior,5.6,2030-09-09,2030-09-09,2023-09-08,,107.55,3.8272479123640575,,ishares_xcb,evaluated,1938000.0
2025-12-31,CA87971MCC51,TELUS,TU,Telecom,senior,5.75,2033-09-08,2033-09-08,2023-09-08,,109.29,4.317835146103093,,ishares_xcb,evaluated,3400000.0
2025-12-31,CA87971MCE18,TELUS,TU,Telecom,senior,4.8,2028-12-15,2028-12-15,2024-02-15,,103.92,3.394670056127432,,ishares_xcb,evaluated,3896000.0
2025-12-31,CA87971MCF82,TELUS,TU,Telecom,senior,4.95,2031-02-18,2031-02-18,2024-02-15,,104.97,3.868917521505804,,ishares_xcb,evaluated,2673000.0
2025-12-31,CA87971MCG65,TELUS,TU,Telecom,senior,5.1,2034-02-15,2034-02-15,2024-02-15,,104.89,4.37527743591737,,ishares_xcb,evaluated,2315000.0
2025-12-31,CA87971MCH49,TELUS,TU,Telecom,senior,4.65,2031-08-13,2031-08-13,2024-08-13,,103.66,3.914390249579173,,ishares_xcb,evaluated,2880000.0
2025-12-31,CA89116C3S44,Toronto-Dominion Bank,TD,Banks,senior_bail_in,3.61,2031-09-10,2030-09-10,2025-09-10,,99.88,3.639308500432388,,ishares_xcb,evaluated,11195000.0
2025-12-31,CA89116CDM60,Toronto-Dominion Bank,TD,Banks,senior_bail_in,4.23,2029-04-02,2029-04-02,2024-03-20,,103.38,3.12860565577792,,ishares_xcb,evaluated,4705000.0
2025-12-31,CA89116CQ341,Toronto-Dominion Bank,TD,Banks,senior_bail_in,3.84,2031-05-29,2030-05-29,2025-05-29,,101.09,3.5708373457239637,,ishares_xcb,evaluated,9606000.0
2025-12-31,CA89116CST58,Toronto-Dominion Bank,TD,Banks,senior_bail_in,4.0,2030-10-31,2029-10-31,2024-10-31,,101.85,3.480540441454258,,ishares_xcb,evaluated,6393000.0
2025-12-31,CA89116CWY97,Toronto-Dominion Bank,TD,Banks,senior_bail_in,4.13,2033-01-09,2032-01-09,2025-01-09,,101.36,3.871533197452845,,ishares_xcb,evaluated,9003000.0
2025-12-31,CA89117FA338,Toronto-Dominion Bank,TD,Banks,senior_bail_in,1.89,2028-03-08,2028-03-08,2021-03-08,,97.92,2.880594585074616,,ishares_xcb,evaluated,5415000.0
2025-12-31,CA89117FJ347,Toronto-Dominion Bank,TD,Banks,senior_bail_in,1.9,2028-09-11,2028-09-11,2021-09-10,,97.38,2.919816267916904,,ishares_xcb,evaluated,5661000.0
2025-12-31,CA89117GRJ80,Toronto-Dominion Bank,TD,Banks,senior_bail_in,4.68,2029-01-08,2029-01-08,2022-12-07,,104.06,3.2517110225910537,,ishares_xcb,evaluated,11170000.0
2025-12-31,CA89117GTQ06,Toronto-Dominion Bank,TD,Banks,senior_bail_in,4.48,2028-01-18,2028-01-18,2023-01-18,,102.79,3.0556717817659944,,ishares_xcb,evaluated,9306000.0
2025-12-31,CA89117GX510,Toronto-Dominion Bank,TD,Banks,senior_bail_in,5.49,2028-09-08,2028-09-08,2023-09-08,,105.8,3.221374704832731,,ishares_xcb,evaluated,8114000.0
2025-12-31,CA89353ZBA53,TransCanada PipeLines,TRP,Pipelines,senior,6.89,2028-08-07,2028-08-07,1997-07-30,,107.48,3.8322181086491227,,ishares_xcb,evaluated,732000.0
2025-12-31,CA89353ZBE75,TransCanada PipeLines,TRP,Pipelines,senior,6.28,2028-05-26,2028-05-26,1998-05-26,,106.23,3.552857897466885,,ishares_xcb,evaluated,803000.0
2025-12-31,CA89353ZBK36,TransCanada PipeLines,TRP,Pipelines,senior,6.5,2030-12-09,2030-12-09,1998-12-07,,108.59,4.538557559405648,,ishares_xcb,evaluated,775000.0
2025-12-31,CA89353ZCA45,TransCanada PipeLines,TRP,Pipelines,senior,3.39,2028-03-15,2028-03-15,2017-09-15,,100.4,3.2029742490062914,,ishares_xcb,evaluated,3012000.0
2025-12-31,CA89353ZCE66,TransCanada PipeLines,TRP,Pipelines,senior,3.0,2029-09-18,2029-09-18,2019-09-18,,98.84,3.335952411784203,,ishares_xcb,evaluated,3201000.0
2025-12-31,CA89353ZCH97,TransCanada PipeLines,TRP,Pipelines,senior,2.97,2031-06-09,2031-06-09,2021-06-09,,96.63,3.658667324491513,,ishares_xcb,evaluated,2188000.0
2025-12-31,CA89353ZCK27,TransCanada PipeLines,TRP,Pipelines,senior,5.33,2032-05-12,2032-05-12,2022-05-12,,107.04,4.063667075852067,,ishares_xcb,evaluated,3358000.0
2025-12-31,CA89353ZCN65,TransCanada PipeLines,TRP,Pipelines,senior,5.28,2030-07-15,2030-07-15,2023-03-10,,106.59,3.685341188434968,,ishares_xcb,evaluated,5881000.0
2025-12-31,CA89353ZCQ96,TransCanada PipeLines,TRP,Pipelines,senior,4.58,2035-02-20,2035-02-20,2025-02-20,,101.34,4.397855858927604,,ishares_xcb,evaluated,4835000.0
2026-01-30,CA06368L5G77,Bank of Montreal,BMO,Banks,senior_bail_in,4.42,2029-07-17,2029-07-17,2024-07-17,,103.75,3.2662949921166593,,ishares_xcb,evaluated,9435000.0
2026-01-30,CA06368LB887,Bank of Montreal,BMO,Banks,senior_bail_in,4.54,2028-12-18,2028-12-18,2023-12-18,,103.69,3.1890215707887575,,ishares_xcb,evaluated,9600000.0
2026-01-30,CA06368LNK84,Bank of Montreal,BMO,Banks,senior_bail_in,5.04,2028-05-29,2028-05-29,2023-05-29,,104.31,3.108295432233131,,ishares_xcb,evaluated,9664000.0
2026-01-30,CA06368MRF37,Bank of Montreal,BMO,Banks,senior_bail_in,3.73,2031-06-03,2030-06-03,2025-06-03,,100.89,3.5067001176689425,,ishares_xcb,evaluated,6740000.0
2026-01-30,CA064164QM14,Bank of Nova Scotia,BNS,Banks,senior_bail_in,4.68,2029-02-01,2029-02-01,2024-02-01,,104.3,3.1621679024702773,,ishares_xcb,evaluated,9397000.0
2026-01-30,CA06418MM430,Bank of Nova Scotia,BNS,Banks,senior_bail_in,3.84,2030-09-26,2029-09-26,2024-09-26,,101.58,3.3786960908425727,,ishares_xcb,evaluated,5395000.0
2026-01-30,CA06418MX742,Bank of Nova Scotia,BNS,Banks,senior_bail_in,3.81,2028-11-15,2027-11-15,2024-10-18,,101.39,3.0083664290234355,,ishares_xcb,evaluated,9303000.0
2026-01-30,CA06418Y4L93,Bank of Nova Scotia,BNS,Banks,senior_bail_in,3.62,2032-01-30,2031-01-30,2025-12-10,,100.03,3.6133877863624217,,ishares_xcb,evaluated,11465000.0
2026-01-30,CA06418YXB96,Bank of Nova Scotia,BNS,Banks,senior_bail_in,3.73,2031-06-27,2030-06-27,2025-03-27,,100.87,3.5147857772662294,,ishares_xcb,evaluated,12332000.0
2026-01-30,CA07813ZAC82,Bell Canada,BCE,Telecom,senior,6.55,2029-05-01,2029-05-01,1999-07-19,,108.79,3.6598245021382154,,ishares_xcb,evaluated,632000.0
2026-01-30,CA07813ZAL81,Bell Canada,BCE,Telecom,senior,7.85,2031-04-02,2031-04-02,2001-04-02,,116.99,4.163211559652271,,ishares_xcb,evaluated,1130000.0
2026-01-30,CA07813ZAP95,Bell Canada,BCE,Telecom,senior,7.3,2032-02-23,2032-02-23,2002-02-22,,115.91,4.287395305332517,,ishares_xcb,evaluated,1319000.0
2026-01-30,CA07813ZAT18,Bell Canada,BCE,Telecom,senior,6.1,2035-03-16,2035-03-16,2004-03-16,,112.17,4.46328692331419,,ishares_xcb,evaluated,1703000.0
2026-01-30,CA07813ZBL72,Bell Canada,BCE,Telecom,senior,6.17,2037-02-26,2037-02-26,2007-02-26,,113.38,4.6105101266338515,,ishares_xcb,evaluated,1528000.0
2026-01-30,CA07813ZCC64,Bell Canada,BCE,Telecom,senior,2.9,2029-09-10,2029-09-10,2019-09-10,,98.62,3.311140667572653,,ishares_xcb,evaluated,2516000.0
2026-01-30,CA07813ZCE21,Bell Canada,BCE,Telecom,senior,2.5,2030-05-14,2030-05-14,2020-05-14,,96.7,3.33286884852782,,ishares_xcb,evaluated,4742000.0
2026-01-30,CA07813ZCG78,Bell Canada,BCE,Telecom,senior,3.0,2031-03-17,2031-03-17,2021-03-17,,96.97,3.6548753439297887,,ishares_xcb,evaluated,5013000.0
2026-01-30,CA07813ZCJ18,Bell Canada,BCE,Telecom,senior,2.2,2028-05-29,2028-05-29,2021-05-28,,98.52,2.8620875797591028,,ishares_xcb,evaluated,2448000.0
2026-01-30,CA07813ZCK80,Bell Canada,BCE,Telecom,senior,5.85,2032-11-10,2032-11-10,2022-11-10,,110.57,4.0511986146594525,,ishares_xcb,evaluated,5705000.0
2026-01-30,CA07813ZCL63,Bell Canada,BCE,Telecom,senior,4.55,2030-02-09,2030-02-09,2023-02-09,,103.94,3.487819672674228,,ishares_xcb,evaluated,4801000.0
2026-01-30,CA07813ZCQ50,Bell Canada,BCE,Telecom,senior,5.25,2029-03-15,2029-03-15,2023-11-14,,105.66,3.3300765219251676,,ishares_xcb,evaluated,2955000.0
2026-01-30,CA07813ZCR34,Bell Canada,BCE,Telecom,senior,5.15,2034-08-24,2034-08-24,2024-05-24,,106.02,4.299565248787737,,ishares_xcb,evaluated,4790000.0
2026-01-30,CA078149DV00,Bell Canada,BCE,Telecom,senior,7.65,2031-12-30,2031-12-30,1996-12-30,,115.6,4.606076310810236,,ishares_xcb,evaluated,26000.0
2026-01-30,CA11291ZAE75,Brookfield Infrastructure Finance,BIP,Utilities,senior,4.19,2028-09-11,2028-09-11,2018-09-10,,102.27,3.2797908649709955,,ishares_xcb,evaluated,2941000.0
2026-01-30,CA11291ZAF41,Brookfield Infrastructure Finance,BIP,Utilities,senior,3.41,2029-10-09,2029-10-09,2019-10-03,,100.01,3.406949834024738,,ishares_xcb,evaluated,3058000.0
2026-01-30,CA11291ZAG24,Brookfield Infrastructure Finance,BIP,Utilities,senior,2.86,2032-09-01,2032-09-01,2020-09-01,,93.63,3.970514361052092,,ishares_xcb,evaluated,2255000.0
2026-01-30,CA11291ZAH07,Brookfield Infrastructure Finance,BIP,Utilities,senior,5.44,2034-04-25,2034-04-25,2022-04-25,,107.84,4.298799345997235,,ishares_xcb,evaluated,1540000.0
2026-01-30,CA11291ZAL19,Brookfield Infrastructure Finance,BIP,Utilities,senior,5.98,2033-02-14,2033-02-14,2022-11-14,,110.82,4.185653750960271,,ishares_xcb,evaluated,964000.0
2026-01-30,CA11291ZAM91,Brookfield Infrastructure Finance,BIP,Utilities,senior,5.71,2030-07-27,2030-07-27,2023-07-27,,108.29,3.6902490324787256,,ishares_xcb,evaluated,2164000.0
2026-01-30,CA11291ZAP23,Brookfield Infrastructure Finance,BIP,Utilities,senior,3.7,2031-01-06,2031-01-06,2025-09-24,,99.92,3.71791110596432,,ishares_xcb,evaluated,2030000.0
2026-01-30,CA11291ZAQ06,Brookfield Infrastructure Finance,BIP,Utilities,senior,4.53,2035-09-24,2035-09-24,2025-09-24,,100.25,4.498792465039442,,ishares_xcb,evaluated,2120000.0
2026-01-30,CA13607L4C41,Canadian Imperial Bank of Commerce,CM,Banks,senior_bail_in,3.65,2028-12-10,2027-12-10,2024-12-10,,101.14,3.014360482779315,,ishares_xcb,evaluated,5695000.0
2026-01-30,CA13607LF997,Canadian Imperial Bank of Commerce,CM,Banks,senior_bail_in,3.8,2030-12-10,2029-12-10,2024-12-10,,101.39,3.4120971047494364,,ishares_xcb,evaluated,7276000.0
2026-01-30,CA13607P5X87,Canadian Imperial Bank of Commerce,CM,Banks,senior_bail_in,3.9,2031-06-20,2030-06-20,2025-06-20,,101.53,3.5201584181079437,,ishares_xcb,evaluated,6214000.0
2026-01-30,CA13607QQT27,Canadian Imperial Bank of Commerce,CM,Banks,senior_bail_in,3.65,2032-01-13,2031-01-13,2026-01-13,,100.19,3.607771565651157,,ishares_xcb,evaluated,13875000.0
2026-01-30,CA29251ZAD92,Enbridge Inc,ENB,Pipelines,senior,7.22,2030-07-24,2030-07-24,2000-07-24,,113.1,3.9992718045879956,,ishares_xcb,evaluated,806000.0
2026-01-30,CA29251ZAK36,Enbridge Inc,ENB,Pipelines,senior,7.2,2032-06-18,2032-06-18,2001-06-18,,115.42,4.401390358756005,,ishares_xcb,evaluated,1060000.0
2026-01-30,CA29251ZAQ06,Enbridge Inc,ENB,Pipelines,senior,5.57,2035-11-14,2035-11-14,2005-11-14,,107.72,4.5825619842501535,,ishares_xcb,evaluated,394000.0
2026-01-30,CA29251ZBS52,Enbridge Inc,ENB,Pipelines,senior,2.99,2029-10-03,2029-10-03,2019-10-03,,99.08,3.257770979196632,,ishares_xcb,evaluated,3870000.0
2026-01-30,CA29251ZBU09,Enbridge Inc,ENB,Pipelines,senior,3.1,2033-09-21,2033-09-21,2021-09-21,,94.01,4.019492245549252,,ishares_xcb,evaluated,4431000.0
2026-01-30,CA29251ZBW64,Enbridge Inc,ENB,Pipelines,senior,6.1,2032-11-09,2032-11-09,2022-11-09,,111.91,4.071028946364988,,ishares_xcb,evaluated,3970000.0
2026-01-30,CA29251ZBZ95,Enbridge Inc,ENB,Pipelines,senior,5.36,2033-05-26,2033-05-26,2023-05-26,,107.72,4.127577365610692,,ishares_xcb,evaluated,1980000.0
2026-01-30,CA29251ZCA36,Enbridge Inc,ENB,Pipelines,senior,4.9,2028-05-26,2028-05-26,2023-05-26,,103.72,3.224479710390916,,ishares_xcb,evaluated,2925000.0
2026-01-30,CA29251ZCC91,Enbridge Inc,ENB,Pipelines,senior,4.21,2030-02-22,2030-02-22,2024-08-22,,102.69,3.4894934184586606,,ishares_xcb,evaluated,2726000.0
2026-01-30,CA29251ZCD74,Enbridge Inc,ENB,Pipelines,senior,4.73,2034-08-22,2034-08-22,2024-08-22,,103.14,4.285248512086162,,ishares_xcb,evaluated,3753000.0
2026-01-30,CA29251ZCF23,Enbridge Inc,ENB,Pipelines,senior,3.55,2028-02-25,2028-02-25,2025-02-25,,100.8,3.1407831337828505,,ishares_xcb,evaluated,1659000.0
2026-01-30,CA29251ZCG06,Enbridge Inc,ENB,Pipelines,senior,3.9,2030-02-25,2030-02-25,2025-02-25,,101.43,3.515687638593687,,ishares_xcb,evaluated,4190000.0
2026-01-30,CA29251ZCH88,Enbridge Inc,ENB,Pipelines,senior,4.56,2035-02-25,2035-02-25,2025-02-25,,101.7,4.3288267720443905,,ishares_xcb,evaluated,2658000.0
2026-01-30,CA349553AP21,Fortis Inc,FTS,Utilities,senior,2.18,2028-05-15,2028-05-15,2021-05-14,,98.55,2.8393217309806036,,ishares_xcb,evaluated,1947000.0
2026-01-30,CA349553AQ04,Fortis Inc,FTS,Utilities,senior,4.43,2029-05-31,2029-05-31,2022-05-31,,103.48,3.317647497690109,,ishares_xcb,evaluated,1930000.0
2026-01-30,CA349553AR86,Fortis Inc,FTS,Utilities,senior,5.68,2033-11-08,2033-11-08,2023-11-08,,110.3,4.11818058099965,,ishares_xcb,evaluated,1995000.0
2026-01-30,CA349553AS69,Fortis Inc,FTS,Utilities,senior,4.17,2031-09-09,2031-09-09,2024-09-09,,102.72,3.6313506004695753,,ishares_xcb,evaluated,2200000.0
2026-01-30,CA349553AT43,Fortis Inc,FTS,Utilities,senior,4.09,2032-03-26,2032-03-26,2025-03-26,,101.7,3.7791118430472816,,ishares_xcb,evaluated,3590000.0
2026-01-30,CA44810ZAB63,Hydro One Inc,H,Utilities,senior,6.93,2032-06-01,2032-06-01,2001-06-22,,117.45,3.803635479916359,,ishares_xcb,evaluated,1710000.0
2026-01-30,CA44810ZAD20,Hydro One Inc,H,Utilities,senior,6.35,2034-01-31,2034-01-31,2003-01-31,,115.99,3.9933990877544936,,ishares_xcb,evaluated,1904000.0
2026-01-30,CA44810ZAP59,Hydro One Inc,H,Utilities,senior,5.36,2036-05-20,2036-05-20,2005-05-19,,109.77,4.183333327976807,,ishares_xcb,evaluated,2691000.0
2026-01-30,CA44810ZAS98,Hydro One Inc,H,Utilities,senior,4.89,2037-03-13,2037-03-13,2007-03-13,,105.07,4.3123069492477715,,ishares_xcb,evaluated,1705000.0
2026-01-30,CA44810ZBZ23,Hydro One Inc,H,Utilities,senior,3.02,2029-04-05,2029-04-05,2019-04-05,,100.06,3.000093648929378,,ishares_xcb,evaluated,2417000.0
2026-01-30,CA44810ZCC29,Hydro One Inc,H,Utilities,senior,2.16,2030-02-28,2030-02-28,2020-02-28,,96.45,3.0908117795873187,,ishares_xcb,evaluated,1956000.0
2026-01-30,CA44810ZCF59,Hydro One Inc,H,Utilities,senior,1.69,2031-01-16,2031-01-16,2020-10-09,,93.78,3.050496368223221,,ishares_xcb,evaluated,1749000.0
2026-01-30,CA44810ZCG33,Hydro One Inc,H,Utilities,senior,2.23,2031-09-17,2031-09-17,2021-09-17,,94.68,3.273885916708099,,ishares_xcb,evaluated,1963000.0
2026-01-30,CA44810ZCK45,Hydro One Inc,H,Utilities,senior,3.93,2029-11-30,2029-11-30,2023-01-27,,102.68,3.1820383671223023,,ishares_xcb,evaluated,3167000.0
2026-01-30,CA44810ZCL28,Hydro One Inc,H,Utilities,senior,4.16,2033-01-27,2033-01-27,2023-01-27,,102.67,3.722739161930677,,ishares_xcb,evaluated,1770000.0
2026-01-30,CA44810ZCR97,Hydro One Inc,H,Utilities,senior,4.39,2034-03-01,2034-03-01,2024-01-12,,103.42,3.8944882829405216,,ishares_xcb,evaluated,2265000.0
2026-01-30,CA44810ZCS70,Hydro One Inc,H,Utilities,senior,4.25,2035-01-04,2035-01-04,2024-08-20,,102.01,3.9802860602555596,,ishares_xcb,evaluated,5524000.0
2026-01-30,CA44810ZCT53,Hydro One Inc,H,Utilities,senior,3.94,2032-08-25,2032-08-25,2025-08-25,,101.64,3.6542066640825612,,ishares_xcb,evaluated,2545000.0
2026-01-30,CA44810ZCU27,Hydro One Inc,H,Utilities,senior,4.3,2035-08-24,2035-08-24,2025-08-25,,101.76,4.073768415801533,,ishares_xcb,evaluated,1900000.0
2026-01-30,CA44810ZCW82,Hydro One Inc,H,Utilities,senior,3.9,2033-11-21,2033-11-21,2025-11-21,,100.33,3.8509215612724037,,ishares_xcb,evaluated,5490000.0
2026-01-30,CA448810AC58,Hydro One Inc,H,Utilities,senior,7.35,2030-06-03,2030-06-03,2000-06-01,,115.7,3.4257331665946347,,ishares_xcb,evaluated,1493000.0
2026-01-30,CA63306AHP45,National Bank of Canada,NA,Banks,senior_bail_in,5.22,2028-06-14,2028-06-14,2023-06-14,,104.94,3.043647332151728,,ishares_xcb,evaluated,7845000.0
2026-01-30,CA63306AHT66,National Bank of Canada,NA,Banks,senior_bail_in,5.02,2029-02-01,2029-02-01,2023-12-07,,105.26,3.1642543885138235,,ishares_xcb,evaluated,6989000.0
2026-01-30,CA63306AJF45,National Bank of Canada,NA,Banks,senior_bail_in,3.52,2029-07-17,2028-07-17,2025-07-17,,100.91,3.1334252936511353,,ishares_xcb,evaluated,5165000.0
2026-01-30,CA63306AJG28,National Bank of Canada,NA,Banks,senior_bail_in,3.54,2031-01-13,2030-01-13,2026-01-13,,100.37,3.4391166610803006,,ishares_xcb,evaluated,4675000.0
2026-01-30,CA63306AJH01,National Bank of Canada,NA,Banks,senior_bail_in,3.44,2031-10-21,2030-10-21,2025-10-21,,99.42,3.574297688196948,,ishares_xcb,evaluated,4440000.0
2026-01-30,CA63306AJM95,National Bank of Canada,NA,Banks,senior_bail_in,3.31,2028-08-15,2027-08-15,2025-06-04,,100.53,2.9472935999406835,,ishares_xcb,evaluated,3910000.0
2026-01-30,CA70632ZAK71,Pembina Pipeline,PPL,Pipelines,senior,4.02,2028-03-27,2028-03-27,2018-03-26,,101.67,3.2154418771243107,,ishares_xcb,evaluated,2882000.0
2026-01-30,CA70632ZAM38,Pembina Pipeline,PPL,Pipelines,senior,3.62,2029-04-03,2029-04-03,2019-04-03,,100.92,3.3121242283804975,,ishares_xcb,evaluated,3248000.0
2026-01-30,CA70632ZAQ42,Pembina Pipeline,PPL,Pipelines,senior,3.31,2030-02-01,2030-02-01,2019-09-12,,99.65,3.4005448815989796,,ishares_xcb,evaluated,2360000.0
2026-01-30,CA70632ZAS08,Pembina Pipeline,PPL,Pipelines,senior,3.53,2031-12-10,2031-12-10,2021-12-10,,99.01,3.7192156571729598,,ishares_xcb,evaluated,2117000.0
2026-01-30,CA70632ZAV37,Pembina Pipeline,PPL,Pipelines,senior,5.02,2032-01-12,2032-01-12,2024-01-12,,105.61,3.952700171877207,,ishares_xcb,evaluated,3355000.0
2026-01-30,CA70632ZAW10,Pembina Pipeline,PPL,Pipelines,senior,5.21,2034-01-12,2034-01-12,2024-01-12,,106.41,4.251316480686115,,ishares_xcb,evaluated,2645000.0
2026-01-30,CA70632ZAY75,Pembina Pipeline,PPL,Pipelines,senior,5.22,2033-06-28,2033-06-28,2024-06-28,,106.59,4.176279640915186,,ishares_xcb,evaluated,3160000.0
2026-01-30,CA775109BJ98,Rogers Communications,RCI,Telecom,senior,3.25,2029-05-01,2029-05-01,2019-04-30,,99.94,3.270695946408505,,ishares_xcb,evaluated,2815000.0
2026-01-30,CA775109BT70,Rogers Communications,RCI,Telecom,senior,3.75,2029-04-15,2029-04-15,2022-03-11,,101.29,3.3222566715586934,,ishares_xcb,evaluated,4436000.0
2026-01-30,CA775109BV27,Rogers Communications,RCI,Telecom,senior,4.25,2032-04-15,2032-04-15,2022-03-11,,101.95,3.892990871538002,,ishares_xcb,evaluated,4767000.0
2026-01-30,CA775109CP40,Rogers Communications,RCI,Telecom,senior,4.4,2028-11-02,2028-11-02,2023-04-03,,102.85,3.3104464437707355,,ishares_xcb,evaluated,3703000.0
2026-01-30,CA775109CQ23,Rogers Communications,RCI,Telecom,senior,3.3,2029-12-10,2029-12-10,2019-12-09,,99.51,3.4362010001472556,,ishares_xcb,evaluated,539000.0
2026-01-30,CA775109CV18,Rogers Communications,RCI,Telecom,senior,5.7,2028-09-21,2028-09-21,2023-09-21,,106.04,3.2956249759728764,,ishares_xcb,evaluated,4410000.0
2026-01-30,CA775109CW90,Rogers Communications,RCI,Telecom,senior,5.8,2030-09-21,2030-09-21,2023-09-21,,108.99,3.6768541241821473,,ishares_xcb,evaluated,3065000.0
2026-01-30,CA775109DA61,Rogers Communications,RCI,Telecom,senior,5.9,2033-09-21,2033-09-21,2023-09-21,,110.84,4.226372825538749,,ishares_xcb,evaluated,4575000.0
2026-01-30,CA779926DJ08,Royal Bank of Canada,RY,Banks,senior_bail_in,4.0,2030-10-17,2029-10-17,2024-10-17,,102.17,3.3728023028692515,,ishares_xcb,evaluated,6553000.0
2026-01-30,CA779926FY56,Royal Bank of Canada,RY,Banks,senior_bail_in,3.63,2028-12-10,2027-12-10,2024-12-10,,101.12,3.005570765565857,,ishares_xcb,evaluated,9830000.0
2026-01-30,CA779926QX54,Royal Bank of Canada,RY,Banks,senior_bail_in,3.98,2031-07-22,2030-07-22,2025-07-22,,102.01,3.491229013418293,,ishares_xcb,evaluated,9210000.0
2026-01-30,CA779926QY38,Royal Bank of Canada,RY,Banks,senior_bail_in,3.41,2029-06-12,2028-06-12,2025-06-10,,100.67,3.113404362241838,,ishares_xcb,evaluated,9260000.0
2026-01-30,CA779926WF74,Royal Bank of Canada,RY,Banks,senior_bail_in,3.49,2031-12-09,2030-12-09,2025-12-09,,100.02,3.4851034077370153,,ishares_xcb,evaluated,12635000.0
2026-01-30,CA780086TY05,Royal Bank of Canada,RY,Banks,senior_bail_in,1.83,2028-07-31,2028-07-31,2021-07-29,,97.79,2.747716337201539,,ishares_xcb,evaluated,4472000.0
2026-01-30,CA780086XL38,Royal Bank of Canada,RY,Banks,senior_bail_in,4.63,2028-05-01,2028-05-01,2023-04-20,,103.51,3.0082538218683825,,ishares_xcb,evaluated,11175000.0
2026-01-30,CA780086ZH08,Royal Bank of Canada,RY,Banks,senior_bail_in,5.23,2030-06-24,2030-06-24,2023-06-23,,107.51,3.377704358018996,,ishares_xcb,evaluated,5572000.0
2026-01-30,CA87971MBG74,TELUS,TU,Telecom,senior,3.63,2028-03-01,2028-03-01,2018-03-01,,101.07,3.1007982195068506,,ishares_xcb,evaluated,3029000.0
2026-01-30,CA87971MBJ14,TELUS,TU,Telecom,senior,3.3,2029-05-02,2029-05-02,2019-04-03,,100.32,3.196785257638652,,ishares_xcb,evaluated,4093000.0
2026-01-30,CA87971MBN26,TELUS,TU,Telecom,senior,3.15,2030-02-19,2030-02-19,2019-12-16,,99.01,3.410108376812583,,ishares_xcb,evaluated,2832000.0
2026-01-30,CA87971MBS13,TELUS,TU,Telecom,senior,2.05,2030-10-07,2030-10-07,2020-10-05,,94.44,3.3421616326138675,,ishares_xcb,evaluated,2210000.0
2026-01-30,CA87971MBV42,TELUS,TU,Telecom,senior,2.85,2031-11-13,2031-11-13,2021-06-28,,96.14,3.595424816166744,,ishares_xcb,evaluated,3815000.0
2026-01-30,CA87971MBX08,TELUS,TU,Telecom,senior,5.25,2032-11-15,2032-11-15,2022-09-13,,107.01,4.058890290067197,,ishares_xcb,evaluated,4607000.0
2026-01-30,CA87971MBZ55,TELUS,TU,Telecom,senior,5.0,2029-09-13,2029-09-13,2022-09-13,,105.13,3.481387259413766,,ishares_xcb,evaluated,1984000.0
2026-01-30,CA87971MCA95,TELUS,TU,Telecom,senior,4.95,2033-03-28,2033-03-28,2023-03-28,,105.19,4.107104353932236,,ishares_xcb,evaluated,2703000.0
2026-01-30,CA87971MCB78,TELUS,TU,Telecom,senior,5.6,2030-09-09,2030-09-09,2023-09-08,,108.1,3.675233516783063,,ishares_xcb,evaluated,1938000.0
2026-01-30,CA87971MCC51,TELUS,TU,Telecom,senior,5.75,2033-09-08,2033-09-08,2023-09-08,,110.06,4.193055518311482,,ishares_xcb,evaluated,3440000.0
2026-01-30,CA87971MCE18,TELUS,TU,Telecom,senior,4.8,2028-12-15,2028-12-15,2024-02-15,,104.13,3.2814716965618564,,ishares_xcb,evaluated,3896000.0
2026-01-30,CA87971MCF82,TELUS,TU,Telecom,senior,4.95,2031-02-18,2031-02-18,2024-02-15,,105.66,3.706624951621703,,ishares_xcb,evaluated,2973000.0
2026-01-30,CA87971MCG65,TELUS,TU,Telecom,senior,5.1,2034-02-15,2034-02-15,2024-02-15,,105.81,4.236916652749072,,ishares_xcb,evaluated,2815000.0
2026-01-30,CA87971MCH49,TELUS,TU,Telecom,senior,4.65,2031-08-13,2031-08-13,2024-08-13,,104.28,3.7822678281389015,,ishares_xcb,evaluated,2614000.0
2026-01-30,CA89116C3S44,Toronto-Dominion Bank,TD,Banks,senior_bail_in,3.61,2031-09-10,2030-09-10,2025-09-10,,100.23,3.5575611996563157,,ishares_xcb,evaluated,11325000.0
2026-01-30,CA89116C7J09,Toronto-Dominion Bank,TD,Banks,senior_bail_in,3.69,2032-01-09,2031-01-09,2026-01-09,,100.38,3.60538138273001,,ishares_xcb,evaluated,13419000.0
2026-01-30,CA89116CDM60,Toronto-Dominion Bank,TD,Banks,senior_bail_in,4.23,2029-04-02,2029-04-02,2024-03-20,,103.55,3.046864403187785,,ishares_xcb,evaluated,4705000.0
2026-01-30,CA89116CQ341,Toronto-Dominion Bank,TD,Banks,senior_bail_in,3.84,2031-05-29,2030-05-29,2025-05-29,,101.38,3.4941288584916554,,ishares_xcb,evaluated,10006000.0
2026-01-30,CA89116CST58,Toronto-Dominion Bank,TD,Banks,senior_bail_in,4.0,2030-10-31,2029-10-31,2024-10-31,,102.14,3.3884470998459286,,ishares_xcb,evaluated,6571000.0
2026-01-30,CA89116CWY97,Toronto-Dominion Bank,TD,Banks,senior_bail_in,4.13,2033-01-09,2032-01-09,2025-01-09,,101.86,3.7775925002515596,,ishares_xcb,evaluated,9593000.0
2026-01-30,CA89117FA338,Toronto-Dominion Bank,TD,Banks,senior_bail_in,1.89,2028-03-08,2028-03-08,2021-03-08,,98.21,2.774977956584762,,ishares_xcb,evaluated,5415000.0
2026-01-30,CA89117FJ347,Toronto-Dominion Bank,TD,Banks,senior_bail_in,1.9,2028-09-11,2028-09-11,2021-09-10,,97.66,2.8383142255616645,,ishares_xcb,evaluated,5791000.0
2026-01-30,CA89117GRJ80,Toronto-Dominion Bank,TD,Banks,senior_bail_in,4.68,2029-01-08,2029-01-08,2022-12-07,,104.21,3.1687397842324625,,ishares_xcb,evaluated,11432000.0
2026-01-30,CA89117GX510,Toronto-Dominion Bank,TD,Banks,senior_bail_in,5.49,2028-09-08,2028-09-08,2023-09-08,,105.88,3.125485135944175,,ishares_xcb,evaluated,7826000.0
2026-01-30,CA89353ZBA53,TransCanada PipeLines,TRP,Pipelines,senior,6.89,2028-08-07,2028-08-07,1997-07-30,,107.65,3.6740269026612697,,ishares_xcb,evaluated,732000.0
2026-01-30,CA89353ZBE75,TransCanada PipeLines,TRP,Pipelines,senior,6.28,2028-05-26,2028-05-26,1998-05-26,,106.25,3.455331903228952,,ishares_xcb,evaluated,803000.0
2026-01-30,CA89353ZBK36,TransCanada PipeLines,TRP,Pipelines,senior,6.5,2030-12-09,2030-12-09,1998-12-07,,109.99,4.203658187465977,,ishares_xcb,evaluated,775000.0
2026-01-30,CA89353ZCA45,TransCanada PipeLines,TRP,Pipelines,senior,3.39,2028-03-15,2028-03-15,2017-09-15,,100.58,3.1093718773282104,,ishares_xcb,evaluated,3012000.0
2026-01-30,CA89353ZCE66,TransCanada PipeLines,TRP,Pipelines,senior,3.0,2029-09-18,2029-09-18,2019-09-18,,99.09,3.2699119110630095,,ishares_xcb,evaluated,3201000.0
2026-01-30,CA89353ZCH97,TransCanada PipeLines,TRP,Pipelines,senior,2.97,2031-06-09,2031-06-09,2021-06-09,,97.2,3.548213702805862,,ishares_xcb,evaluated,2188000.0
2026-01-30,CA89353ZCK27,TransCanada PipeLines,TRP,Pipelines,senior,5.33,2032-05-12,2032-05-12,2022-05-12,,107.59,3.9541992795299428,,ishares_xcb,evaluated,3358000.0
2026-01-30,CA89353ZCN65,TransCanada PipeLines,TRP,Pipelines,senior,5.28,2030-07-15,2030-07-15,2023-03-10,,106.85,3.60315379636993,,ishares_xcb,evaluated,6037000.0
2026-01-30,CA89353ZCQ96,TransCanada PipeLines,TRP,Pipelines,senior,4.58,2035-02-20,2035-02-20,2025-02-20,,101.99,4.309712247303583,,ishares_xcb,evaluated,4835000.0
2026-02-27,CA06368L5G77,Bank of Montreal,BMO,Banks,senior_bail_in,4.42,2029-07-17,2029-07-17,2024-07-17,,103.94,3.1838959285453687,,ishares_xcb,evaluated,10075000.0
2026-02-27,CA06368LB887,Bank of Montreal,BMO,Banks,senior_bail_in,4.54,2028-12-18,2028-12-18,2023-12-18,,103.78,3.1213850289124703,,ishares_xcb,evaluated,10140000.0
2026-02-27,CA06368LNK84,Bank of Montreal,BMO,Banks,senior_bail_in,5.04,2028-05-29,2028-05-29,2023-05-29,,104.32,3.042717215356552,,ishares_xcb,evaluated,9664000.0
2026-02-27,CA06368MJ219,Bank of Montreal,BMO,Banks,senior_bail_in,3.54,2032-03-03,2031-03-03,2026-03-03,,100.21,3.496996001068932,,ishares_xcb,evaluated,1700000.0
2026-02-27,CA06368MRF37,Bank of Montreal,BMO,Banks,senior_bail_in,3.73,2031-06-03,2030-06-03,2025-06-03,,101.55,3.336615666944683,,ishares_xcb,evaluated,7140000.0
2026-02-27,CA064164QM14,Bank of Nova Scotia,BNS,Banks,senior_bail_in,4.68,2029-02-01,2029-02-01,2024-02-01,,104.39,3.1003087844723063,,ishares_xcb,evaluated,9837000.0
2026-02-27,CA06418MM430,Bank of Nova Scotia,BNS,Banks,senior_bail_in,3.84,2030-09-26,2029-09-26,2024-09-26,,102.02,3.240401781048221,,ishares_xcb,evaluated,5695000.0
2026-02-27,CA06418MX742,Bank of Nova Scotia,BNS,Banks,senior_bail_in,3.81,2028-11-15,2027-11-15,2024-10-18,,101.37,2.9868500511411997,,ishares_xcb,evaluated,9413000.0
2026-02-27,CA06418Y4L93,Bank of Nova Scotia,BNS,Banks,senior_bail_in,3.62,2032-01-30,2031-01-30,2025-12-10,,100.71,3.4619493387541054,,ishares_xcb,evaluated,12365000.0
2026-02-27,CA06418YXB96,Bank of Nova Scotia,BNS,Banks,senior_bail_in,3.73,2031-06-27,2030-06-27,2025-03-27,,101.5,3.354458685993531,,ishares_xcb,evaluated,12822000.0
2026-02-27,CA07813ZAC82,Bell Canada,BCE,Telecom,senior,6.55,2029-05-01,2029-05-01,1999-07-19,,108.91,3.5600657370249373,,ishares_xcb,evaluated,632000.0
2026-02-27,CA07813ZAL81,Bell Canada,BCE,Telecom,senior,7.85,2031-04-02,2031-04-02,2001-04-02,,117.55,4.007122785835389,,ishares_xcb,evaluated,1130000.0
2026-02-27,CA07813ZAP95,Bell Canada,BCE,Telecom,senior,7.3,2032-02-23,2032-02-23,2002-02-22,,117.33,4.0156134210778385,,ishares_xcb,evaluated,1349000.0
2026-02-27,CA07813ZAT18,Bell Canada,BCE,Telecom,senior,6.1,2035-03-16,2035-03-16,2004-03-16,,113.33,4.307920136697618,,ishares_xcb,evaluated,1703000.0
2026-02-27,CA07813ZBL72,Bell Canada,BCE,Telecom,senior,6.17,2037-02-26,2037-02-26,2007-02-26,,115.17,4.413907823458875,,ishares_xcb,evaluated,1528000.0
2026-02-27,CA07813ZCC64,Bell Canada,BCE,Telecom,senior,2.9,2029-09-10,2029-09-10,2019-09-10,,99.07,3.18377774598589,,ishares_xcb,evaluated,2516000.0
2026-02-27,CA07813ZCE21,Bell Canada,BCE,Telecom,senior,2.5,2030-05-14,2030-05-14,2020-05-14,,97.36,3.1758097723658314,,ishares_xcb,evaluated,4682000.0
2026-02-27,CA07813ZCG78,Bell Canada,BCE,Telecom,senior,3.0,2031-03-17,2031-03-17,2021-03-17,,98.02,3.432575788938447,,ishares_xcb,evaluated,5513000.0
2026-02-27,CA07813ZCJ18,Bell Canada,BCE,Telecom,senior,2.2,2028-05-29,2028-05-29,2021-05-28,,98.68,2.81034824843953,,ishares_xcb,evaluated,2448000.0
2026-02-27,CA07813ZCK80,Bell Canada,BCE,Telecom,senior,5.85,2032-11-10,2032-11-10,2022-11-10,,111.28,3.9203241948300924,,ishares_xcb,evaluated,6005000.0
2026-02-27,CA07813ZCL63,Bell Canada,BCE,Telecom,senior,4.55,2030-02-09,2030-02-09,2023-02-09,,104.22,3.399388514117657,,ishares_xcb,evaluated,5101000.0
2026-02-27,CA07813ZCQ50,Bell Canada,BCE,Telecom,senior,5.25,2029-03-15,2029-03-15,2023-11-14,,105.65,3.290528939268071,,ishares_xcb,evaluated,3385000.0
2026-02-27,CA07813ZCR34,Bell Canada,BCE,Telecom,senior,5.15,2034-08-24,2034-08-24,2024-05-24,,107.09,4.150740973567494,,ishares_xcb,evaluated,5190000.0
2026-02-27,CA078149DV00,Bell Canada,BCE,Telecom,senior,7.65,2031-12-30,2031-12-30,1996-12-30,,116.39,4.431713175234837,,ishares_xcb,evaluated,26000.0
2026-02-27,CA11291ZAE75,Brookfield Infrastructure Finance,BIP,Utilities,senior,4.19,2028-09-11,2028-09-11,2018-09-10,,102.32,3.2349526160040476,,ishares_xcb,evaluated,2971000.0
2026-02-27,CA11291ZAF41,Brookfield Infrastructure Finance,BIP,Utilities,senior,3.41,2029-10-09,2029-10-09,2019-10-03,,100.42,3.2861049345410898,,ishares_xcb,evaluated,3358000.0
2026-02-27,CA11291ZAG24,Brookfield Infrastructure Finance,BIP,Utilities,senior,2.86,2032-09-01,2032-09-01,2020-09-01,,94.63,3.801514482366628,,ishares_xcb,evaluated,2255000.0
2026-02-27,CA11291ZAH07,Brookfield Infrastructure Finance,BIP,Utilities,senior,5.44,2034-04-25,2034-04-25,2022-04-25,,109.08,4.117949331617418,,ishares_xcb,evaluated,1840000.0
2026-02-27,CA11291ZAL19,Brookfield Infrastructure Finance,BIP,Utilities,senior,5.98,2033-02-14,2033-02-14,2022-11-14,,111.92,4.001798282284881,,ishares_xcb,evaluated,964000.0
2026-02-27,CA11291ZAM91,Brookfield Infrastructure Finance,BIP,Utilities,senior,5.71,2030-07-27,2030-07-27,2023-07-27,,108.78,3.543983131896832,,ishares_xcb,evaluated,2164000.0
2026-02-27,CA11291ZAP23,Brookfield Infrastructure Finance,BIP,Utilities,senior,3.7,2031-01-06,2031-01-06,2025-09-24,,100.68,3.546573875301854,,ishares_xcb,evaluated,2030000.0
2026-02-27,CA11291ZAQ06,Brookfield Infrastructure Finance,BIP,Utilities,senior,4.53,2035-09-24,2035-09-24,2025-09-24,,101.61,4.324449578896691,,ishares_xcb,evaluated,2060000.0
2026-02-27,CA13607L4C41,Canadian Imperial Bank of Commerce,CM,Banks,senior_bail_in,3.65,2028-12-10,2027-12-10,2024-12-10,,101.14,2.9880015173307912,,ishares_xcb,stale,6105000.0
2026-02-27,CA13607LF997,Canadian Imperial Bank of Commerce,CM,Banks,senior_bail_in,3.8,2030-12-10,2029-12-10,2024-12-10,,101.85,3.2756185745829813,,ishares_xcb,evaluated,8226000.0
2026-02-27,CA13607P5X87,Canadian Imperial Bank of Commerce,CM,Banks,senior_bail_in,3.9,2031-06-20,2030-06-20,2025-06-20,,102.1,3.3720043667395205,,ishares_xcb,evaluated,6214000.0
2026-02-27,CA13607QQT27,Canadian Imperial Bank of Commerce,CM,Banks,senior_bail_in,3.65,2032-01-13,2031-01-13,2026-01-13,,100.87,3.454763538013316,,ishares_xcb,evaluated,14505000.0
2026-02-27,CA29251ZAD92,Enbridge Inc,ENB,Pipelines,senior,7.22,2030-07-24,2030-07-24,2000-07-24,,113.86,3.7759890205728492,,ishares_xcb,evaluated,806000.0
2026-02-27,CA29251ZAK36,Enbridge Inc,ENB,Pipelines,senior,7.2,2032-06-18,2032-06-18,2001-06-18,,116.36,4.216967609552702,,ishares_xcb,evaluated,1060000.0
2026-02-27,CA29251ZAQ06,Enbridge Inc,ENB,Pipelines,senior,5.57,2035-11-14,2035-11-14,2005-11-14,,109.53,4.356611310848503,,ishares_xcb,evaluated,394000.0
2026-02-27,CA29251ZBS52,Enbridge Inc,ENB,Pipelines,senior,2.99,2029-10-03,2029-10-03,2019-10-03,,99.55,3.12371326121601,,ishares_xcb,evaluated,4400000.0
2026-02-27,CA29251ZBU09,Enbridge Inc,ENB,Pipelines,senior,3.1,2033-09-21,2033-09-21,2021-09-21,,95.39,3.808956298477727,,ishares_xcb,evaluated,4431000.0
2026-02-27,CA29251ZBW64,Enbridge Inc,ENB,Pipelines,senior,6.1,2032-11-09,2032-11-09,2022-11-09,,112.72,3.922922178659044,,ishares_xcb,evaluated,4190000.0
2026-02-27,CA29251ZBZ95,Enbridge Inc,ENB,Pipelines,senior,5.36,2033-05-26,2033-05-26,2023-05-26,,108.66,3.9731050087613897,,ishares_xcb,evaluated,2065000.0
2026-02-27,CA29251ZCA36,Enbridge Inc,ENB,Pipelines,senior,4.9,2028-05-26,2028-05-26,2023-05-26,,103.76,3.153178000127563,,ishares_xcb,evaluated,2925000.0
2026-02-27,CA29251ZCC91,Enbridge Inc,ENB,Pipelines,senior,4.21,2030-02-22,2030-02-22,2024-08-22,,103.12,3.3670384497320405,,ishares_xcb,evaluated,2836000.0
2026-02-27,CA29251ZCD74,Enbridge Inc,ENB,Pipelines,senior,4.73,2034-08-22,2034-08-22,2024-08-22,,104.4,4.110558927941501,,ishares_xcb,evaluated,3793000.0
2026-02-27,CA29251ZCG06,Enbridge Inc,ENB,Pipelines,senior,3.9,2030-02-25,2030-02-25,2025-02-25,,101.98,3.366090940278769,,ishares_xcb,evaluated,4680000.0
2026-02-27,CA29251ZCH88,Enbridge Inc,ENB,Pipelines,senior,4.56,2035-02-25,2035-02-25,2025-02-25,,102.97,4.16077464697694,,ishares_xcb,evaluated,2733000.0
2026-02-27,CA29251ZCK18,Enbridge Inc,ENB,Pipelines,senior,3.57,2031-02-26,2031-02-26,2026-02-26,,100.19,3.528194259262534,,ishares_xcb,evaluated,2360000.0
2026-02-27,CA29251ZCL90,Enbridge Inc,ENB,Pipelines,senior,4.35,2036-02-26,2036-02-26,2026-02-26,,100.32,4.310259006815863,,ishares_xcb,evaluated,3430000.0
2026-02-27,CA349553AP21,Fortis Inc,FTS,Utilities,senior,2.18,2028-05-15,2028-05-15,2021-05-14,,98.73,2.777301385410151,,ishares_xcb,evaluated,1947000.0
2026-02-27,CA349553AQ04,Fortis Inc,FTS,Utilities,senior,4.43,2029-05-31,2029-05-31,2022-05-31,,104.02,3.121331819507376,,ishares_xcb,evaluated,1930000.0
2026-02-27,CA349553AR86,Fortis Inc,FTS,Utilities,senior,5.68,2033-11-08,2033-11-08,2023-11-08,,111.67,3.9100489825593887,,ishares_xcb,evaluated,1995000.0
2026-02-27,CA349553AS69,Fortis Inc,FTS,Utilities,senior,4.17,2031-09-09,2031-09-09,2024-09-09,,103.62,3.4481572185165588,,ishares_xcb,evaluated,2200000.0
2026-02-27,CA349553AT43,Fortis Inc,FTS,Utilities,senior,4.09,2032-03-26,2032-03-26,2025-03-26,,102.71,3.591679076939827,,ishares_xcb,evaluated,3590000.0
2026-02-27,CA44810ZAB63,Hydro One Inc,H,Utilities,senior,6.93,2032-06-01,2032-06-01,2001-06-22,,118.53,3.596414985563142,,ishares_xcb,evaluated,1710000.0
2026-02-27,CA44810ZAD20,Hydro One Inc,H,Utilities,senior,6.35,2034-01-31,2034-01-31,2003-01-31,,117.3,3.8013383017811853,,ishares_xcb,evaluated,1979000.0
2026-02-27,CA44810ZAP59,Hydro One Inc,H,Utilities,senior,5.36,2036-05-20,2036-05-20,2005-05-19,,111.77,3.950461572720326,,ishares_xcb,evaluated,2786000.0
2026-02-27,CA44810ZAS98,Hydro One Inc,H,Utilities,senior,4.89,2037-03-13,2037-03-13,2007-03-13,,107.18,4.077631157633137,,ishares_xcb,evaluated,1705000.0
2026-02-27,CA44810ZBZ23,Hydro One Inc,H,Utilities,senior,3.02,2029-04-05,2029-04-05,2019-04-05,,100.46,2.864474436808326,,ishares_xcb,evaluated,2502000.0
2026-02-27,CA44810ZCC29,Hydro One Inc,H,Utilities,senior,2.16,2030-02-28,2030-02-28,2020-02-28,,97.37,2.8584649423625255,,ishares_xcb,evaluated,1956000.0
2026-02-27,CA44810ZCF59,Hydro One Inc,H,Utilities,senior,1.69,2031-01-16,2031-01-16,2020-10-09,,94.48,2.910773634921694,,ishares_xcb,evaluated,1844000.0
2026-02-27,CA44810ZCG33,Hydro One Inc,H,Utilities,senior,2.23,2031-09-17,2031-09-17,2021-09-17,,95.97,3.025782446981249,,ishares_xcb,evaluated,1983000.0
2026-02-27,CA44810ZCK45,Hydro One Inc,H,Utilities,senior,3.93,2029-11-30,2029-11-30,2023-01-27,,103.13,3.0426142883452596,,ishares_xcb,evaluated,3167000.0
2026-02-27,CA44810ZCL28,Hydro One Inc,H,Utilities,senior,4.16,2033-01-27,2033-01-27,2023-01-27,,103.82,3.5325280671612647,,ishares_xcb,evaluated,1770000.0
2026-02-27,CA44810ZCR97,Hydro One Inc,H,Utilities,senior,4.39,2034-03-01,2034-03-01,2024-01-12,,104.81,3.6930490815227306,,ishares_xcb,evaluated,2565000.0
2026-02-27,CA44810ZCS70,Hydro One Inc,H,Utilities,senior,4.25,2035-01-04,2035-01-04,2024-08-20,,103.56,3.7732760187311145,,ishares_xcb,evaluated,5464000.0
2026-02-27,CA44810ZCT53,Hydro One Inc,H,Utilities,senior,3.94,2032-08-25,2032-08-25,2025-08-25,,102.71,3.470338565738344,,ishares_xcb,evaluated,2625000.0
2026-02-27,CA44810ZCU27,Hydro One Inc,H,Utilities,senior,4.3,2035-08-24,2035-08-24,2025-08-25,,103.43,3.864859034407407,,ishares_xcb,evaluated,2010000.0
2026-02-27,CA44810ZCW82,Hydro One Inc,H,Utilities,senior,3.9,2033-11-21,2033-11-21,2025-11-21,,101.74,3.640343296938221,,ishares_xcb,evaluated,5490000.0
2026-02-27,CA448810AC58,Hydro One Inc,H,Utilities,senior,7.35,2030-06-03,2030-06-03,2000-06-01,,116.23,3.242869487180891,,ishares_xcb,evaluated,1493000.0
2026-02-27,CA63306AHP45,National Bank of Canada,NA,Banks,senior_bail_in,5.22,2028-06-14,2028-06-14,2023-06-14,,104.89,2.9974582711365767,,ishares_xcb,evaluated,8238000.0
2026-02-27,CA63306AHT66,National Bank of Canada,NA,Banks,senior_bail_in,5.02,2029-02-01,2029-02-01,2023-12-07,,105.4,3.0775827724623164,,ishares_xcb,evaluated,6989000.0
2026-02-27,CA63306AJF45,National Bank of Canada,NA,Banks,senior_bail_in,3.52,2029-07-17,2028-07-17,2025-07-17,,100.99,3.086950942597146,,ishares_xcb,evaluated,5465000.0
2026-02-27,CA63306AJG28,National Bank of Canada,NA,Banks,senior_bail_in,3.54,2031-01-13,2030-01-13,2026-01-13,,100.82,3.313056022210686,,ishares_xcb,evaluated,4725000.0
2026-02-27,CA63306AJH01,National Bank of Canada,NA,Banks,senior_bail_in,3.44,2031-10-21,2030-10-21,2025-10-21,,100.2,3.3931849465236934,,ishares_xcb,evaluated,4710000.0
2026-02-27,CA63306AJM95,National Bank of Canada,NA,Banks,senior_bail_in,3.31,2028-08-15,2027-08-15,2025-06-04,,100.55,2.924325644189976,,ishares_xcb,evaluated,4225000.0
2026-02-27,CA70632ZAK71,Pembina Pipeline,PPL,Pipelines,senior,4.02,2028-03-27,2028-03-27,2018-03-26,,101.71,3.168903745692295,,ishares_xcb,evaluated,2882000.0
2026-02-27,CA70632ZAM38,Pembina Pipeline,PPL,Pipelines,senior,3.62,2029-04-03,2029-04-03,2019-04-03,,101.16,3.2239224045016486,,ishares_xcb,evaluated,3248000.0
2026-02-27,CA70632ZAQ42,Pembina Pipeline,PPL,Pipelines,senior,3.31,2030-02-01,2030-02-01,2019-09-12,,100.3,3.228159612048471,,ishares_xcb,evaluated,3004000.0
2026-02-27,CA70632ZAS08,Pembina Pipeline,PPL,Pipelines,senior,3.53,2031-12-10,2031-12-10,2021-12-10,,99.88,3.5528073247689784,,ishares_xcb,evaluated,2117000.0
2026-02-27,CA70632ZAV37,Pembina Pipeline,PPL,Pipelines,senior,5.02,2032-01-12,2032-01-12,2024-01-12,,106.44,3.7868352503690703,,ishares_xcb,evaluated,3355000.0
2026-02-27,CA70632ZAW10,Pembina Pipeline,PPL,Pipelines,senior,5.21,2034-01-12,2034-01-12,2024-01-12,,107.5,4.086378249872624,,ishares_xcb,evaluated,2645000.0
2026-02-27,CA70632ZAY75,Pembina Pipeline,PPL,Pipelines,senior,5.22,2033-06-28,2033-06-28,2024-06-28,,107.68,4.000574776243164,,ishares_xcb,evaluated,3360000.0
2026-02-27,CA775109BJ98,Rogers Communications,RCI,Telecom,senior,3.25,2029-05-01,2029-05-01,2019-04-30,,100.15,3.2018510644763007,,ishares_xcb,evaluated,2845000.0
2026-02-27,CA775109BT70,Rogers Communications,RCI,Telecom,senior,3.75,2029-04-15,2029-04-15,2022-03-11,,101.43,3.265840506864444,,ishares_xcb,evaluated,4566000.0
2026-02-27,CA775109BV27,Rogers Communications,RCI,Telecom,senior,4.25,2032-04-15,2032-04-15,2022-03-11,,102.63,3.7655665663286166,,ishares_xcb,evaluated,4882000.0
2026-02-27,CA775109CP40,Rogers Communications,RCI,Telecom,senior,4.4,2028-11-02,2028-11-02,2023-04-03,,102.88,3.2705275915310734,,ishares_xcb,evaluated,4398000.0
2026-02-27,CA775109CQ23,Rogers Communications,RCI,Telecom,senior,3.3,2029-12-10,2029-12-10,2019-12-09,,99.97,3.308116364589791,,ishares_xcb,evaluated,539000.0
2026-02-27,CA775109CV18,Rogers Communications,RCI,Telecom,senior,5.7,2028-09-21,2028-09-21,2023-09-21,,106.01,3.2427291396063347,,ishares_xcb,evaluated,4410000.0
2026-02-27,CA775109CW90,Rogers Communications,RCI,Telecom,senior,5.8,2030-09-21,2030-09-21,2023-09-21,,109.47,3.5376757788946867,,ishares_xcb,evaluated,3065000.0
2026-02-27,CA775109DA61,Rogers Communications,RCI,Telecom,senior,5.9,2033-09-21,2033-09-21,2023-09-21,,111.92,4.056342760380853,,ishares_xcb,evaluated,4575000.0
2026-02-27,CA779926DJ08,Royal Bank of Canada,RY,Banks,senior_bail_in,4.0,2030-10-17,2029-10-17,2024-10-17,,102.61,3.2333490717026305,,ishares_xcb,evaluated,6933000.0
2026-02-27,CA779926FY56,Royal Bank of Canada,RY,Banks,senior_bail_in,3.63,2028-12-10,2027-12-10,2024-12-10,,101.12,2.9796732924911415,,ishares_xcb,stale,9730000.0
2026-02-27,CA779926QX54,Royal Bank of Canada,RY,Banks,senior_bail_in,3.98,2031-07-22,2030-07-22,2025-07-22,,102.61,3.3375022445696123,,ishares_xcb,evaluated,9400000.0
2026-02-27,CA779926QY38,Royal Bank of Canada,RY,Banks,senior_bail_in,3.41,2029-06-12,2028-06-12,2025-06-10,,100.81,3.0403821393390906,,ishares_xcb,evaluated,9785000.0
2026-02-27,CA779926WF74,Royal Bank of Canada,RY,Banks,senior_bail_in,3.49,2031-12-09,2030-12-09,2025-12-09,,100.77,3.3141691123888415,,ishares_xcb,evaluated,13035000.0
2026-02-27,CA780086TY05,Royal Bank of Canada,RY,Banks,senior_bail_in,1.83,2028-07-31,2028-07-31,2021-07-29,,98.18,2.6094250254018028,,ishares_xcb,evaluated,4472000.0
2026-02-27,CA780086XL38,Royal Bank of Canada,RY,Banks,senior_bail_in,4.63,2028-05-01,2028-05-01,2023-04-20,,103.5,2.9599409608599867,,ishares_xcb,evaluated,11775000.0
2026-02-27,CA780086ZH08,Royal Bank of Canada,RY,Banks,senior_bail_in,5.23,2030-06-24,2030-06-24,2023-06-23,,108.08,3.2119783182590407,,ishares_xcb,evaluated,6072000.0
2026-02-27,CA87971MBG74,TELUS,TU,Telecom,senior,3.63,2028-03-01,2028-03-01,2018-03-01,,101.1,3.067837026240801,,ishares_xcb,evaluated,3089000.0
2026-02-27,CA87971MBJ14,TELUS,TU,Telecom,senior,3.3,2029-05-02,2029-05-02,2019-04-03,,100.64,3.0888980317052273,,ishares_xcb,evaluated,4223000.0
2026-02-27,CA87971MBN26,TELUS,TU,Telecom,senior,3.15,2030-02-19,2030-02-19,2019-12-16,,99.47,3.2932542950953168,,ishares_xcb,evaluated,2832000.0
2026-02-27,CA87971MBS13,TELUS,TU,Telecom,senior,2.05,2030-10-07,2030-10-07,2020-10-05,,95.41,3.1277441250138214,,ishares_xcb,evaluated,2210000.0
2026-02-27,CA87971MBV42,TELUS,TU,Telecom,senior,2.85,2031-11-13,2031-11-13,2021-06-28,,97.12,3.4103700565337354,,ishares_xcb,evaluated,4295000.0
2026-02-27,CA87971MBX08,TELUS,TU,Telecom,senior,5.25,2032-11-15,2032-11-15,2022-09-13,,107.86,3.908490351249249,,ishares_xcb,evaluated,4737000.0
2026-02-27,CA87971MBZ55,TELUS,TU,Telecom,senior,5.0,2029-09-13,2029-09-13,2022-09-13,,105.39,3.3764926923818375,,ishares_xcb,evaluated,1984000.0
2026-02-27,CA87971MCA95,TELUS,TU,Telecom,senior,4.95,2033-03-28,2033-03-28,2023-03-28,,106.05,3.963856078312695,,ishares_xcb,evaluated,2703000.0
2026-02-27,CA87971MCB78,TELUS,TU,Telecom,senior,5.6,2030-09-09,2030-09-09,2023-09-08,,108.56,3.5420083865958074,,ishares_xcb,evaluated,1938000.0
2026-02-27,CA87971MCC51,TELUS,TU,Telecom,senior,5.75,2033-09-08,2033-09-08,2023-09-08,,110.9,4.057826293327688,,ishares_xcb,evaluated,3440000.0
2026-02-27,CA87971MCE18,TELUS,TU,Telecom,senior,4.8,2028-12-15,2028-12-15,2024-02-15,,104.16,3.231587519721003,,ishares_xcb,evaluated,4181000.0
2026-02-27,CA87971MCF82,TELUS,TU,Telecom,senior,4.95,2031-02-18,2031-02-18,2024-02-15,,106.21,3.5763534322480544,,ishares_xcb,evaluated,3273000.0
2026-02-27,CA87971MCG65,TELUS,TU,Telecom,senior,5.1,2034-02-15,2034-02-15,2024-02-15,,106.84,4.085460098318241,,ishares_xcb,evaluated,2815000.0
2026-02-27,CA87971MCH49,TELUS,TU,Telecom,senior,4.65,2031-08-13,2031-08-13,2024-08-13,,104.91,3.650206418192837,,ishares_xcb,evaluated,3248000.0
2026-02-27,CA89116C3S44,Toronto-Dominion Bank,TD,Banks,senior_bail_in,3.61,2031-09-10,2030-09-10,2025-09-10,,100.91,3.3947313586590178,,ishares_xcb,evaluated,12095000.0
2026-02-27,CA89116C7J09,Toronto-Dominion Bank,TD,Banks,senior_bail_in,3.69,2032-01-09,2031-01-09,2026-01-09,,101.1,3.4427044137404406,,ishares_xcb,evaluated,14204000.0
2026-02-27,CA89116CDM60,Toronto-Dominion Bank,TD,Banks,senior_bail_in,4.23,2029-04-02,2029-04-02,2024-03-20,,103.92,2.896829909610555,,ishares_xcb,evaluated,4705000.0
2026-02-27,CA89116CQ341,Toronto-Dominion Bank,TD,Banks,senior_bail_in,3.84,2031-05-29,2030-05-29,2025-05-29,,101.97,3.3400754178011542,,ishares_xcb,evaluated,10731000.0
2026-02-27,CA89116CST58,Toronto-Dominion Bank,TD,Banks,senior_bail_in,4.0,2030-10-31,2029-10-31,2024-10-31,,102.57,3.253742652138686,,ishares_xcb,evaluated,6943000.0
2026-02-27,CA89116CWY97,Toronto-Dominion Bank,TD,Banks,senior_bail_in,4.13,2033-01-09,2032-01-09,2025-01-09,,102.72,3.6113784334926855,,ishares_xcb,evaluated,9593000.0
2026-02-27,CA89117FA338,Toronto-Dominion Bank,TD,Banks,senior_bail_in,1.89,2028-03-08,2028-03-08,2021-03-08,,98.45,2.6852266369199063,,ishares_xcb,evaluated,5580000.0
2026-02-27,CA89117FJ347,Toronto-Dominion Bank,TD,Banks,senior_bail_in,1.9,2028-09-11,2028-09-11,2021-09-10,,98.07,2.6961683719226484,,ishares_xcb,evaluated,5931000.0
2026-02-27,CA89117GRJ80,Toronto-Dominion Bank,TD,Banks,senior_bail_in,4.68,2029-01-08,2029-01-08,2022-12-07,,104.35,3.080992976271452,,ishares_xcb,evaluated,11732000.0
2026-02-27,CA89117GX510,Toronto-Dominion Bank,TD,Banks,senior_bail_in,5.49,2028-09-08,2028-09-08,2023-09-08,,105.94,3.0367253793514175,,ishares_xcb,evaluated,8626000.0
2026-02-27,CA89353ZBA53,TransCanada PipeLines,TRP,Pipelines,senior,6.89,2028-08-07,2028-08-07,1997-07-30,,107.49,3.659313574818283,,ishares_xcb,evaluated,732000.0
2026-02-27,CA89353ZBE75,TransCanada PipeLines,TRP,Pipelines,senior,6.28,2028-05-26,2028-05-26,1998-05-26,,106.37,3.3130760273130577,,ishares_xcb,evaluated,803000.0
2026-02-27,CA89353ZBK36,TransCanada PipeLines,TRP,Pipelines,senior,6.5,2030-12-09,2030-12-09,1998-12-07,,110.76,4.003485603821182,,ishares_xcb,evaluated,775000.0
2026-02-27,CA89353ZCA45,TransCanada PipeLines,TRP,Pipelines,senior,3.39,2028-03-15,2028-03-15,2017-09-15,,100.7,3.040151673523862,,ishares_xcb,evaluated,3012000.0
2026-02-27,CA89353ZCE66,TransCanada PipeLines,TRP,Pipelines,senior,3.0,2029-09-18,2029-09-18,2019-09-18,,99.6,3.1228122334259525,,ishares_xcb,evaluated,3401000.0
2026-02-27,CA89353ZCH97,TransCanada PipeLines,TRP,Pipelines,senior,2.97,2031-06-09,2031-06-09,2021-06-09,,98.09,3.3676061321434547,,ishares_xcb,evaluated,2188000.0
2026-02-27,CA89353ZCK27,TransCanada PipeLines,TRP,Pipelines,senior,5.33,2032-05-12,2032-05-12,2022-05-12,,108.36,3.805770912728019,,ishares_xcb,evaluated,3358000.0
2026-02-27,CA89353ZCN65,TransCanada PipeLines,TRP,Pipelines,senior,5.28,2030-07-15,2030-07-15,2023-03-10,,107.31,3.4674370374015098,,ishares_xcb,evaluated,6277000.0
2026-02-27,CA89353ZCQ96,TransCanada PipeLines,TRP,Pipelines,senior,4.58,2035-02-20,2035-02-20,2025-02-20,,103.28,4.138953856768839,,ishares_xcb,evaluated,4835000.0
2026-03-31,CA06368L5G77,Bank of Montreal,BMO,Banks,senior_bail_in,4.42,2029-07-17,2029-07-17,2024-07-17,,102.42,3.6356111430435876,,ishares_xcb,evaluated,10075000.0
2026-03-31,CA06368LB887,Bank of Montreal,BMO,Banks,senior_bail_in,4.54,2028-12-18,2028-12-18,2023-12-18,,102.5,3.56586472000128,,ishares_xcb,evaluated,10210000.0
2026-03-31,CA06368LNK84,Bank of Montreal,BMO,Banks,senior_bail_in,5.04,2028-05-29,2028-05-29,2023-05-29,,103.14,3.523943249199255,,ishares_xcb,evaluated,9664000.0
2026-03-31,CA06368MJ219,Bank of Montreal,BMO,Banks,senior_bail_in,3.54,2032-03-03,2031-03-03,2026-03-03,,98.44,3.890202507719246,,ishares_xcb,evaluated,7960000.0
2026-03-31,CA06368MRF37,Bank of Montreal,BMO,Banks,senior_bail_in,3.73,2031-06-03,2030-06-03,2025-06-03,,99.77,3.789893295357595,,ishares_xcb,evaluated,7140000.0
2026-03-31,CA06368MZS65,Bank of Montreal,BMO,Banks,senior_bail_in,3.11,2029-10-27,2028-10-27,2025-10-27,,99.04,3.5040484275161528,,ishares_xcb,evaluated,1055000.0
2026-03-31,CA064164QM14,Bank of Nova Scotia,BNS,Banks,senior_bail_in,4.68,2029-02-01,2029-02-01,2024-02-01,,103.01,3.5568629359601247,,ishares_xcb,evaluated,9887000.0
2026-03-31,CA06418MM430,Bank of Nova Scotia,BNS,Banks,senior_bail_in,3.84,2030-09-26,2029-09-26,2024-09-26,,100.4,3.716338571982574,,ishares_xcb,evaluated,6095000.0
2026-03-31,CA06418MX742,Bank of Nova Scotia,BNS,Banks,senior_bail_in,3.81,2028-11-15,2027-11-15,2024-10-18,,100.58,3.445341424966359,,ishares_xcb,evaluated,9263000.0
2026-03-31,CA06418Y4L93,Bank of Nova Scotia,BNS,Banks,senior_bail_in,3.62,2032-01-30,2031-01-30,2025-12-10,,98.82,3.890368555987511,,ishares_xcb,evaluated,17445000.0
2026-03-31,CA06418YXB96,Bank of Nova Scotia,BNS,Banks,senior_bail_in,3.73,2031-06-27,2030-06-27,2025-03-27,,99.73,3.799071756580204,,ishares_xcb,evaluated,13287000.0
2026-03-31,CA07813ZAC82,Bell Canada,BCE,Telecom,senior,6.55,2029-05-01,2029-05-01,1999-07-19,,107.38,3.9904091689666283,,ishares_xcb,evaluated,632000.0
2026-03-31,CA07813ZAL81,Bell Canada,BCE,Telecom,senior,7.85,2031-04-02,2031-04-02,2001-04-02,,115.25,4.422556082329817,,ishares_xcb,evaluated,1130000.0
2026-03-31,CA07813ZAP95,Bell Canada,BCE,Telecom,senior,7.3,2032-02-23,2032-02-23,2002-02-22,,114.22,4.526776278003421,,ishares_xcb,evaluated,1469000.0
2026-03-31,CA07813ZAT18,Bell Canada,BCE,Telecom,senior,6.1,2035-03-16,2035-03-16,2004-03-16,,110.08,4.707379511425089,,ishares_xcb,evaluated,1703000.0
2026-03-31,CA07813ZBL72,Bell Canada,BCE,Telecom,senior,6.17,2037-02-26,2037-02-26,2007-02-26,,111.21,4.835452956875925,,ishares_xcb,evaluated,1528000.0
2026-03-31,CA07813ZCC64,Bell Canada,BCE,Telecom,senior,2.9,2029-09-10,2029-09-10,2019-09-10,,97.62,3.6409327926992647,,ishares_xcb,evaluated,2516000.0
2026-03-31,CA07813ZCE21,Bell Canada,BCE,Telecom,senior,2.5,2030-05-14,2030-05-14,2020-05-14,,95.71,3.6316190253777108,,ishares_xcb,evaluated,4592000.0
2026-03-31,CA07813ZCG78,Bell Canada,BCE,Telecom,senior,3.0,2031-03-17,2031-03-17,2021-03-17,,96.18,3.8527235246618092,,ishares_xcb,evaluated,5791000.0
2026-03-31,CA07813ZCJ18,Bell Canada,BCE,Telecom,senior,2.2,2028-05-29,2028-05-29,2021-05-28,,97.68,3.3224562082553533,,ishares_xcb,evaluated,2448000.0
2026-03-31,CA07813ZCK80,Bell Canada,BCE,Telecom,senior,5.85,2032-11-10,2032-11-10,2022-11-10,,108.69,4.326743799325197,,ishares_xcb,evaluated,6205000.0
2026-03-31,CA07813ZCL63,Bell Canada,BCE,Telecom,senior,4.55,2030-02-09,2030-02-09,2023-02-09,,102.49,3.850173580293011,,ishares_xcb,evaluated,5641000.0
2026-03-31,CA07813ZCQ50,Bell Canada,BCE,Telecom,senior,5.25,2029-03-15,2029-03-15,2023-11-14,,104.24,3.7209006260835285,,ishares_xcb,evaluated,3685000.0
2026-03-31,CA07813ZCR34,Bell Canada,BCE,Telecom,senior,5.15,2034-08-24,2034-08-24,2024-05-24,,103.98,4.574141095888616,,ishares_xcb,evaluated,5395000.0
2026-03-31,CA078149DV00,Bell Canada,BCE,Telecom,senior,7.65,2031-12-30,2031-12-30,1996-12-30,,114.2,4.793928345584416,,ishares_xcb,evaluated,26000.0
2026-03-31,CA11291ZAE75,Brookfield Infrastructure Finance,BIP,Utilities,senior,4.19,2028-09-11,2028-09-11,2018-09-10,,101.23,3.6580535365368387,,ishares_xcb,evaluated,3091000.0
2026-03-31,CA11291ZAF41,Brookfield Infrastructure Finance,BIP,Utilities,senior,3.41,2029-10-09,2029-10-09,2019-10-03,,98.83,3.7687167320475563,,ishares_xcb,evaluated,3363000.0
2026-03-31,CA11291ZAG24,Brookfield Infrastructure Finance,BIP,Utilities,senior,2.86,2032-09-01,2032-09-01,2020-09-01,,92.34,4.2347630029537635,,ishares_xcb,evaluated,2270000.0
2026-03-31,CA11291ZAH07,Brookfield Infrastructure Finance,BIP,Utilities,senior,5.44,2034-04-25,2034-04-25,2022-04-25,,106.04,4.538082027122881,,ishares_xcb,evaluated,1850000.0
2026-03-31,CA11291ZAL19,Brookfield Infrastructure Finance,BIP,Utilities,senior,5.98,2033-02-14,2033-02-14,2022-11-14,,109.22,4.410825563653793,,ishares_xcb,evaluated,964000.0
2026-03-31,CA11291ZAM91,Brookfield Infrastructure Finance,BIP,Utilities,senior,5.71,2030-07-27,2030-07-27,2023-07-27,,106.91,3.9568157586459347,,ishares_xcb,evaluated,2289000.0
2026-03-31,CA11291ZAP23,Brookfield Infrastructure Finance,BIP,Utilities,senior,3.7,2031-01-06,2031-01-06,2025-09-24,,98.81,3.977047018040192,,ishares_xcb,evaluated,2030000.0
2026-03-31,CA11291ZAQ06,Brookfield Infrastructure Finance,BIP,Utilities,senior,4.53,2035-09-24,2035-09-24,2025-09-24,,98.56,4.719928052220509,,ishares_xcb,evaluated,1970000.0
2026-03-31,CA13607L4C41,Canadian Imperial Bank of Commerce,CM,Banks,senior_bail_in,3.65,2028-12-10,2027-12-10,2024-12-10,,100.34,3.441386766580311,,ishares_xcb,evaluated,6225000.0
2026-03-31,CA13607LF997,Canadian Imperial Bank of Commerce,CM,Banks,senior_bail_in,3.8,2030-12-10,2029-12-10,2024-12-10,,100.15,3.755841686681545,,ishares_xcb,evaluated,8416000.0
2026-03-31,CA13607P5X87,Canadian Imperial Bank of Commerce,CM,Banks,senior_bail_in,3.9,2031-06-20,2030-06-20,2025-06-20,,100.32,3.8168147884246,,ishares_xcb,evaluated,6379000.0
2026-03-31,CA13607QH885,Canadian Imperial Bank of Commerce,CM,Banks,senior_bail_in,3.7,2030-04-02,2029-04-02,2026-04-02,,99.92,3.7300975171207997,,ishares_xcb,evaluated,5700000.0
2026-03-31,CA13607QQT27,Canadian Imperial Bank of Commerce,CM,Banks,senior_bail_in,3.65,2032-01-13,2031-01-13,2026-01-13,,99.01,3.8790707225149546,,ishares_xcb,evaluated,14955000.0
2026-03-31,CA29251ZAD92,Enbridge Inc,ENB,Pipelines,senior,7.22,2030-07-24,2030-07-24,2000-07-24,,111.95,4.167724663095735,,ishares_xcb,evaluated,806000.0
2026-03-31,CA29251ZAK36,Enbridge Inc,ENB,Pipelines,senior,7.2,2032-06-18,2032-06-18,2001-06-18,,114.04,4.578631339114838,,ishares_xcb,evaluated,1060000.0
2026-03-31,CA29251ZAQ06,Enbridge Inc,ENB,Pipelines,senior,5.57,2035-11-14,2035-11-14,2005-11-14,,106.38,4.738101750365264,,ishares_xcb,evaluated,394000.0
2026-03-31,CA29251ZBS52,Enbridge Inc,ENB,Pipelines,senior,2.99,2029-10-03,2029-10-03,2019-10-03,,98.14,3.5598400817501976,,ishares_xcb,evaluated,4520000.0
2026-03-31,CA29251ZBU09,Enbridge Inc,ENB,Pipelines,senior,3.1,2033-09-21,2033-09-21,2021-09-21,,93.53,4.114281024219688,,ishares_xcb,evaluated,4931000.0
2026-03-31,CA29251ZBW64,Enbridge Inc,ENB,Pipelines,senior,6.1,2032-11-09,2032-11-09,2022-11-09,,110.26,4.302090927109429,,ishares_xcb,evaluated,4190000.0
2026-03-31,CA29251ZBZ95,Enbridge Inc,ENB,Pipelines,senior,5.36,2033-05-26,2033-05-26,2023-05-26,,106.32,4.325003285714373,,ishares_xcb,evaluated,2065000.0
2026-03-31,CA29251ZCA36,Enbridge Inc,ENB,Pipelines,senior,4.9,2028-05-26,2028-05-26,2023-05-26,,102.69,3.595884454168775,,ishares_xcb,evaluated,2925000.0
2026-03-31,CA29251ZCC91,Enbridge Inc,ENB,Pipelines,senior,4.21,2030-02-22,2030-02-22,2024-08-22,,101.47,3.8007615145892903,,ishares_xcb,evaluated,2836000.0
2026-03-31,CA29251ZCD74,Enbridge Inc,ENB,Pipelines,senior,4.73,2034-08-22,2034-08-22,2024-08-22,,101.79,4.471939866348468,,ishares_xcb,evaluated,3793000.0
2026-03-31,CA29251ZCG06,Enbridge Inc,ENB,Pipelines,senior,3.9,2030-02-25,2030-02-25,2025-02-25,,100.41,3.786156806520393,,ishares_xcb,evaluated,3880000.0
2026-03-31,CA29251ZCH88,Enbridge Inc,ENB,Pipelines,senior,4.56,2035-02-25,2035-02-25,2025-02-25,,100.19,4.533781548317137,,ishares_xcb,evaluated,3353000.0
2026-03-31,CA29251ZCK18,Enbridge Inc,ENB,Pipelines,senior,3.57,2031-02-26,2031-02-26,2026-02-26,,98.47,3.9156510291997098,,ishares_xcb,evaluated,3360000.0
2026-03-31,CA29251ZCL90,Enbridge Inc,ENB,Pipelines,senior,4.35,2036-02-26,2036-02-26,2026-02-26,,97.38,4.683460366713409,,ishares_xcb,evaluated,4165000.0
2026-03-31,CA349553AP21,Fortis Inc,FTS,Utilities,senior,2.18,2028-05-15,2028-05-15,2021-05-14,,97.88,3.223046303742282,,ishares_xcb,evaluated,2497000.0
2026-03-31,CA349553AQ04,Fortis Inc,FTS,Utilities,senior,4.43,2029-05-31,2029-05-31,2022-05-31,,102.41,3.617755008745767,,ishares_xcb,evaluated,1945000.0
2026-03-31,CA349553AR86,Fortis Inc,FTS,Utilities,senior,5.68,2033-11-08,2033-11-08,2023-11-08,,108.7,4.327329391181946,,ishares_xcb,evaluated,1995000.0
2026-03-31,CA349553AS69,Fortis Inc,FTS,Utilities,senior,4.17,2031-09-09,2031-09-09,2024-09-09,,101.52,3.856737421133058,,ishares_xcb,evaluated,2200000.0
2026-03-31,CA349553AT43,Fortis Inc,FTS,Utilities,senior,4.09,2032-03-26,2032-03-26,2025-03-26,,100.39,4.015871107828631,,ishares_xcb,evaluated,3630000.0
2026-03-31,CA44810ZAB63,Hydro One Inc,H,Utilities,senior,6.93,2032-06-01,2032-06-01,2001-06-22,,115.99,3.981391108874452,,ishares_xcb,evaluated,1710000.0
2026-03-31,CA44810ZAD20,Hydro One Inc,H,Utilities,senior,6.35,2034-01-31,2034-01-31,2003-01-31,,114.24,4.198997975536491,,ishares_xcb,evaluated,1979000.0
2026-03-31,CA44810ZAP59,Hydro One Inc,H,Utilities,senior,5.36,2036-05-20,2036-05-20,2005-05-19,,108.16,4.356962558504708,,ishares_xcb,evaluated,3171000.0
2026-03-31,CA44810ZAS98,Hydro One Inc,H,Utilities,senior,4.89,2037-03-13,2037-03-13,2007-03-13,,103.72,4.456498845019623,,ishares_xcb,evaluated,1705000.0
2026-03-31,CA44810ZBZ23,Hydro One Inc,H,Utilities,senior,3.02,2029-04-05,2029-04-05,2019-04-05,,99.16,3.3164847187074202,,ishares_xcb,evaluated,2697000.0
2026-03-31,CA44810ZCC29,Hydro One Inc,H,Utilities,senior,2.16,2030-02-28,2030-02-28,2020-02-28,,95.74,3.329858224245054,,ishares_xcb,evaluated,1956000.0
2026-03-31,CA44810ZCF59,Hydro One Inc,H,Utilities,senior,1.69,2031-01-16,2031-01-16,2020-10-09,,92.86,3.3128039258813335,,ishares_xcb,evaluated,1844000.0
2026-03-31,CA44810ZCG33,Hydro One Inc,H,Utilities,senior,2.23,2031-09-17,2031-09-17,2021-09-17,,93.83,3.479876861378503,,ishares_xcb,evaluated,1983000.0
2026-03-31,CA44810ZCK45,Hydro One Inc,H,Utilities,senior,3.93,2029-11-30,2029-11-30,2023-01-27,,101.62,3.457734972686616,,ishares_xcb,evaluated,3167000.0
2026-03-31,CA44810ZCL28,Hydro One Inc,H,Utilities,senior,4.16,2033-01-27,2033-01-27,2023-01-27,,101.5,3.9077477455243357,,ishares_xcb,evaluated,1770000.0
2026-03-31,CA44810ZCR97,Hydro One Inc,H,Utilities,senior,4.39,2034-03-01,2034-03-01,2024-01-12,,102.18,4.064370450835411,,ishares_xcb,evaluated,2800000.0
2026-03-31,CA44810ZCS70,Hydro One Inc,H,Utilities,senior,4.25,2035-01-04,2035-01-04,2024-08-20,,100.71,4.152899914293391,,ishares_xcb,evaluated,5374000.0
2026-03-31,CA44810ZCT53,Hydro One Inc,H,Utilities,senior,3.94,2032-08-25,2032-08-25,2025-08-25,,100.5,3.8512124350855186,,ishares_xcb,evaluated,2665000.0
2026-03-31,CA44810ZCU27,Hydro One Inc,H,Utilities,senior,4.3,2035-08-24,2035-08-24,2025-08-25,,100.41,4.246646805957497,,ishares_xcb,evaluated,2070000.0
2026-03-31,CA44810ZCW82,Hydro One Inc,H,Utilities,senior,3.9,2033-11-21,2033-11-21,2025-11-21,,99.3,4.008428040830365,,ishares_xcb,evaluated,5490000.0
2026-03-31,CA448810AC58,Hydro One Inc,H,Utilities,senior,7.35,2030-06-03,2030-06-03,2000-06-01,,114.13,3.6692185793317207,,ishares_xcb,evaluated,1493000.0
2026-03-31,CA63306AHP45,National Bank of Canada,NA,Banks,senior_bail_in,5.22,2028-06-14,2028-06-14,2023-06-14,,103.68,3.472132308333266,,ishares_xcb,evaluated,8438000.0
2026-03-31,CA63306AHT66,National Bank of Canada,NA,Banks,senior_bail_in,5.02,2029-02-01,2029-02-01,2023-12-07,,103.93,3.5535138300533577,,ishares_xcb,evaluated,7129000.0
2026-03-31,CA63306AJF45,National Bank of Canada,NA,Banks,senior_bail_in,3.52,2029-07-17,2028-07-17,2025-07-17,,99.91,3.562089685179024,,ishares_xcb,evaluated,5345000.0
2026-03-31,CA63306AJG28,National Bank of Canada,NA,Banks,senior_bail_in,3.54,2031-01-13,2030-01-13,2026-01-13,,99.14,3.786495270390254,,ishares_xcb,evaluated,4965000.0
2026-03-31,CA63306AJH01,National Bank of Canada,NA,Banks,senior_bail_in,3.44,2031-10-21,2030-10-21,2025-10-21,,98.39,3.8289331334762435,,ishares_xcb,evaluated,4860000.0
2026-03-31,CA63306AJM95,National Bank of Canada,NA,Banks,senior_bail_in,3.31,2028-08-15,2027-08-15,2025-06-04,,99.92,3.3704555316099767,,ishares_xcb,evaluated,4860000.0
2026-03-31,CA70632ZAM38,Pembina Pipeline,PPL,Pipelines,senior,3.62,2029-04-03,2029-04-03,2019-04-03,,99.97,3.632249947375122,,ishares_xcb,evaluated,3658000.0
2026-03-31,CA70632ZAQ42,Pembina Pipeline,PPL,Pipelines,senior,3.31,2030-02-01,2030-02-01,2019-09-12,,98.75,3.6622391304558475,,ishares_xcb,evaluated,3169000.0
2026-03-31,CA70632ZAS08,Pembina Pipeline,PPL,Pipelines,senior,3.53,2031-12-10,2031-12-10,2021-12-10,,97.92,3.9410927871576504,,ishares_xcb,evaluated,2117000.0
2026-03-31,CA70632ZAV37,Pembina Pipeline,PPL,Pipelines,senior,5.02,2032-01-12,2032-01-12,2024-01-12,,104.43,4.151161253727364,,ishares_xcb,evaluated,3355000.0
2026-03-31,CA70632ZAW10,Pembina Pipeline,PPL,Pipelines,senior,5.21,2034-01-12,2034-01-12,2024-01-12,,104.97,4.447989880927363,,ishares_xcb,evaluated,2785000.0
2026-03-31,CA70632ZAY75,Pembina Pipeline,PPL,Pipelines,senior,5.22,2033-06-28,2033-06-28,2024-06-28,,105.16,4.380489409169661,,ishares_xcb,evaluated,3570000.0
2026-03-31,CA775109BJ98,Rogers Communications,RCI,Telecom,senior,3.25,2029-05-01,2029-05-01,2019-04-30,,98.79,3.6714560745554072,,ishares_xcb,evaluated,2965000.0
2026-03-31,CA775109BT70,Rogers Communications,RCI,Telecom,senior,3.75,2029-04-15,2029-04-15,2022-03-11,,100.13,3.705601113254308,,ishares_xcb,evaluated,4965000.0
2026-03-31,CA775109BV27,Rogers Communications,RCI,Telecom,senior,4.25,2032-04-15,2032-04-15,2022-03-11,,100.3,4.193962587612927,,ishares_xcb,evaluated,4907000.0
2026-03-31,CA775109CP40,Rogers Communications,RCI,Telecom,senior,4.4,2028-11-02,2028-11-02,2023-04-03,,101.74,3.693820437485661,,ishares_xcb,evaluated,4278000.0
2026-03-31,CA775109CQ23,Rogers Communications,RCI,Telecom,senior,3.3,2029-12-10,2029-12-10,2019-12-09,,98.4,3.767645081418911,,ishares_xcb,evaluated,539000.0
2026-03-31,CA775109CV18,Rogers Communications,RCI,Telecom,senior,5.7,2028-09-21,2028-09-21,2023-09-21,,104.68,3.7009453159900945,,ishares_xcb,evaluated,4410000.0
2026-03-31,CA775109CW90,Rogers Communications,RCI,Telecom,senior,5.8,2030-09-21,2030-09-21,2023-09-21,,107.42,3.9723030829576076,,ishares_xcb,evaluated,3150000.0
2026-03-31,CA775109DA61,Rogers Communications,RCI,Telecom,senior,5.9,2033-09-21,2033-09-21,2023-09-21,,109.06,4.460519652114069,,ishares_xcb,evaluated,4875000.0
2026-03-31,CA779926DJ08,Royal Bank of Canada,RY,Banks,senior_bail_in,4.0,2030-10-17,2029-10-17,2024-10-17,,100.9,3.7277767576541088,,ishares_xcb,evaluated,6973000.0
2026-03-31,CA779926FY56,Royal Bank of Canada,RY,Banks,senior_bail_in,3.63,2028-12-10,2027-12-10,2024-12-10,,100.33,3.4275518457281002,,ishares_xcb,evaluated,9770000.0
2026-03-31,CA779926QX54,Royal Bank of Canada,RY,Banks,senior_bail_in,3.98,2031-07-22,2030-07-22,2025-07-22,,100.75,3.7902811690928537,,ishares_xcb,evaluated,9785000.0
2026-03-31,CA779926QY38,Royal Bank of Canada,RY,Banks,senior_bail_in,3.41,2029-06-12,2028-06-12,2025-06-10,,99.76,3.523932498548364,,ishares_xcb,evaluated,9665000.0
2026-03-31,CA779926WD27,Royal Bank of Canada,RY,Banks,senior_bail_in,3.83,2030-03-27,2029-03-27,2026-03-27,,100.53,3.6410074229177387,,ishares_xcb,evaluated,10625000.0
2026-03-31,CA779926WF74,Royal Bank of Canada,RY,Banks,senior_bail_in,3.49,2031-12-09,2030-12-09,2025-12-09,,98.87,3.75469265434593,,ishares_xcb,evaluated,16518000.0
2026-03-31,CA780086TY05,Royal Bank of Canada,RY,Banks,senior_bail_in,1.83,2028-07-31,2028-07-31,2021-07-29,,97.16,3.0995634797051554,,ishares_xcb,evaluated,4472000.0
2026-03-31,CA780086XL38,Royal Bank of Canada,RY,Banks,senior_bail_in,4.63,2028-05-01,2028-05-01,2023-04-20,,102.38,3.4440846095597353,,ishares_xcb,evaluated,12605000.0
2026-03-31,CA780086ZH08,Royal Bank of Canada,RY,Banks,senior_bail_in,5.23,2030-06-24,2030-06-24,2023-06-23,,106.14,3.650993093669889,,ishares_xcb,evaluated,6072000.0
2026-03-31,CA87971MBJ14,TELUS,TU,Telecom,senior,3.3,2029-05-02,2029-05-02,2019-04-03,,99.29,3.547867886314194,,ishares_xcb,evaluated,4473000.0
2026-03-31,CA87971MBN26,TELUS,TU,Telecom,senior,3.15,2030-02-19,2030-02-19,2019-12-16,,97.81,3.760598530423922,,ishares_xcb,evaluated,2842000.0
2026-03-31,CA87971MBS13,TELUS,TU,Telecom,senior,2.05,2030-10-07,2030-10-07,2020-10-05,,93.77,3.5550170622099175,,ishares_xcb,evaluated,2210000.0
2026-03-31,CA87971MBV42,TELUS,TU,Telecom,senior,2.85,2031-11-13,2031-11-13,2021-06-28,,95.23,3.8021544985392315,,ishares_xcb,evaluated,4325000.0
2026-03-31,CA87971MBX08,TELUS,TU,Telecom,senior,5.25,2032-11-15,2032-11-15,2022-09-13,,105.39,4.307964909875172,,ishares_xcb,evaluated,5157000.0
2026-03-31,CA87971MBZ55,TELUS,TU,Telecom,senior,5.0,2029-09-13,2029-09-13,2022-09-13,,103.8,3.813135322829934,,ishares_xcb,evaluated,1984000.0
2026-03-31,CA87971MCA95,TELUS,TU,Telecom,senior,4.95,2033-03-28,2033-03-28,2023-03-28,,103.52,4.360367151196755,,ishares_xcb,evaluated,2703000.0
2026-03-31,CA87971MCB78,TELUS,TU,Telecom,senior,5.6,2030-09-09,2030-09-09,2023-09-08,,106.6,3.9629383850593722,,ishares_xcb,evaluated,2023000.0
2026-03-31,CA87971MCC51,TELUS,TU,Telecom,senior,5.75,2033-09-08,2033-09-08,2023-09-08,,108.11,4.455915180470119,,ishares_xcb,evaluated,3920000.0
2026-03-31,CA87971MCE18,TELUS,TU,Telecom,senior,4.8,2028-12-15,2028-12-15,2024-02-15,,102.88,3.6727260142012677,,ishares_xcb,evaluated,4221000.0
2026-03-31,CA87971MCF82,TELUS,TU,Telecom,senior,4.95,2031-02-18,2031-02-18,2024-02-15,,104.19,3.9976612736078514,,ishares_xcb,evaluated,3273000.0
2026-03-31,CA87971MCG65,TELUS,TU,Telecom,senior,5.1,2034-02-15,2034-02-15,2024-02-15,,104.01,4.490045100239185,,ishares_xcb,evaluated,2815000.0
2026-03-31,CA87971MCH49,TELUS,TU,Telecom,senior,4.65,2031-08-13,2031-08-13,2024-08-13,,102.8,4.064725851944786,,ishares_xcb,evaluated,3768000.0
2026-03-31,CA89116C3S44,Toronto-Dominion Bank,TD,Banks,senior_bail_in,3.61,2031-09-10,2030-09-10,2025-09-10,,99.02,3.8512486499440564,,ishares_xcb,evaluated,12105000.0
2026-03-31,CA89116C7J09,Toronto-Dominion Bank,TD,Banks,senior_bail_in,3.69,2032-01-09,2031-01-09,2026-01-09,,99.2,3.8756470120424837,,ishares_xcb,evaluated,16429000.0
2026-03-31,CA89116CDM60,Toronto-Dominion Bank,TD,Banks,senior_bail_in,4.23,2029-04-02,2029-04-02,2024-03-20,,102.53,3.340196628251419,,ishares_xcb,evaluated,4820000.0
2026-03-31,CA89116CQ341,Toronto-Dominion Bank,TD,Banks,senior_bail_in,3.84,2031-05-29,2030-05-29,2025-05-29,,100.16,3.7998283527213768,,ishares_xcb,evaluated,10936000.0
2026-03-31,CA89116CST58,Toronto-Dominion Bank,TD,Banks,senior_bail_in,4.0,2030-10-31,2029-10-31,2024-10-31,,100.89,3.7356460958489817,,ishares_xcb,evaluated,7203000.0
2026-03-31,CA89116CWY97,Toronto-Dominion Bank,TD,Banks,senior_bail_in,4.13,2033-01-09,2032-01-09,2025-01-09,,100.59,4.01503217786487,,ishares_xcb,evaluated,10718000.0
2026-03-31,CA89116WDV24,Toronto-Dominion Bank,TD,Banks,senior_bail_in,3.86,2032-04-07,2031-04-07,2026-03-18,,99.81,3.903022412948919,,ishares_xcb,evaluated,4495000.0
2026-03-31,CA89117FJ347,Toronto-Dominion Bank,TD,Banks,senior_bail_in,1.9,2028-09-11,2028-09-11,2021-09-10,,97.07,3.15358344587003,,ishares_xcb,evaluated,5931000.0
2026-03-31,CA89117GRJ80,Toronto-Dominion Bank,TD,Banks,senior_bail_in,4.68,2029-01-08,2029-01-08,2022-12-07,,102.97,3.547518210712956,,ishares_xcb,evaluated,12347000.0
2026-03-31,CA89117GX510,Toronto-Dominion Bank,TD,Banks,senior_bail_in,5.49,2028-09-08,2028-09-08,2023-09-08,,104.61,3.4981203817808066,,ishares_xcb,evaluated,8636000.0
2026-03-31,CA89353ZBA53,TransCanada PipeLines,TRP,Pipelines,senior,6.89,2028-08-07,2028-08-07,1997-07-30,,106.29,4.0642223363337076,,ishares_xcb,evaluated,732000.0
2026-03-31,CA89353ZBE75,TransCanada PipeLines,TRP,Pipelines,senior,6.28,2028-05-26,2028-05-26,1998-05-26,,105.27,3.7179228617459614,,ishares_xcb,evaluated,803000.0
2026-03-31,CA89353ZBK36,TransCanada PipeLines,TRP,Pipelines,senior,6.5,2030-12-09,2030-12-09,1998-12-07,,108.26,4.525635633874808,,ishares_xcb,evaluated,775000.0
2026-03-31,CA89353ZCE66,TransCanada PipeLines,TRP,Pipelines,senior,3.0,2029-09-18,2029-09-18,2019-09-18,,98.21,3.5531290146789365,,ishares_xcb,evaluated,3401000.0
2026-03-31,CA89353ZCH97,TransCanada PipeLines,TRP,Pipelines,senior,2.97,2031-06-09,2031-06-09,2021-06-09,,96.37,3.7456403689263262,,ishares_xcb,evaluated,2517000.0
2026-03-31,CA89353ZCK27,TransCanada PipeLines,TRP,Pipelines,senior,5.33,2032-05-12,2032-05-12,2022-05-12,,106.14,4.183975585324654,,ishares_xcb,evaluated,3458000.0
2026-03-31,CA89353ZCN65,TransCanada PipeLines,TRP,Pipelines,senior,5.28,2030-07-15,2030-07-15,2023-03-10,,105.45,3.8899305891522227,,ishares_xcb,evaluated,6287000.0
2026-03-31,CA89353ZCQ96,TransCanada PipeLines,TRP,Pipelines,senior,4.58,2035-02-20,2035-02-20,2025-02-20,,100.39,4.526200456550945,,ishares_xcb,evaluated,5460000.0
2026-04-30,CA06368L5G77,Bank of Montreal,BMO,Banks,senior_bail_in,4.42,2029-07-17,2029-07-17,2024-07-17,,102.26,3.6702344685678456,,ishares_xcb,evaluated,10075000.0
2026-04-30,CA06368LB887,Bank of Montreal,BMO,Banks,senior_bail_in,4.54,2028-12-18,2028-12-18,2023-12-18,,102.33,3.6052339555805037,,ishares_xcb,evaluated,10170000.0
2026-04-30,CA06368LNK84,Bank of Montreal,BMO,Banks,senior_bail_in,5.04,2028-05-29,2028-05-29,2023-05-29,,102.96,3.558312724304934,,ishares_xcb,evaluated,10154000.0
2026-04-30,CA06368MJ219,Bank of Montreal,BMO,Banks,senior_bail_in,3.54,2032-03-03,2031-03-03,2026-03-03,,98.41,3.901636077277257,,ishares_xcb,evaluated,10193000.0
2026-04-30,CA06368MRF37,Bank of Montreal,BMO,Banks,senior_bail_in,3.73,2031-06-03,2030-06-03,2025-06-03,,99.7,3.8102399373454934,,ishares_xcb,evaluated,7240000.0
2026-04-30,CA06368MZS65,Bank of Montreal,BMO,Banks,senior_bail_in,3.11,2029-10-27,2028-10-27,2025-10-27,,98.95,3.5539228521638004,,ishares_xcb,evaluated,1135000.0
2026-04-30,CA064164QM14,Bank of Nova Scotia,BNS,Banks,senior_bail_in,4.68,2029-02-01,2029-02-01,2024-02-01,,102.83,3.5941933173587994,,ishares_xcb,evaluated,9857000.0
2026-04-30,CA06418MM430,Bank of Nova Scotia,BNS,Banks,senior_bail_in,3.84,2030-09-26,2029-09-26,2024-09-26,,100.33,3.7340797068693545,,ishares_xcb,evaluated,6095000.0
2026-04-30,CA06418MX742,Bank of Nova Scotia,BNS,Banks,senior_bail_in,3.81,2028-11-15,2027-11-15,2024-10-18,,100.52,3.469443748225461,,ishares_xcb,evaluated,9298000.0
2026-04-30,CA06418Y4L93,Bank of Nova Scotia,BNS,Banks,senior_bail_in,3.62,2032-01-30,2031-01-30,2025-12-10,,98.83,3.89280683139911,,ishares_xcb,evaluated,16845000.0
2026-04-30,CA06418YXB96,Bank of Nova Scotia,BNS,Banks,senior_bail_in,3.73,2031-06-27,2030-06-27,2025-03-27,,99.64,3.824347667656568,,ishares_xcb,evaluated,13587000.0
2026-04-30,CA06419FSD10,Bank of Nova Scotia,BNS,Banks,senior_bail_in,3.58,2030-05-01,2029-05-01,2026-05-01,,99.62,3.7200845752333485,,ishares_xcb,evaluated,7831000.0
2026-04-30,CA06419FSG41,Bank of Nova Scotia,BNS,Banks,senior_bail_in,4.09,2034-05-01,2033-05-01,2026-05-01,,99.45,4.184180029245751,,ishares_xcb,evaluated,6396000.0
2026-04-30,CA07813ZAC82,Bell Canada,BCE,Telecom,senior,6.55,2029-05-01,2029-05-01,1999-07-19,,106.97,4.07005979236381,,ishares_xcb,evaluated,632000.0
2026-04-30,CA07813ZAL81,Bell Canada,BCE,Telecom,senior,7.85,2031-04-02,2031-04-02,2001-04-02,,114.96,4.43281946896194,,ishares_xcb,evaluated,1130000.0
2026-04-30,CA07813ZAP95,Bell Canada,BCE,Telecom,senior,7.3,2032-02-23,2032-02-23,2002-02-22,,114.05,4.52626176876251,,ishares_xcb,evaluated,1589000.0
2026-04-30,CA07813ZAT18,Bell Canada,BCE,Telecom,senior,6.1,2035-03-16,2035-03-16,2004-03-16,,109.96,4.71235748945973,,ishares_xcb,evaluated,1783000.0
2026-04-30,CA07813ZBL72,Bell Canada,BCE,Telecom,senior,6.17,2037-02-26,2037-02-26,2007-02-26,,111.25,4.823834429840664,,ishares_xcb,evaluated,1528000.0
2026-04-30,CA07813ZCC64,Bell Canada,BCE,Telecom,senior,2.9,2029-09-10,2029-09-10,2019-09-10,,97.62,3.656999458369055,,ishares_xcb,stale,2516000.0
2026-04-30,CA07813ZCE21,Bell Canada,BCE,Telecom,senior,2.5,2030-05-14,2030-05-14,2020-05-14,,95.61,3.682100582799147,,ishares_xcb,evaluated,4562000.0
2026-04-30,CA07813ZCG78,Bell Canada,BCE,Telecom,senior,3.0,2031-03-17,2031-03-17,2021-03-17,,96.37,3.8211040600521065,,ishares_xcb,evaluated,5811000.0
2026-04-30,CA07813ZCJ18,Bell Canada,BCE,Telecom,senior,2.2,2028-05-29,2028-05-29,2021-05-28,,97.69,3.3622996988300056,,ishares_xcb,evaluated,2503000.0
2026-04-30,CA07813ZCK80,Bell Canada,BCE,Telecom,senior,5.85,2032-11-10,2032-11-10,2022-11-10,,108.42,4.3577812957238065,,ishares_xcb,evaluated,6205000.0
2026-04-30,CA07813ZCL63,Bell Canada,BCE,Telecom,senior,4.55,2030-02-09,2030-02-09,2023-02-09,,102.4,3.862169827417692,,ishares_xcb,evaluated,5681000.0
2026-04-30,CA07813ZCQ50,Bell Canada,BCE,Telecom,senior,5.25,2029-03-15,2029-03-15,2023-11-14,,104.08,3.736400693998154,,ishares_xcb,evaluated,3715000.0
2026-04-30,CA07813ZCR34,Bell Canada,BCE,Telecom,senior,5.15,2034-08-24,2034-08-24,2024-05-24,,104.04,4.561183183153101,,ishares_xcb,evaluated,5415000.0
2026-04-30,CA078149DV00,Bell Canada,BCE,Telecom,senior,7.65,2031-12-30,2031-12-30,1996-12-30,,113.81,4.83447935496812,,ishares_xcb,evaluated,26000.0
2026-04-30,CA11291ZAE75,Brookfield Infrastructure Finance,BIP,Utilities,senior,4.19,2028-09-11,2028-09-11,2018-09-10,,101.13,3.6827612443324083,,ishares_xcb,evaluated,3225000.0
2026-04-30,CA11291ZAF41,Brookfield Infrastructure Finance,BIP,Utilities,senior,3.41,2029-10-09,2029-10-09,2019-10-03,,98.89,3.7560684101651005,,ishares_xcb,evaluated,3363000.0
2026-04-30,CA11291ZAG24,Brookfield Infrastructure Finance,BIP,Utilities,senior,2.86,2032-09-01,2032-09-01,2020-09-01,,92.44,4.231292913801333,,ishares_xcb,evaluated,2270000.0
2026-04-30,CA11291ZAH07,Brookfield Infrastructure Finance,BIP,Utilities,senior,5.44,2034-04-25,2034-04-25,2022-04-25,,106.05,4.528620769528776,,ishares_xcb,evaluated,1850000.0
2026-04-30,CA11291ZAL19,Brookfield Infrastructure Finance,BIP,Utilities,senior,5.98,2033-02-14,2033-02-14,2022-11-14,,108.96,4.438069763891008,,ishares_xcb,evaluated,964000.0
2026-04-30,CA11291ZAM91,Brookfield Infrastructure Finance,BIP,Utilities,senior,5.71,2030-07-27,2030-07-27,2023-07-27,,106.68,3.984548948226485,,ishares_xcb,evaluated,2289000.0
2026-04-30,CA11291ZAP23,Brookfield Infrastructure Finance,BIP,Utilities,senior,3.7,2031-01-06,2031-01-06,2025-09-24,,98.75,3.9964635953665053,,ishares_xcb,evaluated,2030000.0
2026-04-30,CA11291ZAQ06,Brookfield Infrastructure Finance,BIP,Utilities,senior,4.53,2035-09-24,2035-09-24,2025-09-24,,98.7,4.701646144672022,,ishares_xcb,evaluated,1960000.0
2026-04-30,CA13607L4C41,Canadian Imperial Bank of Commerce,CM,Banks,senior_bail_in,3.65,2028-12-10,2027-12-10,2024-12-10,,100.27,3.47710658408031,,ishares_xcb,evaluated,6815000.0
2026-04-30,CA13607LF997,Canadian Imperial Bank of Commerce,CM,Banks,senior_bail_in,3.8,2030-12-10,2029-12-10,2024-12-10,,100.11,3.7674255802995895,,ishares_xcb,evaluated,8421000.0
2026-04-30,CA13607P5X87,Canadian Imperial Bank of Commerce,CM,Banks,senior_bail_in,3.9,2031-06-20,2030-06-20,2025-06-20,,100.25,3.834147827837136,,ishares_xcb,evaluated,6909000.0
2026-04-30,CA13607QH885,Canadian Imperial Bank of Commerce,CM,Banks,senior_bail_in,3.7,2030-04-02,2029-04-02,2026-04-02,,100.01,3.6952803968973256,,ishares_xcb,evaluated,9140000.0
2026-04-30,CA13607QQT27,Canadian Imperial Bank of Commerce,CM,Banks,senior_bail_in,3.65,2032-01-13,2031-01-13,2026-01-13,,99.01,3.8833637686581177,,ishares_xcb,stale,15155000.0
2026-04-30,CA29251ZAD92,Enbridge Inc,ENB,Pipelines,senior,7.22,2030-07-24,2030-07-24,2000-07-24,,111.57,4.2101644141462025,,ishares_xcb,evaluated,806000.0
2026-04-30,CA29251ZAK36,Enbridge Inc,ENB,Pipelines,senior,7.2,2032-06-18,2032-06-18,2001-06-18,,113.77,4.5982100256509195,,ishares_xcb,evaluated,1060000.0
2026-04-30,CA29251ZAQ06,Enbridge Inc,ENB,Pipelines,senior,5.57,2035-11-14,2035-11-14,2005-11-14,,106.22,4.7538202063740185,,ishares_xcb,evaluated,394000.0
2026-04-30,CA29251ZBS52,Enbridge Inc,ENB,Pipelines,senior,2.99,2029-10-03,2029-10-03,2019-10-03,,98.12,3.5771979363087256,,ishares_xcb,evaluated,4803000.0
2026-04-30,CA29251ZBU09,Enbridge Inc,ENB,Pipelines,senior,3.1,2033-09-21,2033-09-21,2021-09-21,,93.4,4.144982857787179,,ishares_xcb,evaluated,4931000.0
2026-04-30,CA29251ZBW64,Enbridge Inc,ENB,Pipelines,senior,6.1,2032-11-09,2032-11-09,2022-11-09,,110.2,4.294830692791519,,ishares_xcb,evaluated,4190000.0
2026-04-30,CA29251ZBZ95,Enbridge Inc,ENB,Pipelines,senior,5.36,2033-05-26,2033-05-26,2023-05-26,,106.28,4.322392433477781,,ishares_xcb,evaluated,2065000.0
2026-04-30,CA29251ZCA36,Enbridge Inc,ENB,Pipelines,senior,4.9,2028-05-26,2028-05-26,2023-05-26,,102.54,3.6237061948720397,,ishares_xcb,evaluated,2925000.0
2026-04-30,CA29251ZCC91,Enbridge Inc,ENB,Pipelines,senior,4.21,2030-02-22,2030-02-22,2024-08-22,,101.45,3.7986250086027455,,ishares_xcb,evaluated,3176000.0
2026-04-30,CA29251ZCD74,Enbridge Inc,ENB,Pipelines,senior,4.73,2034-08-22,2034-08-22,2024-08-22,,101.85,4.461412551923029,,ishares_xcb,evaluated,3853000.0
2026-04-30,CA29251ZCG06,Enbridge Inc,ENB,Pipelines,senior,3.9,2030-02-25,2030-02-25,2025-02-25,,100.39,3.7898824881999262,,ishares_xcb,evaluated,4180000.0
2026-04-30,CA29251ZCH88,Enbridge Inc,ENB,Pipelines,senior,4.56,2035-02-25,2035-02-25,2025-02-25,,100.35,4.511587893139426,,ishares_xcb,evaluated,3473000.0
2026-04-30,CA29251ZCK18,Enbridge Inc,ENB,Pipelines,senior,3.57,2031-02-26,2031-02-26,2026-02-26,,98.45,3.9259677688559056,,ishares_xcb,evaluated,3525000.0
2026-04-30,CA29251ZCL90,Enbridge Inc,ENB,Pipelines,senior,4.35,2036-02-26,2036-02-26,2026-02-26,,97.63,4.653345702076342,,ishares_xcb,evaluated,4335000.0
2026-04-30,CA349553AP21,Fortis Inc,FTS,Utilities,senior,2.18,2028-05-15,2028-05-15,2021-05-14,,97.8,3.3071911516710295,,ishares_xcb,evaluated,2497000.0
2026-04-30,CA349553AQ04,Fortis Inc,FTS,Utilities,senior,4.43,2029-05-31,2029-05-31,2022-05-31,,102.27,3.6461426974373117,,ishares_xcb,evaluated,1945000.0
2026-04-30,CA349553AR86,Fortis Inc,FTS,Utilities,senior,5.68,2033-11-08,2033-11-08,2023-11-08,,108.51,4.344906490914143,,ishares_xcb,evaluated,2440000.0
2026-04-30,CA349553AS69,Fortis Inc,FTS,Utilities,senior,4.17,2031-09-09,2031-09-09,2024-09-09,,101.2,3.917693386841649,,ishares_xcb,evaluated,2220000.0
2026-04-30,CA349553AT43,Fortis Inc,FTS,Utilities,senior,4.09,2032-03-26,2032-03-26,2025-03-26,,100.28,4.035017255564912,,ishares_xcb,evaluated,3720000.0
2026-04-30,CA44810ZAB63,Hydro One Inc,H,Utilities,senior,6.93,2032-06-01,2032-06-01,2001-06-22,,115.68,4.0028168576001155,,ishares_xcb,evaluated,1710000.0
2026-04-30,CA44810ZAD20,Hydro One Inc,H,Utilities,senior,6.35,2034-01-31,2034-01-31,2003-01-31,,113.92,4.226577481971731,,ishares_xcb,evaluated,1979000.0
2026-04-30,CA44810ZAP59,Hydro One Inc,H,Utilities,senior,5.36,2036-05-20,2036-05-20,2005-05-19,,107.94,4.377469942622393,,ishares_xcb,evaluated,3216000.0
2026-04-30,CA44810ZAS98,Hydro One Inc,H,Utilities,senior,4.89,2037-03-13,2037-03-13,2007-03-13,,103.49,4.479691634400549,,ishares_xcb,evaluated,1705000.0
2026-04-30,CA44810ZBZ23,Hydro One Inc,H,Utilities,senior,3.02,2029-04-05,2029-04-05,2019-04-05,,99.02,3.373146477703755,,ishares_xcb,evaluated,2872000.0
2026-04-30,CA44810ZCC29,Hydro One Inc,H,Utilities,senior,2.16,2030-02-28,2030-02-28,2020-02-28,,95.83,3.328523513909455,,ishares_xcb,evaluated,1956000.0
2026-04-30,CA44810ZCF59,Hydro One Inc,H,Utilities,senior,1.69,2031-01-16,2031-01-16,2020-10-09,,92.79,3.3574365723278787,,ishares_xcb,evaluated,1844000.0
2026-04-30,CA44810ZCG33,Hydro One Inc,H,Utilities,senior,2.23,2031-09-17,2031-09-17,2021-09-17,,93.73,3.518493016878583,,ishares_xcb,evaluated,1983000.0
2026-04-30,CA44810ZCK45,Hydro One Inc,H,Utilities,senior,3.93,2029-11-30,2029-11-30,2023-01-27,,101.46,3.496231317492203,,ishares_xcb,evaluated,3222000.0
2026-04-30,CA44810ZCL28,Hydro One Inc,H,Utilities,senior,4.16,2033-01-27,2033-01-27,2023-01-27,,101.46,3.912208323483092,,ishares_xcb,evaluated,1865000.0
2026-04-30,CA44810ZCR97,Hydro One Inc,H,Utilities,senior,4.39,2034-03-01,2034-03-01,2024-01-12,,102.08,4.075663558636059,,ishares_xcb,evaluated,2800000.0
2026-04-30,CA44810ZCS70,Hydro One Inc,H,Utilities,senior,4.25,2035-01-04,2035-01-04,2024-08-20,,100.53,4.177420422847368,,ishares_xcb,evaluated,5344000.0
2026-04-30,CA44810ZCT53,Hydro One Inc,H,Utilities,senior,3.94,2032-08-25,2032-08-25,2025-08-25,,100.41,3.8665436802524518,,ishares_xcb,evaluated,2675000.0
2026-04-30,CA44810ZCU27,Hydro One Inc,H,Utilities,senior,4.3,2035-08-24,2035-08-24,2025-08-25,,100.46,4.239891199420981,,ishares_xcb,evaluated,2155000.0
2026-04-30,CA44810ZCW82,Hydro One Inc,H,Utilities,senior,3.9,2033-11-21,2033-11-21,2025-11-21,,99.38,3.9977430909941094,,ishares_xcb,evaluated,5532000.0
2026-04-30,CA448810AC58,Hydro One Inc,H,Utilities,senior,7.35,2030-06-03,2030-06-03,2000-06-01,,113.71,3.709865761021346,,ishares_xcb,evaluated,1493000.0
2026-04-30,CA63306AHP45,National Bank of Canada,NA,Banks,senior_bail_in,5.22,2028-06-14,2028-06-14,2023-06-14,,103.48,3.5057913436821497,,ishares_xcb,evaluated,8438000.0
2026-04-30,CA63306AHT66,National Bank of Canada,NA,Banks,senior_bail_in,5.02,2029-02-01,2029-02-01,2023-12-07,,103.73,3.5886221012108206,,ishares_xcb,evaluated,7149000.0
2026-04-30,CA63306AJF45,National Bank of Canada,NA,Banks,senior_bail_in,3.52,2029-07-17,2028-07-17,2025-07-17,,99.87,3.5836449682292852,,ishares_xcb,evaluated,4449000.0
2026-04-30,CA63306AJG28,National Bank of Canada,NA,Banks,senior_bail_in,3.54,2031-01-13,2030-01-13,2026-01-13,,99.19,3.777710484307745,,ishares_xcb,evaluated,5120000.0
2026-04-30,CA63306AJH01,National Bank of Canada,NA,Banks,senior_bail_in,3.44,2031-10-21,2030-10-21,2025-10-21,,98.28,3.861935754051629,,ishares_xcb,evaluated,4950000.0
2026-04-30,CA63306AJM95,National Bank of Canada,NA,Banks,senior_bail_in,3.31,2028-08-15,2027-08-15,2025-06-04,,99.87,3.415163444853555,,ishares_xcb,evaluated,5095000.0
2026-04-30,CA63306AJV94,National Bank of Canada,NA,Banks,senior_bail_in,3.63,2030-04-13,2029-04-13,2026-04-13,,99.82,3.6942195628578687,,ishares_xcb,evaluated,3814000.0
2026-04-30,CA70632ZAM38,Pembina Pipeline,PPL,Pipelines,senior,3.62,2029-04-03,2029-04-03,2019-04-03,,99.88,3.6626040370068345,,ishares_xcb,evaluated,3628000.0
2026-04-30,CA70632ZAQ42,Pembina Pipeline,PPL,Pipelines,senior,3.31,2030-02-01,2030-02-01,2019-09-12,,98.6,3.7134976771673855,,ishares_xcb,evaluated,3334000.0
2026-04-30,CA70632ZAS08,Pembina Pipeline,PPL,Pipelines,senior,3.53,2031-12-10,2031-12-10,2021-12-10,,97.85,3.961132854444396,,ishares_xcb,evaluated,2117000.0
2026-04-30,CA70632ZAV37,Pembina Pipeline,PPL,Pipelines,senior,5.02,2032-01-12,2032-01-12,2024-01-12,,104.33,4.160318450494024,,ishares_xcb,evaluated,3380000.0
2026-04-30,CA70632ZAW10,Pembina Pipeline,PPL,Pipelines,senior,5.21,2034-01-12,2034-01-12,2024-01-12,,104.88,4.455397451541792,,ishares_xcb,evaluated,2785000.0
2026-04-30,CA70632ZAY75,Pembina Pipeline,PPL,Pipelines,senior,5.22,2033-06-28,2033-06-28,2024-06-28,,105.12,4.37920642168721,,ishares_xcb,evaluated,3570000.0
2026-04-30,CA775109BJ98,Rogers Communications,RCI,Telecom,senior,3.25,2029-05-01,2029-05-01,2019-04-30,,98.76,3.6947679515532412,,ishares_xcb,evaluated,3063000.0
2026-04-30,CA775109BT70,Rogers Communications,RCI,Telecom,senior,3.75,2029-04-15,2029-04-15,2022-03-11,,100.11,3.709787324632332,,ishares_xcb,evaluated,5115000.0
2026-04-30,CA775109BV27,Rogers Communications,RCI,Telecom,senior,4.25,2032-04-15,2032-04-15,2022-03-11,,100.2,4.211290364100339,,ishares_xcb,evaluated,4947000.0
2026-04-30,CA775109CP40,Rogers Communications,RCI,Telecom,senior,4.4,2028-11-02,2028-11-02,2023-04-03,,101.6,3.7325972049299225,,ishares_xcb,evaluated,3138000.0
2026-04-30,CA775109CQ23,Rogers Communications,RCI,Telecom,senior,3.3,2029-12-10,2029-12-10,2019-12-09,,98.37,3.787253686228468,,ishares_xcb,evaluated,539000.0
2026-04-30,CA775109CV18,Rogers Communications,RCI,Telecom,senior,5.7,2028-09-21,2028-09-21,2023-09-21,,104.49,3.716112822887982,,ishares_xcb,evaluated,4657000.0
2026-04-30,CA775109CW90,Rogers Communications,RCI,Telecom,senior,5.8,2030-09-21,2030-09-21,2023-09-21,,107.23,3.9864242491301147,,ishares_xcb,evaluated,3170000.0
2026-04-30,CA775109DA61,Rogers Communications,RCI,Telecom,senior,5.9,2033-09-21,2033-09-21,2023-09-21,,108.88,4.474011461668694,,ishares_xcb,evaluated,4875000.0
2026-04-30,CA779926DJ08,Royal Bank of Canada,RY,Banks,senior_bail_in,4.0,2030-10-17,2029-10-17,2024-10-17,,100.9,3.720217744758895,,ishares_xcb,stale,7048000.0
2026-04-30,CA779926FY56,Royal Bank of Canada,RY,Banks,senior_bail_in,3.63,2028-12-10,2027-12-10,2024-12-10,,100.27,3.4571482393886277,,ishares_xcb,evaluated,9970000.0
2026-04-30,CA779926QX54,Royal Bank of Canada,RY,Banks,senior_bail_in,3.98,2031-07-22,2030-07-22,2025-07-22,,100.64,3.8157804689438497,,ishares_xcb,evaluated,9880000.0
2026-04-30,CA779926QY38,Royal Bank of Canada,RY,Banks,senior_bail_in,3.41,2029-06-12,2028-06-12,2025-06-10,,99.73,3.5438662126831924,,ishares_xcb,evaluated,9625000.0
2026-04-30,CA779926WD27,Royal Bank of Canada,RY,Banks,senior_bail_in,3.83,2030-03-27,2029-03-27,2026-03-27,,100.44,3.6670599122184693,,ishares_xcb,evaluated,11725000.0
2026-04-30,CA779926WF74,Royal Bank of Canada,RY,Banks,senior_bail_in,3.57,2031-12-09,2030-12-09,2025-12-09,,98.79,3.8592488111969505,,ishares_xcb,evaluated,17143000.0
2026-04-30,CA780086TY05,Royal Bank of Canada,RY,Banks,senior_bail_in,1.83,2028-07-31,2028-07-31,2021-07-29,,97.23,3.11289466390102,,ishares_xcb,evaluated,4472000.0
2026-04-30,CA780086XL38,Royal Bank of Canada,RY,Banks,senior_bail_in,4.63,2028-05-01,2028-05-01,2023-04-20,,102.22,3.48261143489084,,ishares_xcb,evaluated,12605000.0
2026-04-30,CA780086ZH08,Royal Bank of Canada,RY,Banks,senior_bail_in,5.23,2030-06-24,2030-06-24,2023-06-23,,106.03,3.6513120222299427,,ishares_xcb,evaluated,6072000.0
2026-04-30,CA87971MBJ14,TELUS,TU,Telecom,senior,3.3,2029-05-02,2029-05-02,2019-04-03,,99.19,3.5914112546520465,,ishares_xcb,evaluated,4568000.0
2026-04-30,CA87971MBN26,TELUS,TU,Telecom,senior,3.15,2030-02-19,2030-02-19,2019-12-16,,97.84,3.7648109013761366,,ishares_xcb,evaluated,2997000.0
2026-04-30,CA87971MBS13,TELUS,TU,Telecom,senior,2.05,2030-10-07,2030-10-07,2020-10-05,,93.87,3.5552344632240462,,ishares_xcb,evaluated,2210000.0
2026-04-30,CA87971MBV42,TELUS,TU,Telecom,senior,2.85,2031-11-13,2031-11-13,2021-06-28,,95.03,3.8576606202285304,,ishares_xcb,evaluated,4265000.0
2026-04-30,CA87971MBX08,TELUS,TU,Telecom,senior,5.25,2032-11-15,2032-11-15,2022-09-13,,105.25,4.323139639488599,,ishares_xcb,evaluated,5262000.0
2026-04-30,CA87971MBZ55,TELUS,TU,Telecom,senior,5.0,2029-09-13,2029-09-13,2022-09-13,,103.72,3.8099909389158353,,ishares_xcb,evaluated,1984000.0
2026-04-30,CA87971MCA95,TELUS,TU,Telecom,senior,4.95,2033-03-28,2033-03-28,2023-03-28,,103.48,4.360028662397047,,ishares_xcb,evaluated,2703000.0
2026-04-30,CA87971MCB78,TELUS,TU,Telecom,senior,5.6,2030-09-09,2030-09-09,2023-09-08,,106.4,3.982944558758454,,ishares_xcb,evaluated,2023000.0
2026-04-30,CA87971MCC51,TELUS,TU,Telecom,senior,5.75,2033-09-08,2033-09-08,2023-09-08,,108.12,4.441756990194556,,ishares_xcb,evaluated,3960000.0
2026-04-30,CA87971MCE18,TELUS,TU,Telecom,senior,4.8,2028-12-15,2028-12-15,2024-02-15,,102.7,3.7118377388861368,,ishares_xcb,evaluated,4191000.0
2026-04-30,CA87971MCF82,TELUS,TU,Telecom,senior,4.95,2031-02-18,2031-02-18,2024-02-15,,104.07,4.010581863474717,,ishares_xcb,evaluated,3273000.0
2026-04-30,CA87971MCG65,TELUS,TU,Telecom,senior,5.1,2034-02-15,2034-02-15,2024-02-15,,104.03,4.482032943829017,,ishares_xcb,evaluated,2815000.0
2026-04-30,CA87971MCH49,TELUS,TU,Telecom,senior,4.65,2031-08-13,2031-08-13,2024-08-13,,102.75,4.067469649346677,,ishares_xcb,evaluated,3768000.0
2026-04-30,CA89116C3S44,Toronto-Dominion Bank,TD,Banks,senior_bail_in,3.61,2031-09-10,2030-09-10,2025-09-10,,98.97,3.867004289129787,,ishares_xcb,evaluated,12250000.0
2026-04-30,CA89116C7J09,Toronto-Dominion Bank,TD,Banks,senior_bail_in,3.69,2032-01-09,2031-01-09,2026-01-09,,99.18,3.884005384442088,,ishares_xcb,evaluated,16574000.0
2026-04-30,CA89116CDM60,Toronto-Dominion Bank,TD,Banks,senior_bail_in,4.23,2029-04-02,2029-04-02,2024-03-20,,102.32,3.388621106271148,,ishares_xcb,evaluated,4920000.0
2026-04-30,CA89116CQ341,Toronto-Dominion Bank,TD,Banks,senior_bail_in,3.84,2031-05-29,2030-05-29,2025-05-29,,100.12,3.810850163726245,,ishares_xcb,evaluated,11036000.0
2026-04-30,CA89116CST58,Toronto-Dominion Bank,TD,Banks,senior_bail_in,4.0,2030-10-31,2029-10-31,2024-10-31,,100.85,3.7386474888326138,,ishares_xcb,evaluated,7418000.0
2026-04-30,CA89116CWY97,Toronto-Dominion Bank,TD,Banks,senior_bail_in,4.13,2033-01-09,2032-01-09,2025-01-09,,100.55,4.022046360974654,,ishares_xcb,evaluated,9718000.0
2026-04-30,CA89116WDV24,Toronto-Dominion Bank,TD,Banks,senior_bail_in,3.86,2032-04-07,2031-04-07,2026-03-18,,99.73,3.920071735416307,,ishares_xcb,evaluated,7320000.0
2026-04-30,CA89116WEY53,Toronto-Dominion Bank,TD,Banks,senior_bail_in,3.77,2030-04-13,2029-04-13,2026-04-13,,100.23,3.6864021106213016,,ishares_xcb,evaluated,8037000.0
2026-04-30,CA89117FJ347,Toronto-Dominion Bank,TD,Banks,senior_bail_in,1.9,2028-09-11,2028-09-11,2021-09-10,,97.0,3.226578673091033,,ishares_xcb,evaluated,5931000.0
2026-04-30,CA89117GRJ80,Toronto-Dominion Bank,TD,Banks,senior_bail_in,4.68,2029-01-08,2029-01-08,2022-12-07,,102.76,3.5973190811604265,,ishares_xcb,evaluated,12347000.0
2026-04-30,CA89117GX510,Toronto-Dominion Bank,TD,Banks,senior_bail_in,5.49,2028-09-08,2028-09-08,2023-09-08,,104.38,3.531049708714952,,ishares_xcb,evaluated,8556000.0
2026-04-30,CA89353ZBA53,TransCanada PipeLines,TRP,Pipelines,senior,6.89,2028-08-07,2028-08-07,1997-07-30,,105.92,4.136781572084006,,ishares_xcb,evaluated,732000.0
2026-04-30,CA89353ZBE75,TransCanada PipeLines,TRP,Pipelines,senior,6.28,2028-05-26,2028-05-26,1998-05-26,,104.97,3.7729799879316177,,ishares_xcb,evaluated,803000.0
2026-04-30,CA89353ZBK36,TransCanada PipeLines,TRP,Pipelines,senior,6.5,2030-12-09,2030-12-09,1998-12-07,,108.03,4.549543796505469,,ishares_xcb,evaluated,775000.0
2026-04-30,CA89353ZCE66,TransCanada PipeLines,TRP,Pipelines,senior,3.0,2029-09-18,2029-09-18,2019-09-18,,98.23,3.5582784007577897,,ishares_xcb,evaluated,3401000.0
2026-04-30,CA89353ZCH97,TransCanada PipeLines,TRP,Pipelines,senior,2.97,2031-06-09,2031-06-09,2021-06-09,,96.38,3.7553588504792117,,ishares_xcb,evaluated,2517000.0
2026-04-30,CA89353ZCK27,TransCanada PipeLines,TRP,Pipelines,senior,5.33,2032-05-12,2032-05-12,2022-05-12,,106.03,4.191975748825707,,ishares_xcb,evaluated,3458000.0
2026-04-30,CA89353ZCN65,TransCanada PipeLines,TRP,Pipelines,senior,5.28,2030-07-15,2030-07-15,2023-03-10,,105.34,3.8941388892562947,,ishares_xcb,evaluated,6287000.0
2026-04-30,CA89353ZCQ96,TransCanada PipeLines,TRP,Pipelines,senior,4.58,2035-02-20,2035-02-20,2025-02-20,,100.55,4.503834643171355,,ishares_xcb,evaluated,5460000.0
2026-05-29,CA06368L5G77,Bank of Montreal,BMO,Banks,senior_bail_in,4.42,2029-07-17,2029-07-17,2024-07-17,,102.84,3.4596075466237752,,ishares_xcb,evaluated,10075000.0
2026-05-29,CA06368LB887,Bank of Montreal,BMO,Banks,senior_bail_in,4.54,2028-12-18,2028-12-18,2023-12-18,,102.77,3.400373869231726,,ishares_xcb,evaluated,10320000.0
2026-05-29,CA06368LNK84,Bank of Montreal,BMO,Banks,senior_bail_in,5.04,2028-05-29,2028-05-29,2023-05-29,,103.25,3.346461069694447,,ishares_xcb,evaluated,10154000.0
2026-05-29,CA06368MJ219,Bank of Montreal,BMO,Banks,senior_bail_in,3.54,2032-03-03,2031-03-03,2026-03-03,,99.19,3.724615287968075,,ishares_xcb,evaluated,10813000.0
2026-05-29,CA06368MRF37,Bank of Montreal,BMO,Banks,senior_bail_in,3.73,2031-06-03,2030-06-03,2025-06-03,,100.41,3.6205490864611987,,ishares_xcb,evaluated,7240000.0
2026-05-29,CA06368MZS65,Bank of Montreal,BMO,Banks,senior_bail_in,3.11,2029-10-27,2028-10-27,2025-10-27,,99.45,3.3480732800335464,,ishares_xcb,evaluated,1135000.0
2026-05-29,CA064164QM14,Bank of Nova Scotia,BNS,Banks,senior_bail_in,4.68,2029-02-01,2029-02-01,2024-02-01,,103.3,3.3832540105424984,,ishares_xcb,evaluated,9857000.0
2026-05-29,CA06418MM430,Bank of Nova Scotia,BNS,Banks,senior_bail_in,3.84,2030-09-26,2029-09-26,2024-09-26,,100.94,3.534969711964776,,ishares_xcb,evaluated,6095000.0
2026-05-29,CA06418MX742,Bank of Nova Scotia,BNS,Banks,senior_bail_in,3.81,2028-11-15,2027-11-15,2024-10-18,,100.81,3.236667777416452,,ishares_xcb,evaluated,9528000.0
2026-05-29,CA06418Y4L93,Bank of Nova Scotia,BNS,Banks,senior_bail_in,3.62,2032-01-30,2031-01-30,2025-12-10,,99.63,3.7084148417240383,,ishares_xcb,evaluated,17195000.0
2026-05-29,CA06418YXB96,Bank of Nova Scotia,BNS,Banks,senior_bail_in,3.73,2031-06-27,2030-06-27,2025-03-27,,100.34,3.640105927777362,,ishares_xcb,evaluated,13712000.0
2026-05-29,CA06419FSD10,Bank of Nova Scotia,BNS,Banks,senior_bail_in,3.58,2030-05-01,2029-05-01,2026-05-01,,100.25,3.4877868810853516,,ishares_xcb,evaluated,7896000.0
2026-05-29,CA06419FSG41,Bank of Nova Scotia,BNS,Banks,senior_bail_in,4.09,2034-05-01,2033-05-01,2026-05-01,,100.56,3.9957566384068963,,ishares_xcb,evaluated,6416000.0
2026-05-29,CA07813ZAC82,Bell Canada,BCE,Telecom,senior,6.55,2029-05-01,2029-05-01,1999-07-19,,107.53,3.8015883851473995,,ishares_xcb,evaluated,632000.0
2026-05-29,CA07813ZAL81,Bell Canada,BCE,Telecom,senior,7.85,2031-04-02,2031-04-02,2001-04-02,,115.55,4.260600545179013,,ishares_xcb,evaluated,1130000.0
2026-05-29,CA07813ZAP95,Bell Canada,BCE,Telecom,senior,7.3,2032-02-23,2032-02-23,2002-02-22,,114.77,4.3634111209630575,,ishares_xcb,evaluated,1689000.0
2026-05-29,CA07813ZAT18,Bell Canada,BCE,Telecom,senior,6.1,2035-03-16,2035-03-16,2004-03-16,,111.09,4.553642387127895,,ishares_xcb,evaluated,1783000.0
2026-05-29,CA07813ZBL72,Bell Canada,BCE,Telecom,senior,6.17,2037-02-26,2037-02-26,2007-02-26,,112.55,4.671700676898162,,ishares_xcb,evaluated,1928000.0
2026-05-29,CA07813ZCC64,Bell Canada,BCE,Telecom,senior,2.9,2029-09-10,2029-09-10,2019-09-10,,98.51,3.3807317009510514,,ishares_xcb,evaluated,2556000.0
2026-05-29,CA07813ZCE21,Bell Canada,BCE,Telecom,senior,2.5,2030-05-14,2030-05-14,2020-05-14,,96.48,3.4585255168934377,,ishares_xcb,evaluated,4717000.0
2026-05-29,CA07813ZCG78,Bell Canada,BCE,Telecom,senior,3.0,2031-03-17,2031-03-17,2021-03-17,,97.43,3.5855560276666663,,ishares_xcb,evaluated,4821000.0
2026-05-29,CA07813ZCJ18,Bell Canada,BCE,Telecom,senior,2.2,2028-05-29,2028-05-29,2021-05-28,,98.18,3.1460657545356527,,ishares_xcb,evaluated,2503000.0
2026-05-29,CA07813ZCK80,Bell Canada,BCE,Telecom,senior,5.85,2032-11-10,2032-11-10,2022-11-10,,109.41,4.169738934147295,,ishares_xcb,evaluated,6415000.0
2026-05-29,CA07813ZCL63,Bell Canada,BCE,Telecom,senior,4.55,2030-02-09,2030-02-09,2023-02-09,,102.99,3.679821277339792,,ishares_xcb,evaluated,5681000.0
2026-05-29,CA07813ZCQ50,Bell Canada,BCE,Telecom,senior,5.25,2029-03-15,2029-03-15,2023-11-14,,104.71,3.46279096344047,,ishares_xcb,evaluated,3845000.0
2026-05-29,CA07813ZCR34,Bell Canada,BCE,Telecom,senior,5.15,2034-08-24,2034-08-24,2024-05-24,,105.19,4.393074289285369,,ishares_xcb,evaluated,5495000.0
2026-05-29,CA078149DV00,Bell Canada,BCE,Telecom,senior,7.65,2031-12-30,2031-12-30,1996-12-30,,114.89,4.598443750293077,,ishares_xcb,evaluated,26000.0
2026-05-29,CA11291ZAE75,Brookfield Infrastructure Finance,BIP,Utilities,senior,4.19,2028-09-11,2028-09-11,2018-09-10,,101.45,3.5186531796439504,,ishares_xcb,evaluated,3225000.0
2026-05-29,CA11291ZAF41,Brookfield Infrastructure Finance,BIP,Utilities,senior,3.41,2029-10-09,2029-10-09,2019-10-03,,99.48,3.5741016169210993,,ishares_xcb,evaluated,3533000.0
2026-05-29,CA11291ZAG24,Brookfield Infrastructure Finance,BIP,Utilities,senior,2.86,2032-09-01,2032-09-01,2020-09-01,,93.5,4.044347160042119,,ishares_xcb,evaluated,2270000.0
2026-05-29,CA11291ZAH07,Brookfield Infrastructure Finance,BIP,Utilities,senior,5.44,2034-04-25,2034-04-25,2022-04-25,,106.92,4.393665686923183,,ishares_xcb,evaluated,1895000.0
2026-05-29,CA11291ZAL19,Brookfield Infrastructure Finance,BIP,Utilities,senior,5.98,2033-02-14,2033-02-14,2022-11-14,,109.88,4.272569688941889,,ishares_xcb,evaluated,974000.0
2026-05-29,CA11291ZAM91,Brookfield Infrastructure Finance,BIP,Utilities,senior,5.71,2030-07-27,2030-07-27,2023-07-27,,107.19,3.8277573398581723,,ishares_xcb,evaluated,2289000.0
2026-05-29,CA11291ZAP23,Brookfield Infrastructure Finance,BIP,Utilities,senior,3.7,2031-01-06,2031-01-06,2025-09-24,,99.47,3.828806573297344,,ishares_xcb,evaluated,2030000.0
2026-05-29,CA11291ZAQ06,Brookfield Infrastructure Finance,BIP,Utilities,senior,4.53,2035-09-24,2035-09-24,2025-09-24,,99.94,4.536304129469719,,ishares_xcb,evaluated,1985000.0
2026-05-29,CA13607L4C41,Canadian Imperial Bank of Commerce,CM,Banks,senior_bail_in,3.65,2028-12-10,2027-12-10,2024-12-10,,100.59,3.2548560981586094,,ishares_xcb,evaluated,6315000.0
2026-05-29,CA13607LF997,Canadian Imperial Bank of Commerce,CM,Banks,senior_bail_in,3.8,2030-12-10,2029-12-10,2024-12-10,,100.74,3.57633002558239,,ishares_xcb,evaluated,8736000.0
2026-05-29,CA13607P5X87,Canadian Imperial Bank of Commerce,CM,Banks,senior_bail_in,3.9,2031-06-20,2030-06-20,2025-06-20,,100.95,3.6469156368785822,,ishares_xcb,evaluated,5959000.0
2026-05-29,CA13607QH885,Canadian Imperial Bank of Commerce,CM,Banks,senior_bail_in,3.7,2030-04-02,2029-04-02,2026-04-02,,100.61,3.4710610210328765,,ishares_xcb,evaluated,9260000.0
2026-05-29,CA13607QQT27,Canadian Imperial Bank of Commerce,CM,Banks,senior_bail_in,3.65,2032-01-13,2031-01-13,2026-01-13,,99.78,3.704134629364976,,ishares_xcb,evaluated,15425000.0
2026-05-29,CA29251ZAD92,Enbridge Inc,ENB,Pipelines,senior,7.22,2030-07-24,2030-07-24,2000-07-24,,112.0,4.055768261879015,,ishares_xcb,evaluated,806000.0
2026-05-29,CA29251ZAK36,Enbridge Inc,ENB,Pipelines,senior,7.2,2032-06-18,2032-06-18,2001-06-18,,115.39,4.288003867573973,,ishares_xcb,evaluated,1060000.0
2026-05-29,CA29251ZAQ06,Enbridge Inc,ENB,Pipelines,senior,5.57,2035-11-14,2035-11-14,2005-11-14,,107.31,4.607332161051375,,ishares_xcb,evaluated,394000.0
2026-05-29,CA29251ZBS52,Enbridge Inc,ENB,Pipelines,senior,2.99,2029-10-03,2029-10-03,2019-10-03,,98.61,3.4318955938204887,,ishares_xcb,evaluated,4803000.0
2026-05-29,CA29251ZBU09,Enbridge Inc,ENB,Pipelines,senior,3.1,2033-09-21,2033-09-21,2021-09-21,,94.23,4.017126988178084,,ishares_xcb,evaluated,5021000.0
2026-05-29,CA29251ZBW64,Enbridge Inc,ENB,Pipelines,senior,6.1,2032-11-09,2032-11-09,2022-11-09,,111.16,4.1104705218323145,,ishares_xcb,evaluated,4190000.0
2026-05-29,CA29251ZBZ95,Enbridge Inc,ENB,Pipelines,senior,5.36,2033-05-26,2033-05-26,2023-05-26,,107.26,4.152814052950086,,ishares_xcb,evaluated,2205000.0
2026-05-29,CA29251ZCC91,Enbridge Inc,ENB,Pipelines,senior,4.21,2030-02-22,2030-02-22,2024-08-22,,102.02,3.6280760293924366,,ishares_xcb,evaluated,3321000.0
2026-05-29,CA29251ZCD74,Enbridge Inc,ENB,Pipelines,senior,4.73,2034-08-22,2034-08-22,2024-08-22,,102.95,4.301370474260597,,ishares_xcb,evaluated,3853000.0
2026-05-29,CA29251ZCG06,Enbridge Inc,ENB,Pipelines,senior,3.9,2030-02-25,2030-02-25,2025-02-25,,100.94,3.630263736476771,,ishares_xcb,evaluated,4190000.0
2026-05-29,CA29251ZCH88,Enbridge Inc,ENB,Pipelines,senior,4.56,2035-02-25,2035-02-25,2025-02-25,,101.5,4.35237508373284,,ishares_xcb,evaluated,3555000.0
2026-05-29,CA29251ZCK18,Enbridge Inc,ENB,Pipelines,senior,3.57,2031-02-26,2031-02-26,2026-02-26,,99.2,3.7563809228237357,,ishares_xcb,evaluated,3815000.0
2026-05-29,CA29251ZCL90,Enbridge Inc,ENB,Pipelines,senior,4.35,2036-02-26,2036-02-26,2026-02-26,,98.92,4.4884251070638435,,ishares_xcb,evaluated,4365000.0
2026-05-29,CA349553AQ04,Fortis Inc,FTS,Utilities,senior,4.43,2029-05-31,2029-05-31,2022-05-31,,102.67,3.4885694813082213,,ishares_xcb,evaluated,1945000.0
2026-05-29,CA349553AR86,Fortis Inc,FTS,Utilities,senior,5.68,2033-11-08,2033-11-08,2023-11-08,,109.29,4.212094351397964,,ishares_xcb,evaluated,2440000.0
2026-05-29,CA349553AS69,Fortis Inc,FTS,Utilities,senior,4.17,2031-09-09,2031-09-09,2024-09-09,,102.0,3.746389373954796,,ishares_xcb,evaluated,2220000.0
2026-05-29,CA349553AT43,Fortis Inc,FTS,Utilities,senior,4.09,2032-03-26,2032-03-26,2025-03-26,,101.09,3.8771935998253007,,ishares_xcb,evaluated,2720000.0
2026-05-29,CA44810ZAB63,Hydro One Inc,H,Utilities,senior,6.93,2032-06-01,2032-06-01,2001-06-22,,116.42,3.8448647859041305,,ishares_xcb,evaluated,1710000.0
2026-05-29,CA44810ZAD20,Hydro One Inc,H,Utilities,senior,6.35,2034-01-31,2034-01-31,2003-01-31,,114.8,4.085347775156525,,ishares_xcb,evaluated,1979000.0
2026-05-29,CA44810ZAP59,Hydro One Inc,H,Utilities,senior,5.36,2036-05-20,2036-05-20,2005-05-19,,109.04,4.238992429414495,,ishares_xcb,evaluated,3291000.0
2026-05-29,CA44810ZAS98,Hydro One Inc,H,Utilities,senior,4.89,2037-03-13,2037-03-13,2007-03-13,,104.74,4.3336643184898485,,ishares_xcb,evaluated,1705000.0
2026-05-29,CA44810ZBZ23,Hydro One Inc,H,Utilities,senior,3.02,2029-04-05,2029-04-05,2019-04-05,,99.51,3.199738250538443,,ishares_xcb,evaluated,2872000.0
2026-05-29,CA44810ZCC29,Hydro One Inc,H,Utilities,senior,2.16,2030-02-28,2030-02-28,2020-02-28,,96.44,3.174771342551868,,ishares_xcb,evaluated,1956000.0
2026-05-29,CA44810ZCF59,Hydro One Inc,H,Utilities,senior,1.69,2031-01-16,2031-01-16,2020-10-09,,93.53,3.204895558889049,,ishares_xcb,evaluated,1844000.0
2026-05-29,CA44810ZCG33,Hydro One Inc,H,Utilities,senior,2.23,2031-09-17,2031-09-17,2021-09-17,,94.48,3.3746230316891683,,ishares_xcb,evaluated,1983000.0
2026-05-29,CA44810ZCK45,Hydro One Inc,H,Utilities,senior,3.93,2029-11-30,2029-11-30,2023-01-27,,101.98,3.3312902855439237,,ishares_xcb,evaluated,3237000.0
2026-05-29,CA44810ZCL28,Hydro One Inc,H,Utilities,senior,4.16,2033-01-27,2033-01-27,2023-01-27,,102.39,3.752498938862072,,ishares_xcb,evaluated,1875000.0
2026-05-29,CA44810ZCR97,Hydro One Inc,H,Utilities,senior,4.39,2034-03-01,2034-03-01,2024-01-12,,103.08,3.9235447617143455,,ishares_xcb,evaluated,2800000.0
2026-05-29,CA44810ZCS70,Hydro One Inc,H,Utilities,senior,4.25,2035-01-04,2035-01-04,2024-08-20,,101.71,4.014359502835614,,ishares_xcb,evaluated,5389000.0
2026-05-29,CA44810ZCT53,Hydro One Inc,H,Utilities,senior,3.94,2032-08-25,2032-08-25,2025-08-25,,101.29,3.707324415756768,,ishares_xcb,evaluated,2675000.0
2026-05-29,CA44810ZCU27,Hydro One Inc,H,Utilities,senior,4.3,2035-08-24,2035-08-24,2025-08-25,,101.65,4.084320448932354,,ishares_xcb,evaluated,2155000.0
2026-05-29,CA44810ZCW82,Hydro One Inc,H,Utilities,senior,3.9,2033-11-21,2033-11-21,2025-11-21,,100.3,3.8532162460905934,,ishares_xcb,evaluated,5712000.0
2026-05-29,CA448810AC58,Hydro One Inc,H,Utilities,senior,7.35,2030-06-03,2030-06-03,2000-06-01,,114.07,3.5595202452838697,,ishares_xcb,evaluated,1493000.0
2026-05-29,CA63306AHP45,National Bank of Canada,NA,Banks,senior_bail_in,5.22,2028-06-14,2028-06-14,2023-06-14,,103.79,3.2899585215114526,,ishares_xcb,evaluated,8593000.0
2026-05-29,CA63306AHT66,National Bank of Canada,NA,Banks,senior_bail_in,5.02,2029-02-01,2029-02-01,2023-12-07,,104.16,3.3846890876037294,,ishares_xcb,evaluated,7699000.0
2026-05-29,CA63306AJF45,National Bank of Canada,NA,Banks,senior_bail_in,3.52,2029-07-17,2028-07-17,2025-07-17,,100.35,3.3525328792963287,,ishares_xcb,evaluated,4989000.0
2026-05-29,CA63306AJG28,National Bank of Canada,NA,Banks,senior_bail_in,3.54,2031-01-13,2030-01-13,2026-01-13,,99.85,3.5868751705824264,,ishares_xcb,evaluated,5225000.0
2026-05-29,CA63306AJH01,National Bank of Canada,NA,Banks,senior_bail_in,3.44,2031-10-21,2030-10-21,2025-10-21,,99.05,3.6751167930332294,,ishares_xcb,evaluated,4950000.0
2026-05-29,CA63306AJM95,National Bank of Canada,NA,Banks,senior_bail_in,3.31,2028-08-15,2027-08-15,2025-06-04,,100.15,3.1870350695011,,ishares_xcb,evaluated,5135000.0
2026-05-29,CA63306AJV94,National Bank of Canada,NA,Banks,senior_bail_in,3.63,2030-04-13,2029-04-13,2026-04-13,,100.44,3.4663054714063932,,ishares_xcb,evaluated,4864000.0
2026-05-29,CA70632ZAM38,Pembina Pipeline,PPL,Pipelines,senior,3.62,2029-04-03,2029-04-03,2019-04-03,,100.34,3.491702168754434,,ishares_xcb,evaluated,3028000.0
2026-05-29,CA70632ZAQ42,Pembina Pipeline,PPL,Pipelines,senior,3.31,2030-02-01,2030-02-01,2019-09-12,,99.25,3.5309045366943055,,ishares_xcb,evaluated,3349000.0
2026-05-29,CA70632ZAS08,Pembina Pipeline,PPL,Pipelines,senior,3.53,2031-12-10,2031-12-10,2021-12-10,,98.76,3.7811818702974245,,ishares_xcb,evaluated,2117000.0
2026-05-29,CA70632ZAV37,Pembina Pipeline,PPL,Pipelines,senior,5.02,2032-01-12,2032-01-12,2024-01-12,,105.06,4.007944816776542,,ishares_xcb,evaluated,3740000.0
2026-05-29,CA70632ZAW10,Pembina Pipeline,PPL,Pipelines,senior,5.21,2034-01-12,2034-01-12,2024-01-12,,105.92,4.292763206501109,,ishares_xcb,evaluated,2785000.0
2026-05-29,CA70632ZAY75,Pembina Pipeline,PPL,Pipelines,senior,5.22,2033-06-28,2033-06-28,2024-06-28,,106.1,4.2151497109436855,,ishares_xcb,evaluated,3570000.0
2026-05-29,CA775109BJ98,Rogers Communications,RCI,Telecom,senior,3.25,2029-05-01,2029-05-01,2019-04-30,,99.32,3.4952811866272637,,ishares_xcb,evaluated,3078000.0
2026-05-29,CA775109BT70,Rogers Communications,RCI,Telecom,senior,3.75,2029-04-15,2029-04-15,2022-03-11,,100.61,3.5238356644320725,,ishares_xcb,evaluated,5085000.0
2026-05-29,CA775109BV27,Rogers Communications,RCI,Telecom,senior,4.25,2032-04-15,2032-04-15,2022-03-11,,101.07,4.042694209543312,,ishares_xcb,evaluated,4987000.0
2026-05-29,CA775109CP40,Rogers Communications,RCI,Telecom,senior,4.4,2028-11-02,2028-11-02,2023-04-03,,101.94,3.5562614055069512,,ishares_xcb,evaluated,2138000.0
2026-05-29,CA775109CQ23,Rogers Communications,RCI,Telecom,senior,3.3,2029-12-10,2029-12-10,2019-12-09,,98.88,3.6417233134504943,,ishares_xcb,evaluated,539000.0
2026-05-29,CA775109CV18,Rogers Communications,RCI,Telecom,senior,5.7,2028-09-21,2028-09-21,2023-09-21,,104.73,3.544895473903796,,ishares_xcb,evaluated,4657000.0
2026-05-29,CA775109CW90,Rogers Communications,RCI,Telecom,senior,5.8,2030-09-21,2030-09-21,2023-09-21,,107.75,3.829412163196444,,ishares_xcb,evaluated,3170000.0
2026-05-29,CA775109DA61,Rogers Communications,RCI,Telecom,senior,5.9,2033-09-21,2033-09-21,2023-09-21,,109.85,4.312457466412351,,ishares_xcb,evaluated,4890000.0
2026-05-29,CA779926DJ08,Royal Bank of Canada,RY,Banks,senior_bail_in,4.0,2030-10-17,2029-10-17,2024-10-17,,101.49,3.5278106747137223,,ishares_xcb,evaluated,7398000.0
2026-05-29,CA779926FY56,Royal Bank of Canada,RY,Banks,senior_bail_in,3.63,2028-12-10,2027-12-10,2024-12-10,,100.59,3.234924256401946,,ishares_xcb,evaluated,10100000.0
2026-05-29,CA779926QX54,Royal Bank of Canada,RY,Banks,senior_bail_in,3.98,2031-07-22,2030-07-22,2025-07-22,,101.36,3.6260152370100487,,ishares_xcb,evaluated,9840000.0
2026-05-29,CA779926QY38,Royal Bank of Canada,RY,Banks,senior_bail_in,3.41,2029-06-12,2028-06-12,2025-06-10,,100.16,3.329857064026153,,ishares_xcb,evaluated,9715000.0
2026-05-29,CA779926WD27,Royal Bank of Canada,RY,Banks,senior_bail_in,3.83,2030-03-27,2029-03-27,2026-03-27,,101.01,3.448798441523626,,ishares_xcb,evaluated,11250000.0
2026-05-29,CA779926WF74,Royal Bank of Canada,RY,Banks,senior_bail_in,3.57,2031-12-09,2030-12-09,2025-12-09,,99.62,3.66268381241073,,ishares_xcb,evaluated,17218000.0
2026-05-29,CA780086TY05,Royal Bank of Canada,RY,Banks,senior_bail_in,1.83,2028-07-31,2028-07-31,2021-07-29,,97.78,2.8925822103430665,,ishares_xcb,evaluated,4522000.0
2026-05-29,CA780086ZH08,Royal Bank of Canada,RY,Banks,senior_bail_in,5.23,2030-06-24,2030-06-24,2023-06-23,,106.67,3.4604306511558423,,ishares_xcb,evaluated,6072000.0
2026-05-29,CA87971MBJ14,TELUS,TU,Telecom,senior,3.3,2029-05-02,2029-05-02,2019-04-03,,99.73,3.3963495628495806,,ishares_xcb,evaluated,5138000.0
2026-05-29,CA87971MBN26,TELUS,TU,Telecom,senior,3.15,2030-02-19,2030-02-19,2019-12-16,,98.46,3.5963045045796256,,ishares_xcb,evaluated,2997000.0
2026-05-29,CA87971MBS13,TELUS,TU,Telecom,senior,2.05,2030-10-07,2030-10-07,2020-10-05,,94.43,3.4365154471037758,,ishares_xcb,evaluated,2451000.0
2026-05-29,CA87971MBV42,TELUS,TU,Telecom,senior,2.85,2031-11-13,2031-11-13,2021-06-28,,95.78,3.7110395633449422,,ishares_xcb,evaluated,3665000.0
2026-05-29,CA87971MBX08,TELUS,TU,Telecom,senior,5.25,2032-11-15,2032-11-15,2022-09-13,,106.18,4.149242527244537,,ishares_xcb,evaluated,5262000.0
2026-05-29,CA87971MBZ55,TELUS,TU,Telecom,senior,5.0,2029-09-13,2029-09-13,2022-09-13,,104.17,3.639360550399022,,ishares_xcb,evaluated,1994000.0
2026-05-29,CA87971MCA95,TELUS,TU,Telecom,senior,4.95,2033-03-28,2033-03-28,2023-03-28,,104.49,4.185376660660842,,ishares_xcb,evaluated,2703000.0
2026-05-29,CA87971MCB78,TELUS,TU,Telecom,senior,5.6,2030-09-09,2030-09-09,2023-09-08,,106.91,3.829900275107243,,ishares_xcb,evaluated,2123000.0
2026-05-29,CA87971MCC51,TELUS,TU,Telecom,senior,5.75,2033-09-08,2033-09-08,2023-09-08,,109.06,4.284744334354714,,ishares_xcb,evaluated,3960000.0
2026-05-29,CA87971MCE18,TELUS,TU,Telecom,senior,4.8,2028-12-15,2028-12-15,2024-02-15,,103.17,3.4900325522616265,,ishares_xcb,evaluated,3191000.0
2026-05-29,CA87971MCF82,TELUS,TU,Telecom,senior,4.95,2031-02-18,2031-02-18,2024-02-15,,104.81,3.828474005876646,,ishares_xcb,evaluated,3273000.0
2026-05-29,CA87971MCG65,TELUS,TU,Telecom,senior,5.1,2034-02-15,2034-02-15,2024-02-15,,105.12,4.313597383783037,,ishares_xcb,evaluated,2815000.0
2026-05-29,CA87971MCH49,TELUS,TU,Telecom,senior,4.65,2031-08-13,2031-08-13,2024-08-13,,103.52,3.8981028349489444,,ishares_xcb,evaluated,4068000.0
2026-05-29,CA89116C3S44,Toronto-Dominion Bank,TD,Banks,senior_bail_in,3.61,2031-09-10,2030-09-10,2025-09-10,,99.76,3.6684026176193623,,ishares_xcb,evaluated,12250000.0
2026-05-29,CA89116C7J09,Toronto-Dominion Bank,TD,Banks,senior_bail_in,3.69,2032-01-09,2031-01-09,2026-01-09,,99.98,3.696839193041784,,ishares_xcb,evaluated,14914000.0
2026-05-29,CA89116CDM60,Toronto-Dominion Bank,TD,Banks,senior_bail_in,4.23,2029-04-02,2029-04-02,2024-03-20,,102.7,3.22684577791192,,ishares_xcb,evaluated,4920000.0
2026-05-29,CA89116CQ341,Toronto-Dominion Bank,TD,Banks,senior_bail_in,3.84,2031-05-29,2030-05-29,2025-05-29,,100.79,3.626049088408438,,ishares_xcb,evaluated,11036000.0
2026-05-29,CA89116CST58,Toronto-Dominion Bank,TD,Banks,senior_bail_in,4.0,2030-10-31,2029-10-31,2024-10-31,,101.45,3.5446737797598993,,ishares_xcb,evaluated,7638000.0
2026-05-29,CA89116CWY97,Toronto-Dominion Bank,TD,Banks,senior_bail_in,4.13,2033-01-09,2032-01-09,2025-01-09,,101.5,3.8323951373578984,,ishares_xcb,evaluated,9827000.0
2026-05-29,CA89116WDV24,Toronto-Dominion Bank,TD,Banks,senior_bail_in,3.86,2032-04-07,2031-04-07,2026-03-18,,100.59,3.724942732536227,,ishares_xcb,evaluated,7480000.0
2026-05-29,CA89116WEY53,Toronto-Dominion Bank,TD,Banks,senior_bail_in,3.77,2030-04-13,2029-04-13,2026-04-13,,100.8,3.473537216911138,,ishares_xcb,evaluated,8637000.0
2026-05-29,CA89117FJ347,Toronto-Dominion Bank,TD,Banks,senior_bail_in,1.9,2028-09-11,2028-09-11,2021-09-10,,97.53,3.0244128720926833,,ishares_xcb,evaluated,5931000.0
2026-05-29,CA89117GRJ80,Toronto-Dominion Bank,TD,Banks,senior_bail_in,4.68,2029-01-08,2029-01-08,2022-12-07,,103.23,3.3815288102879206,,ishares_xcb,evaluated,12347000.0
2026-05-29,CA89117GX510,Toronto-Dominion Bank,TD,Banks,senior_bail_in,5.49,2028-09-08,2028-09-08,2023-09-08,,104.7,3.3226926652836046,,ishares_xcb,evaluated,8191000.0
2026-05-29,CA89353ZBA53,TransCanada PipeLines,TRP,Pipelines,senior,6.89,2028-08-07,2028-08-07,1997-07-30,,106.29,3.87554336688078,,ishares_xcb,evaluated,732000.0
2026-05-29,CA89353ZBK36,TransCanada PipeLines,TRP,Pipelines,senior,6.5,2030-12-09,2030-12-09,1998-12-07,,108.61,4.385266825184778,,ishares_xcb,evaluated,775000.0
2026-05-29,CA89353ZCE66,TransCanada PipeLines,TRP,Pipelines,senior,3.0,2029-09-18,2029-09-18,2019-09-18,,98.75,3.4006182669262626,,ishares_xcb,evaluated,3743000.0
2026-05-29,CA89353ZCH97,TransCanada PipeLines,TRP,Pipelines,senior,2.97,2031-06-09,2031-06-09,2021-06-09,,97.08,3.6106845641353122,,ishares_xcb,evaluated,2537000.0
2026-05-29,CA89353ZCK27,TransCanada PipeLines,TRP,Pipelines,senior,5.33,2032-05-12,2032-05-12,2022-05-12,,106.78,4.036702177973304,,ishares_xcb,evaluated,3458000.0
2026-05-29,CA89353ZCN65,TransCanada PipeLines,TRP,Pipelines,senior,5.28,2030-07-15,2030-07-15,2023-03-10,,105.85,3.7410475913192047,,ishares_xcb,evaluated,6587000.0
2026-05-29,CA89353ZCQ96,TransCanada PipeLines,TRP,Pipelines,senior,4.58,2035-02-20,2035-02-20,2025-02-20,,101.77,4.334861269895867,,ishares_xcb,evaluated,5555000.0
2026-06-30,CA06368L5G77,Bank of Montreal,BMO,Banks,senior_bail_in,4.42,2029-07-17,2029-07-17,2024-07-17,,102.79,3.452626052060913,,ishares_xcb,evaluated,10075000.0
2026-06-30,CA06368LB887,Bank of Montreal,BMO,Banks,senior_bail_in,4.54,2028-12-18,2028-12-18,2023-12-18,,102.74,3.372590103528603,,ishares_xcb,evaluated,10120000.0
2026-06-30,CA06368MJ219,Bank of Montreal,BMO,Banks,senior_bail_in,3.54,2032-03-03,2031-03-03,2026-03-03,,99.35,3.689522181712188,,ishares_xcb,evaluated,11068000.0
2026-06-30,CA06368MRF37,Bank of Montreal,BMO,Banks,senior_bail_in,3.73,2031-06-03,2030-06-03,2025-06-03,,100.48,3.5970328538367053,,ishares_xcb,evaluated,7555000.0
2026-06-30,CA06368MT200,Bank of Montreal,BMO,Banks,senior_bail_in,4.17,2034-06-15,2033-06-15,2026-06-15,,101.09,3.988744564657113,,ishares_xcb,evaluated,6030000.0
2026-06-30,CA06368MZS65,Bank of Montreal,BMO,Banks,senior_bail_in,3.11,2029-10-27,2028-10-27,2025-10-27,,99.65,3.265582270299989,,ishares_xcb,evaluated,1135000.0
2026-06-30,CA064164QM14,Bank of Nova Scotia,BNS,Banks,senior_bail_in,4.68,2029-02-01,2029-02-01,2024-02-01,,103.27,3.3557306477550237,,ishares_xcb,evaluated,10117000.0
2026-06-30,CA06418MM430,Bank of Nova Scotia,BNS,Banks,senior_bail_in,3.84,2030-09-26,2029-09-26,2024-09-26,,100.95,3.522996228626613,,ishares_xcb,evaluated,6095000.0
2026-06-30,CA06418MX742,Bank of Nova Scotia,BNS,Banks,senior_bail_in,3.81,2028-11-15,2027-11-15,2024-10-18,,100.78,3.220452468696993,,ishares_xcb,evaluated,8528000.0
2026-06-30,CA06418Y4L93,Bank of Nova Scotia,BNS,Banks,senior_bail_in,3.62,2032-01-30,2031-01-30,2025-12-10,,99.75,3.6822033474413693,,ishares_xcb,evaluated,17460000.0
2026-06-30,CA06418YXB96,Bank of Nova Scotia,BNS,Banks,senior_bail_in,3.73,2031-06-27,2030-06-27,2025-03-27,,100.39,3.6240857021299777,,ishares_xcb,evaluated,14027000.0
2026-06-30,CA06419FSD10,Bank of Nova Scotia,BNS,Banks,senior_bail_in,3.58,2030-05-01,2029-05-01,2026-05-01,,100.28,3.4724552568833706,,ishares_xcb,evaluated,7926000.0
2026-06-30,CA06419FSG41,Bank of Nova Scotia,BNS,Banks,senior_bail_in,4.09,2034-05-01,2033-05-01,2026-05-01,,100.71,3.968740384747344,,ishares_xcb,evaluated,5136000.0
2026-06-30,CA07813ZAC82,Bell Canada,BCE,Telecom,senior,6.55,2029-05-01,2029-05-01,1999-07-19,,107.62,3.6905282018086667,,ishares_xcb,evaluated,213000.0
2026-06-30,CA07813ZAL81,Bell Canada,BCE,Telecom,senior,7.85,2031-04-02,2031-04-02,2001-04-02,,115.45,4.2268637688758455,,ishares_xcb,evaluated,1130000.0
2026-06-30,CA07813ZAP95,Bell Canada,BCE,Telecom,senior,7.3,2032-02-23,2032-02-23,2002-02-22,,114.86,4.310737026205924,,ishares_xcb,evaluated,1689000.0
2026-06-30,CA07813ZAT18,Bell Canada,BCE,Telecom,senior,6.1,2035-03-16,2035-03-16,2004-03-16,,111.29,4.514966705257448,,ishares_xcb,evaluated,1783000.0
2026-06-30,CA07813ZBL72,Bell Canada,BCE,Telecom,senior,6.17,2037-02-26,2037-02-26,2007-02-26,,112.68,4.648908952825324,,ishares_xcb,evaluated,1928000.0
2026-06-30,CA07813ZCC64,Bell Canada,BCE,Telecom,senior,2.9,2029-09-10,2029-09-10,2019-09-10,,98.43,3.419416430545932,,ishares_xcb,evaluated,2556000.0
2026-06-30,CA07813ZCE21,Bell Canada,BCE,Telecom,senior,2.5,2030-05-14,2030-05-14,2020-05-14,,96.52,3.466824347045641,,ishares_xcb,evaluated,1061000.0
2026-06-30,CA07813ZCG78,Bell Canada,BCE,Telecom,senior,3.0,2031-03-17,2031-03-17,2021-03-17,,97.46,3.5880070488379765,,ishares_xcb,evaluated,4821000.0
2026-06-30,CA07813ZCK80,Bell Canada,BCE,Telecom,senior,5.85,2032-11-10,2032-11-10,2022-11-10,,109.4,4.151176194444971,,ishares_xcb,evaluated,6415000.0
2026-06-30,CA07813ZCL63,Bell Canada,BCE,Telecom,senior,4.55,2030-02-09,2030-02-09,2023-02-09,,103.02,3.6528597013757556,,ishares_xcb,evaluated,5681000.0
2026-06-30,CA07813ZCQ50,Bell Canada,BCE,Telecom,senior,5.25,2029-03-15,2029-03-15,2023-11-14,,104.55,3.468862564634488,,ishares_xcb,evaluated,3910000.0
2026-06-30,CA07813ZCR34,Bell Canada,BCE,Telecom,senior,5.15,2034-08-24,2034-08-24,2024-05-24,,105.53,4.338660906126335,,ishares_xcb,evaluated,5515000.0
2026-06-30,CA078149DV00,Bell Canada,BCE,Telecom,senior,7.65,2031-12-30,2031-12-30,1996-12-30,,114.83,4.570054694823971,,ishares_xcb,evaluated,26000.0
2026-06-30,CA11291ZAE75,Brookfield Infrastructure Finance,BIP,Utilities,senior,4.19,2028-09-11,2028-09-11,2018-09-10,,101.42,3.506181639147057,,ishares_xcb,evaluated,3255000.0
2026-06-30,CA11291ZAF41,Brookfield Infrastructure Finance,BIP,Utilities,senior,3.41,2029-10-09,2029-10-09,2019-10-03,,99.51,3.5679168617327965,,ishares_xcb,evaluated,3713000.0
2026-06-30,CA11291ZAG24,Brookfield Infrastructure Finance,BIP,Utilities,senior,2.86,2032-09-01,2032-09-01,2020-09-01,,93.75,4.011345750455068,,ishares_xcb,evaluated,2340000.0
2026-06-30,CA11291ZAH07,Brookfield Infrastructure Finance,BIP,Utilities,senior,5.44,2034-04-25,2034-04-25,2022-04-25,,107.21,4.3413142064205585,,ishares_xcb,evaluated,1895000.0
2026-06-30,CA11291ZAL19,Brookfield Infrastructure Finance,BIP,Utilities,senior,5.98,2033-02-14,2033-02-14,2022-11-14,,109.92,4.248350274373658,,ishares_xcb,evaluated,999000.0
2026-06-30,CA11291ZAM91,Brookfield Infrastructure Finance,BIP,Utilities,senior,5.71,2030-07-27,2030-07-27,2023-07-27,,107.1,3.816380202843064,,ishares_xcb,evaluated,2289000.0
2026-06-30,CA11291ZAP23,Brookfield Infrastructure Finance,BIP,Utilities,senior,3.7,2031-01-06,2031-01-06,2025-09-24,,99.65,3.7884775581066643,,ishares_xcb,evaluated,2030000.0
2026-06-30,CA11291ZAQ06,Brookfield Infrastructure Finance,BIP,Utilities,senior,4.53,2035-09-24,2035-09-24,2025-09-24,,100.29,4.489130332847898,,ishares_xcb,evaluated,1985000.0
2026-06-30,CA13607L4C41,Canadian Imperial Bank of Commerce,CM,Banks,senior_bail_in,3.65,2028-12-10,2027-12-10,2024-12-10,,100.59,3.227513541839381,,ishares_xcb,stale,6315000.0
2026-06-30,CA13607LF997,Canadian Imperial Bank of Commerce,CM,Banks,senior_bail_in,3.8,2030-12-10,2029-12-10,2024-12-10,,100.76,3.5629567445342674,,ishares_xcb,evaluated,8781000.0
2026-06-30,CA13607P5X87,Canadian Imperial Bank of Commerce,CM,Banks,senior_bail_in,3.9,2031-06-20,2030-06-20,2025-06-20,,100.99,3.629821901597759,,ishares_xcb,evaluated,6269000.0
2026-06-30,CA13607Q4G46,Canadian Imperial Bank of Commerce,CM,Banks,senior_bail_in,3.78,2032-06-18,2031-06-18,2026-06-18,,100.11,3.755203946488795,,ishares_xcb,evaluated,6930000.0
2026-06-30,CA13607QH885,Canadian Imperial Bank of Commerce,CM,Banks,senior_bail_in,3.7,2030-04-02,2029-04-02,2026-04-02,,100.6,3.467442608289878,,ishares_xcb,evaluated,9675000.0
2026-06-30,CA13607QQT27,Canadian Imperial Bank of Commerce,CM,Banks,senior_bail_in,3.65,2032-01-13,2031-01-13,2026-01-13,,99.87,3.684476737630433,,ishares_xcb,evaluated,14985000.0
2026-06-30,CA29251ZAD92,Enbridge Inc,ENB,Pipelines,senior,7.22,2030-07-24,2030-07-24,2000-07-24,,112.0,3.998947633984783,,ishares_xcb,stale,806000.0
2026-06-30,CA29251ZAK36,Enbridge Inc,ENB,Pipelines,senior,7.2,2032-06-18,2032-06-18,2001-06-18,,115.77,4.18549968967017,,ishares_xcb,evaluated,1060000.0
2026-06-30,CA29251ZAQ06,Enbridge Inc,ENB,Pipelines,senior,5.57,2035-11-14,2035-11-14,2005-11-14,,107.29,4.602056319046625,,ishares_xcb,evaluated,394000.0
2026-06-30,CA29251ZBS52,Enbridge Inc,ENB,Pipelines,senior,2.99,2029-10-03,2029-10-03,2019-10-03,,98.7,3.413137869811452,,ishares_xcb,evaluated,4903000.0
2026-06-30,CA29251ZBU09,Enbridge Inc,ENB,Pipelines,senior,3.1,2033-09-21,2033-09-21,2021-09-21,,94.56,3.9717479891782315,,ishares_xcb,evaluated,5101000.0
2026-06-30,CA29251ZBW64,Enbridge Inc,ENB,Pipelines,senior,6.1,2032-11-09,2032-11-09,2022-11-09,,111.14,4.090220970605266,,ishares_xcb,evaluated,4190000.0
2026-06-30,CA29251ZBZ95,Enbridge Inc,ENB,Pipelines,senior,5.36,2033-05-26,2033-05-26,2023-05-26,,107.39,4.118064117305824,,ishares_xcb,evaluated,2205000.0
2026-06-30,CA29251ZCC91,Enbridge Inc,ENB,Pipelines,senior,4.21,2030-02-22,2030-02-22,2024-08-22,,101.96,3.633680183679222,,ishares_xcb,evaluated,2611000.0
2026-06-30,CA29251ZCD74,Enbridge Inc,ENB,Pipelines,senior,4.73,2034-08-22,2034-08-22,2024-08-22,,103.27,4.252116404848946,,ishares_xcb,evaluated,3853000.0
2026-06-30,CA29251ZCG06,Enbridge Inc,ENB,Pipelines,senior,3.9,2030-02-25,2030-02-25,2025-02-25,,100.96,3.619360875818413,,ishares_xcb,evaluated,4190000.0
2026-06-30,CA29251ZCH88,Enbridge Inc,ENB,Pipelines,senior,4.56,2035-02-25,2035-02-25,2025-02-25,,101.78,4.312464984762894,,ishares_xcb,evaluated,3555000.0
2026-06-30,CA29251ZCK18,Enbridge Inc,ENB,Pipelines,senior,3.57,2031-02-26,2031-02-26,2026-02-26,,99.32,3.731943293201976,,ishares_xcb,evaluated,4265000.0
2026-06-30,CA29251ZCL90,Enbridge Inc,ENB,Pipelines,senior,4.35,2036-02-26,2036-02-26,2026-02-26,,99.2,4.453739835965704,,ishares_xcb,evaluated,4035000.0
2026-06-30,CA29251ZCP05,Enbridge Inc,ENB,Pipelines,senior,6.05,2029-02-12,2029-02-12,1999-02-12,,105.61,3.7852516834189402,,ishares_xcb,evaluated,10000.0
2026-06-30,CA29251ZCQ87,Enbridge Inc,ENB,Pipelines,senior,3.52,2029-02-22,2029-02-22,2019-02-22,,100.26,3.4192485177151495,,ishares_xcb,evaluated,3584000.0
2026-06-30,CA29251ZCR60,Enbridge Inc,ENB,Pipelines,senior,6.5,2029-06-11,2029-06-11,1999-06-11,,107.23,3.879574343933181,,ishares_xcb,evaluated,145000.0
2026-06-30,CA29251ZCS44,Enbridge Inc,ENB,Pipelines,senior,2.82,2031-05-12,2031-05-12,2021-05-12,,96.63,3.5794186087856046,,ishares_xcb,evaluated,2046000.0
2026-06-30,CA29251ZCT27,Enbridge Inc,ENB,Pipelines,senior,5.08,2036-12-19,2036-12-19,2006-12-21,,103.95,4.600123501233773,,ishares_xcb,evaluated,765000.0
2026-06-30,CA349553AQ04,Fortis Inc,FTS,Utilities,senior,4.43,2029-05-31,2029-05-31,2022-05-31,,102.66,3.462433849615154,,ishares_xcb,evaluated,2445000.0
2026-06-30,CA349553AR86,Fortis Inc,FTS,Utilities,senior,5.68,2033-11-08,2033-11-08,2023-11-08,,109.47,4.169796936343548,,ishares_xcb,evaluated,2940000.0
2026-06-30,CA349553AS69,Fortis Inc,FTS,Utilities,senior,4.17,2031-09-09,2031-09-09,2024-09-09,,102.03,3.7331188548253347,,ishares_xcb,evaluated,2260000.0
2026-06-30,CA349553AT43,Fortis Inc,FTS,Utilities,senior,4.09,2032-03-26,2032-03-26,2025-03-26,,101.2,3.8522738895471433,,ishares_xcb,evaluated,2720000.0
2026-06-30,CA44810ZAB63,Hydro One Inc,H,Utilities,senior,6.93,2032-06-01,2032-06-01,2001-06-22,,116.25,3.834824210901887,,ishares_xcb,evaluated,1710000.0
2026-06-30,CA44810ZAD20,Hydro One Inc,H,Utilities,senior,6.35,2034-01-31,2034-01-31,2003-01-31,,115.25,4.001817546287546,,ishares_xcb,evaluated,1979000.0
2026-06-30,CA44810ZAP59,Hydro One Inc,H,Utilities,senior,5.36,2036-05-20,2036-05-20,2005-05-19,,109.16,4.21638194386771,,ishares_xcb,evaluated,3546000.0
2026-06-30,CA44810ZAS98,Hydro One Inc,H,Utilities,senior,4.89,2037-03-13,2037-03-13,2007-03-13,,104.95,4.305807617864616,,ishares_xcb,evaluated,1725000.0
2026-06-30,CA44810ZBZ23,Hydro One Inc,H,Utilities,senior,3.02,2029-04-05,2029-04-05,2019-04-05,,99.53,3.197082471959807,,ishares_xcb,evaluated,2872000.0
2026-06-30,CA44810ZCC29,Hydro One Inc,H,Utilities,senior,2.16,2030-02-28,2030-02-28,2020-02-28,,96.57,3.1602090714227358,,ishares_xcb,evaluated,1956000.0
2026-06-30,CA44810ZCF59,Hydro One Inc,H,Utilities,senior,1.69,2031-01-16,2031-01-16,2020-10-09,,93.71,3.1892742817579074,,ishares_xcb,evaluated,1844000.0
2026-06-30,CA44810ZCG33,Hydro One Inc,H,Utilities,senior,2.23,2031-09-17,2031-09-17,2021-09-17,,94.75,3.33358504704332,,ishares_xcb,evaluated,2383000.0
2026-06-30,CA44810ZCK45,Hydro One Inc,H,Utilities,senior,3.93,2029-11-30,2029-11-30,2023-01-27,,101.96,3.3167769736506267,,ishares_xcb,evaluated,3237000.0
2026-06-30,CA44810ZCL28,Hydro One Inc,H,Utilities,senior,4.16,2033-01-27,2033-01-27,2023-01-27,,102.38,3.7502648970561383,,ishares_xcb,evaluated,1875000.0
2026-06-30,CA44810ZCR97,Hydro One Inc,H,Utilities,senior,4.39,2034-03-01,2034-03-01,2024-01-12,,103.33,3.881387469111074,,ishares_xcb,evaluated,2815000.0
2026-06-30,CA44810ZCS70,Hydro One Inc,H,Utilities,senior,4.25,2035-01-04,2035-01-04,2024-08-20,,102.04,3.9675430201341593,,ishares_xcb,evaluated,5459000.0
2026-06-30,CA44810ZCT53,Hydro One Inc,H,Utilities,senior,3.94,2032-08-25,2032-08-25,2025-08-25,,101.39,3.6868406346335663,,ishares_xcb,evaluated,2675000.0
2026-06-30,CA44810ZCU27,Hydro One Inc,H,Utilities,senior,4.3,2035-08-24,2035-08-24,2025-08-25,,101.98,4.040064169519297,,ishares_xcb,evaluated,2155000.0
2026-06-30,CA44810ZCW82,Hydro One Inc,H,Utilities,senior,3.9,2033-11-21,2033-11-21,2025-11-21,,100.56,3.811313691779472,,ishares_xcb,evaluated,5712000.0
2026-06-30,CA448810AC58,Hydro One Inc,H,Utilities,senior,7.35,2030-06-03,2030-06-03,2000-06-01,,113.82,3.5467255434932774,,ishares_xcb,evaluated,1493000.0
2026-06-30,CA63306AHT66,National Bank of Canada,NA,Banks,senior_bail_in,5.02,2029-02-01,2029-02-01,2023-12-07,,104.1,3.358572022486169,,ishares_xcb,evaluated,7699000.0
2026-06-30,CA63306AJF45,National Bank of Canada,NA,Banks,senior_bail_in,3.52,2029-07-17,2028-07-17,2025-07-17,,100.36,3.3426234178257666,,ishares_xcb,evaluated,4989000.0
2026-06-30,CA63306AJG28,National Bank of Canada,NA,Banks,senior_bail_in,3.54,2031-01-13,2030-01-13,2026-01-13,,99.87,3.5832528724344046,,ishares_xcb,evaluated,5225000.0
2026-06-30,CA63306AJH01,National Bank of Canada,NA,Banks,senior_bail_in,3.44,2031-10-21,2030-10-21,2025-10-21,,99.17,3.6485337695250433,,ishares_xcb,evaluated,5230000.0
2026-06-30,CA63306AJM95,National Bank of Canada,NA,Banks,senior_bail_in,3.31,2028-08-15,2027-08-15,2025-06-04,,100.18,3.153181456132664,,ishares_xcb,evaluated,4585000.0
2026-06-30,CA63306AJV94,National Bank of Canada,NA,Banks,senior_bail_in,3.63,2030-04-13,2029-04-13,2026-04-13,,100.44,3.4607718836039534,,ishares_xcb,stale,4269000.0
2026-06-30,CA63306AJW77,National Bank of Canada,NA,Banks,senior_bail_in,3.68,2031-06-23,2030-06-23,2026-06-23,,100.18,3.6308112231469374,,ishares_xcb,evaluated,3370000.0
2026-06-30,CA70632ZAM38,Pembina Pipeline,PPL,Pipelines,senior,3.62,2029-04-03,2029-04-03,2019-04-03,,100.31,3.4987583570413934,,ishares_xcb,evaluated,3028000.0
2026-06-30,CA70632ZAQ42,Pembina Pipeline,PPL,Pipelines,senior,3.31,2030-02-01,2030-02-01,2019-09-12,,99.15,3.5671753858329223,,ishares_xcb,evaluated,2349000.0
2026-06-30,CA70632ZAS08,Pembina Pipeline,PPL,Pipelines,senior,3.53,2031-12-10,2031-12-10,2021-12-10,,98.8,3.7754291453809765,,ishares_xcb,evaluated,2667000.0
2026-06-30,CA70632ZAV37,Pembina Pipeline,PPL,Pipelines,senior,5.02,2032-01-12,2032-01-12,2024-01-12,,105.09,3.9893232148534845,,ishares_xcb,evaluated,3755000.0
2026-06-30,CA70632ZAW10,Pembina Pipeline,PPL,Pipelines,senior,5.21,2034-01-12,2034-01-12,2024-01-12,,106.18,4.2457104402228785,,ishares_xcb,evaluated,2855000.0
2026-06-30,CA70632ZAY75,Pembina Pipeline,PPL,Pipelines,senior,5.22,2033-06-28,2033-06-28,2024-06-28,,106.28,4.17534243623965,,ishares_xcb,evaluated,3570000.0
2026-06-30,CA775109BJ98,Rogers Communications,RCI,Telecom,senior,3.25,2029-05-01,2029-05-01,2019-04-30,,99.38,3.4786253005222263,,ishares_xcb,evaluated,3078000.0
2026-06-30,CA775109BT70,Rogers Communications,RCI,Telecom,senior,3.75,2029-04-15,2029-04-15,2022-03-11,,100.56,3.5353033980011146,,ishares_xcb,evaluated,4885000.0
2026-06-30,CA775109BV27,Rogers Communications,RCI,Telecom,senior,4.25,2032-04-15,2032-04-15,2022-03-11,,101.21,4.0123387824360135,,ishares_xcb,evaluated,4987000.0
2026-06-30,CA775109CP40,Rogers Communications,RCI,Telecom,senior,4.4,2028-11-02,2028-11-02,2023-04-03,,101.93,3.5288411310005667,,ishares_xcb,evaluated,2288000.0
2026-06-30,CA775109CQ23,Rogers Communications,RCI,Telecom,senior,3.3,2029-12-10,2029-12-10,2019-12-09,,98.99,3.6138133824777117,,ishares_xcb,evaluated,539000.0
2026-06-30,CA775109CV18,Rogers Communications,RCI,Telecom,senior,5.7,2028-09-21,2028-09-21,2023-09-21,,104.62,3.514722379004721,,ishares_xcb,evaluated,4657000.0
2026-06-30,CA775109CW90,Rogers Communications,RCI,Telecom,senior,5.8,2030-09-21,2030-09-21,2023-09-21,,107.78,3.7851979367548014,,ishares_xcb,evaluated,3170000.0
2026-06-30,CA775109DA61,Rogers Communications,RCI,Telecom,senior,5.9,2033-09-21,2033-09-21,2023-09-21,,110.08,4.261084920140412,,ishares_xcb,evaluated,4980000.0
2026-06-30,CA779926DJ08,Royal Bank of Canada,RY,Banks,senior_bail_in,4.0,2030-10-17,2029-10-17,2024-10-17,,101.5,3.5122508625321585,,ishares_xcb,evaluated,6898000.0
2026-06-30,CA779926FY56,Royal Bank of Canada,RY,Banks,senior_bail_in,3.63,2028-12-10,2027-12-10,2024-12-10,,100.6,3.2005030733524475,,ishares_xcb,evaluated,9115000.0
2026-06-30,CA779926QX54,Royal Bank of Canada,RY,Banks,senior_bail_in,3.98,2031-07-22,2030-07-22,2025-07-22,,101.41,3.606937302597301,,ishares_xcb,evaluated,9585000.0
2026-06-30,CA779926QY38,Royal Bank of Canada,RY,Banks,senior_bail_in,3.41,2029-06-12,2028-06-12,2025-06-10,,100.18,3.3130488677167333,,ishares_xcb,evaluated,10010000.0
2026-06-30,CA779926WD27,Royal Bank of Canada,RY,Banks,senior_bail_in,3.83,2030-03-27,2029-03-27,2026-03-27,,101.01,3.4361565315775806,,ishares_xcb,stale,11250000.0
2026-06-30,CA779926WF74,Royal Bank of Canada,RY,Banks,senior_bail_in,3.57,2031-12-09,2030-12-09,2025-12-09,,99.75,3.6309039428853906,,ishares_xcb,evaluated,17783000.0
2026-06-30,CA780086TY05,Royal Bank of Canada,RY,Banks,senior_bail_in,1.83,2028-07-31,2028-07-31,2021-07-29,,97.9,2.8772622948940527,,ishares_xcb,evaluated,5022000.0
2026-06-30,CA780086ZH08,Royal Bank of Canada,RY,Banks,senior_bail_in,5.23,2030-06-24,2030-06-24,2023-06-23,,106.57,3.4503810633655547,,ishares_xcb,evaluated,6572000.0
2026-06-30,CA87971MBJ14,TELUS,TU,Telecom,senior,3.3,2029-05-02,2029-05-02,2019-04-03,,99.75,3.3903448391418163,,ishares_xcb,evaluated,4808000.0
2026-06-30,CA87971MBN26,TELUS,TU,Telecom,senior,3.15,2030-02-19,2030-02-19,2019-12-16,,98.66,3.5478051121621244,,ishares_xcb,evaluated,3017000.0
2026-06-30,CA87971MBS13,TELUS,TU,Telecom,senior,2.05,2030-10-07,2030-10-07,2020-10-05,,94.74,3.382304074667476,,ishares_xcb,evaluated,2451000.0
2026-06-30,CA87971MBV42,TELUS,TU,Telecom,senior,2.85,2031-11-13,2031-11-13,2021-06-28,,96.06,3.66384007512958,,ishares_xcb,evaluated,3665000.0
2026-06-30,CA87971MBX08,TELUS,TU,Telecom,senior,5.25,2032-11-15,2032-11-15,2022-09-13,,106.25,4.123230988142796,,ishares_xcb,evaluated,5342000.0
2026-06-30,CA87971MBZ55,TELUS,TU,Telecom,senior,5.0,2029-09-13,2029-09-13,2022-09-13,,104.09,3.630305198925299,,ishares_xcb,evaluated,2044000.0
2026-06-30,CA87971MCA95,TELUS,TU,Telecom,senior,4.95,2033-03-28,2033-03-28,2023-03-28,,104.55,4.1663308793780285,,ishares_xcb,evaluated,2703000.0
2026-06-30,CA87971MCB78,TELUS,TU,Telecom,senior,5.6,2030-09-09,2030-09-09,2023-09-08,,106.84,3.813985926785237,,ishares_xcb,evaluated,2123000.0
2026-06-30,CA87971MCC51,TELUS,TU,Telecom,senior,5.75,2033-09-08,2033-09-08,2023-09-08,,109.17,4.252788568361159,,ishares_xcb,evaluated,3960000.0
2026-06-30,CA87971MCE18,TELUS,TU,Telecom,senior,4.8,2028-12-15,2028-12-15,2024-02-15,,103.1,3.4729351899319445,,ishares_xcb,evaluated,3341000.0
2026-06-30,CA87971MCF82,TELUS,TU,Telecom,senior,4.95,2031-02-18,2031-02-18,2024-02-15,,104.76,3.822126507509134,,ishares_xcb,evaluated,3273000.0
2026-06-30,CA87971MCG65,TELUS,TU,Telecom,senior,5.1,2034-02-15,2034-02-15,2024-02-15,,105.35,4.272300972339043,,ishares_xcb,evaluated,2815000.0
2026-06-30,CA87971MCH49,TELUS,TU,Telecom,senior,4.65,2031-08-13,2031-08-13,2024-08-13,,103.59,3.872733365346008,,ishares_xcb,evaluated,4068000.0
2026-06-30,CA89116C3S44,Toronto-Dominion Bank,TD,Banks,senior_bail_in,3.61,2031-09-10,2030-09-10,2025-09-10,,99.85,3.6455316042389327,,ishares_xcb,evaluated,12535000.0
2026-06-30,CA89116C7J09,Toronto-Dominion Bank,TD,Banks,senior_bail_in,3.69,2032-01-09,2031-01-09,2026-01-09,,100.12,3.6642720276911547,,ishares_xcb,evaluated,15179000.0
2026-06-30,CA89116CDM60,Toronto-Dominion Bank,TD,Banks,senior_bail_in,4.23,2029-04-02,2029-04-02,2024-03-20,,102.68,3.2038652779246326,,ishares_xcb,evaluated,4920000.0
2026-06-30,CA89116CQ341,Toronto-Dominion Bank,TD,Banks,senior_bail_in,3.84,2031-05-29,2030-05-29,2025-05-29,,100.88,3.595472369933481,,ishares_xcb,evaluated,11356000.0
2026-06-30,CA89116CST58,Toronto-Dominion Bank,TD,Banks,senior_bail_in,4.0,2030-10-31,2029-10-31,2024-10-31,,101.44,3.535370334032975,,ishares_xcb,evaluated,7638000.0
2026-06-30,CA89116CWY97,Toronto-Dominion Bank,TD,Banks,senior_bail_in,4.13,2033-01-09,2032-01-09,2025-01-09,,101.57,3.8152154240773313,,ishares_xcb,evaluated,10127000.0
2026-06-30,CA89116WDV24,Toronto-Dominion Bank,TD,Banks,senior_bail_in,3.86,2032-04-07,2031-04-07,2026-03-18,,100.64,3.7108039279812863,,ishares_xcb,evaluated,7295000.0
2026-06-30,CA89116WEY53,Toronto-Dominion Bank,TD,Banks,senior_bail_in,3.77,2030-04-13,2029-04-13,2026-04-13,,100.81,3.4602732934904417,,ishares_xcb,evaluated,8637000.0
2026-06-30,CA89117FJ347,Toronto-Dominion Bank,TD,Banks,senior_bail_in,1.9,2028-09-11,2028-09-11,2021-09-10,,97.66,3.004909805934542,,ishares_xcb,evaluated,5931000.0
2026-06-30,CA89117GRJ80,Toronto-Dominion Bank,TD,Banks,senior_bail_in,4.68,2029-01-08,2029-01-08,2022-12-07,,103.19,3.3576086756226706,,ishares_xcb,evaluated,12382000.0
2026-06-30,CA89117GX510,Toronto-Dominion Bank,TD,Banks,senior_bail_in,5.49,2028-09-08,2028-09-08,2023-09-08,,104.57,3.3007585754313804,,ishares_xcb,evaluated,8191000.0
2026-06-30,CA89353ZBA53,TransCanada PipeLines,TRP,Pipelines,senior,6.89,2028-08-07,2028-08-07,1997-07-30,,106.41,3.7049646940280687,,ishares_xcb,evaluated,732000.0
2026-06-30,CA89353ZBK36,TransCanada PipeLines,TRP,Pipelines,senior,6.5,2030-12-09,2030-12-09,1998-12-07,,108.93,4.270764832841179,,ishares_xcb,evaluated,775000.0
2026-06-30,CA89353ZCE66,TransCanada PipeLines,TRP,Pipelines,senior,3.0,2029-09-18,2029-09-18,2019-09-18,,98.82,3.3868676804434643,,ishares_xcb,evaluated,3743000.0
2026-06-30,CA89353ZCH97,TransCanada PipeLines,TRP,Pipelines,senior,2.97,2031-06-09,2031-06-09,2021-06-09,,97.25,3.581637677296838,,ishares_xcb,evaluated,2537000.0
2026-06-30,CA89353ZCK27,TransCanada PipeLines,TRP,Pipelines,senior,5.33,2032-05-12,2032-05-12,2022-05-12,,106.92,3.993139300863333,,ishares_xcb,evaluated,3458000.0
2026-06-30,CA89353ZCN65,TransCanada PipeLines,TRP,Pipelines,senior,5.28,2030-07-15,2030-07-15,2023-03-10,,105.74,3.7412658397247034,,ishares_xcb,evaluated,6587000.0
2026-06-30,CA89353ZCQ96,TransCanada PipeLines,TRP,Pipelines,senior,4.58,2035-02-20,2035-02-20,2025-02-20,,101.99,4.302996098142397,,ishares_xcb,evaluated,4590000.0
2026-06-30,CA89353ZCT36,TransCanada PipeLines,TRP,Pipelines,senior,4.61,2036-06-24,2036-06-24,2026-06-24,,100.98,4.487010318322227,,ishares_xcb,evaluated,4120000.0
2026-07-31,CA06368L5G77,Bank of Montreal,BMO,Banks,senior_bail_in,4.42,2029-07-17,2029-07-17,2024-07-17,,102.17,3.639539809968305,,ishares_xcb,evaluated,10325000.0
2026-07-31,CA06368LB887,Bank of Montreal,BMO,Banks,senior_bail_in,4.54,2028-12-18,2028-12-18,2023-12-18,,102.17,3.579445704336344,,ishares_xcb,evaluated,9895000.0
2026-07-31,CA06368MJ219,Bank of Montreal,BMO,Banks,senior_bail_in,3.54,2032-03-03,2031-03-03,2026-03-03,,98.18,3.974001517447001,,ishares_xcb,evaluated,11068000.0
2026-07-31,CA06368MRF37,Bank of Montreal,BMO,Banks,senior_bail_in,3.73,2031-06-03,2030-06-03,2025-06-03,,99.49,3.8726075613604847,,ishares_xcb,evaluated,7750000.0
2026-07-31,CA06368MS392,Bank of Montreal,BMO,Banks,senior_bail_in,3.8,2032-07-09,2031-07-09,2026-07-09,,98.93,4.040226431996756,,ishares_xcb,evaluated,5989000.0
2026-07-31,CA06368MT200,Bank of Montreal,BMO,Banks,senior_bail_in,4.17,2034-06-15,2033-06-15,2026-06-15,,99.35,4.279198086877627,,ishares_xcb,evaluated,8670000.0
2026-07-31,CA06368MZS65,Bank of Montreal,BMO,Banks,senior_bail_in,3.11,2029-10-27,2028-10-27,2025-10-27,,99.15,3.5051821546605613,,ishares_xcb,evaluated,1135000.0
2026-07-31,CA064164QM14,Bank of Nova Scotia,BNS,Banks,senior_bail_in,4.68,2029-02-01,2029-02-01,2024-02-01,,102.64,3.575873471272833,,ishares_xcb,evaluated,10117000.0
2026-07-31,CA06418MM430,Bank of Nova Scotia,BNS,Banks,senior_bail_in,3.84,2030-09-26,2029-09-26,2024-09-26,,100.26,3.746866786541875,,ishares_xcb,evaluated,6525000.0
2026-07-31,CA06418MX742,Bank of Nova Scotia,BNS,Banks,senior_bail_in,3.81,2028-11-15,2027-11-15,2024-10-18,,100.55,3.3626955347351073,,ishares_xcb,evaluated,9488000.0
2026-07-31,CA06418Y4L93,Bank of Nova Scotia,BNS,Banks,senior_bail_in,3.62,2032-01-30,2031-01-30,2025-12-10,,98.59,3.9653554103071706,,ishares_xcb,evaluated,18130000.0
2026-07-31,CA06418YXB96,Bank of Nova Scotia,BNS,Banks,senior_bail_in,3.73,2031-06-27,2030-06-27,2025-03-27,,99.41,3.893225490818152,,ishares_xcb,evaluated,14027000.0
2026-07-31,CA06419FSD10,Bank of Nova Scotia,BNS,Banks,senior_bail_in,3.58,2030-05-01,2029-05-01,2026-05-01,,99.7,3.691234745889101,,ishares_xcb,evaluated,8036000.0
2026-07-31,CA06419FSG41,Bank of Nova Scotia,BNS,Banks,senior_bail_in,4.09,2034-05-01,2033-05-01,2026-05-01,,98.95,4.268260032227986,,ishares_xcb,evaluated,6117000.0
2026-07-31,CA07813ZAC82,Bell Canada,BCE,Telecom,senior,6.55,2029-05-01,2029-05-01,1999-07-19,,107.23,3.752886925441305,,ishares_xcb,evaluated,213000.0
2026-07-31,CA07813ZAL81,Bell Canada,BCE,Telecom,senior,7.85,2031-04-02,2031-04-02,2001-04-02,,114.09,4.470818674419314,,ishares_xcb,evaluated,1130000.0
2026-07-31,CA07813ZAP95,Bell Canada,BCE,Telecom,senior,7.3,2032-02-23,2032-02-23,2002-02-22,,113.27,4.575760162428932,,ishares_xcb,evaluated,1689000.0
2026-07-31,CA07813ZAT18,Bell Canada,BCE,Telecom,senior,6.1,2035-03-16,2035-03-16,2004-03-16,,109.3,4.768895755489913,,ishares_xcb,evaluated,1783000.0
2026-07-31,CA07813ZBL72,Bell Canada,BCE,Telecom,senior,6.17,2037-02-26,2037-02-26,2007-02-26,,110.1,4.934484748484687,,ishares_xcb,evaluated,1928000.0
2026-07-31,CA07813ZCC64,Bell Canada,BCE,Telecom,senior,2.9,2029-09-10,2029-09-10,2019-09-10,,97.91,3.612271939703049,,ishares_xcb,evaluated,2556000.0
2026-07-31,CA07813ZCE21,Bell Canada,BCE,Telecom,senior,2.5,2030-05-14,2030-05-14,2020-05-14,,95.7,3.7256103611484543,,ishares_xcb,evaluated,1061000.0
2026-07-31,CA07813ZCG78,Bell Canada,BCE,Telecom,senior,3.0,2031-03-17,2031-03-17,2021-03-17,,96.39,3.8559403600085598,,ishares_xcb,evaluated,5571000.0
2026-07-31,CA07813ZCK80,Bell Canada,BCE,Telecom,senior,5.85,2032-11-10,2032-11-10,2022-11-10,,107.82,4.406958940610568,,ishares_xcb,evaluated,6535000.0
2026-07-31,CA07813ZCL63,Bell Canada,BCE,Telecom,senior,4.55,2030-02-09,2030-02-09,2023-02-09,,102.26,3.8631576772209346,,ishares_xcb,evaluated,5681000.0
2026-07-31,CA07813ZCQ50,Bell Canada,BCE,Telecom,senior,5.25,2029-03-15,2029-03-15,2023-11-14,,103.92,3.6618028618558935,,ishares_xcb,evaluated,4360000.0
2026-07-31,CA07813ZCR34,Bell Canada,BCE,Telecom,senior,5.15,2034-08-24,2034-08-24,2024-05-24,,103.59,4.614175321424727,,ishares_xcb,evaluated,5630000.0
2026-07-31,CA078149DV00,Bell Canada,BCE,Telecom,senior,7.65,2031-12-30,2031-12-30,1996-12-30,,113.24,4.839675079397572,,ishares_xcb,evaluated,26000.0
2026-07-31,CA11291ZAE75,Brookfield Infrastructure Finance,BIP,Utilities,senior,4.19,2028-09-11,2028-09-11,2018-09-10,,101.04,3.6660151828818233,,ishares_xcb,evaluated,3255000.0
2026-07-31,CA11291ZAF41,Brookfield Infrastructure Finance,BIP,Utilities,senior,3.41,2029-10-09,2029-10-09,2019-10-03,,98.96,3.756637258873193,,ishares_xcb,evaluated,3713000.0
2026-07-31,CA11291ZAG24,Brookfield Infrastructure Finance,BIP,Utilities,senior,2.86,2032-09-01,2032-09-01,2020-09-01,,92.51,4.26802375250695,,ishares_xcb,evaluated,2340000.0
2026-07-31,CA11291ZAH07,Brookfield Infrastructure Finance,BIP,Utilities,senior,5.44,2034-04-25,2034-04-25,2022-04-25,,105.42,4.5975755535870775,,ishares_xcb,evaluated,1895000.0
2026-07-31,CA11291ZAL19,Brookfield Infrastructure Finance,BIP,Utilities,senior,5.98,2033-02-14,2033-02-14,2022-11-14,,108.33,4.498930108368548,,ishares_xcb,evaluated,999000.0
2026-07-31,CA11291ZAM91,Brookfield Infrastructure Finance,BIP,Utilities,senior,5.71,2030-07-27,2030-07-27,2023-07-27,,106.05,4.051922686591207,,ishares_xcb,evaluated,2289000.0
2026-07-31,CA11291ZAP23,Brookfield Infrastructure Finance,BIP,Utilities,senior,3.7,2031-01-06,2031-01-06,2025-09-24,,98.64,4.03715197129849,,ishares_xcb,evaluated,2030000.0
2026-07-31,CA11291ZAQ06,Brookfield Infrastructure Finance,BIP,Utilities,senior,4.53,2035-09-24,2035-09-24,2025-09-24,,98.3,4.758810328940453,,ishares_xcb,evaluated,1985000.0
2026-07-31,CA13607L4C41,Canadian Imperial Bank of Commerce,CM,Banks,senior_bail_in,3.65,2028-12-10,2027-12-10,2024-12-10,,100.37,3.3661414434559176,,ishares_xcb,evaluated,6315000.0
2026-07-31,CA13607LF997,Canadian Imperial Bank of Commerce,CM,Banks,senior_bail_in,3.8,2030-12-10,2029-12-10,2024-12-10,,100.03,3.788800580477097,,ishares_xcb,evaluated,8876000.0
2026-07-31,CA13607P5X87,Canadian Imperial Bank of Commerce,CM,Banks,senior_bail_in,3.9,2031-06-20,2030-06-20,2025-06-20,,100.05,3.8847751737205805,,ishares_xcb,evaluated,6269000.0
2026-07-31,CA13607Q4G46,Canadian Imperial Bank of Commerce,CM,Banks,senior_bail_in,3.78,2032-06-18,2031-06-18,2026-06-18,,98.87,4.036263175601874,,ishares_xcb,evaluated,8105000.0
2026-07-31,CA13607QH885,Canadian Imperial Bank of Commerce,CM,Banks,senior_bail_in,3.7,2030-04-02,2029-04-02,2026-04-02,,100.03,3.685277882169593,,ishares_xcb,evaluated,10065000.0
2026-07-31,CA13607QQT27,Canadian Imperial Bank of Commerce,CM,Banks,senior_bail_in,3.65,2032-01-13,2031-01-13,2026-01-13,,98.79,3.948347448656449,,ishares_xcb,evaluated,15355000.0
2026-07-31,CA29251ZAD92,Enbridge Inc,ENB,Pipelines,senior,7.22,2030-07-24,2030-07-24,2000-07-24,,110.64,4.283769116521043,,ishares_xcb,evaluated,806000.0
2026-07-31,CA29251ZAK36,Enbridge Inc,ENB,Pipelines,senior,7.2,2032-06-18,2032-06-18,2001-06-18,,114.12,4.444007023717396,,ishares_xcb,evaluated,1060000.0
2026-07-31,CA29251ZAQ06,Enbridge Inc,ENB,Pipelines,senior,5.57,2035-11-14,2035-11-14,2005-11-14,,105.18,4.867690534702116,,ishares_xcb,evaluated,394000.0
2026-07-31,CA29251ZBS52,Enbridge Inc,ENB,Pipelines,senior,2.99,2029-10-03,2029-10-03,2019-10-03,,98.1,3.6270492925966904,,ishares_xcb,evaluated,4903000.0
2026-07-31,CA29251ZBU09,Enbridge Inc,ENB,Pipelines,senior,3.1,2033-09-21,2033-09-21,2021-09-21,,93.04,4.237685016091788,,ishares_xcb,evaluated,5101000.0
2026-07-31,CA29251ZBW64,Enbridge Inc,ENB,Pipelines,senior,6.1,2032-11-09,2032-11-09,2022-11-09,,109.5,4.350032201948112,,ishares_xcb,evaluated,4190000.0
2026-07-31,CA29251ZBZ95,Enbridge Inc,ENB,Pipelines,senior,5.36,2033-05-26,2033-05-26,2023-05-26,,105.68,4.3849776255581885,,ishares_xcb,evaluated,2205000.0
2026-07-31,CA29251ZCC91,Enbridge Inc,ENB,Pipelines,senior,4.21,2030-02-22,2030-02-22,2024-08-22,,101.21,3.847084720927279,,ishares_xcb,evaluated,2771000.0
2026-07-31,CA29251ZCD74,Enbridge Inc,ENB,Pipelines,senior,4.73,2034-08-22,2034-08-22,2024-08-22,,101.33,4.533310721188834,,ishares_xcb,evaluated,3853000.0
2026-07-31,CA29251ZCG06,Enbridge Inc,ENB,Pipelines,senior,3.9,2030-02-25,2030-02-25,2025-02-25,,100.13,3.864163095604095,,ishares_xcb,evaluated,4290000.0
2026-07-31,CA29251ZCH88,Enbridge Inc,ENB,Pipelines,senior,4.56,2035-02-25,2035-02-25,2025-02-25,,99.73,4.60034351271649,,ishares_xcb,evaluated,3555000.0
2026-07-31,CA29251ZCK18,Enbridge Inc,ENB,Pipelines,senior,3.57,2031-02-26,2031-02-26,2026-02-26,,98.23,3.9999884637065124,,ishares_xcb,evaluated,4430000.0
2026-07-31,CA29251ZCL90,Enbridge Inc,ENB,Pipelines,senior,4.35,2036-02-26,2036-02-26,2026-02-26,,97.1,4.731852549205844,,ishares_xcb,evaluated,4175000.0
2026-07-31,CA29251ZCP05,Enbridge Inc,ENB,Pipelines,senior,6.05,2029-02-12,2029-02-12,1999-02-12,,104.93,3.9933114512701775,,ishares_xcb,evaluated,10000.0
2026-07-31,CA29251ZCQ87,Enbridge Inc,ENB,Pipelines,senior,3.52,2029-02-22,2029-02-22,2019-02-22,,99.77,3.6193969718791887,,ishares_xcb,evaluated,3729000.0
2026-07-31,CA29251ZCR60,Enbridge Inc,ENB,Pipelines,senior,6.5,2029-06-11,2029-06-11,1999-06-11,,106.87,3.9362390721508627,,ishares_xcb,evaluated,145000.0
2026-07-31,CA29251ZCS44,Enbridge Inc,ENB,Pipelines,senior,2.82,2031-05-12,2031-05-12,2021-05-12,,95.68,3.814823494838393,,ishares_xcb,evaluated,2046000.0
2026-07-31,CA29251ZCT27,Enbridge Inc,ENB,Pipelines,senior,5.08,2036-12-19,2036-12-19,2006-12-21,,101.4,4.905468579164758,,ishares_xcb,evaluated,765000.0
2026-07-31,CA349553AQ04,Fortis Inc,FTS,Utilities,senior,4.43,2029-05-31,2029-05-31,2022-05-31,,102.04,3.662993167096956,,ishares_xcb,evaluated,2445000.0
2026-07-31,CA349553AR86,Fortis Inc,FTS,Utilities,senior,5.68,2033-11-08,2033-11-08,2023-11-08,,107.76,4.417666592519398,,ishares_xcb,evaluated,2940000.0
2026-07-31,CA349553AS69,Fortis Inc,FTS,Utilities,senior,4.17,2031-09-09,2031-09-09,2024-09-09,,100.84,3.9829606608407877,,ishares_xcb,evaluated,2260000.0
2026-07-31,CA349553AT43,Fortis Inc,FTS,Utilities,senior,4.09,2032-03-26,2032-03-26,2025-03-26,,99.95,4.096788897460927,,ishares_xcb,evaluated,2720000.0
2026-07-31,CA44810ZAB63,Hydro One Inc,H,Utilities,senior,6.93,2032-06-01,2032-06-01,2001-06-22,,114.5,4.108283635041415,,ishares_xcb,evaluated,1710000.0
2026-07-31,CA44810ZAD20,Hydro One Inc,H,Utilities,senior,6.35,2034-01-31,2034-01-31,2003-01-31,,113.2,4.274269237096111,,ishares_xcb,evaluated,1979000.0
2026-07-31,CA44810ZAP59,Hydro One Inc,H,Utilities,senior,5.36,2036-05-20,2036-05-20,2005-05-19,,106.9,4.480641827510942,,ishares_xcb,evaluated,3546000.0
2026-07-31,CA44810ZAS98,Hydro One Inc,H,Utilities,senior,4.89,2037-03-13,2037-03-13,2007-03-13,,102.49,4.588706358088562,,ishares_xcb,evaluated,1725000.0
2026-07-31,CA44810ZBZ23,Hydro One Inc,H,Utilities,senior,3.02,2029-04-05,2029-04-05,2019-04-05,,99.07,3.3836788355373284,,ishares_xcb,evaluated,2872000.0
2026-07-31,CA44810ZCC29,Hydro One Inc,H,Utilities,senior,2.16,2030-02-28,2030-02-28,2020-02-28,,95.88,3.3946597174353164,,ishares_xcb,evaluated,2201000.0
2026-07-31,CA44810ZCF59,Hydro One Inc,H,Utilities,senior,1.69,2031-01-16,2031-01-16,2020-10-09,,92.83,3.4377732433546333,,ishares_xcb,evaluated,1844000.0
2026-07-31,CA44810ZCG33,Hydro One Inc,H,Utilities,senior,2.23,2031-09-17,2031-09-17,2021-09-17,,93.75,3.572210477797544,,ishares_xcb,evaluated,2383000.0
2026-07-31,CA44810ZCK45,Hydro One Inc,H,Utilities,senior,3.93,2029-11-30,2029-11-30,2023-01-27,,101.31,3.506967428580015,,ishares_xcb,evaluated,3327000.0
2026-07-31,CA44810ZCL28,Hydro One Inc,H,Utilities,senior,4.16,2033-01-27,2033-01-27,2023-01-27,,100.87,4.0062743715752385,,ishares_xcb,evaluated,1875000.0
2026-07-31,CA44810ZCR97,Hydro One Inc,H,Utilities,senior,4.39,2034-03-01,2034-03-01,2024-01-12,,101.64,4.133162036599728,,ishares_xcb,evaluated,2815000.0
2026-07-31,CA44810ZCS70,Hydro One Inc,H,Utilities,senior,4.25,2035-01-04,2035-01-04,2024-08-20,,100.02,4.2463897941711055,,ishares_xcb,evaluated,5459000.0
2026-07-31,CA44810ZCT53,Hydro One Inc,H,Utilities,senior,3.94,2032-08-25,2032-08-25,2025-08-25,,100.02,3.9384422490997877,,ishares_xcb,evaluated,2675000.0
2026-07-31,CA44810ZCU27,Hydro One Inc,H,Utilities,senior,4.3,2035-08-24,2035-08-24,2025-08-25,,99.84,4.323224392783495,,ishares_xcb,evaluated,2155000.0
2026-07-31,CA44810ZCW82,Hydro One Inc,H,Utilities,senior,3.9,2033-11-21,2033-11-21,2025-11-21,,98.87,4.078660998608416,,ishares_xcb,evaluated,6187000.0
2026-07-31,CA448810AC58,Hydro One Inc,H,Utilities,senior,7.35,2030-06-03,2030-06-03,2000-06-01,,112.52,3.8124682205094462,,ishares_xcb,evaluated,1493000.0
2026-07-31,CA63306AHT66,National Bank of Canada,NA,Banks,senior_bail_in,5.02,2029-02-01,2029-02-01,2023-12-07,,103.47,3.5669947826495103,,ishares_xcb,evaluated,7699000.0
2026-07-31,CA63306AJF45,National Bank of Canada,NA,Banks,senior_bail_in,3.52,2029-07-17,2028-07-17,2025-07-17,,99.98,3.5294806686884366,,ishares_xcb,evaluated,5089000.0
2026-07-31,CA63306AJG28,National Bank of Canada,NA,Banks,senior_bail_in,3.54,2031-01-13,2030-01-13,2026-01-13,,99.13,3.8105212672709396,,ishares_xcb,evaluated,5225000.0
2026-07-31,CA63306AJH01,National Bank of Canada,NA,Banks,senior_bail_in,3.44,2031-10-21,2030-10-21,2025-10-21,,98.15,3.917729360234205,,ishares_xcb,evaluated,5360000.0
2026-07-31,CA63306AJM95,National Bank of Canada,NA,Banks,senior_bail_in,3.31,2028-08-15,2027-08-15,2025-06-04,,100.04,3.281889942633286,,ishares_xcb,evaluated,4160000.0
2026-07-31,CA63306AJV94,National Bank of Canada,NA,Banks,senior_bail_in,3.63,2030-04-13,2029-04-13,2026-04-13,,99.86,3.682178944089703,,ishares_xcb,evaluated,4594000.0
2026-07-31,CA63306AJW77,National Bank of Canada,NA,Banks,senior_bail_in,3.68,2031-06-23,2030-06-23,2026-06-23,,99.2,3.902219490894507,,ishares_xcb,evaluated,4940000.0
2026-07-31,CA70632ZAM38,Pembina Pipeline,PPL,Pipelines,senior,3.62,2029-04-03,2029-04-03,2019-04-03,,99.77,3.708338118168624,,ishares_xcb,evaluated,3328000.0
2026-07-31,CA70632ZAQ42,Pembina Pipeline,PPL,Pipelines,senior,3.31,2030-02-01,2030-02-01,2019-09-12,,98.41,3.8032657670677414,,ishares_xcb,evaluated,2349000.0
2026-07-31,CA70632ZAS08,Pembina Pipeline,PPL,Pipelines,senior,3.53,2031-12-10,2031-12-10,2021-12-10,,97.53,4.046141604539242,,ishares_xcb,evaluated,2667000.0
2026-07-31,CA70632ZAV37,Pembina Pipeline,PPL,Pipelines,senior,5.02,2032-01-12,2032-01-12,2024-01-12,,103.7,4.251110636380508,,ishares_xcb,evaluated,3870000.0
2026-07-31,CA70632ZAW10,Pembina Pipeline,PPL,Pipelines,senior,5.21,2034-01-12,2034-01-12,2024-01-12,,104.25,4.530564632036782,,ishares_xcb,evaluated,2960000.0
2026-07-31,CA70632ZAY75,Pembina Pipeline,PPL,Pipelines,senior,5.22,2033-06-28,2033-06-28,2024-06-28,,104.52,4.451959959176093,,ishares_xcb,evaluated,3570000.0
2026-07-31,CA775109BJ98,Rogers Communications,RCI,Telecom,senior,3.25,2029-05-01,2029-05-01,2019-04-30,,98.83,3.6969619415377535,,ishares_xcb,evaluated,3078000.0
2026-07-31,CA775109BT70,Rogers Communications,RCI,Telecom,senior,3.75,2029-04-15,2029-04-15,2022-03-11,,100.09,3.71193875610184,,ishares_xcb,evaluated,4935000.0
2026-07-31,CA775109BV27,Rogers Communications,RCI,Telecom,senior,4.25,2032-04-15,2032-04-15,2022-03-11,,99.89,4.27015513570908,,ishares_xcb,evaluated,4987000.0
2026-07-31,CA775109CP40,Rogers Communications,RCI,Telecom,senior,4.4,2028-11-02,2028-11-02,2023-04-03,,101.49,3.6988753815718654,,ishares_xcb,evaluated,2288000.0
2026-07-31,CA775109CQ23,Rogers Communications,RCI,Telecom,senior,3.3,2029-12-10,2029-12-10,2019-12-09,,98.36,3.823258928305022,,ishares_xcb,evaluated,539000.0
2026-07-31,CA775109CV18,Rogers Communications,RCI,Telecom,senior,5.7,2028-09-21,2028-09-21,2023-09-21,,104.05,3.704334538240391,,ishares_xcb,evaluated,4657000.0
2026-07-31,CA775109CW90,Rogers Communications,RCI,Telecom,senior,5.8,2030-09-21,2030-09-21,2023-09-21,,106.69,4.02399200323692,,ishares_xcb,evaluated,3170000.0
2026-07-31,CA775109DA61,Rogers Communications,RCI,Telecom,senior,5.9,2033-09-21,2033-09-21,2023-09-21,,108.3,4.522989377444583,,ishares_xcb,evaluated,4980000.0
2026-07-31,CA779926DJ08,Royal Bank of Canada,RY,Banks,senior_bail_in,4.0,2030-10-17,2029-10-17,2024-10-17,,100.75,3.7475077582568397,,ishares_xcb,evaluated,7065000.0
2026-07-31,CA779926FY56,Royal Bank of Canada,RY,Banks,senior_bail_in,3.63,2028-12-10,2027-12-10,2024-12-10,,100.36,3.3537800660714554,,ishares_xcb,evaluated,9690000.0
2026-07-31,CA779926QX54,Royal Bank of Canada,RY,Banks,senior_bail_in,3.98,2031-07-22,2030-07-22,2025-07-22,,100.39,3.8727482887987685,,ishares_xcb,evaluated,9710000.0
2026-07-31,CA779926QY38,Royal Bank of Canada,RY,Banks,senior_bail_in,3.41,2029-06-12,2028-06-12,2025-06-10,,99.85,3.4914163840486636,,ishares_xcb,evaluated,10010000.0
2026-07-31,CA779926WD27,Royal Bank of Canada,RY,Banks,senior_bail_in,3.83,2030-03-27,2029-03-27,2026-03-27,,100.42,3.6569338516991614,,ishares_xcb,evaluated,11565000.0
2026-07-31,CA779926WF74,Royal Bank of Canada,RY,Banks,senior_bail_in,3.57,2031-12-09,2030-12-09,2025-12-09,,98.61,3.9188413588021658,,ishares_xcb,evaluated,17783000.0
2026-07-31,CA780086TY05,Royal Bank of Canada,RY,Banks,senior_bail_in,1.83,2028-07-31,2028-07-31,2021-07-29,,97.62,3.0659529399382155,,ishares_xcb,evaluated,5317000.0
2026-07-31,CA780086ZH08,Royal Bank of Canada,RY,Banks,senior_bail_in,5.23,2030-06-24,2030-06-24,2023-06-23,,105.47,3.7087419462956293,,ishares_xcb,evaluated,6832000.0
2026-07-31,CA87971MBJ14,TELUS,TU,Telecom,senior,3.3,2029-05-02,2029-05-02,2019-04-03,,99.2,3.603628197766167,,ishares_xcb,evaluated,4753000.0
2026-07-31,CA87971MBN26,TELUS,TU,Telecom,senior,3.15,2030-02-19,2030-02-19,2019-12-16,,97.98,3.7659237280243723,,ishares_xcb,evaluated,3087000.0
2026-07-31,CA87971MBS13,TELUS,TU,Telecom,senior,2.05,2030-10-07,2030-10-07,2020-10-05,,93.81,3.6573251077906472,,ishares_xcb,evaluated,2471000.0
2026-07-31,CA87971MBV42,TELUS,TU,Telecom,senior,2.85,2031-11-13,2031-11-13,2021-06-28,,94.94,3.917431278275635,,ishares_xcb,evaluated,3665000.0
2026-07-31,CA87971MBX08,TELUS,TU,Telecom,senior,5.25,2032-11-15,2032-11-15,2022-09-13,,104.72,4.380507824079805,,ishares_xcb,evaluated,5482000.0
2026-07-31,CA87971MBZ55,TELUS,TU,Telecom,senior,5.0,2029-09-13,2029-09-13,2022-09-13,,103.38,3.833255443996901,,ishares_xcb,evaluated,2044000.0
2026-07-31,CA87971MCA95,TELUS,TU,Telecom,senior,4.95,2033-03-28,2033-03-28,2023-03-28,,102.98,4.425058503584801,,ishares_xcb,evaluated,2703000.0
2026-07-31,CA87971MCB78,TELUS,TU,Telecom,senior,5.6,2030-09-09,2030-09-09,2023-09-08,,105.92,4.016544190366464,,ishares_xcb,evaluated,2123000.0
2026-07-31,CA87971MCC51,TELUS,TU,Telecom,senior,5.75,2033-09-08,2033-09-08,2023-09-08,,107.39,4.5185591846852775,,ishares_xcb,evaluated,4065000.0
2026-07-31,CA87971MCE18,TELUS,TU,Telecom,senior,4.8,2028-12-15,2028-12-15,2024-02-15,,102.51,3.6836905887021736,,ishares_xcb,evaluated,3841000.0
2026-07-31,CA87971MCF82,TELUS,TU,Telecom,senior,4.95,2031-02-18,2031-02-18,2024-02-15,,103.6,4.07894103066759,,ishares_xcb,evaluated,3273000.0
2026-07-31,CA87971MCG65,TELUS,TU,Telecom,senior,5.1,2034-02-15,2034-02-15,2024-02-15,,103.51,4.547679456293973,,ishares_xcb,evaluated,2815000.0
2026-07-31,CA87971MCH49,TELUS,TU,Telecom,senior,4.65,2031-08-13,2031-08-13,2024-08-13,,102.26,4.15163575155267,,ishares_xcb,evaluated,4068000.0
2026-07-31,CA89116C3S44,Toronto-Dominion Bank,TD,Banks,senior_bail_in,3.61,2031-09-10,2030-09-10,2025-09-10,,98.85,3.911655623717226,,ishares_xcb,evaluated,12535000.0
2026-07-31,CA89116C7J09,Toronto-Dominion Bank,TD,Banks,senior_bail_in,3.69,2032-01-09,2031-01-09,2026-01-09,,98.95,3.9492166802234587,,ishares_xcb,evaluated,15179000.0
2026-07-31,CA89116CDM60,Toronto-Dominion Bank,TD,Banks,senior_bail_in,4.23,2029-04-02,2029-04-02,2024-03-20,,102.08,3.405939068777146,,ishares_xcb,evaluated,4920000.0
2026-07-31,CA89116CQ341,Toronto-Dominion Bank,TD,Banks,senior_bail_in,3.84,2031-05-29,2030-05-29,2025-05-29,,99.94,3.8543060037995853,,ishares_xcb,evaluated,11356000.0
2026-07-31,CA89116CST58,Toronto-Dominion Bank,TD,Banks,senior_bail_in,4.0,2030-10-31,2029-10-31,2024-10-31,,100.72,3.758338656891348,,ishares_xcb,evaluated,7638000.0
2026-07-31,CA89116CWY97,Toronto-Dominion Bank,TD,Banks,senior_bail_in,4.13,2033-01-09,2032-01-09,2025-01-09,,100.19,4.089817329311067,,ishares_xcb,evaluated,10127000.0
2026-07-31,CA89116WDV24,Toronto-Dominion Bank,TD,Banks,senior_bail_in,3.86,2032-04-07,2031-04-07,2026-03-18,,99.45,3.988011820021462,,ishares_xcb,evaluated,7310000.0
2026-07-31,CA89116WEY53,Toronto-Dominion Bank,TD,Banks,senior_bail_in,3.77,2030-04-13,2029-04-13,2026-04-13,,100.22,3.6808911714756523,,ishares_xcb,evaluated,9052000.0
2026-07-31,CA89117FJ347,Toronto-Dominion Bank,TD,Banks,senior_bail_in,1.9,2028-09-11,2028-09-11,2021-09-10,,97.35,3.202765082847102,,ishares_xcb,evaluated,6181000.0
2026-07-31,CA89117GRJ80,Toronto-Dominion Bank,TD,Banks,senior_bail_in,4.68,2029-01-08,2029-01-08,2022-12-07,,102.62,3.5464960014720326,,ishares_xcb,evaluated,12382000.0
2026-07-31,CA89117GX510,Toronto-Dominion Bank,TD,Banks,senior_bail_in,5.49,2028-09-08,2028-09-08,2023-09-08,,103.99,3.497444677907612,,ishares_xcb,evaluated,8191000.0
2026-07-31,CA89353ZBA53,TransCanada PipeLines,TRP,Pipelines,senior,6.89,2028-08-07,2028-08-07,1997-07-30,,105.76,3.9092422068638935,,ishares_xcb,evaluated,732000.0
2026-07-31,CA89353ZBK36,TransCanada PipeLines,TRP,Pipelines,senior,6.5,2030-12-09,2030-12-09,1998-12-07,,107.74,4.520765763763842,,ishares_xcb,evaluated,775000.0
2026-07-31,CA89353ZCE66,TransCanada PipeLines,TRP,Pipelines,senior,3.0,2029-09-18,2029-09-18,2019-09-18,,98.21,3.6053419533091295,,ishares_xcb,evaluated,3743000.0
2026-07-31,CA89353ZCH97,TransCanada PipeLines,TRP,Pipelines,senior,2.97,2031-06-09,2031-06-09,2021-06-09,,96.21,3.831541424820207,,ishares_xcb,evaluated,2537000.0
2026-07-31,CA89353ZCK27,TransCanada PipeLines,TRP,Pipelines,senior,5.33,2032-05-12,2032-05-12,2022-05-12,,105.51,4.242248099075647,,ishares_xcb,evaluated,3958000.0
2026-07-31,CA89353ZCN65,TransCanada PipeLines,TRP,Pipelines,senior,5.28,2030-07-15,2030-07-15,2023-03-10,,104.73,3.9751259002987425,,ishares_xcb,evaluated,6587000.0
2026-07-31,CA89353ZCQ96,TransCanada PipeLines,TRP,Pipelines,senior,4.58,2035-02-20,2035-02-20,2025-02-20,,100.03,4.577745466379835,,ishares_xcb,evaluated,4685000.0
2026-07-31,CA89353ZCT36,TransCanada PipeLines,TRP,Pipelines,senior,4.61,2036-06-24,2036-06-24,2026-06-24,,98.74,4.770459296646582,,ishares_xcb,evaluated,4120000.0
2026-08-31,CA06368L5G77,Bank of Montreal,BMO,Banks,senior_bail_in,4.42,2029-07-17,2029-07-17,2024-07-17,,101.95,3.696442625430432,,ishares_xcb,evaluated,10825000.0
2026-08-31,CA06368LB887,Bank of Montreal,BMO,Banks,senior_bail_in,4.54,2028-12-18,2028-12-18,2023-12-18,,101.99,3.62615872539245,,ishares_xcb,evaluated,10680000.0
2026-08-31,CA06368MJ219,Bank of Montreal,BMO,Banks,senior_bail_in,3.54,2032-03-03,2031-03-03,2026-03-03,,97.88,4.055722770258927,,ishares_xcb,evaluated,11408000.0
2026-08-31,CA06368MRF37,Bank of Montreal,BMO,Banks,senior_bail_in,3.73,2031-06-03,2030-06-03,2025-06-03,,99.23,3.9505244416086183,,ishares_xcb,evaluated,7991000.0
2026-08-31,CA06368MS392,Bank of Montreal,BMO,Banks,senior_bail_in,3.8,2032-07-09,2031-07-09,2026-07-09,,98.68,4.100623735874349,,ishares_xcb,evaluated,6664000.0
2026-08-31,CA06368MT200,Bank of Montreal,BMO,Banks,senior_bail_in,4.17,2034-06-15,2033-06-15,2026-06-15,,98.83,4.36965284790184,,ishares_xcb,evaluated,9540000.0
2026-08-31,CA06368MZS65,Bank of Montreal,BMO,Banks,senior_bail_in,3.11,2029-10-27,2028-10-27,2025-10-27,,99.07,3.5591372253206592,,ishares_xcb,evaluated,1135000.0
2026-08-31,CA064164QM14,Bank of Nova Scotia,BNS,Banks,senior_bail_in,4.68,2029-02-01,2029-02-01,2024-02-01,,102.44,3.6146667925780585,,ishares_xcb,evaluated,10617000.0
2026-08-31,CA06418MM430,Bank of Nova Scotia,BNS,Banks,senior_bail_in,3.84,2030-09-26,2029-09-26,2024-09-26,,99.99,3.8379900363867714,,ishares_xcb,evaluated,6870000.0
2026-08-31,CA06418MX742,Bank of Nova Scotia,BNS,Banks,senior_bail_in,3.81,2028-11-15,2027-11-15,2024-10-18,,100.51,3.3639937943552725,,ishares_xcb,evaluated,12027000.0
2026-08-31,CA06418Y4L93,Bank of Nova Scotia,BNS,Banks,senior_bail_in,3.62,2032-01-30,2031-01-30,2025-12-10,,98.31,4.040665073496175,,ishares_xcb,evaluated,18670000.0
2026-08-31,CA06418YXB96,Bank of Nova Scotia,BNS,Banks,senior_bail_in,3.73,2031-06-27,2030-06-27,2025-03-27,,99.18,3.9615836359431835,,ishares_xcb,evaluated,14527000.0
2026-08-31,CA06419FSD10,Bank of Nova Scotia,BNS,Banks,senior_bail_in,3.58,2030-05-01,2029-05-01,2026-05-01,,99.56,3.7494611499190387,,ishares_xcb,evaluated,8421000.0
2026-08-31,CA06419FSG41,Bank of Nova Scotia,BNS,Banks,senior_bail_in,4.09,2034-05-01,2033-05-01,2026-05-01,,98.48,4.352265086015474,,ishares_xcb,evaluated,6337000.0
2026-08-31,CA07813ZAC82,Bell Canada,BCE,Telecom,senior,6.55,2029-05-01,2029-05-01,1999-07-19,,106.83,3.823472403314431,,ishares_xcb,evaluated,213000.0
2026-08-31,CA07813ZAL81,Bell Canada,BCE,Telecom,senior,7.85,2031-04-02,2031-04-02,2001-04-02,,113.67,4.5138652703190685,,ishares_xcb,evaluated,1130000.0
2026-08-31,CA07813ZAP95,Bell Canada,BCE,Telecom,senior,7.3,2032-02-23,2032-02-23,2002-02-22,,112.86,4.615774615637408,,ishares_xcb,evaluated,1689000.0
2026-08-31,CA07813ZAT18,Bell Canada,BCE,Telecom,senior,6.1,2035-03-16,2035-03-16,2004-03-16,,108.32,4.893036547397847,,ishares_xcb,evaluated,1783000.0
2026-08-31,CA07813ZBL72,Bell Canada,BCE,Telecom,senior,6.17,2037-02-26,2037-02-26,2007-02-26,,108.85,5.071230602930202,,ishares_xcb,evaluated,2528000.0
2026-08-31,CA07813ZCC64,Bell Canada,BCE,Telecom,senior,2.9,2029-09-10,2029-09-10,2019-09-10,,97.79,3.6738733034668627,,ishares_xcb,evaluated,2556000.0
2026-08-31,CA07813ZCE21,Bell Canada,BCE,Telecom,senior,2.5,2030-05-14,2030-05-14,2020-05-14,,95.62,3.775691448841964,,ishares_xcb,evaluated,3461000.0
2026-08-31,CA07813ZCG78,Bell Canada,BCE,Telecom,senior,3.0,2031-03-17,2031-03-17,2021-03-17,,96.34,3.8829848064936585,,ishares_xcb,evaluated,5571000.0
2026-08-31,CA07813ZCK80,Bell Canada,BCE,Telecom,senior,5.85,2032-11-10,2032-11-10,2022-11-10,,107.32,4.479204887702832,,ishares_xcb,evaluated,7035000.0
2026-08-31,CA07813ZCL63,Bell Canada,BCE,Telecom,senior,4.55,2030-02-09,2030-02-09,2023-02-09,,101.94,3.940040207442762,,ishares_xcb,evaluated,5681000.0
2026-08-31,CA07813ZCQ50,Bell Canada,BCE,Telecom,senior,5.25,2029-03-15,2029-03-15,2023-11-14,,103.66,3.7180357185718904,,ishares_xcb,evaluated,4460000.0
2026-08-31,CA07813ZCR34,Bell Canada,BCE,Telecom,senior,5.15,2034-08-24,2034-08-24,2024-05-24,,102.88,4.712563128147275,,ishares_xcb,evaluated,5880000.0
2026-08-31,CA078149DV00,Bell Canada,BCE,Telecom,senior,7.65,2031-12-30,2031-12-30,1996-12-30,,112.76,4.898161579929348,,ishares_xcb,evaluated,26000.0
2026-08-31,CA11291ZAE75,Brookfield Infrastructure Finance,BIP,Utilities,senior,4.19,2028-09-11,2028-09-11,2018-09-10,,101.0,3.6654081271621917,,ishares_xcb,evaluated,3255000.0
2026-08-31,CA11291ZAF41,Brookfield Infrastructure Finance,BIP,Utilities,senior,3.41,2029-10-09,2029-10-09,2019-10-03,,98.82,3.8141984065828187,,ishares_xcb,evaluated,4213000.0
2026-08-31,CA11291ZAG24,Brookfield Infrastructure Finance,BIP,Utilities,senior,2.86,2032-09-01,2032-09-01,2020-09-01,,92.55,4.278972823362105,,ishares_xcb,evaluated,2580000.0
2026-08-31,CA11291ZAH07,Brookfield Infrastructure Finance,BIP,Utilities,senior,5.44,2034-04-25,2034-04-25,2022-04-25,,104.95,4.661464210718297,,ishares_xcb,evaluated,2395000.0
2026-08-31,CA11291ZAL19,Brookfield Infrastructure Finance,BIP,Utilities,senior,5.98,2033-02-14,2033-02-14,2022-11-14,,107.91,4.550870228083059,,ishares_xcb,evaluated,999000.0
2026-08-31,CA11291ZAM91,Brookfield Infrastructure Finance,BIP,Utilities,senior,5.71,2030-07-27,2030-07-27,2023-07-27,,105.77,4.093589622310276,,ishares_xcb,evaluated,3129000.0
2026-08-31,CA11291ZAP23,Brookfield Infrastructure Finance,BIP,Utilities,senior,3.7,2031-01-06,2031-01-06,2025-09-24,,98.46,4.088032877551404,,ishares_xcb,evaluated,2030000.0
2026-08-31,CA11291ZAQ06,Brookfield Infrastructure Finance,BIP,Utilities,senior,4.53,2035-09-24,2035-09-24,2025-09-24,,97.82,4.827117239487244,,ishares_xcb,evaluated,1985000.0
2026-08-31,CA13607L4C41,Canadian Imperial Bank of Commerce,CM,Banks,senior_bail_in,3.65,2028-12-10,2027-12-10,2024-12-10,,100.33,3.3787173356437683,,ishares_xcb,evaluated,7505000.0
2026-08-31,CA13607LF997,Canadian Imperial Bank of Commerce,CM,Banks,senior_bail_in,3.8,2030-12-10,2029-12-10,2024-12-10,,99.82,3.8567817839960385,,ishares_xcb,evaluated,9376000.0
2026-08-31,CA13607P5X87,Canadian Imperial Bank of Commerce,CM,Banks,senior_bail_in,3.9,2031-06-20,2030-06-20,2025-06-20,,99.81,3.9523958120312077,,ishares_xcb,evaluated,6679000.0
2026-08-31,CA13607Q4G46,Canadian Imperial Bank of Commerce,CM,Banks,senior_bail_in,3.78,2032-06-18,2031-06-18,2026-06-18,,98.58,4.107551257675233,,ishares_xcb,evaluated,9685000.0
2026-08-31,CA13607QH885,Canadian Imperial Bank of Commerce,CM,Banks,senior_bail_in,3.7,2030-04-02,2029-04-02,2026-04-02,,99.89,3.7422756993612887,,ishares_xcb,evaluated,10565000.0
2026-08-31,CA13607QQT27,Canadian Imperial Bank of Commerce,CM,Banks,senior_bail_in,3.65,2032-01-13,2031-01-13,2026-01-13,,98.53,4.0184898539069955,,ishares_xcb,evaluated,15795000.0
2026-08-31,CA29251ZAD92,Enbridge Inc,ENB,Pipelines,senior,7.22,2030-07-24,2030-07-24,2000-07-24,,110.43,4.281924460716309,,ishares_xcb,evaluated,806000.0
2026-08-31,CA29251ZAK36,Enbridge Inc,ENB,Pipelines,senior,7.2,2032-06-18,2032-06-18,2001-06-18,,113.57,4.511197488874534,,ishares_xcb,evaluated,1060000.0
2026-08-31,CA29251ZAQ06,Enbridge Inc,ENB,Pipelines,senior,5.57,2035-11-14,2035-11-14,2005-11-14,,104.53,4.948317915998985,,ishares_xcb,evaluated,394000.0
2026-08-31,CA29251ZBS52,Enbridge Inc,ENB,Pipelines,senior,2.99,2029-10-03,2029-10-03,2019-10-03,,97.96,3.692751670614056,,ishares_xcb,evaluated,4903000.0
2026-08-31,CA29251ZBU09,Enbridge Inc,ENB,Pipelines,senior,3.1,2033-09-21,2033-09-21,2021-09-21,,92.73,4.303315379506513,,ishares_xcb,evaluated,5101000.0
2026-08-31,CA29251ZBW64,Enbridge Inc,ENB,Pipelines,senior,6.1,2032-11-09,2032-11-09,2022-11-09,,109.03,4.4126624459277615,,ishares_xcb,evaluated,4190000.0
2026-08-31,CA29251ZBZ95,Enbridge Inc,ENB,Pipelines,senior,5.36,2033-05-26,2033-05-26,2023-05-26,,105.24,4.44794792156852,,ishares_xcb,evaluated,3205000.0
2026-08-31,CA29251ZCC91,Enbridge Inc,ENB,Pipelines,senior,4.21,2030-02-22,2030-02-22,2024-08-22,,100.94,3.9175155210224695,,ishares_xcb,evaluated,3726000.0
2026-08-31,CA29251ZCD74,Enbridge Inc,ENB,Pipelines,senior,4.73,2034-08-22,2034-08-22,2024-08-22,,100.91,4.592112078822809,,ishares_xcb,evaluated,4353000.0
2026-08-31,CA29251ZCG06,Enbridge Inc,ENB,Pipelines,senior,3.9,2030-02-25,2030-02-25,2025-02-25,,99.94,3.9182468853122034,,ishares_xcb,evaluated,4365000.0
2026-08-31,CA29251ZCH88,Enbridge Inc,ENB,Pipelines,senior,4.56,2035-02-25,2035-02-25,2025-02-25,,99.16,4.680902743692284,,ishares_xcb,evaluated,4345000.0
2026-08-31,CA29251ZCK18,Enbridge Inc,ENB,Pipelines,senior,3.57,2031-02-26,2031-02-26,2026-02-26,,98.0,4.061927680302758,,ishares_xcb,evaluated,4950000.0
2026-08-31,CA29251ZCL90,Enbridge Inc,ENB,Pipelines,senior,4.35,2036-02-26,2036-02-26,2026-02-26,,96.38,4.830030789234834,,ishares_xcb,evaluated,4945000.0
2026-08-31,CA29251ZCP05,Enbridge Inc,ENB,Pipelines,senior,6.05,2029-02-12,2029-02-12,1999-02-12,,104.76,3.9877878314942223,,ishares_xcb,evaluated,10000.0
2026-08-31,CA29251ZCQ87,Enbridge Inc,ENB,Pipelines,senior,3.52,2029-02-22,2029-02-22,2019-02-22,,99.65,3.6685742075744994,,ishares_xcb,evaluated,3729000.0
2026-08-31,CA29251ZCR60,Enbridge Inc,ENB,Pipelines,senior,6.5,2029-06-11,2029-06-11,1999-06-11,,106.14,4.133592940597416,,ishares_xcb,evaluated,145000.0
2026-08-31,CA29251ZCS44,Enbridge Inc,ENB,Pipelines,senior,2.82,2031-05-12,2031-05-12,2021-05-12,,95.55,3.8623643689636453,,ishares_xcb,evaluated,2046000.0
2026-08-31,CA29251ZCT27,Enbridge Inc,ENB,Pipelines,senior,5.08,2036-12-19,2036-12-19,2006-12-21,,100.71,4.98972175271947,,ishares_xcb,evaluated,1265000.0
2026-08-31,CA349553AQ04,Fortis Inc,FTS,Utilities,senior,4.43,2029-05-31,2029-05-31,2022-05-31,,101.85,3.712646018917313,,ishares_xcb,evaluated,2445000.0
2026-08-31,CA349553AR86,Fortis Inc,FTS,Utilities,senior,5.68,2033-11-08,2033-11-08,2023-11-08,,107.26,4.483636016342688,,ishares_xcb,evaluated,2940000.0
2026-08-31,CA349553AS69,Fortis Inc,FTS,Utilities,senior,4.17,2031-09-09,2031-09-09,2024-09-09,,100.58,4.037470734783203,,ishares_xcb,evaluated,2260000.0
2026-08-31,CA349553AT43,Fortis Inc,FTS,Utilities,senior,4.09,2032-03-26,2032-03-26,2025-03-26,,99.59,4.1697885932628305,,ishares_xcb,evaluated,2960000.0
2026-08-31,CA44810ZAB63,Hydro One Inc,H,Utilities,senior,6.93,2032-06-01,2032-06-01,2001-06-22,,113.91,4.181220890414041,,ishares_xcb,evaluated,2150000.0
2026-08-31,CA44810ZAD20,Hydro One Inc,H,Utilities,senior,6.35,2034-01-31,2034-01-31,2003-01-31,,112.46,4.363727342848904,,ishares_xcb,evaluated,1979000.0
2026-08-31,CA44810ZAP59,Hydro One Inc,H,Utilities,senior,5.36,2036-05-20,2036-05-20,2005-05-19,,106.07,4.576799646997045,,ishares_xcb,evaluated,3546000.0
2026-08-31,CA44810ZAS98,Hydro One Inc,H,Utilities,senior,4.89,2037-03-13,2037-03-13,2007-03-13,,102.0,4.645296430149804,,ishares_xcb,evaluated,1725000.0
2026-08-31,CA44810ZBZ23,Hydro One Inc,H,Utilities,senior,3.02,2029-04-05,2029-04-05,2019-04-05,,98.92,3.4564379369772946,,ishares_xcb,evaluated,3185000.0
2026-08-31,CA44810ZCC29,Hydro One Inc,H,Utilities,senior,2.16,2030-02-28,2030-02-28,2020-02-28,,95.85,3.431164921714528,,ishares_xcb,evaluated,2201000.0
2026-08-31,CA44810ZCF59,Hydro One Inc,H,Utilities,senior,1.69,2031-01-16,2031-01-16,2020-10-09,,92.63,3.5216597903373947,,ishares_xcb,evaluated,2059000.0
2026-08-31,CA44810ZCG33,Hydro One Inc,H,Utilities,senior,2.23,2031-09-17,2031-09-17,2021-09-17,,93.48,3.6545926931717467,,ishares_xcb,evaluated,2383000.0
2026-08-31,CA44810ZCK45,Hydro One Inc,H,Utilities,senior,3.93,2029-11-30,2029-11-30,2023-01-27,,101.03,3.587025355444023,,ishares_xcb,evaluated,3777000.0
2026-08-31,CA44810ZCL28,Hydro One Inc,H,Utilities,senior,4.16,2033-01-27,2033-01-27,2023-01-27,,100.31,4.103304997563647,,ishares_xcb,evaluated,2400000.0
2026-08-31,CA44810ZCR97,Hydro One Inc,H,Utilities,senior,4.39,2034-03-01,2034-03-01,2024-01-12,,100.94,4.2405213909075465,,ishares_xcb,evaluated,3495000.0
2026-08-31,CA44810ZCS70,Hydro One Inc,H,Utilities,senior,4.25,2035-01-04,2035-01-04,2024-08-20,,99.27,4.353789293193865,,ishares_xcb,evaluated,5734000.0
2026-08-31,CA44810ZCT53,Hydro One Inc,H,Utilities,senior,3.94,2032-08-25,2032-08-25,2025-08-25,,99.49,4.036574290813723,,ishares_xcb,evaluated,2705000.0
2026-08-31,CA44810ZCU27,Hydro One Inc,H,Utilities,senior,4.3,2035-08-24,2035-08-24,2025-08-25,,99.02,4.433260917241329,,ishares_xcb,evaluated,2155000.0
2026-08-31,CA44810ZCW82,Hydro One Inc,H,Utilities,senior,3.9,2033-11-21,2033-11-21,2025-11-21,,98.14,4.198962128099989,,ishares_xcb,evaluated,6477000.0
2026-08-31,CA448810AC58,Hydro One Inc,H,Utilities,senior,7.35,2030-06-03,2030-06-03,2000-06-01,,112.03,3.8743239515275625,,ishares_xcb,evaluated,1493000.0
2026-08-31,CA63306AHT66,National Bank of Canada,NA,Banks,senior_bail_in,5.02,2029-02-01,2029-02-01,2023-12-07,,103.26,3.597680766958727,,ishares_xcb,evaluated,8199000.0
2026-08-31,CA63306AJF45,National Bank of Canada,NA,Banks,senior_bail_in,3.52,2029-07-17,2028-07-17,2025-07-17,,99.92,3.5608678048992357,,ishares_xcb,evaluated,5549000.0
2026-08-31,CA63306AJG28,National Bank of Canada,NA,Banks,senior_bail_in,3.54,2031-01-13,2030-01-13,2026-01-13,,98.89,3.8926515947527216,,ishares_xcb,evaluated,5225000.0
2026-08-31,CA63306AJH01,National Bank of Canada,NA,Banks,senior_bail_in,3.44,2031-10-21,2030-10-21,2025-10-21,,97.9,3.9936475484537817,,ishares_xcb,evaluated,5740000.0
2026-08-31,CA63306AJV94,National Bank of Canada,NA,Banks,senior_bail_in,3.63,2030-04-13,2029-04-13,2026-04-13,,99.73,3.7364758854852416,,ishares_xcb,evaluated,5594000.0
2026-08-31,CA63306AJW77,National Bank of Canada,NA,Banks,senior_bail_in,3.68,2031-06-23,2030-06-23,2026-06-23,,98.98,3.9692553295754616,,ishares_xcb,evaluated,6280000.0
2026-08-31,CA70632ZAM38,Pembina Pipeline,PPL,Pipelines,senior,3.62,2029-04-03,2029-04-03,2019-04-03,,99.68,3.7481129966497653,,ishares_xcb,evaluated,3338000.0
2026-08-31,CA70632ZAQ42,Pembina Pipeline,PPL,Pipelines,senior,3.31,2030-02-01,2030-02-01,2019-09-12,,98.3,3.8440702676251304,,ishares_xcb,evaluated,2464000.0
2026-08-31,CA70632ZAS08,Pembina Pipeline,PPL,Pipelines,senior,3.53,2031-12-10,2031-12-10,2021-12-10,,97.29,4.105110937928895,,ishares_xcb,evaluated,2667000.0
2026-08-31,CA70632ZAV37,Pembina Pipeline,PPL,Pipelines,senior,5.02,2032-01-12,2032-01-12,2024-01-12,,103.4,4.301175802518157,,ishares_xcb,evaluated,4330000.0
2026-08-31,CA70632ZAW10,Pembina Pipeline,PPL,Pipelines,senior,5.21,2034-01-12,2034-01-12,2024-01-12,,103.79,4.595632936780105,,ishares_xcb,evaluated,3385000.0
2026-08-31,CA70632ZAY75,Pembina Pipeline,PPL,Pipelines,senior,5.22,2033-06-28,2033-06-28,2024-06-28,,104.08,4.517092580921578,,ishares_xcb,evaluated,3570000.0
2026-08-31,CA775109BJ98,Rogers Communications,RCI,Telecom,senior,3.25,2029-05-01,2029-05-01,2019-04-30,,98.76,3.7377142225881883,,ishares_xcb,evaluated,3398000.0
2026-08-31,CA775109BT70,Rogers Communications,RCI,Telecom,senior,3.75,2029-04-15,2029-04-15,2022-03-11,,100.0,3.7471303214231955,,ishares_xcb,evaluated,5245000.0
2026-08-31,CA775109BV27,Rogers Communications,RCI,Telecom,senior,4.25,2032-04-15,2032-04-15,2022-03-11,,99.54,4.341332835639293,,ishares_xcb,evaluated,5487000.0
2026-08-31,CA775109CP40,Rogers Communications,RCI,Telecom,senior,4.4,2028-11-02,2028-11-02,2023-04-03,,101.35,3.7388785469627326,,ishares_xcb,evaluated,2788000.0
2026-08-31,CA775109CQ23,Rogers Communications,RCI,Telecom,senior,3.3,2029-12-10,2029-12-10,2019-12-09,,98.27,3.865366547483901,,ishares_xcb,evaluated,539000.0
2026-08-31,CA775109CV18,Rogers Communications,RCI,Telecom,senior,5.7,2028-09-21,2028-09-21,2023-09-21,,103.85,3.726445813422468,,ishares_xcb,evaluated,4997000.0
2026-08-31,CA775109CW90,Rogers Communications,RCI,Telecom,senior,5.8,2030-09-21,2030-09-21,2023-09-21,,106.29,4.094978110587436,,ishares_xcb,evaluated,3170000.0
2026-08-31,CA775109DA61,Rogers Communications,RCI,Telecom,senior,5.9,2033-09-21,2033-09-21,2023-09-21,,107.67,4.610231100171975,,ishares_xcb,evaluated,5480000.0
2026-08-31,CA779926DJ08,Royal Bank of Canada,RY,Banks,senior_bail_in,4.0,2030-10-17,2029-10-17,2024-10-17,,100.53,3.8160328067891416,,ishares_xcb,evaluated,8145000.0
2026-08-31,CA779926FY56,Royal Bank of Canada,RY,Banks,senior_bail_in,3.63,2028-12-10,2027-12-10,2024-12-10,,100.34,3.350763324604314,,ishares_xcb,evaluated,10695000.0
2026-08-31,CA779926QX54,Royal Bank of Canada,RY,Banks,senior_bail_in,3.98,2031-07-22,2030-07-22,2025-07-22,,100.15,3.9361322341357563,,ishares_xcb,evaluated,10868000.0
2026-08-31,CA779926QY38,Royal Bank of Canada,RY,Banks,senior_bail_in,3.41,2029-06-12,2028-06-12,2025-06-10,,99.79,3.5293295258741337,,ishares_xcb,evaluated,11510000.0
2026-08-31,CA779926WD27,Royal Bank of Canada,RY,Banks,senior_bail_in,3.83,2030-03-27,2029-03-27,2026-03-27,,100.26,3.7166911276432386,,ishares_xcb,evaluated,12065000.0
2026-08-31,CA779926WF74,Royal Bank of Canada,RY,Banks,senior_bail_in,3.57,2031-12-09,2030-12-09,2025-12-09,,98.38,3.9843584615481515,,ishares_xcb,evaluated,18484000.0
2026-08-31,CA780086ZH08,Royal Bank of Canada,RY,Banks,senior_bail_in,5.23,2030-06-24,2030-06-24,2023-06-23,,105.12,3.7737472402727947,,ishares_xcb,evaluated,6156000.0
2026-08-31,CA87971MBJ14,TELUS,TU,Telecom,senior,3.3,2029-05-02,2029-05-02,2019-04-03,,99.22,3.6040595228150285,,ishares_xcb,evaluated,4548000.0
2026-08-31,CA87971MBN26,TELUS,TU,Telecom,senior,3.15,2030-02-19,2030-02-19,2019-12-16,,97.87,3.811059118658405,,ishares_xcb,evaluated,3192000.0
2026-08-31,CA87971MBS13,TELUS,TU,Telecom,senior,2.05,2030-10-07,2030-10-07,2020-10-05,,93.56,3.758106513267768,,ishares_xcb,evaluated,2471000.0
2026-08-31,CA87971MBV42,TELUS,TU,Telecom,senior,2.85,2031-11-13,2031-11-13,2021-06-28,,94.65,3.997235121350938,,ishares_xcb,evaluated,3665000.0
2026-08-31,CA87971MBX08,TELUS,TU,Telecom,senior,5.25,2032-11-15,2032-11-15,2022-09-13,,104.28,4.449548468194071,,ishares_xcb,evaluated,5482000.0
2026-08-31,CA87971MBZ55,TELUS,TU,Telecom,senior,5.0,2029-09-13,2029-09-13,2022-09-13,,103.17,3.875637142075646,,ishares_xcb,evaluated,2044000.0
2026-08-31,CA87971MCA95,TELUS,TU,Telecom,senior,4.95,2033-03-28,2033-03-28,2023-03-28,,102.58,4.488875154252726,,ishares_xcb,evaluated,2703000.0
2026-08-31,CA87971MCB78,TELUS,TU,Telecom,senior,5.6,2030-09-09,2030-09-09,2023-09-08,,105.55,4.0841779099531,,ishares_xcb,evaluated,3123000.0
2026-08-31,CA87971MCC51,TELUS,TU,Telecom,senior,5.75,2033-09-08,2033-09-08,2023-09-08,,106.85,4.593587488842968,,ishares_xcb,evaluated,4405000.0
2026-08-31,CA87971MCE18,TELUS,TU,Telecom,senior,4.8,2028-12-15,2028-12-15,2024-02-15,,102.36,3.7115721012113507,,ishares_xcb,evaluated,4151000.0
2026-08-31,CA87971MCF82,TELUS,TU,Telecom,senior,4.95,2031-02-18,2031-02-18,2024-02-15,,103.29,4.13466143120301,,ishares_xcb,evaluated,4048000.0
2026-08-31,CA87971MCG65,TELUS,TU,Telecom,senior,5.1,2034-02-15,2034-02-15,2024-02-15,,102.98,4.622312168283375,,ishares_xcb,evaluated,3195000.0
2026-08-31,CA87971MCH49,TELUS,TU,Telecom,senior,4.65,2031-08-13,2031-08-13,2024-08-13,,101.93,4.213136409082034,,ishares_xcb,evaluated,4068000.0
2026-08-31,CA89116C3S44,Toronto-Dominion Bank,TD,Banks,senior_bail_in,3.61,2031-09-10,2030-09-10,2025-09-10,,98.6,3.9856750826718157,,ishares_xcb,evaluated,13535000.0
2026-08-31,CA89116C7J09,Toronto-Dominion Bank,TD,Banks,senior_bail_in,3.69,2032-01-09,2031-01-09,2026-01-09,,98.66,4.026412379423358,,ishares_xcb,evaluated,16179000.0
2026-08-31,CA89116CDM60,Toronto-Dominion Bank,TD,Banks,senior_bail_in,4.23,2029-04-02,2029-04-02,2024-03-20,,101.87,3.465136048970241,,ishares_xcb,evaluated,5220000.0
2026-08-31,CA89116CQ341,Toronto-Dominion Bank,TD,Banks,senior_bail_in,3.84,2031-05-29,2030-05-29,2025-05-29,,99.69,3.9261421474047395,,ishares_xcb,evaluated,12340000.0
2026-08-31,CA89116CST58,Toronto-Dominion Bank,TD,Banks,senior_bail_in,4.0,2030-10-31,2029-10-31,2024-10-31,,100.5,3.825657891593284,,ishares_xcb,evaluated,8138000.0
2026-08-31,CA89116CWY97,Toronto-Dominion Bank,TD,Banks,senior_bail_in,4.13,2033-01-09,2032-01-09,2025-01-09,,99.86,4.157484883455006,,ishares_xcb,evaluated,12627000.0
2026-08-31,CA89116WDV24,Toronto-Dominion Bank,TD,Banks,senior_bail_in,3.86,2032-04-07,2031-04-07,2026-03-18,,99.15,4.062638434735596,,ishares_xcb,evaluated,10925000.0
2026-08-31,CA89116WEY53,Toronto-Dominion Bank,TD,Banks,senior_bail_in,3.77,2030-04-13,2029-04-13,2026-04-13,,100.1,3.726681583716989,,ishares_xcb,evaluated,9552000.0
2026-08-31,CA89116WMS93,Toronto-Dominion Bank,TD,Banks,senior_bail_in,4.13,2032-09-11,2031-09-11,2026-09-02,,99.93,4.141747412008259,,ishares_xcb,evaluated,4163000.0
2026-08-31,CA89117FJ347,Toronto-Dominion Bank,TD,Banks,senior_bail_in,1.9,2028-09-11,2028-09-11,2021-09-10,,97.37,3.24527214396602,,ishares_xcb,evaluated,6181000.0
2026-08-31,CA89117GRJ80,Toronto-Dominion Bank,TD,Banks,senior_bail_in,4.68,2029-01-08,2029-01-08,2022-12-07,,102.41,3.5982838744399865,,ishares_xcb,evaluated,14012000.0
2026-08-31,CA89117GX510,Toronto-Dominion Bank,TD,Banks,senior_bail_in,5.49,2028-09-08,2028-09-08,2023-09-08,,103.74,3.545008798765639,,ishares_xcb,evaluated,8590000.0
2026-08-31,CA89353ZBK36,TransCanada PipeLines,TRP,Pipelines,senior,6.5,2030-12-09,2030-12-09,1998-12-07,,107.87,4.453767605786716,,ishares_xcb,evaluated,775000.0
2026-08-31,CA89353ZCE66,TransCanada PipeLines,TRP,Pipelines,senior,3.0,2029-09-18,2029-09-18,2019-09-18,,98.1,3.6599585841929336,,ishares_xcb,evaluated,3873000.0
2026-08-31,CA89353ZCH97,TransCanada PipeLines,TRP,Pipelines,senior,2.97,2031-06-09,2031-06-09,2021-06-09,,95.95,3.907043622679194,,ishares_xcb,evaluated,2537000.0
2026-08-31,CA89353ZCK27,TransCanada PipeLines,TRP,Pipelines,senior,5.33,2032-05-12,2032-05-12,2022-05-12,,105.17,4.2935640730722255,,ishares_xcb,evaluated,4458000.0
2026-08-31,CA89353ZCN65,TransCanada PipeLines,TRP,Pipelines,senior,5.28,2030-07-15,2030-07-15,2023-03-10,,104.5,4.010766816197871,,ishares_xcb,evaluated,7587000.0
2026-08-31,CA89353ZCQ96,TransCanada PipeLines,TRP,Pipelines,senior,4.58,2035-02-20,2035-02-20,2025-02-20,,99.5,4.651722404174836,,ishares_xcb,evaluated,5835000.0
2026-08-31,CA89353ZCT36,TransCanada PipeLines,TRP,Pipelines,senior,4.61,2036-06-24,2036-06-24,2026-06-24,,98.06,4.859754768583074,,ishares_xcb,evaluated,4120000.0
2026-09-30,CA06368L5G77,Bank of Montreal,BMO,Banks,senior_bail_in,4.42,2029-07-17,2029-07-17,2024-07-17,,100.97,4.044755261502888,,ishares_xcb,evaluated,10825000.0
2026-09-30,CA06368LB887,Bank of Montreal,BMO,Banks,senior_bail_in,4.54,2028-12-18,2028-12-18,2023-12-18,,101.19,3.969399328721989,,ishares_xcb,evaluated,11382000.0
2026-09-30,CA06368MJ219,Bank of Montreal,BMO,Banks,senior_bail_in,3.54,2032-03-03,2031-03-03,2026-03-03,,96.57,4.4014052048133365,,ishares_xcb,evaluated,11984000.0
2026-09-30,CA06368MRF37,Bank of Montreal,BMO,Banks,senior_bail_in,3.73,2031-06-03,2030-06-03,2025-06-03,,98.13,4.283054755031996,,ishares_xcb,evaluated,8661000.0
2026-09-30,CA06368MS392,Bank of Montreal,BMO,Banks,senior_bail_in,3.8,2032-07-09,2031-07-09,2026-07-09,,97.31,4.428404640121899,,ishares_xcb,evaluated,6729000.0
2026-09-30,CA06368MT200,Bank of Montreal,BMO,Banks,senior_bail_in,4.17,2034-06-15,2033-06-15,2026-06-15,,97.23,4.653907362316265,,ishares_xcb,evaluated,9625000.0
2026-09-30,CA06368MZS65,Bank of Montreal,BMO,Banks,senior_bail_in,3.11,2029-10-27,2028-10-27,2025-10-27,,98.39,3.9231533809481287,,ishares_xcb,evaluated,1135000.0
2026-09-30,CA064164QM14,Bank of Nova Scotia,BNS,Banks,senior_bail_in,4.68,2029-02-01,2029-02-01,2024-02-01,,101.59,3.9558814553073813,,ishares_xcb,evaluated,10617000.0
2026-09-30,CA06418MM430,Bank of Nova Scotia,BNS,Banks,senior_bail_in,3.84,2030-09-26,2029-09-26,2024-09-26,,99.05,4.181390906460168,,ishares_xcb,evaluated,6870000.0
2026-09-30,CA06418MX742,Bank of Nova Scotia,BNS,Banks,senior_bail_in,3.81,2028-11-15,2027-11-15,2024-10-18,,100.16,3.649834393355723,,ishares_xcb,evaluated,11397000.0
2026-09-30,CA06418Y4L93,Bank of Nova Scotia,BNS,Banks,senior_bail_in,3.62,2032-01-30,2031-01-30,2025-12-10,,97.03,4.377787559985393,,ishares_xcb,evaluated,19030000.0
2026-09-30,CA06418YXB96,Bank of Nova Scotia,BNS,Banks,senior_bail_in,3.73,2031-06-27,2030-06-27,2025-03-27,,98.02,4.306570644914684,,ishares_xcb,evaluated,16077000.0
2026-09-30,CA06419FD621,Bank of Nova Scotia,BNS,Banks,senior_bail_in,4.23,2031-09-24,2030-09-24,2026-09-24,,99.56,4.351460047705558,,ishares_xcb,evaluated,2870000.0
2026-09-30,CA06419FSD10,Bank of Nova Scotia,BNS,Banks,senior_bail_in,3.58,2030-05-01,2029-05-01,2026-05-01,,98.71,4.104616698344324,,ishares_xcb,evaluated,9475000.0
2026-09-30,CA06419FSG41,Bank of Nova Scotia,BNS,Banks,senior_bail_in,4.09,2034-05-01,2033-05-01,2026-05-01,,96.86,4.645752282996185,,ishares_xcb,evaluated,6337000.0
2026-09-30,CA07813ZAC82,Bell Canada,BCE,Telecom,senior,6.55,2029-05-01,2029-05-01,1999-07-19,,105.76,4.167027369533387,,ishares_xcb,evaluated,213000.0
2026-09-30,CA07813ZAL81,Bell Canada,BCE,Telecom,senior,7.85,2031-04-02,2031-04-02,2001-04-02,,112.61,4.708360138483138,,ishares_xcb,evaluated,1130000.0
2026-09-30,CA07813ZAP95,Bell Canada,BCE,Telecom,senior,7.3,2032-02-23,2032-02-23,2002-02-22,,111.49,4.851643757576082,,ishares_xcb,evaluated,1689000.0
2026-09-30,CA07813ZAT18,Bell Canada,BCE,Telecom,senior,6.1,2035-03-16,2035-03-16,2004-03-16,,106.66,5.120119424260987,,ishares_xcb,evaluated,1783000.0
2026-09-30,CA07813ZBL72,Bell Canada,BCE,Telecom,senior,6.17,2037-02-26,2037-02-26,2007-02-26,,106.94,5.2926195775067555,,ishares_xcb,evaluated,2528000.0
2026-09-30,CA07813ZCC64,Bell Canada,BCE,Telecom,senior,2.9,2029-09-10,2029-09-10,2019-09-10,,96.96,4.004668319673387,,ishares_xcb,evaluated,2556000.0
2026-09-30,CA07813ZCE21,Bell Canada,BCE,Telecom,senior,2.5,2030-05-14,2030-05-14,2020-05-14,,94.65,4.101431883568613,,ishares_xcb,evaluated,3761000.0
2026-09-30,CA07813ZCG78,Bell Canada,BCE,Telecom,senior,3.0,2031-03-17,2031-03-17,2021-03-17,,95.34,4.154413783127533,,ishares_xcb,evaluated,6056000.0
2026-09-30,CA07813ZCK80,Bell Canada,BCE,Telecom,senior,5.85,2032-11-10,2032-11-10,2022-11-10,,105.98,4.707923909435276,,ishares_xcb,evaluated,7535000.0
2026-09-30,CA07813ZCL63,Bell Canada,BCE,Telecom,senior,4.55,2030-02-09,2030-02-09,2023-02-09,,100.92,4.249907344649961,,ishares_xcb,evaluated,5681000.0
2026-09-30,CA07813ZCQ50,Bell Canada,BCE,Telecom,senior,5.25,2029-03-15,2029-03-15,2023-11-14,,102.75,4.063254205547231,,ishares_xcb,evaluated,4395000.0
2026-09-30,CA07813ZCR34,Bell Canada,BCE,Telecom,senior,5.15,2034-08-24,2034-08-24,2024-05-24,,101.5,4.9171275700061345,,ishares_xcb,evaluated,6135000.0
2026-09-30,CA11291ZAF41,Brookfield Infrastructure Finance,BIP,Utilities,senior,3.41,2029-10-09,2029-10-09,2019-10-03,,97.9,4.154147404970898,,ishares_xcb,evaluated,4213000.0
2026-09-30,CA11291ZAG24,Brookfield Infrastructure Finance,BIP,Utilities,senior,2.86,2032-09-01,2032-09-01,2020-09-01,,91.39,4.53463595923585,,ishares_xcb,evaluated,2760000.0
2026-09-30,CA11291ZAH07,Brookfield Infrastructure Finance,BIP,Utilities,senior,5.44,2034-04-25,2034-04-25,2022-04-25,,103.41,4.893781757970346,,ishares_xcb,evaluated,2395000.0
2026-09-30,CA11291ZAL19,Brookfield Infrastructure Finance,BIP,Utilities,senior,5.98,2033-02-14,2033-02-14,2022-11-14,,106.38,4.803474730601712,,ishares_xcb,evaluated,999000.0
2026-09-30,CA11291ZAM91,Brookfield Infrastructure Finance,BIP,Utilities,senior,5.71,2030-07-27,2030-07-27,2023-07-27,,104.58,4.39124951985933,,ishares_xcb,evaluated,3129000.0
2026-09-30,CA11291ZAP23,Brookfield Infrastructure Finance,BIP,Utilities,senior,3.7,2031-01-06,2031-01-06,2025-09-24,,97.41,4.368869398057066,,ishares_xcb,evaluated,2030000.0
2026-09-30,CA11291ZAQ06,Brookfield Infrastructure Finance,BIP,Utilities,senior,4.53,2035-09-24,2035-09-24,2025-09-24,,96.28,5.050187129607489,,ishares_xcb,evaluated,1985000.0
2026-09-30,CA13607L4C41,Canadian Imperial Bank of Commerce,CM,Banks,senior_bail_in,3.65,2028-12-10,2027-12-10,2024-12-10,,100.0,3.643977211888981,,ishares_xcb,evaluated,7505000.0
2026-09-30,CA13607LF997,Canadian Imperial Bank of Commerce,CM,Banks,senior_bail_in,3.8,2030-12-10,2029-12-10,2024-12-10,,98.77,4.212958130324769,,ishares_xcb,evaluated,9596000.0
2026-09-30,CA13607P5X87,Canadian Imperial Bank of Commerce,CM,Banks,senior_bail_in,3.9,2031-06-20,2030-06-20,2025-06-20,,98.65,4.294028736791566,,ishares_xcb,evaluated,6759000.0
2026-09-30,CA13607Q4G46,Canadian Imperial Bank of Commerce,CM,Banks,senior_bail_in,3.78,2032-06-18,2031-06-18,2026-06-18,,97.27,4.425868488925067,,ishares_xcb,evaluated,10071000.0
2026-09-30,CA13607QH885,Canadian Imperial Bank of Commerce,CM,Banks,senior_bail_in,3.7,2030-04-02,2029-04-02,2026-04-02,,99.05,4.100641143419805,,ishares_xcb,evaluated,10295000.0
2026-09-30,CA13607QQT27,Canadian Imperial Bank of Commerce,CM,Banks,senior_bail_in,3.65,2032-01-13,2031-01-13,2026-01-13,,97.21,4.368044967634304,,ishares_xcb,evaluated,16995000.0
2026-09-30,CA29251ZAD92,Enbridge Inc,ENB,Pipelines,senior,7.22,2030-07-24,2030-07-24,2000-07-24,,108.99,4.617056768512729,,ishares_xcb,evaluated,806000.0
2026-09-30,CA29251ZAK36,Enbridge Inc,ENB,Pipelines,senior,7.2,2032-06-18,2032-06-18,2001-06-18,,111.87,4.79767148008468,,ishares_xcb,evaluated,1060000.0
2026-09-30,CA29251ZAQ06,Enbridge Inc,ENB,Pipelines,senior,5.57,2035-11-14,2035-11-14,2005-11-14,,102.74,5.185881720812286,,ishares_xcb,evaluated,394000.0
2026-09-30,CA29251ZBS52,Enbridge Inc,ENB,Pipelines,senior,2.99,2029-10-03,2029-10-03,2019-10-03,,97.12,4.014398974910647,,ishares_xcb,evaluated,4903000.0
2026-09-30,CA29251ZBU09,Enbridge Inc,ENB,Pipelines,senior,3.1,2033-09-21,2033-09-21,2021-09-21,,91.52,4.531568324956345,,ishares_xcb,evaluated,5101000.0
2026-09-30,CA29251ZBW64,Enbridge Inc,ENB,Pipelines,senior,6.1,2032-11-09,2032-11-09,2022-11-09,,107.35,4.697077086396011,,ishares_xcb,evaluated,5190000.0
2026-09-30,CA29251ZBZ95,Enbridge Inc,ENB,Pipelines,senior,5.36,2033-05-26,2033-05-26,2023-05-26,,103.73,4.696987657288612,,ishares_xcb,evaluated,3205000.0
2026-09-30,CA29251ZCC91,Enbridge Inc,ENB,Pipelines,senior,4.21,2030-02-22,2030-02-22,2024-08-22,,99.91,4.2364025658025,,ishares_xcb,evaluated,3726000.0
2026-09-30,CA29251ZCD74,Enbridge Inc,ENB,Pipelines,senior,4.73,2034-08-22,2034-08-22,2024-08-22,,99.23,4.847193373231211,,ishares_xcb,evaluated,4353000.0
2026-09-30,CA29251ZCG06,Enbridge Inc,ENB,Pipelines,senior,3.9,2030-02-25,2030-02-25,2025-02-25,,98.95,4.232608042752333,,ishares_xcb,evaluated,4365000.0
2026-09-30,CA29251ZCH88,Enbridge Inc,ENB,Pipelines,senior,4.56,2035-02-25,2035-02-25,2025-02-25,,97.53,4.921301710747312,,ishares_xcb,evaluated,4345000.0
2026-09-30,CA29251ZCK18,Enbridge Inc,ENB,Pipelines,senior,3.57,2031-02-26,2031-02-26,2026-02-26,,96.82,4.370019954861502,,ishares_xcb,evaluated,4950000.0
2026-09-30,CA29251ZCL90,Enbridge Inc,ENB,Pipelines,senior,4.35,2036-02-26,2036-02-26,2026-02-26,,94.69,5.0656991635898425,,ishares_xcb,evaluated,5125000.0
2026-09-30,CA29251ZCP05,Enbridge Inc,ENB,Pipelines,senior,6.05,2029-02-12,2029-02-12,1999-02-12,,103.86,4.3112200484867715,,ishares_xcb,evaluated,10000.0
2026-09-30,CA29251ZCQ87,Enbridge Inc,ENB,Pipelines,senior,3.52,2029-02-22,2029-02-22,2019-02-22,,98.86,4.021596987826434,,ishares_xcb,evaluated,3729000.0
2026-09-30,CA29251ZCR60,Enbridge Inc,ENB,Pipelines,senior,6.5,2029-06-11,2029-06-11,1999-06-11,,105.81,4.193598106985875,,ishares_xcb,evaluated,145000.0
2026-09-30,CA29251ZCS44,Enbridge Inc,ENB,Pipelines,senior,2.82,2031-05-12,2031-05-12,2021-05-12,,94.31,4.185395981819592,,ishares_xcb,evaluated,2046000.0
2026-09-30,CA29251ZCT27,Enbridge Inc,ENB,Pipelines,senior,5.08,2036-12-19,2036-12-19,2006-12-21,,98.74,5.239282530211755,,ishares_xcb,evaluated,1265000.0
2026-09-30,CA349553AQ04,Fortis Inc,FTS,Utilities,senior,4.43,2029-05-31,2029-05-31,2022-05-31,,100.97,4.03906891825051,,ishares_xcb,evaluated,2445000.0
2026-09-30,CA349553AR86,Fortis Inc,FTS,Utilities,senior,5.68,2033-11-08,2033-11-08,2023-11-08,,105.79,4.707849998636761,,ishares_xcb,evaluated,2350000.0
2026-09-30,CA349553AS69,Fortis Inc,FTS,Utilities,senior,4.17,2031-09-09,2031-09-09,2024-09-09,,99.3,4.32878863160486,,ishares_xcb,evaluated,3072000.0
2026-09-30,CA349553AT43,Fortis Inc,FTS,Utilities,senior,4.09,2032-03-26,2032-03-26,2025-03-26,,98.37,4.427742935656776,,ishares_xcb,evaluated,3222000.0
2026-09-30,CA44810ZAB63,Hydro One Inc,H,Utilities,senior,6.93,2032-06-01,2032-06-01,2001-06-22,,112.28,4.452245579416239,,ishares_xcb,evaluated,2150000.0
2026-09-30,CA44810ZAD20,Hydro One Inc,H,Utilities,senior,6.35,2034-01-31,2034-01-31,2003-01-31,,110.64,4.620367471446339,,ishares_xcb,evaluated,1979000.0
2026-09-30,CA44810ZAP59,Hydro One Inc,H,Utilities,senior,5.36,2036-05-20,2036-05-20,2005-05-19,,104.35,4.788357939753632,,ishares_xcb,evaluated,2926000.0
2026-09-30,CA44810ZAS98,Hydro One Inc,H,Utilities,senior,4.89,2037-03-13,2037-03-13,2007-03-13,,99.9,4.902263485134651,,ishares_xcb,evaluated,1735000.0
2026-09-30,CA44810ZBZ23,Hydro One Inc,H,Utilities,senior,3.02,2029-04-05,2029-04-05,2019-04-05,,98.13,3.8052774420892894,,ishares_xcb,evaluated,3185000.0
2026-09-30,CA44810ZCC29,Hydro One Inc,H,Utilities,senior,2.16,2030-02-28,2030-02-28,2020-02-28,,94.87,3.7763655105415657,,ishares_xcb,evaluated,2201000.0
2026-09-30,CA44810ZCF59,Hydro One Inc,H,Utilities,senior,1.69,2031-01-16,2031-01-16,2020-10-09,,91.68,3.8076610929482926,,ishares_xcb,evaluated,2059000.0
2026-09-30,CA44810ZCG33,Hydro One Inc,H,Utilities,senior,2.23,2031-09-17,2031-09-17,2021-09-17,,92.22,3.9723016525153523,,ishares_xcb,evaluated,2383000.0
2026-09-30,CA44810ZCK45,Hydro One Inc,H,Utilities,senior,3.93,2029-11-30,2029-11-30,2023-01-27,,99.99,3.928292648678802,,ishares_xcb,evaluated,3777000.0
2026-09-30,CA44810ZCL28,Hydro One Inc,H,Utilities,senior,4.16,2033-01-27,2033-01-27,2023-01-27,,98.76,4.384620604531456,,ishares_xcb,evaluated,2400000.0
2026-09-30,CA44810ZCR97,Hydro One Inc,H,Utilities,senior,4.39,2034-03-01,2034-03-01,2024-01-12,,99.27,4.506780605773172,,ishares_xcb,evaluated,3785000.0
2026-09-30,CA44810ZCS70,Hydro One Inc,H,Utilities,senior,4.25,2035-01-04,2035-01-04,2024-08-20,,97.45,4.622759629352304,,ishares_xcb,evaluated,5734000.0
2026-09-30,CA44810ZCT53,Hydro One Inc,H,Utilities,senior,3.94,2032-08-25,2032-08-25,2025-08-25,,98.01,4.324377349474809,,ishares_xcb,evaluated,2785000.0
2026-09-30,CA44810ZCU27,Hydro One Inc,H,Utilities,senior,4.3,2035-08-24,2035-08-24,2025-08-25,,97.21,4.685961859465724,,ishares_xcb,evaluated,2205000.0
2026-09-30,CA44810ZCW82,Hydro One Inc,H,Utilities,senior,3.9,2033-11-21,2033-11-21,2025-11-21,,96.53,4.470329619457137,,ishares_xcb,evaluated,6477000.0
2026-09-30,CA448810AC58,Hydro One Inc,H,Utilities,senior,7.35,2030-06-03,2030-06-03,2000-06-01,,110.57,4.210785092219352,,ishares_xcb,evaluated,1493000.0
2026-09-30,CA63306AHT66,National Bank of Canada,NA,Banks,senior_bail_in,5.02,2029-02-01,2029-02-01,2023-12-07,,102.34,3.9563484152933737,,ishares_xcb,evaluated,8499000.0
2026-09-30,CA63306AJF45,National Bank of Canada,NA,Banks,senior_bail_in,3.52,2029-07-17,2028-07-17,2025-07-17,,99.33,3.904049460589122,,ishares_xcb,evaluated,5699000.0
2026-09-30,CA63306AJG28,National Bank of Canada,NA,Banks,senior_bail_in,3.54,2031-01-13,2030-01-13,2026-01-13,,97.82,4.254472131604592,,ishares_xcb,evaluated,5525000.0
2026-09-30,CA63306AJH01,National Bank of Canada,NA,Banks,senior_bail_in,3.44,2031-10-21,2030-10-21,2025-10-21,,96.68,4.339592861939149,,ishares_xcb,evaluated,5740000.0
2026-09-30,CA63306AJV94,National Bank of Canada,NA,Banks,senior_bail_in,3.63,2030-04-13,2029-04-13,2026-04-13,,98.88,4.0971230475672336,,ishares_xcb,evaluated,5594000.0
2026-09-30,CA63306AJW77,National Bank of Canada,NA,Banks,senior_bail_in,3.68,2031-06-23,2030-06-23,2026-06-23,,97.82,4.316885866420432,,ishares_xcb,evaluated,7080000.0
2026-09-30,CA70632ZAM38,Pembina Pipeline,PPL,Pipelines,senior,3.62,2029-04-03,2029-04-03,2019-04-03,,98.92,4.075146576230746,,ishares_xcb,evaluated,4167000.0
2026-09-30,CA70632ZAQ42,Pembina Pipeline,PPL,Pipelines,senior,3.31,2030-02-01,2030-02-01,2019-09-12,,97.37,4.159613118778279,,ishares_xcb,evaluated,2464000.0
2026-09-30,CA70632ZAS08,Pembina Pipeline,PPL,Pipelines,senior,3.53,2031-12-10,2031-12-10,2021-12-10,,96.04,4.389294254984911,,ishares_xcb,evaluated,3667000.0
2026-09-30,CA70632ZAV37,Pembina Pipeline,PPL,Pipelines,senior,5.02,2032-01-12,2032-01-12,2024-01-12,,102.16,4.5519464587817104,,ishares_xcb,evaluated,4330000.0
2026-09-30,CA70632ZAW10,Pembina Pipeline,PPL,Pipelines,senior,5.21,2034-01-12,2034-01-12,2024-01-12,,102.33,4.823986884396992,,ishares_xcb,evaluated,3385000.0
2026-09-30,CA70632ZAY75,Pembina Pipeline,PPL,Pipelines,senior,5.22,2033-06-28,2033-06-28,2024-06-28,,102.72,4.742003225168883,,ishares_xcb,evaluated,2980000.0
2026-09-30,CA775109BJ98,Rogers Communications,RCI,Telecom,senior,3.25,2029-05-01,2029-05-01,2019-04-30,,98.0,4.0668123359561275,,ishares_xcb,evaluated,3638000.0
2026-09-30,CA775109BT70,Rogers Communications,RCI,Telecom,senior,3.75,2029-04-15,2029-04-15,2022-03-11,,99.21,4.0778751854110435,,ishares_xcb,evaluated,5389000.0
2026-09-30,CA775109BV27,Rogers Communications,RCI,Telecom,senior,4.25,2032-04-15,2032-04-15,2022-03-11,,98.29,4.601661240928221,,ishares_xcb,evaluated,5987000.0
2026-09-30,CA775109CP40,Rogers Communications,RCI,Telecom,senior,4.4,2028-11-02,2028-11-02,2023-04-03,,100.75,4.013148257941308,,ishares_xcb,evaluated,2788000.0
2026-09-30,CA775109CQ23,Rogers Communications,RCI,Telecom,senior,3.3,2029-12-10,2029-12-10,2019-12-09,,97.36,4.1893925164605905,,ishares_xcb,evaluated,1048000.0
2026-09-30,CA775109CW90,Rogers Communications,RCI,Telecom,senior,5.8,2030-09-21,2030-09-21,2023-09-21,,105.07,4.395879678265299,,ishares_xcb,evaluated,3170000.0
2026-09-30,CA775109DA61,Rogers Communications,RCI,Telecom,senior,5.9,2033-09-21,2033-09-21,2023-09-21,,106.18,4.845195190354679,,ishares_xcb,evaluated,5480000.0
2026-09-30,CA779926DJ08,Royal Bank of Canada,RY,Banks,senior_bail_in,4.0,2030-10-17,2029-10-17,2024-10-17,,99.48,4.181196264783997,,ishares_xcb,evaluated,8279000.0
2026-09-30,CA779926FY56,Royal Bank of Canada,RY,Banks,senior_bail_in,3.63,2028-12-10,2027-12-10,2024-12-10,,100.01,3.615404948558104,,ishares_xcb,evaluated,9855000.0
2026-09-30,CA779926QX54,Royal Bank of Canada,RY,Banks,senior_bail_in,3.98,2031-07-22,2030-07-22,2025-07-22,,98.92,4.287066158555869,,ishares_xcb,evaluated,11168000.0
2026-09-30,CA779926QY38,Royal Bank of Canada,RY,Banks,senior_bail_in,3.41,2029-06-12,2028-06-12,2025-06-10,,99.27,3.8537755395957607,,ishares_xcb,evaluated,12069000.0
2026-09-30,CA779926WD27,Royal Bank of Canada,RY,Banks,senior_bail_in,3.83,2030-03-27,2029-03-27,2026-03-27,,99.42,4.077135474141743,,ishares_xcb,evaluated,12235000.0
2026-09-30,CA779926WF74,Royal Bank of Canada,RY,Banks,senior_bail_in,3.57,2031-12-09,2030-12-09,2025-12-09,,97.09,4.334771307936908,,ishares_xcb,evaluated,19554000.0
2026-09-30,CA780086ZH08,Royal Bank of Canada,RY,Banks,senior_bail_in,5.23,2030-06-24,2030-06-24,2023-06-23,,103.84,4.106709906202051,,ishares_xcb,evaluated,6556000.0
2026-09-30,CA87971MBJ14,TELUS,TU,Telecom,senior,3.3,2029-05-02,2029-05-02,2019-04-03,,98.37,3.9629398695676743,,ishares_xcb,evaluated,5188000.0
2026-09-30,CA87971MBN26,TELUS,TU,Telecom,senior,3.15,2030-02-19,2030-02-19,2019-12-16,,96.81,4.16810504551225,,ishares_xcb,evaluated,3192000.0
2026-09-30,CA87971MBS13,TELUS,TU,Telecom,senior,2.05,2030-10-07,2030-10-07,2020-10-05,,92.65,4.049169509409618,,ishares_xcb,evaluated,2471000.0
2026-09-30,CA87971MBV42,TELUS,TU,Telecom,senior,2.85,2031-11-13,2031-11-13,2021-06-28,,93.69,4.2312292380577246,,ishares_xcb,evaluated,3665000.0
2026-09-30,CA87971MBX08,TELUS,TU,Telecom,senior,5.25,2032-11-15,2032-11-15,2022-09-13,,102.99,4.678752978138233,,ishares_xcb,evaluated,6182000.0
2026-09-30,CA87971MBZ55,TELUS,TU,Telecom,senior,5.0,2029-09-13,2029-09-13,2022-09-13,,102.17,4.21073001198883,,ishares_xcb,evaluated,2044000.0
2026-09-30,CA87971MCA95,TELUS,TU,Telecom,senior,4.95,2033-03-28,2033-03-28,2023-03-28,,101.28,4.718854195813332,,ishares_xcb,evaluated,2703000.0
2026-09-30,CA87971MCB78,TELUS,TU,Telecom,senior,5.6,2030-09-09,2030-09-09,2023-09-08,,104.3,4.3998015458853486,,ishares_xcb,evaluated,3123000.0
2026-09-30,CA87971MCC51,TELUS,TU,Telecom,senior,5.75,2033-09-08,2033-09-08,2023-09-08,,105.42,4.8215717947409935,,ishares_xcb,evaluated,4905000.0
2026-09-30,CA87971MCE18,TELUS,TU,Telecom,senior,4.8,2028-12-15,2028-12-15,2024-02-15,,101.58,4.040090869128774,,ishares_xcb,evaluated,4294000.0
2026-09-30,CA87971MCF82,TELUS,TU,Telecom,senior,4.95,2031-02-18,2031-02-18,2024-02-15,,102.05,4.427871789087832,,ishares_xcb,evaluated,4048000.0
2026-09-30,CA87971MCG65,TELUS,TU,Telecom,senior,5.1,2034-02-15,2034-02-15,2024-02-15,,101.57,4.8425238477548955,,ishares_xcb,evaluated,3195000.0
2026-09-30,CA87971MCH49,TELUS,TU,Telecom,senior,4.65,2031-08-13,2031-08-13,2024-08-13,,100.7,4.486080588530591,,ishares_xcb,evaluated,3838000.0
2026-09-30,CA89116C3S44,Toronto-Dominion Bank,TD,Banks,senior_bail_in,3.61,2031-09-10,2030-09-10,2025-09-10,,97.39,4.3369070970553825,,ishares_xcb,evaluated,13535000.0
2026-09-30,CA89116C7J09,Toronto-Dominion Bank,TD,Banks,senior_bail_in,3.69,2032-01-09,2031-01-09,2026-01-09,,97.35,4.373396877248059,,ishares_xcb,evaluated,16427000.0
2026-09-30,CA89116CDM60,Toronto-Dominion Bank,TD,Banks,senior_bail_in,4.23,2029-04-02,2029-04-02,2024-03-20,,100.97,3.817841809131205,,ishares_xcb,evaluated,5520000.0
2026-09-30,CA89116CQ341,Toronto-Dominion Bank,TD,Banks,senior_bail_in,3.84,2031-05-29,2030-05-29,2025-05-29,,98.53,4.273299772813348,,ishares_xcb,evaluated,12340000.0
2026-09-30,CA89116CST58,Toronto-Dominion Bank,TD,Banks,senior_bail_in,4.0,2030-10-31,2029-10-31,2024-10-31,,99.46,4.1826574553899745,,ishares_xcb,evaluated,8138000.0
2026-09-30,CA89116CWY97,Toronto-Dominion Bank,TD,Banks,senior_bail_in,4.13,2033-01-09,2032-01-09,2025-01-09,,98.32,4.488383393245294,,ishares_xcb,evaluated,13001000.0
2026-09-30,CA89116WDV24,Toronto-Dominion Bank,TD,Banks,senior_bail_in,3.86,2032-04-07,2031-04-07,2026-03-18,,97.83,4.393218041775897,,ishares_xcb,evaluated,11225000.0
2026-09-30,CA89116WEY53,Toronto-Dominion Bank,TD,Banks,senior_bail_in,3.77,2030-04-13,2029-04-13,2026-04-13,,99.23,4.090256534577648,,ishares_xcb,evaluated,8712000.0
2026-09-30,CA89116WMS93,Toronto-Dominion Bank,TD,Banks,senior_bail_in,4.13,2032-09-11,2031-09-11,2026-09-02,,98.55,4.459760463239379,,ishares_xcb,evaluated,15023000.0
2026-09-30,CA89117GRJ80,Toronto-Dominion Bank,TD,Banks,senior_bail_in,4.68,2029-01-08,2029-01-08,2022-12-07,,101.56,3.9485753777249317,,ishares_xcb,evaluated,14012000.0
2026-09-30,CA89353ZBK36,TransCanada PipeLines,TRP,Pipelines,senior,6.5,2030-12-09,2030-12-09,1998-12-07,,106.57,4.748939715127933,,ishares_xcb,evaluated,775000.0
2026-09-30,CA89353ZCE66,TransCanada PipeLines,TRP,Pipelines,senior,3.0,2029-09-18,2029-09-18,2019-09-18,,97.24,3.9957255357511774,,ishares_xcb,evaluated,3873000.0
2026-09-30,CA89353ZCH97,TransCanada PipeLines,TRP,Pipelines,senior,2.97,2031-06-09,2031-06-09,2021-06-09,,94.81,4.198926471776019,,ishares_xcb,evaluated,2537000.0
2026-09-30,CA89353ZCK27,TransCanada PipeLines,TRP,Pipelines,senior,5.33,2032-05-12,2032-05-12,2022-05-12,,103.88,4.535234213835589,,ishares_xcb,evaluated,4458000.0
2026-09-30,CA89353ZCN65,TransCanada PipeLines,TRP,Pipelines,senior,5.28,2030-07-15,2030-07-15,2023-03-10,,103.35,4.308087845799488,,ishares_xcb,evaluated,7692000.0
2026-09-30,CA89353ZCQ96,TransCanada PipeLines,TRP,Pipelines,senior,4.58,2035-02-20,2035-02-20,2025-02-20,,97.87,4.891293902414191,,ishares_xcb,evaluated,5835000.0
2026-09-30,CA89353ZCT36,TransCanada PipeLines,TRP,Pipelines,senior,4.61,2036-06-24,2036-06-24,2026-06-24,,96.36,5.087466351178355,,ishares_xcb,evaluated,4120000.0
