Fund Holdings as of,"Dec 29, 2023"
 
Ticker,Name,Sector,Asset Class,Market Value,Weight (%),Notional Value,Shares,Par Value,Price,Location,Exchange,Currency,Duration,FX Rate,Maturity,Coupon (%),Market Currency,Effective Date
"BNS","BANK OF NOVA SCOTIA","Financial","Fixed Income","11,760,103.07","0.68","11,760,103.07","12,195,000.00","12,195,000.00","95.53","Canada","-","CAD","2.99","1.00","Mar 8, 2027","2.95","CAD","Mar 7, 2022"
"TD","TORONTO-DOMINION BANK/THE","Financial","Fixed Income","11,361,129.48","0.66","11,361,129.48","11,649,000.00","11,649,000.00","96.72","Canada","-","CAD","1.62","1.00","Sep 9, 2025","2.67","CAD","Mar 9, 2022"
"RY","ROYAL BANK OF CANADA MTN","Financial","Fixed Income","9,817,658.20","0.57","9,817,658.20","9,952,000.00","9,952,000.00","97.81","Canada","-","CAD","1.67","1.00","Sep 29, 2025","3.37","CAD","Mar 28, 2022"
"TD","TORONTO-DOMINION BANK/THE MTN RegS","Financial","Fixed Income","9,446,264.48","0.55","9,446,264.48","9,655,000.00","9,655,000.00","97.26","Canada","-","CAD","1.26","1.00","Apr 22, 2030","3.11","CAD","Apr 22, 2020"
"TD","TORONTO-DOMINION BANK/THE","Financial","Fixed Income","8,881,034.64","0.52","8,881,034.64","8,915,000.00","8,915,000.00","99.30","Canada","-","CAD","3.16","1.00","Jun 1, 2027","4.21","CAD","Jun 1, 2022"
"CM","CANADIAN IMPERIAL BANK OF COMMERCE","Financial","Fixed Income","8,797,503.80","0.51","8,797,503.80","8,949,000.00","8,949,000.00","97.46","Canada","-","CAD","1.14","1.00","Mar 7, 2025","2.75","CAD","Mar 8, 2022"
"TD","TORONTO-DOMINION BANK/THE","Financial","Fixed Income","8,249,360.68","0.48","8,249,360.68","7,980,000.00","7,980,000.00","101.16","Canada","-","CAD","4.38","1.00","Jan 8, 2029","4.68","CAD","Dec 7, 2022"
"BMO","BANK OF MONTREAL","Financial","Fixed Income","8,249,133.82","0.48","8,249,133.82","8,156,000.00","8,156,000.00","100.86","Canada","-","CAD","3.52","1.00","Dec 7, 2027","4.71","CAD","Dec 7, 2022"
"RY","ROYAL BANK OF CANADA","Financial","Fixed Income","8,085,240.40","0.47","8,085,240.40","7,960,000.00","7,960,000.00","100.84","Canada","-","CAD","3.90","1.00","May 1, 2028","4.63","CAD","Apr 20, 2023"
"BMO","BANK OF MONTREAL","Financial","Fixed Income","8,002,837.04","0.47","8,002,837.04","8,017,000.00","8,017,000.00","99.49","Canada","-","CAD","3.09","1.00","Jun 1, 2027","4.31","CAD","Jun 1, 2022"
"BMO","BANK OF MONTREAL","Financial","Fixed Income","7,436,120.44","0.43","7,436,120.44","7,620,000.00","7,620,000.00","96.55","Canada","-","CAD","3.83","1.00","Mar 1, 2028","3.19","CAD","Mar 1, 2018"
"BMO","BANK OF MONTREAL","Financial","Fixed Income","7,208,702.75","0.42","7,208,702.75","7,020,000.00","7,020,000.00","102.27","Canada","-","CAD","3.88","1.00","May 29, 2028","5.04","CAD","May 29, 2023"
"BNS","BANK OF NOVA SCOTIA","Financial","Fixed Income","6,946,054.63","0.40","6,946,054.63","7,420,000.00","7,420,000.00","93.32","Canada","-","CAD","2.73","1.00","Nov 2, 2026","1.85","CAD","Oct 8, 2021"
"RY","ROYAL BANK OF CANADA","Financial","Fixed Income","6,943,065.65","0.40","6,943,065.65","7,291,000.00","7,291,000.00","94.25","Canada","-","CAD","2.91","1.00","Jan 28, 2027","2.33","CAD","Jan 28, 2020"
"NACN","NATIONAL BANK OF CANADA","Financial","Fixed Income","6,883,940.21","0.40","6,883,940.21","6,670,000.00","6,670,000.00","102.99","Canada","-","CAD","3.98","1.00","Jun 14, 2028","5.22","CAD","Jun 14, 2023"
"TD","TORONTO-DOMINION BANK/THE RegS","Financial","Fixed Income","6,808,549.74","0.40","6,808,549.74","6,535,000.00","6,535,000.00","103.17","Canada","-","CAD","3.42","1.00","Oct 21, 2027","5.38","CAD","Oct 21, 2022"
"RY","ROYAL BANK OF CANADA","Financial","Fixed Income","6,732,703.29","0.39","6,732,703.29","6,562,000.00","6,562,000.00","100.63","Canada","-","CAD","3.22","1.00","Jul 26, 2027","4.61","CAD","Jul 25, 2022"
"TRPCN","TRANSCANADA PIPELINES LTD MTN","Energy","Fixed Income","6,676,212.58","0.39","6,676,212.58","6,748,000.00","6,748,000.00","98.05","Canada","-","CAD","2.94","1.00","Apr 5, 2027","3.80","CAD","Apr 3, 2020"
"RY","ROYAL BANK OF CANADA","Financial","Fixed Income","6,658,866.16","0.39","6,658,866.16","6,471,000.00","6,471,000.00","100.80","Canada","-","CAD","3.61","1.00","Jan 17, 2028","4.64","CAD","Jan 17, 2023"
"BMO","BANK OF MONTREAL","Financial","Fixed Income","6,441,044.30","0.38","6,441,044.30","6,544,000.00","6,544,000.00","97.54","Canada","-","CAD","2.99","1.00","Apr 1, 2027","3.65","CAD","Apr 1, 2022"
"CM","CANADIAN IMPERIAL BANK OF COMMERCE","Financial","Fixed Income","6,273,321.99","0.37","6,273,321.99","6,482,000.00","6,482,000.00","96.38","Canada","-","CAD","1.26","1.00","Apr 17, 2025","2.00","CAD","Apr 17, 2020"
"TD","TORONTO-DOMINION BANK/THE RegS","Financial","Fixed Income","6,224,856.12","0.36","6,224,856.12","6,096,000.00","6,096,000.00","100.10","Canada","-","CAD","3.62","1.00","Jan 18, 2028","4.48","CAD","Jan 18, 2023"
"BNS","BANK OF NOVA SCOTIA","Financial","Fixed Income","6,146,461.49","0.36","6,146,461.49","6,303,000.00","6,303,000.00","96.25","Canada","-","CAD","3.77","1.00","Feb 2, 2028","3.10","CAD","Feb 2, 2018"
"CM","CANADIAN IMPERIAL BANK OF COMMERCE","Financial","Fixed Income","6,094,194.70","0.35","6,094,194.70","6,009,000.00","6,009,000.00","101.42","Canada","-","CAD","3.14","1.00","Jun 29, 2027","4.95","CAD","Jun 29, 2022"
"CM","CANADIAN IMPERIAL BANK OF COMMERCE","Financial","Fixed Income","5,923,572.76","0.34","5,923,572.76","5,755,000.00","5,755,000.00","101.78","Canada","-","CAD","3.33","1.00","Oct 7, 2027","5.05","CAD","Oct 7, 2022"
"TD","TORONTO-DOMINION BANK/THE","Financial","Fixed Income","5,723,944.05","0.33","5,723,944.05","5,886,000.00","5,886,000.00","96.68","Canada","-","CAD","1.16","1.00","Mar 13, 2025","1.94","CAD","Mar 13, 2020"
"RY","ROYAL BANK OF CANADA","Financial","Fixed Income","5,662,741.50","0.33","5,662,741.50","5,503,000.00","5,503,000.00","102.09","Canada","-","CAD","2.62","1.00","Nov 2, 2026","5.24","CAD","Oct 28, 2022"
"BNS","BANK OF NOVA SCOTIA","Financial","Fixed Income","5,645,858.05","0.33","5,645,858.05","5,807,000.00","5,807,000.00","96.62","Canada","-","CAD","3.09","1.00","May 3, 2032","3.93","CAD","Mar 21, 2022"
"TD","TORONTO-DOMINION BANK/THE","Financial","Fixed Income","5,612,881.70","0.33","5,612,881.70","5,971,000.00","5,971,000.00","93.94","Canada","-","CAD","1.89","1.00","Dec 9, 2025","1.13","CAD","Dec 9, 2020"
"TD","TORONTO-DOMINION BANK/THE","Financial","Fixed Income","5,475,274.48","0.32","5,475,274.48","5,752,000.00","5,752,000.00","94.11","Canada","-","CAD","2.86","1.00","Jan 7, 2027","2.26","CAD","Jan 7, 2022"
"CM","CANADIAN IMPERIAL BANK OF COMMERCE","Financial","Fixed Income","5,472,088.30","0.32","5,472,088.30","5,756,000.00","5,756,000.00","93.99","Canada","-","CAD","2.86","1.00","Jan 7, 2027","2.25","CAD","Jan 7, 2022"
"CM","CANADIAN IMPERIAL BANK OF COMMERCE","Financial","Fixed Income","5,463,448.70","0.32","5,463,448.70","5,545,000.00","5,545,000.00","98.23","Canada","-","CAD","1.35","1.00","May 26, 2025","3.30","CAD","May 25, 2018"
"BNS","BANK OF NOVA SCOTIA","Financial","Fixed Income","5,459,527.42","0.32","5,459,527.42","5,585,000.00","5,585,000.00","96.88","Canada","-","CAD","1.06","1.00","Feb 3, 2025","2.16","CAD","Jan 31, 2020"
"HLTHQC","HEALTH MONTREAL COLLECTIVE LP 144A","Infrastructure","Fixed Income","5,413,896.62","0.32","5,413,896.62","4,670,037.00","4,670,037.00","114.27","Canada","-","CAD","10.03","1.00","Sep 30, 2049","6.72","CAD","Jun 10, 2011"
"BNS","BANK OF NOVA SCOTIA","Financial","Fixed Income","5,409,611.44","0.31","5,409,611.44","5,258,000.00","5,258,000.00","102.11","Canada","-","CAD","2.19","1.00","May 8, 2026","5.50","CAD","Nov 9, 2022"
"TD","TORONTO-DOMINION BANK/THE MTN","Financial","Fixed Income","5,346,533.56","0.31","5,346,533.56","5,556,000.00","5,556,000.00","94.92","Canada","-","CAD","2.87","1.00","Jan 26, 2032","3.06","CAD","Jun 25, 2019"
"TD","TORONTO-DOMINION BANK/THE","Financial","Fixed Income","5,339,532.17","0.31","5,339,532.17","5,261,000.00","5,261,000.00","99.65","Canada","-","CAD","1.94","1.00","Jan 27, 2026","4.34","CAD","Jul 27, 2022"
"BNS","BANK OF NOVA SCOTIA","Financial","Fixed Income","5,243,776.91","0.31","5,243,776.91","5,362,000.00","5,362,000.00","96.88","Canada","-","CAD","1.00","1.00","Jan 10, 2025","1.95","CAD","Jan 10, 2022"
"ENBCN","ENBRIDGE INC","Energy","Fixed Income","5,135,474.52","0.30","5,135,474.52","5,370,000.00","5,370,000.00","94.26","Canada","-","CAD","3.06","1.00","Sep 27, 2077","5.38","CAD","Sep 26, 2017"
"RCICN","ROGERS COMMS INC","Communication","Fixed Income","5,119,026.87","0.30","5,119,026.87","4,444,000.00","4,444,000.00","114.26","Canada","-","CAD","10.16","1.00","Nov 9, 2039","6.75","CAD","Apr 3, 2023"
"RY","ROYAL BANK OF CANADA","Financial","Fixed Income","5,107,868.88","0.30","5,107,868.88","5,486,000.00","5,486,000.00","92.78","Canada","-","CAD","2.44","1.00","Nov 3, 2031","2.14","CAD","Oct 14, 2021"
"BCECN","BELL CANADA MTN","Communication","Fixed Income","4,990,662.79","0.29","4,990,662.79","5,031,000.00","5,031,000.00","98.21","Canada","-","CAD","1.13","1.00","Mar 12, 2025","3.35","CAD","Mar 12, 2018"
"RY","ROYAL BANK OF CANADA","Financial","Fixed Income","4,984,167.44","0.29","4,984,167.44","5,155,000.00","5,155,000.00","96.38","Canada","-","CAD","1.30","1.00","May 1, 2025","1.94","CAD","May 1, 2020"
"RY","ROYAL BANK OF CANADA MTN RegS","Financial","Fixed Income","4,974,527.35","0.29","4,974,527.35","4,862,000.00","4,862,000.00","100.26","Canada","-","CAD","3.62","1.00","Feb 1, 2033","5.01","CAD","Jan 31, 2023"
"TD","TORONTO-DOMINION BANK/THE","Financial","Fixed Income","4,952,888.67","0.29","4,952,888.67","4,660,000.00","4,660,000.00","104.60","Canada","-","CAD","4.09","1.00","Sep 8, 2028","5.49","CAD","Sep 8, 2023"
"TD","TORONTO-DOMINION BANK/THE","Financial","Fixed Income","4,921,623.76","0.29","4,921,623.76","4,700,000.00","4,700,000.00","102.18","Canada","-","CAD","2.30","1.00","Jul 10, 2026","5.42","CAD","Jul 10, 2023"
"HSBC","HSBC BANK CANADA","Financial","Fixed Income","4,881,655.06","0.28","4,881,655.06","4,924,000.00","4,924,000.00","98.24","Canada","-","CAD","1.18","1.00","Mar 24, 2025","3.40","CAD","Mar 24, 2022"
"RCICN","ROGERS COMMUNICATIONS INC","Communication","Fixed Income","4,816,977.32","0.28","4,816,977.32","4,892,000.00","4,892,000.00","97.57","Canada","-","CAD","2.96","1.00","Mar 31, 2027","3.65","CAD","Mar 31, 2020"
"BNS","BANK OF NOVA SCOTIA","Financial","Fixed Income","4,797,395.37","0.28","4,797,395.37","5,312,000.00","5,312,000.00","90.09","Canada","-","CAD","3.68","1.00","Nov 1, 2027","1.40","CAD","Oct 15, 2020"
"NACN","NATIONAL BANK OF CANADA","Financial","Fixed Income","4,691,082.88","0.27","4,691,082.88","4,770,000.00","4,770,000.00","97.30","Canada","-","CAD","1.06","1.00","Feb 3, 2025","2.58","CAD","Dec 19, 2019"
"WEMALL","ORIGINAL WEMPI INC","Real Estate","Fixed Income","4,679,793.71","0.27","4,679,793.71","4,350,000.00","4,350,000.00","105.75","Canada","-","CAD","3.05","1.00","Oct 4, 2027","7.79","CAD","Oct 4, 2023"
"BCECN","BELL CANADA MTN","Communication","Fixed Income","4,631,081.13","0.27","4,631,081.13","4,230,000.00","4,230,000.00","108.70","Canada","-","CAD","6.86","1.00","Nov 10, 2032","5.85","CAD","Nov 10, 2022"
"BMO","BANK OF MONTREAL MTN","Financial","Fixed Income","4,598,420.91","0.27","4,598,420.91","4,689,000.00","4,689,000.00","97.11","Canada","-","CAD","1.06","1.00","Feb 3, 2025","2.37","CAD","Jan 17, 2020"
"TRPCN","TRANSCANADA TRUST","Energy","Fixed Income","4,555,435.58","0.27","4,555,435.58","4,954,000.00","4,954,000.00","91.43","Canada","-","CAD","2.78","1.00","May 18, 2077","4.65","CAD","May 18, 2017"
"TD","TORONTO-DOMINION BANK/THE RegS","Financial","Fixed Income","4,508,479.79","0.26","4,508,479.79","4,915,000.00","4,915,000.00","91.15","Canada","-","CAD","3.95","1.00","Mar 8, 2028","1.89","CAD","Mar 8, 2021"
"RY","ROYAL BANK OF CANADA RegS","Financial","Fixed Income","4,501,080.94","0.26","4,501,080.94","4,310,000.00","4,310,000.00","104.36","Canada","-","CAD","5.52","1.00","Jun 24, 2030","5.23","CAD","Jun 23, 2023"
"TRPCN","TRANSCANADA PIPELINES LTD MTN RegS","Energy","Fixed Income","4,407,318.43","0.26","4,407,318.43","4,160,000.00","4,160,000.00","103.32","Canada","-","CAD","5.25","1.00","Jul 15, 2030","5.28","CAD","Mar 10, 2023"
"CM","CANADIAN IMPERIAL BANK OF COMMERCE","Financial","Fixed Income","4,364,712.84","0.25","4,364,712.84","4,115,000.00","4,115,000.00","103.54","Canada","-","CAD","3.48","1.00","Jan 14, 2028","5.50","CAD","Jul 14, 2023"
"RCICN","ROGERS COMMUNICATIONS INC","Communication","Fixed Income","4,318,880.39","0.25","4,318,880.39","4,393,000.00","4,393,000.00","97.68","Canada","-","CAD","1.24","1.00","Apr 15, 2025","3.10","CAD","Mar 11, 2022"
"TRICN","THOMSON REUTERS CORPORATION","Communication","Fixed Income","4,303,631.90","0.25","4,303,631.90","4,439,000.00","4,439,000.00","96.67","Canada","-","CAD","1.33","1.00","May 14, 2025","2.24","CAD","May 14, 2020"
"BNS","BANK OF NOVA SCOTIA","Financial","Fixed Income","4,247,800.53","0.25","4,247,800.53","4,185,000.00","4,185,000.00","101.50","Canada","-","CAD","1.74","1.00","Dec 29, 2025","5.50","CAD","Jun 29, 2023"
"CCDJ","FEDERATION DES CAISSES DESJARDINS","Financial","Fixed Income","4,206,409.54","0.24","4,206,409.54","4,010,000.00","4,010,000.00","104.27","Canada","-","CAD","4.22","1.00","Nov 17, 2028","5.47","CAD","Nov 17, 2023"
"RY","ROYAL BANK OF CANADA RegS","Financial","Fixed Income","4,150,949.85","0.24","4,150,949.85","4,130,000.00","4,130,000.00","100.41","Canada","-","CAD","2.78","1.00","Dec 21, 2026","4.26","CAD","Dec 21, 2023"
"MFCCN","MANULIFE FINANCIAL CORP RegS","Financial","Fixed Income","4,108,320.00","0.24","4,108,320.00","3,960,000.00","3,960,000.00","102.12","Canada","-","CAD","3.64","1.00","Mar 10, 2033","5.41","CAD","Mar 10, 2023"
"CVECN","CENOVUS ENERGY INC","Energy","Fixed Income","4,082,705.68","0.24","4,082,705.68","4,177,000.00","4,177,000.00","96.36","Canada","-","CAD","3.73","1.00","Feb 7, 2028","3.50","CAD","Aug 7, 2020"
"RY","ROYAL BANK OF CANADA RegS","Financial","Fixed Income","4,004,475.41","0.23","4,004,475.41","3,925,000.00","3,925,000.00","101.94","Canada","-","CAD","2.32","1.00","Jun 23, 2026","5.34","CAD","Jun 23, 2023"
"RY","ROYAL BANK OF CANADA RegS","Financial","Fixed Income","3,963,815.88","0.23","3,963,815.88","4,092,000.00","4,092,000.00","95.83","Canada","-","CAD","1.44","1.00","Jun 30, 2030","2.09","CAD","Jun 30, 2020"
"GWOCN","GREAT-WEST LIFECO INC","Financial","Fixed Income","3,963,222.88","0.23","3,963,222.88","5,029,000.00","5,029,000.00","77.03","Canada","-","CAD","1.31","1.00","Dec 31, 2081","3.60","CAD","Aug 16, 2021"
"CM","CANADIAN IMPERIAL BANK OF COMMERCE","Financial","Fixed Income","3,914,389.01","0.23","3,914,389.01","3,850,000.00","3,850,000.00","101.37","Canada","-","CAD","2.72","1.00","Dec 7, 2026","5.00","CAD","Dec 7, 2023"
"BMO","BANK OF MONTREAL","Financial","Fixed Income","3,912,004.62","0.23","3,912,004.62","4,084,000.00","4,084,000.00","95.72","Canada","-","CAD","1.42","1.00","Jun 17, 2030","2.08","CAD","Jun 17, 2020"
"ENBCN","ENBRIDGE INC MTN","Energy","Fixed Income","3,886,482.82","0.23","3,886,482.82","4,037,000.00","4,037,000.00","96.09","Canada","-","CAD","3.21","1.00","Jun 8, 2027","3.20","CAD","Jun 8, 2017"
"RY","ROYAL BANK OF CANADA","Financial","Fixed Income","3,870,381.43","0.23","3,870,381.43","3,885,000.00","3,885,000.00","99.54","Canada","-","CAD","1.89","1.00","Dec 22, 2025","4.11","CAD","Dec 22, 2022"
"CM","CANADIAN IMPERIAL BANK OF COMMERCE","Financial","Fixed Income","3,863,837.42","0.22","3,863,837.42","4,112,000.00","4,112,000.00","93.47","Canada","-","CAD","1.99","1.00","Jan 19, 2026","1.10","CAD","Jan 19, 2021"
"HSBC","HSBC BANK CANADA","Financial","Fixed Income","3,846,490.67","0.22","3,846,490.67","4,068,000.00","4,068,000.00","94.36","Canada","-","CAD","2.30","1.00","May 20, 2026","1.78","CAD","May 20, 2021"
"RY","ROYAL BANK OF CANADA","Financial","Fixed Income","3,827,157.24","0.22","3,827,157.24","4,058,000.00","4,058,000.00","94.07","Canada","-","CAD","2.26","1.00","May 4, 2026","1.59","CAD","May 4, 2021"
"BMO","BANK OF MONTREAL","Financial","Fixed Income","3,810,382.18","0.22","3,810,382.18","4,057,000.00","4,057,000.00","93.79","Canada","-","CAD","2.33","1.00","May 28, 2026","1.55","CAD","May 28, 2021"
"RCICN","ROGERS COMMUNICATIONS INC RegS","Communication","Fixed Income","3,791,628.85","0.22","3,791,628.85","3,470,000.00","3,470,000.00","107.67","Canada","-","CAD","7.31","1.00","Sep 21, 2033","5.90","CAD","Sep 21, 2023"
"BMO","BANK OF MONTREAL RegS","Financial","Fixed Income","3,782,576.15","0.22","3,782,576.15","3,562,000.00","3,562,000.00","104.32","Canada","-","CAD","4.04","1.00","Sep 7, 2033","6.03","CAD","Sep 7, 2023"
"TCN","TELUS CORPORATION","Communication","Fixed Income","3,767,212.02","0.22","3,767,212.02","3,621,000.00","3,621,000.00","103.41","Canada","-","CAD","7.01","1.00","Nov 15, 2032","5.25","CAD","Sep 13, 2022"
"BNS","BANK OF NOVA SCOTIA","Financial","Fixed Income","3,763,752.34","0.22","3,763,752.34","3,920,000.00","3,920,000.00","95.82","Canada","-","CAD","2.78","1.00","Dec 2, 2026","2.62","CAD","Dec 2, 2016"
"CCDJ","FEDERATION DES CAISSES DESJARDINS","Financial","Fixed Income","3,601,265.33","0.21","3,601,265.33","3,593,000.00","3,593,000.00","99.75","Canada","-","CAD","3.12","1.00","May 19, 2027","4.41","CAD","May 19, 2022"
"CCDJ","FEDERATION DES CAISSES DESJARDINS","Financial","Fixed Income","3,565,035.56","0.21","3,565,035.56","3,503,000.00","3,503,000.00","100.01","Canada","-","CAD","3.27","1.00","Aug 23, 2032","5.04","CAD","Aug 23, 2022"
"CM","CANADIAN IMPERIAL BANK OF COMMERCE","Financial","Fixed Income","3,516,611.01","0.20","3,516,611.01","3,571,000.00","3,571,000.00","97.52","Canada","-","CAD","2.97","1.00","Apr 7, 2032","4.20","CAD","Apr 7, 2022"
"CM","CANADIAN IMPERIAL BANK OF COMMERCE","Financial","Fixed Income","3,507,227.04","0.20","3,507,227.04","3,707,000.00","3,707,000.00","93.84","Canada","-","CAD","2.43","1.00","Jul 15, 2026","1.70","CAD","Jul 15, 2021"
"TD","TORONTO-DOMINION BANK/THE RegS","Financial","Fixed Income","3,497,121.27","0.20","3,497,121.27","3,850,000.00","3,850,000.00","90.27","Canada","-","CAD","4.41","1.00","Sep 11, 2028","1.90","CAD","Sep 10, 2021"
"CCDJ","FEDERATION DES CAISSES DESJARDINS","Financial","Fixed Income","3,445,511.63","0.20","3,445,511.63","3,378,000.00","3,378,000.00","100.73","Canada","-","CAD","1.65","1.00","Oct 1, 2025","5.20","CAD","Nov 16, 2022"
"BCECN","BELL TELEPHONE COMPANY OF CANADA O MTN","Communication","Fixed Income","3,418,243.46","0.20","3,418,243.46","3,436,000.00","3,436,000.00","98.13","Canada","-","CAD","4.08","1.00","Aug 21, 2028","3.80","CAD","Aug 21, 2018"
"BNS","BANK OF NOVA SCOTIA RegS","Financial","Fixed Income","3,388,419.19","0.20","3,388,419.19","3,210,000.00","3,210,000.00","102.73","Canada","-","CAD","3.94","1.00","Aug 2, 2033","5.68","CAD","Jun 12, 2023"
"CP","CANADIAN PACIFIC RAILWAY COMPANY","Industrial","Fixed Income","3,342,303.47","0.19","3,342,303.47","3,533,000.00","3,533,000.00","93.75","Canada","-","CAD","3.88","1.00","Feb 28, 2028","2.54","CAD","Nov 24, 2021"
"RY","ROYAL BANK OF CANADA RegS","Financial","Fixed Income","3,328,877.50","0.19","3,328,877.50","3,527,000.00","3,527,000.00","93.93","Canada","-","CAD","3.10","1.00","May 3, 2032","2.94","CAD","Jan 25, 2022"
"BCECN","BELL CANADA MTN RegS","Communication","Fixed Income","3,324,957.71","0.19","3,324,957.71","3,245,000.00","3,245,000.00","100.69","Canada","-","CAD","5.19","1.00","Feb 9, 2030","4.55","CAD","Feb 9, 2023"
"ENBCN","ENBRIDGE INC MTN","Energy","Fixed Income","3,301,923.97","0.19","3,301,923.97","3,015,000.00","3,015,000.00","108.68","Canada","-","CAD","6.80","1.00","Nov 9, 2032","6.10","CAD","Nov 9, 2022"
"SUCN","SUNCOR ENERGY INC MTN","Energy","Fixed Income","3,293,181.36","0.19","3,293,181.36","3,225,000.00","3,225,000.00","101.47","Canada","-","CAD","1.77","1.00","Nov 17, 2025","5.60","CAD","Nov 17, 2023"
"ENBCN","ENBRIDGE INC MTN","Energy","Fixed Income","3,280,897.23","0.19","3,280,897.23","3,522,000.00","3,522,000.00","92.44","Canada","-","CAD","5.20","1.00","Oct 3, 2029","2.99","CAD","Oct 3, 2019"
"BNCN","BROOKFIELD FINANCE II INC RegS","Industrial","Fixed Income","3,270,975.09","0.19","3,270,975.09","3,180,000.00","3,180,000.00","102.64","Canada","-","CAD","7.04","1.00","Dec 14, 2032","5.43","CAD","Dec 14, 2022"
"NACN","NATIONAL BANK OF CANADA","Financial","Fixed Income","3,255,192.96","0.19","3,255,192.96","3,199,000.00","3,199,000.00","100.94","Canada","-","CAD","1.74","1.00","Nov 3, 2025","5.30","CAD","Nov 3, 2022"
"BCECN","BELL CANADA INC MTN","Communication","Fixed Income","3,242,972.39","0.19","3,242,972.39","3,539,000.00","3,539,000.00","90.79","Canada","-","CAD","6.35","1.00","Mar 17, 2031","3.00","CAD","Mar 17, 2021"
"BMO","BANK OF MONTREAL","Financial","Fixed Income","3,236,880.88","0.19","3,236,880.88","3,452,000.00","3,452,000.00","92.92","Canada","-","CAD","2.43","1.00","Jul 22, 2031","1.93","CAD","Jul 22, 2021"
"CARDS_22-3-A","CARDS_22-3 A","Securitized","Fixed Income","3,234,543.18","0.19","3,234,543.18","3,247,000.00","3,247,000.00","99.09","Canada","-","CAD","1.32","1.00","May 15, 2025","4.33","CAD","Jun 9, 2022"
"CM","CANADIAN IMPERIAL BANK OF COMMERCE","Financial","Fixed Income","3,219,525.03","0.19","3,219,525.03","3,115,000.00","3,115,000.00","100.99","Canada","-","CAD","3.57","1.00","Jan 20, 2033","5.33","CAD","Jan 20, 2023"
"RY","ROYAL BANK OF CANADA","Financial","Fixed Income","3,218,503.62","0.19","3,218,503.62","3,535,000.00","3,535,000.00","90.29","Canada","-","CAD","4.31","1.00","Jul 31, 2028","1.83","CAD","Jul 29, 2021"
"RCICN","ROGERS COMMUNICATIONS INC","Communication","Fixed Income","3,216,271.27","0.19","3,216,271.27","3,316,000.00","3,316,000.00","96.22","Canada","-","CAD","4.72","1.00","Apr 15, 2029","3.75","CAD","Mar 11, 2022"
"CCDJ","FEDERATION DES CAISSES DESJARDINS","Financial","Fixed Income","3,214,090.24","0.19","3,214,090.24","3,441,000.00","3,441,000.00","93.24","Canada","-","CAD","2.30","1.00","May 28, 2031","2.00","CAD","May 28, 2021"
"TCN","TELUS CORPORATION","Communication","Fixed Income","3,213,277.06","0.19","3,213,277.06","2,955,000.00","2,955,000.00","106.98","Canada","-","CAD","7.32","1.00","Sep 8, 2033","5.75","CAD","Sep 8, 2023"
"CCDJ","FEDERATION DES CAISSES DESJARDINS","Financial","Fixed Income","3,200,632.59","0.19","3,200,632.59","3,302,000.00","3,302,000.00","96.67","Canada","-","CAD","1.33","1.00","May 26, 2030","2.86","CAD","May 26, 2020"
"TD","TORONTO-DOMINION BANK/THE MTN","Financial","Fixed Income","3,191,667.42","0.19","3,191,667.42","3,142,000.00","3,142,000.00","100.04","Canada","-","CAD","2.03","1.00","Mar 4, 2031","4.86","CAD","Mar 4, 2016"
"CAD","CAD CASH","Cash and/or Derivatives","Cash","3,164,820.10","0.18","3,164,820.10","3,164,820.00","3,164,820.00","100.00","Canada","-","CAD","0.00","1.00","-","0.00","CAD","Jan 1, 1989"
"BCECN","BELL CANADA INC","Communication","Fixed Income","3,164,023.38","0.18","3,164,023.38","4,024,000.00","4,024,000.00","77.77","Canada","-","CAD","15.86","1.00","Sep 30, 2050","3.50","CAD","Feb 13, 2020"
"MFCCN","MANULIFE FINANCIAL CORP","Financial","Fixed Income","3,157,586.70","0.18","3,157,586.70","3,268,000.00","3,268,000.00","96.33","Canada","-","CAD","1.30","1.00","May 12, 2030","2.24","CAD","May 12, 2020"
"RCICN","ROGERS COMMUNICATIONS INC","Communication","Fixed Income","3,120,802.22","0.18","3,120,802.22","3,105,000.00","3,105,000.00","99.43","Canada","-","CAD","14.64","1.00","Apr 15, 2052","5.25","CAD","Mar 11, 2022"
"ENBCN","ENBRIDGE INC MTN","Energy","Fixed Income","3,118,900.26","0.18","3,118,900.26","3,572,000.00","3,572,000.00","86.47","Canada","-","CAD","8.16","1.00","Sep 21, 2033","3.10","CAD","Sep 21, 2021"
"NWRWPT","NORTH WEST REDWATER PARTNERSHIP","Energy","Fixed Income","3,106,232.18","0.18","3,106,232.18","3,455,000.00","3,455,000.00","89.69","Canada","-","CAD","6.60","1.00","Jun 1, 2031","2.80","CAD","Jun 30, 2021"
"TRPCN","TRANSCANADA PIPELINES LTD MTN RegS","Energy","Fixed Income","3,099,064.86","0.18","3,099,064.86","3,574,000.00","3,574,000.00","84.66","Canada","-","CAD","14.19","1.00","Jul 3, 2048","4.18","CAD","Jul 3, 2018"
"CUCN","CU INC","Energy","Fixed Income","3,069,402.78","0.18","3,069,402.78","3,204,000.00","3,204,000.00","94.48","Canada","-","CAD","13.50","1.00","Sep 2, 2044","4.09","CAD","Sep 5, 2014"
"SLFCN","SUN LIFE FINANCIAL INC","Financial","Fixed Income","3,057,805.89","0.18","3,057,805.89","3,322,000.00","3,322,000.00","91.76","Canada","-","CAD","4.42","1.00","Nov 21, 2033","2.80","CAD","Nov 18, 2021"
"TRPCN","TRANSCANADA PIPELINES LTD MTN","Energy","Fixed Income","3,055,872.73","0.18","3,055,872.73","3,494,000.00","3,494,000.00","86.57","Canada","-","CAD","14.63","1.00","Oct 15, 2049","4.34","CAD","Apr 10, 2019"
"NACN","NATIONAL BANK OF CANADA","Financial","Fixed Income","3,049,038.50","0.18","3,049,038.50","3,260,000.00","3,260,000.00","93.47","Canada","-","CAD","2.38","1.00","Jun 15, 2026","1.53","CAD","Jun 15, 2021"
"RCICN","ROGERS COMMUNICATIONS INC.","Communication","Fixed Income","3,036,325.88","0.18","3,036,325.88","3,214,000.00","3,214,000.00","93.96","Canada","-","CAD","4.83","1.00","May 1, 2029","3.25","CAD","Apr 30, 2019"
"BCECN","BELL CANADA INC","Communication","Fixed Income","3,021,762.78","0.18","3,021,762.78","3,367,000.00","3,367,000.00","89.44","Canada","-","CAD","5.79","1.00","May 14, 2030","2.50","CAD","May 14, 2020"
"RCICN","ROGERS COMMUNICATIONS INC","Communication","Fixed Income","3,003,177.90","0.17","3,003,177.90","3,092,000.00","3,092,000.00","96.25","Canada","-","CAD","6.86","1.00","Apr 15, 2032","4.25","CAD","Mar 11, 2022"
"BNS","SCOTIABANK CAPITAL TRUST","Financial","Fixed Income","2,962,589.60","0.17","2,962,589.60","2,677,000.00","2,677,000.00","107.85","Canada","-","CAD","9.14","1.00","Dec 31, 2056","5.65","CAD","Sep 28, 2006"
"SLFCN","SUN LIFE FINANCIAL INC MTN","Financial","Fixed Income","2,928,593.54","0.17","2,928,593.54","3,121,000.00","3,121,000.00","93.49","Canada","-","CAD","3.12","1.00","May 10, 2032","2.58","CAD","May 8, 2020"
"MFCCN","MANULIFE FINANCIAL CORP","Financial","Fixed Income","2,926,614.34","0.17","2,926,614.34","3,276,000.00","3,276,000.00","88.98","Canada","-","CAD","5.53","1.00","May 13, 2035","2.82","CAD","May 12, 2020"
"RY","ROYAL BANK OF CANADA","Financial","Fixed Income","2,902,298.99","0.17","2,902,298.99","3,232,000.00","3,232,000.00","89.09","Canada","-","CAD","3.86","1.00","Jan 28, 2033","1.67","CAD","Jan 28, 2021"
"ATDBCN","ALIMENTATION COUCHE-TARD INC","Industrial","Fixed Income","2,898,235.32","0.17","2,898,235.32","2,685,000.00","2,685,000.00","106.49","Canada","-","CAD","5.49","1.00","Sep 25, 2030","5.59","CAD","Sep 25, 2023"
"NACN","NATIONAL BANK OF CANADA","Financial","Fixed Income","2,891,182.50","0.17","2,891,182.50","3,058,000.00","3,058,000.00","94.21","Canada","-","CAD","2.72","1.00","Nov 4, 2026","2.24","CAD","Nov 4, 2021"
"RCICN","ROGERS COMMUNICATIONS INC RegS","Communication","Fixed Income","2,890,988.35","0.17","2,890,988.35","2,715,000.00","2,715,000.00","104.94","Canada","-","CAD","4.04","1.00","Sep 21, 2028","5.70","CAD","Sep 21, 2023"
"TCN","TELUS CORPORATION","Communication","Fixed Income","2,823,547.34","0.16","2,823,547.34","2,815,000.00","2,815,000.00","98.61","Canada","-","CAD","1.00","1.00","Jan 17, 2025","3.75","CAD","Sep 15, 2014"
"BCECN","BELL CANADA MTN","Communication","Fixed Income","2,812,060.32","0.16","2,812,060.32","2,832,000.00","2,832,000.00","98.15","Canada","-","CAD","1.92","1.00","Mar 2, 2026","3.55","CAD","Feb 29, 2016"
"TRPCN","TRANSCANADA PIPELINES LTD MTN","Energy","Fixed Income","2,797,876.91","0.16","2,797,876.91","3,062,000.00","3,062,000.00","90.83","Canada","-","CAD","11.89","1.00","Nov 15, 2041","4.55","CAD","Nov 15, 2011"
"TCN","TELUS CORPORATION","Communication","Fixed Income","2,779,787.13","0.16","2,779,787.13","2,888,000.00","2,888,000.00","95.12","Canada","-","CAD","12.55","1.00","Apr 5, 2044","4.85","CAD","Apr 4, 2014"
"CM","CANADIAN IMPERIAL BANK OF COMMERCE","Financial","Fixed Income","2,744,894.70","0.16","2,744,894.70","2,927,000.00","2,927,000.00","93.41","Canada","-","CAD","2.21","1.00","Apr 21, 2031","1.97","CAD","Apr 19, 2021"
"TRPCN","TRANSCANADA PIPELINES LTD","Energy","Fixed Income","2,733,472.38","0.16","2,733,472.38","2,628,000.00","2,628,000.00","103.33","Canada","-","CAD","6.65","1.00","May 12, 2032","5.33","CAD","May 12, 2022"
"CM","CANADIAN IMPERIAL BANK OF COMMERCE RegS","Financial","Fixed Income","2,691,482.72","0.16","2,691,482.72","2,792,000.00","2,792,000.00","95.51","Canada","-","CAD","1.50","1.00","Jul 21, 2030","2.01","CAD","Jul 21, 2020"
"ATIMLP","ATHABASCA INDIGENOUS MIDSTREAM LIM","Energy","Fixed Income","2,681,327.19","0.16","2,681,327.19","2,513,155.00","2,513,155.00","105.79","Canada","-","CAD","7.80","1.00","Feb 5, 2042","6.07","CAD","Oct 5, 2022"
"IPLCN","INTER PIPELINE LTD","Energy","Fixed Income","2,676,057.52","0.16","2,676,057.52","2,540,000.00","2,540,000.00","103.24","Canada","-","CAD","3.56","1.00","Feb 17, 2028","5.76","CAD","Nov 17, 2022"
"CM","CANADIAN IMPERIAL BANK OF COMMERCE","Financial","Fixed Income","2,669,948.87","0.16","2,669,948.87","2,610,000.00","2,610,000.00","101.27","Canada","-","CAD","3.81","1.00","Apr 20, 2033","5.35","CAD","Apr 20, 2023"
"CCDJ","FEDERATION DES CAISSES DESJARDINS","Financial","Fixed Income","2,662,704.82","0.16","2,662,704.82","2,836,000.00","2,836,000.00","93.41","Canada","-","CAD","2.00","1.00","Jan 21, 2026","1.09","CAD","Jan 21, 2021"
"BMO","BANK OF MONTREAL","Financial","Fixed Income","2,620,763.54","0.15","2,620,763.54","2,460,000.00","2,460,000.00","105.41","Canada","-","CAD","3.37","1.00","Oct 27, 2032","6.53","CAD","Oct 27, 2022"
"NWRWPT","NORTH WEST REDWATER PARTNERSHIP /","Energy","Fixed Income","2,608,917.79","0.15","2,608,917.79","2,729,000.00","2,729,000.00","95.38","Canada","-","CAD","3.22","1.00","Jun 1, 2027","2.80","CAD","May 19, 2017"
"FFHCN","FAIRFAX FINANCIAL HOLDINGS LTD","Financial","Fixed Income","2,606,091.67","0.15","2,606,091.67","2,730,000.00","2,730,000.00","94.20","Canada","-","CAD","6.11","1.00","Mar 3, 2031","3.95","CAD","Mar 1, 2021"
"HYDONE","HYDRO ONE INC MTN","Infrastructure","Fixed Income","2,586,919.89","0.15","2,586,919.89","2,454,000.00","2,454,000.00","103.33","Canada","-","CAD","3.56","1.00","Jan 27, 2028","4.91","CAD","Oct 27, 2022"
"ONTPOW","ONTARIO POWER GENERATION INC MTN","Energy","Fixed Income","2,573,710.44","0.15","2,573,710.44","2,704,000.00","2,704,000.00","94.46","Canada","-","CAD","5.58","1.00","Apr 8, 2030","3.21","CAD","Apr 8, 2020"
"PPLCN","PEMBINA PIPELINE CORP MTN","Energy","Fixed Income","2,570,134.26","0.15","2,570,134.26","2,790,000.00","2,790,000.00","90.90","Canada","-","CAD","13.76","1.00","Mar 26, 2048","4.75","CAD","Mar 26, 2018"
"TCN","TELUS CORPORATION","Communication","Fixed Income","2,566,191.32","0.15","2,566,191.32","2,630,000.00","2,630,000.00","96.28","Canada","-","CAD","2.37","1.00","Jul 8, 2026","2.75","CAD","Jul 2, 2019"
"CNRCN","CANADIAN NATIONAL RAILWAY COMPANY","Industrial","Fixed Income","2,556,835.62","0.15","2,556,835.62","2,465,000.00","2,465,000.00","103.09","Canada","-","CAD","16.08","1.00","May 10, 2053","4.70","CAD","May 10, 2023"
"BMO","BANK OF MONTREAL","Financial","Fixed Income","2,551,742.37","0.15","2,551,742.37","2,654,000.00","2,654,000.00","96.00","Canada","-","CAD","2.80","1.00","Dec 9, 2026","2.70","CAD","Dec 9, 2016"
"BNCN","BROOKFIELD ASSET MANAGEMENT INC MTN","Industrial","Fixed Income","2,547,479.95","0.15","2,547,479.95","2,493,000.00","2,493,000.00","100.15","Canada","-","CAD","1.71","1.00","Jan 28, 2026","4.82","CAD","Jan 28, 2014"
"RCICN","ROGERS COMMUNICATIONS INC.","Communication","Fixed Income","2,537,930.39","0.15","2,537,930.39","2,310,000.00","2,310,000.00","107.76","Canada","-","CAD","10.44","1.00","Aug 25, 2040","6.11","CAD","Aug 25, 2010"
"TCN","TELUS CORPORATION","Communication","Fixed Income","2,526,386.57","0.15","2,526,386.57","2,649,000.00","2,649,000.00","94.86","Canada","-","CAD","4.82","1.00","May 2, 2029","3.30","CAD","Apr 3, 2019"
"BIP","BROOKFIELD INFRASTRUCTURE FINANCE","Infrastructure","Fixed Income","2,504,503.63","0.15","2,504,503.63","2,666,000.00","2,666,000.00","93.19","Canada","-","CAD","5.15","1.00","Oct 9, 2029","3.41","CAD","Oct 3, 2019"
"TRPCN","TRANSCANADA PIPELINES LTD MTN","Energy","Fixed Income","2,504,108.53","0.15","2,504,108.53","2,843,000.00","2,843,000.00","86.85","Canada","-","CAD","13.97","1.00","Sep 16, 2047","4.33","CAD","Sep 15, 2017"
"ENBCN","ENBRIDGE INC","Energy","Fixed Income","2,476,370.22","0.14","2,476,370.22","2,475,000.00","2,475,000.00","98.64","Canada","-","CAD","3.69","1.00","Apr 12, 2078","6.63","CAD","Apr 12, 2018"
"PPLCN","PEMBINA PIPELINE CORP MTN","Energy","Fixed Income","2,475,627.74","0.14","2,475,627.74","2,489,000.00","2,489,000.00","98.04","Canada","-","CAD","2.30","1.00","Aug 11, 2026","3.71","CAD","Aug 11, 2016"
"CHPUCN","CHOICE PROPERTIES REAL ESTATE INVE","Real Estate","Fixed Income","2,460,422.87","0.14","2,460,422.87","2,474,000.00","2,474,000.00","98.17","Canada","-","CAD","3.68","1.00","Mar 8, 2028","4.18","CAD","Mar 8, 2018"
"BCECN","BELL CANADA INC","Communication","Fixed Income","2,452,749.43","0.14","2,452,749.43","2,647,000.00","2,647,000.00","92.05","Canada","-","CAD","3.46","1.00","Aug 16, 2027","1.65","CAD","Aug 14, 2020"
"CVECN","CENOVUS ENERGY INC","Energy","Fixed Income","2,446,757.89","0.14","2,446,757.89","2,480,000.00","2,480,000.00","97.57","Canada","-","CAD","2.86","1.00","Mar 10, 2027","3.60","CAD","Mar 10, 2017"
"RY","ROYAL BANK OF CANADA","Financial","Fixed Income","2,429,374.76","0.14","2,429,374.76","2,363,000.00","2,363,000.00","100.57","Canada","-","CAD","1.45","1.00","Jul 16, 2025","4.93","CAD","Jul 16, 2010"
"GTAAIR","GREATER TORONTO AIRPORTS AUTHORITY","Infrastructure","Fixed Income","2,426,098.55","0.14","2,426,098.55","2,946,000.00","2,946,000.00","81.80","Canada","-","CAD","12.29","1.00","Oct 17, 2039","2.75","CAD","Sep 25, 2019"
"NORCOU","NORTHERN COURIER PIPELINE LP RegS","Energy","Fixed Income","2,399,799.56","0.14","2,399,799.56","2,618,849.00","2,618,849.00","89.96","Canada","-","CAD","6.28","1.00","Jun 30, 2042","3.37","CAD","Jul 17, 2019"
"TRPCN","TRANSCANADA PIPELINES LIMITED MTN RegS","Energy","Fixed Income","2,397,372.15","0.14","2,397,372.15","2,414,000.00","2,414,000.00","97.82","Canada","-","CAD","1.46","1.00","Jul 17, 2025","3.30","CAD","Jul 17, 2015"
"IPLCN","INTER PIPELINE LTD RegS","Energy","Fixed Income","2,371,906.72","0.14","2,371,906.72","2,300,000.00","2,300,000.00","102.66","Canada","-","CAD","5.28","1.00","May 29, 2030","5.71","CAD","May 29, 2023"
"BCECN","BELL TELEPHONE COMPANY OF CANADA O MTN","Communication","Fixed Income","2,369,778.64","0.14","2,369,778.64","2,407,000.00","2,407,000.00","97.56","Canada","-","CAD","3.38","1.00","Sep 29, 2027","3.60","CAD","Sep 29, 2017"
"NACN","NATIONAL BANK OF CANADA","Financial","Fixed Income","2,358,881.25","0.14","2,358,881.25","2,287,000.00","2,287,000.00","101.14","Canada","-","CAD","3.23","1.00","Aug 16, 2032","5.43","CAD","Jul 25, 2022"
"FORTFD_21-1-A","FORTFD_21-1 A","Securitized","Fixed Income","2,344,304.79","0.14","2,344,304.79","2,510,000.00","2,510,000.00","93.04","Canada","-","CAD","2.70","1.00","Oct 23, 2026","1.96","CAD","Oct 27, 2021"
"BCECN","BELL CANADA MTN RegS","Communication","Fixed Income","2,335,017.96","0.14","2,335,017.96","2,225,000.00","2,225,000.00","104.30","Canada","-","CAD","4.49","1.00","Mar 15, 2029","5.25","CAD","Nov 14, 2023"
"DE","JOHN DEERE FINANCIAL INC","Financial","Fixed Income","2,334,403.51","0.14","2,334,403.51","2,200,000.00","2,200,000.00","104.62","United States","-","CAD","4.14","1.00","Sep 15, 2028","5.17","CAD","Sep 15, 2023"
"CHPUCN","CHOICE PROPERTIES REAL ESTATE INVE","Real Estate","Fixed Income","2,326,029.14","0.14","2,326,029.14","2,458,000.00","2,458,000.00","94.46","Canada","-","CAD","4.90","1.00","Jun 11, 2029","3.53","CAD","Jun 11, 2019"
"ALCTRA","ALECTRA INC (CANADA)","Infrastructure","Fixed Income","2,324,416.26","0.14","2,324,416.26","2,440,000.00","2,440,000.00","94.98","Canada","-","CAD","3.20","1.00","May 17, 2027","2.49","CAD","May 17, 2017"
"PLENCS","PLENARY PROPERTIES LTAP LP","Infrastructure","Fixed Income","2,318,731.49","0.14","2,318,731.49","2,021,290.00","2,021,290.00","112.11","Canada","-","CAD","8.24","1.00","Jan 31, 2044","6.29","CAD","Jan 31, 2011"
"ENBCN","ENBRIDGE INC MTN","Energy","Fixed Income","2,310,735.54","0.13","2,310,735.54","2,508,000.00","2,508,000.00","90.77","Canada","-","CAD","12.62","1.00","Mar 11, 2044","4.57","CAD","Mar 11, 2014"
"GTAAIR","GREATER TORONTO AIRPORTS AUTHORITY MTN","Infrastructure","Fixed Income","2,309,464.87","0.13","2,309,464.87","2,041,000.00","2,041,000.00","111.32","Canada","-","CAD","11.46","1.00","Feb 25, 2041","5.30","CAD","Feb 23, 2011"
"ATDBCN","ALIMENTATION COUCHE-TARD INC RegS","Industrial","Fixed Income","2,304,754.71","0.13","2,304,754.71","2,337,000.00","2,337,000.00","98.35","Canada","-","CAD","1.31","1.00","Jun 2, 2025","3.60","CAD","Jun 2, 2015"
"GTAAIR","GREATER TORONTO AIRPORTS AUTHORITY MTN","Infrastructure","Fixed Income","2,292,188.79","0.13","2,292,188.79","1,902,000.00","1,902,000.00","119.08","Canada","-","CAD","6.74","1.00","Oct 15, 2032","6.98","CAD","Oct 15, 2002"
"ENBCN","ENBRIDGE INC 60NC10 RegS","Energy","Fixed Income","2,283,813.00","0.13","2,283,813.00","2,075,000.00","2,075,000.00","107.90","Canada","-","CAD","6.67","1.00","Jan 15, 2084","8.75","CAD","Sep 29, 2023"
"TRPCN","TRANSCANADA PIPELINES LTD MTN RegS","Energy","Fixed Income","2,276,221.44","0.13","2,276,221.44","2,438,000.00","2,438,000.00","92.53","Canada","-","CAD","5.16","1.00","Sep 18, 2029","3.00","CAD","Sep 18, 2019"
"IPLCN","INTER PIPELINE LTD","Energy","Fixed Income","2,273,027.03","0.13","2,273,027.03","2,481,000.00","2,481,000.00","91.25","Canada","-","CAD","6.68","1.00","Nov 25, 2031","3.98","CAD","Nov 25, 2021"
"BMO","BANK OF MONTREAL","Financial","Fixed Income","2,262,387.31","0.13","2,262,387.31","2,375,000.00","2,375,000.00","94.73","Canada","-","CAD","2.11","1.00","Mar 10, 2026","1.76","CAD","Mar 10, 2021"
"BRUPOW","BRUCE POWER LP RegS","Energy","Fixed Income","2,252,867.18","0.13","2,252,867.18","2,314,000.00","2,314,000.00","97.27","Canada","-","CAD","5.62","1.00","Jun 21, 2030","4.00","CAD","Apr 9, 2020"
"BIP","BROOKFIELD INFRASTRUCTURE FINANCE","Infrastructure","Fixed Income","2,248,848.22","0.13","2,248,848.22","2,266,000.00","2,266,000.00","97.99","Canada","-","CAD","4.12","1.00","Sep 11, 2028","4.19","CAD","Sep 10, 2018"
"FORTFD_22-1-A","FORTFD_22-1 A","Securitized","Fixed Income","2,239,250.10","0.13","2,239,250.10","2,280,000.00","2,280,000.00","98.15","Canada","-","CAD","1.43","1.00","Jun 23, 2025","3.70","CAD","Apr 26, 2022"
"BRUPOW","BRUCE POWER LP","Energy","Fixed Income","2,238,691.61","0.13","2,238,691.61","2,261,000.00","2,261,000.00","98.95","Canada","-","CAD","2.14","1.00","Jun 23, 2026","3.97","CAD","Jun 23, 2016"
"GWOCN","GREAT-WEST LIFECO INC","Financial","Fixed Income","2,220,796.15","0.13","2,220,796.15","1,925,000.00","1,925,000.00","114.66","Canada","-","CAD","10.64","1.00","Nov 16, 2039","6.00","CAD","Nov 16, 2009"
"SAPCN","SAPUTO INC MTN","Industrial","Fixed Income","2,211,821.90","0.13","2,211,821.90","2,375,000.00","2,375,000.00","93.05","Canada","-","CAD","3.29","1.00","Jun 16, 2027","2.24","CAD","Jun 16, 2020"
"SUCN","SUNCOR ENERGY INC MTN","Energy","Fixed Income","2,201,105.19","0.13","2,201,105.19","2,135,000.00","2,135,000.00","102.47","Canada","-","CAD","2.65","1.00","Nov 17, 2026","5.40","CAD","Nov 17, 2023"
"BCECN","BELL TELEPHONE COMPANY OF CANADA O MTN RegS","Communication","Fixed Income","2,195,477.92","0.13","2,195,477.92","2,105,000.00","2,105,000.00","103.66","Canada","-","CAD","4.24","1.00","Nov 14, 2028","5.15","CAD","Aug 11, 2023"
"TCN","TELUS CORPORATION RegS","Communication","Fixed Income","2,192,408.71","0.13","2,192,408.71","2,475,000.00","2,475,000.00","88.22","Canada","-","CAD","6.92","1.00","Nov 13, 2031","2.85","CAD","Jun 28, 2021"
"HYDONE","HYDRO ONE INC MTN","Infrastructure","Fixed Income","2,189,978.26","0.13","2,189,978.26","2,005,000.00","2,005,000.00","108.65","Canada","-","CAD","9.18","1.00","May 20, 2036","5.36","CAD","May 19, 2005"
"NWRWPT","NORTH WEST REDWATER PARTNERSHIP /","Energy","Fixed Income","2,189,588.22","0.13","2,189,588.22","2,377,000.00","2,377,000.00","91.84","Canada","-","CAD","9.14","1.00","Jun 1, 2035","3.65","CAD","May 19, 2017"
"IPLCN","INTER PIPELINE LTD RegS","Energy","Fixed Income","2,187,166.65","0.13","2,187,166.65","2,015,000.00","2,015,000.00","107.64","Canada","-","CAD","7.43","1.00","Feb 9, 2034","6.59","CAD","Nov 9, 2023"
"HYDONE","HYDRO ONE INC 3.63 6/49 MTN","Infrastructure","Fixed Income","2,184,952.02","0.13","2,184,952.02","2,488,000.00","2,488,000.00","87.78","Canada","-","CAD","15.95","1.00","Jun 25, 2049","3.63","CAD","Jun 26, 2018"
"TCN","TELUS CORPORATION","Communication","Fixed Income","2,176,786.26","0.13","2,176,786.26","2,599,000.00","2,599,000.00","82.29","Canada","-","CAD","15.01","1.00","Feb 16, 2050","3.95","CAD","Dec 16, 2019"
"HYDONE","HYDRO ONE INC MTN","Infrastructure","Fixed Income","2,174,688.92","0.13","2,174,688.92","1,837,000.00","1,837,000.00","117.85","Canada","-","CAD","6.57","1.00","Jun 1, 2032","6.93","CAD","Jun 22, 2001"
"BCECN","BELL CANADA MTN","Communication","Fixed Income","2,165,432.46","0.13","2,165,432.46","2,218,000.00","2,218,000.00","96.53","Canada","-","CAD","2.45","1.00","Aug 12, 2026","2.90","CAD","Aug 12, 2016"
"SNCINN","SNC-LAVALIN INNISFREE MCGILL FINAN 144A","Infrastructure","Fixed Income","2,159,819.75","0.13","2,159,819.75","1,835,562.00","1,835,562.00","114.36","Canada","-","CAD","8.36","1.00","Jun 30, 2044","6.63","CAD","Jul 15, 2010"
"PPLCN","PEMBINA PIPELINE CORP RegS","Energy","Fixed Income","2,158,017.69","0.13","2,158,017.69","2,243,000.00","2,243,000.00","95.35","Canada","-","CAD","4.70","1.00","Apr 3, 2029","3.62","CAD","Apr 3, 2019"
"CNQCN","CANADIAN NATURAL RESOURCES LTD MTN","Energy","Fixed Income","2,132,152.95","0.12","2,132,152.95","2,187,000.00","2,187,000.00","97.23","Canada","-","CAD","2.70","1.00","Dec 1, 2026","3.42","CAD","May 30, 2017"
"GTAAIR","GREATER TORONTO AIRPORTS AUTHORITY MTN 144A","Infrastructure","Fixed Income","2,126,776.17","0.12","2,126,776.17","1,805,000.00","1,805,000.00","117.34","Canada","-","CAD","5.93","1.00","Jun 4, 2031","7.10","CAD","Jun 4, 2001"
"OMERS","OMERS REALTY CORP","Real Estate","Fixed Income","2,120,941.44","0.12","2,120,941.44","2,025,000.00","2,025,000.00","104.07","Canada","-","CAD","4.15","1.00","Nov 14, 2028","5.38","CAD","Nov 14, 2022"
"IPLCN","INTER PIPELINE LTD MTN","Energy","Fixed Income","2,114,682.29","0.12","2,114,682.29","2,144,000.00","2,144,000.00","98.31","Canada","-","CAD","3.07","1.00","Jun 1, 2027","4.23","CAD","Jun 1, 2020"
"DTRGR","DAIMLER TRUCKS FINANCE CANADA INC RegS","Financial","Fixed Income","2,112,140.23","0.12","2,112,140.23","2,073,000.00","2,073,000.00","100.45","Germany","-","CAD","1.62","1.00","Sep 19, 2025","5.18","CAD","Sep 19, 2022"
"RCICN","ROGERS COMMUNICATIONS INC","Communication","Fixed Income","2,103,350.61","0.12","2,103,350.61","1,839,000.00","1,839,000.00","113.37","Canada","-","CAD","10.17","1.00","Nov 4, 2039","6.68","CAD","Nov 4, 2009"
"MFCCN","MANULIFE FINANCE DELAWARE LP","Financial","Fixed Income","2,093,264.60","0.12","2,093,264.60","2,101,000.00","2,101,000.00","99.44","Canada","-","CAD","9.50","1.00","Dec 15, 2041","5.06","CAD","Dec 14, 2006"
"TCN","TELUS CORPORATION","Communication","Fixed Income","2,088,446.06","0.12","2,088,446.06","2,227,000.00","2,227,000.00","92.64","Canada","-","CAD","5.46","1.00","Feb 19, 2030","3.15","CAD","Dec 16, 2019"
"SLFCN","SUN LIFE FINANCIAL INC","Financial","Fixed Income","2,084,771.04","0.12","2,084,771.04","2,464,000.00","2,464,000.00","84.11","Canada","-","CAD","5.93","1.00","Oct 1, 2035","2.06","CAD","Oct 1, 2020"
"HYDONE","HYDRO ONE INC MTN","Infrastructure","Fixed Income","2,083,164.59","0.12","2,083,164.59","1,829,000.00","1,829,000.00","111.40","Canada","-","CAD","11.00","1.00","Jul 16, 2040","5.49","CAD","Jul 16, 2009"
"FTSCN","FORTIS INC","Infrastructure","Fixed Income","2,081,081.56","0.12","2,081,081.56","1,910,000.00","1,910,000.00","108.16","Canada","-","CAD","7.51","1.00","Nov 8, 2033","5.68","CAD","Nov 8, 2023"
"FFHCN","FAIRFAX FINANCIAL HOLDINGS LTD","Financial","Fixed Income","2,080,192.24","0.12","2,080,192.24","2,102,000.00","2,102,000.00","98.69","Canada","-","CAD","3.46","1.00","Dec 6, 2027","4.25","CAD","Dec 4, 2017"
"GTAAIR","GREATER TORONTO AIRPORTS AUTHORITY MTN 144A","Infrastructure","Fixed Income","2,076,374.05","0.12","2,076,374.05","1,736,000.00","1,736,000.00","116.97","Canada","-","CAD","7.51","1.00","Feb 2, 2034","6.47","CAD","Feb 2, 2004"
"BMO","BANK OF MONTREAL","Financial","Fixed Income","2,073,169.30","0.12","2,073,169.30","2,043,000.00","2,043,000.00","100.09","Canada","-","CAD","1.60","1.00","Sep 10, 2025","4.61","CAD","Sep 10, 2010"
"TCN","TELUS CORPORATION","Communication","Fixed Income","2,071,800.62","0.12","2,071,800.62","2,105,000.00","2,105,000.00","97.24","Canada","-","CAD","3.74","1.00","Mar 1, 2028","3.63","CAD","Mar 1, 2018"
"TRPCN","TRANSCANADA PIPELINES LTD MTN","Energy","Fixed Income","2,061,638.13","0.12","2,061,638.13","2,352,000.00","2,352,000.00","87.38","Canada","-","CAD","13.70","1.00","Jun 6, 2046","4.35","CAD","Jun 6, 2016"
"BRUPOW","BRUCE POWER LP","Energy","Fixed Income","2,058,606.56","0.12","2,058,606.56","2,222,000.00","2,222,000.00","92.59","Canada","-","CAD","4.61","1.00","Dec 21, 2028","2.68","CAD","Nov 22, 2021"
"ENBCN","ENBRIDGE INC MTN","Energy","Fixed Income","2,033,732.47","0.12","2,033,732.47","1,990,000.00","1,990,000.00","101.75","Canada","-","CAD","3.95","1.00","May 26, 2028","4.90","CAD","May 26, 2023"
"TCN","TELUS CORPORATION","Communication","Fixed Income","2,031,380.36","0.12","2,031,380.36","2,169,000.00","2,169,000.00","92.66","Canada","-","CAD","3.81","1.00","Jan 27, 2028","2.35","CAD","May 29, 2020"
"NWRWPT","NORTH WEST REDWATER PARTNERSHIP RegS","Energy","Fixed Income","2,024,461.83","0.12","2,024,461.83","2,019,000.00","2,019,000.00","99.94","Canada","-","CAD","4.71","1.00","Jun 1, 2029","4.25","CAD","Jan 29, 2016"
"CUCN","CU INC","Energy","Fixed Income","2,021,579.69","0.12","2,021,579.69","1,939,000.00","1,939,000.00","102.82","Canada","-","CAD","12.68","1.00","Sep 9, 2043","4.72","CAD","Sep 9, 2013"
"PPLCN","PEMBINA PIPELINE CORP MTN","Energy","Fixed Income","2,015,277.99","0.12","2,015,277.99","2,263,000.00","2,263,000.00","87.97","Canada","-","CAD","14.22","1.00","Apr 3, 2049","4.54","CAD","Apr 3, 2019"
"ALTALK","ALTALINK LP","Infrastructure","Fixed Income","2,014,261.75","0.12","2,014,261.75","1,690,000.00","1,690,000.00","118.00","Canada","-","CAD","16.27","1.00","Oct 11, 2055","5.46","CAD","Oct 11, 2023"
"OMERS","OMERS REALTY CORP","Real Estate","Fixed Income","2,011,747.94","0.12","2,011,747.94","2,077,000.00","2,077,000.00","96.09","Canada","-","CAD","3.47","1.00","Oct 4, 2027","3.24","CAD","Oct 2, 2017"
"PPLCN","PEMBINA PIPELINE CORP MTN","Energy","Fixed Income","1,996,913.15","0.12","1,996,913.15","2,133,000.00","2,133,000.00","92.37","Canada","-","CAD","12.46","1.00","Mar 25, 2044","4.81","CAD","Apr 4, 2014"
"TCN","TELUS CORPORATION","Communication","Fixed Income","1,988,063.06","0.12","1,988,063.06","1,835,000.00","1,835,000.00","106.69","Canada","-","CAD","14.53","1.00","Sep 13, 2052","5.65","CAD","Sep 13, 2022"
"CM","CANADIAN IMPERIAL BANK OF COMMERCE","Financial","Fixed Income","1,971,712.71","0.11","1,971,712.71","1,910,000.00","1,910,000.00","100.50","Canada","-","CAD","0.51","1.00","Jul 14, 2026","5.93","CAD","Jul 14, 2023"
"MFCCN","MANULIFE BANK OF CANADA","Financial","Fixed Income","1,970,240.06","0.11","1,970,240.06","2,061,000.00","2,061,000.00","95.58","Canada","-","CAD","1.45","1.00","Jun 25, 2025","1.50","CAD","Jun 25, 2020"
"IPLCN","INTER PIPELINE LTD","Energy","Fixed Income","1,965,947.41","0.11","1,965,947.41","1,902,000.00","1,902,000.00","102.71","Canada","-","CAD","6.55","1.00","May 18, 2032","5.85","CAD","May 18, 2022"
"VTR","VENTAS CANADA FINANCE LTD","Real Estate","Fixed Income","1,959,549.65","0.11","1,959,549.65","1,904,000.00","1,904,000.00","101.90","United States","-","CAD","3.75","1.00","Apr 21, 2028","5.40","CAD","Apr 21, 2023"
"TRPCN","TRANSCANADA PIPELINES LTD MTN RegS","Energy","Fixed Income","1,957,442.28","0.11","1,957,442.28","1,925,000.00","1,925,000.00","100.05","Canada","-","CAD","0.20","1.00","Mar 10, 2026","5.42","CAD","Mar 10, 2023"
"TRPCN","TRANSCANADA PIPELINES LIMITED MTN","Energy","Fixed Income","1,951,892.10","0.11","1,951,892.10","1,491,000.00","1,491,000.00","127.96","Canada","-","CAD","9.41","1.00","Feb 17, 2039","8.05","CAD","Feb 17, 2009"
"PLEHHU","PLENARY HLTH CARE PTNRSHP HUMBR LP","Infrastructure","Fixed Income","1,945,963.07","0.11","1,945,963.07","1,940,531.00","1,940,531.00","99.89","Canada","-","CAD","6.88","1.00","May 31, 2039","4.89","CAD","Sep 23, 2011"
"TERANE","TERANET HOLDINGS LP","Industrial","Fixed Income","1,943,577.75","0.11","1,943,577.75","1,994,000.00","1,994,000.00","97.30","Canada","-","CAD","1.39","1.00","Jun 11, 2025","3.54","CAD","Jun 11, 2020"
"TCN","TELUS CORPORATION","Communication","Fixed Income","1,940,672.09","0.11","1,940,672.09","1,948,000.00","1,948,000.00","98.49","Canada","-","CAD","1.90","1.00","Mar 10, 2026","3.75","CAD","Dec 8, 2015"
"IPLCN","INTER PIPELINE LTD","Energy","Fixed Income","1,938,666.47","0.11","1,938,666.47","1,785,000.00","1,785,000.00","106.27","Canada","-","CAD","6.79","1.00","Feb 17, 2033","6.38","CAD","Nov 17, 2022"
"ETRHWY","407 INTERNATIONAL INC MTN","Infrastructure","Fixed Income","1,933,891.94","0.11","1,933,891.94","2,148,000.00","2,148,000.00","88.91","Canada","-","CAD","13.87","1.00","Sep 8, 2044","3.65","CAD","Sep 8, 2017"
"ENBGAS","ENBRIDGE GAS INC","Energy","Fixed Income","1,928,671.79","0.11","1,928,671.79","2,054,000.00","2,054,000.00","93.19","Canada","-","CAD","5.62","1.00","Apr 1, 2030","2.90","CAD","Apr 1, 2020"
"MFCCN","MANULIFE BANK OF CANADA","Financial","Fixed Income","1,926,869.58","0.11","1,926,869.58","1,991,000.00","1,991,000.00","95.72","Canada","-","CAD","2.94","1.00","Feb 16, 2027","2.86","CAD","Feb 16, 2022"
"GTAAIR","GREATER TORONTO AIRPORTS AUTHORITY","Infrastructure","Fixed Income","1,924,248.34","0.11","1,924,248.34","2,015,000.00","2,015,000.00","94.85","Canada","-","CAD","4.81","1.00","Apr 3, 2029","2.73","CAD","Apr 3, 2019"
"MBGGR","MERCEDES-BENZ FINANCE CANADA INC MTN","Financial","Fixed Income","1,917,070.99","0.11","1,917,070.99","1,885,000.00","1,885,000.00","101.70","Germany","-","CAD","2.34","1.00","Jun 29, 2026","5.14","CAD","Jun 27, 2023"
"ENBCN","ENBRIDGE INC MTN","Energy","Fixed Income","1,915,227.24","0.11","1,915,227.24","1,765,000.00","1,765,000.00","107.99","Canada","-","CAD","14.76","1.00","May 26, 2053","5.76","CAD","May 26, 2023"
"PPLCN","PEMBINA PIPELINE CORP MTN RegS","Energy","Fixed Income","1,910,709.11","0.11","1,910,709.11","1,924,000.00","1,924,000.00","99.15","Canada","-","CAD","3.02","1.00","Jun 15, 2027","4.24","CAD","Jun 16, 2015"
"SSLFIN","SSL FINANCE INC","Infrastructure","Fixed Income","1,909,280.07","0.11","1,909,280.07","2,046,381.00","2,046,381.00","92.64","Canada","-","CAD","8.96","1.00","Oct 31, 2045","4.10","CAD","Jun 19, 2015"
"HNDA","HONDA CANADA FINANCE INC","Financial","Fixed Income","1,907,520.99","0.11","1,907,520.99","1,852,000.00","1,852,000.00","101.70","Canada","-","CAD","3.37","1.00","Sep 23, 2027","4.87","CAD","Mar 23, 2023"
"BCECN","BELL CANADA INC MTN","Communication","Fixed Income","1,899,143.71","0.11","1,899,143.71","2,188,000.00","2,188,000.00","85.66","Canada","-","CAD","15.43","1.00","Mar 17, 2051","4.05","CAD","Mar 17, 2021"
"NACN","NATIONAL BANK OF CANADA","Financial","Fixed Income","1,895,410.42","0.11","1,895,410.42","1,845,000.00","1,845,000.00","102.43","Canada","-","CAD","4.49","1.00","Feb 1, 2029","5.02","CAD","Dec 7, 2023"
"ENBPIP","ENBRIDGE PIPELINES INC MTN","Energy","Fixed Income","1,887,337.51","0.11","1,887,337.51","1,942,000.00","1,942,000.00","95.94","Canada","-","CAD","4.60","1.00","Feb 22, 2029","3.52","CAD","Feb 22, 2019"
"CWBCN","CANADIAN WESTERN BANK","Financial","Fixed Income","1,880,362.20","0.11","1,880,362.20","1,915,000.00","1,915,000.00","97.11","Canada","-","CAD","1.05","1.00","Jan 30, 2025","2.61","CAD","Jan 30, 2020"
"CRSLNX","CROSSLINX TRANSIT SOLUTIONS GENERA RegS","Infrastructure","Fixed Income","1,873,123.47","0.11","1,873,123.47","1,966,759.00","1,966,759.00","94.09","Canada","-","CAD","8.98","1.00","Sep 30, 2046","4.65","CAD","Jul 24, 2015"
"ALTALK","ALTALINK LP MTN","Infrastructure","Fixed Income","1,867,069.56","0.11","1,867,069.56","1,949,000.00","1,949,000.00","93.81","Canada","-","CAD","12.62","1.00","Jun 30, 2042","3.99","CAD","Jun 29, 2012"
"DOLCN","DOLLARAMA INC","Industrial","Fixed Income","1,866,979.08","0.11","1,866,979.08","1,750,000.00","1,750,000.00","105.26","Canada","-","CAD","4.14","1.00","Sep 26, 2028","5.53","CAD","Sep 26, 2023"
"ETRHWY","407 INTERNATIONAL INC MTN","Infrastructure","Fixed Income","1,862,030.87","0.11","1,862,030.87","1,842,000.00","1,842,000.00","99.42","Canada","-","CAD","6.35","1.00","Aug 14, 2031","4.45","CAD","Sep 7, 2022"
"REIUCN","RIOCAN REAL ESTATE INVESTMENT TRUS","Real Estate","Fixed Income","1,860,861.14","0.11","1,860,861.14","1,898,000.00","1,898,000.00","97.06","Canada","-","CAD","1.08","1.00","Feb 12, 2025","2.58","CAD","Aug 12, 2019"
"CP","CANADIAN PACIFIC RAILWAY CO MTN","Industrial","Fixed Income","1,860,728.85","0.11","1,860,728.85","1,537,000.00","1,537,000.00","120.32","Canada","-","CAD","10.51","1.00","Nov 17, 2039","6.45","CAD","Nov 17, 2009"
"GRTCN","GRANITE REIT HOLDINGS LP","Real Estate","Fixed Income","1,860,735.04","0.11","1,860,735.04","1,960,000.00","1,960,000.00","94.73","Canada","-","CAD","3.22","1.00","Jun 4, 2027","3.06","CAD","Jun 4, 2020"
"RCICN","ROGERS COMMUNICATIONS INC","Communication","Fixed Income","1,858,262.21","0.11","1,858,262.21","1,853,000.00","1,853,000.00","99.60","Canada","-","CAD","4.19","1.00","Nov 2, 2028","4.40","CAD","Apr 3, 2023"
"BAMREP","BROOKFIELD RENEWABLE PARTNERS ULC","Energy","Fixed Income","1,857,487.99","0.11","1,857,487.99","1,848,000.00","1,848,000.00","98.57","Canada","-","CAD","4.35","1.00","Jan 15, 2029","4.25","CAD","Sep 20, 2018"
"NACN","NATIONAL BANK OF CANADA","Financial","Fixed Income","1,854,353.41","0.11","1,854,353.41","1,825,000.00","1,825,000.00","101.31","Canada","-","CAD","2.72","1.00","Dec 7, 2026","4.97","CAD","Dec 7, 2023"
"GTAAIR","GREATER TORONTO AIRPORTS AUTHORITY MTN","Infrastructure","Fixed Income","1,854,005.21","0.11","1,854,005.21","1,603,000.00","1,603,000.00","115.33","Canada","-","CAD","5.30","1.00","Jun 12, 2030","7.05","CAD","Jun 12, 2000"
"HYDONE","HYDRO ONE INC","Infrastructure","Fixed Income","1,852,973.60","0.11","1,852,973.60","1,918,000.00","1,918,000.00","95.91","Canada","-","CAD","4.78","1.00","Apr 5, 2029","3.02","CAD","Apr 5, 2019"
"ENBCN","ENBRIDGE INC MTN","Energy","Fixed Income","1,849,104.10","0.11","1,849,104.10","1,761,000.00","1,761,000.00","104.22","Canada","-","CAD","3.38","1.00","Nov 9, 2027","5.70","CAD","Nov 9, 2022"
"SAPCN","SAPUTO INC MTN","Industrial","Fixed Income","1,847,129.89","0.11","1,847,129.89","1,750,000.00","1,750,000.00","104.96","Canada","-","CAD","5.66","1.00","Nov 20, 2030","5.49","CAD","Nov 20, 2023"
"ENBCN","ENBRIDGE INC MTN","Energy","Fixed Income","1,844,187.49","0.11","1,844,187.49","1,541,000.00","1,541,000.00","118.78","Canada","-","CAD","14.23","1.00","Nov 9, 2052","6.51","CAD","Nov 9, 2022"
"NWRWPT","NORTH WEST REDWATER PARTNERSHIP RegS","Energy","Fixed Income","1,839,435.73","0.11","1,839,435.73","1,958,000.00","1,958,000.00","93.79","Canada","-","CAD","2.80","1.00","Dec 1, 2026","2.00","CAD","Jun 30, 2021"
"WSPCN","WSP GLOBAL INC RegS","Industrial","Fixed Income","1,836,689.96","0.11","1,836,689.96","1,735,000.00","1,735,000.00","105.30","Canada","-","CAD","5.65","1.00","Nov 22, 2030","5.55","CAD","Nov 22, 2023"
"PPLCN","PEMBINA PIPELINE CORP MTN","Energy","Fixed Income","1,835,712.47","0.11","1,835,712.47","1,950,000.00","1,950,000.00","92.78","Canada","-","CAD","5.39","1.00","Feb 1, 2030","3.31","CAD","Sep 12, 2019"
"BNCN","BROOKFIELD ASSET MANAGEMENT INC MTN","Industrial","Fixed Income","1,835,417.46","0.11","1,835,417.46","1,850,000.00","1,850,000.00","98.13","Canada","-","CAD","2.84","1.00","Mar 16, 2027","3.80","CAD","Sep 16, 2016"
"GWOCN","GREAT-WEST LIFECO INC","Financial","Fixed Income","1,835,114.61","0.11","1,835,114.61","2,031,000.00","2,031,000.00","90.06","Canada","-","CAD","5.82","1.00","May 14, 2030","2.38","CAD","May 14, 2020"
"ETRHWY","407 INTERNATIONAL INC. MTN","Infrastructure","Fixed Income","1,832,141.67","0.11","1,832,141.67","1,649,000.00","1,649,000.00","108.95","Canada","-","CAD","8.76","1.00","Feb 14, 2036","5.75","CAD","Feb 14, 2006"
"CPXCN","CAPITAL POWER CORP MTN RegS","Energy","Fixed Income","1,829,015.13","0.11","1,829,015.13","1,750,000.00","1,750,000.00","104.29","Canada","-","CAD","7.57","1.00","Jan 25, 2034","5.97","CAD","Dec 15, 2023"
"TCN","TELUS CORPORATION MTN","Communication","Fixed Income","1,827,546.59","0.11","1,827,546.59","2,009,000.00","2,009,000.00","89.90","Canada","-","CAD","12.45","1.00","Apr 1, 2043","4.40","CAD","Apr 1, 2013"
"AIREIN","AIMCO REALTY INVESTORS LP","Real Estate","Fixed Income","1,824,044.56","0.11","1,824,044.56","1,987,000.00","1,987,000.00","91.59","Canada","-","CAD","4.97","1.00","Jun 1, 2029","2.71","CAD","Jun 14, 2019"
"EPCOR","EPCOR UTILITIES INC MTN RegS","Infrastructure","Fixed Income","1,823,498.67","0.11","1,823,498.67","1,570,000.00","1,570,000.00","114.88","Canada","-","CAD","15.78","1.00","Oct 3, 2053","5.33","CAD","Oct 3, 2023"
"IGMCN","IGM FINANCIAL INC","Financial","Fixed Income","1,819,444.77","0.11","1,819,444.77","1,859,000.00","1,859,000.00","96.40","Canada","-","CAD","2.84","1.00","Jan 26, 2027","3.44","CAD","Jan 26, 2017"
"VW","VW CREDIT CANADA INC RegS","Financial","Fixed Income","1,815,584.51","0.11","1,815,584.51","1,775,000.00","1,775,000.00","101.62","Germany","-","CAD","1.77","1.00","Nov 17, 2025","5.80","CAD","Nov 15, 2022"
"ETRHWY","HIGHWAY 407 144A","Infrastructure","Fixed Income","1,810,238.29","0.11","1,810,238.29","1,593,000.00","1,593,000.00","110.89","Canada","-","CAD","4.64","1.00","Jul 27, 2029","6.47","CAD","Jul 27, 1999"
"NVLAUT","NOUVELLE AUTOROUTE 30 FINANCEMENT","Infrastructure","Fixed Income","1,808,323.67","0.11","1,808,323.67","1,944,940.00","1,944,940.00","90.92","Canada","-","CAD","10.11","1.00","Jun 30, 2042","4.12","CAD","Jun 14, 2018"
"SGTPHW","SGTP HIGHWAY BYPASS LIMITED PARTNE RegS","Infrastructure","Fixed Income","1,808,415.97","0.11","1,808,415.97","1,928,112.00","1,928,112.00","92.09","Canada","-","CAD","8.56","1.00","Jan 31, 2045","4.11","CAD","Aug 4, 2015"
"ENBGAS","ENBRIDGE GAS INC","Energy","Fixed Income","1,806,642.70","0.11","1,806,642.70","2,079,000.00","2,079,000.00","86.01","Canada","-","CAD","15.93","1.00","Apr 1, 2050","3.65","CAD","Apr 1, 2020"
"SUCN","SUNCOR ENERGY INC MTN","Energy","Fixed Income","1,805,908.14","0.11","1,805,908.14","2,129,000.00","2,129,000.00","83.57","Canada","-","CAD","15.44","1.00","Mar 4, 2051","3.95","CAD","Mar 4, 2021"
"HYDONE","HYDRO ONE INC RegS","Infrastructure","Fixed Income","1,803,478.25","0.11","1,803,478.25","1,770,000.00","1,770,000.00","100.12","Canada","-","CAD","7.35","1.00","Jan 27, 2033","4.16","CAD","Jan 27, 2023"
"F","FORD CREDIT CANADA CO","Financial","Fixed Income","1,797,033.95","0.10","1,797,033.95","1,700,000.00","1,700,000.00","103.00","United States","-","CAD","1.92","1.00","Feb 10, 2026","7.00","CAD","Jan 10, 2023"
"HNDA","HONDA CANADA FINANCE INC","Financial","Fixed Income","1,794,682.26","0.10","1,794,682.26","1,984,000.00","1,984,000.00","89.89","Canada","-","CAD","3.94","1.00","Feb 25, 2028","1.65","CAD","Feb 25, 2021"
"CHPUCN","CHOICE PROPERTIES REAL ESTATE INVE","Real Estate","Fixed Income","1,793,596.58","0.10","1,793,596.58","1,720,000.00","1,720,000.00","102.52","Canada","-","CAD","7.07","1.00","Mar 1, 2033","5.40","CAD","Mar 1, 2023"
"RCICN","ROGERS COMMUNICATIONS INC","Communication","Fixed Income","1,793,173.06","0.10","1,793,173.06","1,715,000.00","1,715,000.00","103.03","Canada","-","CAD","2.49","1.00","Sep 21, 2026","5.65","CAD","Sep 21, 2023"
"F","FORD CREDIT CANADA CO","Financial","Fixed Income","1,788,227.03","0.10","1,788,227.03","1,700,000.00","1,700,000.00","104.24","United States","-","CAD","2.16","1.00","May 12, 2026","7.38","CAD","May 12, 2023"
"GTAAIR","GREATER TORONTO AIRPORTS AUTHORITY 144A","Infrastructure","Fixed Income","1,788,239.95","0.10","1,788,239.95","1,553,000.00","1,553,000.00","114.81","Canada","-","CAD","11.15","1.00","Jun 7, 2040","5.63","CAD","Jun 7, 2010"
"SUCN","SUNCOR ENERGY INC MTN","Energy","Fixed Income","1,787,876.55","0.10","1,787,876.55","1,959,000.00","1,959,000.00","89.99","Canada","-","CAD","13.78","1.00","Sep 13, 2046","4.34","CAD","Sep 13, 2016"
"BRUPOW","BRUCE POWER LP","Energy","Fixed Income","1,786,505.34","0.10","1,786,505.34","1,860,000.00","1,860,000.00","95.96","Canada","-","CAD","7.75","1.00","Jun 21, 2033","4.13","CAD","Mar 1, 2018"
"FTSCN","FORTIS INC","Infrastructure","Fixed Income","1,783,217.62","0.10","1,783,217.62","1,933,000.00","1,933,000.00","91.99","Canada","-","CAD","4.11","1.00","May 15, 2028","2.18","CAD","May 14, 2021"
"ONTPOW","ONTARIO POWER GENERATION INC MTN","Energy","Fixed Income","1,782,505.13","0.10","1,782,505.13","1,821,000.00","1,821,000.00","97.10","Canada","-","CAD","3.42","1.00","Oct 4, 2027","3.31","CAD","Oct 2, 2017"
"SLFCN","SUN LIFE FINANCIAL INC RegS","Financial","Fixed Income","1,777,292.46","0.10","1,777,292.46","1,675,000.00","1,675,000.00","103.42","Canada","-","CAD","4.65","1.00","Jul 4, 2035","5.50","CAD","Jul 4, 2023"
"GIBACN","CGI INC","Industrial","Fixed Income","1,772,838.89","0.10","1,772,838.89","1,939,000.00","1,939,000.00","90.84","Canada","-","CAD","4.41","1.00","Sep 18, 2028","2.10","CAD","Sep 16, 2021"
"SYY","SYSCO CANADA INC RegS","Industrial","Fixed Income","1,771,391.80","0.10","1,771,391.80","1,790,000.00","1,790,000.00","98.31","Canada","-","CAD","1.24","1.00","Apr 25, 2025","3.65","CAD","Sep 25, 2018"
"NWRWPT","NORTH WEST REDWATER PARTNERSHIP","Energy","Fixed Income","1,770,415.08","0.10","1,770,415.08","1,806,000.00","1,806,000.00","95.98","Canada","-","CAD","10.64","1.00","Jan 10, 2039","4.35","CAD","Jun 10, 2016"
"F","FORD CREDIT CANADA CO","Financial","Fixed Income","1,770,456.28","0.10","1,770,456.28","1,700,000.00","1,700,000.00","102.19","United States","-","CAD","1.59","1.00","Sep 15, 2025","6.78","CAD","Sep 15, 2022"
"BMO","BANK OF MONTREAL","Financial","Fixed Income","1,767,476.69","0.10","1,767,476.69","1,755,000.00","1,755,000.00","100.57","Canada","-","CAD","4.39","1.00","Dec 18, 2028","4.54","CAD","Dec 18, 2023"
"ETRHWY","407 INTERNATIONAL INC MTN","Infrastructure","Fixed Income","1,764,177.89","0.10","1,764,177.89","2,307,000.00","2,307,000.00","75.59","Canada","-","CAD","16.92","1.00","Mar 7, 2050","2.84","CAD","Mar 6, 2020"
"BIP","BROOKFIELD INFRASTRUCTURE FINANCE","Infrastructure","Fixed Income","1,757,561.01","0.10","1,757,561.01","1,700,000.00","1,700,000.00","102.42","Canada","-","CAD","7.80","1.00","Apr 25, 2034","5.44","CAD","Apr 25, 2022"
"ARXCN","ARC RESOURCES LTD","Energy","Fixed Income","1,755,951.84","0.10","1,755,951.84","1,885,000.00","1,885,000.00","92.11","Canada","-","CAD","6.23","1.00","Mar 10, 2031","3.46","CAD","Mar 10, 2021"
"HYNMTR","HYUNDAI CAPITAL CANADA INC","Financial","Fixed Income","1,755,770.68","0.10","1,755,770.68","1,811,000.00","1,811,000.00","95.77","Canada","-","CAD","2.92","1.00","Feb 16, 2027","3.20","CAD","Feb 15, 2022"
"GM","GENERAL MOTORS FINANCIAL OF CANADA","Financial","Fixed Income","1,752,828.92","0.10","1,752,828.92","1,699,000.00","1,699,000.00","101.15","United States","-","CAD","3.58","1.00","Feb 9, 2028","5.20","CAD","Feb 9, 2023"
"HOSNOH","HOSPITAL INFRASTRUCTURE PARTNERS I","Infrastructure","Fixed Income","1,752,393.63","0.10","1,752,393.63","1,654,328.00","1,654,328.00","103.68","Canada","-","CAD","8.62","1.00","Jan 31, 2045","5.44","CAD","Jul 29, 2011"
"VW","VW CREDIT CANADA INC RegS","Financial","Fixed Income","1,749,397.86","0.10","1,749,397.86","1,860,000.00","1,860,000.00","93.93","Germany","-","CAD","2.81","1.00","Dec 10, 2026","2.45","CAD","Dec 10, 2021"
"TERANE","TERANET HOLDINGS LP","Industrial","Fixed Income","1,747,727.33","0.10","1,747,727.33","1,846,000.00","1,846,000.00","93.37","Canada","-","CAD","4.59","1.00","Feb 23, 2029","3.72","CAD","Feb 23, 2022"
"RCICN","ROGERS COMMUNICATIONS INC RegS","Communication","Fixed Income","1,746,105.96","0.10","1,746,105.96","1,620,000.00","1,620,000.00","106.21","Canada","-","CAD","5.45","1.00","Sep 21, 2030","5.80","CAD","Sep 21, 2023"
"ETRHWY","407 INTERNATIONAL INC MTN","Infrastructure","Fixed Income","1,743,544.65","0.10","1,743,544.65","1,600,000.00","1,600,000.00","106.96","Canada","-","CAD","15.90","1.00","Jul 31, 2053","4.86","CAD","Jul 31, 2023"
"CUCN","CU INC","Energy","Fixed Income","1,737,068.82","0.10","1,737,068.82","1,716,000.00","1,716,000.00","100.41","Canada","-","CAD","12.15","1.00","Oct 24, 2041","4.54","CAD","Oct 24, 2011"
"ALACN","ALTAGAS LTD MTN","Energy","Fixed Income","1,730,905.96","0.10","1,730,905.96","1,720,000.00","1,720,000.00","100.07","Canada","-","CAD","2.08","1.00","May 15, 2026","4.64","CAD","May 15, 2023"
"BCIMCR","BCIMC REALTY CORP","Real Estate","Fixed Income","1,725,412.07","0.10","1,725,412.07","1,767,000.00","1,767,000.00","97.44","Canada","-","CAD","1.38","1.00","Jun 3, 2025","2.84","CAD","Jun 3, 2015"
"NWRWPT","NORTH WEST REDWATER PARTNERSHIP RegS","Energy","Fixed Income","1,724,302.57","0.10","1,724,302.57","1,766,000.00","1,766,000.00","97.32","Canada","-","CAD","7.64","1.00","Jun 1, 2033","4.15","CAD","Jun 10, 2016"
"ENBCN","ENBRIDGE INC MTN","Energy","Fixed Income","1,721,497.19","0.10","1,721,497.19","1,940,000.00","1,940,000.00","87.30","Canada","-","CAD","12.26","1.00","Aug 27, 2042","4.24","CAD","Aug 27, 2012"
"EMACN","EMERA INCORPORATED RegS","Infrastructure","Fixed Income","1,721,528.09","0.10","1,721,528.09","1,700,000.00","1,700,000.00","100.51","Canada","-","CAD","5.34","1.00","May 2, 2030","4.84","CAD","May 2, 2023"
"CIXCN","CI FINANCIAL CORP","Financial","Fixed Income","1,717,600.74","0.10","1,717,600.74","1,674,000.00","1,674,000.00","102.09","Canada","-","CAD","1.79","1.00","Dec 2, 2025","7.00","CAD","Dec 2, 2022"
"BCIMCR","BCIMC REALTY CORP","Real Estate","Fixed Income","1,712,064.06","0.10","1,712,064.06","1,773,000.00","1,773,000.00","95.82","Canada","-","CAD","3.04","1.00","Mar 31, 2027","3.00","CAD","Mar 31, 2017"
"CNRCN","CANADIAN NATIONAL RAILWAY COMPANY","Industrial","Fixed Income","1,711,856.91","0.10","1,711,856.91","1,700,000.00","1,700,000.00","100.14","Canada","-","CAD","5.47","1.00","May 10, 2030","4.15","CAD","May 10, 2023"
"TOYOTA","TOYOTA CREDIT CANADA INC MTN","Financial","Fixed Income","1,711,498.29","0.10","1,711,498.29","1,744,000.00","1,744,000.00","97.19","Canada","-","CAD","1.58","1.00","Aug 25, 2025","2.73","CAD","Feb 23, 2022"
"GLCRTR","GLACIER CREDIT CARD TRUST","Securitized","Fixed Income","1,706,350.32","0.10","1,706,350.32","1,600,000.00","1,600,000.00","104.65","Canada","-","CAD","4.09","1.00","Sep 20, 2028","5.68","CAD","Aug 23, 2023"
"HYDONE","HYDRO ONE INC MTN","Infrastructure","Fixed Income","1,705,632.12","0.10","1,705,632.12","1,738,000.00","1,738,000.00","97.17","Canada","-","CAD","2.03","1.00","Feb 24, 2026","2.77","CAD","Feb 24, 2016"
"ENBPIP","ENBRIDGE PIPELINES INC MTN","Energy","Fixed Income","1,702,538.55","0.10","1,702,538.55","1,903,000.00","1,903,000.00","87.94","Canada","-","CAD","14.43","1.00","Feb 22, 2049","4.33","CAD","Feb 22, 2019"
"TOYOTA","TOYOTA CREDIT CANADA INC MTN","Financial","Fixed Income","1,701,997.44","0.10","1,701,997.44","1,742,000.00","1,742,000.00","96.98","Canada","-","CAD","1.12","1.00","Feb 26, 2025","2.11","CAD","Feb 26, 2020"
"BAMREP","BROOKFIELD RENEWABLE ENERGY PARTNE MTN","Energy","Fixed Income","1,697,475.28","0.10","1,697,475.28","1,715,000.00","1,715,000.00","97.32","Canada","-","CAD","2.76","1.00","Jan 15, 2027","3.63","CAD","Aug 12, 2016"
"GEICN","GIBSON ENERGY INC MTN","Energy","Fixed Income","1,691,849.53","0.10","1,691,849.53","1,774,000.00","1,774,000.00","94.35","Canada","-","CAD","5.07","1.00","Sep 17, 2029","3.60","CAD","Sep 17, 2019"
"AERMON","AEROPORTS DE MONTREAL","Infrastructure","Fixed Income","1,689,625.24","0.10","1,689,625.24","1,568,000.00","1,568,000.00","106.30","Canada","-","CAD","8.79","1.00","Sep 17, 2035","5.17","CAD","Sep 15, 2005"
"NISCAN","NISSAN CANADA INC","Industrial","Fixed Income","1,689,265.75","0.10","1,689,265.75","1,770,000.00","1,770,000.00","94.87","Canada","-","CAD","1.67","1.00","Sep 22, 2025","2.10","CAD","Sep 22, 2021"
"TOYOTA","TOYOTA CREDIT CANADA INC MTN RegS","Financial","Fixed Income","1,688,524.29","0.10","1,688,524.29","1,594,000.00","1,594,000.00","103.53","Canada","-","CAD","3.96","1.00","Jul 12, 2028","5.16","CAD","Jul 12, 2023"
"BCECN","BELL CANADA MTN","Communication","Fixed Income","1,687,114.16","0.10","1,687,114.16","1,804,000.00","1,804,000.00","92.01","Canada","-","CAD","13.85","1.00","Feb 27, 2047","4.45","CAD","Feb 27, 2017"
"NAVCAN","NAV CANADA","Infrastructure","Fixed Income","1,674,255.50","0.10","1,674,255.50","2,100,000.00","2,100,000.00","79.00","Canada","-","CAD","17.59","1.00","Sep 29, 2051","2.92","CAD","May 29, 2020"
"FORTFD_23-1","FORTIFIED TRUST FORTFD_23-1 A","Securitized","Fixed Income","1,673,834.64","0.10","1,673,834.64","1,683,000.00","1,683,000.00","99.38","Canada","-","CAD","3.64","1.00","Dec 23, 2027","4.42","CAD","Jan 31, 2023"
"HNDA","HONDA CANADA FINANCE INC","Financial","Fixed Income","1,670,186.99","0.10","1,670,186.99","1,779,000.00","1,779,000.00","93.51","Canada","-","CAD","2.14","1.00","Mar 17, 2026","1.34","CAD","Sep 17, 2020"
"DE","JOHN DEERE FINANCIAL INC MTN","Financial","Fixed Income","1,668,452.97","0.10","1,668,452.97","1,625,000.00","1,625,000.00","102.47","United States","-","CAD","3.17","1.00","Jun 14, 2027","4.95","CAD","Jun 13, 2023"
"ENBCN","ENBRIDGE INC","Energy","Fixed Income","1,668,151.27","0.10","1,668,151.27","1,904,000.00","1,904,000.00","85.40","Canada","-","CAD","5.43","1.00","Jan 19, 2082","5.00","CAD","Jan 19, 2022"
"RCICN","ROGERS COMMUNICATIONS INC","Communication","Fixed Income","1,667,897.19","0.10","1,667,897.19","1,784,000.00","1,784,000.00","93.32","Canada","-","CAD","5.34","1.00","Dec 10, 2029","3.30","CAD","Dec 9, 2019"
"ONTPOW","ONTARIO POWER GENERATION INC MTN","Energy","Fixed Income","1,667,498.50","0.10","1,667,498.50","1,718,000.00","1,718,000.00","95.15","Canada","-","CAD","14.86","1.00","Jan 18, 2049","4.25","CAD","Jan 18, 2019"
"ENBPIP","ENBRIDGE PIPELINES INC MTN","Energy","Fixed Income","1,666,621.78","0.10","1,666,621.78","1,688,000.00","1,688,000.00","97.87","Canada","-","CAD","1.65","1.00","Sep 29, 2025","3.45","CAD","Sep 29, 2015"
"BCFERR","BC FERRY SERVICES INC MTN","Infrastructure","Fixed Income","1,663,411.95","0.10","1,663,411.95","1,549,000.00","1,549,000.00","106.01","Canada","-","CAD","9.67","1.00","Mar 20, 2037","5.02","CAD","Mar 20, 2007"
"WSPCN","WSP GLOBAL INC","Industrial","Fixed Income","1,659,429.37","0.10","1,659,429.37","1,791,000.00","1,791,000.00","92.19","Canada","-","CAD","4.02","1.00","Apr 19, 2028","2.41","CAD","Apr 19, 2021"
"LCN","LOBLAW COMPANIES LTD","Industrial","Fixed Income","1,656,030.75","0.10","1,656,030.75","1,633,000.00","1,633,000.00","101.19","Canada","-","CAD","4.26","1.00","Dec 11, 2028","4.49","CAD","Dec 10, 2018"
"NWRWPT","NORTH WEST REDWATER PARTNERSHIP RegS","Energy","Fixed Income","1,655,372.48","0.10","1,655,372.48","1,629,000.00","1,629,000.00","101.25","Canada","-","CAD","9.79","1.00","Jun 1, 2037","4.75","CAD","Jan 29, 2016"
"ENBCN","ENBRIDGE INC MTN","Energy","Fixed Income","1,650,906.42","0.10","1,650,906.42","1,703,000.00","1,703,000.00","96.76","Canada","-","CAD","1.38","1.00","Jun 2, 2025","2.44","CAD","May 12, 2020"
"NWRWPT","NORTH WEST REDWATER PARTNERSHIP / RegS","Energy","Fixed Income","1,647,811.84","0.10","1,647,811.84","1,766,000.00","1,766,000.00","91.53","Canada","-","CAD","13.32","1.00","Jul 22, 2044","4.05","CAD","Jul 23, 2014"
"OMERS","OMERS REALTY CORP RegS","Real Estate","Fixed Income","1,639,162.48","0.10","1,639,162.48","1,615,000.00","1,615,000.00","100.49","Canada","-","CAD","4.56","1.00","Apr 9, 2029","4.54","CAD","Mar 9, 2023"
"HYDONE","HYDRO ONE INC MTN","Infrastructure","Fixed Income","1,638,879.90","0.10","1,638,879.90","1,601,000.00","1,601,000.00","101.35","Canada","-","CAD","12.85","1.00","Oct 9, 2043","4.59","CAD","Oct 9, 2013"
"BCECN","BELL CANADA INC MTN","Communication","Fixed Income","1,636,737.15","0.10","1,636,737.15","1,746,000.00","1,746,000.00","92.87","Canada","-","CAD","5.15","1.00","Sep 10, 2029","2.90","CAD","Sep 10, 2019"
"KEYCN","KEYERA CORP MTN","Energy","Fixed Income","1,635,226.05","0.10","1,635,226.05","1,713,000.00","1,713,000.00","95.13","Canada","-","CAD","5.59","1.00","May 29, 2030","3.96","CAD","May 29, 2020"
"BCECN","BELL CANADA MTN","Communication","Fixed Income","1,634,817.74","0.10","1,634,817.74","1,680,000.00","1,680,000.00","96.13","Canada","-","CAD","12.86","1.00","Sep 29, 2044","4.75","CAD","Sep 29, 2014"
"BCECN","BELL CANADA MTN RegS","Communication","Fixed Income","1,631,064.92","0.09","1,631,064.92","1,570,000.00","1,570,000.00","101.89","Canada","-","CAD","15.01","1.00","Feb 9, 2053","5.15","CAD","Feb 9, 2023"
"TOYOTA","TOYOTA CREDIT CANADA INC MTN RegS","Financial","Fixed Income","1,626,334.50","0.09","1,626,334.50","1,598,000.00","1,598,000.00","99.87","Canada","-","CAD","1.93","1.00","Jan 26, 2026","4.45","CAD","Jan 24, 2023"
"CWBCN","CANADIAN WESTERN BANK","Financial","Fixed Income","1,623,859.70","0.09","1,623,859.70","1,800,000.00","1,800,000.00","90.15","Canada","-","CAD","3.77","1.00","Dec 16, 2027","1.82","CAD","Dec 16, 2020"
"CHPUCN","CHOICE PROPERTIES REAL ESTATE INVE","Real Estate","Fixed Income","1,620,443.04","0.09","1,620,443.04","1,709,000.00","1,709,000.00","94.52","Canada","-","CAD","3.19","1.00","May 21, 2027","2.85","CAD","May 21, 2020"
"ENBPIP","ENBRIDGE PIPELINES INC MTN","Energy","Fixed Income","1,617,650.61","0.09","1,617,650.61","1,653,000.00","1,653,000.00","96.70","Canada","-","CAD","2.43","1.00","Aug 10, 2026","3.00","CAD","Aug 9, 2016"
"SLFCN","SUN LIFE FINANCIAL INC","Financial","Fixed Income","1,612,813.25","0.09","1,612,813.25","1,813,000.00","1,813,000.00","88.60","Canada","-","CAD","6.56","1.00","Nov 18, 2036","3.15","CAD","Nov 18, 2021"
"PPLCN","PEMBINA PIPELINE CORP MTN","Energy","Fixed Income","1,607,484.71","0.09","1,607,484.71","1,614,000.00","1,614,000.00","98.16","Canada","-","CAD","1.05","1.00","Feb 3, 2025","3.54","CAD","Feb 2, 2015"
"EPCOR","EPCOR UTILITIES INC MTN","Infrastructure","Fixed Income","1,605,531.20","0.09","1,605,531.20","1,510,000.00","1,510,000.00","104.80","Canada","-","CAD","15.90","1.00","Sep 2, 2052","4.72","CAD","Sep 2, 2022"
"CPXCN","CAPITAL POWER CORP","Energy","Fixed Income","1,605,304.66","0.09","1,605,304.66","1,520,000.00","1,520,000.00","103.94","Canada","-","CAD","4.02","1.00","Sep 15, 2028","5.82","CAD","Sep 15, 2023"
"BIP","BROOKFIELD INFRASTRUCTURE FINANCE MTN RegS","Infrastructure","Fixed Income","1,605,204.32","0.09","1,605,204.32","1,500,000.00","1,500,000.00","104.59","Canada","-","CAD","5.31","1.00","Jul 27, 2030","5.71","CAD","Jul 27, 2023"
"GZMCN","ENERGIR LP","Energy","Fixed Income","1,603,195.89","0.09","1,603,195.89","1,500,000.00","1,500,000.00","106.52","Canada","-","CAD","16.13","1.00","Jun 2, 2053","4.83","CAD","Jun 2, 2023"
"NWRWPT","NORTH WEST REDWATER PARTNERSHIP","Energy","Fixed Income","1,602,207.32","0.09","1,602,207.32","1,850,000.00","1,850,000.00","86.32","Canada","-","CAD","16.26","1.00","Jun 1, 2051","3.75","CAD","Jun 30, 2021"
"SLFCN","SUN LIFE FINANCIAL INC","Financial","Fixed Income","1,600,790.43","0.09","1,600,790.43","1,571,000.00","1,571,000.00","100.04","Canada","-","CAD","3.57","1.00","Aug 10, 2034","4.80","CAD","Aug 10, 2022"
"PPLCN","PEMBINA PIPELINE CORP","Energy","Fixed Income","1,597,802.44","0.09","1,597,802.44","1,746,000.00","1,746,000.00","91.33","Canada","-","CAD","6.83","1.00","Dec 10, 2031","3.53","CAD","Dec 10, 2021"
"GM","GENERAL MOTORS FINANCIAL OF CANADA","Financial","Fixed Income","1,596,827.21","0.09","1,596,827.21","1,702,000.00","1,702,000.00","93.46","Canada","-","CAD","2.21","1.00","Apr 15, 2026","1.75","CAD","Jan 15, 2021"
"IFCCN","INTACT FINANCIAL CORP MTN RegS","Financial","Fixed Income","1,595,321.59","0.09","1,595,321.59","1,390,000.00","1,390,000.00","113.24","Canada","-","CAD","15.97","1.00","Sep 14, 2054","5.28","CAD","Sep 14, 2023"
"HYDONE","HYDRO ONE INC.","Infrastructure","Fixed Income","1,594,959.76","0.09","1,594,959.76","1,358,000.00","1,358,000.00","116.93","Canada","-","CAD","5.25","1.00","Jun 3, 2030","7.35","CAD","Jun 1, 2000"
"VW","VW CREDIT CANADA INC RegS","Financial","Fixed Income","1,594,703.55","0.09","1,594,703.55","1,680,000.00","1,680,000.00","94.52","Germany","-","CAD","1.68","1.00","Sep 23, 2025","1.50","CAD","Sep 23, 2020"
"TIHCN","TOROMONT INDUSTRIES LTD.","Industrial","Fixed Income","1,593,640.44","0.09","1,593,640.44","1,615,000.00","1,615,000.00","98.01","Canada","-","CAD","3.41","1.00","Oct 27, 2027","3.84","CAD","Oct 27, 2017"
"ONTPOW","ONTARIO POWER GENERATION INC MTN","Energy","Fixed Income","1,587,760.73","0.09","1,587,760.73","1,670,000.00","1,670,000.00","94.20","Canada","-","CAD","5.15","1.00","Sep 13, 2029","2.98","CAD","Sep 13, 2019"
"ETRHWY","407 INTERNATIONAL INC MTN","Infrastructure","Fixed Income","1,586,144.85","0.09","1,586,144.85","1,771,000.00","1,771,000.00","89.07","Canada","-","CAD","15.37","1.00","May 11, 2048","3.72","CAD","May 9, 2018"
"MRUCN","METRO INC MTN","Industrial","Fixed Income","1,579,992.08","0.09","1,579,992.08","1,620,000.00","1,620,000.00","97.32","Canada","-","CAD","3.58","1.00","Dec 6, 2027","3.39","CAD","Dec 4, 2017"
"TRPCN","TRANSCANADA PIPELINES LTD MTN","Energy","Fixed Income","1,573,137.60","0.09","1,573,137.60","1,622,000.00","1,622,000.00","96.01","Canada","-","CAD","3.83","1.00","Mar 15, 2028","3.39","CAD","Sep 15, 2017"
"FTSCN","FORTIS INC","Infrastructure","Fixed Income","1,566,908.04","0.09","1,566,908.04","1,558,000.00","1,558,000.00","100.22","Canada","-","CAD","4.71","1.00","May 31, 2029","4.43","CAD","May 31, 2022"
"TRPCN","TRANSCANADA PIPELINES LTD MTN","Energy","Fixed Income","1,565,520.90","0.09","1,565,520.90","1,758,000.00","1,758,000.00","88.89","Canada","-","CAD","6.57","1.00","Jun 9, 2031","2.97","CAD","Jun 9, 2021"
"MFCCN","MANULIFE BANK OF CANADA","Financial","Fixed Income","1,565,573.71","0.09","1,565,573.71","1,658,000.00","1,658,000.00","93.97","Canada","-","CAD","2.09","1.00","Feb 26, 2026","1.34","CAD","Feb 26, 2021"
"BCECN","BELL CANADA INC","Communication","Fixed Income","1,563,383.40","0.09","1,563,383.40","1,584,000.00","1,584,000.00","97.55","Canada","-","CAD","1.04","1.00","Jan 29, 2025","2.75","CAD","May 13, 2019"
"WM","WASTE MANAGEMENT OF CANADA CORP","Industrial","Fixed Income","1,561,327.32","0.09","1,561,327.32","1,618,000.00","1,618,000.00","95.81","Canada","-","CAD","2.59","1.00","Sep 23, 2026","2.60","CAD","Sep 23, 2019"
"TCN","TELUS CORPORATION","Communication","Fixed Income","1,558,487.62","0.09","1,558,487.62","1,809,000.00","1,809,000.00","85.69","Canada","-","CAD","6.19","1.00","Oct 7, 2030","2.05","CAD","Oct 5, 2020"
"VTR","VENTAS CANADA FINANCE LTD","Real Estate","Fixed Income","1,557,947.52","0.09","1,557,947.52","1,651,000.00","1,651,000.00","93.17","United States","-","CAD","2.84","1.00","Jan 4, 2027","2.45","CAD","Dec 1, 2021"
"ENBGAS","ENBRIDGE GAS INC MTN","Energy","Fixed Income","1,557,179.71","0.09","1,557,179.71","1,305,000.00","1,305,000.00","118.02","Canada","-","CAD","15.45","1.00","Oct 6, 2053","5.67","CAD","Oct 6, 2023"
"GM","GENERAL MOTORS FINANCIAL OF CANADA","Financial","Fixed Income","1,555,314.78","0.09","1,555,314.78","1,614,000.00","1,614,000.00","95.13","United States","-","CAD","2.90","1.00","Feb 8, 2027","3.15","CAD","Feb 8, 2022"
"ONTPOW","ONTARIO POWER GENERATION INC MTN","Energy","Fixed Income","1,554,459.47","0.09","1,554,459.47","1,464,000.00","1,464,000.00","103.98","Canada","-","CAD","6.77","1.00","Jul 19, 2032","4.92","CAD","Jul 18, 2022"
"BCECN","BELL CANADA INC","Communication","Fixed Income","1,554,408.15","0.09","1,554,408.15","1,688,000.00","1,688,000.00","91.90","Canada","-","CAD","4.15","1.00","May 29, 2028","2.20","CAD","May 28, 2021"
"BCECN","BELL CANADA 144A","Communication","Fixed Income","1,553,565.64","0.09","1,553,565.64","1,396,000.00","1,396,000.00","109.55","Canada","-","CAD","8.19","1.00","Mar 16, 2035","6.10","CAD","Mar 16, 2004"
"VANAFF","VANCOUVER AIRPORT FUEL FACILITIES","Infrastructure","Fixed Income","1,551,299.90","0.09","1,551,299.90","1,610,000.00","1,610,000.00","96.32","Canada","-","CAD","1.44","1.00","Jun 23, 2025","2.17","CAD","Jun 22, 2020"
"BAMREP","BROOKFIELD RENEWABLE PARTNERS ULC MTN RegS","Energy","Fixed Income","1,551,315.31","0.09","1,551,315.31","1,495,000.00","1,495,000.00","102.87","Canada","-","CAD","7.57","1.00","Oct 28, 2033","5.29","CAD","Mar 29, 2023"
"ALTALK","ALTALINK LP MTN","Infrastructure","Fixed Income","1,548,965.56","0.09","1,548,965.56","1,443,000.00","1,443,000.00","105.95","Canada","-","CAD","12.72","1.00","Sep 17, 2043","4.92","CAD","Sep 17, 2013"
"ALACN","ALTAGAS LTD MTN","Energy","Fixed Income","1,548,864.56","0.09","1,548,864.56","1,608,000.00","1,608,000.00","96.21","Canada","-","CAD","1.40","1.00","Jun 10, 2025","2.16","CAD","Jun 10, 2020"
"APUCN","ALLIED PROPERTIES REAL ESTATE INVE","Real Estate","Fixed Income","1,545,435.50","0.09","1,545,435.50","1,669,000.00","1,669,000.00","91.94","Canada","-","CAD","2.04","1.00","Feb 12, 2026","1.73","CAD","Feb 12, 2021"
"OMERS","OMERS REALTY CORP","Real Estate","Fixed Income","1,544,120.33","0.09","1,544,120.33","1,619,000.00","1,619,000.00","95.14","Canada","-","CAD","5.66","1.00","Jun 5, 2030","3.63","CAD","Jun 5, 2018"
"NWRWPT","NORTH WEST REDWATER PARTNERSHIP RegS","Energy","Fixed Income","1,543,810.28","0.09","1,543,810.28","1,745,000.00","1,745,000.00","87.17","Canada","-","CAD","13.05","1.00","Feb 23, 2043","3.70","CAD","Feb 23, 2015"
"ARXCN","ARC RESOURCES LTD","Energy","Fixed Income","1,543,861.64","0.09","1,543,861.64","1,607,000.00","1,607,000.00","95.36","Canada","-","CAD","2.10","1.00","Mar 10, 2026","2.35","CAD","Mar 10, 2021"
"NWRWPT","NORTH WEST REDWATER PARTNERSHIP","Energy","Fixed Income","1,543,469.40","0.09","1,543,469.40","1,575,000.00","1,575,000.00","97.42","Canada","-","CAD","2.13","1.00","Apr 24, 2026","3.20","CAD","Jul 24, 2015"
"BRUPOW","BRUCE POWER LP","Energy","Fixed Income","1,541,575.82","0.09","1,541,575.82","1,566,000.00","1,566,000.00","98.35","Canada","-","CAD","4.82","1.00","Jun 21, 2029","4.01","CAD","Feb 14, 2017"
"DOLCN","DOLLARAMA INC","Industrial","Fixed Income","1,540,741.13","0.09","1,540,741.13","1,470,000.00","1,470,000.00","103.91","Canada","-","CAD","5.28","1.00","Apr 26, 2030","5.17","CAD","Oct 26, 2022"
"CUCN","CU INC MTN","Energy","Fixed Income","1,536,458.28","0.09","1,536,458.28","1,663,000.00","1,663,000.00","91.24","Canada","-","CAD","12.93","1.00","Sep 10, 2042","3.81","CAD","Sep 10, 2012"
"RCICN","ROGERS COMMUNICATIONS INC","Communication","Fixed Income","1,536,346.96","0.09","1,536,346.96","1,711,000.00","1,711,000.00","89.63","Canada","-","CAD","6.20","1.00","Dec 9, 2030","2.90","CAD","Apr 22, 2020"
"CTCACN","CANADIAN TIRE CORPORATION LTD MTN","Industrial","Fixed Income","1,536,027.67","0.09","1,536,027.67","1,445,000.00","1,445,000.00","104.74","Canada","-","CAD","5.50","1.00","Sep 16, 2030","5.37","CAD","Sep 14, 2023"
"GWOCN","GREAT-WEST LIFECO INC","Financial","Fixed Income","1,535,280.56","0.09","1,535,280.56","1,942,000.00","1,942,000.00","77.64","Canada","-","CAD","16.76","1.00","Jul 8, 2050","2.98","CAD","Jul 8, 2020"
"TCN","TELUS CORPORATION","Communication","Fixed Income","1,533,741.62","0.09","1,533,741.62","1,624,000.00","1,624,000.00","92.97","Canada","-","CAD","13.89","1.00","Mar 6, 2048","4.70","CAD","Mar 6, 2017"
"FNTETF","FIRST NATIONS ETF LP 144A","Energy","Fixed Income","1,531,676.10","0.09","1,531,676.10","1,619,223.00","1,619,223.00","92.53","Canada","-","CAD","5.78","1.00","Dec 31, 2041","4.14","CAD","Nov 22, 2017"
"MRUCN","METRO INC MTN","Industrial","Fixed Income","1,525,665.05","0.09","1,525,665.05","1,642,000.00","1,642,000.00","92.62","Canada","-","CAD","14.57","1.00","Dec 4, 2047","4.27","CAD","Dec 4, 2017"
"RCICN","ROGERS COMMUNICATIONS INC. MTN","Communication","Fixed Income","1,522,367.29","0.09","1,522,367.29","1,328,000.00","1,328,000.00","112.87","Canada","-","CAD","10.53","1.00","Mar 22, 2041","6.56","CAD","Mar 21, 2011"
"BAMREP","BROOKFIELD RENEWABLE PARTNERS ULC MTN","Energy","Fixed Income","1,521,779.58","0.09","1,521,779.58","1,603,000.00","1,603,000.00","93.39","Canada","-","CAD","5.33","1.00","Jan 15, 2030","3.38","CAD","Sep 13, 2019"
"ETRHWY","407 INTERNATIONAL INC MTN","Infrastructure","Fixed Income","1,518,904.07","0.09","1,518,904.07","1,565,000.00","1,565,000.00","96.31","Canada","-","CAD","12.54","1.00","Apr 25, 2042","4.19","CAD","Apr 25, 2012"
"CHPUCN","CHOICE PROPERTIES REAL ESTATE INVE","Real Estate","Fixed Income","1,518,988.30","0.09","1,518,988.30","1,417,000.00","1,417,000.00","107.12","Canada","-","CAD","6.62","1.00","Jun 24, 2032","6.00","CAD","Jun 24, 2022"
"DOLCN","DOLLARAMA INC","Industrial","Fixed Income","1,516,922.70","0.09","1,516,922.70","1,595,000.00","1,595,000.00","94.21","Canada","-","CAD","2.41","1.00","Jul 8, 2026","1.87","CAD","Jul 8, 2021"
"F","FORD CREDIT CANADA CO","Financial","Fixed Income","1,515,377.38","0.09","1,515,377.38","1,465,000.00","1,465,000.00","102.59","United States","-","CAD","2.61","1.00","Nov 10, 2026","6.33","CAD","Nov 10, 2023"
"BIP","BROOKFIELD INFRASTRUCTURE FINANCE MTN","Infrastructure","Fixed Income","1,514,359.48","0.09","1,514,359.48","1,455,000.00","1,455,000.00","103.39","Canada","-","CAD","3.40","1.00","Nov 14, 2027","5.62","CAD","Nov 14, 2022"
"PPLCN","PEMBINA PIPELINE CORP MTN","Energy","Fixed Income","1,510,036.46","0.09","1,510,036.46","1,624,000.00","1,624,000.00","90.89","Canada","-","CAD","13.30","1.00","Jan 21, 2047","4.74","CAD","Jan 20, 2017"
"BCECN","BELL CANADA MTN RegS","Communication","Fixed Income","1,509,280.80","0.09","1,509,280.80","1,658,000.00","1,658,000.00","90.90","Canada","-","CAD","13.71","1.00","Dec 18, 2045","4.35","CAD","Mar 30, 2015"
"CUCN","CU INC","Energy","Fixed Income","1,507,985.97","0.09","1,507,985.97","1,924,000.00","1,924,000.00","77.46","Canada","-","CAD","16.57","1.00","Sep 7, 2049","2.96","CAD","Sep 5, 2019"
"ENBGAS","ENBRIDGE GAS INC MTN","Energy","Fixed Income","1,503,781.77","0.09","1,503,781.77","1,584,000.00","1,584,000.00","94.63","Canada","-","CAD","13.41","1.00","Jun 2, 2044","4.20","CAD","Jun 2, 2014"
"TCN","TELUS CORPORATION","Communication","Fixed Income","1,503,926.21","0.09","1,503,926.21","1,330,000.00","1,330,000.00","111.25","Canada","-","CAD","14.58","1.00","Sep 8, 2053","5.95","CAD","Sep 8, 2023"
"BAMREP","BROOKFIELD RENEWABLE PARTNERS ULC MTN","Energy","Fixed Income","1,503,456.98","0.09","1,503,456.98","1,390,000.00","1,390,000.00","107.36","Canada","-","CAD","6.84","1.00","Nov 9, 2032","5.88","CAD","Nov 9, 2022"
"HYDONE","HYDRO ONE INC MTN","Infrastructure","Fixed Income","1,501,672.18","0.09","1,501,672.18","1,676,000.00","1,676,000.00","89.18","Canada","-","CAD","15.21","1.00","Nov 18, 2047","3.72","CAD","Nov 18, 2016"
"HNDA","HONDA CANADA FINANCE INC","Financial","Fixed Income","1,499,065.94","0.09","1,499,065.94","1,520,000.00","1,520,000.00","98.28","Canada","-","CAD","1.34","1.00","May 23, 2025","3.44","CAD","May 23, 2018"
"PPLCN","PEMBINA PIPELINE CORP","Energy","Fixed Income","1,496,699.96","0.09","1,496,699.96","1,724,000.00","1,724,000.00","86.58","Canada","-","CAD","15.06","1.00","Dec 10, 2051","4.49","CAD","Dec 10, 2021"
"GTAAIR","GREATER TORONTO AIRPORTS AUTH 144A","Infrastructure","Fixed Income","1,493,432.49","0.09","1,493,432.49","1,374,000.00","1,374,000.00","108.23","Canada","-","CAD","3.48","1.00","Dec 3, 2027","6.45","CAD","Dec 2, 1997"
"REIUCN","RIOCAN REAL ESTATE INVESTMENT TRUS","Real Estate","Fixed Income","1,489,325.55","0.09","1,489,325.55","1,599,000.00","1,599,000.00","93.07","Canada","-","CAD","2.37","1.00","Jun 15, 2026","1.97","CAD","Dec 14, 2020"
"BRUPOW","BRUCE POWER LP RegS","Energy","Fixed Income","1,487,950.51","0.09","1,487,950.51","1,499,000.00","1,499,000.00","99.16","Canada","-","CAD","14.74","1.00","Jun 21, 2049","4.75","CAD","Mar 25, 2019"
"PLEBCA","PLENARY HEALTH BRIDGEPOINT LP","Infrastructure","Fixed Income","1,485,959.78","0.09","1,485,959.78","1,215,142.00","1,215,142.00","119.90","Canada","-","CAD","7.98","1.00","Aug 31, 2042","7.25","CAD","Aug 11, 2009"
"CUCN","CU INC MTN","Energy","Fixed Income","1,484,885.86","0.09","1,484,885.86","1,710,000.00","1,710,000.00","86.48","Canada","-","CAD","15.37","1.00","Nov 22, 2047","3.55","CAD","Nov 22, 2017"
"ENBCN","ENBRIDGE INC MTN","Energy","Fixed Income","1,473,391.02","0.09","1,473,391.02","1,415,000.00","1,415,000.00","103.64","Canada","-","CAD","7.32","1.00","May 26, 2033","5.36","CAD","May 26, 2023"
"ETRHWY","407 INTERNATIONAL INC. MTN","Infrastructure","Fixed Income","1,471,550.32","0.09","1,471,550.32","1,675,000.00","1,675,000.00","87.48","Canada","-","CAD","15.13","1.00","May 21, 2047","3.60","CAD","May 19, 2016"
"LCN","LOBLAW COMPANIES LTD","Industrial","Fixed Income","1,470,739.66","0.09","1,470,739.66","1,335,000.00","1,335,000.00","108.60","Canada","-","CAD","15.10","1.00","Sep 13, 2052","5.34","CAD","Sep 13, 2022"
"SLFCN","SUN LIFE FINANCIAL INC","Financial","Fixed Income","1,467,157.90","0.09","1,467,157.90","1,419,000.00","1,419,000.00","102.95","Canada","-","CAD","9.60","1.00","May 29, 2042","5.40","CAD","May 29, 2007"
"AIREIN","AIMCO REALTY INVESTORS LP","Real Estate","Fixed Income","1,466,771.21","0.09","1,466,771.21","1,550,000.00","1,550,000.00","94.40","Canada","-","CAD","4.09","1.00","Jun 1, 2028","3.04","CAD","Nov 23, 2017"
"F","FORD CREDIT CANADA CO","Financial","Fixed Income","1,464,810.10","0.09","1,464,810.10","1,540,000.00","1,540,000.00","94.27","United States","-","CAD","2.56","1.00","Sep 16, 2026","2.96","CAD","Sep 16, 2021"
"ALACN","ALTAGAS LTD","Energy","Fixed Income","1,459,853.52","0.09","1,459,853.52","1,616,000.00","1,616,000.00","90.17","Canada","-","CAD","4.16","1.00","May 30, 2028","2.08","CAD","Nov 30, 2020"
"DIRUCN","DREAM INDUSTRIAL REAL ESTATE INVES","Real Estate","Fixed Income","1,457,290.88","0.08","1,457,290.88","1,547,000.00","1,547,000.00","94.17","Canada","-","CAD","1.92","1.00","Dec 22, 2025","1.66","CAD","Dec 22, 2020"
"IPLCN","INTER PIPELINE LTD MTN","Energy","Fixed Income","1,451,022.53","0.08","1,451,022.53","1,501,000.00","1,501,000.00","96.55","Canada","-","CAD","2.77","1.00","Dec 16, 2026","3.48","CAD","Dec 16, 2016"
"HYDONE","HYDRO ONE INC. MTN","Infrastructure","Fixed Income","1,450,474.61","0.08","1,450,474.61","1,224,000.00","1,224,000.00","115.88","Canada","-","CAD","7.53","1.00","Jan 31, 2034","6.35","CAD","Jan 31, 2003"
"FFHCN","FAIRFAX FINANCIAL HOLDINGS LTD MTN","Financial","Fixed Income","1,449,234.03","0.08","1,449,234.03","1,446,000.00","1,446,000.00","100.06","Canada","-","CAD","2.54","1.00","Dec 16, 2026","4.70","CAD","Dec 16, 2016"
"FFHCN","FAIRFAX FINANCIAL HOLDINGS LTD","Financial","Fixed Income","1,448,383.75","0.08","1,448,383.75","1,479,000.00","1,479,000.00","97.76","Canada","-","CAD","4.79","1.00","Jun 14, 2029","4.23","CAD","Jun 14, 2019"
"ETRHWY","407 INTERNATIONAL INC MTN","Infrastructure","Fixed Income","1,447,152.87","0.08","1,447,152.87","1,616,000.00","1,616,000.00","88.43","Canada","-","CAD","15.61","1.00","Mar 8, 2049","3.67","CAD","Mar 6, 2019"
"CAECN","CAE INC RegS","Industrial","Fixed Income","1,445,170.57","0.08","1,445,170.57","1,400,000.00","1,400,000.00","102.97","Canada","-","CAD","3.88","1.00","Jun 12, 2028","5.54","CAD","Jun 12, 2023"
"EDISNH","ELLISDON INFRASTRUCTURE SNH GP","Infrastructure","Fixed Income","1,445,017.78","0.08","1,445,017.78","1,320,000.00","1,320,000.00","107.78","Canada","-","CAD","14.99","1.00","Aug 31, 2057","5.15","CAD","Feb 21, 2023"
"IFCCN","INTACT FINANCIAL CORP RegS","Financial","Fixed Income","1,442,537.51","0.08","1,442,537.51","1,508,000.00","1,508,000.00","95.49","Canada","-","CAD","3.23","1.00","Jun 7, 2027","2.85","CAD","Jun 7, 2017"
"IAGCN","IA FINANCIAL CORPORATION INC","Financial","Fixed Income","1,441,964.11","0.08","1,441,964.11","1,400,000.00","1,400,000.00","102.86","Canada","-","CAD","3.87","1.00","Jun 20, 2033","5.68","CAD","Jun 20, 2023"
"TCN","TELUS CORPORATION","Communication","Fixed Income","1,438,746.48","0.08","1,438,746.48","1,449,000.00","1,449,000.00","98.83","Canada","-","CAD","12.34","1.00","Nov 26, 2043","5.15","CAD","Nov 26, 2013"
"IPLCN","INTER PIPELINE LTD MTN","Energy","Fixed Income","1,429,712.05","0.08","1,429,712.05","1,648,000.00","1,648,000.00","86.39","Canada","-","CAD","12.59","1.00","May 30, 2044","4.64","CAD","May 30, 2014"
"BIP","BROOKFIELD INFRASTRUCTURE FINANCE MTN","Infrastructure","Fixed Income","1,429,010.50","0.08","1,429,010.50","1,655,000.00","1,655,000.00","85.41","Canada","-","CAD","7.46","1.00","Sep 1, 2032","2.86","CAD","Sep 1, 2020"
"HYDONE","HYDRO ONE INC MTN","Infrastructure","Fixed Income","1,421,574.11","0.08","1,421,574.11","1,603,000.00","1,603,000.00","88.05","Canada","-","CAD","6.93","1.00","Sep 17, 2031","2.23","CAD","Sep 17, 2021"
"GTAAIR","GREATER TORONTO AIRPORTS AUTHORITY MTN 144A","Infrastructure","Fixed Income","1,419,735.96","0.08","1,419,735.96","1,385,000.00","1,385,000.00","102.17","Canada","-","CAD","12.32","1.00","Dec 2, 2041","4.53","CAD","Dec 2, 2011"
"SLFCN","SUN LIFE FINANCIAL INC","Financial","Fixed Income","1,418,013.02","0.08","1,418,013.02","1,504,000.00","1,504,000.00","94.01","Canada","-","CAD","2.73","1.00","Nov 18, 2031","2.46","CAD","Nov 18, 2021"
"TCN","TELUS CORPORATION","Communication","Fixed Income","1,417,373.07","0.08","1,417,373.07","1,383,000.00","1,383,000.00","101.24","Canada","-","CAD","7.27","1.00","Mar 28, 2033","4.95","CAD","Mar 28, 2023"
"HYNMTR","HYUNDAI CAPITAL CANADA INC","Financial","Fixed Income","1,413,820.77","0.08","1,413,820.77","1,350,000.00","1,350,000.00","103.02","Canada","-","CAD","3.63","1.00","Mar 8, 2028","5.57","CAD","Mar 8, 2023"
"CWBCN","CANADIAN WESTERN BANK","Financial","Fixed Income","1,409,347.43","0.08","1,409,347.43","1,490,000.00","1,490,000.00","94.20","Canada","-","CAD","2.21","1.00","Apr 16, 2026","1.93","CAD","Apr 16, 2021"
"BCECN","BELL CANADA MTN 144A","Communication","Fixed Income","1,408,331.74","0.08","1,408,331.74","1,191,000.00","1,191,000.00","115.69","Canada","-","CAD","6.22","1.00","Feb 23, 2032","7.30","CAD","Feb 22, 2002"
"ONTPOW","ONTARIO POWER GENERATION INC","Energy","Fixed Income","1,408,096.20","0.08","1,408,096.20","1,509,000.00","1,509,000.00","93.10","Canada","-","CAD","2.24","1.00","Apr 22, 2026","1.17","CAD","Oct 22, 2020"
"VW","VW CREDIT CANADA INC RegS","Financial","Fixed Income","1,404,785.58","0.08","1,404,785.58","1,325,000.00","1,325,000.00","104.45","Germany","-","CAD","4.10","1.00","Sep 20, 2028","5.73","CAD","Sep 20, 2023"
"HYNMTR","HYUNDAI CAPITAL CANADA INC","Financial","Fixed Income","1,397,068.43","0.08","1,397,068.43","1,479,000.00","1,479,000.00","94.20","Canada","-","CAD","2.28","1.00","May 12, 2026","2.01","CAD","May 12, 2021"
"GRTCN","GRANITE REIT HOLDINGS LP","Real Estate","Fixed Income","1,393,999.07","0.08","1,393,999.07","1,300,000.00","1,300,000.00","105.93","Canada","-","CAD","4.44","1.00","Apr 12, 2029","6.07","CAD","Oct 12, 2023"
"BAMREP","BROOKFIELD RENEWABLE ENERGY PARTNE MTN","Energy","Fixed Income","1,393,608.42","0.08","1,393,608.42","1,412,000.00","1,412,000.00","98.42","Canada","-","CAD","1.30","1.00","Jun 2, 2025","3.75","CAD","Mar 6, 2015"
"TCN","TELUS CORPORATION","Communication","Fixed Income","1,388,768.00","0.08","1,388,768.00","1,334,000.00","1,334,000.00","102.64","Canada","-","CAD","4.81","1.00","Sep 13, 2029","5.00","CAD","Sep 13, 2022"
"MFCCN","MANULIFE BANK OF CANADA","Financial","Fixed Income","1,386,694.17","0.08","1,386,694.17","1,482,000.00","1,482,000.00","93.12","Canada","-","CAD","2.61","1.00","Sep 14, 2026","1.54","CAD","Sep 13, 2021"
"TCN","TELUS CORPORATION","Communication","Fixed Income","1,386,401.15","0.08","1,386,401.15","1,290,000.00","1,290,000.00","105.75","Canada","-","CAD","5.44","1.00","Sep 9, 2030","5.60","CAD","Sep 8, 2023"
"ENBGAS","ENBRIDGE GAS INC","Energy","Fixed Income","1,385,651.36","0.08","1,385,651.36","1,380,000.00","1,380,000.00","98.89","Canada","-","CAD","7.06","1.00","Aug 17, 2032","4.15","CAD","Aug 17, 2022"
"CWBCN","CANADIAN WESTERN BANK","Financial","Fixed Income","1,381,768.41","0.08","1,381,768.41","1,340,000.00","1,340,000.00","101.45","Canada","-","CAD","3.29","1.00","Sep 2, 2027","5.15","CAD","Sep 2, 2022"
"CRDPOW","CORDELIO AMALCO GP I","Energy","Fixed Income","1,381,242.71","0.08","1,381,242.71","1,413,227.00","1,413,227.00","95.70","Canada","-","CAD","4.53","1.00","Jun 30, 2034","4.09","CAD","Dec 10, 2018"
"GLCRTR_22-1","GLCRTR_22-1 RegS","Securitized","Fixed Income","1,378,428.44","0.08","1,378,428.44","1,345,000.00","1,345,000.00","101.13","Canada","-","CAD","3.35","1.00","Sep 20, 2027","4.96","CAD","Sep 27, 2022"
"BCIMCR","BCI QUADREAL REALTY","Real Estate","Fixed Income","1,377,655.33","0.08","1,377,655.33","1,438,000.00","1,438,000.00","95.77","Canada","-","CAD","2.38","1.00","Jun 24, 2026","2.55","CAD","Feb 3, 2022"
"AERMON","MONTREAL AIRPORTS","Infrastructure","Fixed Income","1,374,879.65","0.08","1,374,879.65","1,586,000.00","1,586,000.00","86.09","Canada","-","CAD","16.76","1.00","Apr 26, 2051","3.44","CAD","Apr 26, 2021"
"DTRGR","DAIMLER TRUCKS FINANCE CANADA INC RegS","Financial","Fixed Income","1,371,706.95","0.08","1,371,706.95","1,457,000.00","1,457,000.00","94.05","Germany","-","CAD","2.82","1.00","Dec 15, 2026","2.46","CAD","Dec 15, 2021"
"IGMCN","IGM FINANCIAL INC","Financial","Fixed Income","1,370,412.12","0.08","1,370,412.12","1,230,000.00","1,230,000.00","110.93","Canada","-","CAD","15.42","1.00","May 26, 2053","5.43","CAD","May 26, 2023"
"GLCRTR_20-1-SR","GLCRTR_20-1 SR","Securitized","Fixed Income","1,369,625.48","0.08","1,369,625.48","1,445,000.00","1,445,000.00","94.41","Canada","-","CAD","1.67","1.00","Sep 22, 2025","1.39","CAD","Sep 25, 2020"
"ENBPIP","ENBRIDGE PIPELINES INC MTN","Energy","Fixed Income","1,369,292.53","0.08","1,369,292.53","1,476,000.00","1,476,000.00","91.64","Canada","-","CAD","13.27","1.00","Sep 29, 2045","4.55","CAD","Sep 29, 2015"
"TCN","TELUS CORPORATION","Communication","Fixed Income","1,367,501.21","0.08","1,367,501.21","1,603,000.00","1,603,000.00","84.35","Canada","-","CAD","15.30","1.00","Apr 5, 2051","4.10","CAD","Apr 5, 2021"
"HYDONE","HYDRO ONE INC MTN","Infrastructure","Fixed Income","1,366,490.29","0.08","1,366,490.29","1,325,000.00","1,325,000.00","102.07","Canada","-","CAD","1.70","1.00","Oct 20, 2025","5.54","CAD","Oct 20, 2023"
"CPXCN","CAPITAL POWER CORP MTN","Energy","Fixed Income","1,361,817.01","0.08","1,361,817.01","1,377,000.00","1,377,000.00","97.16","Canada","-","CAD","5.21","1.00","Feb 8, 2030","4.42","CAD","Nov 8, 2019"
"GWOCN","GREAT-WEST LIFECO INC.","Financial","Fixed Income","1,357,162.21","0.08","1,357,162.21","1,159,000.00","1,159,000.00","115.29","Canada","-","CAD","7.00","1.00","Mar 21, 2033","6.67","CAD","Mar 21, 2003"
"ONTPOW","ONTARIO POWER GENERATION INC MTN","Energy","Fixed Income","1,357,132.84","0.08","1,357,132.84","1,791,000.00","1,791,000.00","74.73","Canada","-","CAD","16.95","1.00","Feb 21, 2051","2.95","CAD","Feb 4, 2021"
"SJOEHC","INTEGRATED TEAM SOLUTIONS SJHC PAR","Infrastructure","Fixed Income","1,351,123.23","0.08","1,351,123.23","1,250,360.00","1,250,360.00","107.59","Canada","-","CAD","8.11","1.00","Nov 30, 2042","5.95","CAD","Mar 11, 2011"
"CCACN","COGECO COMMUNICATIONS INC","Communication","Fixed Income","1,350,558.84","0.08","1,350,558.84","1,303,000.00","1,303,000.00","101.69","Canada","-","CAD","7.07","1.00","Feb 16, 2033","5.30","CAD","Feb 16, 2023"
"SRUUCN","SMARTCENTRES REAL ESTATE INVESTMEN","Real Estate","Fixed Income","1,349,474.62","0.08","1,349,474.62","1,477,000.00","1,477,000.00","91.28","Canada","-","CAD","5.33","1.00","Dec 20, 2029","3.53","CAD","Dec 20, 2019"
"CNRCN","CANADIAN NATIONAL RAILWAY COMPANY","Industrial","Fixed Income","1,345,397.61","0.08","1,345,397.61","1,444,000.00","1,444,000.00","92.11","Canada","-","CAD","14.05","1.00","Sep 22, 2045","3.95","CAD","Sep 22, 2015"
"AQNCN","ALGONQUIN POWER CO","Energy","Fixed Income","1,345,185.74","0.08","1,345,185.74","1,330,000.00","1,330,000.00","99.21","Canada","-","CAD","4.34","1.00","Jan 29, 2029","4.60","CAD","Jan 29, 2019"
"PPLCN","PEMBINA PIPELINE CORP MTN","Energy","Fixed Income","1,342,973.85","0.08","1,342,973.85","1,456,000.00","1,456,000.00","91.46","Canada","-","CAD","12.22","1.00","Apr 30, 2043","4.75","CAD","Apr 30, 2013"
"ALBPOW","ALBERTA POWERLINE LP","Infrastructure","Fixed Income","1,341,919.38","0.08","1,341,919.38","1,463,648.00","1,463,648.00","91.37","Canada","-","CAD","13.14","1.00","Dec 1, 2053","4.07","CAD","Oct 2, 2017"
"RLNCE","RELIANCE LP","Industrial","Fixed Income","1,340,729.41","0.08","1,340,729.41","1,349,000.00","1,349,000.00","98.28","Canada","-","CAD","1.14","1.00","Mar 15, 2025","3.84","CAD","Dec 18, 2017"
"ENBPIP","ENBRIDGE PIPELINES INC MTN","Energy","Fixed Income","1,338,571.19","0.08","1,338,571.19","1,200,000.00","1,200,000.00","109.41","Canada","-","CAD","14.60","1.00","Aug 17, 2053","5.82","CAD","Aug 17, 2023"
"ENBGAS","ENBRIDGE GAS INC MTN","Energy","Fixed Income","1,338,173.17","0.08","1,338,173.17","1,200,000.00","1,200,000.00","110.20","Canada","-","CAD","7.43","1.00","Oct 6, 2033","5.70","CAD","Oct 6, 2023"
"CCACN","COGECO COMMUNICATIONS INC","Communication","Fixed Income","1,336,611.10","0.08","1,336,611.10","1,515,000.00","1,515,000.00","87.42","Canada","-","CAD","6.73","1.00","Sep 22, 2031","2.99","CAD","Sep 20, 2021"
"TCN","TELUS CORPORATION","Communication","Fixed Income","1,335,423.59","0.08","1,335,423.59","1,389,000.00","1,389,000.00","94.00","Canada","-","CAD","12.76","1.00","Jan 17, 2045","4.75","CAD","Sep 15, 2014"
"CNRCN","CANADIAN NATIONAL RAILWAY COMPANY","Industrial","Fixed Income","1,333,400.97","0.08","1,333,400.97","1,310,000.00","1,310,000.00","101.20","Canada","-","CAD","7.55","1.00","May 10, 2033","4.40","CAD","May 10, 2023"
"GRTCN","GRANITE REIT HOLDINGS LP","Real Estate","Fixed Income","1,332,708.40","0.08","1,332,708.40","1,566,000.00","1,566,000.00","85.03","Canada","-","CAD","6.31","1.00","Dec 18, 2030","2.38","CAD","Dec 18, 2020"
"REIUCN","RIOCAN REAL ESTATE INVESTMENT TRUS","Real Estate","Fixed Income","1,329,347.09","0.08","1,329,347.09","1,476,000.00","1,476,000.00","89.67","Canada","-","CAD","4.47","1.00","Nov 8, 2028","2.83","CAD","Nov 8, 2021"
"CAAIAU","CALGARY AIRPORT AUTHORITY","Infrastructure","Fixed Income","1,328,306.49","0.08","1,328,306.49","1,497,000.00","1,497,000.00","87.97","Canada","-","CAD","11.26","1.00","Oct 7, 2038","3.34","CAD","Oct 7, 2021"
"DIRUCN","DREAM INDUSTRIAL REAL ESTATE INVES","Real Estate","Fixed Income","1,326,438.38","0.08","1,326,438.38","1,456,000.00","1,456,000.00","91.03","Canada","-","CAD","3.30","1.00","Jun 17, 2027","2.06","CAD","Jun 17, 2021"
"AERMON","MONTREAL AIRPORTS","Infrastructure","Fixed Income","1,326,282.53","0.08","1,326,282.53","1,647,000.00","1,647,000.00","79.95","Canada","-","CAD","16.89","1.00","Apr 21, 2050","3.03","CAD","Apr 21, 2020"
"CNRCN","CANADIAN NATIONAL RAILWAY COMPANY","Industrial","Fixed Income","1,321,165.73","0.08","1,321,165.73","1,498,000.00","1,498,000.00","86.72","Canada","-","CAD","14.98","1.00","Aug 1, 2047","3.60","CAD","Aug 1, 2017"
"ALBPOW","ALBERTA POWERLINE LP","Infrastructure","Fixed Income","1,320,076.22","0.08","1,320,076.22","1,425,703.00","1,425,703.00","91.27","Canada","-","CAD","13.09","1.00","Mar 1, 2054","4.07","CAD","Oct 2, 2017"
"IFCCN","INTACT FINANCIAL CORP MTN RegS","Financial","Fixed Income","1,315,550.52","0.08","1,315,550.52","1,428,000.00","1,428,000.00","91.88","Canada","-","CAD","4.12","1.00","May 18, 2028","2.18","CAD","May 18, 2021"
"CNRCN","CANADIAN NATIONAL RAILWAY COMPANY","Industrial","Fixed Income","1,314,427.62","0.08","1,314,427.62","1,495,000.00","1,495,000.00","86.51","Canada","-","CAD","15.56","1.00","Feb 8, 2049","3.60","CAD","Feb 8, 2019"
"TORHYD","TORONTO HYDRO CORPORATION","Infrastructure","Fixed Income","1,314,439.26","0.08","1,314,439.26","1,193,000.00","1,193,000.00","109.14","Canada","-","CAD","15.81","1.00","Oct 13, 2052","4.95","CAD","Oct 13, 2022"
"BNCN","BROOKFIELD ASSET MANAGEMENT INC.","Industrial","Fixed Income","1,313,766.20","0.08","1,313,766.20","1,238,000.00","1,238,000.00","105.88","Canada","-","CAD","8.43","1.00","Jun 14, 2035","5.95","CAD","Jun 14, 2005"
"BAMREP","BROOKFIELD RENEWABLE PARTNERS ULC MTN","Energy","Fixed Income","1,310,236.44","0.08","1,310,236.44","1,725,000.00","1,725,000.00","74.70","Canada","-","CAD","15.87","1.00","Aug 13, 2050","3.33","CAD","Aug 13, 2020"
"ETRHWY","407 INTERNATIONAL INC MTN","Infrastructure","Fixed Income","1,300,600.47","0.08","1,300,600.47","1,383,000.00","1,383,000.00","92.85","Canada","-","CAD","16.49","1.00","Sep 11, 2052","3.98","CAD","Sep 11, 2012"
"PLEHCA","PLENARY HEALTH HAMILTON LP","Infrastructure","Fixed Income","1,298,608.27","0.08","1,298,608.27","1,202,572.00","1,202,572.00","107.53","Canada","-","CAD","8.31","1.00","May 31, 2043","5.80","CAD","Dec 3, 2010"
"CUCN","CU INC MTN","Energy","Fixed Income","1,298,363.15","0.08","1,298,363.15","1,167,000.00","1,167,000.00","110.34","Canada","-","CAD","9.83","1.00","Oct 30, 2037","5.56","CAD","Nov 1, 2007"
"GEICN","GIBSON ENERGY INC MTN","Energy","Fixed Income","1,296,573.25","0.08","1,296,573.25","1,200,000.00","1,200,000.00","105.37","Canada","-","CAD","7.14","1.00","Jul 12, 2033","5.75","CAD","Jul 12, 2023"
"ENBGAS","ENBRIDGE GAS INC MTN","Energy","Fixed Income","1,295,817.53","0.08","1,295,817.53","1,099,000.00","1,099,000.00","117.08","Canada","-","CAD","6.83","1.00","Nov 15, 2032","6.90","CAD","Nov 15, 2002"
"BCIMCR","QUADREAL PROPERTY GROUP LP","Real Estate","Fixed Income","1,294,724.22","0.08","1,294,724.22","1,380,000.00","1,380,000.00","93.39","Canada","-","CAD","2.04","1.00","Feb 4, 2026","1.07","CAD","Feb 4, 2021"
"CTLONE","CENTRAL 1 CREDIT UNION MTN","Financial","Fixed Income","1,292,659.60","0.08","1,292,659.60","1,270,000.00","1,270,000.00","100.43","Canada","-","CAD","1.64","1.00","Sep 29, 2025","5.42","CAD","Sep 29, 2022"
"ALTALK","ALTALINK LP MTN","Infrastructure","Fixed Income","1,290,859.51","0.08","1,290,859.51","1,432,000.00","1,432,000.00","89.88","Canada","-","CAD","14.89","1.00","Dec 3, 2046","3.72","CAD","Dec 1, 2016"
"GTAAIR","GREATER TORONTO AIRPORTS AUTHORITY","Infrastructure","Fixed Income","1,289,817.42","0.08","1,289,817.42","1,440,000.00","1,440,000.00","89.32","Canada","-","CAD","10.59","1.00","Jun 1, 2037","3.26","CAD","Mar 29, 2018"
"LBCN","LAURENTIAN BANK OF CANADA","Financial","Fixed Income","1,289,637.40","0.08","1,289,637.40","1,337,000.00","1,337,000.00","95.91","Canada","-","CAD","1.17","1.00","Mar 17, 2025","1.95","CAD","Dec 21, 2021"
"EPCOR","EPCOR UTILITIES INC MTN","Infrastructure","Fixed Income","1,287,750.57","0.07","1,287,750.57","1,476,000.00","1,476,000.00","86.93","Canada","-","CAD","15.40","1.00","Nov 27, 2047","3.55","CAD","Nov 27, 2017"
"CUCN","CU INC","Energy","Fixed Income","1,287,780.76","0.07","1,287,780.76","1,364,000.00","1,364,000.00","92.73","Canada","-","CAD","13.90","1.00","Jul 27, 2045","3.96","CAD","Jul 27, 2015"
"ENBGAS","ENBRIDGE GAS INC MTN","Energy","Fixed Income","1,286,529.31","0.07","1,286,529.31","1,176,000.00","1,176,000.00","107.77","Canada","-","CAD","9.20","1.00","Sep 11, 2036","5.46","CAD","Sep 11, 2006"
"CUCN","CU INC MTN","Energy","Fixed Income","1,285,382.25","0.07","1,285,382.25","1,582,000.00","1,582,000.00","80.25","Canada","-","CAD","17.01","1.00","Sep 5, 2051","3.17","CAD","Sep 3, 2021"
"PPLCN","PEMBINA PIPELINE CORP MTN RegS","Energy","Fixed Income","1,284,159.17","0.07","1,284,159.17","1,280,000.00","1,280,000.00","100.22","Canada","-","CAD","0.47","1.00","Jun 22, 2026","5.73","CAD","Jun 22, 2023"
"CNRCN","CANADIAN NATIONAL RAILWAY COMPANY","Industrial","Fixed Income","1,282,307.22","0.07","1,282,307.22","1,457,000.00","1,457,000.00","86.52","Canada","-","CAD","15.35","1.00","Jul 31, 2048","3.60","CAD","Jul 31, 2018"
"REIUCN","RIOCAN REAL ESTATE INVESTMENT TRUS","Real Estate","Fixed Income","1,281,607.41","0.07","1,281,607.41","1,383,000.00","1,383,000.00","91.96","Canada","-","CAD","3.02","1.00","Mar 10, 2027","2.36","CAD","Mar 10, 2020"
"HRUCN","H&R REAL ESTATE INVESTMENT TRUST","Real Estate","Fixed Income","1,281,170.21","0.07","1,281,170.21","1,377,000.00","1,377,000.00","92.09","Canada","-","CAD","2.95","1.00","Feb 19, 2027","2.63","CAD","Feb 19, 2021"
"ENBGAS","ENBRIDGE GAS INC MTN","Energy","Fixed Income","1,279,425.91","0.07","1,279,425.91","1,203,000.00","1,203,000.00","105.85","Canada","-","CAD","15.25","1.00","Nov 22, 2050","4.95","CAD","Nov 22, 2010"
"RLNCE","RELIANCE LP","Industrial","Fixed Income","1,277,446.48","0.07","1,277,446.48","1,388,000.00","1,388,000.00","91.83","Canada","-","CAD","3.68","1.00","Dec 1, 2027","2.68","CAD","Aug 20, 2020"
"CCDJ","FEDERATION DES CAISSES DESJARDINS","Financial","Fixed Income","1,275,039.20","0.07","1,275,039.20","1,200,000.00","1,200,000.00","104.23","Canada","-","CAD","4.03","1.00","Aug 16, 2028","5.47","CAD","Aug 16, 2023"
"NWCONN","NORTHWESTCONNECT GROUP","Infrastructure","Fixed Income","1,272,938.63","0.07","1,272,938.63","1,169,471.00","1,169,471.00","107.89","Canada","-","CAD","7.52","1.00","Apr 30, 2041","5.95","CAD","Aug 12, 2008"
"ALACN","ALTAGAS LTD MTN","Energy","Fixed Income","1,272,695.13","0.07","1,272,695.13","1,273,000.00","1,273,000.00","99.04","Canada","-","CAD","1.93","1.00","Apr 7, 2026","4.12","CAD","Apr 7, 2016"
"FTSCN","FORTISALBERTA INC","Infrastructure","Fixed Income","1,269,334.11","0.07","1,269,334.11","1,098,000.00","1,098,000.00","114.60","Canada","-","CAD","8.07","1.00","Oct 31, 2034","6.22","CAD","Oct 25, 2004"
"CWBCN","CANADIAN WESTERN BANK","Financial","Fixed Income","1,268,498.08","0.07","1,268,498.08","1,280,000.00","1,280,000.00","98.37","Canada","-","CAD","1.26","1.00","Apr 21, 2025","3.86","CAD","Apr 19, 2022"
"CHPUCN","CHOICE PROPERTIES REAL ESTATE INVE","Real Estate","Fixed Income","1,268,067.77","0.07","1,268,067.77","1,386,000.00","1,386,000.00","90.54","Canada","-","CAD","5.52","1.00","Mar 4, 2030","2.98","CAD","Mar 3, 2020"
"ETRHWY","407 INTERNATIONAL INC MTN","Infrastructure","Fixed Income","1,267,542.06","0.07","1,267,542.06","1,417,000.00","1,417,000.00","89.21","Canada","-","CAD","7.42","1.00","May 25, 2032","2.59","CAD","May 22, 2020"
"PPLCN","PEMBINA PIPELINE CORP MTN RegS","Energy","Fixed Income","1,267,304.70","0.07","1,267,304.70","1,282,000.00","1,282,000.00","97.83","Canada","-","CAD","3.76","1.00","Mar 27, 2028","4.02","CAD","Mar 26, 2018"
"HYDONE","HYDRO ONE INC MTN","Infrastructure","Fixed Income","1,265,351.64","0.07","1,265,351.64","1,293,000.00","1,293,000.00","97.84","Canada","-","CAD","1.43","1.00","Jun 26, 2025","2.97","CAD","Jun 26, 2018"
"IAGCN","IA FINANCIAL CORPORATION INC","Financial","Fixed Income","1,265,186.83","0.07","1,265,186.83","1,318,000.00","1,318,000.00","95.18","Canada","-","CAD","2.55","1.00","Sep 24, 2031","3.07","CAD","Sep 24, 2019"
"SE","WESTCOAST ENERGY INC MTN","Energy","Fixed Income","1,263,757.37","0.07","1,263,757.37","1,283,000.00","1,283,000.00","98.28","Canada","-","CAD","1.79","1.00","Dec 8, 2025","3.77","CAD","Dec 8, 2015"
"KEYCN","KEYERA CORP","Energy","Fixed Income","1,261,175.01","0.07","1,261,175.01","1,295,000.00","1,295,000.00","97.30","Canada","-","CAD","4.02","1.00","Jun 21, 2028","3.93","CAD","Jun 19, 2018"
"MGCN","MAGNA INTERNATIONAL INC","Industrial","Fixed Income","1,260,241.96","0.07","1,260,241.96","1,200,000.00","1,200,000.00","102.97","Canada","-","CAD","5.77","1.00","Jan 31, 2031","4.95","CAD","Mar 10, 2023"
"ETRHWY","407 INTERNATIONAL INC.","Infrastructure","Fixed Income","1,259,416.35","0.07","1,259,416.35","1,316,000.00","1,316,000.00","95.33","Canada","-","CAD","3.16","1.00","May 4, 2027","2.43","CAD","Nov 4, 2016"
"ENBCN","ENBRIDGE INC 60NC5 RegS","Energy","Fixed Income","1,257,270.93","0.07","1,257,270.93","1,170,000.00","1,170,000.00","105.36","Canada","-","CAD","3.92","1.00","Jan 15, 2084","8.49","CAD","Sep 29, 2023"
"HNDA","HONDA CANADA FINANCE INC","Financial","Fixed Income","1,255,661.62","0.07","1,255,661.62","1,170,000.00","1,170,000.00","105.88","Canada","-","CAD","4.13","1.00","Sep 28, 2028","5.73","CAD","Sep 28, 2023"
"HNDA","HONDA CANADA FINANCE INC","Financial","Fixed Income","1,254,304.81","0.07","1,254,304.81","1,337,000.00","1,337,000.00","93.38","Canada","-","CAD","2.64","1.00","Sep 28, 2026","1.71","CAD","Sep 28, 2021"
"APUCN","ALLIED PROPERTIES REAL ESTATE INVE","Real Estate","Fixed Income","1,253,570.12","0.07","1,253,570.12","1,575,000.00","1,575,000.00","78.36","Canada","-","CAD","6.88","1.00","Feb 6, 2032","3.10","CAD","Aug 6, 2021"
"AERMON","AEROPORTS DE MONTREAL","Infrastructure","Fixed Income","1,250,634.06","0.07","1,250,634.06","1,103,000.00","1,103,000.00","112.24","Canada","-","CAD","9.77","1.00","Oct 16, 2037","5.67","CAD","Oct 16, 2007"
"CAAIAU","CALGARY AIRPORT AUTHORITY","Infrastructure","Fixed Income","1,250,491.71","0.07","1,250,491.71","1,415,000.00","1,415,000.00","87.59","Canada","-","CAD","12.75","1.00","Oct 7, 2041","3.45","CAD","Oct 7, 2021"
"HYDONE","HYDRO ONE INC RegS","Infrastructure","Fixed Income","1,250,239.81","0.07","1,250,239.81","1,220,000.00","1,220,000.00","100.58","Canada","-","CAD","16.07","1.00","Jan 27, 2053","4.46","CAD","Jan 27, 2023"
"TRPCN","TRANSCANADA TRUST","Energy","Fixed Income","1,249,602.74","0.07","1,249,602.74","1,490,000.00","1,490,000.00","82.53","Canada","-","CAD","5.07","1.00","Mar 4, 2081","4.20","CAD","Mar 4, 2021"
"ETRHWY","407 INTERNATIONAL INC MTN","Infrastructure","Fixed Income","1,247,501.95","0.07","1,247,501.95","1,088,000.00","1,088,000.00","114.24","Canada","-","CAD","8.79","1.00","Dec 3, 2035","5.96","CAD","Dec 3, 2004"
"COOPFS","CO-OPERATORS FINANCIAL SERVICES LT","Financial","Fixed Income","1,242,384.56","0.07","1,242,384.56","1,403,000.00","1,403,000.00","88.13","Canada","-","CAD","5.64","1.00","May 13, 2030","3.33","CAD","May 11, 2020"
"ENBCN","ENBRIDGE INC MTN","Energy","Fixed Income","1,240,422.22","0.07","1,240,422.22","1,169,000.00","1,169,000.00","104.25","Canada","-","CAD","10.33","1.00","Sep 2, 2039","5.75","CAD","Sep 2, 2009"
"COCAPS","COAST CAPITAL SAVINGS FEDERAL CRED","Financial","Fixed Income","1,235,148.43","0.07","1,235,148.43","1,175,000.00","1,175,000.00","103.33","Canada","-","CAD","2.47","1.00","Sep 28, 2026","7.00","CAD","Sep 27, 2023"
"MBGGR","DAIMLER CANADA FINANCE INC","Financial","Fixed Income","1,234,474.44","0.07","1,234,474.44","1,290,000.00","1,290,000.00","95.25","Germany","-","CAD","1.67","1.00","Sep 22, 2025","1.65","CAD","Sep 22, 2020"
"ONTPOW","ONTARIO POWER GENERATION INC","Energy","Fixed Income","1,233,025.31","0.07","1,233,025.31","1,382,000.00","1,382,000.00","89.15","Canada","-","CAD","15.29","1.00","Jun 22, 2048","3.84","CAD","Jun 22, 2018"
"AQNCN","ALGONQUIN POWER CO","Energy","Fixed Income","1,232,393.20","0.07","1,232,393.20","1,390,000.00","1,390,000.00","87.36","Canada","-","CAD","6.58","1.00","Jul 15, 2031","2.85","CAD","Apr 9, 2021"
"CAT","CATERPILLAR FINANCIAL SERVICES LTD MTN","Financial","Fixed Income","1,228,774.56","0.07","1,228,774.56","1,180,000.00","1,180,000.00","102.78","United States","-","CAD","2.52","1.00","Sep 25, 2026","5.19","CAD","Sep 25, 2023"
"AIREIN","AIMCO REALTY INVESTORS LP","Real Estate","Fixed Income","1,227,115.28","0.07","1,227,115.28","1,299,000.00","1,299,000.00","94.14","Canada","-","CAD","2.72","1.00","Nov 4, 2026","2.19","CAD","Nov 4, 2021"
"HYDONE","HYDRO ONE INC MTN","Infrastructure","Fixed Income","1,225,920.26","0.07","1,225,920.26","1,165,000.00","1,165,000.00","103.80","Canada","-","CAD","9.68","1.00","Mar 13, 2037","4.89","CAD","Mar 13, 2007"
"NACN","NATIONAL BANK OF CANADA","Financial","Fixed Income","1,221,622.98","0.07","1,221,622.98","1,277,000.00","1,277,000.00","95.09","Canada","-","CAD","2.54","1.00","Aug 18, 2026","1.57","CAD","Jul 15, 2020"
"CAAIAU","CALGARY AIRPORT AUTHORITY","Infrastructure","Fixed Income","1,217,230.45","0.07","1,217,230.45","1,390,000.00","1,390,000.00","86.76","Canada","-","CAD","16.70","1.00","Oct 7, 2051","3.55","CAD","Oct 7, 2021"
"CCLGP","CAPITAL CITY LINK GENERAL PARTNERS","Infrastructure","Fixed Income","1,216,934.47","0.07","1,216,934.47","1,269,273.00","1,269,273.00","94.80","Canada","-","CAD","9.12","1.00","Mar 31, 2046","4.39","CAD","May 11, 2012"
"FTSCN","TERASEN GAS INC. MTN","Energy","Fixed Income","1,214,749.97","0.07","1,214,749.97","1,056,000.00","1,056,000.00","113.59","Canada","-","CAD","9.59","1.00","Oct 2, 2037","6.00","CAD","Oct 2, 2007"
"SAPCN","SAPUTO INC","Industrial","Fixed Income","1,213,869.79","0.07","1,213,869.79","1,304,000.00","1,304,000.00","93.05","Canada","-","CAD","2.39","1.00","Jun 19, 2026","1.42","CAD","Nov 19, 2020"
"ALTALK","ALTALINK LP MTN","Infrastructure","Fixed Income","1,213,799.27","0.07","1,213,799.27","1,250,000.00","1,250,000.00","96.88","Canada","-","CAD","2.27","1.00","May 29, 2026","2.75","CAD","May 30, 2016"
"CNRCN","CANADIAN NATIONAL RAILWAY COMPANY","Industrial","Fixed Income","1,207,760.76","0.07","1,207,760.76","1,252,000.00","1,252,000.00","95.29","Canada","-","CAD","4.63","1.00","Feb 8, 2029","3.00","CAD","Feb 8, 2019"
"ENBGAS","ENBRIDGE GAS INC MTN","Energy","Fixed Income","1,195,428.92","0.07","1,195,428.92","1,210,000.00","1,210,000.00","97.81","Canada","-","CAD","1.61","1.00","Sep 11, 2025","3.31","CAD","Sep 11, 2015"
"ONTPOW","ONTARIO POWER GENERATION INC MTN","Energy","Fixed Income","1,195,144.51","0.07","1,195,144.51","1,215,000.00","1,215,000.00","97.72","Canada","-","CAD","1.23","1.00","Apr 8, 2025","2.89","CAD","Apr 8, 2020"
"TERANE","TERANET HOLDINGS LP","Industrial","Fixed Income","1,194,793.19","0.07","1,194,793.19","1,206,000.00","1,206,000.00","98.88","Canada","-","CAD","10.85","1.00","Dec 17, 2040","5.75","CAD","Dec 16, 2010"
"CHPUCN","CHOICE PROPERTIES REAL ESTATE INVE RegS","Real Estate","Fixed Income","1,178,733.30","0.07","1,178,733.30","1,100,000.00","1,100,000.00","104.82","Canada","-","CAD","7.55","1.00","Feb 28, 2034","5.70","CAD","Aug 1, 2023"
"IFCCN","INTACT FINANCIAL CORP MTN","Financial","Fixed Income","1,176,402.56","0.07","1,176,402.56","983,000.00","983,000.00","119.04","Canada","-","CAD","10.52","1.00","Nov 23, 2039","6.40","CAD","Nov 23, 2009"
"SRUUCN","SMARTCENTRES REAL ESTATE INVESTMEN","Real Estate","Fixed Income","1,175,665.41","0.07","1,175,665.41","1,255,000.00","1,255,000.00","93.62","Canada","-","CAD","1.90","1.00","Dec 16, 2025","1.74","CAD","Dec 16, 2020"
"CNRCN","CANADIAN NATIONAL RAILWAY COMPANY","Industrial","Fixed Income","1,175,289.52","0.07","1,175,289.52","1,200,000.00","1,200,000.00","96.62","Canada","-","CAD","4.13","1.00","Jul 31, 2028","3.20","CAD","Jul 31, 2018"
"HRUCN","H&R REAL ESTATE INVESTMENT TRUST","Real Estate","Fixed Income","1,172,006.66","0.07","1,172,006.66","1,198,000.00","1,198,000.00","97.69","Canada","-","CAD","1.40","1.00","Jun 16, 2025","4.07","CAD","Jun 15, 2020"
"GTAAIR","GREATER TORONTO AIRPORTS AUTHORITY","Infrastructure","Fixed Income","1,169,443.03","0.07","1,169,443.03","1,410,000.00","1,410,000.00","82.21","Canada","-","CAD","17.28","1.00","Oct 5, 2051","3.15","CAD","Oct 5, 2021"
"CAAIAU","CALGARY AIRPORT AUTHORITY","Infrastructure","Fixed Income","1,165,311.42","0.07","1,165,311.42","1,316,000.00","1,316,000.00","87.82","Canada","-","CAD","10.17","1.00","Oct 7, 2036","3.20","CAD","Oct 7, 2021"
"CANCOR","CANADIAN CORE REAL ESTATE LP","Real Estate","Fixed Income","1,163,366.50","0.07","1,163,366.50","1,226,000.00","1,226,000.00","93.82","Canada","-","CAD","2.95","1.00","Mar 2, 2027","3.30","CAD","Mar 2, 2022"
"CNRCN","CANADIAN NATIONAL RAILWAY","Industrial","Fixed Income","1,162,736.17","0.07","1,162,736.17","1,469,000.00","1,469,000.00","77.96","Canada","-","CAD","16.52","1.00","Feb 8, 2050","3.05","CAD","Nov 1, 2019"
"RLNCE","RELIANCE LP","Industrial","Fixed Income","1,156,847.23","0.07","1,156,847.23","1,265,000.00","1,265,000.00","90.35","Canada","-","CAD","4.22","1.00","Aug 1, 2028","2.67","CAD","Apr 14, 2021"
"TOYOTA","TOYOTA CREDIT CANADA INC MTN","Financial","Fixed Income","1,155,402.69","0.07","1,155,402.69","1,222,000.00","1,222,000.00","93.81","Canada","-","CAD","2.45","1.00","Jul 20, 2026","1.66","CAD","Jul 20, 2021"
"ENBPIP","ENBRIDGE PIPELINES INC MTN","Energy","Fixed Income","1,153,941.99","0.07","1,153,941.99","1,339,000.00","1,339,000.00","85.64","Canada","-","CAD","15.30","1.00","May 12, 2051","4.20","CAD","May 12, 2021"
"ENBGAS","ENBRIDGE GAS INC MTN","Energy","Fixed Income","1,152,344.41","0.07","1,152,344.41","1,192,000.00","1,192,000.00","95.67","Canada","-","CAD","2.46","1.00","Aug 5, 2026","2.50","CAD","Aug 5, 2016"
"HYDONE","HYDRO ONE INC MTN","Infrastructure","Fixed Income","1,150,228.01","0.07","1,150,228.01","971,000.00","971,000.00","116.53","Canada","-","CAD","10.25","1.00","Mar 3, 2039","6.03","CAD","Mar 3, 2009"
"AERMON","AEROPORT DE MONTREAL","Infrastructure","Fixed Income","1,147,342.96","0.07","1,147,342.96","1,207,000.00","1,207,000.00","94.05","Canada","-","CAD","12.94","1.00","Sep 26, 2042","3.92","CAD","Sep 26, 2012"
"SAPCN","SAPUTO INC MTN","Industrial","Fixed Income","1,146,857.48","0.07","1,146,857.48","1,153,000.00","1,153,000.00","98.11","Canada","-","CAD","1.51","1.00","Aug 14, 2025","3.60","CAD","Aug 10, 2018"
"RCICN","ROGERS COMMUNICATIONS INC","Communication","Fixed Income","1,146,064.67","0.07","1,146,064.67","1,155,000.00","1,155,000.00","97.99","Canada","-","CAD","2.82","1.00","Mar 1, 2027","3.80","CAD","Apr 3, 2023"
"CUCN","CU INC MTN","Energy","Fixed Income","1,144,801.95","0.07","1,144,801.95","1,268,000.00","1,268,000.00","89.87","Canada","-","CAD","14.78","1.00","Nov 19, 2046","3.76","CAD","Nov 17, 2016"
"DE","JOHN DEERE FINANCIAL INC MTN","Financial","Fixed Income","1,138,969.96","0.07","1,138,969.96","1,176,000.00","1,176,000.00","96.79","United States","-","CAD","1.43","1.00","Jun 20, 2025","2.31","CAD","Jan 19, 2022"
"TOYOTA","TOYOTA CREDIT CANADA INC MTN","Financial","Fixed Income","1,136,400.98","0.07","1,136,400.98","1,208,000.00","1,208,000.00","93.66","Canada","-","CAD","2.08","1.00","Feb 23, 2026","1.18","CAD","Feb 23, 2021"
"HYDONE","HYDRO ONE INC MTN","Infrastructure","Fixed Income","1,136,513.85","0.07","1,136,513.85","1,132,000.00","1,132,000.00","100.09","Canada","-","CAD","5.19","1.00","Nov 30, 2029","3.93","CAD","Jan 27, 2023"
"APUCN","ALLIED PROPERTIES REAL ESTATE INVE","Real Estate","Fixed Income","1,136,255.08","0.07","1,136,255.08","1,275,000.00","1,275,000.00","88.74","Canada","-","CAD","4.03","1.00","May 15, 2028","3.13","CAD","May 15, 2020"
"LCN","LOBLAW COMPANIES LTD","Industrial","Fixed Income","1,135,395.85","0.07","1,135,395.85","1,080,000.00","1,080,000.00","103.66","Canada","-","CAD","6.90","1.00","Sep 13, 2032","5.01","CAD","Sep 13, 2022"
"DE","JOHN DEERE FINANCIAL INC","Financial","Fixed Income","1,135,083.64","0.07","1,135,083.64","1,248,000.00","1,248,000.00","90.54","United States","-","CAD","3.54","1.00","Sep 8, 2027","1.34","CAD","Sep 8, 2020"
"TRPCN","TRANSCANADA PIPELINES LTD","Energy","Fixed Income","1,134,692.05","0.07","1,134,692.05","1,034,000.00","1,034,000.00","108.98","Canada","-","CAD","14.34","1.00","May 12, 2052","5.92","CAD","May 12, 2022"
"NSIUCN","NOVA SCOTIA POWER INC MTN","Infrastructure","Fixed Income","1,134,472.68","0.07","1,134,472.68","1,184,000.00","1,184,000.00","93.82","Canada","-","CAD","12.48","1.00","Jul 20, 2043","4.50","CAD","Jul 19, 2013"
"EPCOR","EPCOR UTILITIES INC MTN","Infrastructure","Fixed Income","1,133,835.06","0.07","1,133,835.06","917,000.00","917,000.00","122.28","Canada","-","CAD","9.71","1.00","Apr 15, 2038","6.65","CAD","Apr 15, 2008"
"LBCN","LAURENTIAN BANK OF CANADA","Financial","Fixed Income","1,133,391.69","0.07","1,133,391.69","1,129,000.00","1,129,000.00","98.90","Canada","-","CAD","1.58","1.00","Sep 2, 2025","4.60","CAD","Jun 9, 2022"
"FTTCN","FINNING INTERNATIONAL INC","Industrial","Fixed Income","1,133,072.39","0.07","1,133,072.39","1,125,000.00","1,125,000.00","100.19","Canada","-","CAD","3.90","1.00","May 16, 2028","4.45","CAD","May 16, 2023"
"ENBCN","ENBRIDGE INC MTN","Energy","Fixed Income","1,131,854.15","0.07","1,131,854.15","1,340,000.00","1,340,000.00","83.35","Canada","-","CAD","15.33","1.00","Sep 21, 2051","4.10","CAD","Sep 21, 2021"
"GZMCN","GAZ METRO INC","Energy","Fixed Income","1,129,422.09","0.07","1,129,422.09","993,000.00","993,000.00","111.05","Canada","-","CAD","8.98","1.00","Jul 10, 2036","5.70","CAD","Jul 10, 2006"
"CAAIAU","CALGARY AIRPORT AUTHORITY","Infrastructure","Fixed Income","1,122,514.54","0.07","1,122,514.54","1,291,000.00","1,291,000.00","86.14","Canada","-","CAD","17.29","1.00","Oct 7, 2053","3.55","CAD","Oct 7, 2021"
"F","FORD CREDIT CANADA CO RegS","Financial","Fixed Income","1,122,347.87","0.07","1,122,347.87","1,065,000.00","1,065,000.00","104.53","United States","-","CAD","4.12","1.00","Nov 10, 2028","6.38","CAD","Nov 10, 2023"
"BIP","BROOKFIELD INFRASTRUCTURE FINANCE MTN","Infrastructure","Fixed Income","1,121,110.99","0.07","1,121,110.99","1,029,000.00","1,029,000.00","106.71","Canada","-","CAD","6.89","1.00","Feb 14, 2033","5.98","CAD","Nov 14, 2022"
"CCOCN","CAMECO CORPORATION","Industrial","Equity","1,120,018.70","0.07","1,120,018.70","1,180,000.00","1,180,000.00","94.36","Canada","-","CAD","3.55","1.00","Oct 21, 2027","2.95","CAD","Oct 21, 2020"
"FTSCN","TERASEN GAS INC MTN","Energy","Fixed Income","1,119,821.12","0.07","1,119,821.12","989,000.00","989,000.00","112.50","Canada","-","CAD","10.02","1.00","May 13, 2038","5.80","CAD","May 13, 2008"
"MICCN","SAGEN MI CANADA INC","Financial","Fixed Income","1,118,281.29","0.07","1,118,281.29","1,308,000.00","1,308,000.00","84.47","Canada","-","CAD","6.22","1.00","Mar 5, 2031","3.26","CAD","Mar 5, 2021"
"ETRHWY","407 INTERNATIONAL INC. MTN","Infrastructure","Fixed Income","1,117,893.08","0.07","1,117,893.08","1,220,000.00","1,220,000.00","91.13","Canada","-","CAD","14.51","1.00","May 11, 2046","3.83","CAD","May 11, 2015"
"MRUCN","METRO INC RegS","Industrial","Fixed Income","1,117,796.06","0.07","1,117,796.06","1,085,000.00","1,085,000.00","101.19","Canada","-","CAD","7.23","1.00","Feb 7, 2033","4.66","CAD","Feb 6, 2023"
"LCN","LOBLAW COMPANIES LTD","Industrial","Fixed Income","1,115,529.31","0.06","1,115,529.31","1,250,000.00","1,250,000.00","88.92","Canada","-","CAD","5.81","1.00","May 7, 2030","2.28","CAD","May 7, 2020"
"ENBGAS","ENBRIDGE GAS INC","Energy","Fixed Income","1,115,300.03","0.06","1,115,300.03","1,100,000.00","1,100,000.00","99.72","Canada","-","CAD","15.81","1.00","Aug 17, 2052","4.55","CAD","Aug 17, 2022"
"ENBGAS","ENBRIDGE GAS INC MTN RegS","Energy","Fixed Income","1,114,348.41","0.06","1,114,348.41","1,195,000.00","1,195,000.00","91.84","Canada","-","CAD","13.48","1.00","Aug 22, 2044","4.00","CAD","Aug 22, 2014"
"LOWMAT","LOWER MATTAGAMI ENERGY LP","Infrastructure","Fixed Income","1,113,506.18","0.06","1,113,506.18","1,242,000.00","1,242,000.00","89.35","Canada","-","CAD","6.63","1.00","May 14, 2031","2.43","CAD","May 14, 2021"
"HYDONE","HYDRO ONE INC MTN","Infrastructure","Fixed Income","1,110,952.24","0.06","1,110,952.24","1,156,000.00","1,156,000.00","95.84","Canada","-","CAD","13.49","1.00","Jun 6, 2044","4.17","CAD","Jun 6, 2014"
"CCLBCN","CCL INDUSTRIES INC","Industrial","Fixed Income","1,110,743.33","0.06","1,110,743.33","1,140,000.00","1,140,000.00","96.62","Canada","-","CAD","3.86","1.00","Apr 13, 2028","3.86","CAD","Apr 13, 2018"
"BCECN","BELL CANADA MTN","Communication","Fixed Income","1,107,892.51","0.06","1,107,892.51","978,000.00","978,000.00","111.17","Canada","-","CAD","9.13","1.00","Feb 26, 2037","6.17","CAD","Feb 26, 2007"
"TCN","TELUS CORPORATION MTN","Communication","Fixed Income","1,107,525.60","0.06","1,107,525.60","1,214,000.00","1,214,000.00","89.39","Canada","-","CAD","13.37","1.00","Jan 29, 2046","4.40","CAD","Mar 27, 2015"
"IVANCA","IVANHOE CAMBRIDGE II INC","Real Estate","Fixed Income","1,107,322.05","0.06","1,107,322.05","1,080,000.00","1,080,000.00","102.16","Canada","-","CAD","3.96","1.00","Jun 2, 2028","4.99","CAD","Jun 2, 2023"
"MRUCN","METRO INC MTN","Industrial","Fixed Income","1,104,887.38","0.06","1,104,887.38","988,000.00","988,000.00","110.60","Canada","-","CAD","8.60","1.00","Oct 15, 2035","5.97","CAD","Oct 12, 2005"
"BRUPOW","BRUCE POWER LP RegS","Energy","Fixed Income","1,103,911.77","0.06","1,103,911.77","1,075,000.00","1,075,000.00","102.58","Canada","-","CAD","6.78","1.00","Dec 21, 2032","4.99","CAD","Mar 23, 2023"
"FCLCAN","FEDERATED CO-OPERATIVES LTD","Industrial","Fixed Income","1,099,559.51","0.06","1,099,559.51","1,125,000.00","1,125,000.00","97.61","Canada","-","CAD","1.41","1.00","Jun 17, 2025","3.92","CAD","Jun 17, 2015"
"CPXCN","CAPITAL POWER CORP MTN","Energy","Fixed Income","1,098,854.44","0.06","1,098,854.44","1,078,000.00","1,078,000.00","99.76","Canada","-","CAD","1.78","1.00","Jan 23, 2026","4.99","CAD","Jan 23, 2019"
"HYDONE","HYDRO ONE INC MTN","Infrastructure","Fixed Income","1,094,830.25","0.06","1,094,830.25","1,260,000.00","1,260,000.00","86.12","Canada","-","CAD","6.48","1.00","Jan 16, 2031","1.69","CAD","Oct 9, 2020"
"PPLCN","PEMBINA PIPELINE CORP","Energy","Fixed Income","1,094,666.40","0.06","1,094,666.40","1,220,000.00","1,220,000.00","89.33","Canada","-","CAD","14.52","1.00","May 28, 2050","4.67","CAD","May 28, 2020"
"FRSTRS","INDEPENDENT ORDER OF FORESTERS","Financial","Fixed Income","1,093,672.84","0.06","1,093,672.84","1,275,000.00","1,275,000.00","85.19","Canada","-","CAD","9.80","1.00","Oct 15, 2035","2.88","CAD","Oct 15, 2020"
"PSSGEN","PSS GENERATING STATION LP","Infrastructure","Fixed Income","1,092,658.54","0.06","1,092,658.54","1,100,000.00","1,100,000.00","98.47","Canada","-","CAD","17.09","1.00","Oct 24, 2067","4.79","CAD","Oct 23, 2015"
"GWOCN","GREAT-WEST LIFECO INC","Financial","Fixed Income","1,090,332.03","0.06","1,090,332.03","947,000.00","947,000.00","114.49","Canada","-","CAD","6.26","1.00","Nov 24, 2031","6.74","CAD","Nov 23, 2001"
"ENBGAS","ENBRIDGE GAS INC MTN","Energy","Fixed Income","1,088,659.78","0.06","1,088,659.78","1,231,000.00","1,231,000.00","87.76","Canada","-","CAD","6.89","1.00","Sep 15, 2031","2.35","CAD","Sep 15, 2021"
"NSIUCN","NOVA SCOTIA POWER INC MTN","Infrastructure","Fixed Income","1,087,553.62","0.06","1,087,553.62","969,000.00","969,000.00","109.71","Canada","-","CAD","10.25","1.00","Jul 27, 2039","5.95","CAD","Jul 27, 2009"
"GTAAIR","GREATER TORONTO AIRPORTS AUTHORITY","Infrastructure","Fixed Income","1,086,323.93","0.06","1,086,323.93","1,191,000.00","1,191,000.00","90.97","Canada","-","CAD","4.14","1.00","May 3, 2028","1.54","CAD","Nov 3, 2020"
"HYDONE","HYDRO ONE INC MTN","Infrastructure","Fixed Income","1,084,355.26","0.06","1,084,355.26","1,002,000.00","1,002,000.00","107.25","Canada","-","CAD","13.89","1.00","Oct 19, 2046","5.00","CAD","Oct 19, 2006"
"FCRCN","FIRST CAPITAL REAL ESTATE INVESTME","Real Estate","Fixed Income","1,078,850.88","0.06","1,078,850.88","1,081,000.00","1,081,000.00","98.01","Canada","-","CAD","1.49","1.00","Jul 31, 2025","4.32","CAD","Jun 17, 2014"
"CUCN","CU INC RegS","Energy","Fixed Income","1,077,028.89","0.06","1,077,028.89","960,000.00","960,000.00","110.80","Canada","-","CAD","15.89","1.00","Sep 20, 2053","5.09","CAD","Sep 20, 2023"
"HYDONE","HYDRO ONE INC","Infrastructure","Fixed Income","1,076,673.11","0.06","1,076,673.11","1,444,000.00","1,444,000.00","73.65","Canada","-","CAD","17.09","1.00","Feb 28, 2050","2.71","CAD","Feb 28, 2020"
"DOLCN","DOLLARAMA INC","Industrial","Fixed Income","1,073,385.76","0.06","1,073,385.76","1,165,000.00","1,165,000.00","90.98","Canada","-","CAD","5.04","1.00","Jul 9, 2029","2.44","CAD","Jul 8, 2021"
"TRPCN","TRANSCANADA PIPELINES LTD","Energy","Fixed Income","1,072,686.18","0.06","1,072,686.18","1,069,000.00","1,069,000.00","99.78","Canada","-","CAD","2.15","1.00","May 12, 2026","4.35","CAD","May 12, 2022"
"SMUUCN","SUMMIT INDUSTRIAL INCOME REIT","Real Estate","Fixed Income","1,070,606.93","0.06","1,070,606.93","1,115,000.00","1,115,000.00","95.41","Canada","-","CAD","1.65","1.00","Sep 17, 2025","2.15","CAD","Feb 17, 2023"
"GRTCN","GRANITE REIT HOLDINGS LP","Real Estate","Fixed Income","1,066,621.50","0.06","1,066,621.50","1,185,000.00","1,185,000.00","89.28","Canada","-","CAD","4.35","1.00","Aug 30, 2028","2.19","CAD","Aug 30, 2021"
"APUCN","ALLIED PROPERTIES REAL ESTATE INVE","Real Estate","Fixed Income","1,065,780.09","0.06","1,065,780.09","1,255,000.00","1,255,000.00","83.81","Canada","-","CAD","5.43","1.00","Feb 21, 2030","3.12","CAD","Feb 21, 2020"
"EQBCN","EQUITABLE BANK (CANADA)","Financial","Fixed Income","1,064,762.72","0.06","1,064,762.72","1,095,000.00","1,095,000.00","96.15","Canada","-","CAD","2.05","1.00","Mar 2, 2026","3.36","CAD","Feb 28, 2022"
"BRUPOW","BRUCE POWER LP RegS","Energy","Fixed Income","1,062,420.37","0.06","1,062,420.37","1,050,000.00","1,050,000.00","101.08","Canada","-","CAD","3.56","1.00","Dec 21, 2027","4.70","CAD","Mar 23, 2023"
"CPXCN","CAPITAL POWER CORP MTN","Energy","Fixed Income","1,061,884.04","0.06","1,061,884.04","1,230,000.00","1,230,000.00","85.56","Canada","-","CAD","7.44","1.00","Oct 1, 2032","3.15","CAD","Oct 1, 2020"
"BCIMCR","BCI QUADREAL REALTY","Real Estate","Fixed Income","1,061,934.28","0.06","1,061,934.28","1,246,000.00","1,246,000.00","84.47","Canada","-","CAD","6.05","1.00","Jul 24, 2030","1.75","CAD","Jul 24, 2020"
"MICCN","GENWORTH MI CANADA INC","Financial","Fixed Income","1,061,700.11","0.06","1,061,700.11","1,143,000.00","1,143,000.00","91.92","Canada","-","CAD","2.96","1.00","Mar 1, 2027","2.96","CAD","Feb 20, 2020"
"NVLAUT","NOUVELLE AUTOROUTE 30 FINANCEMENT","Infrastructure","Fixed Income","1,058,178.80","0.06","1,058,178.80","1,150,531.00","1,150,531.00","90.96","Canada","-","CAD","10.15","1.00","Mar 31, 2042","4.11","CAD","Jun 14, 2018"
"CHPUCN","CHOICE PROPERTIES REAL ESTATE INVE","Real Estate","Fixed Income","1,056,382.77","0.06","1,056,382.77","1,118,000.00","1,118,000.00","94.29","Canada","-","CAD","2.78","1.00","Nov 30, 2026","2.46","CAD","Nov 30, 2021"
"DE","JOHN DEERE FINANCIAL INC MTN","Financial","Fixed Income","1,055,985.20","0.06","1,055,985.20","1,095,000.00","1,095,000.00","95.91","United States","-","CAD","2.66","1.00","Oct 16, 2026","2.58","CAD","Oct 16, 2019"
"EDISNH","ELLISDON INFRASTRUCTURE SNH GP","Infrastructure","Fixed Income","1,051,510.62","0.06","1,051,510.62","1,000,000.00","1,000,000.00","103.51","Canada","-","CAD","9.27","1.00","Feb 28, 2043","5.00","CAD","Feb 21, 2023"
"REIUCN","RIOCAN REAL ESTATE INVESTMENT TRUS RegS","Real Estate","Fixed Income","1,048,931.51","0.06","1,048,931.51","990,000.00","990,000.00","102.91","Canada","-","CAD","4.68","1.00","Oct 1, 2029","5.96","CAD","Jun 26, 2023"
"CNQCN","CANADIAN NATURAL RESOURCES LTD MTN","Energy","Fixed Income","1,048,376.20","0.06","1,048,376.20","1,099,000.00","1,099,000.00","95.01","Canada","-","CAD","13.71","1.00","May 30, 2047","4.85","CAD","May 30, 2017"
"MRUCN","METRO INC MTN","Industrial","Fixed Income","1,046,299.73","0.06","1,046,299.73","1,290,000.00","1,290,000.00","79.96","Canada","-","CAD","15.93","1.00","Feb 28, 2050","3.41","CAD","Feb 26, 2020"
"GEICN","GIBSON ENERGY INC MTN","Energy","Fixed Income","1,045,962.91","0.06","1,045,962.91","1,015,000.00","1,015,000.00","100.35","Canada","-","CAD","0.51","1.00","Jul 12, 2026","5.80","CAD","Jul 12, 2023"
"CNHI","CNH INDUSTRIAL CAPITAL CANADA LTD","Financial","Fixed Income","1,044,483.65","0.06","1,044,483.65","1,000,000.00","1,000,000.00","102.34","United States","-","CAD","2.39","1.00","Aug 11, 2026","5.50","CAD","Aug 11, 2023"
"AERMON","AEROPORTS DE MONTREAL","Infrastructure","Fixed Income","1,042,716.16","0.06","1,042,716.16","921,000.00","921,000.00","112.11","Canada","-","CAD","11.05","1.00","Apr 16, 2040","5.47","CAD","Apr 16, 2010"
"POWCN","POWER CORPORATION OF CANADA","Financial","Fixed Income","1,042,145.08","0.06","1,042,145.08","1,011,000.00","1,011,000.00","101.09","Canada","-","CAD","13.71","1.00","Jan 31, 2047","4.81","CAD","Jan 31, 2017"
"NSIUCN","NOVA SCOTIA POWER INC MTN","Infrastructure","Fixed Income","1,040,073.24","0.06","1,040,073.24","976,000.00","976,000.00","106.35","Canada","-","CAD","10.97","1.00","Jun 15, 2040","5.61","CAD","Jun 15, 2010"
"ENBCN","ENBRIDGE INC. MTN","Energy","Fixed Income","1,038,961.57","0.06","1,038,961.57","930,000.00","930,000.00","111.50","Canada","-","CAD","6.51","1.00","Jun 18, 2032","7.20","CAD","Jun 18, 2001"
"HYDONE","HYDRO ONE INC MTN","Infrastructure","Fixed Income","1,038,218.27","0.06","1,038,218.27","1,141,000.00","1,141,000.00","90.26","Canada","-","CAD","5.65","1.00","Feb 28, 2030","2.16","CAD","Feb 28, 2020"
"LCN","LOBLAW COMPANIES LIMITED MTN","Industrial","Fixed Income","1,037,252.73","0.06","1,037,252.73","921,000.00","921,000.00","110.04","Canada","-","CAD","8.05","1.00","Jan 29, 2035","6.15","CAD","Jan 29, 2004"
"PWFCN","POWER FINANCIAL CORPORATION","Financial","Fixed Income","1,034,931.34","0.06","1,034,931.34","887,000.00","887,000.00","114.62","Canada","-","CAD","6.91","1.00","Mar 11, 2033","6.90","CAD","Mar 11, 2003"
"TRPCN","TRANSCANADA PIPELINES LIMITED MTN","Energy","Fixed Income","1,031,277.72","0.06","1,031,277.72","944,000.00","944,000.00","105.93","Canada","-","CAD","1.89","1.00","Feb 5, 2026","8.29","CAD","Feb 5, 1996"
"CUCN","CU INC MTN","Energy","Fixed Income","1,030,477.41","0.06","1,030,477.41","1,113,000.00","1,113,000.00","92.20","Canada","-","CAD","15.36","1.00","Nov 23, 2048","3.95","CAD","Nov 21, 2018"
"ENMAXC","ENMAX CORP","Infrastructure","Fixed Income","1,030,255.78","0.06","1,030,255.78","1,067,000.00","1,067,000.00","96.30","Canada","-","CAD","4.01","1.00","Jun 5, 2028","3.84","CAD","May 31, 2018"
"ALACN","ALTAGAS LTD MTN","Energy","Fixed Income","1,029,902.06","0.06","1,029,902.06","1,025,000.00","1,025,000.00","98.72","Canada","-","CAD","0.99","1.00","Jan 15, 2025","3.84","CAD","Nov 10, 2014"
"WELL","HCN CANADIAN HOLDINGS 1 LP","Real Estate","Fixed Income","1,029,120.16","0.06","1,029,120.16","1,084,000.00","1,084,000.00","93.59","United States","-","CAD","2.84","1.00","Jan 15, 2027","2.95","CAD","Dec 20, 2019"
"CUCN","CU INC MTN","Energy","Fixed Income","1,028,164.03","0.06","1,028,164.03","910,000.00","910,000.00","112.36","Canada","-","CAD","8.21","1.00","Nov 20, 2034","5.90","CAD","Nov 18, 2004"
"ENBPIP","ENBRIDGE PIPELINES INC MTN","Energy","Fixed Income","1,027,995.51","0.06","1,027,995.51","1,146,000.00","1,146,000.00","89.34","Canada","-","CAD","6.53","1.00","May 12, 2031","2.82","CAD","May 12, 2021"
"ALACN","ALTAGAS LTD MTN","Energy","Fixed Income","1,027,579.95","0.06","1,027,579.95","1,141,000.00","1,141,000.00","88.38","Canada","-","CAD","12.72","1.00","Aug 15, 2044","4.50","CAD","Aug 15, 2014"
"RLNCE","RELIANCE LP","Industrial","Fixed Income","1,025,464.09","0.06","1,025,464.09","1,041,000.00","1,041,000.00","97.43","Canada","-","CAD","2.04","1.00","Mar 15, 2026","3.75","CAD","Apr 8, 2019"
"MBGGR","MERCEDES-BENZ FINANCE CANADA INC MTN","Financial","Fixed Income","1,024,211.54","0.06","1,024,211.54","1,010,000.00","1,010,000.00","101.05","Germany","-","CAD","1.82","1.00","Dec 4, 2025","5.20","CAD","Dec 4, 2023"
"BCECN","BELL CANADA MTN RegS","Communication","Fixed Income","1,022,616.13","0.06","1,022,616.13","920,000.00","920,000.00","109.01","Canada","-","CAD","14.88","1.00","Aug 11, 2053","5.60","CAD","Aug 11, 2023"
"IFCCN","INTACT FINANCIAL CORP MTN","Financial","Fixed Income","1,020,445.24","0.06","1,020,445.24","1,025,000.00","1,025,000.00","98.58","Canada","-","CAD","1.14","1.00","Mar 24, 2025","3.69","CAD","Mar 24, 2020"
"LOWMAT","LOWER MATTAGAMI ENERGY LTD PARTNER","Infrastructure","Fixed Income","1,020,242.82","0.06","1,020,242.82","1,070,000.00","1,070,000.00","94.91","Canada","-","CAD","2.68","1.00","Oct 21, 2026","2.31","CAD","Oct 7, 2016"
"AIREIN","AIMCO REALTY INVESTORS LP","Real Estate","Fixed Income","1,018,747.10","0.06","1,018,747.10","1,050,000.00","1,050,000.00","96.77","Canada","-","CAD","3.17","1.00","Jun 1, 2027","3.37","CAD","Dec 7, 2018"
"CP","CANADIAN PACIFIC RAILWAY COMPANY","Industrial","Fixed Income","1,018,238.14","0.06","1,018,238.14","1,061,000.00","1,061,000.00","95.05","Canada","-","CAD","4.70","1.00","Mar 13, 2029","3.15","CAD","Mar 13, 2019"
"CRTUCN","CT REAL ESTATE INVESTMENT TRUST","Real Estate","Fixed Income","1,018,297.73","0.06","1,018,297.73","980,000.00","980,000.00","103.24","Canada","-","CAD","3.86","1.00","Jun 14, 2028","5.83","CAD","Nov 17, 2023"
"HYDONE","HYDRO ONE LTD","Infrastructure","Fixed Income","1,017,872.28","0.06","1,017,872.28","1,112,000.00","1,112,000.00","91.25","Canada","-","CAD","3.63","1.00","Oct 15, 2027","1.41","CAD","Oct 15, 2020"
"TOUCN","TOURMALINE OIL CORP RegS","Energy","Fixed Income","1,014,253.04","0.06","1,014,253.04","1,102,000.00","1,102,000.00","91.14","Canada","-","CAD","3.82","1.00","Jan 25, 2028","2.08","CAD","Jan 25, 2021"
"ENBPIP","ENBRIDGE PIPELINES INC MTN","Energy","Fixed Income","1,013,153.36","0.06","1,013,153.36","1,159,000.00","1,159,000.00","85.81","Canada","-","CAD","13.77","1.00","Aug 9, 2046","4.13","CAD","Aug 9, 2016"
"ALTALK","ALTALINK LP MTN","Infrastructure","Fixed Income","1,011,325.76","0.06","1,011,325.76","1,009,000.00","1,009,000.00","99.61","Canada","-","CAD","12.24","1.00","Nov 8, 2041","4.46","CAD","Nov 8, 2011"
"CUCN","CU INC","Energy","Fixed Income","1,004,960.95","0.06","1,004,960.95","977,000.00","977,000.00","102.21","Canada","-","CAD","16.41","1.00","Nov 7, 2053","4.56","CAD","Nov 7, 2013"
"ETRHWY","407 INTERNATIONAL INC MTN","Infrastructure","Fixed Income","1,003,621.68","0.06","1,003,621.68","990,000.00","990,000.00","99.79","Canada","-","CAD","3.72","1.00","Feb 14, 2028","4.22","CAD","Sep 7, 2022"
"ALCTRA","ALECTRA INC (CANADA)","Infrastructure","Fixed Income","1,001,634.35","0.06","1,001,634.35","880,000.00","880,000.00","113.18","Canada","-","CAD","15.69","1.00","Nov 14, 2052","5.22","CAD","Nov 14, 2022"
"ENBGAS","ENBRIDGE GAS INC MTN","Energy","Fixed Income","1,001,417.87","0.06","1,001,417.87","856,000.00","856,000.00","115.03","Canada","-","CAD","9.98","1.00","Sep 2, 2038","6.05","CAD","Sep 2, 2008"
"EQBCN","EQUITABLE BANK (CANADA)","Financial","Fixed Income","1,000,748.82","0.06","1,000,748.82","1,038,000.00","1,038,000.00","95.83","Canada","-","CAD","1.16","1.00","Mar 10, 2025","1.94","CAD","Mar 9, 2021"
"CNRCN","CANADIAN NATIONAL RAILWAY COMPANY","Industrial","Fixed Income","999,885.78","0.06","999,885.78","1,022,000.00","1,022,000.00","97.08","Canada","-","CAD","1.66","1.00","Sep 22, 2025","2.80","CAD","Sep 22, 2015"
"DE","JOHN DEERE FINANCIAL INC","Financial","Fixed Income","994,242.95","0.06","994,242.95","1,009,000.00","1,009,000.00","97.43","United States","-","CAD","1.00","1.00","Jan 14, 2025","2.41","CAD","Jan 14, 2020"
"HYDONE","HYDRO ONE INC MTN","Infrastructure","Fixed Income","993,864.30","0.06","993,864.30","920,000.00","920,000.00","107.64","Canada","-","CAD","16.55","1.00","Nov 30, 2054","4.85","CAD","Nov 30, 2023"
"LBCN","LAURENTIAN BANK OF CANADA","Financial","Fixed Income","993,791.45","0.06","993,791.45","1,010,000.00","1,010,000.00","97.72","Canada","-","CAD","3.08","1.00","Apr 20, 2027","3.54","CAD","Apr 20, 2022"
"FFHCN","FAIRFAX FINANCIAL HOLDINGS LTD","Financial","Fixed Income","991,956.41","0.06","991,956.41","976,000.00","976,000.00","100.05","Canada","-","CAD","1.12","1.00","Mar 3, 2025","4.95","CAD","Mar 3, 2015"
"ETRHWY","407 INTERNATIONAL INC MTN","Infrastructure","Fixed Income","990,551.68","0.06","990,551.68","991,000.00","991,000.00","99.42","Canada","-","CAD","12.21","1.00","Nov 15, 2041","4.45","CAD","Nov 17, 2011"
"NAVCAN","NAV CANADA","Infrastructure","Fixed Income","986,738.35","0.06","986,738.35","1,103,000.00","1,103,000.00","89.29","Canada","-","CAD","5.91","1.00","May 29, 2030","2.06","CAD","May 29, 2020"
"ENBGAS","ENBRIDGE GAS INC MTN","Energy","Fixed Income","985,390.64","0.06","985,390.64","956,000.00","956,000.00","102.97","Canada","-","CAD","11.74","1.00","Jun 21, 2041","4.88","CAD","Jun 21, 2011"
"BMW","BMW CANADA INC","Industrial","Fixed Income","984,318.31","0.06","984,318.31","965,000.00","965,000.00","100.30","Germany","-","CAD","2.85","1.00","Feb 10, 2027","4.41","CAD","Feb 10, 2023"
"REIUCN","RIOCAN REAL ESTATE INVESTMENT TRUS RegS","Real Estate","Fixed Income","984,371.88","0.06","984,371.88","960,000.00","960,000.00","101.25","Canada","-","CAD","3.30","1.00","Oct 6, 2027","5.61","CAD","Mar 6, 2023"
"APUCN","ALLIED PROPERTIES REAL ESTATE INVE","Real Estate","Fixed Income","983,042.71","0.06","983,042.71","1,068,000.00","1,068,000.00","91.35","Canada","-","CAD","3.06","1.00","Apr 8, 2027","3.11","CAD","Oct 8, 2019"
"ENBGAS","ENBRIDGE GAS INC MTN","Energy","Fixed Income","983,147.05","0.06","983,147.05","1,025,000.00","1,025,000.00","95.62","Canada","-","CAD","3.63","1.00","Nov 22, 2027","2.88","CAD","Nov 22, 2017"
"ENBPIP","ENBRIDGE PIPELINES INC MTN","Energy","Fixed Income","981,661.77","0.06","981,661.77","961,000.00","961,000.00","100.92","Canada","-","CAD","10.83","1.00","Apr 6, 2040","5.33","CAD","Apr 6, 2010"
"IFCCN","INTACT FINANCIAL CORP MTN","Financial","Fixed Income","981,641.07","0.06","981,641.07","922,000.00","922,000.00","106.28","Canada","-","CAD","12.15","1.00","Jun 16, 2042","5.16","CAD","Jun 15, 2012"
"LOWMAT","LOWER MATTAGAMI ENERGY LP","Infrastructure","Fixed Income","981,038.67","0.06","981,038.67","1,007,000.00","1,007,000.00","96.66","Canada","-","CAD","16.36","1.00","Apr 23, 2052","4.17","CAD","Apr 23, 2012"
"SEASKY","SEA TO SKY HIGHWAY INVESTMENT LP","Infrastructure","Fixed Income","980,280.76","0.06","980,280.76","1,067,829.00","1,067,829.00","90.94","Canada","-","CAD","3.48","1.00","Aug 31, 2030","2.63","CAD","Jun 16, 2016"
"SRUUCN","SMARTCENTRES REAL ESTATE INVESTMEN","Real Estate","Fixed Income","979,907.52","0.06","979,907.52","1,121,000.00","1,121,000.00","87.34","Canada","-","CAD","4.63","1.00","Dec 18, 2028","2.31","CAD","Dec 16, 2020"
"ONTPOW","ONTARIO POWER GENERATION INC MTN","Energy","Fixed Income","979,549.97","0.06","979,549.97","1,127,000.00","1,127,000.00","85.85","Canada","-","CAD","16.04","1.00","Sep 13, 2050","3.65","CAD","Sep 13, 2019"
"IFCCN","INTACT FINANCIAL CORP MTN","Financial","Fixed Income","979,160.85","0.06","979,160.85","981,000.00","981,000.00","98.59","Canada","-","CAD","1.88","1.00","Mar 2, 2026","3.77","CAD","Mar 1, 2016"
"ENBGAS","ENBRIDGE GAS INC MTN","Energy","Fixed Income","977,484.77","0.06","977,484.77","1,056,000.00","1,056,000.00","91.64","Canada","-","CAD","5.14","1.00","Aug 9, 2029","2.37","CAD","Aug 9, 2019"
"BAMREP","BRP FINANCE ULC","Energy","Fixed Income","976,214.31","0.06","976,214.31","905,000.00","905,000.00","107.00","Canada","-","CAD","9.15","1.00","Nov 5, 2036","5.84","CAD","Nov 1, 2006"
"BAMREP","BROOKFIELD RENEWABLE PARTNERS ULC MTN","Energy","Fixed Income","975,367.63","0.06","975,367.63","1,089,000.00","1,089,000.00","88.93","Canada","-","CAD","14.91","1.00","Nov 5, 2049","4.29","CAD","Sep 13, 2019"
"FCRCN","FIRST CAPITAL REAL ESTATE INVESTME","Real Estate","Fixed Income","975,136.06","0.06","975,136.06","1,010,000.00","1,010,000.00","96.02","Canada","-","CAD","2.22","1.00","May 6, 2026","3.60","CAD","May 6, 2016"
"CTLONE","CENTRAL 1 CREDIT UNION","Financial","Fixed Income","974,100.89","0.06","974,100.89","1,045,000.00","1,045,000.00","92.66","Canada","-","CAD","2.01","1.00","Jan 29, 2026","1.32","CAD","Jan 29, 2021"
"GZMCN","ENERGIR INC RegS","Energy","Fixed Income","973,057.36","0.06","973,057.36","1,049,000.00","1,049,000.00","91.58","Canada","-","CAD","7.01","1.00","Feb 9, 2032","3.04","CAD","Feb 9, 2022"
"VTR","VENTAS CANADA FINANCE LTD","Real Estate","Fixed Income","968,777.50","0.06","968,777.50","1,100,000.00","1,100,000.00","87.82","United States","-","CAD","6.85","1.00","Dec 1, 2031","3.30","CAD","Dec 1, 2021"
"EPCOR","EPCOR UTILITIES INC MTN","Infrastructure","Fixed Income","968,794.83","0.06","968,794.83","1,191,000.00","1,191,000.00","79.86","Canada","-","CAD","16.24","1.00","Jul 8, 2049","3.11","CAD","Jul 8, 2019"
"PENSKE","PENSKE TRUCK LEASING CANADA INC","Industrial","Fixed Income","965,745.45","0.06","965,745.45","954,000.00","954,000.00","100.92","Canada","-","CAD","1.83","1.00","Dec 8, 2025","5.44","CAD","Dec 6, 2022"
"MICCN","SAGEN MI CANADA INC","Financial","Fixed Income","963,863.65","0.06","963,863.65","955,000.00","955,000.00","100.28","Canada","-","CAD","3.80","1.00","May 19, 2028","5.91","CAD","May 19, 2023"
"BCFERR","BRITISH COLUMBIA FERRY SERVICES IN","Infrastructure","Fixed Income","960,662.56","0.06","960,662.56","837,000.00","837,000.00","112.16","Canada","-","CAD","9.81","1.00","Jan 11, 2038","5.58","CAD","Jan 11, 2008"
"HYDONE","HYDRO ONE INC MTN","Infrastructure","Fixed Income","957,380.21","0.06","957,380.21","983,000.00","983,000.00","96.80","Canada","-","CAD","1.13","1.00","Feb 28, 2025","1.76","CAD","Feb 28, 2020"
"ENBGAS","ENBRIDGE GAS INC MTN","Energy","Fixed Income","957,128.17","0.06","957,128.17","988,000.00","988,000.00","96.66","Canada","-","CAD","2.30","1.00","Jun 1, 2026","2.81","CAD","May 31, 2016"
"OTTMAC","OTTAWA MACDONALD-CARTIER INTERNATI","Infrastructure","Fixed Income","953,649.57","0.06","953,649.57","1,045,336.00","1,045,336.00","91.01","Canada","-","CAD","8.98","1.00","Jun 9, 2045","3.93","CAD","Jun 9, 2015"
"FCRCN","FIRST CAPITAL REAL ESTATE INVESTME","Real Estate","Fixed Income","953,155.40","0.06","953,155.40","1,025,000.00","1,025,000.00","91.87","Canada","-","CAD","3.80","1.00","Mar 1, 2028","3.45","CAD","Sep 1, 2020"
"CTLONE","CENTRAL 1 CREDIT UNION MTN","Financial","Fixed Income","950,375.73","0.06","950,375.73","950,000.00","950,000.00","98.21","Canada","-","CAD","3.64","1.00","Feb 7, 2028","4.65","CAD","Feb 7, 2023"
"VW","VW CREDIT CANADA INC RegS","Financial","Fixed Income","948,909.58","0.06","948,909.58","910,000.00","910,000.00","102.70","Germany","-","CAD","2.49","1.00","Sep 21, 2026","5.75","CAD","Sep 20, 2023"
"GEICN","GIBSON ENERGY INC MTN","Energy","Fixed Income","946,838.32","0.06","946,838.32","825,000.00","825,000.00","111.88","Canada","-","CAD","14.12","1.00","Jul 12, 2053","6.20","CAD","Jul 12, 2023"
"FNCN","FIRST NATIONAL FINANCIAL CORP","Financial","Fixed Income","945,951.16","0.06","945,951.16","996,000.00","996,000.00","94.63","Canada","-","CAD","1.81","1.00","Nov 17, 2025","2.96","CAD","Nov 16, 2020"
"VANAIR","VANCOUVER AIRPORT AUTHORITY","Infrastructure","Fixed Income","945,339.57","0.06","945,339.57","1,195,000.00","1,195,000.00","78.54","Canada","-","CAD","16.95","1.00","Oct 18, 2049","2.87","CAD","Oct 18, 2019"
"ENBPIP","ENBRIDGE PIPELINES INC MTN","Energy","Fixed Income","945,229.53","0.06","945,229.53","1,011,000.00","1,011,000.00","91.82","Canada","-","CAD","12.43","1.00","Aug 17, 2043","4.55","CAD","Aug 16, 2013"
"KEYCN","KEYERA CORP MTN","Energy","Fixed Income","942,611.30","0.05","942,611.30","928,000.00","928,000.00","100.31","Canada","-","CAD","6.61","1.00","Mar 28, 2032","5.02","CAD","Mar 28, 2022"
"MRUCN","METRO INC MTN","Industrial","Fixed Income","939,351.84","0.05","939,351.84","911,000.00","911,000.00","102.73","Canada","-","CAD","12.97","1.00","Dec 1, 2044","5.03","CAD","Dec 1, 2014"
"CRRUCN","CROMBIE REAL ESTATE INVESTMENT TRU RegS","Real Estate","Fixed Income","938,684.84","0.05","938,684.84","920,000.00","920,000.00","100.71","Canada","-","CAD","4.84","1.00","Sep 28, 2029","5.24","CAD","Mar 28, 2023"
"ENBGAS","ENBRIDGE GAS INC","Energy","Fixed Income","937,547.22","0.05","937,547.22","862,000.00","862,000.00","106.50","Canada","-","CAD","11.10","1.00","Jul 23, 2040","5.20","CAD","Jul 23, 2010"
"CHPUCN","CHOICE PROPERTIES REAL ESTATE INVE","Real Estate","Fixed Income","933,833.18","0.05","933,833.18","934,000.00","934,000.00","98.31","Canada","-","CAD","0.98","1.00","Jan 10, 2025","3.55","CAD","Jan 12, 2018"
"LCN","LOBLAW COMPANIES LIMITED MTN","Industrial","Fixed Income","933,553.27","0.05","933,553.27","841,000.00","841,000.00","108.35","Canada","-","CAD","8.61","1.00","Jan 18, 2036","5.90","CAD","Jan 18, 2005"
"SE","WESTCOAST ENERGY INC MTN","Energy","Fixed Income","933,322.51","0.05","933,322.51","818,000.00","818,000.00","112.14","Canada","-","CAD","5.68","1.00","Mar 20, 2031","7.15","CAD","Mar 20, 2001"
"EAGCCT_20-1-A","EAGCCT_20-1 A","Securitized","Fixed Income","932,890.74","0.05","932,890.74","980,000.00","980,000.00","94.62","Canada","-","CAD","1.50","1.00","Jul 17, 2025","1.27","CAD","Aug 11, 2020"
"HEQCN","CHIP MORTGAGE TRUST","Securitized","Fixed Income","932,391.92","0.05","932,391.92","1,000,000.00","1,000,000.00","93.17","Canada","-","CAD","1.90","1.00","Dec 15, 2025","1.74","CAD","Dec 15, 2020"
"SAPCN","SAPUTO INC MTN","Industrial","Fixed Income","931,781.42","0.05","931,781.42","896,000.00","896,000.00","103.56","Canada","-","CAD","4.99","1.00","Nov 29, 2029","5.25","CAD","Nov 29, 2022"
"ENMAXC","ENMAX CORP","Infrastructure","Fixed Income","930,382.99","0.05","930,382.99","955,000.00","955,000.00","97.18","Canada","-","CAD","1.37","1.00","Jun 2, 2025","3.33","CAD","Oct 18, 2019"
"ENBGAS","ENBRIDGE GAS INC MTN","Energy","Fixed Income","927,101.18","0.05","927,101.18","1,161,000.00","1,161,000.00","78.93","Canada","-","CAD","16.89","1.00","Sep 15, 2051","3.20","CAD","Sep 15, 2021"
"EAGCCT","EAGLE CREDIT CARD TRUST","Securitized","Fixed Income","922,770.40","0.05","922,770.40","900,000.00","900,000.00","102.36","Canada","-","CAD","3.99","1.00","Jun 17, 2028","5.13","CAD","Jun 13, 2023"
"SRUUCN","SMARTCENTRES REAL ESTATE INVESTMEN","Real Estate","Fixed Income","917,877.08","0.05","917,877.08","1,020,000.00","1,020,000.00","89.81","Canada","-","CAD","6.05","1.00","Dec 11, 2030","3.65","CAD","Jun 11, 2020"
"EAGCCT","EAGLE CREDIT CARD TRUST","Securitized","Fixed Income","914,156.55","0.05","914,156.55","985,000.00","985,000.00","92.76","Canada","-","CAD","2.38","1.00","Jun 17, 2026","1.55","CAD","Jun 21, 2021"
"IPLCN","INTER PIPELINE LTD MTN","Energy","Fixed Income","914,282.48","0.05","914,282.48","928,000.00","928,000.00","97.69","Canada","-","CAD","1.18","1.00","Mar 24, 2025","3.17","CAD","Mar 23, 2015"
"MCAPCO","MCAP COMMERCIAL LP","Financial","Fixed Income","913,275.01","0.05","913,275.01","1,004,000.00","1,004,000.00","90.66","Canada","-","CAD","3.61","1.00","Nov 26, 2027","3.38","CAD","Nov 26, 2020"
"ETRHWY","407 INTERNATIONAL INC. MTN","Infrastructure","Fixed Income","911,377.19","0.05","911,377.19","867,000.00","867,000.00","104.05","Canada","-","CAD","16.22","1.00","Oct 7, 2053","4.68","CAD","Oct 7, 2013"
"ENBCN","ENBRIDGE INC MTN","Energy","Fixed Income","911,391.41","0.05","911,391.41","806,000.00","806,000.00","109.95","Canada","-","CAD","5.19","1.00","Jul 24, 2030","7.22","CAD","Jul 24, 2000"
"LCN","LOBLAW COMPANIES LTD MTN 144A","Industrial","Fixed Income","905,615.43","0.05","905,615.43","783,000.00","783,000.00","113.43","Canada","-","CAD","6.31","1.00","Mar 1, 2032","6.85","CAD","Mar 1, 2002"
"TORHYD","TORONTO HYDRO CORPORATION RegS","Infrastructure","Fixed Income","904,084.03","0.05","904,084.03","875,000.00","875,000.00","103.13","Canada","-","CAD","7.58","1.00","Jun 14, 2033","4.61","CAD","Jun 14, 2023"
"TRPCN","TRANS-CANADA PIPELINE MTN","Energy","Fixed Income","903,352.23","0.05","903,352.23","822,000.00","822,000.00","108.27","Canada","-","CAD","2.89","1.00","Apr 15, 2027","7.90","CAD","Apr 15, 1997"
"DOLCN","DOLLARAMA INC","Industrial","Fixed Income","903,005.87","0.05","903,005.87","991,000.00","991,000.00","90.71","Canada","-","CAD","3.56","1.00","Sep 20, 2027","1.50","CAD","Sep 18, 2020"
"ELFCN","EMPIRE LIFE INSURANCE CO RegS","Financial","Fixed Income","902,701.93","0.05","902,701.93","875,000.00","875,000.00","100.45","Canada","-","CAD","3.41","1.00","Jan 13, 2033","5.88","CAD","Jan 13, 2023"
"BCECN","BELL CANADA MTN","Communication","Fixed Income","902,394.61","0.05","902,394.61","755,000.00","755,000.00","117.63","Canada","-","CAD","5.64","1.00","Apr 2, 2031","7.85","CAD","Apr 2, 2001"
"HYDONE","HYDRO ONE INC MTN","Infrastructure","Fixed Income","900,862.14","0.05","900,862.14","964,000.00","964,000.00","92.08","Canada","-","CAD","14.23","1.00","Feb 23, 2046","3.91","CAD","Feb 24, 2016"
"AERMON","AEROPORTS DE MONTREAL","Infrastructure","Fixed Income","899,535.97","0.05","899,535.97","761,000.00","761,000.00","116.79","Canada","-","CAD","7.39","1.00","Oct 11, 2033","6.55","CAD","Oct 9, 2003"
"RCICN","ROGERS COMMUNICATIONS INC","Communication","Fixed Income","899,318.48","0.05","899,318.48","1,044,000.00","1,044,000.00","85.91","Canada","-","CAD","14.89","1.00","Dec 9, 2049","4.25","CAD","Dec 9, 2019"
"OMERS","OMERS REALTY CORP","Real Estate","Fixed Income","896,909.98","0.05","896,909.98","912,000.00","912,000.00","98.13","Canada","-","CAD","1.36","1.00","Jun 5, 2025","3.33","CAD","Jun 5, 2018"
"EPCOR","EPCOR UTILITIES INC MTN 144A","Infrastructure","Fixed Income","893,390.96","0.05","893,390.96","800,000.00","800,000.00","111.01","Canada","-","CAD","8.82","1.00","Nov 16, 2035","5.65","CAD","Nov 17, 2005"
"SRUUCN","SMARTCENTRES REAL ESTATE INVESTMEN","Real Estate","Fixed Income","893,469.03","0.05","893,469.03","950,000.00","950,000.00","93.89","Canada","-","CAD","3.23","1.00","Jun 11, 2027","3.19","CAD","Jun 11, 2020"
"NSIUCN","NOVA SCOTIA POWER INC","Infrastructure","Fixed Income","892,481.94","0.05","892,481.94","835,000.00","835,000.00","105.48","Canada","-","CAD","15.03","1.00","Mar 24, 2053","5.36","CAD","Mar 24, 2023"
"VANAIR","VANCOUVER AIRPORT AUTHORITY","Infrastructure","Fixed Income","891,800.50","0.05","891,800.50","1,146,000.00","1,146,000.00","77.06","Canada","-","CAD","17.35","1.00","Sep 21, 2050","2.80","CAD","Sep 21, 2020"
"EPCOR","EPCOR UTILITIES INC MTN","Infrastructure","Fixed Income","889,659.54","0.05","889,659.54","777,000.00","777,000.00","113.95","Canada","-","CAD","10.80","1.00","Nov 24, 2039","5.75","CAD","Nov 24, 2009"
"TERANE","TERANET HOLDINGS LP","Industrial","Fixed Income","886,850.96","0.05","886,850.96","863,000.00","863,000.00","102.56","Canada","-","CAD","10.90","1.00","Jun 17, 2041","6.10","CAD","Apr 4, 2011"
"AXUCN","ARTIS REAL ESTATE INVESTMENT TRUST","Real Estate","Fixed Income","885,067.10","0.05","885,067.10","900,000.00","900,000.00","97.40","Canada","-","CAD","1.26","1.00","Apr 29, 2025","5.60","CAD","Apr 29, 2022"
"SLFCN","SUN LIFE CAPITAL TRUST","Financial","Fixed Income","883,442.43","0.05","883,442.43","776,000.00","776,000.00","110.31","Canada","-","CAD","6.35","1.00","Jun 30, 2052","7.09","CAD","Jun 25, 2002"
"HYOHI","HYDRO OTTAWA HOLDING INC","Infrastructure","Fixed Income","881,731.56","0.05","881,731.56","895,000.00","895,000.00","97.46","Canada","-","CAD","1.06","1.00","Feb 3, 2025","2.61","CAD","Feb 2, 2015"
"ENMAXC","ENMAX CORP","Infrastructure","Fixed Income","879,890.74","0.05","879,890.74","920,000.00","920,000.00","94.88","Canada","-","CAD","5.11","1.00","Oct 18, 2029","3.88","CAD","Oct 18, 2019"
"GEICN","GIBSON ENERGY INC","Energy","Fixed Income","879,219.43","0.05","879,219.43","901,000.00","901,000.00","96.45","Canada","-","CAD","1.47","1.00","Jul 14, 2025","2.45","CAD","Jul 14, 2020"
"GZMCN","GAZ METRO INC MTN","Energy","Fixed Income","877,865.05","0.05","877,865.05","755,000.00","755,000.00","115.11","Canada","-","CAD","5.51","1.00","Oct 30, 2030","7.05","CAD","Oct 26, 2000"
"APUCN","ALLIED PROPERTIES REAL ESTATE INVE","Real Estate","Fixed Income","876,916.37","0.05","876,916.37","998,000.00","998,000.00","86.60","Canada","-","CAD","4.98","1.00","Aug 15, 2029","3.39","CAD","Aug 15, 2019"
"ACICN","ALTAGAS CANADA INC MTN","Energy","Fixed Income","874,540.97","0.05","874,540.97","887,000.00","887,000.00","98.32","Canada","-","CAD","4.33","1.00","Dec 5, 2028","4.26","CAD","Dec 5, 2018"
"AERMON","AEROPORTS DE MONTREAL","Infrastructure","Fixed Income","873,750.23","0.05","873,750.23","929,000.00","929,000.00","93.87","Canada","-","CAD","14.09","1.00","Jun 12, 2045","3.92","CAD","Jun 12, 2015"
"CP","CANADIAN PACIFIC RAILWAY COMPANY","Industrial","Fixed Income","872,140.51","0.05","872,140.51","1,118,000.00","1,118,000.00","77.08","Canada","-","CAD","16.55","1.00","Mar 9, 2050","3.05","CAD","Mar 9, 2020"
"NAVCAN","NAV CANADA MTN","Infrastructure","Fixed Income","871,901.14","0.05","871,901.14","962,000.00","962,000.00","89.39","Canada","-","CAD","14.66","1.00","Feb 23, 2046","3.53","CAD","Feb 24, 2016"
"IFCCN","INTACT FINANCIAL CORP","Financial","Fixed Income","870,734.78","0.05","870,734.78","970,000.00","970,000.00","88.75","Canada","-","CAD","1.59","1.00","Mar 31, 2081","4.13","CAD","Mar 31, 2021"
"LUCACN","LIBERTY UTILITIES (CANADA) LP","Energy","Fixed Income","867,899.99","0.05","867,899.99","1,100,000.00","1,100,000.00","77.66","Canada","-","CAD","15.95","1.00","Feb 14, 2050","3.31","CAD","Feb 14, 2020"
"ENBGAS","ENBRIDGE GAS INC MTN 144A","Energy","Fixed Income","867,603.10","0.05","867,603.10","811,000.00","811,000.00","105.18","Canada","-","CAD","8.97","1.00","Feb 25, 2036","5.21","CAD","Feb 24, 2006"
"HYDONE","HYDRO ONE INC MTN","Infrastructure","Fixed Income","866,084.58","0.05","866,084.58","868,000.00","868,000.00","98.65","Canada","-","CAD","12.16","1.00","Sep 26, 2041","4.39","CAD","Sep 26, 2011"
"CCDJ","FEDERATION DES CAISSES DESJARDINS","Financial","Fixed Income","865,374.89","0.05","865,374.89","923,000.00","923,000.00","93.28","Canada","-","CAD","2.59","1.00","Sep 10, 2026","1.59","CAD","Sep 10, 2021"
"ALTALK","ALTALINK LP MTN","Infrastructure","Fixed Income","864,851.68","0.05","864,851.68","912,000.00","912,000.00","94.41","Canada","-","CAD","13.75","1.00","Nov 21, 2044","4.05","CAD","Nov 21, 2014"
"ETRHWY","407 INTERNATIONAL INC","Infrastructure","Fixed Income","864,461.97","0.05","864,461.97","916,000.00","916,000.00","94.11","Canada","-","CAD","7.90","1.00","Jun 1, 2033","3.43","CAD","Mar 24, 2017"
"ACICN","ALTAGAS CANADA INC MTN","Energy","Fixed Income","862,606.91","0.05","862,606.91","887,000.00","887,000.00","96.53","Canada","-","CAD","2.15","1.00","Apr 6, 2026","3.15","CAD","Apr 3, 2019"
"IAGCN","IA FINANCIAL CORPORATION INC","Financial","Fixed Income","861,466.22","0.05","861,466.22","896,000.00","896,000.00","95.04","Canada","-","CAD","2.91","1.00","Feb 25, 2032","3.20","CAD","Feb 25, 2022"
"ENBPIP","ENBRIDGE PIPELINES INC.","Energy","Fixed Income","860,337.72","0.05","860,337.72","844,000.00","844,000.00","101.22","Canada","-","CAD","10.70","1.00","Nov 10, 2039","5.35","CAD","Nov 10, 2009"
"CTCACN","CANADIAN TIRE CORP LTD MTN","Industrial","Fixed Income","858,381.66","0.05","858,381.66","792,000.00","792,000.00","107.01","Canada","-","CAD","3.73","1.00","Apr 13, 2028","6.50","CAD","Apr 13, 1998"
"HALFX","HALIFAX INTERNATIONAL AIRPORT AUTH","Infrastructure","Fixed Income","856,694.99","0.05","856,694.99","830,000.00","830,000.00","102.63","Canada","-","CAD","15.14","1.00","Nov 15, 2050","4.89","CAD","Nov 5, 2010"
"TORHYD","TORONTO HYDRO CORP MTN","Infrastructure","Fixed Income","855,148.46","0.05","855,148.46","753,000.00","753,000.00","112.99","Canada","-","CAD","11.12","1.00","May 21, 2040","5.54","CAD","May 20, 2010"
"SAPCN","SAPUTO INC MTN","Industrial","Fixed Income","855,056.28","0.05","855,056.28","934,000.00","934,000.00","91.50","Canada","-","CAD","4.21","1.00","Jun 22, 2028","2.30","CAD","Jun 22, 2021"
"ETRHWY","407 INTERNATIONAL INC MTN","Infrastructure","Fixed Income","854,674.04","0.05","854,674.04","885,000.00","885,000.00","95.59","Canada","-","CAD","5.49","1.00","Mar 6, 2030","3.14","CAD","Mar 6, 2019"
"CUCN","CU INC","Energy","Fixed Income","853,576.03","0.05","853,576.03","820,000.00","820,000.00","103.75","Canada","-","CAD","15.66","1.00","Jun 3, 2052","4.85","CAD","Jun 3, 2022"
"CHPUCN","CHOICE PROPERTIES REIT","Real Estate","Fixed Income","853,634.49","0.05","853,634.49","864,000.00","864,000.00","98.41","Canada","-","CAD","1.75","1.00","Nov 24, 2025","4.05","CAD","Nov 24, 2015"
"GM","GENERAL MOTORS FINANCIAL OF CANADA","Financial","Fixed Income","852,727.27","0.05","852,727.27","889,000.00","889,000.00","95.12","United States","-","CAD","1.47","1.00","Jul 9, 2025","1.70","CAD","Jul 9, 2021"
"NAVCAN","NAV CANADA","Infrastructure","Fixed Income","850,553.72","0.05","850,553.72","768,000.00","768,000.00","110.18","Canada","-","CAD","3.04","1.00","Jun 1, 2027","7.40","CAD","Dec 16, 1996"
"HEQCN","CHIP MORTGAGE TRUST RegS","Securitized","Fixed Income","850,266.71","0.05","850,266.71","800,000.00","800,000.00","103.49","Canada","-","CAD","3.89","1.00","Nov 14, 2028","6.07","CAD","Jul 14, 2023"
"TRPCN","TRANSCANADA PIPELINES LIMITED MTN","Energy","Fixed Income","848,503.42","0.05","848,503.42","803,000.00","803,000.00","105.10","Canada","-","CAD","3.85","1.00","May 26, 2028","6.28","CAD","May 26, 1998"
"GWOCN","GREAT-WEST LIFECO INC","Financial","Fixed Income","846,121.99","0.05","846,121.99","865,000.00","865,000.00","96.69","Canada","-","CAD","3.78","1.00","Feb 28, 2028","3.34","CAD","Feb 28, 2018"
"REIUCN","RIOCAN REAL ESTATE INVESTMENT TRUS","Real Estate","Fixed Income","844,956.81","0.05","844,956.81","864,000.00","864,000.00","97.06","Canada","-","CAD","4.65","1.00","May 1, 2029","4.63","CAD","Apr 18, 2022"
"STNCN","STANTEC INC.","Industrial","Fixed Income","844,661.37","0.05","844,661.37","919,000.00","919,000.00","91.45","Canada","-","CAD","3.57","1.00","Oct 8, 2027","2.05","CAD","Oct 8, 2020"
"FCRCN","FIRST CAPITAL REAL ESTATE INVESTME","Real Estate","Fixed Income","844,176.07","0.05","844,176.07","881,000.00","881,000.00","94.31","Canada","-","CAD","2.84","1.00","Jan 22, 2027","3.46","CAD","Jul 22, 2019"
"LCN","LOBLAW COMPANIES LIMITED MTN","Industrial","Fixed Income","843,588.42","0.05","843,588.42","735,000.00","735,000.00","112.37","Canada","-","CAD","6.92","1.00","Feb 17, 2033","6.54","CAD","Feb 17, 2003"
"FTSCN","FORTISBC INC MTN","Infrastructure","Fixed Income","842,680.78","0.05","842,680.78","922,000.00","922,000.00","90.72","Canada","-","CAD","13.62","1.00","Oct 28, 2044","4.00","CAD","Oct 28, 2014"
"CLOVLP","CLOVER LIMITED PARTNERSHIP","Energy","Fixed Income","841,026.52","0.05","841,026.52","860,841.00","860,841.00","96.66","Canada","-","CAD","3.83","1.00","Mar 31, 2034","4.22","CAD","Oct 24, 2018"
"BCFERR","BRITISH COLUMBIA FERRY SERVICES IN","Infrastructure","Fixed Income","840,425.97","0.05","840,425.97","1,097,000.00","1,097,000.00","76.04","Canada","-","CAD","16.98","1.00","Oct 15, 2049","2.79","CAD","Oct 15, 2019"
"CNQCN","CANADIAN NATURAL RESOURCES LTD","Energy","Fixed Income","838,002.87","0.05","838,002.87","892,000.00","892,000.00","92.82","Canada","-","CAD","3.77","1.00","Jan 17, 2028","2.50","CAD","Nov 16, 2020"
"APUCN","ALLIED PROPERTIES REAL ESTATE INVE","Real Estate","Fixed Income","834,466.56","0.05","834,466.56","854,000.00","854,000.00","97.03","Canada","-","CAD","1.26","1.00","Apr 21, 2025","3.64","CAD","Apr 21, 2017"
"ACICN","TRISUMMIT UTILITIES INC MTN RegS","Energy","Fixed Income","832,851.28","0.05","832,851.28","800,000.00","800,000.00","101.75","Canada","-","CAD","5.02","1.00","Jan 11, 2030","5.02","CAD","Jan 11, 2023"
"SRUUCN","SMART REAL ESTATE INVESTMENT TRUST","Real Estate","Fixed Income","832,044.82","0.05","832,044.82","857,000.00","857,000.00","95.93","Canada","-","CAD","2.49","1.00","Aug 28, 2026","3.44","CAD","Aug 30, 2016"
"TRPCN","TRANSCANADA PIPELINES LIMITED MTN","Energy","Fixed Income","831,495.25","0.05","831,495.25","775,000.00","775,000.00","106.93","Canada","-","CAD","5.65","1.00","Dec 9, 2030","6.50","CAD","Dec 7, 1998"
"LOWMAT","LOWER MATTAGAMI ENERGY LP","Infrastructure","Fixed Income","829,229.02","0.05","829,229.02","845,000.00","845,000.00","96.67","Canada","-","CAD","14.13","1.00","Feb 23, 2046","4.18","CAD","Feb 25, 2013"
"HYDONE","HYDRO ONE INC MTN","Infrastructure","Fixed Income","828,484.89","0.05","828,484.89","1,037,000.00","1,037,000.00","79.00","Canada","-","CAD","17.13","1.00","Sep 15, 2051","3.10","CAD","Sep 17, 2021"
"ALTALK","ALTALINK LP","Infrastructure","Fixed Income","823,362.75","0.05","823,362.75","792,000.00","792,000.00","103.56","Canada","-","CAD","7.19","1.00","Nov 28, 2032","4.69","CAD","Nov 28, 2022"
"COMWIN","COMBER WIND FINANCIAL CORP","Energy","Fixed Income","821,250.48","0.05","821,250.48","804,783.00","804,783.00","99.49","Canada","-","CAD","3.22","1.00","Nov 15, 2030","5.13","CAD","Feb 22, 2013"
"AQNCN","ALGONQUIN POWER CO","Energy","Fixed Income","821,381.34","0.05","821,381.34","828,000.00","828,000.00","97.70","Canada","-","CAD","2.80","1.00","Feb 17, 2027","4.09","CAD","Jan 17, 2017"
"CRRUCN","CROMBIE REAL ESTATE INVESTMENT TRU","Real Estate","Fixed Income","820,957.56","0.05","820,957.56","838,000.00","838,000.00","96.71","Canada","-","CAD","2.46","1.00","Aug 26, 2026","3.68","CAD","Aug 26, 2019"
"ALCTRA","ALECTRA INC (CANADA)","Infrastructure","Fixed Income","814,038.23","0.05","814,038.23","854,000.00","854,000.00","93.67","Canada","-","CAD","12.73","1.00","Jul 30, 2042","3.96","CAD","Jul 30, 2012"
"BMW","BMW CANADA INC","Industrial","Fixed Income","813,227.03","0.05","813,227.03","800,000.00","800,000.00","99.81","Germany","-","CAD","1.06","1.00","Feb 10, 2025","4.76","CAD","Feb 10, 2023"
"CUCN","CU INC MTN","Energy","Fixed Income","812,141.11","0.05","812,141.11","768,000.00","768,000.00","105.21","Canada","-","CAD","9.55","1.00","Nov 20, 2036","5.03","CAD","Nov 20, 2006"
"LOWMAT","LOWER MATTAGAMI ENERGY LP","Infrastructure","Fixed Income","811,286.63","0.05","811,286.63","767,000.00","767,000.00","104.99","Canada","-","CAD","7.72","1.00","Oct 31, 2033","4.85","CAD","Oct 31, 2022"
"SRUUCN","SMARTCENTRES REAL ESTATE INVESTMEN","Real Estate","Fixed Income","811,264.21","0.05","811,264.21","851,000.00","851,000.00","95.25","Canada","-","CAD","3.65","1.00","Dec 21, 2027","3.83","CAD","Dec 21, 2017"
"NSIUCN","NOVA SCOTIA POWER INC RegS","Infrastructure","Fixed Income","809,243.46","0.05","809,243.46","796,000.00","796,000.00","101.07","Canada","-","CAD","7.09","1.00","Nov 15, 2032","4.95","CAD","Mar 24, 2023"
"ALCTRA","ALECTRA INC (CANADA)","Infrastructure","Fixed Income","807,767.12","0.05","807,767.12","938,000.00","938,000.00","85.44","Canada","-","CAD","6.54","1.00","Feb 11, 2031","1.75","CAD","Feb 11, 2021"
"FTSCN","TERASEN GAS VANCOUVER IS","Energy","Fixed Income","804,351.98","0.05","804,351.98","687,000.00","687,000.00","114.83","Canada","-","CAD","9.70","1.00","Feb 15, 2038","6.05","CAD","Feb 15, 2008"
"CRTUCN","CT REAL ESTATE INVESTMENT TRUST","Real Estate","Fixed Income","803,083.92","0.05","803,083.92","831,000.00","831,000.00","96.39","Canada","-","CAD","2.29","1.00","Jun 1, 2026","3.29","CAD","May 31, 2016"
"ENBGAS","ENBRIDGE GAS INC MTN","Energy","Fixed Income","802,928.19","0.05","802,928.19","812,000.00","812,000.00","98.44","Canada","-","CAD","12.97","1.00","Nov 23, 2043","4.50","CAD","Nov 22, 2013"
"ENBGAS","ENBRIDGE GAS INC MTN","Energy","Fixed Income","801,286.14","0.05","801,286.14","814,000.00","814,000.00","97.54","Canada","-","CAD","1.64","1.00","Sep 17, 2025","3.19","CAD","Sep 17, 2015"
"LCN","LOBLAW COMPANIES LIMITED MTN","Industrial","Fixed Income","800,354.00","0.05","800,354.00","730,000.00","730,000.00","109.31","Canada","-","CAD","7.89","1.00","Jun 9, 2034","6.05","CAD","Jun 9, 2003"
"FTSCN","FORTISBC ENERGY INC MTN","Energy","Fixed Income","799,594.76","0.05","799,594.76","890,000.00","890,000.00","88.75","Canada","-","CAD","6.72","1.00","Jul 18, 2031","2.42","CAD","Apr 14, 2021"
"NSIUCN","NOVA SCOTIA POWER INC MTN","Infrastructure","Fixed Income","799,085.23","0.05","799,085.23","879,000.00","879,000.00","89.61","Canada","-","CAD","12.26","1.00","Mar 6, 2042","4.15","CAD","Mar 6, 2012"
"ETRHWY","407 INTERNATIONAL INC MTN RegS","Infrastructure","Fixed Income","797,440.16","0.05","797,440.16","826,000.00","826,000.00","96.36","Canada","-","CAD","1.35","1.00","May 22, 2025","1.80","CAD","May 22, 2020"
"ALTALK","ALTALINK LP MTN","Infrastructure","Fixed Income","796,855.63","0.05","796,855.63","775,000.00","775,000.00","100.74","Canada","-","CAD","16.27","1.00","Jul 11, 2053","4.45","CAD","Jul 12, 2013"
"CRTUCN","CT REAL ESTATE INVESTMENT TRUST","Real Estate","Fixed Income","791,289.71","0.05","791,289.71","829,000.00","829,000.00","95.33","Canada","-","CAD","3.23","1.00","Jun 16, 2027","3.47","CAD","Jun 16, 2017"
"TRPCN","TRANSCANADA PIPELINES LIMITED MTN","Energy","Fixed Income","788,217.85","0.05","788,217.85","712,000.00","712,000.00","107.99","Canada","-","CAD","3.90","1.00","Aug 7, 2028","6.89","CAD","Jul 30, 1997"
"ACOXCN","ATCO LTD RegS","Energy","Fixed Income","786,585.97","0.05","786,585.97","801,000.00","801,000.00","97.33","Canada","-","CAD","4.20","1.00","Nov 1, 2078","5.50","CAD","Nov 1, 2018"
"CTCACN","CANADIAN TIRE CORPORATION LIMITED MTN","Industrial","Fixed Income","783,801.19","0.05","783,801.19","707,000.00","707,000.00","108.64","Canada","-","CAD","7.47","1.00","Feb 24, 2034","6.45","CAD","Feb 24, 2004"
"LCN","LOBLAW COMPANIES LIMITED MTN","Industrial","Fixed Income","783,204.19","0.05","783,204.19","703,000.00","703,000.00","108.56","Canada","-","CAD","4.26","1.00","Jan 22, 2029","6.50","CAD","Jan 22, 1999"
"ENBGAS","ENBRIDGE GAS INC MTN","Energy","Fixed Income","783,219.81","0.05","783,219.81","877,000.00","877,000.00","89.02","Canada","-","CAD","14.52","1.00","Jun 1, 2046","3.80","CAD","May 31, 2016"
"VANAIR","VANCOUVER AIRPORT AUTHORITY RegS","Infrastructure","Fixed Income","782,618.81","0.05","782,618.81","863,000.00","863,000.00","90.33","Canada","-","CAD","15.76","1.00","Nov 23, 2048","3.66","CAD","Nov 23, 2018"
"SIACN","SIENNA SENIOR LIVING INC","Industrial","Fixed Income","780,900.49","0.05","780,900.49","808,000.00","808,000.00","95.47","Canada","-","CAD","2.04","1.00","Feb 27, 2026","3.45","CAD","Oct 2, 2020"
"CUCN","CU INC MTN","Energy","Fixed Income","780,958.42","0.05","780,958.42","731,000.00","731,000.00","106.29","Canada","-","CAD","8.95","1.00","Nov 21, 2035","5.18","CAD","Nov 21, 2005"
"DTRGR","DAIMLER TRUCKS FINANCE CANADA INC RegS","Financial","Fixed Income","779,984.22","0.05","779,984.22","755,000.00","755,000.00","101.88","Germany","-","CAD","3.34","1.00","Sep 20, 2027","5.22","CAD","Sep 19, 2022"
"GZMCN","ENERGIR INC RegS","Energy","Fixed Income","776,756.86","0.05","776,756.86","750,000.00","750,000.00","102.38","Canada","-","CAD","7.03","1.00","Sep 27, 2032","4.67","CAD","Sep 27, 2022"
"ALACN","ALTAGAS LTD MTN","Energy","Fixed Income","776,466.75","0.05","776,466.75","789,000.00","789,000.00","97.47","Canada","-","CAD","3.36","1.00","Oct 4, 2027","3.98","CAD","Oct 4, 2017"
"XCN","TMX GROUP LTD","Financial","Fixed Income","774,880.45","0.05","774,880.45","902,000.00","902,000.00","85.14","Canada","-","CAD","6.47","1.00","Feb 12, 2031","2.02","CAD","Feb 12, 2021"
"ALTALK","ALTALINK LP MTN","Infrastructure","Fixed Income","773,906.99","0.05","773,906.99","798,000.00","798,000.00","94.94","Canada","-","CAD","13.74","1.00","Jun 30, 2045","4.09","CAD","Jun 30, 2015"
"PMZUCN","PRIMARIS REAL ESTATE INVESTMENT TR","Real Estate","Fixed Income","770,982.29","0.04","770,982.29","777,000.00","777,000.00","98.06","Canada","-","CAD","2.92","1.00","Mar 30, 2027","4.73","CAD","Mar 30, 2022"
"LCN","LOBLAW CO LTD MTN","Industrial","Fixed Income","769,750.62","0.04","769,750.62","704,000.00","704,000.00","106.83","Canada","-","CAD","3.56","1.00","Feb 9, 2028","6.45","CAD","Feb 9, 1998"
"EPCOR","EPCOR UTILITIES INC MTN","Infrastructure","Fixed Income","766,688.97","0.04","766,688.97","749,000.00","749,000.00","100.83","Canada","-","CAD","12.23","1.00","Feb 28, 2042","4.55","CAD","Feb 28, 2012"
"FIRWST","FIRST WEST CREDIT UNION RegS","Financial","Fixed Income","765,856.90","0.04","765,856.90","700,000.00","700,000.00","105.83","Canada","-","CAD","3.71","1.00","Aug 9, 2033","9.19","CAD","Aug 9, 2023"
"BCFERR","BRITISH COLUMBIA FERRY SERVICES IN","Infrastructure","Fixed Income","762,992.03","0.04","762,992.03","770,000.00","770,000.00","98.36","Canada","-","CAD","13.33","1.00","Apr 28, 2044","4.29","CAD","Apr 28, 2014"
"HYDONE","HYDRO ONE INC MTN","Infrastructure","Fixed Income","762,606.60","0.04","762,606.60","857,000.00","857,000.00","87.42","Canada","-","CAD","18.87","1.00","Jul 31, 2062","3.79","CAD","Jul 31, 2012"
"IFCCN","INTACT FINANCIAL CORP MTN RegS","Financial","Fixed Income","761,747.49","0.04","761,747.49","860,000.00","860,000.00","88.17","Canada","-","CAD","16.94","1.00","May 20, 2053","3.77","CAD","May 18, 2021"
"NSIUCN","NOVA SCOTIA POWER INC MTN","Infrastructure","Fixed Income","760,933.03","0.04","760,933.03","648,000.00","648,000.00","115.03","Canada","-","CAD","7.14","1.00","Aug 25, 2033","6.95","CAD","Aug 25, 2003"
"ENBGAS","ENBRIDGE GAS INC MTN","Energy","Fixed Income","759,146.33","0.04","759,146.33","895,000.00","895,000.00","84.53","Canada","-","CAD","15.36","1.00","Nov 29, 2047","3.51","CAD","Nov 29, 2017"
"FTSCN","FORTISALBERTA INC MTN","Infrastructure","Fixed Income","757,902.94","0.04","757,902.94","587,000.00","587,000.00","126.46","Canada","-","CAD","9.86","1.00","Feb 14, 2039","7.06","CAD","Feb 13, 2009"
"POWCN","POWER CORPORATION OF CANADA","Financial","Fixed Income","757,414.38","0.04","757,414.38","770,000.00","770,000.00","96.47","Canada","-","CAD","14.47","1.00","Jul 27, 2048","4.46","CAD","Jul 25, 2018"
"LBCN","LAURENTIAN BANK OF CANADA","Financial","Fixed Income","755,833.58","0.04","755,833.58","802,000.00","802,000.00","94.01","Canada","-","CAD","2.27","1.00","May 6, 2026","1.60","CAD","May 6, 2021"
"WAACA","WINNIPEG AIRPORT AUTHORITY","Infrastructure","Fixed Income","752,608.80","0.04","752,608.80","739,036.00","739,036.00","100.52","Canada","-","CAD","7.20","1.00","Sep 28, 2040","5.21","CAD","Sep 28, 2005"
"DOLCN","DOLLARAMA INC","Industrial","Fixed Income","752,646.85","0.04","752,646.85","740,000.00","740,000.00","100.83","Canada","-","CAD","1.65","1.00","Oct 27, 2025","5.08","CAD","Oct 26, 2022"
"DTRGR","DAIMLER TRUCK FINANCE CANADA INC RegS","Financial","Fixed Income","751,930.80","0.04","751,930.80","720,000.00","720,000.00","102.92","Germany","-","CAD","2.50","1.00","Sep 25, 2026","5.81","CAD","Sep 25, 2023"
"EPCOR","EPCOR UTILITIES INC","Infrastructure","Fixed Income","751,573.68","0.04","751,573.68","980,000.00","980,000.00","76.37","Canada","-","CAD","17.04","1.00","May 19, 2050","2.90","CAD","May 19, 2020"
"PMZUCN","PRIMARIS REAL ESTATE INVESTMENT TR","Real Estate","Fixed Income","750,056.97","0.04","750,056.97","757,000.00","757,000.00","98.03","Canada","-","CAD","1.20","1.00","Mar 30, 2025","4.27","CAD","Mar 30, 2022"
"XCN","TMX GROUP LTD","Financial","Fixed Income","749,450.07","0.04","749,450.07","763,000.00","763,000.00","97.98","Canada","-","CAD","3.96","1.00","Jun 5, 2028","3.78","CAD","Jun 5, 2018"
"GZMCN","ENERGIR INC RegS","Energy","Fixed Income","748,148.57","0.04","748,148.57","794,000.00","794,000.00","93.80","Canada","-","CAD","3.13","1.00","Apr 16, 2027","2.10","CAD","Apr 16, 2020"
"CUCN","CU INC","Energy","Fixed Income","744,998.85","0.04","744,998.85","770,000.00","770,000.00","96.05","Canada","-","CAD","17.18","1.00","Oct 29, 2055","4.21","CAD","Oct 30, 2015"
"AERMON","AEROPORTS DE MONTREAL","Infrastructure","Fixed Income","744,162.95","0.04","744,162.95","860,000.00","860,000.00","85.92","Canada","-","CAD","15.38","1.00","Apr 24, 2047","3.36","CAD","Apr 24, 2017"
"DIRUCN","DREAM INDUSTRIAL REAL ESTATE INVES","Real Estate","Fixed Income","743,859.06","0.04","743,859.06","793,000.00","793,000.00","93.65","Canada","-","CAD","2.80","1.00","Dec 7, 2026","2.54","CAD","Dec 6, 2021"
"DIRUCN","DREAM INDUSTRIAL REAL ESTATE INVES","Real Estate","Fixed Income","742,148.37","0.04","742,148.37","750,000.00","750,000.00","98.12","Canada","-","CAD","2.10","1.00","Apr 13, 2026","3.97","CAD","Apr 13, 2022"
"IGMCN","IGM FINANCIAL INC","Financial","Fixed Income","741,593.65","0.04","741,593.65","820,000.00","820,000.00","90.21","Canada","-","CAD","14.70","1.00","Dec 9, 2047","4.12","CAD","Dec 7, 2017"
"FTSCN","FORTISBC INC MTN","Infrastructure","Fixed Income","740,725.13","0.04","740,725.13","640,000.00","640,000.00","115.29","Canada","-","CAD","10.42","1.00","Jun 2, 2039","6.10","CAD","Jun 2, 2009"
"ALTALK","ALTALINK LP MTN","Infrastructure","Fixed Income","739,488.58","0.04","739,488.58","663,000.00","663,000.00","110.15","Canada","-","CAD","11.01","1.00","Mar 26, 2040","5.38","CAD","Mar 25, 2010"
"PMZUCN","PRIMARIS REAL ESTATE INVESTMENT TR RegS","Real Estate","Fixed Income","738,334.28","0.04","738,334.28","705,000.00","705,000.00","104.08","Canada","-","CAD","4.61","1.00","Jun 30, 2029","6.37","CAD","Nov 22, 2023"
"BCFERR","BRITISH COLUMBIA FERRY SERVICES IN","Infrastructure","Fixed Income","738,423.18","0.04","738,423.18","708,000.00","708,000.00","103.43","Canada","-","CAD","12.83","1.00","Oct 23, 2043","4.70","CAD","Oct 25, 2013"
"TORHYD","TORONTO HYDRO CORPORATION","Infrastructure","Fixed Income","733,833.81","0.04","733,833.81","758,000.00","758,000.00","95.94","Canada","-","CAD","2.51","1.00","Aug 25, 2026","2.52","CAD","Jun 14, 2016"
"SLFCN","MUTUAL LIFE CANADA","Financial","Fixed Income","733,869.41","0.04","733,869.41","689,000.00","689,000.00","105.75","Canada","-","CAD","3.83","1.00","May 15, 2028","6.30","CAD","May 15, 1998"
"FTSCN","FORTISBC ENERGY INC MTN","Energy","Fixed Income","733,478.82","0.04","733,478.82","805,000.00","805,000.00","90.88","Canada","-","CAD","15.50","1.00","Dec 7, 2048","3.85","CAD","Dec 7, 2018"
"EQBCN","EQUITABLE BANK (CANADA)","Financial","Fixed Income","730,065.73","0.04","730,065.73","777,000.00","777,000.00","93.79","Canada","-","CAD","1.85","1.00","Nov 26, 2025","1.88","CAD","Nov 26, 2020"
"SE","WESTCOAST ENERGY","Energy","Fixed Income","729,688.42","0.04","729,688.42","688,000.00","688,000.00","105.80","Canada","-","CAD","3.49","1.00","Dec 15, 2027","6.75","CAD","Dec 15, 1997"
"IGMCN","INVESTORS GROUP INC.","Financial","Fixed Income","727,122.12","0.04","727,122.12","614,000.00","614,000.00","116.22","Canada","-","CAD","6.86","1.00","Mar 7, 2033","7.11","CAD","Mar 5, 2003"
"FTSCN","FORTISBC ENERGY INC MTN","Energy","Fixed Income","726,561.21","0.04","726,561.21","799,000.00","799,000.00","89.75","Canada","-","CAD","14.74","1.00","Mar 6, 2047","3.78","CAD","Dec 13, 2016"
"CSHU","CHARTWELL RETIREMENT RESIDENCES","Industrial","Fixed Income","724,662.73","0.04","724,662.73","735,000.00","735,000.00","97.88","Canada","-","CAD","1.27","1.00","Apr 28, 2025","4.21","CAD","Apr 27, 2018"
"VANAIR","VANCOUVER INTL AIRPORT","Infrastructure","Fixed Income","720,135.45","0.04","720,135.45","663,000.00","663,000.00","108.17","Canada","-","CAD","2.65","1.00","Dec 7, 2026","7.42","CAD","Dec 6, 1996"
"FTSCN","FORTISALBERTA INC MTN RegS","Infrastructure","Fixed Income","717,340.93","0.04","717,340.93","682,000.00","682,000.00","103.73","Canada","-","CAD","12.58","1.00","Sep 11, 2043","4.85","CAD","Sep 13, 2013"
"ENBCN","ENBRIDGE INC MTN","Energy","Fixed Income","716,674.50","0.04","716,674.50","751,000.00","751,000.00","94.92","Canada","-","CAD","12.82","1.00","Nov 21, 2044","4.87","CAD","Dec 21, 2018"
"VANAIR","VANCOUVER AIRPORT AUTHORITY","Infrastructure","Fixed Income","715,664.06","0.04","715,664.06","760,000.00","760,000.00","93.65","Canada","-","CAD","14.37","1.00","Nov 10, 2045","3.86","CAD","Nov 10, 2015"
"CRRUCN","CROMBIE REAL ESTATE INVESTMENT TRU","Real Estate","Fixed Income","715,277.12","0.04","715,277.12","825,000.00","825,000.00","85.51","Canada","-","CAD","6.57","1.00","Aug 12, 2031","3.13","CAD","Aug 12, 2021"
"CUCN","CU INC MTN","Energy","Fixed Income","714,287.59","0.04","714,287.59","669,000.00","669,000.00","105.38","Canada","-","CAD","15.63","1.00","Sep 14, 2052","4.77","CAD","Sep 14, 2022"
"NAVCAN","NAV CANADA MTN","Infrastructure","Fixed Income","710,583.84","0.04","710,583.84","848,000.00","848,000.00","83.00","Canada","-","CAD","16.82","1.00","Sep 29, 2050","3.21","CAD","Mar 29, 2019"
"NVLAUT","NOUVELLE AUTOROUTE 30 FINANCEMENT","Infrastructure","Fixed Income","705,446.55","0.04","705,446.55","741,233.00","741,233.00","94.25","Canada","-","CAD","4.79","1.00","Mar 31, 2033","3.75","CAD","Jun 14, 2018"
"TORHYD","TORONTO HYDRO CORPORATION","Infrastructure","Fixed Income","704,228.20","0.04","704,228.20","787,000.00","787,000.00","89.01","Canada","-","CAD","6.96","1.00","Oct 20, 2031","2.47","CAD","Oct 18, 2021"
"ALACN","ALTAGAS LTD MTN","Energy","Fixed Income","702,845.57","0.04","702,845.57","809,000.00","809,000.00","86.68","Canada","-","CAD","6.25","1.00","Nov 30, 2030","2.48","CAD","Nov 30, 2020"
"FTTCN","FINNING INTERNATIONAL INC","Industrial","Fixed Income","699,832.50","0.04","699,832.50","725,000.00","725,000.00","95.54","Canada","-","CAD","2.48","1.00","Aug 14, 2026","2.63","CAD","Aug 14, 2019"
"NSIUCN","NOVA SCOTIA POWER INC RegS","Infrastructure","Fixed Income","699,144.19","0.04","699,144.19","916,000.00","916,000.00","75.74","Canada","-","CAD","16.03","1.00","Apr 25, 2050","3.31","CAD","Apr 24, 2020"
"STNCN","STANTEC INC. RegS","Industrial","Fixed Income","698,989.46","0.04","698,989.46","675,000.00","675,000.00","103.52","Canada","-","CAD","5.41","1.00","Jun 27, 2030","5.39","CAD","Jun 27, 2023"
"POWCN","POWER CORPORATION CANADA","Financial","Fixed Income","698,171.24","0.04","698,171.24","500,000.00","500,000.00","138.04","Canada","-","CAD","9.56","1.00","Apr 22, 2039","8.57","CAD","Apr 20, 2009"
"TIHCN","TOROMONT INDUSTRIES LTD.","Industrial","Fixed Income","698,206.21","0.04","698,206.21","705,000.00","705,000.00","98.12","Canada","-","CAD","1.64","1.00","Sep 30, 2025","3.71","CAD","Sep 30, 2015"
"LOWMAT","LOWER MATTAGAMI ENERGY LP","Infrastructure","Fixed Income","693,702.02","0.04","693,702.02","639,000.00","639,000.00","107.22","Canada","-","CAD","12.75","1.00","Sep 21, 2043","4.94","CAD","Sep 20, 2013"
"SMUUCN","SUMMIT INDUSTRIAL INCOME REIT","Real Estate","Fixed Income","693,044.99","0.04","693,044.99","761,000.00","761,000.00","89.95","Canada","-","CAD","4.20","1.00","Jul 14, 2028","2.44","CAD","Feb 17, 2023"
"HRUCN","H&R REAL ESTATE INVESTMENT TRUST","Real Estate","Fixed Income","692,447.61","0.04","692,447.61","733,000.00","733,000.00","94.25","Canada","-","CAD","2.31","1.00","Jun 2, 2026","2.91","CAD","Dec 2, 2020"
"ELFCN","EMPIRE LIFE INSURANCE CO","Financial","Fixed Income","692,360.92","0.04","692,360.92","750,000.00","750,000.00","91.80","Canada","-","CAD","2.59","1.00","Sep 24, 2031","1.95","CAD","Sep 24, 2021"
"BNS","BANK OF NOVA SCOTIA","Financial","Fixed Income","691,611.98","0.04","691,611.98","657,000.00","657,000.00","105.05","Canada","-","CAD","1.39","1.00","Jun 20, 2025","8.90","CAD","Jun 20, 1995"
"ALACN","ALTAGAS LTD MTN","Energy","Fixed Income","691,034.88","0.04","691,034.88","724,000.00","724,000.00","94.27","Canada","-","CAD","13.49","1.00","Oct 4, 2047","4.99","CAD","Oct 4, 2017"
"CONNEC","CONNECT 6IX GENERAL PARTNERSHIP","Infrastructure","Fixed Income","689,788.55","0.04","689,788.55","600,000.00","600,000.00","114.47","Canada","-","CAD","15.93","1.00","Nov 30, 2060","6.21","CAD","Nov 17, 2022"
"DTRGR","DAIMLER TRUCK FINANCE CANADA INC RegS","Financial","Fixed Income","689,497.54","0.04","689,497.54","650,000.00","650,000.00","104.57","Germany","-","CAD","4.11","1.00","Sep 25, 2028","5.77","CAD","Sep 25, 2023"
"CSHU","CHARTWELL RETIREMENT RESIDENCES","Industrial","Fixed Income","686,130.25","0.04","686,130.25","675,000.00","675,000.00","101.30","Canada","-","CAD","2.69","1.00","Dec 8, 2026","6.00","CAD","Dec 8, 2023"
"FTSCN","FORTISALBERTA INC","Infrastructure","Fixed Income","685,637.06","0.04","685,637.06","667,000.00","667,000.00","102.43","Canada","-","CAD","15.96","1.00","May 30, 2052","4.62","CAD","May 30, 2022"
"IPLCN","INTER PIPELINE LTD","Energy","Fixed Income","683,516.96","0.04","683,516.96","750,000.00","750,000.00","90.69","Canada","-","CAD","14.31","1.00","Nov 27, 2051","5.09","CAD","Nov 25, 2021"
"IFCCN","INTACT FINANCIAL CORP MTN","Financial","Fixed Income","682,937.66","0.04","682,937.66","797,000.00","797,000.00","85.62","Canada","-","CAD","6.41","1.00","Dec 16, 2030","1.93","CAD","Dec 16, 2020"
"TORHYD","TORONTO HYDRO CORPORATION","Infrastructure","Fixed Income","682,177.29","0.04","682,177.29","705,000.00","705,000.00","95.60","Canada","-","CAD","13.58","1.00","Sep 16, 2044","4.08","CAD","Sep 16, 2014"
"ENBGAS","ENBRIDGE GAS INC MTN","Energy","Fixed Income","679,215.70","0.04","679,215.70","872,000.00","872,000.00","76.72","Canada","-","CAD","16.34","1.00","Aug 9, 2049","3.01","CAD","Aug 9, 2019"
"EAGCCT_22-1-A","EAGCCT_22-1 A RegS","Securitized","Fixed Income","678,885.49","0.04","678,885.49","661,000.00","661,000.00","100.54","Canada","-","CAD","3.19","1.00","Jul 17, 2027","4.78","CAD","Jul 13, 2022"
"LOWMAT","LOWER MATTAGAMI ENERGY LP","Infrastructure","Fixed Income","675,135.59","0.04","675,135.59","617,000.00","617,000.00","108.85","Canada","-","CAD","11.74","1.00","May 18, 2041","5.14","CAD","May 17, 2011"
"ALACN","ALTAGAS LTD","Energy","Fixed Income","673,655.44","0.04","673,655.44","722,000.00","722,000.00","92.69","Canada","-","CAD","3.04","1.00","Mar 16, 2027","2.17","CAD","Mar 16, 2021"
"FTSCN","FORTISBC ENERGY INC MTN","Energy","Fixed Income","672,809.11","0.04","672,809.11","755,000.00","755,000.00","88.52","Canada","-","CAD","15.17","1.00","Oct 30, 2047","3.69","CAD","Oct 26, 2017"
"DE","JOHN DEERE CANADA FUNDING INC MTN","Financial","Fixed Income","668,409.37","0.04","668,409.37","705,000.00","705,000.00","94.45","United States","-","CAD","2.20","1.00","Apr 9, 2026","1.63","CAD","Apr 9, 2021"
"MBGGR","MERCEDES-BENZ FINANCE CANADA INC MTN","Financial","Fixed Income","668,123.73","0.04","668,123.73","650,000.00","650,000.00","102.76","Germany","-","CAD","4.02","1.00","Jun 27, 2028","5.12","CAD","Jun 27, 2023"
"TORHYD","TORONTO HYDRO CORPORATION","Infrastructure","Fixed Income","666,632.51","0.04","666,632.51","805,000.00","805,000.00","82.17","Canada","-","CAD","17.04","1.00","Oct 18, 2051","3.27","CAD","Oct 18, 2021"
"SRUUCN","SMARTCENTRES REAL ESTATE INVESTMEN","Real Estate","Fixed Income","665,981.39","0.04","665,981.39","660,000.00","660,000.00","100.47","Canada","-","CAD","3.86","1.00","May 29, 2028","5.35","CAD","May 29, 2023"
"FTSCN","FORTISALBERTA INC MTN","Infrastructure","Fixed Income","664,202.23","0.04","664,202.23","610,000.00","610,000.00","106.44","Canada","-","CAD","13.75","1.00","Jan 3, 2047","4.99","CAD","Jan 3, 2007"
"COCAPS","COAST CAPITAL SAVINGS FEDERAL CRED","Financial","Fixed Income","663,760.89","0.04","663,760.89","673,000.00","673,000.00","97.82","Canada","-","CAD","1.25","1.00","Apr 21, 2025","4.25","CAD","Apr 21, 2022"
"CTLONE","CENTRAL 1 CREDIT UNION MTN","Financial","Fixed Income","663,240.84","0.04","663,240.84","635,000.00","635,000.00","103.64","Canada","-","CAD","4.15","1.00","Nov 10, 2028","5.98","CAD","Nov 10, 2023"
"PMZUCN","PRIMARIS REAL ESTATE INVESTMENT TR RegS","Real Estate","Fixed Income","661,328.80","0.04","661,328.80","640,000.00","640,000.00","101.85","Canada","-","CAD","3.66","1.00","Mar 29, 2028","5.93","CAD","Mar 29, 2023"
"ELFCN","E-L FINANCIAL CORP LTD","Financial","Fixed Income","661,259.53","0.04","661,259.53","754,000.00","754,000.00","87.62","Canada","-","CAD","15.61","1.00","Jun 22, 2050","4.00","CAD","Jun 22, 2020"
"ALTALK","ALTALINK LP","Infrastructure","Fixed Income","660,238.16","0.04","660,238.16","629,000.00","629,000.00","104.38","Canada","-","CAD","11.60","1.00","Nov 15, 2040","4.87","CAD","Nov 15, 2010"
"FTSCN","FORTISBC ENERGY INC MTN","Energy","Fixed Income","657,994.53","0.04","657,994.53","580,000.00","580,000.00","111.43","Canada","-","CAD","8.24","1.00","Feb 26, 2035","5.90","CAD","Feb 25, 2005"
"DIRUCN","DREAM INDUSTRIAL REAL ESTATE INVES RegS","Real Estate","Fixed Income","654,213.77","0.04","654,213.77","635,000.00","635,000.00","101.49","Canada","-","CAD","3.68","1.00","Mar 22, 2028","5.38","CAD","Jan 4, 2024"
"ENBGAS","ENBRIDGE GAS INC MTN","Energy","Fixed Income","653,745.15","0.04","653,745.15","759,000.00","759,000.00","85.77","Canada","-","CAD","15.27","1.00","Nov 22, 2047","3.59","CAD","Nov 22, 2017"
"TORHYD","TORONTO HYDRO CORPORATION RegS","Infrastructure","Fixed Income","653,751.09","0.04","653,751.09","615,000.00","615,000.00","105.20","Canada","-","CAD","4.15","1.00","Oct 12, 2028","5.13","CAD","Oct 12, 2023"
"FTSCN","FORTISALBERTA INC MTN","Infrastructure","Fixed Income","652,352.17","0.04","652,352.17","648,000.00","648,000.00","99.78","Canada","-","CAD","12.12","1.00","Oct 18, 2041","4.54","CAD","Oct 19, 2011"
"NAVCAN","NAV CANADA MTN","Infrastructure","Fixed Income","650,637.74","0.04","650,637.74","760,000.00","760,000.00","84.80","Canada","-","CAD","15.79","1.00","Mar 30, 2048","3.29","CAD","Mar 29, 2018"
"TOYOTA","TOYOTA CREDIT CANADA INC MTN","Financial","Fixed Income","648,942.24","0.04","648,942.24","620,000.00","620,000.00","102.20","Canada","-","CAD","2.31","1.00","Jul 13, 2026","5.29","CAD","Jul 12, 2023"
"TOUCN","TOURMALINE OIL CORP RegS","Energy","Fixed Income","645,338.10","0.04","645,338.10","700,000.00","700,000.00","91.23","Canada","-","CAD","4.70","1.00","Feb 12, 2029","2.53","CAD","Aug 11, 2021"
"ENBGAS","ENBRIDGE GAS INC MTN","Energy","Fixed Income","643,740.34","0.04","643,740.34","600,000.00","600,000.00","106.62","Canada","-","CAD","3.85","1.00","May 19, 2028","6.10","CAD","May 19, 1998"
"SIACN","SIENNA SENIOR LIVING INC","Industrial","Fixed Income","642,126.11","0.04","642,126.11","690,000.00","690,000.00","92.37","Canada","-","CAD","3.05","1.00","Mar 31, 2027","2.82","CAD","Jun 3, 2021"
"GZMCN","GAZ METRO INC RegS","Energy","Fixed Income","642,025.12","0.04","642,025.12","740,000.00","740,000.00","86.34","Canada","-","CAD","15.18","1.00","May 16, 2047","3.53","CAD","May 16, 2017"
"GEICN","GIBSON ENERGY INC MTN","Energy","Fixed Income","634,420.50","0.04","634,420.50","665,000.00","665,000.00","94.09","Canada","-","CAD","3.29","1.00","Jul 14, 2027","2.85","CAD","Jul 14, 2020"
"FTSCN","TERASEN GAS INC. MTN","Energy","Fixed Income","634,251.59","0.04","634,251.59","538,000.00","538,000.00","116.86","Canada","-","CAD","7.74","1.00","May 1, 2034","6.50","CAD","Apr 29, 2004"
"NSIUCN","NOVA SCOTIA PWR MTN","Infrastructure","Fixed Income","631,507.24","0.04","631,507.24","600,000.00","600,000.00","104.28","Canada","-","CAD","1.30","1.00","May 19, 2025","8.85","CAD","May 19, 1995"
"BCECN","BELL CANADA MTN 144A","Communication","Fixed Income","629,571.98","0.04","629,571.98","572,000.00","572,000.00","109.02","Canada","-","CAD","4.52","1.00","May 1, 2029","6.55","CAD","Jul 19, 1999"
"VANAIR","VANCOUVER AIRPORT AUTHORITY","Infrastructure","Fixed Income","628,787.06","0.04","628,787.06","718,000.00","718,000.00","87.09","Canada","-","CAD","6.21","1.00","Sep 20, 2030","1.76","CAD","Sep 21, 2020"
"DE","JOHN DEERE FINANCIAL INC","Financial","Fixed Income","628,863.62","0.04","628,863.62","660,000.00","660,000.00","94.03","United States","-","CAD","4.61","1.00","Jan 19, 2029","2.81","CAD","Jan 19, 2022"
"SMUUCN","DREAM SUMMIT INDUS","Real Estate","Fixed Income","626,930.55","0.04","626,930.55","670,000.00","670,000.00","92.52","Canada","-","CAD","2.87","1.00","Jan 12, 2027","2.25","CAD","Feb 17, 2023"
"TCLACN","TRANSCONTINENTAL INC.","Communication","Fixed Income","626,741.35","0.04","626,741.35","665,000.00","665,000.00","93.19","Canada","-","CAD","2.41","1.00","Jul 13, 2026","2.28","CAD","Jul 12, 2021"
"FTSCN","FORTISALBERTA INC MTN","Infrastructure","Fixed Income","625,028.51","0.04","625,028.51","548,000.00","548,000.00","112.85","Canada","-","CAD","9.93","1.00","Apr 15, 2038","5.85","CAD","Apr 15, 2008"
"TCLACN","TRANSCONTINENTAL INC.","Communication","Fixed Income","619,541.69","0.04","619,541.69","635,000.00","635,000.00","96.48","Canada","-","CAD","1.06","1.00","Feb 3, 2025","2.67","CAD","Feb 1, 2022"
"ALCTRA","ALECTRA INC (CANADA)","Infrastructure","Fixed Income","619,058.35","0.04","619,058.35","559,000.00","559,000.00","109.86","Canada","-","CAD","11.59","1.00","Apr 29, 2041","5.30","CAD","Apr 29, 2011"
"CRRUCN","CROMBIE REAL ESTATE INVESTMENT TRU","Real Estate","Fixed Income","617,900.81","0.04","617,900.81","675,000.00","675,000.00","90.88","Canada","-","CAD","3.95","1.00","Mar 31, 2028","2.69","CAD","Oct 9, 2020"
"SE","WESTCOAST ENERGY INC MTN","Energy","Fixed Income","617,594.25","0.04","617,594.25","633,000.00","633,000.00","96.75","Canada","-","CAD","11.82","1.00","Oct 28, 2041","4.79","CAD","Oct 28, 2011"
"CTLONE","CENTRAL 1 CREDIT UNION","Financial","Fixed Income","617,183.47","0.04","617,183.47","670,000.00","670,000.00","90.92","Canada","-","CAD","2.32","1.00","Jun 30, 2031","2.39","CAD","Jun 30, 2021"
"CPXCN","CAPITAL POWER CORP MTN RegS","Energy","Fixed Income","611,427.57","0.04","611,427.57","600,000.00","600,000.00","101.70","Canada","-","CAD","2.83","1.00","Jan 25, 2027","5.38","CAD","Dec 15, 2023"
"IGMCN","IGM FINANCIAL INC","Financial","Fixed Income","611,006.06","0.04","611,006.06","540,000.00","540,000.00","112.84","Canada","-","CAD","10.91","1.00","Dec 10, 2040","6.00","CAD","Dec 9, 2010"
"EPCOR","EPCOR UTILITIES INC MTN","Infrastructure","Fixed Income","610,353.01","0.04","610,353.01","678,000.00","678,000.00","88.82","Canada","-","CAD","6.67","1.00","Jun 30, 2031","2.41","CAD","Jun 28, 2021"
"CRTUCN","CT REAL ESTATE INVESTMENT TRUST","Real Estate","Fixed Income","606,192.48","0.04","606,192.48","656,000.00","656,000.00","91.20","Canada","-","CAD","4.62","1.00","Feb 5, 2029","3.03","CAD","Feb 3, 2022"
"ENBGAS","ENBRIDGE GAS INC MTN","Energy","Fixed Income","605,711.84","0.04","605,711.84","565,000.00","565,000.00","105.95","Canada","-","CAD","4.11","1.00","Oct 6, 2028","5.46","CAD","Oct 6, 2023"
"FTSCN","TERASEN GAS INC MTN","Energy","Fixed Income","605,404.29","0.04","605,404.29","490,000.00","490,000.00","121.27","Canada","-","CAD","10.04","1.00","Feb 24, 2039","6.55","CAD","Feb 24, 2009"
"IGMCN","IGM FINANCIAL INC RegS","Financial","Fixed Income","604,827.07","0.04","604,827.07","657,000.00","657,000.00","90.92","Canada","-","CAD","15.19","1.00","Mar 21, 2050","4.21","CAD","Mar 20, 2019"
"NSIUCN","NOVA SCOTIA POWER INC MTN","Infrastructure","Fixed Income","604,859.26","0.04","604,859.26","747,000.00","747,000.00","80.14","Canada","-","CAD","15.39","1.00","Apr 5, 2049","3.57","CAD","Apr 4, 2019"
"BIP","BROOKFIELD INFRASTRUCTURE FINANCE MTN","Infrastructure","Fixed Income","604,729.36","0.04","604,729.36","563,000.00","563,000.00","106.38","Canada","-","CAD","14.31","1.00","Apr 25, 2052","5.79","CAD","Apr 25, 2022"
"FTSCN","FORTISALBERTA INC MTN","Infrastructure","Fixed Income","595,522.41","0.03","595,522.41","670,000.00","670,000.00","87.77","Canada","-","CAD","15.02","1.00","Sep 9, 2047","3.67","CAD","Sep 7, 2017"
"HOMEQU","HOMEEQUITY BANK","Financial","Fixed Income","594,523.41","0.03","594,523.41","585,000.00","585,000.00","101.28","Canada","-","CAD","2.66","1.00","Dec 11, 2026","7.11","CAD","Dec 11, 2023"
"CTLONE","CENTRAL 1 CREDIT UNION MTN","Financial","Fixed Income","593,057.55","0.03","593,057.55","575,000.00","575,000.00","102.35","Canada","-","CAD","2.62","1.00","Nov 10, 2026","5.88","CAD","Nov 10, 2023"
"ALCTRA","ALECTRA INC (CANADA)","Infrastructure","Fixed Income","591,557.91","0.03","591,557.91","685,000.00","685,000.00","85.62","Canada","-","CAD","15.95","1.00","Apr 12, 2049","3.46","CAD","Apr 11, 2019"
"GTAAIR","GREATER TORONTO AIRPORTS AUTHORITY","Infrastructure","Fixed Income","590,961.37","0.03","590,961.37","545,548.00","545,548.00","105.64","Canada","-","CAD","2.87","1.00","Jul 30, 2029","6.45","CAD","Jul 20, 1999"
"CCOCN","CAMECO CORPORATION","Industrial","Fixed Income","589,440.63","0.03","589,440.63","630,000.00","630,000.00","92.93","Canada","-","CAD","11.84","1.00","Nov 14, 2042","5.09","CAD","Nov 14, 2012"
"IGMCN","INVESTORS GROUP INC. 144A","Financial","Fixed Income","589,499.29","0.03","589,499.29","505,000.00","505,000.00","115.71","Canada","-","CAD","5.79","1.00","May 9, 2031","7.45","CAD","May 9, 2001"
"IGMCN","IGM FINANCIAL INC","Financial","Fixed Income","588,748.64","0.03","588,748.64","601,000.00","601,000.00","96.00","Canada","-","CAD","13.80","1.00","Jan 25, 2047","4.56","CAD","Jan 26, 2017"
"ALTALK","ALTALINK LP","Infrastructure","Fixed Income","586,484.98","0.03","586,484.98","685,000.00","685,000.00","85.17","Canada","-","CAD","6.24","1.00","Sep 11, 2030","1.51","CAD","Sep 11, 2020"
"TORHYD","TORONTO HYDRO CORPORATION","Infrastructure","Fixed Income","586,524.47","0.03","586,524.47","669,000.00","669,000.00","86.50","Canada","-","CAD","15.44","1.00","Feb 28, 2048","3.48","CAD","Nov 14, 2017"
"MCAPCO","MCAP COMMERCIAL LP","Financial","Fixed Income","584,805.00","0.03","584,805.00","600,000.00","600,000.00","96.18","Canada","-","CAD","1.57","1.00","Aug 25, 2025","3.74","CAD","Aug 25, 2020"
"HYDONE","HYDRO ONE INC","Infrastructure","Fixed Income","581,826.07","0.03","581,826.07","656,000.00","656,000.00","87.85","Canada","-","CAD","16.07","1.00","Apr 5, 2050","3.64","CAD","Apr 5, 2019"
"IFCCN","INTACT FINANCIAL CORP MTN","Financial","Fixed Income","581,327.02","0.03","581,327.02","756,000.00","756,000.00","76.79","Canada","-","CAD","17.21","1.00","Dec 16, 2050","2.95","CAD","Dec 16, 2020"
"CRTUCN","CT REAL ESTATE INVESTMENT TRUST","Real Estate","Fixed Income","579,672.28","0.03","579,672.28","602,000.00","602,000.00","96.06","Canada","-","CAD","3.60","1.00","Dec 7, 2027","3.87","CAD","Feb 7, 2018"
"VW","VW CREDIT CANADA INC RegS","Financial","Fixed Income","576,739.95","0.03","576,739.95","550,000.00","550,000.00","104.16","Germany","-","CAD","3.46","1.00","Nov 15, 2027","5.86","CAD","Nov 15, 2022"
"FTSCN","FORTISBC INC MTN","Infrastructure","Fixed Income","575,838.99","0.03","575,838.99","546,000.00","546,000.00","104.99","Canada","-","CAD","15.13","1.00","Nov 24, 2050","5.00","CAD","Nov 24, 2010"
"EPCOR","EPCOR UTILITIES INC MTN","Infrastructure","Fixed Income","575,856.74","0.03","575,856.74","620,000.00","620,000.00","92.52","Canada","-","CAD","15.39","1.00","Nov 26, 2048","3.95","CAD","Nov 26, 2018"
"HYOHI","HYDRO OTTAWA HOLDING INC","Infrastructure","Fixed Income","572,110.46","0.03","572,110.46","650,000.00","650,000.00","86.53","Canada","-","CAD","13.92","1.00","Feb 2, 2045","3.64","CAD","Feb 2, 2015"
"IGMCN","IGM FINANCIAL INC RegS","Financial","Fixed Income","571,182.35","0.03","571,182.35","615,000.00","615,000.00","90.94","Canada","-","CAD","14.58","1.00","Jul 13, 2048","4.17","CAD","Jul 11, 2018"
"CRDPOW","CORDELIO AMALCO GP I","Energy","Fixed Income","568,389.04","0.03","568,389.04","589,042.00","589,042.00","95.52","Canada","-","CAD","4.62","1.00","Sep 30, 2034","4.09","CAD","Dec 10, 2018"
"TOYOTA","TOYOTA CREDIT CANADA INC MTN","Financial","Fixed Income","567,033.38","0.03","567,033.38","556,000.00","556,000.00","100.11","Canada","-","CAD","3.65","1.00","Jan 24, 2028","4.33","CAD","Jan 24, 2023"
"REIUCN","RIOCAN REAL ESTATE INVESTMENT TRUS","Real Estate","Fixed Income","562,642.88","0.03","562,642.88","550,000.00","550,000.00","100.68","Canada","-","CAD","0.72","1.00","Sep 29, 2026","6.49","CAD","Sep 29, 2023"
"BMW","BMW CANADA INC","Industrial","Fixed Income","561,303.40","0.03","561,303.40","582,000.00","582,000.00","95.99","Canada","-","CAD","1.01","1.00","Jan 14, 2025","0.99","CAD","Jan 14, 2021"
"ALTALK","ALTALINK LP MTN","Infrastructure","Fixed Income","557,959.29","0.03","557,959.29","512,000.00","512,000.00","107.57","Canada","-","CAD","9.33","1.00","Sep 22, 2036","5.25","CAD","Sep 21, 2006"
"HALFX","HALIFAX INTERNATIONAL AIRPORT AUTH","Infrastructure","Fixed Income","552,871.37","0.03","552,871.37","500,000.00","500,000.00","108.12","Canada","-","CAD","11.32","1.00","Jul 19, 2041","5.50","CAD","Jul 19, 2006"
"SMUUCN","SUMMIT INDUSTRIAL INCOME REIT","Real Estate","Fixed Income","552,133.22","0.03","552,133.22","589,000.00","589,000.00","93.31","Canada","-","CAD","2.17","1.00","Apr 1, 2026","1.82","CAD","Feb 17, 2023"
"FTSCN","FORTISALBERTA INC MTN","Infrastructure","Fixed Income","550,620.94","0.03","550,620.94","613,000.00","613,000.00","88.78","Canada","-","CAD","15.37","1.00","Sep 18, 2048","3.73","CAD","Sep 18, 2018"
"FTTCN","FINNING INTERNATIONAL INC MTN","Industrial","Fixed Income","548,118.23","0.03","548,118.23","557,000.00","557,000.00","98.18","Canada","-","CAD","11.94","1.00","Jun 13, 2042","5.08","CAD","Jun 13, 2012"
"FTSCN","FORTISALBERTA INC MTN","Infrastructure","Fixed Income","546,483.04","0.03","546,483.04","765,000.00","765,000.00","71.28","Canada","-","CAD","17.80","1.00","Jun 8, 2051","2.63","CAD","Dec 8, 2020"
"HYDONE","HYDRO ONE INC MTN","Infrastructure","Fixed Income","545,585.01","0.03","545,585.01","584,000.00","584,000.00","93.35","Canada","-","CAD","16.49","1.00","Dec 22, 2051","4.00","CAD","Dec 22, 2011"
"WNCN","GEORGE WESTON LIMITED MTN 144A","Industrial","Fixed Income","541,719.22","0.03","541,719.22","470,000.00","470,000.00","112.42","Canada","-","CAD","6.18","1.00","Feb 5, 2032","7.10","CAD","Feb 5, 2002"
"FTSCN","FORTISBC ENERGY INC MTN","Energy","Fixed Income","535,335.96","0.03","535,335.96","600,000.00","600,000.00","88.41","Canada","-","CAD","14.55","1.00","Apr 9, 2046","3.67","CAD","Apr 8, 2016"
"IGMCN","INVESTORS GROUP INC.","Financial","Fixed Income","534,132.55","0.03","534,132.55","450,000.00","450,000.00","115.21","Canada","-","CAD","6.70","1.00","Dec 31, 2032","7.00","CAD","Dec 13, 2002"
"GZMCN","GAZ METRO INC MTN","Energy","Fixed Income","531,861.52","0.03","531,861.52","500,000.00","500,000.00","105.31","Canada","-","CAD","1.29","1.00","May 16, 2025","9.00","CAD","May 16, 1995"
"CRTUCN","CT REAL ESTATE INVESTMENT TRUST","Real Estate","Fixed Income","530,811.99","0.03","530,811.99","543,000.00","543,000.00","97.56","Canada","-","CAD","1.39","1.00","Jun 9, 2025","3.53","CAD","Jun 9, 2015"
"FTSCN","FORTISBC ENERGY INC MTN","Energy","Fixed Income","529,800.41","0.03","529,800.41","510,000.00","510,000.00","103.49","Canada","-","CAD","16.07","1.00","Nov 28, 2052","4.67","CAD","Nov 28, 2022"
"TORHYD","TORONTO HYDRO CORPORATION","Infrastructure","Fixed Income","528,400.76","0.03","528,400.76","672,000.00","672,000.00","78.48","Canada","-","CAD","16.84","1.00","Dec 10, 2049","2.99","CAD","Nov 12, 2019"
"ETRHWY","407 INTERNATIONAL INC. MTN","Infrastructure","Fixed Income","516,923.68","0.03","516,923.68","608,000.00","608,000.00","84.18","Canada","-","CAD","14.46","1.00","Mar 27, 2045","3.30","CAD","Mar 27, 2015"
"KINSOL","KINGSTON SOLAR LP INC","Energy","Fixed Income","515,981.30","0.03","515,981.30","548,909.00","548,909.00","92.52","Canada","-","CAD","5.12","1.00","Jul 31, 2035","3.57","CAD","Oct 14, 2016"
"FTSCN","FORTISBC ENERGY INC","Energy","Fixed Income","513,370.17","0.03","513,370.17","530,000.00","530,000.00","96.28","Canada","-","CAD","2.17","1.00","Apr 8, 2026","2.58","CAD","Apr 8, 2016"
"SRUUCN","CALLOWAY REAL ESTATE INVESTMENT TR","Real Estate","Fixed Income","501,049.82","0.03","501,049.82","505,000.00","505,000.00","97.81","Canada","-","CAD","1.06","1.00","Feb 6, 2025","3.56","CAD","Feb 6, 2015"
"CESEBA","SOCIETE EN COMMANDITE CE SEBASTOPO","Infrastructure","Fixed Income","497,189.41","0.03","497,189.41","538,227.00","538,227.00","90.66","Canada","-","CAD","9.34","1.00","Jul 31, 2047","4.14","CAD","Jun 26, 2015"
"TORHYD","TORONTO HYDRO CORPORATION","Infrastructure","Fixed Income","494,373.27","0.03","494,373.27","578,000.00","578,000.00","85.22","Canada","-","CAD","6.34","1.00","Oct 15, 2030","1.50","CAD","Oct 15, 2020"
"FTSCN","FORTISBC ENERGY INC","Energy","Fixed Income","493,031.37","0.03","493,031.37","647,000.00","647,000.00","75.11","Canada","-","CAD","16.66","1.00","Aug 9, 2049","2.82","CAD","Aug 9, 2019"
"FTSCN","FORTISALBERTA INC MTN","Infrastructure","Fixed Income","492,242.96","0.03","492,242.96","505,000.00","505,000.00","96.33","Canada","-","CAD","13.79","1.00","Sep 22, 2045","4.27","CAD","Sep 22, 2015"
"DIRUCN","DREAM INDUSTRIAL REAL ESTATE INVES","Real Estate","Fixed Income","489,153.40","0.03","489,153.40","475,000.00","475,000.00","101.53","Canada","-","CAD","3.68","1.00","Mar 22, 2028","5.38","CAD","Mar 22, 2023"
"CWBCN","CANADIAN WESTERN BANK","Financial","Fixed Income","484,237.40","0.03","484,237.40","480,000.00","480,000.00","100.75","Canada","-","CAD","1.87","1.00","Dec 20, 2025","5.26","CAD","Dec 20, 2023"
"NVLAUT","NOUVELLE AUTOROUTE 30 FINANCEMENT","Infrastructure","Fixed Income","478,726.90","0.03","478,726.90","494,698.00","494,698.00","94.91","Canada","-","CAD","4.47","1.00","Dec 31, 2032","3.74","CAD","Jun 14, 2018"
"CHPUCN","CHOICE PROPERTIES REAL ESTATE INVE","Real Estate","Fixed Income","466,113.58","0.03","466,113.58","600,000.00","600,000.00","76.47","Canada","-","CAD","14.88","1.00","Mar 4, 2050","3.83","CAD","Mar 3, 2020"
"WNCN","GEORGE WESTON LIMITED MTN","Industrial","Fixed Income","462,236.12","0.03","462,236.12","410,000.00","410,000.00","110.56","Canada","-","CAD","6.89","1.00","Mar 1, 2033","6.69","CAD","Feb 28, 2003"
"ENBPIP","ENBRIDGE PIPELINES INC. MTN","Energy","Fixed Income","461,496.43","0.03","461,496.43","465,000.00","465,000.00","99.11","Canada","-","CAD","9.49","1.00","Dec 19, 2036","5.08","CAD","Dec 21, 2006"
"TORHYD","TORONTO HYDRO CORPORATION","Infrastructure","Fixed Income","460,803.61","0.03","460,803.61","514,000.00","514,000.00","88.15","Canada","-","CAD","14.30","1.00","Jul 28, 2045","3.55","CAD","Mar 16, 2015"
"CUCN","CU INC","Energy","Fixed Income","460,078.57","0.03","460,078.57","446,000.00","446,000.00","102.33","Canada","-","CAD","18.21","1.00","Oct 24, 2061","4.59","CAD","Oct 24, 2011"
"CUCN","CU INC MTN","Energy","Fixed Income","456,540.92","0.03","456,540.92","500,000.00","500,000.00","90.83","Canada","-","CAD","16.81","1.00","Nov 14, 2052","3.86","CAD","Nov 14, 2012"
"ENBCN","ENBRIDGE INC MTN","Energy","Fixed Income","450,158.26","0.03","450,158.26","510,000.00","510,000.00","87.12","Canada","-","CAD","17.05","1.00","Mar 28, 2064","4.56","CAD","Mar 28, 2014"
"NSIUCN","NOVA SCOTIA POWER INC MTN","Infrastructure","Fixed Income","448,360.48","0.03","448,360.48","543,000.00","543,000.00","82.00","Canada","-","CAD","14.00","1.00","May 1, 2045","3.61","CAD","Apr 30, 2015"
"ARRLAK","ARROW LAKES POWER CO","Energy","Fixed Income","443,592.26","0.03","443,592.26","413,035.00","413,035.00","106.11","Canada","-","CAD","7.50","1.00","Apr 5, 2041","5.52","CAD","Apr 5, 2011"
"BIP","BROOKFIELD INFRASTRUCTURE FINANCE MTN RegS","Infrastructure","Fixed Income","443,290.98","0.03","443,290.98","400,000.00","400,000.00","108.30","Canada","-","CAD","14.29","1.00","Jul 27, 2053","5.95","CAD","Jul 27, 2023"
"FTSCN","FORTISBC INC MTN","Infrastructure","Fixed Income","436,904.95","0.03","436,904.95","400,000.00","400,000.00","108.46","Canada","-","CAD","8.78","1.00","Nov 9, 2035","5.60","CAD","Nov 10, 2005"
"FTSCN","FORTISBC ENERGY INC","Energy","Fixed Income","435,831.13","0.03","435,831.13","610,000.00","610,000.00","70.27","Canada","-","CAD","17.35","1.00","Jul 13, 2050","2.54","CAD","Jul 13, 2020"
"ITSPCH","INTEGRATED TEAM SOLUTIONS PCH PART","Infrastructure","Fixed Income","435,701.54","0.03","435,701.54","439,312.00","439,312.00","98.79","Canada","-","CAD","9.16","1.00","May 31, 2046","4.88","CAD","Nov 29, 2013"
"CRTUCN","CT REAL ESTATE INVESTMENT TRUST","Real Estate","Fixed Income","422,198.40","0.02","422,198.40","500,000.00","500,000.00","83.30","Canada","-","CAD","6.27","1.00","Jan 6, 2031","2.37","CAD","Jan 6, 2021"
"WAACA","WINNIPEG AIRPORTS AUTHORITY INC","Infrastructure","Fixed Income","421,774.55","0.02","421,774.55","500,000.00","500,000.00","83.45","Canada","-","CAD","14.89","1.00","Sep 30, 2047","3.66","CAD","Sep 29, 2017"
"FTSCN","FORTISALBERTA INC","Infrastructure","Fixed Income","420,394.47","0.02","420,394.47","500,000.00","500,000.00","83.17","Canada","-","CAD","14.99","1.00","Sep 21, 2046","3.34","CAD","Sep 21, 2016"
"OTTMAC","OTTAWA MACDONALD-CARTIER INTERNATI","Infrastructure","Fixed Income","418,805.09","0.02","418,805.09","472,000.00","472,000.00","88.33","Canada","-","CAD","6.54","1.00","May 5, 2031","2.70","CAD","May 5, 2021"
"WAACA","WINNIPEG AIRPORTS AUTHORITY INC","Infrastructure","Fixed Income","416,793.71","0.02","416,793.71","400,000.00","400,000.00","102.74","Canada","-","CAD","7.27","1.00","Mar 9, 2033","4.79","CAD","Mar 9, 2023"
"TCN","TELUS COMMUNICATIONS INC","Communication","Fixed Income","414,638.09","0.02","414,638.09","385,000.00","385,000.00","105.34","Canada","-","CAD","1.58","1.00","Sep 22, 2025","8.80","CAD","Sep 22, 1995"
"EPCOR","EPCOR UTILITIES INC MTN","Infrastructure","Fixed Income","410,722.05","0.02","410,722.05","500,000.00","500,000.00","82.14","Canada","-","CAD","17.02","1.00","Jun 28, 2051","3.29","CAD","Jun 28, 2021"
"TORHYD","TORONTO HYDRO CORPORATION","Infrastructure","Fixed Income","409,315.98","0.02","409,315.98","440,000.00","440,000.00","92.15","Canada","-","CAD","19.11","1.00","Apr 9, 2063","3.96","CAD","Apr 9, 2013"
"ENBCN","ENBRIDGE INC MTN","Energy","Fixed Income","407,100.04","0.02","407,100.04","394,000.00","394,000.00","102.64","Canada","-","CAD","8.71","1.00","Nov 14, 2035","5.57","CAD","Nov 14, 2005"
"FTSCN","FORTISALBERTA INC MTN","Infrastructure","Fixed Income","401,873.97","0.02","401,873.97","375,000.00","375,000.00","106.73","Canada","-","CAD","16.07","1.00","May 26, 2053","4.86","CAD","May 26, 2023"
"IAGCN","IA FINANCIAL CORPORATION INC","Financial","Fixed Income","397,297.31","0.02","397,297.31","407,000.00","407,000.00","96.76","Canada","-","CAD","1.11","1.00","Feb 21, 2030","2.40","CAD","Feb 21, 2020"
"GZMCN","GAZ METRO INC","Energy","Fixed Income","390,927.57","0.02","390,927.57","460,000.00","460,000.00","84.17","Canada","-","CAD","14.47","1.00","Mar 31, 2045","3.30","CAD","Mar 31, 2015"
"CUCN","CU INC","Energy","Fixed Income","390,340.21","0.02","390,340.21","360,000.00","360,000.00","107.87","Canada","-","CAD","15.35","1.00","Nov 18, 2050","4.95","CAD","Nov 18, 2010"
"CONNEC","CONNECT 6IX GENERAL PARTNERSHIP","Infrastructure","Fixed Income","389,822.38","0.02","389,822.38","350,000.00","350,000.00","110.89","Canada","-","CAD","12.94","1.00","Nov 30, 2046","6.11","CAD","Nov 17, 2022"
"FTSCN","FORTISBC ENERGY INC MTN","Energy","Fixed Income","385,466.27","0.02","385,466.27","400,000.00","400,000.00","96.13","Canada","-","CAD","12.42","1.00","Dec 9, 2041","4.25","CAD","Dec 9, 2011"
"CTCACN","CANADIAN TIRE CORPORATION LIMITED MTN","Industrial","Fixed Income","384,134.68","0.02","384,134.68","372,000.00","372,000.00","101.48","Canada","-","CAD","8.48","1.00","Sep 4, 2035","5.61","CAD","Sep 2, 2005"
"LCN","LOBLAW COMPANIES MTN 144A","Industrial","Fixed Income","382,685.74","0.02","382,685.74","325,000.00","325,000.00","115.65","Canada","-","CAD","9.98","1.00","Mar 1, 2039","6.45","CAD","Mar 1, 1999"
"CRRUCN","CROMBIE REAL ESTATE INVESTMENT TRU","Real Estate","Fixed Income","376,142.07","0.02","376,142.07","390,000.00","390,000.00","96.36","Canada","-","CAD","3.21","1.00","Jun 21, 2027","3.92","CAD","Dec 20, 2019"
"CUCN","CU INC MTN","Energy","Fixed Income","375,829.17","0.02","375,829.17","421,000.00","421,000.00","88.13","Canada","-","CAD","18.95","1.00","Sep 11, 2062","3.83","CAD","Sep 10, 2012"
"CWBCN","CANADIAN WESTERN BANK","Financial","Fixed Income","375,574.45","0.02","375,574.45","377,000.00","377,000.00","99.51","Canada","-","CAD","3.54","1.00","Dec 22, 2032","5.94","CAD","Dec 22, 2022"
"CUCN","CU INC MTN","Energy","Fixed Income","369,159.89","0.02","369,159.89","333,000.00","333,000.00","110.35","Canada","-","CAD","10.13","1.00","May 26, 2038","5.58","CAD","May 26, 2008"
"FNCN","FIRST NATIONAL FINANCIAL CORP RegS","Financial","Fixed Income","341,271.65","0.02","341,271.65","325,000.00","325,000.00","102.73","Canada","-","CAD","2.40","1.00","Sep 8, 2026","7.29","CAD","Sep 6, 2023"
"ENBGAS","ENBRIDGE GAS INC","Energy","Fixed Income","337,932.25","0.02","337,932.25","314,000.00","314,000.00","106.46","Canada","-","CAD","1.72","1.00","Nov 10, 2025","8.65","CAD","Nov 10, 1995"
"CAAIAU","CALGARY AIRPORT AUTHORITY","Infrastructure","Fixed Income","329,284.69","0.02","329,284.69","366,550.00","366,550.00","88.98","Canada","-","CAD","13.71","1.00","Oct 7, 2061","3.75","CAD","Oct 7, 2021"
"FTSCN","FORTISALBERTA INC","Infrastructure","Fixed Income","326,730.21","0.02","326,730.21","351,000.00","351,000.00","92.35","Canada","-","CAD","16.60","1.00","Oct 23, 2052","3.98","CAD","Oct 23, 2012"
"GRASOL","GRAND RENEWABLE SOLAR LP 144A","Energy","Fixed Income","317,571.48","0.02","317,571.48","330,740.00","330,740.00","94.39","Canada","-","CAD","4.90","1.00","Jan 31, 2035","3.93","CAD","Jun 9, 2016"
"MONPOR","MONTREAL PORT AUTHORITY","Infrastructure","Fixed Income","291,085.22","0.02","291,085.22","350,000.00","350,000.00","82.30","Canada","-","CAD","16.87","1.00","Mar 22, 2051","3.24","CAD","Mar 22, 2021"
"ALTALK","ALTALINK LP MTN","Infrastructure","Fixed Income","291,012.02","0.02","291,012.02","300,000.00","300,000.00","96.73","Canada","-","CAD","19.04","1.00","Jun 6, 2064","4.27","CAD","Jun 6, 2014"
"NAVCAN","NAV CANADA","Infrastructure","Fixed Income","290,444.49","0.02","290,444.49","276,463.00","276,463.00","102.59","Canada","-","CAD","1.52","1.00","Mar 1, 2027","7.56","CAD","Mar 24, 1997"
"ERAA","EDMONTON REGIONAL AIRPORTS AUTHORI","Infrastructure","Fixed Income","288,031.73","0.02","288,031.73","333,274.00","333,274.00","86.03","Canada","-","CAD","10.71","1.00","May 20, 2051","3.71","CAD","May 20, 2021"
"BCIMCR","BCI QUADREAL REALTY","Real Estate","Fixed Income","270,392.30","0.02","270,392.30","279,000.00","279,000.00","96.38","Canada","-","CAD","1.14","1.00","Mar 3, 2025","1.68","CAD","Jun 2, 2020"
"FTSCN","TERASEN GAS VANCOUVER ISLAND INC","Energy","Fixed Income","268,130.45","0.02","268,130.45","250,000.00","250,000.00","106.92","Canada","-","CAD","11.47","1.00","Dec 6, 2040","5.20","CAD","Dec 6, 2010"
"CUCN","CU INC","Energy","Fixed Income","251,782.21","0.01","251,782.21","350,000.00","350,000.00","71.28","Canada","-","CAD","17.46","1.00","Sep 28, 2050","2.61","CAD","Sep 28, 2020"
"CLOVLP","CLOVER LIMITED PARTNERSHIP","Energy","Fixed Income","246,685.34","0.01","246,685.34","250,375.00","250,375.00","96.42","Canada","-","CAD","3.61","1.00","Jun 30, 2034","4.22","CAD","Oct 24, 2018"
"IGMCN","INVESTORS GROUP INC.","Financial","Fixed Income","213,556.51","0.01","213,556.51","200,000.00","200,000.00","106.49","Canada","-","CAD","3.50","1.00","Dec 13, 2027","6.65","CAD","Dec 12, 1997"
"ACICN","TRISUMMIT UTILITIES INC MTN","Energy","Fixed Income","209,646.32","0.01","209,646.32","200,000.00","200,000.00","102.86","Canada","-","CAD","14.76","1.00","Aug 15, 2052","5.28","CAD","Aug 15, 2022"
"WAACA","WINNIPEG AIRPORTS AUTHORITY INC","Infrastructure","Fixed Income","185,081.64","0.01","185,081.64","250,000.00","250,000.00","72.80","Canada","-","CAD","16.53","1.00","Feb 3, 2051","3.04","CAD","Feb 4, 2021"
"HYOHI","HYDRO OTTAWA HOLDING INC","Infrastructure","Fixed Income","181,173.32","0.01","181,173.32","198,000.00","198,000.00","91.01","Canada","-","CAD","13.05","1.00","May 14, 2043","3.99","CAD","May 14, 2013"
"PLEHHU","PLENARY HLTH CARE PTNRSHP HUMBR LP","Infrastructure","Fixed Income","161,641.21","0.01","161,641.21","165,000.00","165,000.00","97.58","Canada","-","CAD","13.08","1.00","Nov 30, 2044","4.82","CAD","Sep 23, 2011"
"CRRUCN","CROMBIE REAL ESTATE INVESTMENT TRU","Real Estate","Fixed Income","137,269.68","0.01","137,269.68","155,000.00","155,000.00","87.85","Canada","-","CAD","5.96","1.00","Oct 9, 2030","3.21","CAD","Oct 9, 2020"
"PMZUCN","PRIMARIS REAL ESTATE INVESTMENT TR","Real Estate","Fixed Income","133,776.57","0.01","133,776.57","135,000.00","135,000.00","97.93","Canada","-","CAD","2.92","1.00","Mar 30, 2027","4.73","CAD","Nov 22, 2023"
"TOYOTA","TOYOTA CREDIT CANADA INC MTN","Financial","Fixed Income","4,923.54","0.00","4,923.54","5,000.00","5,000.00","97.91","Canada","-","CAD","0.55","1.00","Jul 22, 2024","1.27","CAD","Jul 20, 2021"
 