Fund Holdings as of,"Sep 29, 2023"
 
Ticker,Name,Sector,Asset Class,Market Value,Weight (%),Notional Value,Shares,Par Value,Price,Location,Exchange,Currency,Duration,FX Rate,Maturity,Coupon (%),Market Currency,Effective Date
"TD","TORONTO-DOMINION BANK/THE","Financial","Fixed Income","11,322,770.66","0.71","11,322,770.66","11,994,000.00","11,994,000.00","94.26","Canada","-","CAD","1.86","1.00","Sep 9, 2025","2.67","CAD","Mar 9, 2022"
"BNS","BANK OF NOVA SCOTIA","Financial","Fixed Income","10,966,062.31","0.69","10,966,062.31","11,995,000.00","11,995,000.00","91.25","Canada","-","CAD","3.21","1.00","Mar 8, 2027","2.95","CAD","Mar 7, 2022"
"TD","TORONTO-DOMINION BANK/THE","Financial","Fixed Income","9,521,008.31","0.60","9,521,008.31","9,890,000.00","9,890,000.00","94.88","Canada","-","CAD","3.31","1.00","Jun 1, 2027","4.21","CAD","Jun 1, 2022"
"CM","CANADIAN IMPERIAL BANK OF COMMERCE","Financial","Fixed Income","9,385,075.74","0.59","9,385,075.74","9,784,000.00","9,784,000.00","95.76","Canada","-","CAD","1.38","1.00","Mar 7, 2025","2.75","CAD","Mar 8, 2022"
"RY","ROYAL BANK OF CANADA MTN","Financial","Fixed Income","9,262,575.29","0.58","9,262,575.29","9,707,000.00","9,707,000.00","95.42","Canada","-","CAD","1.90","1.00","Sep 29, 2025","3.37","CAD","Mar 28, 2022"
"TD","TORONTO-DOMINION BANK/THE MTN RegS","Financial","Fixed Income","8,913,156.31","0.56","8,913,156.31","9,215,000.00","9,215,000.00","95.36","Canada","-","CAD","1.48","1.00","Apr 22, 2030","3.11","CAD","Apr 22, 2020"
"RY","ROYAL BANK OF CANADA","Financial","Fixed Income","8,354,174.80","0.53","8,354,174.80","8,565,000.00","8,565,000.00","95.48","Canada","-","CAD","4.01","1.00","May 1, 2028","4.63","CAD","Apr 20, 2023"
"BMO","BANK OF MONTREAL","Financial","Fixed Income","8,123,906.54","0.51","8,123,906.54","8,336,000.00","8,336,000.00","95.99","Canada","-","CAD","3.70","1.00","Dec 7, 2027","4.71","CAD","Dec 7, 2022"
"RY","ROYAL BANK OF CANADA","Financial","Fixed Income","7,970,431.68","0.50","7,970,431.68","8,146,000.00","8,146,000.00","96.77","Canada","-","CAD","1.04","1.00","Nov 1, 2024","2.61","CAD","Oct 30, 2019"
"TD","TORONTO-DOMINION BANK/THE","Financial","Fixed Income","7,911,123.88","0.50","7,911,123.88","8,200,000.00","8,200,000.00","95.42","Canada","-","CAD","4.58","1.00","Jan 8, 2029","4.68","CAD","Dec 7, 2022"
"BMO","BANK OF MONTREAL","Financial","Fixed Income","7,329,226.50","0.46","7,329,226.50","7,592,000.00","7,592,000.00","95.12","Canada","-","CAD","3.30","1.00","Jun 1, 2027","4.31","CAD","Jun 1, 2022"
"BMO","BANK OF MONTREAL","Financial","Fixed Income","7,281,552.72","0.46","7,281,552.72","7,380,000.00","7,380,000.00","96.97","Canada","-","CAD","4.03","1.00","May 29, 2028","5.04","CAD","May 29, 2023"
"BMO","BANK OF MONTREAL","Financial","Fixed Income","7,108,130.53","0.45","7,108,130.53","7,745,000.00","7,745,000.00","91.53","Canada","-","CAD","4.05","1.00","Mar 1, 2028","3.19","CAD","Mar 1, 2018"
"RY","ROYAL BANK OF CANADA","Financial","Fixed Income","6,956,060.86","0.44","6,956,060.86","7,696,000.00","7,696,000.00","89.98","Canada","-","CAD","3.14","1.00","Jan 28, 2027","2.33","CAD","Jan 28, 2020"
"RY","ROYAL BANK OF CANADA","Financial","Fixed Income","6,635,577.72","0.42","6,635,577.72","6,847,000.00","6,847,000.00","96.09","Canada","-","CAD","3.44","1.00","Jul 26, 2027","4.61","CAD","Jul 25, 2022"
"TRPCN","TRANSCANADA PIPELINES LTD MTN","Energy","Fixed Income","6,622,000.34","0.42","6,622,000.34","6,928,000.00","6,928,000.00","93.74","Canada","-","CAD","3.18","1.00","Apr 5, 2027","3.80","CAD","Apr 3, 2020"
"CM","CANADIAN IMPERIAL BANK OF COMMERCE","Financial","Fixed Income","6,561,826.49","0.41","6,561,826.49","6,674,000.00","6,674,000.00","97.07","Canada","-","CAD","3.32","1.00","Jun 29, 2027","4.95","CAD","Jun 29, 2022"
"TD","TORONTO-DOMINION BANK/THE RegS","Financial","Fixed Income","6,545,599.89","0.41","6,545,599.89","6,485,000.00","6,485,000.00","98.56","Canada","-","CAD","3.54","1.00","Oct 21, 2027","5.38","CAD","Oct 21, 2022"
"BNS","BANK OF NOVA SCOTIA","Financial","Fixed Income","6,404,111.89","0.40","6,404,111.89","7,115,000.00","7,115,000.00","89.25","Canada","-","CAD","2.93","1.00","Nov 2, 2026","1.85","CAD","Oct 8, 2021"
"RY","ROYAL BANK OF CANADA","Financial","Fixed Income","6,259,164.23","0.39","6,259,164.23","6,471,000.00","6,471,000.00","95.79","Canada","-","CAD","3.82","1.00","Jan 17, 2028","4.64","CAD","Jan 17, 2023"
"BMO","BANK OF MONTREAL","Financial","Fixed Income","6,223,664.39","0.39","6,223,664.39","6,544,000.00","6,544,000.00","93.29","Canada","-","CAD","3.18","1.00","Apr 1, 2027","3.65","CAD","Apr 1, 2022"
"CM","CANADIAN IMPERIAL BANK OF COMMERCE","Financial","Fixed Income","6,161,145.28","0.39","6,161,145.28","6,467,000.00","6,467,000.00","94.37","Canada","-","CAD","1.48","1.00","Apr 17, 2025","2.00","CAD","Apr 17, 2020"
"BNS","BANK OF NOVA SCOTIA","Financial","Fixed Income","6,046,974.13","0.38","6,046,974.13","6,312,000.00","6,312,000.00","95.37","Canada","-","CAD","1.24","1.00","Jan 10, 2025","1.95","CAD","Jan 10, 2022"
"BNS","BANK OF NOVA SCOTIA","Financial","Fixed Income","6,042,870.23","0.38","6,042,870.23","6,583,000.00","6,583,000.00","91.30","Canada","-","CAD","3.98","1.00","Feb 2, 2028","3.10","CAD","Feb 2, 2018"
"TD","TORONTO-DOMINION BANK/THE","Financial","Fixed Income","5,939,808.87","0.37","5,939,808.87","6,266,000.00","6,266,000.00","94.71","Canada","-","CAD","1.40","1.00","Mar 13, 2025","1.94","CAD","Mar 13, 2020"
"TD","TORONTO-DOMINION BANK/THE","Financial","Fixed Income","5,880,110.61","0.37","5,880,110.61","6,049,000.00","6,049,000.00","96.39","Canada","-","CAD","1.13","1.00","Dec 2, 2024","2.50","CAD","May 31, 2019"
"TD","TORONTO-DOMINION BANK/THE RegS","Financial","Fixed Income","5,856,343.32","0.37","5,856,343.32","6,096,000.00","6,096,000.00","95.17","Canada","-","CAD","3.84","1.00","Jan 18, 2028","4.48","CAD","Jan 18, 2023"
"CM","CANADIAN IMPERIAL BANK OF COMMERCE","Financial","Fixed Income","5,735,027.27","0.36","5,735,027.27","5,755,000.00","5,755,000.00","97.23","Canada","-","CAD","3.50","1.00","Oct 7, 2027","5.05","CAD","Oct 7, 2022"
"RY","ROYAL BANK OF CANADA","Financial","Fixed Income","5,543,975.00","0.35","5,543,975.00","5,503,000.00","5,503,000.00","98.59","Canada","-","CAD","2.77","1.00","Nov 2, 2026","5.24","CAD","Oct 28, 2022"
"RCICN","ROGERS COMMUNICATIONS INC","Communication","Fixed Income","5,444,416.77","0.34","5,444,416.77","5,742,000.00","5,742,000.00","93.00","Canada","-","CAD","3.18","1.00","Mar 31, 2027","3.65","CAD","Mar 31, 2020"
"TD","TORONTO-DOMINION BANK/THE","Financial","Fixed Income","5,443,695.92","0.34","5,443,695.92","5,971,000.00","5,971,000.00","90.82","Canada","-","CAD","2.12","1.00","Dec 9, 2025","1.13","CAD","Dec 9, 2020"
"CM","CANADIAN IMPERIAL BANK OF COMMERCE","Financial","Fixed Income","5,407,823.75","0.34","5,407,823.75","5,535,000.00","5,535,000.00","96.56","Canada","-","CAD","1.57","1.00","May 26, 2025","3.30","CAD","May 25, 2018"
"RY","ROYAL BANK OF CANADA","Financial","Fixed Income","5,379,058.46","0.34","5,379,058.46","5,660,000.00","5,660,000.00","94.24","Canada","-","CAD","1.52","1.00","May 1, 2025","1.94","CAD","May 1, 2020"
"BNS","BANK OF NOVA SCOTIA","Financial","Fixed Income","5,345,767.98","0.34","5,345,767.98","5,585,000.00","5,585,000.00","95.38","Canada","-","CAD","1.30","1.00","Feb 3, 2025","2.16","CAD","Jan 31, 2020"
"RY","ROYAL BANK OF CANADA","Financial","Fixed Income","5,304,706.71","0.33","5,304,706.71","5,936,000.00","5,936,000.00","88.49","Canada","-","CAD","2.62","1.00","Nov 3, 2031","2.15","CAD","Oct 14, 2021"
"NACN","NATIONAL BANK OF CANADA","Financial","Fixed Income","5,264,079.04","0.33","5,264,079.04","5,310,000.00","5,310,000.00","97.61","Canada","-","CAD","4.08","1.00","Jun 14, 2028","5.22","CAD","Jun 14, 2023"
"CM","CANADIAN IMPERIAL BANK OF COMMERCE","Financial","Fixed Income","5,263,451.81","0.33","5,263,451.81","5,831,000.00","5,831,000.00","89.75","Canada","-","CAD","3.08","1.00","Jan 7, 2027","2.25","CAD","Jan 7, 2022"
"TD","TORONTO-DOMINION BANK/THE","Financial","Fixed Income","5,255,984.13","0.33","5,255,984.13","5,812,000.00","5,812,000.00","89.91","Canada","-","CAD","3.08","1.00","Jan 7, 2027","2.26","CAD","Jan 7, 2022"
"TD","TORONTO-DOMINION BANK/THE MTN","Financial","Fixed Income","5,234,243.18","0.33","5,234,243.18","5,736,000.00","5,736,000.00","90.71","Canada","-","CAD","3.09","1.00","Jan 26, 2032","3.06","CAD","Jun 25, 2019"
"BNS","BANK OF NOVA SCOTIA","Financial","Fixed Income","5,069,749.47","0.32","5,069,749.47","5,402,000.00","5,402,000.00","92.26","Canada","-","CAD","3.25","1.00","May 3, 2032","3.93","CAD","Mar 21, 2022"
"BNS","BANK OF NOVA SCOTIA","Financial","Fixed Income","5,021,188.39","0.32","5,021,188.39","4,948,000.00","4,948,000.00","99.31","Canada","-","CAD","2.36","1.00","May 8, 2026","5.50","CAD","Nov 9, 2022"
"HLTHQC","HEALTH MONTREAL COLLECTIVE LP 144A","Infrastructure","Fixed Income","5,014,047.87","0.32","5,014,047.87","4,704,323.00","4,704,323.00","103.23","Canada","-","CAD","9.40","1.00","Sep 30, 2049","6.72","CAD","Jun 10, 2011"
"BNS","BANK OF NOVA SCOTIA","Financial","Fixed Income","4,956,594.96","0.31","4,956,594.96","5,812,000.00","5,812,000.00","84.70","Canada","-","CAD","3.87","1.00","Nov 1, 2027","1.40","CAD","Oct 15, 2020"
"BCECN","BELL CANADA MTN","Communication","Fixed Income","4,870,895.84","0.31","4,870,895.84","5,031,000.00","5,031,000.00","96.66","Canada","-","CAD","1.39","1.00","Mar 12, 2025","3.35","CAD","Mar 12, 2018"
"NACN","NATIONAL BANK OF CANADA","Financial","Fixed Income","4,863,604.51","0.31","4,863,604.51","5,050,000.00","5,050,000.00","95.91","Canada","-","CAD","1.30","1.00","Feb 3, 2025","2.58","CAD","Dec 19, 2019"
"TD","TORONTO-DOMINION BANK/THE","Financial","Fixed Income","4,851,808.60","0.31","4,851,808.60","4,966,000.00","4,966,000.00","96.94","Canada","-","CAD","2.17","1.00","Jan 27, 2026","4.34","CAD","Jul 27, 2022"
"ENBCN","ENBRIDGE INC","Energy","Fixed Income","4,838,584.21","0.30","4,838,584.21","5,365,000.00","5,365,000.00","90.16","Canada","-","CAD","3.26","1.00","Sep 27, 2077","5.38","CAD","Sep 26, 2017"
"HSBC","HSBC BANK CANADA","Financial","Fixed Income","4,767,015.52","0.30","4,767,015.52","4,924,000.00","4,924,000.00","96.77","Canada","-","CAD","1.42","1.00","Mar 24, 2025","3.40","CAD","Mar 24, 2022"
"RCICN","ROGERS COMMS INC","Communication","Fixed Income","4,764,979.32","0.30","4,764,979.32","4,519,000.00","4,519,000.00","102.80","Canada","-","CAD","9.75","1.00","Nov 9, 2039","6.75","CAD","Apr 3, 2023"
"TD","TORONTO-DOMINION BANK/THE","Financial","Fixed Income","4,721,689.49","0.30","4,721,689.49","4,700,000.00","4,700,000.00","99.27","Canada","-","CAD","2.53","1.00","Jul 10, 2026","5.42","CAD","Jul 10, 2023"
"BMO","BANK OF MONTREAL MTN","Financial","Fixed Income","4,579,068.83","0.29","4,579,068.83","4,769,000.00","4,769,000.00","95.65","Canada","-","CAD","1.30","1.00","Feb 3, 2025","2.37","CAD","Jan 17, 2020"
"TRPCN","TRANSCANADA TRUST","Energy","Fixed Income","4,574,865.48","0.29","4,574,865.48","5,129,000.00","5,129,000.00","87.50","Canada","-","CAD","2.91","1.00","May 18, 2077","4.65","CAD","May 18, 2017"
"RY","ROYAL BANK OF CANADA MTN RegS","Financial","Fixed Income","4,436,599.90","0.28","4,436,599.90","4,627,000.00","4,627,000.00","95.08","Canada","-","CAD","3.83","1.00","Feb 1, 2033","5.01","CAD","Jan 31, 2023"
"WEMALL","ORIGINAL WEMPI INC","Real Estate","Fixed Income","4,366,388.76","0.27","4,366,388.76","4,350,000.00","4,350,000.00","100.38","Canada","-","CAD","3.30","1.00","Oct 4, 2027","7.79","CAD","Oct 4, 2023"
"RY","ROYAL BANK OF CANADA RegS","Financial","Fixed Income","4,298,405.77","0.27","4,298,405.77","4,436,000.00","4,436,000.00","96.13","Canada","-","CAD","1.18","1.00","Dec 23, 2029","2.88","CAD","Dec 23, 2019"
"TRICN","THOMSON REUTERS CORPORATION","Communication","Fixed Income","4,230,220.01","0.27","4,230,220.01","4,429,000.00","4,429,000.00","94.67","Canada","-","CAD","1.55","1.00","May 14, 2025","2.24","CAD","May 14, 2020"
"TD","TORONTO-DOMINION BANK/THE RegS","Financial","Fixed Income","4,212,729.69","0.26","4,212,729.69","4,915,000.00","4,915,000.00","85.60","Canada","-","CAD","4.17","1.00","Mar 8, 2028","1.89","CAD","Mar 8, 2021"
"CVECN","CENOVUS ENERGY INC","Energy","Fixed Income","4,190,202.12","0.26","4,190,202.12","4,527,000.00","4,527,000.00","92.05","Canada","-","CAD","3.96","1.00","Feb 7, 2028","3.50","CAD","Aug 7, 2020"
"RCICN","ROGERS COMMUNICATIONS INC","Communication","Fixed Income","4,136,253.58","0.26","4,136,253.58","4,253,000.00","4,253,000.00","95.84","Canada","-","CAD","1.46","1.00","Apr 15, 2025","3.10","CAD","Mar 11, 2022"
"TRPCN","TRANSCANADA PIPELINES LTD MTN RegS","Energy","Fixed Income","4,114,897.51","0.26","4,114,897.51","4,160,000.00","4,160,000.00","96.29","Canada","-","CAD","5.47","1.00","Jul 15, 2030","5.28","CAD","Mar 10, 2023"
"BMO","BANK OF MONTREAL","Financial","Fixed Income","4,092,383.63","0.26","4,092,383.63","4,359,000.00","4,359,000.00","93.29","Canada","-","CAD","1.64","1.00","Jun 17, 2030","2.08","CAD","Jun 17, 2020"
"BNS","BANK OF NOVA SCOTIA","Financial","Fixed Income","4,026,758.33","0.25","4,026,758.33","4,000,000.00","4,000,000.00","99.28","Canada","-","CAD","1.96","1.00","Dec 29, 2025","5.50","CAD","Jun 29, 2023"
"RY","ROYAL BANK OF CANADA RegS","Financial","Fixed Income","3,944,998.77","0.25","3,944,998.77","3,925,000.00","3,925,000.00","99.08","Canada","-","CAD","2.49","1.00","Jun 23, 2026","5.34","CAD","Jun 23, 2023"
"RY","ROYAL BANK OF CANADA RegS","Financial","Fixed Income","3,934,642.33","0.25","3,934,642.33","4,000,000.00","4,000,000.00","96.96","Canada","-","CAD","5.56","1.00","Jun 24, 2030","5.23","CAD","Jun 23, 2023"
"BNS","BANK OF NOVA SCOTIA","Financial","Fixed Income","3,908,320.15","0.25","3,908,320.15","4,200,000.00","4,200,000.00","92.20","Canada","-","CAD","2.97","1.00","Dec 2, 2026","2.62","CAD","Dec 2, 2016"
"MFCCN","MANULIFE FINANCIAL CORP RegS","Financial","Fixed Income","3,894,667.80","0.24","3,894,667.80","4,000,000.00","4,000,000.00","97.08","Canada","-","CAD","3.84","1.00","Mar 10, 2033","5.41","CAD","Mar 10, 2023"
"TD","TORONTO-DOMINION BANK/THE MTN","Financial","Fixed Income","3,813,437.80","0.24","3,813,437.80","3,907,000.00","3,907,000.00","97.27","Canada","-","CAD","2.26","1.00","Mar 4, 2031","4.86","CAD","Mar 4, 2016"
"RY","ROYAL BANK OF CANADA","Financial","Fixed Income","3,791,443.23","0.24","3,791,443.23","3,850,000.00","3,850,000.00","97.36","Canada","-","CAD","2.08","1.00","Dec 22, 2025","4.11","CAD","Dec 22, 2022"
"CM","CANADIAN IMPERIAL BANK OF COMMERCE","Financial","Fixed Income","3,781,595.85","0.24","3,781,595.85","3,785,000.00","3,785,000.00","98.75","Canada","-","CAD","3.73","1.00","Jan 14, 2028","5.50","CAD","Jul 14, 2023"
"GWOCN","GREAT-WEST LIFECO INC","Financial","Fixed Income","3,760,081.93","0.24","3,760,081.93","5,069,000.00","5,069,000.00","73.29","Canada","-","CAD","1.59","1.00","Dec 31, 2081","3.60","CAD","Aug 16, 2021"
"HSBC","HSBC BANK CANADA","Financial","Fixed Income","3,708,972.85","0.23","3,708,972.85","4,043,000.00","4,043,000.00","91.09","Canada","-","CAD","2.51","1.00","May 20, 2026","1.78","CAD","May 20, 2021"
"RY","ROYAL BANK OF CANADA","Financial","Fixed Income","3,694,616.69","0.23","3,694,616.69","4,058,000.00","4,058,000.00","90.40","Canada","-","CAD","2.48","1.00","May 4, 2026","1.59","CAD","May 4, 2021"
"BMO","BANK OF MONTREAL","Financial","Fixed Income","3,652,401.68","0.23","3,652,401.68","4,032,000.00","4,032,000.00","90.06","Canada","-","CAD","2.54","1.00","May 28, 2026","1.55","CAD","May 28, 2021"
"RY","ROYAL BANK OF CANADA RegS","Financial","Fixed Income","3,606,237.03","0.23","3,606,237.03","3,847,000.00","3,847,000.00","93.22","Canada","-","CAD","1.68","1.00","Jun 30, 2030","2.09","CAD","Jun 30, 2020"
"BNS","BANK OF NOVA SCOTIA RegS","Financial","Fixed Income","3,560,465.05","0.22","3,560,465.05","3,600,000.00","3,600,000.00","97.21","Canada","-","CAD","4.14","1.00","Aug 2, 2033","5.68","CAD","Jun 12, 2023"
"NACN","NATIONAL BANK OF CANADA","Financial","Fixed Income","3,543,178.24","0.22","3,543,178.24","3,888,000.00","3,888,000.00","90.22","Canada","-","CAD","2.91","1.00","Nov 4, 2026","2.24","CAD","Nov 4, 2021"
"BCECN","BELL CANADA MTN","Communication","Fixed Income","3,517,779.61","0.22","3,517,779.61","3,450,000.00","3,450,000.00","99.69","Canada","-","CAD","6.84","1.00","Nov 10, 2032","5.85","CAD","Nov 10, 2022"
"CCDJ","FEDERATION DES CAISSES DESJARDINS","Financial","Fixed Income","3,514,812.94","0.22","3,514,812.94","3,468,000.00","3,468,000.00","98.77","Canada","-","CAD","1.84","1.00","Oct 1, 2025","5.20","CAD","Nov 16, 2022"
"TCN","TELUS CORPORATION","Communication","Fixed Income","3,504,702.71","0.22","3,504,702.71","3,621,000.00","3,621,000.00","94.82","Canada","-","CAD","7.01","1.00","Nov 15, 2032","5.25","CAD","Sep 13, 2022"
"CCDJ","FEDERATION DES CAISSES DESJARDINS","Financial","Fixed Income","3,489,063.79","0.22","3,489,063.79","3,593,000.00","3,593,000.00","95.50","Canada","-","CAD","3.27","1.00","May 19, 2027","4.41","CAD","May 19, 2022"
"CM","CANADIAN IMPERIAL BANK OF COMMERCE","Financial","Fixed Income","3,388,749.94","0.21","3,388,749.94","3,747,000.00","3,747,000.00","90.22","Canada","-","CAD","2.23","1.00","Jan 19, 2026","1.10","CAD","Jan 19, 2021"
"NACN","NATIONAL BANK OF CANADA","Financial","Fixed Income","3,373,024.73","0.21","3,373,024.73","3,735,000.00","3,735,000.00","89.86","Canada","-","CAD","2.59","1.00","Jun 15, 2026","1.53","CAD","Jun 15, 2021"
"CCDJ","FEDERATION DES CAISSES DESJARDINS","Financial","Fixed Income","3,357,307.16","0.21","3,357,307.16","3,503,000.00","3,503,000.00","95.33","Canada","-","CAD","3.49","1.00","Aug 23, 2032","5.04","CAD","Aug 23, 2022"
"CM","CANADIAN IMPERIAL BANK OF COMMERCE","Financial","Fixed Income","3,344,141.65","0.21","3,344,141.65","3,702,000.00","3,702,000.00","89.98","Canada","-","CAD","2.66","1.00","Jul 15, 2026","1.70","CAD","Jul 15, 2021"
"ENBCN","ENBRIDGE INC MTN","Energy","Fixed Income","3,330,437.51","0.21","3,330,437.51","3,597,000.00","3,597,000.00","91.60","Canada","-","CAD","3.39","1.00","Jun 8, 2027","3.20","CAD","Jun 8, 2017"
"TOYOTA","TOYOTA CREDIT CANADA INC RegS","Financial","Fixed Income","3,259,741.59","0.21","3,259,741.59","3,338,000.00","3,338,000.00","96.65","Canada","-","CAD","1.02","1.00","Oct 23, 2024","2.31","CAD","Apr 23, 2020"
"CM","CANADIAN IMPERIAL BANK OF COMMERCE","Financial","Fixed Income","3,247,156.62","0.20","3,247,156.62","3,345,000.00","3,345,000.00","96.05","Canada","-","CAD","3.78","1.00","Jan 20, 2033","5.33","CAD","Jan 20, 2023"
"CARDS_22-3-A","CARDS_22-3 A","Securitized","Fixed Income","3,220,412.50","0.20","3,220,412.50","3,247,000.00","3,247,000.00","97.56","Canada","-","CAD","1.52","1.00","May 15, 2025","4.33","CAD","Jun 9, 2022"
"BCECN","BELL TELEPHONE COMPANY OF CANADA O MTN","Communication","Fixed Income","3,184,366.86","0.20","3,184,366.86","3,436,000.00","3,436,000.00","92.27","Canada","-","CAD","4.38","1.00","Aug 21, 2028","3.80","CAD","Aug 21, 2018"
"NACN","NATIONAL BANK OF CANADA","Financial","Fixed Income","3,177,176.99","0.20","3,177,176.99","3,144,000.00","3,144,000.00","98.89","Canada","-","CAD","1.92","1.00","Nov 3, 2025","5.30","CAD","Nov 3, 2022"
"BCECN","BELL CANADA INC MTN","Communication","Fixed Income","3,161,402.74","0.20","3,161,402.74","3,799,000.00","3,799,000.00","83.12","Canada","-","CAD","6.52","1.00","Mar 17, 2031","3.00","CAD","Mar 17, 2021"
"CCDJ","FEDERATION DES CAISSES DESJARDINS","Financial","Fixed Income","3,159,011.31","0.20","3,159,011.31","3,496,000.00","3,496,000.00","90.15","Canada","-","CAD","2.23","1.00","Jan 21, 2026","1.09","CAD","Jan 21, 2021"
"TD","TORONTO-DOMINION BANK/THE RegS","Financial","Fixed Income","3,142,891.66","0.20","3,142,891.66","3,725,000.00","3,725,000.00","84.28","Canada","-","CAD","4.63","1.00","Sep 11, 2028","1.90","CAD","Sep 10, 2021"
"BNCN","BROOKFIELD FINANCE II INC RegS","Industrial","Fixed Income","3,140,894.52","0.20","3,140,894.52","3,285,000.00","3,285,000.00","94.02","Canada","-","CAD","7.03","1.00","Dec 14, 2032","5.43","CAD","Dec 14, 2022"
"CP","CANADIAN PACIFIC RAILWAY COMPANY","Industrial","Fixed Income","3,118,035.61","0.20","3,118,035.61","3,503,000.00","3,503,000.00","88.79","Canada","-","CAD","4.09","1.00","Feb 28, 2028","2.54","CAD","Nov 24, 2021"
"RY","ROYAL BANK OF CANADA RegS","Financial","Fixed Income","3,112,112.54","0.20","3,112,112.54","3,437,000.00","3,437,000.00","89.36","Canada","-","CAD","3.26","1.00","May 3, 2032","2.94","CAD","Jan 25, 2022"
"CCDJ","FEDERATION DES CAISSES DESJARDINS","Financial","Fixed Income","3,108,444.84","0.20","3,108,444.84","3,252,000.00","3,252,000.00","94.61","Canada","-","CAD","1.56","1.00","May 26, 2030","2.86","CAD","May 26, 2020"
"MFCCN","MANULIFE FINANCIAL CORP","Financial","Fixed Income","3,103,998.51","0.20","3,103,998.51","3,268,000.00","3,268,000.00","94.13","Canada","-","CAD","1.54","1.00","May 12, 2030","2.24","CAD","May 12, 2020"
"RCICN","ROGERS COMMUNICATIONS INC","Communication","Fixed Income","3,091,126.85","0.19","3,091,126.85","3,376,000.00","3,376,000.00","89.85","Canada","-","CAD","4.84","1.00","Apr 15, 2029","3.75","CAD","Mar 11, 2022"
"BMO","BANK OF MONTREAL","Financial","Fixed Income","3,084,436.53","0.19","3,084,436.53","3,452,000.00","3,452,000.00","88.99","Canada","-","CAD","2.65","1.00","Jul 22, 2031","1.93","CAD","Jul 22, 2021"
"BCECN","BELL CANADA MTN RegS","Communication","Fixed Income","3,065,958.89","0.19","3,065,958.89","3,245,000.00","3,245,000.00","93.85","Canada","-","CAD","5.42","1.00","Feb 9, 2030","4.55","CAD","Feb 9, 2023"
"CCDJ","FEDERATION DES CAISSES DESJARDINS","Financial","Fixed Income","3,034,358.22","0.19","3,034,358.22","3,366,000.00","3,366,000.00","89.47","Canada","-","CAD","2.50","1.00","May 28, 2031","2.00","CAD","May 28, 2021"
"RCICN","ROGERS COMMUNICATIONS INC RegS","Communication","Fixed Income","2,953,710.61","0.19","2,953,710.61","3,000,000.00","3,000,000.00","98.33","Canada","-","CAD","5.68","1.00","Sep 21, 2030","5.80","CAD","Sep 21, 2023"
"RCICN","ROGERS COMMUNICATIONS INC.","Communication","Fixed Income","2,929,423.04","0.18","2,929,423.04","3,299,000.00","3,299,000.00","87.45","Canada","-","CAD","4.94","1.00","May 1, 2029","3.25","CAD","Apr 30, 2019"
"TCN","TELUS CORPORATION","Communication","Fixed Income","2,894,096.85","0.18","2,894,096.85","2,950,000.00","2,950,000.00","97.77","Canada","-","CAD","7.47","1.00","Sep 8, 2033","5.75","CAD","Sep 8, 2023"
"TD","TORONTO-DOMINION BANK/THE","Financial","Fixed Income","2,876,499.43","0.18","2,876,499.43","2,900,000.00","2,900,000.00","98.87","Canada","-","CAD","4.29","1.00","Sep 8, 2028","5.49","CAD","Sep 8, 2023"
"ENBCN","ENBRIDGE INC MTN","Energy","Fixed Income","2,851,904.10","0.18","2,851,904.10","3,257,000.00","3,257,000.00","86.10","Canada","-","CAD","5.30","1.00","Oct 3, 2029","2.99","CAD","Oct 3, 2019"
"CM","CANADIAN IMPERIAL BANK OF COMMERCE","Financial","Fixed Income","2,824,109.35","0.18","2,824,109.35","2,870,000.00","2,870,000.00","96.03","Canada","-","CAD","3.92","1.00","Apr 20, 2033","5.35","CAD","Apr 20, 2023"
"TCN","TELUS CORPORATION","Communication","Fixed Income","2,820,598.72","0.18","2,820,598.72","2,870,000.00","2,870,000.00","97.52","Canada","-","CAD","1.24","1.00","Jan 17, 2025","3.75","CAD","Sep 15, 2014"
"BCECN","BELL CANADA INC","Communication","Fixed Income","2,805,469.90","0.18","2,805,469.90","4,104,000.00","4,104,000.00","66.62","Canada","-","CAD","14.83","1.00","Sep 30, 2050","3.50","CAD","Feb 13, 2020"
"CM","CANADIAN IMPERIAL BANK OF COMMERCE","Financial","Fixed Income","2,780,201.36","0.17","2,780,201.36","2,921,000.00","2,921,000.00","93.17","Canada","-","CAD","3.11","1.00","Apr 7, 2032","4.20","CAD","Apr 7, 2022"
"CNRCN","CANADIAN NATIONAL RAILWAY COMPANY","Industrial","Fixed Income","2,775,307.23","0.17","2,775,307.23","3,000,000.00","3,000,000.00","90.68","Canada","-","CAD","15.14","1.00","May 10, 2053","4.70","CAD","May 10, 2023"
"SLFCN","SUN LIFE FINANCIAL INC","Financial","Fixed Income","2,770,490.15","0.17","2,770,490.15","3,197,000.00","3,197,000.00","85.66","Canada","-","CAD","4.51","1.00","Nov 21, 2033","2.80","CAD","Nov 18, 2021"
"RCICN","ROGERS COMMUNICATIONS INC","Communication","Fixed Income","2,767,811.24","0.17","2,767,811.24","3,092,000.00","3,092,000.00","87.57","Canada","-","CAD","6.86","1.00","Apr 15, 2032","4.25","CAD","Mar 11, 2022"
"RCICN","ROGERS COMMUNICATIONS INC RegS","Communication","Fixed Income","2,763,070.75","0.17","2,763,070.75","2,825,000.00","2,825,000.00","97.68","Canada","-","CAD","7.46","1.00","Sep 21, 2033","5.90","CAD","Sep 21, 2023"
"BCECN","BELL TELEPHONE COMPANY OF CANADA O MTN","Communication","Fixed Income","2,732,401.67","0.17","2,732,401.67","2,947,000.00","2,947,000.00","92.72","Canada","-","CAD","3.67","1.00","Sep 29, 2027","3.60","CAD","Sep 29, 2017"
"SLFCN","SUN LIFE FINANCIAL INC MTN","Financial","Fixed Income","2,728,454.55","0.17","2,728,454.55","3,036,000.00","3,036,000.00","88.87","Canada","-","CAD","3.29","1.00","May 10, 2032","2.58","CAD","May 8, 2020"
"MFCCN","MANULIFE FINANCIAL CORP","Financial","Fixed Income","2,714,378.97","0.17","2,714,378.97","3,266,000.00","3,266,000.00","82.04","Canada","-","CAD","5.56","1.00","May 13, 2035","2.82","CAD","May 12, 2020"
"BMO","BANK OF MONTREAL RegS","Financial","Fixed Income","2,708,876.02","0.17","2,708,876.02","2,737,000.00","2,737,000.00","98.61","Canada","-","CAD","4.24","1.00","Sep 7, 2033","6.03","CAD","Sep 7, 2023"
"BCECN","BELL CANADA MTN","Communication","Fixed Income","2,704,315.70","0.17","2,704,315.70","2,832,000.00","2,832,000.00","95.23","Canada","-","CAD","2.28","1.00","Mar 2, 2026","3.55","CAD","Feb 29, 2016"
"TRPCN","TRANSCANADA PIPELINES LTD MTN RegS","Energy","Fixed Income","2,668,607.51","0.17","2,668,607.51","3,574,000.00","3,574,000.00","73.66","Canada","-","CAD","13.69","1.00","Jul 3, 2048","4.18","CAD","Jul 3, 2018"
"TRPCN","TRANSCANADA PIPELINES LTD MTN","Energy","Fixed Income","2,657,365.90","0.17","2,657,365.90","3,444,000.00","3,444,000.00","75.17","Canada","-","CAD","13.69","1.00","Oct 15, 2049","4.34","CAD","Apr 10, 2019"
"TRPCN","TRANSCANADA PIPELINES LTD MTN","Energy","Fixed Income","2,653,581.72","0.17","2,653,581.72","3,202,000.00","3,202,000.00","81.16","Canada","-","CAD","11.43","1.00","Nov 15, 2041","4.55","CAD","Nov 15, 2011"
"RY","ROYAL BANK OF CANADA","Financial","Fixed Income","2,645,343.09","0.17","2,645,343.09","3,182,000.00","3,182,000.00","82.85","Canada","-","CAD","4.08","1.00","Jan 28, 2033","1.67","CAD","Jan 28, 2021"
"BIP","BROOKFIELD INFRASTRUCTURE FINANCE","Infrastructure","Fixed Income","2,602,656.00","0.16","2,602,656.00","2,931,000.00","2,931,000.00","87.18","Canada","-","CAD","5.25","1.00","Oct 9, 2029","3.41","CAD","Oct 3, 2019"
"NWRWPT","NORTH WEST REDWATER PARTNERSHIP","Energy","Fixed Income","2,597,541.86","0.16","2,597,541.86","3,095,000.00","3,095,000.00","83.01","Canada","-","CAD","6.67","1.00","Jun 1, 2031","2.80","CAD","Jun 30, 2021"
"ENBGAS","ENBRIDGE GAS INC","Energy","Fixed Income","2,595,949.63","0.16","2,595,949.63","2,934,000.00","2,934,000.00","87.04","Canada","-","CAD","5.72","1.00","Apr 1, 2030","2.90","CAD","Apr 1, 2020"
"IPLCN","INTER PIPELINE LTD","Energy","Fixed Income","2,578,247.84","0.16","2,578,247.84","2,600,000.00","2,600,000.00","98.48","Canada","-","CAD","3.80","1.00","Feb 17, 2028","5.76","CAD","Nov 17, 2022"
"ENBCN","ENBRIDGE INC MTN","Energy","Fixed Income","2,569,113.60","0.16","2,569,113.60","2,495,000.00","2,495,000.00","100.58","Canada","-","CAD","6.78","1.00","Nov 9, 2032","6.10","CAD","Nov 9, 2022"
"ENBCN","ENBRIDGE INC MTN","Energy","Fixed Income","2,565,975.93","0.16","2,565,975.93","3,267,000.00","3,267,000.00","78.47","Canada","-","CAD","8.28","1.00","Sep 21, 2033","3.10","CAD","Sep 21, 2021"
"RY","ROYAL BANK OF CANADA","Financial","Fixed Income","2,563,535.87","0.16","2,563,535.87","3,030,000.00","3,030,000.00","84.30","Canada","-","CAD","4.52","1.00","Jul 31, 2028","1.83","CAD","Jul 29, 2021"
"CUCN","CU INC","Energy","Fixed Income","2,563,272.17","0.16","2,563,272.17","3,054,000.00","3,054,000.00","83.63","Canada","-","CAD","13.29","1.00","Sep 2, 2044","4.09","CAD","Sep 5, 2014"
"CM","CANADIAN IMPERIAL BANK OF COMMERCE","Financial","Fixed Income","2,559,718.43","0.16","2,559,718.43","2,822,000.00","2,822,000.00","89.84","Canada","-","CAD","2.41","1.00","Apr 21, 2031","1.97","CAD","Apr 19, 2021"
"BMO","BANK OF MONTREAL","Financial","Fixed Income","2,547,094.19","0.16","2,547,094.19","2,460,000.00","2,460,000.00","100.77","Canada","-","CAD","3.48","1.00","Oct 27, 2032","6.53","CAD","Oct 27, 2022"
"ATIMLP","ATHABASCA INDIGENOUS MIDSTREAM LIM","Energy","Fixed Income","2,546,236.31","0.16","2,546,236.31","2,551,127.00","2,551,127.00","97.36","Canada","-","CAD","7.40","1.00","Feb 5, 2042","6.07","CAD","Oct 5, 2022"
"DTRGR","DAIMLER TRUCKS FINANCE CANADA INC RegS","Financial","Fixed Income","2,544,859.77","0.16","2,544,859.77","2,641,000.00","2,641,000.00","95.73","Germany","-","CAD","1.16","1.00","Dec 13, 2024","2.14","CAD","Dec 15, 2021"
"TCN","TELUS CORPORATION","Communication","Fixed Income","2,542,621.44","0.16","2,542,621.44","2,829,000.00","2,829,000.00","88.52","Canada","-","CAD","4.94","1.00","May 2, 2029","3.30","CAD","Apr 3, 2019"
"RCICN","ROGERS COMMUNICATIONS INC","Communication","Fixed Income","2,542,577.92","0.16","2,542,577.92","2,890,000.00","2,890,000.00","85.58","Canada","-","CAD","13.53","1.00","Apr 15, 2052","5.25","CAD","Mar 11, 2022"
"TRPCN","TRANSCANADA PIPELINES LTD","Energy","Fixed Income","2,541,194.60","0.16","2,541,194.60","2,618,000.00","2,618,000.00","95.02","Canada","-","CAD","6.71","1.00","May 12, 2032","5.33","CAD","May 12, 2022"
"CHPUCN","CHOICE PROPERTIES REAL ESTATE INVE","Real Estate","Fixed Income","2,501,535.29","0.16","2,501,535.29","2,684,000.00","2,684,000.00","92.96","Canada","-","CAD","3.99","1.00","Mar 8, 2028","4.18","CAD","Mar 8, 2018"
"ENBCN","ENBRIDGE INC","Energy","Fixed Income","2,493,768.56","0.16","2,493,768.56","2,565,000.00","2,565,000.00","94.15","Canada","-","CAD","3.77","1.00","Apr 12, 2078","6.63","CAD","Apr 12, 2018"
"TCN","TELUS CORPORATION","Communication","Fixed Income","2,485,262.24","0.16","2,485,262.24","2,888,000.00","2,888,000.00","83.70","Canada","-","CAD","11.94","1.00","Apr 5, 2044","4.85","CAD","Apr 4, 2014"
"CM","CANADIAN IMPERIAL BANK OF COMMERCE RegS","Financial","Fixed Income","2,480,921.26","0.16","2,480,921.26","2,662,000.00","2,662,000.00","92.82","Canada","-","CAD","1.74","1.00","Jul 21, 2030","2.01","CAD","Jul 21, 2020"
"FORTFD_21-1-A","FORTFD_21-1 A","Securitized","Fixed Income","2,477,530.70","0.16","2,477,530.70","2,745,000.00","2,745,000.00","89.40","Canada","-","CAD","2.89","1.00","Oct 23, 2026","1.96","CAD","Oct 27, 2021"
"BMO","BANK OF MONTREAL","Financial","Fixed Income","2,469,454.63","0.16","2,469,454.63","2,649,000.00","2,649,000.00","92.39","Canada","-","CAD","2.98","1.00","Dec 9, 2026","2.70","CAD","Dec 9, 2016"
"TRPCN","TRANSCANADA PIPELINES LIMITED MTN RegS","Energy","Fixed Income","2,453,910.93","0.15","2,453,910.93","2,544,000.00","2,544,000.00","95.79","Canada","-","CAD","1.71","1.00","Jul 17, 2025","3.30","CAD","Jul 17, 2015"
"HSBC","HSBC BANK CANADA","Financial","Fixed Income","2,445,865.90","0.15","2,445,865.90","2,439,000.00","2,439,000.00","98.90","Canada","-","CAD","1.15","1.00","Dec 16, 2024","4.81","CAD","Dec 16, 2022"
"BCECN","BELL CANADA INC","Communication","Fixed Income","2,445,055.63","0.15","2,445,055.63","2,937,000.00","2,937,000.00","82.30","Canada","-","CAD","5.90","1.00","May 14, 2030","2.50","CAD","May 14, 2020"
"HYDONE","HYDRO ONE INC MTN","Infrastructure","Fixed Income","2,443,682.68","0.15","2,443,682.68","2,454,000.00","2,454,000.00","98.72","Canada","-","CAD","3.81","1.00","Jan 27, 2028","4.91","CAD","Oct 27, 2022"
"BMO","BANK OF MONTREAL","Financial","Fixed Income","2,422,048.89","0.15","2,422,048.89","2,650,000.00","2,650,000.00","91.31","Canada","-","CAD","2.34","1.00","Mar 10, 2026","1.76","CAD","Mar 10, 2021"
"ONTPOW","ONTARIO POWER GENERATION INC MTN","Energy","Fixed Income","2,417,059.36","0.15","2,417,059.36","2,689,000.00","2,689,000.00","88.35","Canada","-","CAD","5.68","1.00","Apr 8, 2030","3.21","CAD","Apr 8, 2020"
"NWRWPT","NORTH WEST REDWATER PARTNERSHIP / RegS","Energy","Fixed Income","2,409,486.58","0.15","2,409,486.58","2,951,000.00","2,951,000.00","80.88","Canada","-","CAD","13.09","1.00","Jul 22, 2044","4.05","CAD","Jul 23, 2014"
"CVECN","CENOVUS ENERGY INC","Energy","Fixed Income","2,400,119.46","0.15","2,400,119.46","2,540,000.00","2,540,000.00","94.31","Canada","-","CAD","3.18","1.00","Mar 10, 2027","3.60","CAD","Mar 10, 2017"
"TCN","TELUS CORPORATION","Communication","Fixed Income","2,388,912.13","0.15","2,388,912.13","2,767,000.00","2,767,000.00","85.98","Canada","-","CAD","5.65","1.00","Feb 19, 2030","3.15","CAD","Dec 16, 2019"
"TCN","TELUS CORPORATION","Communication","Fixed Income","2,379,801.63","0.15","2,379,801.63","2,550,000.00","2,550,000.00","92.72","Canada","-","CAD","2.61","1.00","Jul 8, 2026","2.75","CAD","Jul 2, 2019"
"BNCN","BROOKFIELD ASSET MANAGEMENT INC MTN","Industrial","Fixed Income","2,376,870.27","0.15","2,376,870.27","2,408,000.00","2,408,000.00","97.88","Canada","-","CAD","2.11","1.00","Jan 28, 2026","4.82","CAD","Jan 28, 2014"
"SAPCN","SAPUTO INC MTN","Industrial","Fixed Income","2,365,333.81","0.15","2,365,333.81","2,645,000.00","2,645,000.00","88.78","Canada","-","CAD","3.47","1.00","Jun 16, 2027","2.24","CAD","Jun 16, 2020"
"IPLCN","INTER PIPELINE LTD MTN","Energy","Fixed Income","2,351,487.14","0.15","2,351,487.14","2,469,000.00","2,469,000.00","93.85","Canada","-","CAD","3.31","1.00","Jun 1, 2027","4.23","CAD","Jun 1, 2020"
"NWRWPT","NORTH WEST REDWATER PARTNERSHIP /","Energy","Fixed Income","2,347,100.54","0.15","2,347,100.54","2,549,000.00","2,549,000.00","91.16","Canada","-","CAD","3.40","1.00","Jun 1, 2027","2.80","CAD","May 19, 2017"
"CARDS2_19-2-A","CARDS2_19-2 A","Securitized","Fixed Income","2,323,487.44","0.15","2,323,487.44","2,389,000.00","2,389,000.00","96.35","Canada","-","CAD","1.08","1.00","Nov 15, 2024","2.43","CAD","Nov 15, 2019"
"BAMREP","BROOKFIELD RENEWABLE PARTNERS ULC MTN RegS","Energy","Fixed Income","2,310,374.79","0.15","2,310,374.79","2,375,000.00","2,375,000.00","94.65","Canada","-","CAD","7.49","1.00","Oct 28, 2033","5.29","CAD","Mar 29, 2023"
"FFHCN","FAIRFAX FINANCIAL HOLDINGS LTD","Financial","Fixed Income","2,308,392.91","0.15","2,308,392.91","2,730,000.00","2,730,000.00","84.28","Canada","-","CAD","6.27","1.00","Mar 3, 2031","3.95","CAD","Mar 1, 2021"
"RCICN","ROGERS COMMUNICATIONS INC RegS","Communication","Fixed Income","2,303,529.96","0.14","2,303,529.96","2,325,000.00","2,325,000.00","98.95","Canada","-","CAD","4.28","1.00","Sep 21, 2028","5.70","CAD","Sep 21, 2023"
"BCECN","BELL CANADA INC","Communication","Fixed Income","2,295,317.12","0.14","2,295,317.12","2,647,000.00","2,647,000.00","86.52","Canada","-","CAD","3.68","1.00","Aug 16, 2027","1.65","CAD","Aug 14, 2020"
"BNS","SCOTIABANK CAPITAL TRUST","Financial","Fixed Income","2,289,418.21","0.14","2,289,418.21","2,277,000.00","2,277,000.00","99.14","Canada","-","CAD","9.14","1.00","Dec 31, 2056","5.65","CAD","Sep 28, 2006"
"ATDBCN","ALIMENTATION COUCHE-TARD INC RegS","Industrial","Fixed Income","2,287,808.10","0.14","2,287,808.10","2,337,000.00","2,337,000.00","96.72","Canada","-","CAD","1.58","1.00","Jun 2, 2025","3.60","CAD","Jun 2, 2015"
"RY","ROYAL BANK OF CANADA","Financial","Fixed Income","2,261,572.85","0.14","2,261,572.85","2,258,000.00","2,258,000.00","99.15","Canada","-","CAD","1.68","1.00","Jul 16, 2025","4.93","CAD","Jul 16, 2010"
"IPLCN","INTER PIPELINE LTD RegS","Energy","Fixed Income","2,258,309.71","0.14","2,258,309.71","2,300,000.00","2,300,000.00","96.26","Canada","-","CAD","5.36","1.00","May 29, 2030","5.71","CAD","May 29, 2023"
"GTAAIR","GREATER TORONTO AIRPORTS AUTHORITY","Infrastructure","Fixed Income","2,246,707.77","0.14","2,246,707.77","3,026,000.00","3,026,000.00","73.00","Canada","-","CAD","12.04","1.00","Oct 17, 2039","2.75","CAD","Sep 25, 2019"
"RCICN","ROGERS COMMUNICATIONS INC.","Communication","Fixed Income","2,242,538.03","0.14","2,242,538.03","2,310,000.00","2,310,000.00","96.49","Canada","-","CAD","10.36","1.00","Aug 25, 2040","6.11","CAD","Aug 25, 2010"
"ALCTRA","ALECTRA INC (CANADA)","Infrastructure","Fixed Income","2,237,624.11","0.14","2,237,624.11","2,440,000.00","2,440,000.00","90.79","Canada","-","CAD","3.38","1.00","May 17, 2027","2.49","CAD","May 17, 2017"
"PPLCN","PEMBINA PIPELINE CORP MTN","Energy","Fixed Income","2,232,628.81","0.14","2,232,628.81","2,790,000.00","2,790,000.00","79.98","Canada","-","CAD","13.35","1.00","Mar 26, 2048","4.75","CAD","Mar 26, 2018"
"NORCOU","NORTHERN COURIER PIPELINE LP RegS","Energy","Fixed Income","2,225,395.42","0.14","2,225,395.42","2,618,849.00","2,618,849.00","84.14","Canada","-","CAD","6.29","1.00","Jun 30, 2042","3.37","CAD","Jul 17, 2019"
"NACN","NATIONAL BANK OF CANADA","Financial","Fixed Income","2,224,937.38","0.14","2,224,937.38","2,287,000.00","2,287,000.00","96.64","Canada","-","CAD","3.45","1.00","Aug 16, 2032","5.43","CAD","Jul 25, 2022"
"FORTFD_22-1-A","FORTFD_22-1 A","Securitized","Fixed Income","2,221,107.05","0.14","2,221,107.05","2,280,000.00","2,280,000.00","96.43","Canada","-","CAD","1.64","1.00","Jun 23, 2025","3.70","CAD","Apr 26, 2022"
"TRPCN","TRANSCANADA PIPELINES LTD MTN","Energy","Fixed Income","2,205,646.63","0.14","2,205,646.63","2,903,000.00","2,903,000.00","75.82","Canada","-","CAD","13.54","1.00","Sep 16, 2047","4.33","CAD","Sep 15, 2017"
"CHPUCN","CHOICE PROPERTIES REAL ESTATE INVE","Real Estate","Fixed Income","2,199,936.48","0.14","2,199,936.48","2,458,000.00","2,458,000.00","88.44","Canada","-","CAD","5.01","1.00","Jun 11, 2029","3.53","CAD","Jun 11, 2019"
"DE","JOHN DEERE FINANCIAL INC","Financial","Fixed Income","2,181,852.67","0.14","2,181,852.67","2,200,000.00","2,200,000.00","98.98","United States","-","CAD","4.34","1.00","Sep 15, 2028","5.17","CAD","Sep 15, 2023"
"ENBPIP","ENBRIDGE PIPELINES INC MTN","Energy","Fixed Income","2,152,640.92","0.14","2,152,640.92","2,248,000.00","2,248,000.00","95.76","Canada","-","CAD","1.90","1.00","Sep 29, 2025","3.45","CAD","Sep 29, 2015"
"ENBCN","ENBRIDGE INC","Energy","Fixed Income","2,147,815.58","0.14","2,147,815.58","2,664,000.00","2,664,000.00","79.65","Canada","-","CAD","5.51","1.00","Jan 19, 2082","5.00","CAD","Jan 19, 2022"
"MFCCN","MANULIFE FINANCE DELAWARE LP","Financial","Fixed Income","2,147,120.15","0.14","2,147,120.15","2,336,000.00","2,336,000.00","90.45","Canada","-","CAD","9.28","1.00","Dec 15, 2041","5.06","CAD","Dec 14, 2006"
"GTAAIR","GREATER TORONTO AIRPORTS AUTHORITY MTN","Infrastructure","Fixed Income","2,140,844.66","0.13","2,140,844.66","1,872,000.00","1,872,000.00","111.17","Canada","-","CAD","6.67","1.00","Oct 15, 2032","6.98","CAD","Oct 15, 2002"
"CNQCN","CANADIAN NATURAL RESOURCES LTD MTN","Energy","Fixed Income","2,136,560.70","0.13","2,136,560.70","2,247,000.00","2,247,000.00","93.96","Canada","-","CAD","2.93","1.00","Dec 1, 2026","3.42","CAD","May 30, 2017"
"TERANE","TERANET HOLDINGS LP","Industrial","Fixed Income","2,128,477.51","0.13","2,128,477.51","2,204,000.00","2,204,000.00","95.51","Canada","-","CAD","1.61","1.00","Jun 11, 2025","3.54","CAD","Jun 11, 2020"
"BRUPOW","BRUCE POWER LP RegS","Energy","Fixed Income","2,128,091.33","0.13","2,128,091.33","2,314,000.00","2,314,000.00","90.87","Canada","-","CAD","5.73","1.00","Jun 21, 2030","4.00","CAD","Apr 9, 2020"
"ATDBCN","ALIMENTATION COUCHE-TARD INC","Industrial","Fixed Income","2,123,813.70","0.13","2,123,813.70","2,125,000.00","2,125,000.00","99.88","Canada","-","CAD","5.71","1.00","Sep 25, 2030","5.59","CAD","Sep 25, 2023"
"PLENCS","PLENARY PROPERTIES LTAP LP","Infrastructure","Fixed Income","2,109,824.21","0.13","2,109,824.21","2,021,290.00","2,021,290.00","103.35","Canada","-","CAD","8.14","1.00","Jan 31, 2044","6.29","CAD","Jan 31, 2011"
"TCN","TELUS CORPORATION RegS","Communication","Fixed Income","2,108,351.83","0.13","2,108,351.83","2,590,000.00","2,590,000.00","80.32","Canada","-","CAD","6.96","1.00","Nov 13, 2031","2.85","CAD","Jun 28, 2021"
"SLFCN","SUN LIFE FINANCIAL INC","Financial","Fixed Income","2,107,916.76","0.13","2,107,916.76","2,231,000.00","2,231,000.00","93.83","Canada","-","CAD","4.45","1.00","Aug 10, 2034","4.80","CAD","Aug 10, 2022"
"DTRGR","DAIMLER TRUCKS FINANCE CANADA INC RegS","Financial","Fixed Income","2,103,448.03","0.13","2,103,448.03","2,133,000.00","2,133,000.00","98.47","Germany","-","CAD","1.85","1.00","Sep 19, 2025","5.18","CAD","Sep 19, 2022"
"IPLCN","INTER PIPELINE LTD","Energy","Fixed Income","2,096,879.30","0.13","2,096,879.30","2,456,000.00","2,456,000.00","83.99","Canada","-","CAD","6.68","1.00","Nov 25, 2031","3.98","CAD","Nov 25, 2021"
"TRPCN","TRANSCANADA PIPELINES LTD MTN RegS","Energy","Fixed Income","2,083,188.30","0.13","2,083,188.30","2,100,000.00","2,100,000.00","98.92","Canada","-","CAD","1.66","1.00","Mar 10, 2026","5.42","CAD","Mar 10, 2023"
"ENBCN","ENBRIDGE INC 60NC10 RegS","Energy","Fixed Income","2,083,089.93","0.13","2,083,089.93","2,075,000.00","2,075,000.00","100.39","Canada","-","CAD","6.77","1.00","Jan 15, 2084","8.75","CAD","Sep 29, 2023"
"BCECN","BELL TELEPHONE COMPANY OF CANADA O MTN RegS","Communication","Fixed Income","2,074,641.29","0.13","2,074,641.29","2,105,000.00","2,105,000.00","97.87","Canada","-","CAD","4.42","1.00","Nov 14, 2028","5.15","CAD","Aug 11, 2023"
"BCECN","BELL CANADA MTN","Communication","Fixed Income","2,068,925.51","0.13","2,068,925.51","2,218,000.00","2,218,000.00","92.90","Canada","-","CAD","2.70","1.00","Aug 12, 2026","2.90","CAD","Aug 12, 2016"
"GTAAIR","GREATER TORONTO AIRPORTS AUTHORITY MTN","Infrastructure","Fixed Income","2,058,376.67","0.13","2,058,376.67","2,041,000.00","2,041,000.00","100.34","Canada","-","CAD","11.36","1.00","Feb 25, 2041","5.30","CAD","Feb 23, 2011"
"BCIMCR","BCIMC REALTY CORP","Real Estate","Fixed Income","2,054,240.12","0.13","2,054,240.12","2,132,000.00","2,132,000.00","95.43","Canada","-","CAD","1.60","1.00","Jun 3, 2025","2.84","CAD","Jun 3, 2015"
"PPLCN","PEMBINA PIPELINE CORP RegS","Energy","Fixed Income","2,041,392.58","0.13","2,041,392.58","2,233,000.00","2,233,000.00","89.64","Canada","-","CAD","4.82","1.00","Apr 3, 2029","3.62","CAD","Apr 3, 2019"
"GWOCN","GREAT-WEST LIFECO INC","Financial","Fixed Income","2,035,355.19","0.13","2,035,355.19","1,925,000.00","1,925,000.00","103.50","Canada","-","CAD","10.27","1.00","Nov 16, 2039","6.00","CAD","Nov 16, 2009"
"GTAAIR","GREATER TORONTO AIRPORTS AUTHORITY MTN 144A","Infrastructure","Fixed Income","2,033,575.24","0.13","2,033,575.24","1,805,000.00","1,805,000.00","110.39","Canada","-","CAD","5.91","1.00","Jun 4, 2031","7.10","CAD","Jun 4, 2001"
"ENBCN","ENBRIDGE INC MTN","Energy","Fixed Income","2,028,865.83","0.13","2,028,865.83","2,508,000.00","2,508,000.00","80.67","Canada","-","CAD","12.40","1.00","Mar 11, 2044","4.57","CAD","Mar 11, 2014"
"PPLCN","PEMBINA PIPELINE CORP MTN","Energy","Fixed Income","2,019,787.51","0.13","2,019,787.51","2,069,000.00","2,069,000.00","97.07","Canada","-","CAD","1.29","1.00","Feb 3, 2025","3.54","CAD","Feb 2, 2015"
"BMO","BANK OF MONTREAL","Financial","Fixed Income","2,015,509.57","0.13","2,015,509.57","2,043,000.00","2,043,000.00","98.41","Canada","-","CAD","1.84","1.00","Sep 10, 2025","4.61","CAD","Sep 10, 2010"
"NWRWPT","NORTH WEST REDWATER PARTNERSHIP /","Energy","Fixed Income","2,012,520.61","0.13","2,012,520.61","2,377,000.00","2,377,000.00","83.47","Canada","-","CAD","9.07","1.00","Jun 1, 2035","3.65","CAD","May 19, 2017"
"HYDONE","HYDRO ONE INC MTN","Infrastructure","Fixed Income","2,004,778.50","0.13","2,004,778.50","1,975,000.00","1,975,000.00","99.57","Canada","-","CAD","9.00","1.00","May 20, 2036","5.36","CAD","May 19, 2005"
"HYDONE","HYDRO ONE INC 3.63 6/49 MTN","Infrastructure","Fixed Income","1,980,560.90","0.12","1,980,560.90","2,553,000.00","2,553,000.00","76.62","Canada","-","CAD","15.17","1.00","Jun 25, 2049","3.63","CAD","Jun 26, 2018"
"BCECN","BELL CANADA MTN","Communication","Fixed Income","1,967,729.22","0.12","1,967,729.22","2,325,000.00","2,325,000.00","84.63","Canada","-","CAD","12.59","1.00","Sep 29, 2044","4.75","CAD","Sep 29, 2014"
"SNCINN","SNC-LAVALIN INNISFREE MCGILL FINAN 144A","Infrastructure","Fixed Income","1,963,607.35","0.12","1,963,607.35","1,835,562.00","1,835,562.00","105.32","Canada","-","CAD","8.26","1.00","Jun 30, 2044","6.63","CAD","Jul 15, 2010"
"ENBCN","ENBRIDGE INC MTN","Energy","Fixed Income","1,955,979.49","0.12","1,955,979.49","1,990,000.00","1,990,000.00","96.60","Canada","-","CAD","4.06","1.00","May 26, 2028","4.90","CAD","May 26, 2023"
"BRUPOW","BRUCE POWER LP","Energy","Fixed Income","1,951,630.36","0.12","1,951,630.36","2,222,000.00","2,222,000.00","87.10","Canada","-","CAD","4.75","1.00","Dec 21, 2028","2.68","CAD","Nov 22, 2021"
"APUCN","ALLIED PROPERTIES REAL ESTATE INVE","Real Estate","Fixed Income","1,943,488.99","0.12","1,943,488.99","2,174,000.00","2,174,000.00","89.17","Canada","-","CAD","2.27","1.00","Feb 12, 2026","1.73","CAD","Feb 12, 2021"
"ENBPIP","ENBRIDGE PIPELINES INC MTN","Energy","Fixed Income","1,934,973.37","0.12","1,934,973.37","2,132,000.00","2,132,000.00","90.39","Canada","-","CAD","4.82","1.00","Feb 22, 2029","3.52","CAD","Feb 22, 2019"
"NWRWPT","NORTH WEST REDWATER PARTNERSHIP RegS","Energy","Fixed Income","1,934,619.90","0.12","1,934,619.90","2,019,000.00","2,019,000.00","94.42","Canada","-","CAD","4.88","1.00","Jun 1, 2029","4.25","CAD","Jan 29, 2016"
"PPLCN","PEMBINA PIPELINE CORP MTN","Energy","Fixed Income","1,929,085.24","0.12","1,929,085.24","2,029,000.00","2,029,000.00","94.58","Canada","-","CAD","2.67","1.00","Aug 11, 2026","3.71","CAD","Aug 11, 2016"
"TRPCN","TRANSCANADA PIPELINES LTD","Energy","Fixed Income","1,918,854.63","0.12","1,918,854.63","1,949,000.00","1,949,000.00","96.78","Canada","-","CAD","2.39","1.00","May 12, 2026","4.35","CAD","May 12, 2022"
"SLFCN","SUN LIFE FINANCIAL INC","Financial","Fixed Income","1,913,884.42","0.12","1,913,884.42","2,449,000.00","2,449,000.00","77.13","Canada","-","CAD","5.96","1.00","Oct 1, 2035","2.06","CAD","Oct 1, 2020"
"CIXCN","CI FINANCIAL CORP","Financial","Fixed Income","1,911,259.92","0.12","1,911,259.92","1,869,000.00","1,869,000.00","99.98","Canada","-","CAD","1.97","1.00","Dec 2, 2025","7.00","CAD","Dec 2, 2022"
"GTAAIR","GREATER TORONTO AIRPORTS AUTHORITY MTN 144A","Infrastructure","Fixed Income","1,900,654.63","0.12","1,900,654.63","1,736,000.00","1,736,000.00","108.46","Canada","-","CAD","7.62","1.00","Feb 2, 2034","6.47","CAD","Feb 2, 2004"
"RCICN","ROGERS COMMUNICATIONS INC","Communication","Fixed Income","1,898,642.84","0.12","1,898,642.84","1,809,000.00","1,809,000.00","102.25","Canada","-","CAD","9.76","1.00","Nov 4, 2039","6.68","CAD","Nov 4, 2009"
"FFHCN","FAIRFAX FINANCIAL HOLDINGS LTD","Financial","Fixed Income","1,898,084.09","0.12","1,898,084.09","2,002,000.00","2,002,000.00","93.47","Canada","-","CAD","3.73","1.00","Dec 6, 2027","4.25","CAD","Dec 4, 2017"
"TCN","TELUS CORPORATION","Communication","Fixed Income","1,895,500.05","0.12","1,895,500.05","2,164,000.00","2,164,000.00","87.18","Canada","-","CAD","4.02","1.00","Jan 27, 2028","2.35","CAD","May 29, 2020"
"OMERS","OMERS REALTY CORP","Real Estate","Fixed Income","1,892,495.71","0.12","1,892,495.71","1,875,000.00","1,875,000.00","98.90","Canada","-","CAD","4.31","1.00","Nov 14, 2028","5.38","CAD","Nov 14, 2022"
"VTR","VENTAS CANADA FINANCE LTD","Real Estate","Fixed Income","1,887,583.93","0.12","1,887,583.93","1,904,000.00","1,904,000.00","96.76","United States","-","CAD","3.90","1.00","Apr 21, 2028","5.40","CAD","Apr 21, 2023"
"MFCCN","MANULIFE BANK OF CANADA","Financial","Fixed Income","1,887,233.79","0.12","1,887,233.79","2,051,000.00","2,051,000.00","91.67","Canada","-","CAD","3.16","1.00","Feb 16, 2027","2.86","CAD","Feb 16, 2022"
"PLEHHU","PLENARY HLTH CARE PTNRSHP HUMBR LP","Infrastructure","Fixed Income","1,886,200.72","0.12","1,886,200.72","1,982,067.00","1,982,067.00","93.54","Canada","-","CAD","6.61","1.00","May 31, 2039","4.89","CAD","Sep 23, 2011"
"TCN","TELUS CORPORATION","Communication","Fixed Income","1,882,302.77","0.12","1,882,302.77","2,045,000.00","2,045,000.00","91.77","Canada","-","CAD","4.01","1.00","Mar 1, 2028","3.63","CAD","Mar 1, 2018"
"CM","CANADIAN IMPERIAL BANK OF COMMERCE","Financial","Fixed Income","1,867,967.44","0.12","1,867,967.44","1,850,000.00","1,850,000.00","99.72","Canada","-","CAD","1.10","1.00","Jul 14, 2026","5.93","CAD","Jul 14, 2023"
"ENBCN","ENBRIDGE INC MTN","Energy","Fixed Income","1,864,514.36","0.12","1,864,514.36","1,751,000.00","1,751,000.00","103.93","Canada","-","CAD","13.22","1.00","Nov 9, 2052","6.51","CAD","Nov 9, 2022"
"IPLCN","INTER PIPELINE LTD","Energy","Fixed Income","1,849,914.47","0.12","1,849,914.47","1,902,000.00","1,902,000.00","95.11","Canada","-","CAD","6.55","1.00","May 18, 2032","5.85","CAD","May 18, 2022"
"TRPCN","TRANSCANADA PIPELINES LTD MTN RegS","Energy","Fixed Income","1,846,988.48","0.12","1,846,988.48","2,143,000.00","2,143,000.00","86.10","Canada","-","CAD","5.35","1.00","Sep 18, 2029","3.00","CAD","Sep 18, 2019"
"PPLCN","PEMBINA PIPELINE CORP MTN RegS","Energy","Fixed Income","1,846,627.52","0.12","1,846,627.52","1,924,000.00","1,924,000.00","94.75","Canada","-","CAD","3.34","1.00","Jun 15, 2027","4.24","CAD","Jun 16, 2015"
"TCN","TELUS CORPORATION","Communication","Fixed Income","1,844,781.20","0.12","1,844,781.20","2,584,000.00","2,584,000.00","70.92","Canada","-","CAD","14.41","1.00","Feb 16, 2050","3.95","CAD","Dec 16, 2019"
"CWBCN","CANADIAN WESTERN BANK","Financial","Fixed Income","1,839,832.83","0.12","1,839,832.83","1,915,000.00","1,915,000.00","95.64","Canada","-","CAD","1.29","1.00","Jan 30, 2025","2.61","CAD","Jan 30, 2020"
"NWRWPT","NORTH WEST REDWATER PARTNERSHIP RegS","Energy","Fixed Income","1,828,396.13","0.12","1,828,396.13","2,018,000.00","2,018,000.00","89.95","Canada","-","CAD","3.00","1.00","Dec 1, 2026","2.00","CAD","Jun 30, 2021"
"GTAAIR","GREATER TORONTO AIRPORTS AUTHORITY","Infrastructure","Fixed Income","1,825,451.61","0.11","1,825,451.61","2,015,000.00","2,015,000.00","89.25","Canada","-","CAD","4.95","1.00","Apr 3, 2029","2.73","CAD","Apr 3, 2019"
"TRPCN","TRANSCANADA PIPELINES LTD MTN","Energy","Fixed Income","1,818,890.06","0.11","1,818,890.06","2,332,000.00","2,332,000.00","76.63","Canada","-","CAD","12.99","1.00","Jun 6, 2046","4.35","CAD","Jun 6, 2016"
"REIUCN","RIOCAN REAL ESTATE INVESTMENT TRUS","Real Estate","Fixed Income","1,810,847.55","0.11","1,810,847.55","1,898,000.00","1,898,000.00","95.07","Canada","-","CAD","1.32","1.00","Feb 12, 2025","2.58","CAD","Aug 12, 2019"
"VW","VW CREDIT CANADA INC RegS","Financial","Fixed Income","1,807,019.04","0.11","1,807,019.04","1,775,000.00","1,775,000.00","99.66","Germany","-","CAD","1.95","1.00","Nov 17, 2025","5.80","CAD","Nov 15, 2022"
"MBGGR","DAIMLER CANADA FINANCE INC","Financial","Fixed Income","1,806,745.16","0.11","1,806,745.16","1,950,000.00","1,950,000.00","92.62","Germany","-","CAD","1.91","1.00","Sep 22, 2025","1.65","CAD","Sep 22, 2020"
"MBGGR","MERCEDES-BENZ FINANCE CANADA INC MTN","Financial","Fixed Income","1,803,622.16","0.11","1,803,622.16","1,800,000.00","1,800,000.00","98.88","Germany","-","CAD","2.51","1.00","Jun 29, 2026","5.14","CAD","Jun 27, 2023"
"PPLCN","PEMBINA PIPELINE CORP MTN","Energy","Fixed Income","1,800,773.27","0.11","1,800,773.27","2,193,000.00","2,193,000.00","82.06","Canada","-","CAD","12.23","1.00","Mar 25, 2044","4.81","CAD","Apr 4, 2014"
"TCN","TELUS CORPORATION","Communication","Fixed Income","1,800,084.59","0.11","1,800,084.59","1,878,000.00","1,878,000.00","95.66","Canada","-","CAD","2.30","1.00","Mar 10, 2026","3.75","CAD","Dec 8, 2015"
"HNDA","HONDA CANADA FINANCE INC","Financial","Fixed Income","1,799,157.18","0.11","1,799,157.18","1,852,000.00","1,852,000.00","97.07","Canada","-","CAD","3.58","1.00","Sep 23, 2027","4.87","CAD","Mar 23, 2023"
"PPLCN","PEMBINA PIPELINE CORP MTN","Energy","Fixed Income","1,793,591.95","0.11","1,793,591.95","2,263,000.00","2,263,000.00","77.03","Canada","-","CAD","13.34","1.00","Apr 3, 2049","4.54","CAD","Apr 3, 2019"
"ENBCN","ENBRIDGE INC MTN","Energy","Fixed Income","1,793,500.83","0.11","1,793,500.83","1,878,000.00","1,878,000.00","94.71","Canada","-","CAD","1.60","1.00","Jun 2, 2025","2.44","CAD","May 12, 2020"
"HYDONE","HYDRO ONE INC MTN","Infrastructure","Fixed Income","1,791,529.16","0.11","1,791,529.16","1,602,000.00","1,602,000.00","109.55","Canada","-","CAD","6.51","1.00","Jun 1, 2032","6.93","CAD","Jun 22, 2001"
"ALACN","ALTAGAS LTD MTN","Energy","Fixed Income","1,781,569.19","0.11","1,781,569.19","1,800,000.00","1,800,000.00","97.24","Canada","-","CAD","2.37","1.00","May 15, 2026","4.64","CAD","May 15, 2023"
"SSLFIN","SSL FINANCE INC","Infrastructure","Fixed Income","1,780,653.52","0.11","1,780,653.52","2,075,486.00","2,075,486.00","84.09","Canada","-","CAD","8.46","1.00","Oct 31, 2045","4.10","CAD","Jun 19, 2015"
"CUCN","CU INC","Energy","Fixed Income","1,780,040.46","0.11","1,780,040.46","1,939,000.00","1,939,000.00","91.54","Canada","-","CAD","12.51","1.00","Sep 9, 2043","4.72","CAD","Sep 9, 2013"
"ENBCN","ENBRIDGE INC MTN","Energy","Fixed Income","1,778,098.00","0.11","1,778,098.00","1,746,000.00","1,746,000.00","99.61","Canada","-","CAD","3.53","1.00","Nov 9, 2027","5.70","CAD","Nov 9, 2022"
"VW","VW CREDIT CANADA INC","Financial","Fixed Income","1,765,925.40","0.11","1,765,925.40","1,835,000.00","1,835,000.00","95.61","Canada","-","CAD","1.15","1.00","Dec 10, 2024","2.05","CAD","Dec 10, 2021"
"IPLCN","INTER PIPELINE LTD","Energy","Fixed Income","1,765,934.01","0.11","1,765,934.01","1,785,000.00","1,785,000.00","98.18","Canada","-","CAD","6.96","1.00","Feb 17, 2033","6.38","CAD","Nov 17, 2022"
"CRSLNX","CROSSLINX TRANSIT SOLUTIONS GENERA RegS","Infrastructure","Fixed Income","1,765,706.43","0.11","1,765,706.43","1,991,872.00","1,991,872.00","86.33","Canada","-","CAD","8.49","1.00","Sep 30, 2046","4.65","CAD","Jul 24, 2015"
"RCICN","ROGERS COMMUNICATIONS INC","Communication","Fixed Income","1,759,550.47","0.11","1,759,550.47","1,848,000.00","1,848,000.00","93.41","Canada","-","CAD","4.42","1.00","Nov 2, 2028","4.40","CAD","Apr 3, 2023"
"GRTCN","GRANITE REIT HOLDINGS LP","Real Estate","Fixed Income","1,759,257.08","0.11","1,759,257.08","1,930,000.00","1,930,000.00","90.17","Canada","-","CAD","3.39","1.00","Jun 4, 2027","3.06","CAD","Jun 4, 2020"
"HNDA","HONDA CANADA FINANCE INC","Financial","Fixed Income","1,757,047.96","0.11","1,757,047.96","1,800,000.00","1,800,000.00","96.40","Canada","-","CAD","1.56","1.00","May 23, 2025","3.44","CAD","May 23, 2018"
"TRPCN","TRANSCANADA PIPELINES LIMITED MTN","Energy","Fixed Income","1,754,717.73","0.11","1,754,717.73","1,491,000.00","1,491,000.00","116.74","Canada","-","CAD","9.36","1.00","Feb 17, 2039","8.05","CAD","Feb 17, 2009"
"HYDONE","HYDRO ONE INC","Infrastructure","Fixed Income","1,753,579.55","0.11","1,753,579.55","1,913,000.00","1,913,000.00","90.20","Canada","-","CAD","4.92","1.00","Apr 5, 2029","3.02","CAD","Apr 5, 2019"
"SYY","SYSCO CANADA INC RegS","Industrial","Fixed Income","1,748,359.33","0.11","1,748,359.33","1,780,000.00","1,780,000.00","96.65","Canada","-","CAD","1.48","1.00","Apr 25, 2025","3.65","CAD","Sep 25, 2018"
"BAMREP","BROOKFIELD RENEWABLE PARTNERS ULC","Energy","Fixed Income","1,738,288.89","0.11","1,738,288.89","1,848,000.00","1,848,000.00","93.18","Canada","-","CAD","4.63","1.00","Jan 15, 2029","4.25","CAD","Sep 20, 2018"
"AERMON","MONTREAL AIRPORTS","Infrastructure","Fixed Income","1,727,983.20","0.11","1,727,983.20","2,477,000.00","2,477,000.00","68.42","Canada","-","CAD","15.99","1.00","Apr 21, 2050","3.03","CAD","Apr 21, 2020"
"AIREIN","AIMCO REALTY INVESTORS LP","Real Estate","Fixed Income","1,725,589.57","0.11","1,725,589.57","1,987,000.00","1,987,000.00","85.95","Canada","-","CAD","5.10","1.00","Jun 1, 2029","2.71","CAD","Jun 14, 2019"
"CP","CANADIAN PACIFIC RAILWAY CO MTN","Industrial","Fixed Income","1,721,826.67","0.11","1,721,826.67","1,537,000.00","1,537,000.00","109.64","Canada","-","CAD","10.16","1.00","Nov 17, 2039","6.45","CAD","Nov 17, 2009"
"ONTPOW","ONTARIO POWER GENERATION INC MTN","Energy","Fixed Income","1,717,208.67","0.11","1,717,208.67","1,821,000.00","1,821,000.00","92.68","Canada","-","CAD","3.64","1.00","Oct 4, 2027","3.31","CAD","Oct 2, 2017"
"ETRHWY","407 INTERNATIONAL INC MTN","Infrastructure","Fixed Income","1,716,980.84","0.11","1,716,980.84","2,077,000.00","2,077,000.00","81.77","Canada","-","CAD","7.47","1.00","May 25, 2032","2.59","CAD","May 22, 2020"
"GWOCN","GREAT-WEST LIFECO INC","Financial","Fixed Income","1,711,170.28","0.11","1,711,170.28","2,031,000.00","2,031,000.00","83.35","Canada","-","CAD","5.93","1.00","May 14, 2030","2.38","CAD","May 14, 2020"
"ETRHWY","407 INTERNATIONAL INC MTN","Infrastructure","Fixed Income","1,709,359.94","0.11","1,709,359.94","1,842,000.00","1,842,000.00","92.24","Canada","-","CAD","6.51","1.00","Aug 14, 2031","4.45","CAD","Sep 7, 2022"
"BCIMCR","BCIMC REALTY CORP","Real Estate","Fixed Income","1,705,670.06","0.11","1,705,670.06","1,833,000.00","1,833,000.00","91.56","Canada","-","CAD","3.22","1.00","Mar 31, 2027","3.00","CAD","Mar 31, 2017"
"TCN","TELUS CORPORATION","Communication","Fixed Income","1,704,252.42","0.11","1,704,252.42","1,835,000.00","1,835,000.00","92.63","Canada","-","CAD","13.87","1.00","Sep 13, 2052","5.65","CAD","Sep 13, 2022"
"ETRHWY","HIGHWAY 407 144A","Infrastructure","Fixed Income","1,700,076.20","0.11","1,700,076.20","1,593,000.00","1,593,000.00","105.59","Canada","-","CAD","4.83","1.00","Jul 27, 2029","6.47","CAD","Jul 27, 1999"
"BAMREP","BROOKFIELD RENEWABLE PARTNERS ULC MTN","Energy","Fixed Income","1,697,938.79","0.11","1,697,938.79","1,670,000.00","1,670,000.00","99.37","Canada","-","CAD","6.83","1.00","Nov 9, 2032","5.88","CAD","Nov 9, 2022"
"GM","GENERAL MOTORS FINANCIAL OF CANADA","Financial","Fixed Income","1,692,210.58","0.11","1,692,210.58","1,854,000.00","1,854,000.00","90.82","United States","-","CAD","3.12","1.00","Feb 8, 2027","3.15","CAD","Feb 8, 2022"
"HNDA","HONDA CANADA FINANCE INC","Financial","Fixed Income","1,683,259.64","0.11","1,683,259.64","1,984,000.00","1,984,000.00","84.68","Canada","-","CAD","4.16","1.00","Feb 25, 2028","1.65","CAD","Feb 25, 2021"
"BRUPOW","BRUCE POWER LP","Energy","Fixed Income","1,680,644.12","0.11","1,680,644.12","1,731,000.00","1,731,000.00","96.03","Canada","-","CAD","2.52","1.00","Jun 23, 2026","3.97","CAD","Jun 23, 2016"
"FTSCN","FORTIS INC","Infrastructure","Fixed Income","1,679,760.74","0.11","1,679,760.74","1,918,000.00","1,918,000.00","86.76","Canada","-","CAD","4.28","1.00","May 15, 2028","2.18","CAD","May 14, 2021"
"VW","VW CREDIT CANADA INC RegS","Financial","Fixed Income","1,671,891.89","0.11","1,671,891.89","1,840,000.00","1,840,000.00","90.12","Germany","-","CAD","3.00","1.00","Dec 10, 2026","2.45","CAD","Dec 10, 2021"
"BCECN","BELL CANADA INC","Communication","Fixed Income","1,671,496.35","0.11","1,671,496.35","1,729,000.00","1,729,000.00","96.21","Canada","-","CAD","1.28","1.00","Jan 29, 2025","2.75","CAD","May 13, 2019"
"PPLCN","PEMBINA PIPELINE CORP MTN","Energy","Fixed Income","1,669,504.99","0.11","1,669,504.99","1,920,000.00","1,920,000.00","86.42","Canada","-","CAD","5.58","1.00","Feb 1, 2030","3.31","CAD","Sep 12, 2019"
"TOYOTA","TOYOTA CREDIT CANADA INC MTN","Financial","Fixed Income","1,662,606.22","0.10","1,662,606.22","1,742,000.00","1,742,000.00","95.25","Canada","-","CAD","1.36","1.00","Feb 26, 2025","2.11","CAD","Feb 26, 2020"
"HYNMTR","HYUNDAI CAPITAL CANADA INC","Financial","Fixed Income","1,658,346.09","0.10","1,658,346.09","1,811,000.00","1,811,000.00","91.19","Canada","-","CAD","3.14","1.00","Feb 16, 2027","3.20","CAD","Feb 15, 2022"
"GRTCN","GRANITE REIT HOLDINGS LP","Real Estate","Fixed Income","1,656,761.79","0.10","1,656,761.79","2,106,000.00","2,106,000.00","78.00","Canada","-","CAD","6.41","1.00","Dec 18, 2030","2.38","CAD","Dec 18, 2020"
"BRUPOW","BRUCE POWER LP","Energy","Fixed Income","1,655,894.98","0.10","1,655,894.98","1,860,000.00","1,860,000.00","87.89","Canada","-","CAD","7.73","1.00","Jun 21, 2033","4.13","CAD","Mar 1, 2018"
"GIBACN","CGI INC","Industrial","Fixed Income","1,652,796.77","0.10","1,652,796.77","1,939,000.00","1,939,000.00","85.18","Canada","-","CAD","4.62","1.00","Sep 18, 2028","2.10","CAD","Sep 16, 2021"
"CAAIAU","CALGARY AIRPORT AUTHORITY","Infrastructure","Fixed Income","1,652,020.57","0.10","1,652,020.57","2,075,000.00","2,075,000.00","77.96","Canada","-","CAD","12.39","1.00","Oct 7, 2041","3.45","CAD","Oct 7, 2021"
"HYDONE","HYDRO ONE INC MTN","Infrastructure","Fixed Income","1,647,470.77","0.10","1,647,470.77","1,738,000.00","1,738,000.00","94.52","Canada","-","CAD","2.28","1.00","Feb 24, 2026","2.77","CAD","Feb 24, 2016"
"BNCN","BROOKFIELD ASSET MANAGEMENT INC MTN","Industrial","Fixed Income","1,643,114.49","0.10","1,643,114.49","1,750,000.00","1,750,000.00","93.76","Canada","-","CAD","3.19","1.00","Mar 16, 2027","3.80","CAD","Sep 16, 2016"
"SGTPHW","SGTP HIGHWAY BYPASS LIMITED PARTNE RegS","Infrastructure","Fixed Income","1,642,996.69","0.10","1,642,996.69","1,928,112.00","1,928,112.00","84.54","Canada","-","CAD","8.46","1.00","Jan 31, 2045","4.11","CAD","Aug 4, 2015"
"GM","GENERAL MOTORS FINANCIAL OF CANADA","Financial","Fixed Income","1,637,035.56","0.10","1,637,035.56","1,699,000.00","1,699,000.00","95.63","United States","-","CAD","3.84","1.00","Feb 9, 2028","5.20","CAD","Feb 9, 2023"
"EMACN","EMERA INCORPORATED RegS","Infrastructure","Fixed Income","1,635,493.50","0.10","1,635,493.50","1,700,000.00","1,700,000.00","94.22","Canada","-","CAD","5.45","1.00","May 2, 2030","4.84","CAD","May 2, 2023"
"HYDONE","HYDRO ONE INC MTN","Infrastructure","Fixed Income","1,626,366.88","0.10","1,626,366.88","1,589,000.00","1,589,000.00","101.22","Canada","-","CAD","10.93","1.00","Jul 16, 2040","5.49","CAD","Jul 16, 2009"
"CNRCN","CANADIAN NATIONAL RAILWAY COMPANY","Industrial","Fixed Income","1,624,658.20","0.10","1,624,658.20","1,700,000.00","1,700,000.00","93.95","Canada","-","CAD","5.59","1.00","May 10, 2030","4.15","CAD","May 10, 2023"
"ONTPOW","ONTARIO POWER GENERATION INC MTN","Energy","Fixed Income","1,624,323.79","0.10","1,624,323.79","1,835,000.00","1,835,000.00","88.39","Canada","-","CAD","5.35","1.00","Sep 13, 2029","2.98","CAD","Sep 13, 2019"
"ENBCN","ENBRIDGE INC MTN","Energy","Fixed Income","1,624,080.02","0.10","1,624,080.02","1,690,000.00","1,690,000.00","94.11","Canada","-","CAD","13.70","1.00","May 26, 2053","5.76","CAD","May 26, 2023"
"NISCAN","NISSAN CANADA INC","Industrial","Fixed Income","1,620,569.79","0.10","1,620,569.79","1,770,000.00","1,770,000.00","91.52","Canada","-","CAD","1.90","1.00","Sep 22, 2025","2.10","CAD","Sep 22, 2021"
"CHPUCN","CHOICE PROPERTIES REAL ESTATE INVE","Real Estate","Fixed Income","1,618,657.83","0.10","1,618,657.83","1,612,000.00","1,612,000.00","98.82","Canada","-","CAD","6.62","1.00","Jun 24, 2032","6.00","CAD","Jun 24, 2022"
"NVLAUT","NOUVELLE AUTOROUTE 30 FINANCEMENT","Infrastructure","Fixed Income","1,617,885.15","0.10","1,617,885.15","1,944,940.00","1,944,940.00","82.16","Canada","-","CAD","10.06","1.00","Jun 30, 2042","4.12","CAD","Jun 14, 2018"
"BAMREP","BROOKFIELD RENEWABLE ENERGY PARTNE MTN","Energy","Fixed Income","1,616,708.01","0.10","1,616,708.01","1,715,000.00","1,715,000.00","93.51","Canada","-","CAD","3.04","1.00","Jan 15, 2027","3.63","CAD","Aug 12, 2016"
"FORTFD_23-1","FORTIFIED TRUST FORTFD_23-1 A","Securitized","Fixed Income","1,615,311.35","0.10","1,615,311.35","1,683,000.00","1,683,000.00","94.79","Canada","-","CAD","3.77","1.00","Dec 23, 2027","4.42","CAD","Jan 31, 2023"
"MFCCN","MANULIFE BANK OF CANADA","Financial","Fixed Income","1,610,685.15","0.10","1,610,685.15","1,721,000.00","1,721,000.00","93.19","Canada","-","CAD","1.67","1.00","Jun 25, 2025","1.50","CAD","Jun 25, 2020"
"HNDA","HONDA CANADA FINANCE INC","Financial","Fixed Income","1,605,108.09","0.10","1,605,108.09","1,779,000.00","1,779,000.00","90.18","Canada","-","CAD","2.37","1.00","Mar 17, 2026","1.34","CAD","Sep 17, 2020"
"ENBGAS","ENBRIDGE GAS INC","Energy","Fixed Income","1,602,624.47","0.10","1,602,624.47","2,079,000.00","2,079,000.00","75.28","Canada","-","CAD","15.10","1.00","Apr 1, 2050","3.65","CAD","Apr 1, 2020"
"GTAAIR","GREATER TORONTO AIRPORTS AUTHORITY","Infrastructure","Fixed Income","1,601,122.30","0.10","1,601,122.30","1,851,000.00","1,851,000.00","85.87","Canada","-","CAD","4.32","1.00","May 3, 2028","1.54","CAD","Nov 3, 2020"
"SUCN","SUNCOR ENERGY INC MTN","Energy","Fixed Income","1,601,049.39","0.10","1,601,049.39","2,199,000.00","2,199,000.00","72.54","Canada","-","CAD","14.85","1.00","Mar 4, 2051","3.95","CAD","Mar 4, 2021"
"ARXCN","ARC RESOURCES LTD","Energy","Fixed Income","1,598,564.33","0.10","1,598,564.33","1,885,000.00","1,885,000.00","84.62","Canada","-","CAD","6.40","1.00","Mar 10, 2031","3.46","CAD","Mar 10, 2021"
"GLCRTR","GLACIER CREDIT CARD TRUST","Securitized","Fixed Income","1,598,286.21","0.10","1,598,286.21","1,600,000.00","1,600,000.00","99.32","Canada","-","CAD","4.29","1.00","Sep 20, 2028","5.68","CAD","Aug 23, 2023"
"HOSNOH","HOSPITAL INFRASTRUCTURE PARTNERS I","Infrastructure","Fixed Income","1,594,008.46","0.10","1,594,008.46","1,654,328.00","1,654,328.00","95.46","Canada","-","CAD","8.52","1.00","Jan 31, 2045","5.44","CAD","Jul 29, 2011"
"ETRHWY","407 INTERNATIONAL INC. MTN","Infrastructure","Fixed Income","1,592,329.88","0.10","1,592,329.88","1,574,000.00","1,574,000.00","100.44","Canada","-","CAD","8.82","1.00","Feb 14, 2036","5.75","CAD","Feb 14, 2006"
"NWRWPT","NORTH WEST REDWATER PARTNERSHIP","Energy","Fixed Income","1,588,701.73","0.10","1,588,701.73","1,806,000.00","1,806,000.00","87.00","Canada","-","CAD","10.66","1.00","Jan 10, 2039","4.35","CAD","Jun 10, 2016"
"CUCN","CU INC MTN","Energy","Fixed Income","1,584,789.42","0.10","1,584,789.42","2,070,000.00","2,070,000.00","75.30","Canada","-","CAD","14.65","1.00","Nov 22, 2047","3.55","CAD","Nov 22, 2017"
"NWRWPT","NORTH WEST REDWATER PARTNERSHIP RegS","Energy","Fixed Income","1,579,371.67","0.10","1,579,371.67","1,736,000.00","1,736,000.00","89.61","Canada","-","CAD","7.67","1.00","Jun 1, 2033","4.15","CAD","Jun 10, 2016"
"CUCN","CU INC","Energy","Fixed Income","1,576,944.78","0.10","1,576,944.78","1,716,000.00","1,716,000.00","89.93","Canada","-","CAD","11.73","1.00","Oct 24, 2041","4.54","CAD","Oct 24, 2011"
"DE","JOHN DEERE FINANCIAL INC MTN","Financial","Fixed Income","1,574,240.02","0.10","1,574,240.02","1,575,000.00","1,575,000.00","98.49","United States","-","CAD","3.31","1.00","Jun 14, 2027","4.95","CAD","Jun 13, 2023"
"MFCCN","MANULIFE BANK OF CANADA","Financial","Fixed Income","1,572,122.30","0.10","1,572,122.30","1,762,000.00","1,762,000.00","89.16","Canada","-","CAD","2.83","1.00","Sep 14, 2026","1.54","CAD","Sep 13, 2021"
"ALTALK","ALTALINK LP MTN","Infrastructure","Fixed Income","1,569,836.74","0.10","1,569,836.74","1,844,000.00","1,844,000.00","84.14","Canada","-","CAD","12.48","1.00","Jun 30, 2042","3.99","CAD","Jun 29, 2012"
"GEICN","GIBSON ENERGY INC MTN","Energy","Fixed Income","1,563,736.78","0.10","1,563,736.78","1,774,000.00","1,774,000.00","88.03","Canada","-","CAD","5.27","1.00","Sep 17, 2029","3.60","CAD","Sep 17, 2019"
"WSPCN","WSP GLOBAL INC","Industrial","Fixed Income","1,558,909.79","0.10","1,558,909.79","1,771,000.00","1,771,000.00","86.95","Canada","-","CAD","4.18","1.00","Apr 19, 2028","2.41","CAD","Apr 19, 2021"
"RCICN","ROGERS COMMUNICATIONS INC","Communication","Fixed Income","1,557,983.98","0.10","1,557,983.98","1,784,000.00","1,784,000.00","86.33","Canada","-","CAD","5.43","1.00","Dec 10, 2029","3.30","CAD","Dec 9, 2019"
"CHPUCN","CHOICE PROPERTIES REAL ESTATE INVE","Real Estate","Fixed Income","1,557,643.70","0.10","1,557,643.70","1,709,000.00","1,709,000.00","90.12","Canada","-","CAD","3.36","1.00","May 21, 2027","2.85","CAD","May 21, 2020"
"SLFCN","SUN LIFE FINANCIAL INC","Financial","Fixed Income","1,556,576.42","0.10","1,556,576.42","1,714,000.00","1,714,000.00","89.92","Canada","-","CAD","2.91","1.00","Nov 18, 2031","2.46","CAD","Nov 18, 2021"
"SUCN","SUNCOR ENERGY INC MTN","Energy","Fixed Income","1,552,905.23","0.10","1,552,905.23","1,959,000.00","1,959,000.00","79.08","Canada","-","CAD","13.43","1.00","Sep 13, 2046","4.34","CAD","Sep 13, 2016"
"ENBPIP","ENBRIDGE PIPELINES INC MTN","Energy","Fixed Income","1,548,275.92","0.10","1,548,275.92","1,653,000.00","1,653,000.00","93.25","Canada","-","CAD","2.69","1.00","Aug 10, 2026","3.00","CAD","Aug 9, 2016"
"GM","GENERAL MOTORS FINANCIAL OF CANADA","Financial","Fixed Income","1,543,423.16","0.10","1,543,423.16","1,702,000.00","1,702,000.00","89.88","Canada","-","CAD","2.42","1.00","Apr 15, 2026","1.75","CAD","Jan 15, 2021"
"TRPCN","TRANSCANADA PIPELINES LTD MTN","Energy","Fixed Income","1,542,869.22","0.10","1,542,869.22","1,873,000.00","1,873,000.00","81.46","Canada","-","CAD","6.63","1.00","Jun 9, 2031","2.97","CAD","Jun 9, 2021"
"SLFCN","SUN LIFE FINANCIAL INC RegS","Financial","Fixed Income","1,541,963.02","0.10","1,541,963.02","1,575,000.00","1,575,000.00","96.60","Canada","-","CAD","5.17","1.00","Jul 4, 2035","5.50","CAD","Jul 4, 2023"
"KEYCN","KEYERA CORP MTN","Energy","Fixed Income","1,541,743.54","0.10","1,541,743.54","1,713,000.00","1,713,000.00","88.67","Canada","-","CAD","5.67","1.00","May 29, 2030","3.96","CAD","May 29, 2020"
"BIP","BROOKFIELD INFRASTRUCTURE FINANCE","Infrastructure","Fixed Income","1,538,007.78","0.10","1,538,007.78","1,600,000.00","1,600,000.00","93.79","Canada","-","CAD","7.72","1.00","Apr 25, 2034","5.44","CAD","Apr 25, 2022"
"CWBCN","CANADIAN WESTERN BANK","Financial","Fixed Income","1,537,928.84","0.10","1,537,928.84","1,800,000.00","1,800,000.00","84.92","Canada","-","CAD","3.95","1.00","Dec 16, 2027","1.82","CAD","Dec 16, 2020"
"VW","VW CREDIT CANADA INC RegS","Financial","Fixed Income","1,534,236.12","0.10","1,534,236.12","1,670,000.00","1,670,000.00","91.85","Germany","-","CAD","1.91","1.00","Sep 23, 2025","1.50","CAD","Sep 23, 2020"
"TIHCN","TOROMONT INDUSTRIES LTD.","Industrial","Fixed Income","1,528,696.57","0.10","1,528,696.57","1,605,000.00","1,605,000.00","93.61","Canada","-","CAD","3.66","1.00","Oct 27, 2027","3.84","CAD","Oct 27, 2017"
"VANAFF","VANCOUVER AIRPORT FUEL FACILITIES","Infrastructure","Fixed Income","1,525,850.21","0.10","1,525,850.21","1,610,000.00","1,610,000.00","94.19","Canada","-","CAD","1.66","1.00","Jun 23, 2025","2.17","CAD","Jun 22, 2020"
"HYDONE","HYDRO ONE INC.","Infrastructure","Fixed Income","1,523,183.17","0.10","1,523,183.17","1,353,000.00","1,353,000.00","110.20","Canada","-","CAD","5.26","1.00","Jun 3, 2030","7.35","CAD","Jun 1, 2000"
"CUCN","CU INC MTN","Energy","Fixed Income","1,521,412.74","0.10","1,521,412.74","1,873,000.00","1,873,000.00","81.03","Canada","-","CAD","12.76","1.00","Sep 10, 2042","3.81","CAD","Sep 10, 2012"
"ENBCN","ENBRIDGE INC MTN","Energy","Fixed Income","1,516,601.49","0.10","1,516,601.49","1,940,000.00","1,940,000.00","77.79","Canada","-","CAD","12.08","1.00","Aug 27, 2042","4.24","CAD","Aug 27, 2012"
"ENBCN","ENBRIDGE INC MTN","Energy","Fixed Income","1,516,059.80","0.10","1,516,059.80","1,525,000.00","1,525,000.00","97.97","Canada","-","CAD","1.08","1.00","Nov 19, 2024","3.95","CAD","Dec 21, 2018"
"NWRWPT","NORTH WEST REDWATER PARTNERSHIP RegS","Energy","Fixed Income","1,514,685.77","0.10","1,514,685.77","1,629,000.00","1,629,000.00","91.42","Canada","-","CAD","9.64","1.00","Jun 1, 2037","4.75","CAD","Jan 29, 2016"
"BCFERR","BC FERRY SERVICES INC MTN","Infrastructure","Fixed Income","1,510,557.33","0.10","1,510,557.33","1,549,000.00","1,549,000.00","97.39","Canada","-","CAD","9.72","1.00","Mar 20, 2037","5.02","CAD","Mar 20, 2007"
"NWRWPT","NORTH WEST REDWATER PARTNERSHIP","Energy","Fixed Income","1,510,549.05","0.10","1,510,549.05","1,575,000.00","1,575,000.00","94.52","Canada","-","CAD","2.39","1.00","Apr 24, 2026","3.20","CAD","Jul 24, 2015"
"GTAAIR","GREATER TORONTO AIRPORTS AUTHORITY MTN","Infrastructure","Fixed Income","1,509,992.04","0.09","1,509,992.04","1,358,000.00","1,358,000.00","109.09","Canada","-","CAD","5.32","1.00","Jun 12, 2030","7.05","CAD","Jun 12, 2000"
"MFCCN","MANULIFE BANK OF CANADA","Financial","Fixed Income","1,503,761.59","0.09","1,503,761.59","1,658,000.00","1,658,000.00","90.57","Canada","-","CAD","2.32","1.00","Feb 26, 2026","1.34","CAD","Feb 26, 2021"
"TERANE","TERANET HOLDINGS LP","Industrial","Fixed Income","1,503,551.46","0.09","1,503,551.46","1,696,000.00","1,696,000.00","88.28","Canada","-","CAD","4.79","1.00","Feb 23, 2029","3.72","CAD","Feb 23, 2022"
"GLCRTR_20-1-SR","GLCRTR_20-1 SR","Securitized","Fixed Income","1,503,480.19","0.09","1,503,480.19","1,640,000.00","1,640,000.00","91.65","Canada","-","CAD","1.91","1.00","Sep 22, 2025","1.39","CAD","Sep 25, 2020"
"BIP","BROOKFIELD INFRASTRUCTURE FINANCE","Infrastructure","Fixed Income","1,498,985.49","0.09","1,498,985.49","1,616,000.00","1,616,000.00","92.55","Canada","-","CAD","4.40","1.00","Sep 11, 2028","4.19","CAD","Sep 10, 2018"
"MRUCN","METRO INC MTN","Industrial","Fixed Income","1,497,882.88","0.09","1,497,882.88","1,600,000.00","1,600,000.00","92.55","Canada","-","CAD","3.80","1.00","Dec 6, 2027","3.39","CAD","Dec 4, 2017"
"HYDONE","HYDRO ONE INC MTN","Infrastructure","Fixed Income","1,484,967.96","0.09","1,484,967.96","1,601,000.00","1,601,000.00","90.58","Canada","-","CAD","12.39","1.00","Oct 9, 2043","4.59","CAD","Oct 9, 2013"
"BIP","BROOKFIELD INFRASTRUCTURE FINANCE MTN RegS","Infrastructure","Fixed Income","1,483,895.89","0.09","1,483,895.89","1,500,000.00","1,500,000.00","97.93","Canada","-","CAD","5.53","1.00","Jul 27, 2030","5.71","CAD","Jul 27, 2023"
"ARXCN","ARC RESOURCES LTD","Energy","Fixed Income","1,483,557.39","0.09","1,483,557.39","1,607,000.00","1,607,000.00","92.20","Canada","-","CAD","2.33","1.00","Mar 10, 2026","2.35","CAD","Mar 10, 2021"
"VTR","VENTAS CANADA FINANCE LTD","Real Estate","Fixed Income","1,480,756.72","0.09","1,480,756.72","1,651,000.00","1,651,000.00","89.10","United States","-","CAD","3.06","1.00","Jan 4, 2027","2.45","CAD","Dec 1, 2021"
"FTSCN","FORTIS INC","Infrastructure","Fixed Income","1,478,234.42","0.09","1,478,234.42","1,538,000.00","1,538,000.00","94.63","Canada","-","CAD","4.86","1.00","May 31, 2029","4.43","CAD","May 31, 2022"
"PPLCN","PEMBINA PIPELINE CORP MTN RegS","Energy","Fixed Income","1,476,687.07","0.09","1,476,687.07","1,592,000.00","1,592,000.00","92.73","Canada","-","CAD","4.05","1.00","Mar 27, 2028","4.02","CAD","Mar 26, 2018"
"TOYOTA","TOYOTA CREDIT CANADA INC MTN","Financial","Fixed Income","1,468,764.61","0.09","1,468,764.61","1,544,000.00","1,544,000.00","94.87","Canada","-","CAD","1.82","1.00","Aug 25, 2025","2.73","CAD","Feb 23, 2022"
"BRUPOW","BRUCE POWER LP","Energy","Fixed Income","1,467,782.91","0.09","1,467,782.91","1,566,000.00","1,566,000.00","92.63","Canada","-","CAD","4.98","1.00","Jun 21, 2029","4.01","CAD","Feb 14, 2017"
"FFHCN","FAIRFAX FINANCIAL HOLDINGS LTD MTN","Financial","Fixed Income","1,462,168.70","0.09","1,462,168.70","1,506,000.00","1,506,000.00","95.74","Canada","-","CAD","2.90","1.00","Dec 16, 2026","4.70","CAD","Dec 16, 2016"
"RCICN","ROGERS COMMUNICATIONS INC","Communication","Fixed Income","1,460,945.50","0.09","1,460,945.50","1,771,000.00","1,771,000.00","81.60","Canada","-","CAD","6.27","1.00","Dec 9, 2030","2.90","CAD","Apr 22, 2020"
"GTAAIR","GREATER TORONTO AIRPORTS AUTH 144A","Infrastructure","Fixed Income","1,459,782.61","0.09","1,459,782.61","1,374,000.00","1,374,000.00","104.16","Canada","-","CAD","3.59","1.00","Dec 3, 2027","6.45","CAD","Dec 2, 1997"
"IGMCN","IGM FINANCIAL INC","Financial","Fixed Income","1,458,241.25","0.09","1,458,241.25","1,559,000.00","1,559,000.00","92.92","Canada","-","CAD","3.08","1.00","Jan 26, 2027","3.44","CAD","Jan 26, 2017"
"ENBPIP","ENBRIDGE PIPELINES INC MTN","Energy","Fixed Income","1,454,765.65","0.09","1,454,765.65","1,873,000.00","1,873,000.00","77.22","Canada","-","CAD","13.98","1.00","Feb 22, 2049","4.33","CAD","Feb 22, 2019"
"DOLCN","DOLLARAMA INC","Industrial","Fixed Income","1,453,902.91","0.09","1,453,902.91","1,595,000.00","1,595,000.00","90.73","Canada","-","CAD","2.64","1.00","Jul 8, 2026","1.87","CAD","Jul 8, 2021"
"ONTPOW","ONTARIO POWER GENERATION INC MTN","Energy","Fixed Income","1,444,000.96","0.09","1,444,000.96","1,718,000.00","1,718,000.00","83.20","Canada","-","CAD","14.42","1.00","Jan 18, 2049","4.25","CAD","Jan 18, 2019"
"RCICN","ROGERS COMMUNICATIONS INC RegS","Communication","Fixed Income","1,443,905.06","0.09","1,443,905.06","1,450,000.00","1,450,000.00","99.46","Canada","-","CAD","2.72","1.00","Sep 21, 2026","5.65","CAD","Sep 21, 2023"
"DOLCN","DOLLARAMA INC","Industrial","Fixed Income","1,443,725.14","0.09","1,443,725.14","1,450,000.00","1,450,000.00","97.36","Canada","-","CAD","5.37","1.00","Apr 26, 2030","5.17","CAD","Oct 26, 2022"
"REIUCN","RIOCAN REAL ESTATE INVESTMENT TRUS","Real Estate","Fixed Income","1,439,551.69","0.09","1,439,551.69","1,599,000.00","1,599,000.00","89.45","Canada","-","CAD","2.57","1.00","Jun 15, 2026","1.97","CAD","Dec 14, 2020"
"OMERS","OMERS REALTY CORP","Real Estate","Fixed Income","1,436,107.68","0.09","1,436,107.68","1,599,000.00","1,599,000.00","88.66","Canada","-","CAD","5.75","1.00","Jun 5, 2030","3.63","CAD","Jun 5, 2018"
"GTAAIR","GREATER TORONTO AIRPORTS AUTHORITY 144A","Infrastructure","Fixed Income","1,435,704.95","0.09","1,435,704.95","1,358,000.00","1,358,000.00","103.96","Canada","-","CAD","10.80","1.00","Jun 7, 2040","5.63","CAD","Jun 7, 2010"
"FNTETF","FIRST NATIONS ETF LP 144A","Energy","Fixed Income","1,434,313.96","0.09","1,434,313.96","1,619,223.00","1,619,223.00","87.55","Canada","-","CAD","5.84","1.00","Dec 31, 2041","4.14","CAD","Nov 22, 2017"
"PPLCN","PEMBINA PIPELINE CORP","Energy","Fixed Income","1,433,627.79","0.09","1,433,627.79","1,864,000.00","1,864,000.00","75.55","Canada","-","CAD","14.06","1.00","Dec 10, 2051","4.49","CAD","Dec 10, 2021"
"BCECN","BELL CANADA INC","Communication","Fixed Income","1,432,192.44","0.09","1,432,192.44","1,648,000.00","1,648,000.00","86.16","Canada","-","CAD","4.31","1.00","May 29, 2028","2.20","CAD","May 28, 2021"
"OMERS","OMERS REALTY CORP RegS","Real Estate","Fixed Income","1,419,301.18","0.09","1,419,301.18","1,460,000.00","1,460,000.00","94.96","Canada","-","CAD","4.69","1.00","Apr 9, 2029","4.54","CAD","Mar 9, 2023"
"LCN","LOBLAW COMPANIES LTD","Industrial","Fixed Income","1,416,323.40","0.09","1,416,323.40","1,495,000.00","1,495,000.00","94.50","Canada","-","CAD","14.48","1.00","Sep 13, 2052","5.34","CAD","Sep 13, 2022"
"BAMREP","BROOKFIELD RENEWABLE PARTNERS ULC MTN","Energy","Fixed Income","1,414,457.56","0.09","1,414,457.56","1,603,000.00","1,603,000.00","87.53","Canada","-","CAD","5.52","1.00","Jan 15, 2030","3.38","CAD","Sep 13, 2019"
"NAVCAN","NAV CANADA","Infrastructure","Fixed Income","1,412,628.55","0.09","1,412,628.55","2,100,000.00","2,100,000.00","67.27","Canada","-","CAD","16.95","1.00","Sep 29, 2051","2.92","CAD","May 29, 2020"
"DIRUCN","DREAM INDUSTRIAL REAL ESTATE INVES","Real Estate","Fixed Income","1,412,030.72","0.09","1,412,030.72","1,547,000.00","1,547,000.00","90.82","Canada","-","CAD","2.14","1.00","Dec 22, 2025","1.66","CAD","Dec 22, 2020"
"PENSKE","PENSKE TRUCK LEASING CANADA INC","Industrial","Fixed Income","1,411,243.55","0.09","1,411,243.55","1,404,000.00","1,404,000.00","98.83","Canada","-","CAD","2.01","1.00","Dec 8, 2025","5.44","CAD","Dec 6, 2022"
"ETRHWY","407 INTERNATIONAL INC MTN","Infrastructure","Fixed Income","1,410,696.56","0.09","1,410,696.56","2,152,000.00","2,152,000.00","65.38","Canada","-","CAD","16.43","1.00","Mar 7, 2050","2.84","CAD","Mar 6, 2020"
"GZMCN","ENERGIR LP","Energy","Fixed Income","1,409,195.39","0.09","1,409,195.39","1,500,000.00","1,500,000.00","92.37","Canada","-","CAD","15.10","1.00","Jun 2, 2053","4.83","CAD","Jun 2, 2023"
"BCECN","BELL CANADA 144A","Communication","Fixed Income","1,408,365.14","0.09","1,408,365.14","1,396,000.00","1,396,000.00","100.67","Canada","-","CAD","8.26","1.00","Mar 16, 2035","6.10","CAD","Mar 16, 2004"
"ETRHWY","407 INTERNATIONAL INC MTN","Infrastructure","Fixed Income","1,406,362.88","0.09","1,406,362.88","1,771,000.00","1,771,000.00","77.97","Canada","-","CAD","14.65","1.00","May 11, 2048","3.72","CAD","May 9, 2018"
"AIREIN","AIMCO REALTY INVESTORS LP","Real Estate","Fixed Income","1,402,702.50","0.09","1,402,702.50","1,550,000.00","1,550,000.00","89.50","Canada","-","CAD","4.24","1.00","Jun 1, 2028","3.04","CAD","Nov 23, 2017"
"AIREIN","AIMCO REALTY INVESTORS LP","Real Estate","Fixed Income","1,402,334.49","0.09","1,402,334.49","1,500,000.00","1,500,000.00","92.38","Canada","-","CAD","3.36","1.00","Jun 1, 2027","3.37","CAD","Dec 7, 2018"
"TCN","TELUS CORPORATION MTN","Communication","Fixed Income","1,396,479.64","0.09","1,396,479.64","1,719,000.00","1,719,000.00","79.06","Canada","-","CAD","11.90","1.00","Apr 1, 2043","4.40","CAD","Apr 1, 2013"
"IPLCN","INTER PIPELINE LTD MTN","Energy","Fixed Income","1,396,012.33","0.09","1,396,012.33","1,491,000.00","1,491,000.00","92.63","Canada","-","CAD","2.96","1.00","Dec 16, 2026","3.48","CAD","Dec 16, 2016"
"CAECN","CAE INC RegS","Industrial","Fixed Income","1,393,365.69","0.09","1,393,365.69","1,400,000.00","1,400,000.00","97.87","Canada","-","CAD","4.02","1.00","Jun 12, 2028","5.54","CAD","Jun 12, 2023"
"GM","GENERAL MOTORS FINANCIAL OF CANADA","Financial","Fixed Income","1,392,922.90","0.09","1,392,922.90","1,499,000.00","1,499,000.00","92.54","United States","-","CAD","1.71","1.00","Jul 9, 2025","1.70","CAD","Jul 9, 2021"
"LCN","LOBLAW COMPANIES LTD","Industrial","Fixed Income","1,392,340.79","0.09","1,392,340.79","1,433,000.00","1,433,000.00","95.81","Canada","-","CAD","4.49","1.00","Dec 11, 2028","4.49","CAD","Dec 10, 2018"
"IAGCN","IA FINANCIAL CORPORATION INC","Financial","Fixed Income","1,391,848.70","0.09","1,391,848.70","1,400,000.00","1,400,000.00","97.85","Canada","-","CAD","3.96","1.00","Jun 20, 2033","5.68","CAD","Jun 20, 2023"
"MRUCN","METRO INC MTN","Industrial","Fixed Income","1,391,113.95","0.09","1,391,113.95","1,692,000.00","1,692,000.00","80.85","Canada","-","CAD","13.81","1.00","Dec 4, 2047","4.27","CAD","Dec 4, 2017"
"TCN","TELUS CORPORATION","Communication","Fixed Income","1,391,171.71","0.09","1,391,171.71","1,754,000.00","1,754,000.00","78.33","Canada","-","CAD","6.30","1.00","Oct 7, 2030","2.05","CAD","Oct 5, 2020"
"EPCOR","EPCOR UTILITIES INC MTN","Infrastructure","Fixed Income","1,387,145.93","0.09","1,387,145.93","1,510,000.00","1,510,000.00","91.51","Canada","-","CAD","15.29","1.00","Sep 2, 2052","4.72","CAD","Sep 2, 2022"
"BCECN","BELL CANADA MTN","Communication","Fixed Income","1,385,797.60","0.09","1,385,797.60","1,719,000.00","1,719,000.00","80.21","Canada","-","CAD","13.44","1.00","Feb 27, 2047","4.45","CAD","Feb 27, 2017"
"NWRWPT","NORTH WEST REDWATER PARTNERSHIP","Energy","Fixed Income","1,382,878.60","0.09","1,382,878.60","1,825,000.00","1,825,000.00","74.54","Canada","-","CAD","15.29","1.00","Jun 1, 2051","3.75","CAD","Jun 30, 2021"
"BAMREP","BROOKFIELD RENEWABLE ENERGY PARTNE MTN","Energy","Fixed Income","1,381,169.78","0.09","1,381,169.78","1,412,000.00","1,412,000.00","96.59","Canada","-","CAD","1.58","1.00","Jun 2, 2025","3.75","CAD","Mar 6, 2015"
"BCECN","BELL CANADA INC MTN","Communication","Fixed Income","1,380,942.38","0.09","1,380,942.38","1,868,000.00","1,868,000.00","73.79","Canada","-","CAD","14.79","1.00","Mar 17, 2051","4.05","CAD","Mar 17, 2021"
"HYDONE","HYDRO ONE LTD","Infrastructure","Fixed Income","1,379,811.82","0.09","1,379,811.82","1,587,000.00","1,587,000.00","86.30","Canada","-","CAD","3.83","1.00","Oct 15, 2027","1.41","CAD","Oct 15, 2020"
"DIRUCN","DREAM INDUSTRIAL REAL ESTATE INVES","Real Estate","Fixed Income","1,377,354.07","0.09","1,377,354.07","1,586,000.00","1,586,000.00","86.26","Canada","-","CAD","3.49","1.00","Jun 17, 2027","2.06","CAD","Jun 17, 2021"
"ONTPOW","ONTARIO POWER GENERATION INC","Energy","Fixed Income","1,364,540.77","0.09","1,364,540.77","1,509,000.00","1,509,000.00","89.91","Canada","-","CAD","2.46","1.00","Apr 22, 2026","1.17","CAD","Oct 22, 2020"
"CWBCN","CANADIAN WESTERN BANK","Financial","Fixed Income","1,363,174.14","0.09","1,363,174.14","1,490,000.00","1,490,000.00","90.61","Canada","-","CAD","2.41","1.00","Apr 16, 2026","1.93","CAD","Apr 16, 2021"
"ALACN","ALTAGAS LTD","Energy","Fixed Income","1,361,144.51","0.09","1,361,144.51","1,596,000.00","1,596,000.00","84.59","Canada","-","CAD","4.33","1.00","May 30, 2028","2.08","CAD","Nov 30, 2020"
"NWRWPT","NORTH WEST REDWATER PARTNERSHIP RegS","Energy","Fixed Income","1,359,209.48","0.09","1,359,209.48","1,745,000.00","1,745,000.00","77.52","Canada","-","CAD","12.89","1.00","Feb 23, 2043","3.70","CAD","Feb 23, 2015"
"ENBGAS","ENBRIDGE GAS INC MTN","Energy","Fixed Income","1,358,923.37","0.09","1,358,923.37","1,584,000.00","1,584,000.00","84.42","Canada","-","CAD","12.92","1.00","Jun 2, 2044","4.20","CAD","Jun 2, 2014"
"PLEBCA","PLENARY HEALTH BRIDGEPOINT LP","Infrastructure","Fixed Income","1,356,103.54","0.09","1,356,103.54","1,215,142.00","1,215,142.00","111.02","Canada","-","CAD","7.94","1.00","Aug 31, 2042","7.25","CAD","Aug 11, 2009"
"SLFCN","SUN LIFE FINANCIAL INC","Financial","Fixed Income","1,354,831.40","0.09","1,354,831.40","1,419,000.00","1,419,000.00","93.66","Canada","-","CAD","9.35","1.00","May 29, 2042","5.40","CAD","May 29, 2007"
"ONTPOW","ONTARIO POWER GENERATION INC MTN","Energy","Fixed Income","1,347,163.86","0.08","1,347,163.86","1,384,000.00","1,384,000.00","96.37","Canada","-","CAD","6.97","1.00","Jul 19, 2032","4.92","CAD","Jul 18, 2022"
"BCECN","BELL CANADA INC MTN","Communication","Fixed Income","1,345,260.63","0.08","1,345,260.63","1,556,000.00","1,556,000.00","86.31","Canada","-","CAD","5.35","1.00","Sep 10, 2029","2.90","CAD","Sep 10, 2019"
"RCICN","ROGERS COMMUNICATIONS INC. MTN","Communication","Fixed Income","1,343,886.51","0.08","1,343,886.51","1,328,000.00","1,328,000.00","101.07","Canada","-","CAD","10.42","1.00","Mar 22, 2041","6.56","CAD","Mar 21, 2011"
"BCIMCR","BCI QUADREAL REALTY","Real Estate","Fixed Income","1,336,902.66","0.08","1,336,902.66","1,438,000.00","1,438,000.00","92.29","Canada","-","CAD","2.58","1.00","Jun 24, 2026","2.55","CAD","Feb 3, 2022"
"BCECN","BELL CANADA MTN RegS","Communication","Fixed Income","1,335,416.11","0.08","1,335,416.11","1,658,000.00","1,658,000.00","79.32","Canada","-","CAD","13.03","1.00","Dec 18, 2045","4.35","CAD","Mar 30, 2015"
"IFCCN","INTACT FINANCIAL CORP RegS","Financial","Fixed Income","1,332,048.74","0.08","1,332,048.74","1,448,000.00","1,448,000.00","91.10","Canada","-","CAD","3.41","1.00","Jun 7, 2027","2.85","CAD","Jun 7, 2017"
"PPLCN","PEMBINA PIPELINE CORP","Energy","Fixed Income","1,328,486.77","0.08","1,328,486.77","1,566,000.00","1,566,000.00","83.76","Canada","-","CAD","6.86","1.00","Dec 10, 2031","3.53","CAD","Dec 10, 2021"
"ETRHWY","407 INTERNATIONAL INC MTN","Infrastructure","Fixed Income","1,327,163.48","0.08","1,327,163.48","1,683,000.00","1,683,000.00","78.65","Canada","-","CAD","13.66","1.00","Sep 8, 2044","3.65","CAD","Sep 8, 2017"
"HYDONE","HYDRO ONE INC. MTN","Infrastructure","Fixed Income","1,324,220.22","0.08","1,324,220.22","1,224,000.00","1,224,000.00","107.14","Canada","-","CAD","7.63","1.00","Jan 31, 2034","6.35","CAD","Jan 31, 2003"
"DTRGR","DAIMLER TRUCKS FINANCE CANADA INC RegS","Financial","Fixed Income","1,322,243.96","0.08","1,322,243.96","1,457,000.00","1,457,000.00","90.04","Germany","-","CAD","3.01","1.00","Dec 15, 2026","2.46","CAD","Dec 15, 2021"
"HYNMTR","HYUNDAI CAPITAL CANADA INC","Financial","Fixed Income","1,322,146.79","0.08","1,322,146.79","1,350,000.00","1,350,000.00","97.62","Canada","-","CAD","3.87","1.00","Mar 8, 2028","5.57","CAD","Mar 8, 2023"
"CNRCN","CANADIAN NATIONAL RAILWAY COMPANY","Industrial","Fixed Income","1,321,187.61","0.08","1,321,187.61","1,462,000.00","1,462,000.00","89.94","Canada","-","CAD","4.85","1.00","Feb 8, 2029","3.00","CAD","Feb 8, 2019"
"PPLCN","PEMBINA PIPELINE CORP MTN","Energy","Fixed Income","1,317,027.61","0.08","1,317,027.61","1,624,000.00","1,624,000.00","80.19","Canada","-","CAD","12.93","1.00","Jan 21, 2047","4.74","CAD","Jan 20, 2017"
"ALTALK","ALTALINK LP MTN","Infrastructure","Fixed Income","1,316,817.24","0.08","1,316,817.24","1,642,000.00","1,642,000.00","78.99","Canada","-","CAD","14.26","1.00","Dec 3, 2046","3.72","CAD","Dec 1, 2016"
"BRUPOW","BRUCE POWER LP RegS","Energy","Fixed Income","1,311,507.55","0.08","1,311,507.55","1,499,000.00","1,499,000.00","86.19","Canada","-","CAD","13.88","1.00","Jun 21, 2049","4.75","CAD","Mar 25, 2019"
"TCN","TELUS CORPORATION","Communication","Fixed Income","1,311,428.76","0.08","1,311,428.76","1,763,000.00","1,763,000.00","72.40","Canada","-","CAD","14.23","1.00","Apr 5, 2051","4.10","CAD","Apr 5, 2021"
"RLNCE","RELIANCE LP","Industrial","Fixed Income","1,308,733.37","0.08","1,308,733.37","1,349,000.00","1,349,000.00","96.87","Canada","-","CAD","1.40","1.00","Mar 15, 2025","3.84","CAD","Dec 18, 2017"
"HYNMTR","HYUNDAI CAPITAL CANADA INC","Financial","Fixed Income","1,307,556.62","0.08","1,307,556.62","1,434,000.00","1,434,000.00","90.41","Canada","-","CAD","2.48","1.00","May 12, 2026","2.01","CAD","May 12, 2021"
"ETRHWY","407 INTERNATIONAL INC. MTN","Infrastructure","Fixed Income","1,306,775.87","0.08","1,306,775.87","1,675,000.00","1,675,000.00","76.74","Canada","-","CAD","14.46","1.00","May 21, 2047","3.60","CAD","May 19, 2016"
"GLCRTR_22-1","GLCRTR_22-1 RegS","Securitized","Fixed Income","1,305,490.18","0.08","1,305,490.18","1,345,000.00","1,345,000.00","96.94","Canada","-","CAD","3.57","1.00","Sep 20, 2027","4.96","CAD","Sep 27, 2022"
"DOLCN","DOLLARAMA INC","Industrial","Fixed Income","1,299,034.95","0.08","1,299,034.95","1,300,000.00","1,300,000.00","99.88","Canada","-","CAD","4.34","1.00","Sep 26, 2028","5.53","CAD","Sep 26, 2023"
"ALTALK","ALTALINK LP MTN","Infrastructure","Fixed Income","1,298,152.22","0.08","1,298,152.22","1,368,000.00","1,368,000.00","94.73","Canada","-","CAD","12.52","1.00","Sep 17, 2043","4.92","CAD","Sep 17, 2013"
"CRDPOW","CORDELIO AMALCO GP I","Energy","Fixed Income","1,294,724.03","0.08","1,294,724.03","1,413,227.00","1,413,227.00","90.60","Canada","-","CAD","4.66","1.00","Jun 30, 2034","4.09","CAD","Dec 10, 2018"
"HYDONE","HYDRO ONE INC MTN","Infrastructure","Fixed Income","1,292,701.21","0.08","1,292,701.21","1,598,000.00","1,598,000.00","80.82","Canada","-","CAD","7.11","1.00","Sep 17, 2031","2.23","CAD","Sep 17, 2021"
"ETRHWY","407 INTERNATIONAL INC MTN","Infrastructure","Fixed Income","1,292,657.14","0.08","1,292,657.14","1,421,000.00","1,421,000.00","89.30","Canada","-","CAD","11.83","1.00","Nov 15, 2041","4.45","CAD","Nov 17, 2011"
"PRISMT_21-1-A","PRISMT_21-1","Securitized","Fixed Income","1,291,601.43","0.08","1,291,601.43","1,340,000.00","1,340,000.00","95.69","Canada","-","CAD","2.81","1.00","Sep 15, 2026","1.86","CAD","Dec 9, 2021"
"SJOEHC","INTEGRATED TEAM SOLUTIONS SJHC PAR","Infrastructure","Fixed Income","1,291,301.08","0.08","1,291,301.08","1,268,584.00","1,268,584.00","99.82","Canada","-","CAD","7.74","1.00","Nov 30, 2042","5.95","CAD","Mar 11, 2011"
"GTAAIR","GREATER TORONTO AIRPORTS AUTHORITY MTN 144A","Infrastructure","Fixed Income","1,287,282.37","0.08","1,287,282.37","1,385,000.00","1,385,000.00","91.47","Canada","-","CAD","11.91","1.00","Dec 2, 2041","4.53","CAD","Dec 2, 2011"
"TCN","TELUS CORPORATION","Communication","Fixed Income","1,285,658.55","0.08","1,285,658.55","1,334,000.00","1,334,000.00","96.16","Canada","-","CAD","5.07","1.00","Sep 13, 2029","5.00","CAD","Sep 13, 2022"
"BCECN","BELL CANADA MTN 144A","Communication","Fixed Income","1,285,041.47","0.08","1,285,041.47","1,191,000.00","1,191,000.00","107.16","Canada","-","CAD","6.35","1.00","Feb 23, 2032","7.30","CAD","Feb 22, 2002"
"GTAAIR","GREATER TORONTO AIRPORTS AUTHORITY","Infrastructure","Fixed Income","1,283,126.30","0.08","1,283,126.30","1,570,000.00","1,570,000.00","80.66","Canada","-","CAD","10.46","1.00","Jun 1, 2037","3.26","CAD","Mar 29, 2018"
"GWOCN","GREAT-WEST LIFECO INC","Financial","Fixed Income","1,282,593.57","0.08","1,282,593.57","1,927,000.00","1,927,000.00","65.88","Canada","-","CAD","16.12","1.00","Jul 8, 2050","2.98","CAD","Jul 8, 2020"
"ENBGAS","ENBRIDGE GAS INC","Energy","Fixed Income","1,277,859.21","0.08","1,277,859.21","1,390,000.00","1,390,000.00","91.44","Canada","-","CAD","7.25","1.00","Aug 17, 2032","4.15","CAD","Aug 17, 2022"
"TCN","TELUS CORPORATION","Communication","Fixed Income","1,277,417.80","0.08","1,277,417.80","1,320,000.00","1,320,000.00","96.43","Canada","-","CAD","13.88","1.00","Sep 8, 2053","5.95","CAD","Sep 8, 2023"
"TCN","TELUS CORPORATION","Communication","Fixed Income","1,277,320.75","0.08","1,277,320.75","1,383,000.00","1,383,000.00","92.35","Canada","-","CAD","7.44","1.00","Mar 28, 2033","4.95","CAD","Mar 28, 2023"
"FFHCN","FAIRFAX FINANCIAL HOLDINGS LTD","Financial","Fixed Income","1,275,023.28","0.08","1,275,023.28","1,389,000.00","1,389,000.00","90.55","Canada","-","CAD","4.93","1.00","Jun 14, 2029","4.23","CAD","Jun 14, 2019"
"SRUUCN","SMARTCENTRES REAL ESTATE INVESTMEN","Real Estate","Fixed Income","1,268,241.78","0.08","1,268,241.78","1,477,000.00","1,477,000.00","84.89","Canada","-","CAD","5.41","1.00","Dec 20, 2029","3.53","CAD","Dec 20, 2019"
"TCN","TELUS CORPORATION","Communication","Fixed Income","1,267,195.49","0.08","1,267,195.49","1,424,000.00","1,424,000.00","87.21","Canada","-","CAD","11.77","1.00","Nov 26, 2043","5.15","CAD","Nov 26, 2013"
"HYDONE","HYDRO ONE INC RegS","Infrastructure","Fixed Income","1,266,561.39","0.08","1,266,561.39","1,430,000.00","1,430,000.00","87.79","Canada","-","CAD","15.47","1.00","Jan 27, 2053","4.46","CAD","Jan 27, 2023"
"HYDONE","HYDRO ONE INC MTN","Infrastructure","Fixed Income","1,265,673.06","0.08","1,265,673.06","1,506,000.00","1,506,000.00","83.85","Canada","-","CAD","5.85","1.00","Feb 28, 2030","2.16","CAD","Feb 28, 2020"
"OMERS","OMERS REALTY CORP","Real Estate","Fixed Income","1,264,961.80","0.08","1,264,961.80","1,362,000.00","1,362,000.00","91.29","Canada","-","CAD","3.64","1.00","Oct 4, 2027","3.24","CAD","Oct 2, 2017"
"AQNCN","ALGONQUIN POWER CO","Energy","Fixed Income","1,263,073.76","0.08","1,263,073.76","1,330,000.00","1,330,000.00","94.19","Canada","-","CAD","4.63","1.00","Jan 29, 2029","4.60","CAD","Jan 29, 2019"
"BIP","BROOKFIELD INFRASTRUCTURE FINANCE MTN","Infrastructure","Fixed Income","1,261,641.73","0.08","1,261,641.73","1,250,000.00","1,250,000.00","98.81","Canada","-","CAD","3.56","1.00","Nov 14, 2027","5.62","CAD","Nov 14, 2022"
"LBCN","LAURENTIAN BANK OF CANADA","Financial","Fixed Income","1,259,472.10","0.08","1,259,472.10","1,337,000.00","1,337,000.00","94.14","Canada","-","CAD","1.41","1.00","Mar 17, 2025","1.95","CAD","Dec 21, 2021"
"REIUCN","RIOCAN REAL ESTATE INVESTMENT TRUS","Real Estate","Fixed Income","1,259,539.78","0.08","1,259,539.78","1,476,000.00","1,476,000.00","84.22","Canada","-","CAD","4.60","1.00","Nov 8, 2028","2.83","CAD","Nov 8, 2021"
"CWBCN","CANADIAN WESTERN BANK","Financial","Fixed Income","1,258,793.11","0.08","1,258,793.11","1,280,000.00","1,280,000.00","96.64","Canada","-","CAD","1.47","1.00","Apr 21, 2025","3.86","CAD","Apr 19, 2022"
"HYDONE","HYDRO ONE INC MTN","Infrastructure","Fixed Income","1,257,109.46","0.08","1,257,109.46","1,576,000.00","1,576,000.00","78.40","Canada","-","CAD","14.53","1.00","Nov 18, 2047","3.72","CAD","Nov 18, 2016"
"HYDONE","HYDRO ONE INC MTN","Infrastructure","Fixed Income","1,251,227.54","0.08","1,251,227.54","1,293,000.00","1,293,000.00","96.00","Canada","-","CAD","1.66","1.00","Jun 26, 2025","2.97","CAD","Jun 26, 2018"
"CTLONE","CENTRAL 1 CREDIT UNION MTN","Financial","Fixed Income","1,248,330.40","0.08","1,248,330.40","1,270,000.00","1,270,000.00","98.29","Canada","-","CAD","1.88","1.00","Sep 29, 2025","5.42","CAD","Sep 29, 2022"
"IFCCN","INTACT FINANCIAL CORP MTN RegS","Financial","Fixed Income","1,247,707.93","0.08","1,247,707.93","1,428,000.00","1,428,000.00","86.57","Canada","-","CAD","4.29","1.00","May 18, 2028","2.18","CAD","May 18, 2021"
"BCIMCR","QUADREAL PROPERTY GROUP LP","Real Estate","Fixed Income","1,244,257.29","0.08","1,244,257.29","1,380,000.00","1,380,000.00","90.00","Canada","-","CAD","2.27","1.00","Feb 4, 2026","1.07","CAD","Feb 4, 2021"
"ALACN","ALTAGAS LTD MTN","Energy","Fixed Income","1,238,082.75","0.08","1,238,082.75","1,263,000.00","1,263,000.00","96.05","Canada","-","CAD","2.31","1.00","Apr 7, 2026","4.12","CAD","Apr 7, 2016"
"CWBCN","CANADIAN WESTERN BANK","Financial","Fixed Income","1,238,096.40","0.08","1,238,096.40","1,275,000.00","1,275,000.00","96.72","Canada","-","CAD","3.51","1.00","Sep 2, 2027","5.15","CAD","Sep 2, 2022"
"ALACN","ALTAGAS LTD MTN","Energy","Fixed Income","1,237,806.70","0.08","1,237,806.70","1,308,000.00","1,308,000.00","93.98","Canada","-","CAD","1.62","1.00","Jun 10, 2025","2.16","CAD","Jun 10, 2020"
"EDISNH","ELLISDON INFRASTRUCTURE SNH GP","Infrastructure","Fixed Income","1,235,919.05","0.08","1,235,919.05","1,320,000.00","1,320,000.00","93.22","Canada","-","CAD","14.32","1.00","Aug 31, 2057","5.15","CAD","Feb 21, 2023"
"TCN","TELUS CORPORATION","Communication","Fixed Income","1,232,780.24","0.08","1,232,780.24","1,519,000.00","1,519,000.00","80.86","Canada","-","CAD","13.42","1.00","Mar 6, 2048","4.70","CAD","Mar 6, 2017"
"BNCN","BROOKFIELD ASSET MANAGEMENT INC.","Industrial","Fixed Income","1,230,809.86","0.08","1,230,809.86","1,238,000.00","1,238,000.00","97.67","Canada","-","CAD","8.27","1.00","Jun 14, 2035","5.95","CAD","Jun 14, 2005"
"WM","WASTE MANAGEMENT OF CANADA CORP","Industrial","Fixed Income","1,225,437.15","0.08","1,225,437.15","1,328,000.00","1,328,000.00","92.23","Canada","-","CAD","2.82","1.00","Sep 23, 2026","2.60","CAD","Sep 23, 2019"
"PLEHCA","PLENARY HEALTH HAMILTON LP","Infrastructure","Fixed Income","1,224,743.20","0.08","1,224,743.20","1,219,241.00","1,219,241.00","98.53","Canada","-","CAD","7.90","1.00","May 31, 2043","5.80","CAD","Dec 3, 2010"
"ENBGAS","ENBRIDGE GAS INC MTN","Energy","Fixed Income","1,224,619.37","0.08","1,224,619.37","1,099,000.00","1,099,000.00","108.84","Canada","-","CAD","6.75","1.00","Nov 15, 2032","6.90","CAD","Nov 15, 2002"
"RLNCE","RELIANCE LP","Industrial","Fixed Income","1,223,837.31","0.08","1,223,837.31","1,388,000.00","1,388,000.00","87.29","Canada","-","CAD","3.84","1.00","Dec 1, 2027","2.68","CAD","Aug 20, 2020"
"CNRCN","CANADIAN NATIONAL RAILWAY COMPANY","Industrial","Fixed Income","1,222,251.74","0.08","1,222,251.74","1,494,000.00","1,494,000.00","81.73","Canada","-","CAD","13.81","1.00","Sep 22, 2045","3.95","CAD","Sep 22, 2015"
"PPLCN","PEMBINA PIPELINE CORP MTN","Energy","Fixed Income","1,220,646.57","0.08","1,220,646.57","1,456,000.00","1,456,000.00","81.86","Canada","-","CAD","11.72","1.00","Apr 30, 2043","4.75","CAD","Apr 30, 2013"
"NWCONN","NORTHWESTCONNECT GROUP","Infrastructure","Fixed Income","1,218,135.10","0.08","1,218,135.10","1,188,346.00","1,188,346.00","100.03","Canada","-","CAD","7.18","1.00","Apr 30, 2041","5.95","CAD","Aug 12, 2008"
"REIUCN","RIOCAN REAL ESTATE INVESTMENT TRUS","Real Estate","Fixed Income","1,215,545.15","0.08","1,215,545.15","1,383,000.00","1,383,000.00","87.77","Canada","-","CAD","3.24","1.00","Mar 10, 2027","2.36","CAD","Mar 10, 2020"
"HRUCN","H&R REAL ESTATE INVESTMENT TRUST","Real Estate","Fixed Income","1,214,812.43","0.08","1,214,812.43","1,377,000.00","1,377,000.00","87.93","Canada","-","CAD","3.18","1.00","Feb 19, 2027","2.63","CAD","Feb 19, 2021"
"ALBPOW","ALBERTA POWERLINE LP","Infrastructure","Fixed Income","1,204,604.94","0.08","1,204,604.94","1,465,070.00","1,465,070.00","80.89","Canada","-","CAD","12.48","1.00","Dec 1, 2053","4.07","CAD","Oct 2, 2017"
"EPCOR","EPCOR UTILITIES INC MTN RegS","Infrastructure","Fixed Income","1,204,608.08","0.08","1,204,608.08","1,200,000.00","1,200,000.00","100.38","Canada","-","CAD","15.17","1.00","Oct 3, 2053","5.33","CAD","Oct 3, 2023"
"FTSCN","FORTISALBERTA INC","Infrastructure","Fixed Income","1,197,803.52","0.08","1,197,803.52","1,098,000.00","1,098,000.00","106.50","Canada","-","CAD","7.94","1.00","Oct 31, 2034","6.22","CAD","Oct 25, 2004"
"ETRHWY","407 INTERNATIONAL INC MTN","Infrastructure","Fixed Income","1,197,575.84","0.08","1,197,575.84","1,360,000.00","1,360,000.00","86.25","Canada","-","CAD","12.14","1.00","Apr 25, 2042","4.19","CAD","Apr 25, 2012"
"TRPCN","TRANSCANADA PIPELINES LTD MTN","Energy","Fixed Income","1,197,257.32","0.08","1,197,257.32","1,317,000.00","1,317,000.00","90.78","Canada","-","CAD","4.07","1.00","Mar 15, 2028","3.39","CAD","Sep 15, 2017"
"GEICN","GIBSON ENERGY INC MTN","Energy","Fixed Income","1,195,578.72","0.08","1,195,578.72","1,325,000.00","1,325,000.00","89.63","Canada","-","CAD","3.51","1.00","Jul 14, 2027","2.85","CAD","Jul 14, 2020"
"HNDA","HONDA CANADA FINANCE INC","Financial","Fixed Income","1,194,989.31","0.08","1,194,989.31","1,337,000.00","1,337,000.00","89.37","Canada","-","CAD","2.87","1.00","Sep 28, 2026","1.71","CAD","Sep 28, 2021"
"OMERS","OMERS REALTY CORPORATION","Real Estate","Fixed Income","1,194,695.83","0.08","1,194,695.83","1,210,000.00","1,210,000.00","97.46","Canada","-","CAD","1.07","1.00","Nov 12, 2024","3.33","CAD","Nov 12, 2014"
"CAAIAU","CALGARY AIRPORT AUTHORITY","Infrastructure","Fixed Income","1,193,454.60","0.08","1,193,454.60","1,497,000.00","1,497,000.00","78.12","Canada","-","CAD","11.02","1.00","Oct 7, 2038","3.34","CAD","Oct 7, 2021"
"KEYCN","KEYERA CORP","Energy","Fixed Income","1,191,048.17","0.07","1,191,048.17","1,280,000.00","1,280,000.00","91.97","Canada","-","CAD","4.21","1.00","Jun 21, 2028","3.93","CAD","Jun 19, 2018"
"ALTALK","ALTALINK LP MTN","Infrastructure","Fixed Income","1,184,445.98","0.07","1,184,445.98","1,250,000.00","1,250,000.00","93.83","Canada","-","CAD","2.50","1.00","May 29, 2026","2.75","CAD","May 30, 2016"
"AIREIN","AIMCO REALTY INVESTORS LP","Real Estate","Fixed Income","1,184,326.14","0.07","1,184,326.14","1,299,000.00","1,299,000.00","90.28","Canada","-","CAD","2.91","1.00","Nov 4, 2026","2.19","CAD","Nov 4, 2021"
"TRPCN","TRANSCANADA TRUST","Energy","Fixed Income","1,183,972.39","0.07","1,183,972.39","1,550,000.00","1,550,000.00","76.10","Canada","-","CAD","5.12","1.00","Mar 4, 2081","4.20","CAD","Mar 4, 2021"
"REIUCN","RIOCAN REAL ESTATE INVESTMENT TRUS RegS","Real Estate","Fixed Income","1,183,028.74","0.07","1,183,028.74","1,200,000.00","1,200,000.00","97.03","Canada","-","CAD","4.92","1.00","Oct 1, 2029","5.96","CAD","Jun 26, 2023"
"ENBGAS","ENBRIDGE GAS INC MTN","Energy","Fixed Income","1,180,497.04","0.07","1,180,497.04","1,272,000.00","1,272,000.00","92.43","Canada","-","CAD","2.69","1.00","Aug 5, 2026","2.50","CAD","Aug 5, 2016"
"CAT","CATERPILLAR FINANCIAL SERVICES LTD MTN RegS","Financial","Fixed Income","1,176,687.44","0.07","1,176,687.44","1,180,000.00","1,180,000.00","99.66","United States","-","CAD","2.74","1.00","Sep 25, 2026","5.19","CAD","Sep 25, 2023"
"GEICN","GIBSON ENERGY INC MTN","Energy","Fixed Income","1,175,172.10","0.07","1,175,172.10","1,200,000.00","1,200,000.00","96.69","Canada","-","CAD","7.30","1.00","Jul 12, 2033","5.75","CAD","Jul 12, 2023"
"ENBGAS","ENBRIDGE GAS INC MTN","Energy","Fixed Income","1,174,731.12","0.07","1,174,731.12","1,176,000.00","1,176,000.00","99.62","Canada","-","CAD","9.26","1.00","Sep 11, 2036","5.46","CAD","Sep 11, 2006"
"CUCN","CU INC","Energy","Fixed Income","1,172,648.36","0.07","1,172,648.36","1,424,000.00","1,424,000.00","81.65","Canada","-","CAD","13.63","1.00","Jul 27, 2045","3.96","CAD","Jul 27, 2015"
"SAPCN","SAPUTO INC","Industrial","Fixed Income","1,171,568.51","0.07","1,171,568.51","1,304,000.00","1,304,000.00","89.45","Canada","-","CAD","2.61","1.00","Jun 19, 2026","1.42","CAD","Nov 19, 2020"
"FFHCN","FAIRFAX FINANCIAL HOLDINGS LTD","Financial","Fixed Income","1,170,354.20","0.07","1,170,354.20","1,186,000.00","1,186,000.00","98.33","Canada","-","CAD","1.36","1.00","Mar 3, 2025","4.95","CAD","Mar 3, 2015"
"ETRHWY","407 INTERNATIONAL INC MTN","Infrastructure","Fixed Income","1,167,488.93","0.07","1,167,488.93","1,088,000.00","1,088,000.00","105.38","Canada","-","CAD","8.62","1.00","Dec 3, 2035","5.96","CAD","Dec 3, 2004"
"COOPFS","CO-OPERATORS FINANCIAL SERVICES LT","Financial","Fixed Income","1,166,954.43","0.07","1,166,954.43","1,403,000.00","1,403,000.00","81.91","Canada","-","CAD","5.71","1.00","May 13, 2030","3.33","CAD","May 11, 2020"
"CHPUCN","CHOICE PROPERTIES REAL ESTATE INVE","Real Estate","Fixed Income","1,166,146.35","0.07","1,166,146.35","1,386,000.00","1,386,000.00","83.93","Canada","-","CAD","5.71","1.00","Mar 4, 2030","2.98","CAD","Mar 3, 2020"
"AERMON","AEROPORTS DE MONTREAL","Infrastructure","Fixed Income","1,163,392.55","0.07","1,163,392.55","1,103,000.00","1,103,000.00","102.90","Canada","-","CAD","9.53","1.00","Oct 16, 2037","5.67","CAD","Oct 16, 2007"
"HRUCN","H&R REAL ESTATE INVESTMENT TRUST","Real Estate","Fixed Income","1,163,009.29","0.07","1,163,009.29","1,198,000.00","1,198,000.00","95.91","Canada","-","CAD","1.61","1.00","Jun 16, 2025","4.07","CAD","Jun 15, 2020"
"ENBPIP","ENBRIDGE PIPELINES INC MTN","Energy","Fixed Income","1,161,679.98","0.07","1,161,679.98","1,200,000.00","1,200,000.00","96.12","Canada","-","CAD","13.99","1.00","Aug 17, 2053","5.82","CAD","Aug 17, 2023"
"CHPUCN","CHOICE PROPERTIES REAL ESTATE INVE","Real Estate","Fixed Income","1,161,198.60","0.07","1,161,198.60","1,225,000.00","1,225,000.00","94.38","Canada","-","CAD","7.24","1.00","Mar 1, 2033","5.40","CAD","Mar 1, 2023"
"CCACN","COGECO COMMUNICATIONS INC","Communication","Fixed Income","1,161,032.18","0.07","1,161,032.18","1,228,000.00","1,228,000.00","93.91","Canada","-","CAD","7.24","1.00","Feb 16, 2033","5.30","CAD","Feb 16, 2023"
"HYDONE","HYDRO ONE INC MTN","Infrastructure","Fixed Income","1,161,021.20","0.07","1,161,021.20","1,697,000.00","1,697,000.00","68.30","Canada","-","CAD","16.55","1.00","Sep 15, 2051","3.10","CAD","Sep 17, 2021"
"MGCN","MAGNA INTERNATIONAL INC","Industrial","Fixed Income","1,160,098.98","0.07","1,160,098.98","1,200,000.00","1,200,000.00","95.86","Canada","-","CAD","6.02","1.00","Jan 31, 2031","4.95","CAD","Mar 10, 2023"
"ENBCN","ENBRIDGE INC MTN","Energy","Fixed Income","1,159,340.43","0.07","1,159,340.43","1,195,000.00","1,195,000.00","95.17","Canada","-","CAD","7.29","1.00","May 26, 2033","5.36","CAD","May 26, 2023"
"ONTPOW","ONTARIO POWER GENERATION INC MTN","Energy","Fixed Income","1,158,606.46","0.07","1,158,606.46","1,791,000.00","1,791,000.00","64.38","Canada","-","CAD","16.36","1.00","Feb 21, 2051","2.95","CAD","Feb 4, 2021"
"TCN","TELUS CORPORATION","Communication","Fixed Income","1,156,969.20","0.07","1,156,969.20","1,389,000.00","1,389,000.00","82.33","Canada","-","CAD","12.44","1.00","Jan 17, 2045","4.75","CAD","Sep 15, 2014"
"ALBPOW","ALBERTA POWERLINE LP","Infrastructure","Fixed Income","1,155,183.08","0.07","1,155,183.08","1,425,703.00","1,425,703.00","80.71","Canada","-","CAD","12.72","1.00","Mar 1, 2054","4.07","CAD","Oct 2, 2017"
"ENBGAS","ENBRIDGE GAS INC MTN","Energy","Fixed Income","1,144,028.25","0.07","1,144,028.25","1,203,000.00","1,203,000.00","93.33","Canada","-","CAD","14.39","1.00","Nov 22, 2050","4.95","CAD","Nov 22, 2010"
"CNRCN","CANADIAN NATIONAL RAILWAY COMPANY","Industrial","Fixed Income","1,141,702.88","0.07","1,141,702.88","1,495,000.00","1,495,000.00","75.86","Canada","-","CAD","15.14","1.00","Feb 8, 2049","3.60","CAD","Feb 8, 2019"
"CCLGP","CAPITAL CITY LINK GENERAL PARTNERS","Infrastructure","Fixed Income","1,140,049.61","0.07","1,140,049.61","1,285,588.00","1,285,588.00","86.49","Canada","-","CAD","8.76","1.00","Mar 31, 2046","4.39","CAD","May 11, 2012"
"EPCOR","EPCOR UTILITIES INC MTN","Infrastructure","Fixed Income","1,138,252.24","0.07","1,138,252.24","1,476,000.00","1,476,000.00","75.90","Canada","-","CAD","14.69","1.00","Nov 27, 2047","3.55","CAD","Nov 27, 2017"
"GWOCN","GREAT-WEST LIFECO INC.","Financial","Fixed Income","1,136,869.57","0.07","1,136,869.57","1,069,000.00","1,069,000.00","106.20","Canada","-","CAD","7.12","1.00","Mar 21, 2033","6.67","CAD","Mar 21, 2003"
"AQNCN","ALGONQUIN POWER CO","Energy","Fixed Income","1,135,323.15","0.07","1,135,323.15","1,390,000.00","1,390,000.00","81.08","Canada","-","CAD","6.76","1.00","Jul 15, 2031","2.85","CAD","Apr 9, 2021"
"AERMON","MONTREAL AIRPORTS","Infrastructure","Fixed Income","1,134,673.65","0.07","1,134,673.65","1,506,000.00","1,506,000.00","73.87","Canada","-","CAD","15.81","1.00","Apr 26, 2051","3.44","CAD","Apr 26, 2021"
"CNRCN","CANADIAN NATIONAL RAILWAY COMPANY","Industrial","Fixed Income","1,131,071.27","0.07","1,131,071.27","1,468,000.00","1,468,000.00","76.47","Canada","-","CAD","14.65","1.00","Aug 1, 2047","3.60","CAD","Aug 1, 2017"
"ENMAXC","ENMAX CORP","Infrastructure","Fixed Income","1,123,349.82","0.07","1,123,349.82","1,165,000.00","1,165,000.00","95.34","Canada","-","CAD","1.59","1.00","Jun 2, 2025","3.33","CAD","Oct 18, 2019"
"FTSCN","TERASEN GAS INC. MTN","Energy","Fixed Income","1,120,558.55","0.07","1,120,558.55","1,031,000.00","1,031,000.00","105.73","Canada","-","CAD","9.38","1.00","Oct 2, 2037","6.00","CAD","Oct 2, 2007"
"TOYOTA","TOYOTA CREDIT CANADA INC MTN RegS","Financial","Fixed Income","1,119,053.33","0.07","1,119,053.33","1,138,000.00","1,138,000.00","97.54","Canada","-","CAD","2.17","1.00","Jan 26, 2026","4.45","CAD","Jan 24, 2023"
"CNRCN","CANADIAN NATIONAL RAILWAY COMPANY","Industrial","Fixed Income","1,116,945.86","0.07","1,116,945.86","1,457,000.00","1,457,000.00","76.07","Canada","-","CAD","14.97","1.00","Jul 31, 2048","3.60","CAD","Jul 31, 2018"
"ETRHWY","407 INTERNATIONAL INC MTN","Infrastructure","Fixed Income","1,115,982.09","0.07","1,115,982.09","1,383,000.00","1,383,000.00","80.50","Canada","-","CAD","15.86","1.00","Sep 11, 2052","3.98","CAD","Sep 11, 2012"
"IFCCN","INTACT FINANCIAL CORP MTN","Financial","Fixed Income","1,115,530.77","0.07","1,115,530.77","1,402,000.00","1,402,000.00","79.01","Canada","-","CAD","6.52","1.00","Dec 16, 2030","1.93","CAD","Dec 16, 2020"
"CCDJ","FEDERATION DES CAISSES DESJARDINS","Financial","Fixed Income","1,114,800.41","0.07","1,114,800.41","1,248,000.00","1,248,000.00","89.24","Canada","-","CAD","2.82","1.00","Sep 10, 2026","1.59","CAD","Sep 10, 2021"
"SAPCN","SAPUTO INC MTN","Industrial","Fixed Income","1,114,466.98","0.07","1,114,466.98","1,153,000.00","1,153,000.00","96.20","Canada","-","CAD","1.78","1.00","Aug 14, 2025","3.60","CAD","Aug 10, 2018"
"HYDONE","HYDRO ONE INC MTN","Infrastructure","Fixed Income","1,112,259.87","0.07","1,112,259.87","1,165,000.00","1,165,000.00","95.26","Canada","-","CAD","9.72","1.00","Mar 13, 2037","4.89","CAD","Mar 13, 2007"
"ENBCN","ENBRIDGE INC MTN","Energy","Fixed Income","1,112,167.96","0.07","1,112,167.96","1,169,000.00","1,169,000.00","94.71","Canada","-","CAD","10.27","1.00","Sep 2, 2039","5.75","CAD","Sep 2, 2009"
"IPLCN","INTER PIPELINE LTD MTN","Energy","Fixed Income","1,110,604.02","0.07","1,110,604.02","1,423,000.00","1,423,000.00","76.50","Canada","-","CAD","11.97","1.00","May 30, 2044","4.64","CAD","May 30, 2014"
"BIP","BROOKFIELD INFRASTRUCTURE FINANCE MTN","Infrastructure","Fixed Income","1,110,460.84","0.07","1,110,460.84","1,425,000.00","1,425,000.00","77.71","Canada","-","CAD","7.61","1.00","Sep 1, 2032","2.86","CAD","Sep 1, 2020"
"TCN","TELUS CORPORATION MTN","Communication","Fixed Income","1,109,997.87","0.07","1,109,997.87","1,409,000.00","1,409,000.00","78.03","Canada","-","CAD","13.00","1.00","Jan 29, 2046","4.40","CAD","Mar 27, 2015"
"TERANE","TERANET HOLDINGS LP","Industrial","Fixed Income","1,108,971.12","0.07","1,108,971.12","1,206,000.00","1,206,000.00","90.31","Canada","-","CAD","10.46","1.00","Dec 17, 2040","5.75","CAD","Dec 16, 2010"
"ENBPIP","ENBRIDGE PIPELINES INC MTN","Energy","Fixed Income","1,109,038.45","0.07","1,109,038.45","1,371,000.00","1,371,000.00","80.89","Canada","-","CAD","12.98","1.00","Sep 29, 2045","4.55","CAD","Sep 29, 2015"
"CANCOR","CANADIAN CORE REAL ESTATE LP","Real Estate","Fixed Income","1,108,028.13","0.07","1,108,028.13","1,226,000.00","1,226,000.00","90.13","Canada","-","CAD","3.18","1.00","Mar 2, 2027","3.30","CAD","Mar 2, 2022"
"TOYOTA","TOYOTA CREDIT CANADA INC MTN","Financial","Fixed Income","1,106,792.20","0.07","1,106,792.20","1,222,000.00","1,222,000.00","90.25","Canada","-","CAD","2.68","1.00","Jul 20, 2026","1.66","CAD","Jul 20, 2021"
"CNRCN","CANADIAN NATIONAL RAILWAY COMPANY","Industrial","Fixed Income","1,106,041.72","0.07","1,106,041.72","1,200,000.00","1,200,000.00","91.64","Canada","-","CAD","4.39","1.00","Jul 31, 2028","3.20","CAD","Jul 31, 2018"
"COCAPS","COAST CAPITAL SAVINGS FEDERAL CRED","Financial","Fixed Income","1,103,079.02","0.07","1,103,079.02","1,100,000.00","1,100,000.00","100.24","Canada","-","CAD","2.69","1.00","Sep 28, 2026","7.00","CAD","Sep 27, 2023"
"ETRHWY","407 INTERNATIONAL INC MTN","Infrastructure","Fixed Income","1,101,466.39","0.07","1,101,466.39","1,421,000.00","1,421,000.00","77.30","Canada","-","CAD","15.19","1.00","Mar 8, 2049","3.67","CAD","Mar 6, 2019"
"SAPCN","SAPUTO INC MTN","Industrial","Fixed Income","1,099,457.15","0.07","1,099,457.15","1,106,000.00","1,106,000.00","97.64","Canada","-","CAD","5.10","1.00","Nov 29, 2029","5.25","CAD","Nov 29, 2022"
"ENBGAS","ENBRIDGE GAS INC MTN","Energy","Fixed Income","1,095,019.49","0.07","1,095,019.49","1,140,000.00","1,140,000.00","95.89","Canada","-","CAD","1.86","1.00","Sep 11, 2025","3.31","CAD","Sep 11, 2015"
"ETRHWY","407 INTERNATIONAL INC. MTN","Infrastructure","Fixed Income","1,094,395.12","0.07","1,094,395.12","1,340,000.00","1,340,000.00","80.19","Canada","-","CAD","13.90","1.00","May 11, 2046","3.83","CAD","May 11, 2015"
"TOYOTA","TOYOTA CREDIT CANADA INC MTN","Financial","Fixed Income","1,094,347.28","0.07","1,094,347.28","1,208,000.00","1,208,000.00","90.47","Canada","-","CAD","2.32","1.00","Feb 23, 2026","1.18","CAD","Feb 23, 2021"
"CUCN","CU INC MTN","Energy","Fixed Income","1,094,200.16","0.07","1,094,200.16","1,582,000.00","1,582,000.00","68.96","Canada","-","CAD","16.40","1.00","Sep 5, 2051","3.17","CAD","Sep 3, 2021"
"FCLCAN","FEDERATED CO-OPERATIVES LTD","Industrial","Fixed Income","1,093,680.96","0.07","1,093,680.96","1,125,000.00","1,125,000.00","96.10","Canada","-","CAD","1.62","1.00","Jun 17, 2025","3.92","CAD","Jun 17, 2015"
"IPLCN","INTER PIPELINE LTD MTN","Energy","Fixed Income","1,091,490.06","0.07","1,091,490.06","1,138,000.00","1,138,000.00","95.87","Canada","-","CAD","1.42","1.00","Mar 24, 2025","3.17","CAD","Mar 23, 2015"
"NACN","NATIONAL BANK OF CANADA","Financial","Fixed Income","1,090,423.90","0.07","1,090,423.90","1,177,000.00","1,177,000.00","92.46","Canada","-","CAD","2.77","1.00","Aug 18, 2026","1.57","CAD","Jul 15, 2020"
"SMUUCN","SUMMIT INDUSTRIAL INCOME REIT","Real Estate","Fixed Income","1,088,621.10","0.07","1,088,621.10","1,175,000.00","1,175,000.00","92.58","Canada","-","CAD","1.89","1.00","Sep 17, 2025","2.15","CAD","Feb 17, 2023"
"ALACN","ALTAGAS LTD MTN","Energy","Fixed Income","1,085,303.02","0.07","1,085,303.02","1,105,000.00","1,105,000.00","97.42","Canada","-","CAD","1.24","1.00","Jan 15, 2025","3.84","CAD","Nov 10, 2014"
"RCICN","ROGERS COMMUNICATIONS INC","Communication","Fixed Income","1,083,661.24","0.07","1,083,661.24","1,155,000.00","1,155,000.00","93.53","Canada","-","CAD","3.15","1.00","Mar 1, 2027","3.80","CAD","Apr 3, 2023"
"IFCCN","INTACT FINANCIAL CORP MTN","Financial","Fixed Income","1,081,186.41","0.07","1,081,186.41","983,000.00","983,000.00","107.73","Canada","-","CAD","10.16","1.00","Nov 23, 2039","6.40","CAD","Nov 23, 2009"
"RLNCE","RELIANCE LP","Industrial","Fixed Income","1,081,200.82","0.07","1,081,200.82","1,260,000.00","1,260,000.00","85.38","Canada","-","CAD","4.43","1.00","Aug 1, 2028","2.67","CAD","Apr 14, 2021"
"APUCN","ALLIED PROPERTIES REAL ESTATE INVE","Real Estate","Fixed Income","1,079,280.07","0.07","1,079,280.07","1,455,000.00","1,455,000.00","73.72","Canada","-","CAD","7.06","1.00","Feb 6, 2032","3.10","CAD","Aug 6, 2021"
"XCN","TMX GROUP LTD RegS","Financial","Fixed Income","1,078,564.36","0.07","1,078,564.36","1,101,000.00","1,101,000.00","97.06","Canada","-","CAD","1.15","1.00","Dec 11, 2024","3.00","CAD","Dec 11, 2017"
"GWOCN","GREAT-WEST LIFECO INC","Financial","Fixed Income","1,076,229.28","0.07","1,076,229.28","1,170,000.00","1,170,000.00","91.69","Canada","-","CAD","4.03","1.00","Feb 28, 2028","3.34","CAD","Feb 28, 2018"
"CCOCN","CAMECO CORPORATION","Industrial","Equity","1,072,532.50","0.07","1,072,532.50","1,180,000.00","1,180,000.00","89.59","Canada","-","CAD","3.71","1.00","Oct 21, 2027","2.95","CAD","Oct 21, 2020"
"CP","CANADIAN PACIFIC RAILWAY COMPANY","Industrial","Fixed Income","1,070,728.43","0.07","1,070,728.43","1,196,000.00","1,196,000.00","89.39","Canada","-","CAD","4.92","1.00","Mar 13, 2029","3.15","CAD","Mar 13, 2019"
"HYDONE","HYDRO ONE INC MTN","Infrastructure","Fixed Income","1,069,002.18","0.07","1,069,002.18","1,122,000.00","1,122,000.00","93.96","Canada","-","CAD","5.32","1.00","Nov 30, 2029","3.93","CAD","Jan 27, 2023"
"IVANCA","IVANHOE CAMBRIDGE II INC","Real Estate","Fixed Income","1,067,675.73","0.07","1,067,675.73","1,080,000.00","1,080,000.00","97.23","Canada","-","CAD","4.07","1.00","Jun 2, 2028","4.99","CAD","Jun 2, 2023"
"CCLBCN","CCL INDUSTRIES INC","Industrial","Fixed Income","1,066,667.34","0.07","1,066,667.34","1,140,000.00","1,140,000.00","91.78","Canada","-","CAD","4.03","1.00","Apr 13, 2028","3.86","CAD","Apr 13, 2018"
"CHPUCN","CHOICE PROPERTIES REAL ESTATE INVE RegS","Real Estate","Fixed Income","1,064,793.91","0.07","1,064,793.91","1,100,000.00","1,100,000.00","95.88","Canada","-","CAD","7.69","1.00","Feb 28, 2034","5.70","CAD","Aug 1, 2023"
"CPXCN","CAPITAL POWER CORP MTN","Energy","Fixed Income","1,062,936.81","0.07","1,062,936.81","1,078,000.00","1,078,000.00","97.67","Canada","-","CAD","2.12","1.00","Jan 23, 2026","4.99","CAD","Jan 23, 2019"
"DE","JOHN DEERE CANADA FUNDING INC MTN","Financial","Fixed Income","1,062,960.57","0.07","1,062,960.57","1,155,000.00","1,155,000.00","91.26","United States","-","CAD","2.41","1.00","Apr 9, 2026","1.63","CAD","Apr 9, 2021"
"HYDONE","HYDRO ONE INC MTN","Infrastructure","Fixed Income","1,059,795.55","0.07","1,059,795.55","1,113,000.00","1,113,000.00","95.07","Canada","-","CAD","1.37","1.00","Feb 28, 2025","1.76","CAD","Feb 28, 2020"
"CAAIAU","CALGARY AIRPORT AUTHORITY","Infrastructure","Fixed Income","1,059,231.29","0.07","1,059,231.29","1,316,000.00","1,316,000.00","78.95","Canada","-","CAD","10.02","1.00","Oct 7, 2036","3.20","CAD","Oct 7, 2021"
"SAPCN","SAPUTO INC MTN","Industrial","Fixed Income","1,057,429.50","0.07","1,057,429.50","1,080,000.00","1,080,000.00","96.86","Canada","-","CAD","1.09","1.00","Nov 19, 2024","2.88","CAD","Nov 19, 2019"
"EAGCCT_20-1-A","EAGCCT_20-1 A","Securitized","Fixed Income","1,053,585.28","0.07","1,053,585.28","1,140,000.00","1,140,000.00","92.16","Canada","-","CAD","1.74","1.00","Jul 17, 2025","1.27","CAD","Aug 11, 2020"
"CNRCN","CANADIAN NATIONAL RAILWAY COMPANY","Industrial","Fixed Income","1,052,189.85","0.07","1,052,189.85","1,110,000.00","1,110,000.00","93.08","Canada","-","CAD","7.56","1.00","May 10, 2033","4.40","CAD","May 10, 2023"
"BCECN","BELL CANADA MTN RegS","Communication","Fixed Income","1,048,495.93","0.07","1,048,495.93","1,180,000.00","1,180,000.00","88.14","Canada","-","CAD","14.32","1.00","Feb 9, 2053","5.15","CAD","Feb 9, 2023"
"FCRCN","FIRST CAPITAL REAL ESTATE INVESTME","Real Estate","Fixed Income","1,046,138.24","0.07","1,046,138.24","1,081,000.00","1,081,000.00","96.06","Canada","-","CAD","1.73","1.00","Jul 31, 2025","4.32","CAD","Jun 17, 2014"
"FTSCN","TERASEN GAS INC MTN","Energy","Fixed Income","1,045,366.08","0.07","1,045,366.08","989,000.00","989,000.00","103.49","Canada","-","CAD","9.77","1.00","May 13, 2038","5.80","CAD","May 13, 2008"
"SLFCN","SUN LIFE FINANCIAL INC","Financial","Fixed Income","1,044,289.15","0.07","1,044,289.15","1,273,000.00","1,273,000.00","80.89","Canada","-","CAD","6.50","1.00","Nov 18, 2036","3.15","CAD","Nov 18, 2021"
"LCN","LOBLAW COMPANIES LTD","Industrial","Fixed Income","1,036,752.37","0.07","1,036,752.37","1,080,000.00","1,080,000.00","95.78","Canada","-","CAD","7.10","1.00","Sep 13, 2032","5.01","CAD","Sep 13, 2022"
"MRUCN","METRO INC MTN","Industrial","Fixed Income","1,036,248.90","0.07","1,036,248.90","988,000.00","988,000.00","102.15","Canada","-","CAD","8.43","1.00","Oct 15, 2035","5.97","CAD","Oct 12, 2005"
"LOWMAT","LOWER MATTAGAMI ENERGY LP","Infrastructure","Fixed Income","1,036,362.21","0.07","1,036,362.21","1,242,000.00","1,242,000.00","82.52","Canada","-","CAD","6.72","1.00","May 14, 2031","2.43","CAD","May 14, 2021"
"ETRHWY","407 INTERNATIONAL INC MTN","Infrastructure","Fixed Income","1,036,066.86","0.07","1,036,066.86","1,100,000.00","1,100,000.00","93.39","Canada","-","CAD","15.28","1.00","Jul 31, 2053","4.86","CAD","Jul 31, 2023"
"HYDONE","HYDRO ONE INC MTN","Infrastructure","Fixed Income","1,035,112.82","0.07","1,035,112.82","966,000.00","966,000.00","106.72","Canada","-","CAD","10.23","1.00","Mar 3, 2039","6.03","CAD","Mar 3, 2009"
"GWOCN","GREAT-WEST LIFECO INC","Financial","Fixed Income","1,030,649.39","0.06","1,030,649.39","947,000.00","947,000.00","106.47","Canada","-","CAD","6.22","1.00","Nov 24, 2031","6.74","CAD","Nov 23, 2001"
"GZMCN","GAZ METRO INC","Energy","Fixed Income","1,028,536.28","0.06","1,028,536.28","993,000.00","993,000.00","102.31","Canada","-","CAD","9.03","1.00","Jul 10, 2036","5.70","CAD","Jul 10, 2006"
"MICCN","SAGEN MI CANADA INC","Financial","Fixed Income","1,025,712.19","0.06","1,025,712.19","1,308,000.00","1,308,000.00","78.20","Canada","-","CAD","6.39","1.00","Mar 5, 2031","3.26","CAD","Mar 5, 2021"
"DE","JOHN DEERE FINANCIAL INC MTN","Financial","Fixed Income","1,023,782.25","0.06","1,023,782.25","1,095,000.00","1,095,000.00","92.32","United States","-","CAD","2.84","1.00","Oct 16, 2026","2.58","CAD","Oct 16, 2019"
"LCN","LOBLAW COMPANIES LTD","Industrial","Fixed Income","1,023,236.56","0.06","1,023,236.56","1,225,000.00","1,225,000.00","82.62","Canada","-","CAD","5.93","1.00","May 7, 2030","2.28","CAD","May 7, 2020"
"ENBPIP","ENBRIDGE PIPELINES INC MTN","Energy","Fixed Income","1,022,947.58","0.06","1,022,947.58","1,339,000.00","1,339,000.00","74.79","Canada","-","CAD","14.35","1.00","May 12, 2051","4.20","CAD","May 12, 2021"
"MRUCN","METRO INC","Industrial","Fixed Income","1,022,714.20","0.06","1,022,714.20","1,060,000.00","1,060,000.00","95.86","Canada","-","CAD","1.13","1.00","Dec 2, 2024","1.92","CAD","Nov 30, 2021"
"EQBCN","EQUITABLE BANK (CANADA)","Financial","Fixed Income","1,020,161.40","0.06","1,020,161.40","1,095,000.00","1,095,000.00","92.92","Canada","-","CAD","2.28","1.00","Mar 2, 2026","3.36","CAD","Feb 28, 2022"
"GEICN","GIBSON ENERGY INC MTN","Energy","Fixed Income","1,020,010.28","0.06","1,020,010.28","1,015,000.00","1,015,000.00","99.24","Canada","-","CAD","1.48","1.00","Jul 12, 2026","5.80","CAD","Jul 12, 2023"
"CHPUCN","CHOICE PROPERTIES REAL ESTATE INVE","Real Estate","Fixed Income","1,019,041.84","0.06","1,019,041.84","1,118,000.00","1,118,000.00","90.33","Canada","-","CAD","2.97","1.00","Nov 30, 2026","2.46","CAD","Nov 30, 2021"
"MRUCN","METRO INC RegS","Industrial","Fixed Income","1,018,833.24","0.06","1,018,833.24","1,085,000.00","1,085,000.00","93.23","Canada","-","CAD","7.41","1.00","Feb 7, 2033","4.66","CAD","Feb 6, 2023"
"CUCN","CU INC MTN","Energy","Fixed Income","1,015,867.04","0.06","1,015,867.04","1,268,000.00","1,268,000.00","78.74","Canada","-","CAD","14.13","1.00","Nov 19, 2046","3.76","CAD","Nov 17, 2016"
"BAMREP","BROOKFIELD RENEWABLE PARTNERS ULC MTN","Energy","Fixed Income","1,014,223.73","0.06","1,014,223.73","1,560,000.00","1,560,000.00","64.59","Canada","-","CAD","15.28","1.00","Aug 13, 2050","3.33","CAD","Aug 13, 2020"
"DE","JOHN DEERE FINANCIAL INC","Financial","Fixed Income","1,011,571.88","0.06","1,011,571.88","1,178,000.00","1,178,000.00","85.79","United States","-","CAD","3.76","1.00","Sep 8, 2027","1.34","CAD","Sep 8, 2020"
"MICCN","GENWORTH MI CANADA INC","Financial","Fixed Income","1,008,050.18","0.06","1,008,050.18","1,143,000.00","1,143,000.00","87.97","Canada","-","CAD","3.19","1.00","Mar 1, 2027","2.96","CAD","Feb 20, 2020"
"PPLCN","PEMBINA PIPELINE CORP MTN RegS","Energy","Fixed Income","1,006,879.74","0.06","1,006,879.74","1,000,000.00","1,000,000.00","99.13","Canada","-","CAD","1.54","1.00","Jun 22, 2026","5.73","CAD","Jun 22, 2023"
"AERMON","AEROPORT DE MONTREAL","Infrastructure","Fixed Income","1,006,376.44","0.06","1,006,376.44","1,207,000.00","1,207,000.00","83.35","Canada","-","CAD","12.77","1.00","Sep 26, 2042","3.92","CAD","Sep 26, 2012"
"FRSTRS","INDEPENDENT ORDER OF FORESTERS","Financial","Fixed Income","1,003,410.37","0.06","1,003,410.37","1,255,000.00","1,255,000.00","78.63","Canada","-","CAD","9.77","1.00","Oct 15, 2035","2.88","CAD","Oct 15, 2020"
"HYDONE","HYDRO ONE INC RegS","Infrastructure","Fixed Income","1,001,118.49","0.06","1,001,118.49","1,080,000.00","1,080,000.00","91.97","Canada","-","CAD","7.53","1.00","Jan 27, 2033","4.16","CAD","Jan 27, 2023"
"CNHI","CNH INDUSTRIAL CAPITAL CANADA LTD","Financial","Fixed Income","1,001,106.14","0.06","1,001,106.14","1,000,000.00","1,000,000.00","99.37","United States","-","CAD","2.61","1.00","Aug 11, 2026","5.50","CAD","Aug 11, 2023"
"HYDONE","HYDRO ONE INC MTN","Infrastructure","Fixed Income","1,000,857.94","0.06","1,000,857.94","1,156,000.00","1,156,000.00","85.27","Canada","-","CAD","13.01","1.00","Jun 6, 2044","4.17","CAD","Jun 6, 2014"
"BCECN","BELL CANADA MTN","Communication","Fixed Income","996,958.23","0.06","996,958.23","978,000.00","978,000.00","101.36","Canada","-","CAD","9.14","1.00","Feb 26, 2037","6.17","CAD","Feb 26, 2007"
"TRPCN","TRANSCANADA PIPELINES LIMITED MTN","Energy","Fixed Income","996,849.42","0.06","996,849.42","944,000.00","944,000.00","104.35","Canada","-","CAD","2.12","1.00","Feb 5, 2026","8.29","CAD","Feb 5, 1996"
"IFCCN","INTACT FINANCIAL CORP MTN","Financial","Fixed Income","996,070.72","0.06","996,070.72","1,025,000.00","1,025,000.00","97.13","Canada","-","CAD","1.42","1.00","Mar 24, 2025","3.69","CAD","Mar 24, 2020"
"GRTCN","GRANITE REIT HOLDINGS LP","Real Estate","Fixed Income","994,183.83","0.06","994,183.83","1,185,000.00","1,185,000.00","83.71","Canada","-","CAD","4.56","1.00","Aug 30, 2028","2.19","CAD","Aug 30, 2021"
"CPXCN","CAPITAL POWER CORP","Energy","Fixed Income","992,381.28","0.06","992,381.28","1,000,000.00","1,000,000.00","99.02","Canada","-","CAD","4.25","1.00","Sep 15, 2028","5.82","CAD","Sep 15, 2023"
"CPXCN","CAPITAL POWER CORP MTN","Energy","Fixed Income","991,652.24","0.06","991,652.24","1,230,000.00","1,230,000.00","79.06","Canada","-","CAD","7.45","1.00","Oct 1, 2032","3.15","CAD","Oct 1, 2020"
"LOWMAT","LOWER MATTAGAMI ENERGY LTD PARTNER","Infrastructure","Fixed Income","991,290.58","0.06","991,290.58","1,070,000.00","1,070,000.00","91.63","Canada","-","CAD","2.87","1.00","Oct 21, 2026","2.31","CAD","Oct 7, 2016"
"ENMAXC","ENMAX CORP","Infrastructure","Fixed Income","989,987.70","0.06","989,987.70","1,067,000.00","1,067,000.00","91.56","Canada","-","CAD","4.17","1.00","Jun 5, 2028","3.84","CAD","May 31, 2018"
"RLNCE","RELIANCE LP","Industrial","Fixed Income","986,906.98","0.06","986,906.98","1,041,000.00","1,041,000.00","94.66","Canada","-","CAD","2.31","1.00","Mar 15, 2026","3.75","CAD","Apr 8, 2019"
"CTCACN","CANADIAN TIRE CORPORATION LTD MTN","Industrial","Fixed Income","985,822.30","0.06","985,822.30","1,000,000.00","1,000,000.00","98.36","Canada","-","CAD","5.72","1.00","Sep 16, 2030","5.37","CAD","Sep 14, 2023"
"NSIUCN","NOVA SCOTIA POWER INC MTN","Infrastructure","Fixed Income","984,067.23","0.06","984,067.23","969,000.00","969,000.00","100.51","Canada","-","CAD","10.21","1.00","Jul 27, 2039","5.95","CAD","Jul 27, 2009"
"ENBGAS","ENBRIDGE GAS INC MTN RegS","Energy","Fixed Income","981,781.78","0.06","981,781.78","1,195,000.00","1,195,000.00","81.74","Canada","-","CAD","13.28","1.00","Aug 22, 2044","4.00","CAD","Aug 22, 2014"
"ENBCN","ENBRIDGE INC. MTN","Energy","Fixed Income","981,403.91","0.06","981,403.91","930,000.00","930,000.00","103.50","Canada","-","CAD","6.43","1.00","Jun 18, 2032","7.20","CAD","Jun 18, 2001"
"WELL","HCN CANADIAN HOLDINGS 1 LP","Real Estate","Fixed Income","979,372.10","0.06","979,372.10","1,084,000.00","1,084,000.00","89.73","United States","-","CAD","3.07","1.00","Jan 15, 2027","2.95","CAD","Dec 20, 2019"
"DOLCN","DOLLARAMA INC","Industrial","Fixed Income","979,383.33","0.06","979,383.33","1,145,000.00","1,145,000.00","84.99","Canada","-","CAD","5.25","1.00","Jul 9, 2029","2.44","CAD","Jul 8, 2021"
"BRUPOW","BRUCE POWER LP RegS","Energy","Fixed Income","978,769.36","0.06","978,769.36","1,000,000.00","1,000,000.00","96.59","Canada","-","CAD","3.73","1.00","Dec 21, 2027","4.70","CAD","Mar 23, 2023"
"EPCOR","EPCOR UTILITIES INC MTN","Infrastructure","Fixed Income","978,607.65","0.06","978,607.65","1,401,000.00","1,401,000.00","69.14","Canada","-","CAD","15.75","1.00","Jul 8, 2049","3.11","CAD","Jul 8, 2019"
"HYDONE","HYDRO ONE INC MTN","Infrastructure","Fixed Income","977,572.61","0.06","977,572.61","1,002,000.00","1,002,000.00","95.33","Canada","-","CAD","13.23","1.00","Oct 19, 2046","5.00","CAD","Oct 19, 2006"
"EPCOR","EPCOR UTILITIES INC MTN","Infrastructure","Fixed Income","977,063.53","0.06","977,063.53","847,000.00","847,000.00","112.31","Canada","-","CAD","9.43","1.00","Apr 15, 2038","6.65","CAD","Apr 15, 2008"
"BCIMCR","BCI QUADREAL REALTY","Real Estate","Fixed Income","976,675.03","0.06","976,675.03","1,246,000.00","1,246,000.00","78.06","Canada","-","CAD","6.25","1.00","Jul 24, 2030","1.75","CAD","Jul 24, 2020"
"DE","JOHN DEERE FINANCIAL INC","Financial","Fixed Income","975,479.12","0.06","975,479.12","1,009,000.00","1,009,000.00","96.17","United States","-","CAD","1.24","1.00","Jan 14, 2025","2.41","CAD","Jan 14, 2020"
"CAAIAU","CALGARY AIRPORT AUTHORITY","Infrastructure","Fixed Income","974,936.99","0.06","974,936.99","1,291,000.00","1,291,000.00","73.81","Canada","-","CAD","16.18","1.00","Oct 7, 2053","3.55","CAD","Oct 7, 2021"
"PPLCN","PEMBINA PIPELINE CORP","Energy","Fixed Income","974,667.30","0.06","974,667.30","1,220,000.00","1,220,000.00","78.30","Canada","-","CAD","13.61","1.00","May 28, 2050","4.67","CAD","May 28, 2020"
"APUCN","ALLIED PROPERTIES REAL ESTATE INVE","Real Estate","Fixed Income","973,516.97","0.06","973,516.97","1,220,000.00","1,220,000.00","79.46","Canada","-","CAD","5.63","1.00","Feb 21, 2030","3.12","CAD","Feb 21, 2020"
"CNRCN","CANADIAN NATIONAL RAILWAY COMPANY","Industrial","Fixed Income","973,122.31","0.06","973,122.31","1,022,000.00","1,022,000.00","95.16","Canada","-","CAD","1.89","1.00","Sep 22, 2025","2.80","CAD","Sep 22, 2015"
"TORHYD","TORONTO HYDRO CORPORATION","Infrastructure","Fixed Income","972,833.50","0.06","972,833.50","993,000.00","993,000.00","95.68","Canada","-","CAD","14.87","1.00","Oct 13, 2052","4.95","CAD","Oct 13, 2022"
"CHPUCN","CHOICE PROPERTIES REAL ESTATE INVE","Real Estate","Fixed Income","972,509.85","0.06","972,509.85","994,000.00","994,000.00","97.05","Canada","-","CAD","1.23","1.00","Jan 10, 2025","3.55","CAD","Jan 12, 2018"
"CUCN","CU INC","Energy","Fixed Income","971,095.58","0.06","971,095.58","1,449,000.00","1,449,000.00","66.84","Canada","-","CAD","16.07","1.00","Sep 7, 2049","2.96","CAD","Sep 5, 2019"
"PSSGEN","PSS GENERATING STATION LP","Infrastructure","Fixed Income","970,792.74","0.06","970,792.74","1,100,000.00","1,100,000.00","86.18","Canada","-","CAD","15.64","1.00","Oct 24, 2067","4.79","CAD","Oct 23, 2015"
"NVLAUT","NOUVELLE AUTOROUTE 30 FINANCEMENT","Infrastructure","Fixed Income","968,875.21","0.06","968,875.21","1,151,608.00","1,151,608.00","82.08","Canada","-","CAD","9.85","1.00","Mar 31, 2042","4.11","CAD","Jun 14, 2018"
"LBCN","LAURENTIAN BANK OF CANADA","Financial","Fixed Income","966,131.54","0.06","966,131.54","1,010,000.00","1,010,000.00","94.08","Canada","-","CAD","3.24","1.00","Apr 20, 2027","3.54","CAD","Apr 20, 2022"
"EQBCN","EQUITABLE BANK (CANADA)","Financial","Fixed Income","964,317.00","0.06","964,317.00","1,028,000.00","1,028,000.00","93.70","Canada","-","CAD","1.39","1.00","Mar 10, 2025","1.94","CAD","Mar 9, 2021"
"CUCN","CU INC MTN","Energy","Fixed Income","961,107.78","0.06","961,107.78","910,000.00","910,000.00","103.48","Canada","-","CAD","8.07","1.00","Nov 20, 2034","5.90","CAD","Nov 18, 2004"
"NSIUCN","NOVA SCOTIA POWER INC MTN","Infrastructure","Fixed Income","960,794.18","0.06","960,794.18","976,000.00","976,000.00","96.81","Canada","-","CAD","10.61","1.00","Jun 15, 2040","5.61","CAD","Jun 15, 2010"
"APUCN","ALLIED PROPERTIES REAL ESTATE INVE","Real Estate","Fixed Income","957,435.19","0.06","957,435.19","1,068,000.00","1,068,000.00","88.16","Canada","-","CAD","3.23","1.00","Apr 8, 2027","3.11","CAD","Oct 8, 2019"
"IAGCN","IA FINANCIAL CORPORATION INC","Financial","Fixed Income","955,976.85","0.06","955,976.85","1,043,000.00","1,043,000.00","91.61","Canada","-","CAD","2.77","1.00","Sep 24, 2031","3.07","CAD","Sep 24, 2019"
"TOUCN","TOURMALINE OIL CORP RegS","Energy","Fixed Income","954,696.05","0.06","954,696.05","1,102,000.00","1,102,000.00","86.26","Canada","-","CAD","4.04","1.00","Jan 25, 2028","2.08","CAD","Jan 25, 2021"
"NSIUCN","NOVA SCOTIA POWER INC RegS","Infrastructure","Fixed Income","952,858.72","0.06","952,858.72","991,000.00","991,000.00","93.69","Canada","-","CAD","7.04","1.00","Nov 15, 2032","4.95","CAD","Mar 24, 2023"
"PWFCN","POWER FINANCIAL CORPORATION","Financial","Fixed Income","952,567.30","0.06","952,567.30","887,000.00","887,000.00","107.05","Canada","-","CAD","7.04","1.00","Mar 11, 2033","6.90","CAD","Mar 11, 2003"
"ENBPIP","ENBRIDGE PIPELINES INC MTN","Energy","Fixed Income","951,915.66","0.06","951,915.66","1,146,000.00","1,146,000.00","81.98","Canada","-","CAD","6.60","1.00","May 12, 2031","2.82","CAD","May 12, 2021"
"EDISNH","ELLISDON INFRASTRUCTURE SNH GP","Infrastructure","Fixed Income","949,733.50","0.06","949,733.50","1,000,000.00","1,000,000.00","94.58","Canada","-","CAD","9.24","1.00","Feb 28, 2043","5.00","CAD","Feb 21, 2023"
"AERMON","AEROPORTS DE MONTREAL","Infrastructure","Fixed Income","949,274.93","0.06","949,274.93","968,000.00","968,000.00","97.90","Canada","-","CAD","8.86","1.00","Sep 17, 2035","5.17","CAD","Sep 15, 2005"
"ETRHWY","407 INTERNATIONAL INC MTN","Infrastructure","Fixed Income","949,232.04","0.06","949,232.04","990,000.00","990,000.00","95.35","Canada","-","CAD","3.93","1.00","Feb 14, 2028","4.22","CAD","Sep 7, 2022"
"LCN","LOBLAW COMPANIES LIMITED MTN","Industrial","Fixed Income","948,599.59","0.06","948,599.59","921,000.00","921,000.00","101.95","Canada","-","CAD","8.14","1.00","Jan 29, 2035","6.15","CAD","Jan 29, 2004"
"CPXCN","CAPITAL POWER CORP MTN","Energy","Fixed Income","946,969.92","0.06","946,969.92","1,027,000.00","1,027,000.00","91.58","Canada","-","CAD","5.43","1.00","Feb 8, 2030","4.42","CAD","Nov 8, 2019"
"IFCCN","INTACT FINANCIAL CORP MTN RegS","Financial","Fixed Income","944,757.36","0.06","944,757.36","975,000.00","975,000.00","96.68","Canada","-","CAD","15.15","1.00","Sep 14, 2054","5.28","CAD","Sep 14, 2023"
"IFCCN","INTACT FINANCIAL CORP MTN","Financial","Fixed Income","943,113.47","0.06","943,113.47","981,000.00","981,000.00","95.86","Canada","-","CAD","2.27","1.00","Mar 2, 2026","3.77","CAD","Mar 1, 2016"
"ENBGAS","ENBRIDGE GAS INC MTN","Energy","Fixed Income","943,174.18","0.06","943,174.18","1,025,000.00","1,025,000.00","90.99","Canada","-","CAD","3.80","1.00","Nov 22, 2027","2.88","CAD","Nov 22, 2017"
"CNQCN","CANADIAN NATURAL RESOURCES LTD MTN","Energy","Fixed Income","940,991.38","0.06","940,991.38","1,099,000.00","1,099,000.00","84.00","Canada","-","CAD","13.00","1.00","May 30, 2047","4.85","CAD","May 30, 2017"
"FCRCN","FIRST CAPITAL REAL ESTATE INVESTME","Real Estate","Fixed Income","938,717.32","0.06","938,717.32","995,000.00","995,000.00","92.90","Canada","-","CAD","2.41","1.00","May 6, 2026","3.60","CAD","May 6, 2016"
"CTLONE","CENTRAL 1 CREDIT UNION","Financial","Fixed Income","936,904.05","0.06","936,904.05","1,045,000.00","1,045,000.00","89.43","Canada","-","CAD","2.25","1.00","Jan 29, 2026","1.32","CAD","Jan 29, 2021"
"SEASKY","SEA TO SKY HIGHWAY INVESTMENT LP","Infrastructure","Fixed Income","936,279.62","0.06","936,279.62","1,067,829.00","1,067,829.00","87.47","Canada","-","CAD","3.68","1.00","Aug 31, 2030","2.63","CAD","Jun 16, 2016"
"MICCN","SAGEN MI CANADA INC","Financial","Fixed Income","934,358.43","0.06","934,358.43","955,000.00","955,000.00","95.69","Canada","-","CAD","3.93","1.00","May 19, 2028","5.91","CAD","May 19, 2023"
"ENBGAS","ENBRIDGE GAS INC MTN","Energy","Fixed Income","933,851.12","0.06","933,851.12","988,000.00","988,000.00","93.60","Canada","-","CAD","2.51","1.00","Jun 1, 2026","2.81","CAD","May 31, 2016"
"ENBGAS","ENBRIDGE GAS INC MTN","Energy","Fixed Income","931,574.78","0.06","931,574.78","1,151,000.00","1,151,000.00","80.85","Canada","-","CAD","7.07","1.00","Sep 15, 2031","2.35","CAD","Sep 15, 2021"
"NSIUCN","NOVA SCOTIA POWER INC MTN","Infrastructure","Fixed Income","928,980.30","0.06","928,980.30","1,094,000.00","1,094,000.00","84.04","Canada","-","CAD","12.32","1.00","Jul 20, 2043","4.50","CAD","Jul 19, 2013"
"FNCN","FIRST NATIONAL FINANCIAL CORP","Financial","Fixed Income","924,930.35","0.06","924,930.35","996,000.00","996,000.00","91.77","Canada","-","CAD","2.01","1.00","Nov 17, 2025","2.96","CAD","Nov 16, 2020"
"AERMON","AEROPORTS DE MONTREAL","Infrastructure","Fixed Income","924,163.86","0.06","924,163.86","891,000.00","891,000.00","101.23","Canada","-","CAD","10.69","1.00","Apr 16, 2040","5.47","CAD","Apr 16, 2010"
"SRUUCN","SMARTCENTRES REAL ESTATE INVESTMEN","Real Estate","Fixed Income","924,101.43","0.06","924,101.43","1,121,000.00","1,121,000.00","81.78","Canada","-","CAD","4.78","1.00","Dec 18, 2028","2.31","CAD","Dec 16, 2020"
"NAVCAN","NAV CANADA","Infrastructure","Fixed Income","923,226.42","0.06","923,226.42","1,103,000.00","1,103,000.00","83.01","Canada","-","CAD","6.04","1.00","May 29, 2030","2.06","CAD","May 29, 2020"
"HYDONE","HYDRO ONE INC","Infrastructure","Fixed Income","921,245.36","0.06","921,245.36","1,444,000.00","1,444,000.00","63.56","Canada","-","CAD","16.58","1.00","Feb 28, 2050","2.71","CAD","Feb 28, 2020"
"HYOHI","HYDRO OTTAWA HOLDING INC","Infrastructure","Fixed Income","920,084.61","0.06","920,084.61","955,000.00","955,000.00","95.94","Canada","-","CAD","1.30","1.00","Feb 3, 2025","2.61","CAD","Feb 2, 2015"
"BAMREP","BRP FINANCE ULC","Energy","Fixed Income","912,417.86","0.06","912,417.86","905,000.00","905,000.00","98.47","Canada","-","CAD","8.94","1.00","Nov 5, 2036","5.84","CAD","Nov 1, 2006"
"APUCN","ALLIED PROPERTIES REAL ESTATE INVE","Real Estate","Fixed Income","911,608.40","0.06","911,608.40","1,060,000.00","1,060,000.00","84.83","Canada","-","CAD","4.17","1.00","May 15, 2028","3.13","CAD","May 15, 2020"
"CUCN","CU INC MTN","Energy","Fixed Income","911,193.35","0.06","911,193.35","1,113,000.00","1,113,000.00","80.47","Canada","-","CAD","14.59","1.00","Nov 23, 2048","3.95","CAD","Nov 21, 2018"
"ENBGAS","ENBRIDGE GAS INC MTN","Energy","Fixed Income","909,978.40","0.06","909,978.40","1,056,000.00","1,056,000.00","85.84","Canada","-","CAD","5.34","1.00","Aug 9, 2029","2.37","CAD","Aug 9, 2019"
"POWCN","POWER CORPORATION OF CANADA","Financial","Fixed Income","908,575.38","0.06","908,575.38","1,011,000.00","1,011,000.00","89.08","Canada","-","CAD","13.37","1.00","Jan 31, 2047","4.81","CAD","Jan 31, 2017"
"ENBGAS","ENBRIDGE GAS INC MTN","Energy","Fixed Income","908,265.76","0.06","908,265.76","856,000.00","856,000.00","105.66","Canada","-","CAD","9.97","1.00","Sep 2, 2038","6.05","CAD","Sep 2, 2008"
"HEQCN","CHIP MORTGAGE TRUST","Securitized","Fixed Income","907,759.11","0.06","907,759.11","1,000,000.00","1,000,000.00","90.27","Canada","-","CAD","2.12","1.00","Dec 15, 2025","1.74","CAD","Dec 15, 2020"
"NAVCAN","NAV CANADA","Infrastructure","Fixed Income","905,423.79","0.06","905,423.79","998,000.00","998,000.00","90.59","Canada","-","CAD","2.29","1.00","Feb 9, 2026","0.94","CAD","Feb 9, 2021"
"ENBPIP","ENBRIDGE PIPELINES INC MTN","Energy","Fixed Income","903,484.96","0.06","903,484.96","961,000.00","961,000.00","91.44","Canada","-","CAD","10.45","1.00","Apr 6, 2040","5.33","CAD","Apr 6, 2010"
"ALACN","ALTAGAS LTD MTN","Energy","Fixed Income","902,025.04","0.06","902,025.04","1,141,000.00","1,141,000.00","78.50","Canada","-","CAD","12.47","1.00","Aug 15, 2044","4.50","CAD","Aug 15, 2014"
"OTTMAC","OTTAWA MACDONALD-CARTIER INTERNATI","Infrastructure","Fixed Income","898,985.21","0.06","898,985.21","1,060,721.00","1,060,721.00","83.55","Canada","-","CAD","8.54","1.00","Jun 9, 2045","3.93","CAD","Jun 9, 2015"
"VTR","VENTAS CANADA FINANCE LTD","Real Estate","Fixed Income","898,346.36","0.06","898,346.36","1,100,000.00","1,100,000.00","80.58","United States","-","CAD","6.87","1.00","Dec 1, 2031","3.30","CAD","Dec 1, 2021"
"BIP","BROOKFIELD INFRASTRUCTURE FINANCE MTN","Infrastructure","Fixed Income","895,698.34","0.06","895,698.34","904,000.00","904,000.00","98.33","Canada","-","CAD","7.06","1.00","Feb 14, 2033","5.98","CAD","Nov 14, 2022"
"CTLONE","CENTRAL 1 CREDIT UNION MTN","Financial","Fixed Income","894,124.34","0.06","894,124.34","950,000.00","950,000.00","93.44","Canada","-","CAD","3.87","1.00","Feb 7, 2028","4.65","CAD","Feb 7, 2023"
"FCRCN","FIRST CAPITAL REAL ESTATE INVESTME","Real Estate","Fixed Income","893,181.43","0.06","893,181.43","1,025,000.00","1,025,000.00","86.88","Canada","-","CAD","4.02","1.00","Mar 1, 2028","3.45","CAD","Sep 1, 2020"
"GZMCN","ENERGIR INC RegS","Energy","Fixed Income","892,550.26","0.06","892,550.26","1,049,000.00","1,049,000.00","84.66","Canada","-","CAD","7.18","1.00","Feb 9, 2032","3.04","CAD","Feb 9, 2022"
"ETRHWY","407 INTERNATIONAL INC.","Infrastructure","Fixed Income","891,562.57","0.06","891,562.57","966,000.00","966,000.00","91.31","Canada","-","CAD","3.35","1.00","May 4, 2027","2.43","CAD","Nov 4, 2016"
"TRPCN","TRANS-CANADA PIPELINE MTN","Energy","Fixed Income","891,108.00","0.06","891,108.00","822,000.00","822,000.00","104.79","Canada","-","CAD","3.00","1.00","Apr 15, 2027","7.90","CAD","Apr 15, 1997"
"ENBGAS","ENBRIDGE GAS INC MTN","Energy","Fixed Income","890,787.38","0.06","890,787.38","1,301,000.00","1,301,000.00","68.35","Canada","-","CAD","16.31","1.00","Sep 15, 2051","3.20","CAD","Sep 15, 2021"
"EAGCCT","EAGLE CREDIT CARD TRUST","Securitized","Fixed Income","889,312.88","0.06","889,312.88","900,000.00","900,000.00","97.29","Canada","-","CAD","4.10","1.00","Jun 17, 2028","5.13","CAD","Jun 13, 2023"
"ALCTRA","ALECTRA INC (CANADA)","Infrastructure","Fixed Income","888,868.60","0.06","888,868.60","880,000.00","880,000.00","99.03","Canada","-","CAD","14.74","1.00","Nov 14, 2052","5.22","CAD","Nov 14, 2022"
"OMERS","OMERS REALTY CORP","Real Estate","Fixed Income","887,296.42","0.06","887,296.42","912,000.00","912,000.00","96.23","Canada","-","CAD","1.59","1.00","Jun 5, 2025","3.33","CAD","Jun 5, 2018"
"IFCCN","INTACT FINANCIAL CORP MTN","Financial","Fixed Income","886,385.16","0.06","886,385.16","922,000.00","922,000.00","94.65","Canada","-","CAD","11.66","1.00","Jun 16, 2042","5.16","CAD","Jun 15, 2012"
"ENBGAS","ENBRIDGE GAS INC MTN","Energy","Fixed Income","885,866.85","0.06","885,866.85","987,000.00","987,000.00","88.16","Canada","-","CAD","12.51","1.00","Nov 23, 2043","4.50","CAD","Nov 22, 2013"
"EAGCCT","EAGLE CREDIT CARD TRUST","Securitized","Fixed Income","885,274.62","0.06","885,274.62","985,000.00","985,000.00","89.44","Canada","-","CAD","2.59","1.00","Jun 17, 2026","1.55","CAD","Jun 21, 2021"
"AXUCN","ARTIS REAL ESTATE INVESTMENT TRUST","Real Estate","Fixed Income","881,741.97","0.06","881,741.97","900,000.00","900,000.00","95.62","Canada","-","CAD","1.46","1.00","Apr 29, 2025","5.60","CAD","Apr 29, 2022"
"CUCN","CU INC","Energy","Fixed Income","880,838.47","0.06","880,838.47","977,000.00","977,000.00","88.35","Canada","-","CAD","15.34","1.00","Nov 7, 2053","4.56","CAD","Nov 7, 2013"
"MCAPCO","MCAP COMMERCIAL LP","Financial","Fixed Income","878,521.65","0.06","878,521.65","1,004,000.00","1,004,000.00","86.33","Canada","-","CAD","3.76","1.00","Nov 26, 2027","3.38","CAD","Nov 26, 2020"
"HNDA","HONDA CANADA FINANCE INC","Financial","Fixed Income","876,657.15","0.06","876,657.15","875,000.00","875,000.00","100.17","Canada","-","CAD","4.33","1.00","Sep 28, 2028","5.73","CAD","Sep 28, 2023"
"BCECN","BELL CANADA MTN RegS","Communication","Fixed Income","874,594.67","0.06","874,594.67","920,000.00","920,000.00","94.31","Canada","-","CAD","14.17","1.00","Aug 11, 2053","5.60","CAD","Aug 11, 2023"
"BCFERR","BRITISH COLUMBIA FERRY SERVICES IN","Infrastructure","Fixed Income","871,323.91","0.05","871,323.91","837,000.00","837,000.00","102.88","Canada","-","CAD","9.82","1.00","Jan 11, 2038","5.58","CAD","Jan 11, 2008"
"MFCCN","MANULIFE BANK OF CANADA","Financial","Fixed Income","871,262.23","0.05","871,262.23","896,000.00","896,000.00","96.37","Canada","-","CAD","1.09","1.00","Nov 19, 2024","2.38","CAD","Nov 19, 2019"
"CRRUCN","CROMBIE REAL ESTATE INVESTMENT TRU RegS","Real Estate","Fixed Income","870,998.73","0.05","870,998.73","920,000.00","920,000.00","94.66","Canada","-","CAD","5.08","1.00","Sep 28, 2029","5.24","CAD","Mar 28, 2023"
"CAAIAU","CALGARY AIRPORT AUTHORITY","Infrastructure","Fixed Income","869,615.11","0.05","869,615.11","1,140,000.00","1,140,000.00","74.58","Canada","-","CAD","15.71","1.00","Oct 7, 2051","3.55","CAD","Oct 7, 2021"
"CNRCN","CANADIAN NATIONAL RAILWAY","Industrial","Fixed Income","868,307.77","0.05","868,307.77","1,269,000.00","1,269,000.00","67.99","Canada","-","CAD","16.05","1.00","Feb 8, 2050","3.05","CAD","Nov 1, 2019"
"ALCTRA","ALECTRA INC (CANADA)","Infrastructure","Fixed Income","866,593.55","0.05","866,593.55","1,029,000.00","1,029,000.00","83.56","Canada","-","CAD","12.58","1.00","Jul 30, 2042","3.96","CAD","Jul 30, 2012"
"ENBPIP","ENBRIDGE PIPELINES INC MTN","Energy","Fixed Income","863,276.78","0.05","863,276.78","1,134,000.00","1,134,000.00","75.55","Canada","-","CAD","13.43","1.00","Aug 9, 2046","4.13","CAD","Aug 9, 2016"
"LOWMAT","LOWER MATTAGAMI ENERGY LP","Infrastructure","Fixed Income","862,611.03","0.05","862,611.03","1,007,000.00","1,007,000.00","83.84","Canada","-","CAD","15.36","1.00","Apr 23, 2052","4.17","CAD","Apr 23, 2012"
"KEYCN","KEYERA CORP MTN","Energy","Fixed Income","861,218.49","0.05","861,218.49","928,000.00","928,000.00","92.79","Canada","-","CAD","6.81","1.00","Mar 28, 2032","5.02","CAD","Mar 28, 2022"
"SE","WESTCOAST ENERGY INC MTN","Energy","Fixed Income","860,140.31","0.05","860,140.31","818,000.00","818,000.00","104.98","Canada","-","CAD","5.84","1.00","Mar 20, 2031","7.15","CAD","Mar 20, 2001"
"SRUUCN","SMARTCENTRES REAL ESTATE INVESTMEN","Real Estate","Fixed Income","860,069.17","0.05","860,069.17","950,000.00","950,000.00","89.57","Canada","-","CAD","3.40","1.00","Jun 11, 2027","3.19","CAD","Jun 11, 2020"
"SRUUCN","SMARTCENTRES REAL ESTATE INVESTMEN","Real Estate","Fixed Income","858,023.97","0.05","858,023.97","1,020,000.00","1,020,000.00","83.02","Canada","-","CAD","6.10","1.00","Dec 11, 2030","3.65","CAD","Jun 11, 2020"
"TORHYD","TORONTO HYDRO CORPORATION","Infrastructure","Fixed Income","855,651.85","0.05","855,651.85","1,005,000.00","1,005,000.00","84.99","Canada","-","CAD","13.39","1.00","Sep 16, 2044","4.08","CAD","Sep 16, 2014"
"CLOVLP","CLOVER LIMITED PARTNERSHIP","Energy","Fixed Income","855,481.26","0.05","855,481.26","905,899.00","905,899.00","92.33","Canada","-","CAD","3.69","1.00","Mar 31, 2034","4.22","CAD","Oct 24, 2018"
"GEICN","GIBSON ENERGY INC","Energy","Fixed Income","851,998.32","0.05","851,998.32","901,000.00","901,000.00","94.04","Canada","-","CAD","1.71","1.00","Jul 14, 2025","2.45","CAD","Jul 14, 2020"
"ELFCN","EMPIRE LIFE INSURANCE CO RegS","Financial","Fixed Income","851,939.78","0.05","851,939.78","875,000.00","875,000.00","96.12","Canada","-","CAD","3.62","1.00","Jan 13, 2033","5.88","CAD","Jan 13, 2023"
"LCN","LOBLAW COMPANIES LIMITED MTN","Industrial","Fixed Income","851,332.85","0.05","851,332.85","841,000.00","841,000.00","100.05","Canada","-","CAD","8.67","1.00","Jan 18, 2036","5.90","CAD","Jan 18, 2005"
"DOLCN","DOLLARAMA INC","Industrial","Fixed Income","850,902.31","0.05","850,902.31","991,000.00","991,000.00","85.83","Canada","-","CAD","3.78","1.00","Sep 20, 2027","1.50","CAD","Sep 18, 2020"
"AERMON","AEROPORTS DE MONTREAL","Infrastructure","Fixed Income","845,817.16","0.05","845,817.16","761,000.00","761,000.00","108.08","Canada","-","CAD","7.28","1.00","Oct 11, 2033","6.55","CAD","Oct 9, 2003"
"ENBCN","ENBRIDGE INC MTN","Energy","Fixed Income","845,416.95","0.05","845,416.95","806,000.00","806,000.00","103.57","Canada","-","CAD","5.36","1.00","Jul 24, 2030","7.22","CAD","Jul 24, 2000"
"TORHYD","TORONTO HYDRO CORPORATION RegS","Infrastructure","Fixed Income","845,243.90","0.05","845,243.90","875,000.00","875,000.00","95.25","Canada","-","CAD","7.59","1.00","Jun 14, 2033","4.61","CAD","Jun 14, 2023"
"ACICN","ALTAGAS CANADA INC MTN","Energy","Fixed Income","844,138.01","0.05","844,138.01","887,000.00","887,000.00","93.65","Canada","-","CAD","2.34","1.00","Apr 6, 2026","3.15","CAD","Apr 3, 2019"
"ENBGAS","ENBRIDGE GAS INC","Energy","Fixed Income","843,785.20","0.05","843,785.20","862,000.00","862,000.00","96.92","Canada","-","CAD","11.03","1.00","Jul 23, 2040","5.20","CAD","Jul 23, 2010"
"ONTPOW","ONTARIO POWER GENERATION INC MTN","Energy","Fixed Income","843,293.93","0.05","843,293.93","865,000.00","865,000.00","96.11","Canada","-","CAD","1.44","1.00","Apr 8, 2025","2.89","CAD","Apr 8, 2020"
"CRRUCN","CROMBIE REAL ESTATE INVESTMENT TRU","Real Estate","Fixed Income","840,748.07","0.05","840,748.07","898,000.00","898,000.00","93.28","Canada","-","CAD","2.71","1.00","Aug 26, 2026","3.68","CAD","Aug 26, 2019"
"GZMCN","GAZ METRO INC MTN","Energy","Fixed Income","840,791.82","0.05","840,791.82","755,000.00","755,000.00","108.43","Canada","-","CAD","5.51","1.00","Oct 30, 2030","7.05","CAD","Oct 26, 2000"
"ONTPOW","ONTARIO POWER GENERATION INC MTN","Energy","Fixed Income","840,162.09","0.05","840,162.09","1,127,000.00","1,127,000.00","74.39","Canada","-","CAD","15.50","1.00","Sep 13, 2050","3.65","CAD","Sep 13, 2019"
"NAVCAN","NAV CANADA","Infrastructure","Fixed Income","839,233.07","0.05","839,233.07","768,000.00","768,000.00","106.84","Canada","-","CAD","3.16","1.00","Jun 1, 2027","7.40","CAD","Dec 16, 1996"
"ENMAXC","ENMAX CORP","Infrastructure","Fixed Income","836,647.03","0.05","836,647.03","920,000.00","920,000.00","89.20","Canada","-","CAD","5.20","1.00","Oct 18, 2029","3.88","CAD","Oct 18, 2019"
"DE","JOHN DEERE FINANCIAL INC MTN","Financial","Fixed Income","836,101.74","0.05","836,101.74","876,000.00","876,000.00","94.81","United States","-","CAD","1.65","1.00","Jun 20, 2025","2.31","CAD","Jan 19, 2022"
"CTCACN","CANADIAN TIRE CORP LTD MTN","Industrial","Fixed Income","835,011.85","0.05","835,011.85","792,000.00","792,000.00","102.42","Canada","-","CAD","3.82","1.00","Apr 13, 2028","6.50","CAD","Apr 13, 1998"
"BCECN","BELL CANADA MTN","Communication","Fixed Income","832,524.37","0.05","832,524.37","730,000.00","730,000.00","110.17","Canada","-","CAD","5.60","1.00","Apr 2, 2031","7.85","CAD","Apr 2, 2001"
"EPCOR","EPCOR UTILITIES INC MTN 144A","Infrastructure","Fixed Income","832,520.00","0.05","832,520.00","800,000.00","800,000.00","101.96","Canada","-","CAD","8.65","1.00","Nov 16, 2035","5.65","CAD","Nov 17, 2005"
"ALTALK","ALTALINK LP MTN","Infrastructure","Fixed Income","832,476.42","0.05","832,476.42","909,000.00","909,000.00","89.82","Canada","-","CAD","11.85","1.00","Nov 8, 2041","4.46","CAD","Nov 8, 2011"
"ENBPIP","ENBRIDGE PIPELINES INC MTN","Energy","Fixed Income","832,334.08","0.05","832,334.08","1,011,000.00","1,011,000.00","81.79","Canada","-","CAD","12.24","1.00","Aug 17, 2043","4.55","CAD","Aug 16, 2013"
"LCN","LOBLAW COMPANIES LTD MTN 144A","Industrial","Fixed Income","831,537.70","0.05","831,537.70","783,000.00","783,000.00","105.67","Canada","-","CAD","6.45","1.00","Mar 1, 2032","6.85","CAD","Mar 1, 2002"
"IFCCN","INTACT FINANCIAL CORP","Financial","Fixed Income","830,083.58","0.05","830,083.58","950,000.00","950,000.00","85.33","Canada","-","CAD","1.76","1.00","Mar 31, 2081","4.13","CAD","Mar 31, 2021"
"GTAAIR","GREATER TORONTO AIRPORTS AUTHORITY","Infrastructure","Fixed Income","827,472.64","0.05","827,472.64","1,155,000.00","1,155,000.00","70.12","Canada","-","CAD","16.28","1.00","Oct 5, 2051","3.15","CAD","Oct 5, 2021"
"ENBGAS","ENBRIDGE GAS INC MTN","Energy","Fixed Income","827,095.45","0.05","827,095.45","876,000.00","876,000.00","93.08","Canada","-","CAD","11.42","1.00","Jun 21, 2041","4.88","CAD","Jun 21, 2011"
"APUCN","ALLIED PROPERTIES REAL ESTATE INVE","Real Estate","Fixed Income","826,010.28","0.05","826,010.28","998,000.00","998,000.00","82.35","Canada","-","CAD","5.19","1.00","Aug 15, 2029","3.39","CAD","Aug 15, 2019"
"ENBCN","ENBRIDGE INC MTN","Energy","Fixed Income","824,947.50","0.05","824,947.50","1,140,000.00","1,140,000.00","72.27","Canada","-","CAD","14.69","1.00","Sep 21, 2051","4.10","CAD","Sep 21, 2021"
"CHPUCN","CHOICE PROPERTIES REIT","Real Estate","Fixed Income","824,773.62","0.05","824,773.62","844,000.00","844,000.00","96.30","Canada","-","CAD","2.01","1.00","Nov 24, 2025","4.05","CAD","Nov 24, 2015"
"TERANE","TERANET HOLDINGS LP","Industrial","Fixed Income","824,734.38","0.05","824,734.38","863,000.00","863,000.00","93.83","Canada","-","CAD","10.49","1.00","Jun 17, 2041","6.10","CAD","Apr 4, 2011"
"TRPCN","TRANSCANADA PIPELINES LIMITED MTN","Energy","Fixed Income","824,155.19","0.05","824,155.19","803,000.00","803,000.00","100.47","Canada","-","CAD","3.95","1.00","May 26, 2028","6.28","CAD","May 26, 1998"
"EPCOR","EPCOR UTILITIES INC MTN","Infrastructure","Fixed Income","821,640.22","0.05","821,640.22","777,000.00","777,000.00","103.73","Canada","-","CAD","10.47","1.00","Nov 24, 2039","5.75","CAD","Nov 24, 2009"
"VW","VW CREDIT CANADA INC RegS","Financial","Fixed Income","817,716.32","0.05","817,716.32","825,000.00","825,000.00","98.98","Germany","-","CAD","4.30","1.00","Sep 20, 2028","5.73","CAD","Sep 20, 2023"
"VANAIR","VANCOUVER AIRPORT AUTHORITY","Infrastructure","Fixed Income","815,802.55","0.05","815,802.55","1,195,000.00","1,195,000.00","66.98","Canada","-","CAD","16.07","1.00","Oct 18, 2049","2.87","CAD","Oct 18, 2019"
"SLFCN","SUN LIFE CAPITAL TRUST","Financial","Fixed Income","813,475.77","0.05","813,475.77","776,000.00","776,000.00","103.06","Canada","-","CAD","6.48","1.00","Jun 30, 2052","7.09","CAD","Jun 25, 2002"
"ETRHWY","407 INTERNATIONAL INC MTN RegS","Infrastructure","Fixed Income","813,152.47","0.05","813,152.47","856,000.00","856,000.00","94.35","Canada","-","CAD","1.58","1.00","May 22, 2025","1.80","CAD","May 22, 2020"
"TRPCN","TRANSCANADA PIPELINES LTD","Energy","Fixed Income","812,044.49","0.05","812,044.49","834,000.00","834,000.00","95.10","Canada","-","CAD","13.36","1.00","May 12, 2052","5.92","CAD","May 12, 2022"
"SAPCN","SAPUTO INC MTN","Industrial","Fixed Income","810,708.95","0.05","810,708.95","934,000.00","934,000.00","86.18","Canada","-","CAD","4.37","1.00","Jun 22, 2028","2.30","CAD","Jun 22, 2021"
"CUCN","CU INC MTN","Energy","Fixed Income","809,328.15","0.05","809,328.15","782,000.00","782,000.00","101.18","Canada","-","CAD","9.60","1.00","Oct 30, 2037","5.56","CAD","Nov 1, 2007"
"APUCN","ALLIED PROPERTIES REAL ESTATE INVE","Real Estate","Fixed Income","809,225.79","0.05","809,225.79","834,000.00","834,000.00","95.43","Canada","-","CAD","1.47","1.00","Apr 21, 2025","3.64","CAD","Apr 21, 2017"
"TCLACN","TRANSCONTINENTAL INC.","Communication","Fixed Income","806,312.81","0.05","806,312.81","845,000.00","845,000.00","95.01","Canada","-","CAD","1.30","1.00","Feb 3, 2025","2.67","CAD","Feb 1, 2022"
"REIUCN","RIOCAN REAL ESTATE INVESTMENT TRUS","Real Estate","Fixed Income","805,156.72","0.05","805,156.72","864,000.00","864,000.00","91.27","Canada","-","CAD","4.76","1.00","May 1, 2029","4.63","CAD","Apr 18, 2022"
"ETRHWY","407 INTERNATIONAL INC. MTN","Infrastructure","Fixed Income","804,803.51","0.05","804,803.51","867,000.00","867,000.00","90.58","Canada","-","CAD","15.19","1.00","Oct 7, 2053","4.68","CAD","Oct 7, 2013"
"GEICN","GIBSON ENERGY INC MTN","Energy","Fixed Income","804,494.49","0.05","804,494.49","825,000.00","825,000.00","96.17","Canada","-","CAD","13.35","1.00","Jul 12, 2053","6.20","CAD","Jul 12, 2023"
"IAGCN","IA FINANCIAL CORPORATION INC","Financial","Fixed Income","802,577.24","0.05","802,577.24","881,000.00","881,000.00","90.79","Canada","-","CAD","3.13","1.00","Feb 25, 2032","3.20","CAD","Feb 25, 2022"
"FCRCN","FIRST CAPITAL REAL ESTATE INVESTME","Real Estate","Fixed Income","801,828.73","0.05","801,828.73","881,000.00","881,000.00","90.36","Canada","-","CAD","3.06","1.00","Jan 22, 2027","3.46","CAD","Jul 22, 2019"
"HEQCN","CHIP MORTGAGE TRUST RegS","Securitized","Fixed Income","799,674.99","0.05","799,674.99","800,000.00","800,000.00","98.68","Canada","-","CAD","4.20","1.00","Nov 14, 2028","6.07","CAD","Jul 14, 2023"
"ETRHWY","407 INTERNATIONAL INC","Infrastructure","Fixed Income","799,622.76","0.05","799,622.76","916,000.00","916,000.00","86.17","Canada","-","CAD","7.93","1.00","Jun 1, 2033","3.43","CAD","Mar 24, 2017"
"STNCN","STANTEC INC.","Industrial","Fixed Income","796,708.27","0.05","796,708.27","909,000.00","909,000.00","86.67","Canada","-","CAD","3.75","1.00","Oct 8, 2027","2.05","CAD","Oct 8, 2020"
"SRUUCN","SMART REAL ESTATE INVESTMENT TRUST","Real Estate","Fixed Income","795,206.53","0.05","795,206.53","857,000.00","857,000.00","92.49","Canada","-","CAD","2.72","1.00","Aug 28, 2026","3.44","CAD","Aug 30, 2016"
"BMW","BMW CANADA INC","Industrial","Fixed Income","794,385.61","0.05","794,385.61","800,000.00","800,000.00","98.65","Germany","-","CAD","1.30","1.00","Feb 10, 2025","4.76","CAD","Feb 10, 2023"
"ENBPIP","ENBRIDGE PIPELINES INC.","Energy","Fixed Income","792,573.58","0.05","792,573.58","844,000.00","844,000.00","91.83","Canada","-","CAD","10.35","1.00","Nov 10, 2039","5.35","CAD","Nov 10, 2009"
"ETRHWY","407 INTERNATIONAL INC MTN","Infrastructure","Fixed Income","792,008.09","0.05","792,008.09","885,000.00","885,000.00","89.29","Canada","-","CAD","5.71","1.00","Mar 6, 2030","3.14","CAD","Mar 6, 2019"
"ENBGAS","ENBRIDGE GAS INC MTN 144A","Energy","Fixed Income","791,557.60","0.05","791,557.60","811,000.00","811,000.00","97.10","Canada","-","CAD","9.04","1.00","Feb 25, 2036","5.21","CAD","Feb 24, 2006"
"IGMCN","IGM FINANCIAL INC","Financial","Fixed Income","791,643.84","0.05","791,643.84","810,000.00","810,000.00","95.86","Canada","-","CAD","14.34","1.00","May 26, 2053","5.43","CAD","May 26, 2023"
"TRPCN","TRANSCANADA PIPELINES LIMITED MTN","Energy","Fixed Income","789,259.08","0.05","789,259.08","775,000.00","775,000.00","99.85","Canada","-","CAD","5.64","1.00","Dec 9, 2030","6.50","CAD","Dec 7, 1998"
"TORHYD","TORONTO HYDRO CORP MTN","Infrastructure","Fixed Income","788,573.91","0.05","788,573.91","753,000.00","753,000.00","102.74","Canada","-","CAD","10.78","1.00","May 21, 2040","5.54","CAD","May 20, 2010"
"HYDONE","HYDRO ONE INC MTN","Infrastructure","Fixed Income","787,336.04","0.05","787,336.04","964,000.00","964,000.00","81.28","Canada","-","CAD","13.95","1.00","Feb 23, 2046","3.91","CAD","Feb 24, 2016"
"CRTUCN","CT REAL ESTATE INVESTMENT TRUST","Real Estate","Fixed Income","783,832.58","0.05","783,832.58","831,000.00","831,000.00","93.24","Canada","-","CAD","2.49","1.00","Jun 1, 2026","3.29","CAD","May 31, 2016"
"BAMREP","BROOKFIELD RENEWABLE PARTNERS ULC MTN","Energy","Fixed Income","783,497.12","0.05","783,497.12","989,000.00","989,000.00","77.49","Canada","-","CAD","14.02","1.00","Nov 5, 2049","4.29","CAD","Sep 13, 2019"
"COMWIN","COMBER WIND FINANCIAL CORP","Energy","Fixed Income","779,353.96","0.05","779,353.96","804,783.00","804,783.00","95.56","Canada","-","CAD","3.40","1.00","Nov 15, 2030","5.13","CAD","Feb 22, 2013"
"ENBGAS","ENBRIDGE GAS INC MTN","Energy","Fixed Income","779,105.83","0.05","779,105.83","814,000.00","814,000.00","95.61","Canada","-","CAD","1.87","1.00","Sep 17, 2025","3.19","CAD","Sep 17, 2015"
"NSIUCN","NOVA SCOTIA POWER INC","Infrastructure","Fixed Income","779,015.71","0.05","779,015.71","835,000.00","835,000.00","93.22","Canada","-","CAD","14.49","1.00","Mar 24, 2053","5.36","CAD","Mar 24, 2023"
"ALTALK","ALTALINK LP MTN","Infrastructure","Fixed Income","778,736.05","0.05","778,736.05","912,000.00","912,000.00","83.93","Canada","-","CAD","13.24","1.00","Nov 21, 2044","4.05","CAD","Nov 21, 2014"
"SRUUCN","SMARTCENTRES REAL ESTATE INVESTMEN","Real Estate","Fixed Income","778,079.71","0.05","778,079.71","851,000.00","851,000.00","90.38","Canada","-","CAD","3.80","1.00","Dec 21, 2027","3.83","CAD","Dec 21, 2017"
"IVANCA","IVANHOE CAMBRIDGE II INC","Real Estate","Fixed Income","776,005.31","0.05","776,005.31","802,000.00","802,000.00","96.07","Canada","-","CAD","1.16","1.00","Dec 12, 2024","2.30","CAD","Dec 12, 2019"
"ACICN","TRISUMMIT UTILITIES INC MTN RegS","Energy","Fixed Income","774,951.69","0.05","774,951.69","800,000.00","800,000.00","95.77","Canada","-","CAD","5.26","1.00","Jan 11, 2030","5.02","CAD","Jan 11, 2023"
"LCN","LOBLAW COMPANIES LIMITED MTN","Industrial","Fixed Income","771,626.89","0.05","771,626.89","735,000.00","735,000.00","104.21","Canada","-","CAD","7.04","1.00","Feb 17, 2033","6.54","CAD","Feb 17, 2003"
"HYDONE","HYDRO ONE INC MTN","Infrastructure","Fixed Income","770,411.10","0.05","770,411.10","868,000.00","868,000.00","88.72","Canada","-","CAD","12.05","1.00","Sep 26, 2041","4.39","CAD","Sep 26, 2011"
"CRTUCN","CT REAL ESTATE INVESTMENT TRUST","Real Estate","Fixed Income","764,137.62","0.05","764,137.62","829,000.00","829,000.00","91.18","Canada","-","CAD","3.39","1.00","Jun 16, 2027","3.47","CAD","Jun 16, 2017"
"CCACN","COGECO COMMUNICATIONS INC","Communication","Fixed Income","762,379.02","0.05","762,379.02","945,000.00","945,000.00","80.62","Canada","-","CAD","6.90","1.00","Sep 22, 2031","2.99","CAD","Sep 20, 2021"
"MRUCN","METRO INC MTN","Industrial","Fixed Income","760,604.77","0.05","760,604.77","1,100,000.00","1,100,000.00","68.85","Canada","-","CAD","15.37","1.00","Feb 28, 2050","3.41","CAD","Feb 26, 2020"
"COCAPS","COAST CAPITAL SAVINGS FEDERAL CRED","Financial","Fixed Income","758,756.45","0.05","758,756.45","750,000.00","750,000.00","99.03","Canada","-","CAD","1.08","1.00","Nov 25, 2024","6.13","CAD","Nov 23, 2022"
"HALFX","HALIFAX INTERNATIONAL AIRPORT AUTH","Infrastructure","Fixed Income","758,294.74","0.05","758,294.74","830,000.00","830,000.00","89.53","Canada","-","CAD","14.21","1.00","Nov 15, 2050","4.89","CAD","Nov 5, 2010"
"RCICN","ROGERS COMMUNICATIONS INC","Communication","Fixed Income","755,639.65","0.05","755,639.65","1,014,000.00","1,014,000.00","73.22","Canada","-","CAD","13.85","1.00","Dec 9, 2049","4.25","CAD","Dec 9, 2019"
"NAVCAN","NAV CANADA MTN","Infrastructure","Fixed Income","754,556.53","0.05","754,556.53","962,000.00","962,000.00","78.08","Canada","-","CAD","14.36","1.00","Feb 23, 2046","3.53","CAD","Feb 24, 2016"
"LOWMAT","LOWER MATTAGAMI ENERGY LP","Infrastructure","Fixed Income","754,448.04","0.05","754,448.04","767,000.00","767,000.00","96.34","Canada","-","CAD","7.70","1.00","Oct 31, 2033","4.85","CAD","Oct 31, 2022"
"VANAIR","VANCOUVER AIRPORT AUTHORITY","Infrastructure","Fixed Income","751,101.06","0.05","751,101.06","1,146,000.00","1,146,000.00","65.48","Canada","-","CAD","16.75","1.00","Sep 21, 2050","2.80","CAD","Sep 21, 2020"
"LCN","LOBLAW COMPANIES LIMITED MTN","Industrial","Fixed Income","750,889.16","0.05","750,889.16","730,000.00","730,000.00","101.01","Canada","-","CAD","7.76","1.00","Jun 9, 2034","6.05","CAD","Jun 9, 2003"
"TOYOTA","TOYOTA CREDIT CANADA INC MTN RegS","Financial","Fixed Income","750,047.06","0.05","750,047.06","755,000.00","755,000.00","98.23","Canada","-","CAD","4.17","1.00","Jul 12, 2028","5.16","CAD","Jul 12, 2023"
"SIACN","SIENNA SENIOR LIVING INC","Industrial","Fixed Income","749,964.53","0.05","749,964.53","808,000.00","808,000.00","92.51","Canada","-","CAD","2.27","1.00","Feb 27, 2026","3.45","CAD","Oct 2, 2020"
"ALACN","ALTAGAS LTD MTN","Energy","Fixed Income","749,410.74","0.05","749,410.74","789,000.00","789,000.00","93.04","Canada","-","CAD","3.58","1.00","Oct 4, 2027","3.98","CAD","Oct 4, 2017"
"CUCN","CU INC MTN","Energy","Fixed Income","749,106.88","0.05","749,106.88","768,000.00","768,000.00","95.72","Canada","-","CAD","9.35","1.00","Nov 20, 2036","5.03","CAD","Nov 20, 2006"
"DOLCN","DOLLARAMA INC","Industrial","Fixed Income","747,684.57","0.05","747,684.57","740,000.00","740,000.00","98.88","Canada","-","CAD","1.91","1.00","Oct 27, 2025","5.08","CAD","Oct 26, 2022"
"ENBGAS","ENBRIDGE GAS INC","Energy","Fixed Income","747,609.36","0.05","747,609.36","850,000.00","850,000.00","87.42","Canada","-","CAD","15.23","1.00","Aug 17, 2052","4.55","CAD","Aug 17, 2022"
"CP","CANADIAN PACIFIC RAILWAY COMPANY","Industrial","Fixed Income","746,012.66","0.05","746,012.66","1,118,000.00","1,118,000.00","66.56","Canada","-","CAD","16.02","1.00","Mar 9, 2050","3.05","CAD","Mar 9, 2020"
"LUCACN","LIBERTY UTILITIES (CANADA) LP","Energy","Fixed Income","744,872.45","0.05","744,872.45","1,100,000.00","1,100,000.00","67.30","Canada","-","CAD","15.41","1.00","Feb 14, 2050","3.31","CAD","Feb 14, 2020"
"ACOXCN","ATCO LTD RegS","Energy","Fixed Income","743,129.23","0.05","743,129.23","786,000.00","786,000.00","92.27","Canada","-","CAD","4.28","1.00","Nov 1, 2078","5.50","CAD","Nov 1, 2018"
"SE","WESTCOAST ENERGY INC MTN","Energy","Fixed Income","742,045.73","0.05","742,045.73","763,000.00","763,000.00","96.09","Canada","-","CAD","2.05","1.00","Dec 8, 2025","3.77","CAD","Dec 8, 2015"
"TRPCN","TRANSCANADA PIPELINES LIMITED MTN","Energy","Fixed Income","740,916.58","0.05","740,916.58","712,000.00","712,000.00","103.06","Canada","-","CAD","4.10","1.00","Aug 7, 2028","6.89","CAD","Jul 30, 1997"
"ALCTRA","ALECTRA INC (CANADA)","Infrastructure","Fixed Income","740,453.94","0.05","740,453.94","938,000.00","938,000.00","78.70","Canada","-","CAD","6.73","1.00","Feb 11, 2031","1.75","CAD","Feb 11, 2021"
"DTRGR","DAIMLER TRUCKS FINANCE CANADA INC RegS","Financial","Fixed Income","735,896.80","0.05","735,896.80","755,000.00","755,000.00","97.34","Germany","-","CAD","3.56","1.00","Sep 20, 2027","5.22","CAD","Sep 19, 2022"
"FTSCN","TERASEN GAS VANCOUVER IS","Energy","Fixed Income","735,731.64","0.05","735,731.64","687,000.00","687,000.00","106.35","Canada","-","CAD","9.73","1.00","Feb 15, 2038","6.05","CAD","Feb 15, 2008"
"ALTALK","ALTALINK LP","Infrastructure","Fixed Income","735,847.90","0.05","735,847.90","757,000.00","757,000.00","95.61","Canada","-","CAD","7.22","1.00","Nov 28, 2032","4.69","CAD","Nov 28, 2022"
"NSIUCN","NOVA SCOTIA POWER INC MTN","Infrastructure","Fixed Income","735,639.80","0.05","735,639.80","1,022,000.00","1,022,000.00","70.25","Canada","-","CAD","14.58","1.00","Apr 5, 2049","3.57","CAD","Apr 4, 2019"
"LBCN","LAURENTIAN BANK OF CANADA","Financial","Fixed Income","734,742.92","0.05","734,742.92","802,000.00","802,000.00","90.97","Canada","-","CAD","2.48","1.00","May 6, 2026","1.60","CAD","May 6, 2021"
"CUCN","CU INC","Energy","Fixed Income","734,571.68","0.05","734,571.68","800,000.00","800,000.00","90.25","Canada","-","CAD","14.68","1.00","Jun 3, 2052","4.85","CAD","Jun 3, 2022"
"LCN","LOBLAW COMPANIES LIMITED MTN","Industrial","Fixed Income","734,157.23","0.05","734,157.23","703,000.00","703,000.00","103.20","Canada","-","CAD","4.45","1.00","Jan 22, 2029","6.50","CAD","Jan 22, 1999"
"SRUUCN","SMARTCENTRES REAL ESTATE INVESTMEN","Real Estate","Fixed Income","733,501.14","0.05","733,501.14","805,000.00","805,000.00","90.62","Canada","-","CAD","2.12","1.00","Dec 16, 2025","1.74","CAD","Dec 16, 2020"
"FTSCN","FORTISBC INC MTN","Infrastructure","Fixed Income","733,277.43","0.05","733,277.43","897,000.00","897,000.00","80.06","Canada","-","CAD","13.07","1.00","Oct 28, 2044","4.00","CAD","Oct 28, 2014"
"FTSCN","FORTISBC ENERGY INC MTN","Energy","Fixed Income","731,752.43","0.05","731,752.43","890,000.00","890,000.00","81.74","Canada","-","CAD","6.90","1.00","Jul 18, 2031","2.42","CAD","Apr 14, 2021"
"AQNCN","ALGONQUIN POWER CO","Energy","Fixed Income","728,020.97","0.05","728,020.97","768,000.00","768,000.00","94.31","Canada","-","CAD","3.11","1.00","Feb 17, 2027","4.09","CAD","Jan 17, 2017"
"ONTPOW","ONTARIO POWER GENERATION INC","Energy","Fixed Income","727,036.87","0.05","727,036.87","922,000.00","922,000.00","77.81","Canada","-","CAD","14.54","1.00","Jun 22, 2048","3.84","CAD","Jun 22, 2018"
"CUCN","CU INC MTN","Energy","Fixed Income","726,484.50","0.05","726,484.50","731,000.00","731,000.00","97.52","Canada","-","CAD","8.80","1.00","Nov 21, 2035","5.18","CAD","Nov 21, 2005"
"LCN","LOBLAW CO LTD MTN","Industrial","Fixed Income","726,335.32","0.05","726,335.32","704,000.00","704,000.00","102.27","Canada","-","CAD","3.77","1.00","Feb 9, 2028","6.45","CAD","Feb 9, 1998"
"LOWMAT","LOWER MATTAGAMI ENERGY LP","Infrastructure","Fixed Income","725,338.44","0.05","725,338.44","845,000.00","845,000.00","85.42","Canada","-","CAD","13.82","1.00","Feb 23, 2046","4.18","CAD","Feb 25, 2013"
"DIRUCN","DREAM INDUSTRIAL REAL ESTATE INVES","Real Estate","Fixed Income","725,291.04","0.05","725,291.04","750,000.00","750,000.00","94.87","Canada","-","CAD","2.34","1.00","Apr 13, 2026","3.97","CAD","Apr 13, 2022"
"PMZUCN","PRIMARIS REAL ESTATE INVESTMENT TR","Real Estate","Fixed Income","724,589.34","0.05","724,589.34","737,000.00","737,000.00","96.18","Canada","-","CAD","1.40","1.00","Mar 30, 2025","4.27","CAD","Mar 30, 2022"
"ENMAXC","ENMAX CORP","Infrastructure","Fixed Income","722,996.14","0.05","722,996.14","735,000.00","735,000.00","97.16","Canada","-","CAD","1.13","1.00","Dec 5, 2024","3.81","CAD","Dec 5, 2014"
"BRUPOW","BRUCE POWER LP RegS","Energy","Fixed Income","720,448.10","0.05","720,448.10","750,000.00","750,000.00","94.69","Canada","-","CAD","7.03","1.00","Dec 21, 2032","4.99","CAD","Mar 23, 2023"
"GZMCN","ENERGIR INC RegS","Energy","Fixed Income","720,005.21","0.05","720,005.21","794,000.00","794,000.00","89.73","Canada","-","CAD","3.32","1.00","Apr 16, 2027","2.10","CAD","Apr 16, 2020"
"DTRGR","DAIMLER TRUCK FINANCE CANADA INC RegS","Financial","Fixed Income","718,701.86","0.05","718,701.86","720,000.00","720,000.00","99.76","Germany","-","CAD","2.72","1.00","Sep 25, 2026","5.81","CAD","Sep 25, 2023"
"CSHU","CHARTWELL RETIREMENT RESIDENCES","Industrial","Fixed Income","717,313.08","0.05","717,313.08","735,000.00","735,000.00","95.82","Canada","-","CAD","1.48","1.00","Apr 28, 2025","4.21","CAD","Apr 27, 2018"
"CTCACN","CANADIAN TIRE CORPORATION LIMITED MTN","Industrial","Fixed Income","715,739.25","0.05","715,739.25","707,000.00","707,000.00","100.61","Canada","-","CAD","7.57","1.00","Feb 24, 2034","6.45","CAD","Feb 24, 2004"
"DIRUCN","DREAM INDUSTRIAL REAL ESTATE INVES","Real Estate","Fixed Income","715,677.72","0.05","715,677.72","793,000.00","793,000.00","89.46","Canada","-","CAD","2.98","1.00","Dec 7, 2026","2.54","CAD","Dec 6, 2021"
"VANAIR","VANCOUVER INTL AIRPORT","Infrastructure","Fixed Income","714,637.74","0.04","714,637.74","663,000.00","663,000.00","105.47","Canada","-","CAD","2.79","1.00","Dec 7, 2026","7.42","CAD","Dec 6, 1996"
"GZMCN","ENERGIR INC RegS","Energy","Fixed Income","713,539.27","0.04","713,539.27","750,000.00","750,000.00","95.11","Canada","-","CAD","7.23","1.00","Sep 27, 2032","4.67","CAD","Sep 27, 2022"
"SE","WESTCOAST ENERGY","Energy","Fixed Income","711,868.32","0.04","711,868.32","688,000.00","688,000.00","101.51","Canada","-","CAD","3.60","1.00","Dec 15, 2027","6.75","CAD","Dec 15, 1997"
"SLFCN","MUTUAL LIFE CANADA","Financial","Fixed Income","711,249.47","0.04","711,249.47","689,000.00","689,000.00","100.86","Canada","-","CAD","3.92","1.00","May 15, 2028","6.30","CAD","May 15, 1998"
"NSIUCN","NOVA SCOTIA POWER INC MTN","Infrastructure","Fixed Income","710,775.58","0.04","710,775.58","879,000.00","879,000.00","80.60","Canada","-","CAD","12.13","1.00","Mar 6, 2042","4.15","CAD","Mar 6, 2012"
"EQBCN","EQUITABLE BANK (CANADA)","Financial","Fixed Income","709,654.05","0.04","709,654.05","777,000.00","777,000.00","90.68","Canada","-","CAD","2.06","1.00","Nov 26, 2025","1.88","CAD","Nov 26, 2020"
"MRUCN","METRO INC MTN","Industrial","Fixed Income","705,386.81","0.04","705,386.81","761,000.00","761,000.00","91.04","Canada","-","CAD","12.40","1.00","Dec 1, 2044","5.03","CAD","Dec 1, 2014"
"TORHYD","TORONTO HYDRO CORPORATION","Infrastructure","Fixed Income","704,487.30","0.04","704,487.30","758,000.00","758,000.00","92.70","Canada","-","CAD","2.75","1.00","Aug 25, 2026","2.52","CAD","Jun 14, 2016"
"FIRWST","FIRST WEST CREDIT UNION RegS","Financial","Fixed Income","702,274.83","0.04","702,274.83","700,000.00","700,000.00","99.04","Canada","-","CAD","3.90","1.00","Aug 9, 2033","9.19","CAD","Aug 9, 2023"
"PMZUCN","PRIMARIS REAL ESTATE INVESTMENT TR","Real Estate","Fixed Income","701,711.31","0.04","701,711.31","732,000.00","732,000.00","93.51","Canada","-","CAD","3.11","1.00","Mar 30, 2027","4.73","CAD","Mar 30, 2022"
"BNS","BANK OF NOVA SCOTIA","Financial","Fixed Income","700,851.67","0.04","700,851.67","657,000.00","657,000.00","104.21","Canada","-","CAD","1.56","1.00","Jun 20, 2025","8.90","CAD","Jun 20, 1995"
"XCN","TMX GROUP LTD","Financial","Fixed Income","700,577.71","0.04","700,577.71","743,000.00","743,000.00","93.09","Canada","-","CAD","4.18","1.00","Jun 5, 2028","3.78","CAD","Jun 5, 2018"
"ENBGAS","ENBRIDGE GAS INC MTN","Energy","Fixed Income","698,400.24","0.04","698,400.24","877,000.00","877,000.00","78.39","Canada","-","CAD","13.91","1.00","Jun 1, 2046","3.80","CAD","May 31, 2016"
"XCN","TMX GROUP LTD","Financial","Fixed Income","695,863.35","0.04","695,863.35","882,000.00","882,000.00","78.63","Canada","-","CAD","6.66","1.00","Feb 12, 2031","2.02","CAD","Feb 12, 2021"
"SRUUCN","CALLOWAY REAL ESTATE INVESTMENT TR","Real Estate","Fixed Income","693,896.55","0.04","693,896.55","715,000.00","715,000.00","96.52","Canada","-","CAD","1.30","1.00","Feb 6, 2025","3.56","CAD","Feb 6, 2015"
"FTSCN","FORTISALBERTA INC MTN","Infrastructure","Fixed Income","690,240.84","0.04","690,240.84","587,000.00","587,000.00","116.70","Canada","-","CAD","9.85","1.00","Feb 14, 2039","7.06","CAD","Feb 13, 2009"
"TIHCN","TOROMONT INDUSTRIES LTD.","Industrial","Fixed Income","690,217.97","0.04","690,217.97","705,000.00","705,000.00","96.06","Canada","-","CAD","1.87","1.00","Sep 30, 2025","3.71","CAD","Sep 30, 2015"
"WAACA","WINNIPEG AIRPORT AUTHORITY","Infrastructure","Fixed Income","688,521.60","0.04","688,521.60","739,036.00","739,036.00","93.15","Canada","-","CAD","7.20","1.00","Sep 28, 2040","5.21","CAD","Sep 28, 2005"
"BCFERR","BRITISH COLUMBIA FERRY SERVICES IN","Infrastructure","Fixed Income","688,530.08","0.04","688,530.08","770,000.00","770,000.00","87.61","Canada","-","CAD","12.85","1.00","Apr 28, 2044","4.29","CAD","Apr 28, 2014"
"NVLAUT","NOUVELLE AUTOROUTE 30 FINANCEMENT","Infrastructure","Fixed Income","686,576.72","0.04","686,576.72","755,401.00","755,401.00","89.02","Canada","-","CAD","4.73","1.00","Mar 31, 2033","3.75","CAD","Jun 14, 2018"
"VANAIR","VANCOUVER AIRPORT AUTHORITY RegS","Infrastructure","Fixed Income","686,348.25","0.04","686,348.25","863,000.00","863,000.00","78.24","Canada","-","CAD","14.98","1.00","Nov 23, 2048","3.66","CAD","Nov 23, 2018"
"FTSCN","FORTISBC INC MTN","Infrastructure","Fixed Income","683,703.98","0.04","683,703.98","640,000.00","640,000.00","104.84","Canada","-","CAD","10.09","1.00","Jun 2, 2039","6.10","CAD","Jun 2, 2009"
"FTSCN","FORTISALBERTA INC MTN","Infrastructure","Fixed Income","681,294.63","0.04","681,294.63","880,000.00","880,000.00","77.22","Canada","-","CAD","14.68","1.00","Sep 9, 2047","3.67","CAD","Sep 7, 2017"
"BCFERR","BRITISH COLUMBIA FERRY SERVICES IN","Infrastructure","Fixed Income","671,782.55","0.04","671,782.55","708,000.00","708,000.00","92.84","Canada","-","CAD","12.39","1.00","Oct 23, 2043","4.70","CAD","Oct 25, 2013"
"FTTCN","FINNING INTERNATIONAL INC","Industrial","Fixed Income","670,722.16","0.04","670,722.16","725,000.00","725,000.00","92.18","Canada","-","CAD","2.71","1.00","Aug 14, 2026","2.63","CAD","Aug 14, 2019"
"IGMCN","INVESTORS GROUP INC.","Financial","Fixed Income","669,459.06","0.04","669,459.06","614,000.00","614,000.00","108.60","Canada","-","CAD","6.99","1.00","Mar 7, 2033","7.11","CAD","Mar 5, 2003"
"SIACN","SIENNA SENIOR LIVING INC","Industrial","Fixed Income","668,879.17","0.04","668,879.17","750,000.00","750,000.00","87.78","Canada","-","CAD","3.22","1.00","Mar 31, 2027","2.82","CAD","Jun 3, 2021"
"ALTALK","ALTALINK LP MTN","Infrastructure","Fixed Income","665,254.02","0.04","665,254.02","663,000.00","663,000.00","100.30","Canada","-","CAD","10.96","1.00","Mar 26, 2040","5.38","CAD","Mar 25, 2010"
"STNCN","STANTEC INC. RegS","Industrial","Fixed Income","662,634.23","0.04","662,634.23","675,000.00","675,000.00","96.78","Canada","-","CAD","5.50","1.00","Jun 27, 2030","5.39","CAD","Jun 27, 2023"
"ELFCN","EMPIRE LIFE INSURANCE CO","Financial","Fixed Income","660,217.73","0.04","660,217.73","750,000.00","750,000.00","88.00","Canada","-","CAD","2.81","1.00","Sep 24, 2031","1.95","CAD","Sep 24, 2021"
"IFCCN","INTACT FINANCIAL CORP MTN RegS","Financial","Fixed Income","660,065.39","0.04","660,065.39","860,000.00","860,000.00","75.39","Canada","-","CAD","15.82","1.00","May 20, 2053","3.77","CAD","May 18, 2021"
"IGMCN","IGM FINANCIAL INC","Financial","Fixed Income","659,513.01","0.04","659,513.01","820,000.00","820,000.00","79.17","Canada","-","CAD","13.97","1.00","Dec 9, 2047","4.12","CAD","Dec 7, 2017"
"TORHYD","TORONTO HYDRO CORPORATION","Infrastructure","Fixed Income","659,291.50","0.04","659,291.50","759,000.00","759,000.00","86.13","Canada","-","CAD","5.60","1.00","Dec 11, 2029","2.43","CAD","Nov 12, 2019"
"EPCOR","EPCOR UTILITIES INC","Infrastructure","Fixed Income","655,488.19","0.04","655,488.19","980,000.00","980,000.00","65.83","Canada","-","CAD","16.18","1.00","May 19, 2050","2.90","CAD","May 19, 2020"
"TORHYD","TORONTO HYDRO CORPORATION","Infrastructure","Fixed Income","655,034.86","0.04","655,034.86","787,000.00","787,000.00","82.14","Canada","-","CAD","7.03","1.00","Oct 20, 2031","2.47","CAD","Oct 18, 2021"
"FTTCN","FINNING INTERNATIONAL INC","Industrial","Fixed Income","654,803.34","0.04","654,803.34","675,000.00","675,000.00","95.35","Canada","-","CAD","4.06","1.00","May 16, 2028","4.45","CAD","May 16, 2023"
"CRRUCN","CROMBIE REAL ESTATE INVESTMENT TRU","Real Estate","Fixed Income","653,705.79","0.04","653,705.79","825,000.00","825,000.00","78.83","Canada","-","CAD","6.74","1.00","Aug 12, 2031","3.13","CAD","Aug 12, 2021"
"AERMON","AEROPORTS DE MONTREAL","Infrastructure","Fixed Income","652,776.84","0.04","652,776.84","860,000.00","860,000.00","74.45","Canada","-","CAD","14.68","1.00","Apr 24, 2047","3.36","CAD","Apr 24, 2017"
"POWCN","POWER CORPORATION CANADA","Financial","Fixed Income","652,675.48","0.04","652,675.48","500,000.00","500,000.00","126.78","Canada","-","CAD","9.22","1.00","Apr 22, 2039","8.57","CAD","Apr 20, 2009"
"ALCTRA","ALECTRA INC (CANADA)","Infrastructure","Fixed Income","652,574.72","0.04","652,574.72","860,000.00","860,000.00","74.27","Canada","-","CAD","15.14","1.00","Apr 12, 2049","3.46","CAD","Apr 11, 2019"
"POWCN","POWER CORPORATION OF CANADA","Financial","Fixed Income","652,343.97","0.04","652,343.97","770,000.00","770,000.00","83.94","Canada","-","CAD","14.01","1.00","Jul 27, 2048","4.46","CAD","Jul 25, 2018"
"ENBCN","ENBRIDGE INC 60NC5 RegS","Energy","Fixed Income","651,024.34","0.04","651,024.34","650,000.00","650,000.00","100.16","Canada","-","CAD","4.12","1.00","Jan 15, 2084","8.49","CAD","Sep 29, 2023"
"VW","VW CREDIT CANADA INC RegS","Financial","Fixed Income","648,283.37","0.04","648,283.37","650,000.00","650,000.00","99.59","Germany","-","CAD","2.71","1.00","Sep 21, 2026","5.75","CAD","Sep 20, 2023"
"HRUCN","H&R REAL ESTATE INVESTMENT TRUST","Real Estate","Fixed Income","647,989.08","0.04","647,989.08","703,000.00","703,000.00","91.23","Canada","-","CAD","2.51","1.00","Jun 2, 2026","2.91","CAD","Dec 2, 2020"
"ALTALK","ALTALINK LP MTN","Infrastructure","Fixed Income","646,215.52","0.04","646,215.52","758,000.00","758,000.00","84.23","Canada","-","CAD","13.50","1.00","Jun 30, 2045","4.09","CAD","Jun 30, 2015"
"SMUUCN","SUMMIT INDUSTRIAL INCOME REIT","Real Estate","Fixed Income","646,022.22","0.04","646,022.22","761,000.00","761,000.00","84.38","Canada","-","CAD","4.41","1.00","Jul 14, 2028","2.44","CAD","Feb 17, 2023"
"CUCN","CU INC","Energy","Fixed Income","645,703.52","0.04","645,703.52","770,000.00","770,000.00","82.09","Canada","-","CAD","15.94","1.00","Oct 29, 2055","4.21","CAD","Oct 30, 2015"
"HYDONE","HYDRO ONE INC MTN","Infrastructure","Fixed Income","644,253.28","0.04","644,253.28","857,000.00","857,000.00","74.55","Canada","-","CAD","17.68","1.00","Jul 31, 2062","3.79","CAD","Jul 31, 2012"
"COCAPS","COAST CAPITAL SAVINGS FEDERAL CRED","Financial","Fixed Income","644,074.30","0.04","644,074.30","658,000.00","658,000.00","96.01","Canada","-","CAD","1.46","1.00","Apr 21, 2025","4.25","CAD","Apr 21, 2022"
"NSIUCN","NOVA SCOTIA POWER INC MTN","Infrastructure","Fixed Income","643,037.95","0.04","643,037.95","598,000.00","598,000.00","106.86","Canada","-","CAD","7.25","1.00","Aug 25, 2033","6.95","CAD","Aug 25, 2003"
"MBGGR","MERCEDES-BENZ FINANCE CANADA INC MTN","Financial","Fixed Income","642,996.73","0.04","642,996.73","650,000.00","650,000.00","97.60","Germany","-","CAD","4.13","1.00","Jun 27, 2028","5.12","CAD","Jun 27, 2023"
"ENBCN","ENBRIDGE INC MTN","Energy","Fixed Income","642,585.93","0.04","642,585.93","751,000.00","751,000.00","83.82","Canada","-","CAD","12.21","1.00","Nov 21, 2044","4.87","CAD","Dec 21, 2018"
"NSIUCN","NOVA SCOTIA PWR MTN","Infrastructure","Fixed Income","640,209.96","0.04","640,209.96","600,000.00","600,000.00","103.48","Canada","-","CAD","1.48","1.00","May 19, 2025","8.85","CAD","May 19, 1995"
"ALACN","ALTAGAS LTD","Energy","Fixed Income","638,877.08","0.04","638,877.08","722,000.00","722,000.00","88.41","Canada","-","CAD","3.27","1.00","Mar 16, 2027","2.17","CAD","Mar 16, 2021"
"FTSCN","FORTISALBERTA INC MTN RegS","Infrastructure","Fixed Income","636,506.15","0.04","636,506.15","682,000.00","682,000.00","93.09","Canada","-","CAD","12.44","1.00","Sep 11, 2043","4.85","CAD","Sep 13, 2013"
"TORHYD","TORONTO HYDRO CORPORATION","Infrastructure","Fixed Income","635,233.29","0.04","635,233.29","875,000.00","875,000.00","71.13","Canada","-","CAD","16.11","1.00","Oct 18, 2051","3.27","CAD","Oct 18, 2021"
"VANAIR","VANCOUVER AIRPORT AUTHORITY","Infrastructure","Fixed Income","634,517.19","0.04","634,517.19","760,000.00","760,000.00","81.99","Canada","-","CAD","13.77","1.00","Nov 10, 2045","3.86","CAD","Nov 10, 2015"
"ALACN","ALTAGAS LTD MTN","Energy","Fixed Income","633,462.14","0.04","633,462.14","789,000.00","789,000.00","79.46","Canada","-","CAD","6.34","1.00","Nov 30, 2030","2.48","CAD","Nov 30, 2020"
"FTSCN","FORTISBC ENERGY INC MTN","Energy","Fixed Income","632,885.57","0.04","632,885.57","799,000.00","799,000.00","78.97","Canada","-","CAD","14.42","1.00","Mar 6, 2047","3.78","CAD","Dec 13, 2016"
"EAGCCT_22-1-A","EAGCCT_22-1 A RegS","Securitized","Fixed Income","629,820.71","0.04","629,820.71","646,000.00","646,000.00","96.53","Canada","-","CAD","3.41","1.00","Jul 17, 2027","4.78","CAD","Jul 13, 2022"
"SRUUCN","SMARTCENTRES REAL ESTATE INVESTMEN","Real Estate","Fixed Income","626,390.54","0.04","626,390.54","645,000.00","645,000.00","95.31","Canada","-","CAD","4.01","1.00","May 29, 2028","5.35","CAD","May 29, 2023"
"ENBGAS","ENBRIDGE GAS INC MTN","Energy","Fixed Income","625,191.15","0.04","625,191.15","600,000.00","600,000.00","101.98","Canada","-","CAD","3.95","1.00","May 19, 2028","6.10","CAD","May 19, 1998"
"TOYOTA","TOYOTA CREDIT CANADA INC MTN","Financial","Fixed Income","623,602.55","0.04","623,602.55","620,000.00","620,000.00","99.44","Canada","-","CAD","2.54","1.00","Jul 13, 2026","5.29","CAD","Jul 12, 2023"
"ALACN","ALTAGAS LTD MTN","Energy","Fixed Income","619,977.35","0.04","619,977.35","724,000.00","724,000.00","83.20","Canada","-","CAD","12.73","1.00","Oct 4, 2047","4.99","CAD","Oct 4, 2017"
"ALTALK","ALTALINK LP MTN","Infrastructure","Fixed Income","619,533.62","0.04","619,533.62","700,000.00","700,000.00","87.53","Canada","-","CAD","15.59","1.00","Jul 11, 2053","4.45","CAD","Jul 12, 2013"
"NSIUCN","NOVA SCOTIA POWER INC RegS","Infrastructure","Fixed Income","619,162.47","0.04","619,162.47","916,000.00","916,000.00","66.17","Canada","-","CAD","15.16","1.00","Apr 25, 2050","3.31","CAD","Apr 24, 2020"
"HYDONE","HYDRO ONE INC MTN","Infrastructure","Fixed Income","617,166.44","0.04","617,166.44","749,000.00","749,000.00","81.31","Canada","-","CAD","15.54","1.00","Dec 22, 2051","4.00","CAD","Dec 22, 2011"
"FNCN","FIRST NATIONAL FINANCIAL CORP","Financial","Fixed Income","615,436.44","0.04","615,436.44","630,000.00","630,000.00","96.44","Canada","-","CAD","1.10","1.00","Nov 25, 2024","3.58","CAD","Nov 25, 2019"
"CUCN","CU INC MTN","Energy","Fixed Income","614,655.45","0.04","614,655.45","669,000.00","669,000.00","91.68","Canada","-","CAD","15.10","1.00","Sep 14, 2052","4.77","CAD","Sep 14, 2022"
"LOWMAT","LOWER MATTAGAMI ENERGY LP","Infrastructure","Fixed Income","614,290.47","0.04","614,290.47","617,000.00","617,000.00","97.67","Canada","-","CAD","11.34","1.00","May 18, 2041","5.14","CAD","May 17, 2011"
"LOWMAT","LOWER MATTAGAMI ENERGY LP","Infrastructure","Fixed Income","612,330.71","0.04","612,330.71","639,000.00","639,000.00","95.72","Canada","-","CAD","12.55","1.00","Sep 21, 2043","4.94","CAD","Sep 20, 2013"
"BCFERR","BRITISH COLUMBIA FERRY SERVICES IN","Infrastructure","Fixed Income","612,215.71","0.04","612,215.71","917,000.00","917,000.00","65.48","Canada","-","CAD","16.14","1.00","Oct 15, 2049","2.79","CAD","Oct 15, 2019"
"IPLCN","INTER PIPELINE LTD","Energy","Fixed Income","611,888.86","0.04","611,888.86","750,000.00","750,000.00","79.84","Canada","-","CAD","13.34","1.00","Nov 27, 2051","5.09","CAD","Nov 25, 2021"
"NAVCAN","NAV CANADA MTN","Infrastructure","Fixed Income","609,761.91","0.04","609,761.91","848,000.00","848,000.00","71.91","Canada","-","CAD","16.31","1.00","Sep 29, 2050","3.21","CAD","Mar 29, 2019"
"FTSCN","FORTISALBERTA INC","Infrastructure","Fixed Income","608,653.99","0.04","608,653.99","667,000.00","667,000.00","89.72","Canada","-","CAD","15.04","1.00","May 30, 2052","4.62","CAD","May 30, 2022"
"BMW","BMW CANADA INC","Industrial","Fixed Income","606,914.21","0.04","606,914.21","642,000.00","642,000.00","94.33","Canada","-","CAD","1.25","1.00","Jan 14, 2025","0.99","CAD","Jan 14, 2021"
"ALTALK","ALTALINK LP","Infrastructure","Fixed Income","606,433.63","0.04","606,433.63","629,000.00","629,000.00","94.58","Canada","-","CAD","11.24","1.00","Nov 15, 2040","4.87","CAD","Nov 15, 2010"
"FIRWST","FIRST WEST CREDIT UNION","Financial","Fixed Income","606,226.66","0.04","606,226.66","597,000.00","597,000.00","99.26","Canada","-","CAD","1.09","1.00","Nov 29, 2024","6.80","CAD","Nov 29, 2022"
"FTSCN","FORTISBC ENERGY INC MTN","Energy","Fixed Income","604,293.28","0.04","604,293.28","580,000.00","580,000.00","103.64","Canada","-","CAD","8.34","1.00","Feb 26, 2035","5.90","CAD","Feb 25, 2005"
"BCECN","BELL CANADA MTN 144A","Communication","Fixed Income","603,187.75","0.04","603,187.75","572,000.00","572,000.00","102.74","Canada","-","CAD","4.57","1.00","May 1, 2029","6.55","CAD","Jul 19, 1999"
"TOUCN","TOURMALINE OIL CORP RegS","Energy","Fixed Income","601,484.48","0.04","601,484.48","700,000.00","700,000.00","85.59","Canada","-","CAD","4.91","1.00","Feb 12, 2029","2.53","CAD","Aug 11, 2021"
"TCLACN","TRANSCONTINENTAL INC.","Communication","Fixed Income","599,825.87","0.04","599,825.87","665,000.00","665,000.00","89.71","Canada","-","CAD","2.64","1.00","Jul 13, 2026","2.28","CAD","Jul 12, 2021"
"CONNEC","CONNECT 6IX GENERAL PARTNERSHIP","Infrastructure","Fixed Income","598,413.77","0.04","598,413.77","600,000.00","600,000.00","97.66","Canada","-","CAD","14.38","1.00","Nov 30, 2060","6.21","CAD","Nov 17, 2022"
"FTSCN","TERASEN GAS INC. MTN","Energy","Fixed Income","598,243.20","0.04","598,243.20","538,000.00","538,000.00","108.51","Canada","-","CAD","7.62","1.00","May 1, 2034","6.50","CAD","Apr 29, 2004"
"PMZUCN","PRIMARIS REAL ESTATE INVESTMENT TR RegS","Real Estate","Fixed Income","598,286.62","0.04","598,286.62","620,000.00","620,000.00","96.50","Canada","-","CAD","3.90","1.00","Mar 29, 2028","5.93","CAD","Mar 29, 2023"
"FTSCN","FORTISBC ENERGY INC MTN","Energy","Fixed Income","598,089.37","0.04","598,089.37","755,000.00","755,000.00","77.68","Canada","-","CAD","14.48","1.00","Oct 30, 2047","3.69","CAD","Oct 26, 2017"
"CCDJ","FEDERATION DES CAISSES DESJARDINS","Financial","Fixed Income","597,092.39","0.04","597,092.39","600,000.00","600,000.00","98.86","Canada","-","CAD","4.23","1.00","Aug 16, 2028","5.47","CAD","Aug 16, 2023"
"BMW","BMW CANADA INC","Industrial","Fixed Income","596,745.28","0.04","596,745.28","615,000.00","615,000.00","96.43","Germany","-","CAD","3.08","1.00","Feb 10, 2027","4.41","CAD","Feb 10, 2023"
"FTSCN","FORTISALBERTA INC MTN","Infrastructure","Fixed Income","595,769.73","0.04","595,769.73","648,000.00","648,000.00","89.90","Canada","-","CAD","11.72","1.00","Oct 18, 2041","4.54","CAD","Oct 19, 2011"
"DTRGR","DAIMLER TRUCK FINANCE CANADA INC RegS","Financial","Fixed Income","595,763.25","0.04","595,763.25","600,000.00","600,000.00","99.23","Germany","-","CAD","4.31","1.00","Sep 25, 2028","5.77","CAD","Sep 25, 2023"
"SMUUCN","DREAM SUMMIT INDUS","Real Estate","Fixed Income","594,406.91","0.04","594,406.91","670,000.00","670,000.00","88.23","Canada","-","CAD","3.10","1.00","Jan 12, 2027","2.25","CAD","Feb 17, 2023"
"EPCOR","EPCOR UTILITIES INC MTN","Infrastructure","Fixed Income","592,844.51","0.04","592,844.51","654,000.00","654,000.00","90.25","Canada","-","CAD","12.09","1.00","Feb 28, 2042","4.55","CAD","Feb 28, 2012"
"CTLONE","CENTRAL 1 CREDIT UNION","Financial","Fixed Income","590,917.57","0.04","590,917.57","670,000.00","670,000.00","87.60","Canada","-","CAD","2.55","1.00","Jun 30, 2031","2.39","CAD","Jun 30, 2021"
"ALCTRA","ALECTRA INC (CANADA)","Infrastructure","Fixed Income","590,765.28","0.04","590,765.28","600,000.00","600,000.00","97.30","Canada","-","CAD","1.09","1.00","Nov 21, 2024","3.24","CAD","Nov 21, 2014"
"CRRUCN","CROMBIE REAL ESTATE INVESTMENT TRU","Real Estate","Fixed Income","589,434.94","0.04","589,434.94","675,000.00","675,000.00","85.98","Canada","-","CAD","4.10","1.00","Mar 31, 2028","2.69","CAD","Oct 9, 2020"
"DE","JOHN DEERE FINANCIAL INC","Financial","Fixed Income","586,943.47","0.04","586,943.47","660,000.00","660,000.00","88.38","United States","-","CAD","4.81","1.00","Jan 19, 2029","2.81","CAD","Jan 19, 2022"
"BIP","BROOKFIELD INFRASTRUCTURE FINANCE MTN","Infrastructure","Fixed Income","585,770.03","0.04","585,770.03","613,000.00","613,000.00","93.07","Canada","-","CAD","13.31","1.00","Apr 25, 2052","5.79","CAD","Apr 25, 2022"
"ENBGAS","ENBRIDGE GAS INC MTN","Energy","Fixed Income","584,465.01","0.04","584,465.01","872,000.00","872,000.00","66.61","Canada","-","CAD","15.87","1.00","Aug 9, 2049","3.01","CAD","Aug 9, 2019"
"FTSCN","FORTISALBERTA INC MTN","Infrastructure","Fixed Income","584,269.55","0.04","584,269.55","548,000.00","548,000.00","103.94","Canada","-","CAD","9.67","1.00","Apr 15, 2038","5.85","CAD","Apr 15, 2008"
"IFCCN","INTACT FINANCIAL CORP MTN","Financial","Fixed Income","581,556.83","0.04","581,556.83","886,000.00","886,000.00","64.79","Canada","-","CAD","16.19","1.00","Dec 16, 2050","2.95","CAD","Dec 16, 2020"
"ENBGAS","ENBRIDGE GAS INC MTN","Energy","Fixed Income","581,485.18","0.04","581,485.18","759,000.00","759,000.00","75.33","Canada","-","CAD","14.57","1.00","Nov 22, 2047","3.59","CAD","Nov 22, 2017"
"HYDONE","HYDRO ONE INC MTN","Infrastructure","Fixed Income","578,836.83","0.04","578,836.83","730,000.00","730,000.00","78.95","Canada","-","CAD","6.67","1.00","Jan 16, 2031","1.69","CAD","Oct 9, 2020"
"NAVCAN","NAV CANADA MTN","Infrastructure","Fixed Income","575,185.48","0.04","575,185.48","760,000.00","760,000.00","74.04","Canada","-","CAD","15.08","1.00","Mar 30, 2048","3.29","CAD","Mar 29, 2018"
"ELFCN","E-L FINANCIAL CORP LTD","Financial","Fixed Income","573,861.69","0.04","573,861.69","754,000.00","754,000.00","75.02","Canada","-","CAD","14.62","1.00","Jun 22, 2050","4.00","CAD","Jun 22, 2020"
"GZMCN","GAZ METRO INC RegS","Energy","Fixed Income","568,681.41","0.04","568,681.41","740,000.00","740,000.00","75.53","Canada","-","CAD","14.50","1.00","May 16, 2047","3.53","CAD","May 16, 2017"
"IGMCN","INVESTORS GROUP INC. 144A","Financial","Fixed Income","567,284.92","0.04","567,284.92","505,000.00","505,000.00","109.41","Canada","-","CAD","5.77","1.00","May 9, 2031","7.45","CAD","May 9, 2001"
"GTAAIR","GREATER TORONTO AIRPORTS AUTHORITY","Infrastructure","Fixed Income","567,000.37","0.04","567,000.37","545,548.00","545,548.00","102.85","Canada","-","CAD","3.07","1.00","Jul 30, 2029","6.45","CAD","Jul 20, 1999"
"ALCTRA","ALECTRA INC (CANADA)","Infrastructure","Fixed Income","566,465.58","0.04","566,465.58","559,000.00","559,000.00","99.12","Canada","-","CAD","11.20","1.00","Apr 29, 2041","5.30","CAD","Apr 29, 2011"
"MCAPCO","MCAP COMMERCIAL LP","Financial","Fixed Income","565,516.14","0.04","565,516.14","600,000.00","600,000.00","93.89","Canada","-","CAD","1.80","1.00","Aug 25, 2025","3.74","CAD","Aug 25, 2020"
"VANAIR","VANCOUVER AIRPORT AUTHORITY","Infrastructure","Fixed Income","562,538.28","0.04","562,538.28","698,000.00","698,000.00","80.55","Canada","-","CAD","6.41","1.00","Sep 20, 2030","1.76","CAD","Sep 21, 2020"
"FTSCN","FORTISBC ENERGY INC","Energy","Fixed Income","561,871.93","0.04","561,871.93","857,000.00","857,000.00","65.17","Canada","-","CAD","16.20","1.00","Aug 9, 2049","2.82","CAD","Aug 9, 2019"
"IGMCN","IGM FINANCIAL INC","Financial","Fixed Income","561,353.37","0.04","561,353.37","540,000.00","540,000.00","102.13","Canada","-","CAD","10.57","1.00","Dec 10, 2040","6.00","CAD","Dec 9, 2010"
"EPCOR","EPCOR UTILITIES INC MTN","Infrastructure","Fixed Income","559,661.77","0.04","559,661.77","678,000.00","678,000.00","81.94","Canada","-","CAD","6.85","1.00","Jun 30, 2031","2.41","CAD","Jun 28, 2021"
"CRDPOW","CORDELIO AMALCO GP I","Energy","Fixed Income","559,024.53","0.04","559,024.53","604,289.00","604,289.00","90.47","Canada","-","CAD","4.51","1.00","Sep 30, 2034","4.09","CAD","Dec 10, 2018"
"IAGCN","IA FINANCIAL CORPORATION INC","Financial","Fixed Income","558,529.83","0.04","558,529.83","587,000.00","587,000.00","94.89","Canada","-","CAD","1.35","1.00","Feb 21, 2030","2.40","CAD","Feb 21, 2020"
"SE","WESTCOAST ENERGY INC MTN","Energy","Fixed Income","555,708.74","0.03","555,708.74","633,000.00","633,000.00","85.77","Canada","-","CAD","11.33","1.00","Oct 28, 2041","4.79","CAD","Oct 28, 2011"
"CRTUCN","CT REAL ESTATE INVESTMENT TRUST","Real Estate","Fixed Income","552,353.42","0.03","552,353.42","597,000.00","597,000.00","91.31","Canada","-","CAD","3.76","1.00","Dec 7, 2027","3.87","CAD","Feb 7, 2018"
"FTSCN","TERASEN GAS INC MTN","Energy","Fixed Income","550,213.20","0.03","550,213.20","490,000.00","490,000.00","111.64","Canada","-","CAD","10.03","1.00","Feb 24, 2039","6.55","CAD","Feb 24, 2009"
"VW","VW CREDIT CANADA INC RegS","Financial","Fixed Income","549,985.51","0.03","549,985.51","540,000.00","540,000.00","99.65","Germany","-","CAD","3.57","1.00","Nov 15, 2027","5.86","CAD","Nov 15, 2022"
"REIUCN","RIOCAN REAL ESTATE INVESTMENT TRUS","Real Estate","Fixed Income","547,802.02","0.03","547,802.02","550,000.00","550,000.00","99.60","Canada","-","CAD","1.28","1.00","Sep 29, 2026","6.49","CAD","Sep 29, 2023"
"GZMCN","GAZ METRO INC MTN","Energy","Fixed Income","540,648.82","0.03","540,648.82","500,000.00","500,000.00","104.78","Canada","-","CAD","1.47","1.00","May 16, 2025","9.00","CAD","May 16, 1995"
"ALTALK","ALTALINK LP","Infrastructure","Fixed Income","539,326.51","0.03","539,326.51","685,000.00","685,000.00","78.66","Canada","-","CAD","6.44","1.00","Sep 11, 2030","1.51","CAD","Sep 11, 2020"
"CRTUCN","CT REAL ESTATE INVESTMENT TRUST","Real Estate","Fixed Income","538,290.23","0.03","538,290.23","626,000.00","626,000.00","85.53","Canada","-","CAD","4.82","1.00","Feb 5, 2029","3.03","CAD","Feb 3, 2022"
"SMUUCN","SUMMIT INDUSTRIAL INCOME REIT","Real Estate","Fixed Income","535,723.66","0.03","535,723.66","589,000.00","589,000.00","90.06","Canada","-","CAD","2.38","1.00","Apr 1, 2026","1.82","CAD","Feb 17, 2023"
"TOYOTA","TOYOTA CREDIT CANADA INC MTN","Financial","Fixed Income","533,577.45","0.03","533,577.45","556,000.00","556,000.00","95.17","Canada","-","CAD","3.87","1.00","Jan 24, 2028","4.33","CAD","Jan 24, 2023"
"CCOCN","CAMECO CORPORATION","Industrial","Fixed Income","531,648.06","0.03","531,648.06","630,000.00","630,000.00","82.46","Canada","-","CAD","11.28","1.00","Nov 14, 2042","5.09","CAD","Nov 14, 2012"
"LBCN","LAURENTIAN BANK OF CANADA","Financial","Fixed Income","529,847.84","0.03","529,847.84","544,000.00","544,000.00","97.06","Canada","-","CAD","1.82","1.00","Sep 2, 2025","4.60","CAD","Jun 9, 2022"
"ENBGAS","ENBRIDGE GAS INC MTN","Energy","Fixed Income","523,847.26","0.03","523,847.26","695,000.00","695,000.00","74.19","Canada","-","CAD","14.66","1.00","Nov 29, 2047","3.51","CAD","Nov 29, 2017"
"IGMCN","IGM FINANCIAL INC RegS","Financial","Fixed Income","523,059.38","0.03","523,059.38","657,000.00","657,000.00","79.52","Canada","-","CAD","14.70","1.00","Mar 21, 2050","4.21","CAD","Mar 20, 2019"
"HYDONE","HYDRO ONE INC","Infrastructure","Fixed Income","514,341.27","0.03","514,341.27","656,000.00","656,000.00","76.64","Canada","-","CAD","15.24","1.00","Apr 5, 2050","3.64","CAD","Apr 5, 2019"
"IGMCN","IGM FINANCIAL INC","Financial","Fixed Income","513,741.70","0.03","513,741.70","601,000.00","601,000.00","84.66","Canada","-","CAD","13.45","1.00","Jan 25, 2047","4.56","CAD","Jan 26, 2017"
"FTSCN","FORTISBC INC MTN","Infrastructure","Fixed Income","510,989.66","0.03","510,989.66","546,000.00","546,000.00","91.83","Canada","-","CAD","14.22","1.00","Nov 24, 2050","5.00","CAD","Nov 24, 2010"
"EPCOR","EPCOR UTILITIES INC MTN","Infrastructure","Fixed Income","510,034.51","0.03","510,034.51","620,000.00","620,000.00","80.90","Canada","-","CAD","14.63","1.00","Nov 26, 2048","3.95","CAD","Nov 26, 2018"
"TORHYD","TORONTO HYDRO CORPORATION","Infrastructure","Fixed Income","508,917.66","0.03","508,917.66","669,000.00","669,000.00","75.77","Canada","-","CAD","15.07","1.00","Feb 28, 2048","3.48","CAD","Nov 14, 2017"
"ALTALK","ALTALINK LP MTN","Infrastructure","Fixed Income","505,337.56","0.03","505,337.56","512,000.00","512,000.00","98.60","Canada","-","CAD","9.37","1.00","Sep 22, 2036","5.25","CAD","Sep 21, 2006"
"FTTCN","FINNING INTERNATIONAL INC MTN","Industrial","Fixed Income","501,975.42","0.03","501,975.42","557,000.00","557,000.00","88.62","Canada","-","CAD","11.49","1.00","Jun 13, 2042","5.08","CAD","Jun 13, 2012"
"FTSCN","FORTISBC ENERGY INC","Energy","Fixed Income","501,693.55","0.03","501,693.55","530,000.00","530,000.00","93.43","Canada","-","CAD","2.37","1.00","Apr 8, 2026","2.58","CAD","Apr 8, 2016"
"FTSCN","FORTISALBERTA INC MTN","Infrastructure","Fixed Income","499,180.41","0.03","499,180.41","525,000.00","525,000.00","93.40","Canada","-","CAD","15.10","1.00","May 26, 2053","4.86","CAD","May 26, 2023"
"HYOHI","HYDRO OTTAWA HOLDING INC","Infrastructure","Fixed Income","498,141.27","0.03","498,141.27","650,000.00","650,000.00","76.06","Canada","-","CAD","13.65","1.00","Feb 2, 2045","3.64","CAD","Feb 2, 2015"
"HALFX","HALIFAX INTERNATIONAL AIRPORT AUTH","Infrastructure","Fixed Income","496,058.61","0.03","496,058.61","500,000.00","500,000.00","98.13","Canada","-","CAD","11.21","1.00","Jul 19, 2041","5.50","CAD","Jul 19, 2006"
"WNCN","GEORGE WESTON LIMITED MTN 144A","Industrial","Fixed Income","495,879.59","0.03","495,879.59","470,000.00","470,000.00","104.44","Canada","-","CAD","6.31","1.00","Feb 5, 2032","7.10","CAD","Feb 5, 2002"
"IGMCN","IGM FINANCIAL INC RegS","Financial","Fixed Income","494,879.41","0.03","494,879.41","615,000.00","615,000.00","79.58","Canada","-","CAD","14.15","1.00","Jul 13, 2048","4.17","CAD","Jul 11, 2018"
"CNQCN","CANADIAN NATURAL RESOURCES LTD","Energy","Fixed Income","494,583.89","0.03","494,583.89","557,000.00","557,000.00","88.29","Canada","-","CAD","3.98","1.00","Jan 17, 2028","2.50","CAD","Nov 16, 2020"
"IGMCN","INVESTORS GROUP INC.","Financial","Fixed Income","492,147.03","0.03","492,147.03","450,000.00","450,000.00","107.62","Canada","-","CAD","6.83","1.00","Dec 31, 2032","7.00","CAD","Dec 13, 2002"
"KINSOL","KINGSTON SOLAR LP INC","Energy","Fixed Income","482,166.31","0.03","482,166.31","548,909.00","548,909.00","87.25","Canada","-","CAD","5.23","1.00","Jul 31, 2035","3.57","CAD","Oct 14, 2016"
"FTSCN","FORTISALBERTA INC MTN","Infrastructure","Fixed Income","478,941.70","0.03","478,941.70","613,000.00","613,000.00","78.02","Canada","-","CAD","14.98","1.00","Sep 18, 2048","3.73","CAD","Sep 18, 2018"
"FTSCN","FORTISBC ENERGY INC MTN","Energy","Fixed Income","477,917.59","0.03","477,917.59","600,000.00","600,000.00","77.91","Canada","-","CAD","13.94","1.00","Apr 9, 2046","3.67","CAD","Apr 8, 2016"
"FTSCN","FORTISALBERTA INC MTN","Infrastructure","Fixed Income","475,743.83","0.03","475,743.83","765,000.00","765,000.00","61.37","Canada","-","CAD","16.89","1.00","Jun 8, 2051","2.63","CAD","Dec 8, 2020"
"FTSCN","FORTISBC ENERGY INC MTN","Energy","Fixed Income","469,447.43","0.03","469,447.43","510,000.00","510,000.00","90.46","Canada","-","CAD","15.11","1.00","Nov 28, 2052","4.67","CAD","Nov 28, 2022"
"TORHYD","TORONTO HYDRO CORPORATION","Infrastructure","Fixed Income","463,226.36","0.03","463,226.36","672,000.00","672,000.00","68.02","Canada","-","CAD","16.02","1.00","Dec 10, 2049","2.99","CAD","Nov 12, 2019"
"TORHYD","TORONTO HYDRO CORPORATION","Infrastructure","Fixed Income","458,608.44","0.03","458,608.44","578,000.00","578,000.00","78.66","Canada","-","CAD","6.47","1.00","Oct 15, 2030","1.50","CAD","Oct 15, 2020"
"DIRUCN","DREAM INDUSTRIAL REAL ESTATE INVES","Real Estate","Fixed Income","457,765.66","0.03","457,765.66","475,000.00","475,000.00","96.27","Canada","-","CAD","3.93","1.00","Mar 22, 2028","5.38","CAD","Mar 22, 2023"
"ETRHWY","407 INTERNATIONAL INC. MTN","Infrastructure","Fixed Income","449,029.97","0.03","449,029.97","608,000.00","608,000.00","73.84","Canada","-","CAD","14.20","1.00","Mar 27, 2045","3.30","CAD","Mar 27, 2015"
"CESEBA","SOCIETE EN COMMANDITE CE SEBASTOPO","Infrastructure","Fixed Income","448,769.57","0.03","448,769.57","538,227.00","538,227.00","82.70","Canada","-","CAD","9.17","1.00","Jul 31, 2047","4.14","CAD","Jun 26, 2015"
"NVLAUT","NOUVELLE AUTOROUTE 30 FINANCEMENT","Infrastructure","Fixed Income","448,493.91","0.03","448,493.91","494,698.00","494,698.00","89.73","Canada","-","CAD","4.61","1.00","Dec 31, 2032","3.74","CAD","Jun 14, 2018"
"TCN","TELUS CORPORATION","Communication","Fixed Income","443,409.98","0.03","443,409.98","450,000.00","450,000.00","98.21","Canada","-","CAD","5.67","1.00","Sep 9, 2030","5.60","CAD","Sep 8, 2023"
"BCIMCR","BCI QUADREAL REALTY","Real Estate","Fixed Income","438,890.47","0.03","438,890.47","464,000.00","464,000.00","94.47","Canada","-","CAD","1.38","1.00","Mar 3, 2025","1.68","CAD","Jun 2, 2020"
"CRTUCN","CT REAL ESTATE INVESTMENT TRUST","Real Estate","Fixed Income","438,821.51","0.03","438,821.51","453,000.00","453,000.00","95.79","Canada","-","CAD","1.60","1.00","Jun 9, 2025","3.53","CAD","Jun 9, 2015"
"FTSCN","FORTISALBERTA INC MTN","Infrastructure","Fixed Income","432,213.49","0.03","432,213.49","505,000.00","505,000.00","85.50","Canada","-","CAD","13.55","1.00","Sep 22, 2045","4.27","CAD","Sep 22, 2015"
"ENBPIP","ENBRIDGE PIPELINES INC. MTN","Energy","Fixed Income","426,354.67","0.03","426,354.67","465,000.00","465,000.00","90.27","Canada","-","CAD","9.28","1.00","Dec 19, 2036","5.08","CAD","Dec 21, 2006"
"ARRLAK","ARROW LAKES POWER CO","Energy","Fixed Income","426,026.13","0.03","426,026.13","420,001.00","420,001.00","98.76","Canada","-","CAD","7.18","1.00","Apr 5, 2041","5.52","CAD","Apr 5, 2011"
"ACICN","ALTAGAS CANADA INC MTN","Energy","Fixed Income","422,854.83","0.03","422,854.83","447,000.00","447,000.00","93.24","Canada","-","CAD","4.52","1.00","Dec 5, 2028","4.26","CAD","Dec 5, 2018"
"ITSPCH","INTEGRATED TEAM SOLUTIONS PCH PART","Infrastructure","Fixed Income","409,326.61","0.03","409,326.61","444,513.00","444,513.00","90.47","Canada","-","CAD","8.69","1.00","May 31, 2046","4.88","CAD","Nov 29, 2013"
"FTSCN","FORTISBC INC MTN","Infrastructure","Fixed Income","406,422.83","0.03","406,422.83","400,000.00","400,000.00","99.41","Canada","-","CAD","8.61","1.00","Nov 9, 2035","5.60","CAD","Nov 10, 2005"
"WNCN","GEORGE WESTON LIMITED MTN","Industrial","Fixed Income","405,136.61","0.03","405,136.61","395,000.00","395,000.00","102.05","Canada","-","CAD","7.01","1.00","Mar 1, 2033","6.69","CAD","Feb 28, 2003"
"CUCN","CU INC","Energy","Fixed Income","403,748.99","0.03","403,748.99","420,000.00","420,000.00","94.31","Canada","-","CAD","14.45","1.00","Nov 18, 2050","4.95","CAD","Nov 18, 2010"
"TCN","TELUS COMMUNICATIONS INC","Communication","Fixed Income","403,539.82","0.03","403,539.82","385,000.00","385,000.00","104.65","Canada","-","CAD","1.82","1.00","Sep 22, 2025","8.80","CAD","Sep 22, 1995"
"TORHYD","TORONTO HYDRO CORPORATION","Infrastructure","Fixed Income","403,336.10","0.03","403,336.10","514,000.00","514,000.00","77.86","Canada","-","CAD","14.05","1.00","Jul 28, 2045","3.55","CAD","Mar 16, 2015"
"CUCN","CU INC MTN","Energy","Fixed Income","402,871.92","0.03","402,871.92","541,000.00","541,000.00","74.28","Canada","-","CAD","17.65","1.00","Sep 11, 2062","3.83","CAD","Sep 10, 2012"
"NSIUCN","NOVA SCOTIA POWER INC MTN","Infrastructure","Fixed Income","402,398.44","0.03","402,398.44","543,000.00","543,000.00","72.61","Canada","-","CAD","13.42","1.00","May 1, 2045","3.61","CAD","Apr 30, 2015"
"CUCN","CU INC MTN","Energy","Fixed Income","399,235.75","0.03","399,235.75","500,000.00","500,000.00","78.39","Canada","-","CAD","15.76","1.00","Nov 14, 2052","3.86","CAD","Nov 14, 2012"
"REIUCN","RIOCAN REAL ESTATE INVESTMENT TRUS RegS","Real Estate","Fixed Income","398,425.36","0.03","398,425.36","400,000.00","400,000.00","96.82","Canada","-","CAD","3.45","1.00","Oct 6, 2027","5.61","CAD","Mar 6, 2023"
"CHPUCN","CHOICE PROPERTIES REAL ESTATE INVE","Real Estate","Fixed Income","397,628.41","0.03","397,628.41","600,000.00","600,000.00","66.01","Canada","-","CAD","14.26","1.00","Mar 4, 2050","3.83","CAD","Mar 3, 2020"
"CUCN","CU INC","Energy","Fixed Income","395,913.84","0.02","395,913.84","446,000.00","446,000.00","86.78","Canada","-","CAD","16.59","1.00","Oct 24, 2061","4.59","CAD","Oct 24, 2011"
"OTTMAC","OTTAWA MACDONALD-CARTIER INTERNATI","Infrastructure","Fixed Income","390,624.24","0.02","390,624.24","472,000.00","472,000.00","81.67","Canada","-","CAD","6.61","1.00","May 5, 2031","2.70","CAD","May 5, 2021"
"CUCN","CU INC RegS","Energy","Fixed Income","385,726.15","0.02","385,726.15","400,000.00","400,000.00","96.31","Canada","-","CAD","15.24","1.00","Sep 20, 2053","5.09","CAD","Sep 20, 2023"
"BIP","BROOKFIELD INFRASTRUCTURE FINANCE MTN RegS","Infrastructure","Fixed Income","384,109.42","0.02","384,109.42","400,000.00","400,000.00","94.98","Canada","-","CAD","13.66","1.00","Jul 27, 2053","5.95","CAD","Jul 27, 2023"
"WAACA","WINNIPEG AIRPORTS AUTHORITY INC","Infrastructure","Fixed Income","382,219.79","0.02","382,219.79","400,000.00","400,000.00","95.29","Canada","-","CAD","7.45","1.00","Mar 9, 2033","4.79","CAD","Mar 9, 2023"
"ENBCN","ENBRIDGE INC MTN","Energy","Fixed Income","379,877.39","0.02","379,877.39","510,000.00","510,000.00","74.47","Canada","-","CAD","15.81","1.00","Mar 28, 2064","4.56","CAD","Mar 28, 2014"
"ENBCN","ENBRIDGE INC MTN","Energy","Fixed Income","377,839.10","0.02","377,839.10","394,000.00","394,000.00","93.79","Canada","-","CAD","8.52","1.00","Nov 14, 2035","5.57","CAD","Nov 14, 2005"
"WAACA","WINNIPEG AIRPORTS AUTHORITY INC","Infrastructure","Fixed Income","375,379.50","0.02","375,379.50","500,000.00","500,000.00","73.26","Canada","-","CAD","14.16","1.00","Sep 30, 2047","3.66","CAD","Sep 29, 2017"
"FTSCN","FORTISBC ENERGY INC","Energy","Fixed Income","373,556.32","0.02","373,556.32","610,000.00","610,000.00","60.70","Canada","-","CAD","16.83","1.00","Jul 13, 2050","2.54","CAD","Jul 13, 2020"
"FTSCN","FORTISALBERTA INC","Infrastructure","Fixed Income","365,805.87","0.02","365,805.87","500,000.00","500,000.00","73.09","Canada","-","CAD","14.68","1.00","Sep 21, 2046","3.34","CAD","Sep 21, 2016"
"CWBCN","CANADIAN WESTERN BANK","Financial","Fixed Income","363,988.19","0.02","363,988.19","377,000.00","377,000.00","94.94","Canada","-","CAD","3.65","1.00","Dec 22, 2032","5.94","CAD","Dec 22, 2022"
"CRRUCN","CROMBIE REAL ESTATE INVESTMENT TRU","Real Estate","Fixed Income","359,045.33","0.02","359,045.33","385,000.00","385,000.00","92.19","Canada","-","CAD","3.38","1.00","Jun 21, 2027","3.92","CAD","Dec 20, 2019"
"EPCOR","EPCOR UTILITIES INC MTN","Infrastructure","Fixed Income","358,393.17","0.02","358,393.17","500,000.00","500,000.00","70.84","Canada","-","CAD","16.09","1.00","Jun 28, 2051","3.29","CAD","Jun 28, 2021"
"TORHYD","TORONTO HYDRO CORPORATION","Infrastructure","Fixed Income","352,906.64","0.02","352,906.64","440,000.00","440,000.00","78.33","Canada","-","CAD","17.46","1.00","Apr 9, 2063","3.96","CAD","Apr 9, 2013"
"FTSCN","FORTISBC ENERGY INC MTN","Energy","Fixed Income","351,969.80","0.02","351,969.80","400,000.00","400,000.00","86.69","Canada","-","CAD","12.03","1.00","Dec 9, 2041","4.25","CAD","Dec 9, 2011"
"CONNEC","CONNECT 6IX GENERAL PARTNERSHIP","Infrastructure","Fixed Income","349,805.79","0.02","349,805.79","350,000.00","350,000.00","97.90","Canada","-","CAD","12.18","1.00","Nov 30, 2046","6.11","CAD","Nov 17, 2022"
"CTCACN","CANADIAN TIRE CORPORATION LIMITED MTN","Industrial","Fixed Income","348,886.17","0.02","348,886.17","372,000.00","372,000.00","93.40","Canada","-","CAD","8.55","1.00","Sep 4, 2035","5.61","CAD","Sep 2, 2005"
"GZMCN","GAZ METRO INC","Energy","Fixed Income","346,252.19","0.02","346,252.19","460,000.00","460,000.00","73.63","Canada","-","CAD","13.90","1.00","Mar 31, 2045","3.30","CAD","Mar 31, 2015"
"LCN","LOBLAW COMPANIES MTN 144A","Industrial","Fixed Income","343,983.90","0.02","343,983.90","325,000.00","325,000.00","105.35","Canada","-","CAD","9.94","1.00","Mar 1, 2039","6.45","CAD","Mar 1, 1999"
"CUCN","CU INC MTN","Energy","Fixed Income","342,348.46","0.02","342,348.46","333,000.00","333,000.00","100.88","Canada","-","CAD","9.87","1.00","May 26, 2038","5.58","CAD","May 26, 2008"
"ENBGAS","ENBRIDGE GAS INC","Energy","Fixed Income","341,029.25","0.02","341,029.25","314,000.00","314,000.00","105.24","Canada","-","CAD","1.88","1.00","Nov 10, 2025","8.65","CAD","Nov 10, 1995"
"AERMON","AEROPORTS DE MONTREAL","Infrastructure","Fixed Income","341,098.12","0.02","341,098.12","409,000.00","409,000.00","82.23","Canada","-","CAD","13.56","1.00","Jun 12, 2045","3.92","CAD","Jun 12, 2015"
"FNCN","FIRST NATIONAL FINANCIAL CORP RegS","Financial","Fixed Income","325,547.97","0.02","325,547.97","325,000.00","325,000.00","99.71","Canada","-","CAD","2.63","1.00","Sep 8, 2026","7.29","CAD","Sep 6, 2023"
"CRTUCN","CT REAL ESTATE INVESTMENT TRUST","Real Estate","Fixed Income","307,817.23","0.02","307,817.23","400,000.00","400,000.00","76.40","Canada","-","CAD","6.45","1.00","Jan 6, 2031","2.37","CAD","Jan 6, 2021"
"CAAIAU","CALGARY AIRPORT AUTHORITY","Infrastructure","Fixed Income","299,112.32","0.02","299,112.32","368,722.00","368,722.00","79.32","Canada","-","CAD","12.76","1.00","Oct 7, 2061","3.75","CAD","Oct 7, 2021"
"GRASOL","GRAND RENEWABLE SOLAR LP 144A","Energy","Fixed Income","297,244.54","0.02","297,244.54","330,740.00","330,740.00","89.23","Canada","-","CAD","5.01","1.00","Jan 31, 2035","3.93","CAD","Jun 9, 2016"
"FTSCN","FORTISALBERTA INC","Infrastructure","Fixed Income","288,626.74","0.02","288,626.74","351,000.00","351,000.00","80.50","Canada","-","CAD","15.61","1.00","Oct 23, 2052","3.98","CAD","Oct 23, 2012"
"NAVCAN","NAV CANADA","Infrastructure","Fixed Income","285,141.86","0.02","285,141.86","276,463.00","276,463.00","102.56","Canada","-","CAD","1.76","1.00","Mar 1, 2027","7.56","CAD","Mar 24, 1997"
"FTSCN","FORTISBC ENERGY INC MTN","Energy","Fixed Income","282,671.38","0.02","282,671.38","350,000.00","350,000.00","79.56","Canada","-","CAD","14.75","1.00","Dec 7, 2048","3.85","CAD","Dec 7, 2018"
"ERAA","EDMONTON REGIONAL AIRPORTS AUTHORI","Infrastructure","Fixed Income","267,564.61","0.02","267,564.61","336,744.00","336,744.00","78.11","Canada","-","CAD","10.09","1.00","May 20, 2051","3.71","CAD","May 20, 2021"
"MONPOR","MONTREAL PORT AUTHORITY","Infrastructure","Fixed Income","251,636.12","0.02","251,636.12","350,000.00","350,000.00","71.83","Canada","-","CAD","16.37","1.00","Mar 22, 2051","3.24","CAD","Mar 22, 2021"
"ALTALK","ALTALINK LP MTN","Infrastructure","Fixed Income","251,098.03","0.02","251,098.03","300,000.00","300,000.00","82.35","Canada","-","CAD","17.36","1.00","Jun 6, 2064","4.27","CAD","Jun 6, 2014"
"FTSCN","TERASEN GAS VANCOUVER ISLAND INC","Energy","Fixed Income","248,322.50","0.02","248,322.50","250,000.00","250,000.00","97.69","Canada","-","CAD","11.13","1.00","Dec 6, 2040","5.20","CAD","Dec 6, 2010"
"WEMALL","WEST EDMONTON MALL PROPERTY INC","Real Estate","Fixed Income","245,188.11","0.02","245,188.11","246,989.00","246,989.00","98.75","Canada","-","CAD","0.37","1.00","Feb 13, 2024","4.06","CAD","Feb 13, 2014"
"CLOVLP","CLOVER LIMITED PARTNERSHIP","Energy","Fixed Income","234,582.93","0.01","234,582.93","250,375.00","250,375.00","92.64","Canada","-","CAD","3.77","1.00","Jun 30, 2034","4.22","CAD","Oct 24, 2018"
"CUCN","CU INC","Energy","Fixed Income","214,322.83","0.01","214,322.83","350,000.00","350,000.00","61.23","Canada","-","CAD","16.91","1.00","Sep 28, 2050","2.61","CAD","Sep 28, 2020"
"FTSCN","FORTISALBERTA INC MTN","Infrastructure","Fixed Income","210,838.30","0.01","210,838.30","220,000.00","220,000.00","94.63","Canada","-","CAD","13.41","1.00","Jan 3, 2047","4.99","CAD","Jan 3, 2007"
"IGMCN","INVESTORS GROUP INC.","Financial","Fixed Income","208,881.29","0.01","208,881.29","200,000.00","200,000.00","102.47","Canada","-","CAD","3.60","1.00","Dec 13, 2027","6.65","CAD","Dec 12, 1997"
"ACICN","TRISUMMIT UTILITIES INC MTN","Energy","Fixed Income","182,504.88","0.01","182,504.88","200,000.00","200,000.00","90.60","Canada","-","CAD","14.25","1.00","Aug 15, 2052","5.28","CAD","Aug 15, 2022"
"HYOHI","HYDRO OTTAWA HOLDING INC","Infrastructure","Fixed Income","163,846.04","0.01","163,846.04","198,000.00","198,000.00","81.24","Canada","-","CAD","12.61","1.00","May 14, 2043","3.99","CAD","May 14, 2013"
"WAACA","WINNIPEG AIRPORTS AUTHORITY INC","Infrastructure","Fixed Income","158,484.60","0.01","158,484.60","250,000.00","250,000.00","62.92","Canada","-","CAD","15.94","1.00","Feb 3, 2051","3.04","CAD","Feb 4, 2021"
"PLEHHU","PLENARY HLTH CARE PTNRSHP HUMBR LP","Infrastructure","Fixed Income","145,895.34","0.01","145,895.34","165,000.00","165,000.00","86.82","Canada","-","CAD","12.49","1.00","Nov 30, 2044","4.82","CAD","Sep 23, 2011"
"SIACN","SIENNA SENIOR LIVING INC RegS","Industrial","Fixed Income","146,021.92","0.01","146,021.92","150,000.00","150,000.00","96.09","Canada","-","CAD","1.05","1.00","Nov 4, 2024","3.11","CAD","Nov 4, 2019"
"CRRUCN","CROMBIE REAL ESTATE INVESTMENT TRU","Real Estate","Fixed Income","128,805.56","0.01","128,805.56","155,000.00","155,000.00","81.58","Canada","-","CAD","6.03","1.00","Oct 9, 2030","3.21","CAD","Oct 9, 2020"
"TOYOTA","TOYOTA CREDIT CANADA INC MTN","Financial","Fixed Income","4,846.92","0.00","4,846.92","5,000.00","5,000.00","96.70","Canada","-","CAD","0.79","1.00","Jul 22, 2024","1.27","CAD","Jul 20, 2021"
"CAD","CAD CASH","Cash and/or Derivatives","Cash","-913,208.10","-0.06","-913,208.10","-913,208.00","-913,208.00","100.00","Canada","-","CAD","0.00","1.00","-","0.00","CAD","Jan 1, 1989"
 