Fund Holdings as of,"Apr 28, 2023"
 
Ticker,Name,Sector,Asset Class,Market Value,Weight (%),Notional Value,Shares,Par Value,Price,Location,Exchange,Currency,Duration,FX Rate,Maturity,Coupon (%),Market Currency,Effective Date
"BNS","BANK OF NOVA SCOTIA","Financial","Fixed Income","12,463,896.90","0.71","12,463,896.90","13,109,000.00","13,109,000.00","94.67","Canada","-","CAD","3.60","1.00","Mar 8, 2027","2.95","CAD","Mar 7, 2022"
"TD","TORONTO-DOMINION BANK/THE","Financial","Fixed Income","11,829,438.81","0.68","11,829,438.81","12,319,000.00","12,319,000.00","95.66","Canada","-","CAD","2.26","1.00","Sep 9, 2025","2.67","CAD","Mar 9, 2022"
"CM","CANADIAN IMPERIAL BANK OF COMMERCE","Financial","Fixed Income","10,462,977.00","0.60","10,462,977.00","10,799,000.00","10,799,000.00","96.50","Canada","-","CAD","1.78","1.00","Mar 7, 2025","2.75","CAD","Mar 8, 2022"
"TD","TORONTO-DOMINION BANK/THE MTN","Financial","Fixed Income","9,805,956.23","0.56","9,805,956.23","10,190,000.00","10,190,000.00","96.18","Canada","-","CAD","1.90","1.00","Apr 22, 2030","3.11","CAD","Apr 22, 2020"
"RY","ROYAL BANK OF CANADA MTN","Financial","Fixed Income","9,770,300.29","0.56","9,770,300.29","10,027,000.00","10,027,000.00","97.16","Canada","-","CAD","2.30","1.00","Sep 29, 2025","3.37","CAD","Mar 28, 2022"
"TD","TORONTO-DOMINION BANK/THE","Financial","Fixed Income","9,705,027.03","0.56","9,705,027.03","9,635,000.00","9,635,000.00","99.02","Canada","-","CAD","3.68","1.00","Jun 1, 2027","4.21","CAD","Jun 1, 2022"
"BMO","BANK OF MONTREAL","Financial","Fixed Income","9,419,467.36","0.54","9,419,467.36","9,173,000.00","9,173,000.00","100.85","Canada","-","CAD","4.01","1.00","Dec 7, 2027","4.71","CAD","Dec 7, 2022"
"RY","ROYAL BANK OF CANADA","Financial","Fixed Income","8,780,915.24","0.50","8,780,915.24","8,956,000.00","8,956,000.00","96.77","Canada","-","CAD","1.45","1.00","Nov 1, 2024","2.61","CAD","Oct 30, 2019"
"TD","TORONTO-DOMINION BANK/THE","Financial","Fixed Income","8,702,447.74","0.50","8,702,447.74","8,432,000.00","8,432,000.00","101.39","Canada","-","CAD","4.92","1.00","Jan 8, 2029","4.68","CAD","Dec 7, 2022"
"BMO","BANK OF MONTREAL","Financial","Fixed Income","8,595,650.04","0.49","8,595,650.04","8,502,000.00","8,502,000.00","99.35","Canada","-","CAD","3.62","1.00","Jun 1, 2027","4.31","CAD","Jun 1, 2022"
"BNS","BANK OF NOVA SCOTIA","Financial","Fixed Income","8,044,951.00","0.46","8,044,951.00","8,382,000.00","8,382,000.00","95.40","Canada","-","CAD","1.64","1.00","Jan 10, 2025","1.95","CAD","Jan 10, 2022"
"BMO","BANK OF MONTREAL","Financial","Fixed Income","8,017,892.23","0.46","8,017,892.23","8,323,000.00","8,323,000.00","95.83","Canada","-","CAD","4.43","1.00","Mar 1, 2028","3.19","CAD","Mar 1, 2018"
"TRPCN","TRANSCANADA PIPELINES LTD MTN","Energy","Fixed Income","7,510,435.63","0.43","7,510,435.63","7,703,000.00","7,703,000.00","97.26","Canada","-","CAD","3.56","1.00","Apr 5, 2027","3.80","CAD","Apr 3, 2020"
"TD","TORONTO-DOMINION BANK/THE RegS","Financial","Fixed Income","7,505,555.26","0.43","7,505,555.26","7,240,000.00","7,240,000.00","103.56","Canada","-","CAD","3.99","1.00","Oct 21, 2027","5.38","CAD","Oct 21, 2022"
"TD","TORONTO-DOMINION BANK/THE","Financial","Fixed Income","7,446,769.92","0.43","7,446,769.92","7,515,000.00","7,515,000.00","98.26","Canada","-","CAD","1.19","1.00","Jul 24, 2024","3.23","CAD","Jul 24, 2014"
"RY","ROYAL BANK OF CANADA","Financial","Fixed Income","7,400,905.79","0.42","7,400,905.79","7,936,000.00","7,936,000.00","92.68","Canada","-","CAD","3.53","1.00","Jan 28, 2027","2.33","CAD","Jan 28, 2020"
"RY","ROYAL BANK OF CANADA","Financial","Fixed Income","7,370,339.43","0.42","7,370,339.43","7,247,000.00","7,247,000.00","100.54","Canada","-","CAD","3.81","1.00","Jul 26, 2027","4.61","CAD","Jul 25, 2022"
"BNS","BANK OF NOVA SCOTIA","Financial","Fixed Income","6,920,020.67","0.40","6,920,020.67","7,480,000.00","7,480,000.00","91.62","Canada","-","CAD","3.33","1.00","Nov 2, 2026","1.85","CAD","Oct 8, 2021"
"TD","TORONTO-DOMINION BANK/THE RegS","Financial","Fixed Income","6,842,266.51","0.39","6,842,266.51","6,756,000.00","6,756,000.00","100.05","Canada","-","CAD","4.20","1.00","Jan 18, 2028","4.48","CAD","Jan 18, 2023"
"RY","ROYAL BANK OF CANADA","Financial","Fixed Income","6,824,430.98","0.39","6,824,430.98","6,976,000.00","6,976,000.00","97.08","Canada","-","CAD","1.14","1.00","Jul 2, 2024","2.35","CAD","Jul 2, 2019"
"CM","CANADIAN IMPERIAL BANK OF COMMERCE","Financial","Fixed Income","6,680,870.43","0.38","6,680,870.43","6,479,000.00","6,479,000.00","101.49","Canada","-","CAD","3.64","1.00","Jun 29, 2027","4.95","CAD","Jun 29, 2022"
"RY","ROYAL BANK OF CANADA","Financial","Fixed Income","6,561,994.48","0.38","6,561,994.48","6,248,000.00","6,248,000.00","102.42","Canada","-","CAD","3.13","1.00","Nov 2, 2026","5.24","CAD","Oct 28, 2022"
"RY","ROYAL BANK OF CANADA","Financial","Fixed Income","6,556,324.73","0.38","6,556,324.73","6,425,000.00","6,425,000.00","100.76","Canada","-","CAD","4.19","1.00","Jan 17, 2028","4.64","CAD","Jan 17, 2023"
"RY","ROYAL BANK OF CANADA","Financial","Fixed Income","6,499,385.26","0.37","6,499,385.26","6,425,000.00","6,425,000.00","101.06","Canada","-","CAD","4.47","1.00","May 1, 2028","4.63","CAD","Apr 20, 2023"
"BNS","BANK OF NOVA SCOTIA","Financial","Fixed Income","6,416,180.83","0.37","6,416,180.83","6,542,000.00","6,542,000.00","97.32","Canada","-","CAD","1.13","1.00","Jun 28, 2024","2.29","CAD","Jun 30, 2017"
"BNS","BANK OF NOVA SCOTIA","Financial","Fixed Income","6,333,564.59","0.36","6,333,564.59","6,583,000.00","6,583,000.00","95.49","Canada","-","CAD","4.37","1.00","Feb 2, 2028","3.10","CAD","Feb 2, 2018"
"BMO","BANK OF MONTREAL","Financial","Fixed Income","6,303,217.99","0.36","6,303,217.99","6,479,000.00","6,479,000.00","97.02","Canada","-","CAD","3.59","1.00","Apr 1, 2027","3.65","CAD","Apr 1, 2022"
"CM","CANADIAN IMPERIAL BANK OF COMMERCE","Financial","Fixed Income","6,293,202.46","0.36","6,293,202.46","6,155,000.00","6,155,000.00","101.95","Canada","-","CAD","3.91","1.00","Oct 7, 2027","5.05","CAD","Oct 7, 2022"
"BMO","BANK OF MONTREAL","Financial","Fixed Income","6,247,682.98","0.36","6,247,682.98","6,417,000.00","6,417,000.00","96.81","Canada","-","CAD","1.21","1.00","Jul 29, 2024","2.28","CAD","Jul 29, 2019"
"TD","TORONTO-DOMINION BANK/THE","Financial","Fixed Income","6,109,922.02","0.35","6,109,922.02","6,269,000.00","6,269,000.00","96.46","Canada","-","CAD","1.53","1.00","Dec 2, 2024","2.50","CAD","May 31, 2019"
"CM","CANADIAN IMPERIAL BANK OF COMMERCE","Financial","Fixed Income","6,103,981.87","0.35","6,103,981.87","6,150,000.00","6,150,000.00","97.87","Canada","-","CAD","1.96","1.00","May 26, 2025","3.30","CAD","May 25, 2018"
"BNS","BANK OF NOVA SCOTIA","Financial","Fixed Income","5,967,516.24","0.34","5,967,516.24","6,117,000.00","6,117,000.00","95.64","Canada","-","CAD","3.62","1.00","May 3, 2032","3.93","CAD","Mar 21, 2022"
"BMO","BANK OF MONTREAL","Financial","Fixed Income","5,948,970.33","0.34","5,948,970.33","6,084,000.00","6,084,000.00","97.43","Canada","-","CAD","1.33","1.00","Sep 11, 2024","2.70","CAD","Sep 11, 2017"
"CM","CANADIAN IMPERIAL BANK OF COMMERCE","Financial","Fixed Income","5,873,532.97","0.34","5,873,532.97","6,182,000.00","6,182,000.00","94.95","Canada","-","CAD","1.90","1.00","Apr 17, 2025","2.00","CAD","Apr 17, 2020"
"TD","TORONTO-DOMINION BANK/THE","Financial","Fixed Income","5,813,063.32","0.33","5,813,063.32","6,094,000.00","6,094,000.00","95.15","Canada","-","CAD","1.81","1.00","Mar 13, 2025","1.94","CAD","Mar 13, 2020"
"TD","TORONTO-DOMINION BANK/THE","Financial","Fixed Income","5,759,975.84","0.33","5,759,975.84","6,260,000.00","6,260,000.00","91.58","Canada","-","CAD","2.53","1.00","Dec 9, 2025","1.13","CAD","Dec 9, 2020"
"RY","ROYAL BANK OF CANADA","Financial","Fixed Income","5,578,780.58","0.32","5,578,780.58","6,091,000.00","6,091,000.00","90.55","Canada","-","CAD","2.84","1.00","Nov 3, 2031","2.15","CAD","Oct 14, 2021"
"RCICN","ROGERS COMMS INC","Communication","Fixed Income","5,549,214.02","0.32","5,549,214.02","4,799,000.00","4,799,000.00","112.49","Canada","-","CAD","10.15","1.00","Nov 9, 2039","6.75","CAD","Apr 3, 2023"
"BNS","BANK OF NOVA SCOTIA RegS","Financial","Fixed Income","5,503,262.60","0.32","5,503,262.60","5,619,000.00","5,619,000.00","97.04","Canada","-","CAD","1.14","1.00","Jul 3, 2029","2.84","CAD","Jul 3, 2019"
"TD","TORONTO-DOMINION BANK/THE MTN","Financial","Fixed Income","5,462,427.66","0.31","5,462,427.66","5,806,000.00","5,806,000.00","93.30","Canada","-","CAD","3.48","1.00","Jan 26, 2032","3.06","CAD","Jun 25, 2019"
"NACN","NATIONAL BANK OF CANADA","Financial","Fixed Income","5,444,394.47","0.31","5,444,394.47","5,620,000.00","5,620,000.00","96.28","Canada","-","CAD","1.70","1.00","Feb 3, 2025","2.58","CAD","Dec 19, 2019"
"CM","CANADIAN IMPERIAL BANK OF COMMERCE","Financial","Fixed Income","5,438,386.50","0.31","5,438,386.50","5,601,000.00","5,601,000.00","96.72","Canada","-","CAD","1.29","1.00","Aug 28, 2024","2.35","CAD","Aug 28, 2019"
"BNS","BANK OF NOVA SCOTIA","Financial","Fixed Income","5,366,990.02","0.31","5,366,990.02","5,585,000.00","5,585,000.00","95.60","Canada","-","CAD","1.71","1.00","Feb 3, 2025","2.16","CAD","Jan 31, 2020"
"BNS","BANK OF NOVA SCOTIA","Financial","Fixed Income","5,325,915.36","0.30","5,325,915.36","6,027,000.00","6,027,000.00","87.68","Canada","-","CAD","4.28","1.00","Nov 1, 2027","1.40","CAD","Oct 15, 2020"
"RY","ROYAL BANK OF CANADA MTN RegS","Financial","Fixed Income","5,305,672.97","0.30","5,305,672.97","5,267,000.00","5,267,000.00","99.54","Canada","-","CAD","4.19","1.00","Feb 1, 2033","5.01","CAD","Jan 31, 2023"
"BCECN","BELL CANADA MTN","Communication","Fixed Income","5,301,898.07","0.30","5,301,898.07","5,401,000.00","5,401,000.00","97.73","Canada","-","CAD","1.78","1.00","Mar 12, 2025","3.35","CAD","Mar 12, 2018"
"TD","TORONTO-DOMINION BANK/THE","Financial","Fixed Income","5,255,355.31","0.30","5,255,355.31","5,231,000.00","5,231,000.00","99.38","Canada","-","CAD","2.55","1.00","Jan 27, 2026","4.34","CAD","Jul 27, 2022"
"TD","TORONTO-DOMINION BANK/THE","Financial","Fixed Income","5,250,028.79","0.30","5,250,028.79","5,632,000.00","5,632,000.00","92.53","Canada","-","CAD","3.48","1.00","Jan 7, 2027","2.26","CAD","Jan 7, 2022"
"CM","CANADIAN IMPERIAL BANK OF COMMERCE","Financial","Fixed Income","5,171,479.33","0.30","5,171,479.33","5,556,000.00","5,556,000.00","92.39","Canada","-","CAD","3.48","1.00","Jan 7, 2027","2.25","CAD","Jan 7, 2022"
"BNS","BANK OF NOVA SCOTIA","Financial","Fixed Income","5,153,537.62","0.30","5,153,537.62","4,898,000.00","4,898,000.00","102.66","Canada","-","CAD","2.72","1.00","May 8, 2026","5.50","CAD","Nov 9, 2022"
"RY","ROYAL BANK OF CANADA RegS","Financial","Fixed Income","5,148,226.35","0.29","5,148,226.35","5,301,000.00","5,301,000.00","96.12","Canada","-","CAD","1.58","1.00","Dec 23, 2029","2.88","CAD","Dec 23, 2019"
"RCICN","ROGERS COMMUNICATIONS INC","Communication","Fixed Income","5,147,400.99","0.29","5,147,400.99","5,337,000.00","5,337,000.00","96.17","Canada","-","CAD","3.59","1.00","Mar 31, 2027","3.65","CAD","Mar 31, 2020"
"TRPCN","TRANSCANADA TRUST","Energy","Fixed Income","5,105,644.10","0.29","5,105,644.10","5,499,000.00","5,499,000.00","90.78","Canada","-","CAD","3.22","1.00","May 18, 2077","4.65","CAD","May 18, 2017"
"ENBCN","ENBRIDGE INC","Energy","Fixed Income","5,054,608.10","0.29","5,054,608.10","5,365,000.00","5,365,000.00","93.75","Canada","-","CAD","3.56","1.00","Sep 27, 2077","5.38","CAD","Sep 26, 2017"
"ENBCN","ENBRIDGE INC MTN","Energy","Fixed Income","4,943,781.41","0.28","4,943,781.41","5,122,000.00","5,122,000.00","95.28","Canada","-","CAD","3.76","1.00","Jun 8, 2027","3.20","CAD","Jun 8, 2017"
"BMO","BANK OF MONTREAL MTN","Financial","Fixed Income","4,935,139.32","0.28","4,935,139.32","5,114,000.00","5,114,000.00","95.96","Canada","-","CAD","1.70","1.00","Feb 3, 2025","2.37","CAD","Jan 17, 2020"
"RY","ROYAL BANK OF CANADA RegS","Financial","Fixed Income","4,873,203.20","0.28","4,873,203.20","4,999,000.00","4,999,000.00","96.78","Canada","-","CAD","1.20","1.00","Jul 25, 2029","2.74","CAD","Jul 25, 2019"
"HSBC","HSBC BANK CANADA","Financial","Fixed Income","4,823,676.95","0.28","4,823,676.95","4,924,000.00","4,924,000.00","97.64","Canada","-","CAD","1.82","1.00","Mar 24, 2025","3.40","CAD","Mar 24, 2022"
"CM","CANADIAN IMPERIAL BANK OF COMMERCE","Financial","Fixed Income","4,820,740.38","0.28","4,820,740.38","4,904,000.00","4,904,000.00","97.25","Canada","-","CAD","1.10","1.00","Jun 19, 2029","2.95","CAD","Jun 19, 2019"
"RY","ROYAL BANK OF CANADA RegS","Financial","Fixed Income","4,781,803.74","0.27","4,781,803.74","5,062,000.00","5,062,000.00","93.78","Canada","-","CAD","2.08","1.00","Jun 30, 2030","2.09","CAD","Jun 30, 2020"
"TRICN","THOMSON REUTERS CORPORATION","Communication","Fixed Income","4,692,933.83","0.27","4,692,933.83","4,864,000.00","4,864,000.00","95.47","Canada","-","CAD","1.95","1.00","May 14, 2025","2.24","CAD","May 14, 2020"
"CVECN","CENOVUS ENERGY INC","Energy","Fixed Income","4,670,612.13","0.27","4,670,612.13","4,832,000.00","4,832,000.00","95.89","Canada","-","CAD","4.32","1.00","Feb 7, 2028","3.50","CAD","Aug 7, 2020"
"TD","TORONTO-DOMINION BANK/THE RegS","Financial","Fixed Income","4,626,962.88","0.26","4,626,962.88","5,175,000.00","5,175,000.00","89.15","Canada","-","CAD","4.58","1.00","Mar 8, 2028","1.89","CAD","Mar 8, 2021"
"TRPCN","TRANSCANADA PIPELINES LTD MTN RegS","Energy","Fixed Income","4,428,213.94","0.25","4,428,213.94","4,250,000.00","4,250,000.00","103.48","Canada","-","CAD","5.93","1.00","Jul 15, 2030","5.28","CAD","Mar 10, 2023"
"RCICN","ROGERS COMMUNICATIONS INC","Communication","Fixed Income","4,356,550.87","0.25","4,356,550.87","4,493,000.00","4,493,000.00","96.85","Canada","-","CAD","1.88","1.00","Apr 15, 2025","3.10","CAD","Mar 11, 2022"
"CM","CANADIAN IMPERIAL BANK OF COMMERCE","Financial","Fixed Income","4,264,307.56","0.24","4,264,307.56","4,175,000.00","4,175,000.00","100.70","Canada","-","CAD","4.13","1.00","Jan 20, 2033","5.33","CAD","Jan 20, 2023"
"HLTHQC","HEALTH MONTREAL COLLECTIVE LP 144A","Infrastructure","Fixed Income","4,223,232.69","0.24","4,223,232.69","3,696,116.00","3,696,116.00","113.75","Canada","-","CAD","10.26","1.00","Sep 30, 2049","6.72","CAD","Jun 10, 2011"
"RY","ROYAL BANK OF CANADA","Financial","Fixed Income","4,218,144.35","0.24","4,218,144.35","4,553,000.00","4,553,000.00","91.88","Canada","-","CAD","2.88","1.00","May 4, 2026","1.59","CAD","May 4, 2021"
"RY","ROYAL BANK OF CANADA","Financial","Fixed Income","4,215,278.96","0.24","4,215,278.96","4,400,000.00","4,400,000.00","94.86","Canada","-","CAD","1.92","1.00","May 1, 2025","1.94","CAD","May 1, 2020"
"CM","CANADIAN IMPERIAL BANK OF COMMERCE","Financial","Fixed Income","4,205,150.58","0.24","4,205,150.58","4,597,000.00","4,597,000.00","91.18","Canada","-","CAD","2.64","1.00","Jan 19, 2026","1.10","CAD","Jan 19, 2021"
"BNS","BANK OF NOVA SCOTIA","Financial","Fixed Income","4,167,087.35","0.24","4,167,087.35","4,294,000.00","4,294,000.00","96.80","Canada","-","CAD","1.36","1.00","Sep 23, 2024","2.49","CAD","Sep 23, 2019"
"HSBC","HSBC BANK CANADA","Financial","Fixed Income","4,145,629.97","0.24","4,145,629.97","4,458,000.00","4,458,000.00","92.22","Canada","-","CAD","2.92","1.00","May 20, 2026","1.78","CAD","May 20, 2021"
"TD","TORONTO-DOMINION BANK/THE RegS","Financial","Fixed Income","4,108,866.86","0.24","4,108,866.86","4,640,000.00","4,640,000.00","88.30","Canada","-","CAD","5.03","1.00","Sep 11, 2028","1.90","CAD","Sep 10, 2021"
"TCN","TELUS CORPORATION","Communication","Fixed Income","4,048,285.36","0.23","4,048,285.36","3,826,000.00","3,826,000.00","103.45","Canada","-","CAD","7.32","1.00","Nov 15, 2032","5.25","CAD","Sep 13, 2022"
"BNS","BANK OF NOVA SCOTIA","Financial","Fixed Income","4,025,910.63","0.23","4,025,910.63","4,200,000.00","4,200,000.00","94.80","Canada","-","CAD","3.36","1.00","Dec 2, 2026","2.62","CAD","Dec 2, 2016"
"BMO","BANK OF MONTREAL","Financial","Fixed Income","3,996,298.27","0.23","3,996,298.27","4,332,000.00","4,332,000.00","91.61","Canada","-","CAD","2.95","1.00","May 28, 2026","1.55","CAD","May 28, 2021"
"TD","TORONTO-DOMINION BANK/THE MTN","Financial","Fixed Income","3,926,847.15","0.22","3,926,847.15","3,917,000.00","3,917,000.00","99.53","Canada","-","CAD","2.63","1.00","Mar 4, 2031","4.86","CAD","Mar 4, 2016"
"CUCN","CU INC","Energy","Fixed Income","3,892,098.85","0.22","3,892,098.85","4,129,000.00","4,129,000.00","93.62","Canada","-","CAD","13.81","1.00","Sep 2, 2044","4.09","CAD","Sep 5, 2014"
"TD","TORONTO-DOMINION BANK/THE MTN","Financial","Fixed Income","3,881,996.38","0.22","3,881,996.38","3,953,000.00","3,953,000.00","97.38","Canada","-","CAD","1.19","1.00","Jul 25, 2029","3.22","CAD","Jul 25, 2017"
"BMO","BANK OF MONTREAL","Financial","Fixed Income","3,863,374.15","0.22","3,863,374.15","4,252,000.00","4,252,000.00","90.36","Canada","-","CAD","3.03","1.00","Jul 22, 2031","1.90","CAD","Jul 22, 2021"
"ENBCN","ENBRIDGE INC MTN","Energy","Fixed Income","3,843,054.40","0.22","3,843,054.40","4,482,000.00","4,482,000.00","85.42","Canada","-","CAD","8.68","1.00","Sep 21, 2033","3.10","CAD","Sep 21, 2021"
"BCECN","BELL CANADA MTN","Communication","Fixed Income","3,835,166.97","0.22","3,835,166.97","3,450,000.00","3,450,000.00","108.46","Canada","-","CAD","7.15","1.00","Nov 10, 2032","5.85","CAD","Nov 10, 2022"
"BNCN","BROOKFIELD FINANCE II INC RegS","Industrial","Fixed Income","3,835,220.67","0.22","3,835,220.67","3,680,000.00","3,680,000.00","102.21","Canada","-","CAD","7.34","1.00","Dec 14, 2032","5.43","CAD","Dec 14, 2022"
"GWOCN","GREAT-WEST LIFECO INC","Financial","Fixed Income","3,828,536.16","0.22","3,828,536.16","5,049,000.00","5,049,000.00","74.66","Canada","-","CAD","1.76","1.00","Dec 31, 2081","3.60","CAD","Aug 16, 2021"
"CCDJ","FEDERATION DES CAISSES DESJARDINS","Financial","Fixed Income","3,765,591.25","0.22","3,765,591.25","3,753,000.00","3,753,000.00","99.45","Canada","-","CAD","3.75","1.00","Aug 23, 2032","5.04","CAD","Aug 23, 2022"
"NACN","NATIONAL BANK OF CANADA","Financial","Fixed Income","3,719,426.83","0.21","3,719,426.83","3,574,000.00","3,574,000.00","101.52","Canada","-","CAD","2.29","1.00","Nov 3, 2025","5.30","CAD","Nov 3, 2022"
"RY","ROYAL BANK OF CANADA RegS","Financial","Fixed Income","3,710,551.49","0.21","3,710,551.49","3,967,000.00","3,967,000.00","92.12","Canada","-","CAD","3.59","1.00","May 3, 2032","2.94","CAD","Jan 25, 2022"
"BMO","BANK OF MONTREAL MTN","Financial","Fixed Income","3,655,255.99","0.21","3,655,255.99","3,767,000.00","3,767,000.00","96.70","Canada","-","CAD","1.34","1.00","Sep 17, 2029","2.88","CAD","Sep 16, 2019"
"MFCCN","MANULIFE FINANCIAL CORP","Financial","Fixed Income","3,650,679.42","0.21","3,650,679.42","4,106,000.00","4,106,000.00","87.63","Canada","-","CAD","5.92","1.00","May 13, 2035","2.82","CAD","May 12, 2020"
"MFCCN","MANULIFE FINANCIAL CORP RegS","Financial","Fixed Income","3,590,016.05","0.21","3,590,016.05","3,500,000.00","3,500,000.00","101.85","Canada","-","CAD","4.16","1.00","Mar 10, 2033","5.41","CAD","Mar 10, 2023"
"RY","ROYAL BANK OF CANADA","Financial","Fixed Income","3,544,172.93","0.20","3,544,172.93","3,500,000.00","3,500,000.00","99.83","Canada","-","CAD","2.46","1.00","Dec 22, 2025","4.11","CAD","Dec 22, 2022"
"HSBC","HSBC BANK CANADA","Financial","Fixed Income","3,534,138.20","0.20","3,534,138.20","3,474,000.00","3,474,000.00","99.98","Canada","-","CAD","1.54","1.00","Dec 16, 2024","4.81","CAD","Dec 16, 2022"
"SLFCN","SUN LIFE FINANCIAL INC MTN","Financial","Fixed Income","3,417,609.19","0.20","3,417,609.19","3,671,000.00","3,671,000.00","91.89","Canada","-","CAD","3.66","1.00","May 10, 2032","2.58","CAD","May 8, 2020"
"CCDJ","FEDERATION DES CAISSES DESJARDINS","Financial","Fixed Income","3,412,448.38","0.20","3,412,448.38","3,358,000.00","3,358,000.00","101.24","Canada","-","CAD","2.27","1.00","Oct 1, 2025","5.20","CAD","Nov 16, 2022"
"BNS","SCOTIABANK CAPITAL TRUST","Financial","Fixed Income","3,373,591.70","0.19","3,373,591.70","3,222,000.00","3,222,000.00","102.88","Canada","-","CAD","9.14","1.00","Dec 31, 2056","5.65","CAD","Sep 28, 2006"
"CM","CANADIAN IMPERIAL BANK OF COMMERCE","Financial","Fixed Income","3,349,767.88","0.19","3,349,767.88","3,456,000.00","3,456,000.00","96.68","Canada","-","CAD","3.53","1.00","Apr 7, 2032","4.20","CAD","Apr 7, 2022"
"CCDJ","FEDERATION DES CAISSES DESJARDINS","Financial","Fixed Income","3,348,783.51","0.19","3,348,783.51","3,467,000.00","3,467,000.00","95.38","Canada","-","CAD","1.95","1.00","May 26, 2030","2.86","CAD","May 26, 2020"
"RCICN","ROGERS COMMUNICATIONS INC","Communication","Fixed Income","3,341,604.58","0.19","3,341,604.58","3,527,000.00","3,527,000.00","94.59","Canada","-","CAD","7.38","1.00","Apr 15, 2032","4.25","CAD","Mar 11, 2022"
"CM","CANADIAN IMPERIAL BANK OF COMMERCE","Financial","Fixed Income","3,322,827.54","0.19","3,322,827.54","3,607,000.00","3,607,000.00","91.64","Canada","-","CAD","3.07","1.00","Jul 15, 2026","1.70","CAD","Jul 15, 2021"
"BCECN","BELL TELEPHONE COMPANY OF CANADA O MTN","Communication","Fixed Income","3,319,264.18","0.19","3,319,264.18","3,386,000.00","3,386,000.00","97.34","Canada","-","CAD","4.69","1.00","Aug 21, 2028","3.80","CAD","Aug 21, 2018"
"TCN","TELUS CORPORATION","Communication","Fixed Income","3,314,677.92","0.19","3,314,677.92","3,335,000.00","3,335,000.00","98.35","Canada","-","CAD","1.61","1.00","Jan 17, 2025","3.75","CAD","Sep 15, 2014"
"SLFCN","SUN LIFE FINANCIAL INC","Financial","Fixed Income","3,302,750.72","0.19","3,302,750.72","3,607,000.00","3,607,000.00","90.34","Canada","-","CAD","4.88","1.00","Nov 21, 2033","2.80","CAD","Nov 18, 2021"
"BCECN","BELL CANADA INC","Communication","Fixed Income","3,299,437.82","0.19","3,299,437.82","3,702,000.00","3,702,000.00","88.00","Canada","-","CAD","6.29","1.00","May 14, 2030","2.50","CAD","May 14, 2020"
"NACN","NATIONAL BANK OF CANADA","Financial","Fixed Income","3,286,260.49","0.19","3,286,260.49","3,357,000.00","3,357,000.00","97.15","Canada","-","CAD","1.16","1.00","Jul 12, 2024","2.54","CAD","Jul 12, 2019"
"CARDS_22-3-A","CARDS_22-3 A","Securitized","Fixed Income","3,284,742.72","0.19","3,284,742.72","3,247,000.00","3,247,000.00","99.22","Canada","-","CAD","1.91","1.00","May 15, 2025","4.33","CAD","Jun 9, 2022"
"BCECN","BELL CANADA MTN RegS","Communication","Fixed Income","3,267,645.88","0.19","3,267,645.88","3,220,000.00","3,220,000.00","100.51","Canada","-","CAD","5.72","1.00","Feb 9, 2030","4.55","CAD","Feb 9, 2023"
"RCICN","ROGERS COMMUNICATIONS INC.","Communication","Fixed Income","3,252,526.98","0.19","3,252,526.98","3,459,000.00","3,459,000.00","92.45","Canada","-","CAD","5.32","1.00","May 1, 2029","3.25","CAD","Apr 30, 2019"
"CCDJ","FEDERATION DES CAISSES DESJARDINS","Financial","Fixed Income","3,246,978.86","0.19","3,246,978.86","3,355,000.00","3,355,000.00","96.62","Canada","-","CAD","1.39","1.00","Oct 4, 2024","2.42","CAD","Oct 4, 2019"
"IPLCN","INTER PIPELINE LTD MTN","Energy","Fixed Income","3,244,827.71","0.19","3,244,827.71","3,269,000.00","3,269,000.00","97.54","Canada","-","CAD","3.60","1.00","Jun 1, 2027","4.23","CAD","Jun 1, 2020"
"ENBCN","ENBRIDGE INC MTN","Energy","Fixed Income","3,236,742.65","0.19","3,236,742.65","2,895,000.00","2,895,000.00","108.96","Canada","-","CAD","7.08","1.00","Nov 9, 2032","6.10","CAD","Nov 9, 2022"
"TOYOTA","TOYOTA CREDIT CANADA INC RegS","Financial","Fixed Income","3,225,564.37","0.18","3,225,564.37","3,338,000.00","3,338,000.00","96.60","Canada","-","CAD","1.44","1.00","Oct 23, 2024","2.31","CAD","Apr 23, 2020"
"RY","ROYAL BANK OF CANADA","Financial","Fixed Income","3,214,020.84","0.18","3,214,020.84","3,732,000.00","3,732,000.00","85.71","Canada","-","CAD","4.35","1.00","Jan 28, 2033","1.67","CAD","Jan 28, 2021"
"RCICN","ROGERS COMMUNICATIONS INC","Communication","Fixed Income","3,197,053.50","0.18","3,197,053.50","3,361,000.00","3,361,000.00","94.99","Canada","-","CAD","5.30","1.00","Apr 15, 2029","3.75","CAD","Mar 11, 2022"
"CCDJ","FEDERATION DES CAISSES DESJARDINS","Financial","Fixed Income","3,194,437.85","0.18","3,194,437.85","3,496,000.00","3,496,000.00","91.08","Canada","-","CAD","2.65","1.00","Jan 21, 2026","1.09","CAD","Jan 21, 2021"
"NACN","NATIONAL BANK OF CANADA","Financial","Fixed Income","3,176,844.06","0.18","3,176,844.06","3,388,000.00","3,388,000.00","92.69","Canada","-","CAD","3.31","1.00","Nov 4, 2026","2.24","CAD","Nov 4, 2021"
"NWRWPT","NORTH WEST REDWATER PARTNERSHIP","Energy","Fixed Income","3,172,316.03","0.18","3,172,316.03","3,520,000.00","3,520,000.00","88.99","Canada","-","CAD","7.06","1.00","Jun 1, 2031","2.80","CAD","Jun 30, 2021"
"FORTFD_21-1-A","FORTFD_21-1 A","Securitized","Fixed Income","3,158,661.70","0.18","3,158,661.70","3,445,000.00","3,445,000.00","91.66","Canada","-","CAD","3.33","1.00","Oct 23, 2026","1.96","CAD","Oct 27, 2021"
"BMO","BANK OF MONTREAL","Financial","Fixed Income","3,152,821.70","0.18","3,152,821.70","3,334,000.00","3,334,000.00","93.81","Canada","-","CAD","2.05","1.00","Jun 17, 2030","2.08","CAD","Jun 17, 2020"
"CM","CANADIAN IMPERIAL BANK OF COMMERCE","Financial","Fixed Income","3,144,417.64","0.18","3,144,417.64","3,452,000.00","3,452,000.00","91.05","Canada","-","CAD","2.82","1.00","Apr 21, 2031","1.97","CAD","Apr 19, 2021"
"RCICN","ROGERS COMMUNICATIONS INC","Communication","Fixed Income","3,130,518.84","0.18","3,130,518.84","3,260,000.00","3,260,000.00","95.84","Canada","-","CAD","14.63","1.00","Apr 15, 2052","5.25","CAD","Mar 11, 2022"
"MFCCN","MANULIFE FINANCIAL CORP","Financial","Fixed Income","3,128,872.88","0.18","3,128,872.88","3,268,000.00","3,268,000.00","94.71","Canada","-","CAD","1.93","1.00","May 12, 2030","2.24","CAD","May 12, 2020"
"CCDJ","FEDERATION DES CAISSES DESJARDINS","Financial","Fixed Income","3,128,329.63","0.18","3,128,329.63","3,416,000.00","3,416,000.00","90.74","Canada","-","CAD","2.88","1.00","May 28, 2031","2.00","CAD","May 28, 2021"
"TRPCN","TRANSCANADA PIPELINES LIMITED MTN RegS","Energy","Fixed Income","3,127,202.95","0.18","3,127,202.95","3,188,000.00","3,188,000.00","97.18","Canada","-","CAD","2.06","1.00","Jul 17, 2025","3.30","CAD","Jul 17, 2015"
"TCN","TELUS CORPORATION","Communication","Fixed Income","3,117,941.16","0.18","3,117,941.16","3,259,000.00","3,259,000.00","94.07","Canada","-","CAD","5.31","1.00","May 2, 2029","3.30","CAD","Apr 3, 2019"
"BCECN","BELL CANADA INC","Communication","Fixed Income","3,100,531.05","0.18","3,100,531.05","4,039,000.00","4,039,000.00","76.49","Canada","-","CAD","16.04","1.00","Sep 30, 2050","3.50","CAD","Feb 13, 2020"
"CP","CANADIAN PACIFIC RAILWAY COMPANY","Industrial","Fixed Income","3,084,034.64","0.18","3,084,034.64","3,313,000.00","3,313,000.00","92.68","Canada","-","CAD","4.49","1.00","Feb 28, 2028","2.54","CAD","Nov 24, 2021"
"RY","ROYAL BANK OF CANADA","Financial","Fixed Income","3,064,595.98","0.18","3,064,595.98","3,455,000.00","3,455,000.00","88.26","Canada","-","CAD","4.93","1.00","Jul 31, 2028","1.83","CAD","Jul 29, 2021"
"TCN","TELUS CORPORATION","Communication","Fixed Income","3,031,594.06","0.17","3,031,594.06","3,160,000.00","3,160,000.00","95.12","Canada","-","CAD","3.00","1.00","Jul 8, 2026","2.75","CAD","Jul 2, 2019"
"TRPCN","TRANSCANADA PIPELINES LTD MTN RegS","Energy","Fixed Income","3,004,795.16","0.17","3,004,795.16","3,574,000.00","3,574,000.00","82.76","Canada","-","CAD","14.34","1.00","Jul 3, 2048","4.18","CAD","Jul 3, 2018"
"RCICN","ROGERS COMMUNICATIONS INC.","Communication","Fixed Income","2,980,651.78","0.17","2,980,651.78","2,790,000.00","2,790,000.00","105.80","Canada","-","CAD","10.74","1.00","Aug 25, 2040","6.11","CAD","Aug 25, 2010"
"MFCCN","MANULIFE FINANCE DELAWARE LP","Financial","Fixed Income","2,974,608.06","0.17","2,974,608.06","3,006,000.00","3,006,000.00","97.10","Canada","-","CAD","9.63","1.00","Dec 15, 2041","5.06","CAD","Dec 14, 2006"
"ENBCN","ENBRIDGE INC MTN","Energy","Fixed Income","2,966,721.13","0.17","2,966,721.13","3,237,000.00","3,237,000.00","91.45","Canada","-","CAD","5.78","1.00","Oct 3, 2029","2.99","CAD","Oct 3, 2019"
"BCECN","BELL CANADA INC MTN","Communication","Fixed Income","2,957,756.37","0.17","2,957,756.37","3,289,000.00","3,289,000.00","89.58","Canada","-","CAD","6.91","1.00","Mar 17, 2031","3.00","CAD","Mar 17, 2021"
"PPLCN","PEMBINA PIPELINE CORP MTN","Energy","Fixed Income","2,948,840.89","0.17","2,948,840.89","3,290,000.00","3,290,000.00","89.20","Canada","-","CAD","13.93","1.00","Mar 26, 2048","4.75","CAD","Mar 26, 2018"
"TRPCN","TRANSCANADA PIPELINES LTD MTN","Energy","Fixed Income","2,923,789.99","0.17","2,923,789.99","3,187,000.00","3,187,000.00","89.70","Canada","-","CAD","11.89","1.00","Nov 15, 2041","4.55","CAD","Nov 15, 2011"
"CM","CANADIAN IMPERIAL BANK OF COMMERCE RegS","Financial","Fixed Income","2,888,059.43","0.17","2,888,059.43","3,072,000.00","3,072,000.00","93.47","Canada","-","CAD","2.14","1.00","Jul 21, 2030","2.01","CAD","Jul 21, 2020"
"ALCTRA","ALECTRA INC (CANADA)","Infrastructure","Fixed Income","2,875,822.17","0.16","2,875,822.17","3,015,000.00","3,015,000.00","94.28","Canada","-","CAD","3.77","1.00","May 17, 2027","2.49","CAD","May 17, 2017"
"BMO","BANK OF MONTREAL","Financial","Fixed Income","2,855,991.61","0.16","2,855,991.61","2,700,000.00","2,700,000.00","105.76","Canada","-","CAD","3.84","1.00","Oct 27, 2032","6.53","CAD","Oct 27, 2022"
"TRPCN","TRANSCANADA PIPELINES LTD MTN","Energy","Fixed Income","2,835,461.49","0.16","2,835,461.49","3,318,000.00","3,318,000.00","84.95","Canada","-","CAD","14.14","1.00","Sep 16, 2047","4.33","CAD","Sep 15, 2017"
"ATIMLP","ATHABASCA INDIGENOUS MIDSTREAM LIM","Energy","Fixed Income","2,835,503.86","0.16","2,835,503.86","2,560,000.00","2,560,000.00","107.74","Canada","-","CAD","7.88","1.00","Feb 5, 2042","6.07","CAD","Oct 5, 2022"
"GTAAIR","GREATER TORONTO AIRPORTS AUTHORITY MTN","Infrastructure","Fixed Income","2,813,683.88","0.16","2,813,683.88","2,353,000.00","2,353,000.00","116.93","Canada","-","CAD","5.65","1.00","Jun 12, 2030","7.05","CAD","Jun 12, 2000"
"GTAAIR","GREATER TORONTO AIRPORTS AUTHORITY","Infrastructure","Fixed Income","2,808,425.22","0.16","2,808,425.22","3,500,000.00","3,500,000.00","80.16","Canada","-","CAD","12.70","1.00","Oct 17, 2039","2.75","CAD","Sep 25, 2019"
"TRPCN","TRANSCANADA PIPELINES LTD MTN","Energy","Fixed Income","2,805,337.92","0.16","2,805,337.92","3,309,000.00","3,309,000.00","84.62","Canada","-","CAD","14.76","1.00","Oct 15, 2049","4.34","CAD","Apr 10, 2019"
"BIP","BROOKFIELD INFRASTRUCTURE FINANCE","Infrastructure","Fixed Income","2,783,476.40","0.16","2,783,476.40","3,011,000.00","3,011,000.00","92.27","Canada","-","CAD","5.73","1.00","Oct 9, 2029","3.41","CAD","Oct 3, 2019"
"CVECN","CENOVUS ENERGY INC","Energy","Fixed Income","2,775,326.18","0.16","2,775,326.18","2,840,000.00","2,840,000.00","97.24","Canada","-","CAD","3.46","1.00","Mar 10, 2027","3.60","CAD","Mar 10, 2017"
"BCECN","BELL CANADA MTN","Communication","Fixed Income","2,769,578.36","0.16","2,769,578.36","2,827,000.00","2,827,000.00","97.41","Canada","-","CAD","2.59","1.00","Mar 2, 2026","3.55","CAD","Feb 29, 2016"
"TRPCN","TRANSCANADA PIPELINES LTD","Energy","Fixed Income","2,759,737.95","0.16","2,759,737.95","2,618,000.00","2,618,000.00","102.96","Canada","-","CAD","7.06","1.00","May 12, 2032","5.33","CAD","May 12, 2022"
"TIHCN","TOROMONT INDUSTRIES LTD.","Industrial","Fixed Income","2,757,054.38","0.16","2,757,054.38","2,815,000.00","2,815,000.00","97.93","Canada","-","CAD","3.99","1.00","Oct 27, 2027","3.84","CAD","Oct 27, 2017"
"NACN","NATIONAL BANK OF CANADA","Financial","Fixed Income","2,740,430.95","0.16","2,740,430.95","2,687,000.00","2,687,000.00","100.93","Canada","-","CAD","3.80","1.00","Aug 16, 2032","5.43","CAD","Jul 25, 2022"
"TCN","TELUS CORPORATION","Communication","Fixed Income","2,730,793.67","0.16","2,730,793.67","2,888,000.00","2,888,000.00","94.25","Canada","-","CAD","12.82","1.00","Apr 5, 2044","4.85","CAD","Apr 4, 2014"
"CNQCN","CANADIAN NATURAL RESOURCES LTD MTN","Energy","Fixed Income","2,727,997.37","0.16","2,727,997.37","2,782,000.00","2,782,000.00","96.67","Canada","-","CAD","3.25","1.00","Dec 1, 2026","3.42","CAD","May 30, 2017"
"CCDJ","FEDERATION DES CAISSES DESJARDINS","Financial","Fixed Income","2,719,887.79","0.16","2,719,887.79","2,678,000.00","2,678,000.00","99.63","Canada","-","CAD","3.63","1.00","May 19, 2027","4.41","CAD","May 19, 2022"
"IPLCN","INTER PIPELINE LTD","Energy","Fixed Income","2,709,802.17","0.16","2,709,802.17","2,600,000.00","2,600,000.00","103.12","Canada","-","CAD","4.11","1.00","Feb 17, 2028","5.76","CAD","Nov 17, 2022"
"SAPCN","SAPUTO INC MTN","Industrial","Fixed Income","2,676,328.61","0.15","2,676,328.61","2,895,000.00","2,895,000.00","91.63","Canada","-","CAD","3.87","1.00","Jun 16, 2027","2.24","CAD","Jun 16, 2020"
"DTRGR","DAIMLER TRUCKS FINANCE CANADA INC RegS","Financial","Fixed Income","2,636,137.04","0.15","2,636,137.04","2,739,000.00","2,739,000.00","95.45","Germany","-","CAD","1.57","1.00","Dec 13, 2024","2.14","CAD","Dec 15, 2021"
"ENBCN","ENBRIDGE INC MTN","Energy","Fixed Income","2,613,892.62","0.15","2,613,892.62","2,908,000.00","2,908,000.00","89.29","Canada","-","CAD","12.87","1.00","Mar 11, 2044","4.57","CAD","Mar 11, 2014"
"CARDS2_19-2-A","CARDS2_19-2 A","Securitized","Fixed Income","2,606,564.39","0.15","2,606,564.39","2,674,000.00","2,674,000.00","96.39","Canada","-","CAD","1.49","1.00","Nov 15, 2024","2.43","CAD","Nov 15, 2019"
"BCECN","BELL TELEPHONE COMPANY OF CANADA O MTN","Communication","Fixed Income","2,593,722.68","0.15","2,593,722.68","2,672,000.00","2,672,000.00","96.77","Canada","-","CAD","3.99","1.00","Sep 29, 2027","3.60","CAD","Sep 29, 2017"
"BMO","BANK OF MONTREAL","Financial","Fixed Income","2,569,828.74","0.15","2,569,828.74","2,543,000.00","2,543,000.00","100.44","Canada","-","CAD","2.22","1.00","Sep 10, 2025","4.61","CAD","Sep 10, 2010"
"NACN","NATIONAL BANK OF CANADA","Financial","Fixed Income","2,561,299.75","0.15","2,561,299.75","2,785,000.00","2,785,000.00","91.40","Canada","-","CAD","3.00","1.00","Jun 15, 2026","1.53","CAD","Jun 15, 2021"
"HYDONE","HYDRO ONE INC MTN","Infrastructure","Fixed Income","2,552,721.90","0.15","2,552,721.90","2,305,000.00","2,305,000.00","108.41","Canada","-","CAD","9.38","1.00","May 20, 2036","5.36","CAD","May 19, 2005"
"ENBCN","ENBRIDGE INC MTN","Energy","Fixed Income","2,545,028.25","0.15","2,545,028.25","2,136,000.00","2,136,000.00","116.12","Canada","-","CAD","13.91","1.00","Nov 9, 2052","6.51","CAD","Nov 9, 2022"
"BMO","BANK OF MONTREAL","Financial","Fixed Income","2,542,815.09","0.15","2,542,815.09","2,649,000.00","2,649,000.00","94.96","Canada","-","CAD","3.38","1.00","Dec 9, 2026","2.70","CAD","Dec 9, 2016"
"ATDBCN","ALIMENTATION COUCHE-TARD INC","Industrial","Fixed Income","2,489,075.22","0.14","2,489,075.22","2,524,000.00","2,524,000.00","97.85","Canada","-","CAD","1.20","1.00","Jul 26, 2024","3.06","CAD","Jul 26, 2017"
"HYDONE","HYDRO ONE INC MTN","Infrastructure","Fixed Income","2,479,388.07","0.14","2,479,388.07","2,359,000.00","2,359,000.00","103.88","Canada","-","CAD","4.13","1.00","Jan 27, 2028","4.91","CAD","Oct 27, 2022"
"ENBCN","ENBRIDGE INC","Energy","Fixed Income","2,473,836.77","0.14","2,473,836.77","2,490,000.00","2,490,000.00","99.06","Canada","-","CAD","4.24","1.00","Apr 12, 2078","6.63","CAD","Apr 12, 2018"
"NWRWPT","NORTH WEST REDWATER PARTNERSHIP /","Energy","Fixed Income","2,469,874.92","0.14","2,469,874.92","2,677,000.00","2,677,000.00","90.78","Canada","-","CAD","9.46","1.00","Jun 1, 2035","3.65","CAD","May 19, 2017"
"FFHCN","FAIRFAX FINANCIAL HOLDINGS LTD","Financial","Fixed Income","2,466,996.12","0.14","2,466,996.12","2,730,000.00","2,730,000.00","89.76","Canada","-","CAD","6.63","1.00","Mar 3, 2031","3.95","CAD","Mar 1, 2021"
"TRPCN","TRANSCANADA PIPELINES LTD MTN RegS","Energy","Fixed Income","2,458,923.63","0.14","2,458,923.63","2,683,000.00","2,683,000.00","91.31","Canada","-","CAD","5.74","1.00","Sep 18, 2029","3.00","CAD","Sep 18, 2019"
"NWRWPT","NORTH WEST REDWATER PARTNERSHIP /","Energy","Fixed Income","2,438,459.29","0.14","2,438,459.29","2,549,000.00","2,549,000.00","94.53","Canada","-","CAD","3.78","1.00","Jun 1, 2027","2.80","CAD","May 19, 2017"
"TCN","TELUS CORPORATION","Communication","Fixed Income","2,437,772.87","0.14","2,437,772.87","2,984,000.00","2,984,000.00","80.93","Canada","-","CAD","15.18","1.00","Feb 16, 2050","3.95","CAD","Dec 16, 2019"
"BNCN","BROOKFIELD ASSET MANAGEMENT INC MTN","Industrial","Fixed Income","2,435,153.60","0.14","2,435,153.60","2,408,000.00","2,408,000.00","99.94","Canada","-","CAD","2.33","1.00","Jan 28, 2026","4.82","CAD","Jan 28, 2014"
"PPLCN","PEMBINA PIPELINE CORP MTN RegS","Energy","Fixed Income","2,433,252.75","0.14","2,433,252.75","2,495,000.00","2,495,000.00","97.17","Canada","-","CAD","4.33","1.00","Mar 27, 2028","4.02","CAD","Mar 26, 2018"
"TCN","TELUS CORPORATION RegS","Communication","Fixed Income","2,422,392.97","0.14","2,422,392.97","2,740,000.00","2,740,000.00","87.11","Canada","-","CAD","7.36","1.00","Nov 13, 2031","2.85","CAD","Jun 28, 2021"
"MFCCN","MANULIFE BANK OF CANADA","Financial","Fixed Income","2,416,868.14","0.14","2,416,868.14","2,551,000.00","2,551,000.00","94.18","Canada","-","CAD","3.55","1.00","Feb 16, 2027","2.86","CAD","Feb 16, 2022"
"GTAAIR","GREATER TORONTO AIRPORTS AUTHORITY MTN","Infrastructure","Fixed Income","2,392,374.83","0.14","2,392,374.83","2,151,000.00","2,151,000.00","110.32","Canada","-","CAD","11.79","1.00","Feb 25, 2041","5.30","CAD","Feb 23, 2011"
"CHPUCN","CHOICE PROPERTIES REAL ESTATE INVE","Real Estate","Fixed Income","2,370,472.58","0.14","2,370,472.58","2,434,000.00","2,434,000.00","96.81","Canada","-","CAD","4.28","1.00","Mar 8, 2028","4.18","CAD","Mar 8, 2018"
"PLENCS","PLENARY PROPERTIES LTAP LP","Infrastructure","Fixed Income","2,353,739.75","0.13","2,353,739.75","2,044,258.00","2,044,258.00","113.64","Canada","-","CAD","8.60","1.00","Jan 31, 2044","6.29","CAD","Jan 31, 2011"
"OMERS","OMERS REALTY CORP","Real Estate","Fixed Income","2,353,511.93","0.13","2,353,511.93","2,459,000.00","2,459,000.00","95.50","Canada","-","CAD","4.07","1.00","Oct 4, 2027","3.24","CAD","Oct 2, 2017"
"CAD","CAD CASH","Cash and/or Derivatives","Cash","2,350,516.44","0.13","2,350,516.44","2,350,516.00","2,350,516.00","100.00","Canada","-","CAD","0.00","1.00","-","0.00","CAD","Jan 1, 1989"
"HYDONE","HYDRO ONE INC 3.63 6/49 MTN","Infrastructure","Fixed Income","2,345,640.01","0.13","2,345,640.01","2,648,000.00","2,648,000.00","87.35","Canada","-","CAD","15.90","1.00","Jun 25, 2049","3.63","CAD","Jun 26, 2018"
"OMERS","OMERS REALTY CORP","Real Estate","Fixed Income","2,338,987.45","0.13","2,338,987.45","2,175,000.00","2,175,000.00","105.11","Canada","-","CAD","4.60","1.00","Nov 14, 2028","5.38","CAD","Nov 14, 2022"
"ENBCN","ENBRIDGE INC","Energy","Fixed Income","2,331,731.41","0.13","2,331,731.41","2,664,000.00","2,664,000.00","86.16","Canada","-","CAD","5.84","1.00","Jan 19, 2082","5.00","CAD","Jan 19, 2022"
"BAMREP","BROOKFIELD RENEWABLE PARTNERS ULC MTN","Energy","Fixed Income","2,320,108.82","0.13","2,320,108.82","2,110,000.00","2,110,000.00","107.22","Canada","-","CAD","7.13","1.00","Nov 9, 2032","5.88","CAD","Nov 9, 2022"
"ATDBCN","ALIMENTATION COUCHE-TARD INC RegS","Industrial","Fixed Income","2,317,140.01","0.13","2,317,140.01","2,332,000.00","2,332,000.00","97.91","Canada","-","CAD","1.92","1.00","Jun 2, 2025","3.60","CAD","Jun 2, 2015"
"RY","ROYAL BANK OF CANADA","Financial","Fixed Income","2,314,749.83","0.13","2,314,749.83","2,258,000.00","2,258,000.00","101.14","Canada","-","CAD","2.06","1.00","Jul 16, 2025","4.93","CAD","Jul 16, 2010"
"BCECN","BELL CANADA INC","Communication","Fixed Income","2,310,887.45","0.13","2,310,887.45","2,571,000.00","2,571,000.00","89.56","Canada","-","CAD","4.09","1.00","Aug 16, 2027","1.65","CAD","Aug 14, 2020"
"HYDONE","HYDRO ONE INC","Infrastructure","Fixed Income","2,294,732.06","0.13","2,294,732.06","2,398,000.00","2,398,000.00","95.50","Canada","-","CAD","5.35","1.00","Apr 5, 2029","3.02","CAD","Apr 5, 2019"
"PPLCN","PEMBINA PIPELINE CORP RegS","Energy","Fixed Income","2,263,492.46","0.13","2,263,492.46","2,383,000.00","2,383,000.00","94.74","Canada","-","CAD","5.27","1.00","Apr 3, 2029","3.62","CAD","Apr 3, 2019"
"GTAAIR","GREATER TORONTO AIRPORTS AUTHORITY MTN","Infrastructure","Fixed Income","2,260,453.12","0.13","2,260,453.12","1,872,000.00","1,872,000.00","120.50","Canada","-","CAD","7.22","1.00","Oct 15, 2032","6.98","CAD","Oct 15, 2002"
"SLFCN","SUN LIFE FINANCIAL INC","Financial","Fixed Income","2,244,969.62","0.13","2,244,969.62","2,231,000.00","2,231,000.00","99.61","Canada","-","CAD","4.16","1.00","Aug 10, 2034","4.80","CAD","Aug 10, 2022"
"ONTPOW","ONTARIO POWER GENERATION INC MTN","Energy","Fixed Income","2,243,778.10","0.13","2,243,778.10","2,379,000.00","2,379,000.00","94.14","Canada","-","CAD","6.15","1.00","Apr 8, 2030","3.21","CAD","Apr 8, 2020"
"BCECN","BELL CANADA MTN 144A","Communication","Fixed Income","2,243,220.18","0.13","2,243,220.18","1,911,000.00","1,911,000.00","116.10","Canada","-","CAD","6.68","1.00","Feb 23, 2032","7.30","CAD","Feb 22, 2002"
"IPLCN","INTER PIPELINE LTD","Energy","Fixed Income","2,240,245.37","0.13","2,240,245.37","2,416,000.00","2,416,000.00","91.04","Canada","-","CAD","7.06","1.00","Nov 25, 2031","3.98","CAD","Nov 25, 2021"
"FORTFD_22-1-A","FORTFD_22-1 A","Securitized","Fixed Income","2,236,498.29","0.13","2,236,498.29","2,255,000.00","2,255,000.00","97.89","Canada","-","CAD","2.03","1.00","Jun 23, 2025","3.70","CAD","Apr 26, 2022"
"BCECN","BELL CANADA MTN","Communication","Fixed Income","2,226,140.68","0.13","2,226,140.68","2,318,000.00","2,318,000.00","95.44","Canada","-","CAD","3.08","1.00","Aug 12, 2026","2.90","CAD","Aug 12, 2016"
"ENBPIP","ENBRIDGE PIPELINES INC MTN","Energy","Fixed Income","2,206,593.19","0.13","2,206,593.19","2,297,000.00","2,297,000.00","95.44","Canada","-","CAD","5.18","1.00","Feb 22, 2029","3.52","CAD","Feb 22, 2019"
"SNCINN","SNC-LAVALIN INNISFREE MCGILL FINAN 144A","Infrastructure","Fixed Income","2,198,123.21","0.13","2,198,123.21","1,856,704.00","1,856,704.00","116.24","Canada","-","CAD","8.71","1.00","Jun 30, 2044","6.63","CAD","Jul 15, 2010"
"CUCN","CU INC","Energy","Fixed Income","2,196,142.86","0.13","2,196,142.86","2,140,000.00","2,140,000.00","101.98","Canada","-","CAD","12.98","1.00","Sep 9, 2043","4.72","CAD","Sep 9, 2013"
"ENBPIP","ENBRIDGE PIPELINES INC MTN","Energy","Fixed Income","2,195,260.32","0.13","2,195,260.32","2,248,000.00","2,248,000.00","97.37","Canada","-","CAD","2.25","1.00","Sep 29, 2025","3.45","CAD","Sep 29, 2015"
"GTAAIR","GREATER TORONTO AIRPORTS AUTHORITY MTN 144A","Infrastructure","Fixed Income","2,194,373.28","0.13","2,194,373.28","1,802,000.00","1,802,000.00","118.95","Canada","-","CAD","6.25","1.00","Jun 4, 2031","7.10","CAD","Jun 4, 2001"
"BRUPOW","BRUCE POWER LP","Energy","Fixed Income","2,177,727.62","0.12","2,177,727.62","2,260,000.00","2,260,000.00","94.91","Canada","-","CAD","8.09","1.00","Jun 21, 2033","4.13","CAD","Mar 1, 2018"
"BRUPOW","BRUCE POWER LP RegS","Energy","Fixed Income","2,169,940.33","0.12","2,169,940.33","2,214,000.00","2,214,000.00","96.61","Canada","-","CAD","6.07","1.00","Jun 21, 2030","4.00","CAD","Apr 9, 2020"
"CHPUCN","CHOICE PROPERTIES REAL ESTATE INVE","Real Estate","Fixed Income","2,169,552.03","0.12","2,169,552.03","2,298,000.00","2,298,000.00","93.08","Canada","-","CAD","5.38","1.00","Jun 11, 2029","3.53","CAD","Jun 11, 2019"
"TERANE","TERANET HOLDINGS LP","Industrial","Fixed Income","2,161,880.42","0.12","2,161,880.42","2,204,000.00","2,204,000.00","96.75","Canada","-","CAD","1.99","1.00","Jun 11, 2025","3.54","CAD","Jun 11, 2020"
"DTRGR","DAIMLER TRUCKS FINANCE CANADA INC RegS","Financial","Fixed Income","2,152,733.35","0.12","2,152,733.35","2,133,000.00","2,133,000.00","100.36","Germany","-","CAD","2.23","1.00","Sep 19, 2025","5.18","CAD","Sep 19, 2022"
"NORCOU","NORTHERN COURIER PIPELINE LP RegS","Energy","Fixed Income","2,128,526.32","0.12","2,128,526.32","2,331,524.00","2,331,524.00","90.23","Canada","-","CAD","6.60","1.00","Jun 30, 2042","3.37","CAD","Jul 17, 2019"
"PPLCN","PEMBINA PIPELINE CORP MTN RegS","Energy","Fixed Income","2,125,444.61","0.12","2,125,444.61","2,124,000.00","2,124,000.00","98.51","Canada","-","CAD","3.56","1.00","Jun 15, 2027","4.24","CAD","Jun 16, 2015"
"NWRWPT","NORTH WEST REDWATER PARTNERSHIP / RegS","Energy","Fixed Income","2,122,913.35","0.12","2,122,913.35","2,351,000.00","2,351,000.00","89.23","Canada","-","CAD","13.57","1.00","Jul 22, 2044","4.05","CAD","Jul 23, 2014"
"NWRWPT","NORTH WEST REDWATER PARTNERSHIP","Energy","Fixed Income","2,122,623.43","0.12","2,122,623.43","2,149,000.00","2,149,000.00","97.93","Canada","-","CAD","1.19","1.00","Jul 22, 2024","3.20","CAD","Jul 23, 2014"
"BCECN","BELL CANADA INC","Communication","Fixed Income","2,112,386.47","0.12","2,112,386.47","2,169,000.00","2,169,000.00","96.72","Canada","-","CAD","1.68","1.00","Jan 29, 2025","2.75","CAD","May 13, 2019"
"TCN","TELUS CORPORATION","Communication","Fixed Income","2,097,241.20","0.12","2,097,241.20","2,267,000.00","2,267,000.00","91.92","Canada","-","CAD","6.03","1.00","Feb 19, 2030","3.15","CAD","Dec 16, 2019"
"BCECN","BELL CANADA INC MTN","Communication","Fixed Income","2,091,253.47","0.12","2,091,253.47","2,468,000.00","2,468,000.00","84.27","Canada","-","CAD","15.59","1.00","Mar 17, 2051","4.05","CAD","Mar 17, 2021"
"TRPCN","TRANSCANADA PIPELINES LTD MTN","Energy","Fixed Income","2,086,686.22","0.12","2,086,686.22","2,189,000.00","2,189,000.00","94.92","Canada","-","CAD","4.43","1.00","Mar 15, 2028","3.39","CAD","Sep 15, 2017"
"PLEHHU","PLENARY HLTH CARE PTNRSHP HUMBR LP","Infrastructure","Fixed Income","2,086,061.86","0.12","2,086,061.86","2,022,611.00","2,022,611.00","101.14","Canada","-","CAD","6.95","1.00","May 31, 2039","4.89","CAD","Sep 23, 2011"
"BMO","BANK OF MONTREAL","Financial","Fixed Income","2,077,127.30","0.12","2,077,127.30","2,235,000.00","2,235,000.00","92.70","Canada","-","CAD","2.75","1.00","Mar 10, 2026","1.76","CAD","Mar 10, 2021"
"GTAAIR","GREATER TORONTO AIRPORTS AUTHORITY MTN 144A","Infrastructure","Fixed Income","2,070,545.35","0.12","2,070,545.35","1,736,000.00","1,736,000.00","117.76","Canada","-","CAD","7.97","1.00","Feb 2, 2034","6.47","CAD","Feb 2, 2004"
"CWBCN","CANADIAN WESTERN BANK","Financial","Fixed Income","2,070,622.22","0.12","2,070,622.22","2,155,000.00","2,155,000.00","95.46","Canada","-","CAD","1.69","1.00","Jan 30, 2025","2.61","CAD","Jan 30, 2020"
"NWRWPT","NORTH WEST REDWATER PARTNERSHIP RegS","Energy","Fixed Income","2,051,864.31","0.12","2,051,864.31","2,019,000.00","2,019,000.00","99.90","Canada","-","CAD","5.14","1.00","Jun 1, 2029","4.25","CAD","Jan 29, 2016"
"CHPUCN","CHOICE PROPERTIES REAL ESTATE INVE","Real Estate","Fixed Income","2,049,259.98","0.12","2,049,259.98","2,000,000.00","2,000,000.00","101.60","Canada","-","CAD","7.55","1.00","Mar 1, 2033","5.40","CAD","Mar 1, 2023"
"GTAAIR","GREATER TORONTO AIRPORTS AUTHORITY 144A","Infrastructure","Fixed Income","2,039,471.07","0.12","2,039,471.07","1,758,000.00","1,758,000.00","113.82","Canada","-","CAD","11.22","1.00","Jun 7, 2040","5.63","CAD","Jun 7, 2010"
"TRPCN","TRANSCANADA PIPELINES LTD MTN","Energy","Fixed Income","2,036,869.32","0.12","2,036,869.32","2,332,000.00","2,332,000.00","85.64","Canada","-","CAD","13.56","1.00","Jun 6, 2046","4.35","CAD","Jun 6, 2016"
"SLFCN","SUN LIFE FINANCIAL INC","Financial","Fixed Income","2,028,707.76","0.12","2,028,707.76","2,459,000.00","2,459,000.00","82.35","Canada","-","CAD","6.41","1.00","Oct 1, 2035","2.06","CAD","Oct 1, 2020"
"EPCOR","EPCOR UTILITIES INC MTN","Infrastructure","Fixed Income","2,027,630.82","0.12","2,027,630.82","1,950,000.00","1,950,000.00","103.24","Canada","-","CAD","16.05","1.00","Sep 2, 2052","4.72","CAD","Sep 2, 2022"
"IPLCN","INTER PIPELINE LTD","Energy","Fixed Income","2,010,482.77","0.12","2,010,482.77","1,860,000.00","1,860,000.00","106.87","Canada","-","CAD","7.26","1.00","Feb 17, 2033","6.38","CAD","Nov 17, 2022"
"ONTPOW","ONTARIO POWER GENERATION INC MTN","Energy","Fixed Income","2,006,742.77","0.11","2,006,742.77","2,135,000.00","2,135,000.00","93.62","Canada","-","CAD","5.73","1.00","Sep 13, 2029","2.98","CAD","Sep 13, 2019"
"ETRHWY","407 INTERNATIONAL INC MTN","Infrastructure","Fixed Income","2,005,285.53","0.11","2,005,285.53","2,100,000.00","2,100,000.00","95.46","Canada","-","CAD","12.89","1.00","Apr 25, 2042","4.19","CAD","Apr 25, 2012"
"NWRWPT","NORTH WEST REDWATER PARTNERSHIP RegS","Energy","Fixed Income","2,000,433.39","0.11","2,000,433.39","1,964,000.00","1,964,000.00","99.93","Canada","-","CAD","10.01","1.00","Jun 1, 2037","4.75","CAD","Jan 29, 2016"
"GWOCN","GREAT-WEST LIFECO INC.","Financial","Fixed Income","1,984,138.35","0.11","1,984,138.35","1,704,000.00","1,704,000.00","115.75","Canada","-","CAD","7.47","1.00","Mar 21, 2033","6.67","CAD","Mar 21, 2003"
"TCN","TELUS CORPORATION","Communication","Fixed Income","1,983,093.03","0.11","1,983,093.03","2,045,000.00","2,045,000.00","96.40","Canada","-","CAD","4.33","1.00","Mar 1, 2028","3.63","CAD","Mar 1, 2018"
"MFCCN","MANULIFE BANK OF CANADA","Financial","Fixed Income","1,977,977.74","0.11","1,977,977.74","2,158,000.00","2,158,000.00","91.43","Canada","-","CAD","2.74","1.00","Feb 26, 2026","1.34","CAD","Feb 26, 2021"
"TRPCN","TRANSCANADA PIPELINES LTD","Energy","Fixed Income","1,976,755.75","0.11","1,976,755.75","1,949,000.00","1,949,000.00","99.42","Canada","-","CAD","2.71","1.00","May 12, 2026","4.35","CAD","May 12, 2022"
"CHPUCN","CHOICE PROPERTIES REAL ESTATE INVE","Real Estate","Fixed Income","1,973,917.41","0.11","1,973,917.41","1,822,000.00","1,822,000.00","106.28","Canada","-","CAD","6.92","1.00","Jun 24, 2032","6.00","CAD","Jun 24, 2022"
"FTSCN","FORTIS INC","Infrastructure","Fixed Income","1,967,524.78","0.11","1,967,524.78","1,923,000.00","1,923,000.00","100.51","Canada","-","CAD","5.15","1.00","May 31, 2029","4.43","CAD","May 31, 2022"
"APUCN","ALLIED PROPERTIES REAL ESTATE INVE","Real Estate","Fixed Income","1,965,797.10","0.11","1,965,797.10","2,174,000.00","2,174,000.00","90.07","Canada","-","CAD","2.68","1.00","Feb 12, 2026","1.73","CAD","Feb 12, 2021"
"FFHCN","FAIRFAX FINANCIAL HOLDINGS LTD","Financial","Fixed Income","1,964,630.50","0.11","1,964,630.50","2,002,000.00","2,002,000.00","96.47","Canada","-","CAD","4.04","1.00","Dec 6, 2027","4.25","CAD","Dec 4, 2017"
"LCN","LOBLAW COMPANIES LTD","Industrial","Fixed Income","1,963,822.75","0.11","1,963,822.75","1,845,000.00","1,845,000.00","105.77","Canada","-","CAD","15.16","1.00","Sep 13, 2052","5.34","CAD","Sep 13, 2022"
"BCECN","BELL CANADA INC","Communication","Fixed Income","1,963,462.26","0.11","1,963,462.26","2,151,000.00","2,151,000.00","90.38","Canada","-","CAD","4.71","1.00","May 29, 2028","2.20","CAD","May 28, 2021"
"TCN","TELUS CORPORATION","Communication","Fixed Income","1,958,119.19","0.11","1,958,119.19","2,134,000.00","2,134,000.00","91.17","Canada","-","CAD","4.42","1.00","Jan 27, 2028","2.35","CAD","May 29, 2020"
"PPLCN","PEMBINA PIPELINE CORP MTN","Energy","Fixed Income","1,956,903.72","0.11","1,956,903.72","2,263,000.00","2,263,000.00","86.16","Canada","-","CAD","14.36","1.00","Apr 3, 2049","4.54","CAD","Apr 3, 2019"
"CCDJ","FEDERATION DES CAISSES DESJARDINS","Financial","Fixed Income","1,955,843.84","0.11","1,955,843.84","2,143,000.00","2,143,000.00","91.05","Canada","-","CAD","3.23","1.00","Sep 10, 2026","1.59","CAD","Sep 10, 2021"
"HYDONE","HYDRO ONE INC MTN","Infrastructure","Fixed Income","1,947,218.69","0.11","1,947,218.69","1,596,000.00","1,596,000.00","119.20","Canada","-","CAD","6.86","1.00","Jun 1, 2032","6.93","CAD","Jun 22, 2001"
"TCN","TELUS CORPORATION","Communication","Fixed Income","1,946,457.07","0.11","1,946,457.07","1,835,000.00","1,835,000.00","105.36","Canada","-","CAD","14.66","1.00","Sep 13, 2052","5.65","CAD","Sep 13, 2022"
"BCECN","BELL CANADA INC MTN","Communication","Fixed Income","1,943,393.19","0.11","1,943,393.19","2,111,000.00","2,111,000.00","91.67","Canada","-","CAD","5.73","1.00","Sep 10, 2029","2.90","CAD","Sep 10, 2019"
"ENBGAS","ENBRIDGE GAS INC","Energy","Fixed Income","1,942,776.87","0.11","1,942,776.87","2,259,000.00","2,259,000.00","85.73","Canada","-","CAD","16.20","1.00","Apr 1, 2050","3.65","CAD","Apr 1, 2020"
"PPLCN","PEMBINA PIPELINE CORP MTN","Energy","Fixed Income","1,940,254.19","0.11","1,940,254.19","1,979,000.00","1,979,000.00","97.27","Canada","-","CAD","2.94","1.00","Aug 11, 2026","3.71","CAD","Aug 11, 2016"
"IPLCN","INTER PIPELINE LTD","Energy","Fixed Income","1,939,981.47","0.11","1,939,981.47","1,832,000.00","1,832,000.00","103.31","Canada","-","CAD","6.85","1.00","May 18, 2032","5.85","CAD","May 18, 2022"
"ENBCN","ENBRIDGE INC MTN","Energy","Fixed Income","1,931,949.50","0.11","1,931,949.50","1,925,000.00","1,925,000.00","98.63","Canada","-","CAD","1.43","1.00","Nov 19, 2024","3.95","CAD","Dec 21, 2018"
"OMERS","OMERS REALTY CORP","Real Estate","Fixed Income","1,930,918.01","0.11","1,930,918.01","1,999,000.00","1,999,000.00","95.16","Canada","-","CAD","6.11","1.00","Jun 5, 2030","3.63","CAD","Jun 5, 2018"
"PPLCN","PEMBINA PIPELINE CORP MTN","Energy","Fixed Income","1,928,111.83","0.11","1,928,111.83","2,108,000.00","2,108,000.00","91.02","Canada","-","CAD","12.71","1.00","Mar 25, 2044","4.81","CAD","Apr 4, 2014"
"VTR","VENTAS CANADA FINANCE LTD","Real Estate","Fixed Income","1,921,537.63","0.11","1,921,537.63","1,900,000.00","1,900,000.00","101.03","United States","-","CAD","4.32","1.00","Apr 21, 2028","5.40","CAD","Apr 21, 2023"
"CRSLNX","CROSSLINX TRANSIT SOLUTIONS GENERA RegS","Infrastructure","Fixed Income","1,917,734.65","0.11","1,917,734.65","1,991,872.00","1,991,872.00","95.92","Canada","-","CAD","9.36","1.00","Sep 30, 2046","4.65","CAD","Jul 24, 2015"
"NWRWPT","NORTH WEST REDWATER PARTNERSHIP","Energy","Fixed Income","1,888,679.99","0.11","1,888,679.99","2,225,000.00","2,225,000.00","83.36","Canada","-","CAD","15.97","1.00","Jun 1, 2051","3.75","CAD","Jun 30, 2021"
"HYDONE","HYDRO ONE INC MTN","Infrastructure","Fixed Income","1,880,336.36","0.11","1,880,336.36","2,148,000.00","2,148,000.00","87.28","Canada","-","CAD","7.51","1.00","Sep 17, 2031","2.23","CAD","Sep 17, 2021"
"CP","CANADIAN PACIFIC RAILWAY CO MTN","Industrial","Fixed Income","1,877,519.55","0.11","1,877,519.55","1,537,000.00","1,537,000.00","119.29","Canada","-","CAD","10.55","1.00","Nov 17, 2039","6.45","CAD","Nov 17, 2009"
"MFCCN","MANULIFE BANK OF CANADA","Financial","Fixed Income","1,874,341.67","0.11","1,874,341.67","2,062,000.00","2,062,000.00","90.71","Canada","-","CAD","3.25","1.00","Sep 14, 2026","1.54","CAD","Sep 13, 2021"
"NWRWPT","NORTH WEST REDWATER PARTNERSHIP RegS","Energy","Fixed Income","1,870,867.46","0.11","1,870,867.46","2,010,000.00","2,010,000.00","92.27","Canada","-","CAD","3.40","1.00","Dec 1, 2026","2.00","CAD","Jun 30, 2021"
"AERMON","AEROPORTS DE MONTREAL","Infrastructure","Fixed Income","1,861,519.44","0.11","1,861,519.44","1,748,000.00","1,748,000.00","105.90","Canada","-","CAD","9.23","1.00","Sep 17, 2035","5.17","CAD","Sep 15, 2005"
"VW","VW CREDIT CANADA INC RegS","Financial","Fixed Income","1,861,191.56","0.11","1,861,191.56","1,775,000.00","1,775,000.00","102.25","Germany","-","CAD","2.32","1.00","Nov 17, 2025","5.80","CAD","Nov 15, 2022"
"RCICN","ROGERS COMMUNICATIONS INC","Communication","Fixed Income","1,852,785.38","0.11","1,852,785.38","1,609,000.00","1,609,000.00","111.95","Canada","-","CAD","10.17","1.00","Nov 4, 2039","6.68","CAD","Nov 4, 2009"
"GWOCN","GREAT-WEST LIFECO INC","Financial","Fixed Income","1,852,515.37","0.11","1,852,515.37","1,925,000.00","1,925,000.00","95.70","Canada","-","CAD","4.38","1.00","Feb 28, 2028","3.34","CAD","Feb 28, 2018"
"TRPCN","TRANSCANADA PIPELINES LTD MTN","Energy","Fixed Income","1,852,480.66","0.11","1,852,480.66","2,083,000.00","2,083,000.00","87.79","Canada","-","CAD","7.02","1.00","Jun 9, 2031","2.97","CAD","Jun 9, 2021"
"SGTPHW","SGTP HIGHWAY BYPASS LIMITED PARTNE RegS","Infrastructure","Fixed Income","1,851,182.17","0.11","1,851,182.17","1,956,292.00","1,956,292.00","93.65","Canada","-","CAD","8.94","1.00","Jan 31, 2045","4.11","CAD","Aug 4, 2015"
"BAMREP","BROOKFIELD RENEWABLE ENERGY PARTNE MTN","Energy","Fixed Income","1,846,789.40","0.11","1,846,789.40","1,895,000.00","1,895,000.00","96.43","Canada","-","CAD","3.38","1.00","Jan 15, 2027","3.63","CAD","Aug 12, 2016"
"TCN","TELUS CORPORATION","Communication","Fixed Income","1,845,628.34","0.11","1,845,628.34","1,878,000.00","1,878,000.00","97.77","Canada","-","CAD","2.58","1.00","Mar 10, 2026","3.75","CAD","Dec 8, 2015"
"WM","WASTE MANAGEMENT OF CANADA CORP","Industrial","Fixed Income","1,844,391.27","0.11","1,844,391.27","1,958,000.00","1,958,000.00","93.94","Canada","-","CAD","3.22","1.00","Sep 23, 2026","2.60","CAD","Sep 23, 2019"
"SLFCN","SUN LIFE FINANCIAL INC","Financial","Fixed Income","1,833,191.17","0.10","1,833,191.17","2,073,000.00","2,073,000.00","87.03","Canada","-","CAD","6.86","1.00","Nov 18, 2036","3.15","CAD","Nov 18, 2021"
"AIREIN","AIMCO REALTY INVESTORS LP","Real Estate","Fixed Income","1,829,273.02","0.10","1,829,273.02","1,984,000.00","1,984,000.00","91.10","Canada","-","CAD","5.49","1.00","Jun 1, 2029","2.71","CAD","Jun 14, 2019"
"PPLCN","PEMBINA PIPELINE CORP MTN","Energy","Fixed Income","1,820,197.26","0.10","1,820,197.26","1,849,000.00","1,849,000.00","97.63","Canada","-","CAD","1.69","1.00","Feb 3, 2025","3.54","CAD","Feb 2, 2015"
"ALTALK","ALTALINK LP MTN","Infrastructure","Fixed Income","1,819,037.22","0.10","1,819,037.22","1,914,000.00","1,914,000.00","93.74","Canada","-","CAD","12.98","1.00","Jun 30, 2042","3.99","CAD","Jun 29, 2012"
"CHPUCN","CHOICE PROPERTIES REAL ESTATE INVE","Real Estate","Fixed Income","1,817,361.77","0.10","1,817,361.77","1,847,000.00","1,847,000.00","97.91","Canada","-","CAD","1.32","1.00","Sep 9, 2024","3.56","CAD","Mar 8, 2018"
"ETRHWY","HIGHWAY 407 144A","Infrastructure","Fixed Income","1,816,845.82","0.10","1,816,845.82","1,593,000.00","1,593,000.00","112.44","Canada","-","CAD","5.17","1.00","Jul 27, 2029","6.47","CAD","Jul 27, 1999"
"REIUCN","RIOCAN REAL ESTATE INVESTMENT TRUS","Real Estate","Fixed Income","1,816,019.23","0.10","1,816,019.23","1,898,000.00","1,898,000.00","95.15","Canada","-","CAD","1.72","1.00","Feb 12, 2025","2.58","CAD","Aug 12, 2019"
"ENBCN","ENBRIDGE INC MTN","Energy","Fixed Income","1,814,449.91","0.10","1,814,449.91","1,878,000.00","1,878,000.00","95.63","Canada","-","CAD","2.00","1.00","Jun 2, 2025","2.44","CAD","May 12, 2020"
"SRUUCN","SMARTCENTRES REAL ESTATE INVESTMEN","Real Estate","Fixed Income","1,808,181.49","0.10","1,808,181.49","1,992,000.00","1,992,000.00","89.53","Canada","-","CAD","5.78","1.00","Dec 20, 2029","3.53","CAD","Dec 20, 2019"
"HYDONE","HYDRO ONE INC MTN","Infrastructure","Fixed Income","1,806,190.93","0.10","1,806,190.93","1,825,000.00","1,825,000.00","98.57","Canada","-","CAD","12.53","1.00","Sep 26, 2041","4.39","CAD","Sep 26, 2011"
"ENBGAS","ENBRIDGE GAS INC MTN","Energy","Fixed Income","1,805,862.42","0.10","1,805,862.42","1,884,000.00","1,884,000.00","94.16","Canada","-","CAD","13.43","1.00","Jun 2, 2044","4.20","CAD","Jun 2, 2014"
"HYDONE","HYDRO ONE INC MTN","Infrastructure","Fixed Income","1,800,026.25","0.10","1,800,026.25","1,589,000.00","1,589,000.00","111.75","Canada","-","CAD","11.37","1.00","Jul 16, 2040","5.49","CAD","Jul 16, 2009"
"HOSNOH","HOSPITAL INFRASTRUCTURE PARTNERS I","Infrastructure","Fixed Income","1,790,550.06","0.10","1,790,550.06","1,675,224.00","1,675,224.00","105.59","Canada","-","CAD","8.99","1.00","Jan 31, 2045","5.44","CAD","Jul 29, 2011"
"GRTCN","GRANITE REIT HOLDINGS LP","Real Estate","Fixed Income","1,789,387.25","0.10","1,789,387.25","1,895,000.00","1,895,000.00","93.21","Canada","-","CAD","3.77","1.00","Jun 4, 2027","3.06","CAD","Jun 4, 2020"
"TCN","TELUS CORPORATION","Communication","Fixed Income","1,787,455.03","0.10","1,787,455.03","1,763,000.00","1,763,000.00","100.97","Canada","-","CAD","7.76","1.00","Mar 28, 2033","4.95","CAD","Mar 28, 2023"
"CNRCN","CANADIAN NATIONAL RAILWAY COMPANY","Industrial","Fixed Income","1,787,201.24","0.10","1,787,201.24","1,934,000.00","1,934,000.00","92.01","Canada","-","CAD","14.37","1.00","Sep 22, 2045","3.95","CAD","Sep 22, 2015"
"ACICN","ALTAGAS CANADA INC MTN","Energy","Fixed Income","1,786,345.36","0.10","1,786,345.36","1,787,000.00","1,787,000.00","98.28","Canada","-","CAD","4.80","1.00","Dec 5, 2028","4.26","CAD","Dec 5, 2018"
"ETRHWY","407 INTERNATIONAL INC MTN","Infrastructure","Fixed Income","1,786,105.97","0.10","1,786,105.97","2,397,000.00","2,397,000.00","74.11","Canada","-","CAD","17.14","1.00","Mar 7, 2050","2.84","CAD","Mar 6, 2020"
"HNDA","HONDA CANADA FINANCE INC","Financial","Fixed Income","1,784,881.19","0.10","1,784,881.19","1,800,000.00","1,800,000.00","97.69","Canada","-","CAD","1.95","1.00","May 23, 2025","3.44","CAD","May 23, 2018"
"MRUCN","METRO INC MTN","Industrial","Fixed Income","1,782,609.06","0.10","1,782,609.06","1,628,000.00","1,628,000.00","109.28","Canada","-","CAD","9.00","1.00","Oct 15, 2035","5.97","CAD","Oct 12, 2005"
"CIXCN","CI FINANCIAL CORP","Financial","Fixed Income","1,779,958.47","0.10","1,779,958.47","1,822,000.00","1,822,000.00","96.12","Canada","-","CAD","1.95","1.00","May 26, 2025","3.76","CAD","May 26, 2020"
"GWOCN","GREAT-WEST LIFECO INC","Financial","Fixed Income","1,778,422.15","0.10","1,778,422.15","1,991,000.00","1,991,000.00","88.25","Canada","-","CAD","6.32","1.00","May 14, 2030","2.38","CAD","May 14, 2020"
"TOYOTA","TOYOTA CREDIT CANADA INC MTN","Financial","Fixed Income","1,769,748.82","0.10","1,769,748.82","1,842,000.00","1,842,000.00","95.72","Canada","-","CAD","1.77","1.00","Feb 26, 2025","2.11","CAD","Feb 26, 2020"
"HYNMTR","HYUNDAI CAPITAL CANADA INC","Financial","Fixed Income","1,767,871.54","0.10","1,767,871.54","1,909,000.00","1,909,000.00","91.69","Canada","-","CAD","2.88","1.00","May 12, 2026","2.01","CAD","May 12, 2021"
"ALTALK","ALTALINK LP MTN","Infrastructure","Fixed Income","1,765,829.51","0.10","1,765,829.51","1,942,000.00","1,942,000.00","89.44","Canada","-","CAD","14.89","1.00","Dec 3, 2046","3.72","CAD","Dec 1, 2016"
"SUCN","SUNCOR ENERGY INC MTN","Energy","Fixed Income","1,764,877.28","0.10","1,764,877.28","2,199,000.00","2,199,000.00","79.66","Canada","-","CAD","15.41","1.00","Mar 4, 2051","3.95","CAD","Mar 4, 2021"
"ONTPOW","ONTARIO POWER GENERATION INC MTN","Energy","Fixed Income","1,763,731.96","0.10","1,763,731.96","1,821,000.00","1,821,000.00","96.64","Canada","-","CAD","4.02","1.00","Oct 4, 2027","3.31","CAD","Oct 2, 2017"
"FFHCN","FAIRFAX FINANCIAL HOLDINGS LTD MTN","Financial","Fixed Income","1,754,746.68","0.10","1,754,746.68","1,751,000.00","1,751,000.00","98.50","Canada","-","CAD","3.12","1.00","Dec 16, 2026","4.70","CAD","Dec 16, 2016"
"HNDA","HONDA CANADA FINANCE INC","Financial","Fixed Income","1,754,739.60","0.10","1,754,739.60","1,984,000.00","1,984,000.00","88.16","Canada","-","CAD","4.57","1.00","Feb 25, 2028","1.65","CAD","Feb 25, 2021"
"CAAIAU","CALGARY AIRPORT AUTHORITY","Infrastructure","Fixed Income","1,752,004.11","0.10","1,752,004.11","2,030,000.00","2,030,000.00","86.11","Canada","-","CAD","13.11","1.00","Oct 7, 2041","3.45","CAD","Oct 7, 2021"
"HNDA","HONDA CANADA FINANCE INC","Financial","Fixed Income","1,750,532.03","0.10","1,750,532.03","1,717,000.00","1,717,000.00","101.47","Canada","-","CAD","3.95","1.00","Sep 23, 2027","4.87","CAD","Mar 23, 2023"
"RCICN","ROGERS COMMUNICATIONS INC. MTN","Communication","Fixed Income","1,749,974.56","0.10","1,749,974.56","1,568,000.00","1,568,000.00","110.94","Canada","-","CAD","10.82","1.00","Mar 22, 2041","6.56","CAD","Mar 21, 2011"
"TRPCN","TRANSCANADA PIPELINES LIMITED MTN","Energy","Fixed Income","1,745,992.17","0.10","1,745,992.17","1,356,000.00","1,356,000.00","127.22","Canada","-","CAD","9.73","1.00","Feb 17, 2039","8.05","CAD","Feb 17, 2009"
"BIP","BROOKFIELD INFRASTRUCTURE FINANCE MTN","Infrastructure","Fixed Income","1,744,773.98","0.10","1,744,773.98","1,650,000.00","1,650,000.00","103.21","Canada","-","CAD","3.87","1.00","Nov 14, 2027","5.62","CAD","Nov 14, 2022"
"ENBPIP","ENBRIDGE PIPELINES INC MTN","Energy","Fixed Income","1,735,345.05","0.10","1,735,345.05","1,931,000.00","1,931,000.00","89.49","Canada","-","CAD","13.48","1.00","Sep 29, 2045","4.55","CAD","Sep 29, 2015"
"CPXCN","CAPITAL POWER CORP MTN","Energy","Fixed Income","1,730,265.02","0.10","1,730,265.02","1,746,000.00","1,746,000.00","98.62","Canada","-","CAD","1.31","1.00","Sep 18, 2024","4.28","CAD","Sep 18, 2017"
"SYY","SYSCO CANADA INC RegS","Industrial","Fixed Income","1,730,349.59","0.10","1,730,349.59","1,765,000.00","1,765,000.00","98.01","Canada","-","CAD","1.89","1.00","Apr 25, 2025","3.65","CAD","Sep 25, 2018"
"BRUPOW","BRUCE POWER LP","Energy","Fixed Income","1,729,238.89","0.10","1,729,238.89","1,731,000.00","1,731,000.00","98.53","Canada","-","CAD","2.74","1.00","Jun 23, 2026","3.97","CAD","Jun 23, 2016"
"SE","WESTCOAST ENERGY INC MTN","Energy","Fixed Income","1,728,110.08","0.10","1,728,110.08","1,742,000.00","1,742,000.00","97.75","Canada","-","CAD","2.35","1.00","Dec 8, 2025","3.77","CAD","Dec 8, 2015"
"FTSCN","FORTIS INC","Infrastructure","Fixed Income","1,725,342.50","0.10","1,725,342.50","1,878,000.00","1,878,000.00","90.89","Canada","-","CAD","4.68","1.00","May 15, 2028","2.18","CAD","May 14, 2021"
"SSLFIN","SSL FINANCE INC","Infrastructure","Fixed Income","1,724,605.18","0.10","1,724,605.18","1,822,214.00","1,822,214.00","92.63","Canada","-","CAD","8.93","1.00","Oct 31, 2045","4.10","CAD","Jun 19, 2015"
"TCN","TELUS CORPORATION","Communication","Fixed Income","1,722,128.98","0.10","1,722,128.98","1,829,000.00","1,829,000.00","92.84","Canada","-","CAD","13.01","1.00","Jan 17, 2045","4.75","CAD","Sep 15, 2014"
"BCECN","BELL CANADA MTN","Communication","Fixed Income","1,719,026.24","0.10","1,719,026.24","1,884,000.00","1,884,000.00","90.51","Canada","-","CAD","14.06","1.00","Feb 27, 2047","4.45","CAD","Feb 27, 2017"
"MFCCN","MANULIFE BANK OF CANADA","Financial","Fixed Income","1,718,111.89","0.10","1,718,111.89","1,766,000.00","1,766,000.00","96.25","Canada","-","CAD","1.50","1.00","Nov 19, 2024","2.38","CAD","Nov 19, 2019"
"ETRHWY","407 INTERNATIONAL INC. MTN","Infrastructure","Fixed Income","1,717,672.77","0.10","1,717,672.77","1,574,000.00","1,574,000.00","107.98","Canada","-","CAD","9.16","1.00","Feb 14, 2036","5.75","CAD","Feb 14, 2006"
"CUCN","CU INC","Energy","Fixed Income","1,715,383.58","0.10","1,715,383.58","1,716,000.00","1,716,000.00","99.91","Canada","-","CAD","12.50","1.00","Oct 24, 2041","4.54","CAD","Oct 24, 2011"
"ETRHWY","407 INTERNATIONAL INC MTN","Infrastructure","Fixed Income","1,713,384.87","0.10","1,713,384.87","1,907,000.00","1,907,000.00","88.75","Canada","-","CAD","7.87","1.00","May 25, 2032","2.59","CAD","May 22, 2020"
"GM","GENERAL MOTORS FINANCIAL OF CANADA","Financial","Fixed Income","1,712,765.36","0.10","1,712,765.36","1,882,000.00","1,882,000.00","90.95","Canada","-","CAD","2.85","1.00","Apr 15, 2026","1.75","CAD","Jan 15, 2021"
"ARXCN","ARC RESOURCES LTD","Energy","Fixed Income","1,710,696.36","0.10","1,710,696.36","1,885,000.00","1,885,000.00","90.29","Canada","-","CAD","6.77","1.00","Mar 10, 2031","3.46","CAD","Mar 10, 2021"
"NWRWPT","NORTH WEST REDWATER PARTNERSHIP","Energy","Fixed Income","1,705,329.18","0.10","1,705,329.18","1,781,000.00","1,781,000.00","94.46","Canada","-","CAD","11.03","1.00","Jan 10, 2039","4.35","CAD","Jun 10, 2016"
"KEYCN","KEYERA CORP","Energy","Fixed Income","1,703,434.88","0.10","1,703,434.88","1,740,000.00","1,740,000.00","96.52","Canada","-","CAD","4.53","1.00","Jun 21, 2028","3.93","CAD","Jun 19, 2018"
"SUCN","SUNCOR ENERGY INC MTN","Energy","Fixed Income","1,702,749.67","0.10","1,702,749.67","1,959,000.00","1,959,000.00","86.37","Canada","-","CAD","13.89","1.00","Sep 13, 2046","4.34","CAD","Sep 13, 2016"
"NWRWPT","NORTH WEST REDWATER PARTNERSHIP RegS","Energy","Fixed Income","1,702,393.41","0.10","1,702,393.41","1,736,000.00","1,736,000.00","96.38","Canada","-","CAD","8.00","1.00","Jun 1, 2033","4.15","CAD","Jun 10, 2016"
"GM","GENERAL MOTORS FINANCIAL OF CANADA","Financial","Fixed Income","1,700,699.78","0.10","1,700,699.78","1,809,000.00","1,809,000.00","93.31","United States","-","CAD","3.51","1.00","Feb 8, 2027","3.15","CAD","Feb 8, 2022"
"PPLCN","PEMBINA PIPELINE CORP MTN","Energy","Fixed Income","1,699,306.69","0.10","1,699,306.69","1,835,000.00","1,835,000.00","91.83","Canada","-","CAD","5.95","1.00","Feb 1, 2030","3.31","CAD","Sep 12, 2019"
"ALACN","ALTAGAS LTD MTN","Energy","Fixed Income","1,697,949.21","0.10","1,697,949.21","1,778,000.00","1,778,000.00","94.68","Canada","-","CAD","2.03","1.00","Jun 10, 2025","2.16","CAD","Jun 10, 2020"
"BRUPOW","BRUCE POWER LP","Energy","Fixed Income","1,696,098.97","0.10","1,696,098.97","1,837,000.00","1,837,000.00","91.39","Canada","-","CAD","5.14","1.00","Dec 21, 2028","2.68","CAD","Nov 22, 2021"
"VW","VW CREDIT CANADA INC RegS","Financial","Fixed Income","1,694,657.40","0.10","1,694,657.40","1,815,000.00","1,815,000.00","92.44","Germany","-","CAD","3.39","1.00","Dec 10, 2026","2.45","CAD","Dec 10, 2021"
"ALACN","ALTAGAS LTD","Energy","Fixed Income","1,692,151.37","0.10","1,692,151.37","1,896,000.00","1,896,000.00","88.40","Canada","-","CAD","4.73","1.00","May 30, 2028","2.08","CAD","Nov 30, 2020"
"BCECN","BELL CANADA MTN RegS","Communication","Fixed Income","1,690,620.28","0.10","1,690,620.28","1,660,000.00","1,660,000.00","100.74","Canada","-","CAD","15.16","1.00","Feb 9, 2053","5.15","CAD","Feb 9, 2023"
"BCIMCR","BCIMC REALTY CORP","Real Estate","Fixed Income","1,689,700.54","0.10","1,689,700.54","1,773,000.00","1,773,000.00","95.07","Canada","-","CAD","3.65","1.00","Mar 31, 2027","3.00","CAD","Mar 31, 2017"
"ETRHWY","407 INTERNATIONAL INC. MTN","Infrastructure","Fixed Income","1,681,853.60","0.10","1,681,853.60","1,915,000.00","1,915,000.00","86.27","Canada","-","CAD","15.08","1.00","May 21, 2047","3.60","CAD","May 19, 2016"
"GM","GENERAL MOTORS FINANCIAL OF CANADA","Financial","Fixed Income","1,675,427.17","0.10","1,675,427.17","1,654,000.00","1,654,000.00","100.18","United States","-","CAD","4.15","1.00","Feb 9, 2028","5.20","CAD","Feb 9, 2023"
"HYDONE","HYDRO ONE INC MTN","Infrastructure","Fixed Income","1,673,619.19","0.10","1,673,619.19","1,728,000.00","1,728,000.00","96.37","Canada","-","CAD","2.67","1.00","Feb 24, 2026","2.77","CAD","Feb 24, 2016"
"GTAAIR","GREATER TORONTO AIRPORTS AUTHORITY","Infrastructure","Fixed Income","1,672,668.13","0.10","1,672,668.13","1,851,000.00","1,851,000.00","89.62","Canada","-","CAD","4.73","1.00","May 3, 2028","1.54","CAD","Nov 3, 2020"
"CWBCN","CANADIAN WESTERN BANK","Financial","Fixed Income","1,672,373.16","0.10","1,672,373.16","1,830,000.00","1,830,000.00","91.32","Canada","-","CAD","2.85","1.00","Apr 16, 2026","1.93","CAD","Apr 16, 2021"
"AIREIN","AIMCO REALTY INVESTORS LP","Real Estate","Fixed Income","1,671,312.88","0.10","1,671,312.88","1,779,000.00","1,779,000.00","92.89","Canada","-","CAD","3.31","1.00","Nov 4, 2026","2.19","CAD","Nov 4, 2021"
"BCIMCR","BCI QUADREAL REALTY","Real Estate","Fixed Income","1,669,219.47","0.10","1,669,219.47","1,754,000.00","1,754,000.00","94.91","Canada","-","CAD","1.79","1.00","Mar 3, 2025","1.68","CAD","Jun 2, 2020"
"GLCRTR_22-1","GLCRTR_22-1 RegS","Securitized","Fixed Income","1,664,577.89","0.10","1,664,577.89","1,630,000.00","1,630,000.00","101.59","Canada","-","CAD","3.93","1.00","Sep 20, 2027","4.96","CAD","Sep 27, 2022"
"CCOCN","CAMECO CORPORATION","Industrial","Fixed Income","1,660,315.13","0.10","1,660,315.13","1,659,000.00","1,659,000.00","98.64","Canada","-","CAD","1.09","1.00","Jun 24, 2024","4.19","CAD","Jun 24, 2014"
"IFCCN","INTACT FINANCIAL CORP RegS","Financial","Fixed Income","1,660,087.30","0.10","1,660,087.30","1,738,000.00","1,738,000.00","94.41","Canada","-","CAD","3.80","1.00","Jun 7, 2027","2.85","CAD","Jun 7, 2017"
"BNCN","BROOKFIELD ASSET MANAGEMENT INC MTN","Industrial","Fixed Income","1,659,630.77","0.10","1,659,630.77","1,705,000.00","1,705,000.00","96.89","Canada","-","CAD","3.49","1.00","Mar 16, 2027","3.80","CAD","Sep 16, 2016"
"GEICN","GIBSON ENERGY INC MTN","Energy","Fixed Income","1,659,260.51","0.09","1,659,260.51","1,774,000.00","1,774,000.00","93.12","Canada","-","CAD","5.64","1.00","Sep 17, 2029","3.60","CAD","Sep 17, 2019"
"RCICN","ROGERS COMMUNICATIONS INC","Communication","Fixed Income","1,659,089.27","0.09","1,659,089.27","1,784,000.00","1,784,000.00","91.74","Canada","-","CAD","5.81","1.00","Dec 10, 2029","3.30","CAD","Apr 3, 2023"
"KEYCN","KEYERA CORP MTN","Energy","Fixed Income","1,649,965.41","0.09","1,649,965.41","1,713,000.00","1,713,000.00","94.69","Canada","-","CAD","6.02","1.00","May 29, 2030","3.96","CAD","May 29, 2020"
"MRUCN","METRO INC MTN","Industrial","Fixed Income","1,649,576.24","0.09","1,649,576.24","1,792,000.00","1,792,000.00","90.36","Canada","-","CAD","14.41","1.00","Dec 4, 2047","4.27","CAD","Dec 4, 2017"
"MBGGR","DAIMLER CANADA FINANCE INC","Financial","Fixed Income","1,648,542.32","0.09","1,648,542.32","1,760,000.00","1,760,000.00","93.50","Germany","-","CAD","2.32","1.00","Sep 22, 2025","1.65","CAD","Sep 22, 2020"
"ONTPOW","ONTARIO POWER GENERATION INC MTN","Energy","Fixed Income","1,647,935.24","0.09","1,647,935.24","1,564,000.00","1,564,000.00","104.03","Canada","-","CAD","7.28","1.00","Jul 19, 2032","4.92","CAD","Jul 18, 2022"
"BCFERR","BC FERRY SERVICES INC MTN","Infrastructure","Fixed Income","1,646,551.09","0.09","1,646,551.09","1,549,000.00","1,549,000.00","105.76","Canada","-","CAD","10.09","1.00","Mar 20, 2037","5.02","CAD","Mar 20, 2007"
"CUCN","CU INC MTN","Energy","Fixed Income","1,640,970.85","0.09","1,640,970.85","2,072,000.00","2,072,000.00","78.73","Canada","-","CAD","17.20","1.00","Sep 5, 2051","3.17","CAD","Sep 3, 2021"
"BAMREP","BROOKFIELD RENEWABLE PARTNERS ULC","Energy","Fixed Income","1,637,881.96","0.09","1,637,881.96","1,648,000.00","1,648,000.00","98.19","Canada","-","CAD","4.92","1.00","Jan 15, 2029","4.25","CAD","Sep 20, 2018"
"EDISNH","ELLISDON INFRASTRUCTURE SNH GP","Infrastructure","Fixed Income","1,637,683.71","0.09","1,637,683.71","1,500,000.00","1,500,000.00","108.35","Canada","-","CAD","15.27","1.00","Aug 31, 2057","5.15","CAD","Feb 21, 2023"
"TCN","TELUS CORPORATION MTN","Communication","Fixed Income","1,631,800.47","0.09","1,631,800.47","1,829,000.00","1,829,000.00","88.89","Canada","-","CAD","12.76","1.00","Apr 1, 2043","4.40","CAD","Apr 1, 2013"
"PPLCN","PEMBINA PIPELINE CORP MTN","Energy","Fixed Income","1,631,258.51","0.09","1,631,258.51","1,756,000.00","1,756,000.00","90.55","Canada","-","CAD","12.20","1.00","Apr 30, 2043","4.75","CAD","Apr 30, 2013"
"IPLCN","INTER PIPELINE LTD MTN","Energy","Fixed Income","1,630,038.81","0.09","1,630,038.81","1,888,000.00","1,888,000.00","84.44","Canada","-","CAD","12.46","1.00","May 30, 2044","4.64","CAD","May 30, 2014"
"HNDA","HONDA CANADA FINANCE INC","Financial","Fixed Income","1,629,233.65","0.09","1,629,233.65","1,779,000.00","1,779,000.00","91.43","Canada","-","CAD","2.79","1.00","Mar 17, 2026","1.34","CAD","Sep 17, 2020"
"OMERS","OMERS REALTY CORP RegS","Real Estate","Fixed Income","1,629,153.12","0.09","1,629,153.12","1,600,000.00","1,600,000.00","101.20","Canada","-","CAD","5.09","1.00","Apr 9, 2029","4.54","CAD","Mar 9, 2023"
"HYDONE","HYDRO ONE INC MTN","Infrastructure","Fixed Income","1,625,245.01","0.09","1,625,245.01","1,601,000.00","1,601,000.00","101.28","Canada","-","CAD","13.18","1.00","Oct 9, 2043","4.59","CAD","Oct 9, 2013"
"BAMREP","BROOKFIELD RENEWABLE PARTNERS ULC MTN RegS","Energy","Fixed Income","1,623,532.69","0.09","1,623,532.69","1,575,000.00","1,575,000.00","102.65","Canada","-","CAD","8.03","1.00","Oct 28, 2033","5.29","CAD","Mar 29, 2023"
"REIUCN","RIOCAN REAL ESTATE INVESTMENT TRUS","Real Estate","Fixed Income","1,623,516.81","0.09","1,623,516.81","1,779,000.00","1,779,000.00","90.54","Canada","-","CAD","2.98","1.00","Jun 15, 2026","1.97","CAD","Dec 14, 2020"
"IGMCN","IGM FINANCIAL INC","Financial","Fixed Income","1,622,039.88","0.09","1,622,039.88","1,679,000.00","1,679,000.00","95.74","Canada","-","CAD","3.44","1.00","Jan 26, 2027","3.44","CAD","Jan 26, 2017"
"ONTPOW","ONTARIO POWER GENERATION INC MTN","Energy","Fixed Income","1,621,956.35","0.09","1,621,956.35","1,718,000.00","1,718,000.00","93.25","Canada","-","CAD","15.04","1.00","Jan 18, 2049","4.25","CAD","Jan 18, 2019"
"TCN","TELUS CORPORATION","Communication","Fixed Income","1,621,163.40","0.09","1,621,163.40","1,620,000.00","1,620,000.00","97.91","Canada","-","CAD","12.29","1.00","Nov 26, 2043","5.15","CAD","Nov 26, 2013"
"NISCAN","NISSAN CANADA INC","Industrial","Fixed Income","1,620,472.77","0.09","1,620,472.77","1,770,000.00","1,770,000.00","91.34","Canada","-","CAD","2.31","1.00","Sep 22, 2025","2.10","CAD","Sep 22, 2021"
"NAVCAN","NAV CANADA","Infrastructure","Fixed Income","1,618,633.25","0.09","1,618,633.25","2,100,000.00","2,100,000.00","76.84","Canada","-","CAD","17.75","1.00","Sep 29, 2051","2.92","CAD","May 29, 2020"
"MFCCN","MANULIFE BANK OF CANADA","Financial","Fixed Income","1,617,291.78","0.09","1,617,291.78","1,721,000.00","1,721,000.00","93.46","Canada","-","CAD","2.08","1.00","Jun 25, 2025","1.50","CAD","Jun 25, 2020"
"GTAAIR","GREATER TORONTO AIRPORTS AUTHORITY","Infrastructure","Fixed Income","1,616,645.63","0.09","1,616,645.63","1,715,000.00","1,715,000.00","94.08","Canada","-","CAD","5.41","1.00","Apr 3, 2029","2.73","CAD","Apr 3, 2019"
"RCICN","ROGERS COMMUNICATIONS INC","Communication","Fixed Income","1,616,101.39","0.09","1,616,101.39","1,608,000.00","1,608,000.00","98.37","Canada","-","CAD","4.70","1.00","Nov 2, 2028","4.40","CAD","Apr 3, 2023"
"CHPUCN","CHOICE PROPERTIES REAL ESTATE INVE","Real Estate","Fixed Income","1,606,642.91","0.09","1,606,642.91","1,709,000.00","1,709,000.00","92.78","Canada","-","CAD","3.75","1.00","May 21, 2027","2.85","CAD","May 21, 2020"
"WSPCN","WSP GLOBAL INC","Industrial","Fixed Income","1,606,152.74","0.09","1,606,152.74","1,771,000.00","1,771,000.00","90.63","Canada","-","CAD","4.64","1.00","Apr 19, 2028","2.41","CAD","Apr 19, 2021"
"ENBCN","ENBRIDGE INC MTN","Energy","Fixed Income","1,605,159.73","0.09","1,605,159.73","1,496,000.00","1,496,000.00","104.64","Canada","-","CAD","3.85","1.00","Nov 9, 2027","5.70","CAD","Nov 9, 2022"
"HNDA","HONDA CANADA FINANCE INC","Financial","Fixed Income","1,604,940.16","0.09","1,604,940.16","1,630,000.00","1,630,000.00","97.47","Canada","-","CAD","1.06","1.00","Jun 4, 2024","2.50","CAD","Jun 4, 2019"
"GTAAIR","GREATER TORONTO AIRPORTS AUTHORITY","Infrastructure","Fixed Income","1,602,932.18","0.09","1,602,932.18","1,800,000.00","1,800,000.00","87.73","Canada","-","CAD","10.86","1.00","Jun 1, 2037","3.26","CAD","Mar 29, 2018"
"PPLCN","PEMBINA PIPELINE CORP","Energy","Fixed Income","1,601,638.05","0.09","1,601,638.05","1,849,000.00","1,849,000.00","84.91","Canada","-","CAD","14.79","1.00","Dec 10, 2051","4.49","CAD","Dec 10, 2021"
"TCN","TELUS CORPORATION MTN","Communication","Fixed Income","1,600,635.98","0.09","1,600,635.98","1,794,000.00","1,794,000.00","88.15","Canada","-","CAD","13.61","1.00","Jan 29, 2046","4.40","CAD","Mar 27, 2015"
"ENBCN","ENBRIDGE INC MTN","Energy","Fixed Income","1,598,587.47","0.09","1,598,587.47","1,850,000.00","1,850,000.00","85.71","Canada","-","CAD","12.54","1.00","Aug 27, 2042","4.24","CAD","Aug 27, 2012"
"CTLONE","CENTRAL 1 CREDIT UNION MTN","Financial","Fixed Income","1,594,981.33","0.09","1,594,981.33","1,615,000.00","1,615,000.00","97.74","Canada","-","CAD","4.21","1.00","Feb 7, 2028","4.65","CAD","Feb 7, 2023"
"ENBPIP","ENBRIDGE PIPELINES INC MTN","Energy","Fixed Income","1,594,188.54","0.09","1,594,188.54","1,653,000.00","1,653,000.00","95.81","Canada","-","CAD","3.06","1.00","Aug 10, 2026","3.00","CAD","Aug 9, 2016"
"TERANE","TERANET HOLDINGS LP","Industrial","Fixed Income","1,594,227.88","0.09","1,594,227.88","1,696,000.00","1,696,000.00","93.35","Canada","-","CAD","5.16","1.00","Feb 23, 2029","3.72","CAD","Feb 23, 2022"
"ETRHWY","407 INTERNATIONAL INC MTN","Infrastructure","Fixed Income","1,588,841.58","0.09","1,588,841.58","1,771,000.00","1,771,000.00","88.00","Canada","-","CAD","15.30","1.00","May 11, 2048","3.72","CAD","May 9, 2018"
"BIP","BROOKFIELD INFRASTRUCTURE FINANCE","Infrastructure","Fixed Income","1,582,102.37","0.09","1,582,102.37","1,616,000.00","1,616,000.00","97.35","Canada","-","CAD","4.71","1.00","Sep 11, 2028","4.19","CAD","Sep 10, 2018"
"GWOCN","GREAT-WEST LIFECO INC","Financial","Fixed Income","1,578,246.91","0.09","1,578,246.91","2,107,000.00","2,107,000.00","74.01","Canada","-","CAD","16.81","1.00","Jul 8, 2050","2.98","CAD","Jul 8, 2020"
"SLFCN","SUN LIFE FINANCIAL INC","Financial","Fixed Income","1,574,562.84","0.09","1,574,562.84","1,689,000.00","1,689,000.00","92.13","Canada","-","CAD","3.28","1.00","Nov 18, 2031","2.46","CAD","Nov 18, 2021"
"HRUCN","H&R REAL ESTATE INVESTMENT TRUST","Real Estate","Fixed Income","1,573,127.95","0.09","1,573,127.95","1,598,000.00","1,598,000.00","96.96","Canada","-","CAD","1.99","1.00","Jun 16, 2025","4.07","CAD","Jun 15, 2020"
"LBCN","LAURENTIAN BANK OF CANADA","Financial","Fixed Income","1,572,448.30","0.09","1,572,448.30","1,667,000.00","1,667,000.00","94.10","Canada","-","CAD","1.82","1.00","Mar 17, 2025","1.95","CAD","Dec 21, 2021"
"BIP","BROOKFIELD INFRASTRUCTURE FINANCE","Infrastructure","Fixed Income","1,568,653.57","0.09","1,568,653.57","1,540,000.00","1,540,000.00","101.82","Canada","-","CAD","8.28","1.00","Apr 25, 2034","5.44","CAD","Apr 25, 2022"
"RCICN","ROGERS COMMUNICATIONS INC","Communication","Fixed Income","1,567,933.68","0.09","1,567,933.68","1,771,000.00","1,771,000.00","87.42","Canada","-","CAD","6.65","1.00","Dec 9, 2030","2.90","CAD","Apr 3, 2023"
"ETRHWY","407 INTERNATIONAL INC. MTN","Infrastructure","Fixed Income","1,566,801.15","0.09","1,566,801.15","1,710,000.00","1,710,000.00","89.86","Canada","-","CAD","14.48","1.00","May 11, 2046","3.83","CAD","May 11, 2015"
"TOYOTA","TOYOTA CREDIT CANADA INC MTN RegS","Financial","Fixed Income","1,566,205.86","0.09","1,566,205.86","1,548,000.00","1,548,000.00","100.03","Canada","-","CAD","2.55","1.00","Jan 26, 2026","4.45","CAD","Jan 24, 2023"
"MRUCN","METRO INC MTN","Industrial","Fixed Income","1,562,373.09","0.09","1,562,373.09","1,600,000.00","1,600,000.00","96.32","Canada","-","CAD","4.13","1.00","Dec 6, 2027","3.39","CAD","Dec 4, 2017"
"BRUPOW","BRUCE POWER LP RegS","Energy","Fixed Income","1,560,040.10","0.09","1,560,040.10","1,525,000.00","1,525,000.00","101.81","Canada","-","CAD","7.24","1.00","Dec 21, 2032","4.99","CAD","Mar 23, 2023"
"GWOCN","GREAT-WEST LIFECO INC","Financial","Fixed Income","1,554,971.00","0.09","1,554,971.00","1,345,000.00","1,345,000.00","112.93","Canada","-","CAD","10.68","1.00","Nov 16, 2039","6.00","CAD","Nov 16, 2009"
"CWBCN","CANADIAN WESTERN BANK","Financial","Fixed Income","1,552,526.85","0.09","1,552,526.85","1,775,000.00","1,775,000.00","86.80","Canada","-","CAD","4.35","1.00","Dec 16, 2027","1.82","CAD","Dec 16, 2020"
"BRUPOW","BRUCE POWER LP","Energy","Fixed Income","1,551,478.60","0.09","1,551,478.60","1,566,000.00","1,566,000.00","97.67","Canada","-","CAD","5.27","1.00","Jun 21, 2029","4.01","CAD","Feb 14, 2017"
"VW","VW CREDIT CANADA INC RegS","Financial","Fixed Income","1,547,925.94","0.09","1,547,925.94","1,670,000.00","1,670,000.00","92.54","Germany","-","CAD","2.33","1.00","Sep 23, 2025","1.50","CAD","Sep 23, 2020"
"HYNMTR","HYUNDAI CAPITAL CANADA INC","Financial","Fixed Income","1,537,927.70","0.09","1,537,927.70","1,626,000.00","1,626,000.00","93.96","Canada","-","CAD","3.53","1.00","Feb 16, 2027","3.20","CAD","Feb 15, 2022"
"VANAIR","VANCOUVER AIRPORT AUTHORITY","Infrastructure","Fixed Income","1,534,148.86","0.09","1,534,148.86","1,774,000.00","1,774,000.00","86.29","Canada","-","CAD","6.82","1.00","Sep 20, 2030","1.76","CAD","Sep 21, 2020"
"GRTCN","GRANITE REIT HOLDINGS LP","Real Estate","Fixed Income","1,532,907.74","0.09","1,532,907.74","1,826,000.00","1,826,000.00","83.10","Canada","-","CAD","6.80","1.00","Dec 18, 2030","2.38","CAD","Dec 18, 2020"
"GTAAIR","GREATER TORONTO AIRPORTS AUTH 144A","Infrastructure","Fixed Income","1,532,727.72","0.09","1,532,727.72","1,374,000.00","1,374,000.00","108.97","Canada","-","CAD","3.93","1.00","Dec 3, 2027","6.45","CAD","Dec 2, 1997"
"ETRHWY","407 INTERNATIONAL INC MTN","Infrastructure","Fixed Income","1,530,649.87","0.09","1,530,649.87","1,746,000.00","1,746,000.00","87.15","Canada","-","CAD","15.84","1.00","Mar 8, 2049","3.67","CAD","Mar 6, 2019"
"SE","WESTCOAST ENERGY INC. MTN","Energy","Fixed Income","1,524,969.79","0.09","1,524,969.79","1,549,000.00","1,549,000.00","98.01","Canada","-","CAD","1.32","1.00","Sep 12, 2024","3.43","CAD","Sep 12, 2014"
"LCN","LOBLAW COMPANIES LTD","Industrial","Fixed Income","1,522,478.75","0.09","1,522,478.75","1,460,000.00","1,460,000.00","103.65","Canada","-","CAD","7.41","1.00","Sep 13, 2032","5.01","CAD","Sep 13, 2022"
"SAPCN","SAPUTO INC MTN","Industrial","Fixed Income","1,520,338.47","0.09","1,520,338.47","1,545,000.00","1,545,000.00","97.14","Canada","-","CAD","1.49","1.00","Nov 19, 2024","2.88","CAD","Nov 19, 2019"
"CUCN","CU INC MTN","Energy","Fixed Income","1,519,901.78","0.09","1,519,901.78","1,673,000.00","1,673,000.00","90.34","Canada","-","CAD","13.27","1.00","Sep 10, 2042","3.81","CAD","Sep 10, 2012"
"BIP","BROOKFIELD INFRASTRUCTURE FINANCE MTN","Infrastructure","Fixed Income","1,519,504.69","0.09","1,519,504.69","1,805,000.00","1,805,000.00","83.73","Canada","-","CAD","8.00","1.00","Sep 1, 2032","2.86","CAD","Sep 1, 2020"
"VTR","VENTAS CANADA FINANCE LTD","Real Estate","Fixed Income","1,514,786.65","0.09","1,514,786.65","1,651,000.00","1,651,000.00","90.98","United States","-","CAD","3.46","1.00","Jan 4, 2027","2.45","CAD","Dec 1, 2021"
"HYDONE","HYDRO ONE INC.","Infrastructure","Fixed Income","1,511,277.31","0.09","1,511,277.31","1,243,000.00","1,243,000.00","118.64","Canada","-","CAD","5.59","1.00","Jun 3, 2030","7.35","CAD","Jun 1, 2000"
"PLEBCA","PLENARY HEALTH BRIDGEPOINT LP","Infrastructure","Fixed Income","1,510,512.35","0.09","1,510,512.35","1,229,962.00","1,229,962.00","121.64","Canada","-","CAD","8.26","1.00","Aug 31, 2042","7.25","CAD","Aug 11, 2009"
"GIBACN","CGI INC","Industrial","Fixed Income","1,507,623.55","0.09","1,507,623.55","1,689,000.00","1,689,000.00","89.03","Canada","-","CAD","5.02","1.00","Sep 18, 2028","2.10","CAD","Sep 16, 2021"
"ARXCN","ARC RESOURCES LTD","Energy","Fixed Income","1,506,582.43","0.09","1,506,582.43","1,607,000.00","1,607,000.00","93.44","Canada","-","CAD","2.73","1.00","Mar 10, 2026","2.35","CAD","Mar 10, 2021"
"DOLCN","DOLLARAMA INC","Industrial","Fixed Income","1,504,254.13","0.09","1,504,254.13","1,450,000.00","1,450,000.00","103.71","Canada","-","CAD","5.81","1.00","Apr 26, 2030","5.17","CAD","Oct 26, 2022"
"ONTPOW","ONTARIO POWER GENERATION INC","Energy","Fixed Income","1,503,158.56","0.09","1,503,158.56","1,697,000.00","1,697,000.00","87.24","Canada","-","CAD","15.16","1.00","Jun 22, 2048","3.84","CAD","Jun 22, 2018"
"CCACN","COGECO COMMUNICATIONS INC","Communication","Fixed Income","1,500,689.75","0.09","1,500,689.75","1,720,000.00","1,720,000.00","86.95","Canada","-","CAD","7.29","1.00","Sep 22, 2031","2.99","CAD","Sep 20, 2021"
"NWRWPT","NORTH WEST REDWATER PARTNERSHIP RegS","Energy","Fixed Income","1,498,476.73","0.09","1,498,476.73","1,745,000.00","1,745,000.00","85.22","Canada","-","CAD","13.35","1.00","Feb 23, 2043","3.70","CAD","Feb 23, 2015"
"HNDA","HONDA CANADA FINANCE INC","Financial","Fixed Income","1,497,944.05","0.09","1,497,944.05","1,637,000.00","1,637,000.00","91.36","Canada","-","CAD","3.27","1.00","Sep 28, 2026","1.71","CAD","Sep 28, 2021"
"RLNCE","RELIANCE LP","Industrial","Fixed Income","1,495,504.68","0.09","1,495,504.68","1,541,000.00","1,541,000.00","96.60","Canada","-","CAD","2.69","1.00","Mar 15, 2026","3.75","CAD","Apr 8, 2019"
"CM","CANADIAN IMPERIAL BANK OF COMMERCE","Financial","Fixed Income","1,492,886.62","0.09","1,492,886.62","1,475,000.00","1,475,000.00","101.10","Canada","-","CAD","4.38","1.00","Apr 20, 2033","5.35","CAD","Apr 20, 2023"
"NSIUCN","NOVA SCOTIA POWER INC RegS","Infrastructure","Fixed Income","1,492,186.98","0.09","1,492,186.98","1,456,000.00","1,456,000.00","102.01","Canada","-","CAD","7.54","1.00","Nov 15, 2032","4.95","CAD","Mar 24, 2023"
"GLCRTR_20-1-SR","GLCRTR_20-1 SR","Securitized","Fixed Income","1,487,575.51","0.09","1,487,575.51","1,605,000.00","1,605,000.00","92.54","Canada","-","CAD","2.32","1.00","Sep 22, 2025","1.39","CAD","Sep 25, 2020"
"ETRHWY","407 INTERNATIONAL INC MTN","Infrastructure","Fixed Income","1,485,216.57","0.09","1,485,216.57","1,683,000.00","1,683,000.00","87.74","Canada","-","CAD","14.18","1.00","Sep 8, 2044","3.65","CAD","Sep 8, 2017"
"LOWMAT","LOWER MATTAGAMI ENERGY LP","Infrastructure","Fixed Income","1,483,019.69","0.08","1,483,019.69","1,642,000.00","1,642,000.00","89.22","Canada","-","CAD","7.12","1.00","May 14, 2031","2.43","CAD","May 14, 2021"
"ENBGAS","ENBRIDGE GAS INC MTN","Energy","Fixed Income","1,478,540.16","0.08","1,478,540.16","1,510,000.00","1,510,000.00","97.48","Canada","-","CAD","2.20","1.00","Sep 11, 2025","3.31","CAD","Sep 11, 2015"
"APUCN","ALLIED PROPERTIES REAL ESTATE INVE","Real Estate","Fixed Income","1,471,642.58","0.08","1,471,642.58","1,845,000.00","1,845,000.00","79.08","Canada","-","CAD","7.43","1.00","Feb 6, 2032","3.10","CAD","Aug 6, 2021"
"DE","JOHN DEERE FINANCIAL INC","Financial","Fixed Income","1,466,096.26","0.08","1,466,096.26","1,509,000.00","1,509,000.00","96.47","United States","-","CAD","1.65","1.00","Jan 14, 2025","2.41","CAD","Jan 14, 2020"
"SLFCN","SUN LIFE FINANCIAL INC","Financial","Fixed Income","1,465,227.52","0.08","1,465,227.52","1,419,000.00","1,419,000.00","101.04","Canada","-","CAD","9.71","1.00","May 29, 2042","5.40","CAD","May 29, 2007"
"GLCRTR_19-1-SR","GLCRTR_19-1 SR","Securitized","Fixed Income","1,459,685.25","0.08","1,459,685.25","1,490,000.00","1,490,000.00","97.07","Canada","-","CAD","1.07","1.00","Jun 6, 2024","2.28","CAD","Jun 12, 2019"
"ALTALK","ALTALINK LP MTN","Infrastructure","Fixed Income","1,459,237.69","0.08","1,459,237.69","1,368,000.00","1,368,000.00","106.10","Canada","-","CAD","13.05","1.00","Sep 17, 2043","4.92","CAD","Sep 17, 2013"
"TOYOTA","TOYOTA CREDIT CANADA INC MTN","Financial","Fixed Income","1,459,015.51","0.08","1,459,015.51","1,510,000.00","1,510,000.00","96.16","Canada","-","CAD","2.22","1.00","Aug 25, 2025","2.73","CAD","Feb 23, 2022"
"ENBGAS","ENBRIDGE GAS INC","Energy","Fixed Income","1,458,609.70","0.08","1,458,609.70","1,564,000.00","1,564,000.00","93.05","Canada","-","CAD","6.19","1.00","Apr 1, 2030","2.90","CAD","Apr 1, 2020"
"LBCN","LAURENTIAN BANK OF CANADA","Financial","Fixed Income","1,456,985.24","0.08","1,456,985.24","1,490,000.00","1,490,000.00","97.71","Canada","-","CAD","3.68","1.00","Apr 20, 2027","3.54","CAD","Apr 20, 2022"
"AERMON","MONTREAL AIRPORTS","Infrastructure","Fixed Income","1,455,978.47","0.08","1,455,978.47","1,877,000.00","1,877,000.00","77.51","Canada","-","CAD","17.05","1.00","Apr 21, 2050","3.03","CAD","Apr 21, 2020"
"CPXCN","CAPITAL POWER CORP MTN","Energy","Fixed Income","1,452,113.37","0.08","1,452,113.37","1,690,000.00","1,690,000.00","85.69","Canada","-","CAD","7.99","1.00","Oct 1, 2032","3.15","CAD","Oct 1, 2020"
"PPLCN","PEMBINA PIPELINE CORP","Energy","Fixed Income","1,451,876.80","0.08","1,451,876.80","1,581,000.00","1,581,000.00","90.49","Canada","-","CAD","7.23","1.00","Dec 10, 2031","3.53","CAD","Dec 10, 2021"
"PENSKE","PENSKE TRUCK LEASING CANADA INC","Industrial","Fixed Income","1,449,774.68","0.08","1,449,774.68","1,404,000.00","1,404,000.00","101.13","Canada","-","CAD","2.38","1.00","Dec 8, 2025","5.44","CAD","Dec 6, 2022"
"BRUPOW","BRUCE POWER LP RegS","Energy","Fixed Income","1,447,127.52","0.08","1,447,127.52","1,499,000.00","1,499,000.00","94.88","Canada","-","CAD","14.42","1.00","Jun 21, 2049","4.75","CAD","Mar 25, 2019"
"BCIMCR","QUADREAL PROPERTY GROUP LP","Real Estate","Fixed Income","1,444,491.75","0.08","1,444,491.75","1,580,000.00","1,580,000.00","91.18","Canada","-","CAD","2.69","1.00","Feb 4, 2026","1.07","CAD","Feb 4, 2021"
"ETRHWY","407 INTERNATIONAL INC MTN","Infrastructure","Fixed Income","1,442,643.00","0.08","1,442,643.00","1,430,000.00","1,430,000.00","100.04","Canada","-","CAD","4.30","1.00","Feb 14, 2028","4.22","CAD","Sep 7, 2022"
"BCECN","BELL CANADA MTN RegS","Communication","Fixed Income","1,441,841.27","0.08","1,441,841.27","1,588,000.00","1,588,000.00","89.23","Canada","-","CAD","13.62","1.00","Dec 18, 2045","4.35","CAD","Mar 30, 2015"
"HYDONE","HYDRO ONE INC. MTN","Infrastructure","Fixed Income","1,440,187.76","0.08","1,440,187.76","1,224,000.00","1,224,000.00","116.15","Canada","-","CAD","7.98","1.00","Jan 31, 2034","6.35","CAD","Jan 31, 2003"
"FFHCN","FAIRFAX FINANCIAL HOLDINGS LTD","Financial","Fixed Income","1,439,811.79","0.08","1,439,811.79","1,489,000.00","1,489,000.00","95.13","Canada","-","CAD","5.26","1.00","Jun 14, 2029","4.23","CAD","Jun 14, 2019"
"TCN","TELUS CORPORATION","Communication","Fixed Income","1,437,109.20","0.08","1,437,109.20","1,704,000.00","1,704,000.00","84.22","Canada","-","CAD","6.79","1.00","Oct 7, 2030","2.05","CAD","Oct 5, 2020"
"ETRHWY","407 INTERNATIONAL INC MTN","Infrastructure","Fixed Income","1,436,799.88","0.08","1,436,799.88","1,563,000.00","1,563,000.00","91.40","Canada","-","CAD","16.66","1.00","Sep 11, 2052","3.98","CAD","Sep 11, 2012"
"IPLCN","INTER PIPELINE LTD MTN","Energy","Fixed Income","1,436,780.88","0.08","1,436,780.88","1,486,000.00","1,486,000.00","95.42","Canada","-","CAD","3.34","1.00","Dec 16, 2026","3.48","CAD","Dec 16, 2016"
"SJOEHC","INTEGRATED TEAM SOLUTIONS SJHC PAR","Infrastructure","Fixed Income","1,435,187.05","0.08","1,435,187.05","1,285,034.00","1,285,034.00","109.26","Canada","-","CAD","8.16","1.00","Nov 30, 2042","5.95","CAD","Mar 11, 2011"
"GEICN","GIBSON ENERGY INC","Energy","Fixed Income","1,435,080.80","0.08","1,435,080.80","1,501,000.00","1,501,000.00","94.91","Canada","-","CAD","2.11","1.00","Jul 14, 2025","2.45","CAD","Jul 14, 2020"
"HYDONE","HYDRO ONE INC MTN","Infrastructure","Fixed Income","1,430,540.05","0.08","1,430,540.05","1,493,000.00","1,493,000.00","95.53","Canada","-","CAD","1.78","1.00","Feb 28, 2025","1.76","CAD","Feb 28, 2020"
"BRUPOW","BRUCE POWER LP","Energy","Fixed Income","1,429,867.03","0.08","1,429,867.03","1,444,000.00","1,444,000.00","97.97","Canada","-","CAD","1.10","1.00","Jun 21, 2024","3.00","CAD","Feb 14, 2017"
"ENBGAS","ENBRIDGE GAS INC MTN","Energy","Fixed Income","1,429,681.28","0.08","1,429,681.28","1,631,000.00","1,631,000.00","87.37","Canada","-","CAD","7.47","1.00","Sep 15, 2031","2.35","CAD","Sep 15, 2021"
"DIRUCN","DREAM INDUSTRIAL REAL ESTATE INVES","Real Estate","Fixed Income","1,429,781.99","0.08","1,429,781.99","1,606,000.00","1,606,000.00","88.28","Canada","-","CAD","3.88","1.00","Jun 17, 2027","2.06","CAD","Jun 17, 2021"
"GTAAIR","GREATER TORONTO AIRPORTS AUTHORITY MTN 144A","Infrastructure","Fixed Income","1,421,511.27","0.08","1,421,511.27","1,385,000.00","1,385,000.00","100.81","Canada","-","CAD","12.37","1.00","Dec 2, 2041","4.53","CAD","Dec 2, 2011"
"HYDONE","HYDRO ONE INC","Infrastructure","Fixed Income","1,420,809.65","0.08","1,420,809.65","1,934,000.00","1,934,000.00","73.03","Canada","-","CAD","17.37","1.00","Feb 28, 2050","2.71","CAD","Feb 28, 2020"
"DIRUCN","DREAM INDUSTRIAL REAL ESTATE INVES","Real Estate","Fixed Income","1,418,582.77","0.08","1,418,582.77","1,547,000.00","1,547,000.00","91.12","Canada","-","CAD","2.54","1.00","Dec 22, 2025","1.66","CAD","Dec 22, 2020"
"VW","VW CREDIT CANADA INC RegS","Financial","Fixed Income","1,418,240.93","0.08","1,418,240.93","1,458,000.00","1,458,000.00","97.02","Germany","-","CAD","1.37","1.00","Sep 26, 2024","2.85","CAD","Sep 26, 2019"
"TRPCN","TRANSCANADA TRUST","Energy","Fixed Income","1,416,802.36","0.08","1,416,802.36","1,720,000.00","1,720,000.00","81.74","Canada","-","CAD","5.44","1.00","Mar 4, 2081","4.20","CAD","Mar 4, 2021"
"RCICN","ROGERS COMMUNICATIONS INC","Communication","Fixed Income","1,416,381.91","0.08","1,416,381.91","1,455,000.00","1,455,000.00","96.74","Canada","-","CAD","3.46","1.00","Mar 1, 2027","3.80","CAD","Apr 3, 2023"
"CUCN","CU INC","Energy","Fixed Income","1,414,385.54","0.08","1,414,385.54","1,524,000.00","1,524,000.00","91.82","Canada","-","CAD","14.19","1.00","Jul 27, 2045","3.96","CAD","Jul 27, 2015"
"DE","JOHN DEERE FINANCIAL INC","Financial","Fixed Income","1,409,590.58","0.08","1,409,590.58","1,588,000.00","1,588,000.00","88.58","United States","-","CAD","4.18","1.00","Sep 8, 2027","1.34","CAD","Sep 8, 2020"
"HYDONE","HYDRO ONE LTD","Infrastructure","Fixed Income","1,408,140.87","0.08","1,408,140.87","1,577,000.00","1,577,000.00","89.24","Canada","-","CAD","4.27","1.00","Oct 15, 2027","1.41","CAD","Oct 15, 2020"
"LBCN","LAURENTIAN BANK OF CANADA","Financial","Fixed Income","1,406,624.79","0.08","1,406,624.79","1,419,000.00","1,419,000.00","98.41","Canada","-","CAD","2.20","1.00","Sep 2, 2025","4.60","CAD","Jun 9, 2022"
"ALTALK","ALTALINK LP MTN","Infrastructure","Fixed Income","1,405,963.67","0.08","1,405,963.67","1,408,000.00","1,408,000.00","98.52","Canada","-","CAD","1.06","1.00","Jun 6, 2024","3.40","CAD","Jun 6, 2014"
"CCACN","COGECO COMMUNICATIONS INC","Communication","Fixed Income","1,404,071.75","0.08","1,404,071.75","1,365,000.00","1,365,000.00","101.83","Canada","-","CAD","7.55","1.00","Feb 16, 2033","5.30","CAD","Feb 16, 2023"
"TCN","TELUS CORPORATION","Communication","Fixed Income","1,403,719.47","0.08","1,403,719.47","1,519,000.00","1,519,000.00","91.73","Canada","-","CAD","14.09","1.00","Mar 6, 2048","4.70","CAD","Mar 6, 2017"
"BAMREP","BROOKFIELD RENEWABLE ENERGY PARTNE MTN","Energy","Fixed Income","1,403,164.43","0.08","1,403,164.43","1,412,000.00","1,412,000.00","97.86","Canada","-","CAD","1.92","1.00","Jun 2, 2025","3.75","CAD","Mar 6, 2015"
"ONTPOW","ONTARIO POWER GENERATION INC MTN","Energy","Fixed Income","1,401,260.70","0.08","1,401,260.70","1,440,000.00","1,440,000.00","97.15","Canada","-","CAD","1.87","1.00","Apr 8, 2025","2.89","CAD","Apr 8, 2020"
"EQBCN","EQUITABLE BANK (CANADA)","Financial","Fixed Income","1,400,818.59","0.08","1,400,818.59","1,480,000.00","1,480,000.00","94.12","Canada","-","CAD","2.67","1.00","Mar 2, 2026","3.36","CAD","Feb 28, 2022"
"GM","GENERAL MOTORS FINANCIAL OF CANADA","Financial","Fixed Income","1,399,292.46","0.08","1,399,292.46","1,499,000.00","1,499,000.00","92.84","United States","-","CAD","2.12","1.00","Jul 9, 2025","1.70","CAD","Jul 9, 2021"
"IFCCN","INTACT FINANCIAL CORP MTN","Financial","Fixed Income","1,396,577.60","0.08","1,396,577.60","1,415,000.00","1,415,000.00","98.34","Canada","-","CAD","1.79","1.00","Mar 24, 2025","3.69","CAD","Mar 24, 2020"
"IAGCN","IA FINANCIAL CORPORATION INC","Financial","Fixed Income","1,394,487.71","0.08","1,394,487.71","1,460,000.00","1,460,000.00","95.08","Canada","-","CAD","1.74","1.00","Feb 21, 2030","2.40","CAD","Feb 21, 2020"
"FNTETF","FIRST NATIONS ETF LP 144A","Energy","Fixed Income","1,390,810.45","0.08","1,390,810.45","1,474,652.00","1,474,652.00","92.98","Canada","-","CAD","6.12","1.00","Dec 31, 2041","4.14","CAD","Nov 22, 2017"
"HYNMTR","HYUNDAI CAPITAL CANADA INC","Financial","Fixed Income","1,389,843.23","0.08","1,389,843.23","1,350,000.00","1,350,000.00","102.17","Canada","-","CAD","4.19","1.00","Mar 8, 2028","5.57","CAD","Mar 8, 2023"
"CUCN","CU INC MTN","Energy","Fixed Income","1,388,665.65","0.08","1,388,665.65","1,210,000.00","1,210,000.00","112.20","Canada","-","CAD","8.43","1.00","Nov 20, 2034","5.90","CAD","Nov 18, 2004"
"ENBGAS","ENBRIDGE GAS INC MTN","Energy","Fixed Income","1,388,240.14","0.08","1,388,240.14","1,428,000.00","1,428,000.00","96.08","Canada","-","CAD","2.89","1.00","Jun 1, 2026","2.81","CAD","May 31, 2016"
"LCN","LOBLAW COMPANIES LTD","Industrial","Fixed Income","1,387,653.97","0.08","1,387,653.97","1,380,000.00","1,380,000.00","99.06","Canada","-","CAD","1.03","1.00","Jun 10, 2024","3.92","CAD","Dec 10, 2018"
"LOWMAT","LOWER MATTAGAMI ENERGY LP","Infrastructure","Fixed Income","1,386,299.66","0.08","1,386,299.66","1,435,000.00","1,435,000.00","95.87","Canada","-","CAD","14.41","1.00","Feb 23, 2046","4.18","CAD","Feb 25, 2013"
"AQNCN","ALGONQUIN POWER CO","Energy","Fixed Income","1,385,351.57","0.08","1,385,351.57","1,408,000.00","1,408,000.00","97.61","Canada","-","CAD","3.38","1.00","Feb 17, 2027","4.09","CAD","Jan 17, 2017"
"CNRCN","CANADIAN NATIONAL RAILWAY","Industrial","Fixed Income","1,382,782.65","0.08","1,382,782.65","1,769,000.00","1,769,000.00","77.51","Canada","-","CAD","16.80","1.00","Feb 8, 2050","3.05","CAD","Nov 1, 2019"
"IAGCN","IA FINANCIAL CORPORATION INC","Financial","Fixed Income","1,379,394.14","0.08","1,379,394.14","1,468,000.00","1,468,000.00","93.67","Canada","-","CAD","3.13","1.00","Sep 24, 2031","3.07","CAD","Sep 24, 2019"
"TCN","TELUS CORPORATION","Communication","Fixed Income","1,378,535.72","0.08","1,378,535.72","1,334,000.00","1,334,000.00","102.71","Canada","-","CAD","5.35","1.00","Sep 13, 2029","5.00","CAD","Sep 13, 2022"
"ONTPOW","ONTARIO POWER GENERATION INC","Energy","Fixed Income","1,375,818.74","0.08","1,375,818.74","1,509,000.00","1,509,000.00","91.15","Canada","-","CAD","2.89","1.00","Apr 22, 2026","1.17","CAD","Oct 22, 2020"
"BCECN","BELL CANADA MTN","Communication","Fixed Income","1,371,084.59","0.08","1,371,084.59","1,440,000.00","1,440,000.00","94.82","Canada","-","CAD","13.12","1.00","Sep 29, 2044","4.75","CAD","Sep 29, 2014"
"ENBGAS","ENBRIDGE GAS INC MTN","Energy","Fixed Income","1,365,224.78","0.08","1,365,224.78","1,736,000.00","1,736,000.00","78.26","Canada","-","CAD","17.13","1.00","Sep 15, 2051","3.20","CAD","Sep 15, 2021"
"PLEHCA","PLENARY HEALTH HAMILTON LP","Infrastructure","Fixed Income","1,364,762.85","0.08","1,364,762.85","1,235,203.00","1,235,203.00","108.12","Canada","-","CAD","8.32","1.00","May 31, 2043","5.80","CAD","Dec 3, 2010"
"NWCONN","NORTHWESTCONNECT GROUP","Infrastructure","Fixed Income","1,359,853.47","0.08","1,359,853.47","1,206,675.00","1,206,675.00","109.78","Canada","-","CAD","7.59","1.00","Apr 30, 2041","5.95","CAD","Aug 12, 2008"
"DTRGR","DAIMLER TRUCKS FINANCE CANADA INC RegS","Financial","Fixed Income","1,356,521.60","0.08","1,356,521.60","1,457,000.00","1,457,000.00","92.20","Germany","-","CAD","3.41","1.00","Dec 15, 2026","2.46","CAD","Dec 15, 2021"
"HEQCN","CHIP MORTGAGE TRUST","Securitized","Fixed Income","1,355,939.36","0.08","1,355,939.36","1,480,000.00","1,480,000.00","90.98","Canada","-","CAD","2.52","1.00","Dec 15, 2025","1.74","CAD","Dec 15, 2020"
"AIREIN","AIMCO REALTY INVESTORS LP","Real Estate","Fixed Income","1,354,969.48","0.08","1,354,969.48","1,420,000.00","1,420,000.00","94.19","Canada","-","CAD","4.61","1.00","Jun 1, 2028","3.04","CAD","Nov 23, 2017"
"TRPCN","TRANSCANADA PIPELINES LTD","Energy","Fixed Income","1,352,511.30","0.08","1,352,511.30","1,234,000.00","1,234,000.00","106.90","Canada","-","CAD","14.11","1.00","May 12, 2052","5.92","CAD","May 12, 2022"
"MRUCN","METRO INC RegS","Industrial","Fixed Income","1,352,562.83","0.08","1,352,562.83","1,325,000.00","1,325,000.00","101.05","Canada","-","CAD","7.73","1.00","Feb 7, 2033","4.66","CAD","Feb 6, 2023"
"ENBGAS","ENBRIDGE GAS INC","Energy","Fixed Income","1,348,914.47","0.08","1,348,914.47","1,350,000.00","1,350,000.00","99.05","Canada","-","CAD","16.01","1.00","Aug 17, 2052","4.55","CAD","Aug 17, 2022"
"HYDONE","HYDRO ONE INC MTN","Infrastructure","Fixed Income","1,344,029.08","0.08","1,344,029.08","1,575,000.00","1,575,000.00","84.86","Canada","-","CAD","7.09","1.00","Jan 16, 2031","1.69","CAD","Oct 9, 2020"
"HYDONE","HYDRO ONE INC MTN","Infrastructure","Fixed Income","1,340,488.55","0.08","1,340,488.55","1,697,000.00","1,697,000.00","78.62","Canada","-","CAD","17.40","1.00","Sep 15, 2051","3.10","CAD","Sep 17, 2021"
"ALBPOW","ALBERTA POWERLINE LP","Infrastructure","Fixed Income","1,339,696.63","0.08","1,339,696.63","1,466,469.00","1,466,469.00","89.71","Canada","-","CAD","13.06","1.00","Dec 1, 2053","4.07","CAD","Oct 2, 2017"
"HYDONE","HYDRO ONE INC MTN","Infrastructure","Fixed Income","1,338,987.10","0.08","1,338,987.10","1,491,000.00","1,491,000.00","89.46","Canada","-","CAD","6.25","1.00","Feb 28, 2030","2.16","CAD","Feb 28, 2020"
"ENBGAS","ENBRIDGE GAS INC MTN","Energy","Fixed Income","1,338,882.48","0.08","1,338,882.48","1,099,000.00","1,099,000.00","118.73","Canada","-","CAD","7.10","1.00","Nov 15, 2032","6.90","CAD","Nov 15, 2002"
"VANAIR","VANCOUVER AIRPORT AUTHORITY","Infrastructure","Fixed Income","1,338,077.63","0.08","1,338,077.63","1,776,000.00","1,776,000.00","75.05","Canada","-","CAD","17.54","1.00","Sep 21, 2050","2.80","CAD","Sep 21, 2020"
"BNCN","BROOKFIELD ASSET MANAGEMENT INC.","Industrial","Fixed Income","1,331,906.92","0.08","1,331,906.92","1,238,000.00","1,238,000.00","105.38","Canada","-","CAD","8.61","1.00","Jun 14, 2035","5.95","CAD","Jun 14, 2005"
"CTCACN","CANADIAN TIRE CORP LTD MTN","Industrial","Fixed Income","1,331,259.46","0.08","1,331,259.46","1,232,000.00","1,232,000.00","107.79","Canada","-","CAD","4.28","1.00","Apr 13, 2028","6.50","CAD","Apr 13, 1998"
"NWRWPT","NORTH WEST REDWATER PARTNERSHIP","Energy","Fixed Income","1,330,699.23","0.08","1,330,699.23","1,375,000.00","1,375,000.00","96.74","Canada","-","CAD","2.80","1.00","Apr 24, 2026","3.20","CAD","Jul 24, 2015"
"DE","JOHN DEERE FINANCIAL INC MTN","Financial","Fixed Income","1,330,074.17","0.08","1,330,074.17","1,386,000.00","1,386,000.00","95.66","Canada","-","CAD","1.19","1.00","Jul 17, 2024","1.09","CAD","Sep 17, 2021"
"GZMCN","GAZ METRO INC","Energy","Fixed Income","1,319,699.06","0.08","1,319,699.06","1,173,000.00","1,173,000.00","110.82","Canada","-","CAD","9.39","1.00","Jul 10, 2036","5.70","CAD","Jul 10, 2006"
"CUCN","CU INC","Energy","Fixed Income","1,318,522.63","0.08","1,318,522.63","1,724,000.00","1,724,000.00","76.06","Canada","-","CAD","16.80","1.00","Sep 7, 2049","2.96","CAD","Sep 5, 2019"
"REIUCN","RIOCAN REAL ESTATE INVESTMENT TRUS","Real Estate","Fixed Income","1,315,853.44","0.08","1,315,853.44","1,476,000.00","1,476,000.00","87.82","Canada","-","CAD","4.98","1.00","Nov 8, 2028","2.83","CAD","Nov 8, 2021"
"ONTPOW","ONTARIO POWER GENERATION INC MTN","Energy","Fixed Income","1,315,460.29","0.08","1,315,460.29","1,791,000.00","1,791,000.00","72.92","Canada","-","CAD","17.11","1.00","Feb 21, 2051","2.95","CAD","Feb 4, 2021"
"ENBPIP","ENBRIDGE PIPELINES INC.","Energy","Fixed Income","1,314,143.37","0.08","1,314,143.37","1,284,000.00","1,284,000.00","99.87","Canada","-","CAD","10.74","1.00","Nov 10, 2039","5.35","CAD","Nov 10, 2009"
"DOLCN","DOLLARAMA INC","Industrial","Fixed Income","1,306,703.46","0.07","1,306,703.46","1,405,000.00","1,405,000.00","92.44","Canada","-","CAD","3.04","1.00","Jul 8, 2026","1.87","CAD","Jul 8, 2021"
"ALTALK","ALTALINK LP MTN","Infrastructure","Fixed Income","1,306,372.29","0.07","1,306,372.29","1,362,000.00","1,362,000.00","94.16","Canada","-","CAD","13.79","1.00","Nov 21, 2044","4.05","CAD","Nov 21, 2014"
"CNRCN","CANADIAN NATIONAL RAILWAY COMPANY","Industrial","Fixed Income","1,302,625.42","0.07","1,302,625.42","1,362,000.00","1,362,000.00","94.99","Canada","-","CAD","5.22","1.00","Feb 8, 2029","3.00","CAD","Feb 8, 2019"
"CAAIAU","CALGARY AIRPORT AUTHORITY","Infrastructure","Fixed Income","1,301,378.90","0.07","1,301,378.90","1,497,000.00","1,497,000.00","86.74","Canada","-","CAD","11.69","1.00","Oct 7, 2038","3.34","CAD","Oct 7, 2021"
"VANAFF","VANCOUVER AIRPORT FUEL FACILITIES","Infrastructure","Fixed Income","1,300,214.39","0.07","1,300,214.39","1,360,000.00","1,360,000.00","94.86","Canada","-","CAD","2.06","1.00","Jun 23, 2025","2.17","CAD","Jun 22, 2020"
"ENBGAS","ENBRIDGE GAS INC MTN","Energy","Fixed Income","1,296,831.92","0.07","1,296,831.92","1,203,000.00","1,203,000.00","105.67","Canada","-","CAD","15.14","1.00","Nov 22, 2050","4.95","CAD","Nov 22, 2010"
"FORTFD_23-1","FORTIFIED TRUST FORTFD_23-1 A","Securitized","Fixed Income","1,294,753.02","0.07","1,294,753.02","1,288,000.00","1,288,000.00","99.47","Canada","-","CAD","4.15","1.00","Dec 23, 2027","4.42","CAD","Jan 31, 2023"
"CNQCN","CANADIAN NATURAL RESOURCES LTD","Energy","Fixed Income","1,292,894.19","0.07","1,292,894.19","1,397,000.00","1,397,000.00","91.86","Canada","-","CAD","4.38","1.00","Jan 17, 2028","2.50","CAD","Nov 16, 2020"
"ENBPIP","ENBRIDGE PIPELINES INC MTN","Energy","Fixed Income","1,292,665.79","0.07","1,292,665.79","1,493,000.00","1,493,000.00","85.81","Canada","-","CAD","14.57","1.00","Feb 22, 2049","4.33","CAD","Feb 22, 2019"
"TCN","TELUS CORPORATION","Communication","Fixed Income","1,291,903.23","0.07","1,291,903.23","1,553,000.00","1,553,000.00","82.93","Canada","-","CAD","15.45","1.00","Apr 5, 2051","4.10","CAD","Apr 5, 2021"
"FTSCN","FORTISALBERTA INC","Infrastructure","Fixed Income","1,291,662.27","0.07","1,291,662.27","1,098,000.00","1,098,000.00","114.59","Canada","-","CAD","8.29","1.00","Oct 31, 2034","6.22","CAD","Oct 25, 2004"
"EQBCN","EQUITABLE BANK (CANADA)","Financial","Fixed Income","1,291,322.40","0.07","1,291,322.40","1,378,000.00","1,378,000.00","93.45","Canada","-","CAD","1.80","1.00","Mar 10, 2025","1.94","CAD","Mar 9, 2021"
"CWBCN","CANADIAN WESTERN BANK","Financial","Fixed Income","1,290,982.76","0.07","1,290,982.76","1,275,000.00","1,275,000.00","100.45","Canada","-","CAD","3.87","1.00","Sep 2, 2027","5.15","CAD","Sep 2, 2022"
"PRISMT_21-1-A","PRISMT_21-1","Securitized","Fixed Income","1,289,716.87","0.07","1,289,716.87","1,340,000.00","1,340,000.00","95.41","Canada","-","CAD","3.21","1.00","Sep 15, 2026","1.86","CAD","Dec 9, 2021"
"PPLCN","PEMBINA PIPELINE CORP MTN","Energy","Fixed Income","1,289,590.14","0.07","1,289,590.14","1,424,000.00","1,424,000.00","89.30","Canada","-","CAD","13.49","1.00","Jan 21, 2047","4.74","CAD","Jan 20, 2017"
"RLNCE","RELIANCE LP","Industrial","Fixed Income","1,288,752.96","0.07","1,288,752.96","1,314,000.00","1,314,000.00","97.62","Canada","-","CAD","1.79","1.00","Mar 15, 2025","3.84","CAD","Dec 18, 2017"
"BCIMCR","BCI QUADREAL REALTY","Real Estate","Fixed Income","1,287,848.04","0.07","1,287,848.04","1,348,000.00","1,348,000.00","94.66","Canada","-","CAD","2.97","1.00","Jun 24, 2026","2.55","CAD","Feb 3, 2022"
"HYDONE","HYDRO ONE INC MTN","Infrastructure","Fixed Income","1,287,038.74","0.07","1,287,038.74","1,421,000.00","1,421,000.00","88.93","Canada","-","CAD","15.19","1.00","Nov 18, 2047","3.72","CAD","Nov 18, 2016"
"ALBPOW","ALBERTA POWERLINE LP","Infrastructure","Fixed Income","1,283,231.04","0.07","1,283,231.04","1,427,063.00","1,427,063.00","89.28","Canada","-","CAD","13.29","1.00","Mar 1, 2054","4.07","CAD","Oct 2, 2017"
"EPCOR","EPCOR UTILITIES INC MTN","Infrastructure","Fixed Income","1,282,996.75","0.07","1,282,996.75","1,476,000.00","1,476,000.00","85.44","Canada","-","CAD","15.32","1.00","Nov 27, 2047","3.55","CAD","Nov 27, 2017"
"ENBGAS","ENBRIDGE GAS INC MTN","Energy","Fixed Income","1,282,223.80","0.07","1,282,223.80","1,176,000.00","1,176,000.00","108.31","Canada","-","CAD","9.63","1.00","Sep 11, 2036","5.46","CAD","Sep 11, 2006"
"CTLONE","CENTRAL 1 CREDIT UNION MTN","Financial","Fixed Income","1,280,415.67","0.07","1,280,415.67","1,270,000.00","1,270,000.00","100.37","Canada","-","CAD","2.26","1.00","Sep 29, 2025","5.42","CAD","Sep 29, 2022"
"IPLCN","INTER PIPELINE LTD MTN","Energy","Fixed Income","1,278,089.63","0.07","1,278,089.63","1,318,000.00","1,318,000.00","96.67","Canada","-","CAD","1.82","1.00","Mar 24, 2025","3.17","CAD","Mar 23, 2015"
"CHPUCN","CHOICE PROPERTIES REAL ESTATE INVE","Real Estate","Fixed Income","1,274,634.10","0.07","1,274,634.10","1,294,000.00","1,294,000.00","97.45","Canada","-","CAD","1.62","1.00","Jan 10, 2025","3.55","CAD","Jan 12, 2018"
"RLNCE","RELIANCE LP","Industrial","Fixed Income","1,272,796.68","0.07","1,272,796.68","1,388,000.00","1,388,000.00","90.61","Canada","-","CAD","4.23","1.00","Dec 1, 2027","2.68","CAD","Aug 20, 2020"
"CNRCN","CANADIAN NATIONAL RAILWAY COMPANY","Industrial","Fixed Income","1,271,071.46","0.07","1,271,071.46","1,457,000.00","1,457,000.00","86.38","Canada","-","CAD","15.65","1.00","Jul 31, 2048","3.60","CAD","Jul 31, 2018"
"HYDONE","HYDRO ONE INC MTN","Infrastructure","Fixed Income","1,266,610.05","0.07","1,266,610.05","1,288,000.00","1,288,000.00","97.34","Canada","-","CAD","2.02","1.00","Jun 26, 2025","2.97","CAD","Jun 26, 2018"
"EPCOR","EPCOR UTILITIES INC","Infrastructure","Fixed Income","1,263,701.04","0.07","1,263,701.04","1,655,000.00","1,655,000.00","75.09","Canada","-","CAD","16.95","1.00","May 19, 2050","2.90","CAD","May 19, 2020"
"AERMON","MONTREAL AIRPORTS","Infrastructure","Fixed Income","1,262,189.08","0.07","1,262,189.08","1,506,000.00","1,506,000.00","83.79","Canada","-","CAD","16.91","1.00","Apr 26, 2051","3.44","CAD","Apr 26, 2021"
"ETRHWY","407 INTERNATIONAL INC MTN","Infrastructure","Fixed Income","1,260,070.82","0.07","1,260,070.82","1,088,000.00","1,088,000.00","113.43","Canada","-","CAD","8.97","1.00","Dec 3, 2035","5.96","CAD","Dec 3, 2004"
"CIXCN","CI FINANCIAL CORP","Financial","Fixed Income","1,259,684.98","0.07","1,259,684.98","1,204,000.00","1,204,000.00","101.81","Canada","-","CAD","2.32","1.00","Dec 2, 2025","7.00","CAD","Dec 2, 2022"
"FCRCN","FIRST CAPITAL REAL ESTATE INVESTME","Real Estate","Fixed Income","1,252,040.86","0.07","1,252,040.86","1,260,000.00","1,260,000.00","98.59","Canada","-","CAD","1.28","1.00","Aug 30, 2024","4.79","CAD","Jan 20, 2014"
"FTSCN","FORTISALBERTA INC","Infrastructure","Fixed Income","1,249,762.79","0.07","1,249,762.79","1,207,000.00","1,207,000.00","101.66","Canada","-","CAD","15.81","1.00","May 30, 2052","4.62","CAD","May 30, 2022"
"CWBCN","CANADIAN WESTERN BANK","Financial","Fixed Income","1,247,667.66","0.07","1,247,667.66","1,280,000.00","1,280,000.00","97.40","Canada","-","CAD","1.89","1.00","Apr 21, 2025","3.86","CAD","Apr 19, 2022"
"MGCN","MAGNA INTERNATIONAL INC","Industrial","Fixed Income","1,246,099.04","0.07","1,246,099.04","1,200,000.00","1,200,000.00","103.18","Canada","-","CAD","6.34","1.00","Jan 31, 2031","4.95","CAD","Mar 10, 2023"
"COOPFS","CO-OPERATORS FINANCIAL SERVICES LT","Financial","Fixed Income","1,242,003.08","0.07","1,242,003.08","1,403,000.00","1,403,000.00","87.01","Canada","-","CAD","6.09","1.00","May 13, 2030","3.33","CAD","May 11, 2020"
"AIREIN","AIMCO REALTY INVESTORS LP","Real Estate","Fixed Income","1,241,011.39","0.07","1,241,011.39","1,268,000.00","1,268,000.00","97.11","Canada","-","CAD","1.12","1.00","Jun 26, 2024","2.27","CAD","Jun 26, 2017"
"AERMON","AEROPORTS DE MONTREAL","Infrastructure","Fixed Income","1,235,161.17","0.07","1,235,161.17","1,103,000.00","1,103,000.00","111.80","Canada","-","CAD","10.17","1.00","Oct 16, 2037","5.67","CAD","Oct 16, 2007"
"TORHYD","TORONTO HYDRO CORPORATION","Infrastructure","Fixed Income","1,233,269.29","0.07","1,233,269.29","1,128,000.00","1,128,000.00","109.13","Canada","-","CAD","16.05","1.00","Oct 13, 2052","4.95","CAD","Oct 13, 2022"
"ETRHWY","407 INTERNATIONAL INC.","Infrastructure","Fixed Income","1,233,024.99","0.07","1,233,024.99","1,286,000.00","1,286,000.00","94.72","Canada","-","CAD","3.74","1.00","May 4, 2027","2.43","CAD","Nov 4, 2016"
"BAMREP","BROOKFIELD RENEWABLE PARTNERS ULC MTN","Energy","Fixed Income","1,230,670.71","0.07","1,230,670.71","1,389,000.00","1,389,000.00","86.56","Canada","-","CAD","14.66","1.00","Nov 5, 2049","4.29","CAD","Sep 13, 2019"
"ETRHWY","407 INTERNATIONAL INC MTN","Infrastructure","Fixed Income","1,229,817.95","0.07","1,229,817.95","1,285,000.00","1,285,000.00","95.25","Canada","-","CAD","6.06","1.00","Mar 6, 2030","3.14","CAD","Mar 6, 2019"
"REIUCN","RIOCAN REAL ESTATE INVESTMENT TRUS","Real Estate","Fixed Income","1,229,819.96","0.07","1,229,819.96","1,368,000.00","1,368,000.00","89.58","Canada","-","CAD","3.64","1.00","Mar 10, 2027","2.36","CAD","Mar 10, 2020"
"CCLGP","CAPITAL CITY LINK GENERAL PARTNERS","Infrastructure","Fixed Income","1,228,114.27","0.07","1,228,114.27","1,285,588.00","1,285,588.00","95.19","Canada","-","CAD","9.44","1.00","Mar 31, 2046","4.39","CAD","May 11, 2012"
"BCIMCR","BCIMC REALTY CORP","Real Estate","Fixed Income","1,224,123.83","0.07","1,224,123.83","1,252,000.00","1,252,000.00","96.64","Canada","-","CAD","1.99","1.00","Jun 3, 2025","2.84","CAD","Jun 3, 2015"
"FTSCN","FORTISBC ENERGY INC MTN","Energy","Fixed Income","1,223,153.27","0.07","1,223,153.27","1,370,000.00","1,370,000.00","88.62","Canada","-","CAD","7.30","1.00","Jul 18, 2031","2.42","CAD","Apr 14, 2021"
"HYOHI","HYDRO OTTAWA HOLDING INC","Infrastructure","Fixed Income","1,219,029.48","0.07","1,219,029.48","1,255,000.00","1,255,000.00","96.53","Canada","-","CAD","1.70","1.00","Feb 3, 2025","2.61","CAD","Feb 2, 2015"
"HYDONE","HYDRO ONE INC MTN","Infrastructure","Fixed Income","1,218,997.57","0.07","1,218,997.57","1,165,000.00","1,165,000.00","104.02","Canada","-","CAD","10.11","1.00","Mar 13, 2037","4.89","CAD","Mar 13, 2007"
"ALTALK","ALTALINK LP MTN","Infrastructure","Fixed Income","1,217,540.50","0.07","1,217,540.50","1,250,000.00","1,250,000.00","96.27","Canada","-","CAD","2.87","1.00","May 29, 2026","2.75","CAD","May 30, 2016"
"IVANCA","IVANHOE CAMBRIDGE II INC","Real Estate","Fixed Income","1,214,786.58","0.07","1,214,786.58","1,252,000.00","1,252,000.00","96.17","Canada","-","CAD","1.56","1.00","Dec 12, 2024","2.30","CAD","Dec 12, 2019"
"ENBPIP","ENBRIDGE PIPELINES INC MTN","Energy","Fixed Income","1,211,209.28","0.07","1,211,209.28","1,211,000.00","1,211,000.00","99.70","Canada","-","CAD","11.15","1.00","Apr 6, 2040","5.33","CAD","Apr 6, 2010"
"CNRCN","CANADIAN NATIONAL RAILWAY COMPANY","Industrial","Fixed Income","1,210,255.79","0.07","1,210,255.79","1,383,000.00","1,383,000.00","86.66","Canada","-","CAD","15.30","1.00","Aug 1, 2047","3.60","CAD","Aug 1, 2017"
"CP","CANADIAN PACIFIC RAILWAY COMPANY","Industrial","Fixed Income","1,208,418.51","0.07","1,208,418.51","1,281,000.00","1,281,000.00","93.94","Canada","-","CAD","5.29","1.00","Mar 13, 2029","3.15","CAD","Mar 13, 2019"
"MICCN","GENWORTH MI CANADA INC","Financial","Fixed Income","1,208,283.21","0.07","1,208,283.21","1,323,000.00","1,323,000.00","90.86","Canada","-","CAD","3.58","1.00","Mar 1, 2027","2.96","CAD","Feb 20, 2020"
"TOYOTA","TOYOTA CREDIT CANADA INC MTN","Financial","Fixed Income","1,205,380.42","0.07","1,205,380.42","1,255,000.00","1,255,000.00","95.71","Canada","-","CAD","1.20","1.00","Jul 22, 2024","1.27","CAD","Jul 20, 2021"
"AQNCN","ALGONQUIN POWER CO","Energy","Fixed Income","1,204,619.31","0.07","1,204,619.31","1,370,000.00","1,370,000.00","87.12","Canada","-","CAD","7.15","1.00","Jul 15, 2031","2.85","CAD","Apr 9, 2021"
"OMERS","OMERS REALTY CORPORATION","Real Estate","Fixed Income","1,203,023.66","0.07","1,203,023.66","1,210,000.00","1,210,000.00","97.90","Canada","-","CAD","1.47","1.00","Nov 12, 2024","3.33","CAD","Nov 12, 2014"
"CIXCN","CI FINANCIAL CORP","Financial","Fixed Income","1,202,258.60","0.07","1,202,258.60","1,222,000.00","1,222,000.00","97.54","Canada","-","CAD","1.19","1.00","Jul 22, 2024","3.21","CAD","Jul 22, 2019"
"SRUUCN","SMARTCENTRES REAL ESTATE INVESTMEN","Real Estate","Fixed Income","1,201,251.92","0.07","1,201,251.92","1,305,000.00","1,305,000.00","91.42","Canada","-","CAD","2.52","1.00","Dec 16, 2025","1.74","CAD","Dec 16, 2020"
"BCIMCR","BCI QUADREAL REALTY","Real Estate","Fixed Income","1,198,417.35","0.07","1,198,417.35","1,426,000.00","1,426,000.00","83.59","Canada","-","CAD","6.66","1.00","Jul 24, 2030","1.75","CAD","Jul 24, 2020"
"ETRHWY","407 INTERNATIONAL INC. MTN","Infrastructure","Fixed Income","1,197,385.94","0.07","1,197,385.94","1,167,000.00","1,167,000.00","102.33","Canada","-","CAD","16.35","1.00","Oct 7, 2053","4.68","CAD","Oct 7, 2013"
"TERANE","TERANET HOLDINGS LP","Industrial","Fixed Income","1,197,260.45","0.07","1,197,260.45","1,186,000.00","1,186,000.00","98.87","Canada","-","CAD","10.87","1.00","Dec 17, 2040","5.75","CAD","Dec 16, 2010"
"ENBGAS","ENBRIDGE GAS INC MTN","Energy","Fixed Income","1,195,710.19","0.07","1,195,710.19","1,252,000.00","1,252,000.00","94.94","Canada","-","CAD","3.09","1.00","Aug 5, 2026","2.50","CAD","Aug 5, 2016"
"ENBGAS","ENBRIDGE GAS INC","Energy","Fixed Income","1,193,766.12","0.07","1,193,766.12","1,190,000.00","1,190,000.00","99.52","Canada","-","CAD","7.59","1.00","Aug 17, 2032","4.15","CAD","Aug 17, 2022"
"ETRHWY","407 INTERNATIONAL INC MTN RegS","Infrastructure","Fixed Income","1,185,817.00","0.07","1,185,817.00","1,236,000.00","1,236,000.00","95.17","Canada","-","CAD","1.98","1.00","May 22, 2025","1.80","CAD","May 22, 2020"
"BAMREP","BROOKFIELD RENEWABLE PARTNERS ULC MTN","Energy","Fixed Income","1,175,576.08","0.07","1,175,576.08","1,253,000.00","1,253,000.00","92.87","Canada","-","CAD","5.90","1.00","Jan 15, 2030","3.38","CAD","Sep 13, 2019"
"IFCCN","INTACT FINANCIAL CORP MTN","Financial","Fixed Income","1,174,574.08","0.07","1,174,574.08","983,000.00","983,000.00","116.75","Canada","-","CAD","10.53","1.00","Nov 23, 2039","6.40","CAD","Nov 23, 2009"
"NSIUCN","NOVA SCOTIA POWER INC MTN","Infrastructure","Fixed Income","1,172,452.15","0.07","1,172,452.15","1,472,000.00","1,472,000.00","79.43","Canada","-","CAD","15.64","1.00","Apr 5, 2049","3.57","CAD","Apr 4, 2019"
"SRUUCN","SMARTCENTRES REAL ESTATE INVESTMEN","Real Estate","Fixed Income","1,172,298.63","0.07","1,172,298.63","1,250,000.00","1,250,000.00","92.58","Canada","-","CAD","3.78","1.00","Jun 11, 2027","3.19","CAD","Jun 11, 2020"
"FFHCN","FAIRFAX FINANCIAL HOLDINGS LTD","Financial","Fixed Income","1,169,726.07","0.07","1,169,726.07","1,166,000.00","1,166,000.00","99.56","Canada","-","CAD","1.74","1.00","Mar 3, 2025","4.95","CAD","Mar 3, 2015"
"AIREIN","AIMCO REALTY INVESTORS LP","Real Estate","Fixed Income","1,168,892.28","0.07","1,168,892.28","1,195,000.00","1,195,000.00","96.45","Canada","-","CAD","3.70","1.00","Jun 1, 2027","3.37","CAD","Dec 7, 2018"
"GTAAIR","GREATER TORONTO AIRPORTS AUTHORITY","Infrastructure","Fixed Income","1,168,660.77","0.07","1,168,660.77","1,455,000.00","1,455,000.00","80.12","Canada","-","CAD","17.44","1.00","Oct 5, 2051","3.15","CAD","Oct 5, 2021"
"CNRCN","CANADIAN NATIONAL RAILWAY COMPANY","Industrial","Fixed Income","1,167,156.28","0.07","1,167,156.28","1,200,000.00","1,200,000.00","96.50","Canada","-","CAD","4.72","1.00","Jul 31, 2028","3.20","CAD","Jul 31, 2018"
"ENBPIP","ENBRIDGE PIPELINES INC MTN","Energy","Fixed Income","1,166,716.56","0.07","1,166,716.56","1,306,000.00","1,306,000.00","88.04","Canada","-","CAD","6.99","1.00","May 12, 2031","2.82","CAD","May 12, 2021"
"ONTPOW","ONTARIO POWER GENERATION INC MTN","Energy","Fixed Income","1,166,143.78","0.07","1,166,143.78","1,382,000.00","1,382,000.00","83.92","Canada","-","CAD","16.20","1.00","Sep 13, 2050","3.65","CAD","Sep 13, 2019"
"CHPUCN","CHOICE PROPERTIES REAL ESTATE INVE","Real Estate","Fixed Income","1,164,659.94","0.07","1,164,659.94","1,306,000.00","1,306,000.00","88.73","Canada","-","CAD","6.09","1.00","Mar 4, 2030","2.98","CAD","Mar 3, 2020"
"CNRCN","CANADIAN NATIONAL RAILWAY COMPANY","Industrial","Fixed Income","1,164,485.28","0.07","1,164,485.28","1,335,000.00","1,335,000.00","86.45","Canada","-","CAD","15.85","1.00","Feb 8, 2049","3.60","CAD","Feb 8, 2019"
"FCRCN","FIRST CAPITAL REAL ESTATE INVESTME","Real Estate","Fixed Income","1,159,804.75","0.07","1,159,804.75","1,246,000.00","1,246,000.00","92.17","Canada","-","CAD","3.44","1.00","Jan 22, 2027","3.46","CAD","Jul 22, 2019"
"ALACN","ALTAGAS LTD MTN","Energy","Fixed Income","1,157,516.41","0.07","1,157,516.41","1,321,000.00","1,321,000.00","86.74","Canada","-","CAD","12.95","1.00","Aug 15, 2044","4.50","CAD","Aug 15, 2014"
"DOLCN","DOLLARAMA INC","Industrial","Fixed Income","1,152,590.23","0.07","1,152,590.23","1,140,000.00","1,140,000.00","101.09","Canada","-","CAD","2.34","1.00","Oct 27, 2025","5.08","CAD","Oct 26, 2022"
"FTSCN","TERASEN GAS INC MTN","Energy","Fixed Income","1,149,204.62","0.07","1,149,204.62","989,000.00","989,000.00","113.56","Canada","-","CAD","10.18","1.00","May 13, 2038","5.80","CAD","May 13, 2008"
"CRRUCN","CROMBIE REAL ESTATE INVESTMENT TRU","Real Estate","Fixed Income","1,148,905.35","0.07","1,148,905.35","1,198,000.00","1,198,000.00","95.29","Canada","-","CAD","3.08","1.00","Aug 26, 2026","3.68","CAD","Aug 26, 2019"
"CAAIAU","CALGARY AIRPORT AUTHORITY","Infrastructure","Fixed Income","1,144,999.57","0.07","1,144,999.57","1,316,000.00","1,316,000.00","86.82","Canada","-","CAD","10.64","1.00","Oct 7, 2036","3.20","CAD","Oct 7, 2021"
"AQNCN","ALGONQUIN POWER CO","Energy","Fixed Income","1,144,898.58","0.07","1,144,898.58","1,135,000.00","1,135,000.00","99.75","Canada","-","CAD","4.88","1.00","Jan 29, 2029","4.60","CAD","Jan 29, 2019"
"HYDONE","HYDRO ONE INC MTN","Infrastructure","Fixed Income","1,144,591.08","0.07","1,144,591.08","1,214,000.00","1,214,000.00","92.89","Canada","-","CAD","16.37","1.00","Dec 22, 2051","4.00","CAD","Dec 22, 2011"
"ENBPIP","ENBRIDGE PIPELINES INC MTN","Energy","Fixed Income","1,143,201.66","0.07","1,143,201.66","1,339,000.00","1,339,000.00","83.46","Canada","-","CAD","15.02","1.00","May 12, 2051","4.20","CAD","May 12, 2021"
"BAMREP","BROOKFIELD RENEWABLE PARTNERS ULC MTN","Energy","Fixed Income","1,142,896.86","0.07","1,142,896.86","1,560,000.00","1,560,000.00","72.59","Canada","-","CAD","15.98","1.00","Aug 13, 2050","3.33","CAD","Aug 13, 2020"
"ENMAXC","ENMAX CORP","Infrastructure","Fixed Income","1,140,065.04","0.07","1,140,065.04","1,165,000.00","1,165,000.00","96.52","Canada","-","CAD","1.98","1.00","Jun 2, 2025","3.33","CAD","Oct 18, 2019"
"HYDONE","HYDRO ONE INC MTN","Infrastructure","Fixed Income","1,135,423.76","0.07","1,135,423.76","1,122,000.00","1,122,000.00","100.22","Canada","-","CAD","5.66","1.00","Nov 30, 2029","3.93","CAD","Jan 27, 2023"
"PMZUCN","PRIMARIS REAL ESTATE INVESTMENT TR","Real Estate","Fixed Income","1,133,868.86","0.06","1,133,868.86","1,172,000.00","1,172,000.00","96.37","Canada","-","CAD","3.53","1.00","Mar 30, 2027","4.73","CAD","Mar 30, 2022"
"RLNCE","RELIANCE LP","Industrial","Fixed Income","1,133,638.78","0.06","1,133,638.78","1,260,000.00","1,260,000.00","89.34","Canada","-","CAD","4.82","1.00","Aug 1, 2028","2.67","CAD","Apr 14, 2021"
"VANAIR","VANCOUVER AIRPORT AUTHORITY","Infrastructure","Fixed Income","1,130,166.60","0.06","1,130,166.60","1,475,000.00","1,475,000.00","76.54","Canada","-","CAD","17.15","1.00","Oct 18, 2049","2.87","CAD","Oct 18, 2019"
"HRUCN","H&R REAL ESTATE INVESTMENT TRUST","Real Estate","Fixed Income","1,129,982.49","0.06","1,129,982.49","1,203,000.00","1,203,000.00","92.76","Canada","-","CAD","2.89","1.00","Jun 2, 2026","2.91","CAD","Dec 2, 2020"
"TOYOTA","TOYOTA CREDIT CANADA INC MTN","Financial","Fixed Income","1,129,577.20","0.06","1,129,577.20","1,222,000.00","1,222,000.00","91.99","Canada","-","CAD","3.09","1.00","Jul 20, 2026","1.66","CAD","Jul 20, 2021"
"ALACN","ALTAGAS LTD MTN","Energy","Fixed Income","1,126,974.25","0.06","1,126,974.25","1,143,000.00","1,143,000.00","98.36","Canada","-","CAD","2.61","1.00","Apr 7, 2026","4.12","CAD","Apr 7, 2016"
"COCAPS","COAST CAPITAL SAVINGS FEDERAL CRED","Financial","Fixed Income","1,122,658.79","0.06","1,122,658.79","1,158,000.00","1,158,000.00","96.87","Canada","-","CAD","1.88","1.00","Apr 21, 2025","4.25","CAD","Apr 21, 2022"
"GWOCN","GREAT-WEST LIFECO INC","Financial","Fixed Income","1,119,155.79","0.06","1,119,155.79","947,000.00","947,000.00","115.32","Canada","-","CAD","6.56","1.00","Nov 24, 2031","6.74","CAD","Nov 23, 2001"
"IFCCN","INTACT FINANCIAL CORP MTN RegS","Financial","Fixed Income","1,117,322.06","0.06","1,117,322.06","1,223,000.00","1,223,000.00","90.40","Canada","-","CAD","4.68","1.00","May 18, 2028","2.18","CAD","May 18, 2021"
"SAPCN","SAPUTO INC MTN","Industrial","Fixed Income","1,116,505.88","0.06","1,116,505.88","1,056,000.00","1,056,000.00","103.57","Canada","-","CAD","5.39","1.00","Nov 29, 2029","5.25","CAD","Nov 29, 2022"
"TOYOTA","TOYOTA CREDIT CANADA INC MTN","Financial","Fixed Income","1,116,476.60","0.06","1,116,476.60","1,106,000.00","1,106,000.00","99.83","Canada","-","CAD","4.23","1.00","Jan 24, 2028","4.33","CAD","Jan 24, 2023"
"MRUCN","METRO INC MTN","Industrial","Fixed Income","1,114,936.19","0.06","1,114,936.19","1,430,000.00","1,430,000.00","77.42","Canada","-","CAD","16.05","1.00","Feb 28, 2050","3.41","CAD","Feb 26, 2020"
"MFCCN","MANULIFE FINANCIAL CORP","Financial","Fixed Income","1,113,337.43","0.06","1,113,337.43","1,139,000.00","1,139,000.00","97.18","Canada","-","CAD","1.26","1.00","Aug 20, 2029","3.05","CAD","Aug 18, 2017"
"FTSCN","TERASEN GAS INC. MTN","Energy","Fixed Income","1,112,456.83","0.06","1,112,456.83","961,000.00","961,000.00","115.33","Canada","-","CAD","10.02","1.00","Oct 2, 2037","6.00","CAD","Oct 2, 2007"
"DOLCN","DOLLARAMA INC","Industrial","Fixed Income","1,112,549.08","0.06","1,112,549.08","1,235,000.00","1,235,000.00","89.36","Canada","-","CAD","5.64","1.00","Jul 9, 2029","2.44","CAD","Jul 8, 2021"
"MICCN","SAGEN MI CANADA INC","Financial","Fixed Income","1,111,478.54","0.06","1,111,478.54","1,308,000.00","1,308,000.00","84.49","Canada","-","CAD","6.77","1.00","Mar 5, 2031","3.26","CAD","Mar 5, 2021"
"PMZUCN","PRIMARIS REAL ESTATE INVESTMENT TR RegS","Real Estate","Fixed Income","1,111,526.71","0.06","1,111,526.71","1,100,000.00","1,100,000.00","100.56","Canada","-","CAD","4.21","1.00","Mar 29, 2028","5.93","CAD","Mar 29, 2023"
"FCLCAN","FEDERATED CO-OPERATIVES LTD","Industrial","Fixed Income","1,111,121.70","0.06","1,111,121.70","1,125,000.00","1,125,000.00","97.35","Canada","-","CAD","1.98","1.00","Jun 17, 2025","3.92","CAD","Jun 17, 2015"
"TOYOTA","TOYOTA CREDIT CANADA INC MTN","Financial","Fixed Income","1,108,335.95","0.06","1,108,335.95","1,208,000.00","1,208,000.00","91.54","Canada","-","CAD","2.73","1.00","Feb 23, 2026","1.18","CAD","Feb 23, 2021"
"CRRUCN","CROMBIE REAL ESTATE INVESTMENT TRU RegS","Real Estate","Fixed Income","1,104,657.43","0.06","1,104,657.43","1,100,000.00","1,100,000.00","99.98","Canada","-","CAD","5.37","1.00","Sep 28, 2029","5.24","CAD","Mar 28, 2023"
"IFCCN","INTACT FINANCIAL CORP MTN RegS","Financial","Fixed Income","1,102,698.99","0.06","1,102,698.99","1,141,000.00","1,141,000.00","96.12","Canada","-","CAD","1.03","1.00","May 21, 2024","1.21","CAD","May 18, 2021"
"NACN","NATIONAL BANK OF CANADA","Financial","Fixed Income","1,099,930.38","0.06","1,099,930.38","1,177,000.00","1,177,000.00","93.15","Canada","-","CAD","3.17","1.00","Aug 18, 2026","1.57","CAD","Jul 15, 2020"
"PSSGEN","PSS GENERATING STATION LP","Infrastructure","Fixed Income","1,099,132.64","0.06","1,099,132.64","1,100,000.00","1,100,000.00","99.87","Canada","-","CAD","17.42","1.00","Oct 24, 2067","4.79","CAD","Oct 23, 2015"
"CCLBCN","CCL INDUSTRIES INC","Industrial","Fixed Income","1,097,861.05","0.06","1,097,861.05","1,140,000.00","1,140,000.00","96.14","Canada","-","CAD","4.43","1.00","Apr 13, 2028","3.86","CAD","Apr 13, 2018"
"ALACN","ALTAGAS LTD MTN","Energy","Fixed Income","1,097,498.37","0.06","1,097,498.37","1,105,000.00","1,105,000.00","98.24","Canada","-","CAD","1.61","1.00","Jan 15, 2025","3.84","CAD","Nov 10, 2014"
"CSHU","CHARTWELL RETIREMENT RESIDENCES","Industrial","Fixed Income","1,097,132.31","0.06","1,097,132.31","1,135,000.00","1,135,000.00","96.66","Canada","-","CAD","1.90","1.00","Apr 28, 2025","4.21","CAD","Apr 27, 2018"
"PPLCN","PEMBINA PIPELINE CORP","Energy","Fixed Income","1,096,825.62","0.06","1,096,825.62","1,220,000.00","1,220,000.00","87.97","Canada","-","CAD","14.30","1.00","May 28, 2050","4.67","CAD","May 28, 2020"
"CCOCN","CAMECO CORPORATION","Industrial","Equity","1,095,612.39","0.06","1,095,612.39","1,180,000.00","1,180,000.00","92.79","Canada","-","CAD","4.16","1.00","Oct 21, 2027","2.95","CAD","Oct 21, 2020"
"SMUUCN","SUMMIT INDUSTRIAL INCOME REIT","Real Estate","Fixed Income","1,095,033.62","0.06","1,095,033.62","1,175,000.00","1,175,000.00","92.95","Canada","-","CAD","2.29","1.00","Sep 17, 2025","2.15","CAD","Feb 17, 2023"
"IFCCN","INTACT FINANCIAL CORP MTN","Financial","Fixed Income","1,094,632.84","0.06","1,094,632.84","1,471,000.00","1,471,000.00","73.34","Canada","-","CAD","16.94","1.00","Dec 16, 2050","2.95","CAD","Dec 16, 2020"
"CAAIAU","CALGARY AIRPORT AUTHORITY","Infrastructure","Fixed Income","1,092,693.26","0.06","1,092,693.26","1,291,000.00","1,291,000.00","84.43","Canada","-","CAD","17.43","1.00","Oct 7, 2053","3.55","CAD","Oct 7, 2021"
"VW","VW CREDIT CANADA INC RegS","Financial","Fixed Income","1,091,975.16","0.06","1,091,975.16","1,020,000.00","1,020,000.00","104.42","Germany","-","CAD","3.92","1.00","Nov 15, 2027","5.86","CAD","Nov 15, 2022"
"CPXCN","CAPITAL POWER CORP MTN","Energy","Fixed Income","1,089,208.55","0.06","1,089,208.55","1,078,000.00","1,078,000.00","99.74","Canada","-","CAD","2.39","1.00","Jan 23, 2026","4.99","CAD","Jan 23, 2019"
"HYDONE","HYDRO ONE INC RegS","Infrastructure","Fixed Income","1,089,073.25","0.06","1,089,073.25","1,075,000.00","1,075,000.00","100.27","Canada","-","CAD","7.87","1.00","Jan 27, 2033","4.16","CAD","Jan 27, 2023"
"BCECN","BELL CANADA MTN","Communication","Fixed Income","1,087,145.29","0.06","1,087,145.29","978,000.00","978,000.00","110.13","Canada","-","CAD","9.51","1.00","Feb 26, 2037","6.17","CAD","Feb 26, 2007"
"XCN","TMX GROUP LTD RegS","Financial","Fixed Income","1,083,737.80","0.06","1,083,737.80","1,101,000.00","1,101,000.00","97.30","Canada","-","CAD","1.55","1.00","Dec 11, 2024","3.00","CAD","Dec 11, 2017"
"CUCN","CU INC MTN","Energy","Fixed Income","1,083,566.20","0.06","1,083,566.20","1,198,000.00","1,198,000.00","88.80","Canada","-","CAD","14.75","1.00","Nov 19, 2046","3.76","CAD","Nov 17, 2016"
"NSIUCN","NOVA SCOTIA POWER INC MTN","Infrastructure","Fixed Income","1,080,351.63","0.06","1,080,351.63","969,000.00","969,000.00","110.01","Canada","-","CAD","10.62","1.00","Jul 27, 2039","5.95","CAD","Jul 27, 2009"
"EQBCN","EQUITABLE BANK (CANADA)","Financial","Fixed Income","1,078,352.38","0.06","1,078,352.38","1,174,000.00","1,174,000.00","91.07","Canada","-","CAD","2.47","1.00","Nov 26, 2025","1.88","CAD","Nov 26, 2020"
"HYDONE","HYDRO ONE INC MTN","Infrastructure","Fixed Income","1,077,535.96","0.06","1,077,535.96","1,002,000.00","1,002,000.00","107.42","Canada","-","CAD","14.19","1.00","Oct 19, 2046","5.00","CAD","Oct 19, 2006"
"TCLACN","TRANSCONTINENTAL INC.","Communication","Fixed Income","1,076,135.87","0.06","1,076,135.87","1,165,000.00","1,165,000.00","91.72","Canada","-","CAD","3.04","1.00","Jul 13, 2026","2.28","CAD","Jul 12, 2021"
"FTSCN","FORTISBC INC MTN","Infrastructure","Fixed Income","1,072,529.73","0.06","1,072,529.73","1,197,000.00","1,197,000.00","89.60","Canada","-","CAD","13.91","1.00","Oct 28, 2044","4.00","CAD","Oct 28, 2014"
"ENBCN","ENBRIDGE INC. MTN","Energy","Fixed Income","1,068,215.48","0.06","1,068,215.48","930,000.00","930,000.00","112.28","Canada","-","CAD","6.76","1.00","Jun 18, 2032","7.20","CAD","Jun 18, 2001"
"ENBGAS","ENBRIDGE GAS INC MTN RegS","Energy","Fixed Income","1,065,543.01","0.06","1,065,543.01","1,155,000.00","1,155,000.00","91.54","Canada","-","CAD","13.81","1.00","Aug 22, 2044","4.00","CAD","Aug 22, 2014"
"EAGCCT_22-1-A","EAGCCT_22-1 A RegS","Securitized","Fixed Income","1,063,584.16","0.06","1,063,584.16","1,040,000.00","1,040,000.00","100.94","Canada","-","CAD","3.77","1.00","Jul 17, 2027","4.78","CAD","Jul 13, 2022"
"EAGCCT_20-1-A","EAGCCT_20-1 A","Securitized","Fixed Income","1,061,397.37","0.06","1,061,397.37","1,140,000.00","1,140,000.00","92.75","Canada","-","CAD","2.15","1.00","Jul 17, 2025","1.27","CAD","Aug 11, 2020"
"FCRCN","FIRST CAPITAL REAL ESTATE INVESTME","Real Estate","Fixed Income","1,060,544.35","0.06","1,060,544.35","1,081,000.00","1,081,000.00","97.08","Canada","-","CAD","2.11","1.00","Jul 31, 2025","4.32","CAD","Jun 17, 2014"
"EDISNH","ELLISDON INFRASTRUCTURE SNH GP","Infrastructure","Fixed Income","1,060,045.64","0.06","1,060,045.64","1,000,000.00","1,000,000.00","105.20","Canada","-","CAD","9.72","1.00","Feb 28, 2043","5.00","CAD","Feb 21, 2023"
"NSIUCN","NOVA SCOTIA POWER INC MTN","Infrastructure","Fixed Income","1,058,315.30","0.06","1,058,315.30","976,000.00","976,000.00","106.37","Canada","-","CAD","11.04","1.00","Jun 15, 2040","5.61","CAD","Jun 15, 2010"
"CNHI","CNH INDUSTRIAL CAPITAL CANADA LTD","Financial","Fixed Income","1,053,340.89","0.06","1,053,340.89","1,107,000.00","1,107,000.00","95.04","Canada","-","CAD","1.39","1.00","Oct 1, 2024","1.50","CAD","Sep 28, 2021"
"FRSTRS","INDEPENDENT ORDER OF FORESTERS","Financial","Fixed Income","1,052,873.69","0.06","1,052,873.69","1,250,000.00","1,250,000.00","84.13","Canada","-","CAD","10.13","1.00","Oct 15, 2035","2.88","CAD","Oct 15, 2020"
"LCN","LOBLAW COMPANIES LIMITED MTN","Industrial","Fixed Income","1,047,289.17","0.06","1,047,289.17","943,000.00","943,000.00","109.35","Canada","-","CAD","4.79","1.00","Jan 22, 2029","6.50","CAD","Jan 22, 1999"
"NVLAUT","NOUVELLE AUTOROUTE 30 FINANCEMENT","Infrastructure","Fixed Income","1,047,398.71","0.06","1,047,398.71","1,151,608.00","1,151,608.00","90.64","Canada","-","CAD","10.55","1.00","Mar 31, 2042","4.11","CAD","Jun 14, 2018"
"SEASKY","SEA TO SKY HIGHWAY INVESTMENT LP","Infrastructure","Fixed Income","1,043,000.94","0.06","1,043,000.94","1,137,346.00","1,137,346.00","91.28","Canada","-","CAD","3.65","1.00","Aug 31, 2030","2.63","CAD","Jun 16, 2016"
"CHPUCN","CHOICE PROPERTIES REAL ESTATE INVE","Real Estate","Fixed Income","1,042,455.07","0.06","1,042,455.07","1,118,000.00","1,118,000.00","92.24","Canada","-","CAD","3.36","1.00","Nov 30, 2026","2.46","CAD","Nov 30, 2021"
"SAPCN","SAPUTO INC","Industrial","Fixed Income","1,041,999.17","0.06","1,041,999.17","1,139,000.00","1,139,000.00","90.98","Canada","-","CAD","3.02","1.00","Jun 19, 2026","1.42","CAD","Nov 19, 2020"
"TORHYD","TORONTO HYDRO CORPORATION","Infrastructure","Fixed Income","1,041,438.55","0.06","1,041,438.55","1,270,000.00","1,270,000.00","81.91","Canada","-","CAD","17.32","1.00","Oct 18, 2051","3.27","CAD","Oct 18, 2021"
"LCN","LOBLAW COMPANIES LTD","Industrial","Fixed Income","1,040,616.41","0.06","1,040,616.41","1,175,000.00","1,175,000.00","87.49","Canada","-","CAD","6.32","1.00","May 7, 2030","2.28","CAD","May 7, 2020"
"ENMAXC","ENMAX CORP","Infrastructure","Fixed Income","1,039,979.14","0.06","1,039,979.14","1,067,000.00","1,067,000.00","95.95","Canada","-","CAD","4.51","1.00","Jun 5, 2028","3.84","CAD","May 31, 2018"
"EPCOR","EPCOR UTILITIES INC MTN","Infrastructure","Fixed Income","1,039,131.73","0.06","1,039,131.73","847,000.00","847,000.00","122.45","Canada","-","CAD","10.09","1.00","Apr 15, 2038","6.65","CAD","Apr 15, 2008"
"TRPCN","TRANSCANADA PIPELINES LIMITED MTN","Energy","Fixed Income","1,038,512.70","0.06","1,038,512.70","944,000.00","944,000.00","108.15","Canada","-","CAD","2.47","1.00","Feb 5, 2026","8.29","CAD","Feb 5, 1996"
"PWFCN","POWER FINANCIAL CORPORATION","Financial","Fixed Income","1,037,708.94","0.06","1,037,708.94","887,000.00","887,000.00","116.08","Canada","-","CAD","7.38","1.00","Mar 11, 2033","6.90","CAD","Mar 11, 2003"
"NSIUCN","NOVA SCOTIA POWER INC MTN","Infrastructure","Fixed Income","1,034,120.68","0.06","1,034,120.68","1,094,000.00","1,094,000.00","93.32","Canada","-","CAD","12.79","1.00","Jul 20, 2043","4.50","CAD","Jul 19, 2013"
"CUCN","CU INC MTN","Energy","Fixed Income","1,033,856.12","0.06","1,033,856.12","1,113,000.00","1,113,000.00","91.20","Canada","-","CAD","15.28","1.00","Nov 23, 2048","3.95","CAD","Nov 21, 2018"
"CUCN","CU INC MTN","Energy","Fixed Income","1,033,303.87","0.06","1,033,303.87","1,190,000.00","1,190,000.00","85.31","Canada","-","CAD","15.31","1.00","Nov 22, 2047","3.55","CAD","Nov 22, 2017"
"APUCN","ALLIED PROPERTIES REAL ESTATE INVE","Real Estate","Fixed Income","1,033,391.63","0.06","1,033,391.63","1,220,000.00","1,220,000.00","84.14","Canada","-","CAD","6.01","1.00","Feb 21, 2030","3.12","CAD","Feb 21, 2020"
"ETRHWY","407 INTERNATIONAL INC MTN","Infrastructure","Fixed Income","1,029,746.06","0.06","1,029,746.06","1,021,000.00","1,021,000.00","98.86","Canada","-","CAD","12.30","1.00","Nov 15, 2041","4.45","CAD","Nov 17, 2011"
"MRUCN","METRO INC","Industrial","Fixed Income","1,023,424.24","0.06","1,023,424.24","1,060,000.00","1,060,000.00","95.78","Canada","-","CAD","1.54","1.00","Dec 2, 2024","1.92","CAD","Nov 30, 2021"
"CNQCN","CANADIAN NATURAL RESOURCES LTD MTN","Energy","Fixed Income","1,021,444.70","0.06","1,021,444.70","1,099,000.00","1,099,000.00","90.96","Canada","-","CAD","13.43","1.00","May 30, 2047","4.85","CAD","May 30, 2017"
"GM","GENERAL MOTORS FINANCIAL OF CANADA","Financial","Fixed Income","1,017,259.39","0.06","1,017,259.39","986,000.00","986,000.00","100.48","United States","-","CAD","0.98","1.00","May 14, 2024","5.95","CAD","May 14, 2020"
"BRUPOW","BRUCE POWER LP RegS","Energy","Fixed Income","1,013,514.54","0.06","1,013,514.54","1,000,000.00","1,000,000.00","100.89","Canada","-","CAD","4.09","1.00","Dec 21, 2027","4.70","CAD","Mar 23, 2023"
"CPXCN","CAPITAL POWER CORP MTN","Energy","Fixed Income","1,011,599.47","0.06","1,011,599.47","1,027,000.00","1,027,000.00","97.54","Canada","-","CAD","5.73","1.00","Feb 8, 2030","4.42","CAD","Nov 8, 2019"
"TRPCN","TRANSCANADA PIPELINES LTD MTN RegS","Energy","Fixed Income","1,010,966.30","0.06","1,010,966.30","1,000,000.00","1,000,000.00","100.37","Canada","-","CAD","0.84","1.00","Mar 10, 2026","5.42","CAD","Mar 10, 2023"
"WELL","HCN CANADIAN HOLDINGS 1 LP","Real Estate","Fixed Income","1,009,994.99","0.06","1,009,994.99","1,084,000.00","1,084,000.00","92.34","United States","-","CAD","3.46","1.00","Jan 15, 2027","2.95","CAD","Dec 20, 2019"
"LOWMAT","LOWER MATTAGAMI ENERGY LTD PARTNER","Infrastructure","Fixed Income","1,009,473.99","0.06","1,009,473.99","1,070,000.00","1,070,000.00","94.30","Canada","-","CAD","3.31","1.00","Oct 21, 2026","2.31","CAD","Oct 7, 2016"
"HYDONE","HYDRO ONE INC MTN","Infrastructure","Fixed Income","1,008,825.79","0.06","1,008,825.79","1,036,000.00","1,036,000.00","95.74","Canada","-","CAD","13.54","1.00","Jun 6, 2044","4.17","CAD","Jun 6, 2014"
"HYDONE","HYDRO ONE INC MTN","Infrastructure","Fixed Income","1,003,729.12","0.06","1,003,729.12","851,000.00","851,000.00","117.02","Canada","-","CAD","10.63","1.00","Mar 3, 2039","6.03","CAD","Mar 3, 2009"
"CWBCN","CANADIAN WESTERN BANK","Financial","Fixed Income","1,001,625.16","0.06","1,001,625.16","1,035,000.00","1,035,000.00","96.40","Canada","-","CAD","1.31","1.00","Sep 6, 2024","2.60","CAD","Sep 6, 2019"
"CUCN","CU INC","Energy","Fixed Income","996,881.15","0.06","996,881.15","977,000.00","977,000.00","99.89","Canada","-","CAD","16.13","1.00","Nov 7, 2053","4.56","CAD","Nov 7, 2013"
"ENBGAS","ENBRIDGE GAS INC MTN","Energy","Fixed Income","996,285.46","0.06","996,285.46","856,000.00","856,000.00","115.44","Canada","-","CAD","10.37","1.00","Sep 2, 2038","6.05","CAD","Sep 2, 2008"
"ALTALK","ALTALINK LP MTN","Infrastructure","Fixed Income","994,121.77","0.06","994,121.77","1,033,000.00","1,033,000.00","94.90","Canada","-","CAD","14.07","1.00","Jun 30, 2045","4.09","CAD","Jun 30, 2015"
"TOUCN","TOURMALINE OIL CORP RegS","Energy","Fixed Income","991,652.06","0.06","991,652.06","1,102,000.00","1,102,000.00","89.46","Canada","-","CAD","4.44","1.00","Jan 25, 2028","2.08","CAD","Jan 25, 2021"
"CNRCN","CANADIAN NATIONAL RAILWAY COMPANY","Industrial","Fixed Income","990,617.97","0.06","990,617.97","1,022,000.00","1,022,000.00","96.65","Canada","-","CAD","2.29","1.00","Sep 22, 2025","2.80","CAD","Sep 22, 2015"
"ENBGAS","ENBRIDGE GAS INC MTN","Energy","Fixed Income","987,484.10","0.06","987,484.10","1,025,000.00","1,025,000.00","95.10","Canada","-","CAD","4.18","1.00","Nov 22, 2027","2.88","CAD","Nov 22, 2017"
"NAVCAN","NAV CANADA","Infrastructure","Fixed Income","987,269.49","0.06","987,269.49","1,103,000.00","1,103,000.00","88.66","Canada","-","CAD","6.44","1.00","May 29, 2030","2.06","CAD","May 29, 2020"
"OTTMAC","OTTAWA MACDONALD-CARTIER INTERNATI","Infrastructure","Fixed Income","986,137.10","0.06","986,137.10","1,075,810.00","1,075,810.00","90.16","Canada","-","CAD","8.92","1.00","Jun 9, 2045","3.93","CAD","Jun 9, 2015"
"ALCTRA","ALECTRA INC (CANADA)","Infrastructure","Fixed Income","982,863.13","0.06","982,863.13","855,000.00","855,000.00","112.59","Canada","-","CAD","15.54","1.00","Nov 14, 2052","5.22","CAD","Nov 14, 2022"
"BAMREP","BRP FINANCE ULC","Energy","Fixed Income","981,335.50","0.06","981,335.50","905,000.00","905,000.00","105.65","Canada","-","CAD","9.28","1.00","Nov 5, 2036","5.84","CAD","Nov 1, 2006"
"BCECN","BELL CANADA 144A","Communication","Fixed Income","981,000.02","0.06","981,000.02","896,000.00","896,000.00","108.77","Canada","-","CAD","8.61","1.00","Mar 16, 2035","6.10","CAD","Mar 16, 2004"
"DE","JOHN DEERE FINANCIAL INC MTN","Financial","Fixed Income","976,886.84","0.06","976,886.84","1,030,000.00","1,030,000.00","94.76","United States","-","CAD","3.28","1.00","Oct 16, 2026","2.58","CAD","Oct 16, 2019"
"IFCCN","INTACT FINANCIAL CORP MTN","Financial","Fixed Income","975,429.26","0.06","975,429.26","1,152,000.00","1,152,000.00","83.97","Canada","-","CAD","6.93","1.00","Dec 16, 2030","1.93","CAD","Dec 16, 2020"
"BIP","BROOKFIELD INFRASTRUCTURE FINANCE MTN","Infrastructure","Fixed Income","974,888.32","0.06","974,888.32","904,000.00","904,000.00","106.65","Canada","-","CAD","7.36","1.00","Feb 14, 2033","5.98","CAD","Nov 14, 2022"
"GEICN","GIBSON ENERGY INC MTN","Energy","Fixed Income","973,539.53","0.06","973,539.53","1,040,000.00","1,040,000.00","92.80","Canada","-","CAD","3.90","1.00","Jul 14, 2027","2.85","CAD","Jul 14, 2020"
"POWCN","POWER CORPORATION OF CANADA","Financial","Fixed Income","971,028.83","0.06","971,028.83","981,000.00","981,000.00","97.84","Canada","-","CAD","13.85","1.00","Jan 31, 2047","4.81","CAD","Jan 31, 2017"
"CAAIAU","CALGARY AIRPORT AUTHORITY","Infrastructure","Fixed Income","970,065.41","0.06","970,065.41","1,140,000.00","1,140,000.00","84.89","Canada","-","CAD","16.86","1.00","Oct 7, 2051","3.55","CAD","Oct 7, 2021"
"IFCCN","INTACT FINANCIAL CORP MTN","Financial","Fixed Income","969,792.78","0.06","969,792.78","922,000.00","922,000.00","103.30","Canada","-","CAD","12.09","1.00","Jun 16, 2042","5.16","CAD","Jun 15, 2012"
"BCFERR","BRITISH COLUMBIA FERRY SERVICES IN","Infrastructure","Fixed Income","968,872.42","0.06","968,872.42","938,000.00","938,000.00","103.23","Canada","-","CAD","13.16","1.00","Oct 23, 2043","4.70","CAD","Oct 25, 2013"
"GZMCN","ENERGIR INC RegS","Energy","Fixed Income","968,572.98","0.06","968,572.98","1,049,000.00","1,049,000.00","91.68","Canada","-","CAD","7.57","1.00","Feb 9, 2032","3.04","CAD","Feb 9, 2022"
"IFCCN","INTACT FINANCIAL CORP MTN","Financial","Fixed Income","967,638.98","0.06","967,638.98","981,000.00","981,000.00","98.05","Canada","-","CAD","2.53","1.00","Mar 2, 2026","3.77","CAD","Mar 1, 2016"
"EPCOR","EPCOR UTILITIES INC MTN","Infrastructure","Fixed Income","967,629.56","0.06","967,629.56","1,040,000.00","1,040,000.00","91.39","Canada","-","CAD","15.30","1.00","Nov 26, 2048","3.95","CAD","Nov 26, 2018"
"SRUUCN","SMARTCENTRES REAL ESTATE INVESTMEN","Real Estate","Fixed Income","967,633.73","0.06","967,633.73","1,121,000.00","1,121,000.00","85.49","Canada","-","CAD","5.17","1.00","Dec 18, 2028","2.31","CAD","Dec 16, 2020"
"LOWMAT","LOWER MATTAGAMI ENERGY LP","Infrastructure","Fixed Income","966,154.06","0.06","966,154.06","1,007,000.00","1,007,000.00","95.89","Canada","-","CAD","16.57","1.00","Apr 23, 2052","4.17","CAD","Apr 23, 2012"
"CANCOR","CANADIAN CORE REAL ESTATE LP","Real Estate","Fixed Income","965,551.99","0.06","965,551.99","1,026,000.00","1,026,000.00","93.59","Canada","-","CAD","3.56","1.00","Mar 2, 2027","3.30","CAD","Mar 2, 2022"
"ALCTRA","ALECTRA INC (CANADA)","Infrastructure","Fixed Income","965,401.71","0.06","965,401.71","1,138,000.00","1,138,000.00","84.47","Canada","-","CAD","7.14","1.00","Feb 11, 2031","1.75","CAD","Feb 11, 2021"
"GRTCN","GRANITE REIT HOLDINGS LP","Real Estate","Fixed Income","965,459.40","0.06","965,459.40","1,100,000.00","1,100,000.00","87.41","Canada","-","CAD","4.96","1.00","Aug 30, 2028","2.19","CAD","Aug 30, 2021"
"LCN","LOBLAW COMPANIES LIMITED MTN","Industrial","Fixed Income","962,715.86","0.06","962,715.86","871,000.00","871,000.00","109.03","Canada","-","CAD","8.47","1.00","Jan 29, 2035","6.15","CAD","Jan 29, 2004"
"AERMON","AEROPORTS DE MONTREAL","Infrastructure","Fixed Income","961,617.24","0.06","961,617.24","866,000.00","866,000.00","110.86","Canada","-","CAD","11.39","1.00","Apr 16, 2040","5.47","CAD","Apr 16, 2010"
"SAPCN","SAPUTO INC MTN","Industrial","Fixed Income","961,377.73","0.06","961,377.73","978,000.00","978,000.00","97.58","Canada","-","CAD","2.11","1.00","Aug 14, 2025","3.60","CAD","Aug 10, 2018"
"VTR","VENTAS CANADA FINANCE LTD","Real Estate","Fixed Income","960,973.22","0.06","960,973.22","1,100,000.00","1,100,000.00","86.02","United States","-","CAD","7.25","1.00","Dec 1, 2031","3.30","CAD","Dec 1, 2021"
"ENBPIP","ENBRIDGE PIPELINES INC MTN","Energy","Fixed Income","960,209.90","0.05","960,209.90","1,134,000.00","1,134,000.00","83.79","Canada","-","CAD","13.96","1.00","Aug 9, 2046","4.13","CAD","Aug 9, 2016"
"SRUUCN","SMARTCENTRES REAL ESTATE INVESTMEN","Real Estate","Fixed Income","960,150.82","0.05","960,150.82","1,070,000.00","1,070,000.00","88.35","Canada","-","CAD","6.47","1.00","Dec 11, 2030","3.65","CAD","Jun 11, 2020"
"CWBCN","CANADIAN WESTERN BANK","Financial","Fixed Income","958,631.84","0.05","958,631.84","969,000.00","969,000.00","97.54","Canada","-","CAD","1.07","1.00","Jun 11, 2029","3.67","CAD","Jun 11, 2019"
"FCRCN","FIRST CAPITAL REAL ESTATE INVESTME","Real Estate","Fixed Income","955,566.93","0.05","955,566.93","995,000.00","995,000.00","94.33","Canada","-","CAD","2.79","1.00","May 6, 2026","3.60","CAD","May 6, 2016"
"BCFERR","BRITISH COLUMBIA FERRY SERVICES IN","Infrastructure","Fixed Income","951,514.36","0.05","951,514.36","837,000.00","837,000.00","112.05","Canada","-","CAD","10.20","1.00","Jan 11, 2038","5.58","CAD","Jan 11, 2008"
"APUCN","ALLIED PROPERTIES REAL ESTATE INVE","Real Estate","Fixed Income","949,996.98","0.05","949,996.98","1,060,000.00","1,060,000.00","88.22","Canada","-","CAD","4.55","1.00","May 15, 2028","3.13","CAD","May 15, 2020"
"TORHYD","TORONTO HYDRO CORPORATION","Infrastructure","Fixed Income","945,237.67","0.05","945,237.67","985,000.00","985,000.00","95.48","Canada","-","CAD","13.92","1.00","Sep 16, 2044","4.08","CAD","Sep 16, 2014"
"BCECN","MANITOBA TELECOM SERVICES INC MTN","Communication","Fixed Income","939,361.20","0.05","939,361.20","934,000.00","934,000.00","98.91","Canada","-","CAD","1.00","1.00","May 27, 2024","4.00","CAD","May 26, 2014"
"FNCN","FIRST NATIONAL FINANCIAL CORP","Financial","Fixed Income","939,374.49","0.05","939,374.49","996,000.00","996,000.00","93.00","Canada","-","CAD","2.40","1.00","Nov 17, 2025","2.96","CAD","Nov 16, 2020"
"ENBGAS","ENBRIDGE GAS INC MTN","Energy","Fixed Income","939,109.27","0.05","939,109.27","1,026,000.00","1,026,000.00","91.02","Canada","-","CAD","5.74","1.00","Aug 9, 2029","2.37","CAD","Aug 9, 2019"
"ENBGAS","ENBRIDGE GAS INC","Energy","Fixed Income","930,403.99","0.05","930,403.99","862,000.00","862,000.00","106.58","Canada","-","CAD","11.46","1.00","Jul 23, 2040","5.20","CAD","Jul 23, 2010"
"BCFERR","BRITISH COLUMBIA FERRY SERVICES IN","Infrastructure","Fixed Income","928,767.58","0.05","928,767.58","950,000.00","950,000.00","97.77","Canada","-","CAD","13.65","1.00","Apr 28, 2044","4.29","CAD","Apr 28, 2014"
"SE","WESTCOAST ENERGY INC MTN","Energy","Fixed Income","928,076.60","0.05","928,076.60","818,000.00","818,000.00","112.69","Canada","-","CAD","6.17","1.00","Mar 20, 2031","7.15","CAD","Mar 20, 2001"
"ENBCN","ENBRIDGE INC MTN","Energy","Fixed Income","927,918.37","0.05","927,918.37","1,140,000.00","1,140,000.00","80.97","Canada","-","CAD","15.39","1.00","Sep 21, 2051","4.10","CAD","Sep 21, 2021"
"ALTALK","ALTALINK LP MTN","Infrastructure","Fixed Income","927,388.08","0.05","927,388.08","909,000.00","909,000.00","99.93","Canada","-","CAD","12.34","1.00","Nov 8, 2041","4.46","CAD","Nov 8, 2011"
"FCRCN","FIRST CAPITAL REAL ESTATE INVESTME","Real Estate","Fixed Income","926,757.59","0.05","926,757.59","1,025,000.00","1,025,000.00","89.87","Canada","-","CAD","4.39","1.00","Mar 1, 2028","3.45","CAD","Sep 1, 2020"
"CRTUCN","CT REAL ESTATE INVESTMENT TRUST","Real Estate","Fixed Income","926,851.46","0.05","926,851.46","1,026,000.00","1,026,000.00","89.66","Canada","-","CAD","5.20","1.00","Feb 5, 2029","3.03","CAD","Feb 3, 2022"
"KEYCN","KEYERA CORP MTN","Energy","Fixed Income","925,938.79","0.05","925,938.79","925,000.00","925,000.00","99.67","Canada","-","CAD","7.12","1.00","Mar 28, 2032","5.02","CAD","Mar 28, 2022"
"EPCOR","EPCOR UTILITIES INC MTN","Infrastructure","Fixed Income","925,455.55","0.05","925,455.55","1,166,000.00","1,166,000.00","78.43","Canada","-","CAD","16.46","1.00","Jul 8, 2049","3.11","CAD","Jul 8, 2019"
"HYDONE","HYDRO ONE INC","Infrastructure","Fixed Income","921,297.79","0.05","921,297.79","1,051,000.00","1,051,000.00","87.43","Canada","-","CAD","16.34","1.00","Apr 5, 2050","3.64","CAD","Apr 5, 2019"
"ENBPIP","ENBRIDGE PIPELINES INC MTN","Energy","Fixed Income","919,952.37","0.05","919,952.37","1,011,000.00","1,011,000.00","90.12","Canada","-","CAD","12.70","1.00","Aug 17, 2043","4.55","CAD","Aug 16, 2013"
"ETRHWY","407 INTERNATIONAL INC MTN","Infrastructure","Fixed Income","916,821.85","0.05","916,821.85","912,000.00","912,000.00","99.64","Canada","-","CAD","6.88","1.00","Aug 14, 2031","4.45","CAD","Sep 7, 2022"
"MCAPCO","MCAP COMMERCIAL LP","Financial","Fixed Income","916,737.82","0.05","916,737.82","1,004,000.00","1,004,000.00","89.89","Canada","-","CAD","4.14","1.00","Nov 26, 2027","3.38","CAD","Nov 26, 2020"
"LCN","LOBLAW COMPANIES LIMITED MTN","Industrial","Fixed Income","912,615.60","0.05","912,615.60","841,000.00","841,000.00","106.90","Canada","-","CAD","9.00","1.00","Jan 18, 2036","5.90","CAD","Jan 18, 2005"
"ENBCN","ENBRIDGE INC MTN","Energy","Fixed Income","910,414.59","0.05","910,414.59","806,000.00","806,000.00","111.10","Canada","-","CAD","5.69","1.00","Jul 24, 2030","7.22","CAD","Jul 24, 2000"
"GZMCN","GAZ METRO INC MTN","Energy","Fixed Income","909,199.06","0.05","909,199.06","755,000.00","755,000.00","116.95","Canada","-","CAD","5.84","1.00","Oct 30, 2030","7.05","CAD","Oct 26, 2000"
"TRPCN","TRANS-CANADA PIPELINE MTN","Energy","Fixed Income","908,905.68","0.05","908,905.68","822,000.00","822,000.00","110.29","Canada","-","CAD","3.45","1.00","Apr 15, 2027","7.90","CAD","Apr 15, 1997"
"EPCOR","EPCOR UTILITIES INC MTN 144A","Infrastructure","Fixed Income","905,558.75","0.05","905,558.75","800,000.00","800,000.00","110.67","Canada","-","CAD","9.02","1.00","Nov 16, 2035","5.65","CAD","Nov 17, 2005"
"TERANE","TERANET HOLDINGS LP","Industrial","Fixed Income","905,403.22","0.05","905,403.22","863,000.00","863,000.00","102.71","Canada","-","CAD","10.91","1.00","Jun 17, 2041","6.10","CAD","Apr 4, 2011"
"APUCN","ALLIED PROPERTIES REAL ESTATE INVE","Real Estate","Fixed Income","905,136.25","0.05","905,136.25","993,000.00","993,000.00","90.98","Canada","-","CAD","3.67","1.00","Apr 8, 2027","3.11","CAD","Oct 8, 2019"
"EAGCCT","EAGLE CREDIT CARD TRUST","Securitized","Fixed Income","903,260.16","0.05","903,260.16","985,000.00","985,000.00","91.14","Canada","-","CAD","3.00","1.00","Jun 17, 2026","1.55","CAD","Jun 21, 2021"
"EPCOR","EPCOR UTILITIES INC MTN","Infrastructure","Fixed Income","902,143.54","0.05","902,143.54","777,000.00","777,000.00","113.66","Canada","-","CAD","10.89","1.00","Nov 24, 2039","5.75","CAD","Nov 24, 2009"
"OMERS","OMERS REALTY CORP","Real Estate","Fixed Income","902,193.53","0.05","902,193.53","912,000.00","912,000.00","97.61","Canada","-","CAD","1.95","1.00","Jun 5, 2025","3.33","CAD","Jun 5, 2018"
"AXUCN","ARTIS REAL ESTATE INVESTMENT TRUST","Real Estate","Fixed Income","900,867.14","0.05","900,867.14","900,000.00","900,000.00","97.32","Canada","-","CAD","1.83","1.00","Apr 29, 2025","5.60","CAD","Apr 29, 2022"
"CRTUCN","CT REAL ESTATE INVESTMENT TRUST","Real Estate","Fixed Income","899,922.93","0.05","899,922.93","933,000.00","933,000.00","94.95","Canada","-","CAD","4.12","1.00","Dec 7, 2027","3.87","CAD","Feb 7, 2018"
"LCN","LOBLAW COMPANIES LTD MTN 144A","Industrial","Fixed Income","897,664.98","0.05","897,664.98","783,000.00","783,000.00","113.56","Canada","-","CAD","6.78","1.00","Mar 1, 2032","6.85","CAD","Mar 1, 2002"
"ELFCN","EMPIRE LIFE INSURANCE CO RegS","Financial","Fixed Income","896,734.24","0.05","896,734.24","875,000.00","875,000.00","100.78","Canada","-","CAD","3.93","1.00","Jan 13, 2033","5.88","CAD","Jan 13, 2023"
"AERMON","AEROPORTS DE MONTREAL","Infrastructure","Fixed Income","892,974.84","0.05","892,974.84","761,000.00","761,000.00","117.04","Canada","-","CAD","7.85","1.00","Oct 11, 2033","6.55","CAD","Oct 9, 2003"
"HYDONE","HYDRO ONE INC MTN","Infrastructure","Fixed Income","892,791.50","0.05","892,791.50","964,000.00","964,000.00","91.93","Canada","-","CAD","14.54","1.00","Feb 23, 2046","3.91","CAD","Feb 24, 2016"
"NAVCAN","NAV CANADA MTN","Infrastructure","Fixed Income","891,447.12","0.05","891,447.12","1,060,000.00","1,060,000.00","83.85","Canada","-","CAD","16.06","1.00","Mar 30, 2048","3.29","CAD","Mar 29, 2018"
"NAVCAN","NAV CANADA","Infrastructure","Fixed Income","887,911.12","0.05","887,911.12","768,000.00","768,000.00","112.61","Canada","-","CAD","3.50","1.00","Jun 1, 2027","7.40","CAD","Dec 16, 1996"
"CUCN","CU INC MTN","Energy","Fixed Income","884,660.36","0.05","884,660.36","782,000.00","782,000.00","110.39","Canada","-","CAD","9.99","1.00","Oct 30, 2037","5.56","CAD","Nov 1, 2007"
"CLOVLP","CLOVER LIMITED PARTNERSHIP","Energy","Fixed Income","882,440.77","0.05","882,440.77","905,899.00","905,899.00","97.09","Canada","-","CAD","4.23","1.00","Mar 31, 2034","4.22","CAD","Oct 24, 2018"
"SLFCN","SUN LIFE CAPITAL TRUST","Financial","Fixed Income","880,039.88","0.05","880,039.88","776,000.00","776,000.00","111.11","Canada","-","CAD","6.81","1.00","Jun 30, 2052","7.09","CAD","Jun 25, 2002"
"DOLCN","DOLLARAMA INC","Industrial","Fixed Income","878,654.33","0.05","878,654.33","991,000.00","991,000.00","88.50","Canada","-","CAD","4.19","1.00","Sep 20, 2027","1.50","CAD","Sep 18, 2020"
"NVLAUT","NOUVELLE AUTOROUTE 30 FINANCEMENT","Infrastructure","Fixed Income","878,486.89","0.05","878,486.89","951,931.00","951,931.00","90.95","Canada","-","CAD","10.52","1.00","Jun 30, 2042","4.12","CAD","Jun 14, 2018"
"APUCN","ALLIED PROPERTIES REAL ESTATE INVE","Real Estate","Fixed Income","874,776.89","0.05","874,776.89","998,000.00","998,000.00","86.98","Canada","-","CAD","5.56","1.00","Aug 15, 2029","3.39","CAD","Aug 15, 2019"
"ENMAXC","ENMAX CORP","Infrastructure","Fixed Income","872,116.96","0.05","872,116.96","920,000.00","920,000.00","94.69","Canada","-","CAD","5.67","1.00","Oct 18, 2029","3.88","CAD","Oct 18, 2019"
"TORHYD","TORONTO HYDRO CORP MTN","Infrastructure","Fixed Income","871,978.99","0.05","871,978.99","753,000.00","753,000.00","113.40","Canada","-","CAD","11.23","1.00","May 21, 2040","5.54","CAD","May 20, 2010"
"COMWIN","COMBER WIND FINANCIAL CORP","Energy","Fixed Income","871,577.16","0.05","871,577.16","854,939.00","854,939.00","100.29","Canada","-","CAD","3.59","1.00","Nov 15, 2030","5.13","CAD","Feb 22, 2013"
"ETRHWY","407 INTERNATIONAL INC","Infrastructure","Fixed Income","870,895.84","0.05","870,895.84","916,000.00","916,000.00","93.69","Canada","-","CAD","8.29","1.00","Jun 1, 2033","3.43","CAD","Mar 24, 2017"
"BCECN","BELL CANADA MTN","Communication","Fixed Income","870,782.81","0.05","870,782.81","730,000.00","730,000.00","118.73","Canada","-","CAD","6.13","1.00","Apr 2, 2031","7.85","CAD","Apr 2, 2001"
"TRPCN","TRANSCANADA PIPELINES LIMITED MTN","Energy","Fixed Income","870,520.75","0.05","870,520.75","803,000.00","803,000.00","105.78","Canada","-","CAD","4.28","1.00","May 26, 2028","6.28","CAD","May 26, 1998"
"FIRWST","FIRST WEST CREDIT UNION","Financial","Fixed Income","862,774.47","0.05","862,774.47","837,000.00","837,000.00","100.29","Canada","-","CAD","1.46","1.00","Nov 29, 2024","6.80","CAD","Nov 29, 2022"
"ENBCN","ENBRIDGE INC MTN","Energy","Fixed Income","862,009.75","0.05","862,009.75","829,000.00","829,000.00","103.08","Canada","-","CAD","10.66","1.00","Sep 2, 2039","5.75","CAD","Sep 2, 2009"
"ENBGAS","ENBRIDGE GAS INC MTN 144A","Energy","Fixed Income","861,599.53","0.05","861,599.53","811,000.00","811,000.00","105.35","Canada","-","CAD","9.41","1.00","Feb 25, 2036","5.21","CAD","Feb 24, 2006"
"CTLONE","CENTRAL 1 CREDIT UNION","Financial","Fixed Income","860,212.40","0.05","860,212.40","950,000.00","950,000.00","90.23","Canada","-","CAD","2.66","1.00","Jan 29, 2026","1.32","CAD","Jan 29, 2021"
"AERMON","AEROPORT DE MONTREAL","Infrastructure","Fixed Income","857,476.34","0.05","857,476.34","927,000.00","927,000.00","92.15","Canada","-","CAD","13.24","1.00","Sep 26, 2042","3.92","CAD","Sep 26, 2012"
"ENBGAS","ENBRIDGE GAS INC MTN","Energy","Fixed Income","853,739.84","0.05","853,739.84","816,000.00","816,000.00","102.91","Canada","-","CAD","11.85","1.00","Jun 21, 2041","4.88","CAD","Jun 21, 2011"
"NAVCAN","NAV CANADA MTN","Infrastructure","Fixed Income","851,180.46","0.05","851,180.46","962,000.00","962,000.00","87.86","Canada","-","CAD","14.94","1.00","Feb 23, 2046","3.53","CAD","Feb 24, 2016"
"EMACN","EMERA INCORPORATED RegS","Infrastructure","Fixed Income","850,499.21","0.05","850,499.21","850,000.00","850,000.00","100.06","Canada","-","CAD","5.88","1.00","May 2, 2030","4.84","CAD","May 2, 2023"
"HALFX","HALIFAX INTERNATIONAL AIRPORT AUTH","Infrastructure","Fixed Income","849,785.64","0.05","849,785.64","830,000.00","830,000.00","100.19","Canada","-","CAD","14.89","1.00","Nov 15, 2050","4.89","CAD","Nov 5, 2010"
"RCICN","ROGERS COMMUNICATIONS INC","Communication","Fixed Income","849,126.86","0.05","849,126.86","1,014,000.00","1,014,000.00","82.11","Canada","-","CAD","14.52","1.00","Dec 9, 2049","4.25","CAD","Apr 3, 2023"
"TRPCN","TRANSCANADA PIPELINES LIMITED MTN","Energy","Fixed Income","848,367.53","0.05","848,367.53","775,000.00","775,000.00","106.97","Canada","-","CAD","5.97","1.00","Dec 9, 2030","6.50","CAD","Dec 7, 1998"
"REIUCN","RIOCAN REAL ESTATE INVESTMENT TRUS","Real Estate","Fixed Income","846,506.52","0.05","846,506.52","864,000.00","864,000.00","95.72","Canada","-","CAD","5.08","1.00","May 1, 2029","4.63","CAD","Apr 18, 2022"
"AERMON","AEROPORTS DE MONTREAL","Infrastructure","Fixed Income","846,016.32","0.05","846,016.32","909,000.00","909,000.00","91.60","Canada","-","CAD","14.06","1.00","Jun 12, 2045","3.92","CAD","Jun 12, 2015"
"CONFIN","CONCENTRA BANK","Financial","Fixed Income","845,792.29","0.05","845,792.29","880,000.00","880,000.00","95.46","Canada","-","CAD","1.02","1.00","May 17, 2024","1.46","CAD","May 17, 2021"
"DE","JOHN DEERE FINANCIAL INC MTN","Financial","Fixed Income","844,827.22","0.05","844,827.22","876,000.00","876,000.00","95.63","United States","-","CAD","2.05","1.00","Jun 20, 2025","2.31","CAD","Jan 19, 2022"
"CP","CANADIAN PACIFIC RAILWAY COMPANY","Industrial","Fixed Income","841,782.14","0.05","841,782.14","1,118,000.00","1,118,000.00","74.88","Canada","-","CAD","16.70","1.00","Mar 9, 2050","3.05","CAD","Mar 9, 2020"
"FTSCN","FORTISBC ENERGY INC MTN","Energy","Fixed Income","839,198.91","0.05","839,198.91","935,000.00","935,000.00","87.94","Canada","-","CAD","15.14","1.00","Oct 30, 2047","3.69","CAD","Oct 26, 2017"
"ACICN","ALTAGAS CANADA INC MTN","Energy","Fixed Income","837,344.01","0.05","837,344.01","872,000.00","872,000.00","95.84","Canada","-","CAD","2.78","1.00","Apr 6, 2026","3.15","CAD","Apr 3, 2019"
"FTSCN","FORTISBC ENERGY INC MTN","Energy","Fixed Income","831,582.51","0.05","831,582.51","733,000.00","733,000.00","112.46","Canada","-","CAD","8.70","1.00","Feb 26, 2035","5.90","CAD","Feb 25, 2005"
"LCN","LOBLAW COMPANIES LIMITED MTN","Industrial","Fixed Income","829,409.29","0.05","829,409.29","735,000.00","735,000.00","111.59","Canada","-","CAD","7.37","1.00","Feb 17, 2033","6.54","CAD","Feb 17, 2003"
"CUCN","CU INC","Energy","Fixed Income","829,327.79","0.05","829,327.79","800,000.00","800,000.00","101.73","Canada","-","CAD","15.42","1.00","Jun 3, 2052","4.85","CAD","Jun 3, 2022"
"SAPCN","SAPUTO INC MTN","Industrial","Fixed Income","828,639.80","0.05","828,639.80","914,000.00","914,000.00","89.86","Canada","-","CAD","4.76","1.00","Jun 22, 2028","2.30","CAD","Jun 22, 2021"
"LOWMAT","LOWER MATTAGAMI ENERGY LP","Infrastructure","Fixed Income","828,433.85","0.05","828,433.85","767,000.00","767,000.00","105.63","Canada","-","CAD","8.06","1.00","Oct 31, 2033","4.85","CAD","Oct 31, 2022"
"BIP","BROOKFIELD INFRASTRUCTURE FINANCE MTN","Infrastructure","Fixed Income","827,858.04","0.05","827,858.04","803,000.00","803,000.00","103.05","Canada","-","CAD","14.32","1.00","Apr 25, 2052","5.79","CAD","Apr 25, 2022"
"IAGCN","IA FINANCIAL CORPORATION INC","Financial","Fixed Income","826,989.72","0.05","826,989.72","881,000.00","881,000.00","93.32","Canada","-","CAD","3.48","1.00","Feb 25, 2032","3.20","CAD","Feb 25, 2022"
"ACICN","TRISUMMIT UTILITIES INC MTN RegS","Energy","Fixed Income","825,736.77","0.05","825,736.77","800,000.00","800,000.00","101.75","Canada","-","CAD","5.55","1.00","Jan 11, 2030","5.02","CAD","Jan 11, 2023"
"CHPUCN","CHOICE PROPERTIES REIT","Real Estate","Fixed Income","819,003.89","0.05","819,003.89","824,000.00","824,000.00","97.67","Canada","-","CAD","2.32","1.00","Nov 24, 2025","4.05","CAD","Nov 24, 2015"
"STNCN","STANTEC INC.","Industrial","Fixed Income","816,796.31","0.05","816,796.31","909,000.00","909,000.00","89.74","Canada","-","CAD","4.19","1.00","Oct 8, 2027","2.05","CAD","Oct 8, 2020"
"SRUUCN","SMART REAL ESTATE INVESTMENT TRUST","Real Estate","Fixed Income","815,726.56","0.05","815,726.56","857,000.00","857,000.00","94.63","Canada","-","CAD","3.11","1.00","Aug 28, 2026","3.44","CAD","Aug 30, 2016"
"FTSCN","TERASEN GAS VANCOUVER IS","Energy","Fixed Income","806,962.50","0.05","806,962.50","687,000.00","687,000.00","116.27","Canada","-","CAD","10.12","1.00","Feb 15, 2038","6.05","CAD","Feb 15, 2008"
"LCN","LOBLAW COMPANIES LIMITED MTN","Industrial","Fixed Income","806,504.89","0.05","806,504.89","730,000.00","730,000.00","108.16","Canada","-","CAD","8.10","1.00","Jun 9, 2034","6.05","CAD","Jun 9, 2003"
"IFCCN","INTACT FINANCIAL CORP","Financial","Fixed Income","804,498.68","0.05","804,498.68","950,000.00","950,000.00","84.37","Canada","-","CAD","1.92","1.00","Mar 31, 2081","4.13","CAD","Mar 31, 2021"
"NAVCAN","NAV CANADA","Infrastructure","Fixed Income","804,100.85","0.05","804,100.85","873,000.00","873,000.00","91.91","Canada","-","CAD","2.70","1.00","Feb 9, 2026","0.94","CAD","Feb 9, 2021"
"APUCN","ALLIED PROPERTIES REAL ESTATE INVE","Real Estate","Fixed Income","804,008.24","0.05","804,008.24","834,000.00","834,000.00","96.33","Canada","-","CAD","1.89","1.00","Apr 21, 2025","3.64","CAD","Apr 21, 2017"
"ALTALK","ALTALINK LP","Infrastructure","Fixed Income","797,319.19","0.05","797,319.19","750,000.00","750,000.00","104.37","Canada","-","CAD","7.54","1.00","Nov 28, 2032","4.69","CAD","Nov 28, 2022"
"DE","JOHN DEERE CANADA FUNDING INC MTN","Financial","Fixed Income","793,069.74","0.05","793,069.74","855,000.00","855,000.00","92.67","United States","-","CAD","2.84","1.00","Apr 9, 2026","1.63","CAD","Apr 9, 2021"
"CUCN","CU INC MTN","Energy","Fixed Income","792,210.67","0.05","792,210.67","731,000.00","731,000.00","106.13","Canada","-","CAD","9.18","1.00","Nov 21, 2035","5.18","CAD","Nov 21, 2005"
"TRPCN","TRANSCANADA PIPELINES LIMITED MTN","Energy","Fixed Income","788,596.14","0.05","788,596.14","712,000.00","712,000.00","109.25","Canada","-","CAD","4.44","1.00","Aug 7, 2028","6.89","CAD","Jul 30, 1997"
"ENBGAS","ENBRIDGE GAS INC MTN","Energy","Fixed Income","788,420.41","0.05","788,420.41","877,000.00","877,000.00","88.36","Canada","-","CAD","14.51","1.00","Jun 1, 2046","3.80","CAD","May 31, 2016"
"CRTUCN","CT REAL ESTATE INVESTMENT TRUST","Real Estate","Fixed Income","787,048.07","0.05","787,048.07","825,000.00","825,000.00","94.14","Canada","-","CAD","3.77","1.00","Jun 16, 2027","3.47","CAD","Jun 16, 2017"
"HCG","HOME TRUST CO","Financial","Fixed Income","782,070.54","0.04","782,070.54","775,000.00","775,000.00","98.93","Canada","-","CAD","1.07","1.00","Jun 13, 2024","5.32","CAD","Jun 13, 2022"
"MRUCN","METRO INC MTN","Industrial","Fixed Income","781,855.03","0.04","781,855.03","761,000.00","761,000.00","100.70","Canada","-","CAD","12.88","1.00","Dec 1, 2044","5.03","CAD","Dec 1, 2014"
"DE","JOHN DEERE FINANCIAL INC MTN","Financial","Fixed Income","781,873.95","0.04","781,873.95","804,000.00","804,000.00","96.97","United States","-","CAD","1.35","1.00","Sep 17, 2024","2.40","CAD","Jun 17, 2019"
"VANAIR","VANCOUVER AIRPORT AUTHORITY RegS","Infrastructure","Fixed Income","780,079.13","0.04","780,079.13","863,000.00","863,000.00","88.83","Canada","-","CAD","15.67","1.00","Nov 23, 2048","3.66","CAD","Nov 23, 2018"
"ACOXCN","ATCO LTD RegS","Energy","Fixed Income","777,389.16","0.04","777,389.16","786,000.00","786,000.00","96.22","Canada","-","CAD","4.61","1.00","Nov 1, 2078","5.50","CAD","Nov 1, 2018"
"GZMCN","ENERGIR INC RegS","Energy","Fixed Income","775,970.49","0.04","775,970.49","750,000.00","750,000.00","103.05","Canada","-","CAD","7.54","1.00","Sep 27, 2032","4.67","CAD","Sep 27, 2022"
"TCLACN","TRANSCONTINENTAL INC.","Communication","Fixed Income","775,573.96","0.04","775,573.96","810,000.00","810,000.00","95.14","Canada","-","CAD","1.70","1.00","Feb 3, 2025","2.67","CAD","Feb 1, 2022"
"ETRHWY","407 INTERNATIONAL INC. MTN","Infrastructure","Fixed Income","772,838.72","0.04","772,838.72","772,000.00","772,000.00","98.61","Canada","-","CAD","1.00","1.00","May 16, 2024","3.35","CAD","May 16, 2014"
"WAACA","WINNIPEG AIRPORT AUTHORITY","Infrastructure","Fixed Income","772,448.42","0.04","772,448.42","752,470.00","752,470.00","102.21","Canada","-","CAD","7.60","1.00","Sep 28, 2040","5.21","CAD","Sep 28, 2005"
"FTSCN","FORTISALBERTA INC MTN","Infrastructure","Fixed Income","772,327.54","0.04","772,327.54","880,000.00","880,000.00","87.26","Canada","-","CAD","15.31","1.00","Sep 9, 2047","3.67","CAD","Sep 7, 2017"
"CTCACN","CANADIAN TIRE CORPORATION LIMITED MTN","Industrial","Fixed Income","772,203.03","0.04","772,203.03","707,000.00","707,000.00","108.10","Canada","-","CAD","7.90","1.00","Feb 24, 2034","6.45","CAD","Feb 24, 2004"
"COCAPS","COAST CAPITAL SAVINGS FEDERAL CRED","Financial","Fixed Income","770,658.83","0.04","770,658.83","750,000.00","750,000.00","100.17","Canada","-","CAD","1.46","1.00","Nov 25, 2024","6.13","CAD","Nov 23, 2022"
"ALACN","ALTAGAS LTD MTN","Energy","Fixed Income","767,907.34","0.04","767,907.34","789,000.00","789,000.00","97.06","Canada","-","CAD","3.95","1.00","Oct 4, 2027","3.98","CAD","Oct 4, 2017"
"LCN","LOBLAW CO LTD MTN","Industrial","Fixed Income","765,810.00","0.04","765,810.00","704,000.00","704,000.00","107.40","Canada","-","CAD","4.11","1.00","Feb 9, 2028","6.45","CAD","Feb 9, 1998"
"SIACN","SIENNA SENIOR LIVING INC","Industrial","Fixed Income","765,641.31","0.04","765,641.31","808,000.00","808,000.00","94.19","Canada","-","CAD","2.66","1.00","Feb 27, 2026","3.45","CAD","Oct 2, 2020"
"CUCN","CU INC MTN","Energy","Fixed Income","764,112.41","0.04","764,112.41","718,000.00","718,000.00","104.23","Canada","-","CAD","9.73","1.00","Nov 20, 2036","5.03","CAD","Nov 20, 2006"
"DTRGR","DAIMLER TRUCKS FINANCE CANADA INC RegS","Financial","Fixed Income","759,653.37","0.04","759,653.37","745,000.00","745,000.00","101.41","Germany","-","CAD","3.91","1.00","Sep 20, 2027","5.22","CAD","Sep 19, 2022"
"SRUUCN","SMARTCENTRES REAL ESTATE INVESTMEN","Real Estate","Fixed Income","759,162.05","0.04","759,162.05","796,000.00","796,000.00","94.03","Canada","-","CAD","4.17","1.00","Dec 21, 2027","3.83","CAD","Dec 21, 2017"
"CUCN","CU INC MTN","Energy","Fixed Income","758,311.44","0.04","758,311.44","881,000.00","881,000.00","85.57","Canada","-","CAD","18.86","1.00","Sep 11, 2062","3.83","CAD","Sep 10, 2012"
"FTSCN","FORTISALBERTA INC MTN","Infrastructure","Fixed Income","757,247.06","0.04","757,247.06","587,000.00","587,000.00","127.59","Canada","-","CAD","10.24","1.00","Feb 14, 2039","7.06","CAD","Feb 13, 2009"
"WNCN","GEORGE WESTON LTD MTN","Industrial","Fixed Income","756,894.10","0.04","756,894.10","754,000.00","754,000.00","98.90","Canada","-","CAD","1.04","1.00","Jun 17, 2024","4.12","CAD","Jun 17, 2014"
"SLFCN","MUTUAL LIFE CANADA","Financial","Fixed Income","754,550.76","0.04","754,550.76","689,000.00","689,000.00","106.68","Canada","-","CAD","4.26","1.00","May 15, 2028","6.30","CAD","May 15, 1998"
"LCN","LOBLAW COMPANIES LTD","Industrial","Fixed Income","752,733.88","0.04","752,733.88","733,000.00","733,000.00","101.00","Canada","-","CAD","4.74","1.00","Dec 11, 2028","4.49","CAD","Dec 10, 2018"
"EAGCCT_19-1-A","EAGCCT_19-1 A","Securitized","Fixed Income","752,507.51","0.04","752,507.51","773,000.00","773,000.00","96.73","Canada","-","CAD","1.18","1.00","Jul 17, 2024","2.22","CAD","Jul 24, 2019"
"VANAIR","VANCOUVER INTL AIRPORT","Infrastructure","Fixed Income","751,746.07","0.04","751,746.07","663,000.00","663,000.00","110.50","Canada","-","CAD","3.13","1.00","Dec 7, 2026","7.42","CAD","Dec 6, 1996"
"SE","WESTCOAST ENERGY","Energy","Fixed Income","750,580.19","0.04","750,580.19","688,000.00","688,000.00","106.62","Canada","-","CAD","3.93","1.00","Dec 15, 2027","6.75","CAD","Dec 15, 1997"
"FTSCN","FORTISBC INC MTN","Infrastructure","Fixed Income","750,350.27","0.04","750,350.27","640,000.00","640,000.00","114.79","Canada","-","CAD","10.50","1.00","Jun 2, 2039","6.10","CAD","Jun 2, 2009"
"LBCN","LAURENTIAN BANK OF CANADA","Financial","Fixed Income","748,402.34","0.04","748,402.34","802,000.00","802,000.00","92.56","Canada","-","CAD","2.89","1.00","May 6, 2026","1.60","CAD","May 6, 2021"
"HYDONE","HYDRO ONE INC MTN","Infrastructure","Fixed Income","746,246.67","0.04","746,246.67","852,000.00","852,000.00","86.68","Canada","-","CAD","18.98","1.00","Jul 31, 2062","3.79","CAD","Jul 31, 2012"
"IFCCN","INTACT FINANCIAL CORP MTN RegS","Financial","Fixed Income","744,876.98","0.04","744,876.98","860,000.00","860,000.00","84.97","Canada","-","CAD","16.60","1.00","May 20, 2053","3.77","CAD","May 18, 2021"
"XCN","TMX GROUP LTD","Financial","Fixed Income","744,709.83","0.04","744,709.83","882,000.00","882,000.00","84.02","Canada","-","CAD","7.06","1.00","Feb 12, 2031","2.02","CAD","Feb 12, 2021"
"ENBGAS","ENBRIDGE GAS INC MTN","Energy","Fixed Income","742,418.19","0.04","742,418.19","742,000.00","742,000.00","98.13","Canada","-","CAD","13.00","1.00","Nov 23, 2043","4.50","CAD","Nov 22, 2013"
"GZMCN","ENERGIR INC RegS","Energy","Fixed Income","738,583.13","0.04","738,583.13","794,000.00","794,000.00","92.95","Canada","-","CAD","3.76","1.00","Apr 16, 2027","2.10","CAD","Apr 16, 2020"
"CUCN","CU INC","Energy","Fixed Income","738,271.86","0.04","738,271.86","770,000.00","770,000.00","93.79","Canada","-","CAD","16.87","1.00","Oct 29, 2055","4.21","CAD","Oct 30, 2015"
"ALTALK","ALTALINK LP MTN","Infrastructure","Fixed Income","737,361.40","0.04","737,361.40","663,000.00","663,000.00","110.73","Canada","-","CAD","11.40","1.00","Mar 26, 2040","5.38","CAD","Mar 25, 2010"
"XCN","TMX GROUP LTD","Financial","Fixed Income","736,616.91","0.04","736,616.91","743,000.00","743,000.00","97.65","Canada","-","CAD","4.46","1.00","Jun 5, 2028","3.78","CAD","Jun 5, 2018"
"CRTUCN","CT REAL ESTATE INVESTMENT TRUST","Real Estate","Fixed Income","732,993.54","0.04","732,993.54","761,000.00","761,000.00","94.99","Canada","-","CAD","2.88","1.00","Jun 1, 2026","3.29","CAD","May 31, 2016"
"SLFCN","SUN LIFE FINANCIAL INC","Financial","Fixed Income","732,384.82","0.04","732,384.82","756,000.00","756,000.00","96.39","Canada","-","CAD","1.25","1.00","Aug 13, 2029","2.38","CAD","Aug 13, 2019"
"IGMCN","IGM FINANCIAL INC","Financial","Fixed Income","730,777.72","0.04","730,777.72","820,000.00","820,000.00","87.54","Canada","-","CAD","14.52","1.00","Dec 9, 2047","4.12","CAD","Dec 7, 2017"
"BNS","BANK OF NOVA SCOTIA","Financial","Fixed Income","728,171.45","0.04","728,171.45","657,000.00","657,000.00","107.69","Canada","-","CAD","1.92","1.00","Jun 20, 2025","8.90","CAD","Jun 20, 1995"
"LBCN","LAURENTIAN BANK OF CANADA","Financial","Fixed Income","726,209.58","0.04","726,209.58","757,000.00","757,000.00","95.47","Canada","-","CAD","1.07","1.00","Jun 3, 2024","1.15","CAD","Jan 28, 2021"
"DIRUCN","DREAM INDUSTRIAL REAL ESTATE INVES","Real Estate","Fixed Income","725,832.24","0.04","725,832.24","788,000.00","788,000.00","91.12","Canada","-","CAD","3.38","1.00","Dec 7, 2026","2.54","CAD","Dec 6, 2021"
"TORHYD","TORONTO HYDRO CORPORATION","Infrastructure","Fixed Income","725,592.25","0.04","725,592.25","758,000.00","758,000.00","95.30","Canada","-","CAD","3.14","1.00","Aug 25, 2026","2.52","CAD","Jun 14, 2016"
"IGMCN","INVESTORS GROUP INC.","Financial","Fixed Income","724,856.19","0.04","724,856.19","614,000.00","614,000.00","117.04","Canada","-","CAD","7.33","1.00","Mar 7, 2033","7.11","CAD","Mar 5, 2003"
"ALCTRA","ALECTRA INC (CANADA)","Infrastructure","Fixed Income","724,628.15","0.04","724,628.15","860,000.00","860,000.00","84.11","Canada","-","CAD","16.17","1.00","Apr 12, 2049","3.46","CAD","Apr 11, 2019"
"DIRUCN","DREAM INDUSTRIAL REAL ESTATE INVES","Real Estate","Fixed Income","723,694.83","0.04","723,694.83","750,000.00","750,000.00","96.33","Canada","-","CAD","2.76","1.00","Apr 13, 2026","3.97","CAD","Apr 13, 2022"
"POWCN","POWER CORPORATION OF CANADA","Financial","Fixed Income","721,602.39","0.04","721,602.39","770,000.00","770,000.00","92.60","Canada","-","CAD","14.55","1.00","Jul 27, 2048","4.46","CAD","Jul 25, 2018"
"NSIUCN","NOVA SCOTIA POWER INC MTN","Infrastructure","Fixed Income","720,983.85","0.04","720,983.85","804,000.00","804,000.00","89.07","Canada","-","CAD","12.60","1.00","Mar 6, 2042","4.15","CAD","Mar 6, 2012"
"FTSCN","FORTISBC ENERGY INC MTN","Energy","Fixed Income","719,702.44","0.04","719,702.44","799,000.00","799,000.00","89.53","Canada","-","CAD","15.05","1.00","Mar 6, 2047","3.78","CAD","Dec 13, 2016"
"AERMON","AEROPORTS DE MONTREAL","Infrastructure","Fixed Income","719,608.98","0.04","719,608.98","860,000.00","860,000.00","83.64","Canada","-","CAD","15.60","1.00","Apr 24, 2047","3.36","CAD","Apr 24, 2017"
"PMZUCN","PRIMARIS REAL ESTATE INVESTMENT TR","Real Estate","Fixed Income","718,335.13","0.04","718,335.13","737,000.00","737,000.00","97.13","Canada","-","CAD","1.83","1.00","Mar 30, 2025","4.27","CAD","Mar 30, 2022"
"NVLAUT","NOUVELLE AUTOROUTE 30 FINANCEMENT","Infrastructure","Fixed Income","716,557.50","0.04","716,557.50","755,401.00","755,401.00","94.57","Canada","-","CAD","5.28","1.00","Mar 31, 2033","3.75","CAD","Jun 14, 2018"
"VANAIR","VANCOUVER AIRPORT AUTHORITY","Infrastructure","Fixed Income","714,349.79","0.04","714,349.79","760,000.00","760,000.00","92.21","Canada","-","CAD","14.35","1.00","Nov 10, 2045","3.86","CAD","Nov 10, 2015"
"ENBCN","ENBRIDGE INC MTN","Energy","Fixed Income","714,073.48","0.04","714,073.48","751,000.00","751,000.00","92.97","Canada","-","CAD","12.72","1.00","Nov 21, 2044","4.87","CAD","Dec 21, 2018"
"ENMAXC","ENMAX CORP","Infrastructure","Fixed Income","713,258.62","0.04","713,258.62","720,000.00","720,000.00","97.56","Canada","-","CAD","1.52","1.00","Dec 5, 2024","3.81","CAD","Dec 5, 2014"
"FTSCN","FORTISALBERTA INC MTN RegS","Infrastructure","Fixed Income","711,533.92","0.04","711,533.92","682,000.00","682,000.00","103.69","Canada","-","CAD","12.91","1.00","Sep 11, 2043","4.85","CAD","Sep 13, 2013"
"ALTALK","ALTALINK LP MTN","Infrastructure","Fixed Income","707,704.65","0.04","707,704.65","700,000.00","700,000.00","99.80","Canada","-","CAD","16.45","1.00","Jul 11, 2053","4.45","CAD","Jul 12, 2013"
"VW","VW CREDIT CANADA INC","Financial","Fixed Income","707,296.82","0.04","707,296.82","735,000.00","735,000.00","95.45","Canada","-","CAD","1.56","1.00","Dec 10, 2024","2.05","CAD","Dec 10, 2021"
"NSIUCN","NOVA SCOTIA POWER INC MTN","Infrastructure","Fixed Income","702,006.19","0.04","702,006.19","598,000.00","598,000.00","116.21","Canada","-","CAD","7.60","1.00","Aug 25, 2033","6.95","CAD","Aug 25, 2003"
"SRUUCN","CALLOWAY REAL ESTATE INVESTMENT TR","Real Estate","Fixed Income","699,252.96","0.04","699,252.96","715,000.00","715,000.00","97.01","Canada","-","CAD","1.69","1.00","Feb 6, 2025","3.56","CAD","Feb 6, 2015"
"CUCN","CU INC MTN","Energy","Fixed Income","697,982.26","0.04","697,982.26","669,000.00","669,000.00","103.74","Canada","-","CAD","15.80","1.00","Sep 14, 2052","4.77","CAD","Sep 14, 2022"
"ENBGAS","ENBRIDGE GAS INC MTN","Energy","Fixed Income","696,459.89","0.04","696,459.89","714,000.00","714,000.00","97.18","Canada","-","CAD","2.24","1.00","Sep 17, 2025","3.19","CAD","Sep 17, 2015"
"NAVCAN","NAV CANADA MTN","Infrastructure","Fixed Income","694,553.26","0.04","694,553.26","848,000.00","848,000.00","81.64","Canada","-","CAD","17.04","1.00","Sep 29, 2050","3.21","CAD","Mar 29, 2019"
"TIHCN","TOROMONT INDUSTRIES LTD.","Industrial","Fixed Income","691,867.92","0.04","691,867.92","705,000.00","705,000.00","97.84","Canada","-","CAD","2.21","1.00","Sep 30, 2025","3.71","CAD","Sep 30, 2015"
"NSIUCN","NOVA SCOTIA POWER INC RegS","Infrastructure","Fixed Income","690,701.83","0.04","690,701.83","916,000.00","916,000.00","75.38","Canada","-","CAD","16.29","1.00","Apr 25, 2050","3.31","CAD","Apr 24, 2020"
"POWCN","POWER CORPORATION CANADA","Financial","Fixed Income","688,766.40","0.04","688,766.40","500,000.00","500,000.00","137.61","Canada","-","CAD","9.89","1.00","Apr 22, 2039","8.57","CAD","Apr 20, 2009"
"CRDPOW","CORDELIO AMALCO GP I","Energy","Fixed Income","687,856.55","0.04","687,856.55","709,341.00","709,341.00","95.65","Canada","-","CAD","4.81","1.00","Jun 30, 2034","4.09","CAD","Dec 10, 2018"
"FTTCN","FINNING INTERNATIONAL INC","Industrial","Fixed Income","684,749.01","0.04","684,749.01","725,000.00","725,000.00","93.92","Canada","-","CAD","3.11","1.00","Aug 14, 2026","2.63","CAD","Aug 14, 2019"
"LOWMAT","LOWER MATTAGAMI ENERGY LP","Infrastructure","Fixed Income","683,478.54","0.04","683,478.54","639,000.00","639,000.00","106.45","Canada","-","CAD","13.05","1.00","Sep 21, 2043","4.94","CAD","Sep 20, 2013"
"LOWMAT","LOWER MATTAGAMI ENERGY LP","Infrastructure","Fixed Income","682,122.30","0.04","682,122.30","617,000.00","617,000.00","108.29","Canada","-","CAD","11.81","1.00","May 18, 2041","5.14","CAD","May 17, 2011"
"IPLCN","INTER PIPELINE LTD","Energy","Fixed Income","681,455.28","0.04","681,455.28","750,000.00","750,000.00","88.74","Canada","-","CAD","13.99","1.00","Nov 27, 2051","5.09","CAD","Nov 25, 2021"
"SIACN","SIENNA SENIOR LIVING INC","Industrial","Fixed Income","680,024.83","0.04","680,024.83","750,000.00","750,000.00","90.45","Canada","-","CAD","3.67","1.00","Mar 31, 2027","2.82","CAD","Jun 3, 2021"
"ALACN","ALTAGAS LTD MTN","Energy","Fixed Income","679,488.51","0.04","679,488.51","789,000.00","789,000.00","85.11","Canada","-","CAD","6.74","1.00","Nov 30, 2030","2.48","CAD","Nov 30, 2020"
"ELFCN","EMPIRE LIFE INSURANCE CO","Financial","Fixed Income","675,994.76","0.04","675,994.76","750,000.00","750,000.00","89.95","Canada","-","CAD","3.19","1.00","Sep 24, 2031","1.95","CAD","Sep 24, 2021"
"SMUUCN","SUMMIT INDUSTRIAL INCOME REIT","Real Estate","Fixed Income","673,877.07","0.04","673,877.07","761,000.00","761,000.00","87.86","Canada","-","CAD","4.80","1.00","Jul 14, 2028","2.44","CAD","Feb 17, 2023"
"ALACN","ALTAGAS LTD MTN","Energy","Fixed Income","671,894.90","0.04","671,894.90","724,000.00","724,000.00","92.48","Canada","-","CAD","13.67","1.00","Oct 4, 2047","4.99","CAD","Oct 4, 2017"
"ENBGAS","ENBRIDGE GAS INC MTN","Energy","Fixed Income","668,101.92","0.04","668,101.92","678,000.00","678,000.00","97.98","Canada","-","CAD","1.27","1.00","Aug 22, 2024","3.15","CAD","Aug 22, 2014"
"TORHYD","TORONTO HYDRO CORPORATION","Infrastructure","Fixed Income","665,709.67","0.04","665,709.67","719,000.00","719,000.00","91.67","Canada","-","CAD","5.99","1.00","Dec 11, 2029","2.43","CAD","Nov 12, 2019"
"GTAAIR","GREATER TORONTO AIRPORTS AUTHORITY","Infrastructure","Fixed Income","665,213.79","0.04","665,213.79","618,192.00","618,192.00","106.05","Canada","-","CAD","3.09","1.00","Jul 30, 2029","6.45","CAD","Jul 20, 1999"
"ENBGAS","ENBRIDGE GAS INC MTN","Energy","Fixed Income","664,283.07","0.04","664,283.07","872,000.00","872,000.00","75.54","Canada","-","CAD","16.58","1.00","Aug 9, 2049","3.01","CAD","Aug 9, 2019"
"ENBGAS","ENBRIDGE GAS INC MTN","Energy","Fixed Income","664,017.28","0.04","664,017.28","600,000.00","600,000.00","108.00","Canada","-","CAD","4.29","1.00","May 19, 2028","6.10","CAD","May 19, 1998"
"NSIUCN","NOVA SCOTIA PWR MTN","Infrastructure","Fixed Income","662,085.35","0.04","662,085.35","600,000.00","600,000.00","106.47","Canada","-","CAD","1.83","1.00","May 19, 2025","8.85","CAD","May 19, 1995"
"EPCOR","EPCOR UTILITIES INC MTN","Infrastructure","Fixed Income","659,529.82","0.04","659,529.82","654,000.00","654,000.00","100.11","Canada","-","CAD","12.56","1.00","Feb 28, 2042","4.55","CAD","Feb 28, 2012"
"ALACN","ALTAGAS LTD","Energy","Fixed Income","659,216.75","0.04","659,216.75","722,000.00","722,000.00","91.05","Canada","-","CAD","3.67","1.00","Mar 16, 2027","2.17","CAD","Mar 16, 2021"
"CIXCN","CI FINANCIAL CORP","Financial","Fixed Income","658,143.97","0.04","658,143.97","705,000.00","705,000.00","93.01","Canada","-","CAD","4.01","1.00","Sep 27, 2027","3.90","CAD","Sep 27, 2017"
"NSIUCN","NOVA SCOTIA POWER INC","Infrastructure","Fixed Income","658,051.32","0.04","658,051.32","625,000.00","625,000.00","104.77","Canada","-","CAD","15.21","1.00","Mar 24, 2053","5.36","CAD","Mar 24, 2023"
"ENBGAS","ENBRIDGE GAS INC MTN","Energy","Fixed Income","656,878.86","0.04","656,878.86","759,000.00","759,000.00","85.00","Canada","-","CAD","15.22","1.00","Nov 22, 2047","3.59","CAD","Nov 22, 2017"
"ETRHWY","407 INTERNATIONAL INC. MTN","Infrastructure","Fixed Income","654,636.46","0.04","654,636.46","788,000.00","788,000.00","82.79","Canada","-","CAD","14.76","1.00","Mar 27, 2045","3.30","CAD","Mar 27, 2015"
"LUCACN","LIBERTY UTILITIES (CANADA) LP","Energy","Fixed Income","653,653.20","0.04","653,653.20","850,000.00","850,000.00","76.24","Canada","-","CAD","16.14","1.00","Feb 14, 2050","3.31","CAD","Feb 14, 2020"
"CUCN","CU INC","Energy","Fixed Income","650,981.32","0.04","650,981.32","600,000.00","600,000.00","106.31","Canada","-","CAD","15.17","1.00","Nov 18, 2050","4.95","CAD","Nov 18, 2010"
"FTSCN","TERASEN GAS INC. MTN","Energy","Fixed Income","647,788.53","0.04","647,788.53","538,000.00","538,000.00","117.24","Canada","-","CAD","7.97","1.00","May 1, 2034","6.50","CAD","Apr 29, 2004"
"FTSCN","FORTISBC ENERGY INC","Energy","Fixed Income","646,131.57","0.04","646,131.57","857,000.00","857,000.00","74.79","Canada","-","CAD","16.97","1.00","Aug 9, 2049","2.82","CAD","Aug 9, 2019"
"CONNEC","CONNECT 6IX GENERAL PARTNERSHIP","Infrastructure","Fixed Income","645,625.55","0.04","645,625.55","600,000.00","600,000.00","105.07","Canada","-","CAD","14.88","1.00","Nov 30, 2060","6.21","CAD","Nov 17, 2022"
"FTSCN","FORTISALBERTA INC MTN","Infrastructure","Fixed Income","644,935.92","0.04","644,935.92","648,000.00","648,000.00","99.40","Canada","-","CAD","12.47","1.00","Oct 18, 2041","4.54","CAD","Oct 19, 2011"
"WNCN","GEORGE WESTON LIMITED MTN","Industrial","Fixed Income","635,415.82","0.04","635,415.82","575,000.00","575,000.00","109.44","Canada","-","CAD","7.33","1.00","Mar 1, 2033","6.69","CAD","Feb 28, 2003"
"TOUCN","TOURMALINE OIL CORP RegS","Energy","Fixed Income","631,538.67","0.04","631,538.67","700,000.00","700,000.00","89.70","Canada","-","CAD","5.30","1.00","Feb 12, 2029","2.53","CAD","Aug 11, 2021"
"ALCTRA","ALECTRA INC (CANADA)","Infrastructure","Fixed Income","628,951.42","0.04","628,951.42","559,000.00","559,000.00","109.89","Canada","-","CAD","11.67","1.00","Apr 29, 2041","5.30","CAD","Apr 29, 2011"
"TORHYD","TORONTO HYDRO CORPORATION","Infrastructure","Fixed Income","626,597.49","0.04","626,597.49","743,000.00","743,000.00","84.28","Canada","-","CAD","6.95","1.00","Oct 15, 2030","1.50","CAD","Oct 15, 2020"
"FTSCN","FORTISALBERTA INC MTN","Infrastructure","Fixed Income","622,966.05","0.04","622,966.05","548,000.00","548,000.00","113.47","Canada","-","CAD","10.33","1.00","Apr 15, 2038","5.85","CAD","Apr 15, 2008"
"BMW","BMW CANADA INC","Industrial","Fixed Income","622,426.14","0.04","622,426.14","615,000.00","615,000.00","100.28","Germany","-","CAD","3.45","1.00","Feb 10, 2027","4.41","CAD","Feb 10, 2023"
"ELFCN","E-L FINANCIAL CORP LTD","Financial","Fixed Income","621,295.04","0.04","621,295.04","754,000.00","754,000.00","81.01","Canada","-","CAD","15.08","1.00","Jun 22, 2050","4.00","CAD","Jun 22, 2020"
"DE","JOHN DEERE FINANCIAL INC","Financial","Fixed Income","619,638.54","0.04","619,638.54","660,000.00","660,000.00","93.12","United States","-","CAD","5.20","1.00","Jan 19, 2029","2.81","CAD","Jan 19, 2022"
"FNCN","FIRST NATIONAL FINANCIAL CORP","Financial","Fixed Income","616,429.55","0.04","616,429.55","630,000.00","630,000.00","96.33","Canada","-","CAD","1.50","1.00","Nov 25, 2024","3.58","CAD","Nov 25, 2019"
"IGMCN","INVESTORS GROUP INC. 144A","Financial","Fixed Income","609,750.46","0.03","609,750.46","505,000.00","505,000.00","117.27","Canada","-","CAD","6.09","1.00","May 9, 2031","7.45","CAD","May 9, 2001"
"GZMCN","GAZ METRO INC RegS","Energy","Fixed Income","609,350.55","0.03","609,350.55","700,000.00","700,000.00","85.47","Canada","-","CAD","15.15","1.00","May 16, 2047","3.53","CAD","May 16, 2017"
"SMUUCN","DREAM SUMMIT INDUS","Real Estate","Fixed Income","608,798.60","0.03","608,798.60","670,000.00","670,000.00","90.21","Canada","-","CAD","3.49","1.00","Jan 12, 2027","2.25","CAD","Feb 17, 2023"
"FTSCN","TERASEN GAS INC MTN","Energy","Fixed Income","606,155.04","0.03","606,155.04","490,000.00","490,000.00","122.57","Canada","-","CAD","10.43","1.00","Feb 24, 2039","6.55","CAD","Feb 24, 2009"
"BMW","BMW CANADA INC","Industrial","Fixed Income","605,840.85","0.03","605,840.85","642,000.00","642,000.00","94.09","Canada","-","CAD","1.67","1.00","Jan 14, 2025","0.99","CAD","Jan 14, 2021"
"EPCOR","EPCOR UTILITIES INC MTN","Infrastructure","Fixed Income","605,371.39","0.03","605,371.39","678,000.00","678,000.00","88.50","Canada","-","CAD","7.25","1.00","Jun 30, 2031","2.41","CAD","Jun 28, 2021"
"BCECN","BELL CANADA MTN 144A","Communication","Fixed Income","604,538.02","0.03","604,538.02","537,000.00","537,000.00","109.38","Canada","-","CAD","4.90","1.00","May 1, 2029","6.55","CAD","Jul 19, 1999"
"CRRUCN","CROMBIE REAL ESTATE INVESTMENT TRU","Real Estate","Fixed Income","604,437.92","0.03","604,437.92","675,000.00","675,000.00","89.34","Canada","-","CAD","4.55","1.00","Mar 31, 2028","2.69","CAD","Oct 9, 2020"
"CTLONE","CENTRAL 1 CREDIT UNION","Financial","Fixed Income","602,726.55","0.03","602,726.55","670,000.00","670,000.00","89.18","Canada","-","CAD","2.91","1.00","Jun 30, 2031","2.39","CAD","Jun 30, 2021"
"ALCTRA","ALECTRA INC (CANADA)","Infrastructure","Fixed Income","595,111.29","0.03","595,111.29","600,000.00","600,000.00","97.78","Canada","-","CAD","1.49","1.00","Nov 21, 2024","3.24","CAD","Nov 21, 2014"
"ENBGAS","ENBRIDGE GAS INC MTN","Energy","Fixed Income","592,551.47","0.03","592,551.47","695,000.00","695,000.00","83.82","Canada","-","CAD","15.32","1.00","Nov 29, 2047","3.51","CAD","Nov 29, 2017"
"SE","WESTCOAST ENERGY INC MTN","Energy","Fixed Income","592,351.23","0.03","592,351.23","633,000.00","633,000.00","93.58","Canada","-","CAD","12.06","1.00","Oct 28, 2041","4.79","CAD","Oct 28, 2011"
"CRDPOW","CORDELIO AMALCO GP I","Energy","Fixed Income","582,417.71","0.03","582,417.71","604,289.00","604,289.00","96.07","Canada","-","CAD","5.08","1.00","Sep 30, 2034","4.09","CAD","Dec 10, 2018"
"CCOCN","CAMECO CORPORATION","Industrial","Fixed Income","580,077.79","0.03","580,077.79","630,000.00","630,000.00","89.77","Canada","-","CAD","11.70","1.00","Nov 14, 2042","5.09","CAD","Nov 14, 2012"
"IGMCN","IGM FINANCIAL INC","Financial","Fixed Income","578,522.93","0.03","578,522.93","510,000.00","510,000.00","111.15","Canada","-","CAD","10.95","1.00","Dec 10, 2040","6.00","CAD","Dec 9, 2010"
"CNQCN","CANADIAN NATURAL RESOURCES LIMITED MTN","Energy","Fixed Income","573,603.58","0.03","573,603.58","573,000.00","573,000.00","98.69","Canada","-","CAD","1.04","1.00","Jun 3, 2024","3.55","CAD","Jun 3, 2014"
"FTSCN","FORTISBC INC MTN","Infrastructure","Fixed Income","573,182.24","0.03","573,182.24","546,000.00","546,000.00","102.86","Canada","-","CAD","14.90","1.00","Nov 24, 2050","5.00","CAD","Nov 24, 2010"
"MCAPCO","MCAP COMMERCIAL LP","Financial","Fixed Income","573,091.50","0.03","573,091.50","600,000.00","600,000.00","94.88","Canada","-","CAD","2.19","1.00","Aug 25, 2025","3.74","CAD","Aug 25, 2020"
"IGMCN","IGM FINANCIAL INC","Financial","Fixed Income","569,743.58","0.03","569,743.58","601,000.00","601,000.00","93.64","Canada","-","CAD","13.97","1.00","Jan 25, 2047","4.56","CAD","Jan 26, 2017"
"TORHYD","TORONTO HYDRO CORPORATION","Infrastructure","Fixed Income","567,658.58","0.03","567,658.58","637,000.00","637,000.00","89.06","Canada","-","CAD","7.54","1.00","Oct 20, 2031","2.47","CAD","Oct 18, 2021"
"ALTALK","ALTALINK LP","Infrastructure","Fixed Income","561,983.81","0.03","561,983.81","665,000.00","665,000.00","84.31","Canada","-","CAD","6.85","1.00","Sep 11, 2030","1.51","CAD","Sep 11, 2020"
"GZMCN","GAZ METRO INC MTN","Energy","Fixed Income","561,611.77","0.03","561,611.77","500,000.00","500,000.00","108.30","Canada","-","CAD","1.82","1.00","May 16, 2025","9.00","CAD","May 16, 1995"
"HYDONE","HYDRO ONE INC RegS","Infrastructure","Fixed Income","558,328.06","0.03","558,328.06","550,000.00","550,000.00","100.40","Canada","-","CAD","16.30","1.00","Jan 27, 2053","4.46","CAD","Jan 27, 2023"
"HYOHI","HYDRO OTTAWA HOLDING INC","Infrastructure","Fixed Income","557,892.52","0.03","557,892.52","650,000.00","650,000.00","84.98","Canada","-","CAD","14.19","1.00","Feb 2, 2045","3.64","CAD","Feb 2, 2015"
"ALTALK","ALTALINK LP MTN","Infrastructure","Fixed Income","553,114.50","0.03","553,114.50","512,000.00","512,000.00","107.50","Canada","-","CAD","9.75","1.00","Sep 22, 2036","5.25","CAD","Sep 21, 2006"
"ALTALK","ALTALINK LP","Infrastructure","Fixed Income","549,913.69","0.03","549,913.69","514,000.00","514,000.00","104.80","Canada","-","CAD","11.71","1.00","Nov 15, 2040","4.87","CAD","Nov 15, 2010"
"IGMCN","IGM FINANCIAL INC RegS","Financial","Fixed Income","549,742.00","0.03","549,742.00","615,000.00","615,000.00","88.19","Canada","-","CAD","14.71","1.00","Jul 13, 2048","4.17","CAD","Jul 11, 2018"
"IGMCN","IGM FINANCIAL INC RegS","Financial","Fixed Income","547,776.55","0.03","547,776.55","617,000.00","617,000.00","88.34","Canada","-","CAD","15.30","1.00","Mar 21, 2050","4.21","CAD","Mar 20, 2019"
"FTSCN","FORTISALBERTA INC MTN","Infrastructure","Fixed Income","546,173.97","0.03","546,173.97","765,000.00","765,000.00","70.38","Canada","-","CAD","17.72","1.00","Jun 8, 2051","2.63","CAD","Dec 8, 2020"
"FTTCN","FINNING INTERNATIONAL INC MTN","Industrial","Fixed Income","544,242.01","0.03","544,242.01","557,000.00","557,000.00","95.82","Canada","-","CAD","11.88","1.00","Jun 13, 2042","5.08","CAD","Jun 13, 2012"
"HALFX","HALIFAX INTERNATIONAL AIRPORT AUTH","Infrastructure","Fixed Income","543,569.08","0.03","543,569.08","500,000.00","500,000.00","107.22","Canada","-","CAD","11.63","1.00","Jul 19, 2041","5.50","CAD","Jul 19, 2006"
"FTSCN","FORTISALBERTA INC MTN","Infrastructure","Fixed Income","542,898.36","0.03","542,898.36","613,000.00","613,000.00","88.14","Canada","-","CAD","15.64","1.00","Sep 18, 2048","3.73","CAD","Sep 18, 2018"
"VTR","VENTAS CANADA FINANCE LTD","Real Estate","Fixed Income","541,918.21","0.03","541,918.21","549,000.00","549,000.00","98.38","United States","-","CAD","1.36","1.00","Sep 30, 2024","4.13","CAD","Sep 24, 2014"
"BCFERR","BRITISH COLUMBIA FERRY SERVICES IN","Infrastructure","Fixed Income","537,134.26","0.03","537,134.26","717,000.00","717,000.00","74.81","Canada","-","CAD","17.23","1.00","Oct 15, 2049","2.79","CAD","Oct 15, 2019"
"KINSOL","KINGSTON SOLAR LP INC","Energy","Fixed Income","536,310.13","0.03","536,310.13","570,097.00","570,097.00","93.22","Canada","-","CAD","5.50","1.00","Jul 31, 2035","3.57","CAD","Oct 14, 2016"
"IGMCN","INVESTORS GROUP INC.","Financial","Fixed Income","534,818.22","0.03","534,818.22","450,000.00","450,000.00","116.59","Canada","-","CAD","7.17","1.00","Dec 31, 2032","7.00","CAD","Dec 13, 2002"
"FTSCN","FORTISBC ENERGY INC MTN","Energy","Fixed Income","534,649.00","0.03","534,649.00","510,000.00","510,000.00","102.90","Canada","-","CAD","15.92","1.00","Nov 28, 2052","4.67","CAD","Nov 28, 2022"
"TORHYD","TORONTO HYDRO CORPORATION","Infrastructure","Fixed Income","533,613.37","0.03","533,613.37","672,000.00","672,000.00","78.27","Canada","-","CAD","16.82","1.00","Dec 10, 2049","2.99","CAD","Nov 12, 2019"
"WNCN","GEORGE WESTON LIMITED MTN 144A","Industrial","Fixed Income","533,360.08","0.03","533,360.08","470,000.00","470,000.00","111.89","Canada","-","CAD","6.64","1.00","Feb 5, 2032","7.10","CAD","Feb 5, 2002"
"CRRUCN","CROMBIE REAL ESTATE INVESTMENT TRU","Real Estate","Fixed Income","531,309.86","0.03","531,309.86","625,000.00","625,000.00","84.37","Canada","-","CAD","7.12","1.00","Aug 12, 2031","3.13","CAD","Aug 12, 2021"
"FTSCN","FORTISBC ENERGY INC MTN","Energy","Fixed Income","528,165.08","0.03","528,165.08","600,000.00","600,000.00","87.84","Canada","-","CAD","14.85","1.00","Apr 9, 2046","3.67","CAD","Apr 8, 2016"
"SMUUCN","SUMMIT INDUSTRIAL INCOME REIT","Real Estate","Fixed Income","525,553.68","0.03","525,553.68","579,000.00","579,000.00","90.64","Canada","-","CAD","2.81","1.00","Apr 1, 2026","1.82","CAD","Feb 17, 2023"
"FTSCN","FORTISBC ENERGY INC","Energy","Fixed Income","508,516.19","0.03","508,516.19","530,000.00","530,000.00","95.81","Canada","-","CAD","2.80","1.00","Apr 8, 2026","2.58","CAD","Apr 8, 2016"
"BMW","BMW CANADA INC","Industrial","Fixed Income","506,055.22","0.03","506,055.22","500,000.00","500,000.00","100.21","Germany","-","CAD","1.69","1.00","Feb 10, 2025","4.76","CAD","Feb 10, 2023"
"CESEBA","SOCIETE EN COMMANDITE CE SEBASTOPO","Infrastructure","Fixed Income","503,153.62","0.03","503,153.62","544,244.00","544,244.00","91.46","Canada","-","CAD","9.69","1.00","Jul 31, 2047","4.14","CAD","Jun 26, 2015"
"TORHYD","TORONTO HYDRO CORPORATION","Infrastructure","Fixed Income","493,577.06","0.03","493,577.06","569,000.00","569,000.00","86.18","Canada","-","CAD","15.74","1.00","Feb 28, 2048","3.48","CAD","Nov 14, 2017"
"NVLAUT","NOUVELLE AUTOROUTE 30 FINANCEMENT","Infrastructure","Fixed Income","492,706.24","0.03","492,706.24","509,611.00","509,611.00","95.47","Canada","-","CAD","4.91","1.00","Dec 31, 2032","3.74","CAD","Jun 14, 2018"
"FTSCN","FORTISALBERTA INC MTN","Infrastructure","Fixed Income","484,785.38","0.03","484,785.38","505,000.00","505,000.00","95.56","Canada","-","CAD","14.09","1.00","Sep 22, 2045","4.27","CAD","Sep 22, 2015"
"DIRUCN","DREAM INDUSTRIAL REAL ESTATE INVES","Real Estate","Fixed Income","479,397.08","0.03","479,397.08","475,000.00","475,000.00","100.38","Canada","-","CAD","4.24","1.00","Mar 22, 2028","5.38","CAD","Mar 22, 2023"
"ENBPIP","ENBRIDGE PIPELINES INC. MTN","Energy","Fixed Income","460,819.45","0.03","460,819.45","465,000.00","465,000.00","97.29","Canada","-","CAD","9.63","1.00","Dec 19, 2036","5.08","CAD","Dec 21, 2006"
"ITSPCH","INTEGRATED TEAM SOLUTIONS PCH PART","Infrastructure","Fixed Income","460,858.14","0.03","460,858.14","450,334.00","450,334.00","100.35","Canada","-","CAD","9.18","1.00","May 31, 2046","4.88","CAD","Nov 29, 2013"
"ARRLAK","ARROW LAKES POWER CO","Energy","Fixed Income","455,889.97","0.03","455,889.97","420,001.00","420,001.00","108.20","Canada","-","CAD","7.90","1.00","Apr 5, 2041","5.52","CAD","Apr 5, 2011"
"CUCN","CU INC MTN","Energy","Fixed Income","454,705.97","0.03","454,705.97","500,000.00","500,000.00","89.20","Canada","-","CAD","16.59","1.00","Nov 14, 2052","3.86","CAD","Nov 14, 2012"
"NSIUCN","NOVA SCOTIA POWER INC MTN","Infrastructure","Fixed Income","453,132.86","0.03","453,132.86","543,000.00","543,000.00","81.69","Canada","-","CAD","14.01","1.00","May 1, 2045","3.61","CAD","Apr 30, 2015"
"CUCN","CU INC","Energy","Fixed Income","444,147.29","0.03","444,147.29","446,000.00","446,000.00","99.53","Canada","-","CAD","18.14","1.00","Oct 24, 2061","4.59","CAD","Oct 24, 2011"
"FTSCN","FORTISBC INC MTN","Infrastructure","Fixed Income","443,133.72","0.03","443,133.72","400,000.00","400,000.00","108.18","Canada","-","CAD","8.98","1.00","Nov 9, 2035","5.60","CAD","Nov 10, 2005"
"CHPUCN","CHOICE PROPERTIES REAL ESTATE INVE","Real Estate","Fixed Income","435,914.02","0.02","435,914.02","600,000.00","600,000.00","72.08","Canada","-","CAD","14.78","1.00","Mar 4, 2050","3.83","CAD","Mar 3, 2020"
"ENBCN","ENBRIDGE INC MTN","Energy","Fixed Income","432,199.13","0.02","432,199.13","510,000.00","510,000.00","84.36","Canada","-","CAD","16.87","1.00","Mar 28, 2064","4.56","CAD","Mar 28, 2014"
"OTTMAC","OTTAWA MACDONALD-CARTIER INTERNATI","Infrastructure","Fixed Income","420,342.89","0.02","420,342.89","472,000.00","472,000.00","87.77","Canada","-","CAD","7.00","1.00","May 5, 2031","2.70","CAD","May 5, 2021"
"TCN","TELUS COMMUNICATIONS INC","Communication","Fixed Income","420,169.78","0.02","420,169.78","385,000.00","385,000.00","108.24","Canada","-","CAD","2.17","1.00","Sep 22, 2025","8.80","CAD","Sep 22, 1995"
"WAACA","WINNIPEG AIRPORTS AUTHORITY INC","Infrastructure","Fixed Income","418,759.04","0.02","418,759.04","500,000.00","500,000.00","83.46","Canada","-","CAD","15.20","1.00","Sep 30, 2047","3.66","CAD","Sep 29, 2017"
"WAACA","WINNIPEG AIRPORTS AUTHORITY INC","Infrastructure","Fixed Income","417,617.16","0.02","417,617.16","400,000.00","400,000.00","103.75","Canada","-","CAD","7.77","1.00","Mar 9, 2033","4.79","CAD","Mar 9, 2023"
"FTSCN","FORTISBC ENERGY INC","Energy","Fixed Income","415,912.89","0.02","415,912.89","590,000.00","590,000.00","69.76","Canada","-","CAD","17.64","1.00","Jul 13, 2050","2.54","CAD","Jul 13, 2020"
"EQBCN","EQUITABLE BANK (CANADA)","Financial","Fixed Income","414,933.73","0.02","414,933.73","428,000.00","428,000.00","96.01","Canada","-","CAD","1.00","1.00","May 9, 2024","1.98","CAD","Nov 9, 2021"
"FTSCN","FORTISALBERTA INC","Infrastructure","Fixed Income","414,430.63","0.02","414,430.63","500,000.00","500,000.00","82.54","Canada","-","CAD","15.29","1.00","Sep 21, 2046","3.34","CAD","Sep 21, 2016"
"EPCOR","EPCOR UTILITIES INC MTN","Infrastructure","Fixed Income","408,887.38","0.02","408,887.38","500,000.00","500,000.00","80.69","Canada","-","CAD","16.88","1.00","Jun 28, 2051","3.29","CAD","Jun 28, 2021"
"ENBCN","ENBRIDGE INC MTN","Energy","Fixed Income","407,534.71","0.02","407,534.71","394,000.00","394,000.00","100.92","Canada","-","CAD","8.87","1.00","Nov 14, 2035","5.57","CAD","Nov 14, 2005"
"REIUCN","RIOCAN REAL ESTATE INVESTMENT TRUS RegS","Real Estate","Fixed Income","406,424.92","0.02","406,424.92","400,000.00","400,000.00","100.79","Canada","-","CAD","3.85","1.00","Oct 6, 2027","5.61","CAD","Mar 6, 2023"
"ALCTRA","ALECTRA INC (CANADA)","Infrastructure","Fixed Income","404,933.96","0.02","404,933.96","429,000.00","429,000.00","93.44","Canada","-","CAD","13.09","1.00","Jul 30, 2042","3.96","CAD","Jul 30, 2012"
"TORHYD","TORONTO HYDRO CORPORATION","Infrastructure","Fixed Income","400,601.76","0.02","400,601.76","440,000.00","440,000.00","90.84","Canada","-","CAD","19.17","1.00","Apr 9, 2063","3.96","CAD","Apr 9, 2013"
"FTSCN","FORTISBC ENERGY INC MTN","Energy","Fixed Income","391,415.69","0.02","391,415.69","400,000.00","400,000.00","96.22","Canada","-","CAD","12.51","1.00","Dec 9, 2041","4.25","CAD","Dec 9, 2011"
"CWBCN","CANADIAN WESTERN BANK","Financial","Fixed Income","382,868.76","0.02","382,868.76","377,000.00","377,000.00","99.49","Canada","-","CAD","3.99","1.00","Dec 22, 2032","5.94","CAD","Dec 22, 2022"
"GZMCN","GAZ METRO INC","Energy","Fixed Income","381,282.47","0.02","381,282.47","460,000.00","460,000.00","82.63","Canada","-","CAD","14.76","1.00","Mar 31, 2045","3.30","CAD","Mar 31, 2015"
"CTCACN","CANADIAN TIRE CORPORATION LIMITED MTN","Industrial","Fixed Income","375,283.97","0.02","375,283.97","372,000.00","372,000.00","100.04","Canada","-","CAD","8.89","1.00","Sep 4, 2035","5.61","CAD","Sep 2, 2005"
"CUCN","CU INC MTN","Energy","Fixed Income","374,617.31","0.02","374,617.31","333,000.00","333,000.00","110.16","Canada","-","CAD","10.26","1.00","May 26, 2038","5.58","CAD","May 26, 2008"
"LCN","LOBLAW COMPANIES MTN 144A","Industrial","Fixed Income","373,489.01","0.02","373,489.01","325,000.00","325,000.00","113.89","Canada","-","CAD","10.30","1.00","Mar 1, 2039","6.45","CAD","Mar 1, 1999"
"CONNEC","CONNECT 6IX GENERAL PARTNERSHIP","Infrastructure","Fixed Income","372,454.51","0.02","372,454.51","350,000.00","350,000.00","103.92","Canada","-","CAD","12.50","1.00","Nov 30, 2046","6.11","CAD","Nov 17, 2022"
"CRRUCN","CROMBIE REAL ESTATE INVESTMENT TRU","Real Estate","Fixed Income","372,182.91","0.02","372,182.91","385,000.00","385,000.00","95.30","Canada","-","CAD","3.74","1.00","Jun 21, 2027","3.92","CAD","Dec 20, 2019"
"LOWMAT","LOWER MATTAGAMI ENERGY LP","Infrastructure","Fixed Income","367,852.57","0.02","367,852.57","369,000.00","369,000.00","98.48","Canada","-","CAD","1.10","1.00","Jun 20, 2024","3.42","CAD","Jun 20, 2014"
"ENBGAS","ENBRIDGE GAS INC","Energy","Fixed Income","354,979.00","0.02","354,979.00","314,000.00","314,000.00","109.05","Canada","-","CAD","2.22","1.00","Nov 10, 2025","8.65","CAD","Nov 10, 1995"
"TORHYD","TORONTO HYDRO CORPORATION","Infrastructure","Fixed Income","354,248.81","0.02","354,248.81","399,000.00","399,000.00","87.91","Canada","-","CAD","14.63","1.00","Jul 28, 2045","3.55","CAD","Mar 16, 2015"
"CRTUCN","CT REAL ESTATE INVESTMENT TRUST","Real Estate","Fixed Income","340,321.12","0.02","340,321.12","347,000.00","347,000.00","96.72","Canada","-","CAD","1.99","1.00","Jun 9, 2025","3.53","CAD","Jun 9, 2015"
"FTSCN","FORTISALBERTA INC MTN","Infrastructure","Fixed Income","338,519.80","0.02","338,519.80","345,000.00","345,000.00","97.86","Canada","-","CAD","1.38","1.00","Sep 30, 2024","3.30","CAD","Sep 29, 2014"
"GRASOL","GRAND RENEWABLE SOLAR LP 144A","Energy","Fixed Income","329,752.86","0.02","329,752.86","344,337.00","344,337.00","94.83","Canada","-","CAD","5.26","1.00","Jan 31, 2035","3.93","CAD","Jun 9, 2016"
"CRTUCN","CT REAL ESTATE INVESTMENT TRUST","Real Estate","Fixed Income","329,441.07","0.02","329,441.07","400,000.00","400,000.00","81.63","Canada","-","CAD","6.84","1.00","Jan 6, 2031","2.37","CAD","Jan 6, 2021"
"CAAIAU","CALGARY AIRPORT AUTHORITY","Infrastructure","Fixed Income","326,596.73","0.02","326,596.73","368,722.00","368,722.00","88.36","Canada","-","CAD","13.90","1.00","Oct 7, 2061","3.75","CAD","Oct 7, 2021"
"FTSCN","FORTISALBERTA INC","Infrastructure","Fixed Income","320,918.01","0.02","320,918.01","351,000.00","351,000.00","91.38","Canada","-","CAD","16.79","1.00","Oct 23, 2052","3.98","CAD","Oct 23, 2012"
"ERAA","EDMONTON REGIONAL AIRPORTS AUTHORI","Infrastructure","Fixed Income","293,737.78","0.02","293,737.78","340,150.00","340,150.00","84.74","Canada","-","CAD","10.55","1.00","May 20, 2051","3.71","CAD","May 20, 2021"
"NAVCAN","NAV CANADA","Infrastructure","Fixed Income","293,092.46","0.02","293,092.46","276,463.00","276,463.00","104.81","Canada","-","CAD","2.13","1.00","Mar 1, 2027","7.56","CAD","Mar 24, 1997"
"ALTALK","ALTALINK LP MTN","Infrastructure","Fixed Income","291,006.23","0.02","291,006.23","300,000.00","300,000.00","95.33","Canada","-","CAD","18.65","1.00","Jun 6, 2064","4.27","CAD","Jun 6, 2014"
"MONPOR","MONTREAL PORT AUTHORITY","Infrastructure","Fixed Income","286,859.96","0.02","286,859.96","350,000.00","350,000.00","81.63","Canada","-","CAD","17.12","1.00","Mar 22, 2051","3.24","CAD","Mar 22, 2021"
"FTSCN","FORTISBC ENERGY INC MTN","Energy","Fixed Income","275,428.10","0.02","275,428.10","300,000.00","300,000.00","90.31","Canada","-","CAD","15.44","1.00","Dec 7, 2048","3.85","CAD","Dec 7, 2018"
"FTSCN","TERASEN GAS VANCOUVER ISLAND INC","Energy","Fixed Income","274,918.98","0.02","274,918.98","250,000.00","250,000.00","107.93","Canada","-","CAD","11.59","1.00","Dec 6, 2040","5.20","CAD","Dec 6, 2010"
"CLOVLP","CLOVER LIMITED PARTNERSHIP","Energy","Fixed Income","262,217.19","0.02","262,217.19","265,875.00","265,875.00","97.26","Canada","-","CAD","3.97","1.00","Jun 30, 2034","4.22","CAD","Oct 24, 2018"
"WEMALL","WEST EDMONTON MALL PROPERTY INC","Real Estate","Fixed Income","251,065.92","0.01","251,065.92","254,323.00","254,323.00","97.90","Canada","-","CAD","0.76","1.00","Feb 13, 2024","4.06","CAD","Feb 13, 2014"
"CUCN","CU INC","Energy","Fixed Income","245,259.83","0.01","245,259.83","350,000.00","350,000.00","69.85","Canada","-","CAD","17.68","1.00","Sep 28, 2050","2.61","CAD","Sep 28, 2020"
"IGMCN","INVESTORS GROUP INC.","Financial","Fixed Income","220,381.27","0.01","220,381.27","200,000.00","200,000.00","107.71","Canada","-","CAD","3.94","1.00","Dec 13, 2027","6.65","CAD","Dec 12, 1997"
"ACICN","TRISUMMIT UTILITIES INC MTN","Energy","Fixed Income","201,989.87","0.01","201,989.87","200,000.00","200,000.00","99.95","Canada","-","CAD","14.86","1.00","Aug 15, 2052","5.28","CAD","Aug 15, 2022"
"HYOHI","HYDRO OTTAWA HOLDING INC","Infrastructure","Fixed Income","182,444.87","0.01","182,444.87","198,000.00","198,000.00","90.34","Canada","-","CAD","13.11","1.00","May 14, 2043","3.99","CAD","May 14, 2013"
"WAACA","WINNIPEG AIRPORTS AUTHORITY INC","Infrastructure","Fixed Income","181,485.98","0.01","181,485.98","250,000.00","250,000.00","71.89","Canada","-","CAD","16.75","1.00","Feb 3, 2051","3.04","CAD","Feb 4, 2021"
"HRUCN","H&R REAL ESTATE INVESTMENT TRUST","Real Estate","Fixed Income","165,151.09","0.01","165,151.09","182,000.00","182,000.00","90.25","Canada","-","CAD","3.57","1.00","Feb 19, 2027","2.63","CAD","Feb 19, 2021"
"PLEHHU","PLENARY HLTH CARE PTNRSHP HUMBR LP","Infrastructure","Fixed Income","162,235.28","0.01","162,235.28","165,000.00","165,000.00","96.36","Canada","-","CAD","13.02","1.00","Nov 30, 2044","4.82","CAD","Sep 23, 2011"
"SIACN","SIENNA SENIOR LIVING INC RegS","Industrial","Fixed Income","146,244.79","0.01","146,244.79","150,000.00","150,000.00","96.01","Canada","-","CAD","1.45","1.00","Nov 4, 2024","3.11","CAD","Nov 4, 2019"
"CRRUCN","CROMBIE REAL ESTATE INVESTMENT TRU","Real Estate","Fixed Income","134,300.98","0.01","134,300.98","155,000.00","155,000.00","86.48","Canada","-","CAD","6.52","1.00","Oct 9, 2030","3.21","CAD","Oct 9, 2020"
"FTSCN","FORTISALBERTA INC MTN","Infrastructure","Fixed Income","129,339.71","0.01","129,339.71","120,000.00","120,000.00","106.21","Canada","-","CAD","14.03","1.00","Jan 3, 2047","4.99","CAD","Jan 3, 2007"
"PCAR","PACCAR FINANCIAL LTD","Financial","Fixed Income","114,754.10","0.01","114,754.10","119,000.00","119,000.00","95.99","Canada","-","CAD","1.02","1.00","May 14, 2024","0.98","CAD","May 14, 2021"
"TOYOTA","TOYOTA CREDIT CANADA INC MTN","Financial","Fixed Income","19,100.89","0.00","19,100.89","19,000.00","19,000.00","99.65","Canada","-","CAD","0.20","1.00","Jul 12, 2023","3.04","CAD","Jul 12, 2018"
 