Fund Holdings as of,"Jan 31, 2023"
 
Ticker,Name,Sector,Asset Class,Market Value,Weight (%),Notional Value,Shares,Par Value,Price,Location,Exchange,Currency,Duration,FX Rate,Maturity,Coupon (%),Market Currency,Effective Date
"BNS","BANK OF NOVA SCOTIA","Financial","Fixed Income","12,299,898.16","0.72","12,299,898.16","12,833,000.00","12,833,000.00","94.67","Canada","-","CAD","3.78","1.00","Mar 8, 2027","2.95","CAD","Mar 7, 2022"
"TD","TORONTO-DOMINION BANK/THE","Financial","Fixed Income","11,686,743.84","0.69","11,686,743.84","12,112,000.00","12,112,000.00","95.44","Canada","-","CAD","2.46","1.00","Sep 9, 2025","2.67","CAD","Mar 9, 2022"
"CM","CANADIAN IMPERIAL BANK OF COMMERCE","Financial","Fixed Income","10,270,577.01","0.60","10,270,577.01","10,559,000.00","10,559,000.00","96.17","Canada","-","CAD","1.99","1.00","Mar 7, 2025","2.75","CAD","Mar 8, 2022"
"RY","ROYAL BANK OF CANADA MTN","Financial","Fixed Income","10,159,188.34","0.60","10,159,188.34","10,343,000.00","10,343,000.00","97.08","Canada","-","CAD","2.49","1.00","Sep 29, 2025","3.37","CAD","Mar 28, 2022"
"TD","TORONTO-DOMINION BANK/THE MTN","Financial","Fixed Income","9,971,038.22","0.59","9,971,038.22","10,305,000.00","10,305,000.00","95.90","Canada","-","CAD","2.11","1.00","Apr 22, 2030","3.11","CAD","Apr 22, 2020"
"TD","TORONTO-DOMINION BANK/THE","Financial","Fixed Income","9,324,607.80","0.55","9,324,607.80","9,331,000.00","9,331,000.00","99.23","Canada","-","CAD","3.92","1.00","Jun 1, 2027","4.21","CAD","Jun 1, 2022"
"BMO","BANK OF MONTREAL","Financial","Fixed Income","8,743,004.45","0.51","8,743,004.45","8,581,000.00","8,581,000.00","101.18","Canada","-","CAD","4.25","1.00","Dec 7, 2027","4.71","CAD","Dec 7, 2022"
"BMO","BANK OF MONTREAL","Financial","Fixed Income","8,605,100.15","0.51","8,605,100.15","8,886,000.00","8,886,000.00","95.51","Canada","-","CAD","4.59","1.00","Mar 1, 2028","3.19","CAD","Mar 1, 2018"
"TD","TORONTO-DOMINION BANK/THE","Financial","Fixed Income","8,598,085.99","0.51","8,598,085.99","8,432,000.00","8,432,000.00","101.26","Canada","-","CAD","5.15","1.00","Jan 8, 2029","4.68","CAD","Dec 7, 2022"
"BMO","BANK OF MONTREAL","Financial","Fixed Income","8,398,524.19","0.49","8,398,524.19","8,372,000.00","8,372,000.00","99.60","Canada","-","CAD","3.85","1.00","Jun 1, 2027","4.31","CAD","Jun 1, 2022"
"RY","ROYAL BANK OF CANADA","Financial","Fixed Income","8,292,610.24","0.49","8,292,610.24","8,551,000.00","8,551,000.00","96.33","Canada","-","CAD","1.68","1.00","Nov 1, 2024","2.61","CAD","Oct 30, 2019"
"RY","ROYAL BANK OF CANADA","Financial","Fixed Income","7,396,928.75","0.43","7,396,928.75","7,649,000.00","7,649,000.00","96.52","Canada","-","CAD","1.37","1.00","Jul 2, 2024","2.35","CAD","Jul 2, 2019"
"BNS","BANK OF NOVA SCOTIA","Financial","Fixed Income","7,110,459.42","0.42","7,110,459.42","7,743,000.00","7,743,000.00","91.37","Canada","-","CAD","3.56","1.00","Nov 2, 2026","1.85","CAD","Oct 8, 2021"
"RY","ROYAL BANK OF CANADA","Financial","Fixed Income","7,063,738.86","0.41","7,063,738.86","6,983,000.00","6,983,000.00","100.98","Canada","-","CAD","4.42","1.00","Jan 17, 2028","4.64","CAD","Jan 17, 2023"
"TD","TORONTO-DOMINION BANK/THE RegS","Financial","Fixed Income","7,051,536.43","0.41","7,051,536.43","6,681,000.00","6,681,000.00","104.04","Canada","-","CAD","4.13","1.00","Oct 21, 2027","5.38","CAD","Oct 21, 2022"
"RY","ROYAL BANK OF CANADA","Financial","Fixed Income","6,959,543.74","0.41","6,959,543.74","7,520,000.00","7,520,000.00","92.53","Canada","-","CAD","3.77","1.00","Jan 28, 2027","2.33","CAD","Jan 28, 2020"
"TRPCN","TRANSCANADA PIPELINES LTD MTN","Energy","Fixed Income","6,916,197.27","0.41","6,916,197.27","7,016,000.00","7,016,000.00","97.35","Canada","-","CAD","3.73","1.00","Apr 5, 2027","3.80","CAD","Apr 3, 2020"
"BMO","BANK OF MONTREAL","Financial","Fixed Income","6,869,408.09","0.40","6,869,408.09","6,981,000.00","6,981,000.00","97.18","Canada","-","CAD","3.76","1.00","Apr 1, 2027","3.65","CAD","Apr 1, 2022"
"BNS","BANK OF NOVA SCOTIA","Financial","Fixed Income","6,827,539.23","0.40","6,827,539.23","7,059,000.00","7,059,000.00","95.18","Canada","-","CAD","4.53","1.00","Feb 2, 2028","3.10","CAD","Feb 2, 2018"
"TD","TORONTO-DOMINION BANK/THE","Financial","Fixed Income","6,813,267.14","0.40","6,813,267.14","6,962,000.00","6,962,000.00","97.80","Canada","-","CAD","1.43","1.00","Jul 24, 2024","3.23","CAD","Jul 24, 2014"
"RY","ROYAL BANK OF CANADA","Financial","Fixed Income","6,760,083.77","0.40","6,760,083.77","6,699,000.00","6,699,000.00","100.85","Canada","-","CAD","4.04","1.00","Jul 26, 2027","4.61","CAD","Jul 25, 2022"
"TD","TORONTO-DOMINION BANK/THE RegS","Financial","Fixed Income","6,728,303.00","0.40","6,728,303.00","6,700,000.00","6,700,000.00","100.26","Canada","-","CAD","4.44","1.00","Jan 18, 2028","4.48","CAD","Jan 18, 2023"
"BMO","BANK OF MONTREAL","Financial","Fixed Income","6,715,748.34","0.39","6,715,748.34","6,797,000.00","6,797,000.00","97.66","Canada","-","CAD","1.05","1.00","Mar 6, 2024","2.85","CAD","Mar 6, 2019"
"CM","CANADIAN IMPERIAL BANK OF COMMERCE","Financial","Fixed Income","6,645,849.31","0.39","6,645,849.31","6,994,000.00","6,994,000.00","94.44","Canada","-","CAD","2.12","1.00","Apr 17, 2025","2.00","CAD","Apr 17, 2020"
"BNS","BANK OF NOVA SCOTIA","Financial","Fixed Income","6,545,973.01","0.38","6,545,973.01","6,894,000.00","6,894,000.00","94.84","Canada","-","CAD","1.88","1.00","Jan 10, 2025","1.95","CAD","Jan 10, 2022"
"CM","CANADIAN IMPERIAL BANK OF COMMERCE","Financial","Fixed Income","6,469,655.90","0.38","6,469,655.90","6,220,000.00","6,220,000.00","102.41","Canada","-","CAD","4.05","1.00","Oct 7, 2027","5.05","CAD","Oct 7, 2022"
"TD","TORONTO-DOMINION BANK/THE","Financial","Fixed Income","6,398,404.66","0.38","6,398,404.66","6,634,000.00","6,634,000.00","96.04","Canada","-","CAD","1.76","1.00","Dec 2, 2024","2.50","CAD","May 31, 2019"
"CM","CANADIAN IMPERIAL BANK OF COMMERCE","Financial","Fixed Income","6,353,745.34","0.37","6,353,745.34","6,205,000.00","6,205,000.00","101.95","Canada","-","CAD","3.88","1.00","Jun 29, 2027","4.95","CAD","Jun 29, 2022"
"RY","ROYAL BANK OF CANADA","Financial","Fixed Income","6,352,115.53","0.37","6,352,115.53","6,094,000.00","6,094,000.00","102.87","Canada","-","CAD","3.37","1.00","Nov 2, 2026","5.24","CAD","Oct 28, 2022"
"TD","TORONTO-DOMINION BANK/THE","Financial","Fixed Income","6,258,471.92","0.37","6,258,471.92","6,335,000.00","6,335,000.00","97.66","Canada","-","CAD","1.06","1.00","Mar 8, 2024","2.85","CAD","Mar 8, 2019"
"BNS","BANK OF NOVA SCOTIA","Financial","Fixed Income","6,029,027.23","0.35","6,029,027.23","6,222,000.00","6,222,000.00","96.69","Canada","-","CAD","1.36","1.00","Jun 28, 2024","2.29","CAD","Jun 30, 2017"
"RCICN","ROGERS COMMUNICATIONS INC","Communication","Fixed Income","5,873,973.95","0.35","5,873,973.95","6,344,000.00","6,344,000.00","91.97","Canada","-","CAD","3.18","1.00","Dec 17, 2081","5.00","CAD","Dec 17, 2021"
"TD","TORONTO-DOMINION BANK/THE","Financial","Fixed Income","5,811,431.47","0.34","5,811,431.47","6,094,000.00","6,094,000.00","94.62","Canada","-","CAD","2.03","1.00","Mar 13, 2025","1.94","CAD","Mar 13, 2020"
"CM","CANADIAN IMPERIAL BANK OF COMMERCE","Financial","Fixed Income","5,797,942.57","0.34","5,797,942.57","5,893,000.00","5,893,000.00","97.79","Canada","-","CAD","2.20","1.00","May 26, 2025","3.30","CAD","May 25, 2018"
"ENBCN","ENBRIDGE INC","Energy","Fixed Income","5,687,708.73","0.33","5,687,708.73","5,956,000.00","5,956,000.00","93.62","Canada","-","CAD","3.68","1.00","Sep 27, 2077","5.38","CAD","Sep 26, 2017"
"CM","CANADIAN IMPERIAL BANK OF COMMERCE","Financial","Fixed Income","5,595,697.59","0.33","5,595,697.59","6,061,000.00","6,061,000.00","92.18","Canada","-","CAD","3.72","1.00","Jan 7, 2027","2.25","CAD","Jan 7, 2022"
"BNS","BANK OF NOVA SCOTIA","Financial","Fixed Income","5,569,485.54","0.33","5,569,485.54","5,763,000.00","5,763,000.00","95.67","Canada","-","CAD","3.85","1.00","May 3, 2032","3.93","CAD","Mar 21, 2022"
"BMO","BANK OF MONTREAL","Financial","Fixed Income","5,533,630.37","0.33","5,533,630.37","5,651,000.00","5,651,000.00","96.87","Canada","-","CAD","1.54","1.00","Sep 11, 2024","2.70","CAD","Sep 11, 2017"
"RY","ROYAL BANK OF CANADA","Financial","Fixed Income","5,473,821.97","0.32","5,473,821.97","6,031,000.00","6,031,000.00","90.23","Canada","-","CAD","3.10","1.00","Nov 3, 2031","2.15","CAD","Oct 14, 2021"
"TD","TORONTO-DOMINION BANK/THE","Financial","Fixed Income","5,390,014.77","0.32","5,390,014.77","5,826,000.00","5,826,000.00","92.37","Canada","-","CAD","3.72","1.00","Jan 7, 2027","2.26","CAD","Jan 7, 2022"
"SJRCN","SHAW COMMUNICATIONS INC","Communication","Fixed Income","5,384,970.98","0.32","5,384,970.98","4,768,000.00","4,768,000.00","111.40","Canada","-","CAD","10.36","1.00","Nov 9, 2039","6.75","CAD","Nov 9, 2009"
"TD","TORONTO-DOMINION BANK/THE MTN","Financial","Fixed Income","5,361,086.24","0.31","5,361,086.24","5,741,000.00","5,741,000.00","93.34","Canada","-","CAD","3.72","1.00","Jan 26, 2032","3.06","CAD","Jun 25, 2019"
"BNS","BANK OF NOVA SCOTIA","Financial","Fixed Income","5,339,062.16","0.31","5,339,062.16","5,550,000.00","5,550,000.00","95.13","Canada","-","CAD","1.92","1.00","Feb 3, 2025","2.16","CAD","Jan 31, 2020"
"HSBC","HSBC BANK CANADA","Financial","Fixed Income","5,274,240.98","0.31","5,274,240.98","5,336,000.00","5,336,000.00","97.64","Canada","-","CAD","2.02","1.00","Mar 24, 2025","3.40","CAD","Mar 24, 2022"
"RCICN","ROGERS COMMUNICATIONS INC","Communication","Fixed Income","5,272,638.51","0.31","5,272,638.51","5,411,000.00","5,411,000.00","96.21","Canada","-","CAD","3.76","1.00","Mar 31, 2027","3.65","CAD","Mar 31, 2020"
"TD","TORONTO-DOMINION BANK/THE","Financial","Fixed Income","5,248,176.33","0.31","5,248,176.33","5,752,000.00","5,752,000.00","91.08","Canada","-","CAD","2.76","1.00","Dec 9, 2025","1.13","CAD","Dec 9, 2020"
"BNS","BANK OF NOVA SCOTIA","Financial","Fixed Income","5,160,539.28","0.30","5,160,539.28","5,881,000.00","5,881,000.00","87.40","Canada","-","CAD","4.52","1.00","Nov 1, 2027","1.40","CAD","Oct 15, 2020"
"RY","ROYAL BANK OF CANADA","Financial","Fixed Income","5,143,720.11","0.30","5,143,720.11","5,423,000.00","5,423,000.00","94.37","Canada","-","CAD","2.16","1.00","May 1, 2025","1.94","CAD","May 1, 2020"
"BCECN","BELL CANADA MTN","Communication","Fixed Income","5,128,555.71","0.30","5,128,555.71","5,192,000.00","5,192,000.00","97.48","Canada","-","CAD","1.94","1.00","Mar 12, 2025","3.35","CAD","Mar 12, 2018"
"BNS","BANK OF NOVA SCOTIA RegS","Financial","Fixed Income","5,083,785.17","0.30","5,083,785.17","5,257,000.00","5,257,000.00","96.49","Canada","-","CAD","1.37","1.00","Jul 3, 2029","2.84","CAD","Jul 3, 2019"
"BNS","BANK OF NOVA SCOTIA","Financial","Fixed Income","5,079,202.65","0.30","5,079,202.65","5,222,000.00","5,222,000.00","96.38","Canada","-","CAD","1.58","1.00","Sep 23, 2024","2.49","CAD","Sep 23, 2019"
"CM","CANADIAN IMPERIAL BANK OF COMMERCE","Financial","Fixed Income","5,072,880.19","0.30","5,072,880.19","5,216,000.00","5,216,000.00","96.25","Canada","-","CAD","1.51","1.00","Aug 28, 2024","2.35","CAD","Aug 28, 2019"
"BMO","BANK OF MONTREAL","Financial","Fixed Income","5,060,965.82","0.30","5,060,965.82","5,253,000.00","5,253,000.00","96.33","Canada","-","CAD","1.45","1.00","Jul 29, 2024","2.28","CAD","Jul 29, 2019"
"RY","ROYAL BANK OF CANADA RegS","Financial","Fixed Income","5,011,912.28","0.29","5,011,912.28","5,212,000.00","5,212,000.00","95.85","Canada","-","CAD","1.81","1.00","Dec 23, 2029","2.88","CAD","Dec 23, 2019"
"TD","TORONTO-DOMINION BANK/THE","Financial","Fixed Income","4,924,277.16","0.29","4,924,277.16","4,941,000.00","4,941,000.00","99.61","Canada","-","CAD","2.79","1.00","Jan 27, 2026","4.34","CAD","Jul 27, 2022"
"BMO","BANK OF MONTREAL MTN","Financial","Fixed Income","4,876,197.90","0.29","4,876,197.90","5,043,000.00","5,043,000.00","95.52","Canada","-","CAD","1.91","1.00","Feb 3, 2025","2.37","CAD","Jan 17, 2020"
"NACN","NATIONAL BANK OF CANADA","Financial","Fixed Income","4,867,749.00","0.29","4,867,749.00","5,011,000.00","5,011,000.00","95.86","Canada","-","CAD","1.91","1.00","Feb 3, 2025","2.58","CAD","Dec 19, 2019"
"TRPCN","TRANSCANADA TRUST","Energy","Fixed Income","4,814,041.19","0.28","4,814,041.19","5,224,000.00","5,224,000.00","91.20","Canada","-","CAD","3.48","1.00","May 18, 2077","4.65","CAD","May 18, 2017"
"BNS","BANK OF NOVA SCOTIA","Financial","Fixed Income","4,804,843.64","0.28","4,804,843.64","4,602,000.00","4,602,000.00","103.16","Canada","-","CAD","2.96","1.00","May 8, 2026","5.50","CAD","Nov 9, 2022"
"RY","ROYAL BANK OF CANADA RegS","Financial","Fixed Income","4,799,926.44","0.28","4,799,926.44","4,986,000.00","4,986,000.00","96.22","Canada","-","CAD","1.43","1.00","Jul 25, 2029","2.74","CAD","Jul 25, 2019"
"CM","CANADIAN IMPERIAL BANK OF COMMERCE","Financial","Fixed Income","4,733,529.53","0.28","4,733,529.53","4,876,000.00","4,876,000.00","96.73","Canada","-","CAD","1.33","1.00","Jun 19, 2029","2.95","CAD","Jun 19, 2019"
"TD","TORONTO-DOMINION BANK/THE RegS","Financial","Fixed Income","4,537,998.26","0.27","4,537,998.26","5,080,000.00","5,080,000.00","88.58","Canada","-","CAD","4.76","1.00","Mar 8, 2028","1.89","CAD","Mar 8, 2021"
"TRICN","THOMSON REUTERS CORPORATION","Communication","Fixed Income","4,443,160.19","0.26","4,443,160.19","4,648,000.00","4,648,000.00","95.11","Canada","-","CAD","2.19","1.00","May 14, 2025","2.24","CAD","May 14, 2020"
"TD","TORONTO-DOMINION BANK/THE MTN","Financial","Fixed Income","4,416,879.66","0.26","4,416,879.66","4,553,000.00","4,553,000.00","96.96","Canada","-","CAD","1.43","1.00","Jul 25, 2029","3.22","CAD","Jul 25, 2017"
"HLTHQC","HEALTH MONTREAL COLLECTIVE LP 144A","Infrastructure","Fixed Income","4,250,017.70","0.25","4,250,017.70","3,719,973.00","3,719,973.00","111.98","Canada","-","CAD","10.07","1.00","Sep 30, 2049","6.72","CAD","Jun 10, 2011"
"RCICN","ROGERS COMMUNICATIONS INC","Communication","Fixed Income","4,200,876.81","0.25","4,200,876.81","4,313,000.00","4,313,000.00","96.48","Canada","-","CAD","2.09","1.00","Apr 15, 2025","3.10","CAD","Mar 11, 2022"
"CVECN","CENOVUS ENERGY INC","Energy","Fixed Income","4,130,609.47","0.24","4,130,609.47","4,212,000.00","4,212,000.00","96.37","Canada","-","CAD","4.47","1.00","Feb 7, 2028","3.50","CAD","Aug 7, 2020"
"ENBCN","ENBRIDGE INC MTN","Energy","Fixed Income","4,085,393.88","0.24","4,085,393.88","4,282,000.00","4,282,000.00","94.94","Canada","-","CAD","4.00","1.00","Jun 8, 2027","3.20","CAD","Jun 8, 2017"
"RY","ROYAL BANK OF CANADA","Financial","Fixed Income","4,059,346.11","0.24","4,059,346.11","4,418,000.00","4,418,000.00","91.50","Canada","-","CAD","3.12","1.00","May 4, 2026","1.59","CAD","May 4, 2021"
"BNS","BANK OF NOVA SCOTIA","Financial","Fixed Income","3,986,773.32","0.23","3,986,773.32","4,197,000.00","4,197,000.00","94.56","Canada","-","CAD","3.60","1.00","Dec 2, 2026","2.62","CAD","Dec 2, 2016"
"TCN","TELUS CORPORATION","Communication","Fixed Income","3,983,962.13","0.23","3,983,962.13","3,810,000.00","3,810,000.00","103.46","Canada","-","CAD","7.64","1.00","Nov 15, 2032","5.25","CAD","Sep 13, 2022"
"TCN","TELUS CORPORATION MTN","Communication","Fixed Income","3,921,328.99","0.23","3,921,328.99","3,947,000.00","3,947,000.00","98.23","Canada","-","CAD","1.11","1.00","Apr 1, 2024","3.35","CAD","Apr 1, 2013"
"BMO","BANK OF MONTREAL","Financial","Fixed Income","3,909,039.68","0.23","3,909,039.68","4,173,000.00","4,173,000.00","93.42","Canada","-","CAD","2.28","1.00","Jun 17, 2030","2.08","CAD","Jun 17, 2020"
"TD","TORONTO-DOMINION BANK/THE RegS","Financial","Fixed Income","3,906,387.91","0.23","3,906,387.91","4,419,000.00","4,419,000.00","87.66","Canada","-","CAD","5.21","1.00","Sep 11, 2028","1.90","CAD","Sep 10, 2021"
"CP","CANADIAN PACIFIC RAILWAY COMPANY","Industrial","Fixed Income","3,880,134.00","0.23","3,880,134.00","4,164,000.00","4,164,000.00","92.10","Canada","-","CAD","4.66","1.00","Feb 28, 2028","2.54","CAD","Nov 24, 2021"
"TD","TORONTO-DOMINION BANK/THE MTN","Financial","Fixed Income","3,871,615.83","0.23","3,871,615.83","3,800,000.00","3,800,000.00","99.88","Canada","-","CAD","2.80","1.00","Mar 4, 2031","4.86","CAD","Mar 4, 2016"
"GWOCN","GREAT-WEST LIFECO INC","Financial","Fixed Income","3,862,210.92","0.23","3,862,210.92","5,024,000.00","5,024,000.00","76.57","Canada","-","CAD","2.14","1.00","Dec 31, 2081","3.60","CAD","Aug 16, 2021"
"BMO","BANK OF MONTREAL","Financial","Fixed Income","3,855,665.40","0.23","3,855,665.40","4,212,000.00","4,212,000.00","91.27","Canada","-","CAD","3.19","1.00","May 28, 2026","1.55","CAD","May 28, 2021"
"BCECN","BELL CANADA MTN","Communication","Fixed Income","3,794,268.27","0.22","3,794,268.27","3,450,000.00","3,450,000.00","108.66","Canada","-","CAD","7.39","1.00","Nov 10, 2032","5.85","CAD","Nov 10, 2022"
"BNCN","BROOKFIELD FINANCE II INC RegS","Industrial","Fixed Income","3,754,048.29","0.22","3,754,048.29","3,640,000.00","3,640,000.00","102.42","Canada","-","CAD","7.57","1.00","Dec 14, 2032","5.43","CAD","Dec 14, 2022"
"CM","CANADIAN IMPERIAL BANK OF COMMERCE","Financial","Fixed Income","3,711,711.38","0.22","3,711,711.38","4,097,000.00","4,097,000.00","90.56","Canada","-","CAD","2.88","1.00","Jan 19, 2026","1.10","CAD","Jan 19, 2021"
"RY","ROYAL BANK OF CANADA RegS","Financial","Fixed Income","3,700,528.29","0.22","3,700,528.29","3,954,000.00","3,954,000.00","93.41","Canada","-","CAD","2.32","1.00","Jun 30, 2030","2.09","CAD","Jun 30, 2020"
"NACN","NATIONAL BANK OF CANADA","Financial","Fixed Income","3,611,751.44","0.21","3,611,751.44","3,500,000.00","3,500,000.00","101.90","Canada","-","CAD","2.53","1.00","Nov 3, 2025","5.30","CAD","Nov 3, 2022"
"CCDJ","FEDERATION DES CAISSES DESJARDINS","Financial","Fixed Income","3,551,342.08","0.21","3,551,342.08","3,523,000.00","3,523,000.00","99.92","Canada","-","CAD","3.87","1.00","May 19, 2027","4.41","CAD","May 19, 2022"
"NACN","NATIONAL BANK OF CANADA","Financial","Fixed Income","3,547,719.75","0.21","3,547,719.75","3,664,000.00","3,664,000.00","96.69","Canada","-","CAD","1.40","1.00","Jul 12, 2024","2.54","CAD","Jul 12, 2019"
"CM","CANADIAN IMPERIAL BANK OF COMMERCE","Financial","Fixed Income","3,531,545.62","0.21","3,531,545.62","3,866,000.00","3,866,000.00","91.27","Canada","-","CAD","3.31","1.00","Jul 15, 2026","1.70","CAD","Jul 15, 2021"
"BCECN","BELL TELEPHONE COMPANY OF CANADA O MTN","Communication","Fixed Income","3,530,783.66","0.21","3,530,783.66","3,573,000.00","3,573,000.00","97.12","Canada","-","CAD","4.85","1.00","Aug 21, 2028","3.80","CAD","Aug 21, 2018"
"CCDJ","FEDERATION DES CAISSES DESJARDINS","Financial","Fixed Income","3,522,096.56","0.21","3,522,096.56","3,453,000.00","3,453,000.00","99.78","Canada","-","CAD","3.88","1.00","Aug 23, 2032","5.04","CAD","Aug 23, 2022"
"HSBC","HSBC BANK CANADA","Financial","Fixed Income","3,502,782.46","0.21","3,502,782.46","3,474,000.00","3,474,000.00","100.22","Canada","-","CAD","1.77","1.00","Dec 16, 2024","4.81","CAD","Dec 16, 2022"
"BMO","BANK OF MONTREAL MTN","Financial","Fixed Income","3,464,754.92","0.20","3,464,754.92","3,558,000.00","3,558,000.00","96.31","Canada","-","CAD","1.55","1.00","Sep 17, 2029","2.88","CAD","Sep 16, 2019"
"CCDJ","FEDERATION DES CAISSES DESJARDINS","Financial","Fixed Income","3,447,728.03","0.20","3,447,728.03","3,358,000.00","3,358,000.00","101.59","Canada","-","CAD","2.46","1.00","Oct 1, 2025","5.20","CAD","Nov 16, 2022"
"CCDJ","FEDERATION DES CAISSES DESJARDINS","Financial","Fixed Income","3,429,265.48","0.20","3,429,265.48","3,587,000.00","3,587,000.00","95.08","Canada","-","CAD","2.17","1.00","May 26, 2030","2.86","CAD","May 26, 2020"
"HSBC","HSBC BANK CANADA","Financial","Fixed Income","3,399,834.87","0.20","3,399,834.87","3,673,000.00","3,673,000.00","92.21","Canada","-","CAD","3.15","1.00","May 20, 2026","1.78","CAD","May 20, 2021"
"BCECN","BELL CANADA INC MTN","Communication","Fixed Income","3,377,433.54","0.20","3,377,433.54","3,729,000.00","3,729,000.00","89.45","Canada","-","CAD","7.03","1.00","Mar 17, 2031","3.00","CAD","Mar 17, 2021"
"CM","CANADIAN IMPERIAL BANK OF COMMERCE","Financial","Fixed Income","3,364,735.49","0.20","3,364,735.49","3,325,000.00","3,325,000.00","101.03","Canada","-","CAD","4.37","1.00","Jan 20, 2033","5.33","CAD","Jan 20, 2023"
"TRPCN","TRANSCANADA PIPELINES LTD MTN RegS","Energy","Fixed Income","3,350,503.80","0.20","3,350,503.80","4,014,000.00","4,014,000.00","83.15","Canada","-","CAD","14.62","1.00","Jul 3, 2048","4.18","CAD","Jul 3, 2018"
"BNS","SCOTIABANK CAPITAL TRUST","Financial","Fixed Income","3,343,369.78","0.20","3,343,369.78","3,257,000.00","3,257,000.00","102.17","Canada","-","CAD","9.33","1.00","Dec 31, 2056","5.65","CAD","Sep 28, 2006"
"CM","CANADIAN IMPERIAL BANK OF COMMERCE","Financial","Fixed Income","3,341,550.15","0.20","3,341,550.15","3,411,000.00","3,411,000.00","96.63","Canada","-","CAD","3.69","1.00","Apr 7, 2032","4.20","CAD","Apr 7, 2022"
"RCICN","ROGERS COMMUNICATIONS INC.","Communication","Fixed Income","3,306,746.79","0.19","3,306,746.79","3,567,000.00","3,567,000.00","91.89","Canada","-","CAD","5.55","1.00","May 1, 2029","3.25","CAD","Apr 30, 2019"
"RCICN","ROGERS COMMUNICATIONS INC","Communication","Fixed Income","3,304,681.10","0.19","3,304,681.10","3,443,000.00","3,443,000.00","94.73","Canada","-","CAD","7.45","1.00","Apr 15, 2032","4.25","CAD","Mar 11, 2022"
"ENBCN","ENBRIDGE INC MTN","Energy","Fixed Income","3,288,502.92","0.19","3,288,502.92","2,975,000.00","2,975,000.00","109.15","Canada","-","CAD","7.32","1.00","Nov 9, 2032","6.10","CAD","Nov 9, 2022"
"CUCN","CU INC","Energy","Fixed Income","3,278,223.00","0.19","3,278,223.00","3,454,000.00","3,454,000.00","93.22","Canada","-","CAD","13.74","1.00","Sep 2, 2044","4.09","CAD","Sep 5, 2014"
"RY","ROYAL BANK OF CANADA","Financial","Fixed Income","3,265,768.88","0.19","3,265,768.88","3,250,000.00","3,250,000.00","100.03","Canada","-","CAD","2.70","1.00","Dec 22, 2025","4.11","CAD","Dec 22, 2022"
"CCDJ","FEDERATION DES CAISSES DESJARDINS","Financial","Fixed Income","3,241,283.06","0.19","3,241,283.06","3,579,000.00","3,579,000.00","90.53","Canada","-","CAD","2.88","1.00","Jan 21, 2026","1.09","CAD","Jan 21, 2021"
"RY","ROYAL BANK OF CANADA RegS","Financial","Fixed Income","3,238,051.52","0.19","3,238,051.52","3,490,000.00","3,490,000.00","92.06","Canada","-","CAD","3.82","1.00","May 3, 2032","2.94","CAD","Jan 25, 2022"
"BCECN","BELL CANADA INC","Communication","Fixed Income","3,234,528.70","0.19","3,234,528.70","4,167,000.00","4,167,000.00","76.44","Canada","-","CAD","15.94","1.00","Sep 30, 2050","3.50","CAD","Feb 13, 2020"
"ENBCN","ENBRIDGE INC MTN","Energy","Fixed Income","3,225,203.54","0.19","3,225,203.54","3,760,000.00","3,760,000.00","84.66","Canada","-","CAD","8.75","1.00","Sep 21, 2033","3.10","CAD","Sep 21, 2021"
"TOYOTA","TOYOTA CREDIT CANADA INC RegS","Financial","Fixed Income","3,224,330.01","0.19","3,224,330.01","3,338,000.00","3,338,000.00","95.96","Canada","-","CAD","1.66","1.00","Oct 23, 2024","2.31","CAD","Apr 23, 2020"
"BMO","BANK OF MONTREAL","Financial","Fixed Income","3,201,380.60","0.19","3,201,380.60","3,551,000.00","3,551,000.00","90.11","Canada","-","CAD","3.26","1.00","Jul 22, 2031","1.90","CAD","Jul 22, 2021"
"SLFCN","SUN LIFE FINANCIAL INC MTN","Financial","Fixed Income","3,201,165.53","0.19","3,201,165.53","3,472,000.00","3,472,000.00","91.62","Canada","-","CAD","3.89","1.00","May 10, 2032","2.58","CAD","May 8, 2020"
"CCDJ","FEDERATION DES CAISSES DESJARDINS","Financial","Fixed Income","3,197,296.24","0.19","3,197,296.24","3,298,000.00","3,298,000.00","96.16","Canada","-","CAD","1.61","1.00","Oct 4, 2024","2.42","CAD","Oct 4, 2019"
"BCECN","BELL CANADA INC","Communication","Fixed Income","3,169,678.00","0.19","3,169,678.00","3,597,000.00","3,597,000.00","87.59","Canada","-","CAD","6.53","1.00","May 14, 2030","2.50","CAD","May 14, 2020"
"RCICN","ROGERS COMMUNICATIONS INC","Communication","Fixed Income","3,167,465.54","0.19","3,167,465.54","3,258,000.00","3,258,000.00","95.67","Canada","-","CAD","14.52","1.00","Apr 15, 2052","5.25","CAD","Mar 11, 2022"
"CARDS_22-3-A","CARDS_22-3 A","Securitized","Fixed Income","3,159,094.81","0.19","3,159,094.81","3,155,000.00","3,155,000.00","99.22","Canada","-","CAD","2.14","1.00","May 15, 2025","4.33","CAD","Jun 9, 2022"
"CCDJ","FEDERATION DES CAISSES DESJARDINS","Financial","Fixed Income","3,132,066.89","0.18","3,132,066.89","3,446,000.00","3,446,000.00","90.54","Canada","-","CAD","3.11","1.00","May 28, 2031","2.00","CAD","May 28, 2021"
"TRPCN","TRANSCANADA PIPELINES LTD MTN","Energy","Fixed Income","3,125,618.65","0.18","3,125,618.65","3,447,000.00","3,447,000.00","89.72","Canada","-","CAD","12.14","1.00","Nov 15, 2041","4.55","CAD","Nov 15, 2011"
"NACN","NATIONAL BANK OF CANADA","Financial","Fixed Income","3,118,394.11","0.18","3,118,394.11","3,348,000.00","3,348,000.00","92.60","Canada","-","CAD","3.55","1.00","Nov 4, 2026","2.24","CAD","Nov 4, 2021"
"MFCCN","MANULIFE FINANCIAL CORP","Financial","Fixed Income","3,117,094.97","0.18","3,117,094.97","3,537,000.00","3,537,000.00","87.52","Canada","-","CAD","6.14","1.00","May 13, 2035","2.82","CAD","May 12, 2020"
"SLFCN","SUN LIFE FINANCIAL INC","Financial","Fixed Income","3,111,612.62","0.18","3,111,612.62","3,427,000.00","3,427,000.00","90.25","Canada","-","CAD","5.11","1.00","Nov 21, 2033","2.80","CAD","Nov 18, 2021"
"ENBCN","ENBRIDGE INC MTN","Energy","Fixed Income","3,095,261.10","0.18","3,095,261.10","3,377,000.00","3,377,000.00","90.67","Canada","-","CAD","5.92","1.00","Oct 3, 2029","2.99","CAD","Oct 3, 2019"
"MFCCN","MANULIFE FINANCIAL CORP","Financial","Fixed Income","3,093,140.29","0.18","3,093,140.29","3,268,000.00","3,268,000.00","94.15","Canada","-","CAD","2.16","1.00","May 12, 2030","2.24","CAD","May 12, 2020"
"TCN","TELUS CORPORATION","Communication","Fixed Income","3,092,754.30","0.18","3,092,754.30","3,238,000.00","3,238,000.00","93.95","Canada","-","CAD","12.74","1.00","Apr 5, 2044","4.85","CAD","Apr 4, 2014"
"TCN","TELUS CORPORATION","Communication","Fixed Income","3,074,831.81","0.18","3,074,831.81","3,259,000.00","3,259,000.00","93.54","Canada","-","CAD","5.55","1.00","May 2, 2029","3.30","CAD","Apr 3, 2019"
"ALCTRA","ALECTRA INC (CANADA)","Infrastructure","Fixed Income","3,042,143.83","0.18","3,042,143.83","3,218,000.00","3,218,000.00","94.02","Canada","-","CAD","4.01","1.00","May 17, 2027","2.49","CAD","May 17, 2017"
"RY","ROYAL BANK OF CANADA","Financial","Fixed Income","3,029,126.33","0.18","3,029,126.33","3,455,000.00","3,455,000.00","87.67","Canada","-","CAD","5.16","1.00","Jul 31, 2028","1.83","CAD","Jul 29, 2021"
"TCN","TELUS CORPORATION","Communication","Fixed Income","3,020,724.11","0.18","3,020,724.11","3,073,000.00","3,073,000.00","98.16","Canada","-","CAD","1.84","1.00","Jan 17, 2025","3.75","CAD","Sep 15, 2014"
"RCICN","ROGERS COMMUNICATIONS INC.","Communication","Fixed Income","3,000,744.70","0.18","3,000,744.70","2,790,000.00","2,790,000.00","104.89","Canada","-","CAD","10.65","1.00","Aug 25, 2040","6.11","CAD","Aug 25, 2010"
"NWRWPT","NORTH WEST REDWATER PARTNERSHIP","Energy","Fixed Income","2,997,134.34","0.18","2,997,134.34","3,364,000.00","3,364,000.00","88.63","Canada","-","CAD","7.29","1.00","Jun 1, 2031","2.80","CAD","Jun 30, 2021"
"PPLCN","PEMBINA PIPELINE CORP MTN","Energy","Fixed Income","2,977,607.42","0.17","2,977,607.42","3,290,000.00","3,290,000.00","88.85","Canada","-","CAD","13.80","1.00","Mar 26, 2048","4.75","CAD","Mar 26, 2018"
"RCICN","ROGERS COMMUNICATIONS INC","Communication","Fixed Income","2,956,785.90","0.17","2,956,785.90","3,083,000.00","3,083,000.00","94.80","Canada","-","CAD","5.43","1.00","Apr 15, 2029","3.75","CAD","Mar 11, 2022"
"CM","CANADIAN IMPERIAL BANK OF COMMERCE","Financial","Fixed Income","2,942,157.97","0.17","2,942,157.97","3,226,000.00","3,226,000.00","90.65","Canada","-","CAD","3.02","1.00","Apr 21, 2031","1.97","CAD","Apr 19, 2021"
"BMO","BANK OF MONTREAL","Financial","Fixed Income","2,915,376.52","0.17","2,915,376.52","2,700,000.00","2,700,000.00","106.27","Canada","-","CAD","4.17","1.00","Oct 27, 2032","6.53","CAD","Oct 27, 2022"
"TRPCN","TRANSCANADA PIPELINES LTD MTN","Energy","Fixed Income","2,884,935.42","0.17","2,884,935.42","3,314,000.00","3,314,000.00","85.43","Canada","-","CAD","14.07","1.00","Sep 16, 2047","4.33","CAD","Sep 15, 2017"
"CM","CANADIAN IMPERIAL BANK OF COMMERCE","Financial","Fixed Income","2,855,341.19","0.17","2,855,341.19","3,072,000.00","3,072,000.00","92.89","Canada","-","CAD","2.38","1.00","Jul 21, 2030","2.01","CAD","Jul 21, 2020"
"NWRWPT","NORTH WEST REDWATER PARTNERSHIP /","Energy","Fixed Income","2,852,452.17","0.17","2,852,452.17","3,137,000.00","3,137,000.00","90.32","Canada","-","CAD","9.68","1.00","Jun 1, 2035","3.65","CAD","May 19, 2017"
"RY","ROYAL BANK OF CANADA","Financial","Fixed Income","2,825,067.28","0.17","2,825,067.28","3,307,000.00","3,307,000.00","85.41","Canada","-","CAD","4.58","1.00","Jan 28, 2033","1.67","CAD","Jan 28, 2021"
"GTAAIR","GREATER TORONTO AIRPORTS AUTHORITY MTN 144A","Infrastructure","Fixed Income","2,807,932.34","0.16","2,807,932.34","2,331,000.00","2,331,000.00","117.23","Canada","-","CAD","7.97","1.00","Feb 2, 2034","6.47","CAD","Feb 2, 2004"
"CVECN","CENOVUS ENERGY INC","Energy","Fixed Income","2,807,925.55","0.16","2,807,925.55","2,835,000.00","2,835,000.00","97.63","Canada","-","CAD","3.62","1.00","Mar 10, 2027","3.60","CAD","Mar 10, 2017"
"BCECN","BELL CANADA MTN","Communication","Fixed Income","2,794,801.41","0.16","2,794,801.41","2,827,000.00","2,827,000.00","97.39","Canada","-","CAD","2.75","1.00","Mar 2, 2026","3.55","CAD","Feb 29, 2016"
"TRPCN","TRANSCANADA PIPELINES LIMITED MTN RegS","Energy","Fixed Income","2,782,816.00","0.16","2,782,816.00","2,863,000.00","2,863,000.00","97.07","Canada","-","CAD","2.27","1.00","Jul 17, 2025","3.30","CAD","Jul 17, 2015"
"NACN","NATIONAL BANK OF CANADA","Financial","Fixed Income","2,774,743.76","0.16","2,774,743.76","2,664,000.00","2,664,000.00","101.33","Canada","-","CAD","3.92","1.00","Aug 16, 2032","5.43","CAD","Jul 25, 2022"
"FORTFD_21-1-A","FORTFD_21-1 A","Securitized","Fixed Income","2,748,471.51","0.16","2,748,471.51","2,990,000.00","2,990,000.00","91.38","Canada","-","CAD","3.53","1.00","Oct 23, 2026","1.96","CAD","Oct 27, 2021"
"TRPCN","TRANSCANADA PIPELINES LTD","Energy","Fixed Income","2,735,971.40","0.16","2,735,971.40","2,618,000.00","2,618,000.00","103.34","Canada","-","CAD","7.30","1.00","May 12, 2032","5.33","CAD","May 12, 2022"
"IPLCN","INTER PIPELINE LTD","Energy","Fixed Income","2,726,602.02","0.16","2,726,602.02","2,600,000.00","2,600,000.00","103.69","Canada","-","CAD","4.30","1.00","Feb 17, 2028","5.76","CAD","Nov 17, 2022"
"CARDS2_19-2-A","CARDS2_19-2 A","Securitized","Fixed Income","2,722,233.65","0.16","2,722,233.65","2,827,000.00","2,827,000.00","95.78","Canada","-","CAD","1.72","1.00","Nov 15, 2024","2.43","CAD","Nov 15, 2019"
"NACN","NATIONAL BANK OF CANADA","Financial","Fixed Income","2,714,676.14","0.16","2,714,676.14","2,969,000.00","2,969,000.00","91.24","Canada","-","CAD","3.23","1.00","Jun 15, 2026","1.53","CAD","Jun 15, 2021"
"FTSCN","FORTIS INC","Infrastructure","Fixed Income","2,660,145.11","0.16","2,660,145.11","2,643,000.00","2,643,000.00","99.90","Canada","-","CAD","5.39","1.00","May 31, 2029","4.43","CAD","May 31, 2022"
"GTAAIR","GREATER TORONTO AIRPORTS AUTHORITY","Infrastructure","Fixed Income","2,650,256.49","0.16","2,650,256.49","3,302,000.00","3,302,000.00","79.46","Canada","-","CAD","12.71","1.00","Oct 17, 2039","2.75","CAD","Sep 25, 2019"
"TRPCN","TRANSCANADA PIPELINES LTD MTN","Energy","Fixed Income","2,637,237.58","0.15","2,637,237.58","3,054,000.00","3,054,000.00","85.07","Canada","-","CAD","14.68","1.00","Oct 15, 2049","4.34","CAD","Apr 10, 2019"
"ONTPOW","ONTARIO POWER GENERATION INC MTN","Energy","Fixed Income","2,635,240.31","0.15","2,635,240.31","2,784,000.00","2,784,000.00","93.64","Canada","-","CAD","6.29","1.00","Apr 8, 2030","3.21","CAD","Apr 8, 2020"
"ENBCN","ENBRIDGE INC MTN","Energy","Fixed Income","2,613,881.24","0.15","2,613,881.24","2,878,000.00","2,878,000.00","89.04","Canada","-","CAD","12.79","1.00","Mar 11, 2044","4.57","CAD","Mar 11, 2014"
"ATDBCN","ALIMENTATION COUCHE-TARD INC","Industrial","Fixed Income","2,584,002.27","0.15","2,584,002.27","2,652,000.00","2,652,000.00","97.39","Canada","-","CAD","1.43","1.00","Jul 26, 2024","3.06","CAD","Jul 26, 2017"
"BMO","BANK OF MONTREAL","Financial","Fixed Income","2,562,721.82","0.15","2,562,721.82","2,500,000.00","2,500,000.00","100.70","Canada","-","CAD","2.40","1.00","Sep 10, 2025","4.61","CAD","Sep 10, 2010"
"DTRGR","DAIMLER TRUCKS FINANCE CANADA INC RegS","Financial","Fixed Income","2,525,342.52","0.15","2,525,342.52","2,664,000.00","2,664,000.00","94.51","Germany","-","CAD","1.80","1.00","Dec 13, 2024","2.14","CAD","Dec 15, 2021"
"TCN","TELUS CORPORATION","Communication","Fixed Income","2,512,243.39","0.15","2,512,243.39","2,646,000.00","2,646,000.00","94.78","Canada","-","CAD","3.24","1.00","Jul 8, 2026","2.75","CAD","Jul 2, 2019"
"FFHCN","FAIRFAX FINANCIAL HOLDINGS LTD","Financial","Fixed Income","2,511,465.68","0.15","2,511,465.68","2,730,000.00","2,730,000.00","90.37","Canada","-","CAD","6.72","1.00","Mar 3, 2031","3.95","CAD","Mar 1, 2021"
"BMO","BANK OF MONTREAL","Financial","Fixed Income","2,508,457.74","0.15","2,508,457.74","2,636,000.00","2,636,000.00","94.77","Canada","-","CAD","3.61","1.00","Dec 9, 2026","2.70","CAD","Dec 9, 2016"
"RY","ROYAL BANK OF CANADA MTN RegS","Financial","Fixed Income","2,498,977.77","0.15","2,498,977.77","2,500,000.00","2,500,000.00","99.96","Canada","-","CAD","4.43","1.00","Feb 1, 2033","5.01","CAD","Jan 31, 2023"
"CHPUCN","CHOICE PROPERTIES REAL ESTATE INVE","Real Estate","Fixed Income","2,485,235.68","0.15","2,485,235.68","2,663,000.00","2,663,000.00","92.83","Canada","-","CAD","5.62","1.00","Jun 11, 2029","3.53","CAD","Jun 11, 2019"
"IPLCN","INTER PIPELINE LTD MTN","Energy","Fixed Income","2,485,032.89","0.15","2,485,032.89","2,527,000.00","2,527,000.00","97.63","Canada","-","CAD","3.85","1.00","Jun 1, 2027","4.23","CAD","Jun 1, 2020"
"TRPCN","TRANSCANADA PIPELINES LTD MTN RegS","Energy","Fixed Income","2,464,008.95","0.14","2,464,008.95","2,678,000.00","2,678,000.00","90.90","Canada","-","CAD","5.88","1.00","Sep 18, 2029","3.00","CAD","Sep 18, 2019"
"HYDONE","HYDRO ONE INC MTN","Infrastructure","Fixed Income","2,456,372.61","0.14","2,456,372.61","2,359,000.00","2,359,000.00","104.07","Canada","-","CAD","4.37","1.00","Jan 27, 2028","4.91","CAD","Oct 27, 2022"
"ENBCN","ENBRIDGE INC","Energy","Fixed Income","2,447,406.82","0.14","2,447,406.82","2,431,000.00","2,431,000.00","98.65","Canada","-","CAD","4.33","1.00","Apr 12, 2078","6.63","CAD","Apr 12, 2018"
"ATIMLP","ATHABASCA INDIGENOUS MIDSTREAM LIM","Energy","Fixed Income","2,410,670.35","0.14","2,410,670.35","2,200,000.00","2,200,000.00","107.61","Canada","-","CAD","8.12","1.00","Feb 5, 2042","6.07","CAD","Oct 5, 2022"
"GTAAIR","GREATER TORONTO AIRPORTS AUTHORITY MTN","Infrastructure","Fixed Income","2,399,513.74","0.14","2,399,513.74","2,141,000.00","2,141,000.00","109.77","Canada","-","CAD","11.73","1.00","Feb 25, 2041","5.30","CAD","Feb 23, 2011"
"RCICN","ROGERS COMMUNICATIONS INC","Communication","Fixed Income","2,390,255.33","0.14","2,390,255.33","2,382,000.00","2,382,000.00","98.81","Canada","-","CAD","1.00","1.00","Mar 13, 2024","4.00","CAD","Mar 10, 2014"
"ENBGAS","ENBRIDGE GAS INC","Energy","Fixed Income","2,386,613.55","0.14","2,386,613.55","2,556,000.00","2,556,000.00","92.40","Canada","-","CAD","6.34","1.00","Apr 1, 2030","2.90","CAD","Apr 1, 2020"
"BCECN","BELL TELEPHONE COMPANY OF CANADA O MTN","Communication","Fixed Income","2,368,501.24","0.14","2,368,501.24","2,417,000.00","2,417,000.00","96.77","Canada","-","CAD","4.16","1.00","Sep 29, 2027","3.60","CAD","Sep 29, 2017"
"TCN","TELUS CORPORATION","Communication","Fixed Income","2,351,937.21","0.14","2,351,937.21","2,844,000.00","2,844,000.00","80.88","Canada","-","CAD","15.07","1.00","Feb 16, 2050","3.95","CAD","Dec 16, 2019"
"BNCN","BROOKFIELD ASSET MANAGEMENT INC MTN","Industrial","Fixed Income","2,345,750.13","0.14","2,345,750.13","2,345,000.00","2,345,000.00","99.99","Canada","-","CAD","2.56","1.00","Jan 28, 2026","4.82","CAD","Jan 28, 2014"
"OMERS","OMERS REALTY CORP","Real Estate","Fixed Income","2,342,471.32","0.14","2,342,471.32","2,429,000.00","2,429,000.00","95.38","Canada","-","CAD","4.24","1.00","Oct 4, 2027","3.24","CAD","Oct 2, 2017"
"BRUPOW","BRUCE POWER LP","Energy","Fixed Income","2,341,712.25","0.14","2,341,712.25","2,363,000.00","2,363,000.00","98.68","Canada","-","CAD","2.96","1.00","Jun 23, 2026","3.97","CAD","Jun 23, 2016"
"BIP","BROOKFIELD INFRASTRUCTURE FINANCE","Infrastructure","Fixed Income","2,338,835.82","0.14","2,338,835.82","2,511,000.00","2,511,000.00","92.08","Canada","-","CAD","5.86","1.00","Oct 9, 2029","3.41","CAD","Oct 3, 2019"
"BIP","BROOKFIELD INFRASTRUCTURE FINANCE","Infrastructure","Fixed Income","2,324,418.58","0.14","2,324,418.58","2,347,000.00","2,347,000.00","97.41","Canada","-","CAD","4.85","1.00","Sep 11, 2028","4.19","CAD","Sep 10, 2018"
"HYDONE","HYDRO ONE INC 3.63 6/49 MTN","Infrastructure","Fixed Income","2,310,849.03","0.14","2,310,849.03","2,643,000.00","2,643,000.00","87.06","Canada","-","CAD","16.14","1.00","Jun 25, 2049","3.63","CAD","Jun 26, 2018"
"OMERS","OMERS REALTY CORP","Real Estate","Fixed Income","2,309,378.16","0.14","2,309,378.16","2,175,000.00","2,175,000.00","105.03","Canada","-","CAD","4.84","1.00","Nov 14, 2028","5.38","CAD","Nov 14, 2022"
"PLENCS","PLENARY PROPERTIES LTAP LP","Infrastructure","Fixed Income","2,301,852.18","0.14","2,301,852.18","2,044,258.00","2,044,258.00","112.60","Canada","-","CAD","8.80","1.00","Jan 31, 2044","6.29","CAD","Jan 31, 2011"
"HYDONE","HYDRO ONE INC MTN","Infrastructure","Fixed Income","2,296,682.90","0.13","2,296,682.90","2,105,000.00","2,105,000.00","108.05","Canada","-","CAD","9.61","1.00","May 20, 2036","5.36","CAD","May 19, 2005"
"NWRWPT","NORTH WEST REDWATER PARTNERSHIP /","Energy","Fixed Income","2,295,924.94","0.13","2,295,924.94","2,419,000.00","2,419,000.00","94.44","Canada","-","CAD","4.02","1.00","Jun 1, 2027","2.80","CAD","May 19, 2017"
"RY","ROYAL BANK OF CANADA","Financial","Fixed Income","2,295,470.76","0.13","2,295,470.76","2,258,000.00","2,258,000.00","101.46","Canada","-","CAD","2.30","1.00","Jul 16, 2025","4.93","CAD","Jul 16, 2010"
"ENBCN","ENBRIDGE INC MTN","Energy","Fixed Income","2,291,850.88","0.13","2,291,850.88","1,950,000.00","1,950,000.00","116.05","Canada","-","CAD","14.15","1.00","Nov 9, 2052","6.51","CAD","Nov 9, 2022"
"GTAAIR","GREATER TORONTO AIRPORTS AUTHORITY MTN","Infrastructure","Fixed Income","2,285,891.08","0.13","2,285,891.08","1,872,000.00","1,872,000.00","120.04","Canada","-","CAD","7.24","1.00","Oct 15, 2032","6.98","CAD","Oct 15, 2002"
"SLFCN","SUN LIFE FINANCIAL INC","Financial","Fixed Income","2,279,250.77","0.13","2,279,250.77","2,227,000.00","2,227,000.00","100.06","Canada","-","CAD","4.31","1.00","Aug 10, 2034","4.80","CAD","Aug 10, 2022"
"GWOCN","GREAT-WEST LIFECO INC","Financial","Fixed Income","2,277,650.38","0.13","2,277,650.38","2,350,000.00","2,350,000.00","95.50","Canada","-","CAD","4.55","1.00","Feb 28, 2028","3.34","CAD","Feb 28, 2018"
"TCN","TELUS CORPORATION RegS","Communication","Fixed Income","2,276,342.74","0.13","2,276,342.74","2,605,000.00","2,605,000.00","86.77","Canada","-","CAD","7.59","1.00","Nov 13, 2031","2.85","CAD","Jun 28, 2021"
"ENBCN","ENBRIDGE INC MTN","Energy","Fixed Income","2,272,388.99","0.13","2,272,388.99","2,602,000.00","2,602,000.00","85.51","Canada","-","CAD","12.47","1.00","Aug 27, 2042","4.24","CAD","Aug 27, 2012"
"PPLCN","PEMBINA PIPELINE CORP MTN RegS","Energy","Fixed Income","2,266,528.14","0.13","2,266,528.14","2,301,000.00","2,301,000.00","97.11","Canada","-","CAD","4.51","1.00","Mar 27, 2028","4.02","CAD","Mar 26, 2018"
"SAPCN","SAPUTO INC MTN","Industrial","Fixed Income","2,247,323.61","0.13","2,247,323.61","2,461,000.00","2,461,000.00","91.03","Canada","-","CAD","4.11","1.00","Jun 16, 2027","2.24","CAD","Jun 16, 2020"
"BCECN","BELL CANADA INC","Communication","Fixed Income","2,245,362.99","0.13","2,245,362.99","2,496,000.00","2,496,000.00","89.20","Canada","-","CAD","4.28","1.00","Aug 16, 2027","1.65","CAD","Aug 14, 2020"
"BCECN","BELL CANADA MTN","Communication","Fixed Income","2,239,864.05","0.13","2,239,864.05","2,318,000.00","2,318,000.00","95.26","Canada","-","CAD","3.27","1.00","Aug 12, 2026","2.90","CAD","Aug 12, 2016"
"TCN","TELUS CORPORATION","Communication","Fixed Income","2,232,859.28","0.13","2,232,859.28","2,250,000.00","2,250,000.00","97.77","Canada","-","CAD","2.73","1.00","Mar 10, 2026","3.75","CAD","Dec 8, 2015"
"ATDBCN","ALIMENTATION COUCHE-TARD INC RegS","Industrial","Fixed Income","2,231,987.21","0.13","2,231,987.21","2,265,000.00","2,265,000.00","97.95","Canada","-","CAD","2.05","1.00","Jun 2, 2025","3.60","CAD","Jun 2, 2015"
"PPLCN","PEMBINA PIPELINE CORP RegS","Energy","Fixed Income","2,225,359.18","0.13","2,225,359.18","2,327,000.00","2,327,000.00","94.44","Canada","-","CAD","5.41","1.00","Apr 3, 2029","3.62","CAD","Apr 3, 2019"
"ENBCN","ENBRIDGE INC","Energy","Fixed Income","2,223,009.64","0.13","2,223,009.64","2,584,000.00","2,584,000.00","85.86","Canada","-","CAD","6.03","1.00","Jan 19, 2082","5.00","CAD","Jan 19, 2022"
"CUCN","CU INC","Energy","Fixed Income","2,218,500.61","0.13","2,218,500.61","2,140,000.00","2,140,000.00","101.81","Canada","-","CAD","12.92","1.00","Sep 9, 2043","4.72","CAD","Sep 9, 2013"
"ENBPIP","ENBRIDGE PIPELINES INC MTN","Energy","Fixed Income","2,217,379.74","0.13","2,217,379.74","2,297,000.00","2,297,000.00","94.97","Canada","-","CAD","5.32","1.00","Feb 22, 2029","3.52","CAD","Feb 22, 2019"
"FORTFD_22-1-A","FORTFD_22-1 A","Securitized","Fixed Income","2,214,698.18","0.13","2,214,698.18","2,255,000.00","2,255,000.00","97.82","Canada","-","CAD","2.26","1.00","Jun 23, 2025","3.70","CAD","Apr 26, 2022"
"BCECN","BELL CANADA MTN 144A","Communication","Fixed Income","2,210,224.17","0.13","2,210,224.17","1,849,000.00","1,849,000.00","116.32","Canada","-","CAD","6.70","1.00","Feb 23, 2032","7.30","CAD","Feb 22, 2002"
"GTAAIR","GREATER TORONTO AIRPORTS AUTHORITY MTN","Infrastructure","Fixed Income","2,201,853.56","0.13","2,201,853.56","1,868,000.00","1,868,000.00","116.91","Canada","-","CAD","5.88","1.00","Jun 12, 2030","7.05","CAD","Jun 12, 2000"
"IPLCN","INTER PIPELINE LTD","Energy","Fixed Income","2,200,972.70","0.13","2,200,972.70","2,403,000.00","2,403,000.00","90.86","Canada","-","CAD","7.29","1.00","Nov 25, 2031","3.98","CAD","Nov 25, 2021"
"CHPUCN","CHOICE PROPERTIES REAL ESTATE INVE","Real Estate","Fixed Income","2,198,583.50","0.13","2,198,583.50","2,219,000.00","2,219,000.00","97.42","Canada","-","CAD","4.43","1.00","Mar 8, 2028","4.18","CAD","Mar 8, 2018"
"MFCCN","MANULIFE FINANCE DELAWARE LP","Financial","Fixed Income","2,194,782.48","0.13","2,194,782.48","2,234,000.00","2,234,000.00","97.59","Canada","-","CAD","9.88","1.00","Dec 15, 2041","5.06","CAD","Dec 14, 2006"
"DTRGR","DAIMLER TRUCKS FINANCE CANADA INC RegS","Financial","Fixed Income","2,183,413.04","0.13","2,183,413.04","2,133,000.00","2,133,000.00","100.46","Germany","-","CAD","2.41","1.00","Sep 19, 2025","5.18","CAD","Sep 19, 2022"
"ETRHWY","407 INTERNATIONAL INC MTN","Infrastructure","Fixed Income","2,162,583.63","0.13","2,162,583.63","2,441,000.00","2,441,000.00","88.12","Canada","-","CAD","8.10","1.00","May 25, 2032","2.59","CAD","May 22, 2020"
"NWRWPT","NORTH WEST REDWATER PARTNERSHIP RegS","Energy","Fixed Income","2,159,825.79","0.13","2,159,825.79","2,154,000.00","2,154,000.00","99.48","Canada","-","CAD","10.23","1.00","Jun 1, 2037","4.75","CAD","Jan 29, 2016"
"GTAAIR","GREATER TORONTO AIRPORTS AUTHORITY MTN 144A","Infrastructure","Fixed Income","2,158,262.79","0.13","2,158,262.79","1,799,000.00","1,799,000.00","118.84","Canada","-","CAD","6.47","1.00","Jun 4, 2031","7.10","CAD","Jun 4, 2001"
"SNCINN","SNC-LAVALIN INNISFREE MCGILL FINAN 144A","Infrastructure","Fixed Income","2,149,012.54","0.13","2,149,012.54","1,856,704.00","1,856,704.00","115.18","Canada","-","CAD","8.91","1.00","Jun 30, 2044","6.63","CAD","Jul 15, 2010"
"PPLCN","PEMBINA PIPELINE CORP MTN","Energy","Fixed Income","2,134,357.51","0.13","2,134,357.51","2,159,000.00","2,159,000.00","97.10","Canada","-","CAD","3.12","1.00","Aug 11, 2026","3.71","CAD","Aug 11, 2016"
"BRUPOW","BRUCE POWER LP","Energy","Fixed Income","2,132,887.39","0.13","2,132,887.39","2,237,000.00","2,237,000.00","94.88","Canada","-","CAD","8.32","1.00","Jun 21, 2033","4.13","CAD","Mar 1, 2018"
"ENBPIP","ENBRIDGE PIPELINES INC MTN","Energy","Fixed Income","2,123,461.79","0.12","2,123,461.79","2,156,000.00","2,156,000.00","97.32","Canada","-","CAD","2.42","1.00","Sep 29, 2025","3.45","CAD","Sep 29, 2015"
"BRUPOW","BRUCE POWER LP RegS","Energy","Fixed Income","2,113,176.42","0.12","2,113,176.42","2,184,000.00","2,184,000.00","96.31","Canada","-","CAD","6.31","1.00","Jun 21, 2030","4.00","CAD","Apr 9, 2020"
"NORCOU","NORTHERN COURIER PIPELINE LP RegS","Energy","Fixed Income","2,096,119.07","0.12","2,096,119.07","2,331,524.00","2,331,524.00","89.65","Canada","-","CAD","6.83","1.00","Jun 30, 2042","3.37","CAD","Jul 17, 2019"
"SUCN","SUNCOR ENERGY INC MTN","Energy","Fixed Income","2,089,691.33","0.12","2,089,691.33","2,576,000.00","2,576,000.00","79.51","Canada","-","CAD","15.28","1.00","Mar 4, 2051","3.95","CAD","Mar 4, 2021"
"BCECN","BELL CANADA INC","Communication","Fixed Income","2,089,185.95","0.12","2,089,185.95","2,169,000.00","2,169,000.00","96.31","Canada","-","CAD","1.92","1.00","Jan 29, 2025","2.75","CAD","May 13, 2019"
"BCECN","BELL CANADA","Communication","Fixed Income","2,077,899.01","0.12","2,077,899.01","2,102,000.00","2,102,000.00","97.69","Canada","-","CAD","1.03","1.00","Feb 27, 2024","2.70","CAD","Feb 27, 2017"
"EPCOR","EPCOR UTILITIES INC MTN","Infrastructure","Fixed Income","2,072,232.26","0.12","2,072,232.26","1,966,000.00","1,966,000.00","103.45","Canada","-","CAD","15.95","1.00","Sep 2, 2052","4.72","CAD","Sep 2, 2022"
"NWRWPT","NORTH WEST REDWATER PARTNERSHIP","Energy","Fixed Income","2,070,332.57","0.12","2,070,332.57","2,122,000.00","2,122,000.00","96.70","Canada","-","CAD","2.95","1.00","Apr 24, 2026","3.20","CAD","Jul 24, 2015"
"NWRWPT","NORTH WEST REDWATER PARTNERSHIP / RegS","Energy","Fixed Income","2,058,272.62","0.12","2,058,272.62","2,310,000.00","2,310,000.00","89.00","Canada","-","CAD","13.81","1.00","Jul 22, 2044","4.05","CAD","Jul 23, 2014"
"CWBCN","CANADIAN WESTERN BANK","Financial","Fixed Income","2,055,256.44","0.12","2,055,256.44","2,155,000.00","2,155,000.00","95.36","Canada","-","CAD","1.92","1.00","Jan 30, 2025","2.61","CAD","Jan 30, 2020"
"NACN","NATIONAL BANK OF CANADA","Financial","Fixed Income","2,054,072.07","0.12","2,054,072.07","2,197,000.00","2,197,000.00","92.78","Canada","-","CAD","3.38","1.00","Aug 18, 2026","1.57","CAD","Jul 15, 2020"
"ENBPIP","ENBRIDGE PIPELINES INC MTN","Energy","Fixed Income","2,045,484.36","0.12","2,045,484.36","2,335,000.00","2,335,000.00","85.68","Canada","-","CAD","14.45","1.00","Feb 22, 2049","4.33","CAD","Feb 22, 2019"
"CNQCN","CANADIAN NATURAL RESOURCES LTD MTN","Energy","Fixed Income","2,041,683.52","0.12","2,041,683.52","2,092,000.00","2,092,000.00","97.02","Canada","-","CAD","3.47","1.00","Dec 1, 2026","3.42","CAD","May 30, 2017"
"MFCCN","MANULIFE FINANCIAL CORP","Financial","Fixed Income","2,030,543.65","0.12","2,030,543.65","2,071,000.00","2,071,000.00","96.69","Canada","-","CAD","1.47","1.00","Aug 20, 2029","3.05","CAD","Aug 18, 2017"
"NWRWPT","NORTH WEST REDWATER PARTNERSHIP RegS","Energy","Fixed Income","2,025,158.29","0.12","2,025,158.29","2,019,000.00","2,019,000.00","99.59","Canada","-","CAD","5.39","1.00","Jun 1, 2029","4.25","CAD","Jan 29, 2016"
"BCIMCR","BCIMC REALTY CORP","Real Estate","Fixed Income","2,021,888.17","0.12","2,021,888.17","2,089,000.00","2,089,000.00","96.33","Canada","-","CAD","2.22","1.00","Jun 3, 2025","2.84","CAD","Jun 3, 2015"
"TRPCN","TRANSCANADA PIPELINES LTD MTN","Energy","Fixed Income","2,020,230.08","0.12","2,020,230.08","2,332,000.00","2,332,000.00","85.96","Canada","-","CAD","13.83","1.00","Jun 6, 2046","4.35","CAD","Jun 6, 2016"
"GTAAIR","GREATER TORONTO AIRPORTS AUTHORITY 144A","Infrastructure","Fixed Income","2,005,856.63","0.12","2,005,856.63","1,758,000.00","1,758,000.00","113.25","Canada","-","CAD","11.44","1.00","Jun 7, 2040","5.63","CAD","Jun 7, 2010"
"CIXCN","CI FINANCIAL CORP","Financial","Fixed Income","2,001,609.03","0.12","2,001,609.03","2,081,000.00","2,081,000.00","95.51","Canada","-","CAD","2.18","1.00","May 26, 2025","3.76","CAD","May 26, 2020"
"TCN","TELUS CORPORATION","Communication","Fixed Income","2,000,677.06","0.12","2,000,677.06","2,045,000.00","2,045,000.00","96.32","Canada","-","CAD","4.50","1.00","Mar 1, 2028","3.63","CAD","Mar 1, 2018"
"GEICN","GIBSON ENERGY INC MTN","Energy","Fixed Income","1,988,696.31","0.12","1,988,696.31","2,124,000.00","2,124,000.00","92.29","Canada","-","CAD","5.76","1.00","Sep 17, 2029","3.60","CAD","Sep 17, 2019"
"PPLCN","PEMBINA PIPELINE CORP MTN","Energy","Fixed Income","1,975,693.56","0.12","1,975,693.56","2,263,000.00","2,263,000.00","85.81","Canada","-","CAD","14.22","1.00","Apr 3, 2049","4.54","CAD","Apr 3, 2019"
"BAMREP","BROOKFIELD RENEWABLE PARTNERS ULC MTN","Energy","Fixed Income","1,974,821.42","0.12","1,974,821.42","1,810,000.00","1,810,000.00","107.77","Canada","-","CAD","7.37","1.00","Nov 9, 2032","5.88","CAD","Nov 9, 2022"
"HYDONE","HYDRO ONE INC","Infrastructure","Fixed Income","1,967,940.20","0.12","1,967,940.20","2,003,000.00","2,003,000.00","97.43","Canada","-","CAD","1.13","1.00","Apr 5, 2024","2.54","CAD","Apr 5, 2019"
"FFHCN","FAIRFAX FINANCIAL HOLDINGS LTD","Financial","Fixed Income","1,960,420.60","0.12","1,960,420.60","2,002,000.00","2,002,000.00","97.27","Canada","-","CAD","4.26","1.00","Dec 6, 2027","4.25","CAD","Dec 4, 2017"
"TRPCN","TRANSCANADA PIPELINES LTD","Energy","Fixed Income","1,958,222.81","0.12","1,958,222.81","1,949,000.00","1,949,000.00","99.52","Canada","-","CAD","2.95","1.00","May 12, 2026","4.35","CAD","May 12, 2022"
"CHPUCN","CHOICE PROPERTIES REAL ESTATE INVE","Real Estate","Fixed Income","1,955,197.03","0.11","1,955,197.03","1,822,000.00","1,822,000.00","106.69","Canada","-","CAD","7.15","1.00","Jun 24, 2032","6.00","CAD","Jun 24, 2022"
"WEMALL","WEST EDMONTON MALL PROPERTY INC","Real Estate","Fixed Income","1,945,129.93","0.11","1,945,129.93","1,964,000.00","1,964,000.00","97.02","Canada","-","CAD","0.98","1.00","Feb 13, 2024","4.31","CAD","Feb 13, 2014"
"HYNMTR","HYUNDAI CAPITAL CANADA INC","Financial","Fixed Income","1,944,764.13","0.11","1,944,764.13","2,135,000.00","2,135,000.00","90.65","Canada","-","CAD","3.12","1.00","May 12, 2026","2.01","CAD","May 12, 2021"
"CRSLNX","CROSSLINX TRANSIT SOLUTIONS GENERA RegS","Infrastructure","Fixed Income","1,941,784.91","0.11","1,941,784.91","2,016,846.00","2,016,846.00","94.71","Canada","-","CAD","9.20","1.00","Sep 30, 2046","4.65","CAD","Jul 24, 2015"
"PPLCN","PEMBINA PIPELINE CORP","Energy","Fixed Income","1,937,058.22","0.11","1,937,058.22","2,276,000.00","2,276,000.00","84.47","Canada","-","CAD","15.01","1.00","Dec 10, 2051","4.49","CAD","Dec 10, 2021"
"ENBGAS","ENBRIDGE GAS INC","Energy","Fixed Income","1,929,793.14","0.11","1,929,793.14","2,235,000.00","2,235,000.00","85.12","Canada","-","CAD","16.08","1.00","Apr 1, 2050","3.65","CAD","Apr 1, 2020"
"NACN","NATIONAL BANK OF CANADA","Financial","Fixed Income","1,929,461.62","0.11","1,929,461.62","1,949,000.00","1,949,000.00","97.78","Canada","-","CAD","1.05","1.00","Mar 4, 2024","2.98","CAD","Mar 4, 2019"
"TRPCN","TRANSCANADA PIPELINES LTD MTN","Energy","Fixed Income","1,925,901.37","0.11","1,925,901.37","2,004,000.00","2,004,000.00","94.82","Canada","-","CAD","4.59","1.00","Mar 15, 2028","3.39","CAD","Sep 15, 2017"
"HYDONE","HYDRO ONE INC MTN","Infrastructure","Fixed Income","1,918,884.85","0.11","1,918,884.85","1,596,000.00","1,596,000.00","119.07","Canada","-","CAD","7.09","1.00","Jun 1, 2032","6.93","CAD","Jun 22, 2001"
"IPLCN","INTER PIPELINE LTD","Energy","Fixed Income","1,915,855.60","0.11","1,915,855.60","1,832,000.00","1,832,000.00","103.39","Canada","-","CAD","7.08","1.00","May 18, 2032","5.85","CAD","May 18, 2022"
"OMERS","OMERS REALTY CORP","Real Estate","Fixed Income","1,907,003.67","0.11","1,907,003.67","1,999,000.00","1,999,000.00","94.83","Canada","-","CAD","6.35","1.00","Jun 5, 2030","3.63","CAD","Jun 5, 2018"
"SLFCN","SUN LIFE FINANCIAL INC","Financial","Fixed Income","1,905,396.99","0.11","1,905,396.99","1,966,000.00","1,966,000.00","95.81","Canada","-","CAD","1.47","1.00","Aug 13, 2029","2.38","CAD","Aug 13, 2019"
"BCECN","BELL CANADA INC MTN","Communication","Fixed Income","1,902,939.26","0.11","1,902,939.26","2,061,000.00","2,061,000.00","91.19","Canada","-","CAD","5.88","1.00","Sep 10, 2029","2.90","CAD","Sep 10, 2019"
"MFCCN","MANULIFE BANK OF CANADA","Financial","Fixed Income","1,890,949.04","0.11","1,890,949.04","1,979,000.00","1,979,000.00","94.23","Canada","-","CAD","3.73","1.00","Feb 16, 2027","2.86","CAD","Feb 16, 2022"
"LBCN","LAURENTIAN BANK OF CANADA","Financial","Fixed Income","1,876,182.25","0.11","1,876,182.25","1,859,000.00","1,859,000.00","99.02","Canada","-","CAD","2.38","1.00","Sep 2, 2025","4.60","CAD","Jun 9, 2022"
"NWRWPT","NORTH WEST REDWATER PARTNERSHIP","Energy","Fixed Income","1,868,030.57","0.11","1,868,030.57","2,225,000.00","2,225,000.00","83.33","Canada","-","CAD","16.23","1.00","Jun 1, 2051","3.75","CAD","Jun 30, 2021"
"ONTPOW","ONTARIO POWER GENERATION INC MTN","Energy","Fixed Income","1,865,809.99","0.11","1,865,809.99","1,982,000.00","1,982,000.00","93.00","Canada","-","CAD","5.87","1.00","Sep 13, 2029","2.98","CAD","Sep 13, 2019"
"CNRCN","CANADIAN NATIONAL RAILWAY COMPANY","Industrial","Fixed Income","1,860,544.84","0.11","1,860,544.84","2,103,000.00","2,103,000.00","86.68","Canada","-","CAD","15.23","1.00","Aug 1, 2047","3.60","CAD","Aug 1, 2017"
"NWRWPT","NORTH WEST REDWATER PARTNERSHIP RegS","Energy","Fixed Income","1,855,322.77","0.11","1,855,322.77","2,010,000.00","2,010,000.00","91.97","Canada","-","CAD","3.63","1.00","Dec 1, 2026","2.00","CAD","Jun 30, 2021"
"SLFCN","SUN LIFE FINANCIAL INC","Financial","Fixed Income","1,850,394.82","0.11","1,850,394.82","2,233,000.00","2,233,000.00","82.18","Canada","-","CAD","6.57","1.00","Oct 1, 2035","2.06","CAD","Oct 1, 2020"
"LCN","LOBLAW COMPANIES LTD","Industrial","Fixed Income","1,843,767.54","0.11","1,843,767.54","1,700,000.00","1,700,000.00","106.41","Canada","-","CAD","15.08","1.00","Sep 13, 2052","5.34","CAD","Sep 13, 2022"
"CP","CANADIAN PACIFIC RAILWAY CO MTN","Industrial","Fixed Income","1,841,125.12","0.11","1,841,125.12","1,537,000.00","1,537,000.00","118.46","Canada","-","CAD","10.77","1.00","Nov 17, 2039","6.45","CAD","Nov 17, 2009"
"VW","VW CREDIT CANADA INC RegS","Financial","Fixed Income","1,838,992.58","0.11","1,838,992.58","1,775,000.00","1,775,000.00","102.38","Germany","-","CAD","2.55","1.00","Nov 17, 2025","5.80","CAD","Nov 15, 2022"
"TCN","TELUS CORPORATION","Communication","Fixed Income","1,836,305.23","0.11","1,836,305.23","2,023,000.00","2,023,000.00","90.75","Canada","-","CAD","4.65","1.00","Jan 27, 2028","2.35","CAD","May 29, 2020"
"PPLCN","PEMBINA PIPELINE CORP MTN","Energy","Fixed Income","1,833,255.99","0.11","1,833,255.99","1,849,000.00","1,849,000.00","97.39","Canada","-","CAD","1.88","1.00","Feb 3, 2025","3.54","CAD","Feb 2, 2015"
"CHPUCN","CHOICE PROPERTIES REAL ESTATE INVE","Real Estate","Fixed Income","1,826,429.41","0.11","1,826,429.41","1,847,000.00","1,847,000.00","97.48","Canada","-","CAD","1.52","1.00","Sep 9, 2024","3.56","CAD","Mar 8, 2018"
"REIUCN","RIOCAN REAL ESTATE INVESTMENT TRUS","Real Estate","Fixed Income","1,823,925.65","0.11","1,823,925.65","1,898,000.00","1,898,000.00","94.88","Canada","-","CAD","1.93","1.00","Feb 12, 2025","2.58","CAD","Aug 12, 2019"
"GWOCN","GREAT-WEST LIFECO INC","Financial","Fixed Income","1,820,077.41","0.11","1,820,077.41","2,065,000.00","2,065,000.00","87.63","Canada","-","CAD","6.56","1.00","May 14, 2030","2.38","CAD","May 14, 2020"
"BCECN","BELL CANADA MTN","Communication","Fixed Income","1,818,748.09","0.11","1,818,748.09","1,885,000.00","1,885,000.00","94.87","Canada","-","CAD","13.05","1.00","Sep 29, 2044","4.75","CAD","Sep 29, 2014"
"ENBCN","ENBRIDGE INC MTN","Energy","Fixed Income","1,816,643.58","0.11","1,816,643.58","1,830,000.00","1,830,000.00","98.48","Canada","-","CAD","1.65","1.00","Nov 19, 2024","3.95","CAD","Dec 21, 2018"
"BMO","BANK OF MONTREAL","Financial","Fixed Income","1,814,744.21","0.11","1,814,744.21","1,950,000.00","1,950,000.00","92.38","Canada","-","CAD","2.96","1.00","Mar 10, 2026","1.76","CAD","Mar 10, 2021"
"MRUCN","METRO INC MTN","Industrial","Fixed Income","1,812,791.75","0.11","1,812,791.75","1,628,000.00","1,628,000.00","109.58","Canada","-","CAD","9.00","1.00","Oct 15, 2035","5.97","CAD","Oct 12, 2005"
"RCICN","ROGERS COMMUNICATIONS INC","Communication","Fixed Income","1,811,393.91","0.11","1,811,393.91","1,609,000.00","1,609,000.00","110.97","Canada","-","CAD","10.37","1.00","Nov 4, 2039","6.68","CAD","Nov 4, 2009"
"FORTTR_191-A","FORTTR_191 A","Securitized","Fixed Income","1,810,443.96","0.11","1,810,443.96","1,846,000.00","1,846,000.00","97.16","Canada","-","CAD","1.10","1.00","Mar 23, 2024","2.56","CAD","Mar 13, 2019"
"SGTPHW","SGTP HIGHWAY BYPASS LIMITED PARTNE RegS","Infrastructure","Fixed Income","1,809,756.44","0.11","1,809,756.44","1,956,292.00","1,956,292.00","92.51","Canada","-","CAD","9.14","1.00","Jan 31, 2045","4.11","CAD","Aug 4, 2015"
"TCN","TELUS CORPORATION","Communication","Fixed Income","1,806,641.27","0.11","1,806,641.27","1,675,000.00","1,675,000.00","105.69","Canada","-","CAD","14.61","1.00","Sep 13, 2052","5.65","CAD","Sep 13, 2022"
"PPLCN","PEMBINA PIPELINE CORP MTN RegS","Energy","Fixed Income","1,806,185.05","0.11","1,806,185.05","1,820,000.00","1,820,000.00","98.69","Canada","-","CAD","3.81","1.00","Jun 15, 2027","4.24","CAD","Jun 16, 2015"
"TOYOTA","TOYOTA CREDIT CANADA INC MTN","Financial","Fixed Income","1,803,194.59","0.11","1,803,194.59","1,860,000.00","1,860,000.00","95.76","Canada","-","CAD","2.42","1.00","Aug 25, 2025","2.73","CAD","Feb 23, 2022"
"TIHCN","TOROMONT INDUSTRIES LTD.","Industrial","Fixed Income","1,797,346.96","0.11","1,797,346.96","1,815,000.00","1,815,000.00","98.02","Canada","-","CAD","4.16","1.00","Oct 27, 2027","3.84","CAD","Oct 27, 2017"
"ENBCN","ENBRIDGE INC MTN","Energy","Fixed Income","1,796,298.85","0.11","1,796,298.85","1,878,000.00","1,878,000.00","95.25","Canada","-","CAD","2.23","1.00","Jun 2, 2025","2.44","CAD","May 12, 2020"
"ETRHWY","HIGHWAY 407 144A","Infrastructure","Fixed Income","1,793,964.95","0.11","1,793,964.95","1,593,000.00","1,593,000.00","112.54","Canada","-","CAD","5.40","1.00","Jul 27, 2029","6.47","CAD","Jul 27, 1999"
"HYDONE","HYDRO ONE INC MTN","Infrastructure","Fixed Income","1,791,997.82","0.11","1,791,997.82","1,839,000.00","1,839,000.00","96.23","Canada","-","CAD","2.86","1.00","Feb 24, 2026","2.77","CAD","Feb 24, 2016"
"AIREIN","AIMCO REALTY INVESTORS LP","Real Estate","Fixed Income","1,791,047.36","0.11","1,791,047.36","1,964,000.00","1,964,000.00","90.74","Canada","-","CAD","5.72","1.00","Jun 1, 2029","2.71","CAD","Jun 14, 2019"
"ETRHWY","407 INTERNATIONAL INC MTN","Infrastructure","Fixed Income","1,786,947.01","0.10","1,786,947.01","2,008,000.00","2,008,000.00","87.54","Canada","-","CAD","14.13","1.00","Sep 8, 2044","3.65","CAD","Sep 8, 2017"
"VTR","VENTAS CANADA FINANCE LTD MTN","Real Estate","Fixed Income","1,783,361.55","0.10","1,783,361.55","1,827,000.00","1,827,000.00","96.76","United States","-","CAD","1.15","1.00","Apr 12, 2024","2.80","CAD","Nov 12, 2019"
"ALTALK","ALTALINK LP MTN","Infrastructure","Fixed Income","1,779,748.75","0.10","1,779,748.75","1,905,000.00","1,905,000.00","93.08","Canada","-","CAD","13.20","1.00","Jun 30, 2042","3.99","CAD","Jun 29, 2012"
"ENBGAS","ENBRIDGE GAS INC MTN","Energy","Fixed Income","1,779,331.14","0.10","1,779,331.14","1,884,000.00","1,884,000.00","93.75","Canada","-","CAD","13.66","1.00","Jun 2, 2044","4.20","CAD","Jun 2, 2014"
"TRPCN","TRANSCANADA PIPELINES LIMITED MTN","Energy","Fixed Income","1,778,360.11","0.10","1,778,360.11","1,356,000.00","1,356,000.00","127.46","Canada","-","CAD","9.66","1.00","Feb 17, 2039","8.05","CAD","Feb 17, 2009"
"ONTPOW","ONTARIO POWER GENERATION INC MTN","Energy","Fixed Income","1,778,075.48","0.10","1,778,075.48","1,821,000.00","1,821,000.00","96.56","Canada","-","CAD","4.20","1.00","Oct 4, 2027","3.31","CAD","Oct 2, 2017"
"BAMREP","BROOKFIELD RENEWABLE PARTNERS ULC MTN","Energy","Fixed Income","1,773,632.49","0.10","1,773,632.49","1,909,000.00","1,909,000.00","92.76","Canada","-","CAD","6.13","1.00","Jan 15, 2030","3.38","CAD","Sep 13, 2019"
"HYDONE","HYDRO ONE INC","Infrastructure","Fixed Income","1,773,274.45","0.10","1,773,274.45","1,850,000.00","1,850,000.00","94.88","Canada","-","CAD","5.51","1.00","Apr 5, 2029","3.02","CAD","Apr 5, 2019"
"TOYOTA","TOYOTA CREDIT CANADA INC MTN","Financial","Fixed Income","1,769,017.78","0.10","1,769,017.78","1,842,000.00","1,842,000.00","95.12","Canada","-","CAD","1.98","1.00","Feb 26, 2025","2.11","CAD","Feb 26, 2020"
"HYDONE","HYDRO ONE INC MTN","Infrastructure","Fixed Income","1,768,355.62","0.10","1,768,355.62","1,589,000.00","1,589,000.00","111.06","Canada","-","CAD","11.59","1.00","Jul 16, 2040","5.49","CAD","Jul 16, 2009"
"HNDA","HONDA CANADA FINANCE INC","Financial","Fixed Income","1,766,083.89","0.10","1,766,083.89","1,800,000.00","1,800,000.00","97.46","Canada","-","CAD","2.18","1.00","May 23, 2025","3.44","CAD","May 23, 2018"
"ACICN","ALTAGAS CANADA INC MTN","Energy","Fixed Income","1,762,457.42","0.10","1,762,457.42","1,787,000.00","1,787,000.00","97.96","Canada","-","CAD","5.06","1.00","Dec 5, 2028","4.26","CAD","Dec 5, 2018"
"TERANE","TERANET HOLDINGS LP","Industrial","Fixed Income","1,752,377.51","0.10","1,752,377.51","1,806,000.00","1,806,000.00","96.54","Canada","-","CAD","2.23","1.00","Jun 11, 2025","3.54","CAD","Jun 11, 2020"
"CPXCN","CAPITAL POWER CORP MTN","Energy","Fixed Income","1,743,671.10","0.10","1,743,671.10","1,742,000.00","1,742,000.00","99.99","Canada","-","CAD","2.62","1.00","Jan 23, 2026","4.99","CAD","Jan 23, 2019"
"TRPCN","TRANSCANADA PIPELINES LTD MTN","Energy","Fixed Income","1,741,943.21","0.10","1,741,943.21","1,977,000.00","1,977,000.00","87.68","Canada","-","CAD","7.25","1.00","Jun 9, 2031","2.97","CAD","Jun 9, 2021"
"SYY","SYSCO CANADA INC RegS","Industrial","Fixed Income","1,741,639.61","0.10","1,741,639.61","1,765,000.00","1,765,000.00","97.70","Canada","-","CAD","2.02","1.00","Apr 25, 2025","3.65","CAD","Sep 25, 2018"
"MFCCN","MANULIFE BANK OF CANADA","Financial","Fixed Income","1,740,436.26","0.10","1,740,436.26","1,809,000.00","1,809,000.00","95.73","Canada","-","CAD","1.73","1.00","Nov 19, 2024","2.38","CAD","Nov 19, 2019"
"HNDA","HONDA CANADA FINANCE INC","Financial","Fixed Income","1,739,696.18","0.10","1,739,696.18","1,973,000.00","1,973,000.00","87.46","Canada","-","CAD","4.76","1.00","Feb 25, 2028","1.65","CAD","Feb 25, 2021"
"ETRHWY","407 INTERNATIONAL INC. MTN","Infrastructure","Fixed Income","1,735,568.29","0.10","1,735,568.29","1,569,000.00","1,569,000.00","107.94","Canada","-","CAD","9.15","1.00","Feb 14, 2036","5.75","CAD","Feb 14, 2006"
"HOSNOH","HOSPITAL INFRASTRUCTURE PARTNERS I","Infrastructure","Fixed Income","1,734,986.36","0.10","1,734,986.36","1,675,224.00","1,675,224.00","103.57","Canada","-","CAD","9.15","1.00","Jan 31, 2045","5.44","CAD","Jul 29, 2011"
"BIP","BROOKFIELD INFRASTRUCTURE FINANCE MTN","Infrastructure","Fixed Income","1,731,309.95","0.10","1,731,309.95","1,650,000.00","1,650,000.00","103.73","Canada","-","CAD","4.11","1.00","Nov 14, 2027","5.62","CAD","Nov 14, 2022"
"CUCN","CU INC","Energy","Fixed Income","1,728,265.68","0.10","1,728,265.68","1,716,000.00","1,716,000.00","99.48","Canada","-","CAD","12.45","1.00","Oct 24, 2041","4.54","CAD","Oct 24, 2011"
"OMERS","OMERS REALTY CORPORATION","Real Estate","Fixed Income","1,721,092.67","0.10","1,721,092.67","1,738,000.00","1,738,000.00","97.77","Canada","-","CAD","1.02","1.00","Feb 23, 2024","2.86","CAD","Feb 23, 2016"
"CUCN","CU INC","Energy","Fixed Income","1,718,556.75","0.10","1,718,556.75","2,228,000.00","2,228,000.00","75.95","Canada","-","CAD","16.73","1.00","Sep 7, 2049","2.96","CAD","Sep 5, 2019"
"BCECN","BELL CANADA MTN","Communication","Fixed Income","1,716,068.25","0.10","1,716,068.25","1,856,000.00","1,856,000.00","90.55","Canada","-","CAD","13.98","1.00","Feb 27, 2047","4.45","CAD","Feb 27, 2017"
"ARXCN","ARC RESOURCES LTD","Energy","Fixed Income","1,713,957.77","0.10","1,713,957.77","1,885,000.00","1,885,000.00","89.57","Canada","-","CAD","6.87","1.00","Mar 10, 2031","3.46","CAD","Mar 10, 2021"
"NWRWPT","NORTH WEST REDWATER PARTNERSHIP","Energy","Fixed Income","1,708,592.59","0.10","1,708,592.59","1,749,000.00","1,749,000.00","97.61","Canada","-","CAD","1.42","1.00","Jul 22, 2024","3.20","CAD","Jul 23, 2014"
"IPLCN","INTER PIPELINE LTD","Energy","Fixed Income","1,705,411.95","0.10","1,705,411.95","1,575,000.00","1,575,000.00","106.97","Canada","-","CAD","7.38","1.00","Feb 17, 2033","6.38","CAD","Nov 17, 2022"
"GM","GENERAL MOTORS FINANCIAL OF CANADA","Financial","Fixed Income","1,703,530.55","0.10","1,703,530.55","1,882,000.00","1,882,000.00","90.00","Canada","-","CAD","3.06","1.00","Apr 15, 2026","1.75","CAD","Jan 15, 2021"
"SSLFIN","SSL FINANCE INC","Infrastructure","Fixed Income","1,698,663.09","0.10","1,698,663.09","1,822,214.00","1,822,214.00","92.19","Canada","-","CAD","9.16","1.00","Oct 31, 2045","4.10","CAD","Jun 19, 2015"
"ETRHWY","407 INTERNATIONAL INC MTN","Infrastructure","Fixed Income","1,695,904.21","0.10","1,695,904.21","1,670,000.00","1,670,000.00","99.86","Canada","-","CAD","4.45","1.00","Feb 14, 2028","4.22","CAD","Sep 7, 2022"
"VW","VW CREDIT CANADA INC","Financial","Fixed Income","1,694,926.00","0.10","1,694,926.00","1,785,000.00","1,785,000.00","94.66","Canada","-","CAD","1.79","1.00","Dec 10, 2024","2.05","CAD","Dec 10, 2021"
"BCECN","BELL CANADA INC","Communication","Fixed Income","1,691,148.13","0.10","1,691,148.13","1,875,000.00","1,875,000.00","89.81","Canada","-","CAD","4.94","1.00","May 29, 2028","2.20","CAD","May 28, 2021"
"SAPCN","SAPUTO INC MTN","Industrial","Fixed Income","1,689,868.22","0.10","1,689,868.22","1,739,000.00","1,739,000.00","96.60","Canada","-","CAD","1.72","1.00","Nov 19, 2024","2.88","CAD","Nov 19, 2019"
"PPLCN","PEMBINA PIPELINE CORP MTN","Energy","Fixed Income","1,688,197.47","0.10","1,688,197.47","1,810,000.00","1,810,000.00","91.62","Canada","-","CAD","6.08","1.00","Feb 1, 2030","3.31","CAD","Sep 12, 2019"
"GWOCN","GREAT-WEST LIFECO INC.","Financial","Fixed Income","1,682,652.17","0.10","1,682,652.17","1,417,000.00","1,417,000.00","116.34","Canada","-","CAD","7.49","1.00","Mar 21, 2033","6.67","CAD","Mar 21, 2003"
"BAMREP","BROOKFIELD RENEWABLE ENERGY PARTNE MTN","Energy","Fixed Income","1,678,276.11","0.10","1,678,276.11","1,735,000.00","1,735,000.00","96.57","Canada","-","CAD","3.60","1.00","Jan 15, 2027","3.63","CAD","Aug 12, 2016"
"NWRWPT","NORTH WEST REDWATER PARTNERSHIP","Energy","Fixed Income","1,678,133.20","0.10","1,678,133.20","1,781,000.00","1,781,000.00","93.97","Canada","-","CAD","11.25","1.00","Jan 10, 2039","4.35","CAD","Jun 10, 2016"
"BRUPOW","BRUCE POWER LP","Energy","Fixed Income","1,678,083.23","0.10","1,678,083.23","1,837,000.00","1,837,000.00","91.05","Canada","-","CAD","5.37","1.00","Dec 21, 2028","2.68","CAD","Nov 22, 2021"
"NWRWPT","NORTH WEST REDWATER PARTNERSHIP RegS","Energy","Fixed Income","1,676,595.18","0.10","1,676,595.18","1,736,000.00","1,736,000.00","95.88","Canada","-","CAD","8.24","1.00","Jun 1, 2033","4.15","CAD","Jun 10, 2016"
"TERANE","TERANET HOLDINGS LP","Industrial","Fixed Income","1,676,162.94","0.10","1,676,162.94","1,687,000.00","1,687,000.00","98.65","Canada","-","CAD","11.11","1.00","Dec 17, 2040","5.75","CAD","Dec 16, 2010"
"GM","GENERAL MOTORS FINANCIAL OF CANADA","Financial","Fixed Income","1,676,053.27","0.10","1,676,053.27","1,780,000.00","1,780,000.00","92.65","United States","-","CAD","3.68","1.00","Feb 8, 2027","3.15","CAD","Feb 8, 2022"
"BCFERR","BC FERRY SERVICES INC MTN","Infrastructure","Fixed Income","1,664,959.89","0.10","1,664,959.89","1,549,000.00","1,549,000.00","105.66","Canada","-","CAD","10.09","1.00","Mar 20, 2037","5.02","CAD","Mar 20, 2007"
"AIREIN","AIMCO REALTY INVESTORS LP","Real Estate","Fixed Income","1,656,560.42","0.10","1,656,560.42","1,779,000.00","1,779,000.00","92.59","Canada","-","CAD","3.55","1.00","Nov 4, 2026","2.19","CAD","Nov 4, 2021"
"BNCN","BROOKFIELD ASSET MANAGEMENT INC MTN","Industrial","Fixed Income","1,653,188.20","0.10","1,653,188.20","1,682,000.00","1,682,000.00","96.86","Canada","-","CAD","3.66","1.00","Mar 16, 2027","3.80","CAD","Sep 16, 2016"
"GTAAIR","GREATER TORONTO AIRPORTS AUTHORITY","Infrastructure","Fixed Income","1,652,728.56","0.10","1,652,728.56","1,851,000.00","1,851,000.00","88.91","Canada","-","CAD","4.96","1.00","May 3, 2028","1.54","CAD","Nov 3, 2020"
"TCN","TELUS CORPORATION MTN","Communication","Fixed Income","1,647,359.03","0.10","1,647,359.03","1,829,000.00","1,829,000.00","88.60","Canada","-","CAD","12.68","1.00","Apr 1, 2043","4.40","CAD","Apr 1, 2013"
"CCDJ","FEDERATION DES CAISSES DESJARDINS","Financial","Fixed Income","1,644,924.94","0.10","1,644,924.94","1,798,000.00","1,798,000.00","90.86","Canada","-","CAD","3.44","1.00","Sep 10, 2026","1.59","CAD","Sep 10, 2021"
"MBGGR","DAIMLER CANADA FINANCE INC","Financial","Fixed Income","1,643,578.41","0.10","1,643,578.41","1,760,000.00","1,760,000.00","92.79","Germany","-","CAD","2.53","1.00","Sep 22, 2025","1.65","CAD","Sep 22, 2020"
"SUCN","SUNCOR ENERGY INC MTN","Energy","Fixed Income","1,642,003.74","0.10","1,642,003.74","1,874,000.00","1,874,000.00","85.96","Canada","-","CAD","13.77","1.00","Sep 13, 2046","4.34","CAD","Sep 13, 2016"
"CCOCN","CAMECO CORPORATION","Industrial","Fixed Income","1,639,339.69","0.10","1,639,339.69","1,659,000.00","1,659,000.00","98.38","Canada","-","CAD","1.30","1.00","Jun 24, 2024","4.19","CAD","Jun 24, 2014"
"FFHCN","FAIRFAX FINANCIAL HOLDINGS LTD MTN","Financial","Fixed Income","1,635,314.04","0.10","1,635,314.04","1,638,000.00","1,638,000.00","99.24","Canada","-","CAD","3.34","1.00","Dec 16, 2026","4.70","CAD","Dec 16, 2016"
"SE","WESTCOAST ENERGY INC MTN","Energy","Fixed Income","1,632,587.78","0.10","1,632,587.78","1,667,000.00","1,667,000.00","97.38","Canada","-","CAD","2.59","1.00","Dec 8, 2025","3.77","CAD","Dec 8, 2015"
"CPXCN","CAPITAL POWER CORP MTN","Energy","Fixed Income","1,632,315.81","0.10","1,632,315.81","1,634,000.00","1,634,000.00","98.31","Canada","-","CAD","1.52","1.00","Sep 18, 2024","4.28","CAD","Sep 18, 2017"
"ONTPOW","ONTARIO POWER GENERATION INC MTN","Energy","Fixed Income","1,624,295.66","0.10","1,624,295.66","1,564,000.00","1,564,000.00","103.69","Canada","-","CAD","7.51","1.00","Jul 19, 2032","4.92","CAD","Jul 18, 2022"
"ONTPOW","ONTARIO POWER GENERATION INC","Energy","Fixed Income","1,620,534.75","0.10","1,620,534.75","1,837,000.00","1,837,000.00","87.80","Canada","-","CAD","15.45","1.00","Jun 22, 2048","3.84","CAD","Jun 22, 2018"
"GTAAIR","GREATER TORONTO AIRPORTS AUTHORITY","Infrastructure","Fixed Income","1,617,110.17","0.10","1,617,110.17","1,715,000.00","1,715,000.00","93.39","Canada","-","CAD","5.57","1.00","Apr 3, 2029","2.73","CAD","Apr 3, 2019"
"NAVCAN","NAV CANADA","Infrastructure","Fixed Income","1,616,896.69","0.09","1,616,896.69","2,075,000.00","2,075,000.00","76.93","Canada","-","CAD","17.68","1.00","Sep 29, 2051","2.92","CAD","May 29, 2020"
"RCICN","ROGERS COMMUNICATIONS INC. MTN","Communication","Fixed Income","1,615,371.13","0.09","1,615,371.13","1,438,000.00","1,438,000.00","109.98","Canada","-","CAD","10.71","1.00","Mar 22, 2041","6.56","CAD","Mar 21, 2011"
"KEYCN","KEYERA CORP MTN","Energy","Fixed Income","1,612,609.98","0.09","1,612,609.98","1,713,000.00","1,713,000.00","93.46","Canada","-","CAD","6.26","1.00","May 29, 2030","3.96","CAD","May 29, 2020"
"IPLCN","INTER PIPELINE LTD MTN","Energy","Fixed Income","1,607,496.54","0.09","1,607,496.54","1,642,000.00","1,642,000.00","97.11","Canada","-","CAD","1.17","1.00","Apr 18, 2024","2.73","CAD","Apr 18, 2017"
"TERANE","TERANET HOLDINGS LP","Industrial","Fixed Income","1,605,937.87","0.09","1,605,937.87","1,696,000.00","1,696,000.00","93.05","Canada","-","CAD","5.29","1.00","Feb 23, 2029","3.72","CAD","Feb 23, 2022"
"TOYOTA","TOYOTA CREDIT CANADA INC MTN","Financial","Fixed Income","1,605,719.37","0.09","1,605,719.37","1,758,000.00","1,758,000.00","90.82","Canada","-","CAD","2.95","1.00","Feb 23, 2026","1.18","CAD","Feb 23, 2021"
"BCIMCR","BCIMC REALTY CORP","Real Estate","Fixed Income","1,604,630.60","0.09","1,604,630.60","1,671,000.00","1,671,000.00","95.02","Canada","-","CAD","3.83","1.00","Mar 31, 2027","3.00","CAD","Mar 31, 2017"
"WSPCN","WSP GLOBAL INC","Industrial","Fixed Income","1,604,559.79","0.09","1,604,559.79","1,771,000.00","1,771,000.00","89.92","Canada","-","CAD","4.81","1.00","Apr 19, 2028","2.41","CAD","Apr 19, 2021"
"ALACN","ALTAGAS LTD MTN","Energy","Fixed Income","1,603,663.38","0.09","1,603,663.38","1,698,000.00","1,698,000.00","94.14","Canada","-","CAD","2.26","1.00","Jun 10, 2025","2.16","CAD","Jun 10, 2020"
"MFCCN","MANULIFE BANK OF CANADA","Financial","Fixed Income","1,603,358.78","0.09","1,603,358.78","1,721,000.00","1,721,000.00","93.01","Canada","-","CAD","2.32","1.00","Jun 25, 2025","1.50","CAD","Jun 25, 2020"
"ENBPIP","ENBRIDGE PIPELINES INC MTN","Energy","Fixed Income","1,602,645.39","0.09","1,602,645.39","1,653,000.00","1,653,000.00","95.52","Canada","-","CAD","3.25","1.00","Aug 10, 2026","3.00","CAD","Aug 9, 2016"
"KEYCN","KEYERA CORP","Energy","Fixed Income","1,601,790.15","0.09","1,601,790.15","1,665,000.00","1,665,000.00","95.76","Canada","-","CAD","4.79","1.00","Jun 21, 2028","3.93","CAD","Jun 19, 2018"
"BIP","BROOKFIELD INFRASTRUCTURE FINANCE","Infrastructure","Fixed Income","1,600,836.52","0.09","1,600,836.52","1,540,000.00","1,540,000.00","102.49","Canada","-","CAD","8.22","1.00","Apr 25, 2034","5.44","CAD","Apr 25, 2022"
"SJRCN","SHAW COMMUNICATIONS INC","Communication","Fixed Income","1,598,356.37","0.09","1,598,356.37","1,608,000.00","1,608,000.00","98.32","Canada","-","CAD","4.95","1.00","Nov 2, 2028","4.40","CAD","Nov 2, 2018"
"FTSCN","FORTIS INC","Infrastructure","Fixed Income","1,597,844.06","0.09","1,597,844.06","1,768,000.00","1,768,000.00","89.92","Canada","-","CAD","4.91","1.00","May 15, 2028","2.18","CAD","May 14, 2021"
"LCN","LOBLAW COMPANIES LTD","Industrial","Fixed Income","1,597,799.50","0.09","1,597,799.50","1,573,000.00","1,573,000.00","100.95","Canada","-","CAD","4.99","1.00","Dec 11, 2028","4.49","CAD","Dec 10, 2018"
"PPLCN","PEMBINA PIPELINE CORP MTN","Energy","Fixed Income","1,596,192.43","0.09","1,596,192.43","1,756,000.00","1,756,000.00","89.69","Canada","-","CAD","12.40","1.00","Apr 30, 2043","4.75","CAD","Apr 30, 2013"
"CAAIAU","CALGARY AIRPORT AUTHORITY","Infrastructure","Fixed Income","1,593,796.86","0.09","1,593,796.86","1,830,000.00","1,830,000.00","86.00","Canada","-","CAD","13.09","1.00","Oct 7, 2041","3.45","CAD","Oct 7, 2021"
"AERMON","AEROPORTS DE MONTREAL","Infrastructure","Fixed Income","1,591,764.81","0.09","1,591,764.81","1,478,000.00","1,478,000.00","105.77","Canada","-","CAD","9.23","1.00","Sep 17, 2035","5.17","CAD","Sep 15, 2005"
"HNDA","HONDA CANADA FINANCE INC","Financial","Fixed Income","1,584,771.03","0.09","1,584,771.03","1,630,000.00","1,630,000.00","96.83","Canada","-","CAD","1.30","1.00","Jun 4, 2024","2.50","CAD","Jun 4, 2019"
"CHPUCN","CHOICE PROPERTIES REAL ESTATE INVE","Real Estate","Fixed Income","1,581,716.14","0.09","1,581,716.14","1,693,000.00","1,693,000.00","92.87","Canada","-","CAD","3.99","1.00","May 21, 2027","2.85","CAD","May 21, 2020"
"NISCAN","NISSAN CANADA INC","Industrial","Fixed Income","1,581,162.59","0.09","1,581,162.59","1,725,000.00","1,725,000.00","90.91","Canada","-","CAD","2.52","1.00","Sep 22, 2025","2.10","CAD","Sep 22, 2021"
"ETRHWY","407 INTERNATIONAL INC MTN","Infrastructure","Fixed Income","1,579,679.97","0.09","1,579,679.97","1,776,000.00","1,776,000.00","88.12","Canada","-","CAD","15.56","1.00","May 11, 2048","3.72","CAD","May 9, 2018"
"NISCAN","NISSAN CANADA INC","Industrial","Fixed Income","1,576,676.55","0.09","1,576,676.55","1,650,000.00","1,650,000.00","94.95","Canada","-","CAD","1.09","1.00","Mar 18, 2024","1.63","CAD","Mar 16, 2021"
"GTAAIR","GREATER TORONTO AIRPORTS AUTHORITY","Infrastructure","Fixed Income","1,574,970.50","0.09","1,574,970.50","1,800,000.00","1,800,000.00","86.95","Canada","-","CAD","11.08","1.00","Jun 1, 2037","3.26","CAD","Mar 29, 2018"
"VANAIR","VANCOUVER AIRPORT AUTHORITY","Infrastructure","Fixed Income","1,574,483.13","0.09","1,574,483.13","2,070,000.00","2,070,000.00","75.05","Canada","-","CAD","17.47","1.00","Sep 21, 2050","2.80","CAD","Sep 21, 2020"
"APUCN","ALLIED PROPERTIES REAL ESTATE INVE","Real Estate","Fixed Income","1,562,821.38","0.09","1,562,821.38","1,717,000.00","1,717,000.00","90.21","Canada","-","CAD","2.89","1.00","Feb 12, 2026","1.73","CAD","Feb 12, 2021"
"IPLCN","INTER PIPELINE LTD MTN","Energy","Fixed Income","1,562,042.08","0.09","1,562,042.08","1,632,000.00","1,632,000.00","95.27","Canada","-","CAD","3.57","1.00","Dec 16, 2026","3.48","CAD","Dec 16, 2016"
"GWOCN","GREAT-WEST LIFECO INC","Financial","Fixed Income","1,558,668.78","0.09","1,558,668.78","2,107,000.00","2,107,000.00","73.79","Canada","-","CAD","17.05","1.00","Jul 8, 2050","2.98","CAD","Jul 8, 2020"
"VW","VW CREDIT CANADA INC RegS","Financial","Fixed Income","1,556,060.35","0.09","1,556,060.35","1,685,000.00","1,685,000.00","92.00","Germany","-","CAD","3.63","1.00","Dec 10, 2026","2.45","CAD","Dec 10, 2021"
"CWBCN","CANADIAN WESTERN BANK","Financial","Fixed Income","1,552,113.65","0.09","1,552,113.65","1,775,000.00","1,775,000.00","87.21","Canada","-","CAD","4.59","1.00","Dec 16, 2027","1.82","CAD","Dec 16, 2020"
"TCN","TELUS CORPORATION","Communication","Fixed Income","1,551,128.47","0.09","1,551,128.47","1,672,000.00","1,672,000.00","91.35","Canada","-","CAD","6.16","1.00","Feb 19, 2030","3.15","CAD","Dec 16, 2019"
"MRUCN","METRO INC MTN","Industrial","Fixed Income","1,550,660.70","0.09","1,550,660.70","1,600,000.00","1,600,000.00","96.40","Canada","-","CAD","4.37","1.00","Dec 6, 2027","3.39","CAD","Dec 4, 2017"
"MFCCN","MANULIFE BANK OF CANADA","Financial","Fixed Income","1,548,692.39","0.09","1,548,692.39","1,691,000.00","1,691,000.00","91.01","Canada","-","CAD","2.95","1.00","Feb 26, 2026","1.34","CAD","Feb 26, 2021"
"ALTALK","ALTALINK LP MTN","Infrastructure","Fixed Income","1,547,746.52","0.09","1,547,746.52","1,742,000.00","1,742,000.00","88.25","Canada","-","CAD","15.08","1.00","Dec 3, 2046","3.72","CAD","Dec 1, 2016"
"LBCN","LAURENTIAN BANK OF CANADA","Financial","Fixed Income","1,546,487.87","0.09","1,546,487.87","1,637,000.00","1,637,000.00","93.74","Canada","-","CAD","2.04","1.00","Mar 17, 2025","1.95","CAD","Dec 21, 2021"
"SJRCN","SHAW COMMUNICATIONS INC RegS","Communication","Fixed Income","1,545,312.26","0.09","1,545,312.26","1,771,000.00","1,771,000.00","86.84","Canada","-","CAD","6.89","1.00","Dec 9, 2030","2.90","CAD","Apr 22, 2020"
"APUCN","ALLIED PROPERTIES REAL ESTATE INVE","Real Estate","Fixed Income","1,543,096.66","0.09","1,543,096.66","1,845,000.00","1,845,000.00","82.13","Canada","-","CAD","7.56","1.00","Feb 6, 2032","3.10","CAD","Aug 6, 2021"
"VW","VW CREDIT CANADA INC RegS","Financial","Fixed Income","1,540,693.81","0.09","1,540,693.81","1,670,000.00","1,670,000.00","91.72","Germany","-","CAD","2.54","1.00","Sep 23, 2025","1.50","CAD","Sep 23, 2020"
"ETRHWY","407 INTERNATIONAL INC. MTN","Infrastructure","Fixed Income","1,538,713.55","0.09","1,538,713.55","1,765,000.00","1,765,000.00","86.48","Canada","-","CAD","15.34","1.00","May 21, 2047","3.60","CAD","May 19, 2016"
"LCN","LOBLAW COMPANIES LTD","Industrial","Fixed Income","1,538,413.66","0.09","1,538,413.66","1,460,000.00","1,460,000.00","103.45","Canada","-","CAD","7.46","1.00","Sep 13, 2032","5.01","CAD","Sep 13, 2022"
"BCECN","BELL CANADA INC MTN","Communication","Fixed Income","1,536,913.24","0.09","1,536,913.24","1,781,000.00","1,781,000.00","84.79","Canada","-","CAD","15.51","1.00","Mar 17, 2051","4.05","CAD","Mar 17, 2021"
"SLFCN","SUN LIFE FINANCIAL INC","Financial","Fixed Income","1,535,571.74","0.09","1,535,571.74","1,746,000.00","1,746,000.00","87.30","Canada","-","CAD","7.10","1.00","Nov 18, 2036","3.15","CAD","Nov 18, 2021"
"NSIUCN","NOVA SCOTIA POWER INC MTN","Infrastructure","Fixed Income","1,535,357.94","0.09","1,535,357.94","1,912,000.00","1,912,000.00","79.15","Canada","-","CAD","15.53","1.00","Apr 5, 2049","3.57","CAD","Apr 4, 2019"
"ETRHWY","407 INTERNATIONAL INC MTN","Infrastructure","Fixed Income","1,535,054.21","0.09","1,535,054.21","1,730,000.00","1,730,000.00","87.27","Canada","-","CAD","15.77","1.00","Mar 8, 2049","3.67","CAD","Mar 6, 2019"
"BIP","BROOKFIELD INFRASTRUCTURE FINANCE MTN","Infrastructure","Fixed Income","1,534,538.92","0.09","1,534,538.92","1,805,000.00","1,805,000.00","83.83","Canada","-","CAD","8.10","1.00","Sep 1, 2032","2.86","CAD","Sep 1, 2020"
"ETRHWY","407 INTERNATIONAL INC MTN","Infrastructure","Fixed Income","1,534,328.06","0.09","1,534,328.06","1,590,000.00","1,590,000.00","95.37","Canada","-","CAD","12.85","1.00","Apr 25, 2042","4.19","CAD","Apr 25, 2012"
"SJRCN","SHAW COMMUNICATIONS INC.","Communication","Fixed Income","1,533,851.05","0.09","1,533,851.05","1,674,000.00","1,674,000.00","91.16","Canada","-","CAD","6.04","1.00","Dec 10, 2029","3.30","CAD","Dec 9, 2019"
"PPLCN","PEMBINA PIPELINE CORP MTN","Energy","Fixed Income","1,533,798.47","0.09","1,533,798.47","1,665,000.00","1,665,000.00","90.43","Canada","-","CAD","12.60","1.00","Mar 25, 2044","4.81","CAD","Apr 4, 2014"
"GRTCN","GRANITE REIT HOLDINGS LP","Real Estate","Fixed Income","1,533,362.57","0.09","1,533,362.57","1,740,000.00","1,740,000.00","87.19","Canada","-","CAD","5.13","1.00","Aug 30, 2028","2.19","CAD","Aug 30, 2021"
"SE","WESTCOAST ENERGY INC. MTN","Energy","Fixed Income","1,531,266.70","0.09","1,531,266.70","1,549,000.00","1,549,000.00","97.53","Canada","-","CAD","1.53","1.00","Sep 12, 2024","3.43","CAD","Sep 12, 2014"
"SLFCN","SUN LIFE FINANCIAL INC","Financial","Fixed Income","1,524,681.68","0.09","1,524,681.68","1,651,000.00","1,651,000.00","91.85","Canada","-","CAD","3.51","1.00","Nov 18, 2031","2.46","CAD","Nov 18, 2021"
"DE","JOHN DEERE FINANCIAL INC","Financial","Fixed Income","1,523,906.08","0.09","1,523,906.08","1,589,000.00","1,589,000.00","95.79","United States","-","CAD","1.88","1.00","Jan 14, 2025","2.41","CAD","Jan 14, 2020"
"GRTCN","GRANITE REIT HOLDINGS LP","Real Estate","Fixed Income","1,521,418.96","0.09","1,521,418.96","1,826,000.00","1,826,000.00","83.03","Canada","-","CAD","7.03","1.00","Dec 18, 2030","2.38","CAD","Dec 18, 2020"
"PLEBCA","PLENARY HEALTH BRIDGEPOINT LP","Infrastructure","Fixed Income","1,520,839.85","0.09","1,520,839.85","1,244,265.00","1,244,265.00","119.19","Canada","-","CAD","8.10","1.00","Aug 31, 2042","7.25","CAD","Aug 11, 2009"
"DOLCN","DOLLARAMA INC","Industrial","Fixed Income","1,520,474.83","0.09","1,520,474.83","1,450,000.00","1,450,000.00","103.49","Canada","-","CAD","5.92","1.00","Apr 26, 2030","5.17","CAD","Oct 26, 2022"
"CWBCN","CANADIAN WESTERN BANK","Financial","Fixed Income","1,519,822.76","0.09","1,519,822.76","1,650,000.00","1,650,000.00","91.55","Canada","-","CAD","3.05","1.00","Apr 16, 2026","1.93","CAD","Apr 16, 2021"
"GTAAIR","GREATER TORONTO AIRPORTS AUTH 144A","Infrastructure","Fixed Income","1,518,922.74","0.09","1,518,922.74","1,374,000.00","1,374,000.00","109.50","Canada","-","CAD","4.17","1.00","Dec 3, 2027","6.45","CAD","Dec 2, 1997"
"ARXCN","ARC RESOURCES LTD","Energy","Fixed Income","1,508,221.26","0.09","1,508,221.26","1,607,000.00","1,607,000.00","92.93","Canada","-","CAD","2.93","1.00","Mar 10, 2026","2.35","CAD","Mar 10, 2021"
"VTR","VENTAS CANADA FINANCE LTD","Real Estate","Fixed Income","1,508,206.81","0.09","1,508,206.81","1,651,000.00","1,651,000.00","91.17","United States","-","CAD","3.70","1.00","Jan 4, 2027","2.45","CAD","Dec 1, 2021"
"HYDONE","HYDRO ONE INC MTN","Infrastructure","Fixed Income","1,505,336.47","0.09","1,505,336.47","1,430,000.00","1,430,000.00","103.39","Canada","-","CAD","10.10","1.00","Mar 13, 2037","4.89","CAD","Mar 13, 2007"
"BNCN","BROOKFIELD ASSET MANAGEMENT INC MTN","Industrial","Fixed Income","1,501,257.04","0.09","1,501,257.04","1,474,000.00","1,474,000.00","99.85","Canada","-","CAD","0.87","1.00","Mar 8, 2024","5.04","CAD","Sep 9, 2013"
"BRUPOW","BRUCE POWER LP","Energy","Fixed Income","1,498,860.31","0.09","1,498,860.31","1,533,000.00","1,533,000.00","97.32","Canada","-","CAD","5.53","1.00","Jun 21, 2029","4.01","CAD","Feb 14, 2017"
"IGMCN","IGM FINANCIAL INC","Financial","Fixed Income","1,497,349.13","0.09","1,497,349.13","1,567,000.00","1,567,000.00","95.51","Canada","-","CAD","3.68","1.00","Jan 26, 2027","3.44","CAD","Jan 26, 2017"
"CCACN","COGECO COMMUNICATIONS INC","Communication","Fixed Income","1,495,797.85","0.09","1,495,797.85","1,720,000.00","1,720,000.00","85.89","Canada","-","CAD","7.39","1.00","Sep 22, 2031","2.99","CAD","Sep 20, 2021"
"HNDA","HONDA CANADA FINANCE INC","Financial","Fixed Income","1,495,739.08","0.09","1,495,739.08","1,637,000.00","1,637,000.00","90.78","Canada","-","CAD","3.48","1.00","Sep 28, 2026","1.71","CAD","Sep 28, 2021"
"TCN","TELUS CORPORATION MTN","Communication","Fixed Income","1,491,249.23","0.09","1,491,249.23","1,694,000.00","1,694,000.00","88.01","Canada","-","CAD","13.85","1.00","Jan 29, 2046","4.40","CAD","Mar 27, 2015"
"GZMCN","ENERGIR INC RegS","Energy","Fixed Income","1,490,091.32","0.09","1,490,091.32","1,614,000.00","1,614,000.00","90.87","Canada","-","CAD","7.67","1.00","Feb 9, 2032","3.04","CAD","Feb 9, 2022"
"GLCRTR_22-1","GLCRTR_22-1 RegS","Securitized","Fixed Income","1,483,438.07","0.09","1,483,438.07","1,430,000.00","1,430,000.00","102.03","Canada","-","CAD","4.08","1.00","Sep 20, 2027","4.96","CAD","Sep 27, 2022"
"HYNMTR","HYUNDAI CAPITAL CANADA INC","Financial","Fixed Income","1,482,810.91","0.09","1,482,810.91","1,570,000.00","1,570,000.00","92.98","Canada","-","CAD","3.70","1.00","Feb 16, 2027","3.20","CAD","Feb 15, 2022"
"WM","WASTE MANAGEMENT OF CANADA CORP","Industrial","Fixed Income","1,474,841.02","0.09","1,474,841.02","1,558,000.00","1,558,000.00","93.74","Canada","-","CAD","3.41","1.00","Sep 23, 2026","2.60","CAD","Sep 23, 2019"
"ONTPOW","ONTARIO POWER GENERATION INC MTN","Energy","Fixed Income","1,473,486.54","0.09","1,473,486.54","1,568,000.00","1,568,000.00","93.82","Canada","-","CAD","15.33","1.00","Jan 18, 2049","4.25","CAD","Jan 18, 2019"
"AERMON","MONTREAL AIRPORTS","Infrastructure","Fixed Income","1,471,948.11","0.09","1,471,948.11","1,877,000.00","1,877,000.00","77.57","Canada","-","CAD","16.99","1.00","Apr 21, 2050","3.03","CAD","Apr 21, 2020"
"ALTALK","ALTALINK LP MTN","Infrastructure","Fixed Income","1,464,965.71","0.09","1,464,965.71","1,368,000.00","1,368,000.00","105.25","Canada","-","CAD","12.97","1.00","Sep 17, 2043","4.92","CAD","Sep 17, 2013"
"LOWMAT","LOWER MATTAGAMI ENERGY LP","Infrastructure","Fixed Income","1,461,923.94","0.09","1,461,923.94","1,642,000.00","1,642,000.00","88.51","Canada","-","CAD","7.35","1.00","May 14, 2031","2.43","CAD","May 14, 2021"
"SRUUCN","SMARTCENTRES REAL ESTATE INVESTMEN","Real Estate","Fixed Income","1,456,968.50","0.09","1,456,968.50","1,622,000.00","1,622,000.00","89.42","Canada","-","CAD","6.02","1.00","Dec 20, 2029","3.53","CAD","Dec 20, 2019"
"MRUCN","METRO INC MTN","Industrial","Fixed Income","1,454,970.28","0.09","1,454,970.28","1,592,000.00","1,592,000.00","90.71","Canada","-","CAD","14.68","1.00","Dec 4, 2047","4.27","CAD","Dec 4, 2017"
"GLCRTR_20-1-SR","GLCRTR_20-1 SR","Securitized","Fixed Income","1,454,629.85","0.09","1,454,629.85","1,575,000.00","1,575,000.00","91.86","Canada","-","CAD","2.54","1.00","Sep 22, 2025","1.39","CAD","Sep 25, 2020"
"CPXCN","CAPITAL POWER CORP MTN","Energy","Fixed Income","1,454,316.72","0.09","1,454,316.72","1,690,000.00","1,690,000.00","85.00","Canada","-","CAD","8.07","1.00","Oct 1, 2032","3.15","CAD","Oct 1, 2020"
"ETRHWY","407 INTERNATIONAL INC MTN","Infrastructure","Fixed Income","1,451,397.82","0.09","1,451,397.82","1,563,000.00","1,563,000.00","91.31","Canada","-","CAD","16.55","1.00","Sep 11, 2052","3.98","CAD","Sep 11, 2012"
"SLFCN","SUN LIFE FINANCIAL INC","Financial","Fixed Income","1,448,958.68","0.09","1,448,958.68","1,419,000.00","1,419,000.00","101.18","Canada","-","CAD","9.95","1.00","May 29, 2042","5.40","CAD","May 29, 2007"
"REIUCN","RIOCAN REAL ESTATE INVESTMENT TRUS","Real Estate","Fixed Income","1,442,742.02","0.08","1,442,742.02","1,597,000.00","1,597,000.00","90.09","Canada","-","CAD","3.21","1.00","Jun 15, 2026","1.97","CAD","Dec 14, 2020"
"BRUPOW","BRUCE POWER LP RegS","Energy","Fixed Income","1,441,944.83","0.08","1,441,944.83","1,499,000.00","1,499,000.00","95.66","Canada","-","CAD","14.72","1.00","Jun 21, 2049","4.75","CAD","Mar 25, 2019"
"IPLCN","INTER PIPELINE LTD MTN","Energy","Fixed Income","1,438,540.35","0.08","1,438,540.35","1,693,000.00","1,693,000.00","84.18","Canada","-","CAD","12.70","1.00","May 30, 2044","4.64","CAD","May 30, 2014"
"PPLCN","PEMBINA PIPELINE CORP","Energy","Fixed Income","1,437,494.29","0.08","1,437,494.29","1,581,000.00","1,581,000.00","90.42","Canada","-","CAD","7.47","1.00","Dec 10, 2031","3.53","CAD","Dec 10, 2021"
"BCFERR","BRITISH COLUMBIA FERRY SERVICES IN","Infrastructure","Fixed Income","1,434,642.25","0.08","1,434,642.25","1,378,000.00","1,378,000.00","102.82","Canada","-","CAD","13.10","1.00","Oct 23, 2043","4.70","CAD","Oct 25, 2013"
"NWRWPT","NORTH WEST REDWATER PARTNERSHIP RegS","Energy","Fixed Income","1,432,960.13","0.08","1,432,960.13","1,655,000.00","1,655,000.00","84.95","Canada","-","CAD","13.30","1.00","Feb 23, 2043","3.70","CAD","Feb 23, 2015"
"BAMREP","BROOKFIELD RENEWABLE PARTNERS ULC","Energy","Fixed Income","1,429,333.04","0.08","1,429,333.04","1,448,000.00","1,448,000.00","98.52","Canada","-","CAD","5.16","1.00","Jan 15, 2029","4.25","CAD","Sep 20, 2018"
"MFCCN","MANULIFE BANK OF CANADA","Financial","Fixed Income","1,426,303.42","0.08","1,426,303.42","1,568,000.00","1,568,000.00","90.38","Canada","-","CAD","3.45","1.00","Sep 14, 2026","1.54","CAD","Sep 13, 2021"
"GRTCN","GRANITE REIT HOLDINGS LP","Real Estate","Fixed Income","1,420,823.55","0.08","1,420,823.55","1,518,000.00","1,518,000.00","93.11","Canada","-","CAD","4.01","1.00","Jun 4, 2027","3.06","CAD","Jun 4, 2020"
"BCECN","BELL CANADA MTN RegS","Communication","Fixed Income","1,420,380.00","0.08","1,420,380.00","1,579,000.00","1,579,000.00","89.43","Canada","-","CAD","13.88","1.00","Dec 18, 2045","4.35","CAD","Mar 30, 2015"
"TCN","TELUS CORPORATION","Communication","Fixed Income","1,420,362.79","0.08","1,420,362.79","1,519,000.00","1,519,000.00","91.61","Canada","-","CAD","13.98","1.00","Mar 6, 2048","4.70","CAD","Mar 6, 2017"
"PENSKE","PENSKE TRUCK LEASING CANADA INC","Industrial","Fixed Income","1,418,941.56","0.08","1,418,941.56","1,385,000.00","1,385,000.00","101.62","Canada","-","CAD","2.62","1.00","Dec 8, 2025","5.44","CAD","Dec 6, 2022"
"VW","VW CREDIT CANADA INC RegS","Financial","Fixed Income","1,418,185.49","0.08","1,418,185.49","1,454,000.00","1,454,000.00","96.55","Germany","-","CAD","1.58","1.00","Sep 26, 2024","2.85","CAD","Sep 26, 2019"
"HYDONE","HYDRO ONE INC. MTN","Infrastructure","Fixed Income","1,417,036.78","0.08","1,417,036.78","1,224,000.00","1,224,000.00","115.77","Canada","-","CAD","8.21","1.00","Jan 31, 2034","6.35","CAD","Jan 31, 2003"
"CUCN","CU INC MTN","Energy","Fixed Income","1,413,155.90","0.08","1,413,155.90","1,775,000.00","1,775,000.00","78.33","Canada","-","CAD","17.08","1.00","Sep 5, 2051","3.17","CAD","Sep 3, 2021"
"BRUPOW","BRUCE POWER LP","Energy","Fixed Income","1,410,828.09","0.08","1,410,828.09","1,444,000.00","1,444,000.00","97.37","Canada","-","CAD","1.34","1.00","Jun 21, 2024","3.00","CAD","Feb 14, 2017"
"TCN","TELUS CORPORATION","Communication","Fixed Income","1,409,302.76","0.08","1,409,302.76","1,676,000.00","1,676,000.00","83.44","Canada","-","CAD","6.93","1.00","Oct 7, 2030","2.05","CAD","Oct 5, 2020"
"SJOEHC","INTEGRATED TEAM SOLUTIONS SJHC PAR","Infrastructure","Fixed Income","1,407,430.51","0.08","1,407,430.51","1,285,034.00","1,285,034.00","108.51","Canada","-","CAD","8.37","1.00","Nov 30, 2042","5.95","CAD","Mar 11, 2011"
"HYDONE","HYDRO ONE LTD","Infrastructure","Fixed Income","1,406,396.69","0.08","1,406,396.69","1,577,000.00","1,577,000.00","88.76","Canada","-","CAD","4.47","1.00","Oct 15, 2027","1.41","CAD","Oct 15, 2020"
"HNDA","HONDA CANADA FINANCE INC","Financial","Fixed Income","1,401,075.65","0.08","1,401,075.65","1,537,000.00","1,537,000.00","90.66","Canada","-","CAD","3.00","1.00","Mar 17, 2026","1.34","CAD","Sep 17, 2020"
"GLCRTR_19-1-SR","GLCRTR_19-1 SR","Securitized","Fixed Income","1,400,766.26","0.08","1,400,766.26","1,448,000.00","1,448,000.00","96.39","Canada","-","CAD","1.30","1.00","Jun 6, 2024","2.28","CAD","Jun 12, 2019"
"GTAAIR","GREATER TORONTO AIRPORTS AUTHORITY MTN 144A","Infrastructure","Fixed Income","1,400,659.40","0.08","1,400,659.40","1,385,000.00","1,385,000.00","100.39","Canada","-","CAD","12.60","1.00","Dec 2, 2041","4.53","CAD","Dec 2, 2011"
"AIREIN","AIMCO REALTY INVESTORS LP","Real Estate","Fixed Income","1,400,168.07","0.08","1,400,168.07","1,481,000.00","1,481,000.00","94.03","Canada","-","CAD","4.85","1.00","Jun 1, 2028","3.04","CAD","Nov 23, 2017"
"CUCN","CU INC MTN","Energy","Fixed Income","1,398,970.54","0.08","1,398,970.54","1,630,000.00","1,630,000.00","85.15","Canada","-","CAD","15.56","1.00","Nov 22, 2047","3.55","CAD","Nov 22, 2017"
"DIRUCN","DREAM INDUSTRIAL REAL ESTATE INVES","Real Estate","Fixed Income","1,395,812.52","0.08","1,395,812.52","1,537,000.00","1,537,000.00","90.63","Canada","-","CAD","2.78","1.00","Dec 22, 2025","1.66","CAD","Dec 22, 2020"
"HYDONE","HYDRO ONE INC MTN","Infrastructure","Fixed Income","1,395,032.11","0.08","1,395,032.11","1,599,000.00","1,599,000.00","86.41","Canada","-","CAD","7.65","1.00","Sep 17, 2031","2.23","CAD","Sep 17, 2021"
"TCN","TELUS CORPORATION","Communication","Fixed Income","1,394,389.14","0.08","1,394,389.14","1,334,000.00","1,334,000.00","102.61","Canada","-","CAD","5.55","1.00","Sep 13, 2029","5.00","CAD","Sep 13, 2022"
"IAGCN","IA FINANCIAL CORPORATION INC","Financial","Fixed Income","1,393,691.06","0.08","1,393,691.06","1,460,000.00","1,460,000.00","94.40","Canada","-","CAD","1.95","1.00","Feb 21, 2030","2.40","CAD","Feb 21, 2020"
"BAMREP","BROOKFIELD RENEWABLE ENERGY PARTNE MTN","Energy","Fixed Income","1,391,167.86","0.08","1,391,167.86","1,412,000.00","1,412,000.00","97.91","Canada","-","CAD","2.05","1.00","Jun 2, 2025","3.75","CAD","Mar 6, 2015"
"ETRHWY","407 INTERNATIONAL INC MTN","Infrastructure","Fixed Income","1,390,601.22","0.08","1,390,601.22","1,843,000.00","1,843,000.00","74.32","Canada","-","CAD","17.09","1.00","Mar 7, 2050","2.84","CAD","Mar 6, 2020"
"HRUCN","H&R REAL ESTATE INVESTMENT TRUST","Real Estate","Fixed Income","1,386,005.04","0.08","1,386,005.04","1,419,000.00","1,419,000.00","97.16","Canada","-","CAD","2.21","1.00","Jun 16, 2025","4.07","CAD","Jun 15, 2020"
"DIRUCN","DREAM INDUSTRIAL REAL ESTATE INVES","Real Estate","Fixed Income","1,385,749.57","0.08","1,385,749.57","1,561,000.00","1,561,000.00","88.52","Canada","-","CAD","4.12","1.00","Jun 17, 2027","2.06","CAD","Jun 17, 2021"
"ENBGAS","ENBRIDGE GAS INC MTN","Energy","Fixed Income","1,385,341.04","0.08","1,385,341.04","1,585,000.00","1,585,000.00","86.51","Canada","-","CAD","7.60","1.00","Sep 15, 2031","2.35","CAD","Sep 15, 2021"
"CUCN","CU INC","Energy","Fixed Income","1,383,610.57","0.08","1,383,610.57","1,514,000.00","1,514,000.00","91.34","Canada","-","CAD","14.42","1.00","Jul 27, 2045","3.96","CAD","Jul 27, 2015"
"HYDONE","HYDRO ONE INC.","Infrastructure","Fixed Income","1,376,253.17","0.08","1,376,253.17","1,152,000.00","1,152,000.00","118.28","Canada","-","CAD","5.81","1.00","Jun 3, 2030","7.35","CAD","Jun 1, 2000"
"FNTETF","FIRST NATIONS ETF LP 144A","Energy","Fixed Income","1,375,493.49","0.08","1,375,493.49","1,474,652.00","1,474,652.00","92.92","Canada","-","CAD","6.37","1.00","Dec 31, 2041","4.14","CAD","Nov 22, 2017"
"HYDONE","HYDRO ONE INC MTN","Infrastructure","Fixed Income","1,375,066.27","0.08","1,375,066.27","1,484,000.00","1,484,000.00","90.93","Canada","-","CAD","14.44","1.00","Feb 23, 2046","3.91","CAD","Feb 24, 2016"
"IAGCN","IA FINANCIAL CORPORATION INC","Financial","Fixed Income","1,373,048.99","0.08","1,373,048.99","1,448,000.00","1,448,000.00","93.74","Canada","-","CAD","3.32","1.00","Sep 24, 2031","3.07","CAD","Sep 24, 2019"
"ETRHWY","407 INTERNATIONAL INC. MTN","Infrastructure","Fixed Income","1,372,639.00","0.08","1,372,639.00","1,510,000.00","1,510,000.00","90.05","Canada","-","CAD","14.74","1.00","May 11, 2046","3.83","CAD","May 11, 2015"
"LCN","LOBLAW COMPANIES LTD","Industrial","Fixed Income","1,372,343.77","0.08","1,372,343.77","1,380,000.00","1,380,000.00","98.89","Canada","-","CAD","1.26","1.00","Jun 10, 2024","3.92","CAD","Dec 10, 2018"
"CUCN","CU INC MTN","Energy","Fixed Income","1,371,779.23","0.08","1,371,779.23","1,210,000.00","1,210,000.00","112.21","Canada","-","CAD","8.66","1.00","Nov 20, 2034","5.90","CAD","Nov 18, 2004"
"ONTPOW","ONTARIO POWER GENERATION INC","Energy","Fixed Income","1,371,686.65","0.08","1,371,686.65","1,509,000.00","1,509,000.00","90.58","Canada","-","CAD","3.11","1.00","Apr 22, 2026","1.17","CAD","Oct 22, 2020"
"EQBCN","EQUITABLE BANK (CANADA)","Financial","Fixed Income","1,370,528.63","0.08","1,370,528.63","1,430,000.00","1,430,000.00","94.45","Canada","-","CAD","2.86","1.00","Mar 2, 2026","3.36","CAD","Feb 28, 2022"
"ENBGAS","ENBRIDGE GAS INC","Energy","Fixed Income","1,361,308.03","0.08","1,361,308.03","1,350,000.00","1,350,000.00","98.76","Canada","-","CAD","15.88","1.00","Aug 17, 2052","4.55","CAD","Aug 17, 2022"
"HYDONE","HYDRO ONE INC MTN","Infrastructure","Fixed Income","1,360,144.83","0.08","1,360,144.83","1,336,000.00","1,336,000.00","100.37","Canada","-","CAD","13.10","1.00","Oct 9, 2043","4.59","CAD","Oct 9, 2013"
"ENMAXC","ENMAX CORP","Infrastructure","Fixed Income","1,359,814.64","0.08","1,359,814.64","1,417,000.00","1,417,000.00","95.37","Canada","-","CAD","4.76","1.00","Jun 5, 2028","3.84","CAD","May 31, 2018"
"ENBGAS","ENBRIDGE GAS INC MTN","Energy","Fixed Income","1,344,519.49","0.08","1,344,519.49","1,363,000.00","1,363,000.00","97.36","Canada","-","CAD","2.38","1.00","Sep 11, 2025","3.31","CAD","Sep 11, 2015"
"HEQCN","CHIP MORTGAGE TRUST","Securitized","Fixed Income","1,343,997.06","0.08","1,343,997.06","1,480,000.00","1,480,000.00","90.59","Canada","-","CAD","2.76","1.00","Dec 15, 2025","1.74","CAD","Dec 15, 2020"
"AQNCN","ALGONQUIN POWER CO","Energy","Fixed Income","1,342,886.65","0.08","1,342,886.65","1,363,000.00","1,363,000.00","96.65","Canada","-","CAD","3.59","1.00","Feb 17, 2027","4.09","CAD","Jan 17, 2017"
"PLEHCA","PLENARY HEALTH HAMILTON LP","Infrastructure","Fixed Income","1,342,450.80","0.08","1,342,450.80","1,235,203.00","1,235,203.00","107.70","Canada","-","CAD","8.54","1.00","May 31, 2043","5.80","CAD","Dec 3, 2010"
"ENBGAS","ENBRIDGE GAS INC MTN","Energy","Fixed Income","1,340,091.70","0.08","1,340,091.70","1,466,000.00","1,466,000.00","90.28","Canada","-","CAD","5.90","1.00","Aug 9, 2029","2.37","CAD","Aug 9, 2019"
"NWCONN","NORTHWESTCONNECT GROUP","Infrastructure","Fixed Income","1,339,482.83","0.08","1,339,482.83","1,206,675.00","1,206,675.00","109.51","Canada","-","CAD","7.82","1.00","Apr 30, 2041","5.95","CAD","Aug 12, 2008"
"RLNCE","RELIANCE LP","Industrial","Fixed Income","1,336,534.03","0.08","1,336,534.03","1,368,000.00","1,368,000.00","96.28","Canada","-","CAD","2.86","1.00","Mar 15, 2026","3.75","CAD","Apr 8, 2019"
"APUCN","ALLIED PROPERTIES REAL ESTATE INVE","Real Estate","Fixed Income","1,336,441.60","0.08","1,336,441.60","1,434,000.00","1,434,000.00","92.22","Canada","-","CAD","3.85","1.00","Apr 8, 2027","3.11","CAD","Oct 8, 2019"
"CUCN","CU INC MTN","Energy","Fixed Income","1,332,675.93","0.08","1,332,675.93","1,458,000.00","1,458,000.00","89.91","Canada","-","CAD","13.22","1.00","Sep 10, 2042","3.81","CAD","Sep 10, 2012"
"FCRCN","FIRST CAPITAL REAL ESTATE INVESTME","Real Estate","Fixed Income","1,332,535.73","0.08","1,332,535.73","1,455,000.00","1,455,000.00","91.50","Canada","-","CAD","3.68","1.00","Jan 22, 2027","3.46","CAD","Jul 22, 2019"
"ALACN","ALTAGAS LTD MTN","Energy","Fixed Income","1,332,173.61","0.08","1,332,173.61","1,511,000.00","1,511,000.00","86.08","Canada","-","CAD","12.84","1.00","Aug 15, 2044","4.50","CAD","Aug 15, 2014"
"ONTPOW","ONTARIO POWER GENERATION INC MTN","Energy","Fixed Income","1,331,753.48","0.08","1,331,753.48","1,781,000.00","1,781,000.00","73.46","Canada","-","CAD","17.07","1.00","Feb 21, 2051","2.95","CAD","Feb 4, 2021"
"TRPCN","TRANSCANADA TRUST","Energy","Fixed Income","1,324,742.58","0.08","1,324,742.58","1,570,000.00","1,570,000.00","82.65","Canada","-","CAD","5.58","1.00","Mar 4, 2081","4.20","CAD","Mar 4, 2021"
"CAAIAU","CALGARY AIRPORT AUTHORITY","Infrastructure","Fixed Income","1,321,349.97","0.08","1,321,349.97","1,551,000.00","1,551,000.00","84.06","Canada","-","CAD","17.30","1.00","Oct 7, 2053","3.55","CAD","Oct 7, 2021"
"BNCN","BROOKFIELD ASSET MANAGEMENT INC.","Industrial","Fixed Income","1,320,881.10","0.08","1,320,881.10","1,238,000.00","1,238,000.00","105.91","Canada","-","CAD","8.85","1.00","Jun 14, 2035","5.95","CAD","Jun 14, 2005"
"CWBCN","CANADIAN WESTERN BANK","Financial","Fixed Income","1,320,146.82","0.08","1,320,146.82","1,275,000.00","1,275,000.00","101.41","Canada","-","CAD","4.01","1.00","Sep 2, 2027","5.15","CAD","Sep 2, 2022"
"ENBGAS","ENBRIDGE GAS INC MTN","Energy","Fixed Income","1,315,014.16","0.08","1,315,014.16","1,099,000.00","1,099,000.00","118.20","Canada","-","CAD","7.32","1.00","Nov 15, 2032","6.90","CAD","Nov 15, 2002"
"HYDONE","HYDRO ONE INC MTN","Infrastructure","Fixed Income","1,314,020.68","0.08","1,314,020.68","1,466,000.00","1,466,000.00","88.71","Canada","-","CAD","6.41","1.00","Feb 28, 2030","2.16","CAD","Feb 28, 2020"
"ALBPOW","ALBERTA POWERLINE LP","Infrastructure","Fixed Income","1,312,438.00","0.08","1,312,438.00","1,466,469.00","1,466,469.00","88.82","Canada","-","CAD","13.27","1.00","Dec 1, 2053","4.07","CAD","Oct 2, 2017"
"CWBCN","CANADIAN WESTERN BANK","Financial","Fixed Income","1,312,027.81","0.08","1,312,027.81","1,330,000.00","1,330,000.00","97.57","Canada","-","CAD","2.09","1.00","Apr 21, 2025","3.86","CAD","Apr 19, 2022"
"CNRCN","CANADIAN NATIONAL RAILWAY COMPANY","Industrial","Fixed Income","1,310,606.86","0.08","1,310,606.86","1,362,000.00","1,362,000.00","94.78","Canada","-","CAD","5.37","1.00","Feb 8, 2029","3.00","CAD","Feb 8, 2019"
"CAAIAU","CALGARY AIRPORT AUTHORITY","Infrastructure","Fixed Income","1,306,620.57","0.08","1,306,620.57","1,520,000.00","1,520,000.00","84.83","Canada","-","CAD","16.76","1.00","Oct 7, 2051","3.55","CAD","Oct 7, 2021"
"CTLONE","CENTRAL 1 CREDIT UNION MTN","Financial","Fixed Income","1,304,459.05","0.08","1,304,459.05","1,270,000.00","1,270,000.00","100.87","Canada","-","CAD","2.43","1.00","Sep 29, 2025","5.42","CAD","Sep 29, 2022"
"ENBCN","ENBRIDGE INC MTN","Energy","Fixed Income","1,299,480.67","0.08","1,299,480.67","1,225,000.00","1,225,000.00","104.78","Canada","-","CAD","4.09","1.00","Nov 9, 2027","5.70","CAD","Nov 9, 2022"
"ENBPIP","ENBRIDGE PIPELINES INC MTN","Energy","Fixed Income","1,296,249.25","0.08","1,296,249.25","1,431,000.00","1,431,000.00","89.04","Canada","-","CAD","13.37","1.00","Sep 29, 2045","4.55","CAD","Sep 29, 2015"
"RLNCE","RELIANCE LP","Industrial","Fixed Income","1,296,279.81","0.08","1,296,279.81","1,314,000.00","1,314,000.00","97.20","Canada","-","CAD","1.97","1.00","Mar 15, 2025","3.84","CAD","Dec 18, 2017"
"ENBGAS","ENBRIDGE GAS INC MTN","Energy","Fixed Income","1,292,851.35","0.08","1,292,851.35","1,176,000.00","1,176,000.00","107.81","Canada","-","CAD","9.61","1.00","Sep 11, 2036","5.46","CAD","Sep 11, 2006"
"ALTALK","ALTALINK LP MTN","Infrastructure","Fixed Income","1,291,540.77","0.08","1,291,540.77","1,308,000.00","1,308,000.00","98.22","Canada","-","CAD","1.28","1.00","Jun 6, 2024","3.40","CAD","Jun 6, 2014"
"ALBPOW","ALBERTA POWERLINE LP","Infrastructure","Fixed Income","1,288,958.27","0.08","1,288,958.27","1,428,400.00","1,428,400.00","88.55","Canada","-","CAD","13.19","1.00","Mar 1, 2054","4.07","CAD","Oct 2, 2017"
"CAAIAU","CALGARY AIRPORT AUTHORITY","Infrastructure","Fixed Income","1,287,239.38","0.08","1,287,239.38","1,467,000.00","1,467,000.00","86.68","Canada","-","CAD","11.70","1.00","Oct 7, 2038","3.34","CAD","Oct 7, 2021"
"HYDONE","HYDRO ONE INC MTN","Infrastructure","Fixed Income","1,286,256.16","0.08","1,286,256.16","1,530,000.00","1,530,000.00","84.00","Canada","-","CAD","7.32","1.00","Jan 16, 2031","1.69","CAD","Oct 9, 2020"
"GIBACN","CGI INC","Industrial","Fixed Income","1,284,859.07","0.08","1,284,859.07","1,439,000.00","1,439,000.00","88.51","Canada","-","CAD","5.20","1.00","Sep 18, 2028","2.10","CAD","Sep 16, 2021"
"ALACN","ALTAGAS LTD MTN","Energy","Fixed Income","1,284,506.74","0.08","1,284,506.74","1,309,000.00","1,309,000.00","96.83","Canada","-","CAD","4.13","1.00","Oct 4, 2027","3.98","CAD","Oct 4, 2017"
"BAMREP","BROOKFIELD RENEWABLE PARTNERS ULC MTN","Energy","Fixed Income","1,281,685.38","0.08","1,281,685.38","1,429,000.00","1,429,000.00","88.67","Canada","-","CAD","15.06","1.00","Nov 5, 2049","4.29","CAD","Sep 13, 2019"
"TCN","TELUS CORPORATION","Communication","Fixed Income","1,275,483.84","0.07","1,275,483.84","1,513,000.00","1,513,000.00","82.98","Canada","-","CAD","15.34","1.00","Apr 5, 2051","4.10","CAD","Apr 5, 2021"
"ENBGAS","ENBRIDGE GAS INC MTN","Energy","Fixed Income","1,275,304.93","0.07","1,275,304.93","1,201,000.00","1,201,000.00","105.24","Canada","-","CAD","15.37","1.00","Nov 22, 2050","4.95","CAD","Nov 22, 2010"
"PRISMT_21-1-A","PRISMT_21-1","Securitized","Fixed Income","1,273,659.96","0.07","1,273,659.96","1,340,000.00","1,340,000.00","94.66","Canada","-","CAD","3.45","1.00","Sep 15, 2026","1.86","CAD","Dec 9, 2021"
"FTSCN","FORTISALBERTA INC","Infrastructure","Fixed Income","1,273,494.55","0.07","1,273,494.55","1,098,000.00","1,098,000.00","114.42","Canada","-","CAD","8.52","1.00","Oct 31, 2034","6.22","CAD","Oct 25, 2004"
"BCIMCR","BCI QUADREAL REALTY","Real Estate","Fixed Income","1,269,220.57","0.07","1,269,220.57","1,531,000.00","1,531,000.00","82.87","Canada","-","CAD","6.89","1.00","Jul 24, 2030","1.75","CAD","Jul 24, 2020"
"HYDONE","HYDRO ONE INC MTN","Infrastructure","Fixed Income","1,266,875.23","0.07","1,266,875.23","1,597,000.00","1,597,000.00","78.16","Canada","-","CAD","17.28","1.00","Sep 15, 2051","3.10","CAD","Sep 17, 2021"
"EPCOR","EPCOR UTILITIES INC MTN","Infrastructure","Fixed Income","1,264,865.36","0.07","1,264,865.36","1,476,000.00","1,476,000.00","85.06","Canada","-","CAD","15.56","1.00","Nov 27, 2047","3.55","CAD","Nov 27, 2017"
"ALACN","ALTAGAS LTD","Energy","Fixed Income","1,256,984.59","0.07","1,256,984.59","1,428,000.00","1,428,000.00","87.67","Canada","-","CAD","4.96","1.00","May 30, 2028","2.08","CAD","Nov 30, 2020"
"CNRCN","CANADIAN NATIONAL RAILWAY COMPANY","Industrial","Fixed Income","1,256,653.77","0.07","1,256,653.77","1,452,000.00","1,452,000.00","86.55","Canada","-","CAD","15.91","1.00","Jul 31, 2048","3.60","CAD","Jul 31, 2018"
"RLNCE","RELIANCE LP","Industrial","Fixed Income","1,255,851.26","0.07","1,255,851.26","1,388,000.00","1,388,000.00","90.03","Canada","-","CAD","4.46","1.00","Dec 1, 2027","2.68","CAD","Aug 20, 2020"
"HYDONE","HYDRO ONE INC MTN","Infrastructure","Fixed Income","1,255,751.15","0.07","1,255,751.15","1,288,000.00","1,288,000.00","97.20","Canada","-","CAD","2.24","1.00","Jun 26, 2025","2.97","CAD","Jun 26, 2018"
"ETRHWY","407 INTERNATIONAL INC MTN","Infrastructure","Fixed Income","1,246,713.25","0.07","1,246,713.25","1,088,000.00","1,088,000.00","113.62","Canada","-","CAD","9.20","1.00","Dec 3, 2035","5.96","CAD","Dec 3, 2004"
"CCLGP","CAPITAL CITY LINK GENERAL PARTNERS","Infrastructure","Fixed Income","1,246,483.09","0.07","1,246,483.09","1,301,616.00","1,301,616.00","94.29","Canada","-","CAD","9.31","1.00","Mar 31, 2046","4.39","CAD","May 11, 2012"
"DTRGR","DAIMLER TRUCKS FINANCE CANADA INC RegS","Financial","Fixed Income","1,242,753.15","0.07","1,242,753.15","1,351,000.00","1,351,000.00","91.67","Germany","-","CAD","3.64","1.00","Dec 15, 2026","2.46","CAD","Dec 15, 2021"
"REIUCN","RIOCAN REAL ESTATE INVESTMENT TRUS","Real Estate","Fixed Income","1,241,085.82","0.07","1,241,085.82","1,406,000.00","1,406,000.00","87.62","Canada","-","CAD","5.22","1.00","Nov 8, 2028","2.83","CAD","Nov 8, 2021"
"AERMON","AEROPORTS DE MONTREAL","Infrastructure","Fixed Income","1,239,639.47","0.07","1,239,639.47","1,094,000.00","1,094,000.00","111.65","Canada","-","CAD","10.14","1.00","Oct 16, 2037","5.67","CAD","Oct 16, 2007"
"HYDONE","HYDRO ONE INC MTN","Infrastructure","Fixed Income","1,238,543.88","0.07","1,238,543.88","1,394,000.00","1,394,000.00","88.09","Canada","-","CAD","15.40","1.00","Nov 18, 2047","3.72","CAD","Nov 18, 2016"
"FFHCN","FAIRFAX FINANCIAL HOLDINGS LTD","Financial","Fixed Income","1,237,659.80","0.07","1,237,659.80","1,289,000.00","1,289,000.00","95.46","Canada","-","CAD","5.50","1.00","Jun 14, 2029","4.23","CAD","Jun 14, 2019"
"CNRCN","CANADIAN NATIONAL RAILWAY","Industrial","Fixed Income","1,235,003.15","0.07","1,235,003.15","1,559,000.00","1,559,000.00","77.75","Canada","-","CAD","16.75","1.00","Feb 8, 2050","3.05","CAD","Nov 1, 2019"
"ETRHWY","407 INTERNATIONAL INC MTN","Infrastructure","Fixed Income","1,234,236.28","0.07","1,234,236.28","1,285,000.00","1,285,000.00","94.78","Canada","-","CAD","6.21","1.00","Mar 6, 2030","3.14","CAD","Mar 6, 2019"
"PLEHHU","PLENARY HLTH CARE PTNRSHP HUMBR LP","Infrastructure","Fixed Income","1,230,656.26","0.07","1,230,656.26","1,213,567.00","1,213,567.00","100.58","Canada","-","CAD","7.17","1.00","May 31, 2039","4.89","CAD","Sep 23, 2011"
"ALTALK","ALTALINK LP MTN","Infrastructure","Fixed Income","1,227,158.67","0.07","1,227,158.67","1,302,000.00","1,302,000.00","93.46","Canada","-","CAD","14.01","1.00","Nov 21, 2044","4.05","CAD","Nov 21, 2014"
"AIREIN","AIMCO REALTY INVESTORS LP","Real Estate","Fixed Income","1,225,569.46","0.07","1,225,569.46","1,268,000.00","1,268,000.00","96.43","Canada","-","CAD","1.36","1.00","Jun 26, 2024","2.27","CAD","Jun 26, 2017"
"IVANCA","IVANHOE CAMBRIDGE II INC","Real Estate","Fixed Income","1,225,334.09","0.07","1,225,334.09","1,279,000.00","1,279,000.00","95.49","Canada","-","CAD","1.79","1.00","Dec 12, 2024","2.30","CAD","Dec 12, 2019"
"HYOHI","HYDRO OTTAWA HOLDING INC","Infrastructure","Fixed Income","1,224,454.42","0.07","1,224,454.42","1,255,000.00","1,255,000.00","96.27","Canada","-","CAD","1.91","1.00","Feb 3, 2025","2.61","CAD","Feb 2, 2015"
"FORTFD_23-1","FORTIFIED TRUST FORTFD_23-1 A","Securitized","Fixed Income","1,223,713.75","0.07","1,223,713.75","1,225,000.00","1,225,000.00","99.89","Canada","-","CAD","4.72","1.00","Dec 23, 2027","4.42","CAD","Jan 31, 2023"
"ENBPIP","ENBRIDGE PIPELINES INC MTN","Energy","Fixed Income","1,222,374.34","0.07","1,222,374.34","1,211,000.00","1,211,000.00","99.23","Canada","-","CAD","11.08","1.00","Apr 6, 2040","5.33","CAD","Apr 6, 2010"
"IPLCN","INTER PIPELINE LTD MTN","Energy","Fixed Income","1,219,815.09","0.07","1,219,815.09","1,248,000.00","1,248,000.00","96.62","Canada","-","CAD","2.02","1.00","Mar 24, 2025","3.17","CAD","Mar 23, 2015"
"ETRHWY","407 INTERNATIONAL INC. MTN","Infrastructure","Fixed Income","1,212,323.81","0.07","1,212,323.81","1,167,000.00","1,167,000.00","102.40","Canada","-","CAD","16.24","1.00","Oct 7, 2053","4.68","CAD","Oct 7, 2013"
"ONTPOW","ONTARIO POWER GENERATION INC MTN","Energy","Fixed Income","1,212,144.08","0.07","1,212,144.08","1,240,000.00","1,240,000.00","96.84","Canada","-","CAD","2.06","1.00","Apr 8, 2025","2.89","CAD","Apr 8, 2020"
"BCIMCR","QUADREAL PROPERTY GROUP LP","Real Estate","Fixed Income","1,210,490.35","0.07","1,210,490.35","1,330,000.00","1,330,000.00","90.49","Canada","-","CAD","2.90","1.00","Feb 4, 2026","1.07","CAD","Feb 4, 2021"
"IFCCN","INTACT FINANCIAL CORP RegS","Financial","Fixed Income","1,210,185.67","0.07","1,210,185.67","1,276,000.00","1,276,000.00","94.41","Canada","-","CAD","4.03","1.00","Jun 7, 2027","2.85","CAD","Jun 7, 2017"
"CIXCN","CI FINANCIAL CORP","Financial","Fixed Income","1,208,963.17","0.07","1,208,963.17","1,174,000.00","1,174,000.00","101.83","Canada","-","CAD","2.55","1.00","Dec 2, 2025","7.00","CAD","Dec 2, 2022"
"ALTALK","ALTALINK LP MTN","Infrastructure","Fixed Income","1,206,032.33","0.07","1,206,032.33","1,250,000.00","1,250,000.00","96.01","Canada","-","CAD","3.10","1.00","May 29, 2026","2.75","CAD","May 30, 2016"
"BCIMCR","BCI QUADREAL REALTY","Real Estate","Fixed Income","1,204,566.54","0.07","1,204,566.54","1,273,000.00","1,273,000.00","94.36","Canada","-","CAD","3.21","1.00","Jun 24, 2026","2.55","CAD","Feb 3, 2022"
"AERMON","AEROPORT DE MONTREAL","Infrastructure","Fixed Income","1,203,427.94","0.07","1,203,427.94","1,291,000.00","1,291,000.00","91.85","Canada","-","CAD","13.20","1.00","Sep 26, 2042","3.92","CAD","Sep 26, 2012"
"CHPUCN","CHOICE PROPERTIES REAL ESTATE INVE","Real Estate","Fixed Income","1,200,334.96","0.07","1,200,334.96","1,234,000.00","1,234,000.00","97.07","Canada","-","CAD","1.85","1.00","Jan 10, 2025","3.55","CAD","Jan 12, 2018"
"BCIMCR","BCI QUADREAL REALTY","Real Estate","Fixed Income","1,194,251.92","0.07","1,194,251.92","1,259,000.00","1,259,000.00","94.17","Canada","-","CAD","2.01","1.00","Mar 3, 2025","1.68","CAD","Jun 2, 2020"
"MICCN","GENWORTH MI CANADA INC","Financial","Fixed Income","1,193,676.95","0.07","1,193,676.95","1,298,000.00","1,298,000.00","90.73","Canada","-","CAD","3.75","1.00","Mar 1, 2027","2.96","CAD","Feb 20, 2020"
"ENBGAS","ENBRIDGE GAS INC MTN","Energy","Fixed Income","1,192,468.33","0.07","1,192,468.33","1,247,000.00","1,247,000.00","94.40","Canada","-","CAD","3.28","1.00","Aug 5, 2026","2.50","CAD","Aug 5, 2016"
"OMERS","OMERS REALTY CORPORATION","Real Estate","Fixed Income","1,189,711.94","0.07","1,189,711.94","1,210,000.00","1,210,000.00","97.59","Canada","-","CAD","1.70","1.00","Nov 12, 2024","3.33","CAD","Nov 12, 2014"
"CNQCN","CANADIAN NATURAL RESOURCES LIMITED MTN","Energy","Fixed Income","1,179,109.57","0.07","1,179,109.57","1,188,000.00","1,188,000.00","98.68","Canada","-","CAD","1.19","1.00","Jun 3, 2024","3.55","CAD","Jun 3, 2014"
"CHPUCN","CHOICE PROPERTIES REAL ESTATE INVE","Real Estate","Fixed Income","1,174,114.55","0.07","1,174,114.55","1,306,000.00","1,306,000.00","88.68","Canada","-","CAD","6.22","1.00","Mar 4, 2030","2.98","CAD","Mar 3, 2020"
"LOWMAT","LOWER MATTAGAMI ENERGY LP","Infrastructure","Fixed Income","1,171,185.90","0.07","1,171,185.90","1,189,000.00","1,189,000.00","98.11","Canada","-","CAD","1.33","1.00","Jun 20, 2024","3.42","CAD","Jun 20, 2014"
"DE","JOHN DEERE FINANCIAL INC MTN","Financial","Fixed Income","1,169,042.80","0.07","1,169,042.80","1,231,000.00","1,231,000.00","94.93","Canada","-","CAD","1.42","1.00","Jul 17, 2024","1.09","CAD","Sep 17, 2021"
"HYDONE","HYDRO ONE INC","Infrastructure","Fixed Income","1,167,008.56","0.07","1,167,008.56","1,585,000.00","1,585,000.00","72.47","Canada","-","CAD","17.27","1.00","Feb 28, 2050","2.71","CAD","Feb 28, 2020"
"TCN","TELUS CORPORATION","Communication","Fixed Income","1,165,757.25","0.07","1,165,757.25","1,182,000.00","1,182,000.00","97.69","Canada","-","CAD","12.53","1.00","Nov 26, 2043","5.15","CAD","Nov 26, 2013"
"CP","CANADIAN PACIFIC RAILWAY COMPANY","Industrial","Fixed Income","1,164,689.32","0.07","1,164,689.32","1,231,000.00","1,231,000.00","93.41","Canada","-","CAD","5.44","1.00","Mar 13, 2029","3.15","CAD","Mar 13, 2019"
"DOLCN","DOLLARAMA INC","Industrial","Fixed Income","1,163,453.36","0.07","1,163,453.36","1,265,000.00","1,265,000.00","91.85","Canada","-","CAD","3.28","1.00","Jul 8, 2026","1.87","CAD","Jul 8, 2021"
"TOYOTA","TOYOTA CREDIT CANADA INC MTN","Financial","Fixed Income","1,163,296.97","0.07","1,163,296.97","1,225,000.00","1,225,000.00","94.93","Canada","-","CAD","1.43","1.00","Jul 22, 2024","1.27","CAD","Jul 20, 2021"
"IFCCN","INTACT FINANCIAL CORP MTN","Financial","Fixed Income","1,162,270.24","0.07","1,162,270.24","983,000.00","983,000.00","117.03","Canada","-","CAD","10.77","1.00","Nov 23, 2039","6.40","CAD","Nov 23, 2009"
"AQNCN","ALGONQUIN POWER CO","Energy","Fixed Income","1,160,384.01","0.07","1,160,384.01","1,370,000.00","1,370,000.00","84.57","Canada","-","CAD","7.36","1.00","Jul 15, 2031","2.85","CAD","Apr 9, 2021"
"TORHYD","TORONTO HYDRO CORPORATION","Infrastructure","Fixed Income","1,156,238.30","0.07","1,156,238.30","1,048,000.00","1,048,000.00","108.84","Canada","-","CAD","15.93","1.00","Oct 13, 2052","4.95","CAD","Oct 13, 2022"
"GEICN","GIBSON ENERGY INC","Energy","Fixed Income","1,153,379.84","0.07","1,153,379.84","1,223,000.00","1,223,000.00","94.19","Canada","-","CAD","2.35","1.00","Jul 14, 2025","2.45","CAD","Jul 14, 2020"
"SRUUCN","SMARTCENTRES REAL ESTATE INVESTMEN","Real Estate","Fixed Income","1,148,431.11","0.07","1,148,431.11","1,235,000.00","1,235,000.00","92.54","Canada","-","CAD","4.01","1.00","Jun 11, 2027","3.19","CAD","Jun 11, 2020"
"CNRCN","CANADIAN NATIONAL RAILWAY COMPANY","Industrial","Fixed Income","1,146,018.56","0.07","1,146,018.56","1,190,000.00","1,190,000.00","96.30","Canada","-","CAD","4.97","1.00","Jul 31, 2028","3.20","CAD","Jul 31, 2018"
"FCRCN","FIRST CAPITAL REAL ESTATE INVESTME","Real Estate","Fixed Income","1,143,084.83","0.07","1,143,084.83","1,145,000.00","1,145,000.00","97.81","Canada","-","CAD","1.48","1.00","Aug 30, 2024","4.79","CAD","Jan 20, 2014"
"COCAPS","COAST CAPITAL SAVINGS FEDERAL CRED","Financial","Fixed Income","1,140,846.64","0.07","1,140,846.64","1,158,000.00","1,158,000.00","97.33","Canada","-","CAD","2.08","1.00","Apr 21, 2025","4.25","CAD","Apr 21, 2022"
"VANAIR","VANCOUVER AIRPORT AUTHORITY","Infrastructure","Fixed Income","1,139,385.05","0.07","1,139,385.05","1,475,000.00","1,475,000.00","76.42","Canada","-","CAD","17.08","1.00","Oct 18, 2049","2.87","CAD","Oct 18, 2019"
"RLNCE","RELIANCE LP","Industrial","Fixed Income","1,131,919.46","0.07","1,131,919.46","1,260,000.00","1,260,000.00","88.51","Canada","-","CAD","4.98","1.00","Aug 1, 2028","2.67","CAD","Apr 14, 2021"
"MRUCN","METRO INC MTN","Industrial","Fixed Income","1,130,416.93","0.07","1,130,416.93","1,430,000.00","1,430,000.00","77.59","Canada","-","CAD","15.97","1.00","Feb 28, 2050","3.41","CAD","Feb 26, 2020"
"AIREIN","AIMCO REALTY INVESTORS LP","Real Estate","Fixed Income","1,129,635.21","0.07","1,129,635.21","1,165,000.00","1,165,000.00","96.40","Canada","-","CAD","3.95","1.00","Jun 1, 2027","3.37","CAD","Dec 7, 2018"
"CIXCN","CI FINANCIAL CORP","Financial","Fixed Income","1,128,598.07","0.07","1,128,598.07","1,172,000.00","1,172,000.00","96.22","Canada","-","CAD","1.42","1.00","Jul 22, 2024","3.21","CAD","Jul 22, 2019"
"ENBPIP","ENBRIDGE PIPELINES INC MTN","Energy","Fixed Income","1,128,247.45","0.07","1,128,247.45","1,339,000.00","1,339,000.00","83.34","Canada","-","CAD","15.27","1.00","May 12, 2051","4.20","CAD","May 12, 2021"
"TRPCN","TRANSCANADA PIPELINES LTD","Energy","Fixed Income","1,127,435.56","0.07","1,127,435.56","1,034,000.00","1,034,000.00","107.74","Canada","-","CAD","14.41","1.00","May 12, 2052","5.92","CAD","May 12, 2022"
"FTSCN","TERASEN GAS INC MTN","Energy","Fixed Income","1,125,682.08","0.07","1,125,682.08","989,000.00","989,000.00","112.56","Canada","-","CAD","10.39","1.00","May 13, 2038","5.80","CAD","May 13, 2008"
"CRRUCN","CROMBIE REAL ESTATE INVESTMENT TRU","Real Estate","Fixed Income","1,122,978.50","0.07","1,122,978.50","1,156,000.00","1,156,000.00","95.55","Canada","-","CAD","3.25","1.00","Aug 26, 2026","3.68","CAD","Aug 26, 2019"
"REIUCN","RIOCAN REAL ESTATE INVESTMENT TRUS","Real Estate","Fixed Income","1,121,607.26","0.07","1,121,607.26","1,243,000.00","1,243,000.00","89.31","Canada","-","CAD","3.83","1.00","Mar 10, 2027","2.36","CAD","Mar 10, 2020"
"ALACN","ALTAGAS LTD MTN","Energy","Fixed Income","1,121,427.65","0.07","1,121,427.65","1,127,000.00","1,127,000.00","98.20","Canada","-","CAD","2.77","1.00","Apr 7, 2026","4.12","CAD","Apr 7, 2016"
"FTSCN","TERASEN GAS INC. MTN","Energy","Fixed Income","1,121,078.32","0.07","1,121,078.32","961,000.00","961,000.00","114.67","Canada","-","CAD","9.98","1.00","Oct 2, 2037","6.00","CAD","Oct 2, 2007"
"MICCN","SAGEN MI CANADA INC","Financial","Fixed Income","1,119,263.08","0.07","1,119,263.08","1,303,000.00","1,303,000.00","84.58","Canada","-","CAD","6.88","1.00","Mar 5, 2031","3.26","CAD","Mar 5, 2021"
"AQNCN","ALGONQUIN POWER CO","Energy","Fixed Income","1,115,665.42","0.07","1,115,665.42","1,135,000.00","1,135,000.00","98.27","Canada","-","CAD","5.16","1.00","Jan 29, 2029","4.60","CAD","Jan 29, 2019"
"ETRHWY","407 INTERNATIONAL INC.","Infrastructure","Fixed Income","1,113,437.63","0.07","1,113,437.63","1,172,000.00","1,172,000.00","94.42","Canada","-","CAD","3.97","1.00","May 4, 2027","2.43","CAD","Nov 4, 2016"
"CSHU","CHARTWELL RETIREMENT RESIDENCES","Industrial","Fixed Income","1,113,433.07","0.07","1,113,433.07","1,135,000.00","1,135,000.00","97.00","Canada","-","CAD","2.07","1.00","Apr 28, 2025","4.21","CAD","Apr 27, 2018"
"HYDONE","HYDRO ONE INC MTN","Infrastructure","Fixed Income","1,110,218.44","0.07","1,110,218.44","1,198,000.00","1,198,000.00","92.23","Canada","-","CAD","16.59","1.00","Dec 22, 2051","4.00","CAD","Dec 22, 2011"
"SEASKY","SEA TO SKY HIGHWAY INVESTMENT LP","Infrastructure","Fixed Income","1,109,116.82","0.07","1,109,116.82","1,201,000.00","1,201,000.00","91.25","Canada","-","CAD","3.61","1.00","Aug 31, 2030","2.63","CAD","Jun 16, 2016"
"CCLBCN","CCL INDUSTRIES INC","Industrial","Fixed Income","1,107,522.68","0.07","1,107,522.68","1,140,000.00","1,140,000.00","95.99","Canada","-","CAD","4.61","1.00","Apr 13, 2028","3.86","CAD","Apr 13, 2018"
"CNQCN","CANADIAN NATURAL RESOURCES LTD","Energy","Fixed Income","1,105,318.75","0.06","1,105,318.75","1,197,000.00","1,197,000.00","92.24","Canada","-","CAD","4.61","1.00","Jan 17, 2028","2.50","CAD","Nov 16, 2020"
"GWOCN","GREAT-WEST LIFECO INC","Financial","Fixed Income","1,104,581.62","0.06","1,104,581.62","947,000.00","947,000.00","115.38","Canada","-","CAD","6.79","1.00","Nov 24, 2031","6.74","CAD","Nov 23, 2001"
"TOYOTA","TOYOTA CREDIT CANADA INC MTN","Financial","Fixed Income","1,104,591.18","0.06","1,104,591.18","1,208,000.00","1,208,000.00","91.39","Canada","-","CAD","3.32","1.00","Jul 20, 2026","1.66","CAD","Jul 20, 2021"
"BCECN","BELL CANADA MTN","Communication","Fixed Income","1,102,267.14","0.06","1,102,267.14","978,000.00","978,000.00","110.04","Canada","-","CAD","9.47","1.00","Feb 26, 2037","6.17","CAD","Feb 26, 2007"
"SAPCN","SAPUTO INC MTN","Industrial","Fixed Income","1,101,691.91","0.06","1,101,691.91","1,056,000.00","1,056,000.00","103.42","Canada","-","CAD","5.63","1.00","Nov 29, 2029","5.25","CAD","Nov 29, 2022"
"SJRCN","SHAW COMMUNICATIONS INC.","Communication","Fixed Income","1,101,377.10","0.06","1,101,377.10","1,120,000.00","1,120,000.00","96.75","Canada","-","CAD","3.62","1.00","Mar 1, 2027","3.80","CAD","Feb 28, 2017"
"SMUUCN","SUMMIT INDUSTRIAL INCOME REIT","Real Estate","Fixed Income","1,100,800.32","0.06","1,100,800.32","1,175,000.00","1,175,000.00","92.88","Canada","-","CAD","2.50","1.00","Sep 17, 2025","2.15","CAD","Sep 17, 2020"
"CCOCN","CAMECO CORPORATION","Industrial","Fixed Income","1,098,837.34","0.06","1,098,837.34","1,180,000.00","1,180,000.00","92.30","Canada","-","CAD","4.33","1.00","Oct 21, 2027","2.95","CAD","Oct 21, 2020"
"HYDONE","HYDRO ONE INC MTN","Infrastructure","Fixed Income","1,098,665.36","0.06","1,098,665.36","1,148,000.00","1,148,000.00","94.95","Canada","-","CAD","2.00","1.00","Feb 28, 2025","1.76","CAD","Feb 28, 2020"
"EQBCN","EQUITABLE BANK (CANADA)","Financial","Fixed Income","1,097,595.76","0.06","1,097,595.76","1,170,000.00","1,170,000.00","93.05","Canada","-","CAD","2.02","1.00","Mar 10, 2025","1.94","CAD","Mar 9, 2021"
"GWOCN","GREAT-WEST LIFECO INC","Financial","Fixed Income","1,092,982.00","0.06","1,092,982.00","960,000.00","960,000.00","112.60","Canada","-","CAD","10.90","1.00","Nov 16, 2039","6.00","CAD","Nov 16, 2009"
"DOLCN","DOLLARAMA INC","Industrial","Fixed Income","1,091,628.64","0.06","1,091,628.64","1,235,000.00","1,235,000.00","88.24","Canada","-","CAD","5.87","1.00","Jul 9, 2029","2.44","CAD","Jul 8, 2021"
"IFCCN","INTACT FINANCIAL CORP MTN RegS","Financial","Fixed Income","1,089,894.17","0.06","1,089,894.17","1,141,000.00","1,141,000.00","95.29","Canada","-","CAD","1.27","1.00","May 21, 2024","1.21","CAD","May 18, 2021"
"BIP","BROOKFIELD INFRASTRUCTURE FINANCE MTN RegS","Infrastructure","Fixed Income","1,087,239.80","0.06","1,087,239.80","1,091,000.00","1,091,000.00","98.18","Canada","-","CAD","1.01","1.00","Feb 22, 2024","3.31","CAD","Feb 22, 2017"
"FFHCN","FAIRFAX FINANCIAL HOLDINGS LTD","Financial","Fixed Income","1,086,149.40","0.06","1,086,149.40","1,066,000.00","1,066,000.00","99.86","Canada","-","CAD","1.93","1.00","Mar 3, 2025","4.95","CAD","Mar 3, 2015"
"PSSGEN","PSS GENERATING STATION LP","Infrastructure","Fixed Income","1,085,825.10","0.06","1,085,825.10","1,100,000.00","1,100,000.00","97.41","Canada","-","CAD","17.00","1.00","Oct 24, 2067","4.79","CAD","Oct 23, 2015"
"FTSCN","FORTISBC INC MTN","Infrastructure","Fixed Income","1,080,432.28","0.06","1,080,432.28","1,197,000.00","1,197,000.00","89.22","Canada","-","CAD","13.84","1.00","Oct 28, 2044","4.00","CAD","Oct 28, 2014"
"VW","VW CREDIT CANADA INC RegS","Financial","Fixed Income","1,079,079.83","0.06","1,079,079.83","1,020,000.00","1,020,000.00","104.56","Germany","-","CAD","4.15","1.00","Nov 15, 2027","5.86","CAD","Nov 15, 2022"
"TCN","TELUS CORPORATION","Communication","Fixed Income","1,078,434.39","0.06","1,078,434.39","1,160,000.00","1,160,000.00","92.79","Canada","-","CAD","13.26","1.00","Jan 17, 2045","4.75","CAD","Sep 15, 2014"
"DOLCN","DOLLARAMA INC","Industrial","Fixed Income","1,078,217.47","0.06","1,078,217.47","1,050,000.00","1,050,000.00","101.34","Canada","-","CAD","2.52","1.00","Oct 27, 2025","5.08","CAD","Oct 26, 2022"
"SRUUCN","SMARTCENTRES REAL ESTATE INVESTMEN","Real Estate","Fixed Income","1,077,495.01","0.06","1,077,495.01","1,185,000.00","1,185,000.00","90.71","Canada","-","CAD","2.76","1.00","Dec 16, 2025","1.74","CAD","Dec 16, 2020"
"ALACN","ALTAGAS LTD MTN","Energy","Fixed Income","1,075,834.76","0.06","1,075,834.76","1,095,000.00","1,095,000.00","98.08","Canada","-","CAD","1.84","1.00","Jan 15, 2025","3.84","CAD","Nov 10, 2014"
"FCLCAN","FEDERATED CO-OPERATIVES LTD","Industrial","Fixed Income","1,075,684.52","0.06","1,075,684.52","1,100,000.00","1,100,000.00","97.31","Canada","-","CAD","2.16","1.00","Jun 17, 2025","3.92","CAD","Jun 17, 2015"
"PPLCN","PEMBINA PIPELINE CORP","Energy","Fixed Income","1,075,462.46","0.06","1,075,462.46","1,220,000.00","1,220,000.00","87.33","Canada","-","CAD","14.51","1.00","May 28, 2050","4.67","CAD","May 28, 2020"
"HYDONE","HYDRO ONE INC RegS","Infrastructure","Fixed Income","1,074,334.37","0.06","1,074,334.37","1,075,000.00","1,075,000.00","99.89","Canada","-","CAD","8.10","1.00","Jan 27, 2033","4.16","CAD","Jan 27, 2023"
"DE","JOHN DEERE FINANCIAL INC","Financial","Fixed Income","1,071,963.22","0.06","1,071,963.22","1,208,000.00","1,208,000.00","88.21","United States","-","CAD","4.38","1.00","Sep 8, 2027","1.34","CAD","Sep 8, 2020"
"CUCN","CU INC MTN","Energy","Fixed Income","1,068,566.43","0.06","1,068,566.43","1,198,000.00","1,198,000.00","88.44","Canada","-","CAD","14.98","1.00","Nov 19, 2046","3.76","CAD","Nov 17, 2016"
"HYDONE","HYDRO ONE INC MTN","Infrastructure","Fixed Income","1,065,432.43","0.06","1,065,432.43","1,070,000.00","1,070,000.00","98.05","Canada","-","CAD","12.48","1.00","Sep 26, 2041","4.39","CAD","Sep 26, 2011"
"TRPCN","TRANSCANADA PIPELINES LIMITED MTN","Energy","Fixed Income","1,065,020.22","0.06","1,065,020.22","944,000.00","944,000.00","108.75","Canada","-","CAD","2.60","1.00","Feb 5, 2026","8.29","CAD","Feb 5, 1996"
"NSIUCN","NOVA SCOTIA POWER INC MTN","Infrastructure","Fixed Income","1,064,563.63","0.06","1,064,563.63","969,000.00","969,000.00","109.80","Canada","-","CAD","10.85","1.00","Jul 27, 2039","5.95","CAD","Jul 27, 2009"
"HYDONE","HYDRO ONE INC MTN","Infrastructure","Fixed Income","1,063,867.78","0.06","1,063,867.78","985,000.00","985,000.00","106.58","Canada","-","CAD","14.07","1.00","Oct 19, 2046","5.00","CAD","Oct 19, 2006"
"IFCCN","INTACT FINANCIAL CORP MTN RegS","Financial","Fixed Income","1,059,863.89","0.06","1,059,863.89","1,172,000.00","1,172,000.00","89.99","Canada","-","CAD","4.92","1.00","May 18, 2028","2.18","CAD","May 18, 2021"
"NVLAUT","NOUVELLE AUTOROUTE 30 FINANCEMENT","Infrastructure","Fixed Income","1,056,673.03","0.06","1,056,673.03","1,152,786.00","1,152,786.00","90.28","Canada","-","CAD","10.54","1.00","Mar 31, 2042","4.11","CAD","Jun 14, 2018"
"EPCOR","EPCOR UTILITIES INC MTN","Infrastructure","Fixed Income","1,054,504.62","0.06","1,054,504.62","847,000.00","847,000.00","122.53","Canada","-","CAD","10.05","1.00","Apr 15, 2038","6.65","CAD","Apr 15, 2008"
"CNRCN","CANADIAN NATIONAL RAILWAY COMPANY","Industrial","Fixed Income","1,053,462.49","0.06","1,053,462.49","1,129,000.00","1,129,000.00","91.89","Canada","-","CAD","14.31","1.00","Sep 22, 2045","3.95","CAD","Sep 22, 2015"
"PWFCN","POWER FINANCIAL CORPORATION","Financial","Fixed Income","1,050,005.50","0.06","1,050,005.50","887,000.00","887,000.00","115.69","Canada","-","CAD","7.39","1.00","Mar 11, 2033","6.90","CAD","Mar 11, 2003"
"VANAFF","VANCOUVER AIRPORT FUEL FACILITIES","Infrastructure","Fixed Income","1,049,754.63","0.06","1,049,754.63","1,110,000.00","1,110,000.00","94.34","Canada","-","CAD","2.30","1.00","Jun 23, 2025","2.17","CAD","Jun 22, 2020"
"CNRCN","CANADIAN NATIONAL RAILWAY COMPANY","Industrial","Fixed Income","1,045,792.54","0.06","1,045,792.54","1,185,000.00","1,185,000.00","86.52","Canada","-","CAD","15.79","1.00","Feb 8, 2049","3.60","CAD","Feb 8, 2019"
"XCN","TMX GROUP LTD RegS","Financial","Fixed Income","1,045,436.63","0.06","1,045,436.63","1,075,000.00","1,075,000.00","96.83","Canada","-","CAD","1.78","1.00","Dec 11, 2024","3.00","CAD","Dec 11, 2017"
"NSIUCN","NOVA SCOTIA POWER INC MTN","Infrastructure","Fixed Income","1,044,280.59","0.06","1,044,280.59","976,000.00","976,000.00","106.27","Canada","-","CAD","11.27","1.00","Jun 15, 2040","5.61","CAD","Jun 15, 2010"
"FRSTRS","INDEPENDENT ORDER OF FORESTERS","Financial","Fixed Income","1,042,887.28","0.06","1,042,887.28","1,216,000.00","1,216,000.00","84.91","Canada","-","CAD","10.27","1.00","Oct 15, 2035","2.88","CAD","Oct 15, 2020"
"FCRCN","FIRST CAPITAL REAL ESTATE INVESTME","Real Estate","Fixed Income","1,041,528.50","0.06","1,041,528.50","1,081,000.00","1,081,000.00","96.35","Canada","-","CAD","2.35","1.00","Jul 31, 2025","4.32","CAD","Jun 17, 2014"
"IGMCN","IGM FINANCIAL INC RegS","Financial","Fixed Income","1,039,336.65","0.06","1,039,336.65","1,157,000.00","1,157,000.00","88.31","Canada","-","CAD","15.20","1.00","Mar 21, 2050","4.21","CAD","Mar 20, 2019"
"ENBGAS","ENBRIDGE GAS INC MTN","Energy","Fixed Income","1,038,378.63","0.06","1,038,378.63","1,316,000.00","1,316,000.00","77.69","Canada","-","CAD","17.00","1.00","Sep 15, 2051","3.20","CAD","Sep 15, 2021"
"EQBCN","EQUITABLE BANK (CANADA)","Financial","Fixed Income","1,035,724.85","0.06","1,035,724.85","1,134,000.00","1,134,000.00","90.99","Canada","-","CAD","2.70","1.00","Nov 26, 2025","1.88","CAD","Nov 26, 2020"
"BAMREP","BROOKFIELD RENEWABLE PARTNERS ULC MTN","Energy","Fixed Income","1,031,977.37","0.06","1,031,977.37","1,360,000.00","1,360,000.00","74.32","Canada","-","CAD","16.02","1.00","Aug 13, 2050","3.33","CAD","Aug 13, 2020"
"APUCN","ALLIED PROPERTIES REAL ESTATE INVE","Real Estate","Fixed Income","1,030,592.25","0.06","1,030,592.25","1,176,000.00","1,176,000.00","86.24","Canada","-","CAD","6.14","1.00","Feb 21, 2030","3.12","CAD","Feb 21, 2020"
"VANAIR","VANCOUVER AIRPORT AUTHORITY","Infrastructure","Fixed Income","1,028,508.91","0.06","1,028,508.91","1,190,000.00","1,190,000.00","85.79","Canada","-","CAD","6.98","1.00","Sep 20, 2030","1.76","CAD","Sep 21, 2020"
"ENBGAS","ENBRIDGE GAS INC MTN RegS","Energy","Fixed Income","1,028,273.33","0.06","1,028,273.33","1,106,000.00","1,106,000.00","91.20","Canada","-","CAD","13.74","1.00","Aug 22, 2044","4.00","CAD","Aug 22, 2014"
"FTSCN","FORTISBC ENERGY INC MTN","Energy","Fixed Income","1,027,764.92","0.06","1,027,764.92","1,170,000.00","1,170,000.00","87.76","Canada","-","CAD","7.53","1.00","Jul 18, 2031","2.42","CAD","Apr 14, 2021"
"TOYOTA","TOYOTA CREDIT CANADA INC MTN","Financial","Fixed Income","1,026,359.45","0.06","1,026,359.45","1,044,000.00","1,044,000.00","97.40","Canada","-","CAD","1.11","1.00","Mar 27, 2024","2.64","CAD","Mar 27, 2019"
"CTCACN","CANADIAN TIRE CORP LTD MTN","Industrial","Fixed Income","1,024,796.31","0.06","1,024,796.31","930,000.00","930,000.00","108.23","Canada","-","CAD","4.39","1.00","Apr 13, 2028","6.50","CAD","Apr 13, 1998"
"CUCN","CU INC MTN","Energy","Fixed Income","1,021,948.80","0.06","1,021,948.80","1,113,000.00","1,113,000.00","91.07","Canada","-","CAD","15.53","1.00","Nov 23, 2048","3.95","CAD","Nov 21, 2018"
"AERMON","MONTREAL AIRPORTS","Infrastructure","Fixed Income","1,021,524.83","0.06","1,021,524.83","1,206,000.00","1,206,000.00","83.79","Canada","-","CAD","16.82","1.00","Apr 26, 2051","3.44","CAD","Apr 26, 2021"
"HRUCN","H&R REAL ESTATE INVESTMENT TRUST","Real Estate","Fixed Income","1,021,389.03","0.06","1,021,389.03","1,094,000.00","1,094,000.00","92.89","Canada","-","CAD","3.13","1.00","Jun 2, 2026","2.91","CAD","Dec 2, 2020"
"NSIUCN","NOVA SCOTIA POWER INC MTN","Infrastructure","Fixed Income","1,019,260.67","0.06","1,019,260.67","1,094,000.00","1,094,000.00","93.03","Canada","-","CAD","13.02","1.00","Jul 20, 2043","4.50","CAD","Jul 19, 2013"
"CPXCN","CAPITAL POWER CORP MTN","Energy","Fixed Income","1,018,737.78","0.06","1,018,737.78","1,027,000.00","1,027,000.00","97.06","Canada","-","CAD","5.85","1.00","Feb 8, 2030","4.42","CAD","Nov 8, 2019"
"HYDONE","HYDRO ONE INC MTN","Infrastructure","Fixed Income","1,013,945.31","0.06","1,013,945.31","851,000.00","851,000.00","116.67","Canada","-","CAD","10.58","1.00","Mar 3, 2039","6.03","CAD","Mar 3, 2009"
"ETRHWY","407 INTERNATIONAL INC MTN","Infrastructure","Fixed Income","1,013,780.84","0.06","1,013,780.84","1,018,000.00","1,018,000.00","98.65","Canada","-","CAD","12.53","1.00","Nov 15, 2041","4.45","CAD","Nov 17, 2011"
"LOWMAT","LOWER MATTAGAMI ENERGY LTD PARTNER","Infrastructure","Fixed Income","1,013,139.09","0.06","1,013,139.09","1,070,000.00","1,070,000.00","94.04","Canada","-","CAD","3.50","1.00","Oct 21, 2026","2.31","CAD","Oct 7, 2016"
"MRUCN","METRO INC","Industrial","Fixed Income","1,013,035.99","0.06","1,013,035.99","1,060,000.00","1,060,000.00","95.25","Canada","-","CAD","1.77","1.00","Dec 2, 2024","1.92","CAD","Nov 30, 2021"
"ENBGAS","ENBRIDGE GAS INC MTN","Energy","Fixed Income","1,008,602.09","0.06","1,008,602.09","1,048,000.00","1,048,000.00","95.77","Canada","-","CAD","3.12","1.00","Jun 1, 2026","2.81","CAD","May 31, 2016"
"CAAIAU","CALGARY AIRPORT AUTHORITY","Infrastructure","Fixed Income","1,008,292.53","0.06","1,008,292.53","1,150,000.00","1,150,000.00","86.66","Canada","-","CAD","10.68","1.00","Oct 7, 2036","3.20","CAD","Oct 7, 2021"
"ENBGAS","ENBRIDGE GAS INC MTN","Energy","Fixed Income","1,006,753.57","0.06","1,006,753.57","856,000.00","856,000.00","115.11","Canada","-","CAD","10.32","1.00","Sep 2, 2038","6.05","CAD","Sep 2, 2008"
"ONTPOW","ONTARIO POWER GENERATION INC MTN","Energy","Fixed Income","1,006,205.16","0.06","1,006,205.16","1,172,000.00","1,172,000.00","84.45","Canada","-","CAD","16.14","1.00","Sep 13, 2050","3.65","CAD","Sep 13, 2019"
"CWBCN","CANADIAN WESTERN BANK","Financial","Fixed Income","1,005,757.03","0.06","1,005,757.03","1,035,000.00","1,035,000.00","96.13","Canada","-","CAD","1.53","1.00","Sep 6, 2024","2.60","CAD","Sep 6, 2019"
"GM","GENERAL MOTORS FINANCIAL OF CANADA","Financial","Fixed Income","1,002,274.18","0.06","1,002,274.18","1,088,000.00","1,088,000.00","92.02","United States","-","CAD","2.35","1.00","Jul 9, 2025","1.70","CAD","Jul 9, 2021"
"CNRCN","CANADIAN NATIONAL RAILWAY COMPANY","Industrial","Fixed Income","998,406.93","0.06","998,406.93","1,022,000.00","1,022,000.00","96.69","Canada","-","CAD","2.47","1.00","Sep 22, 2025","2.80","CAD","Sep 22, 2015"
"ENBGAS","ENBRIDGE GAS INC","Energy","Fixed Income","996,367.61","0.06","996,367.61","990,000.00","990,000.00","98.74","Canada","-","CAD","7.71","1.00","Aug 17, 2032","4.15","CAD","Aug 17, 2022"
"CNQCN","CANADIAN NATURAL RESOURCES LTD MTN","Energy","Fixed Income","995,911.46","0.06","995,911.46","1,079,000.00","1,079,000.00","91.48","Canada","-","CAD","13.71","1.00","May 30, 2047","4.85","CAD","May 30, 2017"
"VTR","VENTAS CANADA FINANCE LTD","Real Estate","Fixed Income","994,076.80","0.06","994,076.80","1,001,000.00","1,001,000.00","97.92","United States","-","CAD","1.57","1.00","Sep 30, 2024","4.13","CAD","Sep 24, 2014"
"HYDONE","HYDRO ONE INC MTN","Infrastructure","Fixed Income","990,864.78","0.06","990,864.78","1,036,000.00","1,036,000.00","95.00","Canada","-","CAD","13.76","1.00","Jun 6, 2044","4.17","CAD","Jun 6, 2014"
"CHPUCN","CHOICE PROPERTIES REAL ESTATE INVE","Real Estate","Fixed Income","988,442.95","0.06","988,442.95","1,068,000.00","1,068,000.00","92.13","Canada","-","CAD","3.60","1.00","Nov 30, 2026","2.46","CAD","Nov 30, 2021"
"CUCN","CU INC","Energy","Fixed Income","983,440.04","0.06","983,440.04","977,000.00","977,000.00","99.60","Canada","-","CAD","16.37","1.00","Nov 7, 2053","4.56","CAD","Nov 7, 2013"
"DE","JOHN DEERE FINANCIAL INC MTN","Financial","Fixed Income","979,486.18","0.06","979,486.18","1,030,000.00","1,030,000.00","94.34","United States","-","CAD","3.47","1.00","Oct 16, 2026","2.58","CAD","Oct 16, 2019"
"TOUCN","TOURMALINE OIL CORP RegS","Energy","Fixed Income","979,402.13","0.06","979,402.13","1,102,000.00","1,102,000.00","88.84","Canada","-","CAD","4.67","1.00","Jan 25, 2028","2.08","CAD","Jan 25, 2021"
"ENBCN","ENBRIDGE INC. MTN","Energy","Fixed Income","978,775.79","0.06","978,775.79","870,000.00","870,000.00","111.64","Canada","-","CAD","6.99","1.00","Jun 18, 2032","7.20","CAD","Jun 18, 2001"
"CNHI","CNH INDUSTRIAL CAPITAL CANADA LTD","Financial","Fixed Income","978,405.98","0.06","978,405.98","1,032,000.00","1,032,000.00","94.31","Canada","-","CAD","1.61","1.00","Oct 1, 2024","1.50","CAD","Sep 28, 2021"
"NAVCAN","NAV CANADA","Infrastructure","Fixed Income","976,395.07","0.06","976,395.07","1,103,000.00","1,103,000.00","88.17","Canada","-","CAD","6.68","1.00","May 29, 2030","2.06","CAD","May 29, 2020"
"CANCOR","CANADIAN CORE REAL ESTATE LP","Real Estate","Fixed Income","976,364.39","0.06","976,364.39","1,026,000.00","1,026,000.00","93.80","Canada","-","CAD","3.73","1.00","Mar 2, 2027","3.30","CAD","Mar 2, 2022"
"AERMON","AEROPORTS DE MONTREAL","Infrastructure","Fixed Income","972,550.83","0.06","972,550.83","866,000.00","866,000.00","110.70","Canada","-","CAD","11.35","1.00","Apr 16, 2040","5.47","CAD","Apr 16, 2010"
"COOPFS","CO-OPERATORS FINANCIAL SERVICES LT","Financial","Fixed Income","969,629.94","0.06","969,629.94","1,083,000.00","1,083,000.00","88.81","Canada","-","CAD","6.33","1.00","May 13, 2030","3.33","CAD","May 11, 2020"
"OTTMAC","OTTAWA MACDONALD-CARTIER INTERNATI","Infrastructure","Fixed Income","968,955.53","0.06","968,955.53","1,075,810.00","1,075,810.00","89.50","Canada","-","CAD","9.14","1.00","Jun 9, 2045","3.93","CAD","Jun 9, 2015"
"MBGGR","DAIMLER CANADA FINANCE INC MTN","Financial","Fixed Income","968,426.27","0.06","968,426.27","980,000.00","980,000.00","97.68","Germany","-","CAD","1.07","1.00","Mar 13, 2024","2.97","CAD","Mar 13, 2019"
"ENBPIP","ENBRIDGE PIPELINES INC MTN","Energy","Fixed Income","966,752.40","0.06","966,752.40","1,134,000.00","1,134,000.00","83.27","Canada","-","CAD","13.85","1.00","Aug 9, 2046","4.13","CAD","Aug 9, 2016"
"ALCTRA","ALECTRA INC (CANADA)","Infrastructure","Fixed Income","966,653.91","0.06","966,653.91","855,000.00","855,000.00","111.94","Canada","-","CAD","15.75","1.00","Nov 14, 2052","5.22","CAD","Nov 14, 2022"
"IFCCN","INTACT FINANCIAL CORP MTN","Financial","Fixed Income","965,789.34","0.06","965,789.34","1,152,000.00","1,152,000.00","83.59","Canada","-","CAD","7.16","1.00","Dec 16, 2030","1.93","CAD","Dec 16, 2020"
"POWCN","POWER CORPORATION OF CANADA","Financial","Fixed Income","964,566.97","0.06","964,566.97","981,000.00","981,000.00","98.32","Canada","-","CAD","14.13","1.00","Jan 31, 2047","4.81","CAD","Jan 31, 2017"
"ENBGAS","ENBRIDGE GAS INC MTN","Energy","Fixed Income","964,024.88","0.06","964,024.88","1,011,000.00","1,011,000.00","94.80","Canada","-","CAD","4.42","1.00","Nov 22, 2027","2.88","CAD","Nov 22, 2017"
"APUCN","ALLIED PROPERTIES REAL ESTATE INVE","Real Estate","Fixed Income","963,300.45","0.06","963,300.45","1,060,000.00","1,060,000.00","90.22","Canada","-","CAD","4.79","1.00","May 15, 2028","3.13","CAD","May 15, 2020"
"TCLACN","TRANSCONTINENTAL INC.","Communication","Fixed Income","963,065.46","0.06","963,065.46","1,055,000.00","1,055,000.00","91.17","Canada","-","CAD","3.27","1.00","Jul 13, 2026","2.28","CAD","Jul 12, 2021"
"GEICN","GIBSON ENERGY INC MTN","Energy","Fixed Income","962,676.82","0.06","962,676.82","1,040,000.00","1,040,000.00","92.43","Canada","-","CAD","4.13","1.00","Jul 14, 2027","2.85","CAD","Jul 14, 2020"
"BCECN","BELL CANADA 144A","Communication","Fixed Income","961,625.32","0.06","961,625.32","861,000.00","861,000.00","109.40","Canada","-","CAD","8.61","1.00","Mar 16, 2035","6.10","CAD","Mar 16, 2004"
"IFCCN","INTACT FINANCIAL CORP MTN","Financial","Fixed Income","960,264.00","0.06","960,264.00","922,000.00","922,000.00","103.50","Canada","-","CAD","12.34","1.00","Jun 16, 2042","5.16","CAD","Jun 15, 2012"
"SRUUCN","SMARTCENTRES REAL ESTATE INVESTMEN","Real Estate","Fixed Income","958,561.65","0.06","958,561.65","1,121,000.00","1,121,000.00","85.23","Canada","-","CAD","5.40","1.00","Dec 18, 2028","2.31","CAD","Dec 16, 2020"
"WELL","HCN CANADIAN HOLDINGS 1 LP","Real Estate","Fixed Income","956,963.01","0.06","956,963.01","1,037,000.00","1,037,000.00","92.15","United States","-","CAD","3.69","1.00","Jan 15, 2027","2.95","CAD","Dec 20, 2019"
"LCN","LOBLAW COMPANIES LIMITED MTN","Industrial","Fixed Income","955,845.67","0.06","955,845.67","871,000.00","871,000.00","109.71","Canada","-","CAD","8.71","1.00","Jan 29, 2035","6.15","CAD","Jan 29, 2004"
"VTR","VENTAS CANADA FINANCE LTD","Real Estate","Fixed Income","955,836.44","0.06","955,836.44","1,100,000.00","1,100,000.00","86.34","United States","-","CAD","7.48","1.00","Dec 1, 2031","3.30","CAD","Dec 1, 2021"
"SAPCN","SAPUTO INC","Industrial","Fixed Income","953,169.50","0.06","953,169.50","1,053,000.00","1,053,000.00","90.35","Canada","-","CAD","3.25","1.00","Jun 19, 2026","1.42","CAD","Nov 19, 2020"
"SRUUCN","SMARTCENTRES REAL ESTATE INVESTMEN","Real Estate","Fixed Income","951,921.89","0.06","951,921.89","1,070,000.00","1,070,000.00","88.45","Canada","-","CAD","6.70","1.00","Dec 11, 2030","3.65","CAD","Jun 11, 2020"
"GZMCN","GAZ METRO INC","Energy","Fixed Income","950,146.49","0.06","950,146.49","856,000.00","856,000.00","110.67","Canada","-","CAD","9.62","1.00","Jul 10, 2036","5.70","CAD","Jul 10, 2006"
"ENMAXC","ENMAX CORP","Infrastructure","Fixed Income","947,714.76","0.06","947,714.76","980,000.00","980,000.00","96.16","Canada","-","CAD","2.21","1.00","Jun 2, 2025","3.33","CAD","Oct 18, 2019"
"CWBCN","CANADIAN WESTERN BANK","Financial","Fixed Income","945,907.07","0.06","945,907.07","969,000.00","969,000.00","97.10","Canada","-","CAD","1.29","1.00","Jun 11, 2029","3.67","CAD","Jun 11, 2019"
"SE","WESTCOAST ENERGY INC MTN","Energy","Fixed Income","944,035.08","0.06","944,035.08","818,000.00","818,000.00","112.80","Canada","-","CAD","6.21","1.00","Mar 20, 2031","7.15","CAD","Mar 20, 2001"
"CLOVLP","CLOVER LIMITED PARTNERSHIP","Energy","Fixed Income","942,228.22","0.06","942,228.22","957,194.00","957,194.00","97.02","Canada","-","CAD","4.14","1.00","Mar 31, 2034","4.22","CAD","Oct 24, 2018"
"ETRHWY","407 INTERNATIONAL INC MTN RegS","Infrastructure","Fixed Income","939,274.41","0.06","939,274.41","988,000.00","988,000.00","94.72","Canada","-","CAD","2.22","1.00","May 22, 2025","1.80","CAD","May 22, 2020"
"BCFERR","BRITISH COLUMBIA FERRY SERVICES IN","Infrastructure","Fixed Income","938,598.80","0.06","938,598.80","837,000.00","837,000.00","111.83","Canada","-","CAD","10.43","1.00","Jan 11, 2038","5.58","CAD","Jan 11, 2008"
"CRTUCN","CT REAL ESTATE INVESTMENT TRUST","Real Estate","Fixed Income","937,808.60","0.06","937,808.60","1,026,000.00","1,026,000.00","89.92","Canada","-","CAD","5.35","1.00","Feb 5, 2029","3.03","CAD","Feb 3, 2022"
"BIP","BROOKFIELD INFRASTRUCTURE FINANCE MTN","Infrastructure","Fixed Income","937,626.10","0.06","937,626.10","865,000.00","865,000.00","107.12","Canada","-","CAD","7.50","1.00","Feb 14, 2033","5.98","CAD","Nov 14, 2022"
"HRUCN","H&R REAL ESTATE INVESTMENT TRUST","Real Estate","Fixed Income","936,538.46","0.06","936,538.46","1,022,000.00","1,022,000.00","90.45","Canada","-","CAD","3.75","1.00","Feb 19, 2027","2.63","CAD","Feb 19, 2021"
"GTAAIR","GREATER TORONTO AIRPORTS AUTHORITY","Infrastructure","Fixed Income","933,117.09","0.05","933,117.09","1,158,000.00","1,158,000.00","79.56","Canada","-","CAD","17.32","1.00","Oct 5, 2051","3.15","CAD","Oct 5, 2021"
"FNCN","FIRST NATIONAL FINANCIAL CORP","Financial","Fixed Income","931,851.11","0.05","931,851.11","996,000.00","996,000.00","92.95","Canada","-","CAD","2.64","1.00","Nov 17, 2025","2.96","CAD","Nov 16, 2020"
"FCRCN","FIRST CAPITAL REAL ESTATE INVESTME","Real Estate","Fixed Income","930,645.48","0.05","930,645.48","1,025,000.00","1,025,000.00","89.36","Canada","-","CAD","4.54","1.00","Mar 1, 2028","3.45","CAD","Sep 1, 2020"
"TRPCN","TRANS-CANADA PIPELINE MTN","Energy","Fixed Income","930,007.69","0.05","930,007.69","822,000.00","822,000.00","110.80","Canada","-","CAD","3.56","1.00","Apr 15, 2027","7.90","CAD","Apr 15, 1997"
"KEYCN","KEYERA CORP MTN","Energy","Fixed Income","929,386.93","0.05","929,386.93","925,000.00","925,000.00","98.75","Canada","-","CAD","7.17","1.00","Mar 28, 2032","5.02","CAD","Mar 28, 2022"
"ENBPIP","ENBRIDGE PIPELINES INC MTN","Energy","Fixed Income","927,740.88","0.05","927,740.88","1,011,000.00","1,011,000.00","89.68","Canada","-","CAD","12.60","1.00","Aug 17, 2043","4.55","CAD","Aug 16, 2013"
"DE","JOHN DEERE CANADA FUNDING INC MTN","Financial","Fixed Income","926,270.82","0.05","926,270.82","945,000.00","945,000.00","97.22","United States","-","CAD","1.13","1.00","Apr 4, 2024","2.46","CAD","Mar 29, 2019"
"ENBCN","ENBRIDGE INC MTN","Energy","Fixed Income","923,437.51","0.05","923,437.51","1,120,000.00","1,120,000.00","80.97","Canada","-","CAD","15.27","1.00","Sep 21, 2051","4.10","CAD","Sep 21, 2021"
"ETRHWY","407 INTERNATIONAL INC. MTN","Infrastructure","Fixed Income","922,780.79","0.05","922,780.79","932,000.00","932,000.00","98.31","Canada","-","CAD","1.21","1.00","May 16, 2024","3.35","CAD","May 16, 2014"
"ETRHWY","407 INTERNATIONAL INC MTN","Infrastructure","Fixed Income","918,823.23","0.05","918,823.23","912,000.00","912,000.00","98.97","Canada","-","CAD","6.97","1.00","Aug 14, 2031","4.45","CAD","Sep 7, 2022"
"ENBGAS","ENBRIDGE GAS INC","Energy","Fixed Income","916,277.54","0.05","916,277.54","862,000.00","862,000.00","106.18","Canada","-","CAD","11.69","1.00","Jul 23, 2040","5.20","CAD","Jul 23, 2010"
"LCN","LOBLAW COMPANIES LTD MTN 144A","Industrial","Fixed Income","911,609.45","0.05","911,609.45","783,000.00","783,000.00","113.57","Canada","-","CAD","6.81","1.00","Mar 1, 2032","6.85","CAD","Mar 1, 2002"
"MCAPCO","MCAP COMMERCIAL LP","Financial","Fixed Income","909,614.54","0.05","909,614.54","1,004,000.00","1,004,000.00","89.99","Canada","-","CAD","4.37","1.00","Nov 26, 2027","3.38","CAD","Nov 26, 2020"
"SAPCN","SAPUTO INC MTN","Industrial","Fixed Income","909,106.37","0.05","909,106.37","917,000.00","917,000.00","97.46","Canada","-","CAD","2.29","1.00","Aug 14, 2025","3.60","CAD","Aug 10, 2018"
"ALTALK","ALTALINK LP MTN","Infrastructure","Fixed Income","908,993.25","0.05","908,993.25","909,000.00","909,000.00","98.97","Canada","-","CAD","12.55","1.00","Nov 8, 2041","4.46","CAD","Nov 8, 2011"
"LCN","LOBLAW COMPANIES LIMITED MTN","Industrial","Fixed Income","904,690.11","0.05","904,690.11","841,000.00","841,000.00","107.36","Canada","-","CAD","9.24","1.00","Jan 18, 2036","5.90","CAD","Jan 18, 2005"
"AERMON","AEROPORTS DE MONTREAL","Infrastructure","Fixed Income","904,236.27","0.05","904,236.27","761,000.00","761,000.00","116.81","Canada","-","CAD","7.86","1.00","Oct 11, 2033","6.55","CAD","Oct 9, 2003"
"APUCN","ALLIED PROPERTIES REAL ESTATE INVE","Real Estate","Fixed Income","902,805.78","0.05","902,805.78","998,000.00","998,000.00","88.89","Canada","-","CAD","5.69","1.00","Aug 15, 2029","3.39","CAD","Aug 15, 2019"
"ALTALK","ALTALINK LP MTN","Infrastructure","Fixed Income","899,959.69","0.05","899,959.69","953,000.00","953,000.00","94.08","Canada","-","CAD","14.29","1.00","Jun 30, 2045","4.09","CAD","Jun 30, 2015"
"EAGCCT","EAGLE CREDIT CARD TRUST","Securitized","Fixed Income","895,664.76","0.05","895,664.76","985,000.00","985,000.00","90.74","Canada","-","CAD","3.24","1.00","Jun 17, 2026","1.55","CAD","Jun 21, 2021"
"EPCOR","EPCOR UTILITIES INC MTN 144A","Infrastructure","Fixed Income","894,977.59","0.05","894,977.59","800,000.00","800,000.00","110.70","Canada","-","CAD","9.25","1.00","Nov 16, 2035","5.65","CAD","Nov 17, 2005"
"GZMCN","GAZ METRO INC MTN","Energy","Fixed Income","894,347.01","0.05","894,347.01","755,000.00","755,000.00","116.66","Canada","-","CAD","6.07","1.00","Oct 30, 2030","7.05","CAD","Oct 26, 2000"
"ENBCN","ENBRIDGE INC MTN","Energy","Fixed Income","893,200.11","0.05","893,200.11","806,000.00","806,000.00","110.68","Canada","-","CAD","5.92","1.00","Jul 24, 2030","7.22","CAD","Jul 24, 2000"
"OMERS","OMERS REALTY CORP","Real Estate","Fixed Income","892,810.37","0.05","892,810.37","912,000.00","912,000.00","97.38","Canada","-","CAD","2.16","1.00","Jun 5, 2025","3.33","CAD","Jun 5, 2018"
"ELFCN","EMPIRE LIFE INSURANCE CO RegS","Financial","Fixed Income","891,955.65","0.05","891,955.65","875,000.00","875,000.00","101.65","Canada","-","CAD","4.17","1.00","Jan 13, 2033","5.88","CAD","Jan 13, 2023"
"AXUCN","ARTIS REAL ESTATE INVESTMENT TRUST","Real Estate","Fixed Income","891,650.82","0.05","891,650.82","900,000.00","900,000.00","97.63","Canada","-","CAD","2.07","1.00","Apr 29, 2025","5.60","CAD","Apr 29, 2022"
"EPCOR","EPCOR UTILITIES INC MTN","Infrastructure","Fixed Income","891,308.80","0.05","891,308.80","777,000.00","777,000.00","113.64","Canada","-","CAD","11.12","1.00","Nov 24, 2039","5.75","CAD","Nov 24, 2009"
"TERANE","TERANET HOLDINGS LP","Industrial","Fixed Income","889,640.00","0.05","889,640.00","863,000.00","863,000.00","102.33","Canada","-","CAD","11.14","1.00","Jun 17, 2041","6.10","CAD","Apr 4, 2011"
"BCECN","BELL CANADA MTN","Communication","Fixed Income","889,266.24","0.05","889,266.24","730,000.00","730,000.00","119.21","Canada","-","CAD","6.16","1.00","Apr 2, 2031","7.85","CAD","Apr 2, 2001"
"GM","GENERAL MOTORS FINANCIAL OF CANADA","Financial","Fixed Income","880,233.93","0.05","880,233.93","866,000.00","866,000.00","100.37","United States","-","CAD","1.22","1.00","May 14, 2024","5.95","CAD","May 14, 2020"
"FCRCN","FIRST CAPITAL REAL ESTATE INVESTME","Real Estate","Fixed Income","880,111.62","0.05","880,111.62","932,000.00","932,000.00","93.58","Canada","-","CAD","3.02","1.00","May 6, 2026","3.60","CAD","May 6, 2016"
"NAVCAN","NAV CANADA","Infrastructure","Fixed Income","879,716.45","0.05","879,716.45","768,000.00","768,000.00","113.31","Canada","-","CAD","3.73","1.00","Jun 1, 2027","7.40","CAD","Dec 16, 1996"
"EAGCCT_20-1-A","EAGCCT_20-1 A","Securitized","Fixed Income","876,133.35","0.05","876,133.35","950,000.00","950,000.00","92.18","Canada","-","CAD","2.38","1.00","Jul 17, 2025","1.27","CAD","Aug 11, 2020"
"LOWMAT","LOWER MATTAGAMI ENERGY LP","Infrastructure","Fixed Income","875,626.76","0.05","875,626.76","912,000.00","912,000.00","94.87","Canada","-","CAD","16.40","1.00","Apr 23, 2052","4.17","CAD","Apr 23, 2012"
"DOLCN","DOLLARAMA INC","Industrial","Fixed Income","874,876.71","0.05","874,876.71","991,000.00","991,000.00","87.73","Canada","-","CAD","4.39","1.00","Sep 20, 2027","1.50","CAD","Sep 18, 2020"
"ENBCN","ENBRIDGE INC MTN","Energy","Fixed Income","874,165.36","0.05","874,165.36","829,000.00","829,000.00","103.07","Canada","-","CAD","10.60","1.00","Sep 2, 2039","5.75","CAD","Sep 2, 2009"
"CUCN","CU INC MTN","Energy","Fixed Income","871,874.74","0.05","871,874.74","780,000.00","780,000.00","110.36","Canada","-","CAD","10.22","1.00","Oct 30, 2037","5.56","CAD","Nov 1, 2007"
"ENBGAS","ENBRIDGE GAS INC MTN 144A","Energy","Fixed Income","871,600.97","0.05","871,600.97","811,000.00","811,000.00","105.20","Canada","-","CAD","9.40","1.00","Feb 25, 2036","5.21","CAD","Feb 24, 2006"
"SLFCN","SUN LIFE CAPITAL TRUST","Financial","Fixed Income","870,962.19","0.05","870,962.19","776,000.00","776,000.00","111.63","Canada","-","CAD","7.05","1.00","Jun 30, 2052","7.09","CAD","Jun 25, 2002"
"TRPCN","TRANSCANADA PIPELINES LIMITED MTN","Energy","Fixed Income","864,749.87","0.05","864,749.87","803,000.00","803,000.00","106.55","Canada","-","CAD","4.52","1.00","May 26, 2028","6.28","CAD","May 26, 1998"
"NVLAUT","NOUVELLE AUTOROUTE 30 FINANCEMENT","Infrastructure","Fixed Income","864,792.97","0.05","864,792.97","951,931.00","951,931.00","90.50","Canada","-","CAD","10.74","1.00","Jun 30, 2042","4.12","CAD","Jun 14, 2018"
"COMWIN","COMBER WIND FINANCIAL CORP","Energy","Fixed Income","859,914.44","0.05","859,914.44","854,939.00","854,939.00","100.15","Canada","-","CAD","3.83","1.00","Nov 15, 2030","5.13","CAD","Feb 22, 2013"
"NAVCAN","NAV CANADA MTN","Infrastructure","Fixed Income","857,740.29","0.05","857,740.29","960,000.00","960,000.00","87.79","Canada","-","CAD","14.89","1.00","Feb 23, 2046","3.53","CAD","Feb 24, 2016"
"ETRHWY","407 INTERNATIONAL INC","Infrastructure","Fixed Income","855,434.21","0.05","855,434.21","916,000.00","916,000.00","92.81","Canada","-","CAD","8.53","1.00","Jun 1, 2033","3.43","CAD","Mar 24, 2017"
"CTLONE","CENTRAL 1 CREDIT UNION","Financial","Fixed Income","852,461.62","0.05","852,461.62","950,000.00","950,000.00","89.73","Canada","-","CAD","2.89","1.00","Jan 29, 2026","1.32","CAD","Jan 29, 2021"
"IFCCN","INTACT FINANCIAL CORP MTN","Financial","Fixed Income","845,717.52","0.05","845,717.52","850,000.00","850,000.00","98.19","Canada","-","CAD","1.95","1.00","Mar 24, 2025","3.69","CAD","Mar 24, 2020"
"HCG","HOME TRUST CO","Financial","Fixed Income","844,571.01","0.05","844,571.01","850,000.00","850,000.00","98.65","Canada","-","CAD","1.30","1.00","Jun 13, 2024","5.32","CAD","Jun 13, 2022"
"ENBPIP","ENBRIDGE PIPELINES INC MTN","Energy","Fixed Income","843,454.91","0.05","843,454.91","959,000.00","959,000.00","87.33","Canada","-","CAD","7.22","1.00","May 12, 2031","2.82","CAD","May 12, 2021"
"LCN","LOBLAW COMPANIES LIMITED MTN","Industrial","Fixed Income","839,751.49","0.05","839,751.49","735,000.00","735,000.00","111.26","Canada","-","CAD","7.38","1.00","Feb 17, 2033","6.54","CAD","Feb 17, 2003"
"CP","CANADIAN PACIFIC RAILWAY COMPANY","Industrial","Fixed Income","839,487.77","0.05","839,487.77","1,118,000.00","1,118,000.00","73.89","Canada","-","CAD","16.55","1.00","Mar 9, 2050","3.05","CAD","Mar 9, 2020"
"LBCN","LAURENTIAN BANK OF CANADA","Financial","Fixed Income","839,590.48","0.05","839,590.48","850,000.00","850,000.00","97.77","Canada","-","CAD","3.85","1.00","Apr 20, 2027","3.54","CAD","Apr 20, 2022"
"ENBGAS","ENBRIDGE GAS INC MTN","Energy","Fixed Income","838,323.79","0.05","838,323.79","816,000.00","816,000.00","102.19","Canada","-","CAD","12.07","1.00","Jun 21, 2041","4.88","CAD","Jun 21, 2011"
"FTSCN","FORTISBC ENERGY INC MTN","Energy","Fixed Income","838,221.05","0.05","838,221.05","733,000.00","733,000.00","111.80","Canada","-","CAD","8.69","1.00","Feb 26, 2035","5.90","CAD","Feb 25, 2005"
"REIUCN","RIOCAN REAL ESTATE INVESTMENT TRUS","Real Estate","Fixed Income","837,413.17","0.05","837,413.17","864,000.00","864,000.00","95.77","Canada","-","CAD","5.32","1.00","May 1, 2029","4.63","CAD","Apr 18, 2022"
"DE","JOHN DEERE FINANCIAL INC MTN","Financial","Fixed Income","836,694.62","0.05","836,694.62","876,000.00","876,000.00","95.25","United States","-","CAD","2.29","1.00","Jun 20, 2025","2.31","CAD","Jan 19, 2022"
"AERMON","AEROPORTS DE MONTREAL","Infrastructure","Fixed Income","836,131.45","0.05","836,131.45","909,000.00","909,000.00","91.45","Canada","-","CAD","14.30","1.00","Jun 12, 2045","3.92","CAD","Jun 12, 2015"
"IAGCN","IA FINANCIAL CORPORATION INC","Financial","Fixed Income","836,016.07","0.05","836,016.07","881,000.00","881,000.00","93.51","Canada","-","CAD","3.65","1.00","Feb 25, 2032","3.20","CAD","Feb 25, 2022"
"TRPCN","TRANSCANADA PIPELINES LIMITED MTN","Energy","Fixed Income","834,591.46","0.05","834,591.46","775,000.00","775,000.00","106.75","Canada","-","CAD","6.20","1.00","Dec 9, 2030","6.50","CAD","Dec 7, 1998"
"HALFX","HALIFAX INTERNATIONAL AIRPORT AUTH","Infrastructure","Fixed Income","834,557.27","0.05","834,557.27","830,000.00","830,000.00","99.52","Canada","-","CAD","15.10","1.00","Nov 15, 2050","4.89","CAD","Nov 5, 2010"
"AERMON","AEROPORTS DE MONTREAL","Infrastructure","Fixed Income","833,657.31","0.05","833,657.31","990,000.00","990,000.00","83.30","Canada","-","CAD","15.53","1.00","Apr 24, 2047","3.36","CAD","Apr 24, 2017"
"ACICN","ALTAGAS CANADA INC MTN","Energy","Fixed Income","833,317.86","0.05","833,317.86","862,000.00","862,000.00","95.66","Canada","-","CAD","2.96","1.00","Apr 6, 2026","3.15","CAD","Apr 3, 2019"
"SJRCN","SHAW COMMUNICATIONS INC.","Communication","Fixed Income","833,221.42","0.05","833,221.42","1,014,000.00","1,014,000.00","81.55","Canada","-","CAD","14.74","1.00","Dec 9, 2049","4.25","CAD","Dec 9, 2019"
"TORHYD","TORONTO HYDRO CORP MTN","Infrastructure","Fixed Income","832,072.39","0.05","832,072.39","728,000.00","728,000.00","113.22","Canada","-","CAD","11.46","1.00","May 21, 2040","5.54","CAD","May 20, 2010"
"LOWMAT","LOWER MATTAGAMI ENERGY LP","Infrastructure","Fixed Income","830,988.18","0.05","830,988.18","855,000.00","855,000.00","95.35","Canada","-","CAD","14.33","1.00","Feb 23, 2046","4.18","CAD","Feb 25, 2013"
"CUCN","CU INC","Energy","Fixed Income","824,372.95","0.05","824,372.95","800,000.00","800,000.00","102.26","Canada","-","CAD","15.70","1.00","Jun 3, 2052","4.85","CAD","Jun 3, 2022"
"FTSCN","FORTISBC ENERGY INC MTN","Energy","Fixed Income","823,728.89","0.05","823,728.89","935,000.00","935,000.00","87.17","Canada","-","CAD","15.35","1.00","Oct 30, 2047","3.69","CAD","Oct 26, 2017"
"CRTUCN","CT REAL ESTATE INVESTMENT TRUST","Real Estate","Fixed Income","822,588.12","0.05","822,588.12","856,000.00","856,000.00","95.51","Canada","-","CAD","4.35","1.00","Dec 7, 2027","3.87","CAD","Feb 7, 2018"
"IFCCN","INTACT FINANCIAL CORP","Financial","Fixed Income","819,385.03","0.05","819,385.03","950,000.00","950,000.00","84.86","Canada","-","CAD","2.14","1.00","Mar 31, 2081","4.13","CAD","Mar 31, 2021"
"STNCN","STANTEC INC.","Industrial","Fixed Income","817,823.17","0.05","817,823.17","909,000.00","909,000.00","89.32","Canada","-","CAD","4.38","1.00","Oct 8, 2027","2.05","CAD","Oct 8, 2020"
"ACICN","TRISUMMIT UTILITIES INC MTN RegS","Energy","Fixed Income","817,632.35","0.05","817,632.35","800,000.00","800,000.00","101.93","Canada","-","CAD","5.79","1.00","Jan 11, 2030","5.02","CAD","Jan 11, 2023"
"PPLCN","PEMBINA PIPELINE CORP MTN","Energy","Fixed Income","817,309.90","0.05","817,309.90","919,000.00","919,000.00","88.80","Canada","-","CAD","13.71","1.00","Jan 21, 2047","4.74","CAD","Jan 20, 2017"
"APUCN","ALLIED PROPERTIES REAL ESTATE INVE","Real Estate","Fixed Income","815,239.30","0.05","815,239.30","834,000.00","834,000.00","96.73","Canada","-","CAD","2.08","1.00","Apr 21, 2025","3.64","CAD","Apr 21, 2017"
"LOWMAT","LOWER MATTAGAMI ENERGY LP","Infrastructure","Fixed Income","814,597.39","0.05","814,597.39","767,000.00","767,000.00","104.98","Canada","-","CAD","8.28","1.00","Oct 31, 2033","4.85","CAD","Oct 31, 2022"
"EAGCCT_22-1-A","EAGCCT_22-1 A RegS","Securitized","Fixed Income","811,803.50","0.05","811,803.50","800,000.00","800,000.00","101.29","Canada","-","CAD","4.01","1.00","Jul 17, 2027","4.78","CAD","Jul 13, 2022"
"ENBPIP","ENBRIDGE PIPELINES INC.","Energy","Fixed Income","810,393.68","0.05","810,393.68","804,000.00","804,000.00","99.59","Canada","-","CAD","10.97","1.00","Nov 10, 2039","5.35","CAD","Nov 10, 2009"
"FTSCN","TERASEN GAS VANCOUVER IS","Energy","Fixed Income","809,232.08","0.05","809,232.08","687,000.00","687,000.00","114.99","Canada","-","CAD","10.06","1.00","Feb 15, 2038","6.05","CAD","Feb 15, 2008"
"CHPUCN","CHOICE PROPERTIES REIT","Real Estate","Fixed Income","808,101.01","0.05","808,101.01","821,000.00","821,000.00","97.67","Canada","-","CAD","2.53","1.00","Nov 24, 2025","4.05","CAD","Nov 24, 2015"
"SAPCN","SAPUTO INC MTN","Industrial","Fixed Income","807,529.42","0.05","807,529.42","901,000.00","901,000.00","89.37","Canada","-","CAD","5.00","1.00","Jun 22, 2028","2.30","CAD","Jun 22, 2021"
"TORHYD","TORONTO HYDRO CORPORATION","Infrastructure","Fixed Income","804,668.05","0.05","804,668.05","919,000.00","919,000.00","87.53","Canada","-","CAD","14.87","1.00","Jul 28, 2045","3.55","CAD","Mar 16, 2015"
"TRPCN","TRANSCANADA PIPELINES LIMITED MTN","Energy","Fixed Income","804,083.21","0.05","804,083.21","712,000.00","712,000.00","109.59","Canada","-","CAD","4.53","1.00","Aug 7, 2028","6.89","CAD","Jul 30, 1997"
"NAVCAN","NAV CANADA","Infrastructure","Fixed Income","802,352.17","0.05","802,352.17","873,000.00","873,000.00","91.46","Canada","-","CAD","2.92","1.00","Feb 9, 2026","0.94","CAD","Feb 9, 2021"
"BIP","BROOKFIELD INFRASTRUCTURE FINANCE MTN","Infrastructure","Fixed Income","798,767.28","0.05","798,767.28","756,000.00","756,000.00","104.10","Canada","-","CAD","14.25","1.00","Apr 25, 2052","5.79","CAD","Apr 25, 2022"
"CAD","CAD CASH","Cash and/or Derivatives","Cash","798,264.75","0.05","798,264.75","798,265.00","798,265.00","100.00","Canada","-","CAD","0.00","1.00","-","0.00","CAD","Jan 1, 1989"
"HYDONE","HYDRO ONE INC","Infrastructure","Fixed Income","797,754.60","0.05","797,754.60","905,000.00","905,000.00","86.97","Canada","-","CAD","16.23","1.00","Apr 5, 2050","3.64","CAD","Apr 5, 2019"
"LCN","LOBLAW COMPANIES LIMITED MTN","Industrial","Fixed Income","795,268.32","0.05","795,268.32","730,000.00","730,000.00","108.06","Canada","-","CAD","8.33","1.00","Jun 9, 2034","6.05","CAD","Jun 9, 2003"
"NAVCAN","NAV CANADA","Infrastructure","Fixed Income","791,778.57","0.05","791,778.57","823,000.00","823,000.00","95.94","Canada","-","CAD","1.00","1.00","Feb 9, 2024","0.56","CAD","Feb 9, 2021"
"DE","JOHN DEERE CANADA FUNDING INC MTN","Financial","Fixed Income","791,324.85","0.05","791,324.85","855,000.00","855,000.00","92.04","United States","-","CAD","3.05","1.00","Apr 9, 2026","1.63","CAD","Apr 9, 2021"
"CTCACN","CANADIAN TIRE CORPORATION LIMITED MTN","Industrial","Fixed Income","790,760.90","0.05","790,760.90","707,000.00","707,000.00","109.05","Canada","-","CAD","7.92","1.00","Feb 24, 2034","6.45","CAD","Feb 24, 2004"
"ALTALK","ALTALINK LP","Infrastructure","Fixed Income","784,838.18","0.05","784,838.18","750,000.00","750,000.00","103.82","Canada","-","CAD","7.77","1.00","Nov 28, 2032","4.69","CAD","Nov 28, 2022"
"CRTUCN","CT REAL ESTATE INVESTMENT TRUST","Real Estate","Fixed Income","783,824.18","0.05","783,824.18","825,000.00","825,000.00","94.57","Canada","-","CAD","4.00","1.00","Jun 16, 2027","3.47","CAD","Jun 16, 2017"
"BCIMCR","BCI QUADREAL REALTY","Real Estate","Fixed Income","783,593.14","0.05","783,593.14","815,000.00","815,000.00","95.74","Canada","-","CAD","1.08","1.00","Mar 12, 2024","1.06","CAD","Mar 12, 2021"
"DE","JOHN DEERE FINANCIAL INC MTN","Financial","Fixed Income","782,799.21","0.05","782,799.21","804,000.00","804,000.00","96.47","United States","-","CAD","1.56","1.00","Sep 17, 2024","2.40","CAD","Jun 17, 2019"
"LCN","LOBLAW CO LTD MTN","Industrial","Fixed Income","782,323.33","0.05","782,323.33","704,000.00","704,000.00","108.03","Canada","-","CAD","4.22","1.00","Feb 9, 2028","6.45","CAD","Feb 9, 1998"
"GZMCN","ENERGIR INC RegS","Energy","Fixed Income","782,223.25","0.05","782,223.25","750,000.00","750,000.00","102.68","Canada","-","CAD","7.61","1.00","Sep 27, 2032","4.67","CAD","Sep 27, 2022"
"FTSCN","FORTISALBERTA INC MTN","Infrastructure","Fixed Income","777,983.78","0.05","777,983.78","880,000.00","880,000.00","86.96","Canada","-","CAD","15.23","1.00","Sep 9, 2047","3.67","CAD","Sep 7, 2017"
"TCLACN","TRANSCONTINENTAL INC.","Communication","Fixed Income","775,970.30","0.05","775,970.30","810,000.00","810,000.00","94.48","Canada","-","CAD","1.91","1.00","Feb 3, 2025","2.67","CAD","Feb 1, 2022"
"MRUCN","METRO INC MTN","Industrial","Fixed Income","775,819.65","0.05","775,819.65","761,000.00","761,000.00","101.11","Canada","-","CAD","13.15","1.00","Dec 1, 2044","5.03","CAD","Dec 1, 2014"
"SIACN","SIENNA SENIOR LIVING INC","Industrial","Fixed Income","775,142.01","0.05","775,142.01","808,000.00","808,000.00","94.45","Canada","-","CAD","2.85","1.00","Feb 27, 2026","3.45","CAD","Oct 2, 2020"
"ENBGAS","ENBRIDGE GAS INC MTN","Energy","Fixed Income","774,766.09","0.05","774,766.09","877,000.00","877,000.00","87.71","Canada","-","CAD","14.73","1.00","Jun 1, 2046","3.80","CAD","May 31, 2016"
"CUCN","CU INC MTN","Energy","Fixed Income","772,366.37","0.05","772,366.37","721,000.00","721,000.00","106.12","Canada","-","CAD","9.41","1.00","Nov 21, 2035","5.18","CAD","Nov 21, 2005"
"ACOXCN","ATCO LTD RegS","Energy","Fixed Income","772,243.00","0.05","772,243.00","786,000.00","786,000.00","96.88","Canada","-","CAD","4.85","1.00","Nov 1, 2078","5.50","CAD","Nov 1, 2018"
"FTSCN","FORTISALBERTA INC MTN","Infrastructure","Fixed Income","765,887.62","0.04","765,887.62","587,000.00","587,000.00","127.19","Canada","-","CAD","10.18","1.00","Feb 14, 2039","7.06","CAD","Feb 13, 2009"
"CHPUCN","CHOICE PROPERTIES REIT","Real Estate","Fixed Income","765,648.17","0.04","765,648.17","757,000.00","757,000.00","99.07","Canada","-","CAD","0.96","1.00","Feb 8, 2024","4.29","CAD","Feb 6, 2014"
"COCAPS","COAST CAPITAL SAVINGS FEDERAL CRED","Financial","Fixed Income","764,530.25","0.04","764,530.25","750,000.00","750,000.00","100.81","Canada","-","CAD","1.70","1.00","Nov 25, 2024","6.13","CAD","Nov 23, 2022"
"TORHYD","TORONTO HYDRO CORPORATION","Infrastructure","Fixed Income","762,863.01","0.04","762,863.01","834,000.00","834,000.00","91.13","Canada","-","CAD","6.22","1.00","Dec 11, 2029","2.43","CAD","Nov 12, 2019"
"IFCCN","INTACT FINANCIAL CORP MTN","Financial","Fixed Income","761,477.63","0.04","761,477.63","764,000.00","764,000.00","98.11","Canada","-","CAD","2.69","1.00","Mar 2, 2026","3.77","CAD","Mar 1, 2016"
"DTRGR","DAIMLER TRUCKS FINANCE CANADA INC RegS","Financial","Fixed Income","761,273.97","0.04","761,273.97","735,000.00","735,000.00","101.66","Germany","-","CAD","4.05","1.00","Sep 20, 2027","5.22","CAD","Sep 19, 2022"
"CUCN","CU INC MTN","Energy","Fixed Income","760,352.44","0.04","760,352.44","881,000.00","881,000.00","84.82","Canada","-","CAD","18.62","1.00","Sep 11, 2062","3.83","CAD","Sep 10, 2012"
"TORHYD","TORONTO HYDRO CORPORATION","Infrastructure","Fixed Income","758,218.13","0.04","758,218.13","852,000.00","852,000.00","88.30","Canada","-","CAD","7.67","1.00","Oct 20, 2031","2.47","CAD","Oct 18, 2021"
"CUCN","CU INC MTN","Energy","Fixed Income","755,916.63","0.04","755,916.63","718,000.00","718,000.00","104.29","Canada","-","CAD","9.97","1.00","Nov 20, 2036","5.03","CAD","Nov 20, 2006"
"EPCOR","EPCOR UTILITIES INC MTN","Infrastructure","Fixed Income","755,440.33","0.04","755,440.33","961,000.00","961,000.00","78.41","Canada","-","CAD","16.72","1.00","Jul 8, 2049","3.11","CAD","Jul 8, 2019"
"SRUUCN","SMARTCENTRES REAL ESTATE INVESTMEN","Real Estate","Fixed Income","753,578.03","0.04","753,578.03","796,000.00","796,000.00","94.24","Canada","-","CAD","4.40","1.00","Dec 21, 2027","3.83","CAD","Dec 21, 2017"
"SRUUCN","SMART REAL ESTATE INVESTMENT TRUST","Real Estate","Fixed Income","751,351.09","0.04","751,351.09","783,000.00","783,000.00","94.49","Canada","-","CAD","3.28","1.00","Aug 28, 2026","3.44","CAD","Aug 30, 2016"
"SLFCN","MUTUAL LIFE CANADA","Financial","Fixed Income","748,391.17","0.04","748,391.17","689,000.00","689,000.00","107.29","Canada","-","CAD","4.49","1.00","May 15, 2028","6.30","CAD","May 15, 1998"
"WNCN","GEORGE WESTON LTD MTN","Industrial","Fixed Income","746,893.13","0.04","746,893.13","754,000.00","754,000.00","98.55","Canada","-","CAD","1.26","1.00","Jun 17, 2024","4.12","CAD","Jun 17, 2014"
"SE","WESTCOAST ENERGY","Energy","Fixed Income","743,458.35","0.04","743,458.35","688,000.00","688,000.00","107.19","Canada","-","CAD","4.17","1.00","Dec 15, 2027","6.75","CAD","Dec 15, 1997"
"EAGCCT_19-1-A","EAGCCT_19-1 A","Securitized","Fixed Income","742,896.60","0.04","742,896.60","773,000.00","773,000.00","96.02","Canada","-","CAD","1.41","1.00","Jul 17, 2024","2.22","CAD","Jul 24, 2019"
"XCN","TMX GROUP LTD","Financial","Fixed Income","742,574.80","0.04","742,574.80","878,000.00","878,000.00","83.63","Canada","-","CAD","7.21","1.00","Feb 12, 2031","2.02","CAD","Feb 12, 2021"
"ALTALK","ALTALINK LP MTN","Infrastructure","Fixed Income","742,244.62","0.04","742,244.62","663,000.00","663,000.00","110.08","Canada","-","CAD","11.34","1.00","Mar 26, 2040","5.38","CAD","Mar 25, 2010"
"LBCN","LAURENTIAN BANK OF CANADA","Financial","Fixed Income","741,771.57","0.04","741,771.57","802,000.00","802,000.00","92.11","Canada","-","CAD","3.12","1.00","May 6, 2026","1.60","CAD","May 6, 2021"
"WAACA","WINNIPEG AIRPORT AUTHORITY","Infrastructure","Fixed Income","740,397.85","0.04","740,397.85","716,000.00","716,000.00","101.62","Canada","-","CAD","7.50","1.00","Sep 28, 2040","5.21","CAD","Sep 28, 2005"
"GZMCN","ENERGIR INC RegS","Energy","Fixed Income","740,159.55","0.04","740,159.55","794,000.00","794,000.00","92.60","Canada","-","CAD","3.95","1.00","Apr 16, 2027","2.10","CAD","Apr 16, 2020"
"LCN","LOBLAW COMPANIES LTD","Industrial","Fixed Income","739,906.35","0.04","739,906.35","845,000.00","845,000.00","87.03","Canada","-","CAD","6.56","1.00","May 7, 2030","2.28","CAD","May 7, 2020"
"FTSCN","FORTISBC INC MTN","Infrastructure","Fixed Income","738,246.99","0.04","738,246.99","640,000.00","640,000.00","114.35","Canada","-","CAD","10.72","1.00","Jun 2, 2039","6.10","CAD","Jun 2, 2009"
"BAMREP","BRP FINANCE ULC","Energy","Fixed Income","737,227.40","0.04","737,227.40","680,000.00","680,000.00","107.02","Canada","-","CAD","9.54","1.00","Nov 5, 2036","5.84","CAD","Nov 1, 2006"
"NVLAUT","NOUVELLE AUTOROUTE 30 FINANCEMENT","Infrastructure","Fixed Income","735,930.64","0.04","735,930.64","770,892.00","770,892.00","94.20","Canada","-","CAD","5.29","1.00","Mar 31, 2033","3.75","CAD","Jun 14, 2018"
"IFCCN","INTACT FINANCIAL CORP MTN RegS","Financial","Fixed Income","734,901.88","0.04","734,901.88","860,000.00","860,000.00","84.71","Canada","-","CAD","16.83","1.00","May 20, 2053","3.77","CAD","May 18, 2021"
"TORHYD","TORONTO HYDRO CORPORATION","Infrastructure","Fixed Income","734,749.70","0.04","734,749.70","890,000.00","890,000.00","81.62","Canada","-","CAD","17.21","1.00","Oct 18, 2051","3.27","CAD","Oct 18, 2021"
"IGMCN","INVESTORS GROUP INC.","Financial","Fixed Income","734,433.12","0.04","734,433.12","614,000.00","614,000.00","116.77","Canada","-","CAD","7.33","1.00","Mar 7, 2033","7.11","CAD","Mar 5, 2003"
"ALCTRA","ALECTRA INC (CANADA)","Infrastructure","Fixed Income","733,197.61","0.04","733,197.61","860,000.00","860,000.00","84.20","Canada","-","CAD","16.10","1.00","Apr 12, 2049","3.46","CAD","Apr 11, 2019"
"EPCOR","EPCOR UTILITIES INC MTN","Infrastructure","Fixed Income","732,735.68","0.04","732,735.68","799,000.00","799,000.00","90.99","Canada","-","CAD","15.53","1.00","Nov 26, 2048","3.95","CAD","Nov 26, 2018"
"DIRUCN","DREAM INDUSTRIAL REAL ESTATE INVES","Real Estate","Fixed Income","732,782.97","0.04","732,782.97","750,000.00","750,000.00","96.51","Canada","-","CAD","2.93","1.00","Apr 13, 2026","3.97","CAD","Apr 13, 2022"
"ENBGAS","ENBRIDGE GAS INC MTN","Energy","Fixed Income","730,596.18","0.04","730,596.18","742,000.00","742,000.00","97.61","Canada","-","CAD","13.23","1.00","Nov 23, 2043","4.50","CAD","Nov 22, 2013"
"HYDONE","HYDRO ONE INC MTN","Infrastructure","Fixed Income","729,987.56","0.04","729,987.56","847,000.00","847,000.00","86.19","Canada","-","CAD","19.18","1.00","Jul 31, 2062","3.79","CAD","Jul 31, 2012"
"NAVCAN","NAV CANADA MTN","Infrastructure","Fixed Income","729,720.40","0.04","729,720.40","860,000.00","860,000.00","83.74","Canada","-","CAD","16.00","1.00","Mar 30, 2048","3.29","CAD","Mar 29, 2018"
"TORHYD","TORONTO HYDRO CORPORATION","Infrastructure","Fixed Income","729,436.49","0.04","729,436.49","758,000.00","758,000.00","95.13","Canada","-","CAD","3.33","1.00","Aug 25, 2026","2.52","CAD","Jun 14, 2016"
"NSIUCN","NOVA SCOTIA POWER INC MTN","Infrastructure","Fixed Income","728,486.85","0.04","728,486.85","804,000.00","804,000.00","88.94","Canada","-","CAD","12.55","1.00","Mar 6, 2042","4.15","CAD","Mar 6, 2012"
"CRTUCN","CT REAL ESTATE INVESTMENT TRUST","Real Estate","Fixed Income","728,324.68","0.04","728,324.68","761,000.00","761,000.00","95.16","Canada","-","CAD","3.11","1.00","Jun 1, 2026","3.29","CAD","May 31, 2016"
"BCECN","MANITOBA TELECOM SERVICES INC MTN","Communication","Fixed Income","726,688.77","0.04","726,688.77","730,000.00","730,000.00","98.83","Canada","-","CAD","1.13","1.00","May 27, 2024","4.00","CAD","May 26, 2014"
"PMZUCN","PRIMARIS REAL ESTATE INVESTMENT TR","Real Estate","Fixed Income","725,983.22","0.04","725,983.22","737,000.00","737,000.00","97.07","Canada","-","CAD","2.02","1.00","Mar 30, 2025","4.27","CAD","Mar 30, 2022"
"ALCTRA","ALECTRA INC (CANADA)","Infrastructure","Fixed Income","722,084.84","0.04","722,084.84","853,000.00","853,000.00","83.82","Canada","-","CAD","7.29","1.00","Feb 11, 2031","1.75","CAD","Feb 11, 2021"
"FTSCN","FORTISBC ENERGY INC MTN","Energy","Fixed Income","720,772.58","0.04","720,772.58","799,000.00","799,000.00","88.69","Canada","-","CAD","14.94","1.00","Mar 6, 2047","3.78","CAD","Dec 13, 2016"
"BNS","BANK OF NOVA SCOTIA","Financial","Fixed Income","720,754.55","0.04","720,754.55","657,000.00","657,000.00","108.68","Canada","-","CAD","2.15","1.00","Jun 20, 2025","8.90","CAD","Jun 20, 1995"
"FTSCN","FORTISALBERTA INC MTN RegS","Infrastructure","Fixed Income","718,395.25","0.04","718,395.25","682,000.00","682,000.00","103.45","Canada","-","CAD","12.85","1.00","Sep 11, 2043","4.85","CAD","Sep 13, 2013"
"LBCN","LAURENTIAN BANK OF CANADA","Financial","Fixed Income","718,032.97","0.04","718,032.97","757,000.00","757,000.00","94.67","Canada","-","CAD","1.30","1.00","Jun 3, 2024","1.15","CAD","Jan 28, 2021"
"XCN","TMX GROUP LTD","Financial","Fixed Income","715,392.18","0.04","715,392.18","729,000.00","729,000.00","97.54","Canada","-","CAD","4.73","1.00","Jun 5, 2028","3.78","CAD","Jun 5, 2018"
"POWCN","POWER CORPORATION OF CANADA","Financial","Fixed Income","714,336.28","0.04","714,336.28","770,000.00","770,000.00","92.72","Canada","-","CAD","14.81","1.00","Jul 27, 2048","4.46","CAD","Jul 25, 2018"
"NSIUCN","NOVA SCOTIA POWER INC MTN","Infrastructure","Fixed Income","712,932.83","0.04","712,932.83","598,000.00","598,000.00","116.19","Canada","-","CAD","7.60","1.00","Aug 25, 2033","6.95","CAD","Aug 25, 2003"
"CUCN","CU INC","Energy","Fixed Income","708,829.03","0.04","708,829.03","750,000.00","750,000.00","93.43","Canada","-","CAD","17.09","1.00","Oct 29, 2055","4.21","CAD","Oct 30, 2015"
"CUCN","CU INC MTN","Energy","Fixed Income","707,222.81","0.04","707,222.81","669,000.00","669,000.00","103.90","Canada","-","CAD","15.70","1.00","Sep 14, 2052","4.77","CAD","Sep 14, 2022"
"ENMAXC","ENMAX CORP","Infrastructure","Fixed Income","703,965.27","0.04","703,965.27","720,000.00","720,000.00","97.18","Canada","-","CAD","1.75","1.00","Dec 5, 2024","3.81","CAD","Dec 5, 2014"
"ENBCN","ENBRIDGE INC MTN","Energy","Fixed Income","703,190.87","0.04","703,190.87","751,000.00","751,000.00","92.69","Canada","-","CAD","12.96","1.00","Nov 21, 2044","4.87","CAD","Dec 21, 2018"
"SRUUCN","CALLOWAY REAL ESTATE INVESTMENT TR","Real Estate","Fixed Income","702,157.61","0.04","702,157.61","715,000.00","715,000.00","96.47","Canada","-","CAD","1.89","1.00","Feb 6, 2025","3.56","CAD","Feb 6, 2015"
"ENBGAS","ENBRIDGE GAS INC MTN","Energy","Fixed Income","701,276.18","0.04","701,276.18","714,000.00","714,000.00","97.03","Canada","-","CAD","2.42","1.00","Sep 17, 2025","3.19","CAD","Sep 17, 2015"
"VANAIR","VANCOUVER INTL AIRPORT","Infrastructure","Fixed Income","701,062.94","0.04","701,062.94","623,000.00","623,000.00","111.41","Canada","-","CAD","3.36","1.00","Dec 7, 2026","7.42","CAD","Dec 6, 1996"
"EPCOR","EPCOR UTILITIES INC","Infrastructure","Fixed Income","700,418.89","0.04","700,418.89","928,000.00","928,000.00","74.90","Canada","-","CAD","17.19","1.00","May 19, 2050","2.90","CAD","May 19, 2020"
"POWCN","POWER CORPORATION CANADA","Financial","Fixed Income","698,983.38","0.04","698,983.38","500,000.00","500,000.00","137.43","Canada","-","CAD","9.82","1.00","Apr 22, 2039","8.57","CAD","Apr 20, 2009"
"TIHCN","TOROMONT INDUSTRIES LTD.","Industrial","Fixed Income","698,814.18","0.04","698,814.18","705,000.00","705,000.00","97.86","Canada","-","CAD","2.37","1.00","Sep 30, 2025","3.71","CAD","Sep 30, 2015"
"NSIUCN","NOVA SCOTIA POWER INC RegS","Infrastructure","Fixed Income","695,405.48","0.04","695,405.48","916,000.00","916,000.00","75.03","Canada","-","CAD","16.17","1.00","Apr 25, 2050","3.31","CAD","Apr 24, 2020"
"ALTALK","ALTALINK LP MTN","Infrastructure","Fixed Income","694,367.55","0.04","694,367.55","700,000.00","700,000.00","98.95","Canada","-","CAD","16.64","1.00","Jul 11, 2053","4.45","CAD","Jul 12, 2013"
"SIACN","SIENNA SENIOR LIVING INC","Industrial","Fixed Income","689,908.90","0.04","689,908.90","750,000.00","750,000.00","91.05","Canada","-","CAD","3.85","1.00","Mar 31, 2027","2.82","CAD","Jun 3, 2021"
"FTTCN","FINNING INTERNATIONAL INC","Industrial","Fixed Income","689,713.92","0.04","689,713.92","725,000.00","725,000.00","93.91","Canada","-","CAD","3.30","1.00","Aug 14, 2026","2.63","CAD","Aug 14, 2019"
"ALACN","ALTAGAS LTD MTN","Energy","Fixed Income","687,284.04","0.04","687,284.04","714,000.00","714,000.00","95.80","Canada","-","CAD","1.10","1.00","Mar 18, 2024","1.23","CAD","Mar 16, 2021"
"MICCN","GENWORTH MI CANADA INC","Financial","Fixed Income","687,190.18","0.04","687,190.18","689,000.00","689,000.00","98.32","Canada","-","CAD","1.11","1.00","Apr 1, 2024","4.24","CAD","Apr 1, 2014"
"IGMCN","IGM FINANCIAL INC","Financial","Fixed Income","687,164.30","0.04","687,164.30","780,000.00","780,000.00","87.50","Canada","-","CAD","14.77","1.00","Dec 9, 2047","4.12","CAD","Dec 7, 2017"
"LOWMAT","LOWER MATTAGAMI ENERGY LP","Infrastructure","Fixed Income","686,684.38","0.04","686,684.38","639,000.00","639,000.00","105.67","Canada","-","CAD","12.97","1.00","Sep 21, 2043","4.94","CAD","Sep 20, 2013"
"CRDPOW","CORDELIO AMALCO GP I","Energy","Fixed Income","678,476.94","0.04","678,476.94","709,341.00","709,341.00","95.30","Canada","-","CAD","5.04","1.00","Jun 30, 2034","4.09","CAD","Dec 10, 2018"
"DIRUCN","DREAM INDUSTRIAL REAL ESTATE INVES","Real Estate","Fixed Income","678,476.19","0.04","678,476.19","741,000.00","741,000.00","91.18","Canada","-","CAD","3.61","1.00","Dec 7, 2026","2.54","CAD","Dec 6, 2021"
"ALACN","ALTAGAS LTD MTN","Energy","Fixed Income","677,469.46","0.04","677,469.46","724,000.00","724,000.00","91.95","Canada","-","CAD","13.53","1.00","Oct 4, 2047","4.99","CAD","Oct 4, 2017"
"ELFCN","EMPIRE LIFE INSURANCE CO","Financial","Fixed Income","677,495.31","0.04","677,495.31","750,000.00","750,000.00","89.64","Canada","-","CAD","3.39","1.00","Sep 24, 2031","1.95","CAD","Sep 24, 2021"
"ALACN","ALTAGAS LTD MTN","Energy","Fixed Income","675,507.02","0.04","675,507.02","670,000.00","670,000.00","99.16","Canada","-","CAD","0.96","1.00","Mar 15, 2024","4.40","CAD","Jan 13, 2014"
"HYDONE","HYDRO ONE INC MTN","Infrastructure","Fixed Income","674,428.15","0.04","674,428.15","675,000.00","675,000.00","99.87","Canada","-","CAD","5.91","1.00","Nov 30, 2029","3.93","CAD","Jan 27, 2023"
"ENBGAS","ENBRIDGE GAS INC MTN","Energy","Fixed Income","671,277.04","0.04","671,277.04","872,000.00","872,000.00","75.54","Canada","-","CAD","16.51","1.00","Aug 9, 2049","3.01","CAD","Aug 9, 2019"
"ENBGAS","ENBRIDGE GAS INC MTN","Energy","Fixed Income","670,847.87","0.04","670,847.87","678,000.00","678,000.00","97.55","Canada","-","CAD","1.48","1.00","Aug 22, 2024","3.15","CAD","Aug 22, 2014"
"SMUUCN","SUMMIT INDUSTRIAL INCOME REIT","Real Estate","Fixed Income","670,926.05","0.04","670,926.05","761,000.00","761,000.00","88.05","Canada","-","CAD","5.03","1.00","Jul 14, 2028","2.44","CAD","Jul 14, 2021"
"FIRWST","FIRST WEST CREDIT UNION","Financial","Fixed Income","670,462.76","0.04","670,462.76","658,000.00","658,000.00","100.72","Canada","-","CAD","1.70","1.00","Nov 29, 2024","6.80","CAD","Nov 29, 2022"
"IPLCN","INTER PIPELINE LTD","Energy","Fixed Income","669,793.74","0.04","669,793.74","750,000.00","750,000.00","88.40","Canada","-","CAD","14.22","1.00","Nov 27, 2051","5.09","CAD","Nov 25, 2021"
"LOWMAT","LOWER MATTAGAMI ENERGY LP","Infrastructure","Fixed Income","667,877.00","0.04","667,877.00","617,000.00","617,000.00","107.20","Canada","-","CAD","12.01","1.00","May 18, 2041","5.14","CAD","May 17, 2011"
"ALACN","ALTAGAS LTD MTN","Energy","Fixed Income","667,012.66","0.04","667,012.66","789,000.00","789,000.00","84.12","Canada","-","CAD","6.97","1.00","Nov 30, 2030","2.48","CAD","Nov 30, 2020"
"EPCOR","EPCOR UTILITIES INC MTN","Infrastructure","Fixed Income","665,560.91","0.04","665,560.91","654,000.00","654,000.00","99.82","Canada","-","CAD","12.51","1.00","Feb 28, 2042","4.55","CAD","Feb 28, 2012"
"ETRHWY","407 INTERNATIONAL INC. MTN","Infrastructure","Fixed Income","661,255.22","0.04","661,255.22","788,000.00","788,000.00","82.78","Canada","-","CAD","14.72","1.00","Mar 27, 2045","3.30","CAD","Mar 27, 2015"
"NSIUCN","NOVA SCOTIA PWR MTN","Infrastructure","Fixed Income","656,419.27","0.04","656,419.27","600,000.00","600,000.00","107.63","Canada","-","CAD","2.07","1.00","May 19, 2025","8.85","CAD","May 19, 1995"
"ALACN","ALTAGAS LTD","Energy","Fixed Income","655,822.70","0.04","655,822.70","717,000.00","717,000.00","90.65","Canada","-","CAD","3.86","1.00","Mar 16, 2027","2.17","CAD","Mar 16, 2021"
"LUCACN","LIBERTY UTILITIES (CANADA) LP","Energy","Fixed Income","655,780.61","0.04","655,780.61","850,000.00","850,000.00","75.61","Canada","-","CAD","16.00","1.00","Feb 14, 2050","3.31","CAD","Feb 14, 2020"
"ENBGAS","ENBRIDGE GAS INC MTN","Energy","Fixed Income","655,288.49","0.04","655,288.49","600,000.00","600,000.00","107.99","Canada","-","CAD","4.53","1.00","May 19, 2028","6.10","CAD","May 19, 1998"
"GTAAIR","GREATER TORONTO AIRPORTS AUTHORITY","Infrastructure","Fixed Income","652,911.46","0.04","652,911.46","613,780.00","613,780.00","106.36","Canada","-","CAD","3.32","1.00","Jul 30, 2029","6.45","CAD","Jul 20, 1999"
"FTSCN","FORTISALBERTA INC MTN","Infrastructure","Fixed Income","650,879.86","0.04","650,879.86","648,000.00","648,000.00","99.14","Canada","-","CAD","12.42","1.00","Oct 18, 2041","4.54","CAD","Oct 19, 2011"
"ENBGAS","ENBRIDGE GAS INC MTN","Energy","Fixed Income","648,699.65","0.04","648,699.65","759,000.00","759,000.00","84.78","Canada","-","CAD","15.46","1.00","Nov 22, 2047","3.59","CAD","Nov 22, 2017"
"FTSCN","FORTISBC ENERGY INC","Energy","Fixed Income","646,486.11","0.04","646,486.11","857,000.00","857,000.00","74.08","Canada","-","CAD","16.86","1.00","Aug 9, 2049","2.82","CAD","Aug 9, 2019"
"CONFIN","CONCENTRA BANK","Financial","Fixed Income","645,365.67","0.04","645,365.67","680,000.00","680,000.00","94.61","Canada","-","CAD","1.26","1.00","May 17, 2024","1.46","CAD","May 17, 2021"
"WNCN","GEORGE WESTON LIMITED MTN","Industrial","Fixed Income","644,318.77","0.04","644,318.77","575,000.00","575,000.00","109.27","Canada","-","CAD","7.34","1.00","Mar 1, 2033","6.69","CAD","Feb 28, 2003"
"CUCN","CU INC","Energy","Fixed Income","643,907.68","0.04","643,907.68","600,000.00","600,000.00","106.31","Canada","-","CAD","15.42","1.00","Nov 18, 2050","4.95","CAD","Nov 18, 2010"
"ENMAXC","ENMAX CORP","Infrastructure","Fixed Income","641,902.77","0.04","641,902.77","675,000.00","675,000.00","93.98","Canada","-","CAD","5.79","1.00","Oct 18, 2029","3.88","CAD","Oct 18, 2019"
"CONNEC","CONNECT 6IX GENERAL PARTNERSHIP","Infrastructure","Fixed Income","640,765.16","0.04","640,765.16","600,000.00","600,000.00","105.74","Canada","-","CAD","15.19","1.00","Nov 30, 2060","6.21","CAD","Nov 17, 2022"
"FTSCN","TERASEN GAS INC. MTN","Energy","Fixed Income","637,441.41","0.04","637,441.41","538,000.00","538,000.00","116.86","Canada","-","CAD","8.19","1.00","May 1, 2034","6.50","CAD","Apr 29, 2004"
"VANAIR","VANCOUVER AIRPORT AUTHORITY RegS","Infrastructure","Fixed Income","634,294.71","0.04","634,294.71","711,000.00","711,000.00","88.52","Canada","-","CAD","15.91","1.00","Nov 23, 2048","3.66","CAD","Nov 23, 2018"
"TOUCN","TOURMALINE OIL CORP RegS","Energy","Fixed Income","630,421.84","0.04","630,421.84","700,000.00","700,000.00","88.87","Canada","-","CAD","5.45","1.00","Feb 12, 2029","2.53","CAD","Aug 11, 2021"
"FTSCN","FORTISALBERTA INC MTN","Infrastructure","Fixed Income","627,749.37","0.04","627,749.37","548,000.00","548,000.00","112.82","Canada","-","CAD","10.29","1.00","Apr 15, 2038","5.85","CAD","Apr 15, 2008"
"ELFCN","E-L FINANCIAL CORP LTD","Financial","Fixed Income","625,642.59","0.04","625,642.59","754,000.00","754,000.00","82.54","Canada","-","CAD","15.44","1.00","Jun 22, 2050","4.00","CAD","Jun 22, 2020"
"TORHYD","TORONTO HYDRO CORPORATION","Infrastructure","Fixed Income","624,236.26","0.04","624,236.26","743,000.00","743,000.00","83.57","Canada","-","CAD","7.12","1.00","Oct 15, 2030","1.50","CAD","Oct 15, 2020"
"ALCTRA","ALECTRA INC (CANADA)","Infrastructure","Fixed Income","620,521.43","0.04","620,521.43","559,000.00","559,000.00","109.64","Canada","-","CAD","11.90","1.00","Apr 29, 2041","5.30","CAD","Apr 29, 2011"
"CRDPOW","CORDELIO AMALCO GP I","Energy","Fixed Income","617,348.02","0.04","617,348.02","634,396.00","634,396.00","95.94","Canada","-","CAD","4.95","1.00","Sep 30, 2034","4.09","CAD","Dec 10, 2018"
"PMZUCN","PRIMARIS REAL ESTATE INVESTMENT TR","Real Estate","Fixed Income","614,218.19","0.04","614,218.19","622,000.00","622,000.00","97.16","Canada","-","CAD","3.70","1.00","Mar 30, 2027","4.73","CAD","Mar 30, 2022"
"CIXCN","CI FINANCIAL CORP","Financial","Fixed Income","613,408.67","0.04","613,408.67","655,000.00","655,000.00","92.30","Canada","-","CAD","4.16","1.00","Sep 27, 2027","3.90","CAD","Sep 27, 2017"
"DE","JOHN DEERE FINANCIAL INC","Financial","Fixed Income","612,390.69","0.04","612,390.69","660,000.00","660,000.00","92.69","United States","-","CAD","5.43","1.00","Jan 19, 2029","2.81","CAD","Jan 19, 2022"
"FTSCN","TERASEN GAS INC MTN","Energy","Fixed Income","610,855.65","0.04","610,855.65","490,000.00","490,000.00","121.79","Canada","-","CAD","10.37","1.00","Feb 24, 2039","6.55","CAD","Feb 24, 2009"
"CRRUCN","CROMBIE REAL ESTATE INVESTMENT TRU","Real Estate","Fixed Income","608,970.25","0.04","608,970.25","675,000.00","675,000.00","89.31","Canada","-","CAD","4.72","1.00","Mar 31, 2028","2.69","CAD","Oct 9, 2020"
"SMUUCN","SUMMIT INDUSTRIAL INCOME REIT","Real Estate","Fixed Income","606,349.61","0.04","606,349.61","670,000.00","670,000.00","90.38","Canada","-","CAD","3.73","1.00","Jan 12, 2027","2.25","CAD","Apr 12, 2021"
"CTLONE","CENTRAL 1 CREDIT UNION","Financial","Fixed Income","606,130.31","0.04","606,130.31","670,000.00","670,000.00","90.26","Canada","-","CAD","3.16","1.00","Jun 30, 2031","2.39","CAD","Jun 30, 2021"
"FNCN","FIRST NATIONAL FINANCIAL CORP","Financial","Fixed Income","603,701.67","0.04","603,701.67","625,000.00","625,000.00","95.93","Canada","-","CAD","1.73","1.00","Nov 25, 2024","3.58","CAD","Nov 25, 2019"
"GZMCN","GAZ METRO INC RegS","Energy","Fixed Income","601,422.82","0.04","601,422.82","700,000.00","700,000.00","85.18","Canada","-","CAD","15.38","1.00","May 16, 2047","3.53","CAD","May 16, 2017"
"IGMCN","INVESTORS GROUP INC. 144A","Financial","Fixed Income","600,122.57","0.04","600,122.57","505,000.00","505,000.00","117.14","Canada","-","CAD","6.32","1.00","May 9, 2031","7.45","CAD","May 9, 2001"
"TORHYD","TORONTO HYDRO CORPORATION","Infrastructure","Fixed Income","599,680.84","0.04","599,680.84","621,000.00","621,000.00","95.04","Canada","-","CAD","13.86","1.00","Sep 16, 2044","4.08","CAD","Sep 16, 2014"
"EPCOR","EPCOR UTILITIES INC MTN","Infrastructure","Fixed Income","597,031.36","0.04","597,031.36","678,000.00","678,000.00","87.85","Canada","-","CAD","7.48","1.00","Jun 30, 2031","2.41","CAD","Jun 28, 2021"
"BCECN","BELL CANADA MTN 144A","Communication","Fixed Income","596,781.96","0.04","596,781.96","537,000.00","537,000.00","109.50","Canada","-","CAD","5.14","1.00","May 1, 2029","6.55","CAD","Jul 19, 1999"
"BMW","BMW CANADA INC","Industrial","Fixed Income","596,770.50","0.04","596,770.50","642,000.00","642,000.00","92.91","Canada","-","CAD","1.90","1.00","Jan 14, 2025","0.99","CAD","Jan 14, 2021"
"SE","WESTCOAST ENERGY INC MTN","Energy","Fixed Income","593,947.02","0.03","593,947.02","633,000.00","633,000.00","92.58","Canada","-","CAD","11.96","1.00","Oct 28, 2041","4.79","CAD","Oct 28, 2011"
"IFCCN","INTACT FINANCIAL CORP MTN","Financial","Fixed Income","593,320.62","0.03","593,320.62","809,000.00","809,000.00","72.97","Canada","-","CAD","17.17","1.00","Dec 16, 2050","2.95","CAD","Dec 16, 2020"
"ALCTRA","ALECTRA INC (CANADA)","Infrastructure","Fixed Income","588,090.04","0.03","588,090.04","600,000.00","600,000.00","97.38","Canada","-","CAD","1.72","1.00","Nov 21, 2024","3.24","CAD","Nov 21, 2014"
"ENBGAS","ENBRIDGE GAS INC MTN","Energy","Fixed Income","583,635.85","0.03","583,635.85","695,000.00","695,000.00","83.37","Canada","-","CAD","15.55","1.00","Nov 29, 2047","3.51","CAD","Nov 29, 2017"
"MCAPCO","MCAP COMMERCIAL LP","Financial","Fixed Income","578,881.36","0.03","578,881.36","600,000.00","600,000.00","94.85","Canada","-","CAD","2.38","1.00","Aug 25, 2025","3.74","CAD","Aug 25, 2020"
"NAVCAN","NAV CANADA MTN","Infrastructure","Fixed Income","578,655.46","0.03","578,655.46","698,000.00","698,000.00","81.81","Canada","-","CAD","16.97","1.00","Sep 29, 2050","3.21","CAD","Mar 29, 2019"
"IGMCN","IGM FINANCIAL INC","Financial","Fixed Income","572,913.49","0.03","572,913.49","510,000.00","510,000.00","111.48","Canada","-","CAD","11.19","1.00","Dec 10, 2040","6.00","CAD","Dec 9, 2010"
"CCOCN","CAMECO CORPORATION","Industrial","Fixed Income","570,033.21","0.03","570,033.21","630,000.00","630,000.00","89.39","Canada","-","CAD","11.93","1.00","Nov 14, 2042","5.09","CAD","Nov 14, 2012"
"VANAIR","VANCOUVER AIRPORT AUTHORITY","Infrastructure","Fixed Income","565,645.38","0.03","565,645.38","610,000.00","610,000.00","91.86","Canada","-","CAD","14.58","1.00","Nov 10, 2045","3.86","CAD","Nov 10, 2015"
"IGMCN","IGM FINANCIAL INC","Financial","Fixed Income","563,545.19","0.03","563,545.19","601,000.00","601,000.00","93.69","Canada","-","CAD","14.23","1.00","Jan 25, 2047","4.56","CAD","Jan 26, 2017"
"FTSCN","FORTISBC INC MTN","Infrastructure","Fixed Income","562,479.43","0.03","562,479.43","546,000.00","546,000.00","102.09","Canada","-","CAD","15.11","1.00","Nov 24, 2050","5.00","CAD","Nov 24, 2010"
"HYOHI","HYDRO OTTAWA HOLDING INC","Infrastructure","Fixed Income","559,678.93","0.03","559,678.93","650,000.00","650,000.00","84.29","Canada","-","CAD","14.11","1.00","Feb 2, 2045","3.64","CAD","Feb 2, 2015"
"ALTALK","ALTALINK LP","Infrastructure","Fixed Income","558,419.25","0.03","558,419.25","665,000.00","665,000.00","83.39","Canada","-","CAD","7.02","1.00","Sep 11, 2030","1.51","CAD","Sep 11, 2020"
"ALTALK","ALTALINK LP MTN","Infrastructure","Fixed Income","557,970.80","0.03","557,970.80","512,000.00","512,000.00","107.09","Canada","-","CAD","9.74","1.00","Sep 22, 2036","5.25","CAD","Sep 21, 2006"
"GZMCN","GAZ METRO INC MTN","Energy","Fixed Income","556,587.03","0.03","556,587.03","500,000.00","500,000.00","109.44","Canada","-","CAD","2.06","1.00","May 16, 2025","9.00","CAD","May 16, 1995"
"HYDONE","HYDRO ONE INC RegS","Infrastructure","Fixed Income","552,818.95","0.03","552,818.95","550,000.00","550,000.00","100.46","Canada","-","CAD","16.56","1.00","Jan 27, 2053","4.46","CAD","Jan 27, 2023"
"FTSCN","FORTISALBERTA INC MTN","Infrastructure","Fixed Income","546,857.30","0.03","546,857.30","613,000.00","613,000.00","87.83","Canada","-","CAD","15.55","1.00","Sep 18, 2048","3.73","CAD","Sep 18, 2018"
"IGMCN","IGM FINANCIAL INC RegS","Financial","Fixed Income","544,347.76","0.03","544,347.76","615,000.00","615,000.00","88.31","Canada","-","CAD","14.97","1.00","Jul 13, 2048","4.17","CAD","Jul 11, 2018"
"WNCN","GEORGE WESTON LIMITED MTN 144A","Industrial","Fixed Income","543,988.35","0.03","543,988.35","470,000.00","470,000.00","112.26","Canada","-","CAD","6.66","1.00","Feb 5, 2032","7.10","CAD","Feb 5, 2002"
"ALTALK","ALTALINK LP","Infrastructure","Fixed Income","540,078.94","0.03","540,078.94","514,000.00","514,000.00","104.05","Canada","-","CAD","11.93","1.00","Nov 15, 2040","4.87","CAD","Nov 15, 2010"
"FTTCN","FINNING INTERNATIONAL INC MTN","Industrial","Fixed Income","538,520.73","0.03","538,520.73","557,000.00","557,000.00","96.00","Canada","-","CAD","12.13","1.00","Jun 13, 2042","5.08","CAD","Jun 13, 2012"
"FTSCN","FORTISALBERTA INC MTN","Infrastructure","Fixed Income","537,392.03","0.03","537,392.03","765,000.00","765,000.00","69.86","Canada","-","CAD","17.94","1.00","Jun 8, 2051","2.63","CAD","Dec 8, 2020"
"HALFX","HALIFAX INTERNATIONAL AIRPORT AUTH","Infrastructure","Fixed Income","535,288.06","0.03","535,288.06","500,000.00","500,000.00","106.88","Canada","-","CAD","11.86","1.00","Jul 19, 2041","5.50","CAD","Jul 19, 2006"
"ENBPIP","ENBRIDGE PIPELINES INC.","Energy","Fixed Income","532,354.45","0.03","532,354.45","500,000.00","500,000.00","102.67","Canada","-","CAD","0.96","1.00","Feb 15, 2024","8.20","CAD","Dec 22, 1993"
"FTSCN","FORTISBC ENERGY INC MTN","Energy","Fixed Income","529,950.87","0.03","529,950.87","600,000.00","600,000.00","87.18","Canada","-","CAD","14.77","1.00","Apr 9, 2046","3.67","CAD","Apr 8, 2016"
"KINSOL","KINGSTON SOLAR LP INC","Energy","Fixed Income","528,126.40","0.03","528,126.40","570,097.00","570,097.00","92.64","Canada","-","CAD","5.72","1.00","Jul 31, 2035","3.57","CAD","Oct 14, 2016"
"SMUUCN","SUMMIT INDUSTRIAL INCOME REIT","Real Estate","Fixed Income","527,898.50","0.03","527,898.50","579,000.00","579,000.00","90.58","Canada","-","CAD","3.02","1.00","Apr 1, 2026","1.82","CAD","Dec 22, 2020"
"FTSCN","FORTISBC ENERGY INC MTN","Energy","Fixed Income","527,191.49","0.03","527,191.49","510,000.00","510,000.00","102.55","Canada","-","CAD","16.15","1.00","Nov 28, 2052","4.67","CAD","Nov 28, 2022"
"TORHYD","TORONTO HYDRO CORPORATION","Infrastructure","Fixed Income","525,459.73","0.03","525,459.73","672,000.00","672,000.00","77.77","Canada","-","CAD","17.05","1.00","Dec 10, 2049","2.99","CAD","Nov 12, 2019"
"IGMCN","INVESTORS GROUP INC.","Financial","Fixed Income","524,353.07","0.03","524,353.07","450,000.00","450,000.00","115.93","Canada","-","CAD","7.39","1.00","Dec 31, 2032","7.00","CAD","Dec 13, 2002"
"TOYOTA","TOYOTA CREDIT CANADA INC MTN","Financial","Fixed Income","506,826.07","0.03","506,826.07","506,000.00","506,000.00","100.08","Canada","-","CAD","4.47","1.00","Jan 24, 2028","4.33","CAD","Jan 24, 2023"
"TORHYD","TORONTO HYDRO CORPORATION","Infrastructure","Fixed Income","494,902.07","0.03","494,902.07","567,000.00","567,000.00","85.79","Canada","-","CAD","15.66","1.00","Feb 28, 2048","3.48","CAD","Nov 14, 2017"
"CESEBA","SOCIETE EN COMMANDITE CE SEBASTOPO","Infrastructure","Fixed Income","490,790.07","0.03","490,790.07","544,244.00","544,244.00","90.18","Canada","-","CAD","9.87","1.00","Jul 31, 2047","4.14","CAD","Jun 26, 2015"
"FTSCN","FORTISALBERTA INC MTN","Infrastructure","Fixed Income","488,986.80","0.03","488,986.80","505,000.00","505,000.00","95.30","Canada","-","CAD","14.01","1.00","Sep 22, 2045","4.27","CAD","Sep 22, 2015"
"NVLAUT","NOUVELLE AUTOROUTE 30 FINANCEMENT","Infrastructure","Fixed Income","482,905.21","0.03","482,905.21","509,611.00","509,611.00","94.44","Canada","-","CAD","5.13","1.00","Dec 31, 2032","3.74","CAD","Jun 14, 2018"
"FTSCN","FORTISBC ENERGY INC","Energy","Fixed Income","472,912.64","0.03","472,912.64","491,000.00","491,000.00","95.50","Canada","-","CAD","2.99","1.00","Apr 8, 2026","2.58","CAD","Apr 8, 2016"
"ARRLAK","ARROW LAKES POWER CO","Energy","Fixed Income","466,294.06","0.03","466,294.06","426,780.00","426,780.00","107.48","Canada","-","CAD","7.80","1.00","Apr 5, 2041","5.52","CAD","Apr 5, 2011"
"ENBPIP","ENBRIDGE PIPELINES INC. MTN","Energy","Fixed Income","453,365.22","0.03","453,365.22","465,000.00","465,000.00","96.90","Canada","-","CAD","9.86","1.00","Dec 19, 2036","5.08","CAD","Dec 21, 2006"
"ITSPCH","INTEGRATED TEAM SOLUTIONS PCH PART","Infrastructure","Fixed Income","452,387.06","0.03","452,387.06","450,334.00","450,334.00","99.63","Canada","-","CAD","9.40","1.00","May 31, 2046","4.88","CAD","Nov 29, 2013"
"CHPUCN","CHOICE PROPERTIES REAL ESTATE INVE","Real Estate","Fixed Income","448,339.68","0.03","448,339.68","600,000.00","600,000.00","73.16","Canada","-","CAD","14.75","1.00","Mar 4, 2050","3.83","CAD","Mar 3, 2020"
"CUCN","CU INC MTN","Energy","Fixed Income","447,834.04","0.03","447,834.04","500,000.00","500,000.00","88.74","Canada","-","CAD","16.82","1.00","Nov 14, 2052","3.86","CAD","Nov 14, 2012"
"CUCN","CU INC","Energy","Fixed Income","446,212.63","0.03","446,212.63","446,000.00","446,000.00","98.80","Canada","-","CAD","17.92","1.00","Oct 24, 2061","4.59","CAD","Oct 24, 2011"
"NSIUCN","NOVA SCOTIA POWER INC MTN","Infrastructure","Fixed Income","445,355.56","0.03","445,355.56","543,000.00","543,000.00","81.12","Canada","-","CAD","14.24","1.00","May 1, 2045","3.61","CAD","Apr 30, 2015"
"ENBCN","ENBRIDGE INC MTN","Energy","Fixed Income","439,030.64","0.03","439,030.64","510,000.00","510,000.00","84.52","Canada","-","CAD","16.71","1.00","Mar 28, 2064","4.56","CAD","Mar 28, 2014"
"FTSCN","FORTISBC INC MTN","Infrastructure","Fixed Income","434,499.26","0.03","434,499.26","400,000.00","400,000.00","107.35","Canada","-","CAD","9.20","1.00","Nov 9, 2035","5.60","CAD","Nov 10, 2005"
"TCN","TELUS COMMUNICATIONS INC","Communication","Fixed Income","433,137.68","0.03","433,137.68","385,000.00","385,000.00","109.34","Canada","-","CAD","2.32","1.00","Sep 22, 2025","8.80","CAD","Sep 22, 1995"
"BCFERR","BRITISH COLUMBIA FERRY SERVICES IN","Infrastructure","Fixed Income","432,738.85","0.03","432,738.85","439,000.00","439,000.00","97.46","Canada","-","CAD","13.60","1.00","Apr 28, 2044","4.29","CAD","Apr 28, 2014"
"FTSCN","FORTISALBERTA INC","Infrastructure","Fixed Income","416,963.33","0.02","416,963.33","500,000.00","500,000.00","82.18","Canada","-","CAD","15.22","1.00","Sep 21, 2046","3.34","CAD","Sep 21, 2016"
"OTTMAC","OTTAWA MACDONALD-CARTIER INTERNATI","Infrastructure","Fixed Income","415,894.54","0.02","415,894.54","472,000.00","472,000.00","87.47","Canada","-","CAD","7.24","1.00","May 5, 2031","2.70","CAD","May 5, 2021"
"WAACA","WINNIPEG AIRPORTS AUTHORITY INC","Infrastructure","Fixed Income","412,306.90","0.02","412,306.90","500,000.00","500,000.00","81.23","Canada","-","CAD","14.99","1.00","Sep 30, 2047","3.66","CAD","Sep 29, 2017"
"EQBCN","EQUITABLE BANK (CANADA)","Financial","Fixed Income","409,609.55","0.02","409,609.55","428,000.00","428,000.00","95.25","Canada","-","CAD","1.23","1.00","May 9, 2024","1.98","CAD","Nov 9, 2021"
"LCN","LOBLAW COMPANIES LIMITED MTN","Industrial","Fixed Income","408,113.35","0.02","408,113.35","372,000.00","372,000.00","109.55","Canada","-","CAD","5.02","1.00","Jan 22, 2029","6.50","CAD","Jan 22, 1999"
"EPCOR","EPCOR UTILITIES INC MTN","Infrastructure","Fixed Income","403,947.12","0.02","403,947.12","500,000.00","500,000.00","80.48","Canada","-","CAD","17.12","1.00","Jun 28, 2051","3.29","CAD","Jun 28, 2021"
"ENBCN","ENBRIDGE INC MTN","Energy","Fixed Income","403,081.56","0.02","403,081.56","394,000.00","394,000.00","101.11","Canada","-","CAD","9.10","1.00","Nov 14, 2035","5.57","CAD","Nov 14, 2005"
"TORHYD","TORONTO HYDRO CORPORATION","Infrastructure","Fixed Income","403,060.61","0.02","403,060.61","440,000.00","440,000.00","90.37","Canada","-","CAD","18.97","1.00","Apr 9, 2063","3.96","CAD","Apr 9, 2013"
"TOYOTA","TOYOTA CREDIT CANADA INC MTN","Financial","Fixed Income","398,570.13","0.02","398,570.13","398,000.00","398,000.00","100.06","Canada","-","CAD","2.78","1.00","Jan 26, 2026","4.45","CAD","Jan 24, 2023"
"ALCTRA","ALECTRA INC (CANADA)","Infrastructure","Fixed Income","398,271.48","0.02","398,271.48","429,000.00","429,000.00","92.83","Canada","-","CAD","13.31","1.00","Jul 30, 2042","3.96","CAD","Jul 30, 2012"
"FTSCN","FORTISBC ENERGY INC","Energy","Fixed Income","397,034.90","0.02","397,034.90","570,000.00","570,000.00","69.53","Canada","-","CAD","17.88","1.00","Jul 13, 2050","2.54","CAD","Jul 13, 2020"
"FTSCN","FORTISBC ENERGY INC MTN","Energy","Fixed Income","386,163.28","0.02","386,163.28","400,000.00","400,000.00","95.92","Canada","-","CAD","12.75","1.00","Dec 9, 2041","4.25","CAD","Dec 9, 2011"
"GZMCN","GAZ METRO INC","Energy","Fixed Income","385,079.95","0.02","385,079.95","460,000.00","460,000.00","82.60","Canada","-","CAD","14.72","1.00","Mar 31, 2045","3.30","CAD","Mar 31, 2015"
"CTCACN","CANADIAN TIRE CORPORATION LIMITED MTN","Industrial","Fixed Income","381,659.69","0.02","381,659.69","372,000.00","372,000.00","100.31","Canada","-","CAD","8.88","1.00","Sep 4, 2035","5.61","CAD","Sep 2, 2005"
"CWBCN","CANADIAN WESTERN BANK","Financial","Fixed Income","380,718.63","0.02","380,718.63","375,000.00","375,000.00","100.87","Canada","-","CAD","4.24","1.00","Dec 22, 2032","5.92","CAD","Dec 22, 2022"
"LCN","LOBLAW COMPANIES MTN 144A","Industrial","Fixed Income","380,265.18","0.02","380,265.18","325,000.00","325,000.00","114.32","Canada","-","CAD","10.26","1.00","Mar 1, 2039","6.45","CAD","Mar 1, 1999"
"NAVCAN","NAV CANADA","Infrastructure","Fixed Income","371,162.30","0.02","371,162.30","345,579.00","345,579.00","104.25","Canada","-","CAD","1.86","1.00","Mar 1, 2027","7.56","CAD","Mar 24, 1997"
"CUCN","CU INC MTN","Energy","Fixed Income","370,668.94","0.02","370,668.94","333,000.00","333,000.00","110.30","Canada","-","CAD","10.50","1.00","May 26, 2038","5.58","CAD","May 26, 2008"
"BCFERR","BRITISH COLUMBIA FERRY SERVICES IN","Infrastructure","Fixed Income","370,733.28","0.02","370,733.28","492,000.00","492,000.00","74.53","Canada","-","CAD","17.15","1.00","Oct 15, 2049","2.79","CAD","Oct 15, 2019"
"CRRUCN","CROMBIE REAL ESTATE INVESTMENT TRU","Real Estate","Fixed Income","370,559.64","0.02","370,559.64","385,000.00","385,000.00","95.81","Canada","-","CAD","3.97","1.00","Jun 21, 2027","3.92","CAD","Dec 20, 2019"
"CONNEC","CONNECT 6IX GENERAL PARTNERSHIP","Infrastructure","Fixed Income","370,253.49","0.02","370,253.49","350,000.00","350,000.00","104.75","Canada","-","CAD","12.79","1.00","Nov 30, 2046","6.11","CAD","Nov 17, 2022"
"CRRUCN","CROMBIE REAL ESTATE INVESTMENT TRU","Real Estate","Fixed Income","365,209.48","0.02","365,209.48","425,000.00","425,000.00","84.46","Canada","-","CAD","7.22","1.00","Aug 12, 2031","3.13","CAD","Aug 12, 2021"
"ENBGAS","ENBRIDGE GAS INC","Energy","Fixed Income","351,595.15","0.02","351,595.15","314,000.00","314,000.00","110.03","Canada","-","CAD","2.46","1.00","Nov 10, 2025","8.65","CAD","Nov 10, 1995"
"FTSCN","FORTISALBERTA INC MTN","Infrastructure","Fixed Income","340,439.24","0.02","340,439.24","345,000.00","345,000.00","97.57","Canada","-","CAD","1.59","1.00","Sep 30, 2024","3.30","CAD","Sep 29, 2014"
"CRTUCN","CT REAL ESTATE INVESTMENT TRUST","Real Estate","Fixed Income","337,778.32","0.02","337,778.32","347,000.00","347,000.00","96.83","Canada","-","CAD","2.19","1.00","Jun 9, 2025","3.53","CAD","Jun 9, 2015"
"CAAIAU","CALGARY AIRPORT AUTHORITY","Infrastructure","Fixed Income","332,151.64","0.02","332,151.64","370,853.00","370,853.00","88.37","Canada","-","CAD","13.77","1.00","Oct 7, 2061","3.75","CAD","Oct 7, 2021"
"CRTUCN","CT REAL ESTATE INVESTMENT TRUST","Real Estate","Fixed Income","328,674.27","0.02","328,674.27","400,000.00","400,000.00","82.01","Canada","-","CAD","7.08","1.00","Jan 6, 2031","2.37","CAD","Jan 6, 2021"
"MRUCN","METRO INC RegS","Industrial","Fixed Income","328,210.93","0.02","328,210.93","325,000.00","325,000.00","100.99","Canada","-","CAD","7.97","1.00","Feb 7, 2033","4.66","CAD","Feb 6, 2023"
"GRASOL","GRAND RENEWABLE SOLAR LP 144A","Energy","Fixed Income","325,980.78","0.02","325,980.78","344,337.00","344,337.00","94.67","Canada","-","CAD","5.49","1.00","Jan 31, 2035","3.93","CAD","Jun 9, 2016"
"FTSCN","FORTISALBERTA INC","Infrastructure","Fixed Income","323,457.96","0.02","323,457.96","351,000.00","351,000.00","91.06","Canada","-","CAD","16.67","1.00","Oct 23, 2052","3.98","CAD","Oct 23, 2012"
"ERAA","EDMONTON REGIONAL AIRPORTS AUTHORI","Infrastructure","Fixed Income","291,961.70","0.02","291,961.70","340,150.00","340,150.00","85.10","Canada","-","CAD","10.83","1.00","May 20, 2051","3.71","CAD","May 20, 2021"
"MONPOR","MONTREAL PORT AUTHORITY","Infrastructure","Fixed Income","285,465.62","0.02","285,465.62","350,000.00","350,000.00","80.40","Canada","-","CAD","16.95","1.00","Mar 22, 2051","3.24","CAD","Mar 22, 2021"
"ALTALK","ALTALINK LP MTN","Infrastructure","Fixed Income","283,327.20","0.02","283,327.20","300,000.00","300,000.00","93.79","Canada","-","CAD","18.75","1.00","Jun 6, 2064","4.27","CAD","Jun 6, 2014"
"FTSCN","TERASEN GAS VANCOUVER ISLAND INC","Energy","Fixed Income","269,811.40","0.02","269,811.40","250,000.00","250,000.00","107.13","Canada","-","CAD","11.80","1.00","Dec 6, 2040","5.20","CAD","Dec 6, 2010"
"FTSCN","FORTISALBERTA INC","Infrastructure","Fixed Income","267,441.08","0.02","267,441.08","261,000.00","261,000.00","101.68","Canada","-","CAD","16.06","1.00","May 30, 2052","4.62","CAD","May 30, 2022"
"WEMALL","WEST EDMONTON MALL PROPERTY INC","Real Estate","Fixed Income","259,267.80","0.02","259,267.80","261,511.00","261,511.00","97.24","Canada","-","CAD","0.94","1.00","Feb 13, 2024","4.06","CAD","Feb 13, 2014"
"CLOVLP","CLOVER LIMITED PARTNERSHIP","Energy","Fixed Income","259,279.71","0.02","259,279.71","265,875.00","265,875.00","97.16","Canada","-","CAD","4.20","1.00","Jun 30, 2034","4.22","CAD","Oct 24, 2018"
"CUCN","CU INC","Energy","Fixed Income","246,521.20","0.01","246,521.20","350,000.00","350,000.00","69.54","Canada","-","CAD","17.59","1.00","Sep 28, 2050","2.61","CAD","Sep 28, 2020"
"IGMCN","INVESTORS GROUP INC.","Financial","Fixed Income","217,976.11","0.01","217,976.11","200,000.00","200,000.00","108.10","Canada","-","CAD","4.17","1.00","Dec 13, 2027","6.65","CAD","Dec 12, 1997"
"ACICN","TRISUMMIT UTILITIES INC MTN","Energy","Fixed Income","202,561.60","0.01","202,561.60","200,000.00","200,000.00","98.84","Canada","-","CAD","14.64","1.00","Aug 15, 2052","5.28","CAD","Aug 15, 2022"
"WAACA","WINNIPEG AIRPORTS AUTHORITY INC","Infrastructure","Fixed Income","180,168.36","0.01","180,168.36","250,000.00","250,000.00","70.56","Canada","-","CAD","16.54","1.00","Feb 3, 2051","3.04","CAD","Feb 4, 2021"
"HYOHI","HYDRO OTTAWA HOLDING INC","Infrastructure","Fixed Income","179,425.70","0.01","179,425.70","198,000.00","198,000.00","89.77","Canada","-","CAD","13.32","1.00","May 14, 2043","3.99","CAD","May 14, 2013"
"PLEHHU","PLENARY HLTH CARE PTNRSHP HUMBR LP","Infrastructure","Fixed Income","160,536.41","0.01","160,536.41","165,000.00","165,000.00","96.48","Canada","-","CAD","13.27","1.00","Nov 30, 2044","4.82","CAD","Sep 23, 2011"
"SIACN","SIENNA SENIOR LIVING INC RegS","Industrial","Fixed Income","144,681.07","0.01","144,681.07","150,000.00","150,000.00","95.70","Canada","-","CAD","1.68","1.00","Nov 4, 2024","3.11","CAD","Nov 4, 2019"
"CRRUCN","CROMBIE REAL ESTATE INVESTMENT TRU","Real Estate","Fixed Income","135,951.94","0.01","135,951.94","155,000.00","155,000.00","86.71","Canada","-","CAD","6.63","1.00","Oct 9, 2030","3.21","CAD","Oct 9, 2020"
"FTSCN","FORTISALBERTA INC MTN","Infrastructure","Fixed Income","127,638.57","0.01","127,638.57","120,000.00","120,000.00","105.98","Canada","-","CAD","14.26","1.00","Jan 3, 2047","4.99","CAD","Jan 3, 2007"
"PCAR","PACCAR FINANCIAL LTD","Financial","Fixed Income","76,107.94","0.00","76,107.94","80,000.00","80,000.00","94.92","Canada","-","CAD","1.25","1.00","May 14, 2024","0.98","CAD","May 14, 2021"
"TOYOTA","TOYOTA CREDIT CANADA INC MTN","Financial","Fixed Income","18,877.50","0.00","18,877.50","19,000.00","19,000.00","99.20","Canada","-","CAD","0.43","1.00","Jul 12, 2023","3.04","CAD","Jul 12, 2018"
 