Fund Holdings as of,"May 31, 2023"
 
Ticker,Name,Sector,Asset Class,Market Value,Weight (%),Notional Value,Shares,Par Value,Price,Location,Exchange,Currency,Duration,FX Rate,Maturity,Coupon (%),Market Currency,Effective Date
"BNS","BANK OF NOVA SCOTIA","Financial","Fixed Income","11,757,896.95","0.71","11,757,896.95","12,559,000.00","12,559,000.00","92.94","Canada","-","CAD","3.50","1.00","Mar 8, 2027","2.95","CAD","Mar 7, 2022"
"TD","TORONTO-DOMINION BANK/THE","Financial","Fixed Income","11,113,454.85","0.67","11,113,454.85","11,659,000.00","11,659,000.00","94.71","Canada","-","CAD","2.17","1.00","Sep 9, 2025","2.67","CAD","Mar 9, 2022"
"CM","CANADIAN IMPERIAL BANK OF COMMERCE","Financial","Fixed Income","10,014,321.44","0.60","10,014,321.44","10,399,000.00","10,399,000.00","95.66","Canada","-","CAD","1.69","1.00","Mar 7, 2025","2.75","CAD","Mar 8, 2022"
"RY","ROYAL BANK OF CANADA MTN","Financial","Fixed Income","9,696,055.92","0.58","9,696,055.92","10,027,000.00","10,027,000.00","96.12","Canada","-","CAD","2.20","1.00","Sep 29, 2025","3.37","CAD","Mar 28, 2022"
"TD","TORONTO-DOMINION BANK/THE MTN","Financial","Fixed Income","9,393,535.78","0.56","9,393,535.78","9,820,000.00","9,820,000.00","95.33","Canada","-","CAD","1.81","1.00","Apr 22, 2030","3.11","CAD","Apr 22, 2020"
"TD","TORONTO-DOMINION BANK/THE","Financial","Fixed Income","8,653,053.21","0.52","8,653,053.21","8,720,000.00","8,720,000.00","97.14","Canada","-","CAD","3.58","1.00","Jun 1, 2027","4.21","CAD","Jun 1, 2022"
"TD","TORONTO-DOMINION BANK/THE","Financial","Fixed Income","8,549,661.12","0.51","8,549,661.12","8,457,000.00","8,457,000.00","98.85","Canada","-","CAD","4.81","1.00","Jan 8, 2029","4.68","CAD","Dec 7, 2022"
"RY","ROYAL BANK OF CANADA","Financial","Fixed Income","8,516,376.11","0.51","8,516,376.11","8,836,000.00","8,836,000.00","96.17","Canada","-","CAD","1.37","1.00","Nov 1, 2024","2.61","CAD","Oct 30, 2019"
"BMO","BANK OF MONTREAL","Financial","Fixed Income","8,453,853.65","0.51","8,453,853.65","8,373,000.00","8,373,000.00","98.70","Canada","-","CAD","3.92","1.00","Dec 7, 2027","4.71","CAD","Dec 7, 2022"
"BMO","BANK OF MONTREAL","Financial","Fixed Income","8,339,261.76","0.50","8,339,261.76","8,382,000.00","8,382,000.00","97.35","Canada","-","CAD","3.54","1.00","Jun 1, 2027","4.31","CAD","Jun 1, 2022"
"BMO","BANK OF MONTREAL","Financial","Fixed Income","7,894,362.43","0.47","7,894,362.43","8,323,000.00","8,323,000.00","94.05","Canada","-","CAD","4.33","1.00","Mar 1, 2028","3.19","CAD","Mar 1, 2018"
"RY","ROYAL BANK OF CANADA","Financial","Fixed Income","7,179,032.04","0.43","7,179,032.04","7,816,000.00","7,816,000.00","91.07","Canada","-","CAD","3.43","1.00","Jan 28, 2027","2.33","CAD","Jan 28, 2020"
"RY","ROYAL BANK OF CANADA","Financial","Fixed Income","7,148,201.69","0.43","7,148,201.69","7,210,000.00","7,210,000.00","98.62","Canada","-","CAD","4.36","1.00","May 1, 2028","4.63","CAD","Apr 20, 2023"
"BNS","BANK OF NOVA SCOTIA","Financial","Fixed Income","6,981,392.36","0.42","6,981,392.36","7,312,000.00","7,312,000.00","94.73","Canada","-","CAD","1.55","1.00","Jan 10, 2025","1.95","CAD","Jan 10, 2022"
"TD","TORONTO-DOMINION BANK/THE RegS","Financial","Fixed Income","6,922,905.61","0.42","6,922,905.61","6,790,000.00","6,790,000.00","101.37","Canada","-","CAD","3.89","1.00","Oct 21, 2027","5.38","CAD","Oct 21, 2022"
"RY","ROYAL BANK OF CANADA","Financial","Fixed Income","6,852,028.65","0.41","6,852,028.65","6,847,000.00","6,847,000.00","98.49","Canada","-","CAD","3.70","1.00","Jul 26, 2027","4.61","CAD","Jul 25, 2022"
"TD","TORONTO-DOMINION BANK/THE RegS","Financial","Fixed Income","6,801,711.22","0.41","6,801,711.22","6,836,000.00","6,836,000.00","97.87","Canada","-","CAD","4.10","1.00","Jan 18, 2028","4.48","CAD","Jan 18, 2023"
"TD","TORONTO-DOMINION BANK/THE","Financial","Fixed Income","6,799,371.37","0.41","6,799,371.37","6,865,000.00","6,865,000.00","97.92","Canada","-","CAD","1.10","1.00","Jul 24, 2024","3.23","CAD","Jul 24, 2014"
"BNS","BANK OF NOVA SCOTIA","Financial","Fixed Income","6,759,618.05","0.41","6,759,618.05","7,480,000.00","7,480,000.00","90.22","Canada","-","CAD","3.26","1.00","Nov 2, 2026","1.85","CAD","Oct 8, 2021"
"CM","CANADIAN IMPERIAL BANK OF COMMERCE","Financial","Fixed Income","6,737,081.24","0.40","6,737,081.24","6,629,000.00","6,629,000.00","99.56","Canada","-","CAD","3.55","1.00","Jun 29, 2027","4.95","CAD","Jun 29, 2022"
"TRPCN","TRANSCANADA PIPELINES LTD MTN","Energy","Fixed Income","6,661,190.84","0.40","6,661,190.84","6,913,000.00","6,913,000.00","95.77","Canada","-","CAD","3.50","1.00","Apr 5, 2027","3.80","CAD","Apr 3, 2020"
"BNS","BANK OF NOVA SCOTIA","Financial","Fixed Income","6,658,663.58","0.40","6,658,663.58","6,792,000.00","6,792,000.00","97.07","Canada","-","CAD","1.04","1.00","Jun 28, 2024","2.29","CAD","Jun 30, 2017"
"RY","ROYAL BANK OF CANADA","Financial","Fixed Income","6,459,619.60","0.39","6,459,619.60","6,445,000.00","6,445,000.00","98.52","Canada","-","CAD","4.08","1.00","Jan 17, 2028","4.64","CAD","Jan 17, 2023"
"RY","ROYAL BANK OF CANADA","Financial","Fixed Income","6,280,140.82","0.38","6,280,140.82","6,426,000.00","6,426,000.00","96.77","Canada","-","CAD","1.05","1.00","Jul 2, 2024","2.35","CAD","Jul 2, 2019"
"BNS","BANK OF NOVA SCOTIA","Financial","Fixed Income","6,239,626.62","0.37","6,239,626.62","6,583,000.00","6,583,000.00","93.78","Canada","-","CAD","4.26","1.00","Feb 2, 2028","3.10","CAD","Feb 2, 2018"
"BMO","BANK OF MONTREAL","Financial","Fixed Income","6,207,840.44","0.37","6,207,840.44","6,479,000.00","6,479,000.00","95.21","Canada","-","CAD","3.52","1.00","Apr 1, 2027","3.65","CAD","Apr 1, 2022"
"BMO","BANK OF MONTREAL","Financial","Fixed Income","6,090,614.34","0.37","6,090,614.34","6,075,000.00","6,075,000.00","100.23","Canada","-","CAD","4.35","1.00","May 29, 2028","5.04","CAD","May 29, 2023"
"CM","CANADIAN IMPERIAL BANK OF COMMERCE","Financial","Fixed Income","5,969,543.72","0.36","5,969,543.72","6,155,000.00","6,155,000.00","96.94","Canada","-","CAD","1.90","1.00","May 26, 2025","3.30","CAD","May 25, 2018"
"RY","ROYAL BANK OF CANADA","Financial","Fixed Income","5,968,522.21","0.36","5,968,522.21","5,903,000.00","5,903,000.00","100.69","Canada","-","CAD","3.11","1.00","Nov 2, 2026","5.24","CAD","Oct 28, 2022"
"BMO","BANK OF MONTREAL","Financial","Fixed Income","5,946,369.42","0.36","5,946,369.42","6,117,000.00","6,117,000.00","96.45","Canada","-","CAD","1.12","1.00","Jul 29, 2024","2.28","CAD","Jul 29, 2019"
"TD","TORONTO-DOMINION BANK/THE","Financial","Fixed Income","5,841,588.90","0.35","5,841,588.90","6,019,000.00","6,019,000.00","95.82","Canada","-","CAD","1.44","1.00","Dec 2, 2024","2.50","CAD","May 31, 2019"
"CM","CANADIAN IMPERIAL BANK OF COMMERCE","Financial","Fixed Income","5,840,128.76","0.35","5,840,128.76","6,192,000.00","6,192,000.00","94.08","Canada","-","CAD","1.81","1.00","Apr 17, 2025","2.00","CAD","Apr 17, 2020"
"TD","TORONTO-DOMINION BANK/THE","Financial","Fixed Income","5,826,732.37","0.35","5,826,732.37","6,146,000.00","6,146,000.00","94.38","Canada","-","CAD","1.72","1.00","Mar 13, 2025","1.94","CAD","Mar 13, 2020"
"CM","CANADIAN IMPERIAL BANK OF COMMERCE","Financial","Fixed Income","5,788,818.24","0.35","5,788,818.24","5,755,000.00","5,755,000.00","99.84","Canada","-","CAD","3.82","1.00","Oct 7, 2027","5.05","CAD","Oct 7, 2022"
"RY","ROYAL BANK OF CANADA RegS","Financial","Fixed Income","5,633,286.81","0.34","5,633,286.81","5,821,000.00","5,821,000.00","95.52","Canada","-","CAD","1.49","1.00","Dec 23, 2029","2.88","CAD","Dec 23, 2019"
"BNS","BANK OF NOVA SCOTIA","Financial","Fixed Income","5,533,655.19","0.33","5,533,655.19","5,867,000.00","5,867,000.00","94.02","Canada","-","CAD","3.59","1.00","May 3, 2032","3.93","CAD","Mar 21, 2022"
"RY","ROYAL BANK OF CANADA","Financial","Fixed Income","5,493,634.06","0.33","5,493,634.06","6,146,000.00","6,146,000.00","89.22","Canada","-","CAD","2.80","1.00","Nov 3, 2031","2.15","CAD","Oct 14, 2021"
"BMO","BANK OF MONTREAL","Financial","Fixed Income","5,449,936.15","0.33","5,449,936.15","5,584,000.00","5,584,000.00","97.00","Canada","-","CAD","1.24","1.00","Sep 11, 2024","2.70","CAD","Sep 11, 2017"
"TD","TORONTO-DOMINION BANK/THE","Financial","Fixed Income","5,396,241.22","0.32","5,396,241.22","5,910,000.00","5,910,000.00","90.77","Canada","-","CAD","2.43","1.00","Dec 9, 2025","1.13","CAD","Dec 9, 2020"
"BNS","BANK OF NOVA SCOTIA","Financial","Fixed Income","5,337,699.02","0.32","5,337,699.02","5,585,000.00","5,585,000.00","94.88","Canada","-","CAD","1.61","1.00","Feb 3, 2025","2.16","CAD","Jan 31, 2020"
"TD","TORONTO-DOMINION BANK/THE","Financial","Fixed Income","5,248,952.44","0.31","5,248,952.44","5,707,000.00","5,707,000.00","91.08","Canada","-","CAD","3.38","1.00","Jan 7, 2027","2.26","CAD","Jan 7, 2022"
"RY","ROYAL BANK OF CANADA MTN RegS","Financial","Fixed Income","5,222,512.25","0.31","5,222,512.25","5,267,000.00","5,267,000.00","97.51","Canada","-","CAD","4.08","1.00","Feb 1, 2033","5.01","CAD","Jan 31, 2023"
"TRPCN","TRANSCANADA TRUST","Energy","Fixed Income","5,156,669.11","0.31","5,156,669.11","5,749,000.00","5,749,000.00","89.53","Canada","-","CAD","3.22","1.00","May 18, 2077","4.65","CAD","May 18, 2017"
"CM","CANADIAN IMPERIAL BANK OF COMMERCE","Financial","Fixed Income","5,099,053.40","0.31","5,099,053.40","5,556,000.00","5,556,000.00","90.89","Canada","-","CAD","3.38","1.00","Jan 7, 2027","2.25","CAD","Jan 7, 2022"
"TD","TORONTO-DOMINION BANK/THE","Financial","Fixed Income","5,097,952.89","0.31","5,097,952.89","5,116,000.00","5,116,000.00","98.17","Canada","-","CAD","2.46","1.00","Jan 27, 2026","4.34","CAD","Jul 27, 2022"
"TD","TORONTO-DOMINION BANK/THE MTN","Financial","Fixed Income","5,066,313.97","0.30","5,066,313.97","5,461,000.00","5,461,000.00","91.72","Canada","-","CAD","3.38","1.00","Jan 26, 2032","3.06","CAD","Jun 25, 2019"
"ENBCN","ENBRIDGE INC","Energy","Fixed Income","5,002,966.99","0.30","5,002,966.99","5,365,000.00","5,365,000.00","92.30","Canada","-","CAD","3.46","1.00","Sep 27, 2077","5.38","CAD","Sep 26, 2017"
"CM","CANADIAN IMPERIAL BANK OF COMMERCE","Financial","Fixed Income","4,921,714.25","0.30","4,921,714.25","5,081,000.00","5,081,000.00","96.27","Canada","-","CAD","1.20","1.00","Aug 28, 2024","2.35","CAD","Aug 28, 2019"
"BCECN","BELL CANADA MTN","Communication","Fixed Income","4,909,705.02","0.29","4,909,705.02","5,026,000.00","5,026,000.00","96.95","Canada","-","CAD","1.70","1.00","Mar 12, 2025","3.35","CAD","Mar 12, 2018"
"RY","ROYAL BANK OF CANADA RegS","Financial","Fixed Income","4,869,857.92","0.29","4,869,857.92","4,999,000.00","4,999,000.00","96.46","Canada","-","CAD","1.11","1.00","Jul 25, 2029","2.74","CAD","Jul 25, 2019"
"RCICN","ROGERS COMMS INC","Communication","Fixed Income","4,820,552.12","0.29","4,820,552.12","4,359,000.00","4,359,000.00","110.18","Canada","-","CAD","10.33","1.00","Nov 9, 2039","6.75","CAD","Apr 3, 2023"
"BNS","BANK OF NOVA SCOTIA","Financial","Fixed Income","4,818,582.14","0.29","4,818,582.14","4,748,000.00","4,748,000.00","101.14","Canada","-","CAD","2.70","1.00","May 8, 2026","5.50","CAD","Nov 9, 2022"
"NACN","NATIONAL BANK OF CANADA","Financial","Fixed Income","4,808,084.64","0.29","4,808,084.64","4,990,000.00","4,990,000.00","95.53","Canada","-","CAD","1.61","1.00","Feb 3, 2025","2.58","CAD","Dec 19, 2019"
"HSBC","HSBC BANK CANADA","Financial","Fixed Income","4,797,281.58","0.29","4,797,281.58","4,924,000.00","4,924,000.00","96.79","Canada","-","CAD","1.73","1.00","Mar 24, 2025","3.40","CAD","Mar 24, 2022"
"BNS","BANK OF NOVA SCOTIA RegS","Financial","Fixed Income","4,796,289.84","0.29","4,796,289.84","4,899,000.00","4,899,000.00","96.74","Canada","-","CAD","1.05","1.00","Jul 3, 2029","2.84","CAD","Jul 3, 2019"
"BNS","BANK OF NOVA SCOTIA","Financial","Fixed Income","4,761,840.32","0.29","4,761,840.32","5,527,000.00","5,527,000.00","86.04","Canada","-","CAD","4.22","1.00","Nov 1, 2027","1.40","CAD","Oct 15, 2020"
"TRICN","THOMSON REUTERS CORPORATION","Communication","Fixed Income","4,686,373.12","0.28","4,686,373.12","4,944,000.00","4,944,000.00","94.68","Canada","-","CAD","1.88","1.00","May 14, 2025","2.24","CAD","May 14, 2020"
"CAD","CAD CASH","Cash and/or Derivatives","Cash","4,647,288.15","0.28","4,647,288.15","4,647,288.00","4,647,288.00","100.00","Canada","-","CAD","0.00","1.00","-","0.00","CAD","Jan 1, 1989"
"RCICN","ROGERS COMMUNICATIONS INC","Communication","Fixed Income","4,612,984.36","0.28","4,612,984.36","4,837,000.00","4,837,000.00","94.76","Canada","-","CAD","3.51","1.00","Mar 31, 2027","3.65","CAD","Mar 31, 2020"
"BMO","BANK OF MONTREAL MTN","Financial","Fixed Income","4,553,843.10","0.27","4,553,843.10","4,744,000.00","4,744,000.00","95.23","Canada","-","CAD","1.61","1.00","Feb 3, 2025","2.37","CAD","Jan 17, 2020"
"ENBCN","ENBRIDGE INC MTN","Energy","Fixed Income","4,440,257.70","0.27","4,440,257.70","4,657,000.00","4,657,000.00","93.82","Canada","-","CAD","3.67","1.00","Jun 8, 2027","3.20","CAD","Jun 8, 2017"
"TRPCN","TRANSCANADA PIPELINES LTD MTN RegS","Energy","Fixed Income","4,437,419.49","0.27","4,437,419.49","4,340,000.00","4,340,000.00","101.06","Canada","-","CAD","5.82","1.00","Jul 15, 2030","5.28","CAD","Mar 10, 2023"
"CM","CANADIAN IMPERIAL BANK OF COMMERCE","Financial","Fixed Income","4,379,417.93","0.26","4,379,417.93","4,454,000.00","4,454,000.00","97.01","Canada","-","CAD","1.01","1.00","Jun 19, 2029","2.95","CAD","Jun 19, 2019"
"CM","CANADIAN IMPERIAL BANK OF COMMERCE","Financial","Fixed Income","4,284,762.69","0.26","4,284,762.69","4,727,000.00","4,727,000.00","90.25","Canada","-","CAD","2.55","1.00","Jan 19, 2026","1.10","CAD","Jan 19, 2021"
"RY","ROYAL BANK OF CANADA","Financial","Fixed Income","4,242,782.84","0.25","4,242,782.84","4,505,000.00","4,505,000.00","94.02","Canada","-","CAD","1.85","1.00","May 1, 2025","1.94","CAD","May 1, 2020"
"CVECN","CENOVUS ENERGY INC","Energy","Fixed Income","4,217,723.69","0.25","4,217,723.69","4,432,000.00","4,432,000.00","94.08","Canada","-","CAD","4.23","1.00","Feb 7, 2028","3.50","CAD","Aug 7, 2020"
"TD","TORONTO-DOMINION BANK/THE RegS","Financial","Fixed Income","4,188,429.10","0.25","4,188,429.10","4,775,000.00","4,775,000.00","87.28","Canada","-","CAD","4.47","1.00","Mar 8, 2028","1.89","CAD","Mar 8, 2021"
"HLTHQC","HEALTH MONTREAL COLLECTIVE LP 144A","Infrastructure","Fixed Income","4,183,572.59","0.25","4,183,572.59","3,696,116.00","3,696,116.00","112.07","Canada","-","CAD","10.14","1.00","Sep 30, 2049","6.72","CAD","Jun 10, 2011"
"BNS","BANK OF NOVA SCOTIA","Financial","Fixed Income","4,155,347.14","0.25","4,155,347.14","4,294,000.00","4,294,000.00","96.30","Canada","-","CAD","1.27","1.00","Sep 23, 2024","2.49","CAD","Sep 23, 2019"
"RY","ROYAL BANK OF CANADA RegS","Financial","Fixed Income","4,096,024.74","0.25","4,096,024.74","4,362,000.00","4,362,000.00","93.03","Canada","-","CAD","1.99","1.00","Jun 30, 2030","2.09","CAD","Jun 30, 2020"
"BNS","BANK OF NOVA SCOTIA","Financial","Fixed Income","3,980,265.23","0.24","3,980,265.23","4,200,000.00","4,200,000.00","93.48","Canada","-","CAD","3.26","1.00","Dec 2, 2026","2.62","CAD","Dec 2, 2016"
"RCICN","ROGERS COMMUNICATIONS INC","Communication","Fixed Income","3,945,377.15","0.24","3,945,377.15","4,093,000.00","4,093,000.00","96.00","Canada","-","CAD","1.79","1.00","Apr 15, 2025","3.10","CAD","Mar 11, 2022"
"TD","TORONTO-DOMINION BANK/THE MTN","Financial","Fixed Income","3,878,470.05","0.23","3,878,470.05","3,953,000.00","3,953,000.00","96.99","Canada","-","CAD","1.10","1.00","Jul 25, 2029","3.22","CAD","Jul 25, 2017"
"GWOCN","GREAT-WEST LIFECO INC","Financial","Fixed Income","3,823,996.43","0.23","3,823,996.43","5,049,000.00","5,049,000.00","74.25","Canada","-","CAD","1.74","1.00","Dec 31, 2081","3.60","CAD","Aug 16, 2021"
"RY","ROYAL BANK OF CANADA","Financial","Fixed Income","3,763,435.41","0.23","3,763,435.41","3,750,000.00","3,750,000.00","98.56","Canada","-","CAD","2.37","1.00","Dec 22, 2025","4.11","CAD","Dec 22, 2022"
"BNCN","BROOKFIELD FINANCE II INC RegS","Industrial","Fixed Income","3,755,532.11","0.23","3,755,532.11","3,680,000.00","3,680,000.00","99.55","Canada","-","CAD","7.21","1.00","Dec 14, 2032","5.43","CAD","Dec 14, 2022"
"TD","TORONTO-DOMINION BANK/THE MTN","Financial","Fixed Income","3,742,726.61","0.22","3,742,726.61","3,767,000.00","3,767,000.00","98.19","Canada","-","CAD","2.54","1.00","Mar 4, 2031","4.86","CAD","Mar 4, 2016"
"TCN","TELUS CORPORATION","Communication","Fixed Income","3,714,704.46","0.22","3,714,704.46","3,676,000.00","3,676,000.00","100.82","Canada","-","CAD","7.39","1.00","Nov 15, 2032","5.25","CAD","Sep 13, 2022"
"BCECN","BELL CANADA MTN","Communication","Fixed Income","3,661,404.14","0.22","3,661,404.14","3,450,000.00","3,450,000.00","105.79","Canada","-","CAD","7.23","1.00","Nov 10, 2032","5.85","CAD","Nov 10, 2022"
"HSBC","HSBC BANK CANADA","Financial","Fixed Income","3,657,493.35","0.22","3,657,493.35","4,008,000.00","4,008,000.00","91.20","Canada","-","CAD","2.85","1.00","May 20, 2026","1.78","CAD","May 20, 2021"
"RY","ROYAL BANK OF CANADA","Financial","Fixed Income","3,639,511.17","0.22","3,639,511.17","4,003,000.00","4,003,000.00","90.80","Canada","-","CAD","2.81","1.00","May 4, 2026","1.59","CAD","May 4, 2021"
"ENBCN","ENBRIDGE INC MTN","Energy","Fixed Income","3,628,118.26","0.22","3,628,118.26","4,342,000.00","4,342,000.00","82.96","Canada","-","CAD","8.55","1.00","Sep 21, 2033","3.10","CAD","Sep 21, 2021"
"BMO","BANK OF MONTREAL","Financial","Fixed Income","3,617,729.18","0.22","3,617,729.18","3,997,000.00","3,997,000.00","90.50","Canada","-","CAD","2.88","1.00","May 28, 2026","1.55","CAD","May 28, 2021"
"CM","CANADIAN IMPERIAL BANK OF COMMERCE","Financial","Fixed Income","3,603,048.47","0.22","3,603,048.47","3,585,000.00","3,585,000.00","98.57","Canada","-","CAD","4.03","1.00","Jan 20, 2033","5.33","CAD","Jan 20, 2023"
"NACN","NATIONAL BANK OF CANADA","Financial","Fixed Income","3,597,775.66","0.22","3,597,775.66","3,574,000.00","3,574,000.00","100.26","Canada","-","CAD","2.26","1.00","Nov 3, 2025","5.30","CAD","Nov 3, 2022"
"TD","TORONTO-DOMINION BANK/THE RegS","Financial","Fixed Income","3,574,872.43","0.21","3,574,872.43","4,125,000.00","4,125,000.00","86.24","Canada","-","CAD","4.93","1.00","Sep 11, 2028","1.90","CAD","Sep 10, 2021"
"MFCCN","MANULIFE FINANCIAL CORP RegS","Financial","Fixed Income","3,541,500.98","0.21","3,541,500.98","3,500,000.00","3,500,000.00","99.98","Canada","-","CAD","4.06","1.00","Mar 10, 2033","5.41","CAD","Mar 10, 2023"
"HSBC","HSBC BANK CANADA","Financial","Fixed Income","3,531,396.32","0.21","3,531,396.32","3,484,000.00","3,484,000.00","99.17","Canada","-","CAD","1.44","1.00","Dec 16, 2024","4.81","CAD","Dec 16, 2022"
"CCDJ","FEDERATION DES CAISSES DESJARDINS","Financial","Fixed Income","3,464,003.71","0.21","3,464,003.71","3,503,000.00","3,503,000.00","97.55","Canada","-","CAD","3.65","1.00","Aug 23, 2032","5.04","CAD","Aug 23, 2022"
"BMO","BANK OF MONTREAL MTN","Financial","Fixed Income","3,398,934.17","0.20","3,398,934.17","3,512,000.00","3,512,000.00","96.19","Canada","-","CAD","1.25","1.00","Sep 17, 2029","2.88","CAD","Sep 16, 2019"
"CM","CANADIAN IMPERIAL BANK OF COMMERCE","Financial","Fixed Income","3,387,465.62","0.20","3,387,465.62","3,541,000.00","3,541,000.00","95.04","Canada","-","CAD","3.44","1.00","Apr 7, 2032","4.20","CAD","Apr 7, 2022"
"CCDJ","FEDERATION DES CAISSES DESJARDINS","Financial","Fixed Income","3,387,448.10","0.20","3,387,448.10","3,358,000.00","3,358,000.00","100.02","Canada","-","CAD","2.17","1.00","Oct 1, 2025","5.20","CAD","Nov 16, 2022"
"BCECN","BELL CANADA INC MTN","Communication","Fixed Income","3,361,638.32","0.20","3,361,638.32","3,819,000.00","3,819,000.00","87.41","Canada","-","CAD","6.79","1.00","Mar 17, 2031","3.00","CAD","Mar 17, 2021"
"MFCCN","MANULIFE FINANCIAL CORP","Financial","Fixed Income","3,349,474.73","0.20","3,349,474.73","3,906,000.00","3,906,000.00","85.61","Canada","-","CAD","5.91","1.00","May 13, 2035","2.82","CAD","May 12, 2020"
"CM","CANADIAN IMPERIAL BANK OF COMMERCE","Financial","Fixed Income","3,345,778.64","0.20","3,345,778.64","3,672,000.00","3,672,000.00","90.48","Canada","-","CAD","2.98","1.00","Jul 15, 2026","1.70","CAD","Jul 15, 2021"
"RCICN","ROGERS COMMUNICATIONS INC","Communication","Fixed Income","3,327,277.34","0.20","3,327,277.34","3,592,000.00","3,592,000.00","92.09","Canada","-","CAD","7.26","1.00","Apr 15, 2032","4.25","CAD","Mar 11, 2022"
"CUCN","CU INC","Energy","Fixed Income","3,308,561.24","0.20","3,308,561.24","3,589,000.00","3,589,000.00","91.18","Canada","-","CAD","13.66","1.00","Sep 2, 2044","4.09","CAD","Sep 5, 2014"
"BNS","SCOTIABANK CAPITAL TRUST","Financial","Fixed Income","3,238,922.57","0.19","3,238,922.57","3,102,000.00","3,102,000.00","102.08","Canada","-","CAD","9.07","1.00","Dec 31, 2056","5.65","CAD","Sep 28, 2006"
"CCDJ","FEDERATION DES CAISSES DESJARDINS","Financial","Fixed Income","3,236,284.01","0.19","3,236,284.01","3,355,000.00","3,355,000.00","96.08","Canada","-","CAD","1.30","1.00","Oct 4, 2024","2.42","CAD","Oct 4, 2019"
"BCECN","BELL CANADA MTN RegS","Communication","Fixed Income","3,226,641.37","0.19","3,226,641.37","3,245,000.00","3,245,000.00","98.05","Canada","-","CAD","5.63","1.00","Feb 9, 2030","4.55","CAD","Feb 9, 2023"
"TOYOTA","TOYOTA CREDIT CANADA INC RegS","Financial","Fixed Income","3,216,696.68","0.19","3,216,696.68","3,338,000.00","3,338,000.00","96.13","Canada","-","CAD","1.35","1.00","Oct 23, 2024","2.31","CAD","Apr 23, 2020"
"TCN","TELUS CORPORATION","Communication","Fixed Income","3,209,663.74","0.19","3,209,663.74","3,479,000.00","3,479,000.00","92.00","Canada","-","CAD","5.30","1.00","May 2, 2029","3.30","CAD","Apr 3, 2019"
"CARDS_22-3-A","CARDS_22-3 A","Securitized","Fixed Income","3,194,307.91","0.19","3,194,307.91","3,247,000.00","3,247,000.00","98.19","Canada","-","CAD","1.85","1.00","May 15, 2025","4.33","CAD","Jun 9, 2022"
"NACN","NATIONAL BANK OF CANADA","Financial","Fixed Income","3,167,111.54","0.19","3,167,111.54","3,237,000.00","3,237,000.00","96.87","Canada","-","CAD","1.07","1.00","Jul 12, 2024","2.54","CAD","Jul 12, 2019"
"CCDJ","FEDERATION DES CAISSES DESJARDINS","Financial","Fixed Income","3,165,855.96","0.19","3,165,855.96","3,496,000.00","3,496,000.00","90.17","Canada","-","CAD","2.55","1.00","Jan 21, 2026","1.09","CAD","Jan 21, 2021"
"RCICN","ROGERS COMMUNICATIONS INC","Communication","Fixed Income","3,155,401.35","0.19","3,155,401.35","3,376,000.00","3,376,000.00","92.99","Canada","-","CAD","5.20","1.00","Apr 15, 2029","3.75","CAD","Mar 11, 2022"
"RCICN","ROGERS COMMUNICATIONS INC.","Communication","Fixed Income","3,138,172.54","0.19","3,138,172.54","3,459,000.00","3,459,000.00","90.46","Canada","-","CAD","5.30","1.00","May 1, 2029","3.25","CAD","Apr 30, 2019"
"BMO","BANK OF MONTREAL","Financial","Fixed Income","3,132,403.76","0.19","3,132,403.76","3,334,000.00","3,334,000.00","93.01","Canada","-","CAD","1.95","1.00","Jun 17, 2030","2.08","CAD","Jun 17, 2020"
"RY","ROYAL BANK OF CANADA RegS","Financial","Fixed Income","3,120,321.87","0.19","3,120,321.87","3,437,000.00","3,437,000.00","90.56","Canada","-","CAD","3.56","1.00","May 3, 2032","2.94","CAD","Jan 25, 2022"
"TRPCN","TRANSCANADA PIPELINES LIMITED MTN RegS","Energy","Fixed Income","3,105,161.76","0.19","3,105,161.76","3,188,000.00","3,188,000.00","96.19","Canada","-","CAD","2.00","1.00","Jul 17, 2025","3.30","CAD","Jul 17, 2015"
"BMO","BANK OF MONTREAL","Financial","Fixed Income","3,101,297.02","0.19","3,101,297.02","3,452,000.00","3,452,000.00","89.16","Canada","-","CAD","2.94","1.00","Jul 22, 2031","1.90","CAD","Jul 22, 2021"
"NACN","NATIONAL BANK OF CANADA","Financial","Fixed Income","3,098,125.12","0.19","3,098,125.12","3,388,000.00","3,388,000.00","91.28","Canada","-","CAD","3.25","1.00","Nov 4, 2026","2.24","CAD","Nov 4, 2021"
"BCECN","BELL TELEPHONE COMPANY OF CANADA O MTN","Communication","Fixed Income","3,082,144.32","0.18","3,082,144.32","3,196,000.00","3,196,000.00","95.41","Canada","-","CAD","4.62","1.00","Aug 21, 2028","3.80","CAD","Aug 21, 2018"
"NWRWPT","NORTH WEST REDWATER PARTNERSHIP","Energy","Fixed Income","3,076,325.49","0.18","3,076,325.49","3,490,000.00","3,490,000.00","86.76","Canada","-","CAD","6.94","1.00","Jun 1, 2031","2.80","CAD","Jun 30, 2021"
"MFCCN","MANULIFE FINANCIAL CORP","Financial","Fixed Income","3,075,425.59","0.18","3,075,425.59","3,268,000.00","3,268,000.00","93.99","Canada","-","CAD","1.86","1.00","May 12, 2030","2.24","CAD","May 12, 2020"
"BCECN","BELL CANADA INC","Communication","Fixed Income","3,061,223.65","0.18","3,061,223.65","3,552,000.00","3,552,000.00","86.07","Canada","-","CAD","6.27","1.00","May 14, 2030","2.50","CAD","May 14, 2020"
"RCICN","ROGERS COMMUNICATIONS INC","Communication","Fixed Income","3,056,112.46","0.18","3,056,112.46","3,260,000.00","3,260,000.00","93.08","Canada","-","CAD","14.40","1.00","Apr 15, 2052","5.25","CAD","Mar 11, 2022"
"CP","CANADIAN PACIFIC RAILWAY COMPANY","Industrial","Fixed Income","3,055,265.94","0.18","3,055,265.94","3,333,000.00","3,333,000.00","91.03","Canada","-","CAD","4.39","1.00","Feb 28, 2028","2.54","CAD","Nov 24, 2021"
"BCECN","BELL CANADA INC","Communication","Fixed Income","3,048,309.82","0.18","3,048,309.82","4,079,000.00","4,079,000.00","74.14","Canada","-","CAD","15.82","1.00","Sep 30, 2050","3.50","CAD","Feb 13, 2020"
"CCDJ","FEDERATION DES CAISSES DESJARDINS","Financial","Fixed Income","3,031,950.53","0.18","3,031,950.53","3,207,000.00","3,207,000.00","94.50","Canada","-","CAD","1.87","1.00","May 26, 2030","2.86","CAD","May 26, 2020"
"RY","ROYAL BANK OF CANADA","Financial","Fixed Income","3,000,449.77","0.18","3,000,449.77","3,455,000.00","3,455,000.00","86.24","Canada","-","CAD","4.82","1.00","Jul 31, 2028","1.83","CAD","Jul 29, 2021"
"TRPCN","TRANSCANADA PIPELINES LTD MTN RegS","Energy","Fixed Income","2,944,838.48","0.18","2,944,838.48","3,574,000.00","3,574,000.00","80.70","Canada","-","CAD","14.16","1.00","Jul 3, 2048","4.18","CAD","Jul 3, 2018"
"RY","ROYAL BANK OF CANADA","Financial","Fixed Income","2,942,184.84","0.18","2,942,184.84","3,482,000.00","3,482,000.00","83.93","Canada","-","CAD","4.38","1.00","Jan 28, 2033","1.67","CAD","Jan 28, 2021"
"RCICN","ROGERS COMMUNICATIONS INC.","Communication","Fixed Income","2,933,286.00","0.18","2,933,286.00","2,790,000.00","2,790,000.00","103.55","Canada","-","CAD","10.61","1.00","Aug 25, 2040","6.11","CAD","Aug 25, 2010"
"CM","CANADIAN IMPERIAL BANK OF COMMERCE RegS","Financial","Fixed Income","2,907,493.34","0.17","2,907,493.34","3,117,000.00","3,117,000.00","92.56","Canada","-","CAD","2.05","1.00","Jul 21, 2030","2.01","CAD","Jul 21, 2020"
"ENBCN","ENBRIDGE INC MTN","Energy","Fixed Income","2,907,292.98","0.17","2,907,292.98","3,237,000.00","3,237,000.00","89.34","Canada","-","CAD","5.67","1.00","Oct 3, 2029","2.99","CAD","Oct 3, 2019"
"MFCCN","MANULIFE FINANCE DELAWARE LP","Financial","Fixed Income","2,821,377.84","0.17","2,821,377.84","2,886,000.00","2,886,000.00","95.45","Canada","-","CAD","9.51","1.00","Dec 15, 2041","5.06","CAD","Dec 14, 2006"
"BMO","BANK OF MONTREAL","Financial","Fixed Income","2,813,530.01","0.17","2,813,530.01","2,700,000.00","2,700,000.00","103.59","Canada","-","CAD","3.74","1.00","Oct 27, 2032","6.53","CAD","Oct 27, 2022"
"SLFCN","SUN LIFE FINANCIAL INC","Financial","Fixed Income","2,810,281.78","0.17","2,810,281.78","3,182,000.00","3,182,000.00","88.24","Canada","-","CAD","4.84","1.00","Nov 21, 2033","2.80","CAD","Nov 18, 2021"
"TCN","TELUS CORPORATION","Communication","Fixed Income","2,806,841.83","0.17","2,806,841.83","2,835,000.00","2,835,000.00","97.63","Canada","-","CAD","1.54","1.00","Jan 17, 2025","3.75","CAD","Sep 15, 2014"
"TRPCN","TRANSCANADA PIPELINES LTD MTN","Energy","Fixed Income","2,799,307.99","0.17","2,799,307.99","3,187,000.00","3,187,000.00","87.64","Canada","-","CAD","12.06","1.00","Nov 15, 2041","4.55","CAD","Nov 15, 2011"
"BCECN","BELL TELEPHONE COMPANY OF CANADA O MTN","Communication","Fixed Income","2,796,288.22","0.17","2,796,288.22","2,922,000.00","2,922,000.00","95.08","Canada","-","CAD","3.93","1.00","Sep 29, 2027","3.60","CAD","Sep 29, 2017"
"TRPCN","TRANSCANADA PIPELINES LTD MTN","Energy","Fixed Income","2,754,085.85","0.17","2,754,085.85","3,319,000.00","3,319,000.00","82.43","Canada","-","CAD","14.57","1.00","Oct 15, 2049","4.34","CAD","Apr 10, 2019"
"CM","CANADIAN IMPERIAL BANK OF COMMERCE","Financial","Fixed Income","2,753,197.71","0.17","2,753,197.71","3,052,000.00","3,052,000.00","89.99","Canada","-","CAD","2.73","1.00","Apr 21, 2031","1.97","CAD","Apr 19, 2021"
"BCECN","BELL CANADA MTN","Communication","Fixed Income","2,747,703.71","0.16","2,747,703.71","2,827,000.00","2,827,000.00","96.32","Canada","-","CAD","2.55","1.00","Mar 2, 2026","3.55","CAD","Feb 29, 2016"
"HYDONE","HYDRO ONE INC MTN","Infrastructure","Fixed Income","2,736,420.88","0.16","2,736,420.88","2,644,000.00","2,644,000.00","101.83","Canada","-","CAD","4.09","1.00","Jan 27, 2028","4.91","CAD","Oct 27, 2022"
"CCDJ","FEDERATION DES CAISSES DESJARDINS","Financial","Fixed Income","2,716,724.20","0.16","2,716,724.20","3,031,000.00","3,031,000.00","89.61","Canada","-","CAD","2.82","1.00","May 28, 2031","2.00","CAD","May 28, 2021"
"TCN","TELUS CORPORATION","Communication","Fixed Income","2,715,158.05","0.16","2,715,158.05","2,860,000.00","2,860,000.00","93.87","Canada","-","CAD","2.91","1.00","Jul 8, 2026","2.75","CAD","Jul 2, 2019"
"TCN","TELUS CORPORATION","Communication","Fixed Income","2,677,848.92","0.16","2,677,848.92","2,888,000.00","2,888,000.00","91.98","Canada","-","CAD","12.68","1.00","Apr 5, 2044","4.85","CAD","Apr 4, 2014"
"IPLCN","INTER PIPELINE LTD","Energy","Fixed Income","2,674,698.12","0.16","2,674,698.12","2,600,000.00","2,600,000.00","101.25","Canada","-","CAD","4.02","1.00","Feb 17, 2028","5.76","CAD","Nov 17, 2022"
"ENBCN","ENBRIDGE INC MTN","Energy","Fixed Income","2,656,060.79","0.16","2,656,060.79","2,495,000.00","2,495,000.00","106.09","Canada","-","CAD","7.16","1.00","Nov 9, 2032","6.10","CAD","Nov 9, 2022"
"ATIMLP","ATHABASCA INDIGENOUS MIDSTREAM LIM","Energy","Fixed Income","2,655,392.14","0.16","2,655,392.14","2,551,127.00","2,551,127.00","103.65","Canada","-","CAD","7.98","1.00","Feb 5, 2042","6.07","CAD","Oct 5, 2022"
"BIP","BROOKFIELD INFRASTRUCTURE FINANCE","Infrastructure","Fixed Income","2,645,814.32","0.16","2,645,814.32","2,921,000.00","2,921,000.00","90.09","Canada","-","CAD","5.62","1.00","Oct 9, 2029","3.41","CAD","Oct 3, 2019"
"OMERS","OMERS REALTY CORP","Real Estate","Fixed Income","2,639,492.46","0.16","2,639,492.46","2,804,000.00","2,804,000.00","93.63","Canada","-","CAD","3.99","1.00","Oct 4, 2027","3.24","CAD","Oct 2, 2017"
"TRPCN","TRANSCANADA PIPELINES LTD","Energy","Fixed Income","2,637,963.15","0.16","2,637,963.15","2,618,000.00","2,618,000.00","100.48","Canada","-","CAD","7.12","1.00","May 12, 2032","5.33","CAD","May 12, 2022"
"CCDJ","FEDERATION DES CAISSES DESJARDINS","Financial","Fixed Income","2,621,516.71","0.16","2,621,516.71","2,678,000.00","2,678,000.00","97.75","Canada","-","CAD","3.61","1.00","May 19, 2027","4.41","CAD","May 19, 2022"
"ENBCN","ENBRIDGE INC MTN","Energy","Fixed Income","2,594,980.31","0.16","2,594,980.31","2,943,000.00","2,943,000.00","87.16","Canada","-","CAD","12.73","1.00","Mar 11, 2044","4.57","CAD","Mar 11, 2014"
"CHPUCN","CHOICE PROPERTIES REAL ESTATE INVE","Real Estate","Fixed Income","2,584,379.51","0.16","2,584,379.51","2,684,000.00","2,684,000.00","95.33","Canada","-","CAD","4.22","1.00","Mar 8, 2028","4.18","CAD","Mar 8, 2018"
"TRPCN","TRANSCANADA PIPELINES LTD MTN RegS","Energy","Fixed Income","2,567,354.12","0.15","2,567,354.12","2,858,000.00","2,858,000.00","89.22","Canada","-","CAD","5.63","1.00","Sep 18, 2029","3.00","CAD","Sep 18, 2019"
"DTRGR","DAIMLER TRUCKS FINANCE CANADA INC RegS","Financial","Fixed Income","2,556,612.20","0.15","2,556,612.20","2,664,000.00","2,664,000.00","94.98","Germany","-","CAD","1.47","1.00","Dec 13, 2024","2.14","CAD","Dec 15, 2021"
"SLFCN","SUN LIFE FINANCIAL INC MTN","Financial","Fixed Income","2,538,443.59","0.15","2,538,443.59","2,801,000.00","2,801,000.00","90.48","Canada","-","CAD","3.61","1.00","May 10, 2032","2.58","CAD","May 8, 2020"
"TRPCN","TRANSCANADA PIPELINES LTD MTN","Energy","Fixed Income","2,532,097.26","0.15","2,532,097.26","3,018,000.00","3,018,000.00","83.00","Canada","-","CAD","13.98","1.00","Sep 16, 2047","4.33","CAD","Sep 15, 2017"
"BCECN","BELL CANADA MTN 144A","Communication","Fixed Income","2,531,445.29","0.15","2,531,445.29","2,191,000.00","2,191,000.00","113.60","Canada","-","CAD","6.56","1.00","Feb 23, 2032","7.30","CAD","Feb 22, 2002"
"ALCTRA","ALECTRA INC (CANADA)","Infrastructure","Fixed Income","2,522,608.37","0.15","2,522,608.37","2,715,000.00","2,715,000.00","92.82","Canada","-","CAD","3.72","1.00","May 17, 2027","2.49","CAD","May 17, 2017"
"BMO","BANK OF MONTREAL","Financial","Fixed Income","2,514,988.57","0.15","2,514,988.57","2,649,000.00","2,649,000.00","93.66","Canada","-","CAD","3.28","1.00","Dec 9, 2026","2.70","CAD","Dec 9, 2016"
"ENBCN","ENBRIDGE INC","Energy","Fixed Income","2,502,062.26","0.15","2,502,062.26","2,550,000.00","2,550,000.00","97.23","Canada","-","CAD","4.13","1.00","Apr 12, 2078","6.63","CAD","Apr 12, 2018"
"FORTFD_21-1-A","FORTFD_21-1 A","Securitized","Fixed Income","2,490,822.09","0.15","2,490,822.09","2,745,000.00","2,745,000.00","90.54","Canada","-","CAD","3.23","1.00","Oct 23, 2026","1.96","CAD","Oct 27, 2021"
"HYDONE","HYDRO ONE INC 3.63 6/49 MTN","Infrastructure","Fixed Income","2,486,635.83","0.15","2,486,635.83","2,888,000.00","2,888,000.00","84.54","Canada","-","CAD","15.69","1.00","Jun 25, 2049","3.63","CAD","Jun 26, 2018"
"GTAAIR","GREATER TORONTO AIRPORTS AUTHORITY MTN","Infrastructure","Fixed Income","2,482,514.92","0.15","2,482,514.92","2,113,000.00","2,113,000.00","114.20","Canada","-","CAD","5.53","1.00","Jun 12, 2030","7.05","CAD","Jun 12, 2000"
"CARDS2_19-2-A","CARDS2_19-2 A","Securitized","Fixed Income","2,478,215.56","0.15","2,478,215.56","2,584,000.00","2,584,000.00","95.80","Canada","-","CAD","1.41","1.00","Nov 15, 2024","2.43","CAD","Nov 15, 2019"
"HYDONE","HYDRO ONE INC MTN","Infrastructure","Fixed Income","2,454,813.96","0.15","2,454,813.96","2,305,000.00","2,305,000.00","106.34","Canada","-","CAD","9.49","1.00","May 20, 2036","5.36","CAD","May 19, 2005"
"CVECN","CENOVUS ENERGY INC","Energy","Fixed Income","2,446,732.27","0.15","2,446,732.27","2,540,000.00","2,540,000.00","95.52","Canada","-","CAD","3.43","1.00","Mar 10, 2027","3.60","CAD","Mar 10, 2017"
"PPLCN","PEMBINA PIPELINE CORP MTN","Energy","Fixed Income","2,445,119.45","0.15","2,445,119.45","2,790,000.00","2,790,000.00","86.78","Canada","-","CAD","13.75","1.00","Mar 26, 2048","4.75","CAD","Mar 26, 2018"
"IPLCN","INTER PIPELINE LTD MTN","Energy","Fixed Income","2,421,441.16","0.15","2,421,441.16","2,469,000.00","2,469,000.00","95.98","Canada","-","CAD","3.54","1.00","Jun 1, 2027","4.23","CAD","Jun 1, 2020"
"FFHCN","FAIRFAX FINANCIAL HOLDINGS LTD","Financial","Fixed Income","2,417,160.15","0.14","2,417,160.15","2,730,000.00","2,730,000.00","87.58","Canada","-","CAD","6.51","1.00","Mar 3, 2031","3.95","CAD","Mar 1, 2021"
"BNCN","BROOKFIELD ASSET MANAGEMENT INC MTN","Industrial","Fixed Income","2,414,178.47","0.14","2,414,178.47","2,408,000.00","2,408,000.00","98.63","Canada","-","CAD","2.29","1.00","Jan 28, 2026","4.82","CAD","Jan 28, 2014"
"NWRWPT","NORTH WEST REDWATER PARTNERSHIP /","Energy","Fixed Income","2,406,034.09","0.14","2,406,034.09","2,549,000.00","2,549,000.00","93.00","Canada","-","CAD","3.69","1.00","Jun 1, 2027","2.80","CAD","May 19, 2017"
"ATDBCN","ALIMENTATION COUCHE-TARD INC","Industrial","Fixed Income","2,368,788.36","0.14","2,368,788.36","2,404,000.00","2,404,000.00","97.49","Canada","-","CAD","1.11","1.00","Jul 26, 2024","3.06","CAD","Jul 26, 2017"
"CNQCN","CANADIAN NATURAL RESOURCES LTD MTN","Energy","Fixed Income","2,361,935.01","0.14","2,361,935.01","2,432,000.00","2,432,000.00","95.45","Canada","-","CAD","3.19","1.00","Dec 1, 2026","3.42","CAD","May 30, 2017"
"GTAAIR","GREATER TORONTO AIRPORTS AUTHORITY","Infrastructure","Fixed Income","2,357,813.16","0.14","2,357,813.16","3,000,000.00","3,000,000.00","78.26","Canada","-","CAD","12.57","1.00","Oct 17, 2039","2.75","CAD","Sep 25, 2019"
"PPLCN","PEMBINA PIPELINE CORP MTN RegS","Energy","Fixed Income","2,339,287.04","0.14","2,339,287.04","2,435,000.00","2,435,000.00","95.35","Canada","-","CAD","4.28","1.00","Mar 27, 2028","4.02","CAD","Mar 26, 2018"
"ATDBCN","ALIMENTATION COUCHE-TARD INC RegS","Industrial","Fixed Income","2,311,277.07","0.14","2,311,277.07","2,337,000.00","2,337,000.00","97.12","Canada","-","CAD","1.88","1.00","Jun 2, 2025","3.60","CAD","Jun 2, 2015"
"PLENCS","PLENARY PROPERTIES LTAP LP","Infrastructure","Fixed Income","2,306,838.65","0.14","2,306,838.65","2,044,258.00","2,044,258.00","110.78","Canada","-","CAD","8.44","1.00","Jan 31, 2044","6.29","CAD","Jan 31, 2011"
"RY","ROYAL BANK OF CANADA","Financial","Fixed Income","2,300,182.19","0.14","2,300,182.19","2,258,000.00","2,258,000.00","100.04","Canada","-","CAD","1.97","1.00","Jul 16, 2025","4.93","CAD","Jul 16, 2010"
"NACN","NATIONAL BANK OF CANADA","Financial","Fixed Income","2,298,603.90","0.14","2,298,603.90","2,287,000.00","2,287,000.00","98.96","Canada","-","CAD","3.70","1.00","Aug 16, 2032","5.43","CAD","Jul 25, 2022"
"BMO","BANK OF MONTREAL","Financial","Fixed Income","2,287,755.71","0.14","2,287,755.71","2,485,000.00","2,485,000.00","91.67","Canada","-","CAD","2.66","1.00","Mar 10, 2026","1.76","CAD","Mar 10, 2021"
"ENBCN","ENBRIDGE INC","Energy","Fixed Income","2,283,295.10","0.14","2,283,295.10","2,664,000.00","2,664,000.00","83.89","Canada","-","CAD","5.71","1.00","Jan 19, 2082","5.00","CAD","Jan 19, 2022"
"BCECN","BELL CANADA INC","Communication","Fixed Income","2,277,772.82","0.14","2,277,772.82","2,571,000.00","2,571,000.00","88.12","Canada","-","CAD","3.99","1.00","Aug 16, 2027","1.65","CAD","Aug 14, 2020"
"SLFCN","SUN LIFE FINANCIAL INC","Financial","Fixed Income","2,274,892.91","0.14","2,274,892.91","2,819,000.00","2,819,000.00","80.36","Canada","-","CAD","6.31","1.00","Oct 1, 2035","2.06","CAD","Oct 1, 2020"
"GTAAIR","GREATER TORONTO AIRPORTS AUTHORITY MTN","Infrastructure","Fixed Income","2,272,386.37","0.14","2,272,386.37","2,081,000.00","2,081,000.00","107.82","Canada","-","CAD","11.66","1.00","Feb 25, 2041","5.30","CAD","Feb 23, 2011"
"CM","CANADIAN IMPERIAL BANK OF COMMERCE","Financial","Fixed Income","2,261,439.37","0.14","2,261,439.37","2,275,000.00","2,275,000.00","98.80","Canada","-","CAD","4.27","1.00","Apr 20, 2033","5.35","CAD","Apr 20, 2023"
"SAPCN","SAPUTO INC MTN","Industrial","Fixed Income","2,261,185.17","0.14","2,261,185.17","2,475,000.00","2,475,000.00","90.34","Canada","-","CAD","3.77","1.00","Jun 16, 2027","2.24","CAD","Jun 16, 2020"
"NACN","NATIONAL BANK OF CANADA","Financial","Fixed Income","2,253,927.93","0.14","2,253,927.93","2,480,000.00","2,480,000.00","90.18","Canada","-","CAD","2.90","1.00","Jun 15, 2026","1.53","CAD","Jun 15, 2021"
"BCECN","BELL CANADA MTN","Communication","Fixed Income","2,234,163.48","0.13","2,234,163.48","2,353,000.00","2,353,000.00","94.09","Canada","-","CAD","2.99","1.00","Aug 12, 2026","2.90","CAD","Aug 12, 2016"
"FORTFD_22-1-A","FORTFD_22-1 A","Securitized","Fixed Income","2,224,396.06","0.13","2,224,396.06","2,255,000.00","2,255,000.00","97.02","Canada","-","CAD","1.93","1.00","Jun 23, 2025","3.70","CAD","Apr 26, 2022"
"GTAAIR","GREATER TORONTO AIRPORTS AUTHORITY MTN","Infrastructure","Fixed Income","2,215,512.47","0.13","2,215,512.47","1,872,000.00","1,872,000.00","117.47","Canada","-","CAD","7.10","1.00","Oct 15, 2032","6.98","CAD","Oct 15, 2002"
"NWRWPT","NORTH WEST REDWATER PARTNERSHIP RegS","Energy","Fixed Income","2,212,783.64","0.13","2,212,783.64","2,214,000.00","2,214,000.00","97.59","Canada","-","CAD","9.87","1.00","Jun 1, 2037","4.75","CAD","Jan 29, 2016"
"SLFCN","SUN LIFE FINANCIAL INC","Financial","Fixed Income","2,206,855.55","0.13","2,206,855.55","2,231,000.00","2,231,000.00","97.47","Canada","-","CAD","4.20","1.00","Aug 10, 2034","4.80","CAD","Aug 10, 2022"
"ONTPOW","ONTARIO POWER GENERATION INC MTN","Energy","Fixed Income","2,199,398.19","0.13","2,199,398.19","2,379,000.00","2,379,000.00","91.98","Canada","-","CAD","6.05","1.00","Apr 8, 2030","3.21","CAD","Apr 8, 2020"
"CHPUCN","CHOICE PROPERTIES REAL ESTATE INVE","Real Estate","Fixed Income","2,180,879.85","0.13","2,180,879.85","2,348,000.00","2,348,000.00","91.23","Canada","-","CAD","5.27","1.00","Jun 11, 2029","3.53","CAD","Jun 11, 2019"
"ENBPIP","ENBRIDGE PIPELINES INC MTN","Energy","Fixed Income","2,179,745.58","0.13","2,179,745.58","2,248,000.00","2,248,000.00","96.37","Canada","-","CAD","2.20","1.00","Sep 29, 2025","3.45","CAD","Sep 29, 2015"
"IPLCN","INTER PIPELINE LTD","Energy","Fixed Income","2,158,557.92","0.13","2,158,557.92","2,040,000.00","2,040,000.00","104.01","Canada","-","CAD","7.13","1.00","Feb 17, 2033","6.38","CAD","Nov 17, 2022"
"GTAAIR","GREATER TORONTO AIRPORTS AUTHORITY MTN 144A","Infrastructure","Fixed Income","2,152,789.03","0.13","2,152,789.03","1,802,000.00","1,802,000.00","116.00","Canada","-","CAD","6.12","1.00","Jun 4, 2031","7.10","CAD","Jun 4, 2001"
"TERANE","TERANET HOLDINGS LP","Industrial","Fixed Income","2,149,885.56","0.13","2,149,885.56","2,204,000.00","2,204,000.00","95.88","Canada","-","CAD","1.90","1.00","Jun 11, 2025","3.54","CAD","Jun 11, 2020"
"CUCN","CU INC","Energy","Fixed Income","2,149,431.77","0.13","2,149,431.77","2,140,000.00","2,140,000.00","99.37","Canada","-","CAD","12.85","1.00","Sep 9, 2043","4.72","CAD","Sep 9, 2013"
"SNCINN","SNC-LAVALIN INNISFREE MCGILL FINAN 144A","Infrastructure","Fixed Income","2,147,440.53","0.13","2,147,440.53","1,856,704.00","1,856,704.00","112.92","Canada","-","CAD","8.54","1.00","Jun 30, 2044","6.63","CAD","Jul 15, 2010"
"TCN","TELUS CORPORATION","Communication","Fixed Income","2,145,773.31","0.13","2,145,773.31","2,163,000.00","2,163,000.00","98.33","Canada","-","CAD","7.64","1.00","Mar 28, 2033","4.95","CAD","Mar 28, 2023"
"DTRGR","DAIMLER TRUCKS FINANCE CANADA INC RegS","Financial","Fixed Income","2,143,454.13","0.13","2,143,454.13","2,133,000.00","2,133,000.00","99.45","Germany","-","CAD","2.14","1.00","Sep 19, 2025","5.18","CAD","Sep 19, 2022"
"NWRWPT","NORTH WEST REDWATER PARTNERSHIP /","Energy","Fixed Income","2,142,867.26","0.13","2,142,867.26","2,377,000.00","2,377,000.00","88.34","Canada","-","CAD","9.32","1.00","Jun 1, 2035","3.65","CAD","May 19, 2017"
"TCN","TELUS CORPORATION RegS","Communication","Fixed Income","2,140,329.28","0.13","2,140,329.28","2,520,000.00","2,520,000.00","84.79","Canada","-","CAD","7.36","1.00","Nov 13, 2031","2.85","CAD","Jun 28, 2021"
"IPLCN","INTER PIPELINE LTD","Energy","Fixed Income","2,139,553.04","0.13","2,139,553.04","2,416,000.00","2,416,000.00","88.49","Canada","-","CAD","7.09","1.00","Nov 25, 2031","3.98","CAD","Nov 25, 2021"
"HNDA","HONDA CANADA FINANCE INC","Financial","Fixed Income","2,107,892.04","0.13","2,107,892.04","2,092,000.00","2,092,000.00","99.84","Canada","-","CAD","3.85","1.00","Sep 23, 2027","4.87","CAD","Mar 23, 2023"
"BCECN","BELL CANADA INC","Communication","Fixed Income","2,104,199.00","0.13","2,104,199.00","2,169,000.00","2,169,000.00","96.09","Canada","-","CAD","1.59","1.00","Jan 29, 2025","2.75","CAD","May 13, 2019"
"IPLCN","INTER PIPELINE LTD","Energy","Fixed Income","2,098,077.28","0.13","2,098,077.28","2,082,000.00","2,082,000.00","100.56","Canada","-","CAD","6.92","1.00","May 18, 2032","5.85","CAD","May 18, 2022"
"NORCOU","NORTHERN COURIER PIPELINE LP RegS","Energy","Fixed Income","2,090,930.81","0.13","2,090,930.81","2,331,524.00","2,331,524.00","88.32","Canada","-","CAD","6.45","1.00","Jun 30, 2042","3.37","CAD","Jul 17, 2019"
"TIHCN","TOROMONT INDUSTRIES LTD.","Industrial","Fixed Income","2,089,616.93","0.13","2,089,616.93","2,165,000.00","2,165,000.00","96.16","Canada","-","CAD","3.95","1.00","Oct 27, 2027","3.84","CAD","Oct 27, 2017"
"PPLCN","PEMBINA PIPELINE CORP MTN","Energy","Fixed Income","2,081,983.17","0.12","2,081,983.17","2,328,000.00","2,328,000.00","88.55","Canada","-","CAD","12.55","1.00","Mar 25, 2044","4.81","CAD","Apr 4, 2014"
"NWRWPT","NORTH WEST REDWATER PARTNERSHIP / RegS","Energy","Fixed Income","2,081,910.09","0.12","2,081,910.09","2,351,000.00","2,351,000.00","87.12","Canada","-","CAD","13.43","1.00","Jul 22, 2044","4.05","CAD","Jul 23, 2014"
"TCN","TELUS CORPORATION","Communication","Fixed Income","2,063,628.23","0.12","2,063,628.23","2,584,000.00","2,584,000.00","78.74","Canada","-","CAD","14.98","1.00","Feb 16, 2050","3.95","CAD","Dec 16, 2019"
"BMO","BANK OF MONTREAL","Financial","Fixed Income","2,050,058.99","0.12","2,050,058.99","2,043,000.00","2,043,000.00","99.31","Canada","-","CAD","2.13","1.00","Sep 10, 2025","4.61","CAD","Sep 10, 2010"
"GTAAIR","GREATER TORONTO AIRPORTS AUTHORITY MTN 144A","Infrastructure","Fixed Income","2,035,749.66","0.12","2,035,749.66","1,736,000.00","1,736,000.00","115.18","Canada","-","CAD","7.85","1.00","Feb 2, 2034","6.47","CAD","Feb 2, 2004"
"IPLCN","INTER PIPELINE LTD RegS","Energy","Fixed Income","2,017,604.25","0.12","2,017,604.25","2,000,000.00","2,000,000.00","100.85","Canada","-","CAD","5.70","1.00","May 29, 2030","5.71","CAD","May 29, 2023"
"CHPUCN","CHOICE PROPERTIES REAL ESTATE INVE","Real Estate","Fixed Income","2,013,811.91","0.12","2,013,811.91","2,000,000.00","2,000,000.00","99.34","Canada","-","CAD","7.43","1.00","Mar 1, 2033","5.40","CAD","Mar 1, 2023"
"NWRWPT","NORTH WEST REDWATER PARTNERSHIP RegS","Energy","Fixed Income","2,012,231.05","0.12","2,012,231.05","2,019,000.00","2,019,000.00","97.56","Canada","-","CAD","5.07","1.00","Jun 1, 2029","4.25","CAD","Jan 29, 2016"
"TRPCN","TRANSCANADA PIPELINES LTD MTN","Energy","Fixed Income","1,997,425.80","0.12","1,997,425.80","2,332,000.00","2,332,000.00","83.56","Canada","-","CAD","13.40","1.00","Jun 6, 2046","4.35","CAD","Jun 6, 2016"
"IGMCN","IGM FINANCIAL INC","Financial","Fixed Income","1,985,042.84","0.12","1,985,042.84","2,079,000.00","2,079,000.00","94.30","Canada","-","CAD","3.36","1.00","Jan 26, 2027","3.44","CAD","Jan 26, 2017"
"ENBCN","ENBRIDGE INC MTN","Energy","Fixed Income","1,972,494.50","0.12","1,972,494.50","1,741,000.00","1,741,000.00","112.90","Canada","-","CAD","14.08","1.00","Nov 9, 2052","6.51","CAD","Nov 9, 2022"
"TRPCN","TRANSCANADA PIPELINES LTD MTN","Energy","Fixed Income","1,969,970.29","0.12","1,969,970.29","2,099,000.00","2,099,000.00","93.14","Canada","-","CAD","4.34","1.00","Mar 15, 2028","3.39","CAD","Sep 15, 2017"
"APUCN","ALLIED PROPERTIES REAL ESTATE INVE","Real Estate","Fixed Income","1,955,902.95","0.12","1,955,902.95","2,174,000.00","2,174,000.00","89.46","Canada","-","CAD","2.59","1.00","Feb 12, 2026","1.73","CAD","Feb 12, 2021"
"TCN","TELUS CORPORATION","Communication","Fixed Income","1,954,264.70","0.12","1,954,264.70","2,045,000.00","2,045,000.00","94.66","Canada","-","CAD","4.26","1.00","Mar 1, 2028","3.63","CAD","Mar 1, 2018"
"PLEHHU","PLENARY HLTH CARE PTNRSHP HUMBR LP","Infrastructure","Fixed Income","1,947,730.74","0.12","1,947,730.74","1,982,067.00","1,982,067.00","98.27","Canada","-","CAD","7.11","1.00","May 31, 2039","4.89","CAD","Sep 23, 2011"
"CWBCN","CANADIAN WESTERN BANK","Financial","Fixed Income","1,947,190.36","0.12","1,947,190.36","2,035,000.00","2,035,000.00","94.82","Canada","-","CAD","1.59","1.00","Jan 30, 2025","2.61","CAD","Jan 30, 2020"
"FFHCN","FAIRFAX FINANCIAL HOLDINGS LTD","Financial","Fixed Income","1,939,752.70","0.12","1,939,752.70","2,002,000.00","2,002,000.00","94.84","Canada","-","CAD","3.98","1.00","Dec 6, 2027","4.25","CAD","Dec 4, 2017"
"OMERS","OMERS REALTY CORP","Real Estate","Fixed Income","1,930,075.07","0.12","1,930,075.07","1,875,000.00","1,875,000.00","102.69","Canada","-","CAD","4.62","1.00","Nov 14, 2028","5.38","CAD","Nov 14, 2022"
"TCN","TELUS CORPORATION","Communication","Fixed Income","1,928,730.22","0.12","1,928,730.22","2,134,000.00","2,134,000.00","89.58","Canada","-","CAD","4.32","1.00","Jan 27, 2028","2.35","CAD","May 29, 2020"
"MFCCN","MANULIFE BANK OF CANADA","Financial","Fixed Income","1,921,395.83","0.12","1,921,395.83","2,051,000.00","2,051,000.00","92.86","Canada","-","CAD","3.45","1.00","Feb 16, 2027","2.86","CAD","Feb 16, 2022"
"PPLCN","PEMBINA PIPELINE CORP MTN","Energy","Fixed Income","1,919,619.47","0.12","1,919,619.47","1,979,000.00","1,979,000.00","95.89","Canada","-","CAD","2.92","1.00","Aug 11, 2026","3.71","CAD","Aug 11, 2016"
"TRPCN","TRANSCANADA PIPELINES LTD","Energy","Fixed Income","1,917,307.36","0.11","1,917,307.36","1,949,000.00","1,949,000.00","98.14","Canada","-","CAD","2.70","1.00","May 12, 2026","4.35","CAD","May 12, 2022"
"PPLCN","PEMBINA PIPELINE CORP MTN","Energy","Fixed Income","1,911,986.22","0.11","1,911,986.22","2,263,000.00","2,263,000.00","83.77","Canada","-","CAD","14.17","1.00","Apr 3, 2049","4.54","CAD","Apr 3, 2019"
"HYDONE","HYDRO ONE INC MTN","Infrastructure","Fixed Income","1,908,546.75","0.11","1,908,546.75","1,596,000.00","1,596,000.00","116.15","Canada","-","CAD","6.73","1.00","Jun 1, 2032","6.93","CAD","Jun 22, 2001"
"ETRHWY","407 INTERNATIONAL INC MTN","Infrastructure","Fixed Income","1,906,400.23","0.11","1,906,400.23","2,207,000.00","2,207,000.00","86.34","Canada","-","CAD","7.87","1.00","May 25, 2032","2.59","CAD","May 22, 2020"
"BCECN","BELL CANADA INC MTN","Communication","Fixed Income","1,904,654.03","0.11","1,904,654.03","2,111,000.00","2,111,000.00","89.57","Canada","-","CAD","5.63","1.00","Sep 10, 2029","2.90","CAD","Sep 10, 2019"
"TCN","TELUS CORPORATION","Communication","Fixed Income","1,904,451.39","0.11","1,904,451.39","1,835,000.00","1,835,000.00","102.56","Canada","-","CAD","14.45","1.00","Sep 13, 2052","5.65","CAD","Sep 13, 2022"
"VTR","VENTAS CANADA FINANCE LTD","Real Estate","Fixed Income","1,902,089.04","0.11","1,902,089.04","1,900,000.00","1,900,000.00","99.52","United States","-","CAD","4.22","1.00","Apr 21, 2028","5.40","CAD","Apr 21, 2023"
"SAPCN","SAPUTO INC","Industrial","Fixed Income","1,888,588.01","0.11","1,888,588.01","2,084,000.00","2,084,000.00","89.99","Canada","-","CAD","2.92","1.00","Jun 19, 2026","1.42","CAD","Nov 19, 2020"
"OMERS","OMERS REALTY CORP","Real Estate","Fixed Income","1,888,026.32","0.11","1,888,026.32","1,999,000.00","1,999,000.00","92.69","Canada","-","CAD","6.00","1.00","Jun 5, 2030","3.63","CAD","Jun 5, 2018"
"ENBPIP","ENBRIDGE PIPELINES INC MTN","Energy","Fixed Income","1,879,833.62","0.11","1,879,833.62","1,992,000.00","1,992,000.00","93.42","Canada","-","CAD","5.08","1.00","Feb 22, 2029","3.52","CAD","Feb 22, 2019"
"CRSLNX","CROSSLINX TRANSIT SOLUTIONS GENERA RegS","Infrastructure","Fixed Income","1,870,937.48","0.11","1,870,937.48","1,991,872.00","1,991,872.00","93.15","Canada","-","CAD","9.18","1.00","Sep 30, 2046","4.65","CAD","Jul 24, 2015"
"GWOCN","GREAT-WEST LIFECO INC.","Financial","Fixed Income","1,865,086.44","0.11","1,865,086.44","1,634,000.00","1,634,000.00","112.84","Canada","-","CAD","7.34","1.00","Mar 21, 2033","6.67","CAD","Mar 21, 2003"
"BRUPOW","BRUCE POWER LP","Energy","Fixed Income","1,864,373.46","0.11","1,864,373.46","2,057,000.00","2,057,000.00","89.45","Canada","-","CAD","5.03","1.00","Dec 21, 2028","2.68","CAD","Nov 22, 2021"
"ENBGAS","ENBRIDGE GAS INC","Energy","Fixed Income","1,858,814.92","0.11","1,858,814.92","2,034,000.00","2,034,000.00","90.91","Canada","-","CAD","6.09","1.00","Apr 1, 2030","2.90","CAD","Apr 1, 2020"
"NWRWPT","NORTH WEST REDWATER PARTNERSHIP RegS","Energy","Fixed Income","1,858,046.84","0.11","1,858,046.84","2,018,000.00","2,018,000.00","91.08","Canada","-","CAD","3.30","1.00","Dec 1, 2026","2.00","CAD","Jun 30, 2021"
"CCDJ","FEDERATION DES CAISSES DESJARDINS","Financial","Fixed Income","1,857,917.40","0.11","1,857,917.40","2,058,000.00","2,058,000.00","89.92","Canada","-","CAD","3.13","1.00","Sep 10, 2026","1.59","CAD","Sep 10, 2021"
"GLCRTR_22-1","GLCRTR_22-1 RegS","Securitized","Fixed Income","1,856,414.54","0.11","1,856,414.54","1,845,000.00","1,845,000.00","99.64","Canada","-","CAD","3.83","1.00","Sep 20, 2027","4.96","CAD","Sep 27, 2022"
"FTSCN","FORTIS INC","Infrastructure","Fixed Income","1,854,446.36","0.11","1,854,446.36","2,078,000.00","2,078,000.00","89.15","Canada","-","CAD","4.63","1.00","May 15, 2028","2.18","CAD","May 14, 2021"
"WM","WASTE MANAGEMENT OF CANADA CORP","Industrial","Fixed Income","1,843,909.58","0.11","1,843,909.58","1,978,000.00","1,978,000.00","92.73","Canada","-","CAD","3.12","1.00","Sep 23, 2026","2.60","CAD","Sep 23, 2019"
"ENBCN","ENBRIDGE INC MTN","Energy","Fixed Income","1,835,442.19","0.11","1,835,442.19","1,820,000.00","1,820,000.00","100.77","Canada","-","CAD","7.68","1.00","May 26, 2033","5.36","CAD","May 26, 2023"
"TCN","TELUS CORPORATION","Communication","Fixed Income","1,831,849.84","0.11","1,831,849.84","1,878,000.00","1,878,000.00","96.70","Canada","-","CAD","2.55","1.00","Mar 10, 2026","3.75","CAD","Dec 8, 2015"
"GWOCN","GREAT-WEST LIFECO INC","Financial","Fixed Income","1,826,377.38","0.11","1,826,377.38","1,925,000.00","1,925,000.00","94.04","Canada","-","CAD","4.30","1.00","Feb 28, 2028","3.34","CAD","Feb 28, 2018"
"CHPUCN","CHOICE PROPERTIES REAL ESTATE INVE","Real Estate","Fixed Income","1,824,641.92","0.11","1,824,641.92","1,857,000.00","1,857,000.00","97.45","Canada","-","CAD","1.22","1.00","Sep 9, 2024","3.56","CAD","Mar 8, 2018"
"ENBGAS","ENBRIDGE GAS INC","Energy","Fixed Income","1,822,386.08","0.11","1,822,386.08","2,169,000.00","2,169,000.00","83.42","Canada","-","CAD","16.01","1.00","Apr 1, 2050","3.65","CAD","Apr 1, 2020"
"PPLCN","PEMBINA PIPELINE CORP MTN","Energy","Fixed Income","1,814,431.98","0.11","1,814,431.98","1,849,000.00","1,849,000.00","97.00","Canada","-","CAD","1.59","1.00","Feb 3, 2025","3.54","CAD","Feb 2, 2015"
"REIUCN","RIOCAN REAL ESTATE INVESTMENT TRUS","Real Estate","Fixed Income","1,810,494.07","0.11","1,810,494.07","1,898,000.00","1,898,000.00","94.63","Canada","-","CAD","1.63","1.00","Feb 12, 2025","2.58","CAD","Aug 12, 2019"
"BAMREP","BROOKFIELD RENEWABLE PARTNERS ULC","Energy","Fixed Income","1,808,384.05","0.11","1,808,384.05","1,848,000.00","1,848,000.00","96.27","Canada","-","CAD","4.85","1.00","Jan 15, 2029","4.25","CAD","Sep 20, 2018"
"TOYOTA","TOYOTA CREDIT CANADA INC MTN RegS","Financial","Fixed Income","1,805,906.91","0.11","1,805,906.91","1,798,000.00","1,798,000.00","98.89","Canada","-","CAD","2.45","1.00","Jan 26, 2026","4.45","CAD","Jan 24, 2023"
"ENBCN","ENBRIDGE INC MTN","Energy","Fixed Income","1,803,587.10","0.11","1,803,587.10","1,878,000.00","1,878,000.00","94.83","Canada","-","CAD","1.90","1.00","Jun 2, 2025","2.44","CAD","May 12, 2020"
"ENBCN","ENBRIDGE INC MTN","Energy","Fixed Income","1,801,313.75","0.11","1,801,313.75","1,746,000.00","1,746,000.00","102.82","Canada","-","CAD","3.86","1.00","Nov 9, 2027","5.70","CAD","Nov 9, 2022"
"VW","VW CREDIT CANADA INC RegS","Financial","Fixed Income","1,798,488.87","0.11","1,798,488.87","1,775,000.00","1,775,000.00","101.10","Germany","-","CAD","2.29","1.00","Nov 17, 2025","5.80","CAD","Nov 15, 2022"
"CP","CANADIAN PACIFIC RAILWAY CO MTN","Industrial","Fixed Income","1,798,229.57","0.11","1,798,229.57","1,537,000.00","1,537,000.00","116.75","Canada","-","CAD","10.71","1.00","Nov 17, 2039","6.45","CAD","Nov 17, 2009"
"SGTPHW","SGTP HIGHWAY BYPASS LIMITED PARTNE RegS","Infrastructure","Fixed Income","1,797,082.48","0.11","1,797,082.48","1,956,292.00","1,956,292.00","90.51","Canada","-","CAD","8.75","1.00","Jan 31, 2045","4.11","CAD","Aug 4, 2015"
"HYDONE","HYDRO ONE INC","Infrastructure","Fixed Income","1,794,611.34","0.11","1,794,611.34","1,913,000.00","1,913,000.00","93.35","Canada","-","CAD","5.27","1.00","Apr 5, 2029","3.02","CAD","Apr 5, 2019"
"PPLCN","PEMBINA PIPELINE CORP","Energy","Fixed Income","1,794,094.48","0.11","1,794,094.48","2,001,000.00","2,001,000.00","88.00","Canada","-","CAD","7.11","1.00","Dec 10, 2031","3.53","CAD","Dec 10, 2021"
"AIREIN","AIMCO REALTY INVESTORS LP","Real Estate","Fixed Income","1,790,739.83","0.11","1,790,739.83","1,984,000.00","1,984,000.00","88.91","Canada","-","CAD","5.38","1.00","Jun 1, 2029","2.71","CAD","Jun 14, 2019"
"GRTCN","GRANITE REIT HOLDINGS LP","Real Estate","Fixed Income","1,789,887.25","0.11","1,789,887.25","1,915,000.00","1,915,000.00","91.97","Canada","-","CAD","3.67","1.00","Jun 4, 2027","3.06","CAD","Jun 4, 2020"
"RCICN","ROGERS COMMUNICATIONS INC","Communication","Fixed Income","1,788,586.89","0.11","1,788,586.89","1,848,000.00","1,848,000.00","96.43","Canada","-","CAD","4.73","1.00","Nov 2, 2028","4.40","CAD","Apr 3, 2023"
"ETRHWY","HIGHWAY 407 144A","Infrastructure","Fixed Income","1,786,762.71","0.11","1,786,762.71","1,593,000.00","1,593,000.00","109.97","Canada","-","CAD","5.05","1.00","Jul 27, 2029","6.47","CAD","Jul 27, 1999"
"HYDONE","HYDRO ONE INC MTN","Infrastructure","Fixed Income","1,769,475.82","0.11","1,769,475.82","1,589,000.00","1,589,000.00","109.33","Canada","-","CAD","11.24","1.00","Jul 16, 2040","5.49","CAD","Jul 16, 2009"
"RCICN","ROGERS COMMUNICATIONS INC","Communication","Fixed Income","1,768,619.96","0.11","1,768,619.96","1,609,000.00","1,609,000.00","109.43","Canada","-","CAD","10.34","1.00","Nov 4, 2039","6.68","CAD","Nov 4, 2009"
"MRUCN","METRO INC MTN","Industrial","Fixed Income","1,762,184.90","0.11","1,762,184.90","1,628,000.00","1,628,000.00","107.49","Canada","-","CAD","8.89","1.00","Oct 15, 2035","5.97","CAD","Oct 12, 2005"
"CPXCN","CAPITAL POWER CORP MTN","Energy","Fixed Income","1,757,194.88","0.11","1,757,194.88","1,776,000.00","1,776,000.00","98.07","Canada","-","CAD","1.24","1.00","Sep 18, 2024","4.28","CAD","Sep 18, 2017"
"PPLCN","PEMBINA PIPELINE CORP RegS","Energy","Fixed Income","1,756,211.75","0.11","1,756,211.75","1,883,000.00","1,883,000.00","92.69","Canada","-","CAD","5.18","1.00","Apr 3, 2029","3.62","CAD","Apr 3, 2019"
"BRUPOW","BRUCE POWER LP","Energy","Fixed Income","1,751,876.81","0.11","1,751,876.81","1,860,000.00","1,860,000.00","92.36","Canada","-","CAD","7.96","1.00","Jun 21, 2033","4.13","CAD","Mar 1, 2018"
"BAMREP","BROOKFIELD RENEWABLE PARTNERS ULC MTN","Energy","Fixed Income","1,751,527.98","0.11","1,751,527.98","1,670,000.00","1,670,000.00","104.53","Canada","-","CAD","7.21","1.00","Nov 9, 2032","5.88","CAD","Nov 9, 2022"
"HOSNOH","HOSPITAL INFRASTRUCTURE PARTNERS I","Infrastructure","Fixed Income","1,748,344.64","0.10","1,748,344.64","1,675,224.00","1,675,224.00","102.58","Canada","-","CAD","8.81","1.00","Jan 31, 2045","5.44","CAD","Jul 29, 2011"
"BRUPOW","BRUCE POWER LP RegS","Energy","Fixed Income","1,746,010.76","0.10","1,746,010.76","1,814,000.00","1,814,000.00","94.49","Canada","-","CAD","5.96","1.00","Jun 21, 2030","4.00","CAD","Apr 9, 2020"
"HNDA","HONDA CANADA FINANCE INC","Financial","Fixed Income","1,745,062.45","0.10","1,745,062.45","1,800,000.00","1,800,000.00","96.87","Canada","-","CAD","1.89","1.00","May 23, 2025","3.44","CAD","May 23, 2018"
"BAMREP","BROOKFIELD RENEWABLE ENERGY PARTNE MTN","Energy","Fixed Income","1,739,217.82","0.10","1,739,217.82","1,805,000.00","1,805,000.00","95.00","Canada","-","CAD","3.31","1.00","Jan 15, 2027","3.63","CAD","Aug 12, 2016"
"ONTPOW","ONTARIO POWER GENERATION INC MTN","Energy","Fixed Income","1,738,309.14","0.10","1,738,309.14","1,821,000.00","1,821,000.00","94.94","Canada","-","CAD","3.97","1.00","Oct 4, 2027","3.31","CAD","Oct 2, 2017"
"PPLCN","PEMBINA PIPELINE CORP MTN","Energy","Fixed Income","1,738,262.40","0.10","1,738,262.40","1,915,000.00","1,915,000.00","89.69","Canada","-","CAD","5.84","1.00","Feb 1, 2030","3.31","CAD","Sep 12, 2019"
"HYNMTR","HYUNDAI CAPITAL CANADA INC","Financial","Fixed Income","1,735,290.32","0.10","1,735,290.32","1,909,000.00","1,909,000.00","90.80","Canada","-","CAD","2.82","1.00","May 12, 2026","2.01","CAD","May 12, 2021"
"HNDA","HONDA CANADA FINANCE INC","Financial","Fixed Income","1,728,786.77","0.10","1,728,786.77","1,984,000.00","1,984,000.00","86.71","Canada","-","CAD","4.47","1.00","Feb 25, 2028","1.65","CAD","Feb 25, 2021"
"SUCN","SUNCOR ENERGY INC MTN","Energy","Fixed Income","1,726,877.53","0.10","1,726,877.53","2,199,000.00","2,199,000.00","77.58","Canada","-","CAD","15.21","1.00","Mar 4, 2051","3.95","CAD","Mar 4, 2021"
"GM","GENERAL MOTORS FINANCIAL OF CANADA","Financial","Fixed Income","1,726,415.91","0.10","1,726,415.91","1,854,000.00","1,854,000.00","92.13","United States","-","CAD","3.41","1.00","Feb 8, 2027","3.15","CAD","Feb 8, 2022"
"GWOCN","GREAT-WEST LIFECO INC","Financial","Fixed Income","1,725,559.22","0.10","1,725,559.22","1,991,000.00","1,991,000.00","86.56","Canada","-","CAD","6.30","1.00","May 14, 2030","2.38","CAD","May 14, 2020"
"SYY","SYSCO CANADA INC RegS","Industrial","Fixed Income","1,721,105.72","0.10","1,721,105.72","1,765,000.00","1,765,000.00","97.15","Canada","-","CAD","1.81","1.00","Apr 25, 2025","3.65","CAD","Sep 25, 2018"
"CAAIAU","CALGARY AIRPORT AUTHORITY","Infrastructure","Fixed Income","1,719,162.88","0.10","1,719,162.88","2,030,000.00","2,030,000.00","84.18","Canada","-","CAD","12.98","1.00","Oct 7, 2041","3.45","CAD","Oct 7, 2021"
"TRPCN","TRANSCANADA PIPELINES LIMITED MTN","Energy","Fixed Income","1,717,477.76","0.10","1,717,477.76","1,356,000.00","1,356,000.00","124.39","Canada","-","CAD","9.59","1.00","Feb 17, 2039","8.05","CAD","Feb 17, 2009"
"SE","WESTCOAST ENERGY INC MTN","Energy","Fixed Income","1,715,189.30","0.10","1,715,189.30","1,742,000.00","1,742,000.00","96.66","Canada","-","CAD","2.32","1.00","Dec 8, 2025","3.77","CAD","Dec 8, 2015"
"BRUPOW","BRUCE POWER LP","Energy","Fixed Income","1,712,720.50","0.10","1,712,720.50","1,731,000.00","1,731,000.00","97.22","Canada","-","CAD","2.73","1.00","Jun 23, 2026","3.97","CAD","Jun 23, 2016"
"VW","VW CREDIT CANADA INC RegS","Financial","Fixed Income","1,706,689.46","0.10","1,706,689.46","1,758,000.00","1,758,000.00","96.56","Germany","-","CAD","1.27","1.00","Sep 26, 2024","2.85","CAD","Sep 26, 2019"
"ALTALK","ALTALINK LP MTN","Infrastructure","Fixed Income","1,704,039.42","0.10","1,704,039.42","1,824,000.00","1,824,000.00","91.76","Canada","-","CAD","12.85","1.00","Jun 30, 2042","3.99","CAD","Jun 29, 2012"
"GIBACN","CGI INC","Industrial","Fixed Income","1,702,112.05","0.10","1,702,112.05","1,939,000.00","1,939,000.00","87.36","Canada","-","CAD","4.92","1.00","Sep 18, 2028","2.10","CAD","Sep 16, 2021"
"GRTCN","GRANITE REIT HOLDINGS LP","Real Estate","Fixed Income","1,701,924.79","0.10","1,701,924.79","2,066,000.00","2,066,000.00","81.31","Canada","-","CAD","6.69","1.00","Dec 18, 2030","2.38","CAD","Dec 18, 2020"
"CWBCN","CANADIAN WESTERN BANK","Financial","Fixed Income","1,698,814.97","0.10","1,698,814.97","1,875,000.00","1,875,000.00","90.37","Canada","-","CAD","2.75","1.00","Apr 16, 2026","1.93","CAD","Apr 16, 2021"
"ETRHWY","407 INTERNATIONAL INC. MTN","Infrastructure","Fixed Income","1,695,677.90","0.10","1,695,677.90","1,574,000.00","1,574,000.00","106.06","Canada","-","CAD","9.04","1.00","Feb 14, 2036","5.75","CAD","Feb 14, 2006"
"MBGGR","DAIMLER CANADA FINANCE INC","Financial","Fixed Income","1,693,630.64","0.10","1,693,630.64","1,820,000.00","1,820,000.00","92.74","Germany","-","CAD","2.23","1.00","Sep 22, 2025","1.65","CAD","Sep 22, 2020"
"MFCCN","MANULIFE BANK OF CANADA","Financial","Fixed Income","1,692,290.21","0.10","1,692,290.21","1,766,000.00","1,766,000.00","95.75","Canada","-","CAD","1.42","1.00","Nov 19, 2024","2.38","CAD","Nov 19, 2019"
"ONTPOW","ONTARIO POWER GENERATION INC MTN","Energy","Fixed Income","1,689,346.29","0.10","1,689,346.29","1,835,000.00","1,835,000.00","91.42","Canada","-","CAD","5.63","1.00","Sep 13, 2029","2.98","CAD","Sep 13, 2019"
"ALACN","ALTAGAS LTD MTN","Energy","Fixed Income","1,688,512.70","0.10","1,688,512.70","1,778,000.00","1,778,000.00","93.95","Canada","-","CAD","1.93","1.00","Jun 10, 2025","2.16","CAD","Jun 10, 2020"
"VW","VW CREDIT CANADA INC RegS","Financial","Fixed Income","1,683,816.40","0.10","1,683,816.40","1,820,000.00","1,820,000.00","91.36","Germany","-","CAD","3.29","1.00","Dec 10, 2026","2.45","CAD","Dec 10, 2021"
"CUCN","CU INC","Energy","Fixed Income","1,679,500.70","0.10","1,679,500.70","1,716,000.00","1,716,000.00","97.41","Canada","-","CAD","12.36","1.00","Oct 24, 2041","4.54","CAD","Oct 24, 2011"
"ARXCN","ARC RESOURCES LTD","Energy","Fixed Income","1,676,359.29","0.10","1,676,359.29","1,885,000.00","1,885,000.00","88.15","Canada","-","CAD","6.66","1.00","Mar 10, 2031","3.46","CAD","Mar 10, 2021"
"NWRWPT","NORTH WEST REDWATER PARTNERSHIP","Energy","Fixed Income","1,675,660.62","0.10","1,675,660.62","1,781,000.00","1,781,000.00","92.40","Canada","-","CAD","10.90","1.00","Jan 10, 2039","4.35","CAD","Jun 10, 2016"
"NWRWPT","NORTH WEST REDWATER PARTNERSHIP RegS","Energy","Fixed Income","1,674,138.20","0.10","1,674,138.20","1,736,000.00","1,736,000.00","94.38","Canada","-","CAD","7.88","1.00","Jun 1, 2033","4.15","CAD","Jun 10, 2016"
"HYDONE","HYDRO ONE INC MTN","Infrastructure","Fixed Income","1,667,897.73","0.10","1,667,897.73","1,738,000.00","1,738,000.00","95.24","Canada","-","CAD","2.58","1.00","Feb 24, 2026","2.77","CAD","Feb 24, 2016"
"TOYOTA","TOYOTA CREDIT CANADA INC MTN","Financial","Fixed Income","1,666,822.91","0.10","1,666,822.91","1,742,000.00","1,742,000.00","95.14","Canada","-","CAD","1.67","1.00","Feb 26, 2025","2.11","CAD","Feb 26, 2020"
"ACICN","ALTAGAS CANADA INC MTN","Energy","Fixed Income","1,666,549.65","0.10","1,666,549.65","1,697,000.00","1,697,000.00","96.14","Canada","-","CAD","4.74","1.00","Dec 5, 2028","4.26","CAD","Dec 5, 2018"
"BCIMCR","BCIMC REALTY CORP","Real Estate","Fixed Income","1,666,280.43","0.10","1,666,280.43","1,773,000.00","1,773,000.00","93.48","Canada","-","CAD","3.56","1.00","Mar 31, 2027","3.00","CAD","Mar 31, 2017"
"CUCN","CU INC MTN","Energy","Fixed Income","1,664,518.11","0.10","1,664,518.11","1,873,000.00","1,873,000.00","88.01","Canada","-","CAD","13.12","1.00","Sep 10, 2042","3.81","CAD","Sep 10, 2012"
"SUCN","SUNCOR ENERGY INC MTN","Energy","Fixed Income","1,663,674.14","0.10","1,663,674.14","1,959,000.00","1,959,000.00","83.99","Canada","-","CAD","13.71","1.00","Sep 13, 2046","4.34","CAD","Sep 13, 2016"
"GTAAIR","GREATER TORONTO AIRPORTS AUTHORITY","Infrastructure","Fixed Income","1,662,887.92","0.10","1,662,887.92","1,900,000.00","1,900,000.00","85.90","Canada","-","CAD","10.73","1.00","Jun 1, 2037","3.26","CAD","Mar 29, 2018"
"CCOCN","CAMECO CORPORATION","Industrial","Fixed Income","1,659,993.07","0.10","1,659,993.07","1,659,000.00","1,659,000.00","98.25","Canada","-","CAD","1.01","1.00","Jun 24, 2024","4.19","CAD","Jun 24, 2014"
"GM","GENERAL MOTORS FINANCIAL OF CANADA","Financial","Fixed Income","1,651,735.42","0.10","1,651,735.42","1,654,000.00","1,654,000.00","98.28","United States","-","CAD","4.06","1.00","Feb 9, 2028","5.20","CAD","Feb 9, 2023"
"BCECN","BELL CANADA MTN RegS","Communication","Fixed Income","1,649,753.99","0.10","1,649,753.99","1,660,000.00","1,660,000.00","97.82","Canada","-","CAD","14.93","1.00","Feb 9, 2053","5.15","CAD","Feb 9, 2023"
"IFCCN","INTACT FINANCIAL CORP RegS","Financial","Fixed Income","1,639,691.17","0.10","1,639,691.17","1,738,000.00","1,738,000.00","92.98","Canada","-","CAD","3.70","1.00","Jun 7, 2027","2.85","CAD","Jun 7, 2017"
"BNCN","BROOKFIELD ASSET MANAGEMENT INC MTN","Industrial","Fixed Income","1,638,586.33","0.10","1,638,586.33","1,705,000.00","1,705,000.00","95.31","Canada","-","CAD","3.44","1.00","Mar 16, 2027","3.80","CAD","Sep 16, 2016"
"AIREIN","AIMCO REALTY INVESTORS LP","Real Estate","Fixed Income","1,631,542.85","0.10","1,631,542.85","1,779,000.00","1,779,000.00","91.55","Canada","-","CAD","3.25","1.00","Nov 4, 2026","2.19","CAD","Nov 4, 2021"
"SSLFIN","SSL FINANCE INC","Infrastructure","Fixed Income","1,631,313.51","0.10","1,631,313.51","1,797,519.00","1,797,519.00","90.41","Canada","-","CAD","9.12","1.00","Oct 31, 2045","4.10","CAD","Jun 19, 2015"
"CNRCN","CANADIAN NATIONAL RAILWAY COMPANY","Industrial","Fixed Income","1,630,580.20","0.10","1,630,580.20","1,650,000.00","1,650,000.00","98.57","Canada","-","CAD","7.95","1.00","May 10, 2033","4.40","CAD","May 10, 2023"
"GEICN","GIBSON ENERGY INC MTN","Energy","Fixed Income","1,628,446.67","0.10","1,628,446.67","1,774,000.00","1,774,000.00","91.06","Canada","-","CAD","5.53","1.00","Sep 17, 2029","3.60","CAD","Sep 17, 2019"
"CNRCN","CANADIAN NATIONAL RAILWAY COMPANY","Industrial","Fixed Income","1,626,753.32","0.10","1,626,753.32","1,650,000.00","1,650,000.00","98.35","Canada","-","CAD","5.92","1.00","May 10, 2030","4.15","CAD","May 10, 2023"
"RCICN","ROGERS COMMUNICATIONS INC","Communication","Fixed Income","1,625,420.73","0.10","1,625,420.73","1,784,000.00","1,784,000.00","89.56","Canada","-","CAD","5.70","1.00","Dec 10, 2029","3.30","CAD","Apr 3, 2023"
"BCFERR","BC FERRY SERVICES INC MTN","Infrastructure","Fixed Income","1,621,316.52","0.10","1,621,316.52","1,549,000.00","1,549,000.00","103.68","Canada","-","CAD","9.97","1.00","Mar 20, 2037","5.02","CAD","Mar 20, 2007"
"HYNMTR","HYUNDAI CAPITAL CANADA INC","Financial","Fixed Income","1,619,384.62","0.10","1,619,384.62","1,731,000.00","1,731,000.00","92.64","Canada","-","CAD","3.43","1.00","Feb 16, 2027","3.20","CAD","Feb 15, 2022"
"GM","GENERAL MOTORS FINANCIAL OF CANADA","Financial","Fixed Income","1,619,183.21","0.10","1,619,183.21","1,792,000.00","1,792,000.00","90.14","Canada","-","CAD","2.75","1.00","Apr 15, 2026","1.75","CAD","Jan 15, 2021"
"NISCAN","NISSAN CANADA INC","Industrial","Fixed Income","1,618,126.99","0.10","1,618,126.99","1,770,000.00","1,770,000.00","91.02","Canada","-","CAD","2.21","1.00","Sep 22, 2025","2.10","CAD","Sep 22, 2021"
"HNDA","HONDA CANADA FINANCE INC","Financial","Fixed Income","1,615,617.41","0.10","1,615,617.41","1,779,000.00","1,779,000.00","90.54","Canada","-","CAD","2.69","1.00","Mar 17, 2026","1.34","CAD","Sep 17, 2020"
"ENBPIP","ENBRIDGE PIPELINES INC MTN","Energy","Fixed Income","1,615,283.87","0.10","1,615,283.87","1,841,000.00","1,841,000.00","86.95","Canada","-","CAD","13.31","1.00","Sep 29, 2045","4.55","CAD","Sep 29, 2015"
"TCN","TELUS CORPORATION MTN","Communication","Fixed Income","1,609,394.07","0.10","1,609,394.07","1,839,000.00","1,839,000.00","86.79","Canada","-","CAD","12.61","1.00","Apr 1, 2043","4.40","CAD","Apr 1, 2013"
"MFCCN","MANULIFE BANK OF CANADA","Financial","Fixed Income","1,608,235.67","0.10","1,608,235.67","1,721,000.00","1,721,000.00","92.80","Canada","-","CAD","1.99","1.00","Jun 25, 2025","1.50","CAD","Jun 25, 2020"
"ETRHWY","407 INTERNATIONAL INC. MTN","Infrastructure","Fixed Income","1,606,210.01","0.10","1,606,210.01","1,915,000.00","1,915,000.00","83.80","Canada","-","CAD","15.22","1.00","May 21, 2047","3.60","CAD","May 19, 2016"
"FFHCN","FAIRFAX FINANCIAL HOLDINGS LTD","Financial","Fixed Income","1,602,056.75","0.10","1,602,056.75","1,689,000.00","1,689,000.00","92.91","Canada","-","CAD","5.17","1.00","Jun 14, 2029","4.23","CAD","Jun 14, 2019"
"HYDONE","HYDRO ONE INC MTN","Infrastructure","Fixed Income","1,591,145.33","0.10","1,591,145.33","1,601,000.00","1,601,000.00","98.73","Canada","-","CAD","13.05","1.00","Oct 9, 2043","4.59","CAD","Oct 9, 2013"
"RCICN","ROGERS COMMUNICATIONS INC. MTN","Communication","Fixed Income","1,588,070.81","0.10","1,588,070.81","1,448,000.00","1,448,000.00","108.42","Canada","-","CAD","10.68","1.00","Mar 22, 2041","6.56","CAD","Mar 21, 2011"
"GTAAIR","GREATER TORONTO AIRPORTS AUTHORITY","Infrastructure","Fixed Income","1,587,778.58","0.10","1,587,778.58","1,715,000.00","1,715,000.00","92.15","Canada","-","CAD","5.31","1.00","Apr 3, 2029","2.73","CAD","Apr 3, 2019"
"EDISNH","ELLISDON INFRASTRUCTURE SNH GP","Infrastructure","Fixed Income","1,587,197.80","0.10","1,587,197.80","1,500,000.00","1,500,000.00","104.51","Canada","-","CAD","15.00","1.00","Aug 31, 2057","5.15","CAD","Feb 21, 2023"
"ONTPOW","ONTARIO POWER GENERATION INC MTN","Energy","Fixed Income","1,586,782.83","0.10","1,586,782.83","1,640,000.00","1,640,000.00","96.33","Canada","-","CAD","1.77","1.00","Apr 8, 2025","2.89","CAD","Apr 8, 2020"
"MFCCN","MANULIFE BANK OF CANADA","Financial","Fixed Income","1,585,755.21","0.10","1,585,755.21","1,762,000.00","1,762,000.00","89.67","Canada","-","CAD","3.15","1.00","Sep 14, 2026","1.54","CAD","Sep 13, 2021"
"KEYCN","KEYERA CORP MTN","Energy","Fixed Income","1,583,259.87","0.09","1,583,259.87","1,713,000.00","1,713,000.00","92.40","Canada","-","CAD","6.04","1.00","May 29, 2030","3.96","CAD","May 29, 2020"
"WSPCN","WSP GLOBAL INC","Industrial","Fixed Income","1,582,882.96","0.09","1,582,882.96","1,771,000.00","1,771,000.00","89.10","Canada","-","CAD","4.53","1.00","Apr 19, 2028","2.41","CAD","Apr 19, 2021"
"ONTPOW","ONTARIO POWER GENERATION INC MTN","Energy","Fixed Income","1,581,142.10","0.09","1,581,142.10","1,718,000.00","1,718,000.00","90.49","Canada","-","CAD","14.85","1.00","Jan 18, 2049","4.25","CAD","Jan 18, 2019"
"NWRWPT","NORTH WEST REDWATER PARTNERSHIP","Energy","Fixed Income","1,578,592.71","0.09","1,578,592.71","1,599,000.00","1,599,000.00","97.59","Canada","-","CAD","1.10","1.00","Jul 22, 2024","3.20","CAD","Jul 23, 2014"
"ENBPIP","ENBRIDGE PIPELINES INC MTN","Energy","Fixed Income","1,576,879.36","0.09","1,576,879.36","1,653,000.00","1,653,000.00","94.49","Canada","-","CAD","2.98","1.00","Aug 10, 2026","3.00","CAD","Aug 9, 2016"
"ENBCN","ENBRIDGE INC MTN","Energy","Fixed Income","1,572,427.27","0.09","1,572,427.27","1,850,000.00","1,850,000.00","83.92","Canada","-","CAD","12.41","1.00","Aug 27, 2042","4.24","CAD","Aug 27, 2012"
"NAVCAN","NAV CANADA","Infrastructure","Fixed Income","1,571,523.65","0.09","1,571,523.65","2,100,000.00","2,100,000.00","74.33","Canada","-","CAD","17.51","1.00","Sep 29, 2051","2.92","CAD","May 29, 2020"
"TCN","TELUS CORPORATION MTN","Communication","Fixed Income","1,569,374.42","0.09","1,569,374.42","1,794,000.00","1,794,000.00","86.01","Canada","-","CAD","13.45","1.00","Jan 29, 2046","4.40","CAD","Mar 27, 2015"
"TERANE","TERANET HOLDINGS LP","Industrial","Fixed Income","1,566,297.38","0.09","1,566,297.38","1,696,000.00","1,696,000.00","91.36","Canada","-","CAD","5.06","1.00","Feb 23, 2029","3.72","CAD","Feb 23, 2022"
"CHPUCN","CHOICE PROPERTIES REAL ESTATE INVE","Real Estate","Fixed Income","1,565,553.40","0.09","1,565,553.40","1,709,000.00","1,709,000.00","91.53","Canada","-","CAD","3.71","1.00","May 21, 2027","2.85","CAD","May 21, 2020"
"PPLCN","PEMBINA PIPELINE CORP","Energy","Fixed Income","1,564,494.36","0.09","1,564,494.36","1,849,000.00","1,849,000.00","82.50","Canada","-","CAD","14.56","1.00","Dec 10, 2051","4.49","CAD","Dec 10, 2021"
"IPLCN","INTER PIPELINE LTD MTN","Energy","Fixed Income","1,559,425.89","0.09","1,559,425.89","1,888,000.00","1,888,000.00","82.58","Canada","-","CAD","12.66","1.00","May 30, 2044","4.64","CAD","May 30, 2014"
"BIP","BROOKFIELD INFRASTRUCTURE FINANCE","Infrastructure","Fixed Income","1,557,957.37","0.09","1,557,957.37","1,616,000.00","1,616,000.00","95.48","Canada","-","CAD","4.64","1.00","Sep 11, 2028","4.19","CAD","Sep 10, 2018"
"PPLCN","PEMBINA PIPELINE CORP MTN RegS","Energy","Fixed Income","1,556,412.85","0.09","1,556,412.85","1,574,000.00","1,574,000.00","96.94","Canada","-","CAD","3.52","1.00","Jun 15, 2027","4.24","CAD","Jun 16, 2015"
"GTAAIR","GREATER TORONTO AIRPORTS AUTHORITY 144A","Infrastructure","Fixed Income","1,548,620.13","0.09","1,548,620.13","1,358,000.00","1,358,000.00","111.34","Canada","-","CAD","11.09","1.00","Jun 7, 2040","5.63","CAD","Jun 7, 2010"
"BCECN","BELL CANADA INC MTN","Communication","Fixed Income","1,544,818.85","0.09","1,544,818.85","1,868,000.00","1,868,000.00","81.87","Canada","-","CAD","15.38","1.00","Mar 17, 2051","4.05","CAD","Mar 17, 2021"
"GTAAIR","GREATER TORONTO AIRPORTS AUTHORITY","Infrastructure","Fixed Income","1,542,589.43","0.09","1,542,589.43","1,751,000.00","1,751,000.00","87.98","Canada","-","CAD","4.67","1.00","May 3, 2028","1.54","CAD","Nov 3, 2020"
"MRUCN","METRO INC MTN","Industrial","Fixed Income","1,541,233.36","0.09","1,541,233.36","1,600,000.00","1,600,000.00","94.69","Canada","-","CAD","4.06","1.00","Dec 6, 2027","3.39","CAD","Dec 4, 2017"
"CHPUCN","CHOICE PROPERTIES REAL ESTATE INVE","Real Estate","Fixed Income","1,539,194.62","0.09","1,539,194.62","1,447,000.00","1,447,000.00","103.77","Canada","-","CAD","6.80","1.00","Jun 24, 2032","6.00","CAD","Jun 24, 2022"
"VW","VW CREDIT CANADA INC RegS","Financial","Fixed Income","1,537,842.14","0.09","1,537,842.14","1,670,000.00","1,670,000.00","91.80","Germany","-","CAD","2.23","1.00","Sep 23, 2025","1.50","CAD","Sep 23, 2020"
"SLFCN","SUN LIFE FINANCIAL INC","Financial","Fixed Income","1,536,450.72","0.09","1,536,450.72","1,689,000.00","1,689,000.00","90.88","Canada","-","CAD","3.23","1.00","Nov 18, 2031","2.46","CAD","Nov 18, 2021"
"EPCOR","EPCOR UTILITIES INC MTN","Infrastructure","Fixed Income","1,536,073.00","0.09","1,536,073.00","1,510,000.00","1,510,000.00","100.56","Canada","-","CAD","15.84","1.00","Sep 2, 2052","4.72","CAD","Sep 2, 2022"
"BIP","BROOKFIELD INFRASTRUCTURE FINANCE","Infrastructure","Fixed Income","1,535,690.93","0.09","1,535,690.93","1,540,000.00","1,540,000.00","99.18","Canada","-","CAD","8.15","1.00","Apr 25, 2034","5.44","CAD","Apr 25, 2022"
"GWOCN","GREAT-WEST LIFECO INC","Financial","Fixed Income","1,534,639.49","0.09","1,534,639.49","2,107,000.00","2,107,000.00","71.67","Canada","-","CAD","16.58","1.00","Jul 8, 2050","2.98","CAD","Jul 8, 2020"
"RCICN","ROGERS COMMUNICATIONS INC","Communication","Fixed Income","1,534,554.58","0.09","1,534,554.58","1,771,000.00","1,771,000.00","85.27","Canada","-","CAD","6.54","1.00","Dec 9, 2030","2.90","CAD","Apr 3, 2023"
"REIUCN","RIOCAN REAL ESTATE INVESTMENT TRUS","Real Estate","Fixed Income","1,530,653.15","0.09","1,530,653.15","1,689,000.00","1,689,000.00","89.72","Canada","-","CAD","2.88","1.00","Jun 15, 2026","1.97","CAD","Dec 14, 2020"
"CWBCN","CANADIAN WESTERN BANK","Financial","Fixed Income","1,528,952.77","0.09","1,528,952.77","1,775,000.00","1,775,000.00","85.31","Canada","-","CAD","4.25","1.00","Dec 16, 2027","1.82","CAD","Dec 16, 2020"
"BRUPOW","BRUCE POWER LP RegS","Energy","Fixed Income","1,528,672.25","0.09","1,528,672.25","1,525,000.00","1,525,000.00","99.30","Canada","-","CAD","7.16","1.00","Dec 21, 2032","4.99","CAD","Mar 23, 2023"
"VANAFF","VANCOUVER AIRPORT FUEL FACILITIES","Infrastructure","Fixed Income","1,526,664.96","0.09","1,526,664.96","1,610,000.00","1,610,000.00","93.88","Canada","-","CAD","1.97","1.00","Jun 23, 2025","2.17","CAD","Jun 22, 2020"
"MRUCN","METRO INC MTN","Industrial","Fixed Income","1,525,719.01","0.09","1,525,719.01","1,692,000.00","1,692,000.00","88.09","Canada","-","CAD","14.24","1.00","Dec 4, 2047","4.27","CAD","Dec 4, 2017"
"BRUPOW","BRUCE POWER LP","Energy","Fixed Income","1,523,395.15","0.09","1,523,395.15","1,566,000.00","1,566,000.00","95.51","Canada","-","CAD","5.20","1.00","Jun 21, 2029","4.01","CAD","Feb 14, 2017"
"ONTPOW","ONTARIO POWER GENERATION INC MTN","Energy","Fixed Income","1,520,033.03","0.09","1,520,033.03","1,474,000.00","1,474,000.00","101.34","Canada","-","CAD","7.16","1.00","Jul 19, 2032","4.92","CAD","Jul 18, 2022"
"GTAAIR","GREATER TORONTO AIRPORTS AUTH 144A","Infrastructure","Fixed Income","1,519,008.07","0.09","1,519,008.07","1,374,000.00","1,374,000.00","107.39","Canada","-","CAD","3.83","1.00","Dec 3, 2027","6.45","CAD","Dec 2, 1997"
"ETRHWY","407 INTERNATIONAL INC MTN","Infrastructure","Fixed Income","1,517,493.46","0.09","1,517,493.46","1,771,000.00","1,771,000.00","85.48","Canada","-","CAD","15.44","1.00","May 11, 2048","3.72","CAD","May 9, 2018"
"NWRWPT","NORTH WEST REDWATER PARTNERSHIP","Energy","Fixed Income","1,515,970.49","0.09","1,515,970.49","1,825,000.00","1,825,000.00","81.21","Canada","-","CAD","15.77","1.00","Jun 1, 2051","3.75","CAD","Jun 30, 2021"
"AERMON","AEROPORTS DE MONTREAL","Infrastructure","Fixed Income","1,515,665.33","0.09","1,515,665.33","1,448,000.00","1,448,000.00","103.61","Canada","-","CAD","9.10","1.00","Sep 17, 2035","5.17","CAD","Sep 15, 2005"
"TCN","TELUS CORPORATION","Communication","Fixed Income","1,509,557.16","0.09","1,509,557.16","1,667,000.00","1,667,000.00","89.68","Canada","-","CAD","5.92","1.00","Feb 19, 2030","3.15","CAD","Dec 16, 2019"
"MFCCN","MANULIFE BANK OF CANADA","Financial","Fixed Income","1,507,730.24","0.09","1,507,730.24","1,658,000.00","1,658,000.00","90.59","Canada","-","CAD","2.64","1.00","Feb 26, 2026","1.34","CAD","Feb 26, 2021"
"LCN","LOBLAW COMPANIES LTD","Industrial","Fixed Income","1,507,158.79","0.09","1,507,158.79","1,445,000.00","1,445,000.00","103.15","Canada","-","CAD","14.97","1.00","Sep 13, 2052","5.34","CAD","Sep 13, 2022"
"SLFCN","SUN LIFE FINANCIAL INC","Financial","Fixed Income","1,506,670.60","0.09","1,506,670.60","1,773,000.00","1,773,000.00","84.87","Canada","-","CAD","6.86","1.00","Nov 18, 2036","3.15","CAD","Nov 18, 2021"
"OMERS","OMERS REALTY CORP RegS","Real Estate","Fixed Income","1,505,038.69","0.09","1,505,038.69","1,510,000.00","1,510,000.00","98.64","Canada","-","CAD","5.01","1.00","Apr 9, 2029","4.54","CAD","Mar 9, 2023"
"LOWMAT","LOWER MATTAGAMI ENERGY LP","Infrastructure","Fixed Income","1,502,502.97","0.09","1,502,502.97","1,595,000.00","1,595,000.00","93.09","Canada","-","CAD","14.23","1.00","Feb 23, 2046","4.18","CAD","Feb 25, 2013"
"VTR","VENTAS CANADA FINANCE LTD","Real Estate","Fixed Income","1,502,080.50","0.09","1,502,080.50","1,651,000.00","1,651,000.00","89.99","United States","-","CAD","3.36","1.00","Jan 4, 2027","2.45","CAD","Dec 1, 2021"
"SRUUCN","SMARTCENTRES REAL ESTATE INVESTMEN","Real Estate","Fixed Income","1,500,724.90","0.09","1,500,724.90","1,525,000.00","1,525,000.00","98.38","Canada","-","CAD","4.33","1.00","May 29, 2028","5.35","CAD","May 29, 2023"
"ETRHWY","407 INTERNATIONAL INC. MTN","Infrastructure","Fixed Income","1,496,853.13","0.09","1,496,853.13","1,710,000.00","1,710,000.00","87.33","Canada","-","CAD","14.62","1.00","May 11, 2046","3.83","CAD","May 11, 2015"
"FTSCN","FORTIS INC","Infrastructure","Fixed Income","1,496,439.12","0.09","1,496,439.12","1,523,000.00","1,523,000.00","98.24","Canada","-","CAD","5.17","1.00","May 31, 2029","4.43","CAD","May 31, 2022"
"ENBCN","ENBRIDGE INC MTN","Energy","Fixed Income","1,496,337.61","0.09","1,496,337.61","1,525,000.00","1,525,000.00","97.99","Canada","-","CAD","1.41","1.00","Nov 19, 2024","3.95","CAD","Dec 21, 2018"
"ARXCN","ARC RESOURCES LTD","Energy","Fixed Income","1,495,659.36","0.09","1,495,659.36","1,607,000.00","1,607,000.00","92.54","Canada","-","CAD","2.64","1.00","Mar 10, 2026","2.35","CAD","Mar 10, 2021"
"SAPCN","SAPUTO INC MTN","Industrial","Fixed Income","1,493,484.55","0.09","1,493,484.55","1,545,000.00","1,545,000.00","96.57","Canada","-","CAD","1.42","1.00","Nov 19, 2024","2.88","CAD","Nov 19, 2019"
"ENBGAS","ENBRIDGE GAS INC MTN","Energy","Fixed Income","1,491,667.78","0.09","1,491,667.78","1,584,000.00","1,584,000.00","92.10","Canada","-","CAD","13.30","1.00","Jun 2, 2044","4.20","CAD","Jun 2, 2014"
"LCN","LOBLAW COMPANIES LTD","Industrial","Fixed Income","1,491,237.26","0.09","1,491,237.26","1,460,000.00","1,460,000.00","101.06","Canada","-","CAD","7.29","1.00","Sep 13, 2032","5.01","CAD","Sep 13, 2022"
"ETRHWY","407 INTERNATIONAL INC MTN","Infrastructure","Fixed Income","1,490,105.55","0.09","1,490,105.55","1,746,000.00","1,746,000.00","84.50","Canada","-","CAD","15.64","1.00","Mar 8, 2049","3.67","CAD","Mar 6, 2019"
"HYDONE","HYDRO ONE INC.","Infrastructure","Fixed Income","1,485,503.20","0.09","1,485,503.20","1,243,000.00","1,243,000.00","115.90","Canada","-","CAD","5.47","1.00","Jun 3, 2030","7.35","CAD","Jun 1, 2000"
"BIP","BROOKFIELD INFRASTRUCTURE FINANCE MTN","Infrastructure","Fixed Income","1,480,855.22","0.09","1,480,855.22","1,805,000.00","1,805,000.00","81.33","Canada","-","CAD","7.87","1.00","Sep 1, 2032","2.86","CAD","Sep 1, 2020"
"DOLCN","DOLLARAMA INC","Industrial","Fixed Income","1,478,113.18","0.09","1,478,113.18","1,450,000.00","1,450,000.00","101.44","Canada","-","CAD","5.71","1.00","Apr 26, 2030","5.17","CAD","Oct 26, 2022"
"PLEBCA","PLENARY HEALTH BRIDGEPOINT LP","Infrastructure","Fixed Income","1,477,312.32","0.09","1,477,312.32","1,229,962.00","1,229,962.00","118.28","Canada","-","CAD","8.10","1.00","Aug 31, 2042","7.25","CAD","Aug 11, 2009"
"GLCRTR_20-1-SR","GLCRTR_20-1 SR","Securitized","Fixed Income","1,476,483.28","0.09","1,476,483.28","1,605,000.00","1,605,000.00","91.73","Canada","-","CAD","2.23","1.00","Sep 22, 2025","1.39","CAD","Sep 25, 2020"
"NWRWPT","NORTH WEST REDWATER PARTNERSHIP RegS","Energy","Fixed Income","1,469,898.60","0.09","1,469,898.60","1,745,000.00","1,745,000.00","83.25","Canada","-","CAD","13.21","1.00","Feb 23, 2043","3.70","CAD","Feb 23, 2015"
"CCACN","COGECO COMMUNICATIONS INC","Communication","Fixed Income","1,468,050.83","0.09","1,468,050.83","1,720,000.00","1,720,000.00","84.78","Canada","-","CAD","7.17","1.00","Sep 22, 2031","2.99","CAD","Sep 20, 2021"
"ENBGAS","ENBRIDGE GAS INC MTN","Energy","Fixed Income","1,467,625.28","0.09","1,467,625.28","1,510,000.00","1,510,000.00","96.46","Canada","-","CAD","2.15","1.00","Sep 11, 2025","3.31","CAD","Sep 11, 2015"
"ONTPOW","ONTARIO POWER GENERATION INC","Energy","Fixed Income","1,466,079.47","0.09","1,466,079.47","1,697,000.00","1,697,000.00","84.71","Canada","-","CAD","14.97","1.00","Jun 22, 2048","3.84","CAD","Jun 22, 2018"
"NSIUCN","NOVA SCOTIA POWER INC RegS","Infrastructure","Fixed Income","1,461,697.43","0.09","1,461,697.43","1,456,000.00","1,456,000.00","99.47","Canada","-","CAD","7.43","1.00","Nov 15, 2032","4.95","CAD","Mar 24, 2023"
"DE","JOHN DEERE FINANCIAL INC","Financial","Fixed Income","1,459,940.73","0.09","1,459,940.73","1,509,000.00","1,509,000.00","95.84","United States","-","CAD","1.56","1.00","Jan 14, 2025","2.41","CAD","Jan 14, 2020"
"ALTALK","ALTALINK LP MTN","Infrastructure","Fixed Income","1,458,216.91","0.09","1,458,216.91","1,642,000.00","1,642,000.00","86.98","Canada","-","CAD","14.72","1.00","Dec 3, 2046","3.72","CAD","Dec 1, 2016"
"ETRHWY","407 INTERNATIONAL INC MTN","Infrastructure","Fixed Income","1,454,024.85","0.09","1,454,024.85","1,683,000.00","1,683,000.00","85.55","Canada","-","CAD","14.04","1.00","Sep 8, 2044","3.65","CAD","Sep 8, 2017"
"TOYOTA","TOYOTA CREDIT CANADA INC MTN","Financial","Fixed Income","1,450,496.53","0.09","1,450,496.53","1,510,000.00","1,510,000.00","95.35","Canada","-","CAD","2.12","1.00","Aug 25, 2025","2.73","CAD","Feb 23, 2022"
"TCN","TELUS CORPORATION","Communication","Fixed Income","1,445,173.51","0.09","1,445,173.51","1,754,000.00","1,754,000.00","82.09","Canada","-","CAD","6.67","1.00","Oct 7, 2030","2.05","CAD","Oct 5, 2020"
"PENSKE","PENSKE TRUCK LEASING CANADA INC","Industrial","Fixed Income","1,442,034.39","0.09","1,442,034.39","1,404,000.00","1,404,000.00","100.09","Canada","-","CAD","2.29","1.00","Dec 8, 2025","5.44","CAD","Dec 6, 2022"
"PPLCN","PEMBINA PIPELINE CORP MTN","Energy","Fixed Income","1,441,134.66","0.09","1,441,134.66","1,624,000.00","1,624,000.00","87.05","Canada","-","CAD","13.32","1.00","Jan 21, 2047","4.74","CAD","Jan 20, 2017"
"LBCN","LAURENTIAN BANK OF CANADA","Financial","Fixed Income","1,438,039.01","0.09","1,438,039.01","1,490,000.00","1,490,000.00","96.11","Canada","-","CAD","3.59","1.00","Apr 20, 2027","3.54","CAD","Apr 20, 2022"
"FFHCN","FAIRFAX FINANCIAL HOLDINGS LTD MTN","Financial","Fixed Income","1,436,941.16","0.09","1,436,941.16","1,451,000.00","1,451,000.00","96.89","Canada","-","CAD","3.10","1.00","Dec 16, 2026","4.70","CAD","Dec 16, 2016"
"ALTALK","ALTALINK LP MTN","Infrastructure","Fixed Income","1,429,403.07","0.09","1,429,403.07","1,368,000.00","1,368,000.00","103.48","Canada","-","CAD","12.90","1.00","Sep 17, 2043","4.92","CAD","Sep 17, 2013"
"BRUPOW","BRUCE POWER LP","Energy","Fixed Income","1,428,543.16","0.09","1,428,543.16","1,444,000.00","1,444,000.00","97.61","Canada","-","CAD","1.01","1.00","Jun 21, 2024","3.00","CAD","Feb 14, 2017"
"ETRHWY","407 INTERNATIONAL INC MTN","Infrastructure","Fixed Income","1,426,744.27","0.09","1,426,744.27","1,972,000.00","1,972,000.00","71.69","Canada","-","CAD","16.92","1.00","Mar 7, 2050","2.84","CAD","Mar 6, 2020"
"IPLCN","INTER PIPELINE LTD MTN","Energy","Fixed Income","1,424,959.29","0.09","1,424,959.29","1,491,000.00","1,491,000.00","93.99","Canada","-","CAD","3.25","1.00","Dec 16, 2026","3.48","CAD","Dec 16, 2016"
"TCN","TELUS CORPORATION","Communication","Fixed Income","1,423,138.22","0.09","1,423,138.22","1,753,000.00","1,753,000.00","80.55","Canada","-","CAD","15.23","1.00","Apr 5, 2051","4.10","CAD","Apr 5, 2021"
"HYDONE","HYDRO ONE INC MTN","Infrastructure","Fixed Income","1,422,877.57","0.09","1,422,877.57","1,493,000.00","1,493,000.00","94.86","Canada","-","CAD","1.69","1.00","Feb 28, 2025","1.76","CAD","Feb 28, 2020"
"TRPCN","TRANSCANADA PIPELINES LTD MTN","Energy","Fixed Income","1,421,313.26","0.09","1,421,313.26","1,633,000.00","1,633,000.00","85.63","Canada","-","CAD","6.90","1.00","Jun 9, 2031","2.97","CAD","Jun 9, 2021"
"BCECN","BELL CANADA INC","Communication","Fixed Income","1,421,056.37","0.09","1,421,056.37","1,601,000.00","1,601,000.00","88.75","Canada","-","CAD","4.66","1.00","May 29, 2028","2.20","CAD","May 28, 2021"
"HYDONE","HYDRO ONE INC. MTN","Infrastructure","Fixed Income","1,417,033.40","0.08","1,417,033.40","1,224,000.00","1,224,000.00","113.68","Canada","-","CAD","7.86","1.00","Jan 31, 2034","6.35","CAD","Jan 31, 2003"
"DIRUCN","DREAM INDUSTRIAL REAL ESTATE INVES","Real Estate","Fixed Income","1,417,194.01","0.08","1,417,194.01","1,606,000.00","1,606,000.00","87.31","Canada","-","CAD","3.79","1.00","Jun 17, 2027","2.06","CAD","Jun 17, 2021"
"BCECN","BELL CANADA MTN RegS","Communication","Fixed Income","1,416,113.08","0.08","1,416,113.08","1,588,000.00","1,588,000.00","87.22","Canada","-","CAD","13.47","1.00","Dec 18, 2045","4.35","CAD","Mar 30, 2015"
"CPXCN","CAPITAL POWER CORP MTN","Energy","Fixed Income","1,416,059.67","0.08","1,416,059.67","1,690,000.00","1,690,000.00","83.27","Canada","-","CAD","7.86","1.00","Oct 1, 2032","3.15","CAD","Oct 1, 2020"
"BCECN","BELL CANADA MTN","Communication","Fixed Income","1,415,251.10","0.08","1,415,251.10","1,584,000.00","1,584,000.00","88.21","Canada","-","CAD","13.90","1.00","Feb 27, 2047","4.45","CAD","Feb 27, 2017"
"BRUPOW","BRUCE POWER LP RegS","Energy","Fixed Income","1,413,049.41","0.08","1,413,049.41","1,499,000.00","1,499,000.00","92.17","Canada","-","CAD","14.22","1.00","Jun 21, 2049","4.75","CAD","Mar 25, 2019"
"DIRUCN","DREAM INDUSTRIAL REAL ESTATE INVES","Real Estate","Fixed Income","1,411,746.96","0.08","1,411,746.96","1,547,000.00","1,547,000.00","90.53","Canada","-","CAD","2.45","1.00","Dec 22, 2025","1.66","CAD","Dec 22, 2020"
"SLFCN","SUN LIFE FINANCIAL INC","Financial","Fixed Income","1,406,259.18","0.08","1,406,259.18","1,419,000.00","1,419,000.00","99.07","Canada","-","CAD","9.85","1.00","May 29, 2042","5.40","CAD","May 29, 2007"
"LBCN","LAURENTIAN BANK OF CANADA","Financial","Fixed Income","1,401,030.05","0.08","1,401,030.05","1,419,000.00","1,419,000.00","97.60","Canada","-","CAD","2.10","1.00","Sep 2, 2025","4.60","CAD","Jun 9, 2022"
"TRPCN","TRANSCANADA TRUST","Energy","Fixed Income","1,399,670.50","0.08","1,399,670.50","1,720,000.00","1,720,000.00","80.37","Canada","-","CAD","5.36","1.00","Mar 4, 2081","4.20","CAD","Mar 4, 2021"
"HYDONE","HYDRO ONE LTD","Infrastructure","Fixed Income","1,396,841.42","0.08","1,396,841.42","1,587,000.00","1,587,000.00","87.84","Canada","-","CAD","4.17","1.00","Oct 15, 2027","1.41","CAD","Oct 15, 2020"
"ENBGAS","ENBRIDGE GAS INC MTN","Energy","Fixed Income","1,396,378.90","0.08","1,396,378.90","1,631,000.00","1,631,000.00","85.12","Canada","-","CAD","7.36","1.00","Sep 15, 2031","2.35","CAD","Sep 15, 2021"
"BAMREP","BROOKFIELD RENEWABLE ENERGY PARTNE MTN","Energy","Fixed Income","1,396,241.22","0.08","1,396,241.22","1,412,000.00","1,412,000.00","97.03","Canada","-","CAD","1.87","1.00","Jun 2, 2025","3.75","CAD","Mar 6, 2015"
"GTAAIR","GREATER TORONTO AIRPORTS AUTHORITY MTN 144A","Infrastructure","Fixed Income","1,396,159.40","0.08","1,396,159.40","1,385,000.00","1,385,000.00","98.57","Canada","-","CAD","12.23","1.00","Dec 2, 2041","4.53","CAD","Dec 2, 2011"
"HYDONE","HYDRO ONE INC MTN","Infrastructure","Fixed Income","1,395,249.01","0.08","1,395,249.01","1,438,000.00","1,438,000.00","96.23","Canada","-","CAD","12.39","1.00","Sep 26, 2041","4.39","CAD","Sep 26, 2011"
"GM","GENERAL MOTORS FINANCIAL OF CANADA","Financial","Fixed Income","1,391,497.82","0.08","1,391,497.82","1,499,000.00","1,499,000.00","92.16","United States","-","CAD","2.02","1.00","Jul 9, 2025","1.70","CAD","Jul 9, 2021"
"IAGCN","IA FINANCIAL CORPORATION INC","Financial","Fixed Income","1,388,604.30","0.08","1,388,604.30","1,460,000.00","1,460,000.00","94.45","Canada","-","CAD","1.65","1.00","Feb 21, 2030","2.40","CAD","Feb 21, 2020"
"FNTETF","FIRST NATIONS ETF LP 144A","Energy","Fixed Income","1,377,530.52","0.08","1,377,530.52","1,474,652.00","1,474,652.00","91.70","Canada","-","CAD","6.00","1.00","Dec 31, 2041","4.14","CAD","Nov 22, 2017"
"TCN","TELUS CORPORATION","Communication","Fixed Income","1,374,072.64","0.08","1,374,072.64","1,519,000.00","1,519,000.00","89.35","Canada","-","CAD","13.92","1.00","Mar 6, 2048","4.70","CAD","Mar 6, 2017"
"CNRCN","CANADIAN NATIONAL RAILWAY COMPANY","Industrial","Fixed Income","1,373,826.78","0.08","1,373,826.78","1,462,000.00","1,462,000.00","93.05","Canada","-","CAD","5.12","1.00","Feb 8, 2029","3.00","CAD","Feb 8, 2019"
"HYNMTR","HYUNDAI CAPITAL CANADA INC","Financial","Fixed Income","1,370,923.82","0.08","1,370,923.82","1,350,000.00","1,350,000.00","100.27","Canada","-","CAD","4.09","1.00","Mar 8, 2028","5.57","CAD","Mar 8, 2023"
"IAGCN","IA FINANCIAL CORPORATION INC","Financial","Fixed Income","1,366,562.30","0.08","1,366,562.30","1,468,000.00","1,468,000.00","92.52","Canada","-","CAD","3.04","1.00","Sep 24, 2031","3.07","CAD","Sep 24, 2019"
"AQNCN","ALGONQUIN POWER CO","Energy","Fixed Income","1,365,927.77","0.08","1,365,927.77","1,408,000.00","1,408,000.00","95.86","Canada","-","CAD","3.35","1.00","Feb 17, 2027","4.09","CAD","Jan 17, 2017"
"HYDONE","HYDRO ONE INC MTN","Infrastructure","Fixed Income","1,364,448.64","0.08","1,364,448.64","1,598,000.00","1,598,000.00","84.93","Canada","-","CAD","7.40","1.00","Sep 17, 2031","2.23","CAD","Sep 17, 2021"
"ONTPOW","ONTARIO POWER GENERATION INC","Energy","Fixed Income","1,362,645.50","0.08","1,362,645.50","1,509,000.00","1,509,000.00","90.18","Canada","-","CAD","2.79","1.00","Apr 22, 2026","1.17","CAD","Oct 22, 2020"
"HYDONE","HYDRO ONE INC MTN","Infrastructure","Fixed Income","1,361,119.65","0.08","1,361,119.65","1,576,000.00","1,576,000.00","86.23","Canada","-","CAD","15.32","1.00","Nov 18, 2047","3.72","CAD","Nov 18, 2016"
"ENBGAS","ENBRIDGE GAS INC","Energy","Fixed Income","1,361,041.20","0.08","1,361,041.20","1,390,000.00","1,390,000.00","96.75","Canada","-","CAD","7.47","1.00","Aug 17, 2032","4.15","CAD","Aug 17, 2022"
"ENBCN","ENBRIDGE INC MTN","Energy","Fixed Income","1,358,229.92","0.08","1,358,229.92","1,325,000.00","1,325,000.00","102.42","Canada","-","CAD","14.58","1.00","May 26, 2053","5.76","CAD","May 26, 2023"
"SJOEHC","INTEGRATED TEAM SOLUTIONS SJHC PAR","Infrastructure","Fixed Income","1,356,829.51","0.08","1,356,829.51","1,268,584.00","1,268,584.00","106.96","Canada","-","CAD","8.34","1.00","Nov 30, 2042","5.95","CAD","Mar 11, 2011"
"TCN","TELUS CORPORATION","Communication","Fixed Income","1,353,444.39","0.08","1,353,444.39","1,334,000.00","1,334,000.00","100.38","Canada","-","CAD","5.26","1.00","Sep 13, 2029","5.00","CAD","Sep 13, 2022"
"CNRCN","CANADIAN NATIONAL RAILWAY COMPANY","Industrial","Fixed Income","1,347,302.10","0.08","1,347,302.10","1,494,000.00","1,494,000.00","89.42","Canada","-","CAD","14.22","1.00","Sep 22, 2045","3.95","CAD","Sep 22, 2015"
"BCECN","BELL CANADA MTN","Communication","Fixed Income","1,346,439.84","0.08","1,346,439.84","1,440,000.00","1,440,000.00","92.68","Canada","-","CAD","12.98","1.00","Sep 29, 2044","4.75","CAD","Sep 29, 2014"
"HEQCN","CHIP MORTGAGE TRUST","Securitized","Fixed Income","1,346,493.29","0.08","1,346,493.29","1,480,000.00","1,480,000.00","90.18","Canada","-","CAD","2.43","1.00","Dec 15, 2025","1.74","CAD","Dec 15, 2020"
"DTRGR","DAIMLER TRUCKS FINANCE CANADA INC RegS","Financial","Fixed Income","1,343,098.81","0.08","1,343,098.81","1,457,000.00","1,457,000.00","91.06","Germany","-","CAD","3.31","1.00","Dec 15, 2026","2.46","CAD","Dec 15, 2021"
"DOLCN","DOLLARAMA INC","Industrial","Fixed Income","1,340,640.14","0.08","1,340,640.14","1,455,000.00","1,455,000.00","91.41","Canada","-","CAD","2.95","1.00","Jul 8, 2026","1.87","CAD","Jul 8, 2021"
"BCIMCR","BCI QUADREAL REALTY","Real Estate","Fixed Income","1,340,605.23","0.08","1,340,605.23","1,418,000.00","1,418,000.00","93.44","Canada","-","CAD","2.88","1.00","Jun 24, 2026","2.55","CAD","Feb 3, 2022"
"ENBPIP","ENBRIDGE PIPELINES INC MTN","Energy","Fixed Income","1,336,938.24","0.08","1,336,938.24","1,556,000.00","1,556,000.00","85.77","Canada","-","CAD","6.99","1.00","May 12, 2031","2.82","CAD","May 12, 2021"
"CUCN","CU INC MTN","Energy","Fixed Income","1,331,700.07","0.08","1,331,700.07","1,210,000.00","1,210,000.00","109.88","Canada","-","CAD","8.53","1.00","Nov 20, 2034","5.90","CAD","Nov 18, 2004"
"AIREIN","AIMCO REALTY INVESTORS LP","Real Estate","Fixed Income","1,331,623.71","0.08","1,331,623.71","1,420,000.00","1,420,000.00","92.27","Canada","-","CAD","4.51","1.00","Jun 1, 2028","3.04","CAD","Nov 23, 2017"
"ENBGAS","ENBRIDGE GAS INC MTN","Energy","Fixed Income","1,329,978.25","0.08","1,329,978.25","1,736,000.00","1,736,000.00","75.94","Canada","-","CAD","16.91","1.00","Sep 15, 2051","3.20","CAD","Sep 15, 2021"
"DE","JOHN DEERE FINANCIAL INC MTN","Financial","Fixed Income","1,329,591.25","0.08","1,329,591.25","1,386,000.00","1,386,000.00","95.53","Canada","-","CAD","1.10","1.00","Jul 17, 2024","1.09","CAD","Sep 17, 2021"
"HYDONE","HYDRO ONE INC MTN","Infrastructure","Fixed Income","1,321,587.61","0.08","1,321,587.61","1,585,000.00","1,585,000.00","82.76","Canada","-","CAD","6.98","1.00","Jan 16, 2031","1.69","CAD","Oct 9, 2020"
"ALBPOW","ALBERTA POWERLINE LP","Infrastructure","Fixed Income","1,319,153.41","0.08","1,319,153.41","1,466,469.00","1,466,469.00","87.94","Canada","-","CAD","12.91","1.00","Dec 1, 2053","4.07","CAD","Oct 2, 2017"
"HYDONE","HYDRO ONE INC MTN","Infrastructure","Fixed Income","1,318,197.57","0.08","1,318,197.57","1,501,000.00","1,501,000.00","87.28","Canada","-","CAD","6.14","1.00","Feb 28, 2030","2.16","CAD","Feb 28, 2020"
"NWRWPT","NORTH WEST REDWATER PARTNERSHIP","Energy","Fixed Income","1,317,946.98","0.08","1,317,946.98","1,375,000.00","1,375,000.00","95.53","Canada","-","CAD","2.72","1.00","Apr 24, 2026","3.20","CAD","Jul 24, 2015"
"ETRHWY","407 INTERNATIONAL INC MTN","Infrastructure","Fixed Income","1,316,357.11","0.08","1,316,357.11","1,473,000.00","1,473,000.00","88.48","Canada","-","CAD","16.41","1.00","Sep 11, 2052","3.98","CAD","Sep 11, 2012"
"BNCN","BROOKFIELD ASSET MANAGEMENT INC.","Industrial","Fixed Income","1,308,428.04","0.08","1,308,428.04","1,238,000.00","1,238,000.00","102.95","Canada","-","CAD","8.48","1.00","Jun 14, 2035","5.95","CAD","Jun 14, 2005"
"GZMCN","GAZ METRO INC","Energy","Fixed Income","1,301,292.99","0.08","1,301,292.99","1,173,000.00","1,173,000.00","108.74","Canada","-","CAD","9.27","1.00","Jul 10, 2036","5.70","CAD","Jul 10, 2006"
"ALACN","ALTAGAS LTD","Energy","Fixed Income","1,300,400.45","0.08","1,300,400.45","1,496,000.00","1,496,000.00","86.92","Canada","-","CAD","4.68","1.00","May 30, 2028","2.08","CAD","Nov 30, 2020"
"CUCN","CU INC","Energy","Fixed Income","1,299,623.89","0.08","1,299,623.89","1,434,000.00","1,434,000.00","89.28","Canada","-","CAD","14.03","1.00","Jul 27, 2045","3.96","CAD","Jul 27, 2015"
"HYDONE","HYDRO ONE INC MTN","Infrastructure","Fixed Income","1,298,413.54","0.08","1,298,413.54","1,697,000.00","1,697,000.00","75.86","Canada","-","CAD","17.14","1.00","Sep 15, 2051","3.10","CAD","Sep 17, 2021"
"PPLCN","PEMBINA PIPELINE CORP MTN","Energy","Fixed Income","1,290,357.21","0.08","1,290,357.21","1,456,000.00","1,456,000.00","88.22","Canada","-","CAD","12.36","1.00","Apr 30, 2043","4.75","CAD","Apr 30, 2013"
"SRUUCN","SMARTCENTRES REAL ESTATE INVESTMEN","Real Estate","Fixed Income","1,286,939.08","0.08","1,286,939.08","1,442,000.00","1,442,000.00","87.68","Canada","-","CAD","5.67","1.00","Dec 20, 2029","3.53","CAD","Dec 20, 2019"
"BAMREP","BROOKFIELD RENEWABLE PARTNERS ULC MTN RegS","Energy","Fixed Income","1,286,211.49","0.08","1,286,211.49","1,275,000.00","1,275,000.00","99.97","Canada","-","CAD","7.90","1.00","Oct 28, 2033","5.29","CAD","Mar 29, 2023"
"RLNCE","RELIANCE LP","Industrial","Fixed Income","1,284,230.32","0.08","1,284,230.32","1,314,000.00","1,314,000.00","96.93","Canada","-","CAD","1.70","1.00","Mar 15, 2025","3.84","CAD","Dec 18, 2017"
"PLEHCA","PLENARY HEALTH HAMILTON LP","Infrastructure","Fixed Income","1,283,853.27","0.08","1,283,853.27","1,219,241.00","1,219,241.00","105.30","Canada","-","CAD","8.49","1.00","May 31, 2043","5.80","CAD","Dec 3, 2010"
"TCN","TELUS CORPORATION","Communication","Fixed Income","1,282,411.91","0.08","1,282,411.91","1,389,000.00","1,389,000.00","90.58","Canada","-","CAD","12.86","1.00","Jan 17, 2045","4.75","CAD","Sep 15, 2014"
"CUCN","CU INC","Energy","Fixed Income","1,280,033.55","0.08","1,280,033.55","1,724,000.00","1,724,000.00","73.56","Canada","-","CAD","16.58","1.00","Sep 7, 2049","2.96","CAD","Sep 5, 2019"
"CP","CANADIAN PACIFIC RAILWAY COMPANY","Industrial","Fixed Income","1,279,255.02","0.08","1,279,255.02","1,381,000.00","1,381,000.00","91.95","Canada","-","CAD","5.19","1.00","Mar 13, 2029","3.15","CAD","Mar 13, 2019"
"ONTPOW","ONTARIO POWER GENERATION INC MTN","Energy","Fixed Income","1,278,508.24","0.08","1,278,508.24","1,791,000.00","1,791,000.00","70.59","Canada","-","CAD","16.88","1.00","Feb 21, 2051","2.95","CAD","Feb 4, 2021"
"REIUCN","RIOCAN REAL ESTATE INVESTMENT TRUS","Real Estate","Fixed Income","1,277,521.72","0.08","1,277,521.72","1,476,000.00","1,476,000.00","86.37","Canada","-","CAD","4.96","1.00","Nov 8, 2028","2.83","CAD","Nov 8, 2021"
"FORTFD_23-1","FORTIFIED TRUST FORTFD_23-1 A","Securitized","Fixed Income","1,275,329.49","0.08","1,275,329.49","1,288,000.00","1,288,000.00","97.56","Canada","-","CAD","4.05","1.00","Dec 23, 2027","4.42","CAD","Jan 31, 2023"
"CIXCN","CI FINANCIAL CORP","Financial","Fixed Income","1,275,193.11","0.08","1,275,193.11","1,224,000.00","1,224,000.00","100.73","Canada","-","CAD","2.22","1.00","Dec 2, 2025","7.00","CAD","Dec 2, 2022"
"CWBCN","CANADIAN WESTERN BANK","Financial","Fixed Income","1,274,359.59","0.08","1,274,359.59","1,275,000.00","1,275,000.00","98.68","Canada","-","CAD","3.77","1.00","Sep 2, 2027","5.15","CAD","Sep 2, 2022"
"ETRHWY","407 INTERNATIONAL INC MTN","Infrastructure","Fixed Income","1,274,245.26","0.08","1,274,245.26","1,360,000.00","1,360,000.00","93.28","Canada","-","CAD","12.76","1.00","Apr 25, 2042","4.19","CAD","Apr 25, 2012"
"CAAIAU","CALGARY AIRPORT AUTHORITY","Infrastructure","Fixed Income","1,273,480.64","0.08","1,273,480.64","1,497,000.00","1,497,000.00","84.57","Canada","-","CAD","11.56","1.00","Oct 7, 2038","3.34","CAD","Oct 7, 2021"
"NWCONN","NORTHWESTCONNECT GROUP","Infrastructure","Fixed Income","1,273,145.53","0.08","1,273,145.53","1,188,346.00","1,188,346.00","106.63","Canada","-","CAD","7.75","1.00","Apr 30, 2041","5.95","CAD","Aug 12, 2008"
"PRISMT_21-1-A","PRISMT_21-1","Securitized","Fixed Income","1,273,043.00","0.08","1,273,043.00","1,340,000.00","1,340,000.00","94.92","Canada","-","CAD","3.15","1.00","Sep 15, 2026","1.86","CAD","Dec 9, 2021"
"CTLONE","CENTRAL 1 CREDIT UNION MTN","Financial","Fixed Income","1,273,088.93","0.08","1,273,088.93","1,270,000.00","1,270,000.00","99.31","Canada","-","CAD","2.16","1.00","Sep 29, 2025","5.42","CAD","Sep 29, 2022"
"ENBGAS","ENBRIDGE GAS INC MTN","Energy","Fixed Income","1,272,956.20","0.08","1,272,956.20","1,099,000.00","1,099,000.00","115.53","Canada","-","CAD","7.18","1.00","Nov 15, 2032","6.90","CAD","Nov 15, 2002"
"BIP","BROOKFIELD INFRASTRUCTURE FINANCE MTN","Infrastructure","Fixed Income","1,270,092.58","0.08","1,270,092.58","1,250,000.00","1,250,000.00","101.35","Canada","-","CAD","3.88","1.00","Nov 14, 2027","5.62","CAD","Nov 14, 2022"
"IFCCN","INTACT FINANCIAL CORP MTN RegS","Financial","Fixed Income","1,267,900.62","0.08","1,267,900.62","1,428,000.00","1,428,000.00","88.71","Canada","-","CAD","4.64","1.00","May 18, 2028","2.18","CAD","May 18, 2021"
"ALBPOW","ALBERTA POWERLINE LP","Infrastructure","Fixed Income","1,263,996.86","0.08","1,263,996.86","1,427,063.00","1,427,063.00","87.56","Canada","-","CAD","13.15","1.00","Mar 1, 2054","4.07","CAD","Oct 2, 2017"
"GTAAIR","GREATER TORONTO AIRPORTS AUTHORITY","Infrastructure","Fixed Income","1,264,136.71","0.08","1,264,136.71","1,620,000.00","1,620,000.00","77.55","Canada","-","CAD","17.21","1.00","Oct 5, 2051","3.15","CAD","Oct 5, 2021"
"TCN","TELUS CORPORATION","Communication","Fixed Income","1,264,074.32","0.08","1,264,074.32","1,320,000.00","1,320,000.00","95.69","Canada","-","CAD","12.48","1.00","Nov 26, 2043","5.15","CAD","Nov 26, 2013"
"HYDONE","HYDRO ONE INC MTN","Infrastructure","Fixed Income","1,263,550.19","0.08","1,263,550.19","1,293,000.00","1,293,000.00","96.45","Canada","-","CAD","1.96","1.00","Jun 26, 2025","2.97","CAD","Jun 26, 2018"
"ENBGAS","ENBRIDGE GAS INC MTN","Energy","Fixed Income","1,261,571.42","0.08","1,261,571.42","1,176,000.00","1,176,000.00","106.06","Canada","-","CAD","9.51","1.00","Sep 11, 2036","5.46","CAD","Sep 11, 2006"
"ENBPIP","ENBRIDGE PIPELINES INC MTN","Energy","Fixed Income","1,259,890.85","0.08","1,259,890.85","1,493,000.00","1,493,000.00","83.22","Canada","-","CAD","14.36","1.00","Feb 22, 2049","4.33","CAD","Feb 22, 2019"
"CNRCN","CANADIAN NATIONAL RAILWAY COMPANY","Industrial","Fixed Income","1,258,262.87","0.08","1,258,262.87","1,485,000.00","1,485,000.00","83.63","Canada","-","CAD","15.64","1.00","Feb 8, 2049","3.60","CAD","Feb 8, 2019"
"ALTALK","ALTALINK LP MTN","Infrastructure","Fixed Income","1,257,023.50","0.08","1,257,023.50","1,362,000.00","1,362,000.00","92.18","Canada","-","CAD","13.96","1.00","Nov 21, 2044","4.05","CAD","Nov 21, 2014"
"RLNCE","RELIANCE LP","Industrial","Fixed Income","1,255,736.30","0.08","1,255,736.30","1,388,000.00","1,388,000.00","89.14","Canada","-","CAD","4.13","1.00","Dec 1, 2027","2.68","CAD","Aug 20, 2020"
"FCRCN","FIRST CAPITAL REAL ESTATE INVESTME","Real Estate","Fixed Income","1,251,880.96","0.08","1,251,880.96","1,260,000.00","1,260,000.00","98.15","Canada","-","CAD","1.19","1.00","Aug 30, 2024","4.79","CAD","Jan 20, 2014"
"FTSCN","FORTISALBERTA INC","Infrastructure","Fixed Income","1,244,387.38","0.07","1,244,387.38","1,098,000.00","1,098,000.00","112.80","Canada","-","CAD","8.40","1.00","Oct 31, 2034","6.22","CAD","Oct 25, 2004"
"ETRHWY","407 INTERNATIONAL INC MTN","Infrastructure","Fixed Income","1,244,098.95","0.07","1,244,098.95","1,088,000.00","1,088,000.00","111.42","Canada","-","CAD","8.85","1.00","Dec 3, 2035","5.96","CAD","Dec 3, 2004"
"BCIMCR","BCI QUADREAL REALTY","Real Estate","Fixed Income","1,242,880.27","0.07","1,242,880.27","1,314,000.00","1,314,000.00","94.18","Canada","-","CAD","1.69","1.00","Mar 3, 2025","1.68","CAD","Jun 2, 2020"
"CWBCN","CANADIAN WESTERN BANK","Financial","Fixed Income","1,240,775.90","0.07","1,240,775.90","1,280,000.00","1,280,000.00","96.51","Canada","-","CAD","1.80","1.00","Apr 21, 2025","3.86","CAD","Apr 19, 2022"
"AIREIN","AIMCO REALTY INVESTORS LP","Real Estate","Fixed Income","1,240,116.71","0.07","1,240,116.71","1,268,000.00","1,268,000.00","96.83","Canada","-","CAD","1.03","1.00","Jun 26, 2024","2.27","CAD","Jun 26, 2017"
"ENBGAS","ENBRIDGE GAS INC MTN","Energy","Fixed Income","1,239,271.41","0.07","1,239,271.41","1,203,000.00","1,203,000.00","102.89","Canada","-","CAD","15.30","1.00","Nov 22, 2050","4.95","CAD","Nov 22, 2010"
"SE","WESTCOAST ENERGY INC. MTN","Energy","Fixed Income","1,237,363.84","0.07","1,237,363.84","1,259,000.00","1,259,000.00","97.53","Canada","-","CAD","1.23","1.00","Sep 12, 2024","3.43","CAD","Sep 12, 2014"
"CNRCN","CANADIAN NATIONAL RAILWAY COMPANY","Industrial","Fixed Income","1,236,373.80","0.07","1,236,373.80","1,457,000.00","1,457,000.00","83.67","Canada","-","CAD","15.45","1.00","Jul 31, 2048","3.60","CAD","Jul 31, 2018"
"EPCOR","EPCOR UTILITIES INC MTN","Infrastructure","Fixed Income","1,232,419.60","0.07","1,232,419.60","1,476,000.00","1,476,000.00","83.46","Canada","-","CAD","15.49","1.00","Nov 27, 2047","3.55","CAD","Nov 27, 2017"
"AERMON","MONTREAL AIRPORTS","Infrastructure","Fixed Income","1,227,416.26","0.07","1,227,416.26","1,506,000.00","1,506,000.00","81.17","Canada","-","CAD","16.69","1.00","Apr 26, 2051","3.44","CAD","Apr 26, 2021"
"MGCN","MAGNA INTERNATIONAL INC","Industrial","Fixed Income","1,223,681.52","0.07","1,223,681.52","1,200,000.00","1,200,000.00","100.86","Canada","-","CAD","6.23","1.00","Jan 31, 2031","4.95","CAD","Mar 10, 2023"
"REIUCN","RIOCAN REAL ESTATE INVESTMENT TRUS","Real Estate","Fixed Income","1,218,984.59","0.07","1,218,984.59","1,368,000.00","1,368,000.00","88.58","Canada","-","CAD","3.54","1.00","Mar 10, 2027","2.36","CAD","Mar 10, 2020"
"AERMON","AEROPORTS DE MONTREAL","Infrastructure","Fixed Income","1,216,962.78","0.07","1,216,962.78","1,103,000.00","1,103,000.00","109.63","Canada","-","CAD","10.05","1.00","Oct 16, 2037","5.67","CAD","Oct 16, 2007"
"BCIMCR","BCIMC REALTY CORP","Real Estate","Fixed Income","1,214,935.74","0.07","1,214,935.74","1,252,000.00","1,252,000.00","95.65","Canada","-","CAD","1.90","1.00","Jun 3, 2025","2.84","CAD","Jun 3, 2015"
"HYOHI","HYDRO OTTAWA HOLDING INC","Infrastructure","Fixed Income","1,212,923.59","0.07","1,212,923.59","1,255,000.00","1,255,000.00","95.81","Canada","-","CAD","1.61","1.00","Feb 3, 2025","2.61","CAD","Feb 2, 2015"
"HNDA","HONDA CANADA FINANCE INC","Financial","Fixed Income","1,211,847.51","0.07","1,211,847.51","1,337,000.00","1,337,000.00","90.34","Canada","-","CAD","3.18","1.00","Sep 28, 2026","1.71","CAD","Sep 28, 2021"
"CNRCN","CANADIAN NATIONAL RAILWAY COMPANY","Industrial","Fixed Income","1,211,891.95","0.07","1,211,891.95","1,215,000.00","1,215,000.00","99.47","Canada","-","CAD","16.06","1.00","May 10, 2053","4.70","CAD","May 10, 2023"
"CUCN","CU INC MTN","Energy","Fixed Income","1,208,163.50","0.07","1,208,163.50","1,572,000.00","1,572,000.00","76.10","Canada","-","CAD","16.95","1.00","Sep 5, 2051","3.17","CAD","Sep 3, 2021"
"ALACN","ALTAGAS LTD MTN","Energy","Fixed Income","1,205,961.14","0.07","1,205,961.14","1,233,000.00","1,233,000.00","97.20","Canada","-","CAD","2.58","1.00","Apr 7, 2026","4.12","CAD","Apr 7, 2016"
"CCLGP","CAPITAL CITY LINK GENERAL PARTNERS","Infrastructure","Fixed Income","1,205,527.65","0.07","1,205,527.65","1,285,588.00","1,285,588.00","93.04","Canada","-","CAD","9.29","1.00","Mar 31, 2046","4.39","CAD","May 11, 2012"
"GEICN","GIBSON ENERGY INC MTN","Energy","Fixed Income","1,205,195.67","0.07","1,205,195.67","1,305,000.00","1,305,000.00","91.28","Canada","-","CAD","3.80","1.00","Jul 14, 2027","2.85","CAD","Jul 14, 2020"
"MRUCN","METRO INC RegS","Industrial","Fixed Income","1,204,408.77","0.07","1,204,408.77","1,205,000.00","1,205,000.00","98.50","Canada","-","CAD","7.61","1.00","Feb 7, 2033","4.66","CAD","Feb 6, 2023"
"BCIMCR","QUADREAL PROPERTY GROUP LP","Real Estate","Fixed Income","1,204,031.27","0.07","1,204,031.27","1,330,000.00","1,330,000.00","90.19","Canada","-","CAD","2.59","1.00","Feb 4, 2026","1.07","CAD","Feb 4, 2021"
"HYDONE","HYDRO ONE INC MTN","Infrastructure","Fixed Income","1,202,186.71","0.07","1,202,186.71","1,165,000.00","1,165,000.00","102.13","Canada","-","CAD","10.00","1.00","Mar 13, 2037","4.89","CAD","Mar 13, 2007"
"ETRHWY","407 INTERNATIONAL INC.","Infrastructure","Fixed Income","1,201,417.91","0.07","1,201,417.91","1,286,000.00","1,286,000.00","93.24","Canada","-","CAD","3.69","1.00","May 4, 2027","2.43","CAD","Nov 4, 2016"
"KEYCN","KEYERA CORP","Energy","Fixed Income","1,196,937.37","0.07","1,196,937.37","1,240,000.00","1,240,000.00","94.79","Canada","-","CAD","4.45","1.00","Jun 21, 2028","3.93","CAD","Jun 19, 2018"
"COOPFS","CO-OPERATORS FINANCIAL SERVICES LT","Financial","Fixed Income","1,196,326.74","0.07","1,196,326.74","1,403,000.00","1,403,000.00","85.11","Canada","-","CAD","6.09","1.00","May 13, 2030","3.33","CAD","May 11, 2020"
"LBCN","LAURENTIAN BANK OF CANADA","Financial","Fixed Income","1,189,966.32","0.07","1,189,966.32","1,267,000.00","1,267,000.00","93.52","Canada","-","CAD","1.73","1.00","Mar 17, 2025","1.95","CAD","Dec 21, 2021"
"ENBPIP","ENBRIDGE PIPELINES INC MTN","Energy","Fixed Income","1,189,259.13","0.07","1,189,259.13","1,211,000.00","1,211,000.00","97.40","Canada","-","CAD","11.01","1.00","Apr 6, 2040","5.33","CAD","Apr 6, 2010"
"ALTALK","ALTALINK LP MTN","Infrastructure","Fixed Income","1,187,424.49","0.07","1,187,424.49","1,250,000.00","1,250,000.00","94.98","Canada","-","CAD","2.84","1.00","May 29, 2026","2.75","CAD","May 30, 2016"
"IPLCN","INTER PIPELINE LTD MTN","Energy","Fixed Income","1,185,144.72","0.07","1,185,144.72","1,228,000.00","1,228,000.00","95.92","Canada","-","CAD","1.73","1.00","Mar 24, 2025","3.17","CAD","Mar 23, 2015"
"ENBGAS","ENBRIDGE GAS INC MTN","Energy","Fixed Income","1,182,555.38","0.07","1,182,555.38","1,252,000.00","1,252,000.00","93.67","Canada","-","CAD","2.99","1.00","Aug 5, 2026","2.50","CAD","Aug 5, 2016"
"OMERS","OMERS REALTY CORPORATION","Real Estate","Fixed Income","1,179,127.11","0.07","1,179,127.11","1,210,000.00","1,210,000.00","97.28","Canada","-","CAD","1.40","1.00","Nov 12, 2024","3.33","CAD","Nov 12, 2014"
"TERANE","TERANET HOLDINGS LP","Industrial","Fixed Income","1,179,023.64","0.07","1,179,023.64","1,186,000.00","1,186,000.00","96.81","Canada","-","CAD","10.74","1.00","Dec 17, 2040","5.75","CAD","Dec 16, 2010"
"CNRCN","CANADIAN NATIONAL RAILWAY COMPANY","Industrial","Fixed Income","1,176,956.42","0.07","1,176,956.42","1,383,000.00","1,383,000.00","83.93","Canada","-","CAD","15.10","1.00","Aug 1, 2047","3.60","CAD","Aug 1, 2017"
"HRUCN","H&R REAL ESTATE INVESTMENT TRUST","Real Estate","Fixed Income","1,173,538.98","0.07","1,173,538.98","1,198,000.00","1,198,000.00","96.11","Canada","-","CAD","1.90","1.00","Jun 16, 2025","4.07","CAD","Jun 15, 2020"
"AQNCN","ALGONQUIN POWER CO","Energy","Fixed Income","1,171,070.12","0.07","1,171,070.12","1,370,000.00","1,370,000.00","84.42","Canada","-","CAD","7.03","1.00","Jul 15, 2031","2.85","CAD","Apr 9, 2021"
"ETRHWY","407 INTERNATIONAL INC. MTN","Infrastructure","Fixed Income","1,169,256.90","0.07","1,169,256.90","1,167,000.00","1,167,000.00","99.50","Canada","-","CAD","16.13","1.00","Oct 7, 2053","4.68","CAD","Oct 7, 2013"
"ETRHWY","407 INTERNATIONAL INC MTN RegS","Infrastructure","Fixed Income","1,167,656.56","0.07","1,167,656.56","1,236,000.00","1,236,000.00","94.43","Canada","-","CAD","1.91","1.00","May 22, 2025","1.80","CAD","May 22, 2020"
"SRUUCN","SMARTCENTRES REAL ESTATE INVESTMEN","Real Estate","Fixed Income","1,165,491.34","0.07","1,165,491.34","1,320,000.00","1,320,000.00","86.58","Canada","-","CAD","6.35","1.00","Dec 11, 2030","3.65","CAD","Jun 11, 2020"
"FFHCN","FAIRFAX FINANCIAL HOLDINGS LTD","Financial","Fixed Income","1,163,648.92","0.07","1,163,648.92","1,166,000.00","1,166,000.00","98.59","Canada","-","CAD","1.65","1.00","Mar 3, 2025","4.95","CAD","Mar 3, 2015"
"GWOCN","GREAT-WEST LIFECO INC","Financial","Fixed Income","1,158,560.61","0.07","1,158,560.61","1,045,000.00","1,045,000.00","110.62","Canada","-","CAD","10.83","1.00","Nov 16, 2039","6.00","CAD","Nov 16, 2009"
"BAMREP","BROOKFIELD RENEWABLE PARTNERS ULC MTN","Energy","Fixed Income","1,153,149.56","0.07","1,153,149.56","1,253,000.00","1,253,000.00","90.77","Canada","-","CAD","5.79","1.00","Jan 15, 2030","3.38","CAD","Sep 13, 2019"
"AIREIN","AIMCO REALTY INVESTORS LP","Real Estate","Fixed Income","1,150,486.62","0.07","1,150,486.62","1,195,000.00","1,195,000.00","94.61","Canada","-","CAD","3.63","1.00","Jun 1, 2027","3.37","CAD","Dec 7, 2018"
"TORHYD","TORONTO HYDRO CORPORATION","Infrastructure","Fixed Income","1,149,901.29","0.07","1,149,901.29","1,083,000.00","1,083,000.00","105.53","Canada","-","CAD","15.81","1.00","Oct 13, 2052","4.95","CAD","Oct 13, 2022"
"CNRCN","CANADIAN NATIONAL RAILWAY COMPANY","Industrial","Fixed Income","1,148,600.82","0.07","1,148,600.82","1,200,000.00","1,200,000.00","94.66","Canada","-","CAD","4.64","1.00","Jul 31, 2028","3.20","CAD","Jul 31, 2018"
"NSIUCN","NOVA SCOTIA POWER INC MTN","Infrastructure","Fixed Income","1,145,546.04","0.07","1,145,546.04","1,472,000.00","1,472,000.00","77.27","Canada","-","CAD","15.45","1.00","Apr 5, 2049","3.57","CAD","Apr 4, 2019"
"CHPUCN","CHOICE PROPERTIES REAL ESTATE INVE","Real Estate","Fixed Income","1,143,103.21","0.07","1,143,103.21","1,306,000.00","1,306,000.00","86.81","Canada","-","CAD","5.98","1.00","Mar 4, 2030","2.98","CAD","Mar 3, 2020"
"ENMAXC","ENMAX CORP","Infrastructure","Fixed Income","1,133,735.05","0.07","1,133,735.05","1,165,000.00","1,165,000.00","95.67","Canada","-","CAD","1.88","1.00","Jun 2, 2025","3.33","CAD","Oct 18, 2019"
"APUCN","ALLIED PROPERTIES REAL ESTATE INVE","Real Estate","Fixed Income","1,130,385.50","0.07","1,130,385.50","1,445,000.00","1,445,000.00","77.26","Canada","-","CAD","7.31","1.00","Feb 6, 2032","3.10","CAD","Aug 6, 2021"
"MRUCN","METRO INC MTN","Industrial","Fixed Income","1,128,805.77","0.07","1,128,805.77","1,480,000.00","1,480,000.00","75.41","Canada","-","CAD","15.86","1.00","Feb 28, 2050","3.41","CAD","Feb 26, 2020"
"IFCCN","INTACT FINANCIAL CORP MTN","Financial","Fixed Income","1,126,215.23","0.07","1,126,215.23","983,000.00","983,000.00","114.43","Canada","-","CAD","10.70","1.00","Nov 23, 2039","6.40","CAD","Nov 23, 2009"
"AQNCN","ALGONQUIN POWER CO","Energy","Fixed Income","1,124,042.28","0.07","1,124,042.28","1,135,000.00","1,135,000.00","97.50","Canada","-","CAD","4.82","1.00","Jan 29, 2029","4.60","CAD","Jan 29, 2019"
"CAAIAU","CALGARY AIRPORT AUTHORITY","Infrastructure","Fixed Income","1,123,317.51","0.07","1,123,317.51","1,316,000.00","1,316,000.00","84.89","Canada","-","CAD","10.52","1.00","Oct 7, 2036","3.20","CAD","Oct 7, 2021"
"HRUCN","H&R REAL ESTATE INVESTMENT TRUST","Real Estate","Fixed Income","1,120,418.36","0.07","1,120,418.36","1,203,000.00","1,203,000.00","91.70","Canada","-","CAD","2.80","1.00","Jun 2, 2026","2.91","CAD","Dec 2, 2020"
"TOYOTA","TOYOTA CREDIT CANADA INC MTN","Financial","Fixed Income","1,119,277.41","0.07","1,119,277.41","1,222,000.00","1,222,000.00","91.00","Canada","-","CAD","2.99","1.00","Jul 20, 2026","1.66","CAD","Jul 20, 2021"
"RLNCE","RELIANCE LP","Industrial","Fixed Income","1,115,540.52","0.07","1,115,540.52","1,260,000.00","1,260,000.00","87.66","Canada","-","CAD","4.72","1.00","Aug 1, 2028","2.67","CAD","Apr 14, 2021"
"MFCCN","MANULIFE FINANCIAL CORP","Financial","Fixed Income","1,112,526.24","0.07","1,112,526.24","1,139,000.00","1,139,000.00","96.83","Canada","-","CAD","1.16","1.00","Aug 20, 2029","3.05","CAD","Aug 18, 2017"
"MICCN","GENWORTH MI CANADA INC","Financial","Fixed Income","1,111,812.60","0.07","1,111,812.60","1,233,000.00","1,233,000.00","89.43","Canada","-","CAD","3.48","1.00","Mar 1, 2027","2.96","CAD","Feb 20, 2020"
"RCICN","ROGERS COMMUNICATIONS INC","Communication","Fixed Income","1,111,744.19","0.07","1,111,744.19","1,155,000.00","1,155,000.00","95.31","Canada","-","CAD","3.41","1.00","Mar 1, 2027","3.80","CAD","Apr 3, 2023"
"HYDONE","HYDRO ONE INC MTN","Infrastructure","Fixed Income","1,111,544.47","0.07","1,111,544.47","1,214,000.00","1,214,000.00","89.81","Canada","-","CAD","16.12","1.00","Dec 22, 2051","4.00","CAD","Dec 22, 2011"
"BAMREP","BROOKFIELD RENEWABLE PARTNERS ULC MTN","Energy","Fixed Income","1,111,344.42","0.07","1,111,344.42","1,560,000.00","1,560,000.00","70.26","Canada","-","CAD","15.74","1.00","Aug 13, 2050","3.33","CAD","Aug 13, 2020"
"TORHYD","TORONTO HYDRO CORPORATION","Infrastructure","Fixed Income","1,109,018.83","0.07","1,109,018.83","1,185,000.00","1,185,000.00","92.74","Canada","-","CAD","13.77","1.00","Sep 16, 2044","4.08","CAD","Sep 16, 2014"
"CANCOR","CANADIAN CORE REAL ESTATE LP","Real Estate","Fixed Income","1,107,788.21","0.07","1,107,788.21","1,191,000.00","1,191,000.00","92.20","Canada","-","CAD","3.46","1.00","Mar 2, 2027","3.30","CAD","Mar 2, 2022"
"FCLCAN","FEDERATED CO-OPERATIVES LTD","Industrial","Fixed Income","1,105,153.78","0.07","1,105,153.78","1,125,000.00","1,125,000.00","96.47","Canada","-","CAD","1.91","1.00","Jun 17, 2025","3.92","CAD","Jun 17, 2015"
"FTSCN","TERASEN GAS INC MTN","Energy","Fixed Income","1,102,394.42","0.07","1,102,394.42","989,000.00","989,000.00","111.18","Canada","-","CAD","10.31","1.00","May 13, 2038","5.80","CAD","May 13, 2008"
"TOYOTA","TOYOTA CREDIT CANADA INC MTN","Financial","Fixed Income","1,100,072.67","0.07","1,100,072.67","1,208,000.00","1,208,000.00","90.75","Canada","-","CAD","2.64","1.00","Feb 23, 2026","1.18","CAD","Feb 23, 2021"
"PMZUCN","PRIMARIS REAL ESTATE INVESTMENT TR RegS","Real Estate","Fixed Income","1,097,799.78","0.07","1,097,799.78","1,100,000.00","1,100,000.00","98.78","Canada","-","CAD","4.12","1.00","Mar 29, 2028","5.93","CAD","Mar 29, 2023"
"FTSCN","TERASEN GAS INC. MTN","Energy","Fixed Income","1,097,218.93","0.07","1,097,218.93","961,000.00","961,000.00","113.20","Canada","-","CAD","9.91","1.00","Oct 2, 2037","6.00","CAD","Oct 2, 2007"
"HYDONE","HYDRO ONE INC MTN","Infrastructure","Fixed Income","1,096,432.65","0.07","1,096,432.65","1,122,000.00","1,122,000.00","97.71","Canada","-","CAD","5.65","1.00","Nov 30, 2029","3.93","CAD","Jan 27, 2023"
"BCIMCR","BCI QUADREAL REALTY","Real Estate","Fixed Income","1,095,346.72","0.07","1,095,346.72","1,336,000.00","1,336,000.00","81.38","Canada","-","CAD","6.55","1.00","Jul 24, 2030","1.75","CAD","Jul 24, 2020"
"ALACN","ALTAGAS LTD MTN","Energy","Fixed Income","1,093,200.85","0.07","1,093,200.85","1,105,000.00","1,105,000.00","97.50","Canada","-","CAD","1.54","1.00","Jan 15, 2025","3.84","CAD","Nov 10, 2014"
"NACN","NATIONAL BANK OF CANADA","Financial","Fixed Income","1,093,013.71","0.07","1,093,013.71","1,177,000.00","1,177,000.00","92.42","Canada","-","CAD","3.08","1.00","Aug 18, 2026","1.57","CAD","Jul 15, 2020"
"DOLCN","DOLLARAMA INC","Industrial","Fixed Income","1,092,465.69","0.07","1,092,465.69","1,235,000.00","1,235,000.00","87.51","Canada","-","CAD","5.53","1.00","Jul 9, 2029","2.44","CAD","Jul 8, 2021"
"SMUUCN","SUMMIT INDUSTRIAL INCOME REIT","Real Estate","Fixed Income","1,089,428.26","0.07","1,089,428.26","1,175,000.00","1,175,000.00","92.28","Canada","-","CAD","2.20","1.00","Sep 17, 2025","2.15","CAD","Feb 17, 2023"
"ENBPIP","ENBRIDGE PIPELINES INC MTN","Energy","Fixed Income","1,086,263.81","0.07","1,086,263.81","1,339,000.00","1,339,000.00","80.91","Canada","-","CAD","15.17","1.00","May 12, 2051","4.20","CAD","May 12, 2021"
"MICCN","SAGEN MI CANADA INC","Financial","Fixed Income","1,084,316.65","0.07","1,084,316.65","1,308,000.00","1,308,000.00","82.12","Canada","-","CAD","6.65","1.00","Mar 5, 2031","3.26","CAD","Mar 5, 2021"
"CCLBCN","CCL INDUSTRIES INC","Industrial","Fixed Income","1,081,743.21","0.06","1,081,743.21","1,140,000.00","1,140,000.00","94.38","Canada","-","CAD","4.36","1.00","Apr 13, 2028","3.86","CAD","Apr 13, 2018"
"ENBCN","ENBRIDGE INC MTN","Energy","Fixed Income","1,081,694.19","0.06","1,081,694.19","1,080,000.00","1,080,000.00","100.09","Canada","-","CAD","4.36","1.00","May 26, 2028","4.90","CAD","May 26, 2023"
"LOWMAT","LOWER MATTAGAMI ENERGY LP","Infrastructure","Fixed Income","1,080,457.35","0.06","1,080,457.35","1,242,000.00","1,242,000.00","86.88","Canada","-","CAD","7.10","1.00","May 14, 2031","2.43","CAD","May 14, 2021"
"XCN","TMX GROUP LTD RegS","Financial","Fixed Income","1,079,887.88","0.06","1,079,887.88","1,101,000.00","1,101,000.00","96.68","Canada","-","CAD","1.46","1.00","Dec 11, 2024","3.00","CAD","Dec 11, 2017"
"CPXCN","CAPITAL POWER CORP MTN","Energy","Fixed Income","1,080,016.73","0.06","1,080,016.73","1,078,000.00","1,078,000.00","98.44","Canada","-","CAD","2.34","1.00","Jan 23, 2026","4.99","CAD","Jan 23, 2019"
"CCOCN","CAMECO CORPORATION","Industrial","Equity","1,079,884.26","0.06","1,079,884.26","1,180,000.00","1,180,000.00","91.19","Canada","-","CAD","4.06","1.00","Oct 21, 2027","2.95","CAD","Oct 21, 2020"
"ENBGAS","ENBRIDGE GAS INC MTN RegS","Energy","Fixed Income","1,079,212.47","0.06","1,079,212.47","1,195,000.00","1,195,000.00","89.24","Canada","-","CAD","13.66","1.00","Aug 22, 2044","4.00","CAD","Aug 22, 2014"
"CUCN","CU INC MTN","Energy","Fixed Income","1,078,490.76","0.06","1,078,490.76","1,248,000.00","1,248,000.00","86.29","Canada","-","CAD","14.89","1.00","Nov 19, 2046","3.76","CAD","Nov 17, 2016"
"BCECN","BELL CANADA MTN","Communication","Fixed Income","1,072,801.92","0.06","1,072,801.92","978,000.00","978,000.00","108.10","Canada","-","CAD","9.38","1.00","Feb 26, 2037","6.17","CAD","Feb 26, 2007"
"SAPCN","SAPUTO INC MTN","Industrial","Fixed Income","1,070,817.25","0.06","1,070,817.25","1,056,000.00","1,056,000.00","101.37","Canada","-","CAD","5.43","1.00","Nov 29, 2029","5.25","CAD","Nov 29, 2022"
"HYDONE","HYDRO ONE INC RegS","Infrastructure","Fixed Income","1,068,609.20","0.06","1,068,609.20","1,080,000.00","1,080,000.00","97.53","Canada","-","CAD","7.75","1.00","Jan 27, 2033","4.16","CAD","Jan 27, 2023"
"GWOCN","GREAT-WEST LIFECO INC","Financial","Fixed Income","1,064,759.21","0.06","1,064,759.21","947,000.00","947,000.00","112.31","Canada","-","CAD","6.63","1.00","Nov 24, 2031","6.74","CAD","Nov 23, 2001"
"NSIUCN","NOVA SCOTIA POWER INC MTN","Infrastructure","Fixed Income","1,063,627.77","0.06","1,063,627.77","969,000.00","969,000.00","107.74","Canada","-","CAD","10.49","1.00","Jul 27, 2039","5.95","CAD","Jul 27, 2009"
"CAAIAU","CALGARY AIRPORT AUTHORITY","Infrastructure","Fixed Income","1,060,117.95","0.06","1,060,117.95","1,291,000.00","1,291,000.00","81.59","Canada","-","CAD","17.17","1.00","Oct 7, 2053","3.55","CAD","Oct 7, 2021"
"VANAIR","VANCOUVER AIRPORT AUTHORITY","Infrastructure","Fixed Income","1,058,674.91","0.06","1,058,674.91","1,446,000.00","1,446,000.00","72.67","Canada","-","CAD","17.32","1.00","Sep 21, 2050","2.80","CAD","Sep 21, 2020"
"PSSGEN","PSS GENERATING STATION LP","Infrastructure","Fixed Income","1,058,149.70","0.06","1,058,149.70","1,100,000.00","1,100,000.00","95.71","Canada","-","CAD","16.94","1.00","Oct 24, 2067","4.79","CAD","Oct 23, 2015"
"EPCOR","EPCOR UTILITIES INC MTN","Infrastructure","Fixed Income","1,057,784.29","0.06","1,057,784.29","1,366,000.00","1,366,000.00","76.22","Canada","-","CAD","16.27","1.00","Jul 8, 2049","3.11","CAD","Jul 8, 2019"
"FCRCN","FIRST CAPITAL REAL ESTATE INVESTME","Real Estate","Fixed Income","1,056,722.55","0.06","1,056,722.55","1,081,000.00","1,081,000.00","96.33","Canada","-","CAD","2.02","1.00","Jul 31, 2025","4.32","CAD","Jun 17, 2014"
"ALACN","ALTAGAS LTD MTN","Energy","Fixed Income","1,055,084.92","0.06","1,055,084.92","1,231,000.00","1,231,000.00","84.42","Canada","-","CAD","12.79","1.00","Aug 15, 2044","4.50","CAD","Aug 15, 2014"
"EAGCCT_20-1-A","EAGCCT_20-1 A","Securitized","Fixed Income","1,054,812.09","0.06","1,054,812.09","1,140,000.00","1,140,000.00","92.06","Canada","-","CAD","2.05","1.00","Jul 17, 2025","1.27","CAD","Aug 11, 2020"
"HYDONE","HYDRO ONE INC MTN","Infrastructure","Fixed Income","1,053,805.73","0.06","1,053,805.73","1,002,000.00","1,002,000.00","104.59","Canada","-","CAD","14.02","1.00","Oct 19, 2046","5.00","CAD","Oct 19, 2006"
"CNHI","CNH INDUSTRIAL CAPITAL CANADA LTD","Financial","Fixed Income","1,051,271.76","0.06","1,051,271.76","1,107,000.00","1,107,000.00","94.72","Canada","-","CAD","1.30","1.00","Oct 1, 2024","1.50","CAD","Sep 28, 2021"
"FTSCN","FORTISBC INC MTN","Infrastructure","Fixed Income","1,048,661.59","0.06","1,048,661.59","1,197,000.00","1,197,000.00","87.25","Canada","-","CAD","13.77","1.00","Oct 28, 2044","4.00","CAD","Oct 28, 2014"
"VW","VW CREDIT CANADA INC RegS","Financial","Fixed Income","1,048,494.42","0.06","1,048,494.42","1,020,000.00","1,020,000.00","102.54","Germany","-","CAD","3.92","1.00","Nov 15, 2027","5.86","CAD","Nov 15, 2022"
"ENBCN","ENBRIDGE INC. MTN","Energy","Fixed Income","1,042,751.26","0.06","1,042,751.26","930,000.00","930,000.00","108.89","Canada","-","CAD","6.63","1.00","Jun 18, 2032","7.20","CAD","Jun 18, 2001"
"NSIUCN","NOVA SCOTIA POWER INC MTN","Infrastructure","Fixed Income","1,041,374.38","0.06","1,041,374.38","976,000.00","976,000.00","104.13","Canada","-","CAD","10.91","1.00","Jun 15, 2040","5.61","CAD","Jun 15, 2010"
"AERMON","MONTREAL AIRPORTS","Infrastructure","Fixed Income","1,040,365.91","0.06","1,040,365.91","1,377,000.00","1,377,000.00","75.22","Canada","-","CAD","16.85","1.00","Apr 21, 2050","3.03","CAD","Apr 21, 2020"
"PPLCN","PEMBINA PIPELINE CORP","Energy","Fixed Income","1,039,247.43","0.06","1,039,247.43","1,220,000.00","1,220,000.00","85.15","Canada","-","CAD","14.45","1.00","May 28, 2050","4.67","CAD","May 28, 2020"
"EDISNH","ELLISDON INFRASTRUCTURE SNH GP","Infrastructure","Fixed Income","1,038,452.49","0.06","1,038,452.49","1,000,000.00","1,000,000.00","102.59","Canada","-","CAD","9.59","1.00","Feb 28, 2043","5.00","CAD","Feb 21, 2023"
"FRSTRS","INDEPENDENT ORDER OF FORESTERS","Financial","Fixed Income","1,035,314.53","0.06","1,035,314.53","1,250,000.00","1,250,000.00","82.46","Canada","-","CAD","10.04","1.00","Oct 15, 2035","2.88","CAD","Oct 15, 2020"
"HYDONE","HYDRO ONE INC MTN","Infrastructure","Fixed Income","1,033,519.96","0.06","1,033,519.96","1,086,000.00","1,086,000.00","93.16","Canada","-","CAD","13.39","1.00","Jun 6, 2044","4.17","CAD","Jun 6, 2014"
"VANAIR","VANCOUVER AIRPORT AUTHORITY","Infrastructure","Fixed Income","1,031,451.68","0.06","1,031,451.68","1,385,000.00","1,385,000.00","74.13","Canada","-","CAD","16.94","1.00","Oct 18, 2049","2.87","CAD","Oct 18, 2019"
"TRPCN","TRANSCANADA PIPELINES LIMITED MTN","Energy","Fixed Income","1,031,159.72","0.06","1,031,159.72","944,000.00","944,000.00","106.62","Canada","-","CAD","2.37","1.00","Feb 5, 2026","8.29","CAD","Feb 5, 1996"
"LCN","LOBLAW COMPANIES LIMITED MTN","Industrial","Fixed Income","1,030,947.60","0.06","1,030,947.60","943,000.00","943,000.00","107.03","Canada","-","CAD","4.68","1.00","Jan 22, 2029","6.50","CAD","Jan 22, 1999"
"NAVCAN","NAV CANADA MTN","Infrastructure","Fixed Income","1,029,513.10","0.06","1,029,513.10","1,260,000.00","1,260,000.00","81.16","Canada","-","CAD","15.86","1.00","Mar 30, 2048","3.29","CAD","Mar 29, 2018"
"HYDONE","HYDRO ONE INC","Infrastructure","Fixed Income","1,028,571.39","0.06","1,028,571.39","1,444,000.00","1,444,000.00","70.55","Canada","-","CAD","17.14","1.00","Feb 28, 2050","2.71","CAD","Feb 28, 2020"
"DE","JOHN DEERE FINANCIAL INC MTN","Financial","Fixed Income","1,027,154.88","0.06","1,027,154.88","1,095,000.00","1,095,000.00","93.49","United States","-","CAD","3.18","1.00","Oct 16, 2026","2.58","CAD","Oct 16, 2019"
"EPCOR","EPCOR UTILITIES INC MTN","Infrastructure","Fixed Income","1,026,546.36","0.06","1,026,546.36","847,000.00","847,000.00","120.36","Canada","-","CAD","9.97","1.00","Apr 15, 2038","6.65","CAD","Apr 15, 2008"
"NVLAUT","NOUVELLE AUTOROUTE 30 FINANCEMENT","Infrastructure","Fixed Income","1,024,857.94","0.06","1,024,857.94","1,151,608.00","1,151,608.00","88.31","Canada","-","CAD","10.41","1.00","Mar 31, 2042","4.11","CAD","Jun 14, 2018"
"PWFCN","POWER FINANCIAL CORPORATION","Financial","Fixed Income","1,023,874.82","0.06","1,023,874.82","887,000.00","887,000.00","113.90","Canada","-","CAD","7.26","1.00","Mar 11, 2033","6.90","CAD","Mar 11, 2003"
"AERMON","AEROPORT DE MONTREAL","Infrastructure","Fixed Income","1,024,017.30","0.06","1,024,017.30","1,127,000.00","1,127,000.00","90.15","Canada","-","CAD","13.11","1.00","Sep 26, 2042","3.92","CAD","Sep 26, 2012"
"ENMAXC","ENMAX CORP","Infrastructure","Fixed Income","1,024,009.93","0.06","1,024,009.93","1,067,000.00","1,067,000.00","94.11","Canada","-","CAD","4.42","1.00","Jun 5, 2028","3.84","CAD","May 31, 2018"
"SEASKY","SEA TO SKY HIGHWAY INVESTMENT LP","Infrastructure","Fixed Income","1,023,160.31","0.06","1,023,160.31","1,137,346.00","1,137,346.00","89.30","Canada","-","CAD","3.52","1.00","Aug 31, 2030","2.63","CAD","Jun 16, 2016"
"DE","JOHN DEERE FINANCIAL INC","Financial","Fixed Income","1,022,409.31","0.06","1,022,409.31","1,168,000.00","1,168,000.00","87.23","United States","-","CAD","4.08","1.00","Sep 8, 2027","1.34","CAD","Sep 8, 2020"
"MRUCN","METRO INC","Industrial","Fixed Income","1,019,852.57","0.06","1,019,852.57","1,060,000.00","1,060,000.00","95.26","Canada","-","CAD","1.45","1.00","Dec 2, 2024","1.92","CAD","Nov 30, 2021"
"CHPUCN","CHOICE PROPERTIES REAL ESTATE INVE","Real Estate","Fixed Income","1,019,024.59","0.06","1,019,024.59","1,118,000.00","1,118,000.00","91.14","Canada","-","CAD","3.31","1.00","Nov 30, 2026","2.46","CAD","Nov 30, 2021"
"APUCN","ALLIED PROPERTIES REAL ESTATE INVE","Real Estate","Fixed Income","1,016,711.35","0.06","1,016,711.35","1,220,000.00","1,220,000.00","82.49","Canada","-","CAD","5.90","1.00","Feb 21, 2030","3.12","CAD","Feb 21, 2020"
"EQBCN","EQUITABLE BANK (CANADA)","Financial","Fixed Income","1,015,658.68","0.06","1,015,658.68","1,080,000.00","1,080,000.00","93.21","Canada","-","CAD","2.58","1.00","Mar 2, 2026","3.36","CAD","Feb 28, 2022"
"NSIUCN","NOVA SCOTIA POWER INC MTN","Infrastructure","Fixed Income","1,013,162.21","0.06","1,013,162.21","1,094,000.00","1,094,000.00","91.00","Canada","-","CAD","12.65","1.00","Jul 20, 2043","4.50","CAD","Jul 19, 2013"
"TRPCN","TRANSCANADA PIPELINES LTD MTN RegS","Energy","Fixed Income","1,011,218.15","0.06","1,011,218.15","1,000,000.00","1,000,000.00","99.90","Canada","-","CAD","0.87","1.00","Mar 10, 2026","5.42","CAD","Mar 10, 2023"
"LCN","LOBLAW COMPANIES LTD","Industrial","Fixed Income","1,007,689.47","0.06","1,007,689.47","1,175,000.00","1,175,000.00","85.61","Canada","-","CAD","6.30","1.00","May 7, 2030","2.28","CAD","May 7, 2020"
"CRRUCN","CROMBIE REAL ESTATE INVESTMENT TRU RegS","Real Estate","Fixed Income","1,001,068.16","0.06","1,001,068.16","1,010,000.00","1,010,000.00","98.20","Canada","-","CAD","5.28","1.00","Sep 28, 2029","5.24","CAD","Mar 28, 2023"
"CWBCN","CANADIAN WESTERN BANK","Financial","Fixed Income","999,713.40","0.06","999,713.40","1,035,000.00","1,035,000.00","95.98","Canada","-","CAD","1.22","1.00","Sep 6, 2024","2.60","CAD","Sep 6, 2019"
"WELL","HCN CANADIAN HOLDINGS 1 LP","Real Estate","Fixed Income","999,306.59","0.06","999,306.59","1,084,000.00","1,084,000.00","91.09","United States","-","CAD","3.36","1.00","Jan 15, 2027","2.95","CAD","Dec 20, 2019"
"BRUPOW","BRUCE POWER LP RegS","Energy","Fixed Income","998,946.37","0.06","998,946.37","1,000,000.00","1,000,000.00","99.01","Canada","-","CAD","4.01","1.00","Dec 21, 2027","4.70","CAD","Mar 23, 2023"
"LOWMAT","LOWER MATTAGAMI ENERGY LTD PARTNER","Infrastructure","Fixed Income","996,744.62","0.06","996,744.62","1,070,000.00","1,070,000.00","92.90","Canada","-","CAD","3.21","1.00","Oct 21, 2026","2.31","CAD","Oct 7, 2016"
"IFCCN","INTACT FINANCIAL CORP MTN","Financial","Fixed Income","996,506.17","0.06","996,506.17","1,015,000.00","1,015,000.00","97.49","Canada","-","CAD","1.72","1.00","Mar 24, 2025","3.69","CAD","Mar 24, 2020"
"VANAIR","VANCOUVER AIRPORT AUTHORITY","Infrastructure","Fixed Income","993,108.93","0.06","993,108.93","1,174,000.00","1,174,000.00","84.24","Canada","-","CAD","6.71","1.00","Sep 20, 2030","1.76","CAD","Sep 21, 2020"
"CPXCN","CAPITAL POWER CORP MTN","Energy","Fixed Income","990,728.49","0.06","990,728.49","1,027,000.00","1,027,000.00","95.11","Canada","-","CAD","5.65","1.00","Feb 8, 2030","4.42","CAD","Nov 8, 2019"
"HYDONE","HYDRO ONE INC MTN","Infrastructure","Fixed Income","990,232.34","0.06","990,232.34","851,000.00","851,000.00","114.89","Canada","-","CAD","10.51","1.00","Mar 3, 2039","6.03","CAD","Mar 3, 2009"
"ETRHWY","407 INTERNATIONAL INC MTN","Infrastructure","Fixed Income","986,472.23","0.06","986,472.23","1,021,000.00","1,021,000.00","96.42","Canada","-","CAD","12.44","1.00","Nov 15, 2041","4.45","CAD","Nov 17, 2011"
"CUCN","CU INC MTN","Energy","Fixed Income","985,345.58","0.06","985,345.58","1,190,000.00","1,190,000.00","82.71","Canada","-","CAD","15.44","1.00","Nov 22, 2047","3.55","CAD","Nov 22, 2017"
"ETRHWY","407 INTERNATIONAL INC MTN","Infrastructure","Fixed Income","984,703.03","0.06","984,703.03","990,000.00","990,000.00","98.24","Canada","-","CAD","4.20","1.00","Feb 14, 2028","4.22","CAD","Sep 7, 2022"
"CNRCN","CANADIAN NATIONAL RAILWAY COMPANY","Industrial","Fixed Income","983,768.80","0.06","983,768.80","1,022,000.00","1,022,000.00","95.72","Canada","-","CAD","2.20","1.00","Sep 22, 2025","2.80","CAD","Sep 22, 2015"
"CUCN","CU INC MTN","Energy","Fixed Income","983,446.44","0.06","983,446.44","1,113,000.00","1,113,000.00","88.27","Canada","-","CAD","15.41","1.00","Nov 23, 2048","3.95","CAD","Nov 21, 2018"
"ENBGAS","ENBRIDGE GAS INC MTN","Energy","Fixed Income","982,015.93","0.06","982,015.93","856,000.00","856,000.00","113.23","Canada","-","CAD","10.25","1.00","Sep 2, 2038","6.05","CAD","Sep 2, 2008"
"CNQCN","CANADIAN NATURAL RESOURCES LTD MTN","Energy","Fixed Income","979,931.67","0.06","979,931.67","1,099,000.00","1,099,000.00","89.15","Canada","-","CAD","13.64","1.00","May 30, 2047","4.85","CAD","May 30, 2017"
"TOUCN","TOURMALINE OIL CORP RegS","Energy","Fixed Income","976,702.76","0.06","976,702.76","1,102,000.00","1,102,000.00","87.91","Canada","-","CAD","4.34","1.00","Jan 25, 2028","2.08","CAD","Jan 25, 2021"
"CHPUCN","CHOICE PROPERTIES REAL ESTATE INVE","Real Estate","Fixed Income","976,183.42","0.06","976,183.42","994,000.00","994,000.00","96.84","Canada","-","CAD","1.53","1.00","Jan 10, 2025","3.55","CAD","Jan 12, 2018"
"CCACN","COGECO COMMUNICATIONS INC","Communication","Fixed Income","975,409.32","0.06","975,409.32","965,000.00","965,000.00","99.57","Canada","-","CAD","7.43","1.00","Feb 16, 2033","5.30","CAD","Feb 16, 2023"
"IVANCA","IVANHOE CAMBRIDGE II INC RegS","Real Estate","Fixed Income","975,000.00","0.06","975,000.00","975,000.00","975,000.00","100.00","Canada","-","CAD","4.37","1.00","Jun 2, 2028","4.99","CAD","Jun 2, 2023"
"ALTALK","ALTALINK LP MTN","Infrastructure","Fixed Income","972,332.56","0.06","972,332.56","1,033,000.00","1,033,000.00","92.42","Canada","-","CAD","13.92","1.00","Jun 30, 2045","4.09","CAD","Jun 30, 2015"
"BCECN","BELL CANADA 144A","Communication","Fixed Income","970,957.81","0.06","970,957.81","896,000.00","896,000.00","107.10","Canada","-","CAD","8.49","1.00","Mar 16, 2035","6.10","CAD","Mar 16, 2004"
"POWCN","POWER CORPORATION OF CANADA","Financial","Fixed Income","967,142.65","0.06","967,142.65","996,000.00","996,000.00","95.52","Canada","-","CAD","13.70","1.00","Jan 31, 2047","4.81","CAD","Jan 31, 2017"
"CNRCN","CANADIAN NATIONAL RAILWAY","Industrial","Fixed Income","965,096.17","0.06","965,096.17","1,269,000.00","1,269,000.00","75.12","Canada","-","CAD","16.59","1.00","Feb 8, 2050","3.05","CAD","Nov 1, 2019"
"OTTMAC","OTTAWA MACDONALD-CARTIER INTERNATI","Infrastructure","Fixed Income","962,301.08","0.06","962,301.08","1,075,810.00","1,075,810.00","87.58","Canada","-","CAD","8.74","1.00","Jun 9, 2045","3.93","CAD","Jun 9, 2015"
"EPCOR","EPCOR UTILITIES INC MTN","Infrastructure","Fixed Income","961,212.79","0.06","961,212.79","1,080,000.00","1,080,000.00","88.95","Canada","-","CAD","15.45","1.00","Nov 26, 2048","3.95","CAD","Nov 26, 2018"
"IFCCN","INTACT FINANCIAL CORP MTN","Financial","Fixed Income","959,909.81","0.06","959,909.81","981,000.00","981,000.00","96.92","Canada","-","CAD","2.51","1.00","Mar 2, 2026","3.77","CAD","Mar 1, 2016"
"ENBGAS","ENBRIDGE GAS INC MTN","Energy","Fixed Income","957,603.49","0.06","957,603.49","1,025,000.00","1,025,000.00","93.35","Canada","-","CAD","4.15","1.00","Nov 22, 2027","2.88","CAD","Nov 22, 2017"
"IFCCN","INTACT FINANCIAL CORP MTN","Financial","Fixed Income","956,485.35","0.06","956,485.35","1,152,000.00","1,152,000.00","82.15","Canada","-","CAD","6.82","1.00","Dec 16, 2030","1.93","CAD","Dec 16, 2020"
"IFCCN","INTACT FINANCIAL CORP MTN","Financial","Fixed Income","955,434.85","0.06","955,434.85","922,000.00","922,000.00","101.28","Canada","-","CAD","11.96","1.00","Jun 16, 2042","5.16","CAD","Jun 15, 2012"
"SAPCN","SAPUTO INC MTN","Industrial","Fixed Income","955,358.29","0.06","955,358.29","978,000.00","978,000.00","96.64","Canada","-","CAD","2.06","1.00","Aug 14, 2025","3.60","CAD","Aug 10, 2018"
"NAVCAN","NAV CANADA","Infrastructure","Fixed Income","954,256.67","0.06","954,256.67","1,103,000.00","1,103,000.00","86.50","Canada","-","CAD","6.41","1.00","May 29, 2030","2.06","CAD","May 29, 2020"
"BIP","BROOKFIELD INFRASTRUCTURE FINANCE MTN","Infrastructure","Fixed Income","953,704.78","0.06","953,704.78","904,000.00","904,000.00","103.76","Canada","-","CAD","7.24","1.00","Feb 14, 2033","5.98","CAD","Nov 14, 2022"
"SRUUCN","SMARTCENTRES REAL ESTATE INVESTMEN","Real Estate","Fixed Income","952,291.59","0.06","952,291.59","1,121,000.00","1,121,000.00","83.91","Canada","-","CAD","5.06","1.00","Dec 18, 2028","2.31","CAD","Dec 16, 2020"
"ENBGAS","ENBRIDGE GAS INC MTN","Energy","Fixed Income","951,055.24","0.06","951,055.24","988,000.00","988,000.00","94.87","Canada","-","CAD","2.80","1.00","Jun 1, 2026","2.81","CAD","May 31, 2016"
"GRTCN","GRANITE REIT HOLDINGS LP","Real Estate","Fixed Income","950,864.40","0.06","950,864.40","1,100,000.00","1,100,000.00","85.89","Canada","-","CAD","4.85","1.00","Aug 30, 2028","2.19","CAD","Aug 30, 2021"
"LCN","LOBLAW COMPANIES LIMITED MTN","Industrial","Fixed Income","949,899.60","0.06","949,899.60","871,000.00","871,000.00","107.00","Canada","-","CAD","8.35","1.00","Jan 29, 2035","6.15","CAD","Jan 29, 2004"
"CUCN","CU INC","Energy","Fixed Income","949,270.64","0.06","949,270.64","977,000.00","977,000.00","96.86","Canada","-","CAD","16.26","1.00","Nov 7, 2053","4.56","CAD","Nov 7, 2013"
"BCFERR","BRITISH COLUMBIA FERRY SERVICES IN","Infrastructure","Fixed Income","947,700.29","0.06","947,700.29","938,000.00","938,000.00","100.54","Canada","-","CAD","13.02","1.00","Oct 23, 2043","4.70","CAD","Oct 25, 2013"
"GZMCN","ENERGIR INC RegS","Energy","Fixed Income","947,129.29","0.06","947,129.29","1,049,000.00","1,049,000.00","89.36","Canada","-","CAD","7.45","1.00","Feb 9, 2032","3.04","CAD","Feb 9, 2022"
"AERMON","AEROPORTS DE MONTREAL","Infrastructure","Fixed Income","945,767.21","0.06","945,767.21","866,000.00","866,000.00","108.54","Canada","-","CAD","11.26","1.00","Apr 16, 2040","5.47","CAD","Apr 16, 2010"
"VTR","VENTAS CANADA FINANCE LTD","Real Estate","Fixed Income","945,557.28","0.06","945,557.28","1,100,000.00","1,100,000.00","84.32","United States","-","CAD","7.13","1.00","Dec 1, 2031","3.30","CAD","Dec 1, 2021"
"CAAIAU","CALGARY AIRPORT AUTHORITY","Infrastructure","Fixed Income","943,602.93","0.06","943,602.93","1,140,000.00","1,140,000.00","82.25","Canada","-","CAD","16.63","1.00","Oct 7, 2051","3.55","CAD","Oct 7, 2021"
"BAMREP","BRP FINANCE ULC","Energy","Fixed Income","940,580.07","0.06","940,580.07","905,000.00","905,000.00","103.52","Canada","-","CAD","9.41","1.00","Nov 5, 2036","5.84","CAD","Nov 1, 2006"
"BCFERR","BRITISH COLUMBIA FERRY SERVICES IN","Infrastructure","Fixed Income","938,090.23","0.06","938,090.23","837,000.00","837,000.00","109.94","Canada","-","CAD","10.08","1.00","Jan 11, 2038","5.58","CAD","Jan 11, 2008"
"ENBPIP","ENBRIDGE PIPELINES INC MTN","Energy","Fixed Income","936,588.77","0.06","936,588.77","1,134,000.00","1,134,000.00","81.34","Canada","-","CAD","13.78","1.00","Aug 9, 2046","4.13","CAD","Aug 9, 2016"
"ALCTRA","ALECTRA INC (CANADA)","Infrastructure","Fixed Income","933,916.81","0.06","933,916.81","855,000.00","855,000.00","108.99","Canada","-","CAD","15.66","1.00","Nov 14, 2052","5.22","CAD","Nov 14, 2022"
"LOWMAT","LOWER MATTAGAMI ENERGY LP","Infrastructure","Fixed Income","933,376.66","0.06","933,376.66","1,007,000.00","1,007,000.00","92.25","Canada","-","CAD","16.29","1.00","Apr 23, 2052","4.17","CAD","Apr 23, 2012"
"FCRCN","FIRST CAPITAL REAL ESTATE INVESTME","Real Estate","Fixed Income","932,506.95","0.06","932,506.95","995,000.00","995,000.00","93.47","Canada","-","CAD","2.75","1.00","May 6, 2026","3.60","CAD","May 6, 2016"
"APUCN","ALLIED PROPERTIES REAL ESTATE INVE","Real Estate","Fixed Income","921,669.21","0.06","921,669.21","1,060,000.00","1,060,000.00","86.81","Canada","-","CAD","4.52","1.00","May 15, 2028","3.13","CAD","May 15, 2020"
"ENBGAS","ENBRIDGE GAS INC MTN","Energy","Fixed Income","919,372.90","0.06","919,372.90","1,026,000.00","1,026,000.00","88.89","Canada","-","CAD","5.63","1.00","Aug 9, 2029","2.37","CAD","Aug 9, 2019"
"TOYOTA","TOYOTA CREDIT CANADA INC MTN","Financial","Fixed Income","918,945.50","0.06","918,945.50","955,000.00","955,000.00","95.78","Canada","-","CAD","1.11","1.00","Jul 22, 2024","1.27","CAD","Jul 20, 2021"
"FNCN","FIRST NATIONAL FINANCIAL CORP","Financial","Fixed Income","917,490.56","0.06","917,490.56","996,000.00","996,000.00","92.00","Canada","-","CAD","2.34","1.00","Nov 17, 2025","2.96","CAD","Nov 16, 2020"
"FCRCN","FIRST CAPITAL REAL ESTATE INVESTME","Real Estate","Fixed Income","917,256.53","0.06","917,256.53","1,025,000.00","1,025,000.00","88.63","Canada","-","CAD","4.29","1.00","Mar 1, 2028","3.45","CAD","Sep 1, 2020"
"ENBGAS","ENBRIDGE GAS INC","Energy","Fixed Income","916,549.87","0.05","916,549.87","862,000.00","862,000.00","104.50","Canada","-","CAD","11.34","1.00","Jul 23, 2040","5.20","CAD","Jul 23, 2010"
"APUCN","ALLIED PROPERTIES REAL ESTATE INVE","Real Estate","Fixed Income","914,500.77","0.05","914,500.77","1,013,000.00","1,013,000.00","89.82","Canada","-","CAD","3.57","1.00","Apr 8, 2027","3.11","CAD","Oct 8, 2019"
"EQBCN","EQUITABLE BANK (CANADA)","Financial","Fixed Income","912,635.28","0.05","912,635.28","978,000.00","978,000.00","92.88","Canada","-","CAD","1.71","1.00","Mar 10, 2025","1.94","CAD","Mar 9, 2021"
"SE","WESTCOAST ENERGY INC MTN","Energy","Fixed Income","911,022.83","0.05","911,022.83","818,000.00","818,000.00","109.96","Canada","-","CAD","6.05","1.00","Mar 20, 2031","7.15","CAD","Mar 20, 2001"
"NAVCAN","NAV CANADA","Infrastructure","Fixed Income","910,744.37","0.05","910,744.37","998,000.00","998,000.00","90.97","Canada","-","CAD","2.61","1.00","Feb 9, 2026","0.94","CAD","Feb 9, 2021"
"BCFERR","BRITISH COLUMBIA FERRY SERVICES IN","Infrastructure","Fixed Income","909,062.23","0.05","909,062.23","950,000.00","950,000.00","95.30","Canada","-","CAD","13.52","1.00","Apr 28, 2044","4.29","CAD","Apr 28, 2014"
"ENBCN","ENBRIDGE INC MTN","Energy","Fixed Income","906,924.60","0.05","906,924.60","1,140,000.00","1,140,000.00","78.76","Canada","-","CAD","15.18","1.00","Sep 21, 2051","4.10","CAD","Sep 21, 2021"
"RLNCE","RELIANCE LP","Industrial","Fixed Income","906,240.10","0.05","906,240.10","941,000.00","941,000.00","95.51","Canada","-","CAD","2.60","1.00","Mar 15, 2026","3.75","CAD","Apr 8, 2019"
"KEYCN","KEYERA CORP MTN","Energy","Fixed Income","905,732.51","0.05","905,732.51","925,000.00","925,000.00","97.04","Canada","-","CAD","7.00","1.00","Mar 28, 2032","5.02","CAD","Mar 28, 2022"
"LCN","LOBLAW COMPANIES LIMITED MTN","Industrial","Fixed Income","901,956.58","0.05","901,956.58","841,000.00","841,000.00","105.10","Canada","-","CAD","8.88","1.00","Jan 18, 2036","5.90","CAD","Jan 18, 2005"
"TRPCN","TRANS-CANADA PIPELINE MTN","Energy","Fixed Income","899,314.79","0.05","899,314.79","822,000.00","822,000.00","108.41","Canada","-","CAD","3.35","1.00","Apr 15, 2027","7.90","CAD","Apr 15, 1997"
"ENBPIP","ENBRIDGE PIPELINES INC MTN","Energy","Fixed Income","899,068.10","0.05","899,068.10","1,011,000.00","1,011,000.00","87.64","Canada","-","CAD","12.54","1.00","Aug 17, 2043","4.55","CAD","Aug 16, 2013"
"ETRHWY","407 INTERNATIONAL INC MTN","Infrastructure","Fixed Income","896,775.42","0.05","896,775.42","912,000.00","912,000.00","97.04","Canada","-","CAD","6.76","1.00","Aug 14, 2031","4.45","CAD","Sep 7, 2022"
"OMERS","OMERS REALTY CORP","Real Estate","Fixed Income","896,277.52","0.05","896,277.52","912,000.00","912,000.00","96.66","Canada","-","CAD","1.89","1.00","Jun 5, 2025","3.33","CAD","Jun 5, 2018"
"MICCN","SAGEN MI CANADA INC","Financial","Fixed Income","894,635.44","0.05","894,635.44","900,000.00","900,000.00","99.21","Canada","-","CAD","4.25","1.00","May 19, 2028","5.91","CAD","May 19, 2023"
"ENBCN","ENBRIDGE INC MTN","Energy","Fixed Income","894,337.03","0.05","894,337.03","806,000.00","806,000.00","108.45","Canada","-","CAD","5.57","1.00","Jul 24, 2030","7.22","CAD","Jul 24, 2000"
"EAGCCT","EAGLE CREDIT CARD TRUST","Securitized","Fixed Income","894,158.30","0.05","894,158.30","985,000.00","985,000.00","90.08","Canada","-","CAD","2.91","1.00","Jun 17, 2026","1.55","CAD","Jun 21, 2021"
"TERANE","TERANET HOLDINGS LP","Industrial","Fixed Income","892,003.26","0.05","892,003.26","863,000.00","863,000.00","100.60","Canada","-","CAD","10.77","1.00","Jun 17, 2041","6.10","CAD","Apr 4, 2011"
"ALTALK","ALTALINK LP MTN","Infrastructure","Fixed Income","890,636.85","0.05","890,636.85","909,000.00","909,000.00","97.70","Canada","-","CAD","12.49","1.00","Nov 8, 2041","4.46","CAD","Nov 8, 2011"
"CTLONE","CENTRAL 1 CREDIT UNION MTN","Financial","Fixed Income","890,512.79","0.05","890,512.79","915,000.00","915,000.00","95.88","Canada","-","CAD","4.12","1.00","Feb 7, 2028","4.65","CAD","Feb 7, 2023"
"MCAPCO","MCAP COMMERCIAL LP","Financial","Fixed Income","887,376.25","0.05","887,376.25","1,004,000.00","1,004,000.00","88.34","Canada","-","CAD","4.11","1.00","Nov 26, 2027","3.38","CAD","Nov 26, 2020"
"ELFCN","EMPIRE LIFE INSURANCE CO RegS","Financial","Fixed Income","883,968.13","0.05","883,968.13","875,000.00","875,000.00","98.79","Canada","-","CAD","3.83","1.00","Jan 13, 2033","5.88","CAD","Jan 13, 2023"
"LCN","LOBLAW COMPANIES LTD MTN 144A","Industrial","Fixed Income","881,604.03","0.05","881,604.03","783,000.00","783,000.00","110.89","Canada","-","CAD","6.66","1.00","Mar 1, 2032","6.85","CAD","Mar 1, 2002"
"SRUUCN","SMARTCENTRES REAL ESTATE INVESTMEN","Real Estate","Fixed Income","881,052.83","0.05","881,052.83","950,000.00","950,000.00","91.25","Canada","-","CAD","3.68","1.00","Jun 11, 2027","3.19","CAD","Jun 11, 2020"
"ENBGAS","ENBRIDGE GAS INC MTN","Energy","Fixed Income","880,797.14","0.05","880,797.14","856,000.00","856,000.00","100.74","Canada","-","CAD","11.72","1.00","Jun 21, 2041","4.88","CAD","Jun 21, 2011"
"IGMCN","IGM FINANCIAL INC","Financial","Fixed Income","880,102.04","0.05","880,102.04","850,000.00","850,000.00","103.47","Canada","-","CAD","15.16","1.00","May 26, 2053","5.43","CAD","May 26, 2023"
"CTLONE","CENTRAL 1 CREDIT UNION","Financial","Fixed Income","879,882.30","0.05","879,882.30","980,000.00","980,000.00","89.34","Canada","-","CAD","2.56","1.00","Jan 29, 2026","1.32","CAD","Jan 29, 2021"
"AERMON","AEROPORTS DE MONTREAL","Infrastructure","Fixed Income","878,653.03","0.05","878,653.03","761,000.00","761,000.00","114.56","Canada","-","CAD","7.73","1.00","Oct 11, 2033","6.55","CAD","Oct 9, 2003"
"NAVCAN","NAV CANADA","Infrastructure","Fixed Income","876,792.23","0.05","876,792.23","768,000.00","768,000.00","110.50","Canada","-","CAD","3.39","1.00","Jun 1, 2027","7.40","CAD","Dec 16, 1996"
"ENBCN","ENBRIDGE INC MTN","Energy","Fixed Income","872,536.96","0.05","872,536.96","849,000.00","849,000.00","101.35","Canada","-","CAD","10.54","1.00","Sep 2, 2039","5.75","CAD","Sep 2, 2009"
"TRPCN","TRANSCANADA PIPELINES LTD","Energy","Fixed Income","871,606.93","0.05","871,606.93","834,000.00","834,000.00","104.20","Canada","-","CAD","14.29","1.00","May 12, 2052","5.92","CAD","May 12, 2022"
"HYDONE","HYDRO ONE INC MTN","Infrastructure","Fixed Income","871,301.79","0.05","871,301.79","964,000.00","964,000.00","89.34","Canada","-","CAD","14.38","1.00","Feb 23, 2046","3.91","CAD","Feb 24, 2016"
"AXUCN","ARTIS REAL ESTATE INVESTMENT TRUST","Real Estate","Fixed Income","870,375.85","0.05","870,375.85","900,000.00","900,000.00","96.22","Canada","-","CAD","1.79","1.00","Apr 29, 2025","5.60","CAD","Apr 29, 2022"
"EPCOR","EPCOR UTILITIES INC MTN 144A","Infrastructure","Fixed Income","869,497.84","0.05","869,497.84","800,000.00","800,000.00","108.46","Canada","-","CAD","9.13","1.00","Nov 16, 2035","5.65","CAD","Nov 17, 2005"
"CLOVLP","CLOVER LIMITED PARTNERSHIP","Energy","Fixed Income","868,600.09","0.05","868,600.09","905,899.00","905,899.00","95.18","Canada","-","CAD","4.10","1.00","Mar 31, 2034","4.22","CAD","Oct 24, 2018"
"EPCOR","EPCOR UTILITIES INC MTN","Infrastructure","Fixed Income","867,448.08","0.05","867,448.08","777,000.00","777,000.00","111.53","Canada","-","CAD","11.04","1.00","Nov 24, 2039","5.75","CAD","Nov 24, 2009"
"DOLCN","DOLLARAMA INC","Industrial","Fixed Income","867,167.18","0.05","867,167.18","991,000.00","991,000.00","87.21","Canada","-","CAD","4.09","1.00","Sep 20, 2027","1.50","CAD","Sep 18, 2020"
"GZMCN","GAZ METRO INC MTN","Energy","Fixed Income","866,355.21","0.05","866,355.21","755,000.00","755,000.00","114.15","Canada","-","CAD","5.90","1.00","Oct 30, 2030","7.05","CAD","Oct 26, 2000"
"SLFCN","SUN LIFE CAPITAL TRUST","Financial","Fixed Income","864,403.07","0.05","864,403.07","776,000.00","776,000.00","108.46","Canada","-","CAD","6.68","1.00","Jun 30, 2052","7.09","CAD","Jun 25, 2002"
"NVLAUT","NOUVELLE AUTOROUTE 30 FINANCEMENT","Infrastructure","Fixed Income","864,150.47","0.05","864,150.47","951,931.00","951,931.00","89.08","Canada","-","CAD","10.39","1.00","Jun 30, 2042","4.12","CAD","Jun 14, 2018"
"ONTPOW","ONTARIO POWER GENERATION INC MTN","Energy","Fixed Income","863,317.04","0.05","863,317.04","1,052,000.00","1,052,000.00","81.27","Canada","-","CAD","15.98","1.00","Sep 13, 2050","3.65","CAD","Sep 13, 2019"
"APUCN","ALLIED PROPERTIES REAL ESTATE INVE","Real Estate","Fixed Income","860,576.17","0.05","860,576.17","998,000.00","998,000.00","85.25","Canada","-","CAD","5.45","1.00","Aug 15, 2029","3.39","CAD","Aug 15, 2019"
"COMWIN","COMBER WIND FINANCIAL CORP","Energy","Fixed Income","857,550.66","0.05","857,550.66","854,939.00","854,939.00","98.18","Canada","-","CAD","3.47","1.00","Nov 15, 2030","5.13","CAD","Feb 22, 2013"
"ENMAXC","ENMAX CORP","Infrastructure","Fixed Income","855,251.62","0.05","855,251.62","920,000.00","920,000.00","92.51","Canada","-","CAD","5.57","1.00","Oct 18, 2029","3.88","CAD","Oct 18, 2019"
"BCECN","BELL CANADA MTN","Communication","Fixed Income","854,761.34","0.05","854,761.34","730,000.00","730,000.00","115.82","Canada","-","CAD","6.00","1.00","Apr 2, 2031","7.85","CAD","Apr 2, 2001"
"CRRUCN","CROMBIE REAL ESTATE INVESTMENT TRU","Real Estate","Fixed Income","854,691.44","0.05","854,691.44","898,000.00","898,000.00","94.23","Canada","-","CAD","2.99","1.00","Aug 26, 2026","3.68","CAD","Aug 26, 2019"
"FTSCN","FORTISBC ENERGY INC MTN","Energy","Fixed Income","853,282.43","0.05","853,282.43","980,000.00","980,000.00","86.19","Canada","-","CAD","7.18","1.00","Jul 18, 2031","2.42","CAD","Apr 14, 2021"
"ETRHWY","407 INTERNATIONAL INC","Infrastructure","Fixed Income","851,934.19","0.05","851,934.19","916,000.00","916,000.00","91.31","Canada","-","CAD","8.17","1.00","Jun 1, 2033","3.43","CAD","Mar 24, 2017"
"TORHYD","TORONTO HYDRO CORPORATION","Infrastructure","Fixed Income","850,211.12","0.05","850,211.12","1,033,000.00","1,033,000.00","82.12","Canada","-","CAD","6.84","1.00","Oct 15, 2030","1.50","CAD","Oct 15, 2020"
"ENBGAS","ENBRIDGE GAS INC MTN 144A","Energy","Fixed Income","849,983.72","0.05","849,983.72","811,000.00","811,000.00","103.45","Canada","-","CAD","9.29","1.00","Feb 25, 2036","5.21","CAD","Feb 24, 2006"
"CUCN","CU INC MTN","Energy","Fixed Income","849,841.71","0.05","849,841.71","782,000.00","782,000.00","108.20","Canada","-","CAD","10.12","1.00","Oct 30, 2037","5.56","CAD","Nov 1, 2007"
"CTCACN","CANADIAN TIRE CORP LTD MTN","Industrial","Fixed Income","844,602.94","0.05","844,602.94","792,000.00","792,000.00","105.79","Canada","-","CAD","4.18","1.00","Apr 13, 2028","6.50","CAD","Apr 13, 1998"
"DE","JOHN DEERE FINANCIAL INC MTN","Financial","Fixed Income","840,161.21","0.05","840,161.21","876,000.00","876,000.00","94.88","United States","-","CAD","1.96","1.00","Jun 20, 2025","2.31","CAD","Jan 19, 2022"
"TRPCN","TRANSCANADA PIPELINES LIMITED MTN","Energy","Fixed Income","838,755.34","0.05","838,755.34","803,000.00","803,000.00","104.37","Canada","-","CAD","4.31","1.00","May 26, 2028","6.28","CAD","May 26, 1998"
"EMACN","EMERA INCORPORATED RegS","Infrastructure","Fixed Income","836,709.49","0.05","836,709.49","850,000.00","850,000.00","98.05","Canada","-","CAD","5.78","1.00","May 2, 2030","4.84","CAD","May 2, 2023"
"TORHYD","TORONTO HYDRO CORP MTN","Infrastructure","Fixed Income","835,208.04","0.05","835,208.04","753,000.00","753,000.00","110.77","Canada","-","CAD","11.37","1.00","May 21, 2040","5.54","CAD","May 20, 2010"
"BAMREP","BROOKFIELD RENEWABLE PARTNERS ULC MTN","Energy","Fixed Income","834,752.28","0.05","834,752.28","989,000.00","989,000.00","84.10","Canada","-","CAD","14.83","1.00","Nov 5, 2049","4.29","CAD","Sep 13, 2019"
"TRPCN","TRANSCANADA PIPELINES LIMITED MTN","Energy","Fixed Income","833,547.15","0.05","833,547.15","775,000.00","775,000.00","104.47","Canada","-","CAD","5.85","1.00","Dec 9, 2030","6.50","CAD","Dec 7, 1998"
"FIRWST","FIRST WEST CREDIT UNION","Financial","Fixed Income","832,944.85","0.05","832,944.85","837,000.00","837,000.00","99.48","Canada","-","CAD","1.42","1.00","Nov 29, 2024","6.80","CAD","Nov 29, 2022"
"NAVCAN","NAV CANADA MTN","Infrastructure","Fixed Income","829,707.65","0.05","829,707.65","962,000.00","962,000.00","85.31","Canada","-","CAD","14.77","1.00","Feb 23, 2046","3.53","CAD","Feb 24, 2016"
"RCICN","ROGERS COMMUNICATIONS INC","Communication","Fixed Income","829,748.38","0.05","829,748.38","1,014,000.00","1,014,000.00","79.81","Canada","-","CAD","14.31","1.00","Dec 9, 2049","4.25","CAD","Apr 3, 2023"
"AERMON","AEROPORTS DE MONTREAL","Infrastructure","Fixed Income","829,501.15","0.05","829,501.15","909,000.00","909,000.00","89.43","Canada","-","CAD","13.93","1.00","Jun 12, 2045","3.92","CAD","Jun 12, 2015"
"ENBGAS","ENBRIDGE GAS INC","Energy","Fixed Income","829,449.39","0.05","829,449.39","850,000.00","850,000.00","96.30","Canada","-","CAD","15.79","1.00","Aug 17, 2052","4.55","CAD","Aug 17, 2022"
"ETRHWY","407 INTERNATIONAL INC MTN","Infrastructure","Fixed Income","829,173.20","0.05","829,173.20","885,000.00","885,000.00","92.95","Canada","-","CAD","5.97","1.00","Mar 6, 2030","3.14","CAD","Mar 6, 2019"
"ACICN","ALTAGAS CANADA INC MTN","Energy","Fixed Income","829,260.49","0.05","829,260.49","872,000.00","872,000.00","94.62","Canada","-","CAD","2.68","1.00","Apr 6, 2026","3.15","CAD","Apr 3, 2019"
"ENBPIP","ENBRIDGE PIPELINES INC.","Energy","Fixed Income","827,271.30","0.05","827,271.30","844,000.00","844,000.00","97.71","Canada","-","CAD","10.90","1.00","Nov 10, 2039","5.35","CAD","Nov 10, 2009"
"LUCACN","LIBERTY UTILITIES (CANADA) LP","Energy","Fixed Income","822,312.97","0.05","822,312.97","1,100,000.00","1,100,000.00","73.79","Canada","-","CAD","15.91","1.00","Feb 14, 2050","3.31","CAD","Feb 14, 2020"
"CP","CANADIAN PACIFIC RAILWAY COMPANY","Industrial","Fixed Income","818,499.51","0.05","818,499.51","1,118,000.00","1,118,000.00","72.52","Canada","-","CAD","16.48","1.00","Mar 9, 2050","3.05","CAD","Mar 9, 2020"
"LCN","LOBLAW COMPANIES LIMITED MTN","Industrial","Fixed Income","818,242.08","0.05","818,242.08","735,000.00","735,000.00","109.48","Canada","-","CAD","7.25","1.00","Feb 17, 2033","6.54","CAD","Feb 17, 2003"
"IAGCN","IA FINANCIAL CORPORATION INC","Financial","Fixed Income","818,085.06","0.05","818,085.06","881,000.00","881,000.00","92.02","Canada","-","CAD","3.38","1.00","Feb 25, 2032","3.20","CAD","Feb 25, 2022"
"FTSCN","FORTISBC ENERGY INC MTN","Energy","Fixed Income","817,507.71","0.05","817,507.71","733,000.00","733,000.00","110.01","Canada","-","CAD","8.57","1.00","Feb 26, 2035","5.90","CAD","Feb 25, 2005"
"SAPCN","SAPUTO INC MTN","Industrial","Fixed Income","816,877.28","0.05","816,877.28","914,000.00","914,000.00","88.37","Canada","-","CAD","4.66","1.00","Jun 22, 2028","2.30","CAD","Jun 22, 2021"
"REIUCN","RIOCAN REAL ESTATE INVESTMENT TRUS","Real Estate","Fixed Income","816,216.58","0.05","816,216.58","864,000.00","864,000.00","94.09","Canada","-","CAD","5.11","1.00","May 1, 2029","4.63","CAD","Apr 18, 2022"
"CUCN","CU INC","Energy","Fixed Income","813,795.16","0.05","813,795.16","800,000.00","800,000.00","99.35","Canada","-","CAD","15.23","1.00","Jun 3, 2052","4.85","CAD","Jun 3, 2022"
"ACICN","TRISUMMIT UTILITIES INC MTN RegS","Energy","Fixed Income","811,110.32","0.05","811,110.32","800,000.00","800,000.00","99.46","Canada","-","CAD","5.46","1.00","Jan 11, 2030","5.02","CAD","Jan 11, 2023"
"BIP","BROOKFIELD INFRASTRUCTURE FINANCE MTN","Infrastructure","Fixed Income","808,424.73","0.05","808,424.73","803,000.00","803,000.00","100.10","Canada","-","CAD","14.10","1.00","Apr 25, 2052","5.79","CAD","Apr 25, 2022"
"SRUUCN","SMART REAL ESTATE INVESTMENT TRUST","Real Estate","Fixed Income","808,066.07","0.05","808,066.07","857,000.00","857,000.00","93.42","Canada","-","CAD","3.01","1.00","Aug 28, 2026","3.44","CAD","Aug 30, 2016"
"IFCCN","INTACT FINANCIAL CORP","Financial","Fixed Income","806,895.72","0.05","806,895.72","950,000.00","950,000.00","84.25","Canada","-","CAD","1.89","1.00","Mar 31, 2081","4.13","CAD","Mar 31, 2021"
"HALFX","HALIFAX INTERNATIONAL AIRPORT AUTH","Infrastructure","Fixed Income","806,085.41","0.05","806,085.41","830,000.00","830,000.00","96.90","Canada","-","CAD","15.01","1.00","Nov 15, 2050","4.89","CAD","Nov 5, 2010"
"STNCN","STANTEC INC.","Industrial","Fixed Income","805,466.13","0.05","805,466.13","909,000.00","909,000.00","88.31","Canada","-","CAD","4.09","1.00","Oct 8, 2027","2.05","CAD","Oct 8, 2020"
"FTSCN","FORTISBC ENERGY INC MTN","Energy","Fixed Income","802,131.50","0.05","802,131.50","935,000.00","935,000.00","85.48","Canada","-","CAD","15.28","1.00","Oct 30, 2047","3.69","CAD","Oct 26, 2017"
"NSIUCN","NOVA SCOTIA POWER INC","Infrastructure","Fixed Income","802,120.11","0.05","802,120.11","775,000.00","775,000.00","102.50","Canada","-","CAD","15.03","1.00","Mar 24, 2053","5.36","CAD","Mar 24, 2023"
"SRUUCN","SMARTCENTRES REAL ESTATE INVESTMEN","Real Estate","Fixed Income","801,944.44","0.05","801,944.44","851,000.00","851,000.00","92.54","Canada","-","CAD","4.07","1.00","Dec 21, 2027","3.83","CAD","Dec 21, 2017"
"CHPUCN","CHOICE PROPERTIES REIT","Real Estate","Fixed Income","801,877.92","0.05","801,877.92","829,000.00","829,000.00","96.65","Canada","-","CAD","2.32","1.00","Nov 24, 2025","4.05","CAD","Nov 24, 2015"
"APUCN","ALLIED PROPERTIES REAL ESTATE INVE","Real Estate","Fixed Income","801,352.04","0.05","801,352.04","834,000.00","834,000.00","95.69","Canada","-","CAD","1.80","1.00","Apr 21, 2025","3.64","CAD","Apr 21, 2017"
"LCN","LOBLAW COMPANIES LIMITED MTN","Industrial","Fixed Income","798,458.77","0.05","798,458.77","730,000.00","730,000.00","106.51","Canada","-","CAD","7.98","1.00","Jun 9, 2034","6.05","CAD","Jun 9, 2003"
"FTSCN","TERASEN GAS VANCOUVER IS","Energy","Fixed Income","794,581.33","0.05","794,581.33","687,000.00","687,000.00","113.92","Canada","-","CAD","10.00","1.00","Feb 15, 2038","6.05","CAD","Feb 15, 2008"
"LOWMAT","LOWER MATTAGAMI ENERGY LP","Infrastructure","Fixed Income","789,111.96","0.05","789,111.96","767,000.00","767,000.00","102.47","Canada","-","CAD","8.11","1.00","Oct 31, 2033","4.85","CAD","Oct 31, 2022"
"CUCN","CU INC MTN","Energy","Fixed Income","785,570.71","0.05","785,570.71","768,000.00","768,000.00","102.14","Canada","-","CAD","9.84","1.00","Nov 20, 2036","5.03","CAD","Nov 20, 2006"
"DE","JOHN DEERE CANADA FUNDING INC MTN","Financial","Fixed Income","785,566.67","0.05","785,566.67","855,000.00","855,000.00","91.65","United States","-","CAD","2.74","1.00","Apr 9, 2026","1.63","CAD","Apr 9, 2021"
"HCG","HOME TRUST CO","Financial","Fixed Income","783,030.03","0.05","783,030.03","775,000.00","775,000.00","98.57","Canada","-","CAD","0.98","1.00","Jun 13, 2024","5.32","CAD","Jun 13, 2022"
"TCLACN","TRANSCONTINENTAL INC.","Communication","Fixed Income","782,082.44","0.05","782,082.44","820,000.00","820,000.00","94.52","Canada","-","CAD","1.60","1.00","Feb 3, 2025","2.67","CAD","Feb 1, 2022"
"DE","JOHN DEERE FINANCIAL INC MTN","Financial","Fixed Income","780,642.86","0.05","780,642.86","804,000.00","804,000.00","96.60","United States","-","CAD","1.25","1.00","Sep 17, 2024","2.40","CAD","Jun 17, 2019"
"ALCTRA","ALECTRA INC (CANADA)","Infrastructure","Fixed Income","779,482.48","0.05","779,482.48","938,000.00","938,000.00","82.58","Canada","-","CAD","7.03","1.00","Feb 11, 2031","1.75","CAD","Feb 11, 2021"
"TRPCN","TRANSCANADA PIPELINES LIMITED MTN","Energy","Fixed Income","779,182.65","0.05","779,182.65","712,000.00","712,000.00","107.30","Canada","-","CAD","4.33","1.00","Aug 7, 2028","6.89","CAD","Jul 30, 1997"
"CRTUCN","CT REAL ESTATE INVESTMENT TRUST","Real Estate","Fixed Income","778,193.63","0.05","778,193.63","825,000.00","825,000.00","92.75","Canada","-","CAD","3.67","1.00","Jun 16, 2027","3.47","CAD","Jun 16, 2017"
"IFCCN","INTACT FINANCIAL CORP MTN","Financial","Fixed Income","777,906.50","0.05","777,906.50","1,071,000.00","1,071,000.00","71.29","Canada","-","CAD","16.73","1.00","Dec 16, 2050","2.95","CAD","Dec 16, 2020"
"ENBGAS","ENBRIDGE GAS INC MTN","Energy","Fixed Income","771,217.37","0.05","771,217.37","877,000.00","877,000.00","86.05","Canada","-","CAD","14.35","1.00","Jun 1, 2046","3.80","CAD","May 31, 2016"
"MRUCN","METRO INC MTN","Industrial","Fixed Income","769,058.23","0.05","769,058.23","761,000.00","761,000.00","98.56","Canada","-","CAD","12.75","1.00","Dec 1, 2044","5.03","CAD","Dec 1, 2014"
"CTCACN","CANADIAN TIRE CORPORATION LIMITED MTN","Industrial","Fixed Income","765,668.09","0.05","765,668.09","707,000.00","707,000.00","106.59","Canada","-","CAD","7.79","1.00","Feb 24, 2034","6.45","CAD","Feb 24, 2004"
"GEICN","GIBSON ENERGY INC","Energy","Fixed Income","761,540.25","0.05","761,540.25","801,000.00","801,000.00","94.15","Canada","-","CAD","2.02","1.00","Jul 14, 2025","2.45","CAD","Jul 14, 2020"
"ALTALK","ALTALINK LP","Infrastructure","Fixed Income","761,542.47","0.05","761,542.47","750,000.00","750,000.00","101.50","Canada","-","CAD","7.59","1.00","Nov 28, 2032","4.69","CAD","Nov 28, 2022"
"CUCN","CU INC MTN","Energy","Fixed Income","761,388.15","0.05","761,388.15","731,000.00","731,000.00","104.02","Canada","-","CAD","9.28","1.00","Nov 21, 2035","5.18","CAD","Nov 21, 2005"
"GZMCN","ENERGIR INC RegS","Energy","Fixed Income","761,029.25","0.05","761,029.25","750,000.00","750,000.00","100.64","Canada","-","CAD","7.43","1.00","Sep 27, 2032","4.67","CAD","Sep 27, 2022"
"SIACN","SIENNA SENIOR LIVING INC","Industrial","Fixed Income","760,731.64","0.05","760,731.64","808,000.00","808,000.00","93.27","Canada","-","CAD","2.57","1.00","Feb 27, 2026","3.45","CAD","Oct 2, 2020"
"ALACN","ALTAGAS LTD MTN","Energy","Fixed Income","757,150.34","0.05","757,150.34","789,000.00","789,000.00","95.34","Canada","-","CAD","3.90","1.00","Oct 4, 2027","3.98","CAD","Oct 4, 2017"
"WNCN","GEORGE WESTON LTD MTN","Industrial","Fixed Income","756,808.10","0.05","756,808.10","754,000.00","754,000.00","98.51","Canada","-","CAD","1.00","1.00","Jun 17, 2024","4.12","CAD","Jun 17, 2014"
"WAACA","WINNIPEG AIRPORT AUTHORITY","Infrastructure","Fixed Income","755,089.59","0.05","755,089.59","752,470.00","752,470.00","99.44","Canada","-","CAD","7.44","1.00","Sep 28, 2040","5.21","CAD","Sep 28, 2005"
"LCN","LOBLAW CO LTD MTN","Industrial","Fixed Income","754,517.22","0.05","754,517.22","704,000.00","704,000.00","105.21","Canada","-","CAD","4.00","1.00","Feb 9, 2028","6.45","CAD","Feb 9, 1998"
"FTSCN","FORTISALBERTA INC MTN","Infrastructure","Fixed Income","753,454.12","0.05","753,454.12","880,000.00","880,000.00","84.78","Canada","-","CAD","15.14","1.00","Sep 9, 2047","3.67","CAD","Sep 7, 2017"
"EAGCCT_19-1-A","EAGCCT_19-1 A","Securitized","Fixed Income","752,164.70","0.05","752,164.70","773,000.00","773,000.00","96.49","Canada","-","CAD","1.09","1.00","Jul 17, 2024","2.22","CAD","Jul 24, 2019"
"DTRGR","DAIMLER TRUCKS FINANCE CANADA INC RegS","Financial","Fixed Income","751,415.18","0.05","751,415.18","745,000.00","745,000.00","99.83","Germany","-","CAD","3.81","1.00","Sep 20, 2027","5.22","CAD","Sep 19, 2022"
"ACOXCN","ATCO LTD RegS","Energy","Fixed Income","749,317.87","0.04","749,317.87","786,000.00","786,000.00","94.88","Canada","-","CAD","4.64","1.00","Nov 1, 2078","5.50","CAD","Nov 1, 2018"
"FTSCN","FORTISALBERTA INC MTN","Infrastructure","Fixed Income","749,014.12","0.04","749,014.12","587,000.00","587,000.00","125.55","Canada","-","CAD","10.13","1.00","Feb 14, 2039","7.06","CAD","Feb 13, 2009"
"NSIUCN","NOVA SCOTIA POWER INC MTN","Infrastructure","Fixed Income","747,468.07","0.04","747,468.07","849,000.00","849,000.00","87.06","Canada","-","CAD","12.46","1.00","Mar 6, 2042","4.15","CAD","Mar 6, 2012"
"COCAPS","COAST CAPITAL SAVINGS FEDERAL CRED","Financial","Fixed Income","746,044.41","0.04","746,044.41","750,000.00","750,000.00","99.37","Canada","-","CAD","1.41","1.00","Nov 25, 2024","6.13","CAD","Nov 23, 2022"
"VANAIR","VANCOUVER AIRPORT AUTHORITY RegS","Infrastructure","Fixed Income","744,843.33","0.04","744,843.33","863,000.00","863,000.00","86.23","Canada","-","CAD","15.81","1.00","Nov 23, 2048","3.66","CAD","Nov 23, 2018"
"DOLCN","DOLLARAMA INC","Industrial","Fixed Income","744,122.13","0.04","744,122.13","740,000.00","740,000.00","100.08","Canada","-","CAD","2.24","1.00","Oct 27, 2025","5.08","CAD","Oct 26, 2022"
"VANAIR","VANCOUVER INTL AIRPORT","Infrastructure","Fixed Income","743,195.24","0.04","743,195.24","663,000.00","663,000.00","108.54","Canada","-","CAD","3.03","1.00","Dec 7, 2026","7.42","CAD","Dec 6, 1996"
"IVANCA","IVANHOE CAMBRIDGE II INC","Real Estate","Fixed Income","741,369.61","0.04","741,369.61","767,000.00","767,000.00","95.59","Canada","-","CAD","1.47","1.00","Dec 12, 2024","2.30","CAD","Dec 12, 2019"
"SE","WESTCOAST ENERGY","Energy","Fixed Income","740,810.89","0.04","740,810.89","688,000.00","688,000.00","104.59","Canada","-","CAD","3.83","1.00","Dec 15, 2027","6.75","CAD","Dec 15, 1997"
"LCN","LOBLAW COMPANIES LTD","Industrial","Fixed Income","740,865.21","0.04","740,865.21","733,000.00","733,000.00","98.97","Canada","-","CAD","4.67","1.00","Dec 11, 2028","4.49","CAD","Dec 10, 2018"
"FTSCN","FORTISBC INC MTN","Infrastructure","Fixed Income","738,171.98","0.04","738,171.98","640,000.00","640,000.00","112.33","Canada","-","CAD","10.37","1.00","Jun 2, 2039","6.10","CAD","Jun 2, 2009"
"CUCN","CU INC MTN","Energy","Fixed Income","736,297.24","0.04","736,297.24","881,000.00","881,000.00","82.73","Canada","-","CAD","18.50","1.00","Sep 11, 2062","3.83","CAD","Sep 10, 2012"
"SRUUCN","SMARTCENTRES REAL ESTATE INVESTMEN","Real Estate","Fixed Income","735,992.46","0.04","735,992.46","805,000.00","805,000.00","90.64","Canada","-","CAD","2.43","1.00","Dec 16, 2025","1.74","CAD","Dec 16, 2020"
"LBCN","LAURENTIAN BANK OF CANADA","Financial","Fixed Income","735,123.87","0.04","735,123.87","802,000.00","802,000.00","91.55","Canada","-","CAD","2.82","1.00","May 6, 2026","1.60","CAD","May 6, 2021"
"GZMCN","ENERGIR INC RegS","Energy","Fixed Income","729,038.26","0.04","729,038.26","794,000.00","794,000.00","91.56","Canada","-","CAD","3.66","1.00","Apr 16, 2027","2.10","CAD","Apr 16, 2020"
"XCN","TMX GROUP LTD","Financial","Fixed Income","726,936.89","0.04","726,936.89","882,000.00","882,000.00","81.82","Canada","-","CAD","6.95","1.00","Feb 12, 2031","2.02","CAD","Feb 12, 2021"
"HYDONE","HYDRO ONE INC MTN","Infrastructure","Fixed Income","726,742.60","0.04","726,742.60","857,000.00","857,000.00","83.55","Canada","-","CAD","18.59","1.00","Jul 31, 2062","3.79","CAD","Jul 31, 2012"
"CRTUCN","CT REAL ESTATE INVESTMENT TRUST","Real Estate","Fixed Income","726,538.13","0.04","726,538.13","761,000.00","761,000.00","93.84","Canada","-","CAD","2.78","1.00","Jun 1, 2026","3.29","CAD","May 31, 2016"
"ALTALK","ALTALINK LP MTN","Infrastructure","Fixed Income","725,296.47","0.04","725,296.47","663,000.00","663,000.00","108.42","Canada","-","CAD","11.27","1.00","Mar 26, 2040","5.38","CAD","Mar 25, 2010"
"XCN","TMX GROUP LTD","Financial","Fixed Income","725,019.01","0.04","725,019.01","743,000.00","743,000.00","95.75","Canada","-","CAD","4.40","1.00","Jun 5, 2028","3.78","CAD","Jun 5, 2018"
"BNS","BANK OF NOVA SCOTIA","Financial","Fixed Income","724,447.92","0.04","724,447.92","657,000.00","657,000.00","106.32","Canada","-","CAD","1.82","1.00","Jun 20, 2025","8.90","CAD","Jun 20, 1995"
"SLFCN","MUTUAL LIFE CANADA","Financial","Fixed Income","721,633.58","0.04","721,633.58","689,000.00","689,000.00","104.46","Canada","-","CAD","4.27","1.00","May 15, 2028","6.30","CAD","May 15, 1998"
"DIRUCN","DREAM INDUSTRIAL REAL ESTATE INVES","Real Estate","Fixed Income","720,041.63","0.04","720,041.63","788,000.00","788,000.00","90.16","Canada","-","CAD","3.28","1.00","Dec 7, 2026","2.54","CAD","Dec 6, 2021"
"DIRUCN","DREAM INDUSTRIAL REAL ESTATE INVES","Real Estate","Fixed Income","719,264.93","0.04","719,264.93","750,000.00","750,000.00","95.38","Canada","-","CAD","2.67","1.00","Apr 13, 2026","3.97","CAD","Apr 13, 2022"
"FTSCN","FORTISALBERTA INC MTN","Infrastructure","Fixed Income","718,447.69","0.04","718,447.69","700,000.00","700,000.00","102.56","Canada","-","CAD","16.02","1.00","May 26, 2053","4.86","CAD","May 26, 2023"
"TORHYD","TORONTO HYDRO CORPORATION","Infrastructure","Fixed Income","717,021.14","0.04","717,021.14","758,000.00","758,000.00","93.94","Canada","-","CAD","3.05","1.00","Aug 25, 2026","2.52","CAD","Jun 14, 2016"
"PMZUCN","PRIMARIS REAL ESTATE INVESTMENT TR","Real Estate","Fixed Income","715,157.45","0.04","715,157.45","737,000.00","737,000.00","96.31","Canada","-","CAD","1.73","1.00","Mar 30, 2025","4.27","CAD","Mar 30, 2022"
"IGMCN","IGM FINANCIAL INC","Financial","Fixed Income","714,242.58","0.04","714,242.58","820,000.00","820,000.00","85.15","Canada","-","CAD","14.33","1.00","Dec 9, 2047","4.12","CAD","Dec 7, 2017"
"IGMCN","INVESTORS GROUP INC.","Financial","Fixed Income","713,088.81","0.04","713,088.81","614,000.00","614,000.00","114.48","Canada","-","CAD","7.20","1.00","Mar 7, 2033","7.11","CAD","Mar 5, 2003"
"ENBGAS","ENBRIDGE GAS INC MTN","Energy","Fixed Income","712,293.70","0.04","712,293.70","742,000.00","742,000.00","95.90","Canada","-","CAD","13.17","1.00","Nov 23, 2043","4.50","CAD","Nov 22, 2013"
"ENMAXC","ENMAX CORP","Infrastructure","Fixed Income","711,411.38","0.04","711,411.38","720,000.00","720,000.00","96.96","Canada","-","CAD","1.43","1.00","Dec 5, 2024","3.81","CAD","Dec 5, 2014"
"IFCCN","INTACT FINANCIAL CORP MTN RegS","Financial","Fixed Income","709,663.17","0.04","709,663.17","860,000.00","860,000.00","82.41","Canada","-","CAD","16.73","1.00","May 20, 2053","3.77","CAD","May 18, 2021"
"ALCTRA","ALECTRA INC (CANADA)","Infrastructure","Fixed Income","709,404.49","0.04","709,404.49","860,000.00","860,000.00","82.02","Canada","-","CAD","16.00","1.00","Apr 12, 2049","3.46","CAD","Apr 11, 2019"
"CSHU","CHARTWELL RETIREMENT RESIDENCES","Industrial","Fixed Income","707,352.40","0.04","707,352.40","735,000.00","735,000.00","95.86","Canada","-","CAD","1.81","1.00","Apr 28, 2025","4.21","CAD","Apr 27, 2018"
"POWCN","POWER CORPORATION OF CANADA","Financial","Fixed Income","706,403.29","0.04","706,403.29","770,000.00","770,000.00","90.23","Canada","-","CAD","14.37","1.00","Jul 27, 2048","4.46","CAD","Jul 25, 2018"
"VW","VW CREDIT CANADA INC","Financial","Fixed Income","705,057.57","0.04","705,057.57","735,000.00","735,000.00","94.96","Canada","-","CAD","1.47","1.00","Dec 10, 2024","2.05","CAD","Dec 10, 2021"
"AERMON","AEROPORTS DE MONTREAL","Infrastructure","Fixed Income","701,980.14","0.04","701,980.14","860,000.00","860,000.00","81.28","Canada","-","CAD","15.43","1.00","Apr 24, 2047","3.36","CAD","Apr 24, 2017"
"FTSCN","FORTISBC ENERGY INC MTN","Energy","Fixed Income","701,785.59","0.04","701,785.59","799,000.00","799,000.00","86.94","Canada","-","CAD","14.87","1.00","Mar 6, 2047","3.78","CAD","Dec 13, 2016"
"CUCN","CU INC","Energy","Fixed Income","701,119.69","0.04","701,119.69","770,000.00","770,000.00","90.69","Canada","-","CAD","16.97","1.00","Oct 29, 2055","4.21","CAD","Oct 30, 2015"
"NVLAUT","NOUVELLE AUTOROUTE 30 FINANCEMENT","Infrastructure","Fixed Income","700,936.35","0.04","700,936.35","755,401.00","755,401.00","92.16","Canada","-","CAD","5.14","1.00","Mar 31, 2033","3.75","CAD","Jun 14, 2018"
"PMZUCN","PRIMARIS REAL ESTATE INVESTMENT TR","Real Estate","Fixed Income","700,877.19","0.04","700,877.19","732,000.00","732,000.00","94.95","Canada","-","CAD","3.44","1.00","Mar 30, 2027","4.73","CAD","Mar 30, 2022"
"EQBCN","EQUITABLE BANK (CANADA)","Financial","Fixed Income","699,203.12","0.04","699,203.12","774,000.00","774,000.00","90.31","Canada","-","CAD","2.39","1.00","Nov 26, 2025","1.88","CAD","Nov 26, 2020"
"FTSCN","FORTISALBERTA INC MTN RegS","Infrastructure","Fixed Income","696,823.42","0.04","696,823.42","682,000.00","682,000.00","101.10","Canada","-","CAD","12.78","1.00","Sep 11, 2043","4.85","CAD","Sep 13, 2013"
"SRUUCN","CALLOWAY REAL ESTATE INVESTMENT TR","Real Estate","Fixed Income","696,865.41","0.04","696,865.41","715,000.00","715,000.00","96.35","Canada","-","CAD","1.60","1.00","Feb 6, 2025","3.56","CAD","Feb 6, 2015"
"EPCOR","EPCOR UTILITIES INC","Infrastructure","Fixed Income","696,260.12","0.04","696,260.12","955,000.00","955,000.00","72.81","Canada","-","CAD","17.06","1.00","May 19, 2050","2.90","CAD","May 19, 2020"
"TORHYD","TORONTO HYDRO CORPORATION","Infrastructure","Fixed Income","694,575.77","0.04","694,575.77","875,000.00","875,000.00","78.99","Canada","-","CAD","17.06","1.00","Oct 18, 2051","3.27","CAD","Oct 18, 2021"
"ALACN","ALTAGAS LTD MTN","Energy","Fixed Income","692,097.77","0.04","692,097.77","700,000.00","700,000.00","98.67","Canada","-","CAD","2.62","1.00","May 15, 2026","4.64","CAD","May 15, 2023"
"ENBGAS","ENBRIDGE GAS INC MTN","Energy","Fixed Income","691,697.88","0.04","691,697.88","714,000.00","714,000.00","96.22","Canada","-","CAD","2.17","1.00","Sep 17, 2025","3.19","CAD","Sep 17, 2015"
"ALTALK","ALTALINK LP MTN","Infrastructure","Fixed Income","690,058.47","0.04","690,058.47","700,000.00","700,000.00","96.87","Canada","-","CAD","16.21","1.00","Jul 11, 2053","4.45","CAD","Jul 12, 2013"
"NSIUCN","NOVA SCOTIA POWER INC MTN","Infrastructure","Fixed Income","689,582.06","0.04","689,582.06","598,000.00","598,000.00","113.51","Canada","-","CAD","7.47","1.00","Aug 25, 2033","6.95","CAD","Aug 25, 2003"
"CRRUCN","CROMBIE REAL ESTATE INVESTMENT TRU","Real Estate","Fixed Income","688,935.96","0.04","688,935.96","825,000.00","825,000.00","82.58","Canada","-","CAD","7.00","1.00","Aug 12, 2031","3.13","CAD","Aug 12, 2021"
"FCRCN","FIRST CAPITAL REAL ESTATE INVESTME","Real Estate","Fixed Income","688,605.43","0.04","688,605.43","746,000.00","746,000.00","91.08","Canada","-","CAD","3.34","1.00","Jan 22, 2027","3.46","CAD","Jul 22, 2019"
"TORHYD","TORONTO HYDRO CORPORATION","Infrastructure","Fixed Income","687,638.83","0.04","687,638.83","759,000.00","759,000.00","89.46","Canada","-","CAD","5.88","1.00","Dec 11, 2029","2.43","CAD","Nov 12, 2019"
"TIHCN","TOROMONT INDUSTRIES LTD.","Industrial","Fixed Income","686,587.75","0.04","686,587.75","705,000.00","705,000.00","96.76","Canada","-","CAD","2.18","1.00","Sep 30, 2025","3.71","CAD","Sep 30, 2015"
"ENBCN","ENBRIDGE INC MTN","Energy","Fixed Income","683,234.61","0.04","683,234.61","751,000.00","751,000.00","90.84","Canada","-","CAD","12.91","1.00","Nov 21, 2044","4.87","CAD","Dec 21, 2018"
"VANAIR","VANCOUVER AIRPORT AUTHORITY","Infrastructure","Fixed Income","683,021.98","0.04","683,021.98","760,000.00","760,000.00","89.65","Canada","-","CAD","14.49","1.00","Nov 10, 2045","3.86","CAD","Nov 10, 2015"
"CUCN","CU INC MTN","Energy","Fixed Income","680,848.47","0.04","680,848.47","669,000.00","669,000.00","100.75","Canada","-","CAD","15.60","1.00","Sep 14, 2052","4.77","CAD","Sep 14, 2022"
"FTTCN","FINNING INTERNATIONAL INC","Industrial","Fixed Income","679,558.96","0.04","679,558.96","725,000.00","725,000.00","92.97","Canada","-","CAD","3.01","1.00","Aug 14, 2026","2.63","CAD","Aug 14, 2019"
"CRDPOW","CORDELIO AMALCO GP I","Energy","Fixed Income","678,739.89","0.04","678,739.89","709,341.00","709,341.00","94.00","Canada","-","CAD","4.69","1.00","Jun 30, 2034","4.09","CAD","Dec 10, 2018"
"POWCN","POWER CORPORATION CANADA","Financial","Fixed Income","678,078.73","0.04","678,078.73","500,000.00","500,000.00","134.70","Canada","-","CAD","9.76","1.00","Apr 22, 2039","8.57","CAD","Apr 20, 2009"
"NAVCAN","NAV CANADA MTN","Infrastructure","Fixed Income","674,218.98","0.04","674,218.98","848,000.00","848,000.00","78.95","Canada","-","CAD","16.81","1.00","Sep 29, 2050","3.21","CAD","Mar 29, 2019"
"SIACN","SIENNA SENIOR LIVING INC","Industrial","Fixed Income","673,620.47","0.04","673,620.47","750,000.00","750,000.00","89.35","Canada","-","CAD","3.57","1.00","Mar 31, 2027","2.82","CAD","Jun 3, 2021"
"NSIUCN","NOVA SCOTIA POWER INC RegS","Infrastructure","Fixed Income","672,130.55","0.04","672,130.55","916,000.00","916,000.00","73.05","Canada","-","CAD","16.07","1.00","Apr 25, 2050","3.31","CAD","Apr 24, 2020"
"ELFCN","EMPIRE LIFE INSURANCE CO","Financial","Fixed Income","668,800.25","0.04","668,800.25","750,000.00","750,000.00","88.81","Canada","-","CAD","3.10","1.00","Sep 24, 2031","1.95","CAD","Sep 24, 2021"
"BCFERR","BRITISH COLUMBIA FERRY SERVICES IN","Infrastructure","Fixed Income","667,408.69","0.04","667,408.69","917,000.00","917,000.00","72.43","Canada","-","CAD","17.01","1.00","Oct 15, 2049","2.79","CAD","Oct 15, 2019"
"LOWMAT","LOWER MATTAGAMI ENERGY LP","Infrastructure","Fixed Income","667,261.68","0.04","667,261.68","639,000.00","639,000.00","103.46","Canada","-","CAD","12.89","1.00","Sep 21, 2043","4.94","CAD","Sep 20, 2013"
"ENBGAS","ENBRIDGE GAS INC MTN","Energy","Fixed Income","667,038.89","0.04","667,038.89","678,000.00","678,000.00","97.54","Canada","-","CAD","1.18","1.00","Aug 22, 2024","3.15","CAD","Aug 22, 2014"
"FTTCN","FINNING INTERNATIONAL INC","Industrial","Fixed Income","663,572.31","0.04","663,572.31","675,000.00","675,000.00","98.12","Canada","-","CAD","4.38","1.00","May 16, 2028","4.45","CAD","May 16, 2023"
"SMUUCN","SUMMIT INDUSTRIAL INCOME REIT","Real Estate","Fixed Income","663,140.76","0.04","663,140.76","761,000.00","761,000.00","86.22","Canada","-","CAD","4.69","1.00","Jul 14, 2028","2.44","CAD","Feb 17, 2023"
"GTAAIR","GREATER TORONTO AIRPORTS AUTHORITY","Infrastructure","Fixed Income","658,664.98","0.04","658,664.98","618,192.00","618,192.00","104.41","Canada","-","CAD","2.97","1.00","Jul 30, 2029","6.45","CAD","Jul 20, 1999"
"FTSCN","FORTISALBERTA INC","Infrastructure","Fixed Income","658,303.44","0.04","658,303.44","667,000.00","667,000.00","98.70","Canada","-","CAD","15.95","1.00","May 30, 2052","4.62","CAD","May 30, 2022"
"ALACN","ALTAGAS LTD MTN","Energy","Fixed Income","656,223.88","0.04","656,223.88","724,000.00","724,000.00","89.86","Canada","-","CAD","13.48","1.00","Oct 4, 2047","4.99","CAD","Oct 4, 2017"
"ALACN","ALTAGAS LTD MTN","Energy","Fixed Income","653,758.29","0.04","653,758.29","789,000.00","789,000.00","82.85","Canada","-","CAD","6.72","1.00","Nov 30, 2030","2.48","CAD","Nov 30, 2020"
"LOWMAT","LOWER MATTAGAMI ENERGY LP","Infrastructure","Fixed Income","652,178.31","0.04","652,178.31","617,000.00","617,000.00","105.52","Canada","-","CAD","11.95","1.00","May 18, 2041","5.14","CAD","May 17, 2011"
"ENBGAS","ENBRIDGE GAS INC MTN","Energy","Fixed Income","651,598.27","0.04","651,598.27","872,000.00","872,000.00","73.81","Canada","-","CAD","16.41","1.00","Aug 9, 2049","3.01","CAD","Aug 9, 2019"
"ALACN","ALTAGAS LTD","Energy","Fixed Income","651,389.25","0.04","651,389.25","722,000.00","722,000.00","89.77","Canada","-","CAD","3.57","1.00","Mar 16, 2027","2.17","CAD","Mar 16, 2021"
"EPCOR","EPCOR UTILITIES INC MTN","Infrastructure","Fixed Income","648,251.32","0.04","648,251.32","654,000.00","654,000.00","97.97","Canada","-","CAD","12.43","1.00","Feb 28, 2042","4.55","CAD","Feb 28, 2012"
"IPLCN","INTER PIPELINE LTD","Energy","Fixed Income","647,571.97","0.04","647,571.97","750,000.00","750,000.00","86.29","Canada","-","CAD","14.18","1.00","Nov 27, 2051","5.09","CAD","Nov 25, 2021"
"EAGCCT_22-1-A","EAGCCT_22-1 A RegS","Securitized","Fixed Income","645,292.32","0.04","645,292.32","640,000.00","640,000.00","99.07","Canada","-","CAD","3.67","1.00","Jul 17, 2027","4.78","CAD","Jul 13, 2022"
"SLFCN","SUN LIFE FINANCIAL INC","Financial","Fixed Income","644,483.58","0.04","644,483.58","666,000.00","666,000.00","96.07","Canada","-","CAD","1.16","1.00","Aug 13, 2029","2.38","CAD","Aug 13, 2019"
"ETRHWY","407 INTERNATIONAL INC. MTN","Infrastructure","Fixed Income","639,135.06","0.04","639,135.06","788,000.00","788,000.00","80.52","Canada","-","CAD","14.60","1.00","Mar 27, 2045","3.30","CAD","Mar 27, 2015"
"ENBGAS","ENBRIDGE GAS INC MTN","Energy","Fixed Income","636,921.64","0.04","636,921.64","600,000.00","600,000.00","105.95","Canada","-","CAD","4.31","1.00","May 19, 2028","6.10","CAD","May 19, 1998"
"COCAPS","COAST CAPITAL SAVINGS FEDERAL CRED","Financial","Fixed Income","636,166.81","0.04","636,166.81","658,000.00","658,000.00","96.22","Canada","-","CAD","1.79","1.00","Apr 21, 2025","4.25","CAD","Apr 21, 2022"
"NSIUCN","NOVA SCOTIA PWR MTN","Infrastructure","Fixed Income","633,888.48","0.04","633,888.48","600,000.00","600,000.00","105.36","Canada","-","CAD","1.81","1.00","May 19, 2025","8.85","CAD","May 19, 1995"
"FTSCN","FORTISALBERTA INC MTN","Infrastructure","Fixed Income","633,849.78","0.04","633,849.78","648,000.00","648,000.00","97.28","Canada","-","CAD","12.34","1.00","Oct 18, 2041","4.54","CAD","Oct 19, 2011"
"ENBGAS","ENBRIDGE GAS INC MTN","Energy","Fixed Income","628,652.61","0.04","628,652.61","759,000.00","759,000.00","82.74","Canada","-","CAD","15.37","1.00","Nov 22, 2047","3.59","CAD","Nov 22, 2017"
"WNCN","GEORGE WESTON LIMITED MTN","Industrial","Fixed Income","625,782.70","0.04","625,782.70","575,000.00","575,000.00","107.16","Canada","-","CAD","7.21","1.00","Mar 1, 2033","6.69","CAD","Feb 28, 2003"
"FTSCN","FORTISBC ENERGY INC","Energy","Fixed Income","625,679.52","0.04","625,679.52","857,000.00","857,000.00","72.15","Canada","-","CAD","16.73","1.00","Aug 9, 2049","2.82","CAD","Aug 9, 2019"
"CONNEC","CONNECT 6IX GENERAL PARTNERSHIP","Infrastructure","Fixed Income","624,305.76","0.04","624,305.76","600,000.00","600,000.00","104.03","Canada","-","CAD","15.20","1.00","Nov 30, 2060","6.21","CAD","Nov 17, 2022"
"TORHYD","TORONTO HYDRO CORPORATION","Infrastructure","Fixed Income","623,069.42","0.04","623,069.42","717,000.00","717,000.00","86.62","Canada","-","CAD","7.42","1.00","Oct 20, 2031","2.47","CAD","Oct 18, 2021"
"FTSCN","TERASEN GAS INC. MTN","Energy","Fixed Income","622,212.69","0.04","622,212.69","538,000.00","538,000.00","115.12","Canada","-","CAD","8.07","1.00","May 1, 2034","6.50","CAD","Apr 29, 2004"
"TOUCN","TOURMALINE OIL CORP RegS","Energy","Fixed Income","619,931.20","0.04","619,931.20","700,000.00","700,000.00","87.81","Canada","-","CAD","5.19","1.00","Feb 12, 2029","2.53","CAD","Aug 11, 2021"
"CUCN","CU INC","Energy","Fixed Income","619,481.12","0.04","619,481.12","600,000.00","600,000.00","103.07","Canada","-","CAD","15.30","1.00","Nov 18, 2050","4.95","CAD","Nov 18, 2010"
"BMW","BMW CANADA INC","Industrial","Fixed Income","615,510.56","0.04","615,510.56","615,000.00","615,000.00","98.75","Germany","-","CAD","3.35","1.00","Feb 10, 2027","4.41","CAD","Feb 10, 2023"
"FTSCN","FORTISALBERTA INC MTN","Infrastructure","Fixed Income","614,724.10","0.04","614,724.10","548,000.00","548,000.00","111.44","Canada","-","CAD","10.21","1.00","Apr 15, 2038","5.85","CAD","Apr 15, 2008"
"ELFCN","E-L FINANCIAL CORP LTD","Financial","Fixed Income","608,943.86","0.04","608,943.86","754,000.00","754,000.00","79.01","Canada","-","CAD","14.88","1.00","Jun 22, 2050","4.00","CAD","Jun 22, 2020"
"DE","JOHN DEERE FINANCIAL INC","Financial","Fixed Income","608,546.49","0.04","608,546.49","660,000.00","660,000.00","91.19","United States","-","CAD","5.09","1.00","Jan 19, 2029","2.81","CAD","Jan 19, 2022"
"TCLACN","TRANSCONTINENTAL INC.","Communication","Fixed Income","606,841.07","0.04","606,841.07","665,000.00","665,000.00","90.39","Canada","-","CAD","2.94","1.00","Jul 13, 2026","2.28","CAD","Jul 12, 2021"
"ALCTRA","ALECTRA INC (CANADA)","Infrastructure","Fixed Income","603,545.00","0.04","603,545.00","559,000.00","559,000.00","107.50","Canada","-","CAD","11.82","1.00","Apr 29, 2041","5.30","CAD","Apr 29, 2011"
"BMW","BMW CANADA INC","Industrial","Fixed Income","603,500.49","0.04","603,500.49","642,000.00","642,000.00","93.63","Canada","-","CAD","1.58","1.00","Jan 14, 2025","0.99","CAD","Jan 14, 2021"
"FNCN","FIRST NATIONAL FINANCIAL CORP","Financial","Fixed Income","602,802.89","0.04","602,802.89","630,000.00","630,000.00","95.62","Canada","-","CAD","1.43","1.00","Nov 25, 2024","3.58","CAD","Nov 25, 2019"
"SMUUCN","DREAM SUMMIT INDUS","Real Estate","Fixed Income","602,399.03","0.04","602,399.03","670,000.00","670,000.00","89.05","Canada","-","CAD","3.39","1.00","Jan 12, 2027","2.25","CAD","Feb 17, 2023"
"FTSCN","TERASEN GAS INC MTN","Energy","Fixed Income","597,685.38","0.04","597,685.38","490,000.00","490,000.00","120.25","Canada","-","CAD","10.31","1.00","Feb 24, 2039","6.55","CAD","Feb 24, 2009"
"CRRUCN","CROMBIE REAL ESTATE INVESTMENT TRU","Real Estate","Fixed Income","597,539.82","0.04","597,539.82","675,000.00","675,000.00","88.08","Canada","-","CAD","4.45","1.00","Mar 31, 2028","2.69","CAD","Oct 9, 2020"
"CTLONE","CENTRAL 1 CREDIT UNION","Financial","Fixed Income","596,446.71","0.04","596,446.71","670,000.00","670,000.00","88.03","Canada","-","CAD","2.82","1.00","Jun 30, 2031","2.39","CAD","Jun 30, 2021"
"EPCOR","EPCOR UTILITIES INC MTN","Infrastructure","Fixed Income","592,042.14","0.04","592,042.14","678,000.00","678,000.00","86.32","Canada","-","CAD","7.14","1.00","Jun 30, 2031","2.41","CAD","Jun 28, 2021"
"ALCTRA","ALECTRA INC (CANADA)","Infrastructure","Fixed Income","583,404.30","0.03","583,404.30","600,000.00","600,000.00","97.15","Canada","-","CAD","1.42","1.00","Nov 21, 2024","3.24","CAD","Nov 21, 2014"
"IGMCN","INVESTORS GROUP INC. 144A","Financial","Fixed Income","580,727.01","0.03","580,727.01","505,000.00","505,000.00","114.55","Canada","-","CAD","6.17","1.00","May 9, 2031","7.45","CAD","May 9, 2001"
"GZMCN","GAZ METRO INC RegS","Energy","Fixed Income","580,719.63","0.03","580,719.63","700,000.00","700,000.00","82.81","Canada","-","CAD","15.27","1.00","May 16, 2047","3.53","CAD","May 16, 2017"
"SE","WESTCOAST ENERGY INC MTN","Energy","Fixed Income","579,539.87","0.03","579,539.87","633,000.00","633,000.00","91.12","Canada","-","CAD","11.91","1.00","Oct 28, 2041","4.79","CAD","Oct 28, 2011"
"BCECN","BELL CANADA MTN 144A","Communication","Fixed Income","577,449.27","0.03","577,449.27","537,000.00","537,000.00","106.99","Canada","-","CAD","4.94","1.00","May 1, 2029","6.55","CAD","Jul 19, 1999"
"CRDPOW","CORDELIO AMALCO GP I","Energy","Fixed Income","572,755.93","0.03","572,755.93","604,289.00","604,289.00","94.10","Canada","-","CAD","4.95","1.00","Sep 30, 2034","4.09","CAD","Dec 10, 2018"
"MCAPCO","MCAP COMMERCIAL LP","Financial","Fixed Income","570,380.07","0.03","570,380.07","600,000.00","600,000.00","94.09","Canada","-","CAD","2.10","1.00","Aug 25, 2025","3.74","CAD","Aug 25, 2020"
"IGMCN","IGM FINANCIAL INC","Financial","Fixed Income","570,305.18","0.03","570,305.18","510,000.00","510,000.00","109.00","Canada","-","CAD","10.82","1.00","Dec 10, 2040","6.00","CAD","Dec 9, 2010"
"IGMCN","IGM FINANCIAL INC RegS","Financial","Fixed Income","568,694.54","0.03","568,694.54","657,000.00","657,000.00","85.74","Canada","-","CAD","15.09","1.00","Mar 21, 2050","4.21","CAD","Mar 20, 2019"
"ENBGAS","ENBRIDGE GAS INC MTN","Energy","Fixed Income","567,085.04","0.03","567,085.04","695,000.00","695,000.00","81.58","Canada","-","CAD","15.47","1.00","Nov 29, 2047","3.51","CAD","Nov 29, 2017"
"IGMCN","IGM FINANCIAL INC","Financial","Fixed Income","557,674.94","0.03","557,674.94","601,000.00","601,000.00","91.22","Canada","-","CAD","13.81","1.00","Jan 25, 2047","4.56","CAD","Jan 26, 2017"
"HYDONE","HYDRO ONE INC","Infrastructure","Fixed Income","557,664.92","0.03","557,664.92","656,000.00","656,000.00","84.45","Canada","-","CAD","16.11","1.00","Apr 5, 2050","3.64","CAD","Apr 5, 2019"
"CRTUCN","CT REAL ESTATE INVESTMENT TRUST","Real Estate","Fixed Income","557,195.56","0.03","557,195.56","626,000.00","626,000.00","88.05","Canada","-","CAD","5.10","1.00","Feb 5, 2029","3.03","CAD","Feb 3, 2022"
"TOYOTA","TOYOTA CREDIT CANADA INC MTN","Financial","Fixed Income","553,480.21","0.03","553,480.21","556,000.00","556,000.00","98.04","Canada","-","CAD","4.13","1.00","Jan 24, 2028","4.33","CAD","Jan 24, 2023"
"CCOCN","CAMECO CORPORATION","Industrial","Fixed Income","552,740.83","0.03","552,740.83","630,000.00","630,000.00","87.50","Canada","-","CAD","11.87","1.00","Nov 14, 2042","5.09","CAD","Nov 14, 2012"
"ALTALK","ALTALINK LP","Infrastructure","Fixed Income","548,527.79","0.03","548,527.79","665,000.00","665,000.00","82.15","Canada","-","CAD","6.75","1.00","Sep 11, 2030","1.51","CAD","Sep 11, 2020"
"ALTALK","ALTALINK LP MTN","Infrastructure","Fixed Income","544,951.33","0.03","544,951.33","512,000.00","512,000.00","105.43","Canada","-","CAD","9.63","1.00","Sep 22, 2036","5.25","CAD","Sep 21, 2006"
"FTSCN","FORTISBC INC MTN","Infrastructure","Fixed Income","544,561.97","0.03","544,561.97","546,000.00","546,000.00","99.64","Canada","-","CAD","15.03","1.00","Nov 24, 2050","5.00","CAD","Nov 24, 2010"
"HYDONE","HYDRO ONE INC RegS","Infrastructure","Fixed Income","543,651.51","0.03","543,651.51","550,000.00","550,000.00","97.33","Canada","-","CAD","16.07","1.00","Jan 27, 2053","4.46","CAD","Jan 27, 2023"
"HYOHI","HYDRO OTTAWA HOLDING INC","Infrastructure","Fixed Income","542,987.89","0.03","542,987.89","650,000.00","650,000.00","82.36","Canada","-","CAD","14.02","1.00","Feb 2, 2045","3.64","CAD","Feb 2, 2015"
"IGMCN","IGM FINANCIAL INC RegS","Financial","Fixed Income","537,601.76","0.03","537,601.76","615,000.00","615,000.00","85.84","Canada","-","CAD","14.52","1.00","Jul 13, 2048","4.17","CAD","Jul 11, 2018"
"GZMCN","GAZ METRO INC MTN","Energy","Fixed Income","536,993.49","0.03","536,993.49","500,000.00","500,000.00","107.03","Canada","-","CAD","1.80","1.00","May 16, 2025","9.00","CAD","May 16, 1995"
"FTTCN","FINNING INTERNATIONAL INC MTN","Industrial","Fixed Income","534,036.73","0.03","534,036.73","557,000.00","557,000.00","93.53","Canada","-","CAD","11.73","1.00","Jun 13, 2042","5.08","CAD","Jun 13, 2012"
"HALFX","HALIFAX INTERNATIONAL AIRPORT AUTH","Infrastructure","Fixed Income","533,042.70","0.03","533,042.70","500,000.00","500,000.00","104.62","Canada","-","CAD","11.49","1.00","Jul 19, 2041","5.50","CAD","Jul 19, 2006"
"FTSCN","FORTISALBERTA INC MTN","Infrastructure","Fixed Income","529,498.50","0.03","529,498.50","765,000.00","765,000.00","67.96","Canada","-","CAD","17.47","1.00","Jun 8, 2051","2.63","CAD","Dec 8, 2020"
"ALTALK","ALTALINK LP","Infrastructure","Fixed Income","529,212.32","0.03","529,212.32","514,000.00","514,000.00","102.75","Canada","-","CAD","11.86","1.00","Nov 15, 2040","4.87","CAD","Nov 15, 2010"
"FTSCN","FORTISALBERTA INC MTN","Infrastructure","Fixed Income","529,011.44","0.03","529,011.44","613,000.00","613,000.00","85.54","Canada","-","CAD","15.45","1.00","Sep 18, 2048","3.73","CAD","Sep 18, 2018"
"WNCN","GEORGE WESTON LIMITED MTN 144A","Industrial","Fixed Income","527,339.57","0.03","527,339.57","470,000.00","470,000.00","109.96","Canada","-","CAD","6.52","1.00","Feb 5, 2032","7.10","CAD","Feb 5, 2002"
"KINSOL","KINGSTON SOLAR LP INC","Energy","Fixed Income","526,179.71","0.03","526,179.71","570,097.00","570,097.00","91.12","Canada","-","CAD","5.36","1.00","Jul 31, 2035","3.57","CAD","Oct 14, 2016"
"IGMCN","INVESTORS GROUP INC.","Financial","Fixed Income","524,075.69","0.03","524,075.69","450,000.00","450,000.00","113.57","Canada","-","CAD","7.04","1.00","Dec 31, 2032","7.00","CAD","Dec 13, 2002"
"SMUUCN","SUMMIT INDUSTRIAL INCOME REIT","Real Estate","Fixed Income","521,563.14","0.03","521,563.14","579,000.00","579,000.00","89.79","Canada","-","CAD","2.71","1.00","Apr 1, 2026","1.82","CAD","Feb 17, 2023"
"TORHYD","TORONTO HYDRO CORPORATION","Infrastructure","Fixed Income","517,215.59","0.03","517,215.59","672,000.00","672,000.00","75.56","Canada","-","CAD","16.59","1.00","Dec 10, 2049","2.99","CAD","Nov 12, 2019"
"FTSCN","FORTISBC ENERGY INC MTN","Energy","Fixed Income","515,956.68","0.03","515,956.68","600,000.00","600,000.00","85.47","Canada","-","CAD","14.69","1.00","Apr 9, 2046","3.67","CAD","Apr 8, 2016"
"FTSCN","FORTISBC ENERGY INC MTN","Energy","Fixed Income","508,866.50","0.03","508,866.50","510,000.00","510,000.00","99.74","Canada","-","CAD","16.05","1.00","Nov 28, 2052","4.67","CAD","Nov 28, 2022"
"CNQCN","CANADIAN NATURAL RESOURCES LTD","Energy","Fixed Income","508,553.94","0.03","508,553.94","557,000.00","557,000.00","90.38","Canada","-","CAD","4.27","1.00","Jan 17, 2028","2.50","CAD","Nov 16, 2020"
"CRTUCN","CT REAL ESTATE INVESTMENT TRUST","Real Estate","Fixed Income","507,745.87","0.03","507,745.87","533,000.00","533,000.00","93.41","Canada","-","CAD","4.03","1.00","Dec 7, 2027","3.87","CAD","Feb 7, 2018"
"BMW","BMW CANADA INC","Industrial","Fixed Income","503,684.06","0.03","503,684.06","500,000.00","500,000.00","99.30","Germany","-","CAD","1.60","1.00","Feb 10, 2025","4.76","CAD","Feb 10, 2023"
"FTSCN","FORTISBC ENERGY INC","Energy","Fixed Income","503,087.26","0.03","503,087.26","530,000.00","530,000.00","94.55","Canada","-","CAD","2.71","1.00","Apr 8, 2026","2.58","CAD","Apr 8, 2016"
"CESEBA","SOCIETE EN COMMANDITE CE SEBASTOPO","Infrastructure","Fixed Income","492,046.87","0.03","492,046.87","544,244.00","544,244.00","89.05","Canada","-","CAD","9.51","1.00","Jul 31, 2047","4.14","CAD","Jun 26, 2015"
"NVLAUT","NOUVELLE AUTOROUTE 30 FINANCEMENT","Infrastructure","Fixed Income","485,000.87","0.03","485,000.87","509,611.00","509,611.00","93.62","Canada","-","CAD","4.78","1.00","Dec 31, 2032","3.74","CAD","Jun 14, 2018"
"TORHYD","TORONTO HYDRO CORPORATION","Infrastructure","Fixed Income","479,577.96","0.03","479,577.96","569,000.00","569,000.00","83.41","Canada","-","CAD","15.54","1.00","Feb 28, 2048","3.48","CAD","Nov 14, 2017"
"DIRUCN","DREAM INDUSTRIAL REAL ESTATE INVES","Real Estate","Fixed Income","475,411.41","0.03","475,411.41","475,000.00","475,000.00","99.05","Canada","-","CAD","4.14","1.00","Mar 22, 2028","5.38","CAD","Mar 22, 2023"
"FTSCN","FORTISALBERTA INC MTN","Infrastructure","Fixed Income","474,997.29","0.03","474,997.29","505,000.00","505,000.00","93.24","Canada","-","CAD","13.94","1.00","Sep 22, 2045","4.27","CAD","Sep 22, 2015"
"ENBPIP","ENBRIDGE PIPELINES INC. MTN","Energy","Fixed Income","453,440.81","0.03","453,440.81","465,000.00","465,000.00","95.25","Canada","-","CAD","9.50","1.00","Dec 19, 2036","5.08","CAD","Dec 21, 2006"
"ARRLAK","ARROW LAKES POWER CO","Energy","Fixed Income","444,244.21","0.03","444,244.21","420,001.00","420,001.00","104.93","Canada","-","CAD","7.73","1.00","Apr 5, 2041","5.52","CAD","Apr 5, 2011"
"NSIUCN","NOVA SCOTIA POWER INC MTN","Infrastructure","Fixed Income","433,034.50","0.03","433,034.50","543,000.00","543,000.00","79.45","Canada","-","CAD","14.16","1.00","May 1, 2045","3.61","CAD","Apr 30, 2015"
"ITSPCH","INTEGRATED TEAM SOLUTIONS PCH PART","Infrastructure","Fixed Income","432,625.07","0.03","432,625.07","444,513.00","444,513.00","97.33","Canada","-","CAD","9.35","1.00","May 31, 2046","4.88","CAD","Nov 29, 2013"
"CUCN","CU INC MTN","Energy","Fixed Income","432,521.93","0.03","432,521.93","500,000.00","500,000.00","86.32","Canada","-","CAD","16.70","1.00","Nov 14, 2052","3.86","CAD","Nov 14, 2012"
"CUCN","CU INC","Energy","Fixed Income","431,580.79","0.03","431,580.79","446,000.00","446,000.00","96.30","Canada","-","CAD","17.81","1.00","Oct 24, 2061","4.59","CAD","Oct 24, 2011"
"CHPUCN","CHOICE PROPERTIES REAL ESTATE INVE","Real Estate","Fixed Income","429,398.04","0.03","429,398.04","600,000.00","600,000.00","70.64","Canada","-","CAD","14.62","1.00","Mar 4, 2050","3.83","CAD","Mar 3, 2020"
"FTSCN","FORTISBC INC MTN","Infrastructure","Fixed Income","423,592.90","0.03","423,592.90","400,000.00","400,000.00","105.56","Canada","-","CAD","9.08","1.00","Nov 9, 2035","5.60","CAD","Nov 10, 2005"
"ENBCN","ENBRIDGE INC MTN","Energy","Fixed Income","419,263.64","0.03","419,263.64","510,000.00","510,000.00","81.41","Canada","-","CAD","16.49","1.00","Mar 28, 2064","4.56","CAD","Mar 28, 2014"
"TCN","TELUS COMMUNICATIONS INC","Communication","Fixed Income","417,196.78","0.03","417,196.78","385,000.00","385,000.00","106.68","Canada","-","CAD","2.08","1.00","Sep 22, 2025","8.80","CAD","Sep 22, 1995"
"WAACA","WINNIPEG AIRPORTS AUTHORITY INC","Infrastructure","Fixed Income","409,190.02","0.02","409,190.02","400,000.00","400,000.00","101.21","Canada","-","CAD","7.65","1.00","Mar 9, 2033","4.79","CAD","Mar 9, 2023"
"FTSCN","FORTISALBERTA INC","Infrastructure","Fixed Income","404,884.36","0.02","404,884.36","500,000.00","500,000.00","80.33","Canada","-","CAD","15.13","1.00","Sep 21, 2046","3.34","CAD","Sep 21, 2016"
"OTTMAC","OTTAWA MACDONALD-CARTIER INTERNATI","Infrastructure","Fixed Income","404,532.47","0.02","404,532.47","472,000.00","472,000.00","85.51","Canada","-","CAD","7.00","1.00","May 5, 2031","2.70","CAD","May 5, 2021"
"WAACA","WINNIPEG AIRPORTS AUTHORITY INC","Infrastructure","Fixed Income","404,138.36","0.02","404,138.36","500,000.00","500,000.00","80.21","Canada","-","CAD","14.96","1.00","Sep 30, 2047","3.66","CAD","Sep 29, 2017"
"FTSCN","FORTISBC ENERGY INC","Energy","Fixed Income","403,366.14","0.02","403,366.14","590,000.00","590,000.00","67.41","Canada","-","CAD","17.41","1.00","Jul 13, 2050","2.54","CAD","Jul 13, 2020"
"REIUCN","RIOCAN REAL ESTATE INVESTMENT TRUS RegS","Real Estate","Fixed Income","402,554.95","0.02","402,554.95","400,000.00","400,000.00","99.32","Canada","-","CAD","3.76","1.00","Oct 6, 2027","5.61","CAD","Mar 6, 2023"
"EPCOR","EPCOR UTILITIES INC MTN","Infrastructure","Fixed Income","397,895.41","0.02","397,895.41","500,000.00","500,000.00","78.19","Canada","-","CAD","16.65","1.00","Jun 28, 2051","3.29","CAD","Jun 28, 2021"
"ALCTRA","ALECTRA INC (CANADA)","Infrastructure","Fixed Income","395,712.57","0.02","395,712.57","429,000.00","429,000.00","90.93","Canada","-","CAD","12.94","1.00","Jul 30, 2042","3.96","CAD","Jul 30, 2012"
"ENBCN","ENBRIDGE INC MTN","Energy","Fixed Income","392,295.01","0.02","392,295.01","394,000.00","394,000.00","99.31","Canada","-","CAD","9.00","1.00","Nov 14, 2035","5.57","CAD","Nov 14, 2005"
"TORHYD","TORONTO HYDRO CORPORATION","Infrastructure","Fixed Income","387,973.63","0.02","387,973.63","440,000.00","440,000.00","87.61","Canada","-","CAD","18.79","1.00","Apr 9, 2063","3.96","CAD","Apr 9, 2013"
"FTSCN","FORTISBC ENERGY INC MTN","Energy","Fixed Income","384,989.25","0.02","384,989.25","400,000.00","400,000.00","94.23","Canada","-","CAD","12.38","1.00","Dec 9, 2041","4.25","CAD","Dec 9, 2011"
"CWBCN","CANADIAN WESTERN BANK","Financial","Fixed Income","377,568.52","0.02","377,568.52","377,000.00","377,000.00","97.54","Canada","-","CAD","3.89","1.00","Dec 22, 2032","5.94","CAD","Dec 22, 2022"
"GZMCN","GAZ METRO INC","Energy","Fixed Income","372,209.56","0.02","372,209.56","460,000.00","460,000.00","80.36","Canada","-","CAD","14.60","1.00","Mar 31, 2045","3.30","CAD","Mar 31, 2015"
"CTCACN","CANADIAN TIRE CORPORATION LIMITED MTN","Industrial","Fixed Income","369,964.69","0.02","369,964.69","372,000.00","372,000.00","98.10","Canada","-","CAD","8.76","1.00","Sep 4, 2035","5.61","CAD","Sep 2, 2005"
"CRRUCN","CROMBIE REAL ESTATE INVESTMENT TRU","Real Estate","Fixed Income","368,761.56","0.02","368,761.56","385,000.00","385,000.00","94.05","Canada","-","CAD","3.65","1.00","Jun 21, 2027","3.92","CAD","Dec 20, 2019"
"LCN","LOBLAW COMPANIES MTN 144A","Industrial","Fixed Income","367,879.97","0.02","367,879.97","325,000.00","325,000.00","111.59","Canada","-","CAD","10.17","1.00","Mar 1, 2039","6.45","CAD","Mar 1, 1999"
"LOWMAT","LOWER MATTAGAMI ENERGY LP","Infrastructure","Fixed Income","367,592.47","0.02","367,592.47","369,000.00","369,000.00","98.10","Canada","-","CAD","1.01","1.00","Jun 20, 2024","3.42","CAD","Jun 20, 2014"
"CUCN","CU INC MTN","Energy","Fixed Income","359,814.46","0.02","359,814.46","333,000.00","333,000.00","107.98","Canada","-","CAD","10.40","1.00","May 26, 2038","5.58","CAD","May 26, 2008"
"CONNEC","CONNECT 6IX GENERAL PARTNERSHIP","Infrastructure","Fixed Income","356,577.73","0.02","356,577.73","350,000.00","350,000.00","101.86","Canada","-","CAD","12.72","1.00","Nov 30, 2046","6.11","CAD","Nov 17, 2022"
"TORHYD","TORONTO HYDRO CORPORATION","Infrastructure","Fixed Income","345,049.78","0.02","345,049.78","399,000.00","399,000.00","85.28","Canada","-","CAD","14.47","1.00","Jul 28, 2045","3.55","CAD","Mar 16, 2015"
"CRTUCN","CT REAL ESTATE INVESTMENT TRUST","Real Estate","Fixed Income","343,415.84","0.02","343,415.84","352,000.00","352,000.00","95.89","Canada","-","CAD","1.90","1.00","Jun 9, 2025","3.53","CAD","Jun 9, 2015"
"ENBGAS","ENBRIDGE GAS INC","Energy","Fixed Income","339,773.53","0.02","339,773.53","314,000.00","314,000.00","107.71","Canada","-","CAD","2.21","1.00","Nov 10, 2025","8.65","CAD","Nov 10, 1995"
"FTSCN","FORTISALBERTA INC MTN","Infrastructure","Fixed Income","337,900.39","0.02","337,900.39","345,000.00","345,000.00","97.38","Canada","-","CAD","1.29","1.00","Sep 30, 2024","3.30","CAD","Sep 29, 2014"
"GRASOL","GRAND RENEWABLE SOLAR LP 144A","Energy","Fixed Income","324,029.32","0.02","324,029.32","344,337.00","344,337.00","92.81","Canada","-","CAD","5.12","1.00","Jan 31, 2035","3.93","CAD","Jun 9, 2016"
"CRTUCN","CT REAL ESTATE INVESTMENT TRUST","Real Estate","Fixed Income","322,402.50","0.02","322,402.50","400,000.00","400,000.00","79.66","Canada","-","CAD","6.73","1.00","Jan 6, 2031","2.37","CAD","Jan 6, 2021"
"CAAIAU","CALGARY AIRPORT AUTHORITY","Infrastructure","Fixed Income","319,602.42","0.02","319,602.42","368,722.00","368,722.00","86.12","Canada","-","CAD","13.67","1.00","Oct 7, 2061","3.75","CAD","Oct 7, 2021"
"FTSCN","FORTISALBERTA INC","Infrastructure","Fixed Income","313,020.29","0.02","313,020.29","351,000.00","351,000.00","88.77","Canada","-","CAD","16.57","1.00","Oct 23, 2052","3.98","CAD","Oct 23, 2012"
"NAVCAN","NAV CANADA","Infrastructure","Fixed Income","292,613.23","0.02","292,613.23","276,463.00","276,463.00","103.96","Canada","-","CAD","2.03","1.00","Mar 1, 2027","7.56","CAD","Mar 24, 1997"
"ALTALK","ALTALINK LP MTN","Infrastructure","Fixed Income","282,380.47","0.02","282,380.47","300,000.00","300,000.00","92.07","Canada","-","CAD","18.27","1.00","Jun 6, 2064","4.27","CAD","Jun 6, 2014"
"ERAA","EDMONTON REGIONAL AIRPORTS AUTHORI","Infrastructure","Fixed Income","279,798.40","0.02","279,798.40","336,744.00","336,744.00","82.98","Canada","-","CAD","10.76","1.00","May 20, 2051","3.71","CAD","May 20, 2021"
"MONPOR","MONTREAL PORT AUTHORITY","Infrastructure","Fixed Income","276,155.06","0.02","276,155.06","350,000.00","350,000.00","78.28","Canada","-","CAD","16.84","1.00","Mar 22, 2051","3.24","CAD","Mar 22, 2021"
"FTSCN","TERASEN GAS VANCOUVER ISLAND INC","Energy","Fixed Income","270,502.94","0.02","270,502.94","250,000.00","250,000.00","105.69","Canada","-","CAD","11.46","1.00","Dec 6, 2040","5.20","CAD","Dec 6, 2010"
"FTSCN","FORTISBC ENERGY INC MTN","Energy","Fixed Income","268,232.67","0.02","268,232.67","300,000.00","300,000.00","87.56","Canada","-","CAD","15.24","1.00","Dec 7, 2048","3.85","CAD","Dec 7, 2018"
"CLOVLP","CLOVER LIMITED PARTNERSHIP","Energy","Fixed Income","258,066.36","0.02","258,066.36","265,875.00","265,875.00","95.32","Canada","-","CAD","3.84","1.00","Jun 30, 2034","4.22","CAD","Oct 24, 2018"
"WEMALL","WEST EDMONTON MALL PROPERTY INC","Real Estate","Fixed Income","252,446.07","0.02","252,446.07","254,323.00","254,323.00","98.07","Canada","-","CAD","0.67","1.00","Feb 13, 2024","4.06","CAD","Feb 13, 2014"
"CUCN","CU INC","Energy","Fixed Income","237,804.03","0.01","237,804.03","350,000.00","350,000.00","67.49","Canada","-","CAD","17.44","1.00","Sep 28, 2050","2.61","CAD","Sep 28, 2020"
"HRUCN","H&R REAL ESTATE INVESTMENT TRUST","Real Estate","Fixed Income","230,839.07","0.01","230,839.07","257,000.00","257,000.00","89.09","Canada","-","CAD","3.47","1.00","Feb 19, 2027","2.63","CAD","Feb 19, 2021"
"IGMCN","INVESTORS GROUP INC.","Financial","Fixed Income","217,341.31","0.01","217,341.31","200,000.00","200,000.00","105.59","Canada","-","CAD","3.83","1.00","Dec 13, 2027","6.65","CAD","Dec 12, 1997"
"ACICN","TRISUMMIT UTILITIES INC MTN","Energy","Fixed Income","199,666.00","0.01","199,666.00","200,000.00","200,000.00","98.31","Canada","-","CAD","14.71","1.00","Aug 15, 2052","5.28","CAD","Aug 15, 2022"
"WAACA","WINNIPEG AIRPORTS AUTHORITY INC","Infrastructure","Fixed Income","175,685.62","0.01","175,685.62","250,000.00","250,000.00","69.30","Canada","-","CAD","16.48","1.00","Feb 3, 2051","3.04","CAD","Feb 4, 2021"
"HYOHI","HYDRO OTTAWA HOLDING INC","Infrastructure","Fixed Income","174,296.01","0.01","174,296.01","198,000.00","198,000.00","87.84","Canada","-","CAD","13.25","1.00","May 14, 2043","3.99","CAD","May 14, 2013"
"PLEHHU","PLENARY HLTH CARE PTNRSHP HUMBR LP","Infrastructure","Fixed Income","156,613.76","0.01","156,613.76","165,000.00","165,000.00","94.92","Canada","-","CAD","13.23","1.00","Nov 30, 2044","4.82","CAD","Sep 23, 2011"
"SIACN","SIENNA SENIOR LIVING INC RegS","Industrial","Fixed Income","143,694.97","0.01","143,694.97","150,000.00","150,000.00","95.57","Canada","-","CAD","1.38","1.00","Nov 4, 2024","3.11","CAD","Nov 4, 2019"
"CRRUCN","CROMBIE REAL ESTATE INVESTMENT TRU","Real Estate","Fixed Income","132,048.42","0.01","132,048.42","155,000.00","155,000.00","84.74","Canada","-","CAD","6.40","1.00","Oct 9, 2030","3.21","CAD","Oct 9, 2020"
"FTSCN","FORTISALBERTA INC MTN","Infrastructure","Fixed Income","126,338.62","0.01","126,338.62","120,000.00","120,000.00","103.26","Canada","-","CAD","13.84","1.00","Jan 3, 2047","4.99","CAD","Jan 3, 2007"
"TOYOTA","TOYOTA CREDIT CANADA INC MTN","Financial","Fixed Income","19,183.52","0.00","19,183.52","19,000.00","19,000.00","99.81","Canada","-","CAD","0.11","1.00","Jul 12, 2023","3.04","CAD","Jul 12, 2018"
 