Fund Holdings as of,"May 31, 2024"
 
Ticker,Name,Sector,Asset Class,Market Value,Weight (%),Notional Value,Shares,Par Value,Price,Location,Exchange,Currency,Duration,FX Rate,Maturity,Coupon (%),Market Currency,Effective Date
"TD","TORONTO-DOMINION BANK/THE","Financial","Fixed Income","10,388,796.60","0.66","10,388,796.60","10,626,000.00","10,626,000.00","97.16","Canada","-","CAD","1.23","1.00","Sep 9, 2025","2.67","CAD","Mar 9, 2022"
"BNS","BANK OF NOVA SCOTIA","Financial","Fixed Income","10,176,355.82","0.65","10,176,355.82","10,585,000.00","10,585,000.00","95.46","Canada","-","CAD","2.61","1.00","Mar 8, 2027","2.95","CAD","Mar 7, 2022"
"RY","ROYAL BANK OF CANADA MTN","Financial","Fixed Income","8,551,909.99","0.55","8,551,909.99","8,677,000.00","8,677,000.00","97.98","Canada","-","CAD","1.28","1.00","Sep 29, 2025","3.37","CAD","Mar 28, 2022"
"TD","TORONTO-DOMINION BANK/THE","Financial","Fixed Income","8,473,860.14","0.54","8,473,860.14","8,415,000.00","8,415,000.00","98.60","Canada","-","CAD","2.74","1.00","Jun 1, 2027","4.21","CAD","Jun 1, 2022"
"BMO","BANK OF MONTREAL","Financial","Fixed Income","8,164,707.60","0.52","8,164,707.60","8,087,000.00","8,087,000.00","98.81","Canada","-","CAD","2.69","1.00","Jun 1, 2027","4.31","CAD","Jun 1, 2022"
"BMO","BANK OF MONTREAL","Financial","Fixed Income","8,009,466.94","0.51","8,009,466.94","7,831,000.00","7,831,000.00","100.01","Canada","-","CAD","3.10","1.00","Dec 7, 2027","4.71","CAD","Dec 7, 2022"
"TD","TORONTO-DOMINION BANK/THE","Financial","Fixed Income","7,984,468.50","0.51","7,984,468.50","7,845,000.00","7,845,000.00","99.93","Canada","-","CAD","4.05","1.00","Jan 8, 2029","4.68","CAD","Dec 7, 2022"
"RY","ROYAL BANK OF CANADA","Financial","Fixed Income","7,828,990.10","0.50","7,828,990.10","7,805,000.00","7,805,000.00","99.93","Canada","-","CAD","3.55","1.00","May 1, 2028","4.63","CAD","Apr 20, 2023"
"BMO","BANK OF MONTREAL","Financial","Fixed Income","6,780,349.95","0.43","6,780,349.95","7,010,000.00","7,010,000.00","95.93","Canada","-","CAD","3.47","1.00","Mar 1, 2028","3.19","CAD","Mar 1, 2018"
"TD","TORONTO-DOMINION BANK/THE","Financial","Fixed Income","6,636,645.77","0.42","6,636,645.77","6,987,000.00","6,987,000.00","94.09","Canada","-","CAD","2.47","1.00","Jan 7, 2027","2.26","CAD","Jan 7, 2022"
"BNS","BANK OF NOVA SCOTIA","Financial","Fixed Income","6,548,864.83","0.42","6,548,864.83","6,990,000.00","6,990,000.00","93.54","Canada","-","CAD","2.33","1.00","Nov 2, 2026","1.85","CAD","Oct 8, 2021"
"TD","TORONTO-DOMINION BANK/THE RegS","Financial","Fixed Income","6,516,415.29","0.42","6,516,415.29","6,345,000.00","6,345,000.00","102.11","Canada","-","CAD","3.07","1.00","Oct 21, 2027","5.38","CAD","Oct 21, 2022"
"RY","ROYAL BANK OF CANADA","Financial","Fixed Income","6,508,609.26","0.42","6,508,609.26","6,417,000.00","6,417,000.00","99.84","Canada","-","CAD","2.87","1.00","Jul 26, 2027","4.61","CAD","Jul 25, 2022"
"TD","TORONTO-DOMINION BANK/THE RegS","Financial","Fixed Income","6,236,266.41","0.40","6,236,266.41","6,171,000.00","6,171,000.00","99.41","Canada","-","CAD","3.28","1.00","Jan 18, 2028","4.48","CAD","Jan 18, 2023"
"RY","ROYAL BANK OF CANADA RegS","Financial","Fixed Income","6,224,217.25","0.40","6,224,217.25","6,145,000.00","6,145,000.00","99.40","Canada","-","CAD","2.36","1.00","Dec 21, 2026","4.26","CAD","Dec 21, 2023"
"RY","ROYAL BANK OF CANADA RegS","Financial","Fixed Income","6,154,917.77","0.39","6,154,917.77","6,100,000.00","6,100,000.00","100.08","Canada","-","CAD","4.24","1.00","Apr 3, 2034","5.10","CAD","Apr 2, 2024"
"TRPCN","TRANSCANADA PIPELINES LTD MTN","Energy","Fixed Income","6,061,189.67","0.39","6,061,189.67","6,173,000.00","6,173,000.00","97.61","Canada","-","CAD","2.62","1.00","Apr 5, 2027","3.80","CAD","Apr 3, 2020"
"BNS","BANK OF NOVA SCOTIA","Financial","Fixed Income","6,034,761.99","0.39","6,034,761.99","5,955,000.00","5,955,000.00","99.80","Canada","-","CAD","4.11","1.00","Feb 1, 2029","4.68","CAD","Feb 1, 2024"
"RY","ROYAL BANK OF CANADA","Financial","Fixed Income","6,028,350.28","0.39","6,028,350.28","6,346,000.00","6,346,000.00","94.20","Canada","-","CAD","2.52","1.00","Jan 28, 2027","2.33","CAD","Jan 28, 2020"
"BNS","BANK OF NOVA SCOTIA","Financial","Fixed Income","5,901,215.84","0.38","5,901,215.84","6,103,000.00","6,103,000.00","95.68","Canada","-","CAD","3.40","1.00","Feb 2, 2028","3.10","CAD","Feb 2, 2018"
"RY","ROYAL BANK OF CANADA","Financial","Fixed Income","5,898,243.30","0.38","5,898,243.30","5,796,000.00","5,796,000.00","100.05","Canada","-","CAD","3.27","1.00","Jan 17, 2028","4.64","CAD","Jan 17, 2023"
"BMO","BANK OF MONTREAL","Financial","Fixed Income","5,880,677.08","0.38","5,880,677.08","6,014,000.00","6,014,000.00","97.18","Canada","-","CAD","2.64","1.00","Apr 1, 2027","3.65","CAD","Apr 1, 2022"
"BMO","BANK OF MONTREAL","Financial","Fixed Income","5,625,432.36","0.36","5,625,432.36","5,560,000.00","5,560,000.00","101.15","Canada","-","CAD","3.55","1.00","May 29, 2028","5.04","CAD","May 29, 2023"
"CM","CANADIAN IMPERIAL BANK OF COMMERCE","Financial","Fixed Income","5,573,568.03","0.36","5,573,568.03","5,429,000.00","5,429,000.00","100.57","Canada","-","CAD","2.72","1.00","Jun 29, 2027","4.95","CAD","Jun 29, 2022"
"CM","CANADIAN IMPERIAL BANK OF COMMERCE","Financial","Fixed Income","5,568,173.24","0.36","5,568,173.24","5,475,000.00","5,475,000.00","100.95","Canada","-","CAD","2.99","1.00","Oct 7, 2027","5.05","CAD","Oct 7, 2022"
"BNS","BANK OF NOVA SCOTIA","Financial","Fixed Income","5,514,487.01","0.35","5,514,487.01","5,672,000.00","5,672,000.00","96.92","Canada","-","CAD","2.73","1.00","May 3, 2032","3.93","CAD","Mar 21, 2022"
"TD","TORONTO-DOMINION BANK/THE","Financial","Fixed Income","5,471,380.40","0.35","5,471,380.40","5,736,000.00","5,736,000.00","94.85","Canada","-","CAD","1.48","1.00","Dec 9, 2025","1.13","CAD","Dec 9, 2020"
"RY","ROYAL BANK OF CANADA","Financial","Fixed Income","5,417,762.34","0.35","5,417,762.34","5,338,000.00","5,338,000.00","101.08","Canada","-","CAD","2.26","1.00","Nov 2, 2026","5.24","CAD","Oct 28, 2022"
"NACN","NATIONAL BANK OF CANADA","Financial","Fixed Income","5,381,996.09","0.34","5,381,996.09","5,165,000.00","5,165,000.00","101.78","Canada","-","CAD","3.55","1.00","Jun 14, 2028","5.22","CAD","Jun 14, 2023"
"TD","TORONTO-DOMINION BANK/THE MTN","Financial","Fixed Income","5,277,966.80","0.34","5,277,966.80","5,220,000.00","5,220,000.00","100.37","Canada","-","CAD","4.18","1.00","Apr 9, 2034","5.18","CAD","Apr 9, 2024"
"TD","TORONTO-DOMINION BANK/THE","Financial","Fixed Income","5,046,221.02","0.32","5,046,221.02","4,885,000.00","4,885,000.00","101.18","Canada","-","CAD","1.94","1.00","Jul 10, 2026","5.42","CAD","Jul 10, 2023"
"TD","TORONTO-DOMINION BANK/THE MTN","Financial","Fixed Income","4,995,701.56","0.32","4,995,701.56","5,196,000.00","5,196,000.00","95.09","Canada","-","CAD","2.49","1.00","Jan 26, 2032","3.06","CAD","Jun 25, 2019"
"NACN","NATIONAL BANK OF CANADA","Financial","Fixed Income","4,913,338.29","0.31","4,913,338.29","4,745,000.00","4,745,000.00","101.13","Canada","-","CAD","4.06","1.00","Feb 1, 2029","5.02","CAD","Dec 7, 2023"
"RY","ROYAL BANK OF CANADA","Financial","Fixed Income","4,889,356.07","0.31","4,889,356.07","5,221,000.00","5,221,000.00","93.48","Canada","-","CAD","2.25","1.00","Nov 3, 2031","2.14","CAD","Oct 14, 2021"
"CM","CANADIAN IMPERIAL BANK OF COMMERCE","Financial","Fixed Income","4,796,238.68","0.31","4,796,238.68","5,056,000.00","5,056,000.00","93.97","Canada","-","CAD","2.47","1.00","Jan 7, 2027","2.25","CAD","Jan 7, 2022"
"BMO","BANK OF MONTREAL","Financial","Fixed Income","4,785,856.14","0.31","4,785,856.14","4,725,000.00","4,725,000.00","99.24","Canada","-","CAD","3.97","1.00","Dec 18, 2028","4.54","CAD","Dec 18, 2023"
"RCICN","ROGERS COMMS INC","Communication","Fixed Income","4,764,000.44","0.30","4,764,000.44","4,259,000.00","4,259,000.00","111.45","Canada","-","CAD","9.95","1.00","Nov 9, 2039","6.75","CAD","Apr 3, 2023"
"RCICN","ROGERS COMMUNICATIONS INC","Communication","Fixed Income","4,680,075.68","0.30","4,680,075.68","4,807,000.00","4,807,000.00","96.75","Canada","-","CAD","2.63","1.00","Mar 31, 2027","3.65","CAD","Mar 31, 2020"
"HLTHQC","HEALTH MONTREAL COLLECTIVE LP 144A","Infrastructure","Fixed Income","4,622,473.77","0.30","4,622,473.77","4,161,326.00","4,161,326.00","109.96","Canada","-","CAD","9.76","1.00","Sep 30, 2049","6.72","CAD","Jun 10, 2011"
"RY","ROYAL BANK OF CANADA MTN RegS","Financial","Fixed Income","4,553,245.06","0.29","4,553,245.06","4,482,000.00","4,482,000.00","99.95","Canada","-","CAD","3.29","1.00","Feb 1, 2033","5.01","CAD","Jan 31, 2023"
"TD","TORONTO-DOMINION BANK/THE RegS","Financial","Fixed Income","4,501,860.76","0.29","4,501,860.76","4,915,000.00","4,915,000.00","91.16","Canada","-","CAD","3.57","1.00","Mar 8, 2028","1.89","CAD","Mar 8, 2021"
"TRPCN","TRANSCANADA PIPELINES LTD MTN RegS","Energy","Fixed Income","4,270,885.60","0.27","4,270,885.60","4,105,000.00","4,105,000.00","102.06","Canada","-","CAD","5.05","1.00","Jul 15, 2030","5.28","CAD","Mar 10, 2023"
"ENBCN","ENBRIDGE INC","Energy","Fixed Income","4,262,924.83","0.27","4,262,924.83","4,362,000.00","4,362,000.00","96.77","Canada","-","CAD","2.88","1.00","Sep 27, 2077","5.38","CAD","Sep 26, 2017"
"BCECN","BELL CANADA MTN","Communication","Fixed Income","4,225,157.16","0.27","4,225,157.16","4,015,000.00","4,015,000.00","104.90","Canada","-","CAD","6.59","1.00","Nov 10, 2032","5.85","CAD","Nov 10, 2022"
"ENBCN","ENBRIDGE INC MTN","Energy","Fixed Income","4,168,282.92","0.27","4,168,282.92","4,287,000.00","4,287,000.00","95.70","Canada","-","CAD","2.80","1.00","Jun 8, 2027","3.20","CAD","Jun 8, 2017"
"RY","ROYAL BANK OF CANADA RegS","Financial","Fixed Income","4,155,038.20","0.27","4,155,038.20","4,020,000.00","4,020,000.00","101.02","Canada","-","CAD","1.90","1.00","Jun 23, 2026","5.34","CAD","Jun 23, 2023"
"BNS","BANK OF NOVA SCOTIA","Financial","Fixed Income","4,140,438.11","0.26","4,140,438.11","4,572,000.00","4,572,000.00","90.45","Canada","-","CAD","3.28","1.00","Nov 1, 2027","1.40","CAD","Oct 15, 2020"
"GWOCN","GREAT-WEST LIFECO INC","Financial","Fixed Income","4,119,225.37","0.26","4,119,225.37","4,899,000.00","4,899,000.00","82.58","Canada","-","CAD","1.45","1.00","Dec 31, 2081","3.60","CAD","Aug 16, 2021"
"BNS","BANK OF NOVA SCOTIA","Financial","Fixed Income","4,090,426.71","0.26","4,090,426.71","3,965,000.00","3,965,000.00","100.84","Canada","-","CAD","1.32","1.00","Dec 29, 2025","5.50","CAD","Jun 29, 2023"
"RY","ROYAL BANK OF CANADA","Financial","Fixed Income","4,023,537.82","0.26","4,023,537.82","3,985,000.00","3,985,000.00","99.15","Canada","-","CAD","1.47","1.00","Dec 22, 2025","4.11","CAD","Dec 22, 2022"
"TRPCN","TRANSCANADA TRUST","Energy","Fixed Income","4,013,081.53","0.26","4,013,081.53","4,209,000.00","4,209,000.00","95.18","Canada","-","CAD","2.64","1.00","May 18, 2077","4.65","CAD","May 18, 2017"
"BMO","BANK OF MONTREAL","Financial","Fixed Income","4,007,113.16","0.26","4,007,113.16","4,252,000.00","4,252,000.00","94.23","Canada","-","CAD","1.93","1.00","May 28, 2026","1.55","CAD","May 28, 2021"
"BNS","BANK OF NOVA SCOTIA","Financial","Fixed Income","3,952,099.80","0.25","3,952,099.80","3,893,000.00","3,893,000.00","101.17","Canada","-","CAD","1.82","1.00","May 8, 2026","5.50","CAD","Nov 9, 2022"
"CM","CANADIAN IMPERIAL BANK OF COMMERCE","Financial","Fixed Income","3,875,459.23","0.25","3,875,459.23","3,705,000.00","3,705,000.00","102.52","Canada","-","CAD","3.15","1.00","Jan 14, 2028","5.50","CAD","Jul 14, 2023"
"RY","ROYAL BANK OF CANADA RegS","Financial","Fixed Income","3,874,097.49","0.25","3,874,097.49","3,688,000.00","3,688,000.00","102.77","Canada","-","CAD","5.09","1.00","Jun 24, 2030","5.23","CAD","Jun 23, 2023"
"CM","CANADIAN IMPERIAL BANK OF COMMERCE","Financial","Fixed Income","3,858,992.88","0.25","3,858,992.88","3,750,000.00","3,750,000.00","100.50","Canada","-","CAD","2.30","1.00","Dec 7, 2026","5.00","CAD","Dec 7, 2023"
"TD","TORONTO-DOMINION BANK/THE","Financial","Fixed Income","3,814,263.21","0.24","3,814,263.21","3,791,000.00","3,791,000.00","99.13","Canada","-","CAD","1.56","1.00","Jan 27, 2026","4.34","CAD","Jul 27, 2022"
"BMO","BANK OF MONTREAL RegS","Financial","Fixed Income","3,792,733.24","0.24","3,792,733.24","3,612,000.00","3,612,000.00","103.60","Canada","-","CAD","3.72","1.00","Sep 7, 2033","6.03","CAD","Sep 7, 2023"
"CM","CANADIAN IMPERIAL BANK OF COMMERCE","Financial","Fixed Income","3,782,101.52","0.24","3,782,101.52","3,987,000.00","3,987,000.00","94.46","Canada","-","CAD","1.59","1.00","Jan 19, 2026","1.10","CAD","Jan 19, 2021"
"CVECN","CENOVUS ENERGY INC","Energy","Fixed Income","3,774,208.83","0.24","3,774,208.83","3,897,000.00","3,897,000.00","95.76","Canada","-","CAD","3.38","1.00","Feb 7, 2028","3.50","CAD","Aug 7, 2020"
"WEMALL","ORIGINAL WEMPI INC","Real Estate","Fixed Income","3,765,873.48","0.24","3,765,873.48","3,510,000.00","3,510,000.00","106.07","Canada","-","CAD","2.73","1.00","Oct 4, 2027","7.79","CAD","Oct 4, 2023"
"RY","ROYAL BANK OF CANADA","Financial","Fixed Income","3,737,778.05","0.24","3,737,778.05","3,943,000.00","3,943,000.00","94.74","Canada","-","CAD","1.90","1.00","May 20, 2026","1.78","CAD","May 20, 2021"
"CP","CANADIAN PACIFIC RAILWAY COMPANY","Industrial","Fixed Income","3,716,639.50","0.24","3,716,639.50","3,958,000.00","3,958,000.00","93.25","Canada","-","CAD","3.50","1.00","Feb 28, 2028","2.54","CAD","Nov 24, 2021"
"TD","TORONTO-DOMINION BANK/THE RegS","Financial","Fixed Income","3,712,090.92","0.24","3,712,090.92","3,655,000.00","3,655,000.00","100.04","Canada","-","CAD","2.46","1.00","Jan 29, 2027","4.52","CAD","Jan 29, 2024"
"CM","CANADIAN IMPERIAL BANK OF COMMERCE","Financial","Fixed Income","3,689,811.05","0.24","3,689,811.05","3,600,000.00","3,600,000.00","100.57","Canada","-","CAD","4.03","1.00","Jan 16, 2034","5.19","CAD","Jan 16, 2024"
"TD","TORONTO-DOMINION BANK/THE","Financial","Fixed Income","3,671,221.18","0.23","3,671,221.18","3,520,000.00","3,520,000.00","103.03","Canada","-","CAD","3.76","1.00","Sep 8, 2028","5.49","CAD","Sep 8, 2023"
"BNS","BANK OF NOVA SCOTIA","Financial","Fixed Income","3,648,814.13","0.23","3,648,814.13","3,765,000.00","3,765,000.00","95.61","Canada","-","CAD","2.36","1.00","Dec 2, 2026","2.62","CAD","Dec 2, 2016"
"CM","CANADIAN IMPERIAL BANK OF COMMERCE","Financial","Fixed Income","3,624,104.19","0.23","3,624,104.19","3,600,000.00","3,600,000.00","99.88","Canada","-","CAD","1.71","1.00","Apr 2, 2027","4.90","CAD","Apr 2, 2024"
"BMO","BANK OF MONTREAL","Financial","Fixed Income","3,548,246.72","0.23","3,548,246.72","3,757,000.00","3,757,000.00","93.76","Canada","-","CAD","2.05","1.00","Jul 22, 2031","1.93","CAD","Jul 22, 2021"
"BMO","BANK OF MONTREAL","Financial","Fixed Income","3,539,366.03","0.23","3,539,366.03","3,620,000.00","3,620,000.00","96.83","Canada","-","CAD","1.01","1.00","Jun 17, 2030","2.08","CAD","Jun 17, 2020"
"MFCCN","MANULIFE FINANCIAL CORP RegS","Financial","Fixed Income","3,500,221.80","0.22","3,500,221.80","3,410,000.00","3,410,000.00","101.43","Canada","-","CAD","3.32","1.00","Mar 10, 2033","5.41","CAD","Mar 10, 2023"
"RY","ROYAL BANK OF CANADA RegS","Financial","Fixed Income","3,467,702.32","0.22","3,467,702.32","3,552,000.00","3,552,000.00","96.75","Canada","-","CAD","1.04","1.00","Jun 30, 2030","2.09","CAD","Jun 30, 2020"
"CCDJ","FEDERATION DES CAISSES DESJARDINS","Financial","Fixed Income","3,452,929.53","0.22","3,452,929.53","3,350,000.00","3,350,000.00","102.86","Canada","-","CAD","3.90","1.00","Nov 17, 2028","5.47","CAD","Nov 17, 2023"
"TD","TORONTO-DOMINION BANK/THE MTN","Financial","Fixed Income","3,373,353.51","0.22","3,373,353.51","3,347,000.00","3,347,000.00","99.62","Canada","-","CAD","1.65","1.00","Mar 4, 2031","4.86","CAD","Mar 4, 2016"
"NACN","NATIONAL BANK OF CANADA","Financial","Fixed Income","3,343,809.85","0.21","3,343,809.85","3,538,000.00","3,538,000.00","94.35","Canada","-","CAD","2.33","1.00","Nov 4, 2026","2.24","CAD","Nov 4, 2021"
"NACN","NATIONAL BANK OF CANADA","Financial","Fixed Income","3,341,540.22","0.21","3,341,540.22","3,314,000.00","3,314,000.00","100.43","Canada","-","CAD","1.36","1.00","Nov 3, 2025","5.30","CAD","Nov 3, 2022"
"CCDJ","FEDERATION DES CAISSES DESJARDINS RegS","Financial","Fixed Income","3,316,574.74","0.21","3,316,574.74","3,290,000.00","3,290,000.00","100.58","Canada","-","CAD","4.34","1.00","May 15, 2034","5.28","CAD","May 15, 2024"
"SUCN","SUNCOR ENERGY INC MTN","Energy","Fixed Income","3,278,115.70","0.21","3,278,115.70","3,245,000.00","3,245,000.00","100.81","Canada","-","CAD","1.39","1.00","Nov 17, 2025","5.60","CAD","Nov 17, 2023"
"CCDJ","FEDERATION DES CAISSES DESJARDINS","Financial","Fixed Income","3,275,724.01","0.21","3,275,724.01","3,238,000.00","3,238,000.00","99.82","Canada","-","CAD","2.93","1.00","Aug 23, 2032","5.04","CAD","Aug 23, 2022"
"CCDJ","FEDERATION DES CAISSES DESJARDINS","Financial","Fixed Income","3,251,905.70","0.21","3,251,905.70","3,451,000.00","3,451,000.00","94.21","Canada","-","CAD","1.92","1.00","May 28, 2031","1.99","CAD","May 28, 2021"
"BCECN","BELL TELEPHONE COMPANY OF CANADA O MTN","Communication","Fixed Income","3,199,875.74","0.20","3,199,875.74","3,286,000.00","3,286,000.00","96.34","Canada","-","CAD","3.80","1.00","Aug 21, 2028","3.80","CAD","Aug 21, 2018"
"TCN","TELUS CORPORATION","Communication","Fixed Income","3,171,321.02","0.20","3,171,321.02","3,136,000.00","3,136,000.00","100.90","Canada","-","CAD","6.74","1.00","Nov 15, 2032","5.25","CAD","Sep 13, 2022"
"CCDJ","FEDERATION DES CAISSES DESJARDINS","Financial","Fixed Income","3,153,875.22","0.20","3,153,875.22","3,326,000.00","3,326,000.00","94.43","Canada","-","CAD","1.59","1.00","Jan 21, 2026","1.09","CAD","Jan 21, 2021"
"RY","ROYAL BANK OF CANADA","Financial","Fixed Income","3,136,207.87","0.20","3,136,207.87","3,313,000.00","3,313,000.00","94.55","Canada","-","CAD","1.86","1.00","May 4, 2026","1.59","CAD","May 4, 2021"
"RCICN","ROGERS COMMUNICATIONS INC","Communication","Fixed Income","3,118,467.16","0.20","3,118,467.16","3,261,000.00","3,261,000.00","95.16","Canada","-","CAD","4.38","1.00","Apr 15, 2029","3.75","CAD","Mar 11, 2022"
"TCN","TELUS CORPORATION","Communication","Fixed Income","3,106,184.50","0.20","3,106,184.50","3,309,000.00","3,309,000.00","93.61","Canada","-","CAD","4.47","1.00","May 2, 2029","3.30","CAD","Apr 3, 2019"
"TD","TORONTO-DOMINION BANK/THE","Financial","Fixed Income","3,082,593.71","0.20","3,082,593.71","3,070,000.00","3,070,000.00","99.58","Canada","-","CAD","4.31","1.00","Apr 2, 2029","4.23","CAD","Mar 20, 2024"
"BCECN","BELL CANADA MTN RegS","Communication","Fixed Income","3,069,457.49","0.20","3,069,457.49","2,980,000.00","2,980,000.00","101.31","Canada","-","CAD","14.35","1.00","Aug 11, 2053","5.60","CAD","Aug 11, 2023"
"TCN","TELUS CORPORATION","Communication","Fixed Income","3,058,005.82","0.20","3,058,005.82","2,900,000.00","2,900,000.00","104.13","Canada","-","CAD","7.06","1.00","Sep 8, 2033","5.75","CAD","Sep 8, 2023"
"RCICN","ROGERS COMMUNICATIONS INC","Communication","Fixed Income","2,964,923.32","0.19","2,964,923.32","3,127,000.00","3,127,000.00","94.28","Canada","-","CAD","6.57","1.00","Apr 15, 2032","4.25","CAD","Mar 11, 2022"
"CM","CANADIAN IMPERIAL BANK OF COMMERCE","Financial","Fixed Income","2,920,427.10","0.19","2,920,427.10","3,087,000.00","3,087,000.00","94.39","Canada","-","CAD","1.82","1.00","Apr 21, 2031","1.97","CAD","Apr 19, 2021"
"RCICN","ROGERS COMMUNICATIONS INC RegS","Communication","Fixed Income","2,916,430.39","0.19","2,916,430.39","2,750,000.00","2,750,000.00","104.90","Canada","-","CAD","7.06","1.00","Sep 21, 2033","5.90","CAD","Sep 21, 2023"
"BCECN","BELL CANADA MTN RegS","Communication","Fixed Income","2,905,001.07","0.19","2,905,001.07","2,920,000.00","2,920,000.00","99.39","Canada","-","CAD","7.86","1.00","Aug 24, 2034","5.15","CAD","May 24, 2024"
"SLFCN","SUN LIFE FINANCIAL INC","Financial","Fixed Income","2,886,623.82","0.18","2,886,623.82","2,870,000.00","2,870,000.00","100.36","Canada","-","CAD","5.71","1.00","May 15, 2036","5.12","CAD","May 15, 2024"
"TD","TORONTO-DOMINION BANK/THE RegS","Financial","Fixed Income","2,872,314.37","0.18","2,872,314.37","3,170,000.00","3,170,000.00","90.19","Canada","-","CAD","4.03","1.00","Sep 11, 2028","1.90","CAD","Sep 10, 2021"
"RCICN","ROGERS COMMUNICATIONS INC","Communication","Fixed Income","2,849,026.24","0.18","2,849,026.24","2,965,000.00","2,965,000.00","95.43","Canada","-","CAD","14.33","1.00","Apr 15, 2052","5.25","CAD","Mar 11, 2022"
"CM","CANADIAN IMPERIAL BANK OF COMMERCE RegS","Financial","Fixed Income","2,836,885.83","0.18","2,836,885.83","2,917,000.00","2,917,000.00","96.53","Canada","-","CAD","1.10","1.00","Jul 21, 2030","2.01","CAD","Jul 21, 2020"
"CCDJ","FEDERATION DES CAISSES DESJARDINS","Financial","Fixed Income","2,807,977.38","0.18","2,807,977.38","2,778,000.00","2,778,000.00","100.22","Canada","-","CAD","1.27","1.00","Oct 1, 2025","5.20","CAD","Nov 16, 2022"
"CM","CANADIAN IMPERIAL BANK OF COMMERCE","Financial","Fixed Income","2,806,389.40","0.18","2,806,389.40","2,856,000.00","2,856,000.00","97.64","Canada","-","CAD","2.63","1.00","Apr 7, 2032","4.20","CAD","Apr 7, 2022"
"BCECN","BELL CANADA INC MTN","Communication","Fixed Income","2,790,522.92","0.18","2,790,522.92","3,114,000.00","3,114,000.00","89.00","Canada","-","CAD","6.01","1.00","Mar 17, 2031","3.00","CAD","Mar 17, 2021"
"BCECN","BELL CANADA MTN RegS","Communication","Fixed Income","2,782,467.08","0.18","2,782,467.08","2,785,000.00","2,785,000.00","98.51","Canada","-","CAD","4.89","1.00","Feb 9, 2030","4.55","CAD","Feb 9, 2023"
"RY","ROYAL BANK OF CANADA","Financial","Fixed Income","2,780,924.22","0.18","2,780,924.22","3,092,000.00","3,092,000.00","89.37","Canada","-","CAD","3.47","1.00","Jan 28, 2033","1.67","CAD","Jan 28, 2021"
"CM","CANADIAN IMPERIAL BANK OF COMMERCE","Financial","Fixed Income","2,762,415.63","0.18","2,762,415.63","2,912,000.00","2,912,000.00","94.22","Canada","-","CAD","2.04","1.00","Jul 15, 2026","1.70","CAD","Jul 15, 2021"
"BNS","BANK OF NOVA SCOTIA RegS","Financial","Fixed Income","2,754,340.51","0.18","2,754,340.51","2,650,000.00","2,650,000.00","102.09","Canada","-","CAD","3.65","1.00","Aug 2, 2033","5.68","CAD","Jun 12, 2023"
"BCECN","BELL CANADA INC","Communication","Fixed Income","2,746,775.09","0.18","2,746,775.09","3,117,000.00","3,117,000.00","88.01","Canada","-","CAD","5.43","1.00","May 14, 2030","2.50","CAD","May 14, 2020"
"RCICN","ROGERS COMMUNICATIONS INC RegS","Communication","Fixed Income","2,737,516.03","0.17","2,737,516.03","2,625,000.00","2,625,000.00","103.18","Canada","-","CAD","3.73","1.00","Sep 21, 2028","5.70","CAD","Sep 21, 2023"
"ATDBCN","ALIMENTATION COUCHE-TARD INC","Industrial","Fixed Income","2,714,548.74","0.17","2,714,548.74","2,585,000.00","2,585,000.00","103.99","Canada","-","CAD","5.20","1.00","Sep 25, 2030","5.59","CAD","Sep 25, 2023"
"BCECN","BELL TELEPHONE COMPANY OF CANADA O MTN","Communication","Fixed Income","2,712,691.64","0.17","2,712,691.64","2,792,000.00","2,792,000.00","96.54","Canada","-","CAD","3.07","1.00","Sep 29, 2027","3.60","CAD","Sep 29, 2017"
"RCICN","ROGERS COMMUNICATIONS INC.","Communication","Fixed Income","2,699,155.44","0.17","2,699,155.44","2,530,000.00","2,530,000.00","105.08","Canada","-","CAD","10.22","1.00","Aug 25, 2040","6.11","CAD","Aug 25, 2010"
"ENBCN","ENBRIDGE INC 60NC10 RegS","Energy","Fixed Income","2,696,435.07","0.17","2,696,435.07","2,345,000.00","2,345,000.00","111.69","Canada","-","CAD","6.45","1.00","Jan 15, 2084","8.75","CAD","Sep 29, 2023"
"TRPCN","TRANSCANADA PIPELINES LTD MTN","Energy","Fixed Income","2,669,438.95","0.17","2,669,438.95","3,144,000.00","3,144,000.00","84.36","Canada","-","CAD","14.40","1.00","Oct 15, 2049","4.34","CAD","Apr 10, 2019"
"CM","CANADIAN IMPERIAL BANK OF COMMERCE","Financial","Fixed Income","2,652,824.14","0.17","2,652,824.14","2,620,000.00","2,620,000.00","100.65","Canada","-","CAD","3.48","1.00","Apr 20, 2033","5.35","CAD","Apr 20, 2023"
"TRPCN","TRANSCANADA PIPELINES LTD MTN RegS","Energy","Fixed Income","2,645,634.08","0.17","2,645,634.08","3,134,000.00","3,134,000.00","82.71","Canada","-","CAD","13.97","1.00","Jul 3, 2048","4.18","CAD","Jul 3, 2018"
"CCDJ","FEDERATION DES CAISSES DESJARDINS","Financial","Fixed Income","2,632,248.28","0.17","2,632,248.28","2,653,000.00","2,653,000.00","99.07","Canada","-","CAD","2.76","1.00","May 19, 2027","4.41","CAD","May 19, 2022"
"CM","CANADIAN IMPERIAL BANK OF COMMERCE","Financial","Fixed Income","2,608,250.46","0.17","2,608,250.46","2,540,000.00","2,540,000.00","100.76","Canada","-","CAD","3.24","1.00","Jan 20, 2033","5.33","CAD","Jan 20, 2023"
"IPLCN","INTER PIPELINE LTD MTN","Energy","Fixed Income","2,600,402.02","0.17","2,600,402.02","2,614,000.00","2,614,000.00","97.37","Canada","-","CAD","2.70","1.00","Jun 1, 2027","4.23","CAD","Jun 1, 2020"
"FFHCN","FAIRFAX FINANCIAL HOLDINGS LTD","Financial","Fixed Income","2,574,580.60","0.16","2,574,580.60","2,730,000.00","2,730,000.00","93.34","Canada","-","CAD","5.79","1.00","Mar 3, 2031","3.95","CAD","Mar 1, 2021"
"MFCCN","MANULIFE FINANCIAL CORP","Financial","Fixed Income","2,555,242.30","0.16","2,555,242.30","2,870,000.00","2,870,000.00","88.89","Canada","-","CAD","5.24","1.00","May 13, 2035","2.82","CAD","May 12, 2020"
"ENBCN","ENBRIDGE INC MTN","Energy","Fixed Income","2,549,504.88","0.16","2,549,504.88","2,390,000.00","2,390,000.00","106.31","Canada","-","CAD","6.54","1.00","Nov 9, 2032","6.10","CAD","Nov 9, 2022"
"ATIMLP","ATHABASCA INDIGENOUS MIDSTREAM LIM","Energy","Fixed Income","2,547,626.12","0.16","2,547,626.12","2,474,088.00","2,474,088.00","102.54","Canada","-","CAD","7.59","1.00","Feb 5, 2042","6.07","CAD","Oct 5, 2022"
"ENBCN","ENBRIDGE INC","Energy","Fixed Income","2,546,867.16","0.16","2,546,867.16","2,500,000.00","2,500,000.00","100.99","Canada","-","CAD","3.39","1.00","Apr 12, 2078","6.63","CAD","Apr 12, 2018"
"TRPCN","TRANSCANADA PIPELINES LTD MTN","Energy","Fixed Income","2,512,073.85","0.16","2,512,073.85","2,928,000.00","2,928,000.00","84.89","Canada","-","CAD","13.76","1.00","Sep 16, 2047","4.33","CAD","Sep 15, 2017"
"ENBCN","ENBRIDGE INC MTN","Energy","Fixed Income","2,496,600.81","0.16","2,496,600.81","2,917,000.00","2,917,000.00","84.98","Canada","-","CAD","7.84","1.00","Sep 21, 2033","3.10","CAD","Sep 21, 2021"
"CUCN","CU INC","Energy","Fixed Income","2,472,209.79","0.16","2,472,209.79","2,739,000.00","2,739,000.00","89.25","Canada","-","CAD","13.15","1.00","Sep 2, 2044","4.09","CAD","Sep 5, 2014"
"BCECN","BELL CANADA INC","Communication","Fixed Income","2,463,711.30","0.16","2,463,711.30","3,379,000.00","3,379,000.00","72.32","Canada","-","CAD","15.36","1.00","Sep 30, 2050","3.50","CAD","Feb 13, 2020"
"RY","ROYAL BANK OF CANADA","Financial","Fixed Income","2,459,688.81","0.16","2,459,688.81","2,413,000.00","2,413,000.00","100.10","Canada","-","CAD","1.07","1.00","Jul 16, 2025","4.93","CAD","Jul 16, 2010"
"OMERS","OMERS REALTY CORP","Real Estate","Fixed Income","2,447,361.37","0.16","2,447,361.37","2,542,000.00","2,542,000.00","95.77","Canada","-","CAD","3.11","1.00","Oct 4, 2027","3.24","CAD","Oct 2, 2017"
"MFCCN","MANULIFE FINANCIAL CORP","Financial","Fixed Income","2,434,383.54","0.16","2,434,383.54","2,395,000.00","2,395,000.00","100.29","Canada","-","CAD","4.06","1.00","Feb 23, 2034","5.05","CAD","Feb 23, 2024"
"HNDA","HONDA CANADA FINANCE INC","Financial","Fixed Income","2,432,401.19","0.16","2,432,401.19","2,420,000.00","2,420,000.00","100.51","Canada","-","CAD","4.43","1.00","Jun 4, 2029","4.90","CAD","Jun 4, 2024"
"BNCN","BROOKFIELD FINANCE II INC RegS","Industrial","Fixed Income","2,423,424.79","0.15","2,423,424.79","2,348,000.00","2,348,000.00","100.70","Canada","-","CAD","6.60","1.00","Dec 14, 2032","5.43","CAD","Dec 14, 2022"
"CVECN","CENOVUS ENERGY INC","Energy","Fixed Income","2,409,443.98","0.15","2,409,443.98","2,460,000.00","2,460,000.00","97.14","Canada","-","CAD","2.56","1.00","Mar 10, 2027","3.60","CAD","Mar 10, 2017"
"BNCN","BROOKFIELD ASSET MANAGEMENT INC MTN","Industrial","Fixed Income","2,393,364.82","0.15","2,393,364.82","2,358,000.00","2,358,000.00","99.86","Canada","-","CAD","1.39","1.00","Jan 28, 2026","4.82","CAD","Jan 28, 2014"
"TRPCN","TRANSCANADA PIPELINES LIMITED MTN RegS","Energy","Fixed Income","2,389,766.25","0.15","2,389,766.25","2,404,000.00","2,404,000.00","98.19","Canada","-","CAD","1.08","1.00","Jul 17, 2025","3.30","CAD","Jul 17, 2015"
"BCECN","BELL CANADA MTN","Communication","Fixed Income","2,385,971.89","0.15","2,385,971.89","2,417,000.00","2,417,000.00","97.84","Canada","-","CAD","1.66","1.00","Mar 2, 2026","3.55","CAD","Feb 29, 2016"
"NACN","NATIONAL BANK OF CANADA","Financial","Fixed Income","2,383,209.95","0.15","2,383,209.95","2,327,000.00","2,327,000.00","100.86","Canada","-","CAD","2.89","1.00","Aug 16, 2032","5.43","CAD","Jul 25, 2022"
"NACN","NATIONAL BANK OF CANADA","Financial","Fixed Income","2,336,171.86","0.15","2,336,171.86","2,465,000.00","2,465,000.00","94.07","Canada","-","CAD","1.96","1.00","Jun 15, 2026","1.53","CAD","Jun 15, 2021"
"IPLCN","INTER PIPELINE LTD RegS","Energy","Fixed Income","2,328,773.19","0.15","2,328,773.19","2,305,000.00","2,305,000.00","101.00","Canada","-","CAD","5.00","1.00","May 29, 2030","5.71","CAD","May 29, 2023"
"SUCN","SUNCOR ENERGY INC MTN","Energy","Fixed Income","2,320,059.56","0.15","2,320,059.56","2,285,000.00","2,285,000.00","101.33","Canada","-","CAD","2.29","1.00","Nov 17, 2026","5.40","CAD","Nov 17, 2023"
"TRPCN","TRANSCANADA PIPELINES LTD MTN RegS","Energy","Fixed Income","2,312,643.69","0.15","2,312,643.69","2,478,000.00","2,478,000.00","92.72","Canada","-","CAD","4.81","1.00","Sep 18, 2029","3.00","CAD","Sep 18, 2019"
"BMO","BANK OF MONTREAL","Financial","Fixed Income","2,303,141.42","0.15","2,303,141.42","2,410,000.00","2,410,000.00","95.17","Canada","-","CAD","1.71","1.00","Mar 10, 2026","1.76","CAD","Mar 10, 2021"
"RY","ROYAL BANK OF CANADA","Financial","Fixed Income","2,300,758.90","0.15","2,300,758.90","2,530,000.00","2,530,000.00","90.33","Canada","-","CAD","3.92","1.00","Jul 31, 2028","1.83","CAD","Jul 29, 2021"
"CNRCN","CANADIAN NATIONAL RAILWAY COMPANY","Industrial","Fixed Income","2,291,549.02","0.15","2,291,549.02","2,370,000.00","2,370,000.00","96.42","Canada","-","CAD","15.60","1.00","May 10, 2053","4.70","CAD","May 10, 2023"
"RY","ROYAL BANK OF CANADA RegS","Financial","Fixed Income","2,282,795.52","0.15","2,282,795.52","2,412,000.00","2,412,000.00","94.42","Canada","-","CAD","2.74","1.00","May 3, 2032","2.94","CAD","Jan 25, 2022"
"BCECN","BELL CANADA INC","Communication","Fixed Income","2,282,364.88","0.15","2,282,364.88","2,477,000.00","2,477,000.00","91.67","Canada","-","CAD","3.06","1.00","Aug 16, 2027","1.65","CAD","Aug 14, 2020"
"NWRWPT","NORTH WEST REDWATER PARTNERSHIP","Energy","Fixed Income","2,265,265.76","0.14","2,265,265.76","2,525,000.00","2,525,000.00","88.32","Canada","-","CAD","6.15","1.00","Jun 1, 2031","2.80","CAD","Jun 30, 2021"
"NORCOU","NORTHERN COURIER PIPELINE LP RegS","Energy","Fixed Income","2,255,252.17","0.14","2,255,252.17","2,532,369.00","2,532,369.00","87.67","Canada","-","CAD","6.11","1.00","Jun 30, 2042","3.37","CAD","Jul 17, 2019"
"RCICN","ROGERS COMMUNICATIONS INC.","Communication","Fixed Income","2,251,138.41","0.14","2,251,138.41","2,414,000.00","2,414,000.00","92.99","Canada","-","CAD","4.47","1.00","May 1, 2029","3.25","CAD","Apr 30, 2019"
"SLFCN","SUN LIFE FINANCIAL INC","Financial","Fixed Income","2,228,885.46","0.14","2,228,885.46","2,427,000.00","2,427,000.00","91.76","Canada","-","CAD","4.09","1.00","Nov 21, 2033","2.80","CAD","Nov 18, 2021"
"PLENCS","PLENARY PROPERTIES LTAP LP","Infrastructure","Fixed Income","2,203,514.82","0.14","2,203,514.82","1,994,249.00","1,994,249.00","108.41","Canada","-","CAD","8.01","1.00","Jan 31, 2044","6.29","CAD","Jan 31, 2011"
"TCN","TELUS CORPORATION RegS","Communication","Fixed Income","2,203,019.62","0.14","2,203,019.62","2,540,000.00","2,540,000.00","86.59","Canada","-","CAD","6.58","1.00","Nov 13, 2031","2.85","CAD","Jun 28, 2021"
"GTAAIR","GREATER TORONTO AIRPORTS AUTHORITY MTN","Infrastructure","Fixed Income","2,195,945.49","0.14","2,195,945.49","2,061,000.00","2,061,000.00","105.15","Canada","-","CAD","11.13","1.00","Feb 25, 2041","5.30","CAD","Feb 23, 2011"
"CHPUCN","CHOICE PROPERTIES REAL ESTATE INVE","Real Estate","Fixed Income","2,192,556.41","0.14","2,192,556.41","2,293,000.00","2,293,000.00","93.96","Canada","-","CAD","4.47","1.00","Jun 11, 2029","3.53","CAD","Jun 11, 2019"
"MFCCN","MANULIFE FINANCE DELAWARE LP","Financial","Fixed Income","2,187,356.83","0.14","2,187,356.83","2,186,000.00","2,186,000.00","97.73","Canada","-","CAD","9.03","1.00","Dec 15, 2041","5.06","CAD","Dec 14, 2006"
"CHPUCN","CHOICE PROPERTIES REAL ESTATE INVE","Real Estate","Fixed Income","2,183,497.00","0.14","2,183,497.00","2,214,000.00","2,214,000.00","97.66","Canada","-","CAD","3.35","1.00","Mar 8, 2028","4.18","CAD","Mar 8, 2018"
"F","FORD CREDIT CANADA CO","Financial","Fixed Income","2,170,174.68","0.14","2,170,174.68","2,114,000.00","2,114,000.00","100.53","United States","-","CAD","4.05","1.00","Feb 9, 2029","5.44","CAD","Jan 9, 2024"
"HYDONE","HYDRO ONE INC MTN","Infrastructure","Fixed Income","2,168,344.95","0.14","2,168,344.95","2,080,000.00","2,080,000.00","104.09","Canada","-","CAD","8.89","1.00","May 20, 2036","5.36","CAD","May 19, 2005"
"GTAAIR","GREATER TORONTO AIRPORTS AUTHORITY MTN 144A","Infrastructure","Fixed Income","2,160,051.48","0.14","2,160,051.48","1,845,000.00","1,845,000.00","113.59","Canada","-","CAD","5.48","1.00","Jun 4, 2031","7.10","CAD","Jun 4, 2001"
"IPLCN","INTER PIPELINE LTD","Energy","Fixed Income","2,157,152.06","0.14","2,157,152.06","2,406,000.00","2,406,000.00","89.59","Canada","-","CAD","6.37","1.00","Nov 25, 2031","3.98","CAD","Nov 25, 2021"
"BCECN","BELL CANADA MTN","Communication","Fixed Income","2,155,926.83","0.14","2,155,926.83","2,223,000.00","2,223,000.00","96.12","Canada","-","CAD","2.08","1.00","Aug 12, 2026","2.90","CAD","Aug 12, 2016"
"NWRWPT","NORTH WEST REDWATER PARTNERSHIP /","Energy","Fixed Income","2,148,944.53","0.14","2,148,944.53","2,377,000.00","2,377,000.00","88.59","Canada","-","CAD","8.67","1.00","Jun 1, 2035","3.65","CAD","May 19, 2017"
"NWRWPT","NORTH WEST REDWATER PARTNERSHIP / RegS","Energy","Fixed Income","2,143,881.55","0.14","2,143,881.55","2,426,000.00","2,426,000.00","86.93","Canada","-","CAD","12.99","1.00","Jul 22, 2044","4.05","CAD","Jul 23, 2014"
"TCN","TELUS CORPORATION","Communication","Fixed Income","2,139,891.02","0.14","2,139,891.02","2,163,000.00","2,163,000.00","98.09","Canada","-","CAD","1.67","1.00","Mar 10, 2026","3.75","CAD","Dec 8, 2015"
"BMO","BANK OF MONTREAL","Financial","Fixed Income","2,135,361.07","0.14","2,135,361.07","2,118,000.00","2,118,000.00","99.78","Canada","-","CAD","1.22","1.00","Sep 10, 2025","4.61","CAD","Sep 10, 2010"
"TRPCN","TRANSCANADA PIPELINES LTD MTN","Energy","Fixed Income","2,135,384.66","0.14","2,135,384.66","2,387,000.00","2,387,000.00","89.26","Canada","-","CAD","11.68","1.00","Nov 15, 2041","4.55","CAD","Nov 15, 2011"
"GTAAIR","GREATER TORONTO AIRPORTS AUTHORITY MTN","Infrastructure","Fixed Income","2,134,582.73","0.14","2,134,582.73","1,853,000.00","1,853,000.00","111.89","Canada","-","CAD","4.85","1.00","Jun 12, 2030","7.05","CAD","Jun 12, 2000"
"DTRGR","DAIMLER TRUCKS FINANCE CANADA INC RegS","Financial","Fixed Income","2,131,648.04","0.14","2,131,648.04","2,108,000.00","2,108,000.00","100.09","Germany","-","CAD","1.24","1.00","Sep 19, 2025","5.18","CAD","Sep 19, 2022"
"TRPCN","TRANSCANADA PIPELINES LTD MTN","Energy","Fixed Income","2,122,691.02","0.14","2,122,691.02","2,323,000.00","2,323,000.00","89.96","Canada","-","CAD","6.14","1.00","Jun 9, 2031","2.97","CAD","Jun 9, 2021"
"BNS","SCOTIABANK CAPITAL TRUST","Financial","Fixed Income","2,081,139.94","0.13","2,081,139.94","1,937,000.00","1,937,000.00","105.09","Canada","-","CAD","9.14","1.00","Dec 31, 2056","5.65","CAD","Sep 28, 2006"
"IPLCN","INTER PIPELINE LTD RegS","Energy","Fixed Income","2,075,606.59","0.13","2,075,606.59","1,935,000.00","1,935,000.00","103.99","Canada","-","CAD","6.95","1.00","Feb 9, 2034","6.59","CAD","Nov 9, 2023"
"SLFCN","SUN LIFE FINANCIAL INC","Financial","Fixed Income","2,071,655.55","0.13","2,071,655.55","2,051,000.00","2,051,000.00","99.55","Canada","-","CAD","3.23","1.00","Aug 10, 2034","4.80","CAD","Aug 10, 2022"
"PPLCN","PEMBINA PIPELINE CORP MTN RegS","Energy","Fixed Income","2,062,874.61","0.13","2,062,874.61","2,054,000.00","2,054,000.00","98.48","Canada","-","CAD","2.66","1.00","Jun 15, 2027","4.24","CAD","Jun 16, 2015"
"NWRWPT","NORTH WEST REDWATER PARTNERSHIP /","Energy","Fixed Income","2,058,730.20","0.13","2,058,730.20","2,139,000.00","2,139,000.00","94.85","Canada","-","CAD","2.80","1.00","Jun 1, 2027","2.80","CAD","May 19, 2017"
"TCN","TELUS CORPORATION","Communication","Fixed Income","2,055,665.45","0.13","2,055,665.45","2,214,000.00","2,214,000.00","92.04","Canada","-","CAD","3.43","1.00","Jan 27, 2028","2.35","CAD","May 29, 2020"
"BIP","BROOKFIELD INFRASTRUCTURE FINANCE","Infrastructure","Fixed Income","2,050,983.13","0.13","2,050,983.13","2,196,000.00","2,196,000.00","92.91","Canada","-","CAD","4.81","1.00","Oct 9, 2029","3.41","CAD","Oct 3, 2019"
"SLFCN","SUN LIFE FINANCIAL INC MTN","Financial","Fixed Income","2,039,934.97","0.13","2,039,934.97","2,171,000.00","2,171,000.00","93.81","Canada","-","CAD","2.75","1.00","May 10, 2032","2.58","CAD","May 8, 2020"
"SNCINN","SNC-LAVALIN INNISFREE MCGILL FINAN 144A","Infrastructure","Fixed Income","2,037,588.83","0.13","2,037,588.83","1,813,207.00","1,813,207.00","109.61","Canada","-","CAD","8.10","1.00","Jun 30, 2044","6.63","CAD","Jul 15, 2010"
"ENBCN","ENBRIDGE INC MTN","Energy","Fixed Income","2,035,266.95","0.13","2,035,266.95","2,207,000.00","2,207,000.00","91.74","Canada","-","CAD","4.85","1.00","Oct 3, 2029","2.99","CAD","Oct 3, 2019"
"PPLCN","PEMBINA PIPELINE CORP MTN RegS","Energy","Fixed Income","2,026,874.08","0.13","2,026,874.08","1,985,000.00","1,985,000.00","99.93","Canada","-","CAD","14.17","1.00","Jan 12, 2054","5.67","CAD","Jan 12, 2024"
"CRSLNX","CROSSLINX TRANSIT SOLUTIONS GENERA RegS","Infrastructure","Fixed Income","2,025,316.39","0.13","2,025,316.39","2,226,142.00","2,226,142.00","90.20","Canada","-","CAD","8.71","1.00","Sep 30, 2046","4.65","CAD","Jul 24, 2015"
"ENBCN","ENBRIDGE INC","Energy","Fixed Income","2,023,603.61","0.13","2,023,603.61","2,224,000.00","2,224,000.00","89.16","Canada","-","CAD","5.54","1.00","Jan 19, 2082","5.00","CAD","Jan 19, 2022"
"PPLCN","PEMBINA PIPELINE CORP MTN","Energy","Fixed Income","2,023,690.10","0.13","2,023,690.10","2,049,000.00","2,049,000.00","97.65","Canada","-","CAD","2.02","1.00","Aug 11, 2026","3.71","CAD","Aug 11, 2016"
"PPLCN","PEMBINA PIPELINE CORP MTN","Energy","Fixed Income","2,010,002.02","0.13","2,010,002.02","2,265,000.00","2,265,000.00","87.88","Canada","-","CAD","13.51","1.00","Mar 26, 2048","4.75","CAD","Mar 26, 2018"
"TRPCN","TRANSCANADA PIPELINES LTD MTN RegS","Energy","Fixed Income","2,003,206.28","0.13","2,003,206.28","1,980,000.00","1,980,000.00","99.95","Canada","-","CAD","0.36","1.00","Mar 10, 2026","5.42","CAD","Mar 10, 2023"
"TCN","TELUS CORPORATION","Communication","Fixed Income","1,993,212.61","0.13","1,993,212.61","2,055,000.00","2,055,000.00","95.91","Canada","-","CAD","1.99","1.00","Jul 8, 2026","2.75","CAD","Jul 2, 2019"
"GTAAIR","GREATER TORONTO AIRPORTS AUTHORITY MTN 144A","Infrastructure","Fixed Income","1,984,698.88","0.13","1,984,698.88","1,736,000.00","1,736,000.00","112.22","Canada","-","CAD","7.23","1.00","Feb 2, 2034","6.47","CAD","Feb 2, 2004"
"BCECN","BELL TELEPHONE COMPANY OF CANADA O MTN RegS","Communication","Fixed Income","1,965,004.42","0.13","1,965,004.42","1,935,000.00","1,935,000.00","101.31","Canada","-","CAD","3.92","1.00","Nov 14, 2028","5.15","CAD","Aug 11, 2023"
"BRUPOW","BRUCE POWER LP","Energy","Fixed Income","1,963,214.38","0.13","1,963,214.38","1,960,000.00","1,960,000.00","99.13","Canada","-","CAD","5.88","1.00","Jun 21, 2031","4.70","CAD","Mar 12, 2024"
"TRPCN","TRANSCANADA PIPELINES LTD MTN","Energy","Fixed Income","1,943,081.85","0.12","1,943,081.85","2,222,000.00","2,222,000.00","85.34","Canada","-","CAD","13.14","1.00","Jun 6, 2046","4.35","CAD","Jun 6, 2016"
"BCECN","BELL CANADA MTN RegS","Communication","Fixed Income","1,939,342.24","0.12","1,939,342.24","1,885,000.00","1,885,000.00","101.78","Canada","-","CAD","4.13","1.00","Mar 15, 2029","5.25","CAD","Nov 14, 2023"
"HNDA","HONDA CANADA FINANCE INC","Financial","Fixed Income","1,923,391.60","0.12","1,923,391.60","2,129,000.00","2,129,000.00","89.91","Canada","-","CAD","3.55","1.00","Feb 25, 2028","1.65","CAD","Feb 25, 2021"
"TCN","TELUS CORPORATION","Communication","Fixed Income","1,910,429.67","0.12","1,910,429.67","1,888,000.00","1,888,000.00","99.75","Canada","-","CAD","5.62","1.00","Feb 18, 2031","4.95","CAD","Feb 15, 2024"
"VTR","VENTAS CANADA FINANCE LTD","Real Estate","Fixed Income","1,908,450.49","0.12","1,908,450.49","1,883,000.00","1,883,000.00","100.14","United States","-","CAD","4.16","1.00","Mar 5, 2029","5.10","CAD","Mar 5, 2024"
"FFHCN","FAIRFAX FINANCIAL HOLDINGS LTD","Financial","Fixed Income","1,907,329.96","0.12","1,907,329.96","1,912,000.00","1,912,000.00","97.69","Canada","-","CAD","3.10","1.00","Dec 6, 2027","4.25","CAD","Dec 4, 2017"
"BRUPOW","BRUCE POWER LP","Energy","Fixed Income","1,905,219.09","0.12","1,905,219.09","1,990,000.00","1,990,000.00","93.91","Canada","-","CAD","7.30","1.00","Jun 21, 2033","4.13","CAD","Mar 1, 2018"
"BIP","BROOKFIELD INFRASTRUCTURE FINANCE","Infrastructure","Fixed Income","1,903,695.29","0.12","1,903,695.29","1,936,000.00","1,936,000.00","97.40","Canada","-","CAD","3.81","1.00","Sep 11, 2028","4.19","CAD","Sep 10, 2018"
"CNRCN","CANADIAN NATIONAL RAILWAY COMPANY","Industrial","Fixed Income","1,899,443.66","0.12","1,899,443.66","1,880,000.00","1,880,000.00","100.67","Canada","-","CAD","4.32","1.00","May 2, 2029","4.60","CAD","May 2, 2024"
"BRUPOW","BRUCE POWER LP","Energy","Fixed Income","1,898,358.62","0.12","1,898,358.62","1,896,000.00","1,896,000.00","98.38","Canada","-","CAD","1.88","1.00","Jun 23, 2026","3.97","CAD","Jun 23, 2016"
"CNRCN","CANADIAN NATIONAL RAILWAY COMPANY","Industrial","Fixed Income","1,896,910.07","0.12","1,896,910.07","1,840,000.00","1,840,000.00","102.69","Canada","-","CAD","15.56","1.00","May 2, 2054","5.10","CAD","May 2, 2024"
"CPXCN","CAPITAL POWER CORP MTN RegS","Energy","Fixed Income","1,896,703.83","0.12","1,896,703.83","1,805,000.00","1,805,000.00","102.33","Canada","-","CAD","7.12","1.00","Jan 25, 2034","5.97","CAD","Dec 15, 2023"
"ENBCN","ENBRIDGE INC MTN","Energy","Fixed Income","1,892,661.01","0.12","1,892,661.01","2,133,000.00","2,133,000.00","87.72","Canada","-","CAD","12.37","1.00","Mar 11, 2044","4.57","CAD","Mar 11, 2014"
"NACN","NATIONAL BANK OF CANADA","Financial","Fixed Income","1,892,132.44","0.12","1,892,132.44","1,873,000.00","1,873,000.00","100.01","Canada","-","CAD","1.66","1.00","Mar 18, 2027","4.98","CAD","Mar 18, 2024"
"RCICN","ROGERS COMMUNICATIONS INC","Communication","Fixed Income","1,880,679.65","0.12","1,880,679.65","1,908,000.00","1,908,000.00","98.22","Canada","-","CAD","3.90","1.00","Nov 2, 2028","4.40","CAD","Apr 3, 2023"
"IPLCN","INTER PIPELINE LTD","Energy","Fixed Income","1,870,115.48","0.12","1,870,115.48","1,785,000.00","1,785,000.00","102.96","Canada","-","CAD","6.54","1.00","Feb 17, 2033","6.38","CAD","Nov 17, 2022"
"ENBCN","ENBRIDGE INC MTN","Energy","Fixed Income","1,862,857.35","0.12","1,862,857.35","1,806,000.00","1,806,000.00","102.80","Canada","-","CAD","3.04","1.00","Nov 9, 2027","5.70","CAD","Nov 9, 2022"
"BMO","BANK OF MONTREAL","Financial","Fixed Income","1,862,117.20","0.12","1,862,117.20","1,770,000.00","1,770,000.00","104.60","Canada","-","CAD","3.04","1.00","Oct 27, 2032","6.53","CAD","Oct 27, 2022"
"ENBPIP","ENBRIDGE PIPELINES INC MTN","Energy","Fixed Income","1,858,858.29","0.12","1,858,858.29","1,942,000.00","1,942,000.00","94.76","Canada","-","CAD","4.26","1.00","Feb 22, 2029","3.52","CAD","Feb 22, 2019"
"PPLCN","PEMBINA PIPELINE CORP MTN RegS","Energy","Fixed Income","1,858,758.53","0.12","1,858,758.53","1,840,000.00","1,840,000.00","99.09","Canada","-","CAD","6.14","1.00","Jan 12, 2032","5.02","CAD","Jan 12, 2024"
"BNCN","BROOKFIELD ASSET MANAGEMENT INC MTN","Industrial","Fixed Income","1,852,082.51","0.12","1,852,082.51","1,880,000.00","1,880,000.00","97.72","Canada","-","CAD","2.53","1.00","Mar 16, 2027","3.80","CAD","Sep 16, 2016"
"EPCOR","EPCOR UTILITIES INC MTN RegS","Infrastructure","Fixed Income","1,850,783.28","0.12","1,850,783.28","1,720,000.00","1,720,000.00","106.76","Canada","-","CAD","15.25","1.00","Oct 3, 2053","5.33","CAD","Oct 3, 2023"
"HYDONE","HYDRO ONE INC 3.63 6/49 MTN","Infrastructure","Fixed Income","1,842,614.83","0.12","1,842,614.83","2,203,000.00","2,203,000.00","82.07","Canada","-","CAD","15.18","1.00","Jun 25, 2049","3.63","CAD","Jun 26, 2018"
"CNQCN","CANADIAN NATURAL RESOURCES LTD MTN","Energy","Fixed Income","1,826,906.25","0.12","1,826,906.25","1,852,000.00","1,852,000.00","96.94","Canada","-","CAD","2.32","1.00","Dec 1, 2026","3.42","CAD","May 30, 2017"
"ETRHWY","407 INTERNATIONAL INC MTN","Infrastructure","Fixed Income","1,820,080.81","0.12","1,820,080.81","1,842,000.00","1,842,000.00","97.51","Canada","-","CAD","6.04","1.00","Aug 14, 2031","4.45","CAD","Sep 7, 2022"
"TRPCN","TRANSCANADA PIPELINES LTD","Energy","Fixed Income","1,819,444.56","0.12","1,819,444.56","1,783,000.00","1,783,000.00","101.77","Canada","-","CAD","6.38","1.00","May 12, 2032","5.33","CAD","May 12, 2022"
"GTAAIR","GREATER TORONTO AIRPORTS AUTHORITY","Infrastructure","Fixed Income","1,814,808.00","0.12","1,814,808.00","2,326,000.00","2,326,000.00","77.69","Canada","-","CAD","11.94","1.00","Oct 17, 2039","2.75","CAD","Sep 25, 2019"
"SSLFIN","SSL FINANCE INC","Infrastructure","Fixed Income","1,802,439.97","0.12","1,802,439.97","2,016,678.00","2,016,678.00","89.03","Canada","-","CAD","8.69","1.00","Oct 31, 2045","4.10","CAD","Jun 19, 2015"
"SAPCN","SAPUTO INC MTN","Industrial","Fixed Income","1,802,313.93","0.12","1,802,313.93","1,750,000.00","1,750,000.00","102.82","Canada","-","CAD","5.37","1.00","Nov 20, 2030","5.49","CAD","Nov 20, 2023"
"GIBACN","CGI INC","Industrial","Fixed Income","1,800,558.73","0.12","1,800,558.73","1,989,000.00","1,989,000.00","90.10","Canada","-","CAD","4.03","1.00","Sep 18, 2028","2.10","CAD","Sep 16, 2021"
"F","FORD CREDIT CANADA CO RegS","Financial","Fixed Income","1,800,164.70","0.12","1,800,164.70","1,760,000.00","1,760,000.00","100.74","United States","-","CAD","2.49","1.00","Feb 22, 2027","5.58","CAD","Feb 20, 2024"
"HYNMTR","HYUNDAI CAPITAL CANADA INC","Financial","Fixed Income","1,796,901.84","0.11","1,796,901.84","1,735,000.00","1,735,000.00","102.29","Canada","-","CAD","3.29","1.00","Mar 8, 2028","5.57","CAD","Mar 8, 2023"
"PPLCN","PEMBINA PIPELINE CORP MTN RegS","Energy","Fixed Income","1,796,116.13","0.11","1,796,116.13","1,832,000.00","1,832,000.00","97.33","Canada","-","CAD","3.42","1.00","Mar 27, 2028","4.02","CAD","Mar 26, 2018"
"VW","VW CREDIT CANADA INC RegS","Financial","Fixed Income","1,796,119.21","0.11","1,796,119.21","1,775,000.00","1,775,000.00","100.97","Germany","-","CAD","1.39","1.00","Nov 17, 2025","5.80","CAD","Nov 15, 2022"
"RCICN","ROGERS COMMUNICATIONS INC","Communication","Fixed Income","1,795,524.78","0.11","1,795,524.78","1,750,000.00","1,750,000.00","101.50","Canada","-","CAD","2.13","1.00","Sep 21, 2026","5.65","CAD","Sep 21, 2023"
"PPLCN","PEMBINA PIPELINE CORP MTN RegS","Energy","Fixed Income","1,794,588.56","0.11","1,794,588.56","1,770,000.00","1,770,000.00","99.39","Canada","-","CAD","7.35","1.00","Jan 12, 2034","5.21","CAD","Jan 12, 2024"
"DE","JOHN DEERE FINANCIAL INC MTN","Financial","Fixed Income","1,793,347.03","0.11","1,793,347.03","1,780,000.00","1,780,000.00","100.03","United States","-","CAD","4.29","1.00","Apr 4, 2029","4.63","CAD","Apr 4, 2024"
"GWOCN","GREAT-WEST LIFECO INC","Financial","Fixed Income","1,790,274.01","0.11","1,790,274.01","1,840,000.00","1,840,000.00","96.45","Canada","-","CAD","3.43","1.00","Feb 28, 2028","3.34","CAD","Feb 28, 2018"
"F","FORD CREDIT CANADA CO RegS","Financial","Fixed Income","1,787,784.71","0.11","1,787,784.71","1,785,000.00","1,785,000.00","100.04","United States","-","CAD","3.52","1.00","May 23, 2028","5.24","CAD","May 23, 2024"
"VW","VW CREDIT CANADA INC RegS","Financial","Fixed Income","1,787,829.41","0.11","1,787,829.41","1,865,000.00","1,865,000.00","95.58","Germany","-","CAD","1.27","1.00","Sep 23, 2025","1.50","CAD","Sep 23, 2020"
"SAPCN","SAPUTO INC MTN","Industrial","Fixed Income","1,786,163.51","0.11","1,786,163.51","1,901,000.00","1,901,000.00","92.93","Canada","-","CAD","2.87","1.00","Jun 16, 2027","2.24","CAD","Jun 16, 2020"
"CHPUCN","CHOICE PROPERTIES REAL ESTATE INVE","Real Estate","Fixed Income","1,780,093.47","0.11","1,780,093.47","1,745,000.00","1,745,000.00","100.66","Canada","-","CAD","6.81","1.00","Mar 1, 2033","5.40","CAD","Mar 1, 2023"
"HYNMTR","HYUNDAI CAPITAL CANADA INC","Financial","Fixed Income","1,776,986.94","0.11","1,776,986.94","1,836,000.00","1,836,000.00","95.87","Canada","-","CAD","2.55","1.00","Feb 16, 2027","3.20","CAD","Feb 15, 2022"
"HYDONE","HYDRO ONE INC MTN","Infrastructure","Fixed Income","1,775,339.36","0.11","1,775,339.36","1,818,000.00","1,818,000.00","96.92","Canada","-","CAD","1.66","1.00","Feb 24, 2026","2.77","CAD","Feb 24, 2016"
"CHPUCN","CHOICE PROPERTIES REAL ESTATE INVE","Real Estate","Fixed Income","1,769,871.51","0.11","1,769,871.51","1,647,000.00","1,647,000.00","104.85","Canada","-","CAD","6.18","1.00","Jun 24, 2032","6.00","CAD","Jun 24, 2022"
"F","FORD CREDIT CANADA CO","Financial","Fixed Income","1,768,867.44","0.11","1,768,867.44","1,700,000.00","1,700,000.00","103.67","United States","-","CAD","1.81","1.00","May 12, 2026","7.38","CAD","May 12, 2023"
"SLFCN","SUN LIFE FINANCIAL INC","Financial","Fixed Income","1,765,377.76","0.11","1,765,377.76","2,084,000.00","2,084,000.00","84.37","Canada","-","CAD","5.65","1.00","Oct 1, 2035","2.06","CAD","Oct 1, 2020"
"IFCCN","INTACT FINANCIAL CORP RegS","Financial","Fixed Income","1,764,095.65","0.11","1,764,095.65","1,823,000.00","1,823,000.00","95.39","Canada","-","CAD","2.81","1.00","Jun 7, 2027","2.85","CAD","Jun 7, 2017"
"GM","GENERAL MOTORS FINANCIAL OF CANADA","Financial","Fixed Income","1,763,741.07","0.11","1,763,741.07","1,741,000.00","1,741,000.00","99.77","United States","-","CAD","4.08","1.00","Feb 9, 2029","5.00","CAD","Feb 9, 2024"
"APUCN","ALLIED PROPERTIES REAL ESTATE INVE","Real Estate","Fixed Income","1,763,029.25","0.11","1,763,029.25","1,889,000.00","1,889,000.00","92.82","Canada","-","CAD","1.64","1.00","Feb 12, 2026","1.73","CAD","Feb 12, 2021"
"NWRWPT","NORTH WEST REDWATER PARTNERSHIP","Energy","Fixed Income","1,762,952.74","0.11","1,762,952.74","2,140,000.00","2,140,000.00","80.51","Canada","-","CAD","15.41","1.00","Jun 1, 2051","3.75","CAD","Jun 30, 2021"
"NVLAUT","NOUVELLE AUTOROUTE 30 FINANCEMENT","Infrastructure","Fixed Income","1,762,400.99","0.11","1,762,400.99","1,967,811.00","1,967,811.00","87.85","Canada","-","CAD","9.82","1.00","Jun 30, 2042","4.12","CAD","Jun 14, 2018"
"SLFCN","SUN LIFE FINANCIAL INC RegS","Financial","Fixed Income","1,760,253.17","0.11","1,760,253.17","1,675,000.00","1,675,000.00","102.87","Canada","-","CAD","4.25","1.00","Jul 4, 2035","5.50","CAD","Jul 4, 2023"
"CIXCN","CI FINANCIAL CORP","Financial","Fixed Income","1,756,458.79","0.11","1,756,458.79","1,674,000.00","1,674,000.00","101.45","Canada","-","CAD","1.38","1.00","Dec 2, 2025","7.00","CAD","Dec 2, 2022"
"BMO","BANK OF MONTREAL","Financial","Fixed Income","1,756,083.12","0.11","1,756,083.12","1,809,000.00","1,809,000.00","95.79","Canada","-","CAD","2.38","1.00","Dec 9, 2026","2.70","CAD","Dec 9, 2016"
"TCN","TELUS CORPORATION","Communication","Fixed Income","1,753,140.30","0.11","1,753,140.30","1,675,000.00","1,675,000.00","103.39","Canada","-","CAD","5.16","1.00","Sep 9, 2030","5.60","CAD","Sep 8, 2023"
"GLCRTR_22-1","GLCRTR_22-1 RegS","Securitized","Fixed Income","1,747,942.68","0.11","1,747,942.68","1,720,000.00","1,720,000.00","100.65","Canada","-","CAD","3.01","1.00","Sep 20, 2027","4.96","CAD","Sep 27, 2022"
"TCN","TELUS CORPORATION MTN","Communication","Fixed Income","1,747,338.09","0.11","1,747,338.09","2,019,000.00","2,019,000.00","85.82","Canada","-","CAD","12.15","1.00","Apr 1, 2043","4.40","CAD","Apr 1, 2013"
"ENBCN","ENBRIDGE INC MTN","Energy","Fixed Income","1,745,393.69","0.11","1,745,393.69","1,541,000.00","1,541,000.00","112.87","Canada","-","CAD","13.87","1.00","Nov 9, 2052","6.51","CAD","Nov 9, 2022"
"TCN","TELUS CORPORATION","Communication","Fixed Income","1,741,203.94","0.11","1,741,203.94","1,635,000.00","1,635,000.00","105.13","Canada","-","CAD","14.17","1.00","Sep 8, 2053","5.95","CAD","Sep 8, 2023"
"TCN","TELUS CORPORATION","Communication","Fixed Income","1,729,175.03","0.11","1,729,175.03","1,888,000.00","1,888,000.00","90.84","Canada","-","CAD","12.26","1.00","Apr 5, 2044","4.85","CAD","Apr 4, 2014"
"PPLCN","PEMBINA PIPELINE CORP MTN","Energy","Fixed Income","1,725,254.99","0.11","1,725,254.99","2,013,000.00","2,013,000.00","84.98","Canada","-","CAD","13.95","1.00","Apr 3, 2049","4.54","CAD","Apr 3, 2019"
"PPLCN","PEMBINA PIPELINE CORP RegS","Energy","Fixed Income","1,720,957.96","0.11","1,720,957.96","1,803,000.00","1,803,000.00","94.87","Canada","-","CAD","4.36","1.00","Apr 3, 2029","3.62","CAD","Apr 3, 2019"
"DE","JOHN DEERE FINANCIAL INC","Financial","Fixed Income","1,716,358.14","0.11","1,716,358.14","1,660,000.00","1,660,000.00","102.30","United States","-","CAD","3.80","1.00","Sep 15, 2028","5.17","CAD","Sep 15, 2023"
"GM","GENERAL MOTORS FINANCIAL OF CANADA","Financial","Fixed Income","1,716,022.46","0.11","1,716,022.46","1,817,000.00","1,817,000.00","94.22","Canada","-","CAD","1.81","1.00","Apr 15, 2026","1.75","CAD","Jan 15, 2021"
"GWOCN","GREAT-WEST LIFECO INC","Financial","Fixed Income","1,715,636.50","0.11","1,715,636.50","1,911,000.00","1,911,000.00","89.67","Canada","-","CAD","5.46","1.00","May 14, 2030","2.38","CAD","May 14, 2020"
"FORTFD_23-1","FORTIFIED TRUST FORTFD_23-1 A","Securitized","Fixed Income","1,711,843.90","0.11","1,711,843.90","1,698,000.00","1,698,000.00","98.88","Canada","-","CAD","3.21","1.00","Dec 23, 2027","4.42","CAD","Jan 31, 2023"
"SGTPHW","SGTP HIGHWAY BYPASS LIMITED PARTNE RegS","Infrastructure","Fixed Income","1,710,305.13","0.11","1,710,305.13","1,899,589.00","1,899,589.00","88.67","Canada","-","CAD","8.30","1.00","Jan 31, 2045","4.11","CAD","Aug 4, 2015"
"DE","JOHN DEERE FINANCIAL INC MTN","Financial","Fixed Income","1,708,479.12","0.11","1,708,479.12","1,655,000.00","1,655,000.00","100.94","United States","-","CAD","2.74","1.00","Jun 14, 2027","4.95","CAD","Jun 13, 2023"
"ALCTRA","ALECTRA INC (CANADA)","Infrastructure","Fixed Income","1,704,544.98","0.11","1,704,544.98","1,805,000.00","1,805,000.00","94.34","Canada","-","CAD","2.81","1.00","May 17, 2027","2.49","CAD","May 17, 2017"
"ETRHWY","407 INTERNATIONAL INC MTN","Infrastructure","Fixed Income","1,704,115.67","0.11","1,704,115.67","1,680,000.00","1,680,000.00","99.82","Canada","-","CAD","15.39","1.00","Jul 31, 2053","4.86","CAD","Jul 31, 2023"
"CUCN","CU INC","Energy","Fixed Income","1,702,138.95","0.11","1,702,138.95","1,729,000.00","1,729,000.00","97.37","Canada","-","CAD","12.35","1.00","Sep 9, 2043","4.72","CAD","Sep 9, 2013"
"CPXCN","CAPITAL POWER CORP","Energy","Fixed Income","1,701,844.10","0.11","1,701,844.10","1,640,000.00","1,640,000.00","102.54","Canada","-","CAD","3.70","1.00","Sep 15, 2028","5.82","CAD","Sep 15, 2023"
"WSPCN","WSP GLOBAL INC RegS","Industrial","Fixed Income","1,697,683.78","0.11","1,697,683.78","1,650,000.00","1,650,000.00","102.75","Canada","-","CAD","5.37","1.00","Nov 22, 2030","5.55","CAD","Nov 22, 2023"
"F","FORD CREDIT CANADA CO","Financial","Fixed Income","1,694,939.84","0.11","1,694,939.84","1,770,000.00","1,770,000.00","95.14","United States","-","CAD","2.18","1.00","Sep 16, 2026","2.96","CAD","Sep 16, 2021"
"HYDONE","HYDRO ONE INC","Infrastructure","Fixed Income","1,692,283.24","0.11","1,692,283.24","1,788,000.00","1,788,000.00","94.18","Canada","-","CAD","4.43","1.00","Apr 5, 2029","3.02","CAD","Apr 5, 2019"
"ATDBCN","ALIMENTATION COUCHE-TARD INC","Industrial","Fixed Income","1,688,381.69","0.11","1,688,381.69","1,671,000.00","1,671,000.00","99.44","Canada","-","CAD","4.10","1.00","Jan 25, 2029","4.60","CAD","Jan 25, 2024"
"BCECN","BELL CANADA INC MTN","Communication","Fixed Income","1,684,129.43","0.11","1,684,129.43","1,831,000.00","1,831,000.00","91.33","Canada","-","CAD","4.79","1.00","Sep 10, 2029","2.90","CAD","Sep 10, 2019"
"BAMREP","BROOKFIELD RENEWABLE PARTNERS ULC MTN","Energy","Fixed Income","1,682,360.14","0.11","1,682,360.14","1,595,000.00","1,595,000.00","105.12","Canada","-","CAD","6.58","1.00","Nov 9, 2032","5.88","CAD","Nov 9, 2022"
"EMACN","EMERA INCORPORATED RegS","Infrastructure","Fixed Income","1,679,960.53","0.11","1,679,960.53","1,700,000.00","1,700,000.00","98.44","Canada","-","CAD","5.05","1.00","May 2, 2030","4.84","CAD","May 2, 2023"
"IPLCN","INTER PIPELINE LTD","Energy","Fixed Income","1,679,711.85","0.11","1,679,711.85","1,625,000.00","1,625,000.00","101.73","Canada","-","CAD","3.23","1.00","Feb 17, 2028","5.76","CAD","Nov 17, 2022"
"RCICN","ROGERS COMMUNICATIONS INC","Communication","Fixed Income","1,675,557.47","0.11","1,675,557.47","1,784,000.00","1,784,000.00","92.36","Canada","-","CAD","4.91","1.00","Dec 10, 2029","3.30","CAD","Dec 9, 2019"
"CNRCN","CANADIAN NATIONAL RAILWAY COMPANY","Industrial","Fixed Income","1,672,741.02","0.11","1,672,741.02","1,700,000.00","1,700,000.00","98.16","Canada","-","CAD","5.17","1.00","May 10, 2030","4.15","CAD","May 10, 2023"
"MRUCN","METRO INC MTN","Industrial","Fixed Income","1,672,753.43","0.11","1,672,753.43","1,710,000.00","1,710,000.00","96.18","Canada","-","CAD","3.21","1.00","Dec 6, 2027","3.39","CAD","Dec 4, 2017"
"MFCCN","MANULIFE BANK OF CANADA","Financial","Fixed Income","1,669,524.06","0.11","1,669,524.06","1,660,000.00","1,660,000.00","99.53","Canada","-","CAD","4.22","1.00","Mar 8, 2029","4.55","CAD","Mar 8, 2024"
"HOSNOH","HOSPITAL INFRASTRUCTURE PARTNERS I","Infrastructure","Fixed Income","1,659,060.05","0.11","1,659,060.05","1,633,832.00","1,633,832.00","99.74","Canada","-","CAD","8.36","1.00","Jan 31, 2045","5.44","CAD","Jul 29, 2011"
"MGCN","MAGNA INTERNATIONAL INC","Industrial","Fixed Income","1,652,993.05","0.11","1,652,993.05","1,650,000.00","1,650,000.00","100.17","Canada","-","CAD","4.38","1.00","May 30, 2029","4.80","CAD","May 30, 2024"
"ONTPOW","ONTARIO POWER GENERATION INC MTN","Energy","Fixed Income","1,649,721.14","0.11","1,649,721.14","1,764,000.00","1,764,000.00","93.05","Canada","-","CAD","5.24","1.00","Apr 8, 2030","3.21","CAD","Apr 8, 2020"
"NWRWPT","NORTH WEST REDWATER PARTNERSHIP","Energy","Fixed Income","1,648,728.35","0.11","1,648,728.35","1,690,000.00","1,690,000.00","97.23","Canada","-","CAD","1.81","1.00","Apr 24, 2026","3.20","CAD","Jul 24, 2015"
"CUCN","CU INC","Energy","Fixed Income","1,646,182.11","0.11","1,646,182.11","1,716,000.00","1,716,000.00","95.47","Canada","-","CAD","11.83","1.00","Oct 24, 2041","4.54","CAD","Oct 24, 2011"
"GM","GENERAL MOTORS FINANCIAL OF CANADA","Financial","Fixed Income","1,637,417.70","0.10","1,637,417.70","1,699,000.00","1,699,000.00","95.40","United States","-","CAD","2.52","1.00","Feb 8, 2027","3.15","CAD","Feb 8, 2022"
"BRUPOW","BRUCE POWER LP","Energy","Fixed Income","1,630,341.72","0.10","1,630,341.72","1,752,000.00","1,752,000.00","91.87","Canada","-","CAD","4.18","1.00","Dec 21, 2028","2.68","CAD","Nov 22, 2021"
"WM","WASTE MANAGEMENT OF CANADA CORP","Industrial","Fixed Income","1,619,405.23","0.10","1,619,405.23","1,688,000.00","1,688,000.00","95.44","Canada","-","CAD","2.20","1.00","Sep 23, 2026","2.60","CAD","Sep 23, 2019"
"ENBCN","ENBRIDGE INC MTN","Energy","Fixed Income","1,618,643.68","0.10","1,618,643.68","1,610,000.00","1,610,000.00","100.47","Canada","-","CAD","3.55","1.00","May 26, 2028","4.90","CAD","May 26, 2023"
"ETRHWY","407 INTERNATIONAL INC. MTN","Infrastructure","Fixed Income","1,614,669.64","0.10","1,614,669.64","1,880,000.00","1,880,000.00","85.68","Canada","-","CAD","14.13","1.00","May 11, 2046","3.83","CAD","May 11, 2015"
"GTAAIR","GREATER TORONTO AIRPORTS AUTHORITY","Infrastructure","Fixed Income","1,614,613.10","0.10","1,614,613.10","1,791,000.00","1,791,000.00","90.03","Canada","-","CAD","3.74","1.00","May 3, 2028","1.54","CAD","Nov 3, 2020"
"CP","CANADIAN PACIFIC RAILWAY CO MTN","Industrial","Fixed Income","1,614,052.24","0.10","1,614,052.24","1,397,000.00","1,397,000.00","115.29","Canada","-","CAD","10.23","1.00","Nov 17, 2039","6.45","CAD","Nov 17, 2009"
"MFCCN","MANULIFE BANK OF CANADA","Financial","Fixed Income","1,610,627.24","0.10","1,610,627.24","1,698,000.00","1,698,000.00","94.51","Canada","-","CAD","1.69","1.00","Feb 26, 2026","1.34","CAD","Feb 26, 2021"
"FTSCN","FORTIS INC","Infrastructure","Fixed Income","1,609,173.40","0.10","1,609,173.40","1,623,000.00","1,623,000.00","99.14","Canada","-","CAD","4.38","1.00","May 31, 2029","4.43","CAD","May 31, 2022"
"ONTPOW","ONTARIO POWER GENERATION INC MTN","Energy","Fixed Income","1,604,639.60","0.10","1,604,639.60","1,715,000.00","1,715,000.00","92.92","Canada","-","CAD","4.80","1.00","Sep 13, 2029","2.98","CAD","Sep 13, 2019"
"BCECN","BELL CANADA MTN RegS","Communication","Fixed Income","1,601,860.67","0.10","1,601,860.67","1,660,000.00","1,660,000.00","94.92","Canada","-","CAD","14.50","1.00","Feb 9, 2053","5.15","CAD","Feb 9, 2023"
"BCECN","BELL CANADA MTN","Communication","Fixed Income","1,600,705.79","0.10","1,600,705.79","1,755,000.00","1,755,000.00","90.39","Canada","-","CAD","12.51","1.00","Sep 29, 2044","4.75","CAD","Sep 29, 2014"
"FTTCN","FINNING INTERNATIONAL INC RegS","Industrial","Fixed Income","1,598,018.21","0.10","1,598,018.21","1,575,000.00","1,575,000.00","100.05","Canada","-","CAD","4.10","1.00","Feb 13, 2029","4.78","CAD","Feb 13, 2024"
"TCN","TELUS CORPORATION","Communication","Fixed Income","1,598,070.63","0.10","1,598,070.63","1,576,000.00","1,576,000.00","100.01","Canada","-","CAD","3.97","1.00","Dec 15, 2028","4.80","CAD","Feb 15, 2024"
"VANAFF","VANCOUVER AIRPORT FUEL FACILITIES","Infrastructure","Fixed Income","1,597,617.18","0.10","1,597,617.18","1,630,000.00","1,630,000.00","97.06","Canada","-","CAD","1.02","1.00","Jun 23, 2025","2.17","CAD","Jun 22, 2020"
"HYDONE","HYDRO ONE INC.","Infrastructure","Fixed Income","1,597,187.42","0.10","1,597,187.42","1,363,000.00","1,363,000.00","113.56","Canada","-","CAD","4.80","1.00","Jun 3, 2030","7.35","CAD","Jun 1, 2000"
"ETRHWY","407 INTERNATIONAL INC MTN","Infrastructure","Fixed Income","1,594,897.41","0.10","1,594,897.41","2,247,000.00","2,247,000.00","70.32","Canada","-","CAD","16.43","1.00","Mar 7, 2050","2.84","CAD","Mar 6, 2020"
"RCICN","ROGERS COMMUNICATIONS INC","Communication","Fixed Income","1,590,634.08","0.10","1,590,634.08","1,771,000.00","1,771,000.00","88.43","Canada","-","CAD","5.76","1.00","Dec 9, 2030","2.90","CAD","Apr 22, 2020"
"DOLCN","DOLLARAMA INC","Industrial","Fixed Income","1,584,501.49","0.10","1,584,501.49","1,545,000.00","1,545,000.00","102.06","Canada","-","CAD","4.98","1.00","Apr 26, 2030","5.17","CAD","Oct 26, 2022"
"GLCRTR_20-1-SR","GLCRTR_20-1 SR","Securitized","Fixed Income","1,581,820.33","0.10","1,581,820.33","1,650,000.00","1,650,000.00","95.60","Canada","-","CAD","1.27","1.00","Sep 22, 2025","1.39","CAD","Sep 25, 2020"
"BIP","BROOKFIELD INFRASTRUCTURE FINANCE MTN RegS","Infrastructure","Fixed Income","1,577,211.40","0.10","1,577,211.40","1,500,000.00","1,500,000.00","103.19","Canada","-","CAD","5.02","1.00","Jul 27, 2030","5.71","CAD","Jul 27, 2023"
"OMERS","OMERS REALTY CORP","Real Estate","Fixed Income","1,574,571.27","0.10","1,574,571.27","1,639,000.00","1,639,000.00","94.30","Canada","-","CAD","5.23","1.00","Jun 5, 2030","3.63","CAD","Jun 5, 2018"
"TCN","TELUS CORPORATION","Communication","Fixed Income","1,570,267.39","0.10","1,570,267.39","1,560,000.00","1,560,000.00","99.18","Canada","-","CAD","7.47","1.00","Feb 15, 2034","5.10","CAD","Feb 15, 2024"
"FORTFD_22-1-A","FORTFD_22-1 A","Securitized","Fixed Income","1,569,685.83","0.10","1,569,685.83","1,565,000.00","1,565,000.00","98.68","Canada","-","CAD","1.01","1.00","Jun 23, 2025","3.70","CAD","Apr 26, 2022"
"VTR","VENTAS CANADA FINANCE LTD","Real Estate","Fixed Income","1,563,338.99","0.10","1,563,338.99","1,651,000.00","1,651,000.00","93.70","United States","-","CAD","2.45","1.00","Jan 4, 2027","2.45","CAD","Dec 1, 2021"
"BCIMCR","BCIMC REALTY CORP","Real Estate","Fixed Income","1,558,070.87","0.10","1,558,070.87","1,567,000.00","1,567,000.00","98.03","Canada","-","CAD","0.96","1.00","Jun 3, 2025","2.84","CAD","Jun 3, 2015"
"BAMREP","BROOKFIELD RENEWABLE PARTNERS ULC MTN","Energy","Fixed Income","1,555,312.14","0.10","1,555,312.14","1,653,000.00","1,653,000.00","92.82","Canada","-","CAD","4.99","1.00","Jan 15, 2030","3.38","CAD","Sep 13, 2019"
"ONTPOW","ONTARIO POWER GENERATION INC MTN","Energy","Fixed Income","1,551,714.96","0.10","1,551,714.96","1,718,000.00","1,718,000.00","88.76","Canada","-","CAD","14.41","1.00","Jan 18, 2049","4.25","CAD","Jan 18, 2019"
"ONTPOW","ONTARIO POWER GENERATION INC","Energy","Fixed Income","1,549,912.75","0.10","1,549,912.75","1,654,000.00","1,654,000.00","93.58","Canada","-","CAD","1.84","1.00","Apr 22, 2026","1.17","CAD","Oct 22, 2020"
"ARXCN","ARC RESOURCES LTD","Energy","Fixed Income","1,546,247.89","0.10","1,546,247.89","1,607,000.00","1,607,000.00","95.69","Canada","-","CAD","1.70","1.00","Mar 10, 2026","2.35","CAD","Mar 10, 2021"
"F","FORD CREDIT CANADA CO","Financial","Fixed Income","1,544,872.26","0.10","1,544,872.26","1,505,000.00","1,505,000.00","102.29","United States","-","CAD","2.25","1.00","Nov 10, 2026","6.33","CAD","Nov 10, 2023"
"GTAAIR","GREATER TORONTO AIRPORTS AUTHORITY","Infrastructure","Fixed Income","1,541,383.38","0.10","1,541,383.38","1,645,000.00","1,645,000.00","93.27","Canada","-","CAD","4.45","1.00","Apr 3, 2029","2.73","CAD","Apr 3, 2019"
"HYDONE","HYDRO ONE INC MTN","Infrastructure","Fixed Income","1,540,666.04","0.10","1,540,666.04","1,494,000.00","1,494,000.00","101.44","Canada","-","CAD","3.28","1.00","Jan 27, 2028","4.91","CAD","Oct 27, 2022"
"BCECN","BELL CANADA 144A","Communication","Fixed Income","1,538,757.36","0.10","1,538,757.36","1,431,000.00","1,431,000.00","106.26","Canada","-","CAD","7.93","1.00","Mar 16, 2035","6.10","CAD","Mar 16, 2004"
"NWRWPT","NORTH WEST REDWATER PARTNERSHIP RegS","Energy","Fixed Income","1,537,842.18","0.10","1,537,842.18","1,623,000.00","1,623,000.00","93.76","Canada","-","CAD","2.38","1.00","Dec 1, 2026","2.00","CAD","Jun 30, 2021"
"NWRWPT","NORTH WEST REDWATER PARTNERSHIP RegS","Energy","Fixed Income","1,534,982.60","0.10","1,534,982.60","1,586,000.00","1,586,000.00","94.71","Canada","-","CAD","7.21","1.00","Jun 1, 2033","4.15","CAD","Jun 10, 2016"
"IPLCN","INTER PIPELINE LTD","Energy","Fixed Income","1,531,860.59","0.10","1,531,860.59","1,527,000.00","1,527,000.00","100.11","Canada","-","CAD","6.29","1.00","May 18, 2032","5.85","CAD","May 18, 2022"
"BIP","BROOKFIELD INFRASTRUCTURE FINANCE MTN","Infrastructure","Fixed Income","1,529,653.15","0.10","1,529,653.15","1,490,000.00","1,490,000.00","102.40","Canada","-","CAD","3.06","1.00","Nov 14, 2027","5.62","CAD","Nov 14, 2022"
"FTSCN","FORTIS INC","Infrastructure","Fixed Income","1,527,827.21","0.10","1,527,827.21","1,663,000.00","1,663,000.00","91.78","Canada","-","CAD","3.73","1.00","May 15, 2028","2.18","CAD","May 14, 2021"
"ENBPIP","ENBRIDGE PIPELINES INC MTN","Energy","Fixed Income","1,523,078.57","0.10","1,523,078.57","1,543,000.00","1,543,000.00","98.11","Canada","-","CAD","1.28","1.00","Sep 29, 2025","3.45","CAD","Sep 29, 2015"
"CNHI","CNH INDUSTRIAL CAPITAL CANADA LTD","Financial","Fixed Income","1,520,796.43","0.10","1,520,796.43","1,480,000.00","1,480,000.00","101.10","United States","-","CAD","2.03","1.00","Aug 11, 2026","5.50","CAD","Aug 11, 2023"
"CUCN","CU INC MTN","Energy","Fixed Income","1,510,594.82","0.10","1,510,594.82","1,728,000.00","1,728,000.00","86.56","Canada","-","CAD","12.58","1.00","Sep 10, 2042","3.81","CAD","Sep 10, 2012"
"TRPCN","TRANSCANADA PIPELINES LTD MTN","Energy","Fixed Income","1,508,816.78","0.10","1,508,816.78","1,567,000.00","1,567,000.00","95.57","Canada","-","CAD","3.48","1.00","Mar 15, 2028","3.39","CAD","Sep 15, 2017"
"OMERS","OMERS REALTY CORP RegS","Real Estate","Fixed Income","1,507,970.02","0.10","1,507,970.02","1,470,000.00","1,470,000.00","101.05","Canada","-","CAD","5.54","1.00","Feb 10, 2031","4.96","CAD","Feb 8, 2024"
"HYDONE","HYDRO ONE INC MTN","Infrastructure","Fixed Income","1,507,365.98","0.10","1,507,365.98","1,743,000.00","1,743,000.00","86.02","Canada","-","CAD","6.57","1.00","Sep 17, 2031","2.23","CAD","Sep 17, 2021"
"PPLCN","PEMBINA PIPELINE CORP MTN","Energy","Fixed Income","1,507,291.75","0.10","1,507,291.75","1,679,000.00","1,679,000.00","88.07","Canada","-","CAD","13.05","1.00","Jan 21, 2047","4.74","CAD","Jan 20, 2017"
"CM","CANADIAN IMPERIAL BANK OF COMMERCE","Financial","Fixed Income","1,503,899.89","0.10","1,503,899.89","1,470,000.00","1,470,000.00","100.06","Canada","-","CAD","0.12","1.00","Jul 14, 2026","5.93","CAD","Jul 14, 2023"
"SLFCN","SUN LIFE FINANCIAL INC","Financial","Fixed Income","1,503,525.77","0.10","1,503,525.77","1,703,000.00","1,703,000.00","88.18","Canada","-","CAD","6.32","1.00","Nov 18, 2036","3.15","CAD","Nov 18, 2021"
"ENBPIP","ENBRIDGE PIPELINES INC MTN","Energy","Fixed Income","1,500,016.38","0.10","1,500,016.38","1,768,000.00","1,768,000.00","83.67","Canada","-","CAD","14.08","1.00","Feb 22, 2049","4.33","CAD","Feb 22, 2019"
"MFCCN","MANULIFE BANK OF CANADA","Financial","Fixed Income","1,498,659.04","0.10","1,498,659.04","1,556,000.00","1,556,000.00","95.49","Canada","-","CAD","2.56","1.00","Feb 16, 2027","2.86","CAD","Feb 16, 2022"
"NACN","NATIONAL BANK OF CANADA","Financial","Fixed Income","1,498,158.82","0.10","1,498,158.82","1,553,000.00","1,553,000.00","96.02","Canada","-","CAD","2.14","1.00","Aug 18, 2026","1.57","CAD","Jul 15, 2020"
"WSPCN","WSP GLOBAL INC","Industrial","Fixed Income","1,497,511.85","0.10","1,497,511.85","1,631,000.00","1,631,000.00","91.54","Canada","-","CAD","3.65","1.00","Apr 19, 2028","2.41","CAD","Apr 19, 2021"
"FORTFD_21-1-A","FORTFD_21-1 A","Securitized","Fixed Income","1,497,440.86","0.10","1,497,440.86","1,595,000.00","1,595,000.00","93.68","Canada","-","CAD","2.30","1.00","Oct 23, 2026","1.96","CAD","Oct 27, 2021"
"IPLCN","INTER PIPELINE LTD MTN","Energy","Fixed Income","1,496,797.76","0.10","1,496,797.76","1,531,000.00","1,531,000.00","96.17","Canada","-","CAD","2.37","1.00","Dec 16, 2026","3.48","CAD","Dec 16, 2016"
"PPLCN","PEMBINA PIPELINE CORP MTN","Energy","Fixed Income","1,495,830.11","0.10","1,495,830.11","1,653,000.00","1,653,000.00","89.61","Canada","-","CAD","12.22","1.00","Mar 25, 2044","4.81","CAD","Apr 4, 2014"
"MFCCN","MANULIFE BANK OF CANADA","Financial","Fixed Income","1,488,899.27","0.10","1,488,899.27","1,531,000.00","1,531,000.00","96.60","Canada","-","CAD","1.03","1.00","Jun 25, 2025","1.50","CAD","Jun 25, 2020"
"BRUPOW","BRUCE POWER LP RegS","Energy","Fixed Income","1,487,695.94","0.10","1,487,695.94","1,544,000.00","1,544,000.00","94.25","Canada","-","CAD","14.04","1.00","Jun 21, 2049","4.75","CAD","Mar 25, 2019"
"NWRWPT","NORTH WEST REDWATER PARTNERSHIP RegS","Energy","Fixed Income","1,485,823.84","0.09","1,485,823.84","1,499,000.00","1,499,000.00","96.75","Canada","-","CAD","9.30","1.00","Jun 1, 2037","4.75","CAD","Jan 29, 2016"
"CWBCN","CANADIAN WESTERN BANK","Financial","Fixed Income","1,480,091.15","0.09","1,480,091.15","1,455,000.00","1,455,000.00","100.46","Canada","-","CAD","2.95","1.00","Sep 2, 2027","5.15","CAD","Sep 2, 2022"
"RCICN","ROGERS COMMUNICATIONS INC RegS","Communication","Fixed Income","1,479,800.53","0.09","1,479,800.53","1,405,000.00","1,405,000.00","104.20","Canada","-","CAD","5.17","1.00","Sep 21, 2030","5.80","CAD","Sep 21, 2023"
"TCN","TELUS CORPORATION","Communication","Fixed Income","1,478,636.36","0.09","1,478,636.36","1,654,000.00","1,654,000.00","88.29","Canada","-","CAD","13.54","1.00","Mar 6, 2048","4.70","CAD","Mar 6, 2017"
"RCICN","ROGERS COMMUNICATIONS INC. MTN","Communication","Fixed Income","1,476,638.39","0.09","1,476,638.39","1,328,000.00","1,328,000.00","109.93","Canada","-","CAD","10.32","1.00","Mar 22, 2041","6.56","CAD","Mar 21, 2011"
"IAGCN","IA FINANCIAL CORPORATION INC","Financial","Fixed Income","1,476,273.60","0.09","1,476,273.60","1,410,000.00","1,410,000.00","102.17","Canada","-","CAD","3.47","1.00","Jun 20, 2033","5.68","CAD","Jun 20, 2023"
"CWBCN","CANADIAN WESTERN BANK","Financial","Fixed Income","1,475,380.24","0.09","1,475,380.24","1,555,000.00","1,555,000.00","94.64","Canada","-","CAD","1.81","1.00","Apr 16, 2026","1.93","CAD","Apr 16, 2021"
"GRTCN","GRANITE REIT HOLDINGS LP","Real Estate","Fixed Income","1,473,722.45","0.09","1,473,722.45","1,405,000.00","1,405,000.00","104.08","Canada","-","CAD","4.13","1.00","Apr 12, 2029","6.07","CAD","Oct 12, 2023"
"ENBCN","ENBRIDGE INC MTN","Energy","Fixed Income","1,471,995.11","0.09","1,471,995.11","1,435,000.00","1,435,000.00","102.50","Canada","-","CAD","14.37","1.00","May 26, 2053","5.76","CAD","May 26, 2023"
"PPLCN","PEMBINA PIPELINE CORP MTN","Energy","Fixed Income","1,466,445.61","0.09","1,466,445.61","1,636,000.00","1,636,000.00","89.23","Canada","-","CAD","12.00","1.00","Apr 30, 2043","4.75","CAD","Apr 30, 2013"
"ETRHWY","407 INTERNATIONAL INC MTN","Infrastructure","Fixed Income","1,465,993.62","0.09","1,465,993.62","1,470,000.00","1,470,000.00","98.49","Canada","-","CAD","3.37","1.00","Feb 14, 2028","4.22","CAD","Sep 7, 2022"
"FFHCN","FAIRFAX FINANCIAL HOLDINGS LTD MTN","Financial","Fixed Income","1,464,927.36","0.09","1,464,927.36","1,446,000.00","1,446,000.00","99.16","Canada","-","CAD","2.18","1.00","Dec 16, 2026","4.70","CAD","Dec 16, 2016"
"SUCN","SUNCOR ENERGY INC MTN","Energy","Fixed Income","1,454,678.03","0.09","1,454,678.03","1,659,000.00","1,659,000.00","86.74","Canada","-","CAD","13.50","1.00","Sep 13, 2046","4.34","CAD","Sep 13, 2016"
"CAECN","CAE INC RegS","Industrial","Fixed Income","1,453,264.34","0.09","1,453,264.34","1,400,000.00","1,400,000.00","101.21","Canada","-","CAD","3.46","1.00","Jun 12, 2028","5.54","CAD","Jun 12, 2023"
"SUCN","SUNCOR ENERGY INC MTN","Energy","Fixed Income","1,450,932.29","0.09","1,450,932.29","1,789,000.00","1,789,000.00","80.15","Canada","-","CAD","15.11","1.00","Mar 4, 2051","3.95","CAD","Mar 4, 2021"
"HYDONE","HYDRO ONE INC RegS","Infrastructure","Fixed Income","1,444,198.85","0.09","1,444,198.85","1,470,000.00","1,470,000.00","96.82","Canada","-","CAD","7.07","1.00","Jan 27, 2033","4.16","CAD","Jan 27, 2023"
"ONTPOW","ONTARIO POWER GENERATION INC MTN","Energy","Fixed Income","1,441,996.20","0.09","1,441,996.20","1,491,000.00","1,491,000.00","96.20","Canada","-","CAD","3.10","1.00","Oct 4, 2027","3.31","CAD","Oct 2, 2017"
"SLFCN","SUN LIFE FINANCIAL INC","Financial","Fixed Income","1,440,112.68","0.09","1,440,112.68","1,419,000.00","1,419,000.00","101.46","Canada","-","CAD","9.37","1.00","May 29, 2042","5.40","CAD","May 29, 2007"
"CCACN","COGECO COMMUNICATIONS INC","Communication","Fixed Income","1,438,607.10","0.09","1,438,607.10","1,655,000.00","1,655,000.00","86.35","Canada","-","CAD","6.40","1.00","Sep 22, 2031","2.99","CAD","Sep 20, 2021"
"ENBGAS","ENBRIDGE GAS INC","Energy","Fixed Income","1,438,404.33","0.09","1,438,404.33","1,480,000.00","1,480,000.00","96.01","Canada","-","CAD","6.78","1.00","Aug 17, 2032","4.15","CAD","Aug 17, 2022"
"ENBCN","ENBRIDGE INC MTN","Energy","Fixed Income","1,436,135.72","0.09","1,436,135.72","1,415,000.00","1,415,000.00","101.42","Canada","-","CAD","7.05","1.00","May 26, 2033","5.36","CAD","May 26, 2023"
"ENBCN","ENBRIDGE INC 60NC5 RegS","Energy","Fixed Income","1,431,325.53","0.09","1,431,325.53","1,300,000.00","1,300,000.00","106.90","Canada","-","CAD","3.60","1.00","Jan 15, 2084","8.49","CAD","Sep 29, 2023"
"ETRHWY","407 INTERNATIONAL INC MTN","Infrastructure","Fixed Income","1,430,554.14","0.09","1,430,554.14","1,688,000.00","1,688,000.00","83.91","Canada","-","CAD","13.52","1.00","Sep 8, 2044","3.65","CAD","Sep 8, 2017"
"SE","WESTCOAST ENERGY INC MTN","Energy","Fixed Income","1,429,677.86","0.09","1,429,677.86","1,428,000.00","1,428,000.00","98.31","Canada","-","CAD","1.43","1.00","Dec 8, 2025","3.77","CAD","Dec 8, 2015"
"ENBGAS","ENBRIDGE GAS INC","Energy","Fixed Income","1,429,368.66","0.09","1,429,368.66","1,554,000.00","1,554,000.00","91.50","Canada","-","CAD","5.27","1.00","Apr 1, 2030","2.90","CAD","Apr 1, 2020"
"SLFCN","SUN LIFE FINANCIAL INC","Financial","Fixed Income","1,422,713.88","0.09","1,422,713.88","1,504,000.00","1,504,000.00","94.51","Canada","-","CAD","2.35","1.00","Nov 18, 2031","2.46","CAD","Nov 18, 2021"
"MBGGR","DAIMLER CANADA FINANCE INC","Financial","Fixed Income","1,420,254.82","0.09","1,420,254.82","1,475,000.00","1,475,000.00","95.97","Germany","-","CAD","1.27","1.00","Sep 22, 2025","1.65","CAD","Sep 22, 2020"
"HYNMTR","HYUNDAI CAPITAL CANADA INC","Financial","Fixed Income","1,419,447.62","0.09","1,419,447.62","1,499,000.00","1,499,000.00","94.59","Canada","-","CAD","1.88","1.00","May 12, 2026","2.01","CAD","May 12, 2021"
"PPLCN","PEMBINA PIPELINE CORP","Energy","Fixed Income","1,419,250.11","0.09","1,419,250.11","1,546,000.00","1,546,000.00","90.13","Canada","-","CAD","6.39","1.00","Dec 10, 2031","3.53","CAD","Dec 10, 2021"
"F","FORD CREDIT CANADA CO","Financial","Fixed Income","1,414,569.33","0.09","1,414,569.33","1,350,000.00","1,350,000.00","102.65","United States","-","CAD","1.57","1.00","Feb 10, 2026","7.00","CAD","Jan 10, 2023"
"GTAAIR","GREATER TORONTO AIRPORTS AUTHORITY MTN 144A","Infrastructure","Fixed Income","1,413,188.38","0.09","1,413,188.38","1,435,000.00","1,435,000.00","96.23","Canada","-","CAD","11.69","1.00","Dec 2, 2041","4.53","CAD","Dec 2, 2011"
"PLEBCA","PLENARY HEALTH BRIDGEPOINT LP","Infrastructure","Fixed Income","1,412,569.20","0.09","1,412,569.20","1,199,784.00","1,199,784.00","115.91","Canada","-","CAD","7.68","1.00","Aug 31, 2042","7.25","CAD","Aug 11, 2009"
"IFCCN","INTACT FINANCIAL CORP MTN RegS","Financial","Fixed Income","1,407,210.09","0.09","1,407,210.09","1,315,000.00","1,315,000.00","105.89","Canada","-","CAD","15.46","1.00","Sep 14, 2054","5.28","CAD","Sep 14, 2023"
"GRTCN","GRANITE REIT HOLDINGS LP","Real Estate","Fixed Income","1,407,142.59","0.09","1,407,142.59","1,641,000.00","1,641,000.00","84.67","Canada","-","CAD","5.88","1.00","Dec 18, 2030","2.38","CAD","Dec 18, 2020"
"TCN","TELUS CORPORATION","Communication","Fixed Income","1,404,095.36","0.09","1,404,095.36","1,779,000.00","1,779,000.00","77.79","Canada","-","CAD","14.61","1.00","Feb 16, 2050","3.95","CAD","Dec 16, 2019"
"BCECN","BELL CANADA MTN 144A","Communication","Fixed Income","1,403,516.65","0.09","1,403,516.65","1,231,000.00","1,231,000.00","112.05","Canada","-","CAD","5.95","1.00","Feb 23, 2032","7.30","CAD","Feb 22, 2002"
"TCN","TELUS CORPORATION","Communication","Fixed Income","1,401,124.10","0.09","1,401,124.10","1,444,000.00","1,444,000.00","96.13","Canada","-","CAD","3.42","1.00","Mar 1, 2028","3.63","CAD","Mar 1, 2018"
"HYDONE","HYDRO ONE INC MTN","Infrastructure","Fixed Income","1,397,120.06","0.09","1,397,120.06","1,375,000.00","1,375,000.00","100.99","Canada","-","CAD","1.32","1.00","Oct 20, 2025","5.54","CAD","Oct 20, 2023"
"ENBGAS","ENBRIDGE GAS INC MTN","Energy","Fixed Income","1,396,191.04","0.09","1,396,191.04","1,300,000.00","1,300,000.00","106.54","Canada","-","CAD","7.16","1.00","Oct 6, 2033","5.70","CAD","Oct 6, 2023"
"REIUCN","RIOCAN REAL ESTATE INVESTMENT TRUS","Real Estate","Fixed Income","1,394,512.44","0.09","1,394,512.44","1,469,000.00","1,469,000.00","94.02","Canada","-","CAD","1.95","1.00","Jun 15, 2026","1.97","CAD","Dec 14, 2020"
"BCIMCR","BCI QUADREAL REALTY","Real Estate","Fixed Income","1,393,776.12","0.09","1,393,776.12","1,438,000.00","1,438,000.00","95.81","Canada","-","CAD","1.96","1.00","Jun 24, 2026","2.55","CAD","Feb 3, 2022"
"AQNCN","ALGONQUIN POWER CO","Energy","Fixed Income","1,393,331.86","0.09","1,393,331.86","1,590,000.00","1,590,000.00","86.56","Canada","-","CAD","6.25","1.00","Jul 15, 2031","2.85","CAD","Apr 9, 2021"
"CNRCN","CANADIAN NATIONAL RAILWAY COMPANY","Industrial","Fixed Income","1,392,312.13","0.09","1,392,312.13","1,415,000.00","1,415,000.00","98.14","Canada","-","CAD","7.27","1.00","May 10, 2033","4.40","CAD","May 10, 2023"
"BRUPOW","BRUCE POWER LP RegS","Energy","Fixed Income","1,392,043.95","0.09","1,392,043.95","1,424,000.00","1,424,000.00","95.98","Canada","-","CAD","5.20","1.00","Jun 21, 2030","4.00","CAD","Apr 9, 2020"
"HNDA","HONDA CANADA FINANCE INC","Financial","Fixed Income","1,390,474.35","0.09","1,390,474.35","1,364,000.00","1,364,000.00","100.60","Canada","-","CAD","4.15","1.00","Feb 21, 2029","4.90","CAD","Feb 21, 2024"
"ETRHWY","407 INTERNATIONAL INC. MTN","Infrastructure","Fixed Income","1,389,033.51","0.09","1,389,033.51","1,685,000.00","1,685,000.00","82.34","Canada","-","CAD","14.74","1.00","May 21, 2047","3.60","CAD","May 19, 2016"
"MFCCN","MANULIFE BANK OF CANADA","Financial","Fixed Income","1,389,020.64","0.09","1,389,020.64","1,482,000.00","1,482,000.00","93.40","Canada","-","CAD","2.21","1.00","Sep 14, 2026","1.54","CAD","Sep 13, 2021"
"ALTALK","ALTALINK LP MTN","Infrastructure","Fixed Income","1,388,831.29","0.09","1,388,831.29","1,440,000.00","1,440,000.00","96.43","Canada","-","CAD","1.91","1.00","May 29, 2026","2.75","CAD","May 30, 2016"
"HYDONE","HYDRO ONE INC. MTN","Infrastructure","Fixed Income","1,388,529.84","0.09","1,388,529.84","1,224,000.00","1,224,000.00","111.34","Canada","-","CAD","7.25","1.00","Jan 31, 2034","6.35","CAD","Jan 31, 2003"
"AIREIN","AIMCO REALTY INVESTORS LP","Real Estate","Fixed Income","1,387,128.43","0.09","1,387,128.43","1,450,000.00","1,450,000.00","94.15","Canada","-","CAD","3.66","1.00","Jun 1, 2028","3.04","CAD","Nov 23, 2017"
"VW","VW CREDIT CANADA INC RegS","Financial","Fixed Income","1,386,090.28","0.09","1,386,090.28","1,330,000.00","1,330,000.00","103.09","Germany","-","CAD","3.78","1.00","Sep 20, 2028","5.73","CAD","Sep 20, 2023"
"TCN","TELUS CORPORATION","Communication","Fixed Income","1,380,590.68","0.09","1,380,590.68","1,388,000.00","1,388,000.00","98.60","Canada","-","CAD","7.00","1.00","Mar 28, 2033","4.95","CAD","Mar 28, 2023"
"CRDPOW","CORDELIO AMALCO GP I","Energy","Fixed Income","1,375,564.70","0.09","1,375,564.70","1,440,249.00","1,440,249.00","93.80","Canada","-","CAD","4.25","1.00","Jun 30, 2034","4.09","CAD","Dec 10, 2018"
"HNDA","HONDA CANADA FINANCE INC","Financial","Fixed Income","1,371,099.00","0.09","1,371,099.00","1,352,000.00","1,352,000.00","100.49","Canada","-","CAD","3.02","1.00","Sep 23, 2027","4.87","CAD","Mar 23, 2023"
"GTAAIR","GREATER TORONTO AIRPORTS AUTHORITY","Infrastructure","Fixed Income","1,370,815.86","0.09","1,370,815.86","1,580,000.00","1,580,000.00","85.13","Canada","-","CAD","10.08","1.00","Jun 1, 2037","3.26","CAD","Mar 29, 2018"
"F","FORD CREDIT CANADA CO RegS","Financial","Fixed Income","1,369,585.17","0.09","1,369,585.17","1,330,000.00","1,330,000.00","101.41","United States","-","CAD","4.75","1.00","Feb 20, 2030","5.67","CAD","Feb 20, 2024"
"IAGCN","IA FINANCIAL CORPORATION INC","Financial","Fixed Income","1,369,451.77","0.09","1,369,451.77","1,423,000.00","1,423,000.00","95.67","Canada","-","CAD","2.17","1.00","Sep 24, 2031","3.07","CAD","Sep 24, 2019"
"ENBGAS","ENBRIDGE GAS INC MTN","Energy","Fixed Income","1,368,224.61","0.09","1,368,224.61","1,230,000.00","1,230,000.00","110.38","Canada","-","CAD","14.96","1.00","Oct 6, 2053","5.67","CAD","Oct 6, 2023"
"TCN","TELUS CORPORATION","Communication","Fixed Income","1,365,267.31","0.09","1,365,267.31","1,339,000.00","1,339,000.00","100.88","Canada","-","CAD","4.52","1.00","Sep 13, 2029","5.00","CAD","Sep 13, 2022"
"NACN","NATIONAL BANK OF CANADA MTN","Financial","Fixed Income","1,364,321.00","0.09","1,364,321.00","1,335,000.00","1,335,000.00","100.52","Canada","-","CAD","4.09","1.00","Feb 15, 2034","5.28","CAD","Feb 5, 2024"
"GWOCN","GREAT-WEST LIFECO INC.","Financial","Fixed Income","1,362,547.25","0.09","1,362,547.25","1,204,000.00","1,204,000.00","111.87","Canada","-","CAD","6.73","1.00","Mar 21, 2033","6.67","CAD","Mar 21, 2003"
"GM","GENERAL MOTORS FINANCIAL OF CANADA","Financial","Fixed Income","1,359,240.58","0.09","1,359,240.58","1,329,000.00","1,329,000.00","100.68","United States","-","CAD","3.25","1.00","Feb 9, 2028","5.20","CAD","Feb 9, 2023"
"TCN","TELUS CORPORATION","Communication","Fixed Income","1,358,767.35","0.09","1,358,767.35","1,439,000.00","1,439,000.00","94.35","Canada","-","CAD","12.05","1.00","Nov 26, 2043","5.15","CAD","Nov 26, 2013"
"IPLCN","INTER PIPELINE LTD MTN","Energy","Fixed Income","1,358,462.50","0.09","1,358,462.50","1,648,000.00","1,648,000.00","82.42","Canada","-","CAD","12.29","1.00","May 30, 2044","4.64","CAD","May 30, 2014"
"CCDJ","FEDERATION DES CAISSES DESJARDINS","Financial","Fixed Income","1,357,767.70","0.09","1,357,767.70","1,300,000.00","1,300,000.00","102.87","Canada","-","CAD","3.70","1.00","Aug 16, 2028","5.47","CAD","Aug 16, 2023"
"BAMREP","BROOKFIELD RENEWABLE PARTNERS ULC","Energy","Fixed Income","1,357,081.34","0.09","1,357,081.34","1,368,000.00","1,368,000.00","97.61","Canada","-","CAD","4.05","1.00","Jan 15, 2029","4.25","CAD","Sep 20, 2018"
"F","FORD CREDIT CANADA CO","Financial","Fixed Income","1,356,924.27","0.09","1,356,924.27","1,315,000.00","1,315,000.00","101.76","United States","-","CAD","1.22","1.00","Sep 15, 2025","6.78","CAD","Sep 15, 2022"
"ETRHWY","407 INTERNATIONAL INC MTN","Infrastructure","Fixed Income","1,356,715.55","0.09","1,356,715.55","1,623,000.00","1,623,000.00","82.75","Canada","-","CAD","15.17","1.00","Mar 8, 2049","3.67","CAD","Mar 6, 2019"
"TCN","TELUS CORPORATION","Communication","Fixed Income","1,356,616.34","0.09","1,356,616.34","1,693,000.00","1,693,000.00","79.50","Canada","-","CAD","14.87","1.00","Apr 5, 2051","4.10","CAD","Apr 5, 2021"
"ALACN","ALTAGAS LTD MTN","Energy","Fixed Income","1,355,094.66","0.09","1,355,094.66","1,360,000.00","1,360,000.00","99.44","Canada","-","CAD","1.75","1.00","May 15, 2026","4.64","CAD","May 15, 2023"
"ACICN","ALTAGAS CANADA INC MTN","Energy","Fixed Income","1,353,114.07","0.09","1,353,114.07","1,367,000.00","1,367,000.00","96.91","Canada","-","CAD","3.95","1.00","Dec 5, 2028","4.26","CAD","Dec 5, 2018"
"AIREIN","AIMCO REALTY INVESTORS LP","Real Estate","Fixed Income","1,352,822.79","0.09","1,352,822.79","1,355,000.00","1,355,000.00","99.74","Canada","-","CAD","4.99","1.00","Feb 15, 2030","4.64","CAD","May 23, 2024"
"ENBCN","ENBRIDGE INC MTN","Energy","Fixed Income","1,349,895.01","0.09","1,349,895.01","1,575,000.00","1,575,000.00","84.62","Canada","-","CAD","12.01","1.00","Aug 27, 2042","4.24","CAD","Aug 27, 2012"
"DE","JOHN DEERE FINANCIAL INC MTN","Financial","Fixed Income","1,347,738.45","0.09","1,347,738.45","1,335,000.00","1,335,000.00","99.27","United States","-","CAD","2.43","1.00","Jan 20, 2027","4.36","CAD","Jan 11, 2024"
"ALTALK","ALTALINK LP","Infrastructure","Fixed Income","1,342,334.06","0.09","1,342,334.06","1,215,000.00","1,215,000.00","109.73","Canada","-","CAD","15.71","1.00","Oct 11, 2055","5.46","CAD","Oct 11, 2023"
"AIREIN","AIMCO REALTY INVESTORS LP","Real Estate","Fixed Income","1,340,691.23","0.09","1,340,691.23","1,345,000.00","1,345,000.00","99.57","Canada","-","CAD","7.84","1.00","May 23, 2034","4.97","CAD","May 23, 2024"
"PPLCN","PEMBINA PIPELINE CORP MTN","Energy","Fixed Income","1,335,907.86","0.09","1,335,907.86","1,430,000.00","1,430,000.00","92.33","Canada","-","CAD","5.05","1.00","Feb 1, 2030","3.31","CAD","Sep 12, 2019"
"BRUPOW","BRUCE POWER LP","Energy","Fixed Income","1,335,086.14","0.09","1,335,086.14","1,351,000.00","1,351,000.00","97.04","Canada","-","CAD","4.41","1.00","Jun 21, 2029","4.01","CAD","Feb 14, 2017"
"TCN","TELUS CORPORATION","Communication","Fixed Income","1,333,030.51","0.09","1,333,030.51","1,442,000.00","1,442,000.00","91.56","Canada","-","CAD","5.12","1.00","Feb 19, 2030","3.15","CAD","Dec 16, 2019"
"TERANE","TERANET HOLDINGS LP","Industrial","Fixed Income","1,332,513.59","0.09","1,332,513.59","1,339,000.00","1,339,000.00","97.85","Canada","-","CAD","0.98","1.00","Jun 11, 2025","3.54","CAD","Jun 11, 2020"
"TOYOTA","TOYOTA CREDIT CANADA INC MTN","Financial","Fixed Income","1,331,870.30","0.09","1,331,870.30","1,332,000.00","1,332,000.00","99.10","Canada","-","CAD","4.26","1.00","Mar 19, 2029","4.46","CAD","Mar 19, 2024"
"BAMREP","BROOKFIELD RENEWABLE ENERGY PARTNE MTN","Energy","Fixed Income","1,329,004.18","0.08","1,329,004.18","1,350,000.00","1,350,000.00","97.08","Canada","-","CAD","2.43","1.00","Jan 15, 2027","3.63","CAD","Aug 12, 2016"
"LCN","LOBLAW COMPANIES LTD","Industrial","Fixed Income","1,328,187.38","0.08","1,328,187.38","1,330,000.00","1,330,000.00","98.63","Canada","-","CAD","15.10","1.00","Mar 4, 2054","5.12","CAD","Mar 4, 2024"
"ALACN","ALTAGAS LTD MTN","Energy","Fixed Income","1,325,177.04","0.08","1,325,177.04","1,314,000.00","1,314,000.00","99.01","Canada","-","CAD","4.02","1.00","Jan 8, 2029","4.67","CAD","Jan 8, 2024"
"HYDONE","HYDRO ONE INC MTN","Infrastructure","Fixed Income","1,325,012.91","0.08","1,325,012.91","1,330,000.00","1,330,000.00","99.61","Canada","-","CAD","15.98","1.00","Nov 30, 2054","4.85","CAD","Nov 30, 2023"
"CNRCN","CANADIAN NATIONAL RAILWAY COMPANY","Industrial","Fixed Income","1,324,178.76","0.08","1,324,178.76","1,370,000.00","1,370,000.00","95.59","Canada","-","CAD","3.80","1.00","Jul 31, 2028","3.20","CAD","Jul 31, 2018"
"CUCN","CU INC","Energy","Fixed Income","1,321,421.63","0.08","1,321,421.63","1,489,000.00","1,489,000.00","87.39","Canada","-","CAD","13.53","1.00","Jul 27, 2045","3.96","CAD","Jul 27, 2015"
"CAT","CATERPILLAR FINANCIAL SERVICES LTD MTN","Financial","Fixed Income","1,321,105.84","0.08","1,321,105.84","1,295,000.00","1,295,000.00","101.07","United States","-","CAD","2.15","1.00","Sep 25, 2026","5.19","CAD","Sep 25, 2023"
"BNCN","BROOKFIELD ASSET MANAGEMENT INC.","Industrial","Fixed Income","1,319,257.51","0.08","1,319,257.51","1,238,000.00","1,238,000.00","103.81","Canada","-","CAD","7.96","1.00","Jun 14, 2035","5.95","CAD","Jun 14, 2005"
"FNTETF","FIRST NATIONS ETF LP 144A","Energy","Fixed Income","1,315,086.37","0.08","1,315,086.37","1,419,318.00","1,419,318.00","90.93","Canada","-","CAD","5.64","1.00","Dec 31, 2041","4.14","CAD","Nov 22, 2017"
"PPLCN","PEMBINA PIPELINE CORP MTN RegS","Energy","Fixed Income","1,312,242.40","0.08","1,312,242.40","1,280,000.00","1,280,000.00","99.99","Canada","-","CAD","0.19","1.00","Jun 22, 2026","5.73","CAD","Jun 22, 2023"
"FTSCN","FORTIS INC","Infrastructure","Fixed Income","1,307,982.91","0.08","1,307,982.91","1,240,000.00","1,240,000.00","105.12","Canada","-","CAD","7.25","1.00","Nov 8, 2033","5.68","CAD","Nov 8, 2023"
"NWRWPT","NORTH WEST REDWATER PARTNERSHIP RegS","Energy","Fixed Income","1,307,300.62","0.08","1,307,300.62","1,299,000.00","1,299,000.00","98.52","Canada","-","CAD","4.29","1.00","Jun 1, 2029","4.25","CAD","Jan 29, 2016"
"TRPCN","TRANSCANADA TRUST","Energy","Fixed Income","1,306,450.98","0.08","1,306,450.98","1,490,000.00","1,490,000.00","86.68","Canada","-","CAD","5.19","1.00","Mar 4, 2081","4.20","CAD","Mar 4, 2021"
"BCIMCR","QUADREAL PROPERTY GROUP LP","Real Estate","Fixed Income","1,304,776.20","0.08","1,304,776.20","1,380,000.00","1,380,000.00","94.21","Canada","-","CAD","1.63","1.00","Feb 4, 2026","1.07","CAD","Feb 4, 2021"
"ALBPOW","ALBERTA POWERLINE LP","Infrastructure","Fixed Income","1,296,716.04","0.08","1,296,716.04","1,463,648.00","1,463,648.00","86.57","Canada","-","CAD","12.43","1.00","Dec 1, 2053","4.07","CAD","Oct 2, 2017"
"CHPUCN","CHOICE PROPERTIES REAL ESTATE INVE","Real Estate","Fixed Income","1,296,210.77","0.08","1,296,210.77","1,369,000.00","1,369,000.00","94.61","Canada","-","CAD","2.81","1.00","May 21, 2027","2.85","CAD","May 21, 2020"
"KEYCN","KEYERA CORP","Energy","Fixed Income","1,294,165.81","0.08","1,294,165.81","1,315,000.00","1,315,000.00","96.67","Canada","-","CAD","3.62","1.00","Jun 21, 2028","3.93","CAD","Jun 19, 2018"
"ONTPOW","ONTARIO POWER GENERATION INC","Energy","Fixed Income","1,292,595.76","0.08","1,292,595.76","1,522,000.00","1,522,000.00","83.23","Canada","-","CAD","14.52","1.00","Jun 22, 2048","3.84","CAD","Jun 22, 2018"
"CHPUCN","CHOICE PROPERTIES REAL ESTATE INVE RegS","Real Estate","Fixed Income","1,289,744.19","0.08","1,289,744.19","1,245,000.00","1,245,000.00","102.14","Canada","-","CAD","7.34","1.00","Feb 28, 2034","5.70","CAD","Aug 1, 2023"
"ENBGAS","ENBRIDGE GAS INC MTN","Energy","Fixed Income","1,288,848.72","0.08","1,288,848.72","1,404,000.00","1,404,000.00","89.72","Canada","-","CAD","12.78","1.00","Jun 2, 2044","4.20","CAD","Jun 2, 2014"
"ETRHWY","407 INTERNATIONAL INC. MTN","Infrastructure","Fixed Income","1,288,040.28","0.08","1,288,040.28","1,209,000.00","1,209,000.00","104.85","Canada","-","CAD","8.48","1.00","Feb 14, 2036","5.75","CAD","Feb 14, 2006"
"ETRHWY","407 INTERNATIONAL INC.","Infrastructure","Fixed Income","1,287,497.06","0.08","1,287,497.06","1,356,000.00","1,356,000.00","94.77","Canada","-","CAD","2.78","1.00","May 4, 2027","2.43","CAD","Nov 4, 2016"
"CCDJ","FEDERATION DES CAISSES DESJARDINS","Financial","Fixed Income","1,285,754.90","0.08","1,285,754.90","1,368,000.00","1,368,000.00","93.63","Canada","-","CAD","2.19","1.00","Sep 10, 2026","1.59","CAD","Sep 10, 2021"
"ETRHWY","407 INTERNATIONAL INC MTN","Infrastructure","Fixed Income","1,284,855.54","0.08","1,284,855.54","1,356,000.00","1,356,000.00","94.56","Canada","-","CAD","11.90","1.00","Nov 15, 2041","4.45","CAD","Nov 17, 2011"
"HNDA","HONDA CANADA FINANCE INC","Financial","Fixed Income","1,282,600.95","0.08","1,282,600.95","1,367,000.00","1,367,000.00","93.53","Canada","-","CAD","2.24","1.00","Sep 28, 2026","1.71","CAD","Sep 28, 2021"
"AIREIN","AIMCO REALTY INVESTORS LP","Real Estate","Fixed Income","1,281,116.68","0.08","1,281,116.68","1,382,000.00","1,382,000.00","91.35","Canada","-","CAD","4.54","1.00","Jun 1, 2029","2.71","CAD","Jun 14, 2019"
"GEICN","GIBSON ENERGY INC MTN","Energy","Fixed Income","1,279,979.37","0.08","1,279,979.37","1,215,000.00","1,215,000.00","103.14","Canada","-","CAD","6.89","1.00","Jul 12, 2033","5.75","CAD","Jul 12, 2023"
"REIUCN","RIOCAN REAL ESTATE INVESTMENT TRUS","Real Estate","Fixed Income","1,273,195.73","0.08","1,273,195.73","1,406,000.00","1,406,000.00","90.38","Canada","-","CAD","4.11","1.00","Nov 8, 2028","2.83","CAD","Nov 8, 2021"
"SJOEHC","INTEGRATED TEAM SOLUTIONS SJHC PAR","Infrastructure","Fixed Income","1,270,442.20","0.08","1,270,442.20","1,232,886.00","1,232,886.00","103.05","Canada","-","CAD","7.85","1.00","Nov 30, 2042","5.95","CAD","Mar 11, 2011"
"ARXCN","ARC RESOURCES LTD","Energy","Fixed Income","1,269,822.16","0.08","1,269,822.16","1,385,000.00","1,385,000.00","90.91","Canada","-","CAD","5.90","1.00","Mar 10, 2031","3.46","CAD","Mar 10, 2021"
"AERMON","AEROPORTS DE MONTREAL","Infrastructure","Fixed Income","1,269,232.47","0.08","1,269,232.47","1,178,000.00","1,178,000.00","107.05","Canada","-","CAD","9.48","1.00","Oct 16, 2037","5.67","CAD","Oct 16, 2007"
"CNRCN","CANADIAN NATIONAL RAILWAY COMPANY","Industrial","Fixed Income","1,267,957.58","0.08","1,267,957.58","1,545,000.00","1,545,000.00","80.95","Canada","-","CAD","15.11","1.00","Feb 8, 2049","3.60","CAD","Feb 8, 2019"
"GZMCN","ENERGIR LP","Energy","Fixed Income","1,267,344.62","0.08","1,267,344.62","1,250,000.00","1,250,000.00","98.99","Canada","-","CAD","15.23","1.00","Jun 2, 2053","4.83","CAD","Jun 2, 2023"
"TCN","TELUS CORPORATION","Communication","Fixed Income","1,266,959.14","0.08","1,266,959.14","1,389,000.00","1,389,000.00","89.46","Canada","-","CAD","12.44","1.00","Jan 17, 2045","4.75","CAD","Sep 15, 2014"
"FFHCN","FAIRFAX FINANCIAL HOLDINGS LTD","Financial","Fixed Income","1,263,082.37","0.08","1,263,082.37","1,279,000.00","1,279,000.00","96.80","Canada","-","CAD","4.37","1.00","Jun 14, 2029","4.23","CAD","Jun 14, 2019"
"APUCN","ALLIED PROPERTIES REAL ESTATE INVE","Real Estate","Fixed Income","1,261,877.44","0.08","1,261,877.44","1,600,000.00","1,600,000.00","77.89","Canada","-","CAD","6.57","1.00","Feb 6, 2032","3.10","CAD","Aug 6, 2021"
"GWOCN","GREAT-WEST LIFECO INC","Financial","Fixed Income","1,259,513.58","0.08","1,259,513.58","1,732,000.00","1,732,000.00","71.54","Canada","-","CAD","16.20","1.00","Jul 8, 2050","2.98","CAD","Jul 8, 2020"
"CAAIAU","CALGARY AIRPORT AUTHORITY","Infrastructure","Fixed Income","1,259,332.76","0.08","1,259,332.76","1,497,000.00","1,497,000.00","83.63","Canada","-","CAD","10.93","1.00","Oct 7, 2038","3.34","CAD","Oct 7, 2021"
"AQNCN","ALGONQUIN POWER CO","Energy","Fixed Income","1,259,189.92","0.08","1,259,189.92","1,278,000.00","1,278,000.00","97.36","Canada","-","CAD","2.49","1.00","Feb 17, 2027","4.09","CAD","Jan 17, 2017"
"LBCN","LAURENTIAN BANK OF CANADA","Financial","Fixed Income","1,257,103.76","0.08","1,257,103.76","1,254,000.00","1,254,000.00","99.11","Canada","-","CAD","1.20","1.00","Sep 2, 2025","4.60","CAD","Jun 9, 2022"
"HNDA","HONDA CANADA FINANCE INC","Financial","Fixed Income","1,255,863.88","0.08","1,255,863.88","1,329,000.00","1,329,000.00","94.22","Canada","-","CAD","1.74","1.00","Mar 17, 2026","1.34","CAD","Sep 17, 2020"
"HYDONE","HYDRO ONE INC MTN","Infrastructure","Fixed Income","1,253,641.38","0.08","1,253,641.38","1,282,000.00","1,282,000.00","97.78","Canada","-","CAD","4.88","1.00","Nov 30, 2029","3.93","CAD","Jan 27, 2023"
"HNDA","HONDA CANADA FINANCE INC","Financial","Fixed Income","1,253,478.17","0.08","1,253,478.17","1,195,000.00","1,195,000.00","103.89","Canada","-","CAD","3.80","1.00","Sep 28, 2028","5.73","CAD","Sep 28, 2023"
"ENBCN","ENBRIDGE INC MTN","Energy","Fixed Income","1,251,981.85","0.08","1,251,981.85","1,219,000.00","1,219,000.00","101.29","Canada","-","CAD","10.09","1.00","Sep 2, 2039","5.75","CAD","Sep 2, 2009"
"MGCN","MAGNA INTERNATIONAL INC","Industrial","Fixed Income","1,251,051.83","0.08","1,251,051.83","1,225,000.00","1,225,000.00","100.49","Canada","-","CAD","5.49","1.00","Jan 31, 2031","4.95","CAD","Mar 10, 2023"
"AIREIN","AIMCO REALTY INVESTORS LP","Real Estate","Fixed Income","1,250,554.20","0.08","1,250,554.20","1,275,000.00","1,275,000.00","96.40","Canada","-","CAD","2.77","1.00","Jun 1, 2027","3.37","CAD","Dec 7, 2018"
"GWOCN","GREAT-WEST LIFECO INC","Financial","Fixed Income","1,249,763.75","0.08","1,249,763.75","1,130,000.00","1,130,000.00","110.35","Canada","-","CAD","10.37","1.00","Nov 16, 2039","6.00","CAD","Nov 16, 2009"
"ALBPOW","ALBERTA POWERLINE LP","Infrastructure","Fixed Income","1,248,925.12","0.08","1,248,925.12","1,424,319.00","1,424,319.00","86.67","Canada","-","CAD","12.69","1.00","Mar 1, 2054","4.07","CAD","Oct 2, 2017"
"BCECN","BELL CANADA MTN","Communication","Fixed Income","1,247,563.29","0.08","1,247,563.29","1,429,000.00","1,429,000.00","86.16","Canada","-","CAD","13.44","1.00","Feb 27, 2047","4.45","CAD","Feb 27, 2017"
"AIREIN","AIMCO REALTY INVESTORS LP","Real Estate","Fixed Income","1,246,360.77","0.08","1,246,360.77","1,319,000.00","1,319,000.00","94.33","Canada","-","CAD","2.33","1.00","Nov 4, 2026","2.19","CAD","Nov 4, 2021"
"ENBGAS","ENBRIDGE GAS INC MTN","Energy","Fixed Income","1,245,906.33","0.08","1,245,906.33","1,441,000.00","1,441,000.00","85.97","Canada","-","CAD","6.54","1.00","Sep 15, 2031","2.35","CAD","Sep 15, 2021"
"ALTALK","ALTALINK LP MTN","Infrastructure","Fixed Income","1,242,219.91","0.08","1,242,219.91","1,228,000.00","1,228,000.00","100.15","Canada","-","CAD","12.37","1.00","Sep 17, 2043","4.92","CAD","Sep 17, 2013"
"TRPCN","TRANSCANADA PIPELINES LTD","Energy","Fixed Income","1,241,609.11","0.08","1,241,609.11","1,249,000.00","1,249,000.00","99.18","Canada","-","CAD","1.80","1.00","May 12, 2026","4.35","CAD","May 12, 2022"
"GM","GENERAL MOTORS FINANCIAL OF CANADA","Financial","Fixed Income","1,239,859.76","0.08","1,239,859.76","1,230,000.00","1,230,000.00","100.40","United States","-","CAD","3.69","1.00","Jul 14, 2028","5.10","CAD","May 2, 2024"
"TCN","TELUS CORPORATION","Communication","Fixed Income","1,232,928.65","0.08","1,232,928.65","1,449,000.00","1,449,000.00","84.78","Canada","-","CAD","5.83","1.00","Oct 7, 2030","2.05","CAD","Oct 5, 2020"
"CUCN","CU INC MTN","Energy","Fixed Income","1,231,489.04","0.08","1,231,489.04","1,167,000.00","1,167,000.00","105.05","Canada","-","CAD","9.53","1.00","Oct 30, 2037","5.56","CAD","Nov 1, 2007"
"TERANE","TERANET HOLDINGS LP","Industrial","Fixed Income","1,229,970.34","0.08","1,229,970.34","1,256,000.00","1,256,000.00","95.31","Canada","-","CAD","10.29","1.00","Dec 17, 2040","5.75","CAD","Dec 16, 2010"
"PLEHCA","PLENARY HEALTH HAMILTON LP","Infrastructure","Fixed Income","1,226,663.18","0.08","1,226,663.18","1,185,667.00","1,185,667.00","103.46","Canada","-","CAD","8.07","1.00","May 31, 2043","5.80","CAD","Dec 3, 2010"
"ETRHWY","407 INTERNATIONAL INC MTN","Infrastructure","Fixed Income","1,223,774.83","0.08","1,223,774.83","1,088,000.00","1,088,000.00","109.54","Canada","-","CAD","8.28","1.00","Dec 3, 2035","5.96","CAD","Dec 3, 2004"
"TOYOTA","TOYOTA CREDIT CANADA INC MTN","Financial","Fixed Income","1,221,968.34","0.08","1,221,968.34","1,244,000.00","1,244,000.00","97.51","Canada","-","CAD","1.19","1.00","Aug 25, 2025","2.73","CAD","Feb 23, 2022"
"PPLCN","PEMBINA PIPELINE CORP","Energy","Fixed Income","1,221,058.14","0.08","1,221,058.14","1,424,000.00","1,424,000.00","83.62","Canada","-","CAD","14.40","1.00","Dec 10, 2051","4.49","CAD","Dec 10, 2021"
"MBGGR","MERCEDES-BENZ FINANCE CANADA INC MTN","Financial","Fixed Income","1,219,633.62","0.08","1,219,633.62","1,185,000.00","1,185,000.00","100.37","Germany","-","CAD","1.41","1.00","Dec 4, 2025","5.20","CAD","Dec 4, 2023"
"HYDONE","HYDRO ONE INC MTN","Infrastructure","Fixed Income","1,219,423.38","0.08","1,219,423.38","1,261,000.00","1,261,000.00","96.05","Canada","-","CAD","12.53","1.00","Oct 9, 2043","4.59","CAD","Oct 9, 2013"
"ALTALK","ALTALINK LP MTN","Infrastructure","Fixed Income","1,219,246.19","0.08","1,219,246.19","1,345,000.00","1,345,000.00","88.98","Canada","-","CAD","12.28","1.00","Jun 30, 2042","3.99","CAD","Jun 29, 2012"
"NWRWPT","NORTH WEST REDWATER PARTNERSHIP RegS","Energy","Fixed Income","1,217,759.56","0.08","1,217,759.56","1,445,000.00","1,445,000.00","83.28","Canada","-","CAD","12.74","1.00","Feb 23, 2043","3.70","CAD","Feb 23, 2015"
"COCAPS","COAST CAPITAL SAVINGS FEDERAL CRED","Financial","Fixed Income","1,216,905.26","0.08","1,216,905.26","1,175,000.00","1,175,000.00","102.34","Canada","-","CAD","2.12","1.00","Sep 28, 2026","7.00","CAD","Sep 27, 2023"
"ENBPIP","ENBRIDGE PIPELINES INC MTN","Energy","Fixed Income","1,210,311.75","0.08","1,210,311.75","1,371,000.00","1,371,000.00","87.49","Canada","-","CAD","12.96","1.00","Sep 29, 2045","4.55","CAD","Sep 29, 2015"
"EPCOR","EPCOR UTILITIES INC MTN","Infrastructure","Fixed Income","1,209,349.12","0.08","1,209,349.12","1,225,000.00","1,225,000.00","97.56","Canada","-","CAD","15.37","1.00","Sep 2, 2052","4.72","CAD","Sep 2, 2022"
"TOYOTA","TOYOTA CREDIT CANADA INC MTN RegS","Financial","Fixed Income","1,209,327.79","0.08","1,209,327.79","1,164,000.00","1,164,000.00","101.91","Canada","-","CAD","3.63","1.00","Jul 12, 2028","5.16","CAD","Jul 12, 2023"
"GEICN","GIBSON ENERGY INC MTN","Energy","Fixed Income","1,206,874.88","0.08","1,206,874.88","1,274,000.00","1,274,000.00","93.99","Canada","-","CAD","4.73","1.00","Sep 17, 2029","3.60","CAD","Sep 17, 2019"
"ETRHWY","407 INTERNATIONAL INC MTN","Infrastructure","Fixed Income","1,206,705.19","0.08","1,206,705.19","1,383,000.00","1,383,000.00","86.37","Canada","-","CAD","15.96","1.00","Sep 11, 2052","3.98","CAD","Sep 11, 2012"
"TIHCN","TOROMONT INDUSTRIES LTD.","Industrial","Fixed Income","1,205,273.06","0.08","1,205,273.06","1,235,000.00","1,235,000.00","97.24","Canada","-","CAD","3.10","1.00","Oct 27, 2027","3.84","CAD","Oct 27, 2017"
"NWCONN","NORTHWESTCONNECT GROUP","Infrastructure","Fixed Income","1,205,082.30","0.08","1,205,082.30","1,150,035.00","1,150,035.00","104.28","Canada","-","CAD","7.30","1.00","Apr 30, 2041","5.95","CAD","Aug 12, 2008"
"HYDONE","HYDRO ONE INC MTN","Infrastructure","Fixed Income","1,204,176.32","0.08","1,204,176.32","1,195,000.00","1,195,000.00","99.71","Canada","-","CAD","9.39","1.00","Mar 13, 2037","4.89","CAD","Mar 13, 2007"
"DIRUCN","DREAM INDUSTRIAL REAL ESTATE INVES","Real Estate","Fixed Income","1,202,542.89","0.08","1,202,542.89","1,301,000.00","1,301,000.00","91.50","Canada","-","CAD","2.88","1.00","Jun 17, 2027","2.06","CAD","Jun 17, 2021"
"HYDONE","HYDRO ONE INC MTN","Infrastructure","Fixed Income","1,202,547.26","0.08","1,202,547.26","1,109,000.00","1,109,000.00","106.39","Canada","-","CAD","10.70","1.00","Jul 16, 2040","5.49","CAD","Jul 16, 2009"
"TCN","TELUS CORPORATION MTN","Communication","Fixed Income","1,198,701.22","0.08","1,198,701.22","1,389,000.00","1,389,000.00","84.82","Canada","-","CAD","13.03","1.00","Jan 29, 2046","4.40","CAD","Mar 27, 2015"
"GRTCN","GRANITE REIT HOLDINGS LP","Real Estate","Fixed Income","1,194,753.40","0.08","1,194,753.40","1,240,000.00","1,240,000.00","94.85","Canada","-","CAD","2.80","1.00","Jun 4, 2027","3.06","CAD","Jun 4, 2020"
"F","FORD CREDIT CANADA CO RegS","Financial","Fixed Income","1,192,511.12","0.08","1,192,511.12","1,140,000.00","1,140,000.00","104.24","United States","-","CAD","3.81","1.00","Nov 10, 2028","6.38","CAD","Nov 10, 2023"
"HYDONE","HYDRO ONE INC MTN","Infrastructure","Fixed Income","1,189,475.69","0.08","1,189,475.69","1,012,000.00","1,012,000.00","114.08","Canada","-","CAD","6.11","1.00","Jun 1, 2032","6.93","CAD","Jun 22, 2001"
"NAVCAN","NAV CANADA","Infrastructure","Fixed Income","1,186,208.34","0.08","1,186,208.34","1,610,000.00","1,610,000.00","73.17","Canada","-","CAD","17.05","1.00","Sep 29, 2051","2.92","CAD","May 29, 2020"
"CAAIAU","CALGARY AIRPORT AUTHORITY","Infrastructure","Fixed Income","1,185,424.48","0.08","1,185,424.48","1,415,000.00","1,415,000.00","83.26","Canada","-","CAD","12.42","1.00","Oct 7, 2041","3.45","CAD","Oct 7, 2021"
"CPXCN","CAPITAL POWER CORP MTN","Energy","Fixed Income","1,182,123.59","0.08","1,182,123.59","1,166,000.00","1,166,000.00","99.62","Canada","-","CAD","1.46","1.00","Jan 23, 2026","4.99","CAD","Jan 23, 2019"
"GTAAIR","GREATER TORONTO AIRPORTS AUTHORITY MTN","Infrastructure","Fixed Income","1,180,855.49","0.08","1,180,855.49","1,022,000.00","1,022,000.00","114.66","Canada","-","CAD","6.47","1.00","Oct 15, 2032","6.98","CAD","Oct 15, 2002"
"MRUCN","METRO INC MTN","Industrial","Fixed Income","1,173,346.51","0.07","1,173,346.51","1,312,000.00","1,312,000.00","87.34","Canada","-","CAD","13.85","1.00","Dec 4, 2047","4.27","CAD","Dec 4, 2017"
"RLNCE","RELIANCE LP","Industrial","Fixed Income","1,171,183.34","0.07","1,171,183.34","1,275,000.00","1,275,000.00","90.98","Canada","-","CAD","3.86","1.00","Aug 1, 2028","2.67","CAD","Apr 14, 2021"
"OMERS","OMERS REALTY CORP","Real Estate","Fixed Income","1,169,039.38","0.07","1,169,039.38","1,135,000.00","1,135,000.00","102.75","Canada","-","CAD","3.83","1.00","Nov 14, 2028","5.38","CAD","Nov 14, 2022"
"HYDONE","HYDRO ONE INC MTN","Infrastructure","Fixed Income","1,165,763.34","0.07","1,165,763.34","1,370,000.00","1,370,000.00","84.46","Canada","-","CAD","6.11","1.00","Jan 16, 2031","1.69","CAD","Oct 9, 2020"
"CANCOR","CANADIAN CORE REAL ESTATE LP","Real Estate","Fixed Income","1,159,513.81","0.07","1,159,513.81","1,226,000.00","1,226,000.00","93.77","Canada","-","CAD","2.58","1.00","Mar 2, 2027","3.30","CAD","Mar 2, 2022"
"CHPUCN","CHOICE PROPERTIES REAL ESTATE INVE","Real Estate","Fixed Income","1,159,000.06","0.07","1,159,000.06","1,276,000.00","1,276,000.00","90.11","Canada","-","CAD","5.17","1.00","Mar 4, 2030","2.98","CAD","Mar 3, 2020"
"GLCRTR","GLACIER CREDIT CARD TRUST","Securitized","Fixed Income","1,152,411.32","0.07","1,152,411.32","1,100,000.00","1,100,000.00","103.64","Canada","-","CAD","3.78","1.00","Sep 20, 2028","5.68","CAD","Aug 23, 2023"
"FTSCN","FORTISALBERTA INC","Infrastructure","Fixed Income","1,152,157.48","0.07","1,152,157.48","1,155,000.00","1,155,000.00","99.70","Canada","-","CAD","15.77","1.00","May 27, 2054","4.90","CAD","May 27, 2024"
"RLNCE","RELIANCE LP","Industrial","Fixed Income","1,151,808.57","0.07","1,151,808.57","1,150,000.00","1,150,000.00","99.93","Canada","-","CAD","5.80","1.00","May 15, 2031","5.25","CAD","May 15, 2024"
"RCICN","ROGERS COMMUNICATIONS INC","Communication","Fixed Income","1,150,493.05","0.07","1,150,493.05","1,034,000.00","1,034,000.00","110.77","Canada","-","CAD","9.96","1.00","Nov 4, 2039","6.68","CAD","Nov 4, 2009"
"CNRCN","CANADIAN NATIONAL RAILWAY COMPANY","Industrial","Fixed Income","1,149,923.43","0.07","1,149,923.43","1,397,000.00","1,397,000.00","81.12","Canada","-","CAD","14.92","1.00","Jul 31, 2048","3.60","CAD","Jul 31, 2018"
"TERANE","TERANET HOLDINGS LP","Industrial","Fixed Income","1,148,054.70","0.07","1,148,054.70","1,227,000.00","1,227,000.00","92.57","Canada","-","CAD","4.25","1.00","Feb 23, 2029","3.72","CAD","Feb 23, 2022"
"NACN","NATIONAL BANK OF CANADA","Financial","Fixed Income","1,146,748.44","0.07","1,146,748.44","1,115,000.00","1,115,000.00","100.45","Canada","-","CAD","2.30","1.00","Dec 7, 2026","4.97","CAD","Dec 7, 2023"
"ENBGAS","ENBRIDGE GAS INC MTN","Energy","Fixed Income","1,146,450.11","0.07","1,146,450.11","1,192,000.00","1,192,000.00","95.39","Canada","-","CAD","2.07","1.00","Aug 5, 2026","2.50","CAD","Aug 5, 2016"
"HYDONE","HYDRO ONE INC MTN","Infrastructure","Fixed Income","1,145,808.10","0.07","1,145,808.10","1,286,000.00","1,286,000.00","88.55","Canada","-","CAD","5.28","1.00","Feb 28, 2030","2.16","CAD","Feb 28, 2020"
"SAPCN","SAPUTO INC MTN","Industrial","Fixed Income","1,145,275.42","0.07","1,145,275.42","1,153,000.00","1,153,000.00","98.27","Canada","-","CAD","1.15","1.00","Aug 14, 2025","3.60","CAD","Aug 10, 2018"
"CCLGP","CAPITAL CITY LINK GENERAL PARTNERS","Infrastructure","Fixed Income","1,143,127.24","0.07","1,143,127.24","1,252,525.00","1,252,525.00","90.53","Canada","-","CAD","8.83","1.00","Mar 31, 2046","4.39","CAD","May 11, 2012"
"TOYOTA","TOYOTA CREDIT CANADA INC MTN","Financial","Fixed Income","1,141,933.10","0.07","1,141,933.10","1,208,000.00","1,208,000.00","94.21","Canada","-","CAD","1.68","1.00","Feb 23, 2026","1.18","CAD","Feb 23, 2021"
"GRTCN","GRANITE REIT HOLDINGS LP","Real Estate","Fixed Income","1,141,831.43","0.07","1,141,831.43","1,270,000.00","1,270,000.00","89.35","Canada","-","CAD","3.97","1.00","Aug 30, 2028","2.19","CAD","Aug 30, 2021"
"PMZUCN","PRIMARIS REAL ESTATE INVESTMENT TR RegS","Real Estate","Fixed Income","1,141,726.64","0.07","1,141,726.64","1,065,000.00","1,065,000.00","104.03","Canada","-","CAD","4.18","1.00","Jun 30, 2029","6.37","CAD","Nov 22, 2023"
"HYDONE","HYDRO ONE INC MTN","Infrastructure","Fixed Income","1,140,231.79","0.07","1,140,231.79","1,011,000.00","1,011,000.00","111.31","Canada","-","CAD","9.96","1.00","Mar 3, 2039","6.03","CAD","Mar 3, 2009"
"ENBGAS","ENBRIDGE GAS INC MTN","Energy","Fixed Income","1,139,640.92","0.07","1,139,640.92","1,251,000.00","1,251,000.00","90.37","Canada","-","CAD","4.77","1.00","Aug 9, 2029","2.37","CAD","Aug 9, 2019"
"DE","JOHN DEERE FINANCIAL INC","Financial","Fixed Income","1,133,283.96","0.07","1,133,283.96","1,248,000.00","1,248,000.00","90.50","United States","-","CAD","3.14","1.00","Sep 8, 2027","1.34","CAD","Sep 8, 2020"
"DIRUCN","DREAM INDUSTRIAL REAL ESTATE INVES","Real Estate","Fixed Income","1,130,369.19","0.07","1,130,369.19","1,110,000.00","1,110,000.00","100.80","Canada","-","CAD","3.34","1.00","Mar 22, 2028","5.38","CAD","Mar 22, 2023"
"CPXCN","CAPITAL POWER CORP MTN","Energy","Fixed Income","1,126,884.32","0.07","1,126,884.32","1,325,000.00","1,325,000.00","84.53","Canada","-","CAD","7.13","1.00","Oct 1, 2032","3.15","CAD","Oct 1, 2020"
"MICCN","SAGEN MI CANADA INC","Financial","Fixed Income","1,125,574.76","0.07","1,125,574.76","1,308,000.00","1,308,000.00","85.28","Canada","-","CAD","5.90","1.00","Mar 5, 2031","3.26","CAD","Mar 5, 2021"
"CNRCN","CANADIAN NATIONAL RAILWAY","Industrial","Fixed Income","1,123,892.71","0.07","1,123,892.71","1,524,000.00","1,524,000.00","72.80","Canada","-","CAD","16.04","1.00","Feb 8, 2050","3.05","CAD","Nov 1, 2019"
"ONTPOW","ONTARIO POWER GENERATION INC MTN","Energy","Fixed Income","1,123,245.80","0.07","1,123,245.80","1,601,000.00","1,601,000.00","69.35","Canada","-","CAD","16.42","1.00","Feb 21, 2051","2.95","CAD","Feb 4, 2021"
"IVANCA","IVANHOE CAMBRIDGE II INC","Real Estate","Fixed Income","1,120,270.60","0.07","1,120,270.60","1,080,000.00","1,080,000.00","101.25","Canada","-","CAD","3.53","1.00","Jun 2, 2028","4.99","CAD","Jun 2, 2023"
"ENBPIP","ENBRIDGE PIPELINES INC MTN","Energy","Fixed Income","1,118,883.31","0.07","1,118,883.31","1,060,000.00","1,060,000.00","103.90","Canada","-","CAD","14.21","1.00","Aug 17, 2053","5.82","CAD","Aug 17, 2023"
"DOLCN","DOLLARAMA INC","Industrial","Fixed Income","1,116,447.20","0.07","1,116,447.20","1,225,000.00","1,225,000.00","90.18","Canada","-","CAD","4.68","1.00","Jul 9, 2029","2.44","CAD","Jul 8, 2021"
"GM","GENERAL MOTORS FINANCIAL OF CANADA","Financial","Fixed Income","1,114,917.42","0.07","1,114,917.42","1,149,000.00","1,149,000.00","96.37","United States","-","CAD","1.07","1.00","Jul 9, 2025","1.70","CAD","Jul 9, 2021"
"CP","CANADIAN PACIFIC RAILWAY COMPANY","Industrial","Fixed Income","1,114,740.93","0.07","1,114,740.93","1,176,000.00","1,176,000.00","94.11","Canada","-","CAD","4.35","1.00","Mar 13, 2029","3.15","CAD","Mar 13, 2019"
"HYDONE","HYDRO ONE INC MTN","Infrastructure","Fixed Income","1,113,514.32","0.07","1,113,514.32","1,331,000.00","1,331,000.00","83.53","Canada","-","CAD","14.79","1.00","Nov 18, 2047","3.72","CAD","Nov 18, 2016"
"CAAIAU","CALGARY AIRPORT AUTHORITY","Infrastructure","Fixed Income","1,113,316.64","0.07","1,113,316.64","1,316,000.00","1,316,000.00","84.13","Canada","-","CAD","9.85","1.00","Oct 7, 2036","3.20","CAD","Oct 7, 2021"
"CWBCN","CANADIAN WESTERN BANK","Financial","Fixed Income","1,112,945.54","0.07","1,112,945.54","1,220,000.00","1,220,000.00","90.39","Canada","-","CAD","3.35","1.00","Dec 16, 2027","1.82","CAD","Dec 16, 2020"
"CHPUCN","CHOICE PROPERTIES REAL ESTATE INVE","Real Estate","Fixed Income","1,112,927.93","0.07","1,112,927.93","1,178,000.00","1,178,000.00","94.47","Canada","-","CAD","2.39","1.00","Nov 30, 2026","2.46","CAD","Nov 30, 2021"
"PENSKE","PENSKE TRUCK LEASING CANADA INC","Industrial","Fixed Income","1,110,042.77","0.07","1,110,042.77","1,079,000.00","1,079,000.00","100.27","Canada","-","CAD","1.41","1.00","Dec 8, 2025","5.44","CAD","Dec 6, 2022"
"TOYOTA","TOYOTA CREDIT CANADA INC MTN RegS","Financial","Fixed Income","1,104,060.96","0.07","1,104,060.96","1,094,000.00","1,094,000.00","99.38","Canada","-","CAD","1.56","1.00","Jan 26, 2026","4.45","CAD","Jan 24, 2023"
"CUCN","CU INC MTN","Energy","Fixed Income","1,102,502.12","0.07","1,102,502.12","1,308,000.00","1,308,000.00","84.17","Canada","-","CAD","14.38","1.00","Nov 19, 2046","3.76","CAD","Nov 17, 2016"
"PLEHHU","PLENARY HLTH CARE PTNRSHP HUMBR LP","Infrastructure","Fixed Income","1,102,371.16","0.07","1,102,371.16","1,138,787.00","1,138,787.00","96.80","Canada","-","CAD","6.66","1.00","May 31, 2039","4.89","CAD","Sep 23, 2011"
"BRUPOW","BRUCE POWER LP RegS","Energy","Fixed Income","1,102,084.06","0.07","1,102,084.06","1,075,000.00","1,075,000.00","100.30","Canada","-","CAD","6.43","1.00","Dec 21, 2032","4.99","CAD","Mar 23, 2023"
"ENBGAS","ENBRIDGE GAS INC MTN","Energy","Fixed Income","1,101,877.69","0.07","1,101,877.69","1,119,000.00","1,119,000.00","97.81","Canada","-","CAD","1.25","1.00","Sep 17, 2025","3.19","CAD","Sep 17, 2015"
"ENBPIP","ENBRIDGE PIPELINES INC MTN","Energy","Fixed Income","1,098,626.75","0.07","1,098,626.75","1,349,000.00","1,349,000.00","81.22","Canada","-","CAD","14.92","1.00","May 12, 2051","4.20","CAD","May 12, 2021"
"CCLBCN","CCL INDUSTRIES INC","Industrial","Fixed Income","1,098,157.46","0.07","1,098,157.46","1,140,000.00","1,140,000.00","95.82","Canada","-","CAD","3.53","1.00","Apr 13, 2028","3.86","CAD","Apr 13, 2018"
"TCN","TELUS CORPORATION","Communication","Fixed Income","1,098,213.02","0.07","1,098,213.02","1,075,000.00","1,075,000.00","100.94","Canada","-","CAD","14.12","1.00","Sep 13, 2052","5.65","CAD","Sep 13, 2022"
"BRUPOW","BRUCE POWER LP RegS","Energy","Fixed Income","1,097,307.64","0.07","1,097,307.64","1,075,000.00","1,075,000.00","99.99","Canada","-","CAD","3.14","1.00","Dec 21, 2027","4.70","CAD","Mar 23, 2023"
"TRPCN","TRANSCANADA PIPELINES LTD","Energy","Fixed Income","1,096,559.96","0.07","1,096,559.96","1,034,000.00","1,034,000.00","105.74","Canada","-","CAD","14.10","1.00","May 12, 2052","5.92","CAD","May 12, 2022"
"LCN","LOBLAW COMPANIES LIMITED MTN","Industrial","Fixed Income","1,092,878.36","0.07","1,092,878.36","1,006,000.00","1,006,000.00","106.56","Canada","-","CAD","7.79","1.00","Jan 29, 2035","6.15","CAD","Jan 29, 2004"
"BIP","BROOKFIELD INFRASTRUCTURE FINANCE MTN","Infrastructure","Fixed Income","1,092,200.42","0.07","1,092,200.42","1,029,000.00","1,029,000.00","104.39","Canada","-","CAD","6.64","1.00","Feb 14, 2033","5.98","CAD","Nov 14, 2022"
"LOWMAT","LOWER MATTAGAMI ENERGY LP","Infrastructure","Fixed Income","1,090,736.96","0.07","1,090,736.96","1,242,000.00","1,242,000.00","87.71","Canada","-","CAD","6.28","1.00","May 14, 2031","2.43","CAD","May 14, 2021"
"GTAAIR","GREATER TORONTO AIRPORTS AUTHORITY 144A","Infrastructure","Fixed Income","1,088,920.07","0.07","1,088,920.07","978,000.00","978,000.00","108.63","Canada","-","CAD","10.56","1.00","Jun 7, 2040","5.63","CAD","Jun 7, 2010"
"FRSTRS","INDEPENDENT ORDER OF FORESTERS","Financial","Fixed Income","1,087,665.89","0.07","1,087,665.89","1,275,000.00","1,275,000.00","84.94","Canada","-","CAD","9.61","1.00","Oct 15, 2035","2.88","CAD","Oct 15, 2020"
"MRUCN","METRO INC RegS","Industrial","Fixed Income","1,083,691.49","0.07","1,083,691.49","1,085,000.00","1,085,000.00","98.42","Canada","-","CAD","6.96","1.00","Feb 7, 2033","4.66","CAD","Feb 6, 2023"
"HYDONE","HYDRO ONE INC MTN","Infrastructure","Fixed Income","1,082,749.55","0.07","1,082,749.55","1,171,000.00","1,171,000.00","90.44","Canada","-","CAD","12.86","1.00","Jun 6, 2044","4.17","CAD","Jun 6, 2014"
"EQBCN","EQUITABLE BANK (CANADA)","Financial","Fixed Income","1,079,716.85","0.07","1,079,716.85","1,105,000.00","1,105,000.00","96.89","Canada","-","CAD","1.67","1.00","Mar 2, 2026","3.36","CAD","Feb 28, 2022"
"CUCN","CU INC MTN","Energy","Fixed Income","1,078,816.66","0.07","1,078,816.66","1,330,000.00","1,330,000.00","81.03","Canada","-","CAD","14.95","1.00","Nov 22, 2047","3.55","CAD","Nov 22, 2017"
"EPCOR","EPCOR UTILITIES INC MTN","Infrastructure","Fixed Income","1,078,578.96","0.07","1,078,578.96","917,000.00","917,000.00","116.78","Canada","-","CAD","9.42","1.00","Apr 15, 2038","6.65","CAD","Apr 15, 2008"
"GZMCN","GAZ METRO INC","Energy","Fixed Income","1,077,739.13","0.07","1,077,739.13","993,000.00","993,000.00","106.32","Canada","-","CAD","8.69","1.00","Jul 10, 2036","5.70","CAD","Jul 10, 2006"
"BCIMCR","BCI QUADREAL REALTY","Real Estate","Fixed Income","1,077,321.62","0.07","1,077,321.62","1,266,000.00","1,266,000.00","84.48","Canada","-","CAD","5.68","1.00","Jul 24, 2030","1.75","CAD","Jul 24, 2020"
"BCIMCR","BCIMC REALTY CORP","Real Estate","Fixed Income","1,074,311.59","0.07","1,074,311.59","1,117,000.00","1,117,000.00","95.68","Canada","-","CAD","2.67","1.00","Mar 31, 2027","3.00","CAD","Mar 31, 2017"
"ENBCN","ENBRIDGE INC MTN","Energy","Fixed Income","1,073,497.17","0.07","1,073,497.17","1,340,000.00","1,340,000.00","79.31","Canada","-","CAD","14.95","1.00","Sep 21, 2051","4.10","CAD","Sep 21, 2021"
"MRUCN","METRO INC MTN","Industrial","Fixed Income","1,073,529.52","0.07","1,073,529.52","998,000.00","998,000.00","106.82","Canada","-","CAD","8.33","1.00","Oct 15, 2035","5.97","CAD","Oct 12, 2005"
"BCECN","BELL CANADA MTN RegS","Communication","Fixed Income","1,073,239.73","0.07","1,073,239.73","1,233,000.00","1,233,000.00","85.08","Canada","-","CAD","12.99","1.00","Dec 18, 2045","4.35","CAD","Mar 30, 2015"
"KEYCN","KEYERA CORP MTN","Energy","Fixed Income","1,072,778.41","0.07","1,072,778.41","1,078,000.00","1,078,000.00","98.64","Canada","-","CAD","6.34","1.00","Mar 28, 2032","5.02","CAD","Mar 28, 2022"
"BMW","BMW CANADA INC","Industrial","Fixed Income","1,071,931.95","0.07","1,071,931.95","1,065,000.00","1,065,000.00","99.31","Germany","-","CAD","2.49","1.00","Feb 10, 2027","4.41","CAD","Feb 10, 2023"
"FTSCN","TERASEN GAS INC MTN","Energy","Fixed Income","1,071,634.66","0.07","1,071,634.66","989,000.00","989,000.00","108.07","Canada","-","CAD","9.75","1.00","May 13, 2038","5.80","CAD","May 13, 2008"
"CSHU","CHARTWELL RETIREMENT RESIDENCES","Industrial","Fixed Income","1,070,898.92","0.07","1,070,898.92","1,035,000.00","1,035,000.00","100.59","Canada","-","CAD","2.27","1.00","Dec 8, 2026","6.00","CAD","Dec 8, 2023"
"GTAAIR","GREATER TORONTO AIRPORTS AUTHORITY","Infrastructure","Fixed Income","1,070,178.52","0.07","1,070,178.52","1,410,000.00","1,410,000.00","75.42","Canada","-","CAD","16.69","1.00","Oct 5, 2051","3.15","CAD","Oct 5, 2021"
"XCN","TMX GROUP LTD RegS","Financial","Fixed Income","1,069,384.32","0.07","1,069,384.32","1,050,000.00","1,050,000.00","100.50","Canada","-","CAD","4.50","1.00","Aug 16, 2029","4.68","CAD","Feb 16, 2024"
"TRPCN","TRANSCANADA PIPELINES LIMITED MTN","Energy","Fixed Income","1,068,807.79","0.07","1,068,807.79","841,000.00","841,000.00","124.79","Canada","-","CAD","9.20","1.00","Feb 17, 2039","8.05","CAD","Feb 17, 2009"
"HYDONE","HYDRO ONE LTD","Infrastructure","Fixed Income","1,066,991.85","0.07","1,066,991.85","1,172,000.00","1,172,000.00","90.86","Canada","-","CAD","3.24","1.00","Oct 15, 2027","1.41","CAD","Oct 15, 2020"
"CNHI","CNH INDUSTRIAL CAPITAL CANADA LTD","Financial","Fixed Income","1,066,589.59","0.07","1,066,589.59","1,060,000.00","1,060,000.00","99.74","United States","-","CAD","2.59","1.00","Mar 25, 2027","4.80","CAD","Mar 25, 2024"
"HYDONE","HYDRO ONE INC","Infrastructure","Fixed Income","1,066,253.56","0.07","1,066,253.56","1,544,000.00","1,544,000.00","68.37","Canada","-","CAD","16.57","1.00","Feb 28, 2050","2.71","CAD","Feb 28, 2020"
"RLNCE","RELIANCE LP","Industrial","Fixed Income","1,065,160.71","0.07","1,065,160.71","1,081,000.00","1,081,000.00","97.74","Canada","-","CAD","1.70","1.00","Mar 15, 2026","3.75","CAD","Apr 8, 2019"
"ETRHWY","407 INTERNATIONAL INC MTN","Infrastructure","Fixed Income","1,064,975.89","0.07","1,064,975.89","1,227,000.00","1,227,000.00","86.75","Canada","-","CAD","7.07","1.00","May 25, 2032","2.59","CAD","May 22, 2020"
"REIUCN","RIOCAN REAL ESTATE INVESTMENT TRUS RegS","Real Estate","Fixed Income","1,063,713.29","0.07","1,063,713.29","1,025,000.00","1,025,000.00","102.80","Canada","-","CAD","4.45","1.00","Oct 1, 2029","5.96","CAD","Jun 26, 2023"
"CNRCN","CANADIAN NATIONAL RAILWAY COMPANY","Industrial","Fixed Income","1,060,080.62","0.07","1,060,080.62","1,082,000.00","1,082,000.00","97.44","Canada","-","CAD","1.26","1.00","Sep 22, 2025","2.80","CAD","Sep 22, 2015"
"ALACN","ALTAGAS LTD MTN","Energy","Fixed Income","1,059,322.27","0.07","1,059,322.27","1,216,000.00","1,216,000.00","85.81","Canada","-","CAD","12.48","1.00","Aug 15, 2044","4.50","CAD","Aug 15, 2014"
"BCECN","BELL CANADA MTN","Communication","Fixed Income","1,057,845.04","0.07","1,057,845.04","978,000.00","978,000.00","106.56","Canada","-","CAD","8.86","1.00","Feb 26, 2037","6.17","CAD","Feb 26, 2007"
"ETRHWY","407 INTERNATIONAL INC MTN","Infrastructure","Fixed Income","1,057,309.49","0.07","1,057,309.49","1,261,000.00","1,261,000.00","83.64","Canada","-","CAD","14.96","1.00","May 11, 2048","3.72","CAD","May 9, 2018"
"GWOCN","GREAT-WEST LIFECO INC","Financial","Fixed Income","1,057,120.79","0.07","1,057,120.79","947,000.00","947,000.00","111.50","Canada","-","CAD","5.98","1.00","Nov 24, 2031","6.74","CAD","Nov 23, 2001"
"DTRGR","DAIMLER TRUCK FINANCE CANADA INC RegS","Financial","Fixed Income","1,056,262.02","0.07","1,056,262.02","1,010,000.00","1,010,000.00","103.52","Germany","-","CAD","3.79","1.00","Sep 25, 2028","5.77","CAD","Sep 25, 2023"
"ALTALK","ALTALINK LP MTN","Infrastructure","Fixed Income","1,055,800.09","0.07","1,055,800.09","1,158,000.00","1,158,000.00","89.46","Canada","-","CAD","13.38","1.00","Jun 30, 2045","4.09","CAD","Jun 30, 2015"
"PPLCN","PEMBINA PIPELINE CORP","Energy","Fixed Income","1,055,406.32","0.07","1,055,406.32","1,220,000.00","1,220,000.00","86.47","Canada","-","CAD","14.27","1.00","May 28, 2050","4.67","CAD","May 28, 2020"
"ENBGAS","ENBRIDGE GAS INC MTN RegS","Energy","Fixed Income","1,054,063.92","0.07","1,054,063.92","1,195,000.00","1,195,000.00","87.12","Canada","-","CAD","13.15","1.00","Aug 22, 2044","4.00","CAD","Aug 22, 2014"
"ENBCN","ENBRIDGE INC. MTN","Energy","Fixed Income","1,049,417.03","0.07","1,049,417.03","930,000.00","930,000.00","109.59","Canada","-","CAD","6.06","1.00","Jun 18, 2032","7.20","CAD","Jun 18, 2001"
"CTCACN","CANADIAN TIRE CORPORATION LTD MTN","Industrial","Fixed Income","1,044,836.70","0.07","1,044,836.70","1,015,000.00","1,015,000.00","101.82","Canada","-","CAD","5.22","1.00","Sep 16, 2030","5.37","CAD","Sep 14, 2023"
"ENMAXC","ENMAX CORP","Infrastructure","Fixed Income","1,039,766.91","0.07","1,039,766.91","1,067,000.00","1,067,000.00","95.58","Canada","-","CAD","3.60","1.00","Jun 5, 2028","3.84","CAD","May 31, 2018"
"CUCN","CU INC RegS","Energy","Fixed Income","1,038,629.97","0.07","1,038,629.97","1,000,000.00","1,000,000.00","102.86","Canada","-","CAD","15.35","1.00","Sep 20, 2053","5.09","CAD","Sep 20, 2023"
"NSIUCN","NOVA SCOTIA POWER INC MTN","Infrastructure","Fixed Income","1,038,575.62","0.07","1,038,575.62","969,000.00","969,000.00","105.14","Canada","-","CAD","9.97","1.00","Jul 27, 2039","5.95","CAD","Jul 27, 2009"
"GEICN","GIBSON ENERGY INC MTN","Energy","Fixed Income","1,037,925.62","0.07","1,037,925.62","1,015,000.00","1,015,000.00","100.03","Canada","-","CAD","0.14","1.00","Jul 12, 2026","5.80","CAD","Jul 12, 2023"
"OMERS","OMERS REALTY CORP RegS","Real Estate","Fixed Income","1,036,658.73","0.07","1,036,658.73","1,035,000.00","1,035,000.00","99.51","Canada","-","CAD","4.23","1.00","Apr 9, 2029","4.54","CAD","Mar 9, 2023"
"SAPCN","SAPUTO INC MTN","Industrial","Fixed Income","1,036,163.49","0.07","1,036,163.49","1,016,000.00","1,016,000.00","101.96","Canada","-","CAD","4.69","1.00","Nov 29, 2029","5.25","CAD","Nov 29, 2022"
"DIRUCN","DREAM INDUSTRIAL REAL ESTATE INVES","Real Estate","Fixed Income","1,034,982.79","0.07","1,034,982.79","1,050,000.00","1,050,000.00","98.05","Canada","-","CAD","1.77","1.00","Apr 13, 2026","3.97","CAD","Apr 13, 2022"
"NSIUCN","NOVA SCOTIA POWER INC RegS","Infrastructure","Fixed Income","1,033,618.30","0.07","1,033,618.30","1,046,000.00","1,046,000.00","98.60","Canada","-","CAD","6.82","1.00","Nov 15, 2032","4.95","CAD","Mar 24, 2023"
"ONTPOW","ONTARIO POWER GENERATION INC MTN","Energy","Fixed Income","1,033,308.60","0.07","1,033,308.60","1,004,000.00","1,004,000.00","101.13","Canada","-","CAD","6.50","1.00","Jul 19, 2032","4.92","CAD","Jul 18, 2022"
"PSSGEN","PSS GENERATING STATION LP","Infrastructure","Fixed Income","1,029,671.14","0.07","1,029,671.14","1,100,000.00","1,100,000.00","93.12","Canada","-","CAD","16.51","1.00","Oct 24, 2067","4.79","CAD","Oct 23, 2015"
"SAPCN","SAPUTO INC","Industrial","Fixed Income","1,028,632.93","0.07","1,028,632.93","1,094,000.00","1,094,000.00","93.39","Canada","-","CAD","1.97","1.00","Jun 19, 2026","1.42","CAD","Nov 19, 2020"
"WELL","HCN CANADIAN HOLDINGS 1 LP","Real Estate","Fixed Income","1,026,904.68","0.07","1,026,904.68","1,084,000.00","1,084,000.00","93.63","United States","-","CAD","2.47","1.00","Jan 15, 2027","2.95","CAD","Dec 20, 2019"
"CTLONE","CENTRAL 1 CREDIT UNION MTN","Financial","Fixed Income","1,026,830.50","0.07","1,026,830.50","1,030,000.00","1,030,000.00","98.24","Canada","-","CAD","3.30","1.00","Feb 7, 2028","4.65","CAD","Feb 7, 2023"
"MRUCN","METRO INC MTN","Industrial","Fixed Income","1,026,200.32","0.07","1,026,200.32","1,026,000.00","1,026,000.00","97.51","Canada","-","CAD","12.33","1.00","Dec 1, 2044","5.03","CAD","Dec 1, 2014"
"BCFERR","BRITISH COLUMBIA FERRY SERVICES IN","Infrastructure","Fixed Income","1,024,754.76","0.07","1,024,754.76","937,000.00","937,000.00","107.21","Canada","-","CAD","9.51","1.00","Jan 11, 2038","5.58","CAD","Jan 11, 2008"
"NWRWPT","NORTH WEST REDWATER PARTNERSHIP","Energy","Fixed Income","1,024,816.36","0.07","1,024,816.36","1,091,000.00","1,091,000.00","92.24","Canada","-","CAD","10.37","1.00","Jan 10, 2039","4.35","CAD","Jun 10, 2016"
"BAMREP","BRP FINANCE ULC","Energy","Fixed Income","1,022,984.51","0.07","1,022,984.51","980,000.00","980,000.00","103.97","Canada","-","CAD","8.90","1.00","Nov 5, 2036","5.84","CAD","Nov 1, 2006"
"ENBGAS","ENBRIDGE GAS INC MTN","Energy","Fixed Income","1,021,553.52","0.07","1,021,553.52","1,016,000.00","1,016,000.00","98.38","Canada","-","CAD","11.19","1.00","Jun 21, 2041","4.88","CAD","Jun 21, 2011"
"BIP","BROOKFIELD INFRASTRUCTURE FINANCE","Infrastructure","Fixed Income","1,021,051.49","0.07","1,021,051.49","1,010,000.00","1,010,000.00","100.56","Canada","-","CAD","7.55","1.00","Apr 25, 2034","5.44","CAD","Apr 25, 2022"
"SRUUCN","SMARTCENTRES REAL ESTATE INVESTMEN","Real Estate","Fixed Income","1,020,372.02","0.07","1,020,372.02","1,020,000.00","1,020,000.00","100.01","Canada","-","CAD","3.53","1.00","May 29, 2028","5.35","CAD","May 29, 2023"
"AERMON","AEROPORTS DE MONTREAL","Infrastructure","Fixed Income","1,020,260.56","0.07","1,020,260.56","956,000.00","956,000.00","106.05","Canada","-","CAD","10.73","1.00","Apr 16, 2040","5.47","CAD","Apr 16, 2010"
"DOLCN","DOLLARAMA INC","Industrial","Fixed Income","1,019,631.13","0.07","1,019,631.13","1,121,000.00","1,121,000.00","90.66","Canada","-","CAD","3.16","1.00","Sep 20, 2027","1.50","CAD","Sep 18, 2020"
"NSIUCN","NOVA SCOTIA POWER INC MTN","Infrastructure","Fixed Income","1,019,186.37","0.07","1,019,186.37","976,000.00","976,000.00","101.84","Canada","-","CAD","10.40","1.00","Jun 15, 2040","5.61","CAD","Jun 15, 2010"
"ETRHWY","HIGHWAY 407 144A","Infrastructure","Fixed Income","1,017,344.80","0.07","1,017,344.80","918,000.00","918,000.00","108.61","Canada","-","CAD","4.33","1.00","Jul 27, 2029","6.47","CAD","Jul 27, 1999"
"VANAIR","VANCOUVER AIRPORT AUTHORITY","Infrastructure","Fixed Income","1,015,883.96","0.06","1,015,883.96","1,395,000.00","1,395,000.00","72.48","Canada","-","CAD","16.42","1.00","Oct 18, 2049","2.87","CAD","Oct 18, 2019"
"APUCN","ALLIED PROPERTIES REAL ESTATE INVE","Real Estate","Fixed Income","1,014,975.31","0.06","1,014,975.31","1,103,000.00","1,103,000.00","91.57","Canada","-","CAD","2.68","1.00","Apr 8, 2027","3.11","CAD","Oct 8, 2019"
"CNRCN","CANADIAN NATIONAL RAILWAY COMPANY","Industrial","Fixed Income","1,011,280.24","0.06","1,011,280.24","1,154,000.00","1,154,000.00","86.88","Canada","-","CAD","13.69","1.00","Sep 22, 2045","3.95","CAD","Sep 22, 2015"
"ENBPIP","ENBRIDGE PIPELINES INC MTN","Energy","Fixed Income","1,010,486.87","0.06","1,010,486.87","1,146,000.00","1,146,000.00","88.03","Canada","-","CAD","6.19","1.00","May 12, 2031","2.82","CAD","May 12, 2021"
"BCECN","BELL CANADA MTN","Communication","Fixed Income","1,009,865.45","0.06","1,009,865.45","875,000.00","875,000.00","114.14","Canada","-","CAD","5.37","1.00","Apr 2, 2031","7.85","CAD","Apr 2, 2001"
"NVLAUT","NOUVELLE AUTOROUTE 30 FINANCEMENT","Infrastructure","Fixed Income","1,009,549.95","0.06","1,009,549.95","1,149,031.00","1,149,031.00","87.17","Canada","-","CAD","9.84","1.00","Mar 31, 2042","4.11","CAD","Jun 14, 2018"
"VTR","VENTAS CANADA FINANCE LTD","Real Estate","Fixed Income","1,009,527.13","0.06","1,009,527.13","1,125,000.00","1,125,000.00","88.09","United States","-","CAD","6.41","1.00","Dec 1, 2031","3.30","CAD","Dec 1, 2021"
"BAMREP","BROOKFIELD RENEWABLE PARTNERS ULC MTN RegS","Energy","Fixed Income","1,009,124.18","0.06","1,009,124.18","995,000.00","995,000.00","100.94","Canada","-","CAD","7.31","1.00","Oct 28, 2033","5.29","CAD","Mar 29, 2023"
"LCN","LOBLAW COMPANIES LIMITED MTN","Industrial","Fixed Income","1,008,133.35","0.06","1,008,133.35","941,000.00","941,000.00","104.97","Canada","-","CAD","8.35","1.00","Jan 18, 2036","5.90","CAD","Jan 18, 2005"
"VTR","VENTAS CANADA FINANCE LTD","Real Estate","Fixed Income","1,007,516.25","0.06","1,007,516.25","989,000.00","989,000.00","101.28","United States","-","CAD","3.42","1.00","Apr 21, 2028","5.40","CAD","Apr 21, 2023"
"TRPCN","TRANSCANADA PIPELINES LIMITED MTN","Energy","Fixed Income","1,007,315.85","0.06","1,007,315.85","944,000.00","944,000.00","104.07","Canada","-","CAD","1.54","1.00","Feb 5, 2026","8.29","CAD","Feb 5, 1996"
"CNQCN","CANADIAN NATURAL RESOURCES LTD MTN","Energy","Fixed Income","1,006,069.48","0.06","1,006,069.48","1,099,000.00","1,099,000.00","91.53","Canada","-","CAD","13.44","1.00","May 30, 2047","4.85","CAD","May 30, 2017"
"BCECN","BELL CANADA INC MTN","Communication","Fixed Income","1,005,622.92","0.06","1,005,622.92","1,248,000.00","1,248,000.00","79.75","Canada","-","CAD","14.93","1.00","Mar 17, 2051","4.05","CAD","Mar 17, 2021"
"PWFCN","POWER FINANCIAL CORPORATION","Financial","Fixed Income","1,002,922.35","0.06","1,002,922.35","887,000.00","887,000.00","111.54","Canada","-","CAD","6.65","1.00","Mar 11, 2033","6.90","CAD","Mar 11, 2003"
"BIP","BROOKFIELD INFRASTRUCTURE FINANCE MTN","Infrastructure","Fixed Income","1,001,327.69","0.06","1,001,327.69","1,180,000.00","1,180,000.00","84.15","Canada","-","CAD","7.13","1.00","Sep 1, 2032","2.86","CAD","Sep 1, 2020"
"EDISNH","ELLISDON INFRASTRUCTURE SNH GP","Infrastructure","Fixed Income","1,000,804.15","0.06","1,000,804.15","1,000,000.00","1,000,000.00","98.82","Canada","-","CAD","8.92","1.00","Feb 28, 2043","5.00","CAD","Feb 21, 2023"
"DE","JOHN DEERE CANADA FUNDING INC MTN","Financial","Fixed Income","1,000,823.08","0.06","1,000,823.08","1,055,000.00","1,055,000.00","94.63","United States","-","CAD","1.79","1.00","Apr 9, 2026","1.63","CAD","Apr 9, 2021"
"SRUUCN","SMARTCENTRES REAL ESTATE INVESTMEN","Real Estate","Fixed Income","999,742.66","0.06","999,742.66","1,045,000.00","1,045,000.00","94.16","Canada","-","CAD","2.81","1.00","Jun 11, 2027","3.19","CAD","Jun 11, 2020"
"ENBGAS","ENBRIDGE GAS INC MTN","Energy","Fixed Income","998,177.11","0.06","998,177.11","891,000.00","891,000.00","110.54","Canada","-","CAD","9.71","1.00","Sep 2, 2038","6.05","CAD","Sep 2, 2008"
"CUCN","CU INC","Energy","Fixed Income","997,907.84","0.06","997,907.84","1,374,000.00","1,374,000.00","71.94","Canada","-","CAD","16.07","1.00","Sep 7, 2049","2.96","CAD","Sep 5, 2019"
"SRUUCN","SMARTCENTRES REAL ESTATE INVESTMEN","Real Estate","Fixed Income","996,895.70","0.06","996,895.70","1,121,000.00","1,121,000.00","87.89","Canada","-","CAD","4.20","1.00","Dec 18, 2028","2.31","CAD","Dec 16, 2020"
"LCN","LOBLAW COMPANIES LTD MTN 144A","Industrial","Fixed Income","996,681.70","0.06","996,681.70","888,000.00","888,000.00","110.53","Canada","-","CAD","6.04","1.00","Mar 1, 2032","6.85","CAD","Mar 1, 2002"
"ENBGAS","ENBRIDGE GAS INC","Energy","Fixed Income","994,213.11","0.06","994,213.11","1,050,000.00","1,050,000.00","93.39","Canada","-","CAD","15.32","1.00","Aug 17, 2052","4.55","CAD","Aug 17, 2022"
"IGMCN","IGM FINANCIAL INC","Financial","Fixed Income","990,056.22","0.06","990,056.22","945,000.00","945,000.00","104.69","Canada","-","CAD","15.00","1.00","May 26, 2053","5.43","CAD","May 26, 2023"
"IGMCN","IGM FINANCIAL INC","Financial","Fixed Income","988,704.27","0.06","988,704.27","1,009,000.00","1,009,000.00","96.80","Canada","-","CAD","2.47","1.00","Jan 26, 2027","3.44","CAD","Jan 26, 2017"
"CUCN","CU INC MTN","Energy","Fixed Income","985,504.82","0.06","985,504.82","910,000.00","910,000.00","108.12","Canada","-","CAD","7.92","1.00","Nov 20, 2034","5.90","CAD","Nov 18, 2004"
"LBCN","LAURENTIAN BANK OF CANADA","Financial","Fixed Income","983,149.52","0.06","983,149.52","1,010,000.00","1,010,000.00","96.94","Canada","-","CAD","2.70","1.00","Apr 20, 2027","3.54","CAD","Apr 20, 2022"
"FCRCN","FIRST CAPITAL REAL ESTATE INVESTME","Real Estate","Fixed Income","981,113.58","0.06","981,113.58","1,010,000.00","1,010,000.00","96.89","Canada","-","CAD","1.84","1.00","May 6, 2026","3.60","CAD","May 6, 2016"
"EPCOR","EPCOR UTILITIES INC RegS","Infrastructure","Fixed Income","980,270.91","0.06","980,270.91","968,000.00","968,000.00","101.27","Canada","-","CAD","15.72","1.00","May 31, 2054","4.99","CAD","May 31, 2024"
"FCRCN","FIRST CAPITAL REAL ESTATE INVESTME","Real Estate","Fixed Income","980,015.56","0.06","980,015.56","1,035,000.00","1,035,000.00","93.83","Canada","-","CAD","3.45","1.00","Mar 1, 2028","3.45","CAD","Sep 1, 2020"
"REIUCN","RIOCAN REAL ESTATE INVESTMENT TRUS RegS","Real Estate","Fixed Income","979,346.56","0.06","979,346.56","960,000.00","960,000.00","101.17","Canada","-","CAD","2.96","1.00","Oct 6, 2027","5.61","CAD","Mar 6, 2023"
"LCN","LOBLAW COMPANIES LTD","Industrial","Fixed Income","978,260.04","0.06","978,260.04","950,000.00","950,000.00","101.82","Canada","-","CAD","14.64","1.00","Sep 13, 2052","5.34","CAD","Sep 13, 2022"
"BAMREP","BROOKFIELD RENEWABLE PARTNERS ULC MTN","Energy","Fixed Income","975,809.09","0.06","975,809.09","1,365,000.00","1,365,000.00","70.50","Canada","-","CAD","15.44","1.00","Aug 13, 2050","3.33","CAD","Aug 13, 2020"
"ENBGAS","ENBRIDGE GAS INC","Energy","Fixed Income","975,273.28","0.06","975,273.28","1,199,000.00","1,199,000.00","80.74","Canada","-","CAD","15.49","1.00","Apr 1, 2050","3.65","CAD","Apr 1, 2020"
"IFCCN","INTACT FINANCIAL CORP MTN","Financial","Fixed Income","974,520.41","0.06","974,520.41","981,000.00","981,000.00","98.41","Canada","-","CAD","1.63","1.00","Mar 2, 2026","3.77","CAD","Mar 1, 2016"
"HRUCN","H&R REAL ESTATE INVESTMENT TRUST","Real Estate","Fixed Income","971,729.59","0.06","971,729.59","968,000.00","968,000.00","98.52","Canada","-","CAD","0.99","1.00","Jun 16, 2025","4.07","CAD","Jun 15, 2020"
"IFCCN","INTACT FINANCIAL CORP MTN","Financial","Fixed Income","968,532.24","0.06","968,532.24","922,000.00","922,000.00","102.69","Canada","-","CAD","11.59","1.00","Jun 16, 2042","5.16","CAD","Jun 15, 2012"
"CHPUCN","CHOICE PROPERTIES REAL ESTATE INVE","Real Estate","Fixed Income","968,454.91","0.06","968,454.91","970,000.00","970,000.00","99.73","Canada","-","CAD","5.70","1.00","Feb 28, 2031","5.03","CAD","May 23, 2024"
"FNCN","FIRST NATIONAL FINANCIAL CORP","Financial","Fixed Income","968,067.55","0.06","968,067.55","1,006,000.00","1,006,000.00","96.12","Canada","-","CAD","1.41","1.00","Nov 17, 2025","2.96","CAD","Nov 16, 2020"
"XCN","TMX GROUP LTD RegS","Financial","Fixed Income","967,995.83","0.06","967,995.83","950,000.00","950,000.00","100.50","Canada","-","CAD","6.27","1.00","Feb 18, 2032","4.84","CAD","Feb 16, 2024"
"NAVCAN","NAV CANADA","Infrastructure","Fixed Income","967,579.61","0.06","967,579.61","1,103,000.00","1,103,000.00","87.71","Canada","-","CAD","5.54","1.00","May 29, 2030","2.06","CAD","May 29, 2020"
"VW","VW CREDIT CANADA INC RegS","Financial","Fixed Income","966,127.12","0.06","966,127.12","940,000.00","940,000.00","101.66","Germany","-","CAD","2.13","1.00","Sep 21, 2026","5.75","CAD","Sep 20, 2023"
"ENBPIP","ENBRIDGE PIPELINES INC MTN","Energy","Fixed Income","964,107.52","0.06","964,107.52","1,159,000.00","1,159,000.00","81.92","Canada","-","CAD","13.45","1.00","Aug 9, 2046","4.13","CAD","Aug 9, 2016"
"EDISNH","ELLISDON INFRASTRUCTURE SNH GP","Infrastructure","Fixed Income","963,453.82","0.06","963,453.82","960,000.00","960,000.00","99.06","Canada","-","CAD","14.38","1.00","Aug 31, 2057","5.15","CAD","Feb 21, 2023"
"CUCN","CU INC MTN","Energy","Fixed Income","960,859.69","0.06","960,859.69","1,113,000.00","1,113,000.00","86.24","Canada","-","CAD","14.93","1.00","Nov 23, 2048","3.95","CAD","Nov 21, 2018"
"ALTALK","ALTALINK LP MTN","Infrastructure","Fixed Income","959,143.12","0.06","959,143.12","1,009,000.00","1,009,000.00","94.78","Canada","-","CAD","11.92","1.00","Nov 8, 2041","4.46","CAD","Nov 8, 2011"
"STNCN","STANTEC INC. RegS","Industrial","Fixed Income","959,020.94","0.06","959,020.94","925,000.00","925,000.00","101.37","Canada","-","CAD","4.99","1.00","Jun 27, 2030","5.39","CAD","Jun 27, 2023"
"CNRCN","CANADIAN NATIONAL RAILWAY COMPANY","Industrial","Fixed Income","957,768.80","0.06","957,768.80","1,158,000.00","1,158,000.00","81.53","Canada","-","CAD","14.58","1.00","Aug 1, 2047","3.60","CAD","Aug 1, 2017"
"MICCN","SAGEN MI CANADA INC","Financial","Fixed Income","957,158.99","0.06","957,158.99","955,000.00","955,000.00","100.03","Canada","-","CAD","3.47","1.00","May 19, 2028","5.91","CAD","May 19, 2023"
"CTLONE","CENTRAL 1 CREDIT UNION MTN","Financial","Fixed Income","955,839.80","0.06","955,839.80","945,000.00","945,000.00","100.21","Canada","-","CAD","1.26","1.00","Sep 29, 2025","5.42","CAD","Sep 29, 2022"
"ALCTRA","ALECTRA INC (CANADA)","Infrastructure","Fixed Income","955,189.01","0.06","955,189.01","905,000.00","905,000.00","105.30","Canada","-","CAD","15.18","1.00","Nov 14, 2052","5.22","CAD","Nov 14, 2022"
"TORHYD","TORONTO HYDRO CORPORATION","Infrastructure","Fixed Income","955,097.84","0.06","955,097.84","933,000.00","933,000.00","101.72","Canada","-","CAD","15.31","1.00","Oct 13, 2052","4.95","CAD","Oct 13, 2022"
"SRUUCN","SMART REAL ESTATE INVESTMENT TRUST","Real Estate","Fixed Income","954,169.56","0.06","954,169.56","982,000.00","982,000.00","96.29","Canada","-","CAD","2.11","1.00","Aug 28, 2026","3.44","CAD","Aug 30, 2016"
"HYDONE","HYDRO ONE INC RegS","Infrastructure","Fixed Income","952,813.54","0.06","952,813.54","1,000,000.00","1,000,000.00","93.75","Canada","-","CAD","15.56","1.00","Jan 27, 2053","4.46","CAD","Jan 27, 2023"
"ALCTRA","ALECTRA INC (CANADA)","Infrastructure","Fixed Income","952,471.66","0.06","952,471.66","1,123,000.00","1,123,000.00","84.29","Canada","-","CAD","6.16","1.00","Feb 11, 2031","1.75","CAD","Feb 11, 2021"
"SAPCN","SAPUTO INC MTN","Industrial","Fixed Income","949,773.67","0.06","949,773.67","1,034,000.00","1,034,000.00","90.84","Canada","-","CAD","3.78","1.00","Jun 22, 2028","2.30","CAD","Jun 22, 2021"
"TORHYD","TORONTO HYDRO CORPORATION RegS","Infrastructure","Fixed Income","947,364.91","0.06","947,364.91","915,000.00","915,000.00","102.85","Canada","-","CAD","3.82","1.00","Oct 12, 2028","5.13","CAD","Oct 12, 2023"
"ENBPIP","ENBRIDGE PIPELINES INC MTN","Energy","Fixed Income","944,821.50","0.06","944,821.50","961,000.00","961,000.00","97.51","Canada","-","CAD","10.57","1.00","Apr 6, 2040","5.33","CAD","Apr 6, 2010"
"ALACN","ALTAGAS LTD MTN RegS","Energy","Fixed Income","944,158.91","0.06","944,158.91","945,000.00","945,000.00","98.81","Canada","-","CAD","7.53","1.00","Mar 14, 2034","5.14","CAD","Mar 14, 2024"
"FCRCN","FIRST CAPITAL REAL ESTATE INVESTME","Real Estate","Fixed Income","943,071.51","0.06","943,071.51","941,000.00","941,000.00","98.79","Canada","-","CAD","1.11","1.00","Jul 31, 2025","4.32","CAD","Jun 17, 2014"
"REIUCN","RIOCAN REAL ESTATE INVESTMENT TRUS","Real Estate","Fixed Income","942,209.61","0.06","942,209.61","930,000.00","930,000.00","100.19","Canada","-","CAD","0.32","1.00","Sep 29, 2026","6.49","CAD","Sep 29, 2023"
"DTRGR","DAIMLER TRUCKS FINANCE CANADA INC RegS","Financial","Fixed Income","941,500.12","0.06","941,500.12","987,000.00","987,000.00","94.26","Germany","-","CAD","2.40","1.00","Dec 15, 2026","2.46","CAD","Dec 15, 2021"
"IFCCN","INTACT FINANCIAL CORP MTN RegS","Financial","Fixed Income","941,207.68","0.06","941,207.68","1,023,000.00","1,023,000.00","91.93","Canada","-","CAD","3.74","1.00","May 18, 2028","2.18","CAD","May 18, 2021"
"ENBPIP","ENBRIDGE PIPELINES INC.","Energy","Fixed Income","940,500.04","0.06","940,500.04","959,000.00","959,000.00","97.76","Canada","-","CAD","10.44","1.00","Nov 10, 2039","5.35","CAD","Nov 10, 2009"
"APUCN","ALLIED PROPERTIES REAL ESTATE INVE","Real Estate","Fixed Income","940,158.74","0.06","940,158.74","1,078,000.00","1,078,000.00","86.23","Canada","-","CAD","4.65","1.00","Aug 15, 2029","3.39","CAD","Aug 15, 2019"
"HYNMTR","HYUNDAI CAPITAL CANADA INC","Financial","Fixed Income","939,592.70","0.06","939,592.70","925,000.00","925,000.00","99.95","Canada","-","CAD","4.06","1.00","Jan 31, 2029","4.89","CAD","Jan 31, 2024"
"OTTMAC","OTTAWA MACDONALD-CARTIER INTERNATI","Infrastructure","Fixed Income","936,200.16","0.06","936,200.16","1,045,336.00","1,045,336.00","87.68","Canada","-","CAD","8.38","1.00","Jun 9, 2045","3.93","CAD","Jun 9, 2015"
"EAGCCT","EAGLE CREDIT CARD TRUST","Securitized","Fixed Income","934,519.58","0.06","934,519.58","900,000.00","900,000.00","101.50","Canada","-","CAD","3.57","1.00","Jun 17, 2028","5.13","CAD","Jun 13, 2023"
"DOLCN","DOLLARAMA INC","Industrial","Fixed Income","933,167.59","0.06","933,167.59","895,000.00","895,000.00","103.26","Canada","-","CAD","3.75","1.00","Sep 26, 2028","5.53","CAD","Sep 26, 2023"
"SRUUCN","SMARTCENTRES REAL ESTATE INVESTMEN","Real Estate","Fixed Income","933,063.46","0.06","933,063.46","1,020,000.00","1,020,000.00","89.76","Canada","-","CAD","5.62","1.00","Dec 11, 2030","3.65","CAD","Jun 11, 2020"
"EAGCCT","EAGLE CREDIT CARD TRUST","Securitized","Fixed Income","929,761.69","0.06","929,761.69","985,000.00","985,000.00","93.69","Canada","-","CAD","1.96","1.00","Jun 17, 2026","1.55","CAD","Jun 21, 2021"
"REIUCN","RIOCAN REAL ESTATE INVESTMENT TRUS","Real Estate","Fixed Income","929,023.86","0.06","929,023.86","930,000.00","930,000.00","99.90","Canada","-","CAD","5.60","1.00","Mar 1, 2031","5.46","CAD","May 31, 2024"
"EPCOR","EPCOR UTILITIES INC MTN","Infrastructure","Fixed Income","928,456.50","0.06","928,456.50","1,146,000.00","1,146,000.00","80.98","Canada","-","CAD","14.95","1.00","Nov 27, 2047","3.55","CAD","Nov 27, 2017"
"ENBGAS","ENBRIDGE GAS INC MTN","Energy","Fixed Income","927,956.40","0.06","927,956.40","1,251,000.00","1,251,000.00","73.50","Canada","-","CAD","16.38","1.00","Sep 15, 2051","3.20","CAD","Sep 15, 2021"
"CUCN","CU INC","Energy","Fixed Income","927,835.33","0.06","927,835.33","977,000.00","977,000.00","94.67","Canada","-","CAD","15.85","1.00","Nov 7, 2053","4.56","CAD","Nov 7, 2013"
"AQNCN","ALGONQUIN POWER CO","Energy","Fixed Income","925,439.75","0.06","925,439.75","930,000.00","930,000.00","97.96","Canada","-","CAD","4.05","1.00","Jan 29, 2029","4.60","CAD","Jan 29, 2019"
"DE","JOHN DEERE FINANCIAL INC MTN","Financial","Fixed Income","923,926.30","0.06","923,926.30","965,000.00","965,000.00","95.43","United States","-","CAD","2.27","1.00","Oct 16, 2026","2.58","CAD","Oct 16, 2019"
"ALACN","ALTAGAS LTD","Energy","Fixed Income","920,067.33","0.06","920,067.33","1,021,000.00","1,021,000.00","90.11","Canada","-","CAD","3.78","1.00","May 30, 2028","2.08","CAD","Nov 30, 2020"
"BMW","BMW CANADA INC","Industrial","Fixed Income","917,298.62","0.06","917,298.62","910,000.00","910,000.00","100.06","Germany","-","CAD","1.74","1.00","Apr 6, 2026","4.86","CAD","Apr 5, 2024"
"BAMREP","BROOKFIELD RENEWABLE PARTNERS ULC MTN","Energy","Fixed Income","915,715.55","0.06","915,715.55","1,089,000.00","1,089,000.00","83.78","Canada","-","CAD","14.50","1.00","Nov 5, 2049","4.29","CAD","Sep 13, 2019"
"IFCCN","INTACT FINANCIAL CORP MTN","Financial","Fixed Income","913,217.31","0.06","913,217.31","788,000.00","788,000.00","115.75","Canada","-","CAD","10.29","1.00","Nov 23, 2039","6.40","CAD","Nov 23, 2009"
"OMERS","OMERS REALTY CORP","Real Estate","Fixed Income","913,070.67","0.06","913,070.67","912,000.00","912,000.00","98.49","Canada","-","CAD","0.97","1.00","Jun 5, 2025","3.33","CAD","Jun 5, 2018"
"LCN","LOBLAW COMPANIES LTD","Industrial","Fixed Income","912,411.18","0.06","912,411.18","1,035,000.00","1,035,000.00","88.01","Canada","-","CAD","5.45","1.00","May 7, 2030","2.28","CAD","May 7, 2020"
"TRPCN","TRANS-CANADA PIPELINE MTN","Energy","Fixed Income","911,621.89","0.06","911,621.89","847,000.00","847,000.00","106.63","Canada","-","CAD","2.56","1.00","Apr 15, 2027","7.90","CAD","Apr 15, 1997"
"SE","WESTCOAST ENERGY INC MTN","Energy","Fixed Income","911,213.12","0.06","911,213.12","818,000.00","818,000.00","109.98","Canada","-","CAD","5.41","1.00","Mar 20, 2031","7.15","CAD","Mar 20, 2001"
"IFCCN","INTACT FINANCIAL CORP MTN","Financial","Fixed Income","909,515.87","0.06","909,515.87","1,047,000.00","1,047,000.00","85.99","Canada","-","CAD","5.98","1.00","Dec 16, 2030","1.93","CAD","Dec 16, 2020"
"PMZUCN","PRIMARIS REAL ESTATE INVESTMENT TR","Real Estate","Fixed Income","908,903.96","0.06","908,903.96","917,000.00","917,000.00","98.31","Canada","-","CAD","2.57","1.00","Mar 30, 2027","4.73","CAD","Mar 30, 2022"
"SEASKY","SEA TO SKY HIGHWAY INVESTMENT LP","Infrastructure","Fixed Income","907,435.40","0.06","907,435.40","1,000,281.00","1,000,281.00","90.06","Canada","-","CAD","3.08","1.00","Aug 31, 2030","2.63","CAD","Jun 16, 2016"
"ONTPOW","ONTARIO POWER GENERATION INC MTN","Energy","Fixed Income","906,752.89","0.06","906,752.89","1,127,000.00","1,127,000.00","79.67","Canada","-","CAD","15.53","1.00","Sep 13, 2050","3.65","CAD","Sep 13, 2019"
"ENBPIP","ENBRIDGE PIPELINES INC MTN","Energy","Fixed Income","905,977.03","0.06","905,977.03","1,011,000.00","1,011,000.00","88.32","Canada","-","CAD","12.16","1.00","Aug 17, 2043","4.55","CAD","Aug 16, 2013"
"FTSCN","TERASEN GAS INC. MTN","Energy","Fixed Income","896,179.05","0.06","896,179.05","811,000.00","811,000.00","109.53","Canada","-","CAD","9.33","1.00","Oct 2, 2037","6.00","CAD","Oct 2, 2007"
"LCN","LOBLAW COMPANIES LIMITED MTN","Industrial","Fixed Income","895,370.29","0.06","895,370.29","810,000.00","810,000.00","108.68","Canada","-","CAD","6.65","1.00","Feb 17, 2033","6.54","CAD","Feb 17, 2003"
"ENBGAS","ENBRIDGE GAS INC","Energy","Fixed Income","894,328.07","0.06","894,328.07","862,000.00","862,000.00","101.91","Canada","-","CAD","10.80","1.00","Jul 23, 2040","5.20","CAD","Jul 23, 2010"
"RCICN","ROGERS COMMUNICATIONS INC","Communication","Fixed Income","894,111.81","0.06","894,111.81","1,064,000.00","1,064,000.00","82.01","Canada","-","CAD","14.18","1.00","Dec 9, 2049","4.25","CAD","Dec 9, 2019"
"CWBCN","CANADIAN WESTERN BANK","Financial","Fixed Income","891,659.19","0.06","891,659.19","870,000.00","870,000.00","100.14","Canada","-","CAD","1.45","1.00","Dec 20, 2025","5.26","CAD","Dec 20, 2023"
"ENBCN","ENBRIDGE INC MTN","Energy","Fixed Income","890,598.12","0.06","890,598.12","806,000.00","806,000.00","107.97","Canada","-","CAD","4.92","1.00","Jul 24, 2030","7.22","CAD","Jul 24, 2000"
"HYDONE","HYDRO ONE INC MTN","Infrastructure","Fixed Income","887,910.39","0.06","887,910.39","1,014,000.00","1,014,000.00","86.52","Canada","-","CAD","13.84","1.00","Feb 23, 2046","3.91","CAD","Feb 24, 2016"
"DRSILL","SUMMIT INDUSTRIAL INCOME REIT","Real Estate","Fixed Income","885,069.85","0.06","885,069.85","915,000.00","915,000.00","96.29","Canada","-","CAD","1.25","1.00","Sep 17, 2025","2.15","CAD","Feb 17, 2023"
"IAGCN","IA FINANCIAL CORPORATION INC","Financial","Fixed Income","884,787.73","0.06","884,787.73","921,000.00","921,000.00","95.23","Canada","-","CAD","2.56","1.00","Feb 25, 2032","3.20","CAD","Feb 25, 2022"
"XCN","TMX GROUP LTD","Financial","Fixed Income","884,048.53","0.06","884,048.53","893,000.00","893,000.00","97.15","Canada","-","CAD","3.57","1.00","Jun 5, 2028","3.78","CAD","Jun 5, 2018"
"TERANE","TERANET HOLDINGS LP","Industrial","Fixed Income","879,936.68","0.06","879,936.68","863,000.00","863,000.00","99.19","Canada","-","CAD","10.35","1.00","Jun 17, 2041","6.10","CAD","Apr 4, 2011"
"ENBGAS","ENBRIDGE GAS INC MTN 144A","Energy","Fixed Income","878,739.38","0.06","878,739.38","856,000.00","856,000.00","101.29","Canada","-","CAD","8.68","1.00","Feb 25, 2036","5.21","CAD","Feb 24, 2006"
"HRUCN","H&R REAL ESTATE INVESTMENT TRUST","Real Estate","Fixed Income","878,249.49","0.06","878,249.49","937,000.00","937,000.00","92.99","Canada","-","CAD","2.57","1.00","Feb 19, 2027","2.63","CAD","Feb 19, 2021"
"ACICN","ALTAGAS CANADA INC MTN","Energy","Fixed Income","875,333.05","0.06","875,333.05","902,000.00","902,000.00","96.57","Canada","-","CAD","1.76","1.00","Apr 6, 2026","3.15","CAD","Apr 3, 2019"
"SLFCN","SUN LIFE CAPITAL TRUST","Financial","Fixed Income","872,427.03","0.06","872,427.03","776,000.00","776,000.00","109.47","Canada","-","CAD","6.11","1.00","Jun 30, 2052","7.09","CAD","Jun 25, 2002"
"EQUFSB","EQUITABLE BANK","Financial","Fixed Income","870,937.22","0.06","870,937.22","865,000.00","865,000.00","99.95","Canada","-","CAD","2.41","1.00","Jan 11, 2027","5.16","CAD","Apr 9, 2024"
"ENMAXC","ENMAX CORP","Infrastructure","Fixed Income","868,270.52","0.06","868,270.52","920,000.00","920,000.00","93.92","Canada","-","CAD","4.78","1.00","Oct 18, 2029","3.88","CAD","Oct 18, 2019"
"VW","VW CREDIT CANADA INC RegS","Financial","Fixed Income","867,595.55","0.06","867,595.55","910,000.00","910,000.00","94.18","Germany","-","CAD","2.39","1.00","Dec 10, 2026","2.45","CAD","Dec 10, 2021"
"REIUCN","RIOCAN REAL ESTATE INVESTMENT TRUS","Real Estate","Fixed Income","866,561.55","0.06","866,561.55","889,000.00","889,000.00","97.10","Canada","-","CAD","4.31","1.00","May 1, 2029","4.63","CAD","Apr 18, 2022"
"CNQCN","CANADIAN NATURAL RESOURCES LTD","Energy","Fixed Income","865,917.51","0.06","865,917.51","927,000.00","927,000.00","92.49","Canada","-","CAD","3.39","1.00","Jan 17, 2028","2.50","CAD","Nov 16, 2020"
"TOYOTA","TOYOTA CREDIT CANADA INC MTN","Financial","Fixed Income","862,051.62","0.06","862,051.62","858,000.00","858,000.00","99.57","Canada","-","CAD","2.59","1.00","Mar 19, 2027","4.52","CAD","Mar 19, 2024"
"STNCN","STANTEC INC.","Industrial","Fixed Income","861,174.57","0.06","861,174.57","939,000.00","939,000.00","91.41","Canada","-","CAD","3.18","1.00","Oct 8, 2027","2.05","CAD","Oct 8, 2020"
"ETRHWY","407 INTERNATIONAL INC","Infrastructure","Fixed Income","860,355.13","0.05","860,355.13","926,000.00","926,000.00","91.20","Canada","-","CAD","7.46","1.00","Jun 1, 2033","3.43","CAD","Mar 24, 2017"
"AERMON","AEROPORTS DE MONTREAL","Infrastructure","Fixed Income","857,379.44","0.05","857,379.44","761,000.00","761,000.00","111.77","Canada","-","CAD","7.11","1.00","Oct 11, 2033","6.55","CAD","Oct 9, 2003"
"NAVCAN","NAV CANADA","Infrastructure","Fixed Income","857,423.18","0.05","857,423.18","768,000.00","768,000.00","107.95","Canada","-","CAD","2.62","1.00","Jun 1, 2027","7.40","CAD","Dec 16, 1996"
"ALACN","ALTAGAS LTD MTN","Energy","Fixed Income","855,761.47","0.05","855,761.47","874,000.00","874,000.00","97.29","Canada","-","CAD","3.03","1.00","Oct 4, 2027","3.98","CAD","Oct 4, 2017"
"FCRCN","FIRST CAPITAL REAL ESTATE INVESTME","Real Estate","Fixed Income","855,178.69","0.05","855,178.69","840,000.00","840,000.00","100.42","Canada","-","CAD","5.50","1.00","Mar 1, 2031","5.57","CAD","Mar 1, 2024"
"REIUCN","RIOCAN REAL ESTATE INVESTMENT TRUS","Real Estate","Fixed Income","855,023.27","0.05","855,023.27","840,000.00","840,000.00","100.15","Canada","-","CAD","4.78","1.00","Mar 1, 2030","5.47","CAD","Feb 12, 2024"
"CCOCN","CAMECO CORPORATION","Industrial","Equity","854,252.91","0.05","854,252.91","900,000.00","900,000.00","94.59","Canada","-","CAD","3.18","1.00","Oct 21, 2027","2.95","CAD","Oct 21, 2020"
"FCRCN","FIRST CAPITAL REAL ESTATE INVESTME","Real Estate","Fixed Income","853,057.00","0.05","853,057.00","881,000.00","881,000.00","95.60","Canada","-","CAD","2.47","1.00","Jan 22, 2027","3.46","CAD","Jul 22, 2019"
"ALACN","ALTAGAS LTD MTN RegS","Energy","Fixed Income","851,951.83","0.05","851,951.83","850,000.00","850,000.00","99.03","Canada","-","CAD","14.39","1.00","Mar 14, 2054","5.60","CAD","Mar 14, 2024"
"BCFERR","BRITISH COLUMBIA FERRY SERVICES IN","Infrastructure","Fixed Income","851,391.09","0.05","851,391.09","1,197,000.00","1,197,000.00","70.77","Canada","-","CAD","16.49","1.00","Oct 15, 2049","2.79","CAD","Oct 15, 2019"
"EPCOR","EPCOR UTILITIES INC MTN 144A","Infrastructure","Fixed Income","848,893.69","0.05","848,893.69","800,000.00","800,000.00","105.88","Canada","-","CAD","8.52","1.00","Nov 16, 2035","5.65","CAD","Nov 17, 2005"
"ETRHWY","407 INTERNATIONAL INC. MTN","Infrastructure","Fixed Income","847,531.54","0.05","847,531.54","867,000.00","867,000.00","97.06","Canada","-","CAD","15.71","1.00","Oct 7, 2053","4.68","CAD","Oct 7, 2013"
"GZMCN","GAZ METRO INC MTN","Energy","Fixed Income","847,396.46","0.05","847,396.46","755,000.00","755,000.00","111.64","Canada","-","CAD","5.23","1.00","Oct 30, 2030","7.05","CAD","Oct 26, 2000"
"EPCOR","EPCOR UTILITIES INC MTN","Infrastructure","Fixed Income","844,468.72","0.05","844,468.72","777,000.00","777,000.00","108.57","Canada","-","CAD","10.50","1.00","Nov 24, 2039","5.75","CAD","Nov 24, 2009"
"CUCN","CU INC","Energy","Fixed Income","843,000.66","0.05","843,000.66","845,000.00","845,000.00","97.37","Canada","-","CAD","14.84","1.00","Jun 3, 2052","4.85","CAD","Jun 3, 2022"
"APUCN","ALLIED PROPERTIES REAL ESTATE INVE","Real Estate","Fixed Income","840,374.93","0.05","840,374.93","950,000.00","950,000.00","88.32","Canada","-","CAD","3.66","1.00","May 15, 2028","3.13","CAD","May 15, 2020"
"HEQCN","CHIP MORTGAGE TRUST RegS","Securitized","Fixed Income","839,700.98","0.05","839,700.98","800,000.00","800,000.00","102.67","Canada","-","CAD","5.27","1.00","Nov 14, 2048","6.07","CAD","Jul 14, 2023"
"NSIUCN","NOVA SCOTIA POWER INC","Infrastructure","Fixed Income","838,063.87","0.05","838,063.87","835,000.00","835,000.00","99.37","Canada","-","CAD","14.60","1.00","Mar 24, 2053","5.36","CAD","Mar 24, 2023"
"ENBGAS","ENBRIDGE GAS INC MTN","Energy","Fixed Income","837,761.83","0.05","837,761.83","843,000.00","843,000.00","99.26","Canada","-","CAD","14.80","1.00","Nov 22, 2050","4.95","CAD","Nov 22, 2010"
"LCN","LOBLAW COMPANIES LIMITED MTN","Industrial","Fixed Income","837,174.48","0.05","837,174.48","770,000.00","770,000.00","105.84","Canada","-","CAD","7.41","1.00","Jun 9, 2034","6.05","CAD","Jun 9, 2003"
"ETRHWY","407 INTERNATIONAL INC MTN","Infrastructure","Fixed Income","836,685.66","0.05","836,685.66","885,000.00","885,000.00","93.80","Canada","-","CAD","5.16","1.00","Mar 6, 2030","3.14","CAD","Mar 6, 2019"
"TRPCN","TRANSCANADA PIPELINES LIMITED MTN","Energy","Fixed Income","836,138.60","0.05","836,138.60","775,000.00","775,000.00","104.79","Canada","-","CAD","5.21","1.00","Dec 9, 2030","6.50","CAD","Dec 7, 1998"
"EQBCN","EQUITABLE BANK (CANADA)","Financial","Fixed Income","835,478.73","0.05","835,478.73","877,000.00","877,000.00","95.24","Canada","-","CAD","1.44","1.00","Nov 26, 2025","1.88","CAD","Nov 26, 2020"
"VANAIR","VANCOUVER INTL AIRPORT","Infrastructure","Fixed Income","835,527.40","0.05","835,527.40","763,000.00","763,000.00","105.93","Canada","-","CAD","2.23","1.00","Dec 7, 2026","7.42","CAD","Dec 6, 1996"
"AERMON","AEROPORTS DE MONTREAL","Infrastructure","Fixed Income","835,000.29","0.05","835,000.29","934,000.00","934,000.00","87.56","Canada","-","CAD","13.42","1.00","Jun 12, 2045","3.92","CAD","Jun 12, 2015"
"CTCACN","CANADIAN TIRE CORP LTD MTN","Industrial","Fixed Income","834,140.14","0.05","834,140.14","792,000.00","792,000.00","104.47","Canada","-","CAD","3.40","1.00","Apr 13, 2028","6.50","CAD","Apr 13, 1998"
"TOYOTA","TOYOTA CREDIT CANADA INC MTN","Financial","Fixed Income","833,432.95","0.05","833,432.95","882,000.00","882,000.00","93.89","Canada","-","CAD","2.05","1.00","Jul 20, 2026","1.66","CAD","Jul 20, 2021"
"TRPCN","TRANSCANADA PIPELINES LIMITED MTN","Energy","Fixed Income","831,757.57","0.05","831,757.57","803,000.00","803,000.00","103.50","Canada","-","CAD","3.53","1.00","May 26, 2028","6.28","CAD","May 26, 1998"
"ALTALK","ALTALINK LP MTN","Infrastructure","Fixed Income","831,068.08","0.05","831,068.08","967,000.00","967,000.00","84.11","Canada","-","CAD","14.17","1.00","Dec 3, 2046","3.72","CAD","Dec 1, 2016"
"NRMCAB","NRM CABIN INTERMEDIATE 1 LP","Infrastructure","Fixed Income","827,946.05","0.05","827,946.05","831,000.00","831,000.00","97.96","Canada","-","CAD","7.04","1.00","Jul 31, 2033","5.58","CAD","Feb 12, 2024"
"KEYCN","KEYERA CORP MTN","Energy","Fixed Income","827,636.97","0.05","827,636.97","810,000.00","810,000.00","99.88","Canada","-","CAD","14.16","1.00","Jan 4, 2054","5.66","CAD","Jan 4, 2024"
"ALACN","ALTAGAS LTD MTN","Energy","Fixed Income","826,117.05","0.05","826,117.05","833,000.00","833,000.00","98.56","Canada","-","CAD","1.71","1.00","Apr 7, 2026","4.12","CAD","Apr 7, 2016"
"SRUUCN","SMARTCENTRES REAL ESTATE INVESTMEN","Real Estate","Fixed Income","825,578.35","0.05","825,578.35","851,000.00","851,000.00","95.31","Canada","-","CAD","3.23","1.00","Dec 21, 2027","3.83","CAD","Dec 21, 2017"
"LCN","LOBLAW COMPANIES LTD","Industrial","Fixed Income","824,851.17","0.05","824,851.17","813,000.00","813,000.00","99.34","Canada","-","CAD","3.88","1.00","Dec 11, 2028","4.49","CAD","Dec 10, 2018"
"CCACN","COGECO COMMUNICATIONS INC","Communication","Fixed Income","824,409.82","0.05","824,409.82","818,000.00","818,000.00","99.26","Canada","-","CAD","6.81","1.00","Feb 16, 2033","5.30","CAD","Feb 16, 2023"
"COOPFS","CO-OPERATORS FINANCIAL SERVICES LT","Financial","Fixed Income","823,137.11","0.05","823,137.11","923,000.00","923,000.00","89.02","Canada","-","CAD","5.31","1.00","May 13, 2030","3.33","CAD","May 11, 2020"
"LBCN","LAURENTIAN BANK OF CANADA","Financial","Fixed Income","823,126.90","0.05","823,126.90","872,000.00","872,000.00","94.29","Canada","-","CAD","1.87","1.00","May 6, 2026","1.60","CAD","May 6, 2021"
"HYDONE","HYDRO ONE INC MTN","Infrastructure","Fixed Income","822,714.88","0.05","822,714.88","868,000.00","868,000.00","93.99","Canada","-","CAD","11.84","1.00","Sep 26, 2041","4.39","CAD","Sep 26, 2011"
"VANAIR","VANCOUVER AIRPORT AUTHORITY","Infrastructure","Fixed Income","818,652.84","0.05","818,652.84","1,146,000.00","1,146,000.00","70.89","Canada","-","CAD","16.79","1.00","Sep 21, 2050","2.80","CAD","Sep 21, 2020"
"CRRUCN","CROMBIE REAL ESTATE INVESTMENT TRU","Real Estate","Fixed Income","816,019.80","0.05","816,019.80","810,000.00","810,000.00","99.53","Canada","-","CAD","4.90","1.00","Mar 29, 2030","5.14","CAD","Mar 6, 2024"
"MCAPCO","MCAP COMMERCIAL LP","Financial","Fixed Income","815,748.74","0.05","815,748.74","830,000.00","830,000.00","97.30","Canada","-","CAD","1.18","1.00","Aug 25, 2025","3.74","CAD","Aug 25, 2020"
"DOLCN","DOLLARAMA INC","Industrial","Fixed Income","815,591.74","0.05","815,591.74","810,000.00","810,000.00","100.22","Canada","-","CAD","1.34","1.00","Oct 27, 2025","5.08","CAD","Oct 26, 2022"
"ALACN","ALTAGAS LTD MTN","Energy","Fixed Income","814,000.50","0.05","814,000.50","944,000.00","944,000.00","86.22","Canada","-","CAD","5.90","1.00","Nov 30, 2030","2.48","CAD","Nov 30, 2020"
"ACICN","TRISUMMIT UTILITIES INC MTN RegS","Energy","Fixed Income","813,718.23","0.05","813,718.23","800,000.00","800,000.00","99.78","Canada","-","CAD","4.74","1.00","Jan 11, 2030","5.02","CAD","Jan 11, 2023"
"BIP","BROOKFIELD INFRASTRUCTURE FINANCE MTN RegS","Infrastructure","Fixed Income","812,589.46","0.05","812,589.46","760,000.00","760,000.00","104.88","Canada","-","CAD","14.04","1.00","Jul 27, 2053","5.95","CAD","Jul 27, 2023"
"TORHYD","TORONTO HYDRO CORP MTN","Infrastructure","Fixed Income","808,783.03","0.05","808,783.03","753,000.00","753,000.00","107.26","Canada","-","CAD","10.81","1.00","May 21, 2040","5.54","CAD","May 20, 2010"
"HYDONE","HYDRO ONE INC MTN","Infrastructure","Fixed Income","807,557.80","0.05","807,557.80","813,000.00","813,000.00","98.05","Canada","-","CAD","1.02","1.00","Jun 26, 2025","2.97","CAD","Jun 26, 2018"
"HALFX","HALIFAX INTERNATIONAL AIRPORT AUTH","Infrastructure","Fixed Income","807,376.82","0.05","807,376.82","830,000.00","830,000.00","97.06","Canada","-","CAD","14.74","1.00","Nov 15, 2050","4.89","CAD","Nov 5, 2010"
"DIRUCN","DREAM INDUSTRIAL REAL ESTATE INVES","Real Estate","Fixed Income","806,400.12","0.05","806,400.12","842,000.00","842,000.00","95.04","Canada","-","CAD","1.50","1.00","Dec 22, 2025","1.66","CAD","Dec 22, 2020"
"HYDONE","HYDRO ONE INC MTN","Infrastructure","Fixed Income","803,353.90","0.05","803,353.90","1,087,000.00","1,087,000.00","73.25","Canada","-","CAD","16.59","1.00","Sep 15, 2051","3.10","CAD","Sep 17, 2021"
"FTSCN","FORTISBC INC MTN","Infrastructure","Fixed Income","801,232.94","0.05","801,232.94","922,000.00","922,000.00","86.54","Canada","-","CAD","13.31","1.00","Oct 28, 2044","4.00","CAD","Oct 28, 2014"
"NISCAN","NISSAN CANADA INC","Industrial","Fixed Income","799,921.71","0.05","799,921.71","830,000.00","830,000.00","95.97","Canada","-","CAD","1.27","1.00","Sep 22, 2025","2.10","CAD","Sep 22, 2021"
"GZMCN","ENERGIR INC RegS","Energy","Fixed Income","799,108.60","0.05","799,108.60","854,000.00","854,000.00","93.31","Canada","-","CAD","2.74","1.00","Apr 16, 2027","2.10","CAD","Apr 16, 2020"
"XCN","TMX GROUP LTD RegS","Financial","Fixed Income","798,849.73","0.05","798,849.73","780,000.00","780,000.00","100.99","Canada","-","CAD","7.53","1.00","Feb 16, 2034","4.97","CAD","Feb 16, 2024"
"AERMON","AEROPORT DE MONTREAL","Infrastructure","Fixed Income","798,722.96","0.05","798,722.96","897,000.00","897,000.00","88.34","Canada","-","CAD","12.57","1.00","Sep 26, 2042","3.92","CAD","Sep 26, 2012"
"VANAIR","VANCOUVER AIRPORT AUTHORITY","Infrastructure","Fixed Income","798,138.17","0.05","798,138.17","910,000.00","910,000.00","87.49","Canada","-","CAD","13.97","1.00","Nov 10, 2045","3.86","CAD","Nov 10, 2015"
"XCN","TMX GROUP LTD","Financial","Fixed Income","796,526.79","0.05","796,526.79","795,000.00","795,000.00","100.10","Canada","-","CAD","1.88","1.00","May 26, 2026","4.75","CAD","May 24, 2024"
"BCECN","BELL CANADA INC","Communication","Fixed Income","795,802.64","0.05","795,802.64","873,000.00","873,000.00","91.15","Canada","-","CAD","3.77","1.00","May 29, 2028","2.20","CAD","May 28, 2021"
"CAAIAU","CALGARY AIRPORT AUTHORITY","Infrastructure","Fixed Income","795,543.44","0.05","795,543.44","991,000.00","991,000.00","79.75","Canada","-","CAD","16.72","1.00","Oct 7, 2053","3.55","CAD","Oct 7, 2021"
"HYDONE","HYDRO ONE INC MTN","Infrastructure","Fixed Income","794,895.44","0.05","794,895.44","800,000.00","800,000.00","97.68","Canada","-","CAD","7.69","1.00","Mar 1, 2034","4.39","CAD","Jan 12, 2024"
"BCFERR","BRITISH COLUMBIA FERRY SERVICES IN","Infrastructure","Fixed Income","794,642.45","0.05","794,642.45","850,000.00","850,000.00","93.10","Canada","-","CAD","13.00","1.00","Apr 28, 2044","4.29","CAD","Apr 28, 2014"
"AERMON","MONTREAL AIRPORTS","Infrastructure","Fixed Income","794,403.36","0.05","794,403.36","1,001,000.00","1,001,000.00","79.03","Canada","-","CAD","16.19","1.00","Apr 26, 2051","3.44","CAD","Apr 26, 2021"
"MICCN","GENWORTH MI CANADA INC","Financial","Fixed Income","790,563.43","0.05","790,563.43","843,000.00","843,000.00","93.04","Canada","-","CAD","2.59","1.00","Mar 1, 2027","2.96","CAD","Feb 20, 2020"
"SRUUCN","SMARTCENTRES REAL ESTATE INVESTMEN","Real Estate","Fixed Income","788,983.94","0.05","788,983.94","825,000.00","825,000.00","94.84","Canada","-","CAD","1.49","1.00","Dec 16, 2025","1.74","CAD","Dec 16, 2020"
"DIRUCN","DREAM INDUSTRIAL REAL ESTATE INVES","Real Estate","Fixed Income","788,395.15","0.05","788,395.15","828,000.00","828,000.00","94.00","Canada","-","CAD","2.38","1.00","Dec 7, 2026","2.54","CAD","Dec 6, 2021"
"KEYCN","KEYERA CORP MTN","Energy","Fixed Income","788,422.49","0.05","788,422.49","833,000.00","833,000.00","94.63","Canada","-","CAD","5.26","1.00","May 29, 2030","3.96","CAD","May 29, 2020"
"IGMCN","INVESTORS GROUP INC.","Financial","Fixed Income","787,925.88","0.05","787,925.88","684,000.00","684,000.00","113.54","Canada","-","CAD","6.61","1.00","Mar 7, 2033","7.11","CAD","Mar 5, 2003"
"ACOXCN","ATCO LTD RegS","Energy","Fixed Income","786,773.65","0.05","786,773.65","801,000.00","801,000.00","97.77","Canada","-","CAD","3.51","1.00","Nov 1, 2078","5.50","CAD","Nov 1, 2018"
"CNRCN","CANADIAN NATIONAL RAILWAY COMPANY","Industrial","Fixed Income","785,099.11","0.05","785,099.11","827,000.00","827,000.00","94.00","Canada","-","CAD","4.28","1.00","Feb 8, 2029","3.00","CAD","Feb 8, 2019"
"DOLCN","DOLLARAMA INC","Industrial","Fixed Income","784,820.25","0.05","784,820.25","825,000.00","825,000.00","94.39","Canada","-","CAD","2.01","1.00","Jul 8, 2026","1.87","CAD","Jul 8, 2021"
"VANAIR","VANCOUVER AIRPORT AUTHORITY","Infrastructure","Fixed Income","783,053.57","0.05","783,053.57","913,000.00","913,000.00","85.42","Canada","-","CAD","5.84","1.00","Sep 20, 2030","1.76","CAD","Sep 21, 2020"
"CRTUCN","CT REAL ESTATE INVESTMENT TRUST","Real Estate","Fixed Income","782,424.18","0.05","782,424.18","796,000.00","796,000.00","96.65","Canada","-","CAD","1.88","1.00","Jun 1, 2026","3.29","CAD","May 31, 2016"
"ALTALK","ALTALINK LP MTN","Infrastructure","Fixed Income","781,645.46","0.05","781,645.46","820,000.00","820,000.00","93.61","Canada","-","CAD","15.71","1.00","Jul 11, 2053","4.45","CAD","Jul 12, 2013"
"LOWMAT","LOWER MATTAGAMI ENERGY LP","Infrastructure","Fixed Income","779,746.19","0.05","779,746.19","767,000.00","767,000.00","101.25","Canada","-","CAD","7.45","1.00","Oct 31, 2033","4.85","CAD","Oct 31, 2022"
"DTRGR","DAIMLER TRUCK FINANCE CANADA INC RegS","Financial","Fixed Income","777,236.56","0.05","777,236.56","755,000.00","755,000.00","101.88","Germany","-","CAD","2.14","1.00","Sep 25, 2026","5.81","CAD","Sep 25, 2023"
"LOWMAT","LOWER MATTAGAMI ENERGY LP","Infrastructure","Fixed Income","775,562.98","0.05","775,562.98","845,000.00","845,000.00","90.66","Canada","-","CAD","13.72","1.00","Feb 23, 2046","4.18","CAD","Feb 25, 2013"
"CLOVLP","CLOVER LIMITED PARTNERSHIP","Energy","Fixed Income","774,763.28","0.05","774,763.28","809,023.00","809,023.00","95.06","Canada","-","CAD","3.69","1.00","Mar 31, 2034","4.22","CAD","Oct 24, 2018"
"VW","VW CREDIT CANADA INC RegS","Financial","Fixed Income","771,987.97","0.05","771,987.97","748,000.00","748,000.00","102.95","Germany","-","CAD","3.12","1.00","Nov 15, 2027","5.86","CAD","Nov 15, 2022"
"DTRGR","DAIMLER TRUCKS FINANCE CANADA INC RegS","Financial","Fixed Income","771,459.29","0.05","771,459.29","755,000.00","755,000.00","101.15","Germany","-","CAD","3.00","1.00","Sep 20, 2027","5.22","CAD","Sep 19, 2022"
"FIRWST","FIRST WEST CREDIT UNION RegS","Financial","Fixed Income","770,663.71","0.05","770,663.71","700,000.00","700,000.00","107.28","Canada","-","CAD","3.45","1.00","Aug 9, 2033","9.19","CAD","Aug 9, 2023"
"TRPCN","TRANSCANADA PIPELINES LIMITED MTN","Energy","Fixed Income","770,390.62","0.05","770,390.62","712,000.00","712,000.00","106.05","Canada","-","CAD","3.59","1.00","Aug 7, 2028","6.89","CAD","Jul 30, 1997"
"COMWIN","COMBER WIND FINANCIAL CORP","Energy","Fixed Income","769,917.05","0.05","769,917.05","769,173.00","769,173.00","97.96","Canada","-","CAD","3.01","1.00","Nov 15, 2030","5.13","CAD","Feb 22, 2013"
"FTSCN","TERASEN GAS VANCOUVER IS","Energy","Fixed Income","769,503.06","0.05","769,503.06","687,000.00","687,000.00","110.25","Canada","-","CAD","9.43","1.00","Feb 15, 2038","6.05","CAD","Feb 15, 2008"
"CUCN","CU INC MTN","Energy","Fixed Income","769,190.13","0.05","769,190.13","768,000.00","768,000.00","100.00","Canada","-","CAD","9.24","1.00","Nov 20, 2036","5.03","CAD","Nov 20, 2006"
"ALCTRA","ALECTRA INC (CANADA)","Infrastructure","Fixed Income","768,644.78","0.05","768,644.78","854,000.00","854,000.00","88.68","Canada","-","CAD","12.38","1.00","Jul 30, 2042","3.96","CAD","Jul 30, 2012"
"NSIUCN","NOVA SCOTIA POWER INC MTN","Infrastructure","Fixed Income","768,212.62","0.05","768,212.62","889,000.00","889,000.00","85.44","Canada","-","CAD","11.94","1.00","Mar 6, 2042","4.15","CAD","Mar 6, 2012"
"LCN","LOBLAW COMPANIES LIMITED MTN","Industrial","Fixed Income","762,002.25","0.05","762,002.25","703,000.00","703,000.00","106.08","Canada","-","CAD","3.95","1.00","Jan 22, 2029","6.50","CAD","Jan 22, 1999"
"ENBCN","ENBRIDGE INC MTN","Energy","Fixed Income","761,719.99","0.05","761,719.99","836,000.00","836,000.00","90.98","Canada","-","CAD","12.54","1.00","Nov 21, 2044","4.87","CAD","Dec 21, 2018"
"EAGCCT_24-1-A","EAGCCT_24-1 A RegS","Securitized","Fixed Income","761,497.20","0.05","761,497.20","760,000.00","760,000.00","100.20","Canada","-","CAD","4.45","1.00","Jun 17, 2029","4.91","CAD","Jun 4, 2024"
"ENBGAS","ENBRIDGE GAS INC MTN","Energy","Fixed Income","760,226.09","0.05","760,226.09","812,000.00","812,000.00","93.53","Canada","-","CAD","12.66","1.00","Nov 23, 2043","4.50","CAD","Nov 22, 2013"
"BAMREP","BROOKFIELD RENEWABLE PARTNERS ULC MTN","Energy","Fixed Income","758,703.35","0.05","758,703.35","760,000.00","760,000.00","97.76","Canada","-","CAD","14.56","1.00","Jan 10, 2054","5.32","CAD","Jan 10, 2024"
"AERMON","MONTREAL AIRPORTS","Infrastructure","Fixed Income","757,849.20","0.05","757,849.20","1,027,000.00","1,027,000.00","73.46","Canada","-","CAD","16.34","1.00","Apr 21, 2050","3.03","CAD","Apr 21, 2020"
"CTCACN","CANADIAN TIRE CORPORATION LIMITED MTN","Industrial","Fixed Income","755,284.93","0.05","755,284.93","707,000.00","707,000.00","105.11","Canada","-","CAD","7.21","1.00","Feb 24, 2034","6.45","CAD","Feb 24, 2004"
"ENBGAS","ENBRIDGE GAS INC MTN","Energy","Fixed Income","753,416.22","0.05","753,416.22","877,000.00","877,000.00","84.01","Canada","-","CAD","13.84","1.00","Jun 1, 2046","3.80","CAD","May 31, 2016"
"GZMCN","ENERGIR INC RegS","Energy","Fixed Income","750,978.97","0.05","750,978.97","750,000.00","750,000.00","99.30","Canada","-","CAD","6.75","1.00","Sep 27, 2032","4.67","CAD","Sep 27, 2022"
"HEQCN","CHIP MORTGAGE TRUST","Securitized","Fixed Income","750,644.41","0.05","750,644.41","785,000.00","785,000.00","94.82","Canada","-","CAD","1.48","1.00","Dec 15, 2025","1.74","CAD","Dec 15, 2020"
"LCN","LOBLAW CO LTD MTN","Industrial","Fixed Income","750,534.85","0.05","750,534.85","704,000.00","704,000.00","104.63","Canada","-","CAD","3.24","1.00","Feb 9, 2028","6.45","CAD","Feb 9, 1998"
"DRSILL","SUMMIT INDUSTRIAL INCOME REIT","Real Estate","Fixed Income","749,024.49","0.05","749,024.49","821,000.00","821,000.00","90.31","Canada","-","CAD","3.82","1.00","Jul 14, 2028","2.44","CAD","Feb 17, 2023"
"CUCN","CU INC MTN","Energy","Fixed Income","747,961.27","0.05","747,961.27","731,000.00","731,000.00","102.18","Canada","-","CAD","8.67","1.00","Nov 21, 2035","5.18","CAD","Nov 21, 2005"
"TOUCN","TOURMALINE OIL CORP","Energy","Fixed Income","743,199.26","0.05","743,199.26","740,000.00","740,000.00","100.42","Canada","-","CAD","2.77","1.00","May 30, 2027","4.86","CAD","May 30, 2024"
"ENBGAS","ENBRIDGE GAS INC MTN","Energy","Fixed Income","742,161.19","0.05","742,161.19","919,000.00","919,000.00","80.67","Canada","-","CAD","14.86","1.00","Nov 22, 2047","3.59","CAD","Nov 22, 2017"
"RLNCE","RELIANCE LP","Industrial","Fixed Income","739,731.34","0.05","739,731.34","788,000.00","788,000.00","92.54","Canada","-","CAD","3.25","1.00","Dec 1, 2027","2.68","CAD","Aug 20, 2020"
"NAVCAN","NAV CANADA MTN","Infrastructure","Fixed Income","737,925.97","0.05","737,925.97","915,000.00","915,000.00","80.10","Canada","-","CAD","15.39","1.00","Mar 30, 2048","3.29","CAD","Mar 29, 2018"
"SE","WESTCOAST ENERGY","Energy","Fixed Income","737,325.67","0.05","737,325.67","688,000.00","688,000.00","104.06","Canada","-","CAD","3.07","1.00","Dec 15, 2027","6.75","CAD","Dec 15, 1997"
"ALTALK","ALTALINK LP","Infrastructure","Fixed Income","734,747.67","0.05","734,747.67","732,000.00","732,000.00","100.34","Canada","-","CAD","6.92","1.00","Nov 28, 2032","4.69","CAD","Nov 28, 2022"
"EPCOR","EPCOR UTILITIES INC MTN","Infrastructure","Fixed Income","731,997.42","0.05","731,997.42","971,000.00","971,000.00","74.16","Canada","-","CAD","15.74","1.00","Jul 8, 2049","3.11","CAD","Jul 8, 2019"
"NSIUCN","NOVA SCOTIA POWER INC MTN","Infrastructure","Fixed Income","730,101.55","0.05","730,101.55","648,000.00","648,000.00","110.84","Canada","-","CAD","6.87","1.00","Aug 25, 2033","6.95","CAD","Aug 25, 2003"
"TORHYD","TORONTO HYDRO CORPORATION","Infrastructure","Fixed Income","729,409.94","0.05","729,409.94","758,000.00","758,000.00","95.57","Canada","-","CAD","2.13","1.00","Aug 25, 2026","2.52","CAD","Jun 14, 2016"
"FTSCN","FORTISBC INC MTN","Infrastructure","Fixed Income","729,119.12","0.05","729,119.12","640,000.00","640,000.00","110.90","Canada","-","CAD","9.88","1.00","Jun 2, 2039","6.10","CAD","Jun 2, 2009"
"IGMCN","IGM FINANCIAL INC","Financial","Fixed Income","726,706.81","0.05","726,706.81","820,000.00","820,000.00","86.66","Canada","-","CAD","14.06","1.00","Dec 9, 2047","4.12","CAD","Dec 7, 2017"
"VANAIR","VANCOUVER AIRPORT AUTHORITY RegS","Infrastructure","Fixed Income","726,383.39","0.05","726,383.39","863,000.00","863,000.00","84.09","Canada","-","CAD","15.31","1.00","Nov 23, 2048","3.66","CAD","Nov 23, 2018"
"SLFCN","SUN LIFE ASSURANCE COMPANY OF CANA","Financial","Fixed Income","726,013.79","0.05","726,013.79","689,000.00","689,000.00","105.10","Canada","-","CAD","3.50","1.00","May 15, 2028","6.30","CAD","May 15, 1998"
"POWCN","POWER CORPORATION OF CANADA","Financial","Fixed Income","724,063.91","0.05","724,063.91","770,000.00","770,000.00","92.51","Canada","-","CAD","14.16","1.00","Jul 27, 2048","4.46","CAD","Jul 25, 2018"
"EPCOR","EPCOR UTILITIES INC MTN","Infrastructure","Fixed Income","723,234.72","0.05","723,234.72","749,000.00","749,000.00","95.40","Canada","-","CAD","11.89","1.00","Feb 28, 2042","4.55","CAD","Feb 28, 2012"
"FTTCN","FINNING INTERNATIONAL INC","Industrial","Fixed Income","722,921.39","0.05","722,921.39","730,000.00","730,000.00","98.85","Canada","-","CAD","3.56","1.00","May 16, 2028","4.45","CAD","May 16, 2023"
"FTSCN","FORTISALBERTA INC MTN","Infrastructure","Fixed Income","722,399.52","0.05","722,399.52","587,000.00","587,000.00","121.00","Canada","-","CAD","9.58","1.00","Feb 14, 2039","7.06","CAD","Feb 13, 2009"
"IFCCN","INTACT FINANCIAL CORP MTN RegS","Financial","Fixed Income","722,073.89","0.05","722,073.89","870,000.00","870,000.00","82.88","Canada","-","CAD","16.47","1.00","May 20, 2053","3.77","CAD","May 18, 2021"
"CRRUCN","CROMBIE REAL ESTATE INVESTMENT TRU","Real Estate","Fixed Income","721,563.18","0.05","721,563.18","825,000.00","825,000.00","86.53","Canada","-","CAD","6.26","1.00","Aug 12, 2031","3.13","CAD","Aug 12, 2021"
"PMZUCN","PRIMARIS REAL ESTATE INVESTMENT TR RegS","Real Estate","Fixed Income","719,282.95","0.05","719,282.95","700,000.00","700,000.00","101.73","Canada","-","CAD","3.33","1.00","Mar 29, 2028","5.93","CAD","Mar 29, 2023"
"IPLCN","INTER PIPELINE LTD","Energy","Fixed Income","717,182.99","0.05","717,182.99","835,000.00","835,000.00","85.83","Canada","-","CAD","13.92","1.00","Nov 27, 2051","5.09","CAD","Nov 25, 2021"
"WAACA","WINNIPEG AIRPORT AUTHORITY","Infrastructure","Fixed Income","714,032.55","0.05","714,032.55","725,252.00","725,252.00","97.54","Canada","-","CAD","7.00","1.00","Sep 28, 2040","5.21","CAD","Sep 28, 2005"
"CUCN","CU INC MTN","Energy","Fixed Income","712,617.86","0.05","712,617.86","719,000.00","719,000.00","98.09","Canada","-","CAD","15.16","1.00","Sep 14, 2052","4.77","CAD","Sep 14, 2022"
"ENBGAS","ENBRIDGE GAS INC MTN","Energy","Fixed Income","711,295.07","0.05","711,295.07","895,000.00","895,000.00","79.46","Canada","-","CAD","14.95","1.00","Nov 29, 2047","3.51","CAD","Nov 29, 2017"
"GZMCN","ENERGIR INC RegS","Energy","Fixed Income","710,694.16","0.05","710,694.16","789,000.00","789,000.00","89.14","Canada","-","CAD","6.67","1.00","Feb 9, 2032","3.04","CAD","Feb 9, 2022"
"EPCOR","EPCOR UTILITIES INC","Infrastructure","Fixed Income","709,773.61","0.05","709,773.61","1,000,000.00","1,000,000.00","70.88","Canada","-","CAD","16.54","1.00","May 19, 2050","2.90","CAD","May 19, 2020"
"ENBGAS","ENBRIDGE GAS INC MTN","Energy","Fixed Income","709,064.55","0.05","709,064.55","676,000.00","676,000.00","103.68","Canada","-","CAD","8.92","1.00","Sep 11, 2036","5.46","CAD","Sep 11, 2006"
"HRUCN","H&R REAL ESTATE INVESTMENT TRUST","Real Estate","Fixed Income","708,634.60","0.05","708,634.60","733,000.00","733,000.00","95.23","Canada","-","CAD","1.89","1.00","Jun 2, 2026","2.91","CAD","Dec 2, 2020"
"IFCCN","INTACT FINANCIAL CORP","Financial","Fixed Income","707,035.76","0.05","707,035.76","750,000.00","750,000.00","93.58","Canada","-","CAD","1.56","1.00","Mar 31, 2081","4.13","CAD","Mar 31, 2021"
"ALTALK","ALTALINK LP MTN","Infrastructure","Fixed Income","704,365.60","0.05","704,365.60","663,000.00","663,000.00","105.27","Canada","-","CAD","10.72","1.00","Mar 26, 2040","5.38","CAD","Mar 25, 2010"
"MBGGR","MERCEDES-BENZ FINANCE CANADA INC MTN","Financial","Fixed Income","704,167.33","0.04","704,167.33","685,000.00","685,000.00","100.63","Germany","-","CAD","1.92","1.00","Jun 29, 2026","5.14","CAD","Jun 27, 2023"
"ALACN","ALTAGAS LTD","Energy","Fixed Income","702,510.77","0.04","702,510.77","752,000.00","752,000.00","92.97","Canada","-","CAD","2.66","1.00","Mar 16, 2027","2.17","CAD","Mar 16, 2021"
"BCFERR","BRITISH COLUMBIA FERRY SERVICES IN","Infrastructure","Fixed Income","699,928.10","0.04","699,928.10","708,000.00","708,000.00","98.37","Canada","-","CAD","12.53","1.00","Oct 23, 2043","4.70","CAD","Oct 25, 2013"
"HYDONE","HYDRO ONE INC MTN","Infrastructure","Fixed Income","700,018.83","0.04","700,018.83","857,000.00","857,000.00","80.43","Canada","-","CAD","18.07","1.00","Jul 31, 2062","3.79","CAD","Jul 31, 2012"
"FTTCN","FINNING INTERNATIONAL INC","Industrial","Fixed Income","697,665.03","0.04","697,665.03","725,000.00","725,000.00","95.46","Canada","-","CAD","2.10","1.00","Aug 14, 2026","2.63","CAD","Aug 14, 2019"
"SIACN","SIENNA SENIOR LIVING INC","Industrial","Fixed Income","696,875.91","0.04","696,875.91","745,000.00","745,000.00","93.07","Canada","-","CAD","2.67","1.00","Mar 31, 2027","2.82","CAD","Jun 3, 2021"
"TIHCN","TOROMONT INDUSTRIES LTD.","Industrial","Fixed Income","696,474.13","0.04","696,474.13","705,000.00","705,000.00","98.17","Canada","-","CAD","1.28","1.00","Sep 30, 2025","3.71","CAD","Sep 30, 2015"
"EAGCCT_22-1-A","EAGCCT_22-1 A RegS","Securitized","Fixed Income","694,141.53","0.04","694,141.53","681,000.00","681,000.00","100.16","Canada","-","CAD","2.84","1.00","Jul 17, 2027","4.78","CAD","Jul 13, 2022"
"CRRUCN","CROMBIE REAL ESTATE INVESTMENT TRU","Real Estate","Fixed Income","693,880.63","0.04","693,880.63","708,000.00","708,000.00","97.05","Canada","-","CAD","2.09","1.00","Aug 26, 2026","3.68","CAD","Aug 26, 2019"
"ALACN","ALTAGAS LTD MTN","Energy","Fixed Income","692,828.74","0.04","692,828.74","754,000.00","754,000.00","91.11","Canada","-","CAD","13.24","1.00","Oct 4, 2047","4.99","CAD","Oct 4, 2017"
"POWCN","POWER CORPORATION CANADA","Financial","Fixed Income","690,176.50","0.04","690,176.50","500,000.00","500,000.00","137.12","Canada","-","CAD","9.41","1.00","Apr 22, 2039","8.57","CAD","Apr 20, 2009"
"TORHYD","TORONTO HYDRO CORPORATION","Infrastructure","Fixed Income","688,535.54","0.04","688,535.54","787,000.00","787,000.00","87.21","Canada","-","CAD","6.61","1.00","Oct 20, 2031","2.47","CAD","Oct 18, 2021"
"POWCN","POWER CORPORATION OF CANADA","Financial","Fixed Income","687,640.80","0.04","687,640.80","696,000.00","696,000.00","97.20","Canada","-","CAD","13.43","1.00","Jan 31, 2047","4.81","CAD","Jan 31, 2017"
"AERMON","AEROPORTS DE MONTREAL","Infrastructure","Fixed Income","686,319.36","0.04","686,319.36","860,000.00","860,000.00","79.46","Canada","-","CAD","14.91","1.00","Apr 24, 2047","3.36","CAD","Apr 24, 2017"
"CUCN","CU INC","Energy","Fixed Income","685,816.93","0.04","685,816.93","770,000.00","770,000.00","88.70","Canada","-","CAD","16.57","1.00","Oct 29, 2055","4.21","CAD","Oct 30, 2015"
"CRTUCN","CT REAL ESTATE INVESTMENT TRUST","Real Estate","Fixed Income","682,901.98","0.04","682,901.98","741,000.00","741,000.00","91.20","Canada","-","CAD","4.26","1.00","Feb 5, 2029","3.03","CAD","Feb 3, 2022"
"MRUCN","METRO INC MTN","Industrial","Fixed Income","681,502.16","0.04","681,502.16","900,000.00","900,000.00","74.85","Canada","-","CAD","15.47","1.00","Feb 28, 2050","3.41","CAD","Feb 26, 2020"
"ENBGAS","ENBRIDGE GAS INC MTN","Energy","Fixed Income","681,195.38","0.04","681,195.38","690,000.00","690,000.00","97.99","Canada","-","CAD","1.23","1.00","Sep 11, 2025","3.31","CAD","Sep 11, 2015"
"FTSCN","FORTISALBERTA INC MTN RegS","Infrastructure","Fixed Income","679,856.92","0.04","679,856.92","682,000.00","682,000.00","98.61","Canada","-","CAD","12.27","1.00","Sep 11, 2043","4.85","CAD","Sep 13, 2013"
"CCOCN","CAMECO CORPORATION","Industrial","Fixed Income","677,294.47","0.04","677,294.47","730,000.00","730,000.00","92.54","Canada","-","CAD","11.70","1.00","Nov 14, 2042","5.09","CAD","Nov 14, 2012"
"MBGGR","MERCEDES-BENZ FINANCE CANADA INC MTN","Financial","Fixed Income","675,056.41","0.04","675,056.41","650,000.00","650,000.00","101.67","Germany","-","CAD","3.59","1.00","Jun 27, 2028","5.12","CAD","Jun 27, 2023"
"DE","JOHN DEERE FINANCIAL INC","Financial","Fixed Income","674,986.20","0.04","674,986.20","720,000.00","720,000.00","92.72","United States","-","CAD","4.24","1.00","Jan 19, 2029","2.81","CAD","Jan 19, 2022"
"NVLAUT","NOUVELLE AUTOROUTE 30 FINANCEMENT","Infrastructure","Fixed Income","672,182.72","0.04","672,182.72","721,505.00","721,505.00","92.54","Canada","-","CAD","4.71","1.00","Mar 31, 2033","3.75","CAD","Jun 14, 2018"
"AERMON","AEROPORTS DE MONTREAL","Infrastructure","Fixed Income","666,523.07","0.04","666,523.07","648,000.00","648,000.00","101.80","Canada","-","CAD","8.49","1.00","Sep 17, 2035","5.17","CAD","Sep 15, 2005"
"IFCCN","INTACT FINANCIAL CORP MTN","Financial","Fixed Income","665,238.65","0.04","665,238.65","911,000.00","911,000.00","71.67","Canada","-","CAD","16.39","1.00","Dec 16, 2050","2.95","CAD","Dec 16, 2020"
"CRTUCN","CT REAL ESTATE INVESTMENT TRUST","Real Estate","Fixed Income","664,417.47","0.04","664,417.47","630,000.00","630,000.00","102.57","Canada","-","CAD","3.43","1.00","Jun 14, 2028","5.83","CAD","Nov 17, 2023"
"CONNEC","CONNECT 6IX GENERAL PARTNERSHIP","Infrastructure","Fixed Income","663,389.19","0.04","663,389.19","600,000.00","600,000.00","110.55","Canada","-","CAD","15.63","1.00","Nov 30, 2060","6.21","CAD","Nov 17, 2022"
"GEICN","GIBSON ENERGY INC MTN","Energy","Fixed Income","662,585.33","0.04","662,585.33","695,000.00","695,000.00","94.26","Canada","-","CAD","2.91","1.00","Jul 14, 2027","2.85","CAD","Jul 14, 2020"
"CPXCN","CAPITAL POWER CORP MTN RegS","Energy","Fixed Income","660,191.09","0.04","660,191.09","640,000.00","640,000.00","100.68","Canada","-","CAD","2.40","1.00","Jan 25, 2027","5.38","CAD","Dec 15, 2023"
"BCFERR","BC FERRY SERVICES INC MTN","Infrastructure","Fixed Income","656,224.11","0.04","656,224.11","639,000.00","639,000.00","101.71","Canada","-","CAD","9.38","1.00","Mar 20, 2037","5.02","CAD","Mar 20, 2007"
"CTLONE","CENTRAL 1 CREDIT UNION MTN","Financial","Fixed Income","655,663.89","0.04","655,663.89","635,000.00","635,000.00","102.91","Canada","-","CAD","3.84","1.00","Nov 10, 2028","5.98","CAD","Nov 10, 2023"
"NSIUCN","NOVA SCOTIA POWER INC RegS","Infrastructure","Fixed Income","654,686.96","0.04","654,686.96","916,000.00","916,000.00","71.15","Canada","-","CAD","15.58","1.00","Apr 25, 2050","3.31","CAD","Apr 24, 2020"
"LOWMAT","LOWER MATTAGAMI ENERGY LP","Infrastructure","Fixed Income","651,038.83","0.04","651,038.83","639,000.00","639,000.00","100.92","Canada","-","CAD","12.39","1.00","Sep 21, 2043","4.94","CAD","Sep 20, 2013"
"CHPUCN","CHOICE PROPERTIES REIT","Real Estate","Fixed Income","650,361.54","0.04","650,361.54","659,000.00","659,000.00","98.61","Canada","-","CAD","1.41","1.00","Nov 24, 2025","4.05","CAD","Nov 24, 2015"
"ALACN","ALTAGAS LTD MTN","Energy","Fixed Income","645,666.22","0.04","645,666.22","658,000.00","658,000.00","97.10","Canada","-","CAD","0.99","1.00","Jun 10, 2025","2.16","CAD","Jun 10, 2020"
"CAT","CATERPILLAR FINANCIAL SERVICES LTD MTN","Financial","Fixed Income","645,295.62","0.04","645,295.62","640,000.00","640,000.00","99.75","United States","-","CAD","2.55","1.00","Mar 5, 2027","4.51","CAD","Mar 5, 2024"
"ALTALK","ALTALINK LP","Infrastructure","Fixed Income","643,843.83","0.04","643,843.83","655,000.00","655,000.00","98.18","Canada","-","CAD","15.92","1.00","May 22, 2054","4.74","CAD","May 22, 2024"
"TOUCN","TOURMALINE OIL CORP RegS","Energy","Fixed Income","640,867.17","0.04","640,867.17","700,000.00","700,000.00","90.80","Canada","-","CAD","4.34","1.00","Feb 12, 2029","2.53","CAD","Aug 11, 2021"
"TORHYD","TORONTO HYDRO CORPORATION","Infrastructure","Fixed Income","639,920.51","0.04","639,920.51","705,000.00","705,000.00","89.92","Canada","-","CAD","13.22","1.00","Sep 16, 2044","4.08","CAD","Sep 16, 2014"
"TOYOTA","TOYOTA CREDIT CANADA INC MTN","Financial","Fixed Income","639,151.43","0.04","639,151.43","620,000.00","620,000.00","101.07","Canada","-","CAD","1.95","1.00","Jul 13, 2026","5.29","CAD","Jul 12, 2023"
"CP","CANADIAN PACIFIC RAILWAY COMPANY","Industrial","Fixed Income","639,035.05","0.04","639,035.05","873,000.00","873,000.00","72.51","Canada","-","CAD","16.11","1.00","Mar 9, 2050","3.05","CAD","Mar 9, 2020"
"ELFCN","E-L FINANCIAL CORP LTD","Financial","Fixed Income","638,782.92","0.04","638,782.92","754,000.00","754,000.00","82.95","Canada","-","CAD","14.86","1.00","Jun 22, 2050","4.00","CAD","Jun 22, 2020"
"LOWMAT","LOWER MATTAGAMI ENERGY LP","Infrastructure","Fixed Income","635,766.71","0.04","635,766.71","617,000.00","617,000.00","102.86","Canada","-","CAD","11.41","1.00","May 18, 2041","5.14","CAD","May 17, 2011"
"HRUCN","H&R REAL ESTATE INVESTMENT TRUST","Real Estate","Fixed Income","634,625.89","0.04","634,625.89","625,000.00","625,000.00","100.15","Canada","-","CAD","4.09","1.00","Feb 28, 2029","5.46","CAD","Feb 28, 2024"
"CTLONE","CENTRAL 1 CREDIT UNION","Financial","Fixed Income","633,260.35","0.04","633,260.35","670,000.00","670,000.00","93.52","Canada","-","CAD","1.97","1.00","Jun 30, 2031","2.39","CAD","Jun 30, 2021"
"ENBGAS","ENBRIDGE GAS INC MTN","Energy","Fixed Income","633,086.37","0.04","633,086.37","872,000.00","872,000.00","71.68","Canada","-","CAD","15.87","1.00","Aug 9, 2049","3.01","CAD","Aug 9, 2019"
"ENBGAS","ENBRIDGE GAS INC MTN","Energy","Fixed Income","629,410.97","0.04","629,410.97","600,000.00","600,000.00","104.70","Canada","-","CAD","3.52","1.00","May 19, 2028","6.10","CAD","May 19, 1998"
"DRSILL","DREAM SUMMIT INDUS","Real Estate","Fixed Income","629,142.98","0.04","629,142.98","670,000.00","670,000.00","93.04","Canada","-","CAD","2.48","1.00","Jan 12, 2027","2.25","CAD","Feb 17, 2023"
"TCLACN","TRANSCONTINENTAL INC.","Communication","Fixed Income","629,123.84","0.04","629,123.84","665,000.00","665,000.00","93.74","Canada","-","CAD","2.02","1.00","Jul 13, 2026","2.28","CAD","Jul 12, 2021"
"ALTALK","ALTALINK LP","Infrastructure","Fixed Income","628,204.25","0.04","628,204.25","629,000.00","629,000.00","99.66","Canada","-","CAD","11.29","1.00","Nov 15, 2040","4.87","CAD","Nov 15, 2010"
"HYDONE","HYDRO ONE INC","Infrastructure","Fixed Income","627,999.66","0.04","627,999.66","761,000.00","761,000.00","81.96","Canada","-","CAD","15.60","1.00","Apr 5, 2050","3.64","CAD","Apr 5, 2019"
"CRRUCN","CROMBIE REAL ESTATE INVESTMENT TRU RegS","Real Estate","Fixed Income","627,815.00","0.04","627,815.00","620,000.00","620,000.00","100.34","Canada","-","CAD","4.54","1.00","Sep 28, 2029","5.24","CAD","Mar 28, 2023"
"ENBGAS","ENBRIDGE GAS INC MTN","Energy","Fixed Income","626,447.31","0.04","626,447.31","600,000.00","600,000.00","103.59","Canada","-","CAD","3.78","1.00","Oct 6, 2028","5.46","CAD","Oct 6, 2023"
"FTSCN","FORTISBC ENERGY INC MTN","Energy","Fixed Income","626,245.06","0.04","626,245.06","580,000.00","580,000.00","106.44","Canada","-","CAD","7.95","1.00","Feb 26, 2035","5.90","CAD","Feb 25, 2005"
"GZMCN","GAZ METRO INC RegS","Energy","Fixed Income","625,160.23","0.04","625,160.23","770,000.00","770,000.00","81.04","Canada","-","CAD","14.77","1.00","May 16, 2047","3.53","CAD","May 16, 2017"
"CRRUCN","CROMBIE REAL ESTATE INVESTMENT TRU","Real Estate","Fixed Income","622,385.15","0.04","622,385.15","675,000.00","675,000.00","91.76","Canada","-","CAD","3.58","1.00","Mar 31, 2028","2.69","CAD","Oct 9, 2020"
"FTSCN","FORTISALBERTA INC MTN","Infrastructure","Fixed Income","620,730.80","0.04","620,730.80","648,000.00","648,000.00","95.26","Canada","-","CAD","11.81","1.00","Oct 18, 2041","4.54","CAD","Oct 19, 2011"
"HOMEQU","HOMEEQUITY BANK","Financial","Fixed Income","616,401.41","0.04","616,401.41","585,000.00","585,000.00","102.02","Canada","-","CAD","2.24","1.00","Dec 11, 2026","7.11","CAD","Dec 11, 2023"
"CAAIAU","CALGARY AIRPORT AUTHORITY","Infrastructure","Fixed Income","615,525.06","0.04","615,525.06","760,000.00","760,000.00","80.46","Canada","-","CAD","16.17","1.00","Oct 7, 2051","3.55","CAD","Oct 7, 2021"
"EPCOR","EPCOR UTILITIES INC MTN","Infrastructure","Fixed Income","613,483.89","0.04","613,483.89","698,000.00","698,000.00","86.88","Canada","-","CAD","6.32","1.00","Jun 30, 2031","2.41","CAD","Jun 28, 2021"
"TORHYD","TORONTO HYDRO CORPORATION","Infrastructure","Fixed Income","612,693.90","0.04","612,693.90","749,000.00","749,000.00","80.91","Canada","-","CAD","15.01","1.00","Feb 28, 2048","3.48","CAD","Nov 14, 2017"
"ETRHWY","407 INTERNATIONAL INC MTN","Infrastructure","Fixed Income","610,275.21","0.04","610,275.21","665,000.00","665,000.00","91.36","Canada","-","CAD","12.22","1.00","Apr 25, 2042","4.19","CAD","Apr 25, 2012"
"BCECN","BELL CANADA MTN 144A","Communication","Fixed Income","610,296.18","0.04","610,296.18","572,000.00","572,000.00","106.16","Canada","-","CAD","4.21","1.00","May 1, 2029","6.55","CAD","Jul 19, 1999"
"FTSCN","TERASEN GAS INC. MTN","Energy","Fixed Income","606,440.69","0.04","606,440.69","538,000.00","538,000.00","112.19","Canada","-","CAD","7.46","1.00","May 1, 2034","6.50","CAD","Apr 29, 2004"
"CRTUCN","CT REAL ESTATE INVESTMENT TRUST","Real Estate","Fixed Income","605,732.46","0.04","605,732.46","624,000.00","624,000.00","95.49","Canada","-","CAD","2.81","1.00","Jun 16, 2027","3.47","CAD","Jun 16, 2017"
"IGMCN","IGM FINANCIAL INC","Financial","Fixed Income","604,250.59","0.04","604,250.59","540,000.00","540,000.00","109.05","Canada","-","CAD","10.39","1.00","Dec 10, 2040","6.00","CAD","Dec 9, 2010"
"FNCN","FIRST NATIONAL FINANCIAL CORP RegS","Financial","Fixed Income","601,836.57","0.04","601,836.57","590,000.00","590,000.00","100.98","Canada","-","CAD","3.05","1.00","Nov 1, 2027","6.26","CAD","Apr 1, 2024"
"IGMCN","IGM FINANCIAL INC RegS","Financial","Fixed Income","599,576.80","0.04","599,576.80","682,000.00","682,000.00","87.10","Canada","-","CAD","14.87","1.00","Mar 21, 2050","4.21","CAD","Mar 20, 2019"
"NAVCAN","NAV CANADA MTN","Infrastructure","Fixed Income","599,057.62","0.04","599,057.62","763,000.00","763,000.00","77.96","Canada","-","CAD","16.37","1.00","Sep 29, 2050","3.21","CAD","Mar 29, 2019"
"FTSCN","FORTISALBERTA INC MTN","Infrastructure","Fixed Income","597,668.57","0.04","597,668.57","548,000.00","548,000.00","108.33","Canada","-","CAD","9.65","1.00","Apr 15, 2038","5.85","CAD","Apr 15, 2008"
"TORHYD","TORONTO HYDRO CORPORATION","Infrastructure","Fixed Income","596,777.18","0.04","596,777.18","802,000.00","802,000.00","72.99","Canada","-","CAD","16.02","1.00","Dec 10, 2049","2.99","CAD","Nov 12, 2019"
"SE","WESTCOAST ENERGY INC MTN","Energy","Fixed Income","596,729.85","0.04","596,729.85","633,000.00","633,000.00","93.84","Canada","-","CAD","11.57","1.00","Oct 28, 2041","4.79","CAD","Oct 28, 2011"
"ETRHWY","407 INTERNATIONAL INC MTN","Infrastructure","Fixed Income","595,741.23","0.04","595,741.23","590,000.00","590,000.00","100.21","Canada","-","CAD","15.67","1.00","Apr 4, 2054","4.89","CAD","Apr 4, 2024"
"SRUUCN","SMARTCENTRES REAL ESTATE INVESTMEN","Real Estate","Fixed Income","595,168.92","0.04","595,168.92","642,000.00","642,000.00","91.13","Canada","-","CAD","4.89","1.00","Dec 20, 2029","3.53","CAD","Dec 20, 2019"
"LOWMAT","LOWER MATTAGAMI ENERGY LP","Infrastructure","Fixed Income","592,321.33","0.04","592,321.33","657,000.00","657,000.00","89.72","Canada","-","CAD","15.82","1.00","Apr 23, 2052","4.17","CAD","Apr 23, 2012"
"FTSCN","FORTISALBERTA INC MTN","Infrastructure","Fixed Income","591,695.36","0.04","591,695.36","595,000.00","595,000.00","99.38","Canada","-","CAD","15.55","1.00","May 26, 2053","4.86","CAD","May 26, 2023"
"LCN","LOBLAW COMPANIES LTD","Industrial","Fixed Income","590,493.74","0.04","590,493.74","580,000.00","580,000.00","100.73","Canada","-","CAD","6.63","1.00","Sep 13, 2032","5.01","CAD","Sep 13, 2022"
"BIP","BROOKFIELD INFRASTRUCTURE FINANCE MTN","Infrastructure","Fixed Income","589,169.06","0.04","589,169.06","568,000.00","568,000.00","103.16","Canada","-","CAD","14.07","1.00","Apr 25, 2052","5.79","CAD","Apr 25, 2022"
"CRTUCN","CT REAL ESTATE INVESTMENT TRUST","Real Estate","Fixed Income","589,002.01","0.04","589,002.01","602,000.00","602,000.00","95.98","Canada","-","CAD","3.18","1.00","Dec 7, 2027","3.87","CAD","Feb 7, 2018"
"ALCTRA","ALECTRA INC (CANADA)","Infrastructure","Fixed Income","585,804.20","0.04","585,804.20","559,000.00","559,000.00","104.33","Canada","-","CAD","11.28","1.00","Apr 29, 2041","5.30","CAD","Apr 29, 2011"
"CTLONE","CENTRAL 1 CREDIT UNION MTN","Financial","Fixed Income","585,278.29","0.04","585,278.29","575,000.00","575,000.00","101.45","Canada","-","CAD","2.26","1.00","Nov 10, 2026","5.88","CAD","Nov 10, 2023"
"HYNMTR","HYUNDAI CAPITAL CANADA INC","Financial","Fixed Income","582,788.29","0.04","582,788.29","575,000.00","575,000.00","99.76","Canada","-","CAD","2.45","1.00","Feb 1, 2027","4.81","CAD","Jan 31, 2024"
"GTAAIR","GREATER TORONTO AIRPORTS AUTH 144A","Infrastructure","Fixed Income","582,404.26","0.04","582,404.26","534,000.00","534,000.00","105.88","Canada","-","CAD","3.06","1.00","Dec 3, 2027","6.45","CAD","Dec 2, 1997"
"NSIUCN","NOVA SCOTIA POWER INC MTN","Infrastructure","Fixed Income","581,606.15","0.04","581,606.15","767,000.00","767,000.00","75.28","Canada","-","CAD","14.96","1.00","Apr 5, 2049","3.57","CAD","Apr 4, 2019"
"DRSILL","SUMMIT INDUSTRIAL INCOME REIT","Real Estate","Fixed Income","580,962.59","0.04","580,962.59","614,000.00","614,000.00","94.32","Canada","-","CAD","1.77","1.00","Apr 1, 2026","1.82","CAD","Feb 17, 2023"
"GTAAIR","GREATER TORONTO AIRPORTS AUTHORITY","Infrastructure","Fixed Income","578,087.37","0.04","578,087.37","545,548.00","545,548.00","103.81","Canada","-","CAD","2.52","1.00","Jul 30, 2029","6.45","CAD","Jul 20, 1999"
"ALTALK","ALTALINK LP","Infrastructure","Fixed Income","577,095.04","0.04","577,095.04","685,000.00","685,000.00","83.91","Canada","-","CAD","5.86","1.00","Sep 11, 2030","1.51","CAD","Sep 11, 2020"
"IGMCN","INVESTORS GROUP INC. 144A","Financial","Fixed Income","575,998.77","0.04","575,998.77","505,000.00","505,000.00","113.61","Canada","-","CAD","5.53","1.00","May 9, 2031","7.45","CAD","May 9, 2001"
"F","FORD CREDIT CANADA CO RegS","Financial","Fixed Income","570,811.76","0.04","570,811.76","570,000.00","570,000.00","100.02","United States","-","CAD","5.71","1.00","May 23, 2031","5.58","CAD","May 23, 2024"
"FTSCN","FORTISALBERTA INC MTN","Infrastructure","Fixed Income","570,673.06","0.04","570,673.06","620,000.00","620,000.00","91.23","Canada","-","CAD","13.45","1.00","Sep 22, 2045","4.27","CAD","Sep 22, 2015"
"ALTALK","ALTALINK LP MTN","Infrastructure","Fixed Income","568,486.68","0.04","568,486.68","547,000.00","547,000.00","102.92","Canada","-","CAD","9.03","1.00","Sep 22, 2036","5.25","CAD","Sep 21, 2006"
"IGMCN","IGM FINANCIAL INC RegS","Financial","Fixed Income","566,884.64","0.04","566,884.64","640,000.00","640,000.00","86.99","Canada","-","CAD","14.25","1.00","Jul 13, 2048","4.17","CAD","Jul 11, 2018"
"NAVCAN","NAV CANADA","Infrastructure","Fixed Income","566,873.37","0.04","566,873.37","600,000.00","600,000.00","94.19","Canada","-","CAD","1.65","1.00","Feb 9, 2026","0.94","CAD","Feb 9, 2021"
"TORHYD","TORONTO HYDRO CORPORATION","Infrastructure","Fixed Income","566,476.42","0.04","566,476.42","674,000.00","674,000.00","82.84","Canada","-","CAD","13.91","1.00","Jul 28, 2045","3.55","CAD","Mar 16, 2015"
"IGMCN","IGM FINANCIAL INC","Financial","Fixed Income","565,780.51","0.04","565,780.51","601,000.00","601,000.00","92.55","Canada","-","CAD","13.52","1.00","Jan 25, 2047","4.56","CAD","Jan 26, 2017"
"NAVCAN","NAV CANADA MTN","Infrastructure","Fixed Income","562,462.07","0.04","562,462.07","662,000.00","662,000.00","84.02","Canada","-","CAD","14.27","1.00","Feb 23, 2046","3.53","CAD","Feb 24, 2016"
"NSIUCN","NOVA SCOTIA POWER INC MTN","Infrastructure","Fixed Income","562,561.48","0.04","562,561.48","619,000.00","619,000.00","89.25","Canada","-","CAD","12.17","1.00","Jul 20, 2043","4.50","CAD","Jul 19, 2013"
"FTSCN","FORTISBC ENERGY INC MTN","Energy","Fixed Income","561,386.42","0.04","561,386.42","670,000.00","670,000.00","83.27","Canada","-","CAD","14.17","1.00","Apr 9, 2046","3.67","CAD","Apr 8, 2016"
"FTSCN","FORTISALBERTA INC MTN","Infrastructure","Fixed Income","559,495.61","0.04","559,495.61","670,000.00","670,000.00","82.67","Canada","-","CAD","14.63","1.00","Sep 9, 2047","3.67","CAD","Sep 7, 2017"
"TOYOTA","TOYOTA CREDIT CANADA INC MTN","Financial","Fixed Income","558,616.07","0.04","558,616.07","556,000.00","556,000.00","98.95","Canada","-","CAD","3.30","1.00","Jan 24, 2028","4.33","CAD","Jan 24, 2023"
"MCAPCO","MCAP COMMERCIAL LP","Financial","Fixed Income","556,907.68","0.04","556,907.68","604,000.00","604,000.00","92.16","Canada","-","CAD","3.25","1.00","Nov 26, 2027","3.38","CAD","Nov 26, 2020"
"HYDONE","HYDRO ONE INC MTN","Infrastructure","Fixed Income","556,106.64","0.04","556,106.64","547,000.00","547,000.00","101.09","Canada","-","CAD","13.50","1.00","Oct 19, 2046","5.00","CAD","Oct 19, 2006"
"CCOCN","CAMECO CORPORATION","Industrial","Fixed Income","554,975.67","0.04","554,975.67","555,000.00","555,000.00","99.90","Canada","-","CAD","5.83","1.00","May 24, 2031","4.94","CAD","May 24, 2024"
"TOUCN","TOURMALINE OIL CORP RegS","Energy","Fixed Income","554,275.79","0.04","554,275.79","602,000.00","602,000.00","91.35","Canada","-","CAD","3.44","1.00","Jan 25, 2028","2.08","CAD","Jan 25, 2021"
"CRTUCN","CT REAL ESTATE INVESTMENT TRUST","Real Estate","Fixed Income","552,767.21","0.04","552,767.21","553,000.00","553,000.00","98.28","Canada","-","CAD","0.98","1.00","Jun 9, 2025","3.53","CAD","Jun 9, 2015"
"EAGCCT_20-1-A","EAGCCT_20-1 A","Securitized","Fixed Income","550,053.36","0.04","550,053.36","570,000.00","570,000.00","96.03","Canada","-","CAD","1.09","1.00","Jul 17, 2025","1.27","CAD","Aug 11, 2020"
"ALCTRA","ALECTRA INC (CANADA)","Infrastructure","Fixed Income","549,311.58","0.04","549,311.58","685,000.00","685,000.00","79.73","Canada","-","CAD","15.48","1.00","Apr 12, 2049","3.46","CAD","Apr 11, 2019"
"CTLONE","CENTRAL 1 CREDIT UNION","Financial","Fixed Income","548,470.61","0.04","548,470.61","580,000.00","580,000.00","94.12","Canada","-","CAD","1.61","1.00","Jan 29, 2026","1.32","CAD","Jan 29, 2021"
"HYDONE","HYDRO ONE INC MTN","Infrastructure","Fixed Income","546,436.65","0.03","546,436.65","619,000.00","619,000.00","86.51","Canada","-","CAD","15.59","1.00","Dec 22, 2051","4.00","CAD","Dec 22, 2011"
"FTSCN","FORTISBC ENERGY INC MTN","Energy","Fixed Income","544,204.43","0.03","544,204.43","620,000.00","620,000.00","86.89","Canada","-","CAD","6.37","1.00","Jul 18, 2031","2.42","CAD","Apr 14, 2021"
"EPCOR","EPCOR UTILITIES INC MTN","Infrastructure","Fixed Income","543,572.66","0.03","543,572.66","630,000.00","630,000.00","86.23","Canada","-","CAD","14.94","1.00","Nov 26, 2048","3.95","CAD","Nov 26, 2018"
"LOWMAT","LOWER MATTAGAMI ENERGY LTD PARTNER","Infrastructure","Fixed Income","540,995.64","0.03","540,995.64","570,000.00","570,000.00","94.66","Canada","-","CAD","2.29","1.00","Oct 21, 2026","2.31","CAD","Oct 7, 2016"
"FTSCN","FORTISBC INC MTN","Infrastructure","Fixed Income","539,942.76","0.03","539,942.76","546,000.00","546,000.00","98.79","Canada","-","CAD","14.70","1.00","Nov 24, 2050","5.00","CAD","Nov 24, 2010"
"CRDPOW","CORDELIO AMALCO GP I","Energy","Fixed Income","537,299.07","0.03","537,299.07","571,265.00","571,265.00","93.34","Canada","-","CAD","4.50","1.00","Sep 30, 2034","4.09","CAD","Dec 10, 2018"
"FTTCN","FINNING INTERNATIONAL INC MTN","Industrial","Fixed Income","537,359.23","0.03","537,359.23","557,000.00","557,000.00","94.11","Canada","-","CAD","11.35","1.00","Jun 13, 2042","5.08","CAD","Jun 13, 2012"
"HYOHI","HYDRO OTTAWA HOLDING INC","Infrastructure","Fixed Income","537,349.51","0.03","537,349.51","650,000.00","650,000.00","81.48","Canada","-","CAD","13.54","1.00","Feb 2, 2045","3.64","CAD","Feb 2, 2015"
"IGMCN","INVESTORS GROUP INC.","Financial","Fixed Income","532,534.31","0.03","532,534.31","460,000.00","460,000.00","112.85","Canada","-","CAD","6.45","1.00","Dec 31, 2032","7.00","CAD","Dec 13, 2002"
"WNCN","GEORGE WESTON LIMITED MTN 144A","Industrial","Fixed Income","529,005.43","0.03","529,005.43","475,000.00","475,000.00","109.11","Canada","-","CAD","5.91","1.00","Feb 5, 2032","7.10","CAD","Feb 5, 2002"
"ETRHWY","407 INTERNATIONAL INC. MTN","Infrastructure","Fixed Income","525,263.78","0.03","525,263.78","658,000.00","658,000.00","79.24","Canada","-","CAD","14.08","1.00","Mar 27, 2045","3.30","CAD","Mar 27, 2015"
"HALFX","HALIFAX INTERNATIONAL AIRPORT AUTH","Infrastructure","Fixed Income","524,204.25","0.03","524,204.25","500,000.00","500,000.00","102.84","Canada","-","CAD","11.01","1.00","Jul 19, 2041","5.50","CAD","Jul 19, 2006"
"XCN","TMX GROUP LTD","Financial","Fixed Income","516,527.35","0.03","516,527.35","602,000.00","602,000.00","85.20","Canada","-","CAD","6.11","1.00","Feb 12, 2031","2.02","CAD","Feb 12, 2021"
"FTSCN","FORTISALBERTA INC MTN","Infrastructure","Fixed Income","515,083.40","0.03","515,083.40","613,000.00","613,000.00","83.27","Canada","-","CAD","14.94","1.00","Sep 18, 2048","3.73","CAD","Sep 18, 2018"
"SIACN","SIENNA SENIOR LIVING INC","Industrial","Fixed Income","514,343.60","0.03","514,343.60","528,000.00","528,000.00","96.53","Canada","-","CAD","1.66","1.00","Feb 27, 2026","3.45","CAD","Oct 2, 2020"
"DRSILL","DREAM SUMMIT INDUSTRIAL LP","Real Estate","Fixed Income","512,366.21","0.03","512,366.21","505,000.00","505,000.00","99.93","Canada","-","CAD","4.07","1.00","Feb 12, 2029","5.11","CAD","Feb 12, 2024"
"FTSCN","FORTISBC ENERGY INC","Energy","Fixed Income","511,945.87","0.03","511,945.87","530,000.00","530,000.00","96.22","Canada","-","CAD","1.78","1.00","Apr 8, 2026","2.58","CAD","Apr 8, 2016"
"CUCN","CU INC MTN","Energy","Fixed Income","506,845.93","0.03","506,845.93","677,000.00","677,000.00","74.11","Canada","-","CAD","16.46","1.00","Sep 5, 2051","3.17","CAD","Sep 3, 2021"
"RCICN","ROGERS COMMUNICATIONS INC","Communication","Fixed Income","505,742.06","0.03","505,742.06","515,000.00","515,000.00","97.25","Canada","-","CAD","2.53","1.00","Mar 1, 2027","3.80","CAD","Apr 3, 2023"
"ENBGAS","ENBRIDGE GAS INC MTN","Energy","Fixed Income","496,832.04","0.03","496,832.04","525,000.00","525,000.00","94.56","Canada","-","CAD","3.27","1.00","Nov 22, 2027","2.88","CAD","Nov 22, 2017"
"FTSCN","FORTISBC ENERGY INC MTN","Energy","Fixed Income","493,298.64","0.03","493,298.64","579,000.00","579,000.00","84.31","Canada","-","CAD","14.34","1.00","Mar 6, 2047","3.78","CAD","Dec 13, 2016"
"ELFCN","EMPIRE LIFE INSURANCE CO","Financial","Fixed Income","492,774.55","0.03","492,774.55","530,000.00","530,000.00","92.60","Canada","-","CAD","2.21","1.00","Sep 24, 2031","2.02","CAD","Sep 24, 2021"
"FTSCN","FORTISBC ENERGY INC MTN","Energy","Fixed Income","492,793.29","0.03","492,793.29","510,000.00","510,000.00","96.59","Canada","-","CAD","15.57","1.00","Nov 28, 2052","4.67","CAD","Nov 28, 2022"
"NVLAUT","NOUVELLE AUTOROUTE 30 FINANCEMENT","Infrastructure","Fixed Income","491,764.15","0.03","491,764.15","519,754.00","519,754.00","93.06","Canada","-","CAD","4.20","1.00","Dec 31, 2032","3.74","CAD","Jun 14, 2018"
"KINSOL","KINGSTON SOLAR LP INC","Energy","Fixed Income","486,891.37","0.03","486,891.37","531,021.00","531,021.00","90.51","Canada","-","CAD","4.92","1.00","Jul 31, 2035","3.57","CAD","Oct 14, 2016"
"TORHYD","TORONTO HYDRO CORPORATION RegS","Infrastructure","Fixed Income","480,046.35","0.03","480,046.35","470,000.00","470,000.00","100.01","Canada","-","CAD","7.14","1.00","Jun 14, 2033","4.61","CAD","Jun 14, 2023"
"ENBGAS","ENBRIDGE GAS INC MTN","Energy","Fixed Income","476,737.23","0.03","476,737.23","488,000.00","488,000.00","96.29","Canada","-","CAD","1.89","1.00","Jun 1, 2026","2.81","CAD","May 31, 2016"
"FTSCN","TERASEN GAS INC MTN","Energy","Fixed Income","471,594.13","0.03","471,594.13","400,000.00","400,000.00","116.16","Canada","-","CAD","9.76","1.00","Feb 24, 2039","6.55","CAD","Feb 24, 2009"
"CESEBA","SOCIETE EN COMMANDITE CE SEBASTOPO","Infrastructure","Fixed Income","467,502.08","0.03","467,502.08","531,060.00","531,060.00","86.66","Canada","-","CAD","9.05","1.00","Jul 31, 2047","4.14","CAD","Jun 26, 2015"
"EPCOR","EPCOR UTILITIES INC MTN","Infrastructure","Fixed Income","463,640.02","0.03","463,640.02","600,000.00","600,000.00","75.88","Canada","-","CAD","16.14","1.00","Jun 28, 2051","3.29","CAD","Jun 28, 2021"
"ENBGAS","ENBRIDGE GAS INC MTN","Energy","Fixed Income","462,559.22","0.03","462,559.22","409,000.00","409,000.00","112.79","Canada","-","CAD","6.55","1.00","Nov 15, 2032","6.90","CAD","Nov 15, 2002"
"ENBPIP","ENBRIDGE PIPELINES INC. MTN","Energy","Fixed Income","459,685.56","0.03","459,685.56","465,000.00","465,000.00","96.57","Canada","-","CAD","9.00","1.00","Dec 19, 2036","5.08","CAD","Dec 21, 2006"
"WNCN","GEORGE WESTON LIMITED MTN","Industrial","Fixed Income","457,663.34","0.03","457,663.34","420,000.00","420,000.00","107.30","Canada","-","CAD","6.63","1.00","Mar 1, 2033","6.69","CAD","Feb 28, 2003"
"IFCCN","INTACT FINANCIAL CORP MTN","Financial","Fixed Income","456,371.66","0.03","456,371.66","455,000.00","455,000.00","100.11","Canada","-","CAD","4.36","1.00","May 16, 2034","4.65","CAD","May 16, 2024"
"ENBPIP","ENBRIDGE PIPELINES INC MTN","Energy","Fixed Income","455,247.74","0.03","455,247.74","468,000.00","468,000.00","96.36","Canada","-","CAD","2.08","1.00","Aug 10, 2026","3.00","CAD","Aug 9, 2016"
"CHPUCN","CHOICE PROPERTIES REAL ESTATE INVE","Real Estate","Fixed Income","446,884.54","0.03","446,884.54","600,000.00","600,000.00","73.56","Canada","-","CAD","14.57","1.00","Mar 4, 2050","3.83","CAD","Mar 3, 2020"
"LUCACN","LIBERTY UTILITIES (CANADA) LP","Energy","Fixed Income","445,820.74","0.03","445,820.74","610,000.00","610,000.00","72.11","Canada","-","CAD","15.44","1.00","Feb 14, 2050","3.31","CAD","Feb 14, 2020"
"FTSCN","FORTISALBERTA INC","Infrastructure","Fixed Income","441,932.84","0.03","441,932.84","398,000.00","398,000.00","110.51","Canada","-","CAD","7.80","1.00","Oct 31, 2034","6.22","CAD","Oct 25, 2004"
"FTSCN","FORTISBC ENERGY INC MTN","Energy","Fixed Income","439,633.05","0.03","439,633.05","505,000.00","505,000.00","85.20","Canada","-","CAD","14.75","1.00","Dec 7, 2048","3.85","CAD","Dec 7, 2018"
"CUCN","CU INC","Energy","Fixed Income","431,209.08","0.03","431,209.08","456,000.00","456,000.00","94.10","Canada","-","CAD","17.44","1.00","Oct 24, 2061","4.59","CAD","Oct 24, 2011"
"ENBCN","ENBRIDGE INC MTN","Energy","Fixed Income","425,801.46","0.03","425,801.46","510,000.00","510,000.00","82.69","Canada","-","CAD","16.55","1.00","Mar 28, 2064","4.56","CAD","Mar 28, 2014"
"TORHYD","TORONTO HYDRO CORPORATION","Infrastructure","Fixed Income","425,681.29","0.03","425,681.29","555,000.00","555,000.00","76.31","Canada","-","CAD","16.52","1.00","Oct 18, 2051","3.27","CAD","Oct 18, 2021"
"NSIUCN","NOVA SCOTIA POWER INC MTN","Infrastructure","Fixed Income","424,803.79","0.03","424,803.79","543,000.00","543,000.00","77.94","Canada","-","CAD","13.66","1.00","May 1, 2045","3.61","CAD","Apr 30, 2015"
"CRTUCN","CT REAL ESTATE INVESTMENT TRUST","Real Estate","Fixed Income","423,222.29","0.03","423,222.29","500,000.00","500,000.00","83.70","Canada","-","CAD","5.92","1.00","Jan 6, 2031","2.37","CAD","Jan 6, 2021"
"CUCN","CU INC MTN","Energy","Fixed Income","420,207.29","0.03","420,207.29","500,000.00","500,000.00","83.86","Canada","-","CAD","16.22","1.00","Nov 14, 2052","3.86","CAD","Nov 14, 2012"
"ARRLAK","ARROW LAKES POWER CO","Energy","Fixed Income","417,468.94","0.03","417,468.94","405,877.00","405,877.00","102.01","Canada","-","CAD","7.26","1.00","Apr 5, 2041","5.52","CAD","Apr 5, 2011"
"HOMEQU","HOMEEQUITY BANK","Financial","Fixed Income","417,378.26","0.03","417,378.26","410,000.00","410,000.00","101.03","Canada","-","CAD","3.01","1.00","Oct 18, 2027","6.55","CAD","Apr 18, 2024"
"FTSCN","FORTISBC INC MTN","Infrastructure","Fixed Income","416,925.79","0.03","416,925.79","400,000.00","400,000.00","103.89","Canada","-","CAD","8.49","1.00","Nov 9, 2035","5.60","CAD","Nov 10, 2005"
"ITSPCH","INTEGRATED TEAM SOLUTIONS PCH PART","Infrastructure","Fixed Income","409,965.63","0.03","409,965.63","433,225.00","433,225.00","94.63","Canada","-","CAD","8.89","1.00","May 31, 2046","4.88","CAD","Nov 29, 2013"
"CUCN","CU INC","Energy","Fixed Income","408,138.80","0.03","408,138.80","405,000.00","405,000.00","100.60","Canada","-","CAD","14.87","1.00","Nov 18, 2050","4.95","CAD","Nov 18, 2010"
"ALTALK","ALTALINK LP MTN","Infrastructure","Fixed Income","407,853.06","0.03","407,853.06","457,000.00","457,000.00","89.13","Canada","-","CAD","13.40","1.00","Nov 21, 2044","4.05","CAD","Nov 21, 2014"
"OTTMAC","OTTAWA MACDONALD-CARTIER INTERNATI","Infrastructure","Fixed Income","406,959.37","0.03","406,959.37","472,000.00","472,000.00","86.03","Canada","-","CAD","6.19","1.00","May 5, 2031","2.70","CAD","May 5, 2021"
"TCN","TELUS COMMUNICATIONS INC","Communication","Fixed Income","406,684.28","0.03","406,684.28","385,000.00","385,000.00","103.94","Canada","-","CAD","1.22","1.00","Sep 22, 2025","8.80","CAD","Sep 22, 1995"
"FTSCN","FORTISBC ENERGY INC","Energy","Fixed Income","405,954.29","0.03","405,954.29","610,000.00","610,000.00","65.58","Canada","-","CAD","16.85","1.00","Jul 13, 2050","2.54","CAD","Jul 13, 2020"
"FCLCAN","FEDERATED CO-OPERATIVES LTD","Industrial","Fixed Income","405,328.25","0.03","405,328.25","405,000.00","405,000.00","98.30","Canada","-","CAD","0.99","1.00","Jun 17, 2025","3.92","CAD","Jun 17, 2015"
"FTSCN","FORTISBC ENERGY INC MTN","Energy","Fixed Income","404,649.77","0.03","404,649.77","430,000.00","430,000.00","92.08","Canada","-","CAD","11.84","1.00","Dec 9, 2041","4.25","CAD","Dec 9, 2011"
"WAACA","WINNIPEG AIRPORTS AUTHORITY INC","Infrastructure","Fixed Income","400,331.45","0.03","400,331.45","400,000.00","400,000.00","98.99","Canada","-","CAD","6.99","1.00","Mar 9, 2033","4.79","CAD","Mar 9, 2023"
"ENBCN","ENBRIDGE INC MTN","Energy","Fixed Income","399,817.82","0.03","399,817.82","394,000.00","394,000.00","101.22","Canada","-","CAD","8.48","1.00","Nov 14, 2035","5.57","CAD","Nov 14, 2005"
"WAACA","WINNIPEG AIRPORTS AUTHORITY INC","Infrastructure","Fixed Income","398,071.44","0.03","398,071.44","500,000.00","500,000.00","78.99","Canada","-","CAD","14.51","1.00","Sep 30, 2047","3.66","CAD","Sep 29, 2017"
"FTSCN","FORTISALBERTA INC","Infrastructure","Fixed Income","396,007.01","0.03","396,007.01","500,000.00","500,000.00","78.55","Canada","-","CAD","14.60","1.00","Sep 21, 2046","3.34","CAD","Sep 21, 2016"
"CRRUCN","CROMBIE REAL ESTATE INVESTMENT TRU","Real Estate","Fixed Income","388,972.79","0.02","388,972.79","395,000.00","395,000.00","96.74","Canada","-","CAD","2.79","1.00","Jun 21, 2027","3.92","CAD","Dec 20, 2019"
"CWBCN","CANADIAN WESTERN BANK","Financial","Fixed Income","388,071.99","0.02","388,071.99","377,000.00","377,000.00","100.33","Canada","-","CAD","3.12","1.00","Dec 22, 2032","5.94","CAD","Dec 22, 2022"
"ELFCN","EMPIRE LIFE INSURANCE CO RegS","Financial","Fixed Income","384,799.71","0.02","384,799.71","375,000.00","375,000.00","100.38","Canada","-","CAD","3.14","1.00","Jan 13, 2033","5.88","CAD","Jan 13, 2023"
"CONNEC","CONNECT 6IX GENERAL PARTNERSHIP","Infrastructure","Fixed Income","377,422.92","0.02","377,422.92","350,000.00","350,000.00","107.82","Canada","-","CAD","12.72","1.00","Nov 30, 2046","6.11","CAD","Nov 17, 2022"
"TORHYD","TORONTO HYDRO CORPORATION","Infrastructure","Fixed Income","374,753.59","0.02","374,753.59","440,000.00","440,000.00","84.61","Canada","-","CAD","18.30","1.00","Apr 9, 2063","3.96","CAD","Apr 9, 2013"
"CTCACN","CANADIAN TIRE CORPORATION LIMITED MTN","Industrial","Fixed Income","374,285.81","0.02","374,285.81","377,000.00","377,000.00","97.93","Canada","-","CAD","8.21","1.00","Sep 4, 2035","5.61","CAD","Sep 2, 2005"
"CPXCN","CAPITAL POWER CORP MTN","Energy","Fixed Income","367,877.49","0.02","367,877.49","377,000.00","377,000.00","96.21","Canada","-","CAD","4.90","1.00","Feb 8, 2030","4.42","CAD","Nov 8, 2019"
"REIUCN","RIOCAN REAL ESTATE INVESTMENT TRUS","Real Estate","Fixed Income","367,132.64","0.02","367,132.64","393,000.00","393,000.00","92.89","Canada","-","CAD","2.63","1.00","Mar 10, 2027","2.36","CAD","Mar 10, 2020"
"LCN","LOBLAW COMPANIES MTN 144A","Industrial","Fixed Income","366,424.97","0.02","366,424.97","325,000.00","325,000.00","111.14","Canada","-","CAD","9.72","1.00","Mar 1, 2039","6.45","CAD","Mar 1, 1999"
"GZMCN","GAZ METRO INC","Energy","Fixed Income","365,866.16","0.02","365,866.16","460,000.00","460,000.00","78.98","Canada","-","CAD","14.08","1.00","Mar 31, 2045","3.30","CAD","Mar 31, 2015"
"HCG","HOME TRUST CO","Financial","Fixed Income","361,901.35","0.02","361,901.35","360,000.00","360,000.00","100.29","Canada","-","CAD","1.84","1.00","May 19, 2026","5.76","CAD","May 16, 2024"
"FTSCN","FORTISALBERTA INC MTN","Infrastructure","Fixed Income","361,062.60","0.02","361,062.60","535,000.00","535,000.00","66.23","Canada","-","CAD","16.94","1.00","Jun 8, 2051","2.63","CAD","Dec 8, 2020"
"CUCN","CU INC MTN","Energy","Fixed Income","354,683.08","0.02","354,683.08","333,000.00","333,000.00","106.44","Canada","-","CAD","9.86","1.00","May 26, 2038","5.58","CAD","May 26, 2008"
"REIUCN","RIOCAN REAL ESTATE INVESTMENT TRUS","Real Estate","Fixed Income","345,685.86","0.02","345,685.86","340,000.00","340,000.00","100.04","Canada","-","CAD","4.78","1.00","Mar 1, 2030","5.47","CAD","Mar 28, 2024"
"CUCN","CU INC MTN","Energy","Fixed Income","345,313.91","0.02","345,313.91","421,000.00","421,000.00","81.17","Canada","-","CAD","18.16","1.00","Sep 11, 2062","3.83","CAD","Sep 10, 2012"
"FNCN","FIRST NATIONAL FINANCIAL CORP RegS","Financial","Fixed Income","339,809.49","0.02","339,809.49","325,000.00","325,000.00","102.88","Canada","-","CAD","2.06","1.00","Sep 8, 2026","7.29","CAD","Sep 6, 2023"
"GEICN","GIBSON ENERGY INC MTN","Energy","Fixed Income","339,753.55","0.02","339,753.55","310,000.00","310,000.00","107.22","Canada","-","CAD","13.80","1.00","Jul 12, 2053","6.20","CAD","Jul 12, 2023"
"GEICN","GIBSON ENERGY INC","Energy","Fixed Income","334,455.54","0.02","334,455.54","341,000.00","341,000.00","97.15","Canada","-","CAD","1.08","1.00","Jul 14, 2025","2.45","CAD","Jul 14, 2020"
"ENBGAS","ENBRIDGE GAS INC","Energy","Fixed Income","329,815.80","0.02","329,815.80","314,000.00","314,000.00","104.54","Canada","-","CAD","1.36","1.00","Nov 10, 2025","8.65","CAD","Nov 10, 1995"
"FTSCN","FORTISALBERTA INC MTN","Infrastructure","Fixed Income","318,600.67","0.02","318,600.67","310,000.00","310,000.00","100.74","Canada","-","CAD","13.38","1.00","Jan 3, 2047","4.99","CAD","Jan 3, 2007"
"CAAIAU","CALGARY AIRPORT AUTHORITY","Infrastructure","Fixed Income","307,777.20","0.02","307,777.20","364,337.00","364,337.00","83.92","Canada","-","CAD","13.23","1.00","Oct 7, 2061","3.75","CAD","Oct 7, 2021"
"FTSCN","FORTISALBERTA INC","Infrastructure","Fixed Income","302,729.91","0.02","302,729.91","351,000.00","351,000.00","85.83","Canada","-","CAD","16.06","1.00","Oct 23, 2052","3.98","CAD","Oct 23, 2012"
"GRASOL","GRAND RENEWABLE SOLAR LP 144A","Energy","Fixed Income","300,977.16","0.02","300,977.16","319,614.00","319,614.00","92.87","Canada","-","CAD","4.71","1.00","Jan 31, 2035","3.93","CAD","Jun 9, 2016"
"ALTALK","ALTALINK LP MTN","Infrastructure","Fixed Income","273,624.71","0.02","273,624.71","300,000.00","300,000.00","89.14","Canada","-","CAD","17.82","1.00","Jun 6, 2064","4.27","CAD","Jun 6, 2014"
"ERAA","EDMONTON REGIONAL AIRPORTS AUTHORI","Infrastructure","Fixed Income","270,832.34","0.02","270,832.34","329,740.00","329,740.00","82.02","Canada","-","CAD","10.38","1.00","May 20, 2051","3.71","CAD","May 20, 2021"
"MONPOR","MONTREAL PORT AUTHORITY","Infrastructure","Fixed Income","268,284.13","0.02","268,284.13","350,000.00","350,000.00","76.03","Canada","-","CAD","16.32","1.00","Mar 22, 2051","3.24","CAD","Mar 22, 2021"
"FTSCN","TERASEN GAS VANCOUVER ISLAND INC","Energy","Fixed Income","263,776.68","0.02","263,776.68","250,000.00","250,000.00","102.99","Canada","-","CAD","10.92","1.00","Dec 6, 2040","5.20","CAD","Dec 6, 2010"
"FTSCN","FORTISBC ENERGY INC","Energy","Fixed Income","260,324.58","0.02","260,324.58","367,000.00","367,000.00","70.07","Canada","-","CAD","16.18","1.00","Aug 9, 2049","2.82","CAD","Aug 9, 2019"
"FTSCN","FORTISALBERTA INC","Infrastructure","Fixed Income","255,361.23","0.02","255,361.23","267,000.00","267,000.00","95.64","Canada","-","CAD","15.47","1.00","May 30, 2052","4.62","CAD","May 30, 2022"
"TORHYD","TORONTO HYDRO CORPORATION","Infrastructure","Fixed Income","250,847.73","0.02","250,847.73","298,000.00","298,000.00","83.99","Canada","-","CAD","5.95","1.00","Oct 15, 2030","1.50","CAD","Oct 15, 2020"
"CUCN","CU INC","Energy","Fixed Income","233,428.32","0.01","233,428.32","350,000.00","350,000.00","66.24","Canada","-","CAD","16.94","1.00","Sep 28, 2050","2.61","CAD","Sep 28, 2020"
"CLOVLP","CLOVER LIMITED PARTNERSHIP","Energy","Fixed Income","230,409.93","0.01","230,409.93","238,085.00","238,085.00","95.02","Canada","-","CAD","3.43","1.00","Jun 30, 2034","4.22","CAD","Oct 24, 2018"
"FTSCN","FORTISALBERTA INC MTN","Infrastructure","Fixed Income","222,027.36","0.01","222,027.36","225,000.00","225,000.00","98.23","Canada","-","CAD","14.89","1.00","Oct 27, 2050","4.80","CAD","Oct 27, 2010"
"NAVCAN","NAV CANADA","Infrastructure","Fixed Income","218,602.62","0.01","218,602.62","207,347.00","207,347.00","103.54","Canada","-","CAD","1.61","1.00","Mar 1, 2027","7.56","CAD","Mar 24, 1997"
"IGMCN","INVESTORS GROUP INC.","Financial","Fixed Income","217,101.58","0.01","217,101.58","200,000.00","200,000.00","105.45","Canada","-","CAD","3.07","1.00","Dec 13, 2027","6.65","CAD","Dec 12, 1997"
"APUCN","ALLIED PROPERTIES REAL ESTATE INVE","Real Estate","Fixed Income","214,907.17","0.01","214,907.17","255,000.00","255,000.00","83.42","Canada","-","CAD","5.10","1.00","Feb 21, 2030","3.12","CAD","Feb 21, 2020"
"ACICN","TRISUMMIT UTILITIES INC MTN","Energy","Fixed Income","199,222.07","0.01","199,222.07","200,000.00","200,000.00","98.08","Canada","-","CAD","14.41","1.00","Aug 15, 2052","5.28","CAD","Aug 15, 2022"
"WAACA","WINNIPEG AIRPORTS AUTHORITY INC","Infrastructure","Fixed Income","174,333.67","0.01","174,333.67","250,000.00","250,000.00","68.75","Canada","-","CAD","16.09","1.00","Feb 3, 2051","3.04","CAD","Feb 4, 2021"
"HYOHI","HYDRO OTTAWA HOLDING INC","Infrastructure","Fixed Income","171,475.78","0.01","171,475.78","198,000.00","198,000.00","86.42","Canada","-","CAD","12.73","1.00","May 14, 2043","3.99","CAD","May 14, 2013"
"PLEHHU","PLENARY HLTH CARE PTNRSHP HUMBR LP","Infrastructure","Fixed Income","152,152.59","0.01","152,152.59","165,000.00","165,000.00","92.21","Canada","-","CAD","12.73","1.00","Nov 30, 2044","4.82","CAD","Sep 23, 2011"
"CRRUCN","CROMBIE REAL ESTATE INVESTMENT TRU","Real Estate","Fixed Income","138,280.59","0.01","138,280.59","155,000.00","155,000.00","88.76","Canada","-","CAD","5.63","1.00","Oct 9, 2030","3.21","CAD","Oct 9, 2020"
"CUCN","CU INC MTN","Energy","Fixed Income","82,301.08","0.01","82,301.08","70,000.00","70,000.00","116.06","Canada","-","CAD","9.82","1.00","Mar 7, 2039","6.50","CAD","Mar 6, 2009"
"FTSCN","FORTISBC ENERGY INC MTN","Energy","Fixed Income","75,067.22","0.00","75,067.22","90,000.00","90,000.00","83.09","Canada","-","CAD","14.76","1.00","Oct 30, 2047","3.69","CAD","Oct 26, 2017"
"SUCN","SUNCOR ENERGY INC MTN","Energy","Fixed Income","48,316.49","0.00","48,316.49","50,000.00","50,000.00","95.99","Canada","-","CAD","2.17","1.00","Sep 14, 2026","3.00","CAD","Sep 13, 2016"
"TOYOTA","TOYOTA CREDIT CANADA INC MTN","Financial","Fixed Income","4,997.89","0.00","4,997.89","5,000.00","5,000.00","99.51","Canada","-","CAD","0.14","1.00","Jul 22, 2024","1.27","CAD","Jul 20, 2021"
"CAD","CAD CASH","Cash and/or Derivatives","Cash","-68,191.54","0.00","-68,191.54","-68,192.00","-68,192.00","100.00","Canada","-","CAD","0.00","1.00","-","0.00","CAD","Jan 1, 1989"
 