Fund Holdings as of,"Mar 29, 2024"
 
Ticker,Name,Sector,Asset Class,Market Value,Weight (%),Notional Value,Shares,Par Value,Price,Location,Exchange,Currency,Duration,FX Rate,Maturity,Coupon (%),Market Currency,Effective Date
"TD","TORONTO-DOMINION BANK/THE","Financial","Fixed Income","10,380,034.84","0.63","10,380,034.84","10,691,000.00","10,691,000.00","96.95","Canada","-","CAD","1.40","1.00","Sep 9, 2025","2.67","CAD","Mar 9, 2022"
"BNS","BANK OF NOVA SCOTIA","Financial","Fixed Income","9,988,685.17","0.61","9,988,685.17","10,440,000.00","10,440,000.00","95.51","Canada","-","CAD","2.78","1.00","Mar 8, 2027","2.95","CAD","Mar 7, 2022"
"TD","TORONTO-DOMINION BANK/THE MTN RegS","Financial","Fixed Income","8,558,404.49","0.52","8,558,404.49","8,630,000.00","8,630,000.00","97.82","Canada","-","CAD","1.02","1.00","Apr 22, 2030","3.11","CAD","Apr 22, 2020"
"RY","ROYAL BANK OF CANADA MTN","Financial","Fixed Income","8,422,649.51","0.51","8,422,649.51","8,607,000.00","8,607,000.00","97.86","Canada","-","CAD","1.45","1.00","Sep 29, 2025","3.37","CAD","Mar 28, 2022"
"TD","TORONTO-DOMINION BANK/THE","Financial","Fixed Income","8,191,826.11","0.50","8,191,826.11","8,165,000.00","8,165,000.00","98.96","Canada","-","CAD","2.91","1.00","Jun 1, 2027","4.21","CAD","Jun 1, 2022"
"BMO","BANK OF MONTREAL","Financial","Fixed Income","8,146,022.12","0.50","8,146,022.12","7,996,000.00","7,996,000.00","100.42","Canada","-","CAD","3.27","1.00","Dec 7, 2027","4.71","CAD","Dec 7, 2022"
"BMO","BANK OF MONTREAL","Financial","Fixed Income","8,062,755.75","0.49","8,062,755.75","8,017,000.00","8,017,000.00","99.17","Canada","-","CAD","2.85","1.00","Jun 1, 2027","4.31","CAD","Jun 1, 2022"
"TD","TORONTO-DOMINION BANK/THE","Financial","Fixed Income","7,976,089.19","0.49","7,976,089.19","7,845,000.00","7,845,000.00","100.63","Canada","-","CAD","4.23","1.00","Jan 8, 2029","4.68","CAD","Dec 7, 2022"
"BMO","BANK OF MONTREAL","Financial","Fixed Income","7,395,958.76","0.45","7,395,958.76","7,665,000.00","7,665,000.00","96.25","Canada","-","CAD","3.64","1.00","Mar 1, 2028","3.19","CAD","Mar 1, 2018"
"RY","ROYAL BANK OF CANADA","Financial","Fixed Income","7,041,648.32","0.43","7,041,648.32","7,446,000.00","7,446,000.00","94.18","Canada","-","CAD","2.69","1.00","Jan 28, 2027","2.33","CAD","Jan 28, 2020"
"TD","TORONTO-DOMINION BANK/THE RegS","Financial","Fixed Income","6,937,297.20","0.42","6,937,297.20","6,605,000.00","6,605,000.00","102.67","Canada","-","CAD","3.16","1.00","Oct 21, 2027","5.38","CAD","Oct 21, 2022"
"TRPCN","TRANSCANADA PIPELINES LTD MTN","Energy","Fixed Income","6,754,166.17","0.41","6,754,166.17","6,793,000.00","6,793,000.00","97.60","Canada","-","CAD","2.72","1.00","Apr 5, 2027","3.80","CAD","Apr 3, 2020"
"BMO","BANK OF MONTREAL","Financial","Fixed Income","6,740,388.78","0.41","6,740,388.78","6,520,000.00","6,520,000.00","101.71","Canada","-","CAD","3.63","1.00","May 29, 2028","5.04","CAD","May 29, 2023"
"RY","ROYAL BANK OF CANADA","Financial","Fixed Income","6,680,703.73","0.41","6,680,703.73","6,530,000.00","6,530,000.00","100.42","Canada","-","CAD","3.64","1.00","May 1, 2028","4.63","CAD","Apr 20, 2023"
"TD","TORONTO-DOMINION BANK/THE","Financial","Fixed Income","6,512,079.02","0.40","6,512,079.02","6,887,000.00","6,887,000.00","94.05","Canada","-","CAD","2.64","1.00","Jan 7, 2027","2.26","CAD","Jan 7, 2022"
"BNS","BANK OF NOVA SCOTIA","Financial","Fixed Income","6,440,012.19","0.39","6,440,012.19","6,840,000.00","6,840,000.00","93.40","Canada","-","CAD","2.48","1.00","Nov 2, 2026","1.85","CAD","Oct 8, 2021"
"RY","ROYAL BANK OF CANADA","Financial","Fixed Income","6,431,320.89","0.39","6,431,320.89","6,367,000.00","6,367,000.00","100.21","Canada","-","CAD","3.04","1.00","Jul 26, 2027","4.61","CAD","Jul 25, 2022"
"CM","CANADIAN IMPERIAL BANK OF COMMERCE","Financial","Fixed Income","6,377,537.51","0.39","6,377,537.51","6,145,000.00","6,145,000.00","101.38","Canada","-","CAD","3.08","1.00","Oct 7, 2027","5.05","CAD","Oct 7, 2022"
"CM","CANADIAN IMPERIAL BANK OF COMMERCE","Financial","Fixed Income","6,347,189.77","0.39","6,347,189.77","6,482,000.00","6,482,000.00","97.02","Canada","-","CAD","1.01","1.00","Apr 17, 2025","2.00","CAD","Apr 17, 2020"
"NACN","NATIONAL BANK OF CANADA","Financial","Fixed Income","6,309,429.69","0.38","6,309,429.69","6,075,000.00","6,075,000.00","102.35","Canada","-","CAD","3.72","1.00","Jun 14, 2028","5.22","CAD","Jun 14, 2023"
"TD","TORONTO-DOMINION BANK/THE RegS","Financial","Fixed Income","6,212,977.27","0.38","6,212,977.27","6,171,000.00","6,171,000.00","99.81","Canada","-","CAD","3.45","1.00","Jan 18, 2028","4.48","CAD","Jan 18, 2023"
"RY","ROYAL BANK OF CANADA RegS","Financial","Fixed Income","6,121,900.22","0.37","6,121,900.22","6,100,000.00","6,100,000.00","100.36","Canada","-","CAD","4.42","1.00","Apr 3, 2034","5.10","CAD","Apr 2, 2024"
"TD","TORONTO-DOMINION BANK/THE MTN","Financial","Fixed Income","6,045,886.76","0.37","6,045,886.76","6,326,000.00","6,326,000.00","95.05","Canada","-","CAD","2.66","1.00","Jan 26, 2032","3.06","CAD","Jun 25, 2019"
"BNS","BANK OF NOVA SCOTIA","Financial","Fixed Income","5,901,843.29","0.36","5,901,843.29","5,835,000.00","5,835,000.00","100.41","Canada","-","CAD","4.29","1.00","Feb 1, 2029","4.68","CAD","Feb 1, 2024"
"BNS","BANK OF NOVA SCOTIA","Financial","Fixed Income","5,889,311.05","0.36","5,889,311.05","6,103,000.00","6,103,000.00","96.02","Canada","-","CAD","3.57","1.00","Feb 2, 2028","3.10","CAD","Feb 2, 2018"
"RY","ROYAL BANK OF CANADA RegS","Financial","Fixed Income","5,875,500.18","0.36","5,875,500.18","5,830,000.00","5,830,000.00","99.63","Canada","-","CAD","2.53","1.00","Dec 21, 2026","4.26","CAD","Dec 21, 2023"
"BMO","BANK OF MONTREAL","Financial","Fixed Income","5,743,699.22","0.35","5,743,699.22","5,794,000.00","5,794,000.00","97.33","Canada","-","CAD","2.75","1.00","Apr 1, 2027","3.65","CAD","Apr 1, 2022"
"BNS","BANK OF NOVA SCOTIA","Financial","Fixed Income","5,742,625.52","0.35","5,742,625.52","5,827,000.00","5,827,000.00","96.97","Canada","-","CAD","2.84","1.00","May 3, 2032","3.93","CAD","Mar 21, 2022"
"RY","ROYAL BANK OF CANADA","Financial","Fixed Income","5,716,493.06","0.35","5,716,493.06","5,641,000.00","5,641,000.00","100.42","Canada","-","CAD","3.44","1.00","Jan 17, 2028","4.64","CAD","Jan 17, 2023"
"RY","ROYAL BANK OF CANADA","Financial","Fixed Income","5,705,294.96","0.35","5,705,294.96","5,508,000.00","5,508,000.00","101.46","Canada","-","CAD","2.37","1.00","Nov 2, 2026","5.24","CAD","Oct 28, 2022"
"TD","TORONTO-DOMINION BANK/THE","Financial","Fixed Income","5,421,584.65","0.33","5,421,584.65","5,716,000.00","5,716,000.00","94.51","Canada","-","CAD","1.64","1.00","Dec 9, 2025","1.13","CAD","Dec 9, 2020"
"CM","CANADIAN IMPERIAL BANK OF COMMERCE","Financial","Fixed Income","5,360,934.78","0.33","5,360,934.78","5,244,000.00","5,244,000.00","101.00","Canada","-","CAD","2.89","1.00","Jun 29, 2027","4.95","CAD","Jun 29, 2022"
"RY","ROYAL BANK OF CANADA MTN RegS","Financial","Fixed Income","4,958,982.55","0.30","4,958,982.55","4,907,000.00","4,907,000.00","100.28","Canada","-","CAD","3.46","1.00","Feb 1, 2033","5.01","CAD","Jan 31, 2023"
"BNS","BANK OF NOVA SCOTIA","Financial","Fixed Income","4,949,469.04","0.30","4,949,469.04","4,778,000.00","4,778,000.00","101.45","Canada","-","CAD","1.94","1.00","May 8, 2026","5.50","CAD","Nov 9, 2022"
"RCICN","ROGERS COMMS INC","Communication","Fixed Income","4,909,830.39","0.30","4,909,830.39","4,239,000.00","4,239,000.00","113.22","Canada","-","CAD","9.88","1.00","Nov 9, 2039","6.75","CAD","Apr 3, 2023"
"NACN","NATIONAL BANK OF CANADA","Financial","Fixed Income","4,814,209.99","0.29","4,814,209.99","4,660,000.00","4,660,000.00","101.75","Canada","-","CAD","4.23","1.00","Feb 1, 2029","5.02","CAD","Dec 7, 2023"
"BNS","BANK OF NOVA SCOTIA","Financial","Fixed Income","4,798,162.33","0.29","4,798,162.33","5,272,000.00","5,272,000.00","90.44","Canada","-","CAD","3.43","1.00","Nov 1, 2027","1.40","CAD","Oct 15, 2020"
"TRPCN","TRANSCANADA TRUST","Energy","Fixed Income","4,788,868.15","0.29","4,788,868.15","5,014,000.00","5,014,000.00","93.83","Canada","-","CAD","2.68","1.00","May 18, 2077","4.65","CAD","May 18, 2017"
"TD","TORONTO-DOMINION BANK/THE","Financial","Fixed Income","4,769,162.97","0.29","4,769,162.97","4,771,000.00","4,771,000.00","99.23","Canada","-","CAD","1.73","1.00","Jan 27, 2026","4.34","CAD","Jul 27, 2022"
"RCICN","ROGERS COMMUNICATIONS INC","Communication","Fixed Income","4,716,090.62","0.29","4,716,090.62","4,777,000.00","4,777,000.00","96.91","Canada","-","CAD","2.74","1.00","Mar 31, 2027","3.65","CAD","Mar 31, 2020"
"CM","CANADIAN IMPERIAL BANK OF COMMERCE","Financial","Fixed Income","4,714,639.92","0.29","4,714,639.92","4,745,000.00","4,745,000.00","98.24","Canada","-","CAD","1.11","1.00","May 26, 2025","3.30","CAD","May 25, 2018"
"RY","ROYAL BANK OF CANADA","Financial","Fixed Income","4,712,681.90","0.29","4,712,681.90","5,006,000.00","5,006,000.00","93.28","Canada","-","CAD","2.37","1.00","Nov 3, 2031","2.14","CAD","Oct 14, 2021"
"TD","TORONTO-DOMINION BANK/THE","Financial","Fixed Income","4,711,676.07","0.29","4,711,676.07","4,590,000.00","4,590,000.00","101.47","Canada","-","CAD","2.11","1.00","Jul 10, 2026","5.42","CAD","Jul 10, 2023"
"BMO","BANK OF MONTREAL","Financial","Fixed Income","4,574,276.38","0.28","4,574,276.38","4,525,000.00","4,525,000.00","99.82","Canada","-","CAD","4.14","1.00","Dec 18, 2028","4.54","CAD","Dec 18, 2023"
"WEMALL","ORIGINAL WEMPI INC","Real Estate","Fixed Income","4,566,932.72","0.28","4,566,932.72","4,170,000.00","4,170,000.00","105.74","Canada","-","CAD","2.80","1.00","Oct 4, 2027","7.79","CAD","Oct 4, 2023"
"RY","ROYAL BANK OF CANADA","Financial","Fixed Income","4,517,914.66","0.28","4,517,914.66","4,625,000.00","4,625,000.00","96.89","Canada","-","CAD","1.05","1.00","May 1, 2025","1.94","CAD","May 1, 2020"
"TD","TORONTO-DOMINION BANK/THE","Financial","Fixed Income","4,488,704.26","0.27","4,488,704.26","4,310,000.00","4,310,000.00","103.83","Canada","-","CAD","3.94","1.00","Sep 8, 2028","5.49","CAD","Sep 8, 2023"
"TD","TORONTO-DOMINION BANK/THE RegS","Financial","Fixed Income","4,451,793.85","0.27","4,451,793.85","4,865,000.00","4,865,000.00","91.40","Canada","-","CAD","3.74","1.00","Mar 8, 2028","1.89","CAD","Mar 8, 2021"
"BCECN","BELL CANADA MTN","Communication","Fixed Income","4,279,560.35","0.26","4,279,560.35","3,935,000.00","3,935,000.00","106.51","Canada","-","CAD","6.59","1.00","Nov 10, 2032","5.85","CAD","Nov 10, 2022"
"TRPCN","TRANSCANADA PIPELINES LTD MTN RegS","Energy","Fixed Income","4,209,918.57","0.26","4,209,918.57","4,060,000.00","4,060,000.00","102.62","Canada","-","CAD","5.22","1.00","Jul 15, 2030","5.28","CAD","Mar 10, 2023"
"ENBCN","ENBRIDGE INC","Energy","Fixed Income","4,152,263.21","0.25","4,152,263.21","4,337,000.00","4,337,000.00","95.71","Canada","-","CAD","3.01","1.00","Sep 27, 2077","5.38","CAD","Sep 26, 2017"
"RY","ROYAL BANK OF CANADA RegS","Financial","Fixed Income","4,128,783.80","0.25","4,128,783.80","4,020,000.00","4,020,000.00","101.29","Canada","-","CAD","2.07","1.00","Jun 23, 2026","5.34","CAD","Jun 23, 2023"
"CCDJ","FEDERATION DES CAISSES DESJARDINS","Financial","Fixed Income","4,122,060.61","0.25","4,122,060.61","3,910,000.00","3,910,000.00","103.43","Canada","-","CAD","3.97","1.00","Nov 17, 2028","5.47","CAD","Nov 17, 2023"
"CM","CANADIAN IMPERIAL BANK OF COMMERCE","Financial","Fixed Income","4,093,750.05","0.25","4,093,750.05","4,000,000.00","4,000,000.00","100.80","Canada","-","CAD","2.47","1.00","Dec 7, 2026","5.00","CAD","Dec 7, 2023"
"BMO","BANK OF MONTREAL","Financial","Fixed Income","4,093,592.38","0.25","4,093,592.38","4,332,000.00","4,332,000.00","93.98","Canada","-","CAD","2.08","1.00","May 28, 2026","1.55","CAD","May 28, 2021"
"ENBCN","ENBRIDGE INC MTN","Energy","Fixed Income","4,053,186.23","0.25","4,053,186.23","4,187,000.00","4,187,000.00","95.82","Canada","-","CAD","2.96","1.00","Jun 8, 2027","3.20","CAD","Jun 8, 2017"
"CM","CANADIAN IMPERIAL BANK OF COMMERCE","Financial","Fixed Income","4,032,460.23","0.25","4,032,460.23","4,271,000.00","4,271,000.00","93.91","Canada","-","CAD","2.64","1.00","Jan 7, 2027","2.25","CAD","Jan 7, 2022"
"TRICN","THOMSON REUTERS CORPORATION","Communication","Fixed Income","4,013,391.58","0.24","4,013,391.58","4,104,000.00","4,104,000.00","96.96","Canada","-","CAD","1.08","1.00","May 14, 2025","2.24","CAD","May 14, 2020"
"RY","ROYAL BANK OF CANADA","Financial","Fixed Income","3,988,018.62","0.24","3,988,018.62","3,975,000.00","3,975,000.00","99.22","Canada","-","CAD","1.64","1.00","Dec 22, 2025","4.11","CAD","Dec 22, 2022"
"GWOCN","GREAT-WEST LIFECO INC","Financial","Fixed Income","3,955,538.68","0.24","3,955,538.68","4,879,000.00","4,879,000.00","80.19","Canada","-","CAD","1.42","1.00","Dec 31, 2081","3.60","CAD","Aug 16, 2021"
"RY","ROYAL BANK OF CANADA RegS","Financial","Fixed Income","3,870,106.39","0.24","3,870,106.39","3,688,000.00","3,688,000.00","103.57","Canada","-","CAD","5.27","1.00","Jun 24, 2030","5.23","CAD","Jun 23, 2023"
"TD","TORONTO-DOMINION BANK/THE RegS","Financial","Fixed Income","3,858,400.08","0.24","3,858,400.08","4,255,000.00","4,255,000.00","90.59","Canada","-","CAD","4.21","1.00","Sep 11, 2028","1.90","CAD","Sep 10, 2021"
"CM","CANADIAN IMPERIAL BANK OF COMMERCE","Financial","Fixed Income","3,858,250.84","0.24","3,858,250.84","3,705,000.00","3,705,000.00","103.01","Canada","-","CAD","3.32","1.00","Jan 14, 2028","5.50","CAD","Jul 14, 2023"
"CM","CANADIAN IMPERIAL BANK OF COMMERCE","Financial","Fixed Income","3,849,448.97","0.23","3,849,448.97","4,082,000.00","4,082,000.00","94.09","Canada","-","CAD","1.76","1.00","Jan 19, 2026","1.10","CAD","Jan 19, 2021"
"BNS","BANK OF NOVA SCOTIA","Financial","Fixed Income","3,798,489.45","0.23","3,798,489.45","3,940,000.00","3,940,000.00","95.56","Canada","-","CAD","2.53","1.00","Dec 2, 2026","2.62","CAD","Dec 2, 2016"
"BMO","BANK OF MONTREAL RegS","Financial","Fixed Income","3,774,854.98","0.23","3,774,854.98","3,612,000.00","3,612,000.00","104.15","Canada","-","CAD","3.90","1.00","Sep 7, 2033","6.03","CAD","Sep 7, 2023"
"BNS","BANK OF NOVA SCOTIA","Financial","Fixed Income","3,735,063.40","0.23","3,735,063.40","3,645,000.00","3,645,000.00","101.10","Canada","-","CAD","1.49","1.00","Dec 29, 2025","5.50","CAD","Jun 29, 2023"
"CM","CANADIAN IMPERIAL BANK OF COMMERCE","Financial","Fixed Income","3,729,924.06","0.23","3,729,924.06","3,741,000.00","3,741,000.00","97.70","Canada","-","CAD","2.72","1.00","Apr 7, 2032","4.20","CAD","Apr 7, 2022"
"HLTHQC","HEALTH MONTREAL COLLECTIVE LP 144A","Infrastructure","Fixed Income","3,714,350.97","0.23","3,714,350.97","3,233,397.00","3,233,397.00","111.54","Canada","-","CAD","9.65","1.00","Sep 30, 2049","6.72","CAD","Jun 10, 2011"
"HSBC","HSBC BANK CANADA","Financial","Fixed Income","3,709,614.62","0.23","3,709,614.62","3,903,000.00","3,903,000.00","94.41","Canada","-","CAD","2.05","1.00","May 20, 2026","1.78","CAD","May 20, 2021"
"TD","TORONTO-DOMINION BANK/THE RegS","Financial","Fixed Income","3,673,515.01","0.22","3,673,515.01","3,635,000.00","3,635,000.00","100.32","Canada","-","CAD","2.63","1.00","Jan 29, 2027","4.52","CAD","Jan 29, 2024"
"CP","CANADIAN PACIFIC RAILWAY COMPANY","Industrial","Fixed Income","3,652,330.86","0.22","3,652,330.86","3,898,000.00","3,898,000.00","93.49","Canada","-","CAD","3.67","1.00","Feb 28, 2028","2.54","CAD","Nov 24, 2021"
"CM","CANADIAN IMPERIAL BANK OF COMMERCE","Financial","Fixed Income","3,649,869.93","0.22","3,649,869.93","3,580,000.00","3,580,000.00","100.92","Canada","-","CAD","4.20","1.00","Jan 16, 2034","5.19","CAD","Jan 16, 2024"
"CVECN","CENOVUS ENERGY INC","Energy","Fixed Income","3,643,787.25","0.22","3,643,787.25","3,777,000.00","3,777,000.00","95.99","Canada","-","CAD","3.55","1.00","Feb 7, 2028","3.50","CAD","Aug 7, 2020"
"BNS","BANK OF NOVA SCOTIA RegS","Financial","Fixed Income","3,553,992.42","0.22","3,553,992.42","3,440,000.00","3,440,000.00","102.44","Canada","-","CAD","3.82","1.00","Aug 2, 2033","5.68","CAD","Jun 12, 2023"
"BMO","BANK OF MONTREAL","Financial","Fixed Income","3,509,516.21","0.21","3,509,516.21","3,620,000.00","3,620,000.00","96.36","Canada","-","CAD","1.18","1.00","Jun 17, 2030","2.08","CAD","Jun 17, 2020"
"CCDJ","FEDERATION DES CAISSES DESJARDINS","Financial","Fixed Income","3,496,897.75","0.21","3,496,897.75","3,557,000.00","3,557,000.00","97.34","Canada","-","CAD","1.10","1.00","May 26, 2030","2.86","CAD","May 26, 2020"
"SUCN","SUNCOR ENERGY INC MTN","Energy","Fixed Income","3,422,223.26","0.21","3,422,223.26","3,325,000.00","3,325,000.00","100.88","Canada","-","CAD","1.52","1.00","Nov 17, 2025","5.60","CAD","Nov 17, 2023"
"BMO","BANK OF MONTREAL","Financial","Fixed Income","3,415,993.36","0.21","3,415,993.36","3,642,000.00","3,642,000.00","93.44","Canada","-","CAD","2.21","1.00","Jul 22, 2031","1.93","CAD","Jul 22, 2021"
"RY","ROYAL BANK OF CANADA RegS","Financial","Fixed Income","3,413,921.25","0.21","3,413,921.25","3,572,000.00","3,572,000.00","94.39","Canada","-","CAD","2.86","1.00","May 3, 2032","2.94","CAD","Jan 25, 2022"
"CCDJ","FEDERATION DES CAISSES DESJARDINS","Financial","Fixed Income","3,407,105.54","0.21","3,407,105.54","3,388,000.00","3,388,000.00","100.08","Canada","-","CAD","3.10","1.00","Aug 23, 2032","5.04","CAD","Aug 23, 2022"
"NACN","NATIONAL BANK OF CANADA","Financial","Fixed Income","3,377,474.89","0.21","3,377,474.89","3,289,000.00","3,289,000.00","100.56","Canada","-","CAD","1.49","1.00","Nov 3, 2025","5.30","CAD","Nov 3, 2022"
"RY","ROYAL BANK OF CANADA RegS","Financial","Fixed Income","3,372,878.81","0.21","3,372,878.81","3,482,000.00","3,482,000.00","96.35","Canada","-","CAD","1.21","1.00","Jun 30, 2030","2.09","CAD","Jun 30, 2020"
"CM","CANADIAN IMPERIAL BANK OF COMMERCE","Financial","Fixed Income","3,321,296.28","0.20","3,321,296.28","3,255,000.00","3,255,000.00","101.03","Canada","-","CAD","3.41","1.00","Jan 20, 2033","5.33","CAD","Jan 20, 2023"
"CCDJ","FEDERATION DES CAISSES DESJARDINS","Financial","Fixed Income","3,311,198.22","0.20","3,311,198.22","3,218,000.00","3,218,000.00","100.33","Canada","-","CAD","1.40","1.00","Oct 1, 2025","5.20","CAD","Nov 16, 2022"
"TD","TORONTO-DOMINION BANK/THE MTN","Financial","Fixed Income","3,299,650.85","0.20","3,299,650.85","3,297,000.00","3,297,000.00","99.75","Canada","-","CAD","1.82","1.00","Mar 4, 2031","4.86","CAD","Mar 4, 2016"
"NACN","NATIONAL BANK OF CANADA","Financial","Fixed Income","3,288,401.35","0.20","3,288,401.35","3,458,000.00","3,458,000.00","94.20","Canada","-","CAD","2.47","1.00","Nov 4, 2026","2.24","CAD","Nov 4, 2021"
"TRPCN","TRANSCANADA PIPELINES LIMITED MTN RegS","Energy","Fixed Income","3,285,924.02","0.20","3,285,924.02","3,334,000.00","3,334,000.00","97.91","Canada","-","CAD","1.25","1.00","Jul 17, 2025","3.30","CAD","Jul 17, 2015"
"MFCCN","MANULIFE FINANCIAL CORP RegS","Financial","Fixed Income","3,276,175.71","0.20","3,276,175.71","3,205,000.00","3,205,000.00","101.94","Canada","-","CAD","3.50","1.00","Mar 10, 2033","5.41","CAD","Mar 10, 2023"
"TCN","TELUS CORPORATION","Communication","Fixed Income","3,274,393.06","0.20","3,274,393.06","3,090,000.00","3,090,000.00","105.64","Canada","-","CAD","7.25","1.00","Sep 8, 2033","5.75","CAD","Sep 8, 2023"
"CCDJ","FEDERATION DES CAISSES DESJARDINS","Financial","Fixed Income","3,261,150.61","0.20","3,261,150.61","3,451,000.00","3,451,000.00","93.83","Canada","-","CAD","2.06","1.00","May 28, 2031","2.00","CAD","May 28, 2021"
"BCECN","BELL CANADA MTN RegS","Communication","Fixed Income","3,198,458.27","0.19","3,198,458.27","3,200,000.00","3,200,000.00","99.34","Canada","-","CAD","5.06","1.00","Feb 9, 2030","4.55","CAD","Feb 9, 2023"
"MFCCN","MANULIFE FINANCIAL CORP","Financial","Fixed Income","3,194,509.74","0.19","3,194,509.74","3,268,000.00","3,268,000.00","96.91","Canada","-","CAD","1.07","1.00","May 12, 2030","2.24","CAD","May 12, 2020"
"BCECN","BELL TELEPHONE COMPANY OF CANADA O MTN","Communication","Fixed Income","3,190,156.20","0.19","3,190,156.20","3,281,000.00","3,281,000.00","96.85","Canada","-","CAD","3.95","1.00","Aug 21, 2028","3.80","CAD","Aug 21, 2018"
"RCICN","ROGERS COMMUNICATIONS INC","Communication","Fixed Income","3,175,064.90","0.19","3,175,064.90","3,261,000.00","3,261,000.00","95.66","Canada","-","CAD","4.47","1.00","Apr 15, 2029","3.75","CAD","Mar 11, 2022"
"RCICN","ROGERS COMMUNICATIONS INC RegS","Communication","Fixed Income","3,156,651.83","0.19","3,156,651.83","3,035,000.00","3,035,000.00","103.88","Canada","-","CAD","3.90","1.00","Sep 21, 2028","5.70","CAD","Sep 21, 2023"
"IPLCN","INTER PIPELINE LTD RegS","Energy","Fixed Income","3,141,454.09","0.19","3,141,454.09","3,025,000.00","3,025,000.00","101.96","Canada","-","CAD","5.03","1.00","May 29, 2030","5.71","CAD","May 29, 2023"
"CM","CANADIAN IMPERIAL BANK OF COMMERCE","Financial","Fixed Income","3,121,052.63","0.19","3,121,052.63","3,307,000.00","3,307,000.00","94.03","Canada","-","CAD","2.21","1.00","Jul 15, 2026","1.70","CAD","Jul 15, 2021"
"RCICN","ROGERS COMMUNICATIONS INC","Communication","Fixed Income","3,097,006.02","0.19","3,097,006.02","3,095,000.00","3,095,000.00","97.68","Canada","-","CAD","14.27","1.00","Apr 15, 2052","5.25","CAD","Mar 11, 2022"
"RY","ROYAL BANK OF CANADA","Financial","Fixed Income","3,087,158.10","0.19","3,087,158.10","3,442,000.00","3,442,000.00","89.41","Canada","-","CAD","3.65","1.00","Jan 28, 2033","1.67","CAD","Jan 28, 2021"
"TD","TORONTO-DOMINION BANK/THE","Financial","Fixed Income","3,077,032.62","0.19","3,077,032.62","3,070,000.00","3,070,000.00","100.12","Canada","-","CAD","4.49","1.00","Apr 2, 2029","4.23","CAD","Mar 20, 2024"
"TCN","TELUS CORPORATION","Communication","Fixed Income","3,068,241.08","0.19","3,068,241.08","2,946,000.00","2,946,000.00","102.21","Canada","-","CAD","6.75","1.00","Nov 15, 2032","5.25","CAD","Sep 13, 2022"
"RY","ROYAL BANK OF CANADA","Financial","Fixed Income","3,067,675.89","0.19","3,067,675.89","3,233,000.00","3,233,000.00","94.25","Canada","-","CAD","2.02","1.00","May 4, 2026","1.59","CAD","May 4, 2021"
"RY","ROYAL BANK OF CANADA","Financial","Fixed Income","3,055,644.08","0.19","3,055,644.08","3,360,000.00","3,360,000.00","90.65","Canada","-","CAD","4.10","1.00","Jul 31, 2028","1.83","CAD","Jul 29, 2021"
"TCN","TELUS CORPORATION","Communication","Fixed Income","3,051,882.60","0.19","3,051,882.60","3,199,000.00","3,199,000.00","94.06","Canada","-","CAD","4.57","1.00","May 2, 2029","3.30","CAD","Apr 3, 2019"
"RCICN","ROGERS COMMUNICATIONS INC","Communication","Fixed Income","3,033,126.34","0.18","3,033,126.34","3,053,000.00","3,053,000.00","97.94","Canada","-","CAD","1.00","1.00","Apr 15, 2025","3.10","CAD","Mar 11, 2022"
"RCICN","ROGERS COMMUNICATIONS INC","Communication","Fixed Income","3,005,866.38","0.18","3,005,866.38","3,092,000.00","3,092,000.00","95.28","Canada","-","CAD","6.60","1.00","Apr 15, 2032","4.25","CAD","Mar 11, 2022"
"ATDBCN","ALIMENTATION COUCHE-TARD INC","Industrial","Fixed Income","2,938,141.71","0.18","2,938,141.71","2,795,000.00","2,795,000.00","105.06","Canada","-","CAD","5.37","1.00","Sep 25, 2030","5.59","CAD","Sep 25, 2023"
"CM","CANADIAN IMPERIAL BANK OF COMMERCE","Financial","Fixed Income","2,929,167.19","0.18","2,929,167.19","3,087,000.00","3,087,000.00","94.03","Canada","-","CAD","1.97","1.00","Apr 21, 2031","1.97","CAD","Apr 19, 2021"
"CCDJ","FEDERATION DES CAISSES DESJARDINS","Financial","Fixed Income","2,926,422.09","0.18","2,926,422.09","3,106,000.00","3,106,000.00","94.01","Canada","-","CAD","1.76","1.00","Jan 21, 2026","1.09","CAD","Jan 21, 2021"
"CARDS_22-3-A","CARDS_22-3 A","Securitized","Fixed Income","2,898,764.53","0.18","2,898,764.53","2,877,000.00","2,877,000.00","99.15","Canada","-","CAD","1.07","1.00","May 15, 2025","4.33","CAD","Jun 9, 2022"
"BCECN","BELL CANADA INC MTN","Communication","Fixed Income","2,870,074.07","0.17","2,870,074.07","3,194,000.00","3,194,000.00","89.76","Canada","-","CAD","6.19","1.00","Mar 17, 2031","3.00","CAD","Mar 17, 2021"
"CM","CANADIAN IMPERIAL BANK OF COMMERCE RegS","Financial","Fixed Income","2,813,794.37","0.17","2,813,794.37","2,917,000.00","2,917,000.00","96.09","Canada","-","CAD","1.27","1.00","Jul 21, 2030","2.01","CAD","Jul 21, 2020"
"SLFCN","SUN LIFE FINANCIAL INC MTN","Financial","Fixed Income","2,811,463.58","0.17","2,811,463.58","2,966,000.00","2,966,000.00","93.80","Canada","-","CAD","2.89","1.00","May 10, 2032","2.58","CAD","May 8, 2020"
"ENBCN","ENBRIDGE INC 60NC10 RegS","Energy","Fixed Income","2,798,917.59","0.17","2,798,917.59","2,475,000.00","2,475,000.00","111.31","Canada","-","CAD","6.62","1.00","Jan 15, 2084","8.75","CAD","Sep 29, 2023"
"RCICN","ROGERS COMMUNICATIONS INC.","Communication","Fixed Income","2,798,450.40","0.17","2,798,450.40","2,610,000.00","2,610,000.00","106.67","Canada","-","CAD","10.44","1.00","Aug 25, 2040","6.11","CAD","Aug 25, 2010"
"RCICN","ROGERS COMMUNICATIONS INC RegS","Communication","Fixed Income","2,796,923.44","0.17","2,796,923.44","2,630,000.00","2,630,000.00","106.22","Canada","-","CAD","7.24","1.00","Sep 21, 2033","5.90","CAD","Sep 21, 2023"
"BCECN","BELL CANADA INC","Communication","Fixed Income","2,763,285.35","0.17","2,763,285.35","3,087,000.00","3,087,000.00","88.58","Canada","-","CAD","5.53","1.00","May 14, 2030","2.50","CAD","May 14, 2020"
"CM","CANADIAN IMPERIAL BANK OF COMMERCE","Financial","Fixed Income","2,710,215.59","0.17","2,710,215.59","2,620,000.00","2,620,000.00","101.08","Canada","-","CAD","3.56","1.00","Apr 20, 2033","5.35","CAD","Apr 20, 2023"
"TRPCN","TRANSCANADA PIPELINES LTD MTN","Energy","Fixed Income","2,707,116.90","0.16","2,707,116.90","3,144,000.00","3,144,000.00","84.13","Canada","-","CAD","14.20","1.00","Oct 15, 2049","4.34","CAD","Apr 10, 2019"
"BNS","SCOTIABANK CAPITAL TRUST","Financial","Fixed Income","2,704,432.83","0.16","2,704,432.83","2,517,000.00","2,517,000.00","106.07","Canada","-","CAD","9.14","1.00","Dec 31, 2056","5.65","CAD","Sep 28, 2006"
"ATIMLP","ATHABASCA INDIGENOUS MIDSTREAM LIM","Energy","Fixed Income","2,663,376.20","0.16","2,663,376.20","2,513,155.00","2,513,155.00","103.57","Canada","-","CAD","7.47","1.00","Feb 5, 2042","6.07","CAD","Oct 5, 2022"
"BMO","BANK OF MONTREAL","Financial","Fixed Income","2,654,266.12","0.16","2,654,266.12","2,460,000.00","2,460,000.00","105.15","Canada","-","CAD","3.12","1.00","Oct 27, 2032","6.53","CAD","Oct 27, 2022"
"BCECN","BELL TELEPHONE COMPANY OF CANADA O MTN","Communication","Fixed Income","2,621,092.89","0.16","2,621,092.89","2,707,000.00","2,707,000.00","96.83","Canada","-","CAD","3.22","1.00","Sep 29, 2027","3.60","CAD","Sep 29, 2017"
"CCDJ","FEDERATION DES CAISSES DESJARDINS","Financial","Fixed Income","2,615,777.91","0.16","2,615,777.91","2,593,000.00","2,593,000.00","99.30","Canada","-","CAD","2.87","1.00","May 19, 2027","4.41","CAD","May 19, 2022"
"MFCCN","MANULIFE FINANCIAL CORP","Financial","Fixed Income","2,595,146.22","0.16","2,595,146.22","2,870,000.00","2,870,000.00","89.37","Canada","-","CAD","5.32","1.00","May 13, 2035","2.82","CAD","May 12, 2020"
"IPLCN","INTER PIPELINE LTD MTN","Energy","Fixed Income","2,587,659.87","0.16","2,587,659.87","2,614,000.00","2,614,000.00","97.61","Canada","-","CAD","2.85","1.00","Jun 1, 2027","4.23","CAD","Jun 1, 2020"
"ENBCN","ENBRIDGE INC MTN","Energy","Fixed Income","2,580,884.91","0.16","2,580,884.91","2,350,000.00","2,350,000.00","107.47","Canada","-","CAD","6.54","1.00","Nov 9, 2032","6.10","CAD","Nov 9, 2022"
"ENBCN","ENBRIDGE INC","Energy","Fixed Income","2,558,884.41","0.16","2,558,884.41","2,485,000.00","2,485,000.00","99.91","Canada","-","CAD","3.44","1.00","Apr 12, 2078","6.63","CAD","Apr 12, 2018"
"FFHCN","FAIRFAX FINANCIAL HOLDINGS LTD","Financial","Fixed Income","2,556,361.70","0.16","2,556,361.70","2,730,000.00","2,730,000.00","93.36","Canada","-","CAD","5.97","1.00","Mar 3, 2031","3.95","CAD","Mar 1, 2021"
"TCN","TELUS CORPORATION","Communication","Fixed Income","2,545,244.59","0.16","2,545,244.59","2,640,000.00","2,640,000.00","95.80","Canada","-","CAD","2.16","1.00","Jul 8, 2026","2.75","CAD","Jul 2, 2019"
"BCECN","BELL CANADA INC","Communication","Fixed Income","2,488,615.70","0.15","2,488,615.70","3,264,000.00","3,264,000.00","74.51","Canada","-","CAD","15.35","1.00","Sep 30, 2050","3.50","CAD","Feb 13, 2020"
"TRPCN","TRANSCANADA PIPELINES LTD MTN","Energy","Fixed Income","2,484,271.38","0.15","2,484,271.38","2,928,000.00","2,928,000.00","84.69","Canada","-","CAD","13.93","1.00","Sep 16, 2047","4.33","CAD","Sep 15, 2017"
"BMO","BANK OF MONTREAL","Financial","Fixed Income","2,470,219.05","0.15","2,470,219.05","2,559,000.00","2,559,000.00","95.71","Canada","-","CAD","2.55","1.00","Dec 9, 2026","2.70","CAD","Dec 9, 2016"
"TRPCN","TRANSCANADA PIPELINES LTD","Energy","Fixed Income","2,455,370.85","0.15","2,455,370.85","2,358,000.00","2,358,000.00","102.12","Canada","-","CAD","6.39","1.00","May 12, 2032","5.33","CAD","May 12, 2022"
"CUCN","CU INC","Energy","Fixed Income","2,444,290.94","0.15","2,444,290.94","2,659,000.00","2,659,000.00","91.62","Canada","-","CAD","13.42","1.00","Sep 2, 2044","4.09","CAD","Sep 5, 2014"
"RY","ROYAL BANK OF CANADA","Financial","Fixed Income","2,440,065.12","0.15","2,440,065.12","2,413,000.00","2,413,000.00","100.14","Canada","-","CAD","1.23","1.00","Jul 16, 2025","4.93","CAD","Jul 16, 2010"
"OMERS","OMERS REALTY CORP","Real Estate","Fixed Income","2,425,196.33","0.15","2,425,196.33","2,487,000.00","2,487,000.00","95.94","Canada","-","CAD","3.22","1.00","Oct 4, 2027","3.24","CAD","Oct 2, 2017"
"ENBCN","ENBRIDGE INC MTN","Energy","Fixed Income","2,416,462.72","0.15","2,416,462.72","2,817,000.00","2,817,000.00","85.71","Canada","-","CAD","8.03","1.00","Sep 21, 2033","3.10","CAD","Sep 21, 2021"
"NACN","NATIONAL BANK OF CANADA","Financial","Fixed Income","2,371,376.95","0.14","2,371,376.95","2,327,000.00","2,327,000.00","101.28","Canada","-","CAD","3.06","1.00","Aug 16, 2032","5.43","CAD","Jul 25, 2022"
"MFCCN","MANULIFE FINANCIAL CORP","Financial","Fixed Income","2,370,032.80","0.14","2,370,032.80","2,345,000.00","2,345,000.00","100.58","Canada","-","CAD","4.23","1.00","Feb 23, 2034","5.05","CAD","Feb 23, 2024"
"BNCN","BROOKFIELD FINANCE II INC RegS","Industrial","Fixed Income","2,366,899.28","0.14","2,366,899.28","2,298,000.00","2,298,000.00","101.42","Canada","-","CAD","6.78","1.00","Dec 14, 2032","5.43","CAD","Dec 14, 2022"
"SUCN","SUNCOR ENERGY INC MTN","Energy","Fixed Income","2,365,416.86","0.14","2,365,416.86","2,285,000.00","2,285,000.00","101.55","Canada","-","CAD","2.40","1.00","Nov 17, 2026","5.40","CAD","Nov 17, 2023"
"TRPCN","TRANSCANADA PIPELINES LTD MTN RegS","Energy","Fixed Income","2,356,952.51","0.14","2,356,952.51","2,824,000.00","2,824,000.00","82.48","Canada","-","CAD","14.14","1.00","Jul 3, 2048","4.18","CAD","Jul 3, 2018"
"BCECN","BELL CANADA MTN","Communication","Fixed Income","2,354,239.01","0.14","2,354,239.01","2,402,000.00","2,402,000.00","97.75","Canada","-","CAD","1.82","1.00","Mar 2, 2026","3.55","CAD","Feb 29, 2016"
"NACN","NATIONAL BANK OF CANADA","Financial","Fixed Income","2,344,227.35","0.14","2,344,227.35","2,490,000.00","2,490,000.00","93.70","Canada","-","CAD","2.13","1.00","Jun 15, 2026","1.53","CAD","Jun 15, 2021"
"BNCN","BROOKFIELD ASSET MANAGEMENT INC MTN","Industrial","Fixed Income","2,314,359.42","0.14","2,314,359.42","2,298,000.00","2,298,000.00","99.91","Canada","-","CAD","1.54","1.00","Jan 28, 2026","4.82","CAD","Jan 28, 2014"
"CVECN","CENOVUS ENERGY INC","Energy","Fixed Income","2,309,122.54","0.14","2,309,122.54","2,375,000.00","2,375,000.00","97.04","Canada","-","CAD","2.71","1.00","Mar 10, 2027","3.60","CAD","Mar 10, 2017"
"CNRCN","CANADIAN NATIONAL RAILWAY COMPANY","Industrial","Fixed Income","2,301,311.56","0.14","2,301,311.56","2,285,000.00","2,285,000.00","98.91","Canada","-","CAD","15.56","1.00","May 10, 2053","4.70","CAD","May 10, 2023"
"TRPCN","TRANSCANADA PIPELINES LTD MTN RegS","Energy","Fixed Income","2,287,660.75","0.14","2,287,660.75","2,478,000.00","2,478,000.00","92.23","Canada","-","CAD","4.98","1.00","Sep 18, 2029","3.00","CAD","Sep 18, 2019"
"RCICN","ROGERS COMMUNICATIONS INC.","Communication","Fixed Income","2,286,712.08","0.14","2,286,712.08","2,414,000.00","2,414,000.00","93.40","Canada","-","CAD","4.57","1.00","May 1, 2029","3.25","CAD","Apr 30, 2019"
"IPLCN","INTER PIPELINE LTD","Energy","Fixed Income","2,279,057.66","0.14","2,279,057.66","2,486,000.00","2,486,000.00","90.31","Canada","-","CAD","6.41","1.00","Nov 25, 2031","3.98","CAD","Nov 25, 2021"
"FORTFD_22-1-A","FORTFD_22-1 A","Securitized","Fixed Income","2,271,494.57","0.14","2,271,494.57","2,285,000.00","2,285,000.00","98.42","Canada","-","CAD","1.18","1.00","Jun 23, 2025","3.70","CAD","Apr 26, 2022"
"BMO","BANK OF MONTREAL","Financial","Fixed Income","2,256,233.29","0.14","2,256,233.29","2,375,000.00","2,375,000.00","94.91","Canada","-","CAD","1.88","1.00","Mar 10, 2026","1.76","CAD","Mar 10, 2021"
"NORCOU","NORTHERN COURIER PIPELINE LP RegS","Energy","Fixed Income","2,255,438.67","0.14","2,255,438.67","2,532,369.00","2,532,369.00","88.26","Canada","-","CAD","6.32","1.00","Jun 30, 2042","3.37","CAD","Jul 17, 2019"
"SLFCN","SUN LIFE FINANCIAL INC","Financial","Fixed Income","2,248,130.35","0.14","2,248,130.35","2,417,000.00","2,417,000.00","92.03","Canada","-","CAD","4.19","1.00","Nov 21, 2033","2.80","CAD","Nov 18, 2021"
"BIP","BROOKFIELD INFRASTRUCTURE FINANCE","Infrastructure","Fixed Income","2,244,894.07","0.14","2,244,894.07","2,366,000.00","2,366,000.00","93.27","Canada","-","CAD","4.90","1.00","Oct 9, 2029","3.41","CAD","Oct 3, 2019"
"GTAAIR","GREATER TORONTO AIRPORTS AUTHORITY MTN 144A","Infrastructure","Fixed Income","2,240,622.43","0.14","2,240,622.43","1,946,000.00","1,946,000.00","114.15","Canada","-","CAD","7.43","1.00","Feb 2, 2034","6.47","CAD","Feb 2, 2004"
"TCN","TELUS CORPORATION RegS","Communication","Fixed Income","2,210,816.32","0.13","2,210,816.32","2,500,000.00","2,500,000.00","87.36","Canada","-","CAD","6.65","1.00","Nov 13, 2031","2.85","CAD","Jun 28, 2021"
"NWRWPT","NORTH WEST REDWATER PARTNERSHIP","Energy","Fixed Income","2,206,818.90","0.13","2,206,818.90","2,455,000.00","2,455,000.00","88.98","Canada","-","CAD","6.34","1.00","Jun 1, 2031","2.80","CAD","Jun 30, 2021"
"PLENCS","PLENARY PROPERTIES LTAP LP","Infrastructure","Fixed Income","2,203,520.59","0.13","2,203,520.59","1,994,249.00","1,994,249.00","109.49","Canada","-","CAD","8.22","1.00","Jan 31, 2044","6.29","CAD","Jan 31, 2011"
"FFHCN","FAIRFAX FINANCIAL HOLDINGS LTD","Financial","Fixed Income","2,194,408.69","0.13","2,194,408.69","2,239,000.00","2,239,000.00","96.78","Canada","-","CAD","4.55","1.00","Jun 14, 2029","4.23","CAD","Jun 14, 2019"
"BCECN","BELL TELEPHONE COMPANY OF CANADA O MTN RegS","Communication","Fixed Income","2,188,197.08","0.13","2,188,197.08","2,105,000.00","2,105,000.00","102.03","Canada","-","CAD","3.99","1.00","Nov 14, 2028","5.15","CAD","Aug 11, 2023"
"CHPUCN","CHOICE PROPERTIES REAL ESTATE INVE","Real Estate","Fixed Income","2,181,831.48","0.13","2,181,831.48","2,293,000.00","2,293,000.00","94.10","Canada","-","CAD","4.65","1.00","Jun 11, 2029","3.53","CAD","Jun 11, 2019"
"BCECN","BELL CANADA INC","Communication","Fixed Income","2,181,403.23","0.13","2,181,403.23","2,372,000.00","2,372,000.00","91.77","Canada","-","CAD","3.23","1.00","Aug 16, 2027","1.65","CAD","Aug 14, 2020"
"MFCCN","MANULIFE BANK OF CANADA","Financial","Fixed Income","2,181,296.87","0.13","2,181,296.87","2,276,000.00","2,276,000.00","95.51","Canada","-","CAD","2.73","1.00","Feb 16, 2027","2.86","CAD","Feb 16, 2022"
"HYDONE","HYDRO ONE INC MTN","Infrastructure","Fixed Income","2,175,989.79","0.13","2,175,989.79","2,025,000.00","2,025,000.00","105.55","Canada","-","CAD","8.87","1.00","May 20, 2036","5.36","CAD","May 19, 2005"
"NWRWPT","NORTH WEST REDWATER PARTNERSHIP /","Energy","Fixed Income","2,168,616.37","0.13","2,168,616.37","2,377,000.00","2,377,000.00","90.04","Canada","-","CAD","8.86","1.00","Jun 1, 2035","3.65","CAD","May 19, 2017"
"HYDONE","HYDRO ONE INC","Infrastructure","Fixed Income","2,163,156.24","0.13","2,163,156.24","2,248,000.00","2,248,000.00","94.77","Canada","-","CAD","4.52","1.00","Apr 5, 2029","3.02","CAD","Apr 5, 2019"
"ENBPIP","ENBRIDGE PIPELINES INC MTN","Energy","Fixed Income","2,152,761.12","0.13","2,152,761.12","2,198,000.00","2,198,000.00","97.94","Canada","-","CAD","1.44","1.00","Sep 29, 2025","3.45","CAD","Sep 29, 2015"
"CHPUCN","CHOICE PROPERTIES REAL ESTATE INVE","Real Estate","Fixed Income","2,152,456.88","0.13","2,152,456.88","2,194,000.00","2,194,000.00","97.87","Canada","-","CAD","3.50","1.00","Mar 8, 2028","4.18","CAD","Mar 8, 2018"
"F","FORD CREDIT CANADA CO","Financial","Fixed Income","2,150,071.14","0.13","2,150,071.14","2,114,000.00","2,114,000.00","100.51","United States","-","CAD","4.23","1.00","Feb 9, 2029","5.44","CAD","Jan 9, 2024"
"ENBCN","ENBRIDGE INC MTN","Energy","Fixed Income","2,144,843.03","0.13","2,144,843.03","2,090,000.00","2,090,000.00","100.96","Canada","-","CAD","3.69","1.00","May 26, 2028","4.90","CAD","May 26, 2023"
"BCECN","BELL CANADA MTN","Communication","Fixed Income","2,142,572.71","0.13","2,142,572.71","2,223,000.00","2,223,000.00","96.02","Canada","-","CAD","2.25","1.00","Aug 12, 2026","2.90","CAD","Aug 12, 2016"
"MFCCN","MANULIFE FINANCE DELAWARE LP","Financial","Fixed Income","2,141,108.90","0.13","2,141,108.90","2,136,000.00","2,136,000.00","98.78","Canada","-","CAD","9.23","1.00","Dec 15, 2041","5.06","CAD","Dec 14, 2006"
"ONTPOW","ONTARIO POWER GENERATION INC MTN","Energy","Fixed Income","2,138,861.73","0.13","2,138,861.73","2,244,000.00","2,244,000.00","93.79","Canada","-","CAD","5.32","1.00","Apr 8, 2030","3.21","CAD","Apr 8, 2020"
"GTAAIR","GREATER TORONTO AIRPORTS AUTHORITY MTN","Infrastructure","Fixed Income","2,135,186.34","0.13","2,135,186.34","1,853,000.00","1,853,000.00","113.14","Canada","-","CAD","5.03","1.00","Jun 12, 2030","7.05","CAD","Jun 12, 2000"
"GTAAIR","GREATER TORONTO AIRPORTS AUTHORITY MTN 144A","Infrastructure","Fixed Income","2,134,917.15","0.13","2,134,917.15","1,820,000.00","1,820,000.00","115.05","Canada","-","CAD","5.66","1.00","Jun 4, 2031","7.10","CAD","Jun 4, 2001"
"TCN","TELUS CORPORATION","Communication","Fixed Income","2,126,335.69","0.13","2,126,335.69","2,163,000.00","2,163,000.00","98.11","Canada","-","CAD","1.82","1.00","Mar 10, 2026","3.75","CAD","Dec 8, 2015"
"NWRWPT","NORTH WEST REDWATER PARTNERSHIP / RegS","Energy","Fixed Income","2,121,953.57","0.13","2,121,953.57","2,366,000.00","2,366,000.00","88.94","Canada","-","CAD","13.25","1.00","Jul 22, 2044","4.05","CAD","Jul 23, 2014"
"CRSLNX","CROSSLINX TRANSIT SOLUTIONS GENERA RegS","Infrastructure","Fixed Income","2,116,724.10","0.13","2,116,724.10","2,256,130.00","2,256,130.00","91.51","Canada","-","CAD","8.59","1.00","Sep 30, 2046","4.65","CAD","Jul 24, 2015"
"DTRGR","DAIMLER TRUCKS FINANCE CANADA INC RegS","Financial","Fixed Income","2,115,576.53","0.13","2,115,576.53","2,108,000.00","2,108,000.00","100.22","Germany","-","CAD","1.41","1.00","Sep 19, 2025","5.18","CAD","Sep 19, 2022"
"EPCOR","EPCOR UTILITIES INC MTN RegS","Infrastructure","Fixed Income","2,105,395.11","0.13","2,105,395.11","1,870,000.00","1,870,000.00","109.99","Canada","-","CAD","15.25","1.00","Oct 3, 2053","5.33","CAD","Oct 3, 2023"
"PPLCN","PEMBINA PIPELINE CORP MTN","Energy","Fixed Income","2,098,950.51","0.13","2,098,950.51","2,255,000.00","2,255,000.00","92.56","Canada","-","CAD","5.22","1.00","Feb 1, 2030","3.31","CAD","Sep 12, 2019"
"BMO","BANK OF MONTREAL","Financial","Fixed Income","2,098,847.33","0.13","2,098,847.33","2,098,000.00","2,098,000.00","99.80","Canada","-","CAD","1.39","1.00","Sep 10, 2025","4.61","CAD","Sep 10, 2010"
"F","FORD CREDIT CANADA CO RegS","Financial","Fixed Income","2,093,732.98","0.13","2,093,732.98","2,050,000.00","2,050,000.00","101.54","United States","-","CAD","4.92","1.00","Feb 20, 2030","5.67","CAD","Feb 20, 2024"
"TRPCN","TRANSCANADA PIPELINES LTD MTN","Energy","Fixed Income","2,092,851.74","0.13","2,092,851.74","2,302,000.00","2,302,000.00","89.23","Canada","-","CAD","11.56","1.00","Nov 15, 2041","4.55","CAD","Nov 15, 2011"
"GTAAIR","GREATER TORONTO AIRPORTS AUTHORITY MTN","Infrastructure","Fixed Income","2,059,270.88","0.13","2,059,270.88","1,911,000.00","1,911,000.00","107.28","Canada","-","CAD","11.36","1.00","Feb 25, 2041","5.30","CAD","Feb 23, 2011"
"NWRWPT","NORTH WEST REDWATER PARTNERSHIP /","Energy","Fixed Income","2,052,594.13","0.13","2,052,594.13","2,139,000.00","2,139,000.00","95.05","Canada","-","CAD","2.97","1.00","Jun 1, 2027","2.80","CAD","May 19, 2017"
"SNCINN","SNC-LAVALIN INNISFREE MCGILL FINAN 144A","Infrastructure","Fixed Income","2,045,130.03","0.12","2,045,130.03","1,813,207.00","1,813,207.00","111.17","Canada","-","CAD","8.33","1.00","Jun 30, 2044","6.63","CAD","Jul 15, 2010"
"PPLCN","PEMBINA PIPELINE CORP MTN","Energy","Fixed Income","2,044,435.19","0.12","2,044,435.19","2,318,000.00","2,318,000.00","85.98","Canada","-","CAD","13.83","1.00","Apr 3, 2049","4.54","CAD","Apr 3, 2019"
"ENBCN","ENBRIDGE INC MTN","Energy","Fixed Income","2,042,296.16","0.12","2,042,296.16","2,182,000.00","2,182,000.00","92.14","Canada","-","CAD","4.94","1.00","Oct 3, 2029","2.99","CAD","Oct 3, 2019"
"TRPCN","TRANSCANADA PIPELINES LTD MTN","Energy","Fixed Income","2,042,386.11","0.12","2,042,386.11","2,357,000.00","2,357,000.00","85.29","Canada","-","CAD","13.32","1.00","Jun 6, 2046","4.35","CAD","Jun 6, 2016"
"HNDA","HONDA CANADA FINANCE INC","Financial","Fixed Income","2,040,644.50","0.12","2,040,644.50","2,264,000.00","2,264,000.00","89.99","Canada","-","CAD","3.72","1.00","Feb 25, 2028","1.65","CAD","Feb 25, 2021"
"NWRWPT","NORTH WEST REDWATER PARTNERSHIP RegS","Energy","Fixed Income","2,029,158.87","0.12","2,029,158.87","2,019,000.00","2,019,000.00","99.12","Canada","-","CAD","4.46","1.00","Jun 1, 2029","4.25","CAD","Jan 29, 2016"
"TOYOTA","TOYOTA CREDIT CANADA INC MTN RegS","Financial","Fixed Income","2,014,312.65","0.12","2,014,312.65","2,008,000.00","2,008,000.00","99.55","Canada","-","CAD","1.73","1.00","Jan 26, 2026","4.45","CAD","Jan 24, 2023"
"PPLCN","PEMBINA PIPELINE CORP MTN","Energy","Fixed Income","2,012,564.55","0.12","2,012,564.55","2,265,000.00","2,265,000.00","88.82","Canada","-","CAD","13.74","1.00","Mar 26, 2048","4.75","CAD","Mar 26, 2018"
"ATDBCN","ALIMENTATION COUCHE-TARD INC RegS","Industrial","Fixed Income","2,006,911.56","0.12","2,006,911.56","2,017,000.00","2,017,000.00","98.34","Canada","-","CAD","1.12","1.00","Jun 2, 2025","3.60","CAD","Jun 2, 2015"
"PPLCN","PEMBINA PIPELINE CORP MTN RegS","Energy","Fixed Income","2,002,789.58","0.12","2,002,789.58","2,004,000.00","2,004,000.00","98.72","Canada","-","CAD","2.79","1.00","Jun 15, 2027","4.24","CAD","Jun 16, 2015"
"HYDONE","HYDRO ONE INC MTN","Infrastructure","Fixed Income","2,001,752.12","0.12","2,001,752.12","1,829,000.00","1,829,000.00","108.35","Canada","-","CAD","10.93","1.00","Jul 16, 2040","5.49","CAD","Jul 16, 2009"
"CHPUCN","CHOICE PROPERTIES REAL ESTATE INVE","Real Estate","Fixed Income","1,996,654.20","0.12","1,996,654.20","2,089,000.00","2,089,000.00","94.57","Canada","-","CAD","2.94","1.00","May 21, 2027","2.85","CAD","May 21, 2020"
"IPLCN","INTER PIPELINE LTD RegS","Energy","Fixed Income","1,988,935.66","0.12","1,988,935.66","1,840,000.00","1,840,000.00","105.55","Canada","-","CAD","7.15","1.00","Feb 9, 2034","6.59","CAD","Nov 9, 2023"
"TCN","TELUS CORPORATION","Communication","Fixed Income","1,986,974.81","0.12","1,986,974.81","2,144,000.00","2,144,000.00","92.28","Canada","-","CAD","3.60","1.00","Jan 27, 2028","2.35","CAD","May 29, 2020"
"SLFCN","SUN LIFE FINANCIAL INC","Financial","Fixed Income","1,984,127.30","0.12","1,984,127.30","1,971,000.00","1,971,000.00","100.04","Canada","-","CAD","3.28","1.00","Aug 10, 2034","4.80","CAD","Aug 10, 2022"
"ENBCN","ENBRIDGE INC","Energy","Fixed Income","1,981,351.78","0.12","1,981,351.78","2,224,000.00","2,224,000.00","88.13","Canada","-","CAD","5.61","1.00","Jan 19, 2082","5.00","CAD","Jan 19, 2022"
"TERANE","TERANET HOLDINGS LP","Industrial","Fixed Income","1,978,931.70","0.12","1,978,931.70","2,009,000.00","2,009,000.00","97.44","Canada","-","CAD","1.15","1.00","Jun 11, 2025","3.54","CAD","Jun 11, 2020"
"PPLCN","PEMBINA PIPELINE CORP MTN RegS","Energy","Fixed Income","1,969,307.84","0.12","1,969,307.84","1,925,000.00","1,925,000.00","101.11","Canada","-","CAD","14.43","1.00","Jan 12, 2054","5.67","CAD","Jan 12, 2024"
"WSPCN","WSP GLOBAL INC RegS","Industrial","Fixed Income","1,968,722.73","0.12","1,968,722.73","1,860,000.00","1,860,000.00","103.90","Canada","-","CAD","5.40","1.00","Nov 22, 2030","5.55","CAD","Nov 22, 2023"
"BNCN","BROOKFIELD ASSET MANAGEMENT INC MTN","Industrial","Fixed Income","1,960,056.25","0.12","1,960,056.25","2,000,000.00","2,000,000.00","97.87","Canada","-","CAD","2.67","1.00","Mar 16, 2027","3.80","CAD","Sep 16, 2016"
"PPLCN","PEMBINA PIPELINE CORP MTN","Energy","Fixed Income","1,955,398.45","0.12","1,955,398.45","1,994,000.00","1,994,000.00","97.59","Canada","-","CAD","2.16","1.00","Aug 11, 2026","3.71","CAD","Aug 11, 2016"
"CM","CANADIAN IMPERIAL BANK OF COMMERCE","Financial","Fixed Income","1,936,729.87","0.12","1,936,729.87","1,910,000.00","1,910,000.00","100.18","Canada","-","CAD","0.29","1.00","Jul 14, 2026","5.93","CAD","Jul 14, 2023"
"CUCN","CU INC","Energy","Fixed Income","1,935,903.08","0.12","1,935,903.08","1,939,000.00","1,939,000.00","99.58","Canada","-","CAD","12.60","1.00","Sep 9, 2043","4.72","CAD","Sep 9, 2013"
"TRPCN","TRANSCANADA PIPELINES LTD MTN","Energy","Fixed Income","1,935,238.71","0.12","1,935,238.71","2,163,000.00","2,163,000.00","88.57","Canada","-","CAD","6.31","1.00","Jun 9, 2031","2.97","CAD","Jun 9, 2021"
"TRPCN","TRANSCANADA PIPELINES LTD MTN RegS","Energy","Fixed Income","1,930,105.64","0.12","1,930,105.64","1,925,000.00","1,925,000.00","99.98","Canada","-","CAD","0.24","1.00","Mar 10, 2026","5.42","CAD","Mar 10, 2023"
"RCICN","ROGERS COMMUNICATIONS INC","Communication","Fixed Income","1,917,539.49","0.12","1,917,539.49","1,908,000.00","1,908,000.00","98.72","Canada","-","CAD","3.97","1.00","Nov 2, 2028","4.40","CAD","Apr 3, 2023"
"TCN","TELUS CORPORATION","Communication","Fixed Income","1,915,266.70","0.12","1,915,266.70","1,888,000.00","1,888,000.00","100.86","Canada","-","CAD","5.80","1.00","Feb 18, 2031","4.95","CAD","Feb 15, 2024"
"HYDONE","HYDRO ONE INC 3.63 6/49 MTN","Infrastructure","Fixed Income","1,911,504.20","0.12","1,911,504.20","2,238,000.00","2,238,000.00","84.46","Canada","-","CAD","15.50","1.00","Jun 25, 2049","3.63","CAD","Jun 26, 2018"
"BRUPOW","BRUCE POWER LP","Energy","Fixed Income","1,910,603.99","0.12","1,910,603.99","1,910,000.00","1,910,000.00","99.81","Canada","-","CAD","6.06","1.00","Jun 21, 2031","4.70","CAD","Mar 12, 2024"
"ENBCN","ENBRIDGE INC MTN","Energy","Fixed Income","1,894,752.81","0.12","1,894,752.81","2,205,000.00","2,205,000.00","85.57","Canada","-","CAD","12.23","1.00","Aug 27, 2042","4.24","CAD","Aug 27, 2012"
"BRUPOW","BRUCE POWER LP","Energy","Fixed Income","1,889,831.86","0.12","1,889,831.86","1,970,000.00","1,970,000.00","94.81","Canada","-","CAD","7.48","1.00","Jun 21, 2033","4.13","CAD","Mar 1, 2018"
"BRUPOW","BRUCE POWER LP","Energy","Fixed Income","1,884,087.91","0.11","1,884,087.91","1,896,000.00","1,896,000.00","98.32","Canada","-","CAD","1.96","1.00","Jun 23, 2026","3.97","CAD","Jun 23, 2016"
"TRPCN","TRANSCANADA PIPELINES LIMITED MTN","Energy","Fixed Income","1,881,760.14","0.11","1,881,760.14","1,491,000.00","1,491,000.00","125.30","Canada","-","CAD","9.39","1.00","Feb 17, 2039","8.05","CAD","Feb 17, 2009"
"ENBCN","ENBRIDGE INC MTN","Energy","Fixed Income","1,878,348.64","0.11","1,878,348.64","2,108,000.00","2,108,000.00","88.88","Canada","-","CAD","12.60","1.00","Mar 11, 2044","4.57","CAD","Mar 11, 2014"
"BIP","BROOKFIELD INFRASTRUCTURE FINANCE","Infrastructure","Fixed Income","1,876,004.92","0.11","1,876,004.92","1,916,000.00","1,916,000.00","97.71","Canada","-","CAD","3.96","1.00","Sep 11, 2028","4.19","CAD","Sep 10, 2018"
"IPLCN","INTER PIPELINE LTD","Energy","Fixed Income","1,875,807.62","0.11","1,875,807.62","1,785,000.00","1,785,000.00","104.37","Canada","-","CAD","6.72","1.00","Feb 17, 2033","6.38","CAD","Nov 17, 2022"
"CPXCN","CAPITAL POWER CORP MTN RegS","Energy","Fixed Income","1,873,553.71","0.11","1,873,553.71","1,785,000.00","1,785,000.00","103.24","Canada","-","CAD","7.30","1.00","Jan 25, 2034","5.97","CAD","Dec 15, 2023"
"SSLFIN","SSL FINANCE INC","Infrastructure","Fixed Income","1,871,804.82","0.11","1,871,804.82","2,046,381.00","2,046,381.00","89.78","Canada","-","CAD","8.57","1.00","Oct 31, 2045","4.10","CAD","Jun 19, 2015"
"BCECN","BELL CANADA MTN RegS","Communication","Fixed Income","1,866,228.32","0.11","1,866,228.32","1,815,000.00","1,815,000.00","102.62","Canada","-","CAD","4.30","1.00","Mar 15, 2029","5.25","CAD","Nov 14, 2023"
"ENBCN","ENBRIDGE INC MTN","Energy","Fixed Income","1,859,151.66","0.11","1,859,151.66","1,761,000.00","1,761,000.00","103.37","Canada","-","CAD","3.13","1.00","Nov 9, 2027","5.70","CAD","Nov 9, 2022"
"ENBPIP","ENBRIDGE PIPELINES INC MTN","Energy","Fixed Income","1,856,280.53","0.11","1,856,280.53","1,942,000.00","1,942,000.00","95.24","Canada","-","CAD","4.43","1.00","Feb 22, 2029","3.52","CAD","Feb 22, 2019"
"ETRHWY","407 INTERNATIONAL INC. MTN","Infrastructure","Fixed Income","1,855,484.78","0.11","1,855,484.78","2,090,000.00","2,090,000.00","87.32","Canada","-","CAD","14.08","1.00","May 11, 2046","3.83","CAD","May 11, 2015"
"GTAAIR","GREATER TORONTO AIRPORTS AUTHORITY 144A","Infrastructure","Fixed Income","1,853,036.22","0.11","1,853,036.22","1,648,000.00","1,648,000.00","110.70","Canada","-","CAD","10.79","1.00","Jun 7, 2040","5.63","CAD","Jun 7, 2010"
"SAPCN","SAPUTO INC MTN","Industrial","Fixed Income","1,849,062.07","0.11","1,849,062.07","1,750,000.00","1,750,000.00","103.70","Canada","-","CAD","5.40","1.00","Nov 20, 2030","5.49","CAD","Nov 20, 2023"
"TCN","TELUS CORPORATION","Communication","Fixed Income","1,843,441.43","0.11","1,843,441.43","1,997,000.00","1,997,000.00","91.97","Canada","-","CAD","5.29","1.00","Feb 19, 2030","3.15","CAD","Dec 16, 2019"
"NWRWPT","NORTH WEST REDWATER PARTNERSHIP RegS","Energy","Fixed Income","1,840,435.69","0.11","1,840,435.69","1,834,000.00","1,834,000.00","98.80","Canada","-","CAD","9.50","1.00","Jun 1, 2037","4.75","CAD","Jan 29, 2016"
"BRUPOW","BRUCE POWER LP","Energy","Fixed Income","1,840,091.30","0.11","1,840,091.30","1,982,000.00","1,982,000.00","92.11","Canada","-","CAD","4.35","1.00","Dec 21, 2028","2.68","CAD","Nov 22, 2021"
"CP","CANADIAN PACIFIC RAILWAY CO MTN","Industrial","Fixed Income","1,837,532.18","0.11","1,837,532.18","1,537,000.00","1,537,000.00","117.20","Canada","-","CAD","10.17","1.00","Nov 17, 2039","6.45","CAD","Nov 17, 2009"
"VW","VW CREDIT CANADA INC RegS","Financial","Fixed Income","1,833,795.01","0.11","1,833,795.01","1,775,000.00","1,775,000.00","101.20","Germany","-","CAD","1.52","1.00","Nov 17, 2025","5.80","CAD","Nov 15, 2022"
"VTR","VENTAS CANADA FINANCE LTD","Real Estate","Fixed Income","1,833,117.71","0.11","1,833,117.71","1,818,000.00","1,818,000.00","100.50","United States","-","CAD","4.34","1.00","Mar 5, 2029","5.10","CAD","Mar 5, 2024"
"GTAAIR","GREATER TORONTO AIRPORTS AUTHORITY","Infrastructure","Fixed Income","1,827,156.17","0.11","1,827,156.17","2,276,000.00","2,276,000.00","79.04","Canada","-","CAD","11.95","1.00","Oct 17, 2039","2.75","CAD","Sep 25, 2019"
"ETRHWY","407 INTERNATIONAL INC MTN","Infrastructure","Fixed Income","1,824,925.85","0.11","1,824,925.85","1,842,000.00","1,842,000.00","98.54","Canada","-","CAD","6.23","1.00","Aug 14, 2031","4.45","CAD","Sep 7, 2022"
"GWOCN","GREAT-WEST LIFECO INC","Financial","Fixed Income","1,824,900.39","0.11","1,824,900.39","1,885,000.00","1,885,000.00","96.54","Canada","-","CAD","3.59","1.00","Feb 28, 2028","3.34","CAD","Feb 28, 2018"
"IFCCN","INTACT FINANCIAL CORP RegS","Financial","Fixed Income","1,815,035.60","0.11","1,815,035.60","1,883,000.00","1,883,000.00","95.51","Canada","-","CAD","2.98","1.00","Jun 7, 2027","2.85","CAD","Jun 7, 2017"
"F","FORD CREDIT CANADA CO","Financial","Fixed Income","1,811,918.89","0.11","1,811,918.89","1,700,000.00","1,700,000.00","103.80","United States","-","CAD","1.91","1.00","May 12, 2026","7.38","CAD","May 12, 2023"
"TCN","TELUS CORPORATION MTN","Communication","Fixed Income","1,808,162.21","0.11","1,808,162.21","2,014,000.00","2,014,000.00","87.61","Canada","-","CAD","12.10","1.00","Apr 1, 2043","4.40","CAD","Apr 1, 2013"
"ENBCN","ENBRIDGE INC MTN","Energy","Fixed Income","1,807,823.13","0.11","1,807,823.13","1,541,000.00","1,541,000.00","114.80","Canada","-","CAD","13.76","1.00","Nov 9, 2052","6.51","CAD","Nov 9, 2022"
"RCICN","ROGERS COMMUNICATIONS INC","Communication","Fixed Income","1,801,521.30","0.11","1,801,521.30","1,564,000.00","1,564,000.00","112.51","Canada","-","CAD","9.88","1.00","Nov 4, 2039","6.68","CAD","Nov 4, 2009"
"GIBACN","CGI INC","Industrial","Fixed Income","1,795,087.35","0.11","1,795,087.35","1,989,000.00","1,989,000.00","90.19","Canada","-","CAD","4.21","1.00","Sep 18, 2028","2.10","CAD","Sep 16, 2021"
"TCN","TELUS CORPORATION","Communication","Fixed Income","1,793,288.39","0.11","1,793,288.39","1,888,000.00","1,888,000.00","92.64","Canada","-","CAD","12.19","1.00","Apr 5, 2044","4.85","CAD","Apr 4, 2014"
"CNQCN","CANADIAN NATURAL RESOURCES LTD MTN","Energy","Fixed Income","1,788,313.67","0.11","1,788,313.67","1,827,000.00","1,827,000.00","96.77","Canada","-","CAD","2.48","1.00","Dec 1, 2026","3.42","CAD","May 30, 2017"
"FFHCN","FAIRFAX FINANCIAL HOLDINGS LTD","Financial","Fixed Income","1,786,754.44","0.11","1,786,754.44","1,802,000.00","1,802,000.00","97.83","Canada","-","CAD","3.25","1.00","Dec 6, 2027","4.25","CAD","Dec 4, 2017"
"RCICN","ROGERS COMMUNICATIONS INC","Communication","Fixed Income","1,786,499.71","0.11","1,786,499.71","1,750,000.00","1,750,000.00","101.96","Canada","-","CAD","2.30","1.00","Sep 21, 2026","5.65","CAD","Sep 21, 2023"
"NWRWPT","NORTH WEST REDWATER PARTNERSHIP","Energy","Fixed Income","1,784,099.80","0.11","1,784,099.80","2,115,000.00","2,115,000.00","83.13","Canada","-","CAD","15.78","1.00","Jun 1, 2051","3.75","CAD","Jun 30, 2021"
"F","FORD CREDIT CANADA CO RegS","Financial","Fixed Income","1,782,077.43","0.11","1,782,077.43","1,760,000.00","1,760,000.00","100.67","United States","-","CAD","2.66","1.00","Feb 22, 2027","5.58","CAD","Feb 20, 2024"
"CHPUCN","CHOICE PROPERTIES REAL ESTATE INVE","Real Estate","Fixed Income","1,778,086.45","0.11","1,778,086.45","1,745,000.00","1,745,000.00","101.48","Canada","-","CAD","6.99","1.00","Mar 1, 2033","5.40","CAD","Mar 1, 2023"
"HYDONE","HYDRO ONE INC MTN","Infrastructure","Fixed Income","1,773,979.12","0.11","1,773,979.12","1,828,000.00","1,828,000.00","96.79","Canada","-","CAD","1.83","1.00","Feb 24, 2026","2.77","CAD","Feb 24, 2016"
"TCN","TELUS CORPORATION","Communication","Fixed Income","1,768,461.51","0.11","1,768,461.51","1,635,000.00","1,635,000.00","107.82","Canada","-","CAD","14.51","1.00","Sep 8, 2053","5.95","CAD","Sep 8, 2023"
"BIP","BROOKFIELD INFRASTRUCTURE FINANCE","Infrastructure","Fixed Income","1,762,039.20","0.11","1,762,039.20","1,700,000.00","1,700,000.00","101.32","Canada","-","CAD","7.54","1.00","Apr 25, 2034","5.44","CAD","Apr 25, 2022"
"ENBCN","ENBRIDGE INC MTN","Energy","Fixed Income","1,759,520.50","0.11","1,759,520.50","1,798,000.00","1,798,000.00","97.07","Canada","-","CAD","1.13","1.00","Jun 2, 2025","2.44","CAD","May 12, 2020"
"SLFCN","SUN LIFE FINANCIAL INC RegS","Financial","Fixed Income","1,754,931.12","0.11","1,754,931.12","1,675,000.00","1,675,000.00","103.49","Canada","-","CAD","4.39","1.00","Jul 4, 2035","5.50","CAD","Jul 4, 2023"
"PPLCN","PEMBINA PIPELINE CORP RegS","Energy","Fixed Income","1,750,035.07","0.11","1,750,035.07","1,803,000.00","1,803,000.00","95.30","Canada","-","CAD","4.44","1.00","Apr 3, 2029","3.62","CAD","Apr 3, 2019"
"HYNMTR","HYUNDAI CAPITAL CANADA INC","Financial","Fixed Income","1,744,474.22","0.11","1,744,474.22","1,811,000.00","1,811,000.00","95.96","Canada","-","CAD","2.72","1.00","Feb 16, 2027","3.20","CAD","Feb 15, 2022"
"NACN","NATIONAL BANK OF CANADA","Financial","Fixed Income","1,742,644.38","0.11","1,742,644.38","1,705,000.00","1,705,000.00","100.67","Canada","-","CAD","2.47","1.00","Dec 7, 2026","4.97","CAD","Dec 7, 2023"
"OMERS","OMERS REALTY CORP RegS","Real Estate","Fixed Income","1,741,308.91","0.11","1,741,308.91","1,705,000.00","1,705,000.00","99.99","Canada","-","CAD","4.30","1.00","Apr 9, 2029","4.54","CAD","Mar 9, 2023"
"CIXCN","CI FINANCIAL CORP","Financial","Fixed Income","1,741,088.63","0.11","1,741,088.63","1,674,000.00","1,674,000.00","101.74","Canada","-","CAD","1.55","1.00","Dec 2, 2025","7.00","CAD","Dec 2, 2022"
"PPLCN","PEMBINA PIPELINE CORP MTN RegS","Energy","Fixed Income","1,740,619.22","0.11","1,740,619.22","1,720,000.00","1,720,000.00","100.14","Canada","-","CAD","6.31","1.00","Jan 12, 2032","5.02","CAD","Jan 12, 2024"
"CHPUCN","CHOICE PROPERTIES REAL ESTATE INVE","Real Estate","Fixed Income","1,737,021.26","0.11","1,737,021.26","1,617,000.00","1,617,000.00","105.84","Canada","-","CAD","6.36","1.00","Jun 24, 2032","6.00","CAD","Jun 24, 2022"
"NVLAUT","NOUVELLE AUTOROUTE 30 FINANCEMENT","Infrastructure","Fixed Income","1,736,051.06","0.11","1,736,051.06","1,942,978.00","1,942,978.00","88.35","Canada","-","CAD","10.01","1.00","Jun 30, 2042","4.12","CAD","Jun 14, 2018"
"TCN","TELUS CORPORATION","Communication","Fixed Income","1,732,090.59","0.11","1,732,090.59","1,655,000.00","1,655,000.00","104.35","Canada","-","CAD","5.33","1.00","Sep 9, 2030","5.60","CAD","Sep 8, 2023"
"GLCRTR_20-1-SR","GLCRTR_20-1 SR","Securitized","Fixed Income","1,731,911.10","0.11","1,731,911.10","1,820,000.00","1,820,000.00","95.13","Canada","-","CAD","1.44","1.00","Sep 22, 2025","1.39","CAD","Sep 25, 2020"
"REIUCN","RIOCAN REAL ESTATE INVESTMENT TRUS","Real Estate","Fixed Income","1,731,660.33","0.11","1,731,660.33","1,839,000.00","1,839,000.00","93.60","Canada","-","CAD","2.12","1.00","Jun 15, 2026","1.97","CAD","Dec 14, 2020"
"EMACN","EMERA INCORPORATED RegS","Infrastructure","Fixed Income","1,725,790.12","0.11","1,725,790.12","1,700,000.00","1,700,000.00","99.56","Canada","-","CAD","5.10","1.00","May 2, 2030","4.84","CAD","May 2, 2023"
"ALCTRA","ALECTRA INC (CANADA)","Infrastructure","Fixed Income","1,722,390.59","0.10","1,722,390.59","1,805,000.00","1,805,000.00","94.52","Canada","-","CAD","2.95","1.00","May 17, 2027","2.49","CAD","May 17, 2017"
"NWRWPT","NORTH WEST REDWATER PARTNERSHIP RegS","Energy","Fixed Income","1,720,359.76","0.10","1,720,359.76","1,771,000.00","1,771,000.00","95.79","Canada","-","CAD","7.39","1.00","Jun 1, 2033","4.15","CAD","Jun 10, 2016"
"APUCN","ALLIED PROPERTIES REAL ESTATE INVE","Real Estate","Fixed Income","1,720,219.56","0.10","1,720,219.56","1,864,000.00","1,864,000.00","92.07","Canada","-","CAD","1.81","1.00","Feb 12, 2026","1.73","CAD","Feb 12, 2021"
"GM","GENERAL MOTORS FINANCIAL OF CANADA","Financial","Fixed Income","1,719,599.21","0.10","1,719,599.21","1,817,000.00","1,817,000.00","93.84","Canada","-","CAD","1.96","1.00","Apr 15, 2026","1.75","CAD","Jan 15, 2021"
"SGTPHW","SGTP HIGHWAY BYPASS LIMITED PARTNE RegS","Infrastructure","Fixed Income","1,716,940.81","0.10","1,716,940.81","1,899,589.00","1,899,589.00","89.73","Canada","-","CAD","8.53","1.00","Jan 31, 2045","4.11","CAD","Aug 4, 2015"
"DE","JOHN DEERE FINANCIAL INC","Financial","Fixed Income","1,715,451.29","0.10","1,715,451.29","1,660,000.00","1,660,000.00","103.14","United States","-","CAD","3.98","1.00","Sep 15, 2028","5.17","CAD","Sep 15, 2023"
"CUCN","CU INC","Energy","Fixed Income","1,708,274.01","0.10","1,708,274.01","1,716,000.00","1,716,000.00","97.60","Canada","-","CAD","11.80","1.00","Oct 24, 2041","4.54","CAD","Oct 24, 2011"
"CNRCN","CANADIAN NATIONAL RAILWAY COMPANY","Industrial","Fixed Income","1,707,865.66","0.10","1,707,865.66","1,700,000.00","1,700,000.00","98.87","Canada","-","CAD","5.23","1.00","May 10, 2030","4.15","CAD","May 10, 2023"
"ETRHWY","407 INTERNATIONAL INC MTN","Infrastructure","Fixed Income","1,705,357.64","0.10","1,705,357.64","1,660,000.00","1,660,000.00","101.96","Canada","-","CAD","15.70","1.00","Jul 31, 2053","4.86","CAD","Jul 31, 2023"
"HYNMTR","HYUNDAI CAPITAL CANADA INC","Financial","Fixed Income","1,703,858.06","0.10","1,703,858.06","1,650,000.00","1,650,000.00","102.94","Canada","-","CAD","3.47","1.00","Mar 8, 2028","5.57","CAD","Mar 8, 2023"
"DE","JOHN DEERE FINANCIAL INC MTN","Financial","Fixed Income","1,700,377.06","0.10","1,700,377.06","1,655,000.00","1,655,000.00","101.30","United States","-","CAD","2.92","1.00","Jun 14, 2027","4.95","CAD","Jun 13, 2023"
"TCN","TELUS CORPORATION","Communication","Fixed Income","1,699,700.50","0.10","1,699,700.50","1,640,000.00","1,640,000.00","103.39","Canada","-","CAD","14.45","1.00","Sep 13, 2052","5.65","CAD","Sep 13, 2022"
"GWOCN","GREAT-WEST LIFECO INC","Financial","Fixed Income","1,698,499.79","0.10","1,698,499.79","1,871,000.00","1,871,000.00","89.89","Canada","-","CAD","5.56","1.00","May 14, 2030","2.38","CAD","May 14, 2020"
"TRPCN","TRANSCANADA PIPELINES LTD MTN","Energy","Fixed Income","1,695,710.09","0.10","1,695,710.09","1,772,000.00","1,772,000.00","95.56","Canada","-","CAD","3.65","1.00","Mar 15, 2028","3.39","CAD","Sep 15, 2017"
"CPXCN","CAPITAL POWER CORP","Energy","Fixed Income","1,693,749.40","0.10","1,693,749.40","1,640,000.00","1,640,000.00","103.05","Canada","-","CAD","3.87","1.00","Sep 15, 2028","5.82","CAD","Sep 15, 2023"
"F","FORD CREDIT CANADA CO","Financial","Fixed Income","1,691,477.63","0.10","1,691,477.63","1,615,000.00","1,615,000.00","102.31","United States","-","CAD","2.36","1.00","Nov 10, 2026","6.33","CAD","Nov 10, 2023"
"FORTFD_23-1","FORTIFIED TRUST FORTFD_23-1 A","Securitized","Fixed Income","1,691,292.36","0.10","1,691,292.36","1,683,000.00","1,683,000.00","99.32","Canada","-","CAD","3.38","1.00","Dec 23, 2027","4.42","CAD","Jan 31, 2023"
"TCN","TELUS CORPORATION MTN","Communication","Fixed Income","1,686,764.53","0.10","1,686,764.53","1,929,000.00","1,929,000.00","86.72","Canada","-","CAD","13.31","1.00","Jan 29, 2046","4.40","CAD","Mar 27, 2015"
"BCECN","BELL CANADA INC MTN","Communication","Fixed Income","1,686,002.08","0.10","1,686,002.08","1,831,000.00","1,831,000.00","91.93","Canada","-","CAD","4.97","1.00","Sep 10, 2029","2.90","CAD","Sep 10, 2019"
"SLFCN","SUN LIFE FINANCIAL INC","Financial","Fixed Income","1,683,472.45","0.10","1,683,472.45","1,964,000.00","1,964,000.00","84.70","Canada","-","CAD","5.74","1.00","Oct 1, 2035","2.06","CAD","Oct 1, 2020"
"GLCRTR_22-1","GLCRTR_22-1 RegS","Securitized","Fixed Income","1,680,990.35","0.10","1,680,990.35","1,660,000.00","1,660,000.00","101.14","Canada","-","CAD","3.18","1.00","Sep 20, 2027","4.96","CAD","Sep 27, 2022"
"RCICN","ROGERS COMMUNICATIONS INC","Communication","Fixed Income","1,674,000.69","0.10","1,674,000.69","1,784,000.00","1,784,000.00","92.84","Canada","-","CAD","5.08","1.00","Dec 10, 2029","3.30","CAD","Dec 9, 2019"
"MRUCN","METRO INC MTN","Industrial","Fixed Income","1,667,957.90","0.10","1,667,957.90","1,710,000.00","1,710,000.00","96.48","Canada","-","CAD","3.36","1.00","Dec 6, 2027","3.39","CAD","Dec 4, 2017"
"PPLCN","PEMBINA PIPELINE CORP MTN RegS","Energy","Fixed Income","1,666,689.59","0.10","1,666,689.59","1,707,000.00","1,707,000.00","97.62","Canada","-","CAD","3.57","1.00","Mar 27, 2028","4.02","CAD","Mar 26, 2018"
"NWRWPT","NORTH WEST REDWATER PARTNERSHIP","Energy","Fixed Income","1,664,862.47","0.10","1,664,862.47","1,690,000.00","1,690,000.00","97.13","Canada","-","CAD","1.95","1.00","Apr 24, 2026","3.20","CAD","Jul 24, 2015"
"SAPCN","SAPUTO INC MTN","Industrial","Fixed Income","1,661,957.49","0.10","1,661,957.49","1,776,000.00","1,776,000.00","92.94","Canada","-","CAD","3.04","1.00","Jun 16, 2027","2.24","CAD","Jun 16, 2020"
"HOSNOH","HOSPITAL INFRASTRUCTURE PARTNERS I","Infrastructure","Fixed Income","1,661,667.38","0.10","1,661,667.38","1,633,832.00","1,633,832.00","100.84","Canada","-","CAD","8.58","1.00","Jan 31, 2045","5.44","CAD","Jul 29, 2011"
"GM","GENERAL MOTORS FINANCIAL OF CANADA","Financial","Fixed Income","1,659,128.61","0.10","1,659,128.61","1,641,000.00","1,641,000.00","100.43","United States","-","CAD","4.24","1.00","Feb 9, 2029","5.00","CAD","Feb 9, 2024"
"SLFCN","SUN LIFE FINANCIAL INC","Financial","Fixed Income","1,656,465.59","0.10","1,656,465.59","1,843,000.00","1,843,000.00","88.74","Canada","-","CAD","6.37","1.00","Nov 18, 2036","3.15","CAD","Nov 18, 2021"
"ENBGAS","ENBRIDGE GAS INC","Energy","Fixed Income","1,651,789.78","0.10","1,651,789.78","1,710,000.00","1,710,000.00","96.09","Canada","-","CAD","15.68","1.00","Aug 17, 2052","4.55","CAD","Aug 17, 2022"
"BAMREP","BROOKFIELD RENEWABLE PARTNERS ULC MTN","Energy","Fixed Income","1,651,655.42","0.10","1,651,655.42","1,640,000.00","1,640,000.00","99.56","Canada","-","CAD","14.86","1.00","Jan 10, 2054","5.32","CAD","Jan 10, 2024"
"HYDONE","HYDRO ONE INC MTN","Infrastructure","Fixed Income","1,650,567.25","0.10","1,650,567.25","1,650,000.00","1,650,000.00","99.11","Canada","-","CAD","7.88","1.00","Mar 1, 2034","4.39","CAD","Jan 12, 2024"
"FTSCN","FORTIS INC","Infrastructure","Fixed Income","1,643,379.16","0.10","1,643,379.16","1,623,000.00","1,623,000.00","99.80","Canada","-","CAD","4.46","1.00","May 31, 2029","4.43","CAD","May 31, 2022"
"ENBCN","ENBRIDGE INC MTN","Energy","Fixed Income","1,641,437.97","0.10","1,641,437.97","1,545,000.00","1,545,000.00","104.28","Canada","-","CAD","14.27","1.00","May 26, 2053","5.76","CAD","May 26, 2023"
"BAMREP","BROOKFIELD RENEWABLE PARTNERS ULC MTN","Energy","Fixed Income","1,641,259.68","0.10","1,641,259.68","1,515,000.00","1,515,000.00","106.06","Canada","-","CAD","6.58","1.00","Nov 9, 2032","5.88","CAD","Nov 9, 2022"
"IPLCN","INTER PIPELINE LTD","Energy","Fixed Income","1,640,642.28","0.10","1,640,642.28","1,595,000.00","1,595,000.00","102.22","Canada","-","CAD","3.40","1.00","Feb 17, 2028","5.76","CAD","Nov 17, 2022"
"F","FORD CREDIT CANADA CO","Financial","Fixed Income","1,635,940.88","0.10","1,635,940.88","1,725,000.00","1,725,000.00","94.73","United States","-","CAD","2.35","1.00","Sep 16, 2026","2.96","CAD","Sep 16, 2021"
"BCECN","BELL CANADA MTN RegS","Communication","Fixed Income","1,632,631.13","0.10","1,632,631.13","1,660,000.00","1,660,000.00","97.66","Canada","-","CAD","14.86","1.00","Feb 9, 2053","5.15","CAD","Feb 9, 2023"
"PPLCN","PEMBINA PIPELINE CORP MTN RegS","Energy","Fixed Income","1,621,373.68","0.10","1,621,373.68","1,600,000.00","1,600,000.00","100.24","Canada","-","CAD","7.53","1.00","Jan 12, 2034","5.21","CAD","Jan 12, 2024"
"IGMCN","IGM FINANCIAL INC","Financial","Fixed Income","1,620,324.41","0.10","1,620,324.41","1,669,000.00","1,669,000.00","96.49","Canada","-","CAD","2.64","1.00","Jan 26, 2027","3.44","CAD","Jan 26, 2017"
"TCN","TELUS CORPORATION","Communication","Fixed Income","1,616,999.03","0.10","1,616,999.03","1,649,000.00","1,649,000.00","96.31","Canada","-","CAD","11.98","1.00","Nov 26, 2043","5.15","CAD","Nov 26, 2013"
"PPLCN","PEMBINA PIPELINE CORP","Energy","Fixed Income","1,615,066.33","0.10","1,615,066.33","1,756,000.00","1,756,000.00","90.91","Canada","-","CAD","6.57","1.00","Dec 10, 2031","3.53","CAD","Dec 10, 2021"
"HYDONE","HYDRO ONE INC MTN","Infrastructure","Fixed Income","1,608,780.14","0.10","1,608,780.14","1,601,000.00","1,601,000.00","98.32","Canada","-","CAD","12.49","1.00","Oct 9, 2043","4.59","CAD","Oct 9, 2013"
"ENBGAS","ENBRIDGE GAS INC MTN","Energy","Fixed Income","1,608,134.87","0.10","1,608,134.87","1,380,000.00","1,380,000.00","113.81","Canada","-","CAD","14.96","1.00","Oct 6, 2053","5.67","CAD","Oct 6, 2023"
"BCECN","BELL CANADA MTN","Communication","Fixed Income","1,607,533.70","0.10","1,607,533.70","1,735,000.00","1,735,000.00","92.65","Canada","-","CAD","12.78","1.00","Sep 29, 2044","4.75","CAD","Sep 29, 2014"
"GM","GENERAL MOTORS FINANCIAL OF CANADA","Financial","Fixed Income","1,602,741.42","0.10","1,602,741.42","1,674,000.00","1,674,000.00","95.31","United States","-","CAD","2.70","1.00","Feb 8, 2027","3.15","CAD","Feb 8, 2022"
"HYDONE","HYDRO ONE INC.","Infrastructure","Fixed Income","1,599,682.46","0.10","1,599,682.46","1,363,000.00","1,363,000.00","115.01","Canada","-","CAD","4.98","1.00","Jun 3, 2030","7.35","CAD","Jun 1, 2000"
"CM","CANADIAN IMPERIAL BANK OF COMMERCE","Financial","Fixed Income","1,599,008.00","0.10","1,599,008.00","1,600,000.00","1,600,000.00","99.94","Canada","-","CAD","1.89","1.00","Apr 2, 2027","4.90","CAD","Apr 2, 2024"
"VW","VW CREDIT CANADA INC RegS","Financial","Fixed Income","1,598,596.36","0.10","1,598,596.36","1,680,000.00","1,680,000.00","95.13","Germany","-","CAD","1.44","1.00","Sep 23, 2025","1.50","CAD","Sep 23, 2020"
"FTTCN","FINNING INTERNATIONAL INC RegS","Industrial","Fixed Income","1,593,234.84","0.10","1,593,234.84","1,575,000.00","1,575,000.00","100.57","Canada","-","CAD","4.27","1.00","Feb 13, 2029","4.78","CAD","Feb 13, 2024"
"RCICN","ROGERS COMMUNICATIONS INC","Communication","Fixed Income","1,592,655.55","0.10","1,592,655.55","1,771,000.00","1,771,000.00","89.05","Canada","-","CAD","5.94","1.00","Dec 9, 2030","2.90","CAD","Apr 22, 2020"
"BCECN","BELL CANADA MTN RegS","Communication","Fixed Income","1,587,522.75","0.10","1,587,522.75","1,793,000.00","1,793,000.00","87.32","Canada","-","CAD","13.28","1.00","Dec 18, 2045","4.35","CAD","Mar 30, 2015"
"ETRHWY","407 INTERNATIONAL INC MTN","Infrastructure","Fixed Income","1,586,814.18","0.10","1,586,814.18","2,197,000.00","2,197,000.00","72.05","Canada","-","CAD","16.73","1.00","Mar 7, 2050","2.84","CAD","Mar 6, 2020"
"FCRCN","FIRST CAPITAL REAL ESTATE INVESTME","Real Estate","Fixed Income","1,585,181.82","0.10","1,585,181.82","1,560,000.00","1,560,000.00","101.19","Canada","-","CAD","5.67","1.00","Mar 1, 2031","5.57","CAD","Mar 1, 2024"
"AIREIN","AIMCO REALTY INVESTORS LP","Real Estate","Fixed Income","1,582,564.11","0.10","1,582,564.11","1,660,000.00","1,660,000.00","94.34","Canada","-","CAD","3.84","1.00","Jun 1, 2028","3.04","CAD","Nov 23, 2017"
"ONTPOW","ONTARIO POWER GENERATION INC MTN","Energy","Fixed Income","1,581,753.31","0.10","1,581,753.31","1,690,000.00","1,690,000.00","93.46","Canada","-","CAD","4.97","1.00","Sep 13, 2029","2.98","CAD","Sep 13, 2019"
"ONTPOW","ONTARIO POWER GENERATION INC MTN","Energy","Fixed Income","1,577,086.91","0.10","1,577,086.91","1,718,000.00","1,718,000.00","90.97","Canada","-","CAD","14.71","1.00","Jan 18, 2049","4.25","CAD","Jan 18, 2019"
"BIP","BROOKFIELD INFRASTRUCTURE FINANCE MTN RegS","Infrastructure","Fixed Income","1,575,697.84","0.10","1,575,697.84","1,500,000.00","1,500,000.00","104.08","Canada","-","CAD","5.20","1.00","Jul 27, 2030","5.71","CAD","Jul 27, 2023"
"TCN","TELUS CORPORATION","Communication","Fixed Income","1,575,331.61","0.10","1,575,331.61","1,556,000.00","1,556,000.00","100.68","Canada","-","CAD","4.13","1.00","Dec 15, 2028","4.80","CAD","Feb 15, 2024"
"DOLCN","DOLLARAMA INC","Industrial","Fixed Income","1,574,431.65","0.10","1,574,431.65","1,515,000.00","1,515,000.00","103.88","Canada","-","CAD","3.98","1.00","Sep 26, 2028","5.53","CAD","Sep 26, 2023"
"BCECN","BELL CANADA INC","Communication","Fixed Income","1,574,091.93","0.10","1,574,091.93","1,708,000.00","1,708,000.00","91.43","Canada","-","CAD","3.90","1.00","May 29, 2028","2.20","CAD","May 28, 2021"
"HNDA","HONDA CANADA FINANCE INC","Financial","Fixed Income","1,571,909.41","0.10","1,571,909.41","1,580,000.00","1,580,000.00","98.29","Canada","-","CAD","1.10","1.00","May 23, 2025","3.44","CAD","May 23, 2018"
"CWBCN","CANADIAN WESTERN BANK","Financial","Fixed Income","1,571,246.56","0.10","1,571,246.56","1,730,000.00","1,730,000.00","90.31","Canada","-","CAD","3.52","1.00","Dec 16, 2027","1.82","CAD","Dec 16, 2020"
"ETRHWY","407 INTERNATIONAL INC MTN","Infrastructure","Fixed Income","1,569,635.83","0.10","1,569,635.83","1,806,000.00","1,806,000.00","85.50","Canada","-","CAD","14.91","1.00","May 11, 2048","3.72","CAD","May 9, 2018"
"VANAFF","VANCOUVER AIRPORT FUEL FACILITIES","Infrastructure","Fixed Income","1,565,525.11","0.10","1,565,525.11","1,610,000.00","1,610,000.00","96.66","Canada","-","CAD","1.19","1.00","Jun 23, 2025","2.17","CAD","Jun 22, 2020"
"GTAAIR","GREATER TORONTO AIRPORTS AUTHORITY","Infrastructure","Fixed Income","1,565,054.85","0.10","1,565,054.85","1,645,000.00","1,645,000.00","93.81","Canada","-","CAD","4.56","1.00","Apr 3, 2029","2.73","CAD","Apr 3, 2019"
"BCECN","BELL CANADA INC MTN","Communication","Fixed Income","1,564,161.06","0.10","1,564,161.06","1,903,000.00","1,903,000.00","82.06","Canada","-","CAD","15.28","1.00","Mar 17, 2051","4.05","CAD","Mar 17, 2021"
"MFCCN","MANULIFE BANK OF CANADA","Financial","Fixed Income","1,562,414.78","0.10","1,562,414.78","1,658,000.00","1,658,000.00","94.12","Canada","-","CAD","1.85","1.00","Feb 26, 2026","1.34","CAD","Feb 26, 2021"
"VTR","VENTAS CANADA FINANCE LTD","Real Estate","Fixed Income","1,553,906.82","0.09","1,553,906.82","1,651,000.00","1,651,000.00","93.55","United States","-","CAD","2.63","1.00","Jan 4, 2027","2.45","CAD","Dec 1, 2021"
"OMERS","OMERS REALTY CORP","Real Estate","Fixed Income","1,551,595.55","0.09","1,551,595.55","1,619,000.00","1,619,000.00","94.69","Canada","-","CAD","5.40","1.00","Jun 5, 2030","3.63","CAD","Jun 5, 2018"
"BCIMCR","BCIMC REALTY CORP","Real Estate","Fixed Income","1,545,114.94","0.09","1,545,114.94","1,567,000.00","1,567,000.00","97.69","Canada","-","CAD","1.13","1.00","Jun 3, 2025","2.84","CAD","Jun 3, 2015"
"WM","WASTE MANAGEMENT OF CANADA CORP","Industrial","Fixed Income","1,542,857.24","0.09","1,542,857.24","1,618,000.00","1,618,000.00","95.31","Canada","-","CAD","2.37","1.00","Sep 23, 2026","2.60","CAD","Sep 23, 2019"
"FTSCN","FORTIS INC","Infrastructure","Fixed Income","1,542,106.67","0.09","1,542,106.67","1,663,000.00","1,663,000.00","91.93","Canada","-","CAD","3.86","1.00","May 15, 2028","2.18","CAD","May 14, 2021"
"BIP","BROOKFIELD INFRASTRUCTURE FINANCE MTN","Infrastructure","Fixed Income","1,542,065.99","0.09","1,542,065.99","1,470,000.00","1,470,000.00","102.81","Canada","-","CAD","3.15","1.00","Nov 14, 2027","5.62","CAD","Nov 14, 2022"
"DOLCN","DOLLARAMA INC","Industrial","Fixed Income","1,541,482.22","0.09","1,541,482.22","1,470,000.00","1,470,000.00","102.67","Canada","-","CAD","5.03","1.00","Apr 26, 2030","5.17","CAD","Oct 26, 2022"
"ATDBCN","ALIMENTATION COUCHE-TARD INC","Industrial","Fixed Income","1,541,024.90","0.09","1,541,024.90","1,526,000.00","1,526,000.00","100.18","Canada","-","CAD","4.28","1.00","Jan 25, 2029","4.60","CAD","Jan 25, 2024"
"GTAAIR","GREATER TORONTO AIRPORTS AUTHORITY","Infrastructure","Fixed Income","1,538,369.46","0.09","1,538,369.46","1,691,000.00","1,691,000.00","90.35","Canada","-","CAD","3.88","1.00","May 3, 2028","1.54","CAD","Nov 3, 2020"
"CPXCN","CAPITAL POWER CORP MTN RegS","Energy","Fixed Income","1,535,791.38","0.09","1,535,791.38","1,500,000.00","1,500,000.00","100.84","Canada","-","CAD","2.58","1.00","Jan 25, 2027","5.38","CAD","Dec 15, 2023"
"CUCN","CU INC MTN","Energy","Fixed Income","1,535,716.57","0.09","1,535,716.57","1,728,000.00","1,728,000.00","88.67","Canada","-","CAD","12.84","1.00","Sep 10, 2042","3.81","CAD","Sep 10, 2012"
"ARXCN","ARC RESOURCES LTD","Energy","Fixed Income","1,534,010.72","0.09","1,534,010.72","1,607,000.00","1,607,000.00","95.34","Canada","-","CAD","1.87","1.00","Mar 10, 2026","2.35","CAD","Mar 10, 2021"
"IPLCN","INTER PIPELINE LTD","Energy","Fixed Income","1,529,292.27","0.09","1,529,292.27","1,477,000.00","1,477,000.00","101.43","Canada","-","CAD","6.29","1.00","May 18, 2032","5.85","CAD","May 18, 2022"
"HYDONE","HYDRO ONE INC MTN","Infrastructure","Fixed Income","1,518,061.11","0.09","1,518,061.11","1,474,000.00","1,474,000.00","102.16","Canada","-","CAD","3.39","1.00","Jan 27, 2028","4.91","CAD","Oct 27, 2022"
"MBGGR","MERCEDES-BENZ FINANCE CANADA INC MTN","Financial","Fixed Income","1,517,766.32","0.09","1,517,766.32","1,485,000.00","1,485,000.00","100.93","Germany","-","CAD","2.09","1.00","Jun 29, 2026","5.14","CAD","Jun 27, 2023"
"BCECN","BELL CANADA 144A","Communication","Fixed Income","1,512,480.08","0.09","1,512,480.08","1,406,000.00","1,406,000.00","107.36","Canada","-","CAD","8.12","1.00","Mar 16, 2035","6.10","CAD","Mar 16, 2004"
"GRTCN","GRANITE REIT HOLDINGS LP","Real Estate","Fixed Income","1,510,971.49","0.09","1,510,971.49","1,405,000.00","1,405,000.00","104.73","Canada","-","CAD","4.19","1.00","Apr 12, 2029","6.07","CAD","Oct 12, 2023"
"HYDONE","HYDRO ONE INC MTN","Infrastructure","Fixed Income","1,511,015.15","0.09","1,511,015.15","1,533,000.00","1,533,000.00","97.80","Canada","-","CAD","1.19","1.00","Jun 26, 2025","2.97","CAD","Jun 26, 2018"
"MRUCN","METRO INC MTN","Industrial","Fixed Income","1,509,384.17","0.09","1,509,384.17","1,667,000.00","1,667,000.00","89.19","Canada","-","CAD","14.13","1.00","Dec 4, 2047","4.27","CAD","Dec 4, 2017"
"PPLCN","PEMBINA PIPELINE CORP MTN","Energy","Fixed Income","1,509,312.23","0.09","1,509,312.23","1,679,000.00","1,679,000.00","89.01","Canada","-","CAD","13.28","1.00","Jan 21, 2047","4.74","CAD","Jan 20, 2017"
"NWRWPT","NORTH WEST REDWATER PARTNERSHIP RegS","Energy","Fixed Income","1,505,705.49","0.09","1,505,705.49","1,598,000.00","1,598,000.00","93.57","Canada","-","CAD","2.55","1.00","Dec 1, 2026","2.00","CAD","Jun 30, 2021"
"OMERS","OMERS REALTY CORP RegS","Real Estate","Fixed Income","1,504,799.13","0.09","1,504,799.13","1,470,000.00","1,470,000.00","101.69","Canada","-","CAD","5.71","1.00","Feb 10, 2031","4.96","CAD","Feb 8, 2024"
"FORTFD_21-1-A","FORTFD_21-1 A","Securitized","Fixed Income","1,503,305.90","0.09","1,503,305.90","1,595,000.00","1,595,000.00","93.40","Canada","-","CAD","2.45","1.00","Oct 23, 2026","1.96","CAD","Oct 27, 2021"
"BAMREP","BROOKFIELD RENEWABLE PARTNERS ULC MTN","Energy","Fixed Income","1,502,749.38","0.09","1,502,749.38","1,603,000.00","1,603,000.00","93.06","Canada","-","CAD","5.17","1.00","Jan 15, 2030","3.38","CAD","Sep 13, 2019"
"TCN","TELUS CORPORATION","Communication","Fixed Income","1,496,722.26","0.09","1,496,722.26","1,654,000.00","1,654,000.00","90.19","Canada","-","CAD","13.83","1.00","Mar 6, 2048","4.70","CAD","Mar 6, 2017"
"NACN","NATIONAL BANK OF CANADA","Financial","Fixed Income","1,487,305.79","0.09","1,487,305.79","1,553,000.00","1,553,000.00","95.60","Canada","-","CAD","2.31","1.00","Aug 18, 2026","1.57","CAD","Jul 15, 2020"
"CUCN","CU INC","Energy","Fixed Income","1,486,003.25","0.09","1,486,003.25","1,994,000.00","1,994,000.00","74.35","Canada","-","CAD","16.42","1.00","Sep 7, 2049","2.96","CAD","Sep 5, 2019"
"RCICN","ROGERS COMMUNICATIONS INC. MTN","Communication","Fixed Income","1,485,185.30","0.09","1,485,185.30","1,328,000.00","1,328,000.00","111.71","Canada","-","CAD","10.54","1.00","Mar 22, 2041","6.56","CAD","Mar 21, 2011"
"CNRCN","CANADIAN NATIONAL RAILWAY COMPANY","Industrial","Fixed Income","1,484,014.25","0.09","1,484,014.25","1,768,000.00","1,768,000.00","83.38","Canada","-","CAD","14.86","1.00","Aug 1, 2047","3.60","CAD","Aug 1, 2017"
"ETRHWY","407 INTERNATIONAL INC MTN","Infrastructure","Fixed Income","1,481,237.43","0.09","1,481,237.43","1,672,000.00","1,672,000.00","87.70","Canada","-","CAD","7.15","1.00","May 25, 2032","2.59","CAD","May 22, 2020"
"RCICN","ROGERS COMMUNICATIONS INC RegS","Communication","Fixed Income","1,480,388.97","0.09","1,480,388.97","1,405,000.00","1,405,000.00","105.24","Canada","-","CAD","5.34","1.00","Sep 21, 2030","5.80","CAD","Sep 21, 2023"
"SLFCN","SUN LIFE FINANCIAL INC","Financial","Fixed Income","1,479,113.48","0.09","1,479,113.48","1,419,000.00","1,419,000.00","102.45","Canada","-","CAD","9.33","1.00","May 29, 2042","5.40","CAD","May 29, 2007"
"MFCCN","MANULIFE BANK OF CANADA","Financial","Fixed Income","1,477,978.47","0.09","1,477,978.47","1,531,000.00","1,531,000.00","96.15","Canada","-","CAD","1.20","1.00","Jun 25, 2025","1.50","CAD","Jun 25, 2020"
"ENBCN","ENBRIDGE INC MTN","Energy","Fixed Income","1,476,026.72","0.09","1,476,026.72","1,415,000.00","1,415,000.00","102.49","Canada","-","CAD","7.05","1.00","May 26, 2033","5.36","CAD","May 26, 2023"
"MFCCN","MANULIFE BANK OF CANADA","Financial","Fixed Income","1,475,210.37","0.09","1,475,210.37","1,470,000.00","1,470,000.00","100.09","Canada","-","CAD","4.40","1.00","Mar 8, 2029","4.55","CAD","Mar 8, 2024"
"ENBPIP","ENBRIDGE PIPELINES INC MTN","Energy","Fixed Income","1,469,980.27","0.09","1,469,980.27","1,718,000.00","1,718,000.00","85.14","Canada","-","CAD","14.35","1.00","Feb 22, 2049","4.33","CAD","Feb 22, 2019"
"IAGCN","IA FINANCIAL CORPORATION INC","Financial","Fixed Income","1,470,087.54","0.09","1,470,087.54","1,410,000.00","1,410,000.00","102.71","Canada","-","CAD","3.65","1.00","Jun 20, 2033","5.68","CAD","Jun 20, 2023"
"IPLCN","INTER PIPELINE LTD MTN","Energy","Fixed Income","1,466,423.51","0.09","1,466,423.51","1,511,000.00","1,511,000.00","96.06","Canada","-","CAD","2.54","1.00","Dec 16, 2026","3.48","CAD","Dec 16, 2016"
"HYDONE","HYDRO ONE INC MTN","Infrastructure","Fixed Income","1,464,709.01","0.09","1,464,709.01","1,683,000.00","1,683,000.00","86.96","Canada","-","CAD","6.75","1.00","Sep 17, 2031","2.23","CAD","Sep 17, 2021"
"SUCN","SUNCOR ENERGY INC MTN","Energy","Fixed Income","1,460,945.79","0.09","1,460,945.79","1,659,000.00","1,659,000.00","87.87","Canada","-","CAD","13.74","1.00","Sep 13, 2046","4.34","CAD","Sep 13, 2016"
"BRUPOW","BRUCE POWER LP RegS","Energy","Fixed Income","1,458,313.80","0.09","1,458,313.80","1,499,000.00","1,499,000.00","96.00","Canada","-","CAD","14.31","1.00","Jun 21, 2049","4.75","CAD","Mar 25, 2019"
"SUCN","SUNCOR ENERGY INC MTN","Energy","Fixed Income","1,457,745.89","0.09","1,457,745.89","1,789,000.00","1,789,000.00","81.21","Canada","-","CAD","15.37","1.00","Mar 4, 2051","3.95","CAD","Mar 4, 2021"
"ENBGAS","ENBRIDGE GAS INC","Energy","Fixed Income","1,457,308.04","0.09","1,457,308.04","1,554,000.00","1,554,000.00","92.35","Canada","-","CAD","5.36","1.00","Apr 1, 2030","2.90","CAD","Apr 1, 2020"
"ONTPOW","ONTARIO POWER GENERATION INC MTN","Energy","Fixed Income","1,455,053.50","0.09","1,455,053.50","1,465,000.00","1,465,000.00","97.95","Canada","-","CAD","0.98","1.00","Apr 8, 2025","2.89","CAD","Apr 8, 2020"
"FFHCN","FAIRFAX FINANCIAL HOLDINGS LTD MTN","Financial","Fixed Income","1,454,034.93","0.09","1,454,034.93","1,446,000.00","1,446,000.00","99.22","Canada","-","CAD","2.33","1.00","Dec 16, 2026","4.70","CAD","Dec 16, 2016"
"HYDONE","HYDRO ONE INC RegS","Infrastructure","Fixed Income","1,453,387.91","0.09","1,453,387.91","1,470,000.00","1,470,000.00","98.16","Canada","-","CAD","7.25","1.00","Jan 27, 2033","4.16","CAD","Jan 27, 2023"
"CAECN","CAE INC RegS","Industrial","Fixed Income","1,451,187.68","0.09","1,451,187.68","1,400,000.00","1,400,000.00","102.02","Canada","-","CAD","3.63","1.00","Jun 12, 2028","5.54","CAD","Jun 12, 2023"
"ONTPOW","ONTARIO POWER GENERATION INC","Energy","Fixed Income","1,450,547.45","0.09","1,450,547.45","1,682,000.00","1,682,000.00","85.21","Canada","-","CAD","14.82","1.00","Jun 22, 2048","3.84","CAD","Jun 22, 2018"
"ETRHWY","407 INTERNATIONAL INC MTN","Infrastructure","Fixed Income","1,450,539.03","0.09","1,450,539.03","1,688,000.00","1,688,000.00","85.72","Canada","-","CAD","13.77","1.00","Sep 8, 2044","3.65","CAD","Sep 8, 2017"
"GM","GENERAL MOTORS FINANCIAL OF CANADA","Financial","Fixed Income","1,449,714.65","0.09","1,449,714.65","1,424,000.00","1,424,000.00","101.11","United States","-","CAD","3.41","1.00","Feb 9, 2028","5.20","CAD","Feb 9, 2023"
"GWOCN","GREAT-WEST LIFECO INC","Financial","Fixed Income","1,449,414.46","0.09","1,449,414.46","1,952,000.00","1,952,000.00","73.59","Canada","-","CAD","16.53","1.00","Jul 8, 2050","2.98","CAD","Jul 8, 2020"
"NWRWPT","NORTH WEST REDWATER PARTNERSHIP","Energy","Fixed Income","1,449,256.87","0.09","1,449,256.87","1,521,000.00","1,521,000.00","94.34","Canada","-","CAD","10.59","1.00","Jan 10, 2039","4.35","CAD","Jun 10, 2016"
"ENBGAS","ENBRIDGE GAS INC","Energy","Fixed Income","1,447,479.14","0.09","1,447,479.14","1,480,000.00","1,480,000.00","97.34","Canada","-","CAD","6.95","1.00","Aug 17, 2032","4.15","CAD","Aug 17, 2022"
"ONTPOW","ONTARIO POWER GENERATION INC","Energy","Fixed Income","1,446,983.79","0.09","1,446,983.79","1,544,000.00","1,544,000.00","93.21","Canada","-","CAD","1.99","1.00","Apr 22, 2026","1.17","CAD","Oct 22, 2020"
"CCACN","COGECO COMMUNICATIONS INC","Communication","Fixed Income","1,440,688.20","0.09","1,440,688.20","1,655,000.00","1,655,000.00","86.99","Canada","-","CAD","6.58","1.00","Sep 22, 2031","2.99","CAD","Sep 20, 2021"
"ENBGAS","ENBRIDGE GAS INC MTN","Energy","Fixed Income","1,440,653.60","0.09","1,440,653.60","1,300,000.00","1,300,000.00","108.09","Canada","-","CAD","7.16","1.00","Oct 6, 2033","5.70","CAD","Oct 6, 2023"
"ETRHWY","407 INTERNATIONAL INC. MTN","Infrastructure","Fixed Income","1,438,056.89","0.09","1,438,056.89","1,685,000.00","1,685,000.00","84.07","Canada","-","CAD","14.69","1.00","May 21, 2047","3.60","CAD","May 19, 2016"
"PPLCN","PEMBINA PIPELINE CORP MTN","Energy","Fixed Income","1,432,529.12","0.09","1,432,529.12","1,556,000.00","1,556,000.00","90.10","Canada","-","CAD","11.90","1.00","Apr 30, 2043","4.75","CAD","Apr 30, 2013"
"SLFCN","SUN LIFE FINANCIAL INC","Financial","Fixed Income","1,431,382.29","0.09","1,431,382.29","1,504,000.00","1,504,000.00","94.28","Canada","-","CAD","2.48","1.00","Nov 18, 2031","2.46","CAD","Nov 18, 2021"
"GTAAIR","GREATER TORONTO AIRPORTS AUTHORITY MTN 144A","Infrastructure","Fixed Income","1,430,170.57","0.09","1,430,170.57","1,435,000.00","1,435,000.00","98.20","Canada","-","CAD","11.94","1.00","Dec 2, 2041","4.53","CAD","Dec 2, 2011"
"CNHI","CNH INDUSTRIAL CAPITAL CANADA LTD","Financial","Fixed Income","1,429,389.01","0.09","1,429,389.01","1,400,000.00","1,400,000.00","101.39","United States","-","CAD","2.20","1.00","Aug 11, 2026","5.50","CAD","Aug 11, 2023"
"CNRCN","CANADIAN NATIONAL RAILWAY COMPANY","Industrial","Fixed Income","1,427,721.33","0.09","1,427,721.33","1,415,000.00","1,415,000.00","99.21","Canada","-","CAD","7.29","1.00","May 10, 2033","4.40","CAD","May 10, 2023"
"LCN","LOBLAW COMPANIES LTD","Industrial","Fixed Income","1,425,332.27","0.09","1,425,332.27","1,365,000.00","1,365,000.00","104.19","Canada","-","CAD","14.95","1.00","Sep 13, 2052","5.34","CAD","Sep 13, 2022"
"NISCAN","NISSAN CANADA INC","Industrial","Fixed Income","1,422,759.44","0.09","1,422,759.44","1,490,000.00","1,490,000.00","95.45","Canada","-","CAD","1.44","1.00","Sep 22, 2025","2.10","CAD","Sep 22, 2021"
"CTCACN","CANADIAN TIRE CORPORATION LTD MTN","Industrial","Fixed Income","1,418,160.03","0.09","1,418,160.03","1,375,000.00","1,375,000.00","102.95","Canada","-","CAD","5.38","1.00","Sep 16, 2030","5.37","CAD","Sep 14, 2023"
"CWBCN","CANADIAN WESTERN BANK","Financial","Fixed Income","1,418,241.80","0.09","1,418,241.80","1,490,000.00","1,490,000.00","94.31","Canada","-","CAD","1.96","1.00","Apr 16, 2026","1.93","CAD","Apr 16, 2021"
"TCN","TELUS CORPORATION","Communication","Fixed Income","1,411,674.84","0.09","1,411,674.84","1,693,000.00","1,693,000.00","81.41","Canada","-","CAD","14.82","1.00","Apr 5, 2051","4.10","CAD","Apr 5, 2021"
"BAMREP","BROOKFIELD RENEWABLE ENERGY PARTNE MTN","Energy","Fixed Income","1,407,699.32","0.09","1,407,699.32","1,412,000.00","1,412,000.00","98.48","Canada","-","CAD","1.11","1.00","Jun 2, 2025","3.75","CAD","Mar 6, 2015"
"WSPCN","WSP GLOBAL INC","Industrial","Fixed Income","1,407,559.01","0.09","1,407,559.01","1,516,000.00","1,516,000.00","91.78","Canada","-","CAD","3.77","1.00","Apr 19, 2028","2.41","CAD","Apr 19, 2021"
"HYNMTR","HYUNDAI CAPITAL CANADA INC","Financial","Fixed Income","1,407,365.54","0.09","1,407,365.54","1,479,000.00","1,479,000.00","94.40","Canada","-","CAD","2.03","1.00","May 12, 2026","2.01","CAD","May 12, 2021"
"PLEBCA","PLENARY HEALTH BRIDGEPOINT LP","Infrastructure","Fixed Income","1,407,308.92","0.09","1,407,308.92","1,199,784.00","1,199,784.00","116.72","Canada","-","CAD","7.88","1.00","Aug 31, 2042","7.25","CAD","Aug 11, 2009"
"ENBCN","ENBRIDGE INC 60NC5 RegS","Energy","Fixed Income","1,406,610.90","0.09","1,406,610.90","1,300,000.00","1,300,000.00","106.47","Canada","-","CAD","3.77","1.00","Jan 15, 2084","8.49","CAD","Sep 29, 2023"
"CAT","CATERPILLAR FINANCIAL SERVICES LTD MTN","Financial","Fixed Income","1,406,266.23","0.09","1,406,266.23","1,400,000.00","1,400,000.00","100.15","United States","-","CAD","2.72","1.00","Mar 5, 2027","4.51","CAD","Mar 5, 2024"
"IPLCN","INTER PIPELINE LTD MTN","Energy","Fixed Income","1,406,258.49","0.09","1,406,258.49","1,648,000.00","1,648,000.00","83.81","Canada","-","CAD","12.20","1.00","May 30, 2044","4.64","CAD","May 30, 2014"
"IFCCN","INTACT FINANCIAL CORP MTN RegS","Financial","Fixed Income","1,405,340.88","0.09","1,405,340.88","1,305,000.00","1,305,000.00","107.47","Canada","-","CAD","15.73","1.00","Sep 14, 2054","5.28","CAD","Sep 14, 2023"
"TCN","TELUS CORPORATION","Communication","Fixed Income","1,404,935.03","0.09","1,404,935.03","1,754,000.00","1,754,000.00","79.64","Canada","-","CAD","14.92","1.00","Feb 16, 2050","3.95","CAD","Dec 16, 2019"
"ENBPIP","ENBRIDGE PIPELINES INC MTN","Energy","Fixed Income","1,404,220.96","0.09","1,404,220.96","1,581,000.00","1,581,000.00","88.82","Canada","-","CAD","13.21","1.00","Sep 29, 2045","4.55","CAD","Sep 29, 2015"
"GRTCN","GRANITE REIT HOLDINGS LP","Real Estate","Fixed Income","1,403,190.28","0.09","1,403,190.28","1,641,000.00","1,641,000.00","84.84","Canada","-","CAD","6.05","1.00","Dec 18, 2030","2.38","CAD","Dec 18, 2020"
"BCECN","BELL CANADA MTN 144A","Communication","Fixed Income","1,401,460.91","0.09","1,401,460.91","1,226,000.00","1,226,000.00","113.61","Canada","-","CAD","6.14","1.00","Feb 23, 2032","7.30","CAD","Feb 22, 2002"
"KEYCN","KEYERA CORP MTN","Energy","Fixed Income","1,400,594.01","0.09","1,400,594.01","1,453,000.00","1,453,000.00","95.08","Canada","-","CAD","5.33","1.00","May 29, 2030","3.96","CAD","May 29, 2020"
"F","FORD CREDIT CANADA CO","Financial","Fixed Income","1,399,852.02","0.09","1,399,852.02","1,350,000.00","1,350,000.00","102.77","United States","-","CAD","1.74","1.00","Feb 10, 2026","7.00","CAD","Jan 10, 2023"
"HRUCN","H&R REAL ESTATE INVESTMENT TRUST","Real Estate","Fixed Income","1,399,712.81","0.09","1,399,712.81","1,408,000.00","1,408,000.00","98.25","Canada","-","CAD","1.16","1.00","Jun 16, 2025","4.07","CAD","Jun 15, 2020"
"HYDONE","HYDRO ONE INC. MTN","Infrastructure","Fixed Income","1,399,185.03","0.09","1,399,185.03","1,224,000.00","1,224,000.00","113.30","Canada","-","CAD","7.45","1.00","Jan 31, 2034","6.35","CAD","Jan 31, 2003"
"ONTPOW","ONTARIO POWER GENERATION INC MTN","Energy","Fixed Income","1,393,723.11","0.08","1,393,723.11","1,421,000.00","1,421,000.00","96.47","Canada","-","CAD","3.20","1.00","Oct 4, 2027","3.31","CAD","Oct 2, 2017"
"SE","WESTCOAST ENERGY INC MTN","Energy","Fixed Income","1,392,753.19","0.08","1,392,753.19","1,403,000.00","1,403,000.00","98.11","Canada","-","CAD","1.59","1.00","Dec 8, 2025","3.77","CAD","Dec 8, 2015"
"HNDA","HONDA CANADA FINANCE INC","Financial","Fixed Income","1,390,097.47","0.08","1,390,097.47","1,364,000.00","1,364,000.00","101.42","Canada","-","CAD","4.33","1.00","Feb 21, 2029","4.90","CAD","Feb 21, 2024"
"BRUPOW","BRUCE POWER LP RegS","Energy","Fixed Income","1,389,772.76","0.08","1,389,772.76","1,424,000.00","1,424,000.00","96.51","Canada","-","CAD","5.37","1.00","Jun 21, 2030","4.00","CAD","Apr 9, 2020"
"ALTALK","ALTALINK LP","Infrastructure","Fixed Income","1,387,423.37","0.08","1,387,423.37","1,200,000.00","1,200,000.00","113.08","Canada","-","CAD","15.71","1.00","Oct 11, 2055","5.46","CAD","Oct 11, 2023"
"TCN","TELUS CORPORATION","Communication","Fixed Income","1,386,981.81","0.08","1,386,981.81","1,388,000.00","1,388,000.00","99.91","Canada","-","CAD","7.18","1.00","Mar 28, 2033","4.95","CAD","Mar 28, 2023"
"REIUCN","RIOCAN REAL ESTATE INVESTMENT TRUS","Real Estate","Fixed Income","1,385,865.71","0.08","1,385,865.71","1,516,000.00","1,516,000.00","90.32","Canada","-","CAD","4.22","1.00","Nov 8, 2028","2.83","CAD","Nov 8, 2021"
"ETRHWY","407 INTERNATIONAL INC MTN","Infrastructure","Fixed Income","1,383,199.05","0.08","1,383,199.05","1,390,000.00","1,390,000.00","99.00","Canada","-","CAD","3.54","1.00","Feb 14, 2028","4.22","CAD","Sep 7, 2022"
"GTAAIR","GREATER TORONTO AIRPORTS AUTHORITY","Infrastructure","Fixed Income","1,382,163.16","0.08","1,382,163.16","1,580,000.00","1,580,000.00","86.42","Canada","-","CAD","10.29","1.00","Jun 1, 2037","3.26","CAD","Mar 29, 2018"
"MFCCN","MANULIFE BANK OF CANADA","Financial","Fixed Income","1,381,387.62","0.08","1,381,387.62","1,482,000.00","1,482,000.00","93.15","Canada","-","CAD","2.38","1.00","Sep 14, 2026","1.54","CAD","Sep 13, 2021"
"ENBGAS","ENBRIDGE GAS INC MTN","Energy","Fixed Income","1,381,107.45","0.08","1,381,107.45","1,410,000.00","1,410,000.00","97.79","Canada","-","CAD","1.40","1.00","Sep 11, 2025","3.31","CAD","Sep 11, 2015"
"ALTALK","ALTALINK LP MTN","Infrastructure","Fixed Income","1,378,271.29","0.08","1,378,271.29","1,572,000.00","1,572,000.00","86.48","Canada","-","CAD","14.47","1.00","Dec 3, 2046","3.72","CAD","Dec 1, 2016"
"VW","VW CREDIT CANADA INC RegS","Financial","Fixed Income","1,376,616.42","0.08","1,376,616.42","1,325,000.00","1,325,000.00","103.75","Germany","-","CAD","3.95","1.00","Sep 20, 2028","5.73","CAD","Sep 20, 2023"
"ALACN","ALTAGAS LTD MTN","Energy","Fixed Income","1,376,513.79","0.08","1,376,513.79","1,360,000.00","1,360,000.00","99.50","Canada","-","CAD","1.84","1.00","May 15, 2026","4.64","CAD","May 15, 2023"
"HYDONE","HYDRO ONE INC MTN","Infrastructure","Fixed Income","1,373,983.35","0.08","1,373,983.35","1,325,000.00","1,325,000.00","101.25","Canada","-","CAD","1.45","1.00","Oct 20, 2025","5.54","CAD","Oct 20, 2023"
"SYY","SYSCO CANADA INC RegS","Industrial","Fixed Income","1,369,612.22","0.08","1,369,612.22","1,370,000.00","1,370,000.00","98.41","Canada","-","CAD","1.02","1.00","Apr 25, 2025","3.65","CAD","Sep 25, 2018"
"HNDA","HONDA CANADA FINANCE INC","Financial","Fixed Income","1,367,204.80","0.08","1,367,204.80","1,352,000.00","1,352,000.00","101.04","Canada","-","CAD","3.19","1.00","Sep 23, 2027","4.87","CAD","Mar 23, 2023"
"GWOCN","GREAT-WEST LIFECO INC.","Financial","Fixed Income","1,364,365.12","0.08","1,364,365.12","1,204,000.00","1,204,000.00","113.17","Canada","-","CAD","6.92","1.00","Mar 21, 2033","6.67","CAD","Mar 21, 2003"
"TCN","TELUS CORPORATION","Communication","Fixed Income","1,362,645.92","0.08","1,362,645.92","1,339,000.00","1,339,000.00","101.55","Canada","-","CAD","4.68","1.00","Sep 13, 2029","5.00","CAD","Sep 13, 2022"
"IAGCN","IA FINANCIAL CORPORATION INC","Financial","Fixed Income","1,358,482.79","0.08","1,358,482.79","1,423,000.00","1,423,000.00","95.42","Canada","-","CAD","2.33","1.00","Sep 24, 2031","3.07","CAD","Sep 24, 2019"
"NACN","NATIONAL BANK OF CANADA MTN","Financial","Fixed Income","1,356,541.58","0.08","1,356,541.58","1,335,000.00","1,335,000.00","100.85","Canada","-","CAD","4.27","1.00","Feb 15, 2034","5.28","CAD","Feb 5, 2024"
"CWBCN","CANADIAN WESTERN BANK","Financial","Fixed Income","1,356,238.63","0.08","1,356,238.63","1,340,000.00","1,340,000.00","100.83","Canada","-","CAD","3.12","1.00","Sep 2, 2027","5.15","CAD","Sep 2, 2022"
"TCN","TELUS CORPORATION","Communication","Fixed Income","1,354,382.06","0.08","1,354,382.06","1,399,000.00","1,399,000.00","96.53","Canada","-","CAD","3.57","1.00","Mar 1, 2028","3.63","CAD","Mar 1, 2018"
"CCDJ","FEDERATION DES CAISSES DESJARDINS","Financial","Fixed Income","1,353,493.64","0.08","1,353,493.64","1,300,000.00","1,300,000.00","103.48","Canada","-","CAD","3.88","1.00","Aug 16, 2028","5.47","CAD","Aug 16, 2023"
"AQNCN","ALGONQUIN POWER CO","Energy","Fixed Income","1,353,033.23","0.08","1,353,033.23","1,545,000.00","1,545,000.00","87.00","Canada","-","CAD","6.43","1.00","Jul 15, 2031","2.85","CAD","Apr 9, 2021"
"DIRUCN","DREAM INDUSTRIAL REAL ESTATE INVES","Real Estate","Fixed Income","1,351,790.69","0.08","1,351,790.69","1,422,000.00","1,422,000.00","94.62","Canada","-","CAD","1.67","1.00","Dec 22, 2025","1.66","CAD","Dec 22, 2020"
"BAMREP","BROOKFIELD RENEWABLE PARTNERS ULC","Energy","Fixed Income","1,350,723.12","0.08","1,350,723.12","1,368,000.00","1,368,000.00","97.88","Canada","-","CAD","4.20","1.00","Jan 15, 2029","4.25","CAD","Sep 20, 2018"
"F","FORD CREDIT CANADA CO","Financial","Fixed Income","1,343,390.25","0.08","1,343,390.25","1,315,000.00","1,315,000.00","101.90","United States","-","CAD","1.39","1.00","Sep 15, 2025","6.78","CAD","Sep 15, 2022"
"ETRHWY","407 INTERNATIONAL INC MTN","Infrastructure","Fixed Income","1,334,379.62","0.08","1,334,379.62","1,573,000.00","1,573,000.00","84.62","Canada","-","CAD","15.46","1.00","Mar 8, 2049","3.67","CAD","Mar 6, 2019"
"BRUPOW","BRUCE POWER LP","Energy","Fixed Income","1,332,482.19","0.08","1,332,482.19","1,351,000.00","1,351,000.00","97.54","Canada","-","CAD","4.58","1.00","Jun 21, 2029","4.01","CAD","Feb 14, 2017"
"TOYOTA","TOYOTA CREDIT CANADA INC MTN","Financial","Fixed Income","1,330,234.12","0.08","1,330,234.12","1,332,000.00","1,332,000.00","99.75","Canada","-","CAD","4.43","1.00","Mar 19, 2029","4.46","CAD","Mar 19, 2024"
"BCIMCR","BCI QUADREAL REALTY","Real Estate","Fixed Income","1,328,668.03","0.08","1,328,668.03","1,378,000.00","1,378,000.00","95.75","Canada","-","CAD","2.13","1.00","Jun 24, 2026","2.55","CAD","Feb 3, 2022"
"HYDONE","HYDRO ONE INC MTN","Infrastructure","Fixed Income","1,326,372.61","0.08","1,326,372.61","1,270,000.00","1,270,000.00","102.84","Canada","-","CAD","15.99","1.00","Nov 30, 2054","4.85","CAD","Nov 30, 2023"
"SJOEHC","INTEGRATED TEAM SOLUTIONS SJHC PAR","Infrastructure","Fixed Income","1,325,975.02","0.08","1,325,975.02","1,250,360.00","1,250,360.00","104.09","Canada","-","CAD","7.74","1.00","Nov 30, 2042","5.95","CAD","Mar 11, 2011"
"BNCN","BROOKFIELD ASSET MANAGEMENT INC.","Industrial","Fixed Income","1,321,489.87","0.08","1,321,489.87","1,238,000.00","1,238,000.00","105.02","Canada","-","CAD","8.16","1.00","Jun 14, 2035","5.95","CAD","Jun 14, 2005"
"ALACN","ALTAGAS LTD MTN","Energy","Fixed Income","1,320,373.53","0.08","1,320,373.53","1,314,000.00","1,314,000.00","99.45","Canada","-","CAD","4.19","1.00","Jan 8, 2029","4.67","CAD","Jan 8, 2024"
"CRDPOW","CORDELIO AMALCO GP I","Energy","Fixed Income","1,319,254.79","0.08","1,319,254.79","1,385,556.00","1,385,556.00","94.22","Canada","-","CAD","4.44","1.00","Jun 30, 2034","4.09","CAD","Dec 10, 2018"
"LCN","LOBLAW COMPANIES LTD","Industrial","Fixed Income","1,317,483.06","0.08","1,317,483.06","1,300,000.00","1,300,000.00","100.99","Canada","-","CAD","15.43","1.00","Mar 4, 2054","5.12","CAD","Mar 4, 2024"
"PPLCN","PEMBINA PIPELINE CORP MTN","Energy","Fixed Income","1,317,138.93","0.08","1,317,138.93","1,453,000.00","1,453,000.00","90.60","Canada","-","CAD","12.44","1.00","Mar 25, 2044","4.81","CAD","Apr 4, 2014"
"CAT","CATERPILLAR FINANCIAL SERVICES LTD MTN","Financial","Fixed Income","1,315,712.07","0.08","1,315,712.07","1,295,000.00","1,295,000.00","101.54","United States","-","CAD","2.32","1.00","Sep 25, 2026","5.19","CAD","Sep 25, 2023"
"AERMON","AEROPORTS DE MONTREAL","Infrastructure","Fixed Income","1,308,998.20","0.08","1,308,998.20","1,268,000.00","1,268,000.00","103.06","Canada","-","CAD","8.69","1.00","Sep 17, 2035","5.17","CAD","Sep 15, 2005"
"BCFERR","BC FERRY SERVICES INC MTN","Infrastructure","Fixed Income","1,308,987.88","0.08","1,308,987.88","1,264,000.00","1,264,000.00","103.44","Canada","-","CAD","9.59","1.00","Mar 20, 2037","5.02","CAD","Mar 20, 2007"
"FNTETF","FIRST NATIONS ETF LP 144A","Energy","Fixed Income","1,307,951.36","0.08","1,307,951.36","1,419,318.00","1,419,318.00","91.15","Canada","-","CAD","5.84","1.00","Dec 31, 2041","4.14","CAD","Nov 22, 2017"
"NACN","NATIONAL BANK OF CANADA","Financial","Fixed Income","1,306,286.26","0.08","1,306,286.26","1,303,000.00","1,303,000.00","100.10","Canada","-","CAD","1.84","1.00","Mar 18, 2027","4.98","CAD","Mar 18, 2024"
"ALBPOW","ALBERTA POWERLINE LP","Infrastructure","Fixed Income","1,304,764.50","0.08","1,304,764.50","1,463,648.00","1,463,648.00","87.82","Canada","-","CAD","12.68","1.00","Dec 1, 2053","4.07","CAD","Oct 2, 2017"
"PPLCN","PEMBINA PIPELINE CORP MTN RegS","Energy","Fixed Income","1,300,282.25","0.08","1,300,282.25","1,280,000.00","1,280,000.00","100.05","Canada","-","CAD","0.23","1.00","Jun 22, 2026","5.73","CAD","Jun 22, 2023"
"AERMON","MONTREAL AIRPORTS","Infrastructure","Fixed Income","1,298,559.56","0.08","1,298,559.56","1,697,000.00","1,697,000.00","75.19","Canada","-","CAD","16.31","1.00","Apr 21, 2050","3.03","CAD","Apr 21, 2020"
"CAAIAU","CALGARY AIRPORT AUTHORITY","Infrastructure","Fixed Income","1,297,227.37","0.08","1,297,227.37","1,497,000.00","1,497,000.00","85.06","Canada","-","CAD","10.93","1.00","Oct 7, 2038","3.34","CAD","Oct 7, 2021"
"BCIMCR","QUADREAL PROPERTY GROUP LP","Real Estate","Fixed Income","1,296,576.21","0.08","1,296,576.21","1,380,000.00","1,380,000.00","93.80","Canada","-","CAD","1.80","1.00","Feb 4, 2026","1.07","CAD","Feb 4, 2021"
"DE","JOHN DEERE FINANCIAL INC MTN","Financial","Fixed Income","1,296,291.38","0.08","1,296,291.38","1,290,000.00","1,290,000.00","99.56","United States","-","CAD","2.60","1.00","Jan 20, 2027","4.36","CAD","Jan 11, 2024"
"GWOCN","GREAT-WEST LIFECO INC","Financial","Fixed Income","1,292,047.06","0.08","1,292,047.06","1,130,000.00","1,130,000.00","112.14","Canada","-","CAD","10.32","1.00","Nov 16, 2039","6.00","CAD","Nov 16, 2009"
"CHPUCN","CHOICE PROPERTIES REAL ESTATE INVE RegS","Real Estate","Fixed Income","1,289,290.43","0.08","1,289,290.43","1,245,000.00","1,245,000.00","103.09","Canada","-","CAD","7.52","1.00","Feb 28, 2034","5.70","CAD","Aug 1, 2023"
"KEYCN","KEYERA CORP","Energy","Fixed Income","1,287,312.72","0.08","1,287,312.72","1,315,000.00","1,315,000.00","96.83","Canada","-","CAD","3.78","1.00","Jun 21, 2028","3.93","CAD","Jun 19, 2018"
"FTSCN","FORTIS INC","Infrastructure","Fixed Income","1,286,926.60","0.08","1,286,926.60","1,185,000.00","1,185,000.00","106.39","Canada","-","CAD","7.24","1.00","Nov 8, 2033","5.68","CAD","Nov 8, 2023"
"CUCN","CU INC MTN","Energy","Fixed Income","1,283,921.90","0.08","1,283,921.90","1,167,000.00","1,167,000.00","107.72","Canada","-","CAD","9.52","1.00","Oct 30, 2037","5.56","CAD","Nov 1, 2007"
"CWBCN","CANADIAN WESTERN BANK","Financial","Fixed Income","1,282,849.94","0.08","1,282,849.94","1,280,000.00","1,280,000.00","98.53","Canada","-","CAD","1.01","1.00","Apr 21, 2025","3.86","CAD","Apr 19, 2022"
"ALACN","ALTAGAS LTD MTN","Energy","Fixed Income","1,281,923.41","0.08","1,281,923.41","1,318,000.00","1,318,000.00","96.61","Canada","-","CAD","1.16","1.00","Jun 10, 2025","2.16","CAD","Jun 10, 2020"
"BCECN","BELL CANADA MTN RegS","Communication","Fixed Income","1,281,154.61","0.08","1,281,154.61","1,220,000.00","1,220,000.00","104.29","Canada","-","CAD","14.71","1.00","Aug 11, 2053","5.60","CAD","Aug 11, 2023"
"TCN","TELUS CORPORATION","Communication","Fixed Income","1,280,687.96","0.08","1,280,687.96","1,389,000.00","1,389,000.00","91.27","Canada","-","CAD","12.70","1.00","Jan 17, 2045","4.75","CAD","Sep 15, 2014"
"CUCN","CU INC","Energy","Fixed Income","1,278,944.48","0.08","1,278,944.48","1,414,000.00","1,414,000.00","89.78","Canada","-","CAD","13.81","1.00","Jul 27, 2045","3.96","CAD","Jul 27, 2015"
"PLEHCA","PLENARY HEALTH HAMILTON LP","Infrastructure","Fixed Income","1,278,275.05","0.08","1,278,275.05","1,202,572.00","1,202,572.00","104.39","Canada","-","CAD","7.95","1.00","May 31, 2043","5.80","CAD","Dec 3, 2010"
"GEICN","GIBSON ENERGY INC MTN","Energy","Fixed Income","1,276,631.71","0.08","1,276,631.71","1,215,000.00","1,215,000.00","103.86","Canada","-","CAD","7.07","1.00","Jul 12, 2033","5.75","CAD","Jul 12, 2023"
"FTSCN","FORTISALBERTA INC","Infrastructure","Fixed Income","1,276,373.05","0.08","1,276,373.05","1,113,000.00","1,113,000.00","112.12","Canada","-","CAD","7.78","1.00","Oct 31, 2034","6.22","CAD","Oct 25, 2004"
"TRPCN","TRANSCANADA TRUST","Energy","Fixed Income","1,275,701.12","0.08","1,275,701.12","1,490,000.00","1,490,000.00","85.33","Canada","-","CAD","5.24","1.00","Mar 4, 2081","4.20","CAD","Mar 4, 2021"
"ENBGAS","ENBRIDGE GAS INC MTN","Energy","Fixed Income","1,274,518.12","0.08","1,274,518.12","1,364,000.00","1,364,000.00","92.08","Canada","-","CAD","13.05","1.00","Jun 2, 2044","4.20","CAD","Jun 2, 2014"
"ACICN","ALTAGAS CANADA INC MTN","Energy","Fixed Income","1,268,611.24","0.08","1,268,611.24","1,287,000.00","1,287,000.00","97.23","Canada","-","CAD","4.10","1.00","Dec 5, 2028","4.26","CAD","Dec 5, 2018"
"MBGGR","DAIMLER CANADA FINANCE INC","Financial","Fixed Income","1,267,309.50","0.08","1,267,309.50","1,325,000.00","1,325,000.00","95.61","Germany","-","CAD","1.44","1.00","Sep 22, 2025","1.65","CAD","Sep 22, 2020"
"ARXCN","ARC RESOURCES LTD","Energy","Fixed Income","1,266,115.82","0.08","1,266,115.82","1,385,000.00","1,385,000.00","91.24","Canada","-","CAD","6.08","1.00","Mar 10, 2031","3.46","CAD","Mar 10, 2021"
"CHPUCN","CHOICE PROPERTIES REAL ESTATE INVE","Real Estate","Fixed Income","1,261,785.74","0.08","1,261,785.74","1,396,000.00","1,396,000.00","90.18","Canada","-","CAD","5.35","1.00","Mar 4, 2030","2.98","CAD","Mar 3, 2020"
"ETRHWY","407 INTERNATIONAL INC.","Infrastructure","Fixed Income","1,261,687.40","0.08","1,261,687.40","1,316,000.00","1,316,000.00","94.90","Canada","-","CAD","2.91","1.00","May 4, 2027","2.43","CAD","Nov 4, 2016"
"ALTALK","ALTALINK LP MTN","Infrastructure","Fixed Income","1,260,712.89","0.08","1,260,712.89","1,228,000.00","1,228,000.00","102.50","Canada","-","CAD","12.63","1.00","Sep 17, 2043","4.92","CAD","Sep 17, 2013"
"NWCONN","NORTHWESTCONNECT GROUP","Infrastructure","Fixed Income","1,256,887.66","0.08","1,256,887.66","1,169,471.00","1,169,471.00","105.03","Canada","-","CAD","7.18","1.00","Apr 30, 2041","5.95","CAD","Aug 12, 2008"
"MGCN","MAGNA INTERNATIONAL INC","Industrial","Fixed Income","1,254,099.62","0.08","1,254,099.62","1,225,000.00","1,225,000.00","101.59","Canada","-","CAD","5.65","1.00","Jan 31, 2031","4.95","CAD","Mar 10, 2023"
"ALBPOW","ALBERTA POWERLINE LP","Infrastructure","Fixed Income","1,252,854.04","0.08","1,252,854.04","1,424,319.00","1,424,319.00","87.65","Canada","-","CAD","12.93","1.00","Mar 1, 2054","4.07","CAD","Oct 2, 2017"
"HNDA","HONDA CANADA FINANCE INC","Financial","Fixed Income","1,252,538.61","0.08","1,252,538.61","1,195,000.00","1,195,000.00","104.80","Canada","-","CAD","3.98","1.00","Sep 28, 2028","5.73","CAD","Sep 28, 2023"
"ENBGAS","ENBRIDGE GAS INC MTN","Energy","Fixed Income","1,251,360.61","0.08","1,251,360.61","1,441,000.00","1,441,000.00","86.75","Canada","-","CAD","6.72","1.00","Sep 15, 2031","2.35","CAD","Sep 15, 2021"
"EPCOR","EPCOR UTILITIES INC MTN","Infrastructure","Fixed Income","1,250,570.81","0.08","1,250,570.81","1,476,000.00","1,476,000.00","83.53","Canada","-","CAD","14.95","1.00","Nov 27, 2047","3.55","CAD","Nov 27, 2017"
"HNDA","HONDA CANADA FINANCE INC","Financial","Fixed Income","1,248,749.20","0.08","1,248,749.20","1,337,000.00","1,337,000.00","93.39","Canada","-","CAD","2.41","1.00","Sep 28, 2026","1.71","CAD","Sep 28, 2021"
"CNRCN","CANADIAN NATIONAL RAILWAY COMPANY","Industrial","Fixed Income","1,248,164.16","0.08","1,248,164.16","1,495,000.00","1,495,000.00","83.00","Canada","-","CAD","15.41","1.00","Feb 8, 2049","3.60","CAD","Feb 8, 2019"
"CNRCN","CANADIAN NATIONAL RAILWAY COMPANY","Industrial","Fixed Income","1,246,872.98","0.08","1,246,872.98","1,295,000.00","1,295,000.00","95.78","Canada","-","CAD","3.97","1.00","Jul 31, 2028","3.20","CAD","Jul 31, 2018"
"AIREIN","AIMCO REALTY INVESTORS LP","Real Estate","Fixed Income","1,244,601.82","0.08","1,244,601.82","1,309,000.00","1,309,000.00","94.20","Canada","-","CAD","2.47","1.00","Nov 4, 2026","2.19","CAD","Nov 4, 2021"
"HYDONE","HYDRO ONE INC MTN","Infrastructure","Fixed Income","1,240,014.03","0.08","1,240,014.03","1,242,000.00","1,242,000.00","98.55","Canada","-","CAD","4.95","1.00","Nov 30, 2029","3.93","CAD","Jan 27, 2023"
"GZMCN","ENERGIR LP","Energy","Fixed Income","1,239,507.05","0.08","1,239,507.05","1,195,000.00","1,195,000.00","102.16","Canada","-","CAD","15.61","1.00","Jun 2, 2053","4.83","CAD","Jun 2, 2023"
"HNDA","HONDA CANADA FINANCE INC","Financial","Fixed Income","1,239,113.04","0.08","1,239,113.04","1,319,000.00","1,319,000.00","93.90","Canada","-","CAD","1.91","1.00","Mar 17, 2026","1.34","CAD","Sep 17, 2020"
"NWRWPT","NORTH WEST REDWATER PARTNERSHIP RegS","Energy","Fixed Income","1,235,070.26","0.08","1,235,070.26","1,445,000.00","1,445,000.00","85.12","Canada","-","CAD","12.98","1.00","Feb 23, 2043","3.70","CAD","Feb 23, 2015"
"TERANE","TERANET HOLDINGS LP","Industrial","Fixed Income","1,233,736.41","0.08","1,233,736.41","1,256,000.00","1,256,000.00","96.60","Canada","-","CAD","10.51","1.00","Dec 17, 2040","5.75","CAD","Dec 16, 2010"
"ETRHWY","407 INTERNATIONAL INC MTN","Infrastructure","Fixed Income","1,232,476.63","0.08","1,232,476.63","1,088,000.00","1,088,000.00","111.37","Canada","-","CAD","8.48","1.00","Dec 3, 2035","5.96","CAD","Dec 3, 2004"
"APUCN","ALLIED PROPERTIES REAL ESTATE INVE","Real Estate","Fixed Income","1,231,240.43","0.08","1,231,240.43","1,575,000.00","1,575,000.00","77.73","Canada","-","CAD","6.75","1.00","Feb 6, 2032","3.10","CAD","Aug 6, 2021"
"HYDONE","HYDRO ONE INC MTN","Infrastructure","Fixed Income","1,229,388.45","0.07","1,229,388.45","1,157,000.00","1,157,000.00","104.04","Canada","-","CAD","13.49","1.00","Oct 19, 2046","5.00","CAD","Oct 19, 2006"
"AERMON","AEROPORTS DE MONTREAL","Infrastructure","Fixed Income","1,226,847.01","0.07","1,226,847.01","1,103,000.00","1,103,000.00","108.67","Canada","-","CAD","9.44","1.00","Oct 16, 2037","5.67","CAD","Oct 16, 2007"
"ETRHWY","407 INTERNATIONAL INC MTN","Infrastructure","Fixed Income","1,225,803.72","0.07","1,225,803.72","1,383,000.00","1,383,000.00","88.44","Canada","-","CAD","16.29","1.00","Sep 11, 2052","3.98","CAD","Sep 11, 2012"
"TIHCN","TOROMONT INDUSTRIES LTD.","Industrial","Fixed Income","1,224,221.33","0.07","1,224,221.33","1,235,000.00","1,235,000.00","97.51","Canada","-","CAD","3.18","1.00","Oct 27, 2027","3.84","CAD","Oct 27, 2017"
"PPLCN","PEMBINA PIPELINE CORP","Energy","Fixed Income","1,223,911.99","0.07","1,223,911.99","1,424,000.00","1,424,000.00","84.60","Canada","-","CAD","14.65","1.00","Dec 10, 2051","4.49","CAD","Dec 10, 2021"
"CAAIAU","CALGARY AIRPORT AUTHORITY","Infrastructure","Fixed Income","1,223,121.82","0.07","1,223,121.82","1,415,000.00","1,415,000.00","84.79","Canada","-","CAD","12.40","1.00","Oct 7, 2041","3.45","CAD","Oct 7, 2021"
"SAPCN","SAPUTO INC","Industrial","Fixed Income","1,217,600.57","0.07","1,217,600.57","1,304,000.00","1,304,000.00","92.98","Canada","-","CAD","2.14","1.00","Jun 19, 2026","1.42","CAD","Nov 19, 2020"
"TRPCN","TRANSCANADA PIPELINES LTD","Energy","Fixed Income","1,214,122.63","0.07","1,214,122.63","1,204,000.00","1,204,000.00","99.20","Canada","-","CAD","1.91","1.00","May 12, 2026","4.35","CAD","May 12, 2022"
"TCN","TELUS CORPORATION","Communication","Fixed Income","1,211,399.19","0.07","1,211,399.19","1,404,000.00","1,404,000.00","85.30","Canada","-","CAD","5.93","1.00","Oct 7, 2030","2.05","CAD","Oct 5, 2020"
"AIREIN","AIMCO REALTY INVESTORS LP","Real Estate","Fixed Income","1,211,153.70","0.07","1,211,153.70","1,240,000.00","1,240,000.00","96.57","Canada","-","CAD","2.92","1.00","Jun 1, 2027","3.37","CAD","Dec 7, 2018"
"MBGGR","MERCEDES-BENZ FINANCE CANADA INC MTN","Financial","Fixed Income","1,210,812.81","0.07","1,210,812.81","1,185,000.00","1,185,000.00","100.53","Germany","-","CAD","1.58","1.00","Dec 4, 2025","5.20","CAD","Dec 4, 2023"
"RCICN","ROGERS COMMUNICATIONS INC","Communication","Fixed Income","1,206,694.65","0.07","1,206,694.65","1,235,000.00","1,235,000.00","97.42","Canada","-","CAD","2.67","1.00","Mar 1, 2027","3.80","CAD","Apr 3, 2023"
"ETRHWY","407 INTERNATIONAL INC MTN","Infrastructure","Fixed Income","1,206,144.54","0.07","1,206,144.54","1,231,000.00","1,231,000.00","96.33","Canada","-","CAD","11.86","1.00","Nov 15, 2041","4.45","CAD","Nov 17, 2011"
"COCAPS","COAST CAPITAL SAVINGS FEDERAL CRED","Financial","Fixed Income","1,205,744.55","0.07","1,205,744.55","1,175,000.00","1,175,000.00","102.60","Canada","-","CAD","2.29","1.00","Sep 28, 2026","7.00","CAD","Sep 27, 2023"
"DE","JOHN DEERE FINANCIAL INC","Financial","Fixed Income","1,203,396.40","0.07","1,203,396.40","1,328,000.00","1,328,000.00","90.54","United States","-","CAD","3.31","1.00","Sep 8, 2027","1.34","CAD","Sep 8, 2020"
"IFCCN","INTACT FINANCIAL CORP MTN","Financial","Fixed Income","1,203,184.01","0.07","1,203,184.01","1,008,000.00","1,008,000.00","117.14","Canada","-","CAD","10.22","1.00","Nov 23, 2039","6.40","CAD","Nov 23, 2009"
"NAVCAN","NAV CANADA","Infrastructure","Fixed Income","1,202,782.16","0.07","1,202,782.16","1,600,000.00","1,600,000.00","75.17","Canada","-","CAD","17.38","1.00","Sep 29, 2051","2.92","CAD","May 29, 2020"
"GEICN","GIBSON ENERGY INC MTN","Energy","Fixed Income","1,202,534.97","0.07","1,202,534.97","1,274,000.00","1,274,000.00","94.27","Canada","-","CAD","4.90","1.00","Sep 17, 2029","3.60","CAD","Sep 17, 2019"
"LBCN","LAURENTIAN BANK OF CANADA","Financial","Fixed Income","1,200,447.91","0.07","1,200,447.91","1,209,000.00","1,209,000.00","98.95","Canada","-","CAD","1.37","1.00","Sep 2, 2025","4.60","CAD","Jun 9, 2022"
"ENBCN","ENBRIDGE INC MTN","Energy","Fixed Income","1,199,929.03","0.07","1,199,929.03","1,169,000.00","1,169,000.00","102.22","Canada","-","CAD","10.29","1.00","Sep 2, 2039","5.75","CAD","Sep 2, 2009"
"BCECN","BELL CANADA MTN","Communication","Fixed Income","1,198,302.30","0.07","1,198,302.30","1,349,000.00","1,349,000.00","88.45","Canada","-","CAD","13.74","1.00","Feb 27, 2047","4.45","CAD","Feb 27, 2017"
"HYDONE","HYDRO ONE INC MTN","Infrastructure","Fixed Income","1,194,438.49","0.07","1,194,438.49","1,012,000.00","1,012,000.00","115.77","Canada","-","CAD","6.30","1.00","Jun 1, 2032","6.93","CAD","Jun 22, 2001"
"XCN","TMX GROUP LTD RegS","Financial","Fixed Income","1,194,199.86","0.07","1,194,199.86","1,170,000.00","1,170,000.00","101.51","Canada","-","CAD","6.44","1.00","Feb 18, 2032","4.84","CAD","Feb 16, 2024"
"CCLGP","CAPITAL CITY LINK GENERAL PARTNERS","Infrastructure","Fixed Income","1,192,149.33","0.07","1,192,149.33","1,269,273.00","1,269,273.00","91.75","Canada","-","CAD","8.85","1.00","Mar 31, 2046","4.39","CAD","May 11, 2012"
"SRUUCN","SMARTCENTRES REAL ESTATE INVESTMEN","Real Estate","Fixed Income","1,189,538.66","0.07","1,189,538.66","1,255,000.00","1,255,000.00","94.29","Canada","-","CAD","1.65","1.00","Dec 16, 2025","1.74","CAD","Dec 16, 2020"
"F","FORD CREDIT CANADA CO RegS","Financial","Fixed Income","1,189,513.94","0.07","1,189,513.94","1,115,000.00","1,115,000.00","104.23","United States","-","CAD","3.87","1.00","Nov 10, 2028","6.38","CAD","Nov 10, 2023"
"HYDONE","HYDRO ONE INC RegS","Infrastructure","Fixed Income","1,186,742.26","0.07","1,186,742.26","1,220,000.00","1,220,000.00","96.52","Canada","-","CAD","15.91","1.00","Jan 27, 2053","4.46","CAD","Jan 27, 2023"
"GTAAIR","GREATER TORONTO AIRPORTS AUTH 144A","Infrastructure","Fixed Income","1,185,182.29","0.07","1,185,182.29","1,089,000.00","1,089,000.00","106.76","Canada","-","CAD","3.23","1.00","Dec 3, 2027","6.45","CAD","Dec 2, 1997"
"ALTALK","ALTALINK LP MTN","Infrastructure","Fixed Income","1,182,692.39","0.07","1,182,692.39","1,285,000.00","1,285,000.00","91.05","Canada","-","CAD","12.53","1.00","Jun 30, 2042","3.99","CAD","Jun 29, 2012"
"HYDONE","HYDRO ONE INC MTN","Infrastructure","Fixed Income","1,182,015.21","0.07","1,182,015.21","1,165,000.00","1,165,000.00","101.25","Canada","-","CAD","9.60","1.00","Mar 13, 2037","4.89","CAD","Mar 13, 2007"
"GTAAIR","GREATER TORONTO AIRPORTS AUTHORITY MTN","Infrastructure","Fixed Income","1,180,123.15","0.07","1,180,123.15","987,000.00","987,000.00","116.39","Canada","-","CAD","6.46","1.00","Oct 15, 2032","6.98","CAD","Oct 15, 2002"
"CCDJ","FEDERATION DES CAISSES DESJARDINS","Financial","Fixed Income","1,172,545.52","0.07","1,172,545.52","1,253,000.00","1,253,000.00","93.50","Canada","-","CAD","2.36","1.00","Sep 10, 2026","1.59","CAD","Sep 10, 2021"
"CNRCN","CANADIAN NATIONAL RAILWAY COMPANY","Industrial","Fixed Income","1,171,195.40","0.07","1,171,195.40","1,397,000.00","1,397,000.00","83.26","Canada","-","CAD","15.22","1.00","Jul 31, 2048","3.60","CAD","Jul 31, 2018"
"CPXCN","CAPITAL POWER CORP MTN","Energy","Fixed Income","1,171,273.71","0.07","1,171,273.71","1,166,000.00","1,166,000.00","99.55","Canada","-","CAD","1.62","1.00","Jan 23, 2026","4.99","CAD","Jan 23, 2019"
"ALTALK","ALTALINK LP MTN","Infrastructure","Fixed Income","1,166,986.92","0.07","1,166,986.92","1,200,000.00","1,200,000.00","96.34","Canada","-","CAD","2.05","1.00","May 29, 2026","2.75","CAD","May 30, 2016"
"HYDONE","HYDRO ONE INC MTN","Infrastructure","Fixed Income","1,163,330.00","0.07","1,163,330.00","1,331,000.00","1,331,000.00","86.06","Canada","-","CAD","14.78","1.00","Nov 18, 2047","3.72","CAD","Nov 18, 2016"
"GRTCN","GRANITE REIT HOLDINGS LP","Real Estate","Fixed Income","1,159,624.06","0.07","1,159,624.06","1,210,000.00","1,210,000.00","94.86","Canada","-","CAD","2.97","1.00","Jun 4, 2027","3.06","CAD","Jun 4, 2020"
"PLEHHU","PLENARY HLTH CARE PTNRSHP HUMBR LP","Infrastructure","Fixed Income","1,156,431.96","0.07","1,156,431.96","1,164,319.00","1,164,319.00","97.71","Canada","-","CAD","6.56","1.00","May 31, 2039","4.89","CAD","Sep 23, 2011"
"TOYOTA","TOYOTA CREDIT CANADA INC MTN RegS","Financial","Fixed Income","1,156,356.31","0.07","1,156,356.31","1,114,000.00","1,114,000.00","102.71","Canada","-","CAD","3.80","1.00","Jul 12, 2028","5.16","CAD","Jul 12, 2023"
"ALACN","ALTAGAS LTD MTN RegS","Energy","Fixed Income","1,155,581.30","0.07","1,155,581.30","1,155,000.00","1,155,000.00","99.84","Canada","-","CAD","7.71","1.00","Mar 14, 2034","5.14","CAD","Mar 14, 2024"
"RLNCE","RELIANCE LP","Industrial","Fixed Income","1,155,691.86","0.07","1,155,691.86","1,275,000.00","1,275,000.00","90.23","Canada","-","CAD","4.03","1.00","Aug 1, 2028","2.67","CAD","Apr 14, 2021"
"CANCOR","CANADIAN CORE REAL ESTATE LP","Real Estate","Fixed Income","1,150,815.22","0.07","1,150,815.22","1,226,000.00","1,226,000.00","93.62","Canada","-","CAD","2.75","1.00","Mar 2, 2027","3.30","CAD","Mar 2, 2022"
"GLCRTR","GLACIER CREDIT CARD TRUST","Securitized","Fixed Income","1,148,129.44","0.07","1,148,129.44","1,100,000.00","1,100,000.00","104.24","Canada","-","CAD","3.96","1.00","Sep 20, 2028","5.68","CAD","Aug 23, 2023"
"CAAIAU","CALGARY AIRPORT AUTHORITY","Infrastructure","Fixed Income","1,142,116.17","0.07","1,142,116.17","1,316,000.00","1,316,000.00","85.26","Canada","-","CAD","9.86","1.00","Oct 7, 2036","3.20","CAD","Oct 7, 2021"
"ENBGAS","ENBRIDGE GAS INC MTN","Energy","Fixed Income","1,141,545.70","0.07","1,141,545.70","1,251,000.00","1,251,000.00","90.93","Canada","-","CAD","4.95","1.00","Aug 9, 2029","2.37","CAD","Aug 9, 2019"
"ENBGAS","ENBRIDGE GAS INC MTN","Energy","Fixed Income","1,140,262.85","0.07","1,140,262.85","1,192,000.00","1,192,000.00","95.30","Canada","-","CAD","2.24","1.00","Aug 5, 2026","2.50","CAD","Aug 5, 2016"
"HYDONE","HYDRO ONE INC MTN","Infrastructure","Fixed Income","1,139,662.42","0.07","1,139,662.42","1,330,000.00","1,330,000.00","85.35","Canada","-","CAD","6.29","1.00","Jan 16, 2031","1.69","CAD","Oct 9, 2020"
"EPCOR","EPCOR UTILITIES INC MTN","Infrastructure","Fixed Income","1,139,536.84","0.07","1,139,536.84","1,130,000.00","1,130,000.00","100.50","Canada","-","CAD","15.73","1.00","Sep 2, 2052","4.72","CAD","Sep 2, 2022"
"AIREIN","AIMCO REALTY INVESTORS LP","Real Estate","Fixed Income","1,137,522.78","0.07","1,137,522.78","1,232,000.00","1,232,000.00","91.45","Canada","-","CAD","4.72","1.00","Jun 1, 2029","2.71","CAD","Jun 14, 2019"
"SAPCN","SAPUTO INC MTN","Industrial","Fixed Income","1,135,383.71","0.07","1,135,383.71","1,153,000.00","1,153,000.00","98.04","Canada","-","CAD","1.32","1.00","Aug 14, 2025","3.60","CAD","Aug 10, 2018"
"TOYOTA","TOYOTA CREDIT CANADA INC MTN","Financial","Fixed Income","1,135,263.03","0.07","1,135,263.03","1,208,000.00","1,208,000.00","93.87","Canada","-","CAD","1.85","1.00","Feb 23, 2026","1.18","CAD","Feb 23, 2021"
"OMERS","OMERS REALTY CORP","Real Estate","Fixed Income","1,132,122.58","0.07","1,132,122.58","1,075,000.00","1,075,000.00","103.31","Canada","-","CAD","3.90","1.00","Nov 14, 2028","5.38","CAD","Nov 14, 2022"
"ENBPIP","ENBRIDGE PIPELINES INC MTN","Energy","Fixed Income","1,129,689.76","0.07","1,129,689.76","1,339,000.00","1,339,000.00","82.78","Canada","-","CAD","14.84","1.00","May 12, 2051","4.20","CAD","May 12, 2021"
"HYDONE","HYDRO ONE INC MTN","Infrastructure","Fixed Income","1,129,606.81","0.07","1,129,606.81","991,000.00","991,000.00","113.56","Canada","-","CAD","10.18","1.00","Mar 3, 2039","6.03","CAD","Mar 3, 2009"
"ENBPIP","ENBRIDGE PIPELINES INC MTN","Energy","Fixed Income","1,127,527.82","0.07","1,127,527.82","1,060,000.00","1,060,000.00","105.72","Canada","-","CAD","14.50","1.00","Aug 17, 2053","5.82","CAD","Aug 17, 2023"
"CUCN","CU INC MTN","Energy","Fixed Income","1,125,250.70","0.07","1,125,250.70","1,330,000.00","1,330,000.00","83.36","Canada","-","CAD","14.94","1.00","Nov 22, 2047","3.55","CAD","Nov 22, 2017"
"CPXCN","CAPITAL POWER CORP MTN","Energy","Fixed Income","1,125,071.76","0.07","1,125,071.76","1,300,000.00","1,300,000.00","84.99","Canada","-","CAD","7.18","1.00","Oct 1, 2032","3.15","CAD","Oct 1, 2020"
"CNRCN","CANADIAN NATIONAL RAILWAY","Industrial","Fixed Income","1,125,148.82","0.07","1,125,148.82","1,499,000.00","1,499,000.00","74.64","Canada","-","CAD","16.35","1.00","Feb 8, 2050","3.05","CAD","Nov 1, 2019"
"EPCOR","EPCOR UTILITIES INC MTN","Infrastructure","Fixed Income","1,120,367.74","0.07","1,120,367.74","917,000.00","917,000.00","119.15","Canada","-","CAD","9.39","1.00","Apr 15, 2038","6.65","CAD","Apr 15, 2008"
"HYDONE","HYDRO ONE INC MTN","Infrastructure","Fixed Income","1,118,571.90","0.07","1,118,571.90","1,251,000.00","1,251,000.00","89.24","Canada","-","CAD","5.46","1.00","Feb 28, 2030","2.16","CAD","Feb 28, 2020"
"TRPCN","TRANSCANADA PIPELINES LTD","Energy","Fixed Income","1,117,918.43","0.07","1,117,918.43","1,034,000.00","1,034,000.00","105.88","Canada","-","CAD","13.90","1.00","May 12, 2052","5.92","CAD","May 12, 2022"
"CUCN","CU INC MTN","Energy","Fixed Income","1,117,524.36","0.07","1,117,524.36","1,268,000.00","1,268,000.00","86.78","Canada","-","CAD","14.37","1.00","Nov 19, 2046","3.76","CAD","Nov 17, 2016"
"IVANCA","IVANHOE CAMBRIDGE II INC","Real Estate","Fixed Income","1,117,057.93","0.07","1,117,057.93","1,080,000.00","1,080,000.00","101.82","Canada","-","CAD","3.70","1.00","Jun 2, 2028","4.99","CAD","Jun 2, 2023"
"CCLBCN","CCL INDUSTRIES INC","Industrial","Fixed Income","1,116,406.77","0.07","1,116,406.77","1,140,000.00","1,140,000.00","96.15","Canada","-","CAD","3.61","1.00","Apr 13, 2028","3.86","CAD","Apr 13, 2018"
"GTAAIR","GREATER TORONTO AIRPORTS AUTHORITY","Infrastructure","Fixed Income","1,116,411.38","0.07","1,116,411.38","1,410,000.00","1,410,000.00","77.66","Canada","-","CAD","16.70","1.00","Oct 5, 2051","3.15","CAD","Oct 5, 2021"
"MICCN","SAGEN MI CANADA INC","Financial","Fixed Income","1,116,058.30","0.07","1,116,058.30","1,308,000.00","1,308,000.00","85.11","Canada","-","CAD","6.08","1.00","Mar 5, 2031","3.26","CAD","Mar 5, 2021"
"DOLCN","DOLLARAMA INC","Industrial","Fixed Income","1,112,740.34","0.07","1,112,740.34","1,225,000.00","1,225,000.00","90.30","Canada","-","CAD","4.85","1.00","Jul 9, 2029","2.44","CAD","Jul 8, 2021"
"LOWMAT","LOWER MATTAGAMI ENERGY LP","Infrastructure","Fixed Income","1,111,967.55","0.07","1,111,967.55","1,242,000.00","1,242,000.00","88.63","Canada","-","CAD","6.37","1.00","May 14, 2031","2.43","CAD","May 14, 2021"
"FCLCAN","FEDERATED CO-OPERATIVES LTD","Industrial","Fixed Income","1,111,879.32","0.07","1,111,879.32","1,125,000.00","1,125,000.00","97.73","Canada","-","CAD","1.16","1.00","Jun 17, 2025","3.92","CAD","Jun 17, 2015"
"FTSCN","TERASEN GAS INC MTN","Energy","Fixed Income","1,107,627.99","0.07","1,107,627.99","989,000.00","989,000.00","109.82","Canada","-","CAD","9.70","1.00","May 13, 2038","5.80","CAD","May 13, 2008"
"DE","JOHN DEERE FINANCIAL INC MTN","Financial","Fixed Income","1,104,994.43","0.07","1,104,994.43","1,145,000.00","1,145,000.00","95.34","United States","-","CAD","2.41","1.00","Oct 16, 2026","2.58","CAD","Oct 16, 2019"
"DIRUCN","DREAM INDUSTRIAL REAL ESTATE INVES","Real Estate","Fixed Income","1,104,268.60","0.07","1,104,268.60","1,201,000.00","1,201,000.00","91.37","Canada","-","CAD","3.05","1.00","Jun 17, 2027","2.06","CAD","Jun 17, 2021"
"BRUPOW","BRUCE POWER LP RegS","Energy","Fixed Income","1,104,068.88","0.07","1,104,068.88","1,075,000.00","1,075,000.00","101.35","Canada","-","CAD","6.57","1.00","Dec 21, 2032","4.99","CAD","Mar 23, 2023"
"FRSTRS","INDEPENDENT ORDER OF FORESTERS","Financial","Fixed Income","1,102,404.55","0.07","1,102,404.55","1,275,000.00","1,275,000.00","85.15","Canada","-","CAD","9.63","1.00","Oct 15, 2035","2.88","CAD","Oct 15, 2020"
"TERANE","TERANET HOLDINGS LP","Industrial","Fixed Income","1,100,539.71","0.07","1,100,539.71","1,182,000.00","1,182,000.00","92.75","Canada","-","CAD","4.42","1.00","Feb 23, 2029","3.72","CAD","Feb 23, 2022"
"MRUCN","METRO INC MTN","Industrial","Fixed Income","1,095,902.78","0.07","1,095,902.78","988,000.00","988,000.00","108.21","Canada","-","CAD","8.30","1.00","Oct 15, 2035","5.97","CAD","Oct 12, 2005"
"LCN","LOBLAW COMPANIES LIMITED MTN","Industrial","Fixed Income","1,095,271.23","0.07","1,095,271.23","1,006,000.00","1,006,000.00","107.86","Canada","-","CAD","7.99","1.00","Jan 29, 2035","6.15","CAD","Jan 29, 2004"
"HYDONE","HYDRO ONE INC","Infrastructure","Fixed Income","1,094,605.87","0.07","1,094,605.87","1,544,000.00","1,544,000.00","70.67","Canada","-","CAD","16.92","1.00","Feb 28, 2050","2.71","CAD","Feb 28, 2020"
"BRUPOW","BRUCE POWER LP RegS","Energy","Fixed Income","1,092,373.46","0.07","1,092,373.46","1,075,000.00","1,075,000.00","100.34","Canada","-","CAD","3.31","1.00","Dec 21, 2027","4.70","CAD","Mar 23, 2023"
"BIP","BROOKFIELD INFRASTRUCTURE FINANCE MTN","Infrastructure","Fixed Income","1,090,136.68","0.07","1,090,136.68","1,029,000.00","1,029,000.00","105.22","Canada","-","CAD","6.82","1.00","Feb 14, 2033","5.98","CAD","Nov 14, 2022"
"HYDONE","HYDRO ONE INC MTN","Infrastructure","Fixed Income","1,087,655.11","0.07","1,087,655.11","1,156,000.00","1,156,000.00","92.79","Canada","-","CAD","13.12","1.00","Jun 6, 2044","4.17","CAD","Jun 6, 2014"
"MRUCN","METRO INC RegS","Industrial","Fixed Income","1,087,513.83","0.07","1,087,513.83","1,085,000.00","1,085,000.00","99.58","Canada","-","CAD","7.14","1.00","Feb 7, 2033","4.66","CAD","Feb 6, 2023"
"CHPUCN","CHOICE PROPERTIES REAL ESTATE INVE","Real Estate","Fixed Income","1,086,992.71","0.07","1,086,992.71","1,143,000.00","1,143,000.00","94.29","Canada","-","CAD","2.53","1.00","Nov 30, 2026","2.46","CAD","Nov 30, 2021"
"GWOCN","GREAT-WEST LIFECO INC","Financial","Fixed Income","1,087,065.84","0.07","1,087,065.84","947,000.00","947,000.00","112.46","Canada","-","CAD","5.99","1.00","Nov 24, 2031","6.74","CAD","Nov 23, 2001"
"GZMCN","GAZ METRO INC","Energy","Fixed Income","1,086,861.66","0.07","1,086,861.66","993,000.00","993,000.00","108.22","Canada","-","CAD","8.90","1.00","Jul 10, 2036","5.70","CAD","Jul 10, 2006"
"PPLCN","PEMBINA PIPELINE CORP","Energy","Fixed Income","1,084,719.42","0.07","1,084,719.42","1,220,000.00","1,220,000.00","87.35","Canada","-","CAD","14.13","1.00","May 28, 2050","4.67","CAD","May 28, 2020"
"ENBCN","ENBRIDGE INC MTN","Energy","Fixed Income","1,081,182.74","0.07","1,081,182.74","1,340,000.00","1,340,000.00","80.60","Canada","-","CAD","15.23","1.00","Sep 21, 2051","4.10","CAD","Sep 21, 2021"
"PENSKE","PENSKE TRUCK LEASING CANADA INC","Industrial","Fixed Income","1,075,666.62","0.07","1,075,666.62","1,054,000.00","1,054,000.00","100.39","Canada","-","CAD","1.58","1.00","Dec 8, 2025","5.44","CAD","Dec 6, 2022"
"PMZUCN","PRIMARIS REAL ESTATE INVESTMENT TR RegS","Real Estate","Fixed Income","1,073,745.95","0.07","1,073,745.95","1,005,000.00","1,005,000.00","104.61","Canada","-","CAD","4.35","1.00","Jun 30, 2029","6.37","CAD","Nov 22, 2023"
"HYDONE","HYDRO ONE LTD","Infrastructure","Fixed Income","1,073,607.99","0.07","1,073,607.99","1,172,000.00","1,172,000.00","90.96","Canada","-","CAD","3.38","1.00","Oct 15, 2027","1.41","CAD","Oct 15, 2020"
"ENBGAS","ENBRIDGE GAS INC MTN RegS","Energy","Fixed Income","1,073,431.51","0.07","1,073,431.51","1,195,000.00","1,195,000.00","89.43","Canada","-","CAD","13.42","1.00","Aug 22, 2044","4.00","CAD","Aug 22, 2014"
"FCRCN","FIRST CAPITAL REAL ESTATE INVESTME","Real Estate","Fixed Income","1,073,344.84","0.07","1,073,344.84","1,081,000.00","1,081,000.00","98.60","Canada","-","CAD","1.28","1.00","Jul 31, 2025","4.32","CAD","Jun 17, 2014"
"KEYCN","KEYERA CORP MTN","Energy","Fixed Income","1,071,841.24","0.07","1,071,841.24","1,078,000.00","1,078,000.00","99.41","Canada","-","CAD","6.51","1.00","Mar 28, 2032","5.02","CAD","Mar 28, 2022"
"REIUCN","RIOCAN REAL ESTATE INVESTMENT TRUS RegS","Real Estate","Fixed Income","1,067,330.56","0.07","1,067,330.56","990,000.00","990,000.00","103.29","Canada","-","CAD","4.43","1.00","Oct 1, 2029","5.96","CAD","Jun 26, 2023"
"XCN","TMX GROUP LTD RegS","Financial","Fixed Income","1,067,188.34","0.07","1,067,188.34","1,050,000.00","1,050,000.00","101.10","Canada","-","CAD","4.67","1.00","Aug 16, 2029","4.68","CAD","Feb 16, 2024"
"BMW","BMW CANADA INC","Industrial","Fixed Income","1,066,826.07","0.07","1,066,826.07","1,065,000.00","1,065,000.00","99.59","Germany","-","CAD","2.66","1.00","Feb 10, 2027","4.41","CAD","Feb 10, 2023"
"GRTCN","GRANITE REIT HOLDINGS LP","Real Estate","Fixed Income","1,064,872.41","0.06","1,064,872.41","1,190,000.00","1,190,000.00","89.31","Canada","-","CAD","4.15","1.00","Aug 30, 2028","2.19","CAD","Aug 30, 2021"
"NSIUCN","NOVA SCOTIA POWER INC RegS","Infrastructure","Fixed Income","1,062,953.86","0.06","1,062,953.86","1,046,000.00","1,046,000.00","99.79","Canada","-","CAD","6.83","1.00","Nov 15, 2032","4.95","CAD","Mar 24, 2023"
"BCECN","BELL CANADA MTN","Communication","Fixed Income","1,061,971.89","0.06","1,061,971.89","978,000.00","978,000.00","108.05","Canada","-","CAD","9.06","1.00","Feb 26, 2037","6.17","CAD","Feb 26, 2007"
"PSSGEN","PSS GENERATING STATION LP","Infrastructure","Fixed Income","1,061,059.72","0.06","1,061,059.72","1,100,000.00","1,100,000.00","94.40","Canada","-","CAD","16.41","1.00","Oct 24, 2067","4.79","CAD","Oct 23, 2015"
"BCIMCR","BCI QUADREAL REALTY","Real Estate","Fixed Income","1,060,141.75","0.06","1,060,141.75","1,246,000.00","1,246,000.00","84.77","Canada","-","CAD","5.86","1.00","Jul 24, 2030","1.75","CAD","Jul 24, 2020"
"SAPCN","SAPUTO INC MTN","Industrial","Fixed Income","1,059,791.89","0.06","1,059,791.89","1,016,000.00","1,016,000.00","102.57","Canada","-","CAD","4.74","1.00","Nov 29, 2029","5.25","CAD","Nov 29, 2022"
"EQBCN","EQUITABLE BANK (CANADA)","Financial","Fixed Income","1,057,896.13","0.06","1,057,896.13","1,095,000.00","1,095,000.00","96.36","Canada","-","CAD","1.84","1.00","Mar 2, 2026","3.36","CAD","Feb 28, 2022"
"AQNCN","ALGONQUIN POWER CO","Energy","Fixed Income","1,056,629.40","0.06","1,056,629.40","1,078,000.00","1,078,000.00","97.56","Canada","-","CAD","2.63","1.00","Feb 17, 2027","4.09","CAD","Jan 17, 2017"
"AERMON","AEROPORTS DE MONTREAL","Infrastructure","Fixed Income","1,056,072.07","0.06","1,056,072.07","956,000.00","956,000.00","107.99","Canada","-","CAD","10.69","1.00","Apr 16, 2040","5.47","CAD","Apr 16, 2010"
"ALACN","ALTAGAS LTD MTN","Energy","Fixed Income","1,055,259.05","0.06","1,055,259.05","1,211,000.00","1,211,000.00","86.61","Canada","-","CAD","12.69","1.00","Aug 15, 2044","4.50","CAD","Aug 15, 2014"
"VANAIR","VANCOUVER AIRPORT AUTHORITY","Infrastructure","Fixed Income","1,055,126.60","0.06","1,055,126.60","1,395,000.00","1,395,000.00","74.35","Canada","-","CAD","16.41","1.00","Oct 18, 2049","2.87","CAD","Oct 18, 2019"
"RLNCE","RELIANCE LP","Industrial","Fixed Income","1,053,478.20","0.06","1,053,478.20","1,081,000.00","1,081,000.00","97.31","Canada","-","CAD","1.87","1.00","Mar 15, 2026","3.75","CAD","Apr 8, 2019"
"CNRCN","CANADIAN NATIONAL RAILWAY COMPANY","Industrial","Fixed Income","1,051,758.83","0.06","1,051,758.83","1,082,000.00","1,082,000.00","97.15","Canada","-","CAD","1.43","1.00","Sep 22, 2025","2.80","CAD","Sep 22, 2015"
"NSIUCN","NOVA SCOTIA POWER INC MTN","Infrastructure","Fixed Income","1,049,300.77","0.06","1,049,300.77","969,000.00","969,000.00","107.28","Canada","-","CAD","10.20","1.00","Jul 27, 2039","5.95","CAD","Jul 27, 2009"
"BAMREP","BRP FINANCE ULC","Energy","Fixed Income","1,049,104.91","0.06","1,049,104.91","980,000.00","980,000.00","104.73","Canada","-","CAD","8.85","1.00","Nov 5, 2036","5.84","CAD","Nov 1, 2006"
"DIRUCN","DREAM INDUSTRIAL REAL ESTATE INVES","Real Estate","Fixed Income","1,048,517.23","0.06","1,048,517.23","1,050,000.00","1,050,000.00","98.04","Canada","-","CAD","1.88","1.00","Apr 13, 2026","3.97","CAD","Apr 13, 2022"
"CNHI","CNH INDUSTRIAL CAPITAL CANADA LTD","Financial","Fixed Income","1,041,221.63","0.06","1,041,221.63","1,040,000.00","1,040,000.00","100.06","United States","-","CAD","2.77","1.00","Mar 25, 2027","4.80","CAD","Mar 25, 2024"
"NVLAUT","NOUVELLE AUTOROUTE 30 FINANCEMENT","Infrastructure","Fixed Income","1,038,258.72","0.06","1,038,258.72","1,150,531.00","1,150,531.00","88.20","Canada","-","CAD","9.80","1.00","Mar 31, 2042","4.11","CAD","Jun 14, 2018"
"ENMAXC","ENMAX CORP","Infrastructure","Fixed Income","1,035,615.36","0.06","1,035,615.36","1,067,000.00","1,067,000.00","95.85","Canada","-","CAD","3.77","1.00","Jun 5, 2028","3.84","CAD","May 31, 2018"
"BAMREP","BROOKFIELD RENEWABLE PARTNERS ULC MTN RegS","Energy","Fixed Income","1,035,413.23","0.06","1,035,413.23","995,000.00","995,000.00","101.84","Canada","-","CAD","7.30","1.00","Oct 28, 2033","5.29","CAD","Mar 29, 2023"
"ENBCN","ENBRIDGE INC. MTN","Energy","Fixed Income","1,035,067.65","0.06","1,035,067.65","930,000.00","930,000.00","109.29","Canada","-","CAD","6.23","1.00","Jun 18, 2032","7.20","CAD","Jun 18, 2001"
"CNQCN","CANADIAN NATURAL RESOURCES LTD MTN","Energy","Fixed Income","1,033,663.76","0.06","1,033,663.76","1,099,000.00","1,099,000.00","92.46","Canada","-","CAD","13.32","1.00","May 30, 2047","4.85","CAD","May 30, 2017"
"GM","GENERAL MOTORS FINANCIAL OF CANADA","Financial","Fixed Income","1,032,961.06","0.06","1,032,961.06","1,074,000.00","1,074,000.00","95.81","United States","-","CAD","1.24","1.00","Jul 9, 2025","1.70","CAD","Jul 9, 2021"
"MRUCN","METRO INC MTN","Industrial","Fixed Income","1,030,609.32","0.06","1,030,609.32","1,340,000.00","1,340,000.00","76.63","Canada","-","CAD","15.78","1.00","Feb 28, 2050","3.41","CAD","Feb 26, 2020"
"CUCN","CU INC RegS","Energy","Fixed Income","1,028,912.31","0.06","1,028,912.31","970,000.00","970,000.00","105.95","Canada","-","CAD","15.71","1.00","Sep 20, 2053","5.09","CAD","Sep 20, 2023"
"NSIUCN","NOVA SCOTIA POWER INC MTN","Infrastructure","Fixed Income","1,028,455.14","0.06","1,028,455.14","976,000.00","976,000.00","103.76","Canada","-","CAD","10.64","1.00","Jun 15, 2040","5.61","CAD","Jun 15, 2010"
"GEICN","GIBSON ENERGY INC MTN","Energy","Fixed Income","1,028,161.38","0.06","1,028,161.38","1,015,000.00","1,015,000.00","100.07","Canada","-","CAD","0.29","1.00","Jul 12, 2026","5.80","CAD","Jul 12, 2023"
"ENBPIP","ENBRIDGE PIPELINES INC MTN","Energy","Fixed Income","1,027,251.02","0.06","1,027,251.02","1,146,000.00","1,146,000.00","88.57","Canada","-","CAD","6.27","1.00","May 12, 2031","2.82","CAD","May 12, 2021"
"CNRCN","CANADIAN NATIONAL RAILWAY COMPANY","Industrial","Fixed Income","1,026,265.40","0.06","1,026,265.40","1,154,000.00","1,154,000.00","88.86","Canada","-","CAD","13.95","1.00","Sep 22, 2045","3.95","CAD","Sep 22, 2015"
"ENMAXC","ENMAX CORP","Infrastructure","Fixed Income","1,025,527.55","0.06","1,025,527.55","1,040,000.00","1,040,000.00","97.53","Canada","-","CAD","1.13","1.00","Jun 2, 2025","3.33","CAD","Oct 18, 2019"
"CP","CANADIAN PACIFIC RAILWAY COMPANY","Industrial","Fixed Income","1,023,391.62","0.06","1,023,391.62","1,081,000.00","1,081,000.00","94.53","Canada","-","CAD","4.52","1.00","Mar 13, 2029","3.15","CAD","Mar 13, 2019"
"BCIMCR","BCIMC REALTY CORP","Real Estate","Fixed Income","1,022,789.21","0.06","1,022,789.21","1,052,000.00","1,052,000.00","95.74","Canada","-","CAD","2.79","1.00","Mar 31, 2027","3.00","CAD","Mar 31, 2017"
"CUCN","CU INC MTN","Energy","Fixed Income","1,019,302.29","0.06","1,019,302.29","910,000.00","910,000.00","109.91","Canada","-","CAD","7.92","1.00","Nov 20, 2034","5.90","CAD","Nov 18, 2004"
"ALTALK","ALTALINK LP MTN","Infrastructure","Fixed Income","1,018,883.17","0.06","1,018,883.17","1,098,000.00","1,098,000.00","91.79","Canada","-","CAD","13.65","1.00","Jun 30, 2045","4.09","CAD","Jun 30, 2015"
"ONTPOW","ONTARIO POWER GENERATION INC MTN","Energy","Fixed Income","1,018,641.62","0.06","1,018,641.62","1,426,000.00","1,426,000.00","71.13","Canada","-","CAD","16.74","1.00","Feb 21, 2051","2.95","CAD","Feb 4, 2021"
"WELL","HCN CANADIAN HOLDINGS 1 LP","Real Estate","Fixed Income","1,017,751.09","0.06","1,017,751.09","1,084,000.00","1,084,000.00","93.29","United States","-","CAD","2.64","1.00","Jan 15, 2027","2.95","CAD","Dec 20, 2019"
"IGMCN","IGM FINANCIAL INC","Financial","Fixed Income","1,013,869.50","0.06","1,013,869.50","930,000.00","930,000.00","107.17","Canada","-","CAD","14.94","1.00","May 26, 2053","5.43","CAD","May 26, 2023"
"ETRHWY","HIGHWAY 407 144A","Infrastructure","Fixed Income","1,013,334.32","0.06","1,013,334.32","918,000.00","918,000.00","109.29","Canada","-","CAD","4.51","1.00","Jul 27, 2029","6.47","CAD","Jul 27, 1999"
"EDISNH","ELLISDON INFRASTRUCTURE SNH GP","Infrastructure","Fixed Income","1,011,190.61","0.06","1,011,190.61","1,000,000.00","1,000,000.00","100.72","Canada","-","CAD","9.15","1.00","Feb 28, 2043","5.00","CAD","Feb 21, 2023"
"LCN","LOBLAW COMPANIES LIMITED MTN","Industrial","Fixed Income","1,010,744.76","0.06","1,010,744.76","941,000.00","941,000.00","106.26","Canada","-","CAD","8.55","1.00","Jan 18, 2036","5.90","CAD","Jan 18, 2005"
"PWFCN","POWER FINANCIAL CORPORATION","Financial","Fixed Income","1,008,145.63","0.06","1,008,145.63","887,000.00","887,000.00","113.32","Canada","-","CAD","6.84","1.00","Mar 11, 2033","6.90","CAD","Mar 11, 2003"
"VTR","VENTAS CANADA FINANCE LTD","Real Estate","Fixed Income","1,005,399.91","0.06","1,005,399.91","1,125,000.00","1,125,000.00","88.29","United States","-","CAD","6.59","1.00","Dec 1, 2031","3.30","CAD","Dec 1, 2021"
"CUCN","CU INC MTN","Energy","Fixed Income","1,005,115.70","0.06","1,005,115.70","1,113,000.00","1,113,000.00","88.93","Canada","-","CAD","14.93","1.00","Nov 23, 2048","3.95","CAD","Nov 21, 2018"
"ENBPIP","ENBRIDGE PIPELINES INC MTN","Energy","Fixed Income","1,002,883.23","0.06","1,002,883.23","1,038,000.00","1,038,000.00","96.22","Canada","-","CAD","2.24","1.00","Aug 10, 2026","3.00","CAD","Aug 9, 2016"
"ONTPOW","ONTARIO POWER GENERATION INC MTN","Energy","Fixed Income","1,001,734.25","0.06","1,001,734.25","969,000.00","969,000.00","102.43","Canada","-","CAD","6.67","1.00","Jul 19, 2032","4.92","CAD","Jul 18, 2022"
"CSHU","CHARTWELL RETIREMENT RESIDENCES","Industrial","Fixed Income","999,590.92","0.06","999,590.92","975,000.00","975,000.00","100.68","Canada","-","CAD","2.44","1.00","Dec 8, 2026","6.00","CAD","Dec 8, 2023"
"REIUCN","RIOCAN REAL ESTATE INVESTMENT TRUS RegS","Real Estate","Fixed Income","998,458.68","0.06","998,458.68","960,000.00","960,000.00","101.32","Canada","-","CAD","3.05","1.00","Oct 6, 2027","5.61","CAD","Mar 6, 2023"
"TRPCN","TRANSCANADA PIPELINES LIMITED MTN","Energy","Fixed Income","998,094.46","0.06","998,094.46","944,000.00","944,000.00","104.53","Canada","-","CAD","1.71","1.00","Feb 5, 2026","8.29","CAD","Feb 5, 1996"
"MRUCN","METRO INC MTN","Industrial","Fixed Income","997,825.09","0.06","997,825.09","986,000.00","986,000.00","99.56","Canada","-","CAD","12.59","1.00","Dec 1, 2044","5.03","CAD","Dec 1, 2014"
"CWBCN","CANADIAN WESTERN BANK","Financial","Fixed Income","996,408.41","0.06","996,408.41","980,000.00","980,000.00","100.23","Canada","-","CAD","1.62","1.00","Dec 20, 2025","5.26","CAD","Dec 20, 2023"
"LBCN","LAURENTIAN BANK OF CANADA","Financial","Fixed Income","996,329.03","0.06","996,329.03","1,010,000.00","1,010,000.00","97.09","Canada","-","CAD","2.83","1.00","Apr 20, 2027","3.54","CAD","Apr 20, 2022"
"ALTALK","ALTALINK LP MTN","Infrastructure","Fixed Income","995,340.61","0.06","995,340.61","1,009,000.00","1,009,000.00","96.91","Canada","-","CAD","11.89","1.00","Nov 8, 2041","4.46","CAD","Nov 8, 2011"
"LCN","LOBLAW COMPANIES LTD MTN 144A","Industrial","Fixed Income","994,822.47","0.06","994,822.47","888,000.00","888,000.00","111.50","Canada","-","CAD","6.22","1.00","Mar 1, 2032","6.85","CAD","Mar 1, 2002"
"SRUUCN","SMARTCENTRES REAL ESTATE INVESTMEN","Real Estate","Fixed Income","993,781.38","0.06","993,781.38","1,045,000.00","1,045,000.00","94.15","Canada","-","CAD","2.98","1.00","Jun 11, 2027","3.19","CAD","Jun 11, 2020"
"FCRCN","FIRST CAPITAL REAL ESTATE INVESTME","Real Estate","Fixed Income","991,215.16","0.06","991,215.16","1,010,000.00","1,010,000.00","96.72","Canada","-","CAD","1.97","1.00","May 6, 2026","3.60","CAD","May 6, 2016"
"APUCN","ALLIED PROPERTIES REAL ESTATE INVE","Real Estate","Fixed Income","990,665.59","0.06","990,665.59","1,068,000.00","1,068,000.00","91.28","Canada","-","CAD","2.81","1.00","Apr 8, 2027","3.11","CAD","Oct 8, 2019"
"SRUUCN","SMARTCENTRES REAL ESTATE INVESTMEN","Real Estate","Fixed Income","990,094.38","0.06","990,094.38","1,121,000.00","1,121,000.00","87.68","Canada","-","CAD","4.38","1.00","Dec 18, 2028","2.31","CAD","Dec 16, 2020"
"DTRGR","DAIMLER TRUCK FINANCE CANADA INC RegS","Financial","Fixed Income","989,357.50","0.06","989,357.50","950,000.00","950,000.00","104.08","Germany","-","CAD","3.96","1.00","Sep 25, 2028","5.77","CAD","Sep 25, 2023"
"EDISNH","ELLISDON INFRASTRUCTURE SNH GP","Infrastructure","Fixed Income","986,016.04","0.06","986,016.04","960,000.00","960,000.00","102.30","Canada","-","CAD","14.76","1.00","Aug 31, 2057","5.15","CAD","Feb 21, 2023"
"CUCN","CU INC MTN","Energy","Fixed Income","984,807.70","0.06","984,807.70","1,282,000.00","1,282,000.00","76.61","Canada","-","CAD","16.82","1.00","Sep 5, 2051","3.17","CAD","Sep 3, 2021"
"BCECN","BELL CANADA MTN","Communication","Fixed Income","984,441.64","0.06","984,441.64","825,000.00","825,000.00","115.80","Canada","-","CAD","5.38","1.00","Apr 2, 2031","7.85","CAD","Apr 2, 2001"
"NAVCAN","NAV CANADA","Infrastructure","Fixed Income","982,601.55","0.06","982,601.55","1,103,000.00","1,103,000.00","88.40","Canada","-","CAD","5.66","1.00","May 29, 2030","2.06","CAD","May 29, 2020"
"ENBGAS","ENBRIDGE GAS INC","Energy","Fixed Income","981,073.23","0.06","981,073.23","1,154,000.00","1,154,000.00","83.22","Canada","-","CAD","15.49","1.00","Apr 1, 2050","3.65","CAD","Apr 1, 2020"
"BIP","BROOKFIELD INFRASTRUCTURE FINANCE MTN","Infrastructure","Fixed Income","979,890.76","0.06","979,890.76","1,155,000.00","1,155,000.00","84.62","Canada","-","CAD","7.32","1.00","Sep 1, 2032","2.86","CAD","Sep 1, 2020"
"SRUUCN","SMARTCENTRES REAL ESTATE INVESTMEN","Real Estate","Fixed Income","979,651.54","0.06","979,651.54","960,000.00","960,000.00","100.27","Canada","-","CAD","3.61","1.00","May 29, 2028","5.35","CAD","May 29, 2023"
"ETRHWY","407 INTERNATIONAL INC MTN RegS","Infrastructure","Fixed Income","979,237.17","0.06","979,237.17","1,006,000.00","1,006,000.00","96.71","Canada","-","CAD","1.11","1.00","May 22, 2025","1.80","CAD","May 22, 2020"
"MICCN","SAGEN MI CANADA INC","Financial","Fixed Income","976,827.82","0.06","976,827.82","955,000.00","955,000.00","100.17","Canada","-","CAD","3.54","1.00","May 19, 2028","5.91","CAD","May 19, 2023"
"ENBGAS","ENBRIDGE GAS INC MTN","Energy","Fixed Income","975,544.07","0.06","975,544.07","956,000.00","956,000.00","100.72","Canada","-","CAD","11.43","1.00","Jun 21, 2041","4.88","CAD","Jun 21, 2011"
"ENBPIP","ENBRIDGE PIPELINES INC MTN","Energy","Fixed Income","974,115.91","0.06","974,115.91","961,000.00","961,000.00","98.81","Canada","-","CAD","10.50","1.00","Apr 6, 2040","5.33","CAD","Apr 6, 2010"
"ALCTRA","ALECTRA INC (CANADA)","Infrastructure","Fixed Income","973,540.20","0.06","973,540.20","880,000.00","880,000.00","108.68","Canada","-","CAD","15.18","1.00","Nov 14, 2052","5.22","CAD","Nov 14, 2022"
"GEICN","GIBSON ENERGY INC","Energy","Fixed Income","973,528.97","0.06","973,528.97","1,001,000.00","1,001,000.00","96.75","Canada","-","CAD","1.25","1.00","Jul 14, 2025","2.45","CAD","Jul 14, 2020"
"ALTALK","ALTALINK LP MTN","Infrastructure","Fixed Income","972,442.18","0.06","972,442.18","1,047,000.00","1,047,000.00","91.45","Canada","-","CAD","13.38","1.00","Nov 21, 2044","4.05","CAD","Nov 21, 2014"
"ALTALK","ALTALINK LP","Infrastructure","Fixed Income","972,293.99","0.06","972,293.99","942,000.00","942,000.00","101.65","Canada","-","CAD","6.94","1.00","Nov 28, 2032","4.69","CAD","Nov 28, 2022"
"BAMREP","BROOKFIELD RENEWABLE PARTNERS ULC MTN","Energy","Fixed Income","971,900.16","0.06","971,900.16","1,345,000.00","1,345,000.00","71.85","Canada","-","CAD","15.73","1.00","Aug 13, 2050","3.33","CAD","Aug 13, 2020"
"IFCCN","INTACT FINANCIAL CORP MTN","Financial","Fixed Income","971,687.19","0.06","971,687.19","922,000.00","922,000.00","103.92","Canada","-","CAD","11.81","1.00","Jun 16, 2042","5.16","CAD","Jun 15, 2012"
"CUCN","CU INC","Energy","Fixed Income","970,847.93","0.06","970,847.93","977,000.00","977,000.00","97.58","Canada","-","CAD","15.85","1.00","Nov 7, 2053","4.56","CAD","Nov 7, 2013"
"ENBPIP","ENBRIDGE PIPELINES INC MTN","Energy","Fixed Income","970,233.63","0.06","970,233.63","1,159,000.00","1,159,000.00","83.16","Canada","-","CAD","13.70","1.00","Aug 9, 2046","4.13","CAD","Aug 9, 2016"
"IFCCN","INTACT FINANCIAL CORP MTN","Financial","Fixed Income","967,555.66","0.06","967,555.66","981,000.00","981,000.00","98.35","Canada","-","CAD","1.78","1.00","Mar 2, 2026","3.77","CAD","Mar 1, 2016"
"ENBGAS","ENBRIDGE GAS INC MTN","Energy","Fixed Income","966,924.17","0.06","966,924.17","856,000.00","856,000.00","112.51","Canada","-","CAD","9.92","1.00","Sep 2, 2038","6.05","CAD","Sep 2, 2008"
"FNCN","FIRST NATIONAL FINANCIAL CORP","Financial","Fixed Income","963,718.29","0.06","963,718.29","996,000.00","996,000.00","95.68","Canada","-","CAD","1.56","1.00","Nov 17, 2025","2.96","CAD","Nov 16, 2020"
"FCRCN","FIRST CAPITAL REAL ESTATE INVESTME","Real Estate","Fixed Income","962,595.40","0.06","962,595.40","1,025,000.00","1,025,000.00","93.65","Canada","-","CAD","3.62","1.00","Mar 1, 2028","3.45","CAD","Sep 1, 2020"
"VTR","VENTAS CANADA FINANCE LTD","Real Estate","Fixed Income","960,978.06","0.06","960,978.06","924,000.00","924,000.00","101.64","United States","-","CAD","3.50","1.00","Apr 21, 2028","5.40","CAD","Apr 21, 2023"
"STNCN","STANTEC INC. RegS","Industrial","Fixed Income","957,203.89","0.06","957,203.89","925,000.00","925,000.00","102.11","Canada","-","CAD","5.16","1.00","Jun 27, 2030","5.39","CAD","Jun 27, 2023"
"AERMON","AEROPORTS DE MONTREAL","Infrastructure","Fixed Income","949,667.09","0.06","949,667.09","1,049,000.00","1,049,000.00","89.37","Canada","-","CAD","13.67","1.00","Jun 12, 2045","3.92","CAD","Jun 12, 2015"
"BAMREP","BROOKFIELD RENEWABLE PARTNERS ULC MTN","Energy","Fixed Income","949,373.66","0.06","949,373.66","1,089,000.00","1,089,000.00","85.47","Canada","-","CAD","14.43","1.00","Nov 5, 2049","4.29","CAD","Sep 13, 2019"
"IFCCN","INTACT FINANCIAL CORP MTN RegS","Financial","Fixed Income","948,685.06","0.06","948,685.06","1,023,000.00","1,023,000.00","91.95","Canada","-","CAD","3.87","1.00","May 18, 2028","2.18","CAD","May 18, 2021"
"SAPCN","SAPUTO INC MTN","Industrial","Fixed Income","947,087.07","0.06","947,087.07","1,034,000.00","1,034,000.00","90.98","Canada","-","CAD","3.95","1.00","Jun 22, 2028","2.30","CAD","Jun 22, 2021"
"ENBGAS","ENBRIDGE GAS INC MTN","Energy","Fixed Income","946,978.55","0.06","946,978.55","1,251,000.00","1,251,000.00","75.57","Canada","-","CAD","16.72","1.00","Sep 15, 2051","3.20","CAD","Sep 15, 2021"
"SRUUCN","SMART REAL ESTATE INVESTMENT TRUST","Real Estate","Fixed Income","946,173.74","0.06","946,173.74","982,000.00","982,000.00","96.07","Canada","-","CAD","2.28","1.00","Aug 28, 2026","3.44","CAD","Aug 30, 2016"
"CTLONE","CENTRAL 1 CREDIT UNION MTN","Financial","Fixed Income","941,520.72","0.06","941,520.72","950,000.00","950,000.00","98.46","Canada","-","CAD","3.46","1.00","Feb 7, 2028","4.65","CAD","Feb 7, 2023"
"HYNMTR","HYUNDAI CAPITAL CANADA INC","Financial","Fixed Income","938,931.82","0.06","938,931.82","925,000.00","925,000.00","100.73","Canada","-","CAD","4.23","1.00","Jan 31, 2029","4.89","CAD","Jan 31, 2024"
"TRPCN","TRANS-CANADA PIPELINE MTN","Energy","Fixed Income","938,660.66","0.06","938,660.66","847,000.00","847,000.00","107.23","Canada","-","CAD","2.64","1.00","Apr 15, 2027","7.90","CAD","Apr 15, 1997"
"OTTMAC","OTTAWA MACDONALD-CARTIER INTERNATI","Infrastructure","Fixed Income","937,895.06","0.06","937,895.06","1,045,336.00","1,045,336.00","88.53","Canada","-","CAD","8.61","1.00","Jun 9, 2045","3.93","CAD","Jun 9, 2015"
"DTRGR","DAIMLER TRUCKS FINANCE CANADA INC RegS","Financial","Fixed Income","935,542.39","0.06","935,542.39","987,000.00","987,000.00","94.08","Germany","-","CAD","2.57","1.00","Dec 15, 2026","2.46","CAD","Dec 15, 2021"
"EAGCCT","EAGLE CREDIT CARD TRUST","Securitized","Fixed Income","931,893.10","0.06","931,893.10","900,000.00","900,000.00","102.09","Canada","-","CAD","3.74","1.00","Jun 17, 2028","5.13","CAD","Jun 13, 2023"
"SRUUCN","SMARTCENTRES REAL ESTATE INVESTMEN","Real Estate","Fixed Income","929,995.77","0.06","929,995.77","1,020,000.00","1,020,000.00","90.09","Canada","-","CAD","5.80","1.00","Dec 11, 2030","3.65","CAD","Jun 11, 2020"
"VW","VW CREDIT CANADA INC RegS","Financial","Fixed Income","929,655.55","0.06","929,655.55","910,000.00","910,000.00","102.03","Germany","-","CAD","2.30","1.00","Sep 21, 2026","5.75","CAD","Sep 20, 2023"
"ALACN","ALTAGAS LTD","Energy","Fixed Income","927,431.73","0.06","927,431.73","1,021,000.00","1,021,000.00","90.15","Canada","-","CAD","3.91","1.00","May 30, 2028","2.08","CAD","Nov 30, 2020"
"FTSCN","TERASEN GAS INC. MTN","Energy","Fixed Income","926,944.78","0.06","926,944.78","811,000.00","811,000.00","111.44","Canada","-","CAD","9.29","1.00","Oct 2, 2037","6.00","CAD","Oct 2, 2007"
"PMZUCN","PRIMARIS REAL ESTATE INVESTMENT TR","Real Estate","Fixed Income","923,389.55","0.06","923,389.55","917,000.00","917,000.00","98.35","Canada","-","CAD","2.67","1.00","Mar 30, 2027","4.73","CAD","Mar 30, 2022"
"EAGCCT","EAGLE CREDIT CARD TRUST","Securitized","Fixed Income","923,145.51","0.06","923,145.51","985,000.00","985,000.00","93.28","Canada","-","CAD","2.13","1.00","Jun 17, 2026","1.55","CAD","Jun 21, 2021"
"ONTPOW","ONTARIO POWER GENERATION INC MTN","Energy","Fixed Income","923,186.74","0.06","923,186.74","1,127,000.00","1,127,000.00","81.76","Canada","-","CAD","15.85","1.00","Sep 13, 2050","3.65","CAD","Sep 13, 2019"
"BCFERR","BRITISH COLUMBIA FERRY SERVICES IN","Infrastructure","Fixed Income","921,946.54","0.06","921,946.54","837,000.00","837,000.00","108.96","Canada","-","CAD","9.73","1.00","Jan 11, 2038","5.58","CAD","Jan 11, 2008"
"AQNCN","ALGONQUIN POWER CO","Energy","Fixed Income","920,910.43","0.06","920,910.43","930,000.00","930,000.00","98.27","Canada","-","CAD","4.20","1.00","Jan 29, 2029","4.60","CAD","Jan 29, 2019"
"EPCOR","EPCOR UTILITIES INC MTN","Infrastructure","Fixed Income","920,273.38","0.06","920,273.38","1,191,000.00","1,191,000.00","76.58","Canada","-","CAD","16.08","1.00","Jul 8, 2049","3.11","CAD","Jul 8, 2019"
"ENBPIP","ENBRIDGE PIPELINES INC.","Energy","Fixed Income","918,209.52","0.06","918,209.52","909,000.00","909,000.00","98.96","Canada","-","CAD","10.37","1.00","Nov 10, 2039","5.35","CAD","Nov 10, 2009"
"CAAIAU","CALGARY AIRPORT AUTHORITY","Infrastructure","Fixed Income","918,004.10","0.06","918,004.10","1,090,000.00","1,090,000.00","82.53","Canada","-","CAD","16.15","1.00","Oct 7, 2051","3.55","CAD","Oct 7, 2021"
"TORHYD","TORONTO HYDRO CORPORATION RegS","Infrastructure","Fixed Income","917,737.71","0.06","917,737.71","865,000.00","865,000.00","103.72","Canada","-","CAD","3.90","1.00","Oct 12, 2028","5.13","CAD","Oct 12, 2023"
"IFCCN","INTACT FINANCIAL CORP","Financial","Fixed Income","913,392.77","0.06","913,392.77","970,000.00","970,000.00","92.12","Canada","-","CAD","1.62","1.00","Mar 31, 2081","4.13","CAD","Mar 31, 2021"
"ENBPIP","ENBRIDGE PIPELINES INC MTN","Energy","Fixed Income","909,058.27","0.06","909,058.27","1,011,000.00","1,011,000.00","89.41","Canada","-","CAD","12.38","1.00","Aug 17, 2043","4.55","CAD","Aug 16, 2013"
"ENBGAS","ENBRIDGE GAS INC","Energy","Fixed Income","906,718.40","0.06","906,718.40","862,000.00","862,000.00","104.25","Canada","-","CAD","11.04","1.00","Jul 23, 2040","5.20","CAD","Jul 23, 2010"
"GEICN","GIBSON ENERGY INC MTN","Energy","Fixed Income","906,670.15","0.06","906,670.15","825,000.00","825,000.00","108.59","Canada","-","CAD","14.06","1.00","Jul 12, 2053","6.20","CAD","Jul 12, 2023"
"OMERS","OMERS REALTY CORP","Real Estate","Fixed Income","905,724.68","0.06","905,724.68","912,000.00","912,000.00","98.26","Canada","-","CAD","1.13","1.00","Jun 5, 2025","3.33","CAD","Jun 5, 2018"
"SE","WESTCOAST ENERGY INC MTN","Energy","Fixed Income","904,708.46","0.06","904,708.46","818,000.00","818,000.00","110.42","Canada","-","CAD","5.59","1.00","Mar 20, 2031","7.15","CAD","Mar 20, 2001"
"DOLCN","DOLLARAMA INC","Industrial","Fixed Income","902,702.64","0.06","902,702.64","996,000.00","996,000.00","90.60","Canada","-","CAD","3.33","1.00","Sep 20, 2027","1.50","CAD","Sep 18, 2020"
"SEASKY","SEA TO SKY HIGHWAY INVESTMENT LP","Infrastructure","Fixed Income","898,564.10","0.05","898,564.10","1,000,281.00","1,000,281.00","89.62","Canada","-","CAD","3.26","1.00","Aug 31, 2030","2.63","CAD","Jun 16, 2016"
"TCN","TELUS CORPORATION","Communication","Fixed Income","897,088.28","0.05","897,088.28","885,000.00","885,000.00","100.77","Canada","-","CAD","7.66","1.00","Feb 15, 2034","5.10","CAD","Feb 15, 2024"
"TORHYD","TORONTO HYDRO CORPORATION","Infrastructure","Fixed Income","894,735.71","0.05","894,735.71","833,000.00","833,000.00","105.13","Canada","-","CAD","15.32","1.00","Oct 13, 2052","4.95","CAD","Oct 13, 2022"
"RCICN","ROGERS COMMUNICATIONS INC","Communication","Fixed Income","890,011.77","0.05","890,011.77","1,044,000.00","1,044,000.00","83.96","Canada","-","CAD","14.50","1.00","Dec 9, 2049","4.25","CAD","Dec 9, 2019"
"DE","JOHN DEERE CANADA FUNDING INC MTN","Financial","Fixed Income","889,248.76","0.05","889,248.76","935,000.00","935,000.00","94.34","United States","-","CAD","1.95","1.00","Apr 9, 2026","1.63","CAD","Apr 9, 2021"
"IFCCN","INTACT FINANCIAL CORP MTN","Financial","Fixed Income","886,773.51","0.05","886,773.51","1,022,000.00","1,022,000.00","86.22","Canada","-","CAD","6.15","1.00","Dec 16, 2030","1.93","CAD","Dec 16, 2020"
"AERMON","AEROPORTS DE MONTREAL","Infrastructure","Fixed Income","886,509.79","0.05","886,509.79","761,000.00","761,000.00","113.44","Canada","-","CAD","7.10","1.00","Oct 11, 2033","6.55","CAD","Oct 9, 2003"
"ENMAXC","ENMAX CORP","Infrastructure","Fixed Income","882,988.12","0.05","882,988.12","920,000.00","920,000.00","94.25","Canada","-","CAD","4.86","1.00","Oct 18, 2029","3.88","CAD","Oct 18, 2019"
"ENBCN","ENBRIDGE INC MTN","Energy","Fixed Income","882,683.02","0.05","882,683.02","806,000.00","806,000.00","108.23","Canada","-","CAD","5.10","1.00","Jul 24, 2030","7.22","CAD","Jul 24, 2000"
"ETRHWY","407 INTERNATIONAL INC. MTN","Infrastructure","Fixed Income","879,852.63","0.05","879,852.63","867,000.00","867,000.00","99.25","Canada","-","CAD","15.66","1.00","Oct 7, 2053","4.68","CAD","Oct 7, 2013"
"IAGCN","IA FINANCIAL CORPORATION INC","Financial","Fixed Income","878,361.37","0.05","878,361.37","921,000.00","921,000.00","95.08","Canada","-","CAD","2.73","1.00","Feb 25, 2032","3.20","CAD","Feb 25, 2022"
"TERANE","TERANET HOLDINGS LP","Industrial","Fixed Income","878,191.28","0.05","878,191.28","863,000.00","863,000.00","100.04","Canada","-","CAD","10.56","1.00","Jun 17, 2041","6.10","CAD","Apr 4, 2011"
"EPCOR","EPCOR UTILITIES INC MTN 144A","Infrastructure","Fixed Income","878,013.15","0.05","878,013.15","800,000.00","800,000.00","107.68","Canada","-","CAD","8.51","1.00","Nov 16, 2035","5.65","CAD","Nov 17, 2005"
"ENBGAS","ENBRIDGE GAS INC MTN","Energy","Fixed Income","877,008.28","0.05","877,008.28","843,000.00","843,000.00","102.30","Canada","-","CAD","14.79","1.00","Nov 22, 2050","4.95","CAD","Nov 22, 2010"
"EPCOR","EPCOR UTILITIES INC MTN","Infrastructure","Fixed Income","876,601.95","0.05","876,601.95","777,000.00","777,000.00","110.83","Canada","-","CAD","10.46","1.00","Nov 24, 2039","5.75","CAD","Nov 24, 2009"
"GZMCN","GAZ METRO INC MTN","Energy","Fixed Income","874,253.08","0.05","874,253.08","755,000.00","755,000.00","112.88","Canada","-","CAD","5.25","1.00","Oct 30, 2030","7.05","CAD","Oct 26, 2000"
"REIUCN","RIOCAN REAL ESTATE INVESTMENT TRUS","Real Estate","Fixed Income","873,082.36","0.05","873,082.36","870,000.00","870,000.00","100.35","Canada","-","CAD","0.49","1.00","Sep 29, 2026","6.49","CAD","Sep 29, 2023"
"CTLONE","CENTRAL 1 CREDIT UNION MTN","Financial","Fixed Income","872,185.97","0.05","872,185.97","870,000.00","870,000.00","100.25","Canada","-","CAD","1.43","1.00","Sep 29, 2025","5.42","CAD","Sep 29, 2022"
"ACICN","ALTAGAS CANADA INC MTN","Energy","Fixed Income","868,194.16","0.05","868,194.16","887,000.00","887,000.00","96.37","Canada","-","CAD","1.90","1.00","Apr 6, 2026","3.15","CAD","Apr 3, 2019"
"STNCN","STANTEC INC.","Industrial","Fixed Income","867,374.22","0.05","867,374.22","939,000.00","939,000.00","91.40","Canada","-","CAD","3.32","1.00","Oct 8, 2027","2.05","CAD","Oct 8, 2020"
"DRSILL","SUMMIT INDUSTRIAL INCOME REIT","Real Estate","Fixed Income","863,698.85","0.05","863,698.85","900,000.00","900,000.00","95.90","Canada","-","CAD","1.42","1.00","Sep 17, 2025","2.15","CAD","Feb 17, 2023"
"HYDONE","HYDRO ONE INC MTN","Infrastructure","Fixed Income","863,275.59","0.05","863,275.59","964,000.00","964,000.00","89.18","Canada","-","CAD","14.14","1.00","Feb 23, 2046","3.91","CAD","Feb 24, 2016"
"APUCN","ALLIED PROPERTIES REAL ESTATE INVE","Real Estate","Fixed Income","862,428.18","0.05","862,428.18","998,000.00","998,000.00","86.02","Canada","-","CAD","4.82","1.00","Aug 15, 2029","3.39","CAD","Aug 15, 2019"
"CCOCN","CAMECO CORPORATION","Industrial","Equity","858,983.55","0.05","858,983.55","900,000.00","900,000.00","94.15","Canada","-","CAD","3.30","1.00","Oct 21, 2027","2.95","CAD","Oct 21, 2020"
"CRTUCN","CT REAL ESTATE INVESTMENT TRUST","Real Estate","Fixed Income","859,001.14","0.05","859,001.14","881,000.00","881,000.00","96.43","Canada","-","CAD","2.05","1.00","Jun 1, 2026","3.29","CAD","May 31, 2016"
"CTCACN","CANADIAN TIRE CORP LTD MTN","Industrial","Fixed Income","858,297.44","0.05","858,297.44","792,000.00","792,000.00","105.38","Canada","-","CAD","3.47","1.00","Apr 13, 2028","6.50","CAD","Apr 13, 1998"
"TOYOTA","TOYOTA CREDIT CANADA INC MTN","Financial","Fixed Income","858,100.63","0.05","858,100.63","858,000.00","858,000.00","99.89","Canada","-","CAD","2.76","1.00","Mar 19, 2027","4.52","CAD","Mar 19, 2024"
"SLFCN","SUN LIFE CAPITAL TRUST","Financial","Fixed Income","857,092.77","0.05","857,092.77","776,000.00","776,000.00","108.72","Canada","-","CAD","6.28","1.00","Jun 30, 2052","7.09","CAD","Jun 25, 2002"
"REIUCN","RIOCAN REAL ESTATE INVESTMENT TRUS","Real Estate","Fixed Income","856,999.22","0.05","856,999.22","864,000.00","864,000.00","97.30","Canada","-","CAD","4.38","1.00","May 1, 2029","4.63","CAD","Apr 18, 2022"
"ETRHWY","407 INTERNATIONAL INC","Infrastructure","Fixed Income","856,375.46","0.05","856,375.46","916,000.00","916,000.00","92.37","Canada","-","CAD","7.64","1.00","Jun 1, 2033","3.43","CAD","Mar 24, 2017"
"DE","JOHN DEERE FINANCIAL INC MTN","Financial","Fixed Income","855,068.61","0.05","855,068.61","876,000.00","876,000.00","96.98","United States","-","CAD","1.18","1.00","Jun 20, 2025","2.31","CAD","Jan 19, 2022"
"NSIUCN","NOVA SCOTIA POWER INC","Infrastructure","Fixed Income","854,306.05","0.05","854,306.05","835,000.00","835,000.00","102.24","Canada","-","CAD","14.95","1.00","Mar 24, 2053","5.36","CAD","Mar 24, 2023"
"NAVCAN","NAV CANADA","Infrastructure","Fixed Income","851,696.33","0.05","851,696.33","768,000.00","768,000.00","108.49","Canada","-","CAD","2.79","1.00","Jun 1, 2027","7.40","CAD","Dec 16, 1996"
"TRPCN","TRANSCANADA PIPELINES LIMITED MTN","Energy","Fixed Income","849,969.87","0.05","849,969.87","803,000.00","803,000.00","103.72","Canada","-","CAD","3.60","1.00","May 26, 2028","6.28","CAD","May 26, 1998"
"APUCN","ALLIED PROPERTIES REAL ESTATE INVE","Real Estate","Fixed Income","848,047.66","0.05","848,047.66","950,000.00","950,000.00","88.11","Canada","-","CAD","3.77","1.00","May 15, 2028","3.13","CAD","May 15, 2020"
"FCRCN","FIRST CAPITAL REAL ESTATE INVESTME","Real Estate","Fixed Income","844,937.59","0.05","844,937.59","881,000.00","881,000.00","95.27","Canada","-","CAD","2.64","1.00","Jan 22, 2027","3.46","CAD","Jul 22, 2019"
"HRUCN","H&R REAL ESTATE INVESTMENT TRUST","Real Estate","Fixed Income","844,845.71","0.05","844,845.71","907,000.00","907,000.00","92.87","Canada","-","CAD","2.74","1.00","Feb 19, 2027","2.63","CAD","Feb 19, 2021"
"ENBGAS","ENBRIDGE GAS INC MTN 144A","Energy","Fixed Income","844,273.10","0.05","844,273.10","811,000.00","811,000.00","103.63","Canada","-","CAD","8.90","1.00","Feb 25, 2036","5.21","CAD","Feb 24, 2006"
"LCN","LOBLAW COMPANIES LIMITED MTN","Industrial","Fixed Income","842,482.80","0.05","842,482.80","760,000.00","760,000.00","110.12","Canada","-","CAD","6.84","1.00","Feb 17, 2033","6.54","CAD","Feb 17, 2003"
"LCN","LOBLAW COMPANIES LTD","Industrial","Fixed Income","839,631.38","0.05","839,631.38","940,000.00","940,000.00","88.43","Canada","-","CAD","5.55","1.00","May 7, 2030","2.28","CAD","May 7, 2020"
"CLOVLP","CLOVER LIMITED PARTNERSHIP","Energy","Fixed Income","839,231.25","0.05","839,231.25","860,841.00","860,841.00","95.40","Canada","-","CAD","3.55","1.00","Mar 31, 2034","4.22","CAD","Oct 24, 2018"
"TORHYD","TORONTO HYDRO CORP MTN","Infrastructure","Fixed Income","838,729.59","0.05","838,729.59","753,000.00","753,000.00","109.43","Canada","-","CAD","10.77","1.00","May 21, 2040","5.54","CAD","May 20, 2010"
"VW","VW CREDIT CANADA INC RegS","Financial","Fixed Income","838,751.83","0.05","838,751.83","885,000.00","885,000.00","94.04","Germany","-","CAD","2.56","1.00","Dec 10, 2026","2.45","CAD","Dec 10, 2021"
"ETRHWY","407 INTERNATIONAL INC MTN","Infrastructure","Fixed Income","838,328.37","0.05","838,328.37","885,000.00","885,000.00","94.53","Canada","-","CAD","5.33","1.00","Mar 6, 2030","3.14","CAD","Mar 6, 2019"
"HALFX","HALIFAX INTERNATIONAL AIRPORT AUTH","Infrastructure","Fixed Income","836,883.99","0.05","836,883.99","830,000.00","830,000.00","99.02","Canada","-","CAD","14.67","1.00","Nov 15, 2050","4.89","CAD","Nov 5, 2010"
"LCN","LOBLAW COMPANIES LIMITED MTN","Industrial","Fixed Income","836,888.81","0.05","836,888.81","770,000.00","770,000.00","106.85","Canada","-","CAD","7.60","1.00","Jun 9, 2034","6.05","CAD","Jun 9, 2003"
"TORHYD","TORONTO HYDRO CORPORATION","Infrastructure","Fixed Income","836,865.93","0.05","836,865.93","983,000.00","983,000.00","84.45","Canada","-","CAD","6.08","1.00","Oct 15, 2030","1.50","CAD","Oct 15, 2020"
"COOPFS","CO-OPERATORS FINANCIAL SERVICES LT","Financial","Fixed Income","836,483.84","0.05","836,483.84","923,000.00","923,000.00","89.38","Canada","-","CAD","5.39","1.00","May 13, 2030","3.33","CAD","May 11, 2020"
"HEQCN","CHIP MORTGAGE TRUST RegS","Securitized","Fixed Income","836,209.02","0.05","836,209.02","800,000.00","800,000.00","103.28","Canada","-","CAD","3.76","1.00","Nov 14, 2028","6.07","CAD","Jul 14, 2023"
"VANAIR","VANCOUVER AIRPORT AUTHORITY","Infrastructure","Fixed Income","834,758.53","0.05","834,758.53","1,146,000.00","1,146,000.00","72.78","Canada","-","CAD","17.11","1.00","Sep 21, 2050","2.80","CAD","Sep 21, 2020"
"ALACN","ALTAGAS LTD MTN RegS","Energy","Fixed Income","834,011.66","0.05","834,011.66","830,000.00","830,000.00","100.25","Canada","-","CAD","14.65","1.00","Mar 14, 2054","5.60","CAD","Mar 14, 2024"
"HYDONE","HYDRO ONE INC MTN","Infrastructure","Fixed Income","833,443.17","0.05","833,443.17","868,000.00","868,000.00","95.98","Canada","-","CAD","12.08","1.00","Sep 26, 2041","4.39","CAD","Sep 26, 2011"
"NRMCAB","NRM CABIN INTERMEDIATE 1 LP","Infrastructure","Fixed Income","833,006.83","0.05","833,006.83","831,000.00","831,000.00","99.54","Canada","-","CAD","7.23","1.00","Jul 31, 2033","5.58","CAD","Feb 12, 2024"
"BAMREP","BROOKFIELD RENEWABLE ENERGY PARTNE MTN","Energy","Fixed Income","831,326.65","0.05","831,326.65","850,000.00","850,000.00","97.07","Canada","-","CAD","2.59","1.00","Jan 15, 2027","3.63","CAD","Aug 12, 2016"
"FTSCN","FORTISBC INC MTN","Infrastructure","Fixed Income","830,986.91","0.05","830,986.91","922,000.00","922,000.00","88.45","Canada","-","CAD","13.26","1.00","Oct 28, 2044","4.00","CAD","Oct 28, 2014"
"REIUCN","RIOCAN REAL ESTATE INVESTMENT TRUS","Real Estate","Fixed Income","830,919.14","0.05","830,919.14","820,000.00","820,000.00","100.64","Canada","-","CAD","4.95","1.00","Mar 1, 2030","5.47","CAD","Feb 12, 2024"
"TRPCN","TRANSCANADA PIPELINES LIMITED MTN","Energy","Fixed Income","830,485.21","0.05","830,485.21","775,000.00","775,000.00","105.18","Canada","-","CAD","5.38","1.00","Dec 9, 2030","6.50","CAD","Dec 7, 1998"
"ALACN","ALTAGAS LTD MTN","Energy","Fixed Income","829,940.18","0.05","829,940.18","834,000.00","834,000.00","97.58","Canada","-","CAD","3.11","1.00","Oct 4, 2027","3.98","CAD","Oct 4, 2017"
"CNQCN","CANADIAN NATURAL RESOURCES LTD","Energy","Fixed Income","829,814.00","0.05","829,814.00","892,000.00","892,000.00","92.54","Canada","-","CAD","3.56","1.00","Jan 17, 2028","2.50","CAD","Nov 16, 2020"
"CUCN","CU INC","Energy","Fixed Income","829,640.03","0.05","829,640.03","820,000.00","820,000.00","99.62","Canada","-","CAD","15.15","1.00","Jun 3, 2052","4.85","CAD","Jun 3, 2022"
"TOYOTA","TOYOTA CREDIT CANADA INC MTN","Financial","Fixed Income","829,395.61","0.05","829,395.61","882,000.00","882,000.00","93.72","Canada","-","CAD","2.22","1.00","Jul 20, 2026","1.66","CAD","Jul 20, 2021"
"CAAIAU","CALGARY AIRPORT AUTHORITY","Infrastructure","Fixed Income","828,097.69","0.05","828,097.69","991,000.00","991,000.00","81.87","Canada","-","CAD","16.71","1.00","Oct 7, 2053","3.55","CAD","Oct 7, 2021"
"VANAIR","VANCOUVER AIRPORT AUTHORITY","Infrastructure","Fixed Income","828,039.40","0.05","828,039.40","910,000.00","910,000.00","89.51","Canada","-","CAD","13.94","1.00","Nov 10, 2045","3.86","CAD","Nov 10, 2015"
"KEYCN","KEYERA CORP MTN","Energy","Fixed Income","826,771.07","0.05","826,771.07","810,000.00","810,000.00","100.75","Canada","-","CAD","14.39","1.00","Jan 4, 2054","5.66","CAD","Jan 4, 2024"
"LOWMAT","LOWER MATTAGAMI ENERGY LP","Infrastructure","Fixed Income","826,074.00","0.05","826,074.00","877,000.00","877,000.00","92.39","Canada","-","CAD","15.82","1.00","Apr 23, 2052","4.17","CAD","Apr 23, 2012"
"CCACN","COGECO COMMUNICATIONS INC","Communication","Fixed Income","826,038.89","0.05","826,038.89","818,000.00","818,000.00","100.37","Canada","-","CAD","6.99","1.00","Feb 16, 2033","5.30","CAD","Feb 16, 2023"
"AERMON","MONTREAL AIRPORTS","Infrastructure","Fixed Income","824,966.39","0.05","824,966.39","1,001,000.00","1,001,000.00","80.95","Canada","-","CAD","16.16","1.00","Apr 26, 2051","3.44","CAD","Apr 26, 2021"
"CRRUCN","CROMBIE REAL ESTATE INVESTMENT TRU","Real Estate","Fixed Income","823,819.80","0.05","823,819.80","848,000.00","848,000.00","96.83","Canada","-","CAD","2.26","1.00","Aug 26, 2026","3.68","CAD","Aug 26, 2019"
"LCN","LOBLAW COMPANIES LTD","Industrial","Fixed Income","823,800.53","0.05","823,800.53","813,000.00","813,000.00","99.99","Canada","-","CAD","4.03","1.00","Dec 11, 2028","4.49","CAD","Dec 10, 2018"
"BCFERR","BRITISH COLUMBIA FERRY SERVICES IN","Infrastructure","Fixed Income","821,559.90","0.05","821,559.90","1,112,000.00","1,112,000.00","72.61","Canada","-","CAD","16.48","1.00","Oct 15, 2049","2.79","CAD","Oct 15, 2019"
"SRUUCN","SMARTCENTRES REAL ESTATE INVESTMEN","Real Estate","Fixed Income","820,174.48","0.05","820,174.48","851,000.00","851,000.00","95.34","Canada","-","CAD","3.40","1.00","Dec 21, 2027","3.83","CAD","Dec 21, 2017"
"CRRUCN","CROMBIE REAL ESTATE INVESTMENT TRU","Real Estate","Fixed Income","813,929.95","0.05","813,929.95","810,000.00","810,000.00","100.16","Canada","-","CAD","5.07","1.00","Mar 29, 2030","5.14","CAD","Mar 6, 2024"
"ACICN","TRISUMMIT UTILITIES INC MTN RegS","Energy","Fixed Income","810,612.37","0.05","810,612.37","800,000.00","800,000.00","100.25","Canada","-","CAD","4.90","1.00","Jan 11, 2030","5.02","CAD","Jan 11, 2023"
"AERMON","AEROPORT DE MONTREAL","Infrastructure","Fixed Income","808,691.10","0.05","808,691.10","897,000.00","897,000.00","90.12","Canada","-","CAD","12.81","1.00","Sep 26, 2042","3.92","CAD","Sep 26, 2012"
"GZMCN","ENERGIR INC RegS","Energy","Fixed Income","806,268.60","0.05","806,268.60","854,000.00","854,000.00","93.46","Canada","-","CAD","2.88","1.00","Apr 16, 2027","2.10","CAD","Apr 16, 2020"
"LOWMAT","LOWER MATTAGAMI ENERGY LP","Infrastructure","Fixed Income","804,062.49","0.05","804,062.49","767,000.00","767,000.00","102.84","Canada","-","CAD","7.46","1.00","Oct 31, 2033","4.85","CAD","Oct 31, 2022"
"ENBGAS","ENBRIDGE GAS INC MTN","Energy","Fixed Income","800,653.99","0.05","800,653.99","819,000.00","819,000.00","97.66","Canada","-","CAD","1.42","1.00","Sep 17, 2025","3.19","CAD","Sep 17, 2015"
"CUCN","CU INC MTN","Energy","Fixed Income","799,975.46","0.05","799,975.46","768,000.00","768,000.00","102.37","Canada","-","CAD","9.24","1.00","Nov 20, 2036","5.03","CAD","Nov 20, 2006"
"ALCTRA","ALECTRA INC (CANADA)","Infrastructure","Fixed Income","799,175.02","0.05","799,175.02","938,000.00","938,000.00","84.97","Canada","-","CAD","6.34","1.00","Feb 11, 2031","1.75","CAD","Feb 11, 2021"
"ACOXCN","ATCO LTD RegS","Energy","Fixed Income","797,723.53","0.05","797,723.53","801,000.00","801,000.00","97.35","Canada","-","CAD","3.95","1.00","Nov 1, 2078","5.50","CAD","Nov 1, 2018"
"ENBGAS","ENBRIDGE GAS INC MTN","Energy","Fixed Income","791,058.86","0.05","791,058.86","812,000.00","812,000.00","95.86","Canada","-","CAD","12.62","1.00","Nov 23, 2043","4.50","CAD","Nov 22, 2013"
"LOWMAT","LOWER MATTAGAMI ENERGY LP","Infrastructure","Fixed Income","790,255.13","0.05","790,255.13","845,000.00","845,000.00","93.12","Canada","-","CAD","14.01","1.00","Feb 23, 2046","4.18","CAD","Feb 25, 2013"
"ENBCN","ENBRIDGE INC MTN","Energy","Fixed Income","785,376.74","0.05","785,376.74","836,000.00","836,000.00","92.23","Canada","-","CAD","12.45","1.00","Nov 21, 2044","4.87","CAD","Dec 21, 2018"
"VANAIR","VANCOUVER AIRPORT AUTHORITY","Infrastructure","Fixed Income","785,062.52","0.05","785,062.52","913,000.00","913,000.00","85.94","Canada","-","CAD","6.01","1.00","Sep 20, 2030","1.76","CAD","Sep 21, 2020"
"HYDONE","HYDRO ONE INC MTN","Infrastructure","Fixed Income","784,512.16","0.05","784,512.16","1,037,000.00","1,037,000.00","75.53","Canada","-","CAD","16.94","1.00","Sep 15, 2051","3.10","CAD","Sep 17, 2021"
"IGMCN","INVESTORS GROUP INC.","Financial","Fixed Income","783,940.38","0.05","783,940.38","684,000.00","684,000.00","114.18","Canada","-","CAD","6.79","1.00","Mar 7, 2033","7.11","CAD","Mar 5, 2003"
"XCN","TMX GROUP LTD","Financial","Fixed Income","783,468.77","0.05","783,468.77","793,000.00","793,000.00","97.61","Canada","-","CAD","3.72","1.00","Jun 5, 2028","3.78","CAD","Jun 5, 2018"
"MICCN","GENWORTH MI CANADA INC","Financial","Fixed Income","782,843.45","0.05","782,843.45","843,000.00","843,000.00","92.64","Canada","-","CAD","2.76","1.00","Mar 1, 2027","2.96","CAD","Feb 20, 2020"
"ALCTRA","ALECTRA INC (CANADA)","Infrastructure","Fixed Income","782,497.21","0.05","782,497.21","854,000.00","854,000.00","90.99","Canada","-","CAD","12.64","1.00","Jul 30, 2042","3.96","CAD","Jul 30, 2012"
"DOLCN","DOLLARAMA INC","Industrial","Fixed Income","779,917.85","0.05","779,917.85","825,000.00","825,000.00","94.12","Canada","-","CAD","2.18","1.00","Jul 8, 2026","1.87","CAD","Jul 8, 2021"
"NSIUCN","NOVA SCOTIA POWER INC MTN","Infrastructure","Fixed Income","779,198.86","0.05","779,198.86","889,000.00","889,000.00","87.39","Canada","-","CAD","12.20","1.00","Mar 6, 2042","4.15","CAD","Mar 6, 2012"
"FTSCN","TERASEN GAS VANCOUVER IS","Energy","Fixed Income","777,792.97","0.05","777,792.97","687,000.00","687,000.00","112.50","Canada","-","CAD","9.65","1.00","Feb 15, 2038","6.05","CAD","Feb 15, 2008"
"BCFERR","BRITISH COLUMBIA FERRY SERVICES IN","Infrastructure","Fixed Income","774,500.18","0.05","774,500.18","800,000.00","800,000.00","95.01","Canada","-","CAD","12.96","1.00","Apr 28, 2044","4.29","CAD","Apr 28, 2014"
"ALTALK","ALTALINK LP MTN","Infrastructure","Fixed Income","773,795.11","0.05","773,795.11","795,000.00","795,000.00","96.38","Canada","-","CAD","16.08","1.00","Jul 11, 2053","4.45","CAD","Jul 12, 2013"
"DTRGR","DAIMLER TRUCK FINANCE CANADA INC RegS","Financial","Fixed Income","772,243.46","0.05","772,243.46","755,000.00","755,000.00","102.22","Germany","-","CAD","2.31","1.00","Sep 25, 2026","5.81","CAD","Sep 25, 2023"
"CUCN","CU INC MTN","Energy","Fixed Income","771,874.62","0.05","771,874.62","731,000.00","731,000.00","103.76","Canada","-","CAD","8.66","1.00","Nov 21, 2035","5.18","CAD","Nov 21, 2005"
"ENBGAS","ENBRIDGE GAS INC MTN","Energy","Fixed Income","768,498.18","0.05","768,498.18","877,000.00","877,000.00","86.39","Canada","-","CAD","14.14","1.00","Jun 1, 2046","3.80","CAD","May 31, 2016"
"DTRGR","DAIMLER TRUCKS FINANCE CANADA INC RegS","Financial","Fixed Income","768,447.05","0.05","768,447.05","755,000.00","755,000.00","101.65","Germany","-","CAD","3.17","1.00","Sep 20, 2027","5.22","CAD","Sep 19, 2022"
"ALACN","ALTAGAS LTD MTN","Energy","Fixed Income","768,259.30","0.05","768,259.30","879,000.00","879,000.00","86.59","Canada","-","CAD","5.99","1.00","Nov 30, 2030","2.48","CAD","Nov 30, 2020"
"COMWIN","COMBER WIND FINANCIAL CORP","Energy","Fixed Income","765,641.87","0.05","765,641.87","769,173.00","769,173.00","98.29","Canada","-","CAD","3.19","1.00","Nov 15, 2030","5.13","CAD","Feb 22, 2013"
"NAVCAN","NAV CANADA MTN","Infrastructure","Fixed Income","765,434.42","0.05","765,434.42","915,000.00","915,000.00","82.02","Canada","-","CAD","15.37","1.00","Mar 30, 2048","3.29","CAD","Mar 29, 2018"
"TRPCN","TRANSCANADA PIPELINES LIMITED MTN","Energy","Fixed Income","763,616.07","0.05","763,616.07","712,000.00","712,000.00","106.29","Canada","-","CAD","3.76","1.00","Aug 7, 2028","6.89","CAD","Jul 30, 1997"
"LCN","LOBLAW COMPANIES LIMITED MTN","Industrial","Fixed Income","760,276.67","0.05","760,276.67","703,000.00","703,000.00","106.95","Canada","-","CAD","4.12","1.00","Jan 22, 2029","6.50","CAD","Jan 22, 1999"
"ETRHWY","407 INTERNATIONAL INC. MTN","Infrastructure","Fixed Income","759,984.12","0.05","759,984.12","709,000.00","709,000.00","106.50","Canada","-","CAD","8.69","1.00","Feb 14, 2036","5.75","CAD","Feb 14, 2006"
"DIRUCN","DREAM INDUSTRIAL REAL ESTATE INVES","Real Estate","Fixed Income","759,710.99","0.05","759,710.99","803,000.00","803,000.00","93.82","Canada","-","CAD","2.55","1.00","Dec 7, 2026","2.54","CAD","Dec 6, 2021"
"LBCN","LAURENTIAN BANK OF CANADA","Financial","Fixed Income","758,642.88","0.05","758,642.88","802,000.00","802,000.00","93.96","Canada","-","CAD","2.02","1.00","May 6, 2026","1.60","CAD","May 6, 2021"
"DOLCN","DOLLARAMA INC","Industrial","Fixed Income","758,274.95","0.05","758,274.95","740,000.00","740,000.00","100.33","Canada","-","CAD","1.40","1.00","Oct 27, 2025","5.08","CAD","Oct 26, 2022"
"CTCACN","CANADIAN TIRE CORPORATION LIMITED MTN","Industrial","Fixed Income","756,163.97","0.05","756,163.97","707,000.00","707,000.00","106.35","Canada","-","CAD","7.40","1.00","Feb 24, 2034","6.45","CAD","Feb 24, 2004"
"GZMCN","ENERGIR INC RegS","Energy","Fixed Income","755,657.48","0.05","755,657.48","750,000.00","750,000.00","100.73","Canada","-","CAD","6.93","1.00","Sep 27, 2032","4.67","CAD","Sep 27, 2022"
"BIP","BROOKFIELD INFRASTRUCTURE FINANCE MTN RegS","Infrastructure","Fixed Income","754,986.25","0.05","754,986.25","700,000.00","700,000.00","106.84","Canada","-","CAD","14.33","1.00","Jul 27, 2053","5.95","CAD","Jul 27, 2023"
"FIRWST","FIRST WEST CREDIT UNION RegS","Financial","Fixed Income","754,282.08","0.05","754,282.08","700,000.00","700,000.00","106.52","Canada","-","CAD","3.62","1.00","Aug 9, 2033","9.19","CAD","Aug 9, 2023"
"VANAIR","VANCOUVER AIRPORT AUTHORITY RegS","Infrastructure","Fixed Income","754,161.82","0.05","754,161.82","863,000.00","863,000.00","86.12","Canada","-","CAD","15.27","1.00","Nov 23, 2048","3.66","CAD","Nov 23, 2018"
"MCAPCO","MCAP COMMERCIAL LP","Financial","Fixed Income","753,485.44","0.05","753,485.44","775,000.00","775,000.00","96.88","Canada","-","CAD","1.35","1.00","Aug 25, 2025","3.74","CAD","Aug 25, 2020"
"LCN","LOBLAW CO LTD MTN","Industrial","Fixed Income","748,335.35","0.05","748,335.35","704,000.00","704,000.00","105.43","Canada","-","CAD","3.41","1.00","Feb 9, 2028","6.45","CAD","Feb 9, 1998"
"EQBCN","EQUITABLE BANK (CANADA)","Financial","Fixed Income","744,461.87","0.05","744,461.87","782,000.00","782,000.00","94.56","Canada","-","CAD","1.60","1.00","Nov 26, 2025","1.88","CAD","Nov 26, 2020"
"ENBGAS","ENBRIDGE GAS INC MTN","Energy","Fixed Income","743,327.64","0.05","743,327.64","895,000.00","895,000.00","81.89","Canada","-","CAD","14.95","1.00","Nov 29, 2047","3.51","CAD","Nov 29, 2017"
"IFCCN","INTACT FINANCIAL CORP MTN RegS","Financial","Fixed Income","742,992.71","0.05","742,992.71","870,000.00","870,000.00","84.06","Canada","-","CAD","16.37","1.00","May 20, 2053","3.77","CAD","May 18, 2021"
"DRSILL","SUMMIT INDUSTRIAL INCOME REIT","Real Estate","Fixed Income","742,456.68","0.05","742,456.68","816,000.00","816,000.00","90.49","Canada","-","CAD","4.00","1.00","Jul 14, 2028","2.44","CAD","Feb 17, 2023"
"SLFCN","SUN LIFE ASSURANCE COMPANY OF CANA","Financial","Fixed Income","741,895.88","0.05","741,895.88","689,000.00","689,000.00","105.35","Canada","-","CAD","3.57","1.00","May 15, 2028","6.30","CAD","May 15, 1998"
"NSIUCN","NOVA SCOTIA POWER INC MTN","Infrastructure","Fixed Income","734,100.09","0.04","734,100.09","648,000.00","648,000.00","112.66","Canada","-","CAD","7.06","1.00","Aug 25, 2033","6.95","CAD","Aug 25, 2003"
"EPCOR","EPCOR UTILITIES INC MTN","Infrastructure","Fixed Income","733,878.89","0.04","733,878.89","749,000.00","749,000.00","97.61","Canada","-","CAD","12.14","1.00","Feb 28, 2042","4.55","CAD","Feb 28, 2012"
"IGMCN","IGM FINANCIAL INC","Financial","Fixed Income","733,509.95","0.04","733,509.95","820,000.00","820,000.00","88.20","Canada","-","CAD","14.33","1.00","Dec 9, 2047","4.12","CAD","Dec 7, 2017"
"SE","WESTCOAST ENERGY","Energy","Fixed Income","733,124.45","0.04","733,124.45","688,000.00","688,000.00","104.62","Canada","-","CAD","3.24","1.00","Dec 15, 2027","6.75","CAD","Dec 15, 1997"
"CNRCN","CANADIAN NATIONAL RAILWAY COMPANY","Industrial","Fixed Income","731,282.35","0.04","731,282.35","772,000.00","772,000.00","94.31","Canada","-","CAD","4.45","1.00","Feb 8, 2029","3.00","CAD","Feb 8, 2019"
"FTSCN","FORTISBC INC MTN","Infrastructure","Fixed Income","731,390.03","0.04","731,390.03","640,000.00","640,000.00","112.31","Canada","-","CAD","10.09","1.00","Jun 2, 2039","6.10","CAD","Jun 2, 2009"
"FTSCN","FORTISALBERTA INC MTN","Infrastructure","Fixed Income","730,431.15","0.04","730,431.15","587,000.00","587,000.00","123.58","Canada","-","CAD","9.81","1.00","Feb 14, 2039","7.06","CAD","Feb 13, 2009"
"POWCN","POWER CORPORATION OF CANADA","Financial","Fixed Income","729,934.21","0.04","729,934.21","770,000.00","770,000.00","94.04","Canada","-","CAD","14.42","1.00","Jul 27, 2048","4.46","CAD","Jul 25, 2018"
"EPCOR","EPCOR UTILITIES INC","Infrastructure","Fixed Income","729,795.62","0.04","729,795.62","985,000.00","985,000.00","73.05","Canada","-","CAD","16.54","1.00","May 19, 2050","2.90","CAD","May 19, 2020"
"TORHYD","TORONTO HYDRO CORPORATION","Infrastructure","Fixed Income","726,245.63","0.04","726,245.63","758,000.00","758,000.00","95.58","Canada","-","CAD","2.30","1.00","Aug 25, 2026","2.52","CAD","Jun 14, 2016"
"TOYOTA","TOYOTA CREDIT CANADA INC MTN","Financial","Fixed Income","725,606.86","0.04","725,606.86","744,000.00","744,000.00","97.28","Canada","-","CAD","1.36","1.00","Aug 25, 2025","2.73","CAD","Feb 23, 2022"
"BCFERR","BRITISH COLUMBIA FERRY SERVICES IN","Infrastructure","Fixed Income","724,200.51","0.04","724,200.51","708,000.00","708,000.00","100.25","Canada","-","CAD","12.47","1.00","Oct 23, 2043","4.70","CAD","Oct 25, 2013"
"VANAIR","VANCOUVER INTL AIRPORT","Infrastructure","Fixed Income","721,808.01","0.04","721,808.01","663,000.00","663,000.00","106.57","Canada","-","CAD","2.40","1.00","Dec 7, 2026","7.42","CAD","Dec 6, 1996"
"CUCN","CU INC","Energy","Fixed Income","720,511.02","0.04","720,511.02","770,000.00","770,000.00","91.82","Canada","-","CAD","16.60","1.00","Oct 29, 2055","4.21","CAD","Oct 30, 2015"
"ENBGAS","ENBRIDGE GAS INC MTN","Energy","Fixed Income","717,459.15","0.04","717,459.15","676,000.00","676,000.00","105.86","Canada","-","CAD","9.13","1.00","Sep 11, 2036","5.46","CAD","Sep 11, 2006"
"CRRUCN","CROMBIE REAL ESTATE INVESTMENT TRU","Real Estate","Fixed Income","717,333.70","0.04","717,333.70","825,000.00","825,000.00","86.55","Canada","-","CAD","6.44","1.00","Aug 12, 2031","3.13","CAD","Aug 12, 2021"
"HYDONE","HYDRO ONE INC MTN","Infrastructure","Fixed Income","716,882.43","0.04","716,882.43","857,000.00","857,000.00","83.05","Canada","-","CAD","18.54","1.00","Jul 31, 2062","3.79","CAD","Jul 31, 2012"
"ALACN","ALTAGAS LTD MTN","Energy","Fixed Income","713,618.52","0.04","713,618.52","754,000.00","754,000.00","92.22","Canada","-","CAD","13.12","1.00","Oct 4, 2047","4.99","CAD","Oct 4, 2017"
"ALTALK","ALTALINK LP MTN","Infrastructure","Fixed Income","711,893.85","0.04","711,893.85","663,000.00","663,000.00","107.33","Canada","-","CAD","10.95","1.00","Mar 26, 2040","5.38","CAD","Mar 25, 2010"
"POWCN","POWER CORPORATION CANADA","Financial","Fixed Income","711,547.85","0.04","711,547.85","500,000.00","500,000.00","138.58","Canada","-","CAD","9.32","1.00","Apr 22, 2039","8.57","CAD","Apr 20, 2009"
"AERMON","AEROPORTS DE MONTREAL","Infrastructure","Fixed Income","709,986.81","0.04","709,986.81","860,000.00","860,000.00","81.11","Canada","-","CAD","14.87","1.00","Apr 24, 2047","3.36","CAD","Apr 24, 2017"
"WAACA","WINNIPEG AIRPORT AUTHORITY","Infrastructure","Fixed Income","709,760.20","0.04","709,760.20","725,252.00","725,252.00","97.85","Canada","-","CAD","7.18","1.00","Sep 28, 2040","5.21","CAD","Sep 28, 2005"
"TIHCN","TOROMONT INDUSTRIES LTD.","Industrial","Fixed Income","703,568.45","0.04","703,568.45","705,000.00","705,000.00","97.95","Canada","-","CAD","1.42","1.00","Sep 30, 2025","3.71","CAD","Sep 30, 2015"
"HRUCN","H&R REAL ESTATE INVESTMENT TRUST","Real Estate","Fixed Income","703,139.82","0.04","703,139.82","733,000.00","733,000.00","94.99","Canada","-","CAD","2.06","1.00","Jun 2, 2026","2.91","CAD","Dec 2, 2020"
"SIACN","SIENNA SENIOR LIVING INC","Industrial","Fixed Income","701,930.61","0.04","701,930.61","745,000.00","745,000.00","92.85","Canada","-","CAD","2.80","1.00","Mar 31, 2027","2.82","CAD","Jun 3, 2021"
"FTSCN","FORTISALBERTA INC MTN","Infrastructure","Fixed Income","701,224.26","0.04","701,224.26","675,000.00","675,000.00","102.23","Canada","-","CAD","15.54","1.00","May 26, 2053","4.86","CAD","May 26, 2023"
"NVLAUT","NOUVELLE AUTOROUTE 30 FINANCEMENT","Infrastructure","Fixed Income","701,319.81","0.04","701,319.81","741,233.00","741,233.00","92.76","Canada","-","CAD","4.51","1.00","Mar 31, 2033","3.75","CAD","Jun 14, 2018"
"TORHYD","TORONTO HYDRO CORPORATION","Infrastructure","Fixed Income","701,263.60","0.04","701,263.60","787,000.00","787,000.00","88.02","Canada","-","CAD","6.70","1.00","Oct 20, 2031","2.47","CAD","Oct 18, 2021"
"BNS","BANK OF NOVA SCOTIA","Financial","Fixed Income","698,261.62","0.04","698,261.62","657,000.00","657,000.00","103.84","Canada","-","CAD","1.14","1.00","Jun 20, 2025","8.90","CAD","Jun 20, 1995"
"XCN","TMX GROUP LTD RegS","Financial","Fixed Income","696,844.24","0.04","696,844.24","680,000.00","680,000.00","101.91","Canada","-","CAD","7.71","1.00","Feb 16, 2034","4.97","CAD","Feb 16, 2024"
"FTTCN","FINNING INTERNATIONAL INC","Industrial","Fixed Income","692,797.67","0.04","692,797.67","725,000.00","725,000.00","95.24","Canada","-","CAD","2.27","1.00","Aug 14, 2026","2.63","CAD","Aug 14, 2019"
"AXUCN","ARTIS REAL ESTATE INVESTMENT TRUST","Real Estate","Fixed Income","691,657.27","0.04","691,657.27","690,000.00","690,000.00","97.91","Canada","-","CAD","1.02","1.00","Apr 29, 2025","5.60","CAD","Apr 29, 2022"
"ELFCN","EMPIRE LIFE INSURANCE CO","Financial","Fixed Income","691,309.16","0.04","691,309.16","750,000.00","750,000.00","92.15","Canada","-","CAD","2.37","1.00","Sep 24, 2031","2.02","CAD","Sep 24, 2021"
"FTSCN","FORTISALBERTA INC MTN RegS","Infrastructure","Fixed Income","691,260.93","0.04","691,260.93","682,000.00","682,000.00","101.12","Canada","-","CAD","12.53","1.00","Sep 11, 2043","4.85","CAD","Sep 13, 2013"
"ENBGAS","ENBRIDGE GAS INC MTN","Energy","Fixed Income","690,756.50","0.04","690,756.50","819,000.00","819,000.00","83.08","Canada","-","CAD","14.85","1.00","Nov 22, 2047","3.59","CAD","Nov 22, 2017"
"POWCN","POWER CORPORATION OF CANADA","Financial","Fixed Income","688,457.75","0.04","688,457.75","696,000.00","696,000.00","98.15","Canada","-","CAD","13.65","1.00","Jan 31, 2047","4.81","CAD","Jan 31, 2017"
"GZMCN","ENERGIR INC RegS","Energy","Fixed Income","687,896.56","0.04","687,896.56","759,000.00","759,000.00","90.22","Canada","-","CAD","6.86","1.00","Feb 9, 2032","3.04","CAD","Feb 9, 2022"
"NSIUCN","NOVA SCOTIA POWER INC RegS","Infrastructure","Fixed Income","683,274.94","0.04","683,274.94","916,000.00","916,000.00","73.18","Canada","-","CAD","15.57","1.00","Apr 25, 2050","3.31","CAD","Apr 24, 2020"
"HEQCN","CHIP MORTGAGE TRUST","Securitized","Fixed Income","681,763.09","0.04","681,763.09","720,000.00","720,000.00","94.19","Canada","-","CAD","1.65","1.00","Dec 15, 2025","1.74","CAD","Dec 15, 2020"
"ALACN","ALTAGAS LTD","Energy","Fixed Income","680,737.14","0.04","680,737.14","732,000.00","732,000.00","92.92","Canada","-","CAD","2.83","1.00","Mar 16, 2027","2.17","CAD","Mar 16, 2021"
"CCOCN","CAMECO CORPORATION","Industrial","Fixed Income","679,940.44","0.04","679,940.44","730,000.00","730,000.00","91.25","Canada","-","CAD","11.51","1.00","Nov 14, 2042","5.09","CAD","Nov 14, 2012"
"CONNEC","CONNECT 6IX GENERAL PARTNERSHIP","Infrastructure","Fixed Income","679,441.26","0.04","679,441.26","600,000.00","600,000.00","111.20","Canada","-","CAD","15.43","1.00","Nov 30, 2060","6.21","CAD","Nov 17, 2022"
"NAVCAN","NAV CANADA MTN","Infrastructure","Fixed Income","678,291.68","0.04","678,291.68","848,000.00","848,000.00","79.99","Canada","-","CAD","16.68","1.00","Sep 29, 2050","3.21","CAD","Mar 29, 2019"
"CUCN","CU INC MTN","Energy","Fixed Income","677,649.29","0.04","677,649.29","669,000.00","669,000.00","101.10","Canada","-","CAD","15.50","1.00","Sep 14, 2052","4.77","CAD","Sep 14, 2022"
"ALACN","ALTAGAS LTD MTN","Energy","Fixed Income","676,548.98","0.04","676,548.98","673,000.00","673,000.00","98.56","Canada","-","CAD","1.81","1.00","Apr 7, 2026","4.12","CAD","Apr 7, 2016"
"TORHYD","TORONTO HYDRO CORPORATION","Infrastructure","Fixed Income","675,826.63","0.04","675,826.63","845,000.00","845,000.00","78.52","Canada","-","CAD","16.52","1.00","Oct 18, 2051","3.27","CAD","Oct 18, 2021"
"RLNCE","RELIANCE LP","Industrial","Fixed Income","675,564.84","0.04","675,564.84","728,000.00","728,000.00","91.92","Canada","-","CAD","3.42","1.00","Dec 1, 2027","2.68","CAD","Aug 20, 2020"
"MBGGR","MERCEDES-BENZ FINANCE CANADA INC MTN","Financial","Fixed Income","673,581.17","0.04","673,581.17","650,000.00","650,000.00","102.32","Germany","-","CAD","3.76","1.00","Jun 27, 2028","5.12","CAD","Jun 27, 2023"
"EAGCCT_22-1-A","EAGCCT_22-1 A RegS","Securitized","Fixed Income","671,138.49","0.04","671,138.49","661,000.00","661,000.00","100.59","Canada","-","CAD","3.02","1.00","Jul 17, 2027","4.78","CAD","Jul 13, 2022"
"CTLONE","CENTRAL 1 CREDIT UNION MTN","Financial","Fixed Income","670,660.98","0.04","670,660.98","635,000.00","635,000.00","103.32","Canada","-","CAD","3.90","1.00","Nov 10, 2028","5.98","CAD","Nov 10, 2023"
"IPLCN","INTER PIPELINE LTD","Energy","Fixed Income","667,963.49","0.04","667,963.49","750,000.00","750,000.00","87.35","Canada","-","CAD","13.81","1.00","Nov 27, 2051","5.09","CAD","Nov 25, 2021"
"FTSCN","FORTISALBERTA INC","Infrastructure","Fixed Income","666,225.78","0.04","666,225.78","667,000.00","667,000.00","98.37","Canada","-","CAD","15.46","1.00","May 30, 2052","4.62","CAD","May 30, 2022"
"CRTUCN","CT REAL ESTATE INVESTMENT TRUST","Real Estate","Fixed Income","661,793.53","0.04","661,793.53","630,000.00","630,000.00","102.92","Canada","-","CAD","3.60","1.00","Jun 14, 2028","5.83","CAD","Nov 17, 2023"
"LOWMAT","LOWER MATTAGAMI ENERGY LP","Infrastructure","Fixed Income","659,887.99","0.04","659,887.99","617,000.00","617,000.00","105.09","Canada","-","CAD","11.37","1.00","May 18, 2041","5.14","CAD","May 17, 2011"
"LOWMAT","LOWER MATTAGAMI ENERGY LP","Infrastructure","Fixed Income","659,722.04","0.04","659,722.04","639,000.00","639,000.00","103.13","Canada","-","CAD","12.64","1.00","Sep 21, 2043","4.94","CAD","Sep 20, 2013"
"GEICN","GIBSON ENERGY INC MTN","Energy","Fixed Income","658,964.06","0.04","658,964.06","695,000.00","695,000.00","94.23","Canada","-","CAD","3.09","1.00","Jul 14, 2027","2.85","CAD","Jul 14, 2020"
"PMZUCN","PRIMARIS REAL ESTATE INVESTMENT TR RegS","Real Estate","Fixed Income","658,618.23","0.04","658,618.23","645,000.00","645,000.00","102.11","Canada","-","CAD","3.50","1.00","Mar 29, 2028","5.93","CAD","Mar 29, 2023"
"CHPUCN","CHOICE PROPERTIES REIT","Real Estate","Fixed Income","657,821.48","0.04","657,821.48","659,000.00","659,000.00","98.42","Canada","-","CAD","1.54","1.00","Nov 24, 2025","4.05","CAD","Nov 24, 2015"
"CRTUCN","CT REAL ESTATE INVESTMENT TRUST","Real Estate","Fixed Income","656,881.22","0.04","656,881.22","716,000.00","716,000.00","91.30","Canada","-","CAD","4.44","1.00","Feb 5, 2029","3.03","CAD","Feb 3, 2022"
"FTSCN","FORTISBC ENERGY INC MTN","Energy","Fixed Income","656,867.87","0.04","656,867.87","755,000.00","755,000.00","85.49","Canada","-","CAD","14.75","1.00","Oct 30, 2047","3.69","CAD","Oct 26, 2017"
"GZMCN","GAZ METRO INC RegS","Energy","Fixed Income","651,885.16","0.04","651,885.16","770,000.00","770,000.00","83.36","Canada","-","CAD","14.76","1.00","May 16, 2047","3.53","CAD","May 16, 2017"
"HYDONE","HYDRO ONE INC","Infrastructure","Fixed Income","651,047.26","0.04","651,047.26","756,000.00","756,000.00","84.36","Canada","-","CAD","15.59","1.00","Apr 5, 2050","3.64","CAD","Apr 5, 2019"
"ALTALK","ALTALINK LP","Infrastructure","Fixed Income","650,894.80","0.04","650,894.80","629,000.00","629,000.00","101.68","Canada","-","CAD","11.26","1.00","Nov 15, 2040","4.87","CAD","Nov 15, 2010"
"ELFCN","E-L FINANCIAL CORP LTD","Financial","Fixed Income","649,853.68","0.04","649,853.68","754,000.00","754,000.00","85.11","Canada","-","CAD","15.19","1.00","Jun 22, 2050","4.00","CAD","Jun 22, 2020"
"TORHYD","TORONTO HYDRO CORPORATION","Infrastructure","Fixed Income","648,798.67","0.04","648,798.67","705,000.00","705,000.00","91.88","Canada","-","CAD","13.47","1.00","Sep 16, 2044","4.08","CAD","Sep 16, 2014"
"ENBGAS","ENBRIDGE GAS INC MTN","Energy","Fixed Income","648,008.32","0.04","648,008.32","872,000.00","872,000.00","73.91","Canada","-","CAD","16.21","1.00","Aug 9, 2049","3.01","CAD","Aug 9, 2019"
"VW","VW CREDIT CANADA INC RegS","Financial","Fixed Income","647,867.10","0.04","647,867.10","613,000.00","613,000.00","103.52","Germany","-","CAD","3.21","1.00","Nov 15, 2027","5.86","CAD","Nov 15, 2022"
"FTTCN","FINNING INTERNATIONAL INC","Industrial","Fixed Income","646,189.85","0.04","646,189.85","640,000.00","640,000.00","99.34","Canada","-","CAD","3.65","1.00","May 16, 2028","4.45","CAD","May 16, 2023"
"ENBGAS","ENBRIDGE GAS INC MTN","Energy","Fixed Income","645,833.48","0.04","645,833.48","600,000.00","600,000.00","105.45","Canada","-","CAD","3.60","1.00","May 19, 2028","6.10","CAD","May 19, 1998"
"FTSCN","FORTISALBERTA INC MTN","Infrastructure","Fixed Income","643,271.21","0.04","643,271.21","648,000.00","648,000.00","97.24","Canada","-","CAD","11.77","1.00","Oct 18, 2041","4.54","CAD","Oct 19, 2011"
"FTSCN","TERASEN GAS INC MTN","Energy","Fixed Income","643,056.23","0.04","643,056.23","540,000.00","540,000.00","118.47","Canada","-","CAD","9.99","1.00","Feb 24, 2039","6.55","CAD","Feb 24, 2009"
"DIRUCN","DREAM INDUSTRIAL REAL ESTATE INVES RegS","Real Estate","Fixed Income","642,657.32","0.04","642,657.32","635,000.00","635,000.00","101.10","Canada","-","CAD","3.52","1.00","Mar 22, 2028","5.38","CAD","Jan 4, 2024"
"ENBGAS","ENBRIDGE GAS INC MTN","Energy","Fixed Income","642,566.82","0.04","642,566.82","600,000.00","600,000.00","104.48","Canada","-","CAD","3.85","1.00","Oct 6, 2028","5.46","CAD","Oct 6, 2023"
"NSIUCN","NOVA SCOTIA PWR MTN","Infrastructure","Fixed Income","638,722.39","0.04","638,722.39","600,000.00","600,000.00","103.28","Canada","-","CAD","1.06","1.00","May 19, 2025","8.85","CAD","May 19, 1995"
"APUCN","ALLIED PROPERTIES REAL ESTATE INVE","Real Estate","Fixed Income","636,603.19","0.04","636,603.19","644,000.00","644,000.00","97.26","Canada","-","CAD","1.01","1.00","Apr 21, 2025","3.64","CAD","Apr 21, 2017"
"TOUCN","TOURMALINE OIL CORP RegS","Energy","Fixed Income","636,322.22","0.04","636,322.22","700,000.00","700,000.00","90.59","Canada","-","CAD","4.51","1.00","Feb 12, 2029","2.53","CAD","Aug 11, 2021"
"TOYOTA","TOYOTA CREDIT CANADA INC MTN","Financial","Fixed Income","635,487.63","0.04","635,487.63","620,000.00","620,000.00","101.40","Canada","-","CAD","2.12","1.00","Jul 13, 2026","5.29","CAD","Jul 12, 2023"
"FTSCN","FORTISBC ENERGY INC MTN","Energy","Fixed Income","633,850.80","0.04","633,850.80","580,000.00","580,000.00","108.77","Canada","-","CAD","8.16","1.00","Feb 26, 2035","5.90","CAD","Feb 25, 2005"
"ETRHWY","407 INTERNATIONAL INC MTN","Infrastructure","Fixed Income","631,015.76","0.04","631,015.76","665,000.00","665,000.00","93.10","Canada","-","CAD","12.18","1.00","Apr 25, 2042","4.19","CAD","Apr 25, 2012"
"IFCCN","INTACT FINANCIAL CORP MTN","Financial","Fixed Income","629,707.43","0.04","629,707.43","856,000.00","856,000.00","72.72","Canada","-","CAD","16.65","1.00","Dec 16, 2050","2.95","CAD","Dec 16, 2020"
"BCECN","BELL CANADA MTN 144A","Communication","Fixed Income","628,773.96","0.04","628,773.96","572,000.00","572,000.00","107.25","Canada","-","CAD","4.26","1.00","May 1, 2029","6.55","CAD","Jul 19, 1999"
"CRRUCN","CROMBIE REAL ESTATE INVESTMENT TRU","Real Estate","Fixed Income","627,562.97","0.04","627,562.97","675,000.00","675,000.00","91.64","Canada","-","CAD","3.70","1.00","Mar 31, 2028","2.69","CAD","Oct 9, 2020"
"CTLONE","CENTRAL 1 CREDIT UNION","Financial","Fixed Income","627,451.27","0.04","627,451.27","670,000.00","670,000.00","93.06","Canada","-","CAD","2.13","1.00","Jun 30, 2031","2.39","CAD","Jun 30, 2021"
"FTSCN","TERASEN GAS INC. MTN","Energy","Fixed Income","626,695.17","0.04","626,695.17","538,000.00","538,000.00","113.83","Canada","-","CAD","7.44","1.00","May 1, 2034","6.50","CAD","Apr 29, 2004"
"CRRUCN","CROMBIE REAL ESTATE INVESTMENT TRU RegS","Real Estate","Fixed Income","625,650.52","0.04","625,650.52","620,000.00","620,000.00","100.90","Canada","-","CAD","4.70","1.00","Sep 28, 2029","5.24","CAD","Mar 28, 2023"
"DRSILL","DREAM SUMMIT INDUS","Real Estate","Fixed Income","625,432.17","0.04","625,432.17","670,000.00","670,000.00","92.87","Canada","-","CAD","2.65","1.00","Jan 12, 2027","2.25","CAD","Feb 17, 2023"
"CP","CANADIAN PACIFIC RAILWAY COMPANY","Industrial","Fixed Income","624,195.88","0.04","624,195.88","838,000.00","838,000.00","74.32","Canada","-","CAD","16.42","1.00","Mar 9, 2050","3.05","CAD","Mar 9, 2020"
"TCLACN","TRANSCONTINENTAL INC.","Communication","Fixed Income","622,295.26","0.04","622,295.26","665,000.00","665,000.00","93.10","Canada","-","CAD","2.19","1.00","Jul 13, 2026","2.28","CAD","Jul 12, 2021"
"DE","JOHN DEERE FINANCIAL INC","Financial","Fixed Income","618,231.37","0.04","618,231.37","660,000.00","660,000.00","93.13","United States","-","CAD","4.42","1.00","Jan 19, 2029","2.81","CAD","Jan 19, 2022"
"FTSCN","FORTISALBERTA INC MTN","Infrastructure","Fixed Income","616,526.63","0.04","616,526.63","548,000.00","548,000.00","109.84","Canada","-","CAD","9.60","1.00","Apr 15, 2038","5.85","CAD","Apr 15, 2008"
"EPCOR","EPCOR UTILITIES INC MTN","Infrastructure","Fixed Income","616,141.81","0.04","616,141.81","698,000.00","698,000.00","87.68","Canada","-","CAD","6.50","1.00","Jun 30, 2031","2.41","CAD","Jun 28, 2021"
"TORHYD","TORONTO HYDRO CORPORATION","Infrastructure","Fixed Income","611,899.57","0.04","611,899.57","802,000.00","802,000.00","75.40","Canada","-","CAD","16.37","1.00","Dec 10, 2049","2.99","CAD","Nov 12, 2019"
"ALCTRA","ALECTRA INC (CANADA)","Infrastructure","Fixed Income","610,192.59","0.04","610,192.59","559,000.00","559,000.00","106.95","Canada","-","CAD","11.25","1.00","Apr 29, 2041","5.30","CAD","Apr 29, 2011"
"SE","WESTCOAST ENERGY INC MTN","Energy","Fixed Income","608,056.16","0.04","608,056.16","633,000.00","633,000.00","94.05","Canada","-","CAD","11.47","1.00","Oct 28, 2041","4.79","CAD","Oct 28, 2011"
"BIP","BROOKFIELD INFRASTRUCTURE FINANCE MTN","Infrastructure","Fixed Income","607,498.51","0.04","607,498.51","568,000.00","568,000.00","104.48","Canada","-","CAD","13.94","1.00","Apr 25, 2052","5.79","CAD","Apr 25, 2022"
"HOMEQU","HOMEEQUITY BANK","Financial","Fixed Income","607,181.48","0.04","607,181.48","585,000.00","585,000.00","101.67","Canada","-","CAD","2.41","1.00","Dec 11, 2026","7.11","CAD","Dec 11, 2023"
"HRUCN","H&R REAL ESTATE INVESTMENT TRUST","Real Estate","Fixed Income","606,634.74","0.04","606,634.74","600,000.00","600,000.00","100.66","Canada","-","CAD","4.25","1.00","Feb 28, 2029","5.46","CAD","Feb 28, 2024"
"IGMCN","IGM FINANCIAL INC","Financial","Fixed Income","606,526.45","0.04","606,526.45","540,000.00","540,000.00","110.51","Canada","-","CAD","10.60","1.00","Dec 10, 2040","6.00","CAD","Dec 9, 2010"
"CRTUCN","CT REAL ESTATE INVESTMENT TRUST","Real Estate","Fixed Income","602,691.11","0.04","602,691.11","624,000.00","624,000.00","95.60","Canada","-","CAD","2.97","1.00","Jun 16, 2027","3.47","CAD","Jun 16, 2017"
"CTLONE","CENTRAL 1 CREDIT UNION MTN","Financial","Fixed Income","597,795.17","0.04","597,795.17","575,000.00","575,000.00","101.71","Canada","-","CAD","2.37","1.00","Nov 10, 2026","5.88","CAD","Nov 10, 2023"
"FNCN","FIRST NATIONAL FINANCIAL CORP","Financial","Fixed Income","593,567.95","0.04","593,567.95","590,000.00","590,000.00","100.60","Canada","-","CAD","3.22","1.00","Nov 1, 2027","6.26","CAD","Apr 1, 2024"
"LCN","LOBLAW COMPANIES LTD","Industrial","Fixed Income","591,613.63","0.04","591,613.63","580,000.00","580,000.00","101.78","Canada","-","CAD","6.81","1.00","Sep 13, 2032","5.01","CAD","Sep 13, 2022"
"IGMCN","INVESTORS GROUP INC. 144A","Financial","Fixed Income","590,032.07","0.04","590,032.07","505,000.00","505,000.00","113.96","Canada","-","CAD","5.53","1.00","May 9, 2031","7.45","CAD","May 9, 2001"
"NSIUCN","NOVA SCOTIA POWER INC MTN","Infrastructure","Fixed Income","590,044.48","0.04","590,044.48","747,000.00","747,000.00","77.27","Canada","-","CAD","14.93","1.00","Apr 5, 2049","3.57","CAD","Apr 4, 2019"
"CRTUCN","CT REAL ESTATE INVESTMENT TRUST","Real Estate","Fixed Income","585,976.91","0.04","585,976.91","602,000.00","602,000.00","96.14","Canada","-","CAD","3.35","1.00","Dec 7, 2027","3.87","CAD","Feb 7, 2018"
"IGMCN","IGM FINANCIAL INC RegS","Financial","Fixed Income","585,103.24","0.04","585,103.24","657,000.00","657,000.00","88.96","Canada","-","CAD","15.16","1.00","Mar 21, 2050","4.21","CAD","Mar 20, 2019"
"FTSCN","FORTISALBERTA INC MTN","Infrastructure","Fixed Income","580,615.79","0.04","580,615.79","620,000.00","620,000.00","93.57","Canada","-","CAD","13.72","1.00","Sep 22, 2045","4.27","CAD","Sep 22, 2015"
"ALTALK","ALTALINK LP","Infrastructure","Fixed Income","579,325.54","0.04","579,325.54","685,000.00","685,000.00","84.50","Canada","-","CAD","6.04","1.00","Sep 11, 2030","1.51","CAD","Sep 11, 2020"
"CRDPOW","CORDELIO AMALCO GP I","Energy","Fixed Income","578,362.87","0.04","578,362.87","603,659.00","603,659.00","93.80","Canada","-","CAD","4.32","1.00","Sep 30, 2034","4.09","CAD","Dec 10, 2018"
"IGMCN","IGM FINANCIAL INC RegS","Financial","Fixed Income","574,992.05","0.04","574,992.05","640,000.00","640,000.00","88.97","Canada","-","CAD","14.54","1.00","Jul 13, 2048","4.17","CAD","Jul 11, 2018"
"TORHYD","TORONTO HYDRO CORPORATION","Infrastructure","Fixed Income","574,892.17","0.04","574,892.17","674,000.00","674,000.00","84.70","Canada","-","CAD","14.18","1.00","Jul 28, 2045","3.55","CAD","Mar 16, 2015"
"ALCTRA","ALECTRA INC (CANADA)","Infrastructure","Fixed Income","574,496.34","0.04","574,496.34","685,000.00","685,000.00","82.27","Canada","-","CAD","15.48","1.00","Apr 12, 2049","3.46","CAD","Apr 11, 2019"
"GTAAIR","GREATER TORONTO AIRPORTS AUTHORITY","Infrastructure","Fixed Income","574,143.41","0.03","574,143.41","545,548.00","545,548.00","104.20","Canada","-","CAD","2.69","1.00","Jul 30, 2029","6.45","CAD","Jul 20, 1999"
"IGMCN","IGM FINANCIAL INC","Financial","Fixed Income","572,546.50","0.03","572,546.50","601,000.00","601,000.00","94.47","Canada","-","CAD","13.79","1.00","Jan 25, 2047","4.56","CAD","Jan 26, 2017"
"NAVCAN","NAV CANADA MTN","Infrastructure","Fixed Income","571,384.87","0.03","571,384.87","662,000.00","662,000.00","85.97","Canada","-","CAD","14.54","1.00","Feb 23, 2046","3.53","CAD","Feb 24, 2016"
"FTSCN","FORTISALBERTA INC MTN","Infrastructure","Fixed Income","570,402.57","0.03","570,402.57","670,000.00","670,000.00","84.93","Canada","-","CAD","14.93","1.00","Sep 9, 2047","3.67","CAD","Sep 7, 2017"
"EPCOR","EPCOR UTILITIES INC MTN","Infrastructure","Fixed Income","568,333.38","0.03","568,333.38","630,000.00","630,000.00","88.87","Canada","-","CAD","14.93","1.00","Nov 26, 2048","3.95","CAD","Nov 26, 2018"
"FTSCN","FORTISBC INC MTN","Infrastructure","Fixed Income","562,496.75","0.03","562,496.75","546,000.00","546,000.00","101.30","Canada","-","CAD","14.66","1.00","Nov 24, 2050","5.00","CAD","Nov 24, 2010"
"MCAPCO","MCAP COMMERCIAL LP","Financial","Fixed Income","561,404.96","0.03","561,404.96","604,000.00","604,000.00","91.80","Canada","-","CAD","3.36","1.00","Nov 26, 2027","3.38","CAD","Nov 26, 2020"
"DRSILL","SUMMIT INDUSTRIAL INCOME REIT","Real Estate","Fixed Income","558,079.65","0.03","558,079.65","589,000.00","589,000.00","93.86","Canada","-","CAD","1.92","1.00","Apr 1, 2026","1.82","CAD","Feb 17, 2023"
"TORHYD","TORONTO HYDRO CORPORATION","Infrastructure","Fixed Income","557,552.98","0.03","557,552.98","669,000.00","669,000.00","83.05","Canada","-","CAD","15.30","1.00","Feb 28, 2048","3.48","CAD","Nov 14, 2017"
"TOYOTA","TOYOTA CREDIT CANADA INC MTN","Financial","Fixed Income","557,283.83","0.03","557,283.83","556,000.00","556,000.00","99.46","Canada","-","CAD","3.48","1.00","Jan 24, 2028","4.33","CAD","Jan 24, 2023"
"HYNMTR","HYUNDAI CAPITAL CANADA INC","Financial","Fixed Income","554,819.87","0.03","554,819.87","550,000.00","550,000.00","100.11","Canada","-","CAD","2.62","1.00","Feb 1, 2027","4.81","CAD","Jan 31, 2024"
"TOUCN","TOURMALINE OIL CORP RegS","Energy","Fixed Income","550,506.99","0.03","550,506.99","602,000.00","602,000.00","91.08","Canada","-","CAD","3.61","1.00","Jan 25, 2028","2.08","CAD","Jan 25, 2021"
"CRTUCN","CT REAL ESTATE INVESTMENT TRUST","Real Estate","Fixed Income","546,787.31","0.03","546,787.31","553,000.00","553,000.00","97.80","Canada","-","CAD","1.14","1.00","Jun 9, 2025","3.53","CAD","Jun 9, 2015"
"FTSCN","FORTISBC ENERGY INC MTN","Energy","Fixed Income","546,641.10","0.03","546,641.10","620,000.00","620,000.00","87.70","Canada","-","CAD","6.55","1.00","Jul 18, 2031","2.42","CAD","Apr 14, 2021"
"EAGCCT_20-1-A","EAGCCT_20-1 A","Securitized","Fixed Income","546,021.49","0.03","546,021.49","570,000.00","570,000.00","95.54","Canada","-","CAD","1.26","1.00","Jul 17, 2025","1.27","CAD","Aug 11, 2020"
"LOWMAT","LOWER MATTAGAMI ENERGY LTD PARTNER","Infrastructure","Fixed Income","545,065.58","0.03","545,065.58","570,000.00","570,000.00","94.61","Canada","-","CAD","2.43","1.00","Oct 21, 2026","2.31","CAD","Oct 7, 2016"
"CTLONE","CENTRAL 1 CREDIT UNION","Financial","Fixed Income","543,604.32","0.03","543,604.32","580,000.00","580,000.00","93.51","Canada","-","CAD","1.78","1.00","Jan 29, 2026","1.32","CAD","Jan 29, 2021"
"FTTCN","FINNING INTERNATIONAL INC MTN","Industrial","Fixed Income","540,425.87","0.03","540,425.87","557,000.00","557,000.00","95.54","Canada","-","CAD","11.59","1.00","Jun 13, 2042","5.08","CAD","Jun 13, 2012"
"HYOHI","HYDRO OTTAWA HOLDING INC","Infrastructure","Fixed Income","539,710.32","0.03","539,710.32","650,000.00","650,000.00","82.47","Canada","-","CAD","13.77","1.00","Feb 2, 2045","3.64","CAD","Feb 2, 2015"
"ALTALK","ALTALINK LP MTN","Infrastructure","Fixed Income","535,795.20","0.03","535,795.20","512,000.00","512,000.00","104.55","Canada","-","CAD","9.24","1.00","Sep 22, 2036","5.25","CAD","Sep 21, 2006"
"HALFX","HALIFAX INTERNATIONAL AIRPORT AUTH","Infrastructure","Fixed Income","529,576.56","0.03","529,576.56","500,000.00","500,000.00","104.86","Canada","-","CAD","11.25","1.00","Jul 19, 2041","5.50","CAD","Jul 19, 2006"
"HYDONE","HYDRO ONE INC MTN","Infrastructure","Fixed Income","527,771.53","0.03","527,771.53","584,000.00","584,000.00","89.30","Canada","-","CAD","15.96","1.00","Dec 22, 2051","4.00","CAD","Dec 22, 2011"
"FTSCN","FORTISALBERTA INC MTN","Infrastructure","Fixed Income","526,388.50","0.03","526,388.50","613,000.00","613,000.00","85.76","Canada","-","CAD","15.26","1.00","Sep 18, 2048","3.73","CAD","Sep 18, 2018"
"FTSCN","FORTISBC ENERGY INC MTN","Energy","Fixed Income","523,336.29","0.03","523,336.29","600,000.00","600,000.00","85.49","Canada","-","CAD","14.15","1.00","Apr 9, 2046","3.67","CAD","Apr 8, 2016"
"WNCN","GEORGE WESTON LIMITED MTN 144A","Industrial","Fixed Income","522,461.93","0.03","522,461.93","470,000.00","470,000.00","110.13","Canada","-","CAD","6.10","1.00","Feb 5, 2032","7.10","CAD","Feb 5, 2002"
"SRUUCN","SMARTCENTRES REAL ESTATE INVESTMEN","Real Estate","Fixed Income","517,952.23","0.03","517,952.23","562,000.00","562,000.00","91.20","Canada","-","CAD","5.07","1.00","Dec 20, 2029","3.53","CAD","Dec 20, 2019"
"IGMCN","INVESTORS GROUP INC.","Financial","Fixed Income","517,856.51","0.03","517,856.51","450,000.00","450,000.00","113.37","Canada","-","CAD","6.63","1.00","Dec 31, 2032","7.00","CAD","Dec 13, 2002"
"XCN","TMX GROUP LTD","Financial","Fixed Income","517,383.38","0.03","517,383.38","602,000.00","602,000.00","85.69","Canada","-","CAD","6.29","1.00","Feb 12, 2031","2.02","CAD","Feb 12, 2021"
"FTSCN","FORTISBC ENERGY INC","Energy","Fixed Income","515,527.33","0.03","515,527.33","530,000.00","530,000.00","96.05","Canada","-","CAD","1.92","1.00","Apr 8, 2026","2.58","CAD","Apr 8, 2016"
"FTSCN","FORTISBC ENERGY INC MTN","Energy","Fixed Income","515,009.87","0.03","515,009.87","510,000.00","510,000.00","99.42","Canada","-","CAD","15.56","1.00","Nov 28, 2052","4.67","CAD","Nov 28, 2022"
"ENBGAS","ENBRIDGE GAS INC MTN","Energy","Fixed Income","503,795.68","0.03","503,795.68","525,000.00","525,000.00","94.95","Canada","-","CAD","3.39","1.00","Nov 22, 2027","2.88","CAD","Nov 22, 2017"
"ETRHWY","407 INTERNATIONAL INC. MTN","Infrastructure","Fixed Income","491,678.38","0.03","491,678.38","608,000.00","608,000.00","80.85","Canada","-","CAD","14.33","1.00","Mar 27, 2045","3.30","CAD","Mar 27, 2015"
"NVLAUT","NOUVELLE AUTOROUTE 30 FINANCEMENT","Infrastructure","Fixed Income","490,057.29","0.03","490,057.29","519,754.00","519,754.00","93.38","Canada","-","CAD","4.38","1.00","Dec 31, 2032","3.74","CAD","Jun 14, 2018"
"SIACN","SIENNA SENIOR LIVING INC","Industrial","Fixed Income","489,938.30","0.03","489,938.30","508,000.00","508,000.00","96.15","Canada","-","CAD","1.83","1.00","Feb 27, 2026","3.45","CAD","Oct 2, 2020"
"KINSOL","KINGSTON SOLAR LP INC","Energy","Fixed Income","486,132.57","0.03","486,132.57","531,021.00","531,021.00","90.98","Canada","-","CAD","5.12","1.00","Jul 31, 2035","3.57","CAD","Oct 14, 2016"
"DIRUCN","DREAM INDUSTRIAL REAL ESTATE INVES","Real Estate","Fixed Income","481,444.72","0.03","481,444.72","475,000.00","475,000.00","101.25","Canada","-","CAD","3.51","1.00","Mar 22, 2028","5.38","CAD","Mar 22, 2023"
"FTSCN","FORTISBC ENERGY INC MTN","Energy","Fixed Income","476,648.36","0.03","476,648.36","549,000.00","549,000.00","86.58","Canada","-","CAD","14.63","1.00","Mar 6, 2047","3.78","CAD","Dec 13, 2016"
"EPCOR","EPCOR UTILITIES INC MTN","Infrastructure","Fixed Income","475,846.78","0.03","475,846.78","600,000.00","600,000.00","78.48","Canada","-","CAD","16.51","1.00","Jun 28, 2051","3.29","CAD","Jun 28, 2021"
"ENBGAS","ENBRIDGE GAS INC MTN","Energy","Fixed Income","474,133.21","0.03","474,133.21","488,000.00","488,000.00","96.24","Canada","-","CAD","2.06","1.00","Jun 1, 2026","2.81","CAD","May 31, 2016"
"CESEBA","SOCIETE EN COMMANDITE CE SEBASTOPO","Infrastructure","Fixed Income","470,782.55","0.03","470,782.55","531,060.00","531,060.00","87.99","Canada","-","CAD","9.30","1.00","Jul 31, 2047","4.14","CAD","Jun 26, 2015"
"NAVCAN","NAV CANADA","Infrastructure","Fixed Income","469,595.12","0.03","469,595.12","500,000.00","500,000.00","93.79","Canada","-","CAD","1.81","1.00","Feb 9, 2026","0.94","CAD","Feb 9, 2021"
"NSIUCN","NOVA SCOTIA POWER INC MTN","Infrastructure","Fixed Income","463,054.31","0.03","463,054.31","504,000.00","504,000.00","91.03","Canada","-","CAD","12.41","1.00","Jul 20, 2043","4.50","CAD","Jul 19, 2013"
"ENBPIP","ENBRIDGE PIPELINES INC. MTN","Energy","Fixed Income","462,613.20","0.03","462,613.20","465,000.00","465,000.00","98.08","Canada","-","CAD","9.21","1.00","Dec 19, 2036","5.08","CAD","Dec 21, 2006"
"ENBGAS","ENBRIDGE GAS INC MTN","Energy","Fixed Income","455,913.24","0.03","455,913.24","389,000.00","389,000.00","114.65","Canada","-","CAD","6.55","1.00","Nov 15, 2032","6.90","CAD","Nov 15, 2002"
"CUCN","CU INC","Energy","Fixed Income","453,388.17","0.03","453,388.17","456,000.00","456,000.00","97.45","Canada","-","CAD","17.51","1.00","Oct 24, 2061","4.59","CAD","Oct 24, 2011"
"FTSCN","FORTISBC ENERGY INC MTN","Energy","Fixed Income","448,654.58","0.03","448,654.58","505,000.00","505,000.00","87.65","Canada","-","CAD","15.06","1.00","Dec 7, 2048","3.85","CAD","Dec 7, 2018"
"CHPUCN","CHOICE PROPERTIES REAL ESTATE INVE","Real Estate","Fixed Income","448,444.01","0.03","448,444.01","600,000.00","600,000.00","74.48","Canada","-","CAD","14.83","1.00","Mar 4, 2050","3.83","CAD","Mar 3, 2020"
"WNCN","GEORGE WESTON LIMITED MTN","Industrial","Fixed Income","445,710.74","0.03","445,710.74","410,000.00","410,000.00","108.20","Canada","-","CAD","6.82","1.00","Mar 1, 2033","6.69","CAD","Feb 28, 2003"
"LUCACN","LIBERTY UTILITIES (CANADA) LP","Energy","Fixed Income","445,065.97","0.03","445,065.97","600,000.00","600,000.00","73.78","Canada","-","CAD","15.74","1.00","Feb 14, 2050","3.31","CAD","Feb 14, 2020"
"CUCN","CU INC MTN","Energy","Fixed Income","440,505.07","0.03","440,505.07","500,000.00","500,000.00","86.66","Canada","-","CAD","16.25","1.00","Nov 14, 2052","3.86","CAD","Nov 14, 2012"
"NSIUCN","NOVA SCOTIA POWER INC MTN","Infrastructure","Fixed Income","439,763.29","0.03","439,763.29","543,000.00","543,000.00","79.51","Canada","-","CAD","13.61","1.00","May 1, 2045","3.61","CAD","Apr 30, 2015"
"ARRLAK","ARROW LAKES POWER CO","Energy","Fixed Income","437,523.12","0.03","437,523.12","413,035.00","413,035.00","103.27","Canada","-","CAD","7.16","1.00","Apr 5, 2041","5.52","CAD","Apr 5, 2011"
"FTSCN","FORTISBC INC MTN","Infrastructure","Fixed Income","432,088.55","0.03","432,088.55","400,000.00","400,000.00","105.86","Canada","-","CAD","8.48","1.00","Nov 9, 2035","5.60","CAD","Nov 10, 2005"
"DRSILL","DREAM SUMMIT INDUSTRIAL LP","Real Estate","Fixed Income","429,925.74","0.03","429,925.74","425,000.00","425,000.00","100.51","Canada","-","CAD","4.24","1.00","Feb 12, 2029","5.11","CAD","Feb 12, 2024"
"ITSPCH","INTEGRATED TEAM SOLUTIONS PCH PART","Infrastructure","Fixed Income","428,033.26","0.03","428,033.26","439,312.00","439,312.00","95.83","Canada","-","CAD","8.77","1.00","May 31, 2046","4.88","CAD","Nov 29, 2013"
"ENBCN","ENBRIDGE INC MTN","Energy","Fixed Income","427,697.91","0.03","427,697.91","510,000.00","510,000.00","83.85","Canada","-","CAD","16.86","1.00","Mar 28, 2064","4.56","CAD","Mar 28, 2014"
"CUCN","CU INC","Energy","Fixed Income","426,881.31","0.03","426,881.31","405,000.00","405,000.00","103.61","Canada","-","CAD","14.86","1.00","Nov 18, 2050","4.95","CAD","Nov 18, 2010"
"CRTUCN","CT REAL ESTATE INVESTMENT TRUST","Real Estate","Fixed Income","421,658.39","0.03","421,658.39","500,000.00","500,000.00","83.79","Canada","-","CAD","6.10","1.00","Jan 6, 2031","2.37","CAD","Jan 6, 2021"
"OTTMAC","OTTAWA MACDONALD-CARTIER INTERNATI","Infrastructure","Fixed Income","415,707.95","0.03","415,707.95","472,000.00","472,000.00","87.00","Canada","-","CAD","6.27","1.00","May 5, 2031","2.70","CAD","May 5, 2021"
"FTSCN","FORTISBC ENERGY INC","Energy","Fixed Income","415,438.26","0.03","415,438.26","610,000.00","610,000.00","67.58","Canada","-","CAD","17.19","1.00","Jul 13, 2050","2.54","CAD","Jul 13, 2020"
"FTSCN","FORTISBC ENERGY INC MTN","Energy","Fixed Income","409,893.97","0.02","409,893.97","430,000.00","430,000.00","94.03","Canada","-","CAD","12.08","1.00","Dec 9, 2041","4.25","CAD","Dec 9, 2011"
"WAACA","WINNIPEG AIRPORTS AUTHORITY INC","Infrastructure","Fixed Income","409,566.42","0.02","409,566.42","500,000.00","500,000.00","80.10","Canada","-","CAD","14.43","1.00","Sep 30, 2047","3.66","CAD","Sep 29, 2017"
"ENBCN","ENBRIDGE INC MTN","Energy","Fixed Income","408,451.29","0.02","408,451.29","394,000.00","394,000.00","101.59","Canada","-","CAD","8.43","1.00","Nov 14, 2035","5.57","CAD","Nov 14, 2005"
"WAACA","WINNIPEG AIRPORTS AUTHORITY INC","Infrastructure","Fixed Income","404,274.66","0.02","404,274.66","400,000.00","400,000.00","100.81","Canada","-","CAD","7.17","1.00","Mar 9, 2033","4.79","CAD","Mar 9, 2023"
"FTSCN","FORTISALBERTA INC","Infrastructure","Fixed Income","403,756.63","0.02","403,756.63","500,000.00","500,000.00","80.68","Canada","-","CAD","14.89","1.00","Sep 21, 2046","3.34","CAD","Sep 21, 2016"
"TCN","TELUS COMMUNICATIONS INC","Communication","Fixed Income","401,519.95","0.02","401,519.95","385,000.00","385,000.00","104.12","Canada","-","CAD","1.39","1.00","Sep 22, 2025","8.80","CAD","Sep 22, 1995"
"TORHYD","TORONTO HYDRO CORPORATION RegS","Infrastructure","Fixed Income","400,516.75","0.02","400,516.75","390,000.00","390,000.00","101.36","Canada","-","CAD","7.32","1.00","Jun 14, 2033","4.61","CAD","Jun 14, 2023"
"COCAPS","COAST CAPITAL SAVINGS FEDERAL CRED","Financial","Fixed Income","398,346.19","0.02","398,346.19","398,000.00","398,000.00","98.22","Canada","-","CAD","1.01","1.00","Apr 21, 2025","4.25","CAD","Apr 21, 2022"
"TORHYD","TORONTO HYDRO CORPORATION","Infrastructure","Fixed Income","394,463.08","0.02","394,463.08","440,000.00","440,000.00","87.78","Canada","-","CAD","18.40","1.00","Apr 9, 2063","3.96","CAD","Apr 9, 2013"
"CRRUCN","CROMBIE REAL ESTATE INVESTMENT TRU","Real Estate","Fixed Income","386,849.39","0.02","386,849.39","395,000.00","395,000.00","96.87","Canada","-","CAD","2.94","1.00","Jun 21, 2027","3.92","CAD","Dec 20, 2019"
"CONNEC","CONNECT 6IX GENERAL PARTNERSHIP","Infrastructure","Fixed Income","385,739.44","0.02","385,739.44","350,000.00","350,000.00","108.21","Canada","-","CAD","12.56","1.00","Nov 30, 2046","6.11","CAD","Nov 17, 2022"
"CWBCN","CANADIAN WESTERN BANK","Financial","Fixed Income","384,635.83","0.02","384,635.83","377,000.00","377,000.00","100.44","Canada","-","CAD","3.30","1.00","Dec 22, 2032","5.94","CAD","Dec 22, 2022"
"ELFCN","EMPIRE LIFE INSURANCE CO RegS","Financial","Fixed Income","380,747.80","0.02","380,747.80","375,000.00","375,000.00","100.31","Canada","-","CAD","3.30","1.00","Jan 13, 2033","5.88","CAD","Jan 13, 2023"
"GZMCN","GAZ METRO INC","Energy","Fixed Income","379,903.35","0.02","379,903.35","460,000.00","460,000.00","80.95","Canada","-","CAD","14.06","1.00","Mar 31, 2045","3.30","CAD","Mar 31, 2015"
"CTCACN","CANADIAN TIRE CORPORATION LIMITED MTN","Industrial","Fixed Income","370,671.53","0.02","370,671.53","372,000.00","372,000.00","99.26","Canada","-","CAD","8.42","1.00","Sep 4, 2035","5.61","CAD","Sep 2, 2005"
"LCN","LOBLAW COMPANIES MTN 144A","Industrial","Fixed Income","368,649.33","0.02","368,649.33","325,000.00","325,000.00","112.94","Canada","-","CAD","9.93","1.00","Mar 1, 2039","6.45","CAD","Mar 1, 1999"
"CUCN","CU INC MTN","Energy","Fixed Income","367,843.46","0.02","367,843.46","333,000.00","333,000.00","108.57","Canada","-","CAD","9.83","1.00","May 26, 2038","5.58","CAD","May 26, 2008"
"CPXCN","CAPITAL POWER CORP MTN","Energy","Fixed Income","366,305.33","0.02","366,305.33","377,000.00","377,000.00","96.56","Canada","-","CAD","5.07","1.00","Feb 8, 2030","4.42","CAD","Nov 8, 2019"
"CSHU","CHARTWELL RETIREMENT RESIDENCES","Industrial","Fixed Income","364,885.90","0.02","364,885.90","365,000.00","365,000.00","98.20","Canada","-","CAD","1.03","1.00","Apr 28, 2025","4.21","CAD","Apr 27, 2018"
"REIUCN","RIOCAN REAL ESTATE INVESTMENT TRUS","Real Estate","Fixed Income","363,910.18","0.02","363,910.18","393,000.00","393,000.00","92.48","Canada","-","CAD","2.80","1.00","Mar 10, 2027","2.36","CAD","Mar 10, 2020"
"CUCN","CU INC MTN","Energy","Fixed Income","354,105.12","0.02","354,105.12","421,000.00","421,000.00","83.92","Canada","-","CAD","18.65","1.00","Sep 11, 2062","3.83","CAD","Sep 10, 2012"
"REIUCN","RIOCAN REAL ESTATE INVESTMENT TRUS","Real Estate","Fixed Income","344,265.52","0.02","344,265.52","340,000.00","340,000.00","100.57","Canada","-","CAD","4.96","1.00","Mar 1, 2030","5.47","CAD","Mar 28, 2024"
"ENBGAS","ENBRIDGE GAS INC","Energy","Fixed Income","340,157.75","0.02","340,157.75","314,000.00","314,000.00","105.01","Canada","-","CAD","1.47","1.00","Nov 10, 2025","8.65","CAD","Nov 10, 1995"
"FNCN","FIRST NATIONAL FINANCIAL CORP RegS","Financial","Fixed Income","335,723.31","0.02","335,723.31","325,000.00","325,000.00","102.88","Canada","-","CAD","2.23","1.00","Sep 8, 2026","7.29","CAD","Sep 6, 2023"
"FTSCN","FORTISALBERTA INC MTN","Infrastructure","Fixed Income","324,570.15","0.02","324,570.15","310,000.00","310,000.00","103.52","Canada","-","CAD","13.68","1.00","Jan 3, 2047","4.99","CAD","Jan 3, 2007"
"CAAIAU","CALGARY AIRPORT AUTHORITY","Infrastructure","Fixed Income","320,553.42","0.02","320,553.42","366,550.00","366,550.00","85.66","Canada","-","CAD","13.17","1.00","Oct 7, 2061","3.75","CAD","Oct 7, 2021"
"FTSCN","FORTISALBERTA INC MTN","Infrastructure","Fixed Income","319,860.53","0.02","319,860.53","465,000.00","465,000.00","67.98","Canada","-","CAD","17.27","1.00","Jun 8, 2051","2.63","CAD","Dec 8, 2020"
"FTSCN","FORTISALBERTA INC","Infrastructure","Fixed Income","316,504.04","0.02","316,504.04","351,000.00","351,000.00","88.45","Canada","-","CAD","16.07","1.00","Oct 23, 2052","3.98","CAD","Oct 23, 2012"
"GRASOL","GRAND RENEWABLE SOLAR LP 144A","Energy","Fixed Income","298,979.48","0.02","298,979.48","319,614.00","319,614.00","92.92","Canada","-","CAD","4.89","1.00","Jan 31, 2035","3.93","CAD","Jun 9, 2016"
"ERAA","EDMONTON REGIONAL AIRPORTS AUTHORI","Infrastructure","Fixed Income","281,902.75","0.02","281,902.75","333,274.00","333,274.00","83.26","Canada","-","CAD","10.27","1.00","May 20, 2051","3.71","CAD","May 20, 2021"
"ALTALK","ALTALINK LP MTN","Infrastructure","Fixed Income","280,089.20","0.02","280,089.20","300,000.00","300,000.00","92.03","Canada","-","CAD","18.30","1.00","Jun 6, 2064","4.27","CAD","Jun 6, 2014"
"MONPOR","MONTREAL PORT AUTHORITY","Infrastructure","Fixed Income","275,785.54","0.02","275,785.54","350,000.00","350,000.00","78.73","Canada","-","CAD","16.69","1.00","Mar 22, 2051","3.24","CAD","Mar 22, 2021"
"FTSCN","TERASEN GAS VANCOUVER ISLAND INC","Energy","Fixed Income","265,744.12","0.02","265,744.12","250,000.00","250,000.00","104.67","Canada","-","CAD","11.15","1.00","Dec 6, 2040","5.20","CAD","Dec 6, 2010"
"FTSCN","FORTISBC ENERGY INC","Energy","Fixed Income","262,125.06","0.02","262,125.06","362,000.00","362,000.00","72.03","Canada","-","CAD","16.50","1.00","Aug 9, 2049","2.82","CAD","Aug 9, 2019"
"CUCN","CU INC","Energy","Fixed Income","239,575.40","0.01","239,575.40","350,000.00","350,000.00","68.44","Canada","-","CAD","17.30","1.00","Sep 28, 2050","2.61","CAD","Sep 28, 2020"
"CLOVLP","CLOVER LIMITED PARTNERSHIP","Energy","Fixed Income","229,203.54","0.01","229,203.54","238,085.00","238,085.00","95.24","Canada","-","CAD","3.61","1.00","Jun 30, 2034","4.22","CAD","Oct 24, 2018"
"NAVCAN","NAV CANADA","Infrastructure","Fixed Income","215,842.23","0.01","215,842.23","207,347.00","207,347.00","103.52","Canada","-","CAD","1.78","1.00","Mar 1, 2027","7.56","CAD","Mar 24, 1997"
"IGMCN","INVESTORS GROUP INC.","Financial","Fixed Income","215,075.80","0.01","215,075.80","200,000.00","200,000.00","105.59","Canada","-","CAD","3.24","1.00","Dec 13, 2027","6.65","CAD","Dec 12, 1997"
"GZMCN","GAZ METRO INC MTN","Energy","Fixed Income","214,417.29","0.01","214,417.29","200,000.00","200,000.00","103.90","Canada","-","CAD","1.04","1.00","May 16, 2025","9.00","CAD","May 16, 1995"
"APUCN","ALLIED PROPERTIES REAL ESTATE INVE","Real Estate","Fixed Income","212,725.85","0.01","212,725.85","255,000.00","255,000.00","83.11","Canada","-","CAD","5.27","1.00","Feb 21, 2030","3.12","CAD","Feb 21, 2020"
"ACICN","TRISUMMIT UTILITIES INC MTN","Energy","Fixed Income","200,132.17","0.01","200,132.17","200,000.00","200,000.00","99.45","Canada","-","CAD","14.67","1.00","Aug 15, 2052","5.28","CAD","Aug 15, 2022"
"FTSCN","FORTISALBERTA INC MTN","Infrastructure","Fixed Income","180,917.72","0.01","180,917.72","175,000.00","175,000.00","101.36","Canada","-","CAD","14.90","1.00","Oct 27, 2050","4.80","CAD","Oct 27, 2010"
"HYOHI","HYDRO OTTAWA HOLDING INC","Infrastructure","Fixed Income","176,642.67","0.01","176,642.67","198,000.00","198,000.00","87.73","Canada","-","CAD","12.67","1.00","May 14, 2043","3.99","CAD","May 14, 2013"
"WAACA","WINNIPEG AIRPORTS AUTHORITY INC","Infrastructure","Fixed Income","176,476.42","0.01","176,476.42","250,000.00","250,000.00","70.13","Canada","-","CAD","16.39","1.00","Feb 3, 2051","3.04","CAD","Feb 4, 2021"
"PLEHHU","PLENARY HLTH CARE PTNRSHP HUMBR LP","Infrastructure","Fixed Income","156,938.56","0.01","156,938.56","165,000.00","165,000.00","93.53","Canada","-","CAD","12.65","1.00","Nov 30, 2044","4.82","CAD","Sep 23, 2011"
"CRRUCN","CROMBIE REAL ESTATE INVESTMENT TRU","Real Estate","Fixed Income","139,971.64","0.01","139,971.64","155,000.00","155,000.00","88.79","Canada","-","CAD","5.71","1.00","Oct 9, 2030","3.21","CAD","Oct 9, 2020"
"TOYOTA","TOYOTA CREDIT CANADA INC MTN","Financial","Fixed Income","4,954.35","0.00","4,954.35","5,000.00","5,000.00","98.85","Canada","-","CAD","0.31","1.00","Jul 22, 2024","1.27","CAD","Jul 20, 2021"
"CAD","CAD CASH","Cash and/or Derivatives","Cash","-774,647.66","-0.05","-774,647.66","-774,648.00","-774,648.00","100.00","Canada","-","CAD","0.00","1.00","-","0.00","CAD","Jan 1, 1989"
 