Fund Holdings as of,"Aug 29, 2025"
 
Ticker,Name,Sector,Asset Class,Market Value,Weight (%),Notional Value,Shares,Par Value,Price,Location,Exchange,Currency,Duration,FX Rate,Maturity,Coupon (%),Market Currency,Effective Date
"BNS","BANK OF NOVA SCOTIA","Financial","Fixed Income","13,853,382.08","0.59","13,853,382.08","13,689,000.00","13,689,000.00","99.79","Canada","-","CAD","1.46","1.00","Mar 8, 2027","2.95","CAD","Mar 7, 2022"
"TD","TORONTO-DOMINION BANK/THE","Financial","Fixed Income","10,933,939.95","0.46","10,933,939.95","10,635,000.00","10,635,000.00","101.78","Canada","-","CAD","1.67","1.00","Jun 1, 2027","4.21","CAD","Jun 1, 2022"
"BMO","BANK OF MONTREAL","Financial","Fixed Income","10,764,437.39","0.46","10,764,437.39","10,568,000.00","10,568,000.00","100.28","Canada","-","CAD","2.36","1.00","Mar 1, 2028","3.19","CAD","Mar 1, 2018"
"BNS","BANK OF NOVA SCOTIA","Financial","Fixed Income","10,578,164.44","0.45","10,578,164.44","10,400,000.00","10,400,000.00","100.13","Canada","-","CAD","4.27","1.00","Jun 27, 2031","3.73","CAD","Mar 27, 2025"
"RY","ROYAL BANK OF CANADA","Financial","Fixed Income","10,347,868.28","0.44","10,347,868.28","9,850,000.00","9,850,000.00","103.53","Canada","-","CAD","2.48","1.00","May 1, 2028","4.63","CAD","Apr 20, 2023"
"TD","TORONTO-DOMINION BANK/THE","Financial","Fixed Income","10,012,217.90","0.42","10,012,217.90","9,560,000.00","9,560,000.00","104.06","Canada","-","CAD","3.09","1.00","Jan 8, 2029","4.68","CAD","Dec 7, 2022"
"BMO","BANK OF MONTREAL","Financial","Fixed Income","9,726,494.22","0.41","9,726,494.22","9,448,000.00","9,448,000.00","101.90","Canada","-","CAD","1.59","1.00","Jun 1, 2027","4.31","CAD","Jun 1, 2022"
"BMO","BANK OF MONTREAL","Financial","Fixed Income","9,690,337.82","0.41","9,690,337.82","9,298,000.00","9,298,000.00","103.15","Canada","-","CAD","2.06","1.00","Dec 7, 2027","4.71","CAD","Dec 7, 2022"
"TD","TORONTO-DOMINION BANK/THE","Financial","Fixed Income","9,253,389.10","0.39","9,253,389.10","9,100,000.00","9,100,000.00","100.72","Canada","-","CAD","4.23","1.00","May 29, 2031","3.84","CAD","May 29, 2025"
"BNS","BANK OF NOVA SCOTIA","Financial","Fixed Income","8,711,315.27","0.37","8,711,315.27","8,763,000.00","8,763,000.00","98.81","Canada","-","CAD","1.15","1.00","Nov 2, 2026","1.85","CAD","Oct 8, 2021"
"RY","ROYAL BANK OF CANADA","Financial","Fixed Income","8,618,698.02","0.37","8,618,698.02","8,676,000.00","8,676,000.00","99.14","Canada","-","CAD","1.38","1.00","Jan 28, 2027","2.33","CAD","Jan 28, 2020"
"TD","TORONTO-DOMINION BANK/THE RegS","Financial","Fixed Income","8,462,879.71","0.36","8,462,879.71","8,186,000.00","8,186,000.00","102.87","Canada","-","CAD","2.25","1.00","Jan 18, 2028","4.48","CAD","Jan 18, 2023"
"BMO","BANK OF MONTREAL","Financial","Fixed Income","8,292,985.76","0.35","8,292,985.76","7,940,000.00","7,940,000.00","103.55","Canada","-","CAD","2.98","1.00","Dec 18, 2028","4.54","CAD","Dec 18, 2023"
"TRPCN","TRANSCANADA PIPELINES LTD MTN","Energy","Fixed Income","8,269,723.71","0.35","8,269,723.71","8,092,000.00","8,092,000.00","100.68","Canada","-","CAD","1.39","1.00","Apr 5, 2027","3.80","CAD","Apr 3, 2020"
"RY","ROYAL BANK OF CANADA","Financial","Fixed Income","8,183,337.72","0.35","8,183,337.72","7,935,000.00","7,935,000.00","102.70","Canada","-","CAD","1.82","1.00","Jul 26, 2027","4.61","CAD","Jul 25, 2022"
"RY","ROYAL BANK OF CANADA RegS","Financial","Fixed Income","8,152,522.39","0.35","8,152,522.39","8,015,000.00","8,015,000.00","101.30","Canada","-","CAD","4.36","1.00","Jul 22, 2031","3.98","CAD","Jul 22, 2025"
"TD","TORONTO-DOMINION BANK/THE RegS","Financial","Fixed Income","8,111,119.50","0.34","8,111,119.50","7,625,000.00","7,625,000.00","104.46","Canada","-","CAD","1.99","1.00","Oct 21, 2027","5.38","CAD","Oct 21, 2022"
"BMO","BANK OF MONTREAL","Financial","Fixed Income","8,035,020.72","0.34","8,035,020.72","7,730,000.00","7,730,000.00","103.43","Canada","-","CAD","3.49","1.00","Jul 17, 2029","4.42","CAD","Jul 17, 2024"
"RY","ROYAL BANK OF CANADA RegS","Financial","Fixed Income","7,999,940.74","0.34","7,999,940.74","7,925,000.00","7,925,000.00","100.20","Canada","-","CAD","2.61","1.00","Jun 12, 2029","3.41","CAD","Jun 10, 2025"
"RY","ROYAL BANK OF CANADA","Financial","Fixed Income","7,995,903.68","0.34","7,995,903.68","7,870,000.00","7,870,000.00","100.80","Canada","-","CAD","2.15","1.00","Dec 10, 2028","3.63","CAD","Dec 10, 2024"
"RY","ROYAL BANK OF CANADA","Financial","Fixed Income","7,994,310.72","0.34","7,994,310.72","7,696,000.00","7,696,000.00","103.33","Canada","-","CAD","2.25","1.00","Jan 17, 2028","4.64","CAD","Jan 17, 2023"
"CM","CANADIAN IMPERIAL BANK OF COMMERCE","Financial","Fixed Income","7,888,701.65","0.33","7,888,701.65","7,597,000.00","7,597,000.00","103.01","Canada","-","CAD","1.66","1.00","Jun 29, 2027","4.95","CAD","Jun 29, 2022"
"TD","TORONTO-DOMINION BANK/THE RegS","Financial","Fixed Income","7,850,537.87","0.33","7,850,537.87","7,645,000.00","7,645,000.00","102.30","Canada","-","CAD","1.37","1.00","Jan 29, 2027","4.52","CAD","Jan 29, 2024"
"RY","ROYAL BANK OF CANADA RegS","Financial","Fixed Income","7,780,527.63","0.33","7,780,527.63","7,300,000.00","7,300,000.00","104.52","Canada","-","CAD","3.23","1.00","Apr 3, 2034","5.10","CAD","Apr 2, 2024"
"TD","TORONTO-DOMINION BANK/THE","Financial","Fixed Income","7,765,196.42","0.33","7,765,196.42","7,645,000.00","7,645,000.00","100.99","Canada","-","CAD","5.46","1.00","Jan 9, 2033","4.13","CAD","Jan 9, 2025"
"BMO","BANK OF MONTREAL","Financial","Fixed Income","7,751,021.27","0.33","7,751,021.27","7,578,000.00","7,578,000.00","100.78","Canada","-","CAD","1.44","1.00","Apr 1, 2027","3.65","CAD","Apr 1, 2022"
"BNS","BANK OF NOVA SCOTIA","Financial","Fixed Income","7,749,633.62","0.33","7,749,633.62","7,727,000.00","7,727,000.00","100.06","Canada","-","CAD","2.32","1.00","Feb 2, 2028","3.10","CAD","Feb 2, 2018"
"RY","ROYAL BANK OF CANADA RegS","Financial","Fixed Income","7,538,105.11","0.32","7,538,105.11","7,345,000.00","7,345,000.00","101.82","Canada","-","CAD","1.27","1.00","Dec 21, 2026","4.26","CAD","Dec 21, 2023"
"BNS","BANK OF NOVA SCOTIA","Financial","Fixed Income","7,458,557.68","0.32","7,458,557.68","7,141,000.00","7,141,000.00","104.09","Canada","-","CAD","3.16","1.00","Feb 1, 2029","4.68","CAD","Feb 1, 2024"
"BMO","BANK OF MONTREAL","Financial","Fixed Income","7,437,391.94","0.32","7,437,391.94","7,034,000.00","7,034,000.00","104.46","Canada","-","CAD","2.47","1.00","May 29, 2028","5.04","CAD","May 29, 2023"
"CM","CANADIAN IMPERIAL BANK OF COMMERCE","Financial","Fixed Income","7,207,564.28","0.31","7,207,564.28","6,825,000.00","6,825,000.00","103.61","Canada","-","CAD","1.89","1.00","Oct 7, 2027","5.05","CAD","Oct 7, 2022"
"TD","TORONTO-DOMINION BANK/THE MTN","Financial","Fixed Income","7,202,640.00","0.31","7,202,640.00","6,750,000.00","6,750,000.00","104.69","Canada","-","CAD","3.22","1.00","Apr 9, 2034","5.18","CAD","Apr 9, 2024"
"NACN","NATIONAL BANK OF CANADA","Financial","Fixed Income","7,138,238.92","0.30","7,138,238.92","6,720,000.00","6,720,000.00","105.17","Canada","-","CAD","2.58","1.00","Jun 14, 2028","5.22","CAD","Jun 14, 2023"
"CM","CANADIAN IMPERIAL BANK OF COMMERCE","Financial","Fixed Income","6,930,763.87","0.29","6,930,763.87","6,820,000.00","6,820,000.00","100.79","Canada","-","CAD","3.87","1.00","Dec 10, 2030","3.80","CAD","Dec 10, 2024"
"BMO","BANK OF MONTREAL","Financial","Fixed Income","6,925,232.07","0.29","6,925,232.07","6,855,000.00","6,855,000.00","100.14","Canada","-","CAD","4.26","1.00","Jun 3, 2031","3.73","CAD","Jun 3, 2025"
"RY","ROYAL BANK OF CANADA","Financial","Fixed Income","6,900,525.43","0.29","6,900,525.43","6,618,000.00","6,618,000.00","102.56","Canada","-","CAD","1.13","1.00","Nov 2, 2026","5.24","CAD","Oct 28, 2022"
"TD","TORONTO-DOMINION BANK/THE","Financial","Fixed Income","6,883,933.71","0.29","6,883,933.71","6,329,000.00","6,329,000.00","106.15","Canada","-","CAD","2.73","1.00","Sep 8, 2028","5.49","CAD","Sep 8, 2023"
"BNS","BANK OF NOVA SCOTIA","Financial","Fixed Income","6,840,413.51","0.29","6,840,413.51","6,690,000.00","6,690,000.00","101.14","Canada","-","CAD","2.08","1.00","Nov 15, 2028","3.81","CAD","Oct 18, 2024"
"TD","TORONTO-DOMINION BANK/THE","Financial","Fixed Income","6,536,936.96","0.28","6,536,936.96","6,575,000.00","6,575,000.00","99.09","Canada","-","CAD","1.32","1.00","Jan 7, 2027","2.26","CAD","Jan 7, 2022"
"BNS","BANK OF NOVA SCOTIA","Financial","Fixed Income","6,528,390.42","0.28","6,528,390.42","6,386,000.00","6,386,000.00","100.96","Canada","-","CAD","1.60","1.00","May 3, 2032","3.93","CAD","Mar 21, 2022"
"RY","ROYAL BANK OF CANADA","Financial","Fixed Income","6,483,483.82","0.28","6,483,483.82","6,506,000.00","6,506,000.00","98.96","Canada","-","CAD","1.12","1.00","Nov 3, 2031","2.14","CAD","Oct 14, 2021"
"ENBCN","ENBRIDGE INC","Energy","Fixed Income","6,315,298.91","0.27","6,315,298.91","6,067,000.00","6,067,000.00","101.81","Canada","-","CAD","1.89","1.00","Sep 27, 2077","5.38","CAD","Sep 26, 2017"
"CM","CANADIAN IMPERIAL BANK OF COMMERCE","Financial","Fixed Income","6,305,961.53","0.27","6,305,961.53","6,348,000.00","6,348,000.00","99.01","Canada","-","CAD","1.32","1.00","Jan 7, 2027","2.25","CAD","Jan 7, 2022"
"TD","TORONTO-DOMINION BANK/THE MTN","Financial","Fixed Income","6,242,786.18","0.26","6,242,786.18","6,241,000.00","6,241,000.00","99.74","Canada","-","CAD","1.37","1.00","Jan 26, 2032","3.06","CAD","Jun 25, 2019"
"C","CITIGROUP INC","Financial","Fixed Income","6,078,606.84","0.26","6,078,606.84","5,950,000.00","5,950,000.00","101.08","United States","-","CAD","4.23","1.00","Jun 3, 2035","4.55","CAD","Jun 3, 2025"
"BNS","BANK OF NOVA SCOTIA","Financial","Fixed Income","6,046,652.32","0.26","6,046,652.32","6,199,000.00","6,199,000.00","97.08","Canada","-","CAD","2.11","1.00","Nov 1, 2027","1.40","CAD","Oct 15, 2020"
"RY","ROYAL BANK OF CANADA RegS","Financial","Fixed Income","6,010,191.93","0.26","6,010,191.93","5,823,000.00","5,823,000.00","101.75","Canada","-","CAD","3.71","1.00","Oct 17, 2030","4.00","CAD","Oct 17, 2024"
"RY","ROYAL BANK OF CANADA MTN RegS","Financial","Fixed Income","5,970,536.74","0.25","5,970,536.74","5,747,000.00","5,747,000.00","103.51","Canada","-","CAD","2.28","1.00","Feb 1, 2033","5.01","CAD","Jan 31, 2023"
"RCICN","ROGERS COMMS INC","Communication","Fixed Income","5,945,088.47","0.25","5,945,088.47","5,129,000.00","5,129,000.00","113.84","Canada","-","CAD","9.27","1.00","Nov 9, 2039","6.75","CAD","Apr 3, 2023"
"RCICN","ROGERS COMMUNICATIONS INC","Communication","Fixed Income","5,880,893.55","0.25","5,880,893.55","5,767,000.00","5,767,000.00","100.46","Canada","-","CAD","1.39","1.00","Mar 31, 2027","3.65","CAD","Mar 31, 2020"
"NACN","NATIONAL BANK OF CANADA","Financial","Fixed Income","5,878,469.88","0.25","5,878,469.88","5,565,000.00","5,565,000.00","105.25","Canada","-","CAD","3.14","1.00","Feb 1, 2029","5.02","CAD","Dec 7, 2023"
"RY","ROYAL BANK OF CANADA","Financial","Fixed Income","5,867,146.15","0.25","5,867,146.15","5,770,000.00","5,770,000.00","101.39","Canada","-","CAD","4.02","1.00","Feb 4, 2035","4.28","CAD","Jan 29, 2025"
"TRPCN","TRANSCANADA TRUST","Energy","Fixed Income","5,837,270.55","0.25","5,837,270.55","5,739,000.00","5,739,000.00","100.40","Canada","-","CAD","1.58","1.00","May 18, 2077","4.65","CAD","May 18, 2017"
"CCDJ","FEDERATION DES CAISSES DESJARDINS","Financial","Fixed Income","5,708,195.01","0.24","5,708,195.01","5,300,000.00","5,300,000.00","106.14","Canada","-","CAD","2.85","1.00","Nov 17, 2028","5.47","CAD","Nov 17, 2023"
"TD","TORONTO-DOMINION BANK/THE","Financial","Fixed Income","5,668,857.25","0.24","5,668,857.25","5,503,000.00","5,503,000.00","101.69","Canada","-","CAD","3.73","1.00","Oct 31, 2030","4.00","CAD","Oct 31, 2024"
"BCECN","BELL CANADA MTN","Communication","Fixed Income","5,568,227.12","0.24","5,568,227.12","5,005,000.00","5,005,000.00","109.47","Canada","-","CAD","5.74","1.00","Nov 10, 2032","5.85","CAD","Nov 10, 2022"
"RY","ROYAL BANK OF CANADA","Financial","Fixed Income","5,530,681.77","0.23","5,530,681.77","5,102,000.00","5,102,000.00","107.46","Canada","-","CAD","4.24","1.00","Jun 24, 2030","5.23","CAD","Jun 23, 2023"
"NEE","NEXTERA ENERGY CAPITAL HOLDINGS IN","Energy","Fixed Income","5,494,675.05","0.23","5,494,675.05","5,375,000.00","5,375,000.00","101.23","United States","-","CAD","7.71","1.00","Jun 12, 2035","4.67","CAD","Jun 12, 2025"
"TRPCN","TRANSCANADA PIPELINES LTD MTN RegS","Energy","Fixed Income","5,442,101.79","0.23","5,442,101.79","5,081,000.00","5,081,000.00","106.46","Canada","-","CAD","4.18","1.00","Jul 15, 2030","5.28","CAD","Mar 10, 2023"
"BNS","BANK OF NOVA SCOTIA","Financial","Fixed Income","5,425,464.81","0.23","5,425,464.81","5,291,000.00","5,291,000.00","101.25","Canada","-","CAD","7.25","1.00","Nov 15, 2035","4.44","CAD","Oct 18, 2024"
"HLTHQC","HEALTH MONTREAL COLLECTIVE LP 144A","Infrastructure","Fixed Income","5,395,687.95","0.23","5,395,687.95","4,494,594.00","4,494,594.00","117.27","Canada","-","CAD","9.34","1.00","Sep 30, 2049","6.72","CAD","Jun 10, 2011"
"CM","CANADIAN IMPERIAL BANK OF COMMERCE","Financial","Fixed Income","5,250,331.10","0.22","5,250,331.10","5,135,000.00","5,135,000.00","100.55","Canada","-","CAD","4.10","1.00","Apr 2, 2035","4.15","CAD","Apr 2, 2025"
"CM","CANADIAN IMPERIAL BANK OF COMMERCE","Financial","Fixed Income","5,220,349.28","0.22","5,220,349.28","4,940,000.00","4,940,000.00","104.98","Canada","-","CAD","2.15","1.00","Jan 14, 2028","5.50","CAD","Jul 14, 2023"
"TD","TORONTO-DOMINION BANK/THE RegS","Financial","Fixed Income","5,183,203.14","0.22","5,183,203.14","5,270,000.00","5,270,000.00","97.45","Canada","-","CAD","2.42","1.00","Mar 8, 2028","1.89","CAD","Mar 8, 2021"
"CM","CANADIAN IMPERIAL BANK OF COMMERCE","Financial","Fixed Income","5,180,893.93","0.22","5,180,893.93","5,005,000.00","5,005,000.00","102.38","Canada","-","CAD","1.22","1.00","Dec 7, 2026","5.00","CAD","Dec 7, 2023"
"ENBCN","ENBRIDGE INC MTN","Energy","Fixed Income","5,177,816.86","0.22","5,177,816.86","5,142,000.00","5,142,000.00","99.98","Canada","-","CAD","1.61","1.00","Jun 8, 2027","3.20","CAD","Jun 8, 2017"
"ATH","ATHENE GLOBAL FUNDING MTN RegS","Financial","Fixed Income","5,135,852.96","0.22","5,135,852.96","5,040,000.00","5,040,000.00","100.80","United States","-","CAD","4.24","1.00","May 23, 2030","4.09","CAD","May 23, 2025"
"BNS","BANK OF NOVA SCOTIA","Financial","Fixed Income","5,075,177.78","0.22","5,075,177.78","4,865,000.00","4,865,000.00","103.94","Canada","-","CAD","3.56","1.00","Aug 1, 2034","4.95","CAD","Jun 18, 2024"
"RY","ROYAL BANK OF CANADA MTN RegS","Financial","Fixed Income","5,027,439.30","0.21","5,027,439.30","4,840,000.00","4,840,000.00","103.59","Canada","-","CAD","3.58","1.00","Aug 8, 2034","4.83","CAD","Jul 29, 2024"
"CCDJ","FEDERATION DES CAISSES DESJARDINS","Financial","Fixed Income","5,010,345.99","0.21","5,010,345.99","4,875,000.00","4,875,000.00","101.13","Canada","-","CAD","3.70","1.00","Sep 24, 2029","3.80","CAD","Sep 24, 2024"
"GWOCN","GREAT-WEST LIFECO INC","Financial","Fixed Income","4,967,717.60","0.21","4,967,717.60","5,379,000.00","5,379,000.00","91.77","Canada","-","CAD","0.75","1.00","Dec 31, 2081","3.60","CAD","Aug 16, 2021"
"BMO","BANK OF MONTREAL MTN RegS","Financial","Fixed Income","4,877,923.61","0.21","4,877,923.61","4,768,000.00","4,768,000.00","100.33","Canada","-","CAD","4.03","1.00","Mar 5, 2035","4.08","CAD","Mar 5, 2025"
"CCDJ","FEDERATION DES CAISSES DESJARDINS RegS","Financial","Fixed Income","4,848,877.71","0.21","4,848,877.71","4,770,000.00","4,770,000.00","101.23","Canada","-","CAD","3.99","1.00","Jan 24, 2035","4.26","CAD","Jan 24, 2025"
"BNS","BANK OF NOVA SCOTIA","Financial","Fixed Income","4,835,846.18","0.21","4,835,846.18","4,819,000.00","4,819,000.00","99.72","Canada","-","CAD","1.22","1.00","Dec 2, 2026","2.62","CAD","Dec 2, 2016"
"CVECN","CENOVUS ENERGY INC","Energy","Fixed Income","4,824,738.07","0.20","4,824,738.07","4,817,000.00","4,817,000.00","99.95","Canada","-","CAD","2.30","1.00","Feb 7, 2028","3.50","CAD","Aug 7, 2020"
"CM","CANADIAN IMPERIAL BANK OF COMMERCE","Financial","Fixed Income","4,714,237.03","0.20","4,714,237.03","4,640,000.00","4,640,000.00","100.80","Canada","-","CAD","2.15","1.00","Dec 10, 2028","3.65","CAD","Dec 10, 2024"
"BNS","BANK OF NOVA SCOTIA","Financial","Fixed Income","4,699,374.21","0.20","4,699,374.21","4,575,000.00","4,575,000.00","101.08","Canada","-","CAD","3.67","1.00","Sep 26, 2030","3.84","CAD","Sep 26, 2024"
"MFCCN","MANULIFE FINANCIAL CORP","Financial","Fixed Income","4,696,286.67","0.20","4,696,286.67","4,487,000.00","4,487,000.00","104.58","Canada","-","CAD","3.17","1.00","Feb 23, 2034","5.05","CAD","Feb 23, 2024"
"TCN","TELUS CORPORATION","Communication","Fixed Income","4,658,905.74","0.20","4,658,905.74","4,341,000.00","4,341,000.00","105.80","Canada","-","CAD","5.87","1.00","Nov 15, 2032","5.25","CAD","Sep 13, 2022"
"MFCCN","MANULIFE FINANCIAL CORP RegS","Financial","Fixed Income","4,590,545.57","0.19","4,590,545.57","4,280,000.00","4,280,000.00","104.71","Canada","-","CAD","2.31","1.00","Mar 10, 2033","5.41","CAD","Mar 10, 2023"
"CP","CANADIAN PACIFIC RAILWAY COMPANY","Industrial","Fixed Income","4,578,109.18","0.19","4,578,109.18","4,638,000.00","4,638,000.00","98.70","Canada","-","CAD","2.40","1.00","Feb 28, 2028","2.54","CAD","Nov 24, 2021"
"BCECN","BELL CANADA MTN RegS","Communication","Fixed Income","4,562,928.51","0.19","4,562,928.51","4,365,000.00","4,365,000.00","104.46","Canada","-","CAD","7.14","1.00","Aug 24, 2034","5.15","CAD","May 24, 2024"
"CM","CANADIAN IMPERIAL BANK OF COMMERCE","Financial","Fixed Income","4,556,531.51","0.19","4,556,531.51","4,485,000.00","4,485,000.00","100.85","Canada","-","CAD","4.27","1.00","Jun 20, 2031","3.90","CAD","Jun 20, 2025"
"RY","ROYAL BANK OF CANADA MTN RegS","Financial","Fixed Income","4,502,483.64","0.19","4,502,483.64","4,435,000.00","4,435,000.00","100.81","Canada","-","CAD","4.31","1.00","Jul 3, 2035","4.57","CAD","Jul 3, 2025"
"WEMALL","ORIGINAL WEMPI INC","Real Estate","Fixed Income","4,490,398.06","0.19","4,490,398.06","4,050,000.00","4,050,000.00","107.74","Canada","-","CAD","1.69","1.00","Oct 4, 2027","7.79","CAD","Oct 4, 2023"
"CM","CANADIAN IMPERIAL BANK OF COMMERCE","Financial","Fixed Income","4,451,122.72","0.19","4,451,122.72","4,248,000.00","4,248,000.00","103.73","Canada","-","CAD","3.43","1.00","Jun 12, 2034","4.90","CAD","Jun 12, 2024"
"BMO","BANK OF MONTREAL RegS","Financial","Fixed Income","4,405,811.32","0.19","4,405,811.32","4,017,000.00","4,017,000.00","106.79","Canada","-","CAD","2.71","1.00","Sep 7, 2033","6.03","CAD","Sep 7, 2023"
"TD","TORONTO-DOMINION BANK/THE MTN","Financial","Fixed Income","4,387,901.19","0.19","4,387,901.19","4,325,000.00","4,325,000.00","101.13","Canada","-","CAD","4.02","1.00","Feb 1, 2035","4.23","CAD","Jan 31, 2025"
"TD","TORONTO-DOMINION BANK/THE RegS","Financial","Fixed Income","4,365,257.13","0.19","4,365,257.13","4,466,000.00","4,466,000.00","96.86","Canada","-","CAD","2.90","1.00","Sep 11, 2028","1.90","CAD","Sep 10, 2021"
"RY","ROYAL BANK OF CANADA","Financial","Fixed Income","4,358,131.97","0.18","4,358,131.97","4,220,000.00","4,220,000.00","101.63","Canada","-","CAD","7.18","1.00","Oct 17, 2035","4.46","CAD","Oct 17, 2024"
"CM","CANADIAN IMPERIAL BANK OF COMMERCE","Financial","Fixed Income","4,339,854.73","0.18","4,339,854.73","4,113,000.00","4,113,000.00","104.88","Canada","-","CAD","3.09","1.00","Jan 16, 2034","5.30","CAD","Jan 16, 2024"
"PLEPCL","PLENARY PCL HEALTH HIEP LP","Infrastructure","Fixed Income","4,337,448.56","0.18","4,337,448.56","4,388,216.00","4,388,216.00","98.04","Canada","-","CAD","12.94","1.00","Jun 30, 2060","4.91","CAD","Feb 14, 2025"
"MCD","MCDONALDS CORPORATION","Industrial","Fixed Income","4,309,848.62","0.18","4,309,848.62","4,277,000.00","4,277,000.00","100.68","United States","-","CAD","6.01","1.00","Aug 21, 2032","4.11","CAD","Aug 21, 2025"
"RCICN","ROGERS COMMUNICATIONS INC","Communication","Fixed Income","4,275,783.12","0.18","4,275,783.12","4,192,000.00","4,192,000.00","100.41","Canada","-","CAD","5.63","1.00","Apr 15, 2032","4.25","CAD","Mar 11, 2022"
"RCICN","ROGERS COMMUNICATIONS INC","Communication","Fixed Income","4,264,056.71","0.18","4,264,056.71","4,186,000.00","4,186,000.00","100.47","Canada","-","CAD","3.29","1.00","Apr 15, 2029","3.75","CAD","Mar 11, 2022"
"BNCN","BROOKFIELD FINANCE II INC RegS","Industrial","Fixed Income","4,231,280.07","0.18","4,231,280.07","3,916,000.00","3,916,000.00","106.92","Canada","-","CAD","5.91","1.00","Dec 14, 2032","5.43","CAD","Dec 14, 2022"
"RCICN","ROGERS COMMUNICATIONS INC RegS","Communication","Fixed Income","4,209,427.38","0.18","4,209,427.38","3,750,000.00","3,750,000.00","109.65","Canada","-","CAD","6.25","1.00","Sep 21, 2033","5.90","CAD","Sep 21, 2023"
"CCDJ","FEDERATION DES CAISSES DESJARDINS RegS","Financial","Fixed Income","4,194,733.94","0.18","4,194,733.94","3,940,000.00","3,940,000.00","104.93","Canada","-","CAD","3.33","1.00","May 15, 2034","5.28","CAD","May 15, 2024"
"NACN","NATIONAL BANK OF CANADA","Financial","Fixed Income","4,191,689.60","0.18","4,191,689.60","4,155,000.00","4,155,000.00","100.10","Canada","-","CAD","1.87","1.00","Aug 15, 2028","3.31","CAD","Jun 4, 2025"
"RCICN","ROGERS COMMUNICATIONS INC RegS","Communication","Fixed Income","4,180,042.48","0.18","4,180,042.48","3,845,000.00","3,845,000.00","106.20","Canada","-","CAD","2.69","1.00","Sep 21, 2028","5.70","CAD","Sep 21, 2023"
"HYDONE","HYDRO ONE INC MTN","Infrastructure","Fixed Income","4,143,062.51","0.18","4,143,062.51","4,084,000.00","4,084,000.00","100.79","Canada","-","CAD","7.59","1.00","Jan 4, 2035","4.25","CAD","Aug 20, 2024"
"CM","CANADIAN IMPERIAL BANK OF COMMERCE","Financial","Fixed Income","4,126,456.33","0.18","4,126,456.33","4,006,000.00","4,006,000.00","101.35","Canada","-","CAD","1.50","1.00","Apr 7, 2032","4.20","CAD","Apr 7, 2022"
"BCECN","BELL CANADA MTN RegS","Communication","Fixed Income","4,106,042.79","0.17","4,106,042.79","3,966,000.00","3,966,000.00","103.28","Canada","-","CAD","3.95","1.00","Feb 9, 2030","4.55","CAD","Feb 9, 2023"
"BCECN","BELL TELEPHONE COMPANY OF CANADA O MTN","Communication","Fixed Income","4,064,883.95","0.17","4,064,883.95","4,021,000.00","4,021,000.00","101.01","Canada","-","CAD","2.66","1.00","Aug 21, 2028","3.80","CAD","Aug 21, 2018"
"NYLIFE","NEW YORK LIFE GLOBAL FUNDING RegS","Financial","Fixed Income","4,052,304.46","0.17","4,052,304.46","4,005,000.00","4,005,000.00","100.38","United States","-","CAD","5.88","1.00","Jun 17, 2032","4.00","CAD","Jun 17, 2025"
"TD","TORONTO-DOMINION BANK/THE RegS","Financial","Fixed Income","4,051,726.24","0.17","4,051,726.24","3,850,000.00","3,850,000.00","103.51","Canada","-","CAD","3.27","1.00","Apr 2, 2029","4.23","CAD","Mar 20, 2024"
"NACN","NATIONAL BANK OF CANADA MTN","Financial","Fixed Income","4,009,602.74","0.17","4,009,602.74","3,955,000.00","3,955,000.00","101.22","Canada","-","CAD","4.05","1.00","Feb 15, 2035","4.26","CAD","Jan 13, 2025"
"ENBCN","ENBRIDGE INC MTN","Energy","Fixed Income","3,962,740.70","0.17","3,962,740.70","4,000,000.00","4,000,000.00","98.97","Canada","-","CAD","14.39","1.00","Aug 22, 2054","5.32","CAD","Aug 22, 2024"
"TD","TORONTO-DOMINION BANK/THE","Financial","Fixed Income","3,957,970.49","0.17","3,957,970.49","3,858,000.00","3,858,000.00","101.13","Canada","-","CAD","7.21","1.00","Oct 31, 2035","4.42","CAD","Oct 31, 2024"
"CM","CANADIAN IMPERIAL BANK OF COMMERCE","Financial","Fixed Income","3,950,257.35","0.17","3,950,257.35","3,775,000.00","3,775,000.00","104.07","Canada","-","CAD","2.24","1.00","Jan 20, 2033","5.33","CAD","Jan 20, 2023"
"RCICN","ROGERS COMMUNICATIONS INC","Communication","Fixed Income","3,931,614.19","0.17","3,931,614.19","3,939,000.00","3,939,000.00","97.86","Canada","-","CAD","13.66","1.00","Apr 15, 2052","5.25","CAD","Mar 11, 2022"
"CCDJ","FEDERATION DES CAISSES DESJARDINS","Financial","Fixed Income","3,894,255.51","0.17","3,894,255.51","3,768,000.00","3,768,000.00","102.12","Canada","-","CAD","1.64","1.00","May 19, 2027","4.41","CAD","May 19, 2022"
"BCECN","BELL CANADA INC MTN","Communication","Fixed Income","3,893,847.85","0.17","3,893,847.85","4,018,000.00","4,018,000.00","95.55","Canada","-","CAD","4.99","1.00","Mar 17, 2031","3.00","CAD","Mar 17, 2021"
"NACN","NATIONAL BANK OF CANADA","Financial","Fixed Income","3,838,840.60","0.16","3,838,840.60","3,843,000.00","3,843,000.00","99.17","Canada","-","CAD","1.15","1.00","Nov 4, 2026","2.24","CAD","Nov 4, 2021"
"TRPCN","TRANSCANADA PIPELINES LTD MTN","Energy","Fixed Income","3,819,162.82","0.16","3,819,162.82","3,815,000.00","3,815,000.00","100.00","Canada","-","CAD","7.61","1.00","Feb 20, 2035","4.58","CAD","Feb 20, 2025"
"HYDONE","HYDRO ONE INC MTN","Infrastructure","Fixed Income","3,802,799.50","0.16","3,802,799.50","3,797,000.00","3,797,000.00","98.94","Canada","-","CAD","15.04","1.00","Nov 30, 2054","4.85","CAD","Nov 30, 2023"
"SLFCN","SUN LIFE FINANCIAL INC","Financial","Fixed Income","3,802,128.47","0.16","3,802,128.47","3,832,000.00","3,832,000.00","98.45","Canada","-","CAD","3.03","1.00","Nov 21, 2033","2.80","CAD","Nov 18, 2021"
"COAGAS","COASTAL GASLINK PIPELINE LP","Energy","Fixed Income","3,788,564.12","0.16","3,788,564.12","3,380,000.00","3,380,000.00","109.66","Canada","-","CAD","12.32","1.00","Mar 30, 2049","5.86","CAD","Jun 13, 2024"
"NACN","NATIONAL BANK OF CANADA","Financial","Fixed Income","3,776,869.86","0.16","3,776,869.86","3,745,000.00","3,745,000.00","100.44","Canada","-","CAD","2.71","1.00","Jul 17, 2029","3.52","CAD","Jul 17, 2025"
"MFCCN","MANULIFE FINANCIAL CORP","Financial","Fixed Income","3,762,742.78","0.16","3,762,742.78","3,685,000.00","3,685,000.00","101.17","Canada","-","CAD","3.82","1.00","Dec 6, 2034","4.06","CAD","Dec 6, 2024"
"BNS","BANK OF NOVA SCOTIA RegS","Financial","Fixed Income","3,750,104.12","0.16","3,750,104.12","3,537,000.00","3,537,000.00","105.60","Canada","-","CAD","2.70","1.00","Aug 2, 2033","5.68","CAD","Jun 12, 2023"
"MFCCN","MANULIFE FINANCIAL CORP","Financial","Fixed Income","3,747,728.38","0.16","3,747,728.38","3,840,000.00","3,840,000.00","96.76","Canada","-","CAD","4.27","1.00","May 13, 2035","2.82","CAD","May 12, 2020"
"BMO","BANK OF MONTREAL","Financial","Fixed Income","3,710,852.54","0.16","3,710,852.54","3,540,000.00","3,540,000.00","104.05","Canada","-","CAD","3.48","1.00","Jul 3, 2034","4.98","CAD","Jul 3, 2024"
"ENBCN","ENBRIDGE INC MTN","Energy","Fixed Income","3,701,909.85","0.16","3,701,909.85","3,956,000.00","3,956,000.00","92.21","Canada","-","CAD","6.92","1.00","Sep 21, 2033","3.10","CAD","Sep 21, 2021"
"CCDJ","FEDERATION DES CAISSES DESJARDINS","Financial","Fixed Income","3,687,429.72","0.16","3,687,429.72","3,573,000.00","3,573,000.00","103.12","Canada","-","CAD","1.89","1.00","Aug 23, 2032","5.04","CAD","Aug 23, 2022"
"HYDONE","HYDRO ONE INC MTN","Infrastructure","Fixed Income","3,675,356.58","0.16","3,675,356.58","3,331,000.00","3,331,000.00","108.85","Canada","-","CAD","8.13","1.00","May 20, 2036","5.36","CAD","May 19, 2005"
"NWRWPT","NORTH WEST REDWATER PARTNERSHIP","Energy","Fixed Income","3,668,799.13","0.16","3,668,799.13","3,821,000.00","3,821,000.00","95.33","Canada","-","CAD","5.23","1.00","Jun 1, 2031","2.80","CAD","Jun 30, 2021"
"TCN","TELUS CORPORATION","Communication","Fixed Income","3,646,652.29","0.15","3,646,652.29","3,628,000.00","3,628,000.00","99.44","Canada","-","CAD","3.37","1.00","May 2, 2029","3.30","CAD","Apr 3, 2019"
"RY","ROYAL BANK OF CANADA RegS","Financial","Fixed Income","3,628,545.41","0.15","3,628,545.41","3,612,000.00","3,612,000.00","99.51","Canada","-","CAD","1.60","1.00","May 3, 2032","2.94","CAD","Jan 25, 2022"
"TCN","TELUS CORPORATION","Communication","Fixed Income","3,626,635.87","0.15","3,626,635.87","3,793,000.00","3,793,000.00","93.67","Canada","-","CAD","11.60","1.00","Apr 5, 2044","4.85","CAD","Apr 4, 2014"
"SLFCN","SUN LIFE FINANCIAL INC MTN","Financial","Fixed Income","3,614,160.63","0.15","3,614,160.63","3,619,000.00","3,619,000.00","99.08","Canada","-","CAD","1.62","1.00","May 10, 2032","2.58","CAD","May 8, 2020"
"BCECN","BELL CANADA INC","Communication","Fixed Income","3,601,384.72","0.15","3,601,384.72","3,742,000.00","3,742,000.00","95.51","Canada","-","CAD","4.37","1.00","May 14, 2030","2.50","CAD","May 14, 2020"
"TCN","TELUS CORPORATION","Communication","Fixed Income","3,564,755.58","0.15","3,564,755.58","3,200,000.00","3,200,000.00","108.66","Canada","-","CAD","6.25","1.00","Sep 8, 2033","5.75","CAD","Sep 8, 2023"
"PACLIF","PACIFIC LIFE GLOBAL FUNDING II RegS","Financial","Fixed Income","3,563,347.99","0.15","3,563,347.99","3,510,000.00","3,510,000.00","101.16","United States","-","CAD","5.96","1.00","Jul 29, 2032","4.20","CAD","Jul 29, 2025"
"ENBCN","ENBRIDGE INC MTN","Energy","Fixed Income","3,560,354.81","0.15","3,560,354.81","3,585,000.00","3,585,000.00","98.10","Canada","-","CAD","3.77","1.00","Oct 3, 2029","2.99","CAD","Oct 3, 2019"
"HYDONE","HYDRO ONE INC MTN RegS","Infrastructure","Fixed Income","3,540,212.62","0.15","3,540,212.62","3,520,000.00","3,520,000.00","100.53","Canada","-","CAD","6.05","1.00","Aug 25, 2032","3.94","CAD","Aug 25, 2025"
"BCECN","BELL CANADA MTN RegS","Communication","Fixed Income","3,531,223.41","0.15","3,531,223.41","3,425,000.00","3,425,000.00","102.83","Canada","-","CAD","13.99","1.00","Aug 11, 2053","5.60","CAD","Aug 11, 2023"
"ENBCN","ENBRIDGE INC MTN","Energy","Fixed Income","3,524,329.49","0.15","3,524,329.49","3,468,000.00","3,468,000.00","101.53","Canada","-","CAD","7.24","1.00","Aug 22, 2034","4.73","CAD","Aug 22, 2024"
"CUCN","CU INC","Energy","Fixed Income","3,506,652.19","0.15","3,506,652.19","3,825,000.00","3,825,000.00","89.66","Canada","-","CAD","12.37","1.00","Sep 2, 2044","4.09","CAD","Sep 5, 2014"
"RY","ROYAL BANK OF CANADA","Financial","Fixed Income","3,505,977.90","0.15","3,505,977.90","3,623,000.00","3,623,000.00","96.62","Canada","-","CAD","2.34","1.00","Jan 28, 2033","1.67","CAD","Jan 28, 2021"
"TRPCN","TRANSCANADA PIPELINES LTD MTN","Energy","Fixed Income","3,495,158.57","0.15","3,495,158.57","3,774,000.00","3,774,000.00","91.29","Canada","-","CAD","10.94","1.00","Nov 15, 2041","4.55","CAD","Nov 15, 2011"
"TRPCN","TRANSCANADA PIPELINES LTD MTN","Energy","Fixed Income","3,489,094.36","0.15","3,489,094.36","3,470,000.00","3,470,000.00","100.34","Canada","-","CAD","4.56","1.00","Feb 15, 2056","5.20","CAD","Aug 14, 2025"
"THPMCN","TRILLIUM M PROJECT CO GENERAL PART","Infrastructure","Fixed Income","3,483,845.24","0.15","3,483,845.24","3,400,000.00","3,400,000.00","101.74","Canada","-","CAD","14.33","1.00","Oct 31, 2062","5.30","CAD","Jul 10, 2025"
"TRPCN","TRANSCANADA PIPELINES LTD","Energy","Fixed Income","3,469,445.03","0.15","3,469,445.03","3,208,000.00","3,208,000.00","106.56","Canada","-","CAD","5.47","1.00","May 12, 2032","5.33","CAD","May 12, 2022"
"RY","ROYAL BANK OF CANADA","Financial","Fixed Income","3,467,451.76","0.15","3,467,451.76","3,572,000.00","3,572,000.00","96.93","Canada","-","CAD","2.81","1.00","Jul 31, 2028","1.83","CAD","Jul 29, 2021"
"COAGAS","COASTAL GASLINK PIPELINE LP","Energy","Fixed Income","3,457,102.72","0.15","3,457,102.72","3,222,000.00","3,222,000.00","106.38","Canada","-","CAD","11.64","1.00","Jun 30, 2044","5.61","CAD","Jun 13, 2024"
"COAGAS","COASTAL GASLINK PIPELINE LP","Energy","Fixed Income","3,432,959.18","0.15","3,432,959.18","3,100,000.00","3,100,000.00","109.78","Canada","-","CAD","12.56","1.00","Jun 30, 2049","5.86","CAD","Jun 13, 2024"
"PPLCN","PEMBINA PIPELINE CORP MTN RegS","Energy","Fixed Income","3,424,916.74","0.15","3,424,916.74","3,255,000.00","3,255,000.00","104.56","Canada","-","CAD","5.34","1.00","Jan 12, 2032","5.02","CAD","Jan 12, 2024"
"ENBPIP","ENBRIDGE PIPELINES INC MTN","Energy","Fixed Income","3,414,734.82","0.14","3,414,734.82","3,404,000.00","3,404,000.00","100.25","Canada","-","CAD","3.21","1.00","Feb 22, 2029","3.52","CAD","Feb 22, 2019"
"ATDBCN","ALIMENTATION COUCHE-TARD INC","Industrial","Fixed Income","3,413,392.48","0.14","3,413,392.48","3,090,000.00","3,090,000.00","108.06","Canada","-","CAD","4.24","1.00","Sep 25, 2030","5.59","CAD","Sep 25, 2023"
"TRPCN","TRANSCANADA PIPELINES LTD MTN","Energy","Fixed Income","3,402,066.99","0.14","3,402,066.99","3,874,000.00","3,874,000.00","86.20","Canada","-","CAD","13.68","1.00","Oct 15, 2049","4.34","CAD","Apr 10, 2019"
"BCECN","BELL TELEPHONE COMPANY OF CANADA O MTN","Communication","Fixed Income","3,376,935.26","0.14","3,376,935.26","3,306,000.00","3,306,000.00","100.64","Canada","-","CAD","1.82","1.00","Sep 29, 2027","3.60","CAD","Sep 29, 2017"
"ONTPOW","ONTARIO POWER GENERATION INC MTN","Energy","Fixed Income","3,367,193.17","0.14","3,367,193.17","3,364,000.00","3,364,000.00","98.84","Canada","-","CAD","4.18","1.00","Apr 8, 2030","3.21","CAD","Apr 8, 2020"
"TCN","TELUS CORPORATION","Communication","Fixed Income","3,366,151.62","0.14","3,366,151.62","3,260,000.00","3,260,000.00","103.05","Canada","-","CAD","5.13","1.00","Aug 13, 2031","4.65","CAD","Aug 13, 2024"
"ENBCN","ENBRIDGE INC MTN","Energy","Fixed Income","3,351,844.85","0.14","3,351,844.85","2,970,000.00","2,970,000.00","110.98","Canada","-","CAD","5.69","1.00","Nov 9, 2032","6.10","CAD","Nov 9, 2022"
"CVECN","CENOVUS ENERGY INC","Energy","Fixed Income","3,330,951.15","0.14","3,330,951.15","3,265,000.00","3,265,000.00","100.32","Canada","-","CAD","1.28","1.00","Mar 10, 2027","3.60","CAD","Mar 10, 2017"
"IPLCN","INTER PIPELINE LTD RegS","Energy","Fixed Income","3,314,252.21","0.14","3,314,252.21","3,060,000.00","3,060,000.00","106.87","Canada","-","CAD","4.01","1.00","May 29, 2030","5.71","CAD","May 29, 2023"
"MET","METROPOLITAN LIFE GLOBAL FUNDING I MTN RegS","Financial","Fixed Income","3,277,498.76","0.14","3,277,498.76","3,235,000.00","3,235,000.00","100.34","United States","-","CAD","6.55","1.00","Jun 6, 2033","4.15","CAD","Jun 4, 2025"
"PPLCN","PEMBINA PIPELINE CORP MTN RegS","Energy","Fixed Income","3,263,118.84","0.14","3,263,118.84","3,145,000.00","3,145,000.00","103.01","Canada","-","CAD","13.93","1.00","Jan 12, 2054","5.67","CAD","Jan 12, 2024"
"BMO","BANK OF MONTREAL","Financial","Fixed Income","3,259,855.26","0.14","3,259,855.26","3,000,000.00","3,000,000.00","106.44","Canada","-","CAD","1.99","1.00","Oct 27, 2032","6.53","CAD","Oct 27, 2022"
"NACN","NATIONAL BANK OF CANADA","Financial","Fixed Income","3,252,604.40","0.14","3,252,604.40","3,190,000.00","3,190,000.00","100.53","Canada","-","CAD","1.07","1.00","Oct 7, 2027","3.64","CAD","Oct 7, 2024"
"ENBCN","ENBRIDGE INC MTN","Energy","Fixed Income","3,243,451.43","0.14","3,243,451.43","3,250,000.00","3,250,000.00","99.75","Canada","-","CAD","7.63","1.00","Feb 25, 2035","4.56","CAD","Feb 25, 2025"
"ENBCN","ENBRIDGE INC","Energy","Fixed Income","3,238,177.75","0.14","3,238,177.75","3,000,000.00","3,000,000.00","105.42","Canada","-","CAD","2.37","1.00","Apr 12, 2078","6.63","CAD","Apr 12, 2018"
"COAGAS","COASTAL GASLINK PIPELINE LP","Energy","Fixed Income","3,212,089.72","0.14","3,212,089.72","2,940,000.00","2,940,000.00","106.92","Canada","-","CAD","12.40","1.00","Mar 30, 2047","5.61","CAD","Jun 13, 2024"
"FFHCN","FAIRFAX FINANCIAL HOLDINGS LTD","Financial","Fixed Income","3,211,561.39","0.14","3,211,561.39","3,140,000.00","3,140,000.00","100.34","Canada","-","CAD","4.80","1.00","Mar 3, 2031","3.95","CAD","Mar 1, 2021"
"HYDONE","HYDRO ONE INC MTN RegS","Infrastructure","Fixed Income","3,208,173.85","0.14","3,208,173.85","3,190,000.00","3,190,000.00","100.52","Canada","-","CAD","8.02","1.00","Aug 24, 2035","4.30","CAD","Aug 25, 2025"
"NACN","NATIONAL BANK OF CANADA","Financial","Fixed Income","3,189,761.82","0.14","3,189,761.82","3,067,000.00","3,067,000.00","103.81","Canada","-","CAD","1.86","1.00","Aug 16, 2032","5.43","CAD","Jul 25, 2022"
"ALCTRA","ALECTRA INC (CANADA)","Infrastructure","Fixed Income","3,174,804.22","0.13","3,174,804.22","3,179,000.00","3,179,000.00","99.16","Canada","-","CAD","1.65","1.00","May 17, 2027","2.49","CAD","May 17, 2017"
"PLD","PROLOGIS LP","Real Estate","Fixed Income","3,169,173.25","0.13","3,169,173.25","3,135,000.00","3,135,000.00","100.93","United States","-","CAD","6.34","1.00","Feb 15, 2033","4.20","CAD","Feb 4, 2025"
"GTAAIR","GREATER TORONTO AIRPORTS AUTHORITY MTN","Infrastructure","Fixed Income","3,161,792.87","0.13","3,161,792.87","3,011,000.00","3,011,000.00","104.95","Canada","-","CAD","10.59","1.00","Feb 25, 2041","5.30","CAD","Feb 23, 2011"
"FORTFD_21-1-A","FORTFD_21-1 A","Securitized","Fixed Income","3,148,796.49","0.13","3,148,796.49","3,161,000.00","3,161,000.00","98.93","Canada","-","CAD","1.12","1.00","Oct 23, 2026","1.96","CAD","Oct 27, 2021"
"TRPCN","TRANSCANADA PIPELINES LTD MTN","Energy","Fixed Income","3,141,290.01","0.13","3,141,290.01","3,538,000.00","3,538,000.00","86.82","Canada","-","CAD","13.05","1.00","Sep 16, 2047","4.33","CAD","Sep 15, 2017"
"QBRCN","VIDEOTRON LTD RegS","Communication","Fixed Income","3,119,961.95","0.13","3,119,961.95","3,095,000.00","3,095,000.00","100.06","Canada","-","CAD","2.56","1.00","Jun 15, 2028","3.63","CAD","Jun 17, 2021"
"IPLCN","INTER PIPELINE LTD RegS","Energy","Fixed Income","3,117,428.68","0.13","3,117,428.68","2,790,000.00","2,790,000.00","111.37","Canada","-","CAD","6.48","1.00","Feb 9, 2034","6.59","CAD","Nov 9, 2023"
"COAGAS","COASTAL GASLINK PIPELINE LP","Energy","Fixed Income","3,114,973.74","0.13","3,114,973.74","2,860,000.00","2,860,000.00","108.00","Canada","-","CAD","9.69","1.00","Jun 30, 2039","5.54","CAD","Jun 13, 2024"
"SLFCN","SUN LIFE FINANCIAL INC","Financial","Fixed Income","3,113,220.48","0.13","3,113,220.48","2,899,000.00","2,899,000.00","105.90","Canada","-","CAD","4.84","1.00","May 15, 2036","5.12","CAD","May 15, 2024"
"CNRCN","CANADIAN NATIONAL RAILWAY COMPANY","Industrial","Fixed Income","3,108,252.97","0.13","3,108,252.97","3,190,000.00","3,190,000.00","96.01","Canada","-","CAD","14.70","1.00","May 10, 2053","4.70","CAD","May 10, 2023"
"ONTPOW","ONTARIO POWER GENERATION INC MTN","Energy","Fixed Income","3,096,507.39","0.13","3,096,507.39","2,947,000.00","2,947,000.00","104.25","Canada","-","CAD","7.08","1.00","Jun 28, 2034","4.83","CAD","Jun 28, 2024"
"CHPUCN","CHOICE PROPERTIES REAL ESTATE INVE","Real Estate","Fixed Income","3,094,091.85","0.13","3,094,091.85","2,974,000.00","2,974,000.00","102.05","Canada","-","CAD","2.14","1.00","Mar 8, 2028","4.18","CAD","Mar 8, 2018"
"QBRCN","VIDEOTRON LTD","Communication","Fixed Income","3,077,443.15","0.13","3,077,443.15","2,980,000.00","2,980,000.00","101.59","Canada","-","CAD","0.57","1.00","Jan 15, 2030","4.50","CAD","Oct 8, 2019"
"TRPCN","TRANSCANADA PIPELINES LTD MTN RegS","Energy","Fixed Income","3,072,139.48","0.13","3,072,139.48","3,076,000.00","3,076,000.00","98.53","Canada","-","CAD","3.73","1.00","Sep 18, 2029","3.00","CAD","Sep 18, 2019"
"HYDONE","HYDRO ONE INC MTN","Infrastructure","Fixed Income","3,059,413.06","0.13","3,059,413.06","2,922,000.00","2,922,000.00","104.26","Canada","-","CAD","2.19","1.00","Jan 27, 2028","4.91","CAD","Oct 27, 2022"
"BIP","BROOKFIELD INFRASTRUCTURE FINANCE","Infrastructure","Fixed Income","3,057,617.08","0.13","3,057,617.08","2,941,000.00","2,941,000.00","102.00","Canada","-","CAD","2.62","1.00","Sep 11, 2028","4.19","CAD","Sep 10, 2018"
"ENBCN","ENBRIDGE INC MTN","Energy","Fixed Income","3,054,443.61","0.13","3,054,443.61","3,030,000.00","3,030,000.00","100.76","Canada","-","CAD","4.09","1.00","Feb 25, 2030","3.90","CAD","Feb 25, 2025"
"RCICN","ROGERS COMMUNICATIONS INC.","Communication","Fixed Income","3,046,607.72","0.13","3,046,607.72","2,830,000.00","2,830,000.00","107.59","Canada","-","CAD","9.85","1.00","Aug 25, 2040","6.11","CAD","Aug 25, 2010"
"CM","CANADIAN IMPERIAL BANK OF COMMERCE","Financial","Fixed Income","3,040,540.42","0.13","3,040,540.42","2,860,000.00","2,860,000.00","104.39","Canada","-","CAD","2.43","1.00","Apr 20, 2033","5.35","CAD","Apr 20, 2023"
"ENBCN","ENBRIDGE INC 60NC10 RegS","Energy","Fixed Income","3,036,074.52","0.13","3,036,074.52","2,525,000.00","2,525,000.00","119.17","Canada","-","CAD","6.02","1.00","Jan 15, 2084","8.75","CAD","Sep 29, 2023"
"NWRWPT","NORTH WEST REDWATER PARTNERSHIP","Energy","Fixed Income","3,035,471.94","0.13","3,035,471.94","2,870,000.00","2,870,000.00","104.58","Canada","-","CAD","7.07","1.00","Jun 1, 2034","4.85","CAD","Jun 14, 2024"
"ETRHWY","407 INTERNATIONAL INC. MTN","Infrastructure","Fixed Income","3,006,762.24","0.13","3,006,762.24","2,713,000.00","2,713,000.00","110.59","Canada","-","CAD","7.96","1.00","Feb 14, 2036","5.75","CAD","Feb 14, 2006"
"GTAAIR","GREATER TORONTO AIRPORTS AUTHORITY","Infrastructure","Fixed Income","2,988,685.40","0.13","2,988,685.40","3,674,000.00","3,674,000.00","80.34","Canada","-","CAD","11.08","1.00","Oct 17, 2039","2.75","CAD","Sep 25, 2019"
"BMO","BANK OF MONTREAL","Financial","Fixed Income","2,952,700.21","0.13","2,952,700.21","2,940,000.00","2,940,000.00","99.83","Canada","-","CAD","1.24","1.00","Dec 9, 2026","2.70","CAD","Dec 9, 2016"
"CP","CANADIAN PACIFIC RAILWAY COMPANY","Industrial","Fixed Income","2,905,561.86","0.12","2,905,561.86","2,875,000.00","2,875,000.00","100.13","Canada","-","CAD","8.18","1.00","Jan 13, 2036","4.40","CAD","Jun 13, 2025"
"OMERS","OMERS REALTY CORP","Real Estate","Fixed Income","2,904,949.28","0.12","2,904,949.28","2,852,000.00","2,852,000.00","100.55","Canada","-","CAD","1.84","1.00","Oct 4, 2027","3.24","CAD","Oct 2, 2017"
"TCN","TELUS CORPORATION","Communication","Fixed Income","2,902,846.53","0.12","2,902,846.53","2,766,000.00","2,766,000.00","103.96","Canada","-","CAD","2.96","1.00","Dec 15, 2028","4.80","CAD","Feb 15, 2024"
"DE","JOHN DEERE FINANCIAL INC MTN","Financial","Fixed Income","2,902,542.03","0.12","2,902,542.03","2,735,000.00","2,735,000.00","104.26","United States","-","CAD","3.26","1.00","Apr 4, 2029","4.63","CAD","Apr 4, 2024"
"BNS","SCOTIABANK CAPITAL TRUST","Financial","Fixed Income","2,897,841.04","0.12","2,897,841.04","2,697,000.00","2,697,000.00","106.52","Canada","-","CAD","10.05","1.00","Dec 31, 2056","5.65","CAD","Sep 28, 2006"
"MASSMU","MASSMUTUAL GLOBAL FUNDING II MTN RegS","Financial","Fixed Income","2,892,878.46","0.12","2,892,878.46","2,855,000.00","2,855,000.00","100.82","United States","-","CAD","5.93","1.00","Jul 15, 2032","4.13","CAD","Jul 15, 2025"
"BRUPOW","BRUCE POWER LP RegS","Energy","Fixed Income","2,883,515.09","0.12","2,883,515.09","2,890,000.00","2,890,000.00","98.97","Canada","-","CAD","7.54","1.00","Dec 21, 2034","4.27","CAD","Dec 12, 2024"
"NACN","NATIONAL BANK OF CANADA MTN","Financial","Fixed Income","2,877,979.17","0.12","2,877,979.17","2,824,000.00","2,824,000.00","101.15","Canada","-","CAD","4.42","1.00","Aug 15, 2035","4.33","CAD","Jun 26, 2025"
"CNRCN","CANADIAN NATIONAL RAILWAY COMPANY","Industrial","Fixed Income","2,877,731.60","0.12","2,877,731.60","2,720,000.00","2,720,000.00","104.30","Canada","-","CAD","3.27","1.00","May 2, 2029","4.60","CAD","May 2, 2024"
"CPXCN","CAPITAL POWER CORP MTN","Energy","Fixed Income","2,875,570.19","0.12","2,875,570.19","2,734,000.00","2,734,000.00","102.98","Canada","-","CAD","5.10","1.00","Sep 16, 2031","4.83","CAD","Sep 16, 2024"
"IPLCN","INTER PIPELINE LTD","Energy","Fixed Income","2,860,198.41","0.12","2,860,198.41","2,901,000.00","2,901,000.00","97.55","Canada","-","CAD","5.42","1.00","Nov 25, 2031","3.98","CAD","Nov 25, 2021"
"BCECN","BELL CANADA MTN RegS","Communication","Fixed Income","2,847,463.15","0.12","2,847,463.15","2,640,000.00","2,640,000.00","105.46","Canada","-","CAD","3.11","1.00","Mar 15, 2029","5.25","CAD","Nov 14, 2023"
"NWRWPT","NORTH WEST REDWATER PARTNERSHIP /","Energy","Fixed Income","2,842,654.84","0.12","2,842,654.84","2,839,000.00","2,839,000.00","99.45","Canada","-","CAD","1.66","1.00","Jun 1, 2027","2.80","CAD","May 19, 2017"
"VTR","VENTAS CANADA FINANCE LTD","Real Estate","Fixed Income","2,833,030.34","0.12","2,833,030.34","2,648,000.00","2,648,000.00","104.51","United States","-","CAD","3.09","1.00","Mar 5, 2029","5.10","CAD","Mar 5, 2024"
"PPLCN","PEMBINA PIPELINE CORP RegS","Energy","Fixed Income","2,824,520.41","0.12","2,824,520.41","2,778,000.00","2,778,000.00","100.21","Canada","-","CAD","3.25","1.00","Apr 3, 2029","3.62","CAD","Apr 3, 2019"
"ENBCN","ENBRIDGE INC MTN","Energy","Fixed Income","2,817,764.07","0.12","2,817,764.07","3,036,000.00","3,036,000.00","90.67","Canada","-","CAD","11.70","1.00","Mar 11, 2044","4.57","CAD","Mar 11, 2014"
"PPLCN","PEMBINA PIPELINE CORP MTN","Energy","Fixed Income","2,816,821.53","0.12","2,816,821.53","3,036,000.00","3,036,000.00","90.75","Canada","-","CAD","12.87","1.00","Mar 26, 2048","4.75","CAD","Mar 26, 2018"
"IPLCN","INTER PIPELINE LTD","Energy","Fixed Income","2,809,015.60","0.12","2,809,015.60","2,675,000.00","2,675,000.00","104.82","Canada","-","CAD","2.23","1.00","Feb 17, 2028","5.76","CAD","Nov 17, 2022"
"TRPCN","TRANSCANADA PIPELINES LTD MTN","Energy","Fixed Income","2,803,489.24","0.12","2,803,489.24","3,176,000.00","3,176,000.00","87.27","Canada","-","CAD","12.76","1.00","Jun 6, 2046","4.35","CAD","Jun 6, 2016"
"BIP","BROOKFIELD INFRASTRUCTURE FINANCE","Infrastructure","Fixed Income","2,802,887.62","0.12","2,802,887.62","2,788,000.00","2,788,000.00","99.21","Canada","-","CAD","3.74","1.00","Oct 9, 2029","3.41","CAD","Oct 3, 2019"
"BCECN","BELL CANADA INC","Communication","Fixed Income","2,776,211.99","0.12","2,776,211.99","2,842,000.00","2,842,000.00","97.63","Canada","-","CAD","1.91","1.00","Aug 16, 2027","1.65","CAD","Aug 14, 2020"
"SLFCN","SUN LIFE FINANCIAL INC","Financial","Fixed Income","2,766,629.94","0.12","2,766,629.94","2,651,000.00","2,651,000.00","104.11","Canada","-","CAD","1.83","1.00","Aug 10, 2034","4.78","CAD","Aug 10, 2022"
"ATIMLP","ATHABASCA INDIGENOUS MIDSTREAM LP","Energy","Fixed Income","2,758,579.94","0.12","2,758,579.94","2,529,919.00","2,529,919.00","107.11","Canada","-","CAD","7.06","1.00","Feb 5, 2042","6.07","CAD","Oct 5, 2022"
"DOLCN","DOLLARAMA INC RegS","Industrial","Fixed Income","2,755,917.49","0.12","2,755,917.49","2,715,000.00","2,715,000.00","100.73","Canada","-","CAD","4.73","1.00","Dec 16, 2030","3.85","CAD","Jun 16, 2025"
"NEE","NEXTERA ENERGY CAPITAL HOLDINGS IN","Energy","Fixed Income","2,739,819.41","0.12","2,739,819.41","2,695,000.00","2,695,000.00","100.84","United States","-","CAD","4.30","1.00","Jun 12, 2030","3.83","CAD","Jun 12, 2025"
"COAGAS","COASTAL GASLINK PIPELINE LP","Energy","Fixed Income","2,716,357.77","0.12","2,716,357.77","2,465,000.00","2,465,000.00","107.95","Canada","-","CAD","8.25","1.00","Sep 30, 2036","5.39","CAD","Jun 13, 2024"
"MFCCN","MANULIFE BANK OF CANADA","Financial","Fixed Income","2,708,594.05","0.11","2,708,594.05","2,711,000.00","2,711,000.00","99.81","Canada","-","CAD","1.43","1.00","Feb 16, 2027","2.86","CAD","Feb 16, 2022"
"PPLCN","PEMBINA PIPELINE CORP MTN RegS","Energy","Fixed Income","2,704,653.93","0.11","2,704,653.93","2,565,000.00","2,565,000.00","104.76","Canada","-","CAD","6.70","1.00","Jan 12, 2034","5.21","CAD","Jan 12, 2024"
"SAPCN","SAPUTO INC MTN","Industrial","Fixed Income","2,703,947.82","0.11","2,703,947.82","2,731,000.00","2,731,000.00","98.55","Canada","-","CAD","1.74","1.00","Jun 16, 2027","2.24","CAD","Jun 16, 2020"
"CHPUCN","CHOICE PROPERTIES REAL ESTATE INVE","Real Estate","Fixed Income","2,699,989.14","0.11","2,699,989.14","2,673,000.00","2,673,000.00","100.24","Canada","-","CAD","3.44","1.00","Jun 11, 2029","3.53","CAD","Jun 11, 2019"
"NWRWPT","NORTH WEST REDWATER PARTNERSHIP /","Energy","Fixed Income","2,688,823.50","0.11","2,688,823.50","2,822,000.00","2,822,000.00","94.39","Canada","-","CAD","7.99","1.00","Jun 1, 2035","3.65","CAD","May 19, 2017"
"ONTPOW","ONTARIO POWER GENERATION INC MTN","Energy","Fixed Income","2,669,833.49","0.11","2,669,833.49","2,690,000.00","2,690,000.00","98.40","Canada","-","CAD","14.73","1.00","Jun 28, 2054","4.99","CAD","Jun 28, 2024"
"ENBGAS","ENBRIDGE GAS INC","Energy","Fixed Income","2,659,987.38","0.11","2,659,987.38","2,674,000.00","2,674,000.00","98.28","Canada","-","CAD","4.20","1.00","Apr 1, 2030","2.90","CAD","Apr 1, 2020"
"SLFCN","SUN LIFE FINANCIAL INC","Financial","Fixed Income","2,652,620.31","0.11","2,652,620.31","2,654,000.00","2,654,000.00","99.25","Canada","-","CAD","1.18","1.00","Nov 18, 2031","2.46","CAD","Nov 18, 2021"
"PPLCN","PEMBINA PIPELINE CORP MTN RegS","Energy","Fixed Income","2,650,925.17","0.11","2,650,925.17","2,572,000.00","2,572,000.00","101.36","Canada","-","CAD","2.23","1.00","Mar 27, 2028","4.02","CAD","Mar 26, 2018"
"GTAAIR","GREATER TORONTO AIRPORTS AUTHORITY MTN 144A","Infrastructure","Fixed Income","2,645,852.98","0.11","2,645,852.98","2,235,000.00","2,235,000.00","116.71","Canada","-","CAD","4.77","1.00","Jun 4, 2031","7.10","CAD","Jun 4, 2001"
"BCECN","BELL TELEPHONE COMPANY OF CANADA O MTN RegS","Communication","Fixed Income","2,645,695.25","0.11","2,645,695.25","2,640,000.00","2,640,000.00","100.07","Canada","-","CAD","3.64","1.00","Aug 14, 2029","3.65","CAD","Aug 14, 2025"
"DE","JOHN DEERE FINANCIAL INC MTN","Financial","Fixed Income","2,638,671.73","0.11","2,638,671.73","2,545,000.00","2,545,000.00","103.09","United States","-","CAD","2.68","1.00","Jul 11, 2028","4.38","CAD","Jul 11, 2024"
"TCN","TELUS CORPORATION","Communication","Fixed Income","2,629,932.73","0.11","2,629,932.73","2,483,000.00","2,483,000.00","103.30","Canada","-","CAD","13.46","1.00","Sep 13, 2052","5.65","CAD","Sep 13, 2022"
"SLFCN","SUN LIFE FINANCIAL INC","Financial","Fixed Income","2,629,067.68","0.11","2,629,067.68","2,789,000.00","2,789,000.00","93.42","Canada","-","CAD","4.70","1.00","Oct 1, 2035","2.06","CAD","Oct 1, 2020"
"NWRWPT","NORTH WEST REDWATER PARTNERSHIP / RegS","Energy","Fixed Income","2,608,827.90","0.11","2,608,827.90","2,931,000.00","2,931,000.00","88.59","Canada","-","CAD","12.54","1.00","Jul 22, 2044","4.05","CAD","Jul 23, 2014"
"BNP","BNP PARIBAS SA MTN","Financial","Fixed Income","2,607,546.03","0.11","2,607,546.03","2,600,000.00","2,600,000.00","100.29","France","-","CAD","4.48","1.00","Sep 3, 2035","4.49","CAD","Sep 3, 2025"
"TCN","TELUS CORPORATION RegS","Communication","Fixed Income","2,583,020.95","0.11","2,583,020.95","2,720,000.00","2,720,000.00","94.12","Canada","-","CAD","5.58","1.00","Nov 13, 2031","2.85","CAD","Jun 28, 2021"
"NORCOU","NORTHERN COURIER PIPELINE LP RegS","Energy","Fixed Income","2,582,325.80","0.11","2,582,325.80","2,722,188.00","2,722,188.00","94.31","Canada","-","CAD","6.08","1.00","Jun 30, 2042","3.37","CAD","Jul 17, 2019"
"HNDA","HONDA CANADA FINANCE INC","Financial","Fixed Income","2,562,267.24","0.11","2,562,267.24","2,510,000.00","2,510,000.00","101.03","Canada","-","CAD","4.26","1.00","May 22, 2030","3.87","CAD","May 22, 2025"
"FFHCN","FAIRFAX FINANCIAL HOLDINGS LTD","Financial","Fixed Income","2,557,839.02","0.11","2,557,839.02","2,487,000.00","2,487,000.00","101.87","Canada","-","CAD","1.93","1.00","Dec 6, 2027","4.25","CAD","Dec 4, 2017"
"QBRCN","VIDEOTRON LTD","Communication","Fixed Income","2,556,134.11","0.11","2,556,134.11","2,650,000.00","2,650,000.00","96.07","Canada","-","CAD","4.87","1.00","Jan 15, 2031","3.13","CAD","Jan 22, 2021"
"TCN","TELUS CORPORATION","Communication","Fixed Income","2,546,567.63","0.11","2,546,567.63","2,484,000.00","2,484,000.00","100.72","Canada","-","CAD","2.21","1.00","Mar 1, 2028","3.63","CAD","Mar 1, 2018"
"GTAAIR","GREATER TORONTO AIRPORTS AUTHORITY MTN","Infrastructure","Fixed Income","2,543,432.06","0.11","2,543,432.06","2,107,000.00","2,107,000.00","118.11","Canada","-","CAD","5.64","1.00","Oct 15, 2032","6.98","CAD","Oct 15, 2002"
"ETRHWY","407 INTERNATIONAL INC MTN","Infrastructure","Fixed Income","2,539,964.85","0.11","2,539,964.85","2,657,000.00","2,657,000.00","93.83","Canada","-","CAD","15.10","1.00","Oct 9, 2054","4.54","CAD","Oct 9, 2024"
"IPLCN","INTER PIPELINE LTD MTN","Energy","Fixed Income","2,527,249.69","0.11","2,527,249.69","2,474,000.00","2,474,000.00","101.12","Canada","-","CAD","1.52","1.00","Jun 1, 2027","4.23","CAD","Jun 1, 2020"
"MFCCN","MANULIFE BANK OF CANADA","Financial","Fixed Income","2,525,404.91","0.11","2,525,404.91","2,475,000.00","2,475,000.00","101.96","Canada","-","CAD","2.36","1.00","Feb 22, 2028","3.99","CAD","Aug 22, 2024"
"F","FORD CREDIT CANADA CO","Financial","Fixed Income","2,521,060.64","0.11","2,521,060.64","2,474,000.00","2,474,000.00","101.60","United States","-","CAD","3.12","1.00","Feb 9, 2029","5.44","CAD","Jan 9, 2024"
"F","FORD CREDIT CANADA CO","Financial","Fixed Income","2,513,981.66","0.11","2,513,981.66","2,515,000.00","2,515,000.00","99.38","United States","-","CAD","2.24","1.00","Jan 10, 2028","4.22","CAD","Jan 9, 2025"
"PPLCN","PEMBINA PIPELINE CORP MTN","Energy","Fixed Income","2,506,186.18","0.11","2,506,186.18","2,793,000.00","2,793,000.00","87.89","Canada","-","CAD","13.31","1.00","Apr 3, 2049","4.54","CAD","Apr 3, 2019"
"NOVERC","NOVERCO INC","Energy","Fixed Income","2,472,541.15","0.10","2,472,541.15","2,432,000.00","2,432,000.00","101.27","Canada","-","CAD","7.56","1.00","Jan 28, 2035","4.57","CAD","Jan 28, 2025"
"SUCN","SUNCOR ENERGY INC MTN","Energy","Fixed Income","2,463,568.62","0.10","2,463,568.62","2,365,000.00","2,365,000.00","102.63","Canada","-","CAD","1.17","1.00","Nov 17, 2026","5.40","CAD","Nov 17, 2023"
"QBRCN","VIDEOTRON LTD RegS","Communication","Fixed Income","2,461,928.45","0.10","2,461,928.45","2,365,000.00","2,365,000.00","103.53","Canada","-","CAD","3.47","1.00","Jul 15, 2029","4.65","CAD","Jun 21, 2024"
"COAGAS","COASTAL GASLINK PIPELINE LP","Energy","Fixed Income","2,456,377.99","0.10","2,456,377.99","2,255,000.00","2,255,000.00","106.77","Canada","-","CAD","7.15","1.00","Sep 30, 2034","5.19","CAD","Jun 13, 2024"
"PPLCN","PEMBINA PIPELINE CORP RegS","Energy","Fixed Income","2,453,307.24","0.10","2,453,307.24","2,315,000.00","2,315,000.00","105.09","Canada","-","CAD","6.33","1.00","Jun 28, 2033","5.22","CAD","Jun 28, 2024"
"COAGAS","COASTAL GASLINK PIPELINE LP","Energy","Fixed Income","2,451,423.95","0.10","2,451,423.95","2,301,000.00","2,301,000.00","104.58","Canada","-","CAD","3.66","1.00","Sep 30, 2029","4.69","CAD","Jun 13, 2024"
"GIBACN","CGI INC","Industrial","Fixed Income","2,451,155.46","0.10","2,451,155.46","2,512,000.00","2,512,000.00","96.63","Canada","-","CAD","2.91","1.00","Sep 18, 2028","2.10","CAD","Sep 16, 2021"
"WSPCN","WSP GLOBAL INC","Industrial","Fixed Income","2,443,261.89","0.10","2,443,261.89","2,350,000.00","2,350,000.00","102.05","Canada","-","CAD","3.64","1.00","Sep 12, 2029","4.12","CAD","Sep 12, 2024"
"CUCN","CU INC","Energy","Fixed Income","2,443,087.14","0.10","2,443,087.14","2,447,000.00","2,447,000.00","97.60","Canada","-","CAD","11.59","1.00","Sep 9, 2043","4.72","CAD","Sep 9, 2013"
"BCECN","BELL TELEPHONE COMPANY OF CANADA O MTN RegS","Communication","Fixed Income","2,439,882.10","0.10","2,439,882.10","2,440,000.00","2,440,000.00","99.80","Canada","-","CAD","8.21","1.00","Mar 14, 2036","4.70","CAD","Aug 14, 2025"
"BRUPOW","BRUCE POWER LP RegS","Energy","Fixed Income","2,434,381.22","0.10","2,434,381.22","2,384,000.00","2,384,000.00","101.36","Canada","-","CAD","4.26","1.00","Jun 21, 2030","4.00","CAD","Apr 9, 2020"
"HYDONE","HYDRO ONE INC 3.63 6/49 MTN","Infrastructure","Fixed Income","2,421,606.57","0.10","2,421,606.57","2,930,000.00","2,930,000.00","82.00","Canada","-","CAD","14.63","1.00","Jun 25, 2049","3.63","CAD","Jun 26, 2018"
"ENBCN","ENBRIDGE INC MTN","Energy","Fixed Income","2,415,754.27","0.10","2,415,754.27","2,365,000.00","2,365,000.00","102.07","Canada","-","CAD","4.05","1.00","Feb 22, 2030","4.21","CAD","Aug 22, 2024"
"TRPCN","TRANSCANADA PIPELINES LTD MTN","Energy","Fixed Income","2,412,514.19","0.10","2,412,514.19","2,372,000.00","2,372,000.00","100.16","Canada","-","CAD","2.30","1.00","Mar 15, 2028","3.39","CAD","Sep 15, 2017"
"BCECN","BELL TELEPHONE COMPANY OF CANADA O MTN RegS","Communication","Fixed Income","2,410,084.61","0.10","2,410,084.61","2,270,000.00","2,270,000.00","104.66","Canada","-","CAD","2.86","1.00","Nov 14, 2028","5.15","CAD","Aug 11, 2023"
"ENBCN","ENBRIDGE INC MTN","Energy","Fixed Income","2,401,656.74","0.10","2,401,656.74","2,041,000.00","2,041,000.00","115.67","Canada","-","CAD","13.22","1.00","Nov 9, 2052","6.51","CAD","Nov 9, 2022"
"HYDONE","HYDRO ONE INC MTN RegS","Infrastructure","Fixed Income","2,399,486.66","0.10","2,399,486.66","2,390,000.00","2,390,000.00","100.34","Canada","-","CAD","15.30","1.00","Aug 25, 2055","4.95","CAD","Aug 25, 2025"
"F","FORD CREDIT CANADA CO RegS","Financial","Fixed Income","2,395,981.90","0.10","2,395,981.90","2,330,000.00","2,330,000.00","101.42","United States","-","CAD","2.46","1.00","May 23, 2028","5.24","CAD","May 23, 2024"
"TOYOTA","TOYOTA CREDIT CANADA INC MTN","Financial","Fixed Income","2,393,246.95","0.10","2,393,246.95","2,350,000.00","2,350,000.00","100.82","Canada","-","CAD","4.27","1.00","May 21, 2030","3.74","CAD","May 21, 2025"
"MFCCN","MANULIFE FINANCE DELAWARE LP","Financial","Fixed Income","2,391,645.78","0.10","2,391,645.78","2,323,000.00","2,323,000.00","101.92","Canada","-","CAD","8.50","1.00","Dec 15, 2041","5.06","CAD","Dec 14, 2006"
"BRUPOW","BRUCE POWER LP","Energy","Fixed Income","2,391,240.15","0.10","2,391,240.15","2,280,000.00","2,280,000.00","103.99","Canada","-","CAD","4.99","1.00","Jun 21, 2031","4.70","CAD","Mar 12, 2024"
"GM","GENERAL MOTORS FINANCIAL OF CANADA","Financial","Fixed Income","2,388,841.47","0.10","2,388,841.47","2,288,000.00","2,288,000.00","103.76","United States","-","CAD","2.66","1.00","Jul 14, 2028","5.10","CAD","May 2, 2024"
"PPLCN","PEMBINA PIPELINE CORP MTN RegS","Energy","Fixed Income","2,386,944.71","0.10","2,386,944.71","2,334,000.00","2,334,000.00","101.40","Canada","-","CAD","1.48","1.00","Jun 15, 2027","4.24","CAD","Jun 16, 2015"
"TOYOTA","TOYOTA CREDIT CANADA INC MTN","Financial","Fixed Income","2,383,355.70","0.10","2,383,355.70","2,330,000.00","2,330,000.00","100.86","Canada","-","CAD","1.99","1.00","Oct 4, 2027","3.55","CAD","Oct 2, 2024"
"ARXCN","ARC RESOURCES LTD","Energy","Fixed Income","2,380,962.49","0.10","2,380,962.49","2,410,000.00","2,410,000.00","97.16","Canada","-","CAD","4.91","1.00","Mar 10, 2031","3.46","CAD","Mar 10, 2021"
"BCECN","BELL CANADA INC MTN","Communication","Fixed Income","2,360,763.10","0.10","2,360,763.10","2,386,000.00","2,386,000.00","97.58","Canada","-","CAD","3.72","1.00","Sep 10, 2029","2.90","CAD","Sep 10, 2019"
"IPLCN","INTER PIPELINE LTD MTN","Energy","Fixed Income","2,360,369.91","0.10","2,360,369.91","2,341,000.00","2,341,000.00","100.12","Canada","-","CAD","1.13","1.00","Dec 16, 2026","3.48","CAD","Dec 16, 2016"
"ALACN","ALTAGAS LTD MTN RegS","Energy","Fixed Income","2,345,261.05","0.10","2,345,261.05","2,225,000.00","2,225,000.00","102.83","Canada","-","CAD","13.81","1.00","Mar 14, 2054","5.60","CAD","Mar 14, 2024"
"NWRWPT","NORTH WEST REDWATER PARTNERSHIP","Energy","Fixed Income","2,341,594.70","0.10","2,341,594.70","2,285,000.00","2,285,000.00","101.24","Canada","-","CAD","14.70","1.00","Jun 1, 2054","5.08","CAD","Jun 14, 2024"
"GM","GENERAL MOTORS FINANCIAL OF CANADA","Financial","Fixed Income","2,340,248.29","0.10","2,340,248.29","2,254,000.00","2,254,000.00","103.55","United States","-","CAD","3.11","1.00","Feb 9, 2029","5.00","CAD","Feb 9, 2024"
"CNRCN","CANADIAN NATIONAL RAILWAY COMPANY","Industrial","Fixed Income","2,331,171.55","0.10","2,331,171.55","2,315,000.00","2,315,000.00","99.93","Canada","-","CAD","4.33","1.00","Jun 10, 2030","3.50","CAD","Jun 10, 2025"
"ENBCN","ENBRIDGE INC","Energy","Fixed Income","2,329,738.80","0.10","2,329,738.80","2,339,000.00","2,339,000.00","99.05","Canada","-","CAD","5.13","1.00","Jan 19, 2082","5.00","CAD","Jan 19, 2022"
"COAGAS","COASTAL GASLINK PIPELINE LP","Energy","Fixed Income","2,327,098.97","0.10","2,327,098.97","2,185,000.00","2,185,000.00","105.70","Canada","-","CAD","5.05","1.00","Jun 30, 2031","4.91","CAD","Jun 13, 2024"
"SAPCN","SAPUTO INC MTN","Industrial","Fixed Income","2,326,210.34","0.10","2,326,210.34","2,130,000.00","2,130,000.00","107.69","Canada","-","CAD","4.42","1.00","Nov 20, 2030","5.49","CAD","Nov 20, 2023"
"HYDONE","HYDRO ONE INC","Infrastructure","Fixed Income","2,315,892.03","0.10","2,315,892.03","2,300,000.00","2,300,000.00","99.48","Canada","-","CAD","3.32","1.00","Apr 5, 2029","3.02","CAD","Apr 5, 2019"
"IPLCN","INTER PIPELINE LTD","Energy","Fixed Income","2,312,840.39","0.10","2,312,840.39","2,122,000.00","2,122,000.00","107.34","Canada","-","CAD","5.40","1.00","May 18, 2032","5.85","CAD","May 18, 2022"
"GTAAIR","GREATER TORONTO AIRPORTS AUTHORITY MTN","Infrastructure","Fixed Income","2,312,112.89","0.10","2,312,112.89","1,991,000.00","1,991,000.00","114.62","Canada","-","CAD","4.08","1.00","Jun 12, 2030","7.05","CAD","Jun 12, 2000"
"FTSCN","FORTIS INC RegS","Infrastructure","Fixed Income","2,307,693.78","0.10","2,307,693.78","2,260,000.00","2,260,000.00","100.36","Canada","-","CAD","5.63","1.00","Mar 26, 2032","4.09","CAD","Mar 26, 2025"
"DE","JOHN DEERE FINANCIAL INC","Financial","Fixed Income","2,307,199.78","0.10","2,307,199.78","2,140,000.00","2,140,000.00","105.45","United States","-","CAD","2.76","1.00","Sep 15, 2028","5.17","CAD","Sep 15, 2023"
"TCN","TELUS CORPORATION","Communication","Fixed Income","2,298,485.03","0.10","2,298,485.03","2,200,000.00","2,200,000.00","104.28","Canada","-","CAD","6.82","1.00","Feb 15, 2034","5.10","CAD","Feb 15, 2024"
"CHPUCN","CHOICE PROPERTIES REAL ESTATE INVE","Real Estate","Fixed Income","2,295,044.35","0.10","2,295,044.35","2,180,000.00","2,180,000.00","105.26","Canada","-","CAD","4.75","1.00","Feb 28, 2031","5.03","CAD","May 23, 2024"
"OMERS","OMERS REALTY CORP","Real Estate","Fixed Income","2,291,673.12","0.10","2,291,673.12","2,120,000.00","2,120,000.00","106.52","Canada","-","CAD","2.78","1.00","Nov 14, 2028","5.38","CAD","Nov 14, 2022"
"CWBCN","CANADIAN WESTERN BANK","Financial","Fixed Income","2,278,093.09","0.10","2,278,093.09","2,135,000.00","2,135,000.00","104.16","Canada","-","CAD","1.87","1.00","Sep 2, 2027","5.15","CAD","Sep 2, 2022"
"CNHI","CNH INDUSTRIAL CAPITAL CANADA LTD RegS","Financial","Fixed Income","2,273,371.67","0.10","2,273,371.67","2,250,000.00","2,250,000.00","100.17","United States","-","CAD","3.45","1.00","Jun 5, 2029","3.75","CAD","Jun 5, 2025"
"REIUCN","RIOCAN REAL ESTATE INVESTMENT TRUS","Real Estate","Fixed Income","2,270,215.20","0.10","2,270,215.20","2,205,000.00","2,205,000.00","101.08","Canada","-","CAD","5.21","1.00","Oct 3, 2031","4.62","CAD","Oct 3, 2024"
"CPGCN","VEREN INC RegS","Energy","Fixed Income","2,251,902.60","0.10","2,251,902.60","2,145,000.00","2,145,000.00","104.04","Canada","-","CAD","3.38","1.00","Jun 21, 2029","4.97","CAD","Jun 21, 2024"
"GWOCN","GREAT-WEST LIFECO INC","Financial","Fixed Income","2,248,808.20","0.10","2,248,808.20","2,316,000.00","2,316,000.00","96.40","Canada","-","CAD","4.38","1.00","May 14, 2030","2.38","CAD","May 14, 2020"
"HYDONE","HYDRO ONE INC MTN","Infrastructure","Fixed Income","2,248,057.90","0.10","2,248,057.90","2,145,000.00","2,145,000.00","102.63","Canada","-","CAD","6.88","1.00","Mar 1, 2034","4.39","CAD","Jan 12, 2024"
"HNDA","HONDA CANADA FINANCE INC","Financial","Fixed Income","2,241,588.45","0.10","2,241,588.45","2,250,000.00","2,250,000.00","98.90","Canada","-","CAD","1.06","1.00","Sep 28, 2026","1.71","CAD","Sep 28, 2021"
"GWOCN","GREAT-WEST LIFECO INC.","Financial","Fixed Income","2,238,542.72","0.10","2,238,542.72","1,879,000.00","1,879,000.00","116.19","Canada","-","CAD","5.93","1.00","Mar 21, 2033","6.67","CAD","Mar 21, 2003"
"TCN","TELUS CORPORATION","Communication","Fixed Income","2,236,060.55","0.09","2,236,060.55","2,133,000.00","2,133,000.00","104.68","Canada","-","CAD","4.73","1.00","Feb 18, 2031","4.95","CAD","Feb 15, 2024"
"MFCCN","MANULIFE FINANCIAL CORP","Financial","Fixed Income","2,233,267.52","0.09","2,233,267.52","2,200,000.00","2,200,000.00","100.44","Canada","-","CAD","4.19","1.00","May 23, 2035","3.98","CAD","May 23, 2025"
"EDF","ELECTRICITE DE FRANCE SA RegS","Infrastructure","Fixed Income","2,231,678.35","0.09","2,231,678.35","2,260,000.00","2,260,000.00","98.46","France","-","CAD","7.57","1.00","Feb 6, 2035","4.57","CAD","Feb 6, 2025"
"ENBCN","ENBRIDGE INC MTN","Energy","Fixed Income","2,229,753.60","0.09","2,229,753.60","2,091,000.00","2,091,000.00","104.89","Canada","-","CAD","1.96","1.00","Nov 9, 2027","5.70","CAD","Nov 9, 2022"
"GTAAIR","GREATER TORONTO AIRPORTS AUTHORITY","Infrastructure","Fixed Income","2,224,108.46","0.09","2,224,108.46","2,228,000.00","2,228,000.00","98.72","Canada","-","CAD","3.35","1.00","Apr 3, 2029","2.73","CAD","Apr 3, 2019"
"CNQCN","CANADIAN NATURAL RESOURCES LTD MTN","Energy","Fixed Income","2,220,780.26","0.09","2,220,780.26","2,197,000.00","2,197,000.00","100.25","Canada","-","CAD","1.05","1.00","Dec 1, 2026","3.42","CAD","May 30, 2017"
"DOLCN","DOLLARAMA INC","Industrial","Fixed Income","2,220,160.59","0.09","2,220,160.59","2,045,000.00","2,045,000.00","106.20","Canada","-","CAD","2.78","1.00","Sep 26, 2028","5.53","CAD","Sep 26, 2023"
"HYDONE","HYDRO ONE INC MTN","Infrastructure","Fixed Income","2,218,959.90","0.09","2,218,959.90","2,142,000.00","2,142,000.00","102.61","Canada","-","CAD","3.81","1.00","Nov 30, 2029","3.93","CAD","Jan 27, 2023"
"NWRWPT","NORTH WEST REDWATER PARTNERSHIP RegS","Energy","Fixed Income","2,216,548.81","0.09","2,216,548.81","2,181,000.00","2,181,000.00","100.62","Canada","-","CAD","6.47","1.00","Jun 1, 2033","4.15","CAD","Jun 10, 2016"
"CPXCN","CAPITAL POWER CORP MTN RegS","Energy","Fixed Income","2,214,663.36","0.09","2,214,663.36","2,030,000.00","2,030,000.00","108.52","Canada","-","CAD","6.57","1.00","Jan 25, 2034","5.97","CAD","Dec 15, 2023"
"FTSCN","FORTIS INC","Infrastructure","Fixed Income","2,207,362.96","0.09","2,207,362.96","2,135,000.00","2,135,000.00","101.41","Canada","-","CAD","5.19","1.00","Sep 9, 2031","4.17","CAD","Sep 9, 2024"
"IPLCN","INTER PIPELINE LTD","Energy","Fixed Income","2,202,182.41","0.09","2,202,182.41","1,995,000.00","1,995,000.00","110.18","Canada","-","CAD","5.91","1.00","Feb 17, 2033","6.38","CAD","Nov 17, 2022"
"GTAAIR","GREATER TORONTO AIRPORTS AUTHORITY MTN 144A","Infrastructure","Fixed Income","2,202,324.00","0.09","2,202,324.00","1,888,000.00","1,888,000.00","116.17","Canada","-","CAD","6.63","1.00","Feb 2, 2034","6.47","CAD","Feb 2, 2004"
"CNRCN","CANADIAN NATIONAL RAILWAY COMPANY","Industrial","Fixed Income","2,199,718.58","0.09","2,199,718.58","2,115,000.00","2,115,000.00","102.74","Canada","-","CAD","4.13","1.00","May 10, 2030","4.15","CAD","May 10, 2023"
"PPLCN","PEMBINA PIPELINE CORP MTN","Energy","Fixed Income","2,199,174.88","0.09","2,199,174.88","2,328,000.00","2,328,000.00","92.40","Canada","-","CAD","11.57","1.00","Mar 25, 2044","4.81","CAD","Apr 4, 2014"
"GWOCN","GREAT-WEST LIFECO INC","Financial","Fixed Income","2,194,792.75","0.09","2,194,792.75","2,180,000.00","2,180,000.00","100.67","Canada","-","CAD","2.27","1.00","Feb 28, 2028","3.34","CAD","Feb 28, 2018"
"RCICN","ROGERS COMMUNICATIONS INC RegS","Communication","Fixed Income","2,194,006.57","0.09","2,194,006.57","1,975,000.00","1,975,000.00","108.53","Canada","-","CAD","4.22","1.00","Sep 21, 2030","5.80","CAD","Sep 21, 2023"
"RCICN","ROGERS COMMUNICATIONS INC","Communication","Fixed Income","2,186,682.74","0.09","2,186,682.74","1,899,000.00","1,899,000.00","113.01","Canada","-","CAD","9.27","1.00","Nov 4, 2039","6.68","CAD","Nov 4, 2009"
"CHPUCN","CHOICE PROPERTIES REAL ESTATE INVE","Real Estate","Fixed Income","2,180,554.22","0.09","2,180,554.22","1,957,000.00","1,957,000.00","110.34","Canada","-","CAD","5.47","1.00","Jun 24, 2032","6.00","CAD","Jun 24, 2022"
"CUCN","CU INC","Energy","Fixed Income","2,180,190.98","0.09","2,180,190.98","2,235,000.00","2,235,000.00","95.97","Canada","-","CAD","11.03","1.00","Oct 24, 2041","4.54","CAD","Oct 24, 2011"
"GRTCN","GRANITE REIT HOLDINGS LP","Real Estate","Fixed Income","2,178,097.54","0.09","2,178,097.54","2,134,000.00","2,134,000.00","100.32","Canada","-","CAD","5.24","1.00","Oct 4, 2031","4.35","CAD","Oct 4, 2024"
"CNQCN","CANADIAN NATURAL RESOURCES LTD RegS","Energy","Fixed Income","2,176,352.81","0.09","2,176,352.81","2,155,000.00","2,155,000.00","100.14","Canada","-","CAD","5.45","1.00","Dec 15, 2031","4.15","CAD","Dec 6, 2024"
"EMACN","EMERA INCORPORATED RegS","Infrastructure","Fixed Income","2,175,626.93","0.09","2,175,626.93","2,065,000.00","2,065,000.00","103.78","Canada","-","CAD","4.03","1.00","May 2, 2030","4.84","CAD","May 2, 2023"
"ALTALK","ALTALINK LP","Infrastructure","Fixed Income","2,171,276.80","0.09","2,171,276.80","1,965,000.00","1,965,000.00","108.40","Canada","-","CAD","14.74","1.00","Oct 11, 2055","5.46","CAD","Oct 11, 2023"
"DE","JOHN DEERE FINANCIAL INC MTN","Financial","Fixed Income","2,169,918.13","0.09","2,169,918.13","2,080,000.00","2,080,000.00","103.29","United States","-","CAD","1.70","1.00","Jun 14, 2027","4.95","CAD","Jun 13, 2023"
"MBGGR","MERCEDES-BENZ FINANCE CANADA INC","Financial","Fixed Income","2,169,844.06","0.09","2,169,844.06","2,100,000.00","2,100,000.00","102.68","Germany","-","CAD","1.77","1.00","Jul 9, 2027","4.64","CAD","Jul 9, 2024"
"F","FORD CREDIT CANADA CO","Financial","Fixed Income","2,169,598.12","0.09","2,169,598.12","2,157,000.00","2,157,000.00","99.24","United States","-","CAD","1.01","1.00","Sep 16, 2026","2.96","CAD","Sep 16, 2021"
"FFHCN","FAIRFAX FINANCIAL HOLDINGS LTD","Financial","Fixed Income","2,165,983.05","0.09","2,165,983.05","2,170,000.00","2,170,000.00","99.63","Canada","-","CAD","7.94","1.00","Aug 14, 2035","4.45","CAD","Aug 14, 2025"
"HNDA","HONDA CANADA FINANCE INC","Financial","Fixed Income","2,164,618.16","0.09","2,164,618.16","2,052,000.00","2,052,000.00","103.36","Canada","-","CAD","1.93","1.00","Sep 23, 2027","4.87","CAD","Mar 23, 2023"
"VTR","VENTAS CANADA FINANCE LTD","Real Estate","Fixed Income","2,152,603.19","0.09","2,152,603.19","2,019,000.00","2,019,000.00","104.69","United States","-","CAD","2.35","1.00","Apr 21, 2028","5.40","CAD","Apr 21, 2023"
"NACN","NATIONAL BANK OF CANADA","Financial","Fixed Income","2,152,268.82","0.09","2,152,268.82","2,080,000.00","2,080,000.00","102.34","Canada","-","CAD","1.22","1.00","Dec 7, 2026","4.97","CAD","Dec 7, 2023"
"NVLAUT","NOUVELLE AUTOROUTE 30 FINANCEMENT","Infrastructure","Fixed Income","2,152,132.10","0.09","2,152,132.10","2,303,481.00","2,303,481.00","92.75","Canada","-","CAD","9.32","1.00","Jun 30, 2042","4.12","CAD","Jun 14, 2018"
"AVEL","AVENUE LIVING 2014 LP RegS","Real Estate","Fixed Income","2,149,487.39","0.09","2,149,487.39","2,110,000.00","2,110,000.00","100.35","Canada","-","CAD","4.10","1.00","May 12, 2030","5.11","CAD","May 12, 2025"
"PLENCS","PLENARY PROPERTIES LTAP LP","Infrastructure","Fixed Income","2,147,034.81","0.09","2,147,034.81","1,907,142.00","1,907,142.00","112.08","Canada","-","CAD","7.80","1.00","Jan 31, 2044","6.29","CAD","Jan 31, 2011"
"GM","GENERAL MOTORS FINANCIAL OF CANADA","Financial","Fixed Income","2,145,712.20","0.09","2,145,712.20","2,064,000.00","2,064,000.00","103.67","United States","-","CAD","2.22","1.00","Feb 9, 2028","5.20","CAD","Feb 9, 2023"
"MRUCN","METRO INC","Industrial","Fixed Income","2,138,721.51","0.09","2,138,721.51","2,075,000.00","2,075,000.00","102.04","Canada","-","CAD","3.84","1.00","Nov 27, 2029","4.00","CAD","Nov 27, 2024"
"EPCOR","EPCOR UTILITIES INC MTN RegS","Infrastructure","Fixed Income","2,130,548.34","0.09","2,130,548.34","1,975,000.00","1,975,000.00","105.72","Canada","-","CAD","14.33","1.00","Oct 3, 2053","5.33","CAD","Oct 3, 2023"
"MFCCN","MANULIFE BANK OF CANADA","Financial","Fixed Income","2,127,741.92","0.09","2,127,741.92","2,005,000.00","2,005,000.00","103.95","Canada","-","CAD","3.19","1.00","Mar 8, 2029","4.55","CAD","Mar 8, 2024"
"GILCN","GILDAN ACTIVEWEAR INC. RegS","Industrial","Fixed Income","2,127,537.22","0.09","2,127,537.22","2,060,000.00","2,060,000.00","102.10","Canada","-","CAD","3.80","1.00","Nov 22, 2029","4.36","CAD","Nov 22, 2024"
"BCECN","BELL CANADA MTN","Communication","Fixed Income","2,123,826.61","0.09","2,123,826.61","2,250,000.00","2,250,000.00","92.40","Canada","-","CAD","11.82","1.00","Sep 29, 2044","4.75","CAD","Sep 29, 2014"
"APUCN","ALLIED PROPERTIES REAL ESTATE INVE","Real Estate","Fixed Income","2,121,703.69","0.09","2,121,703.69","2,350,000.00","2,350,000.00","90.09","Canada","-","CAD","5.75","1.00","Feb 6, 2032","3.10","CAD","Aug 6, 2021"
"CHPUCN","CHOICE PROPERTIES REAL ESTATE INVE","Real Estate","Fixed Income","2,117,544.38","0.09","2,117,544.38","1,935,000.00","1,935,000.00","106.76","Canada","-","CAD","5.97","1.00","Mar 1, 2033","5.40","CAD","Mar 1, 2023"
"CCDJ","FEDERATION DES CAISSES DESJARDINS","Financial","Fixed Income","2,115,948.97","0.09","2,115,948.97","2,100,000.00","2,100,000.00","100.71","Canada","-","CAD","6.04","1.00","Aug 25, 2032","4.12","CAD","Aug 25, 2025"
"WCNCN","WASTE CONNECTIONS INC","Industrial","Fixed Income","2,115,377.13","0.09","2,115,377.13","2,020,000.00","2,020,000.00","103.78","United States","-","CAD","3.39","1.00","Jun 14, 2029","4.50","CAD","Jun 13, 2024"
"IFCCN","INTACT FINANCIAL CORP RegS","Financial","Fixed Income","2,114,308.09","0.09","2,114,308.09","2,103,000.00","2,103,000.00","99.89","Canada","-","CAD","1.62","1.00","Jun 7, 2027","2.85","CAD","Jun 7, 2017"
"CNRCN","CANADIAN NATIONAL RAILWAY COMPANY","Industrial","Fixed Income","2,111,935.81","0.09","2,111,935.81","2,035,000.00","2,035,000.00","102.12","Canada","-","CAD","14.65","1.00","May 2, 2054","5.10","CAD","May 2, 2024"
"FORTFD_23-1","FORTIFIED TRUST FORTFD_23-1 A","Securitized","Fixed Income","2,110,532.91","0.09","2,110,532.91","2,038,000.00","2,038,000.00","102.75","Canada","-","CAD","2.18","1.00","Dec 23, 2027","4.42","CAD","Jan 31, 2023"
"GLCRTR_24-1-A","GLCRTR_24-1 A RegS","Securitized","Fixed Income","2,108,575.04","0.09","2,108,575.04","2,030,000.00","2,030,000.00","101.77","Canada","-","CAD","1.01","1.00","Sep 20, 2029","4.74","CAD","Jun 18, 2024"
"GTAAIR","GREATER TORONTO AIRPORTS AUTHORITY 144A","Infrastructure","Fixed Income","2,107,090.19","0.09","2,107,090.19","1,923,000.00","1,923,000.00","108.29","Canada","-","CAD","10.04","1.00","Jun 7, 2040","5.63","CAD","Jun 7, 2010"
"PPLCN","PEMBINA PIPELINE CORP MTN","Energy","Fixed Income","2,106,169.40","0.09","2,106,169.40","2,130,000.00","2,130,000.00","98.63","Canada","-","CAD","4.07","1.00","Feb 1, 2030","3.31","CAD","Sep 12, 2019"
"TCN","TELUS CORPORATION","Communication","Fixed Income","2,098,987.98","0.09","2,098,987.98","2,142,000.00","2,142,000.00","97.91","Canada","-","CAD","4.14","1.00","Feb 19, 2030","3.15","CAD","Dec 16, 2019"
"BNCN","BROOKFIELD ASSET MANAGEMENT INC MTN","Industrial","Fixed Income","2,097,107.28","0.09","2,097,107.28","2,045,000.00","2,045,000.00","100.82","Canada","-","CAD","1.25","1.00","Mar 16, 2027","3.80","CAD","Sep 16, 2016"
"HELOCS","HELOCS TRUST","Securitized","Fixed Income","2,096,376.78","0.09","2,096,376.78","2,045,000.00","2,045,000.00","101.19","Canada","-","CAD","2.04","1.00","Oct 23, 2027","3.77","CAD","Oct 28, 2024"
"CNRCN","CANADIAN NATIONAL RAILWAY COMPANY","Industrial","Fixed Income","2,096,323.27","0.09","2,096,323.27","2,090,000.00","2,090,000.00","99.38","Canada","-","CAD","7.86","1.00","Jun 10, 2035","4.20","CAD","Jun 10, 2025"
"GLCRTR","GLACIER CREDIT CARD TRUST","Securitized","Fixed Income","2,095,767.61","0.09","2,095,767.61","1,920,000.00","1,920,000.00","106.63","Canada","-","CAD","2.76","1.00","Sep 20, 2028","5.68","CAD","Aug 23, 2023"
"GEICN","GIBSON ENERGY INC MTN","Energy","Fixed Income","2,095,661.79","0.09","2,095,661.79","2,074,000.00","2,074,000.00","99.42","Canada","-","CAD","3.67","1.00","Sep 17, 2029","3.60","CAD","Sep 17, 2019"
"WSPCN","WSP GLOBAL INC RegS","Industrial","Fixed Income","2,094,725.09","0.09","2,094,725.09","1,920,000.00","1,920,000.00","107.60","Canada","-","CAD","4.42","1.00","Nov 22, 2030","5.55","CAD","Nov 22, 2023"
"FTSCN","FORTIS INC","Infrastructure","Fixed Income","2,090,819.96","0.09","2,090,819.96","1,885,000.00","1,885,000.00","109.16","Canada","-","CAD","6.43","1.00","Nov 8, 2033","5.68","CAD","Nov 8, 2023"
"CRSLNX","CROSSLINX TRANSIT SOLUTIONS GENERA RegS","Infrastructure","Fixed Income","2,088,899.90","0.09","2,088,899.90","2,164,638.00","2,164,638.00","94.58","Canada","-","CAD","8.17","1.00","Sep 30, 2046","4.65","CAD","Jul 24, 2015"
"HYNMTR","HYUNDAI CAPITAL CANADA INC","Financial","Fixed Income","2,081,538.95","0.09","2,081,538.95","1,932,000.00","1,932,000.00","105.09","Canada","-","CAD","2.24","1.00","Mar 8, 2028","5.57","CAD","Mar 8, 2023"
"BRUPOW","BRUCE POWER LP","Energy","Fixed Income","2,081,179.74","0.09","2,081,179.74","2,075,000.00","2,075,000.00","99.52","Canada","-","CAD","6.56","1.00","Jun 21, 2033","4.13","CAD","Mar 1, 2018"
"ENBCN","ENBRIDGE INC MTN","Energy","Fixed Income","2,080,744.55","0.09","2,080,744.55","1,980,000.00","1,980,000.00","103.81","Canada","-","CAD","2.54","1.00","May 26, 2028","4.90","CAD","May 26, 2023"
"SLFCN","SUN LIFE FINANCIAL INC RegS","Financial","Fixed Income","2,077,773.46","0.09","2,077,773.46","1,920,000.00","1,920,000.00","107.37","Canada","-","CAD","2.62","1.00","Jul 4, 2035","5.50","CAD","Jul 4, 2023"
"PPLCN","PEMBINA PIPELINE CORP","Energy","Fixed Income","2,070,838.89","0.09","2,070,838.89","2,117,000.00","2,117,000.00","97.05","Canada","-","CAD","5.54","1.00","Dec 10, 2031","3.53","CAD","Dec 10, 2021"
"TERANE","TERANET HOLDINGS LP","Industrial","Fixed Income","2,070,207.45","0.09","2,070,207.45","2,077,000.00","2,077,000.00","99.61","Canada","-","CAD","3.24","1.00","Feb 23, 2029","3.72","CAD","Feb 23, 2022"
"HNDA","HONDA CANADA FINANCE INC","Financial","Fixed Income","2,066,360.02","0.09","2,066,360.02","2,129,000.00","2,129,000.00","97.04","Canada","-","CAD","2.42","1.00","Feb 25, 2028","1.65","CAD","Feb 25, 2021"
"AIREIN","AIMCO REALTY INVESTORS LP","Real Estate","Fixed Income","2,061,497.40","0.09","2,061,497.40","1,928,000.00","1,928,000.00","105.59","Canada","-","CAD","6.95","1.00","May 23, 2034","4.97","CAD","May 23, 2024"
"VTR","VENTAS CANADA FINANCE LTD","Real Estate","Fixed Income","2,060,489.35","0.09","2,060,489.35","2,071,000.00","2,071,000.00","99.12","United States","-","CAD","1.32","1.00","Jan 4, 2027","2.45","CAD","Dec 1, 2021"
"NWRWPT","NORTH WEST REDWATER PARTNERSHIP","Energy","Fixed Income","2,060,121.39","0.09","2,060,121.39","2,485,000.00","2,485,000.00","81.99","Canada","-","CAD","14.99","1.00","Jun 1, 2051","3.75","CAD","Jun 30, 2021"
"ENBCN","ENBRIDGE INC MTN","Energy","Fixed Income","2,055,943.53","0.09","2,055,943.53","2,350,000.00","2,350,000.00","87.46","Canada","-","CAD","11.58","1.00","Aug 27, 2042","4.24","CAD","Aug 27, 2012"
"OMERS","OMERS REALTY CORP","Real Estate","Fixed Income","2,049,643.52","0.09","2,049,643.52","2,014,000.00","2,014,000.00","100.92","Canada","-","CAD","4.26","1.00","Jun 5, 2030","3.63","CAD","Jun 5, 2018"
"GRTCN","GRANITE REIT HOLDINGS LP","Real Estate","Fixed Income","2,039,921.16","0.09","2,039,921.16","2,095,000.00","2,095,000.00","96.28","Canada","-","CAD","2.85","1.00","Aug 30, 2028","2.19","CAD","Aug 30, 2021"
"BCECN","BELL TELEPHONE COMPANY OF CANADA O MTN RegS","Communication","Fixed Income","2,037,654.14","0.09","2,037,654.14","2,080,000.00","2,080,000.00","97.75","Canada","-","CAD","14.59","1.00","Aug 14, 2055","5.25","CAD","Aug 14, 2025"
"RCICN","ROGERS COMMUNICATIONS INC","Communication","Fixed Income","2,035,609.06","0.09","2,035,609.06","1,958,000.00","1,958,000.00","102.53","Canada","-","CAD","2.75","1.00","Nov 2, 2028","4.40","CAD","Apr 3, 2023"
"HYDONE","HYDRO ONE INC MTN","Infrastructure","Fixed Income","2,033,020.33","0.09","2,033,020.33","1,710,000.00","1,710,000.00","117.20","Canada","-","CAD","5.45","1.00","Jun 1, 2032","6.93","CAD","Jun 22, 2001"
"PPLCN","PEMBINA PIPELINE CORP MTN","Energy","Fixed Income","2,032,713.60","0.09","2,032,713.60","2,224,000.00","2,224,000.00","90.89","Canada","-","CAD","12.74","1.00","Jan 21, 2047","4.74","CAD","Jan 20, 2017"
"HYNMTR","HYUNDAI CAPITAL CANADA INC","Financial","Fixed Income","2,029,156.09","0.09","2,029,156.09","2,026,000.00","2,026,000.00","100.04","Canada","-","CAD","1.41","1.00","Feb 16, 2027","3.20","CAD","Feb 15, 2022"
"NWRWPT","NORTH WEST REDWATER PARTNERSHIP RegS","Energy","Fixed Income","2,019,513.34","0.09","2,019,513.34","1,959,000.00","1,959,000.00","101.93","Canada","-","CAD","8.79","1.00","Jun 1, 2037","4.75","CAD","Jan 29, 2016"
"SNCINN","SNC-LAVALIN INNISFREE MCGILL FINAN 144A","Infrastructure","Fixed Income","2,015,762.28","0.09","2,015,762.28","1,745,536.00","1,745,536.00","114.39","Canada","-","CAD","7.89","1.00","Jun 30, 2044","6.63","CAD","Jul 15, 2010"
"MGCN","MAGNA INTERNATIONAL INC","Industrial","Fixed Income","2,012,439.31","0.09","2,012,439.31","1,920,000.00","1,920,000.00","103.62","Canada","-","CAD","3.34","1.00","May 30, 2029","4.80","CAD","May 30, 2024"
"TCN","TELUS CORPORATION","Communication","Fixed Income","2,010,990.64","0.09","2,010,990.64","2,047,000.00","2,047,000.00","98.03","Canada","-","CAD","2.32","1.00","Jan 27, 2028","2.35","CAD","May 29, 2020"
"F","FORD CREDIT CANADA CO RegS","Financial","Fixed Income","2,010,125.10","0.09","2,010,125.10","1,960,000.00","1,960,000.00","100.42","United States","-","CAD","1.91","1.00","Sep 13, 2027","4.61","CAD","Sep 12, 2024"
"OMERS","OMERS REALTY CORP RegS","Real Estate","Fixed Income","2,007,806.70","0.09","2,007,806.70","1,894,000.00","1,894,000.00","104.24","Canada","-","CAD","3.15","1.00","Apr 9, 2029","4.54","CAD","Mar 9, 2023"
"FTSCN","FORTIS INC","Infrastructure","Fixed Income","2,006,828.80","0.09","2,006,828.80","1,930,000.00","1,930,000.00","102.88","Canada","-","CAD","3.31","1.00","May 31, 2029","4.43","CAD","May 31, 2022"
"VANAFF","VANCOUVER AIRPORT FUEL FACILITIES","Infrastructure","Fixed Income","2,002,884.46","0.09","2,002,884.46","1,975,000.00","1,975,000.00","100.52","Canada","-","CAD","4.28","1.00","Jun 4, 2030","3.81","CAD","Jun 4, 2025"
"F","FORD CREDIT CANADA CO","Financial","Fixed Income","2,001,677.27","0.08","2,001,677.27","1,915,000.00","1,915,000.00","102.60","United States","-","CAD","1.14","1.00","Nov 10, 2026","6.33","CAD","Nov 10, 2023"
"BRUPOW","BRUCE POWER LP","Energy","Fixed Income","1,999,128.35","0.08","1,999,128.35","2,029,000.00","2,029,000.00","98.02","Canada","-","CAD","3.13","1.00","Dec 21, 2028","2.68","CAD","Nov 22, 2021"
"TRPCN","TRANSCANADA PIPELINES LTD MTN","Energy","Fixed Income","1,996,048.26","0.08","1,996,048.26","2,063,000.00","2,063,000.00","96.10","Canada","-","CAD","5.22","1.00","Jun 9, 2031","2.97","CAD","Jun 9, 2021"
"GRTCN","GRANITE REIT HOLDINGS LP","Real Estate","Fixed Income","1,995,259.37","0.08","1,995,259.37","1,989,000.00","1,989,000.00","99.59","Canada","-","CAD","1.67","1.00","Jun 4, 2027","3.06","CAD","Jun 4, 2020"
"TCN","TELUS CORPORATION","Communication","Fixed Income","1,993,987.64","0.08","1,993,987.64","1,883,000.00","1,883,000.00","103.81","Canada","-","CAD","6.14","1.00","Mar 28, 2033","4.95","CAD","Mar 28, 2023"
"ENBGAS","ENBRIDGE GAS INC","Energy","Fixed Income","1,990,732.64","0.08","1,990,732.64","2,419,000.00","2,419,000.00","80.80","Canada","-","CAD","14.62","1.00","Apr 1, 2050","3.65","CAD","Apr 1, 2020"
"RCICN","ROGERS COMMUNICATIONS INC","Communication","Fixed Income","1,990,145.86","0.08","1,990,145.86","1,895,000.00","1,895,000.00","102.53","Canada","-","CAD","1.01","1.00","Sep 21, 2026","5.65","CAD","Sep 21, 2023"
"SOBOCN","SOUTH BOW CANADIAN INFRASTRUCTURE RegS","Energy","Fixed Income","1,986,350.76","0.08","1,986,350.76","1,948,000.00","1,948,000.00","101.59","Canada","-","CAD","7.46","1.00","Feb 1, 2035","4.93","CAD","Aug 28, 2024"
"TCN","TELUS CORPORATION","Communication","Fixed Income","1,985,908.08","0.08","1,985,908.08","1,800,000.00","1,800,000.00","107.67","Canada","-","CAD","4.20","1.00","Sep 9, 2030","5.60","CAD","Sep 8, 2023"
"FTTCN","FINNING INTERNATIONAL INC RegS","Industrial","Fixed Income","1,981,639.54","0.08","1,981,639.54","1,905,000.00","1,905,000.00","103.81","Canada","-","CAD","3.13","1.00","Feb 13, 2029","4.78","CAD","Feb 13, 2024"
"ETRHWY","407 INTERNATIONAL INC MTN","Infrastructure","Fixed Income","1,978,209.14","0.08","1,978,209.14","1,714,000.00","1,714,000.00","113.99","Canada","-","CAD","7.74","1.00","Dec 3, 2035","5.96","CAD","Dec 3, 2004"
"GTAAIR","GREATER TORONTO AIRPORTS AUTHORITY","Infrastructure","Fixed Income","1,977,895.85","0.08","1,977,895.85","2,041,000.00","2,041,000.00","96.41","Canada","-","CAD","2.59","1.00","May 3, 2028","1.54","CAD","Nov 3, 2020"
"TCN","TELUS CORPORATION MTN","Communication","Fixed Income","1,977,120.16","0.08","1,977,120.16","2,179,000.00","2,179,000.00","88.93","Canada","-","CAD","11.48","1.00","Apr 1, 2043","4.40","CAD","Apr 1, 2013"
"NWRWPT","NORTH WEST REDWATER PARTNERSHIP","Energy","Fixed Income","1,976,619.36","0.08","1,976,619.36","2,059,000.00","2,059,000.00","95.40","Canada","-","CAD","9.86","1.00","Jan 10, 2039","4.35","CAD","Jun 10, 2016"
"ATDBCN","ALIMENTATION COUCHE-TARD INC","Industrial","Fixed Income","1,976,472.04","0.08","1,976,472.04","1,901,000.00","1,901,000.00","103.53","Canada","-","CAD","3.09","1.00","Jan 25, 2029","4.60","CAD","Jan 25, 2024"
"ETRHWY","407 INTERNATIONAL INC MTN","Infrastructure","Fixed Income","1,970,863.51","0.08","1,970,863.51","2,744,000.00","2,744,000.00","70.46","Canada","-","CAD","15.51","1.00","Mar 7, 2050","2.84","CAD","Mar 6, 2020"
"NWRWPT","NORTH WEST REDWATER PARTNERSHIP RegS","Energy","Fixed Income","1,968,659.64","0.08","1,968,659.64","1,897,000.00","1,897,000.00","102.74","Canada","-","CAD","3.27","1.00","Jun 1, 2029","4.25","CAD","Jan 29, 2016"
"TRPCN","TRANSCANADA TRUST","Energy","Fixed Income","1,967,975.10","0.08","1,967,975.10","2,005,000.00","2,005,000.00","96.12","Canada","-","CAD","4.57","1.00","Mar 4, 2081","4.20","CAD","Mar 4, 2021"
"ONTPOW","ONTARIO POWER GENERATION INC MTN","Energy","Fixed Income","1,966,738.00","0.08","1,966,738.00","1,930,000.00","1,930,000.00","99.90","Canada","-","CAD","7.58","1.00","Mar 13, 2035","4.32","CAD","Mar 13, 2025"
"ETRHWY","407 INTERNATIONAL INC MTN","Infrastructure","Fixed Income","1,965,702.46","0.08","1,965,702.46","1,980,000.00","1,980,000.00","98.89","Canada","-","CAD","14.83","1.00","Jul 31, 2053","4.86","CAD","Jul 31, 2023"
"CP","CANADIAN PACIFIC RAILWAY COMPANY","Industrial","Fixed Income","1,964,206.89","0.08","1,964,206.89","1,940,000.00","1,940,000.00","100.40","Canada","-","CAD","5.85","1.00","Jun 13, 2032","4.00","CAD","Jun 13, 2025"
"HYNMTR","HYUNDAI CAPITAL CANADA INC RegS","Financial","Fixed Income","1,960,219.25","0.08","1,960,219.25","1,930,000.00","1,930,000.00","100.60","Canada","-","CAD","2.12","1.00","Nov 22, 2027","3.58","CAD","May 22, 2025"
"AIREIN","AIMCO REALTY INVESTORS LP","Real Estate","Fixed Income","1,957,013.00","0.08","1,957,013.00","1,959,000.00","1,959,000.00","99.19","Canada","-","CAD","1.15","1.00","Nov 4, 2026","2.19","CAD","Nov 4, 2021"
"CCACN","COGECO COMMUNICATIONS INC","Communication","Fixed Income","1,955,691.77","0.08","1,955,691.77","1,965,000.00","1,965,000.00","99.23","Canada","-","CAD","7.52","1.00","Feb 6, 2035","4.74","CAD","Feb 6, 2025"
"CCDJ","FEDERATION DES CAISSES DESJARDINS","Financial","Fixed Income","1,954,841.39","0.08","1,954,841.39","1,840,000.00","1,840,000.00","106.05","Canada","-","CAD","2.74","1.00","Aug 16, 2028","5.47","CAD","Aug 16, 2023"
"BCIMCR","BCIMC REALTY CORP","Real Estate","Fixed Income","1,946,799.97","0.08","1,946,799.97","1,922,000.00","1,922,000.00","100.05","Canada","-","CAD","1.41","1.00","Mar 31, 2027","3.00","CAD","Mar 31, 2017"
"VW","VW CREDIT CANADA INC","Financial","Fixed Income","1,943,267.07","0.08","1,943,267.07","1,910,000.00","1,910,000.00","101.63","Germany","-","CAD","1.89","1.00","Aug 19, 2027","4.21","CAD","Aug 19, 2024"
"ENBPIP","ENBRIDGE PIPELINES INC MTN","Energy","Fixed Income","1,943,178.40","0.08","1,943,178.40","2,255,000.00","2,255,000.00","86.09","Canada","-","CAD","13.74","1.00","Feb 22, 2049","4.33","CAD","Feb 22, 2019"
"BIP","BROOKFIELD INFRASTRUCTURE FINANCE MTN RegS","Infrastructure","Fixed Income","1,942,565.28","0.08","1,942,565.28","1,791,000.00","1,791,000.00","107.95","Canada","-","CAD","4.17","1.00","Jul 27, 2030","5.71","CAD","Jul 27, 2023"
"ONTPOW","ONTARIO POWER GENERATION INC MTN","Energy","Fixed Income","1,936,611.34","0.08","1,936,611.34","1,903,000.00","1,903,000.00","100.43","Canada","-","CAD","1.86","1.00","Oct 4, 2027","3.31","CAD","Oct 2, 2017"
"CIXCN","CI FINANCIAL CORP","Financial","Fixed Income","1,933,691.27","0.08","1,933,691.27","1,880,000.00","1,880,000.00","100.90","Canada","-","CAD","2.40","1.00","Apr 3, 2028","4.75","CAD","Apr 1, 2025"
"ENMAXC","ENMAX CORP RegS","Infrastructure","Fixed Income","1,933,502.90","0.08","1,933,502.90","1,860,000.00","1,860,000.00","102.13","Canada","-","CAD","7.23","1.00","Oct 9, 2034","4.70","CAD","Oct 9, 2024"
"SLFCN","SUN LIFE FINANCIAL INC","Financial","Fixed Income","1,931,612.62","0.08","1,931,612.62","1,981,000.00","1,981,000.00","96.62","Canada","-","CAD","5.48","1.00","Nov 18, 2036","3.15","CAD","Nov 18, 2021"
"MFCCN","MANULIFE BANK OF CANADA","Financial","Fixed Income","1,925,293.02","0.08","1,925,293.02","1,890,000.00","1,890,000.00","100.79","Canada","-","CAD","4.23","1.00","May 15, 2030","3.72","CAD","May 15, 2025"
"NWRWPT","NORTH WEST REDWATER PARTNERSHIP RegS","Energy","Fixed Income","1,912,898.58","0.08","1,912,898.58","1,928,000.00","1,928,000.00","98.73","Canada","-","CAD","1.23","1.00","Dec 1, 2026","2.00","CAD","Jun 30, 2021"
"NACN","NATIONAL BANK OF CANADA MTN","Financial","Fixed Income","1,912,266.50","0.08","1,912,266.50","1,820,000.00","1,820,000.00","104.87","Canada","-","CAD","3.17","1.00","Feb 15, 2034","5.28","CAD","Feb 5, 2024"
"AIREIN","AIMCO REALTY INVESTORS LP","Real Estate","Fixed Income","1,910,908.80","0.08","1,910,908.80","1,941,000.00","1,941,000.00","97.79","Canada","-","CAD","3.52","1.00","Jun 1, 2029","2.71","CAD","Jun 14, 2019"
"SOBOCN","SOUTH BOW CANADIAN INFRASTRUCTURE","Energy","Fixed Income","1,909,773.23","0.08","1,909,773.23","1,869,000.00","1,869,000.00","101.85","Canada","-","CAD","3.99","1.00","Feb 1, 2030","4.32","CAD","Aug 28, 2024"
"CIXCN","CI FINANCIAL CORP RegS","Financial","Fixed Income","1,909,109.71","0.08","1,909,109.71","1,800,000.00","1,800,000.00","103.40","Canada","-","CAD","1.90","1.00","Sep 20, 2027","6.00","CAD","Sep 20, 2024"
"DE","JOHN DEERE FINANCIAL INC MTN","Financial","Fixed Income","1,904,729.52","0.08","1,904,729.52","1,880,000.00","1,880,000.00","100.56","United States","-","CAD","3.50","1.00","Jun 12, 2029","3.55","CAD","Jun 12, 2025"
"BAMREP","BROOKFIELD RENEWABLE PARTNERS ULC MTN","Energy","Fixed Income","1,896,117.22","0.08","1,896,117.22","1,895,000.00","1,895,000.00","99.33","Canada","-","CAD","14.21","1.00","Jan 10, 2054","5.32","CAD","Jan 10, 2024"
"MFCCN","MANULIFE BANK OF CANADA","Financial","Fixed Income","1,895,331.35","0.08","1,895,331.35","1,907,000.00","1,907,000.00","98.68","Canada","-","CAD","1.02","1.00","Sep 14, 2026","1.54","CAD","Sep 13, 2021"
"PLEBCA","PLENARY HEALTH BRIDGEPOINT LP","Infrastructure","Fixed Income","1,892,302.77","0.08","1,892,302.77","1,532,033.00","1,532,033.00","119.90","Canada","-","CAD","7.12","1.00","Aug 31, 2042","7.25","CAD","Aug 11, 2009"
"IAGCN","IA FINANCIAL CORPORATION INC","Financial","Fixed Income","1,886,450.35","0.08","1,886,450.35","1,845,000.00","1,845,000.00","101.28","Canada","-","CAD","3.82","1.00","Dec 5, 2034","4.13","CAD","Dec 5, 2024"
"BCECN","BELL CANADA 144A","Communication","Fixed Income","1,884,715.56","0.08","1,884,715.56","1,663,000.00","1,663,000.00","110.56","Canada","-","CAD","7.17","1.00","Mar 16, 2035","6.10","CAD","Mar 16, 2004"
"ONTPOW","ONTARIO POWER GENERATION INC MTN","Energy","Fixed Income","1,884,161.89","0.08","1,884,161.89","1,885,000.00","1,885,000.00","98.58","Canada","-","CAD","3.72","1.00","Sep 13, 2029","2.98","CAD","Sep 13, 2019"
"ARXCN","ARC RESOURCES LTD RegS","Energy","Fixed Income","1,878,495.75","0.08","1,878,495.75","1,860,000.00","1,860,000.00","100.28","Canada","-","CAD","2.64","1.00","Jun 17, 2028","3.58","CAD","Jun 17, 2025"
"ONTPOW","ONTARIO POWER GENERATION INC MTN","Energy","Fixed Income","1,874,637.78","0.08","1,874,637.78","2,108,000.00","2,108,000.00","88.44","Canada","-","CAD","13.90","1.00","Jan 18, 2049","4.25","CAD","Jan 18, 2019"
"TCN","TELUS CORPORATION","Communication","Fixed Income","1,873,850.22","0.08","1,873,850.22","1,695,000.00","1,695,000.00","107.72","Canada","-","CAD","13.51","1.00","Sep 8, 2053","5.95","CAD","Sep 8, 2023"
"HNDA","HONDA CANADA FINANCE INC","Financial","Fixed Income","1,873,965.92","0.08","1,873,965.92","1,765,000.00","1,765,000.00","105.02","Canada","-","CAD","3.41","1.00","Jun 4, 2029","4.90","CAD","Jun 4, 2024"
"DOLCN","DOLLARAMA INC","Industrial","Fixed Income","1,872,534.38","0.08","1,872,534.38","1,730,000.00","1,730,000.00","106.47","Canada","-","CAD","3.98","1.00","Apr 26, 2030","5.17","CAD","Oct 26, 2022"
"SUCN","SUNCOR ENERGY INC MTN","Energy","Fixed Income","1,869,824.66","0.08","1,869,824.66","2,259,000.00","2,259,000.00","80.85","Canada","-","CAD","14.30","1.00","Mar 4, 2051","3.95","CAD","Mar 4, 2021"
"ETRHWY","407 INTERNATIONAL INC MTN","Infrastructure","Fixed Income","1,869,587.30","0.08","1,869,587.30","1,968,000.00","1,968,000.00","94.32","Canada","-","CAD","6.06","1.00","May 25, 2032","2.59","CAD","May 22, 2020"
"SOBOCN","SOUTH BOW CANADIAN INFRASTRUCTURE","Energy","Fixed Income","1,866,532.95","0.08","1,866,532.95","1,828,000.00","1,828,000.00","101.75","Canada","-","CAD","5.51","1.00","Feb 1, 2032","4.62","CAD","Aug 28, 2024"
"SSLFIN","SSL FINANCE INC","Infrastructure","Fixed Income","1,863,188.21","0.08","1,863,188.21","1,955,453.00","1,955,453.00","93.92","Canada","-","CAD","8.16","1.00","Oct 31, 2045","4.10","CAD","Jun 19, 2015"
"BAMREP","BROOKFIELD RENEWABLE PARTNERS ULC MTN RegS","Energy","Fixed Income","1,857,606.85","0.08","1,857,606.85","1,720,000.00","1,720,000.00","106.22","Canada","-","CAD","6.48","1.00","Oct 28, 2033","5.29","CAD","Mar 29, 2023"
"HYDONE","HYDRO ONE INC MTN","Infrastructure","Fixed Income","1,857,104.01","0.08","1,857,104.01","1,963,000.00","1,963,000.00","93.60","Canada","-","CAD","5.53","1.00","Sep 17, 2031","2.23","CAD","Sep 17, 2021"
"GM","GENERAL MOTORS FINANCIAL OF CANADA","Financial","Fixed Income","1,853,533.13","0.08","1,853,533.13","1,854,000.00","1,854,000.00","99.79","United States","-","CAD","1.40","1.00","Feb 8, 2027","3.15","CAD","Feb 8, 2022"
"WSPCN","WSP GLOBAL INC","Industrial","Fixed Income","1,852,798.65","0.08","1,852,798.65","1,775,000.00","1,775,000.00","102.17","Canada","-","CAD","7.18","1.00","Sep 12, 2034","4.75","CAD","Sep 12, 2024"
"ENBCN","ENBRIDGE INC MTN","Energy","Fixed Income","1,850,904.94","0.08","1,850,904.94","1,735,000.00","1,735,000.00","105.18","Canada","-","CAD","13.71","1.00","May 26, 2053","5.76","CAD","May 26, 2023"
"HYOHI","HYDRO OTTAWA CAPITAL CORP","Infrastructure","Fixed Income","1,847,360.83","0.08","1,847,360.83","1,830,000.00","1,830,000.00","100.59","Canada","-","CAD","7.62","1.00","Jan 30, 2035","4.37","CAD","Jan 30, 2025"
"CCOCN","CAMECO CORPORATION","Industrial","Fixed Income","1,846,229.72","0.08","1,846,229.72","1,735,000.00","1,735,000.00","105.10","Canada","-","CAD","4.88","1.00","May 24, 2031","4.94","CAD","May 24, 2024"
"STNCN","STANTEC INC RegS","Industrial","Fixed Income","1,846,246.60","0.08","1,846,246.60","1,820,000.00","1,820,000.00","100.48","Canada","-","CAD","5.77","1.00","Jun 10, 2032","4.37","CAD","Jun 10, 2025"
"REIUCN","RIOCAN REAL ESTATE INVESTMENT TRUS","Real Estate","Fixed Income","1,846,406.25","0.08","1,846,406.25","1,703,000.00","1,703,000.00","105.71","Canada","-","CAD","3.80","1.00","Mar 1, 2030","5.47","CAD","Feb 12, 2024"
"GRTCN","GRANITE REIT HOLDINGS LP","Real Estate","Fixed Income","1,846,408.35","0.08","1,846,408.35","1,989,000.00","1,989,000.00","92.36","Canada","-","CAD","4.90","1.00","Dec 18, 2030","2.38","CAD","Dec 18, 2020"
"TOYOTA","TOYOTA CREDIT CANADA INC MTN","Financial","Fixed Income","1,845,893.15","0.08","1,845,893.15","1,800,000.00","1,800,000.00","101.03","Canada","-","CAD","3.73","1.00","Oct 2, 2029","3.73","CAD","Oct 2, 2024"
"WSPCN","WSP GLOBAL INC","Industrial","Fixed Income","1,845,546.19","0.08","1,845,546.19","1,866,000.00","1,866,000.00","98.03","Canada","-","CAD","2.52","1.00","Apr 19, 2028","2.41","CAD","Apr 19, 2021"
"BAMREP","BROOKFIELD RENEWABLE PARTNERS ULC MTN","Energy","Fixed Income","1,845,603.87","0.08","1,845,603.87","1,650,000.00","1,650,000.00","110.05","Canada","-","CAD","5.73","1.00","Nov 9, 2032","5.88","CAD","Nov 9, 2022"
"AIREIN","AIMCO REALTY INVESTORS LP","Real Estate","Fixed Income","1,845,685.52","0.08","1,845,685.52","1,760,000.00","1,760,000.00","104.69","Canada","-","CAD","3.98","1.00","Feb 15, 2030","4.64","CAD","May 23, 2024"
"BAMREP","BROOKFIELD RENEWABLE PARTNERS ULC","Energy","Fixed Income","1,842,060.83","0.08","1,842,060.83","1,793,000.00","1,793,000.00","102.21","Canada","-","CAD","2.99","1.00","Jan 15, 2029","4.25","CAD","Sep 20, 2018"
"HYDONE","HYDRO ONE INC MTN","Infrastructure","Fixed Income","1,840,564.62","0.08","1,840,564.62","1,716,000.00","1,716,000.00","106.60","Canada","-","CAD","10.19","1.00","Jul 16, 2040","5.49","CAD","Jul 16, 2009"
"TCN","TELUS CORPORATION","Communication","Fixed Income","1,840,397.54","0.08","1,840,397.54","1,965,000.00","1,965,000.00","92.85","Canada","-","CAD","4.75","1.00","Oct 7, 2030","2.05","CAD","Oct 5, 2020"
"RLNCE","RELIANCE LP","Industrial","Fixed Income","1,834,322.74","0.08","1,834,322.74","1,875,000.00","1,875,000.00","97.63","Canada","-","CAD","2.79","1.00","Aug 1, 2028","2.67","CAD","Apr 14, 2021"
"SMTOP","SMARTSTOP OP LP RegS","Real Estate","Fixed Income","1,833,444.98","0.08","1,833,444.98","1,805,000.00","1,805,000.00","100.78","United States","-","CAD","2.62","1.00","Jun 16, 2028","3.91","CAD","Jun 16, 2025"
"EPCOR","EPCOR UTILITIES INC","Infrastructure","Fixed Income","1,826,406.55","0.08","1,826,406.55","1,793,000.00","1,793,000.00","100.63","Canada","-","CAD","14.81","1.00","May 31, 2054","4.99","CAD","May 31, 2024"
"NAVCAN","NAV CANADA","Infrastructure","Fixed Income","1,826,362.96","0.08","1,826,362.96","2,487,000.00","2,487,000.00","72.21","Canada","-","CAD","16.04","1.00","Sep 29, 2051","2.92","CAD","May 29, 2020"
"FFHCN","FAIRFAX FINANCIAL HOLDINGS LTD","Financial","Fixed Income","1,824,828.01","0.08","1,824,828.01","1,760,000.00","1,760,000.00","102.40","Canada","-","CAD","7.33","1.00","Nov 22, 2034","4.73","CAD","Nov 22, 2024"
"KEYCN","KEYERA CORP MTN","Energy","Fixed Income","1,824,016.54","0.08","1,824,016.54","1,713,000.00","1,713,000.00","104.36","Canada","-","CAD","5.42","1.00","Mar 28, 2032","5.02","CAD","Mar 28, 2022"
"IPLCN","INTER PIPELINE LTD MTN","Energy","Fixed Income","1,823,556.55","0.08","1,823,556.55","2,048,000.00","2,048,000.00","87.88","Canada","-","CAD","11.74","1.00","May 30, 2044","4.64","CAD","May 30, 2014"
"BRUPOW","BRUCE POWER LP RegS","Energy","Fixed Income","1,820,370.51","0.08","1,820,370.51","1,904,000.00","1,904,000.00","94.71","Canada","-","CAD","13.60","1.00","Jun 21, 2049","4.75","CAD","Mar 25, 2019"
"APUCN","ALLIED PROPERTIES REAL ESTATE INVE RegS","Real Estate","Fixed Income","1,815,856.53","0.08","1,815,856.53","1,785,000.00","1,785,000.00","101.66","Canada","-","CAD","3.20","1.00","Feb 24, 2029","4.81","CAD","Feb 24, 2025"
"RLNCE","RELIANCE LP","Industrial","Fixed Income","1,815,070.58","0.08","1,815,070.58","1,700,000.00","1,700,000.00","105.24","Canada","-","CAD","4.88","1.00","May 15, 2031","5.25","CAD","May 15, 2024"
"BCECN","BELL CANADA MTN RegS","Communication","Fixed Income","1,814,178.45","0.08","1,814,178.45","1,875,000.00","1,875,000.00","96.47","Canada","-","CAD","14.14","1.00","Feb 9, 2053","5.15","CAD","Feb 9, 2023"
"ONTPOW","ONTARIO POWER GENERATION INC MTN","Energy","Fixed Income","1,813,941.31","0.08","1,813,941.31","1,840,000.00","1,840,000.00","96.33","Canada","-","CAD","14.74","1.00","Mar 13, 2055","4.87","CAD","Mar 13, 2025"
"WM","WASTE MANAGEMENT OF CANADA CORP","Industrial","Fixed Income","1,813,947.67","0.08","1,813,947.67","1,803,000.00","1,803,000.00","99.47","Canada","-","CAD","1.03","1.00","Sep 23, 2026","2.60","CAD","Sep 23, 2019"
"TERANE","TERANET HOLDINGS LP","Industrial","Fixed Income","1,812,727.97","0.08","1,812,727.97","1,786,000.00","1,786,000.00","100.35","Canada","-","CAD","10.00","1.00","Dec 17, 2040","5.75","CAD","Dec 16, 2010"
"CAAIAU","CALGARY AIRPORT AUTHORITY","Infrastructure","Fixed Income","1,810,841.38","0.08","1,810,841.38","2,006,000.00","2,006,000.00","89.01","Canada","-","CAD","9.00","1.00","Oct 7, 2036","3.20","CAD","Oct 7, 2021"
"ALTALK","ALTALINK LP MTN","Infrastructure","Fixed Income","1,809,319.94","0.08","1,809,319.94","2,010,000.00","2,010,000.00","89.36","Canada","-","CAD","11.72","1.00","Jun 30, 2042","3.99","CAD","Jun 29, 2012"
"ETRHWY","407 INTERNATIONAL INC. MTN","Infrastructure","Fixed Income","1,808,408.94","0.08","1,808,408.94","2,080,000.00","2,080,000.00","85.79","Canada","-","CAD","13.30","1.00","May 11, 2046","3.83","CAD","May 11, 2015"
"ETRHWY","407 INTERNATIONAL INC MTN","Infrastructure","Fixed Income","1,801,764.98","0.08","1,801,764.98","2,094,000.00","2,094,000.00","84.30","Canada","-","CAD","12.70","1.00","Sep 8, 2044","3.65","CAD","Sep 8, 2017"
"CP","CANADIAN PACIFIC RAILWAY COMPANY","Industrial","Fixed Income","1,796,018.35","0.08","1,796,018.35","1,776,000.00","1,776,000.00","99.67","Canada","-","CAD","3.24","1.00","Mar 13, 2029","3.15","CAD","Mar 13, 2019"
"FFHCN","FAIRFAX FINANCIAL HOLDINGS LTD","Financial","Fixed Income","1,794,604.35","0.08","1,794,604.35","1,739,000.00","1,739,000.00","102.32","Canada","-","CAD","3.32","1.00","Jun 14, 2029","4.23","CAD","Jun 14, 2019"
"MRUCN","METRO INC MTN","Industrial","Fixed Income","1,793,195.64","0.08","1,793,195.64","1,770,000.00","1,770,000.00","100.53","Canada","-","CAD","2.04","1.00","Dec 6, 2027","3.39","CAD","Dec 4, 2017"
"GEICN","GIBSON ENERGY INC RegS","Energy","Fixed Income","1,789,340.37","0.08","1,789,340.37","1,780,000.00","1,780,000.00","100.42","Canada","-","CAD","5.94","1.00","Aug 20, 2032","4.45","CAD","Aug 20, 2025"
"FTSCN","FORTIS INC","Infrastructure","Fixed Income","1,788,075.20","0.08","1,788,075.20","1,816,000.00","1,816,000.00","97.83","Canada","-","CAD","2.60","1.00","May 15, 2028","2.18","CAD","May 14, 2021"
"ALACN","ALTAGAS LTD","Energy","Fixed Income","1,785,385.64","0.08","1,785,385.64","1,833,000.00","1,833,000.00","96.89","Canada","-","CAD","2.64","1.00","May 30, 2028","2.08","CAD","Nov 30, 2020"
"XCN","TMX GROUP LTD RegS","Financial","Fixed Income","1,783,188.33","0.08","1,783,188.33","1,690,000.00","1,690,000.00","105.37","Canada","-","CAD","5.46","1.00","Feb 18, 2032","4.84","CAD","Feb 16, 2024"
"BCECN","BELL TELEPHONE COMPANY OF CANADA O MTN RegS","Communication","Fixed Income","1,779,844.35","0.08","1,779,844.35","1,780,000.00","1,780,000.00","99.81","Canada","-","CAD","6.38","1.00","Mar 14, 2033","4.30","CAD","Aug 14, 2025"
"BAMREP","BROOKFIELD RENEWABLE PARTNERS ULC MTN","Energy","Fixed Income","1,770,649.55","0.08","1,770,649.55","1,745,000.00","1,745,000.00","99.35","Canada","-","CAD","7.86","1.00","Oct 12, 2035","4.54","CAD","Mar 12, 2025"
"IFCCN","INTACT FINANCIAL CORP MTN RegS","Financial","Fixed Income","1,764,051.88","0.07","1,764,051.88","1,655,000.00","1,655,000.00","104.16","Canada","-","CAD","14.48","1.00","Sep 14, 2054","5.28","CAD","Sep 14, 2023"
"OXFPRO","OXFORD PROPERTIES GROUP TRUST","Real Estate","Fixed Income","1,760,266.20","0.07","1,760,266.20","1,720,000.00","1,720,000.00","101.42","Canada","-","CAD","3.86","1.00","Dec 4, 2029","3.90","CAD","Jun 4, 2025"
"APUCN","ALLIED PROPERTIES REAL ESTATE INVE","Real Estate","Fixed Income","1,758,604.64","0.07","1,758,604.64","1,860,000.00","1,860,000.00","94.48","Canada","-","CAD","4.15","1.00","Feb 21, 2030","3.12","CAD","Feb 21, 2020"
"HYDONE","HYDRO ONE LTD","Infrastructure","Fixed Income","1,756,605.56","0.07","1,756,605.56","1,796,000.00","1,796,000.00","97.28","Canada","-","CAD","2.07","1.00","Oct 15, 2027","1.41","CAD","Oct 15, 2020"
"RCICN","ROGERS COMMUNICATIONS INC.","Communication","Fixed Income","1,753,889.84","0.07","1,753,889.84","1,755,000.00","1,755,000.00","98.87","Canada","-","CAD","3.38","1.00","May 1, 2029","3.25","CAD","Apr 30, 2019"
"TIHCN","TOROMONT INDUSTRIES LTD.","Industrial","Fixed Income","1,746,917.11","0.07","1,746,917.11","1,705,000.00","1,705,000.00","101.15","Canada","-","CAD","1.85","1.00","Oct 27, 2027","3.84","CAD","Oct 27, 2017"
"CCDJ","FEDERATION DES CAISSES DESJARDINS","Financial","Fixed Income","1,744,938.16","0.07","1,744,938.16","1,753,000.00","1,753,000.00","98.79","Canada","-","CAD","1.01","1.00","Sep 10, 2026","1.59","CAD","Sep 10, 2021"
"TRPCN","TRANSCANADA PIPELINES LTD MTN RegS","Energy","Fixed Income","1,740,319.70","0.07","1,740,319.70","2,041,000.00","2,041,000.00","84.62","Canada","-","CAD","13.59","1.00","Jul 3, 2048","4.18","CAD","Jul 3, 2018"
"BAMREP","BROOKFIELD RENEWABLE ENERGY PARTNE MTN","Energy","Fixed Income","1,739,243.34","0.07","1,739,243.34","1,724,000.00","1,724,000.00","100.44","Canada","-","CAD","1.15","1.00","Jan 15, 2027","3.63","CAD","Aug 12, 2016"
"TCN","TELUS CORPORATION","Communication","Fixed Income","1,735,205.64","0.07","1,735,205.64","1,619,000.00","1,619,000.00","104.86","Canada","-","CAD","3.47","1.00","Sep 13, 2029","5.00","CAD","Sep 13, 2022"
"CTCACN","CANADIAN TIRE CORPORATION LTD MTN","Industrial","Fixed Income","1,734,590.71","0.07","1,734,590.71","1,590,000.00","1,590,000.00","106.65","Canada","-","CAD","4.24","1.00","Sep 16, 2030","5.37","CAD","Sep 14, 2023"
"HYDONE","HYDRO ONE INC RegS","Infrastructure","Fixed Income","1,731,491.20","0.07","1,731,491.20","1,850,000.00","1,850,000.00","93.19","Canada","-","CAD","15.00","1.00","Jan 27, 2053","4.46","CAD","Jan 27, 2023"
"NWRWPT","NORTH WEST REDWATER PARTNERSHIP RegS","Energy","Fixed Income","1,731,610.21","0.07","1,731,610.21","2,035,000.00","2,035,000.00","85.03","Canada","-","CAD","12.23","1.00","Feb 23, 2043","3.70","CAD","Feb 23, 2015"
"CNRCN","CANADIAN NATIONAL RAILWAY COMPANY","Industrial","Fixed Income","1,731,024.66","0.07","1,731,024.66","2,108,000.00","2,108,000.00","81.84","Canada","-","CAD","14.05","1.00","Aug 1, 2047","3.60","CAD","Aug 1, 2017"
"XCN","TMX GROUP LTD RegS","Financial","Fixed Income","1,728,627.50","0.07","1,728,627.50","1,635,000.00","1,635,000.00","105.55","Canada","-","CAD","6.85","1.00","Feb 16, 2034","4.97","CAD","Feb 16, 2024"
"EPCOR","EPCOR UTILITIES INC MTN","Infrastructure","Fixed Income","1,724,564.63","0.07","1,724,564.63","1,740,000.00","1,740,000.00","96.78","Canada","-","CAD","14.44","1.00","Sep 2, 2052","4.72","CAD","Sep 2, 2022"
"CUCN","CU INC MTN","Energy","Fixed Income","1,724,133.60","0.07","1,724,133.60","1,938,000.00","1,938,000.00","87.17","Canada","-","CAD","11.76","1.00","Sep 10, 2042","3.81","CAD","Sep 10, 2012"
"ETRHWY","407 INTERNATIONAL INC MTN","Infrastructure","Fixed Income","1,721,091.79","0.07","1,721,091.79","2,043,000.00","2,043,000.00","82.49","Canada","-","CAD","14.29","1.00","Mar 8, 2049","3.67","CAD","Mar 6, 2019"
"BAMREP","BROOKFIELD RENEWABLE PARTNERS ULC MTN","Energy","Fixed Income","1,718,884.11","0.07","1,718,884.11","1,728,000.00","1,728,000.00","99.06","Canada","-","CAD","4.02","1.00","Jan 15, 2030","3.38","CAD","Sep 13, 2019"
"GLCRTR_22-1","GLCRTR_22-1 RegS","Securitized","Fixed Income","1,717,650.16","0.07","1,717,650.16","1,625,000.00","1,625,000.00","103.50","Canada","-","CAD","1.92","1.00","Sep 20, 2027","4.96","CAD","Sep 27, 2022"
"BIP","BROOKFIELD INFRASTRUCTURE FINANCE MTN","Infrastructure","Fixed Income","1,716,843.05","0.07","1,716,843.05","1,615,000.00","1,615,000.00","104.66","Canada","-","CAD","1.98","1.00","Nov 14, 2027","5.62","CAD","Nov 14, 2022"
"WCPCN","WHITECAP RESOURCES INC","Energy","Fixed Income","1,716,879.76","0.07","1,716,879.76","1,660,000.00","1,660,000.00","101.99","Canada","-","CAD","3.74","1.00","Nov 1, 2029","4.38","CAD","Nov 1, 2024"
"QBRCN","VIDEOTRON LTD RegS","Communication","Fixed Income","1,710,247.02","0.07","1,710,247.02","1,650,000.00","1,650,000.00","103.03","Canada","-","CAD","7.08","1.00","Jul 15, 2034","5.00","CAD","Jun 21, 2024"
"GM","GENERAL MOTORS FINANCIAL OF CANADA","Financial","Fixed Income","1,708,507.46","0.07","1,708,507.46","1,682,000.00","1,682,000.00","101.53","United States","-","CAD","4.05","1.00","Feb 25, 2030","4.45","CAD","Feb 25, 2025"
"SGTPHW","SGTP HIGHWAY BYPASS LIMITED PARTNE RegS","Infrastructure","Fixed Income","1,706,113.02","0.07","1,706,113.02","1,809,950.00","1,809,950.00","93.94","Canada","-","CAD","8.11","1.00","Jan 31, 2045","4.11","CAD","Aug 4, 2015"
"F","FORD CREDIT CANADA CO RegS","Financial","Fixed Income","1,703,750.26","0.07","1,703,750.26","1,670,000.00","1,670,000.00","101.91","United States","-","CAD","1.43","1.00","Feb 22, 2027","5.58","CAD","Feb 20, 2024"
"TOYOTA","TOYOTA CREDIT CANADA INC MTN","Financial","Fixed Income","1,703,626.19","0.07","1,703,626.19","1,700,000.00","1,700,000.00","100.11","Canada","-","CAD","2.81","1.00","Aug 18, 2028","3.31","CAD","Aug 18, 2025"
"CPXCN","CAPITAL POWER CORP MTN RegS","Energy","Fixed Income","1,703,667.29","0.07","1,703,667.29","1,650,000.00","1,650,000.00","102.74","Canada","-","CAD","1.35","1.00","Jan 25, 2027","5.38","CAD","Dec 15, 2023"
"REIUCN","RIOCAN REAL ESTATE INVESTMENT TRUS","Real Estate","Fixed Income","1,703,245.76","0.07","1,703,245.76","1,725,000.00","1,725,000.00","97.86","Canada","-","CAD","3.01","1.00","Nov 8, 2028","2.83","CAD","Nov 8, 2021"
"CPXCN","CAPITAL POWER CORP","Energy","Fixed Income","1,702,953.53","0.07","1,702,953.53","1,565,000.00","1,565,000.00","106.15","Canada","-","CAD","2.67","1.00","Sep 15, 2028","5.82","CAD","Sep 15, 2023"
"CHPUCN","CHOICE PROPERTIES REAL ESTATE INVE","Real Estate","Fixed Income","1,702,996.27","0.07","1,702,996.27","1,696,000.00","1,696,000.00","99.63","Canada","-","CAD","1.62","1.00","May 21, 2027","2.85","CAD","May 21, 2020"
"CPGCN","VEREN INC RegS","Energy","Fixed Income","1,701,539.55","0.07","1,701,539.55","1,600,000.00","1,600,000.00","105.31","Canada","-","CAD","6.88","1.00","Jun 21, 2034","5.50","CAD","Jun 21, 2024"
"COAGAS","COASTAL GASLINK PIPELINE LP","Energy","Fixed Income","1,701,434.39","0.07","1,701,434.39","1,570,000.00","1,570,000.00","106.04","Canada","-","CAD","10.84","1.00","Sep 30, 2042","5.61","CAD","Jun 13, 2024"
"SRUUCN","SMARTCENTRES REAL ESTATE INVESTMEN","Real Estate","Fixed Income","1,700,135.24","0.07","1,700,135.24","1,718,000.00","1,718,000.00","98.28","Canada","-","CAD","3.94","1.00","Dec 20, 2029","3.53","CAD","Dec 20, 2019"
"IFCCN","INTACT FINANCIAL CORP MTN","Financial","Fixed Income","1,698,575.08","0.07","1,698,575.08","1,615,000.00","1,615,000.00","103.84","Canada","-","CAD","3.35","1.00","May 16, 2034","4.65","CAD","May 16, 2024"
"NSIUCN","NOVA SCOTIA POWER INC MTN","Infrastructure","Fixed Income","1,697,360.81","0.07","1,697,360.81","2,130,000.00","2,130,000.00","78.26","Canada","-","CAD","14.29","1.00","Apr 5, 2049","3.57","CAD","Apr 4, 2019"
"ALTALK","ALTALINK LP","Infrastructure","Fixed Income","1,695,995.50","0.07","1,695,995.50","1,679,000.00","1,679,000.00","99.60","Canada","-","CAD","10.48","1.00","Nov 15, 2040","4.87","CAD","Nov 15, 2010"
"GWOCN","GREAT-WEST LIFECO INC","Financial","Fixed Income","1,693,717.13","0.07","1,693,717.13","1,501,000.00","1,501,000.00","111.11","Canada","-","CAD","9.62","1.00","Nov 16, 2039","6.00","CAD","Nov 16, 2009"
"DIRUCN","DREAM INDUSTRIAL REAL ESTATE INVES","Real Estate","Fixed Income","1,690,092.02","0.07","1,690,092.02","1,585,000.00","1,585,000.00","104.27","Canada","-","CAD","2.28","1.00","Mar 22, 2028","5.38","CAD","Mar 22, 2023"
"BIP","BROOKFIELD INFRASTRUCTURE FINANCE MTN","Infrastructure","Fixed Income","1,685,176.05","0.07","1,685,176.05","1,805,000.00","1,805,000.00","91.95","Canada","-","CAD","6.17","1.00","Sep 1, 2032","2.86","CAD","Sep 1, 2020"
"ETRHWY","407 INTERNATIONAL INC. MTN","Infrastructure","Fixed Income","1,683,132.71","0.07","1,683,132.71","2,020,000.00","2,020,000.00","82.34","Canada","-","CAD","13.88","1.00","May 21, 2047","3.60","CAD","May 19, 2016"
"VW","VW CREDIT CANADA INC RegS","Financial","Fixed Income","1,676,694.03","0.07","1,676,694.03","1,680,000.00","1,680,000.00","99.27","Germany","-","CAD","1.25","1.00","Dec 10, 2026","2.45","CAD","Dec 10, 2021"
"HNDA","HONDA CANADA FINANCE INC","Financial","Fixed Income","1,672,329.15","0.07","1,672,329.15","1,530,000.00","1,530,000.00","106.88","Canada","-","CAD","2.78","1.00","Sep 28, 2028","5.73","CAD","Sep 28, 2023"
"CUCN","CANADIAN UTILITIES LTD RegS","Energy","Fixed Income","1,671,766.41","0.07","1,671,766.41","1,645,000.00","1,645,000.00","100.83","Canada","-","CAD","7.83","1.00","Jun 24, 2035","4.41","CAD","Jun 24, 2025"
"OMERS","OMERS REALTY CORP RegS","Real Estate","Fixed Income","1,668,062.46","0.07","1,668,062.46","1,560,000.00","1,560,000.00","106.67","Canada","-","CAD","4.70","1.00","Feb 10, 2031","4.96","CAD","Feb 8, 2024"
"CP","CANADIAN PACIFIC RAILWAY CO MTN","Industrial","Fixed Income","1,667,040.72","0.07","1,667,040.72","1,427,000.00","1,427,000.00","114.98","Canada","-","CAD","9.47","1.00","Nov 17, 2039","6.45","CAD","Nov 17, 2009"
"ENBGAS","ENBRIDGE GAS INC MTN","Energy","Fixed Income","1,665,331.71","0.07","1,665,331.71","1,716,000.00","1,716,000.00","96.92","Canada","-","CAD","3.73","1.00","Aug 9, 2029","2.37","CAD","Aug 9, 2019"
"ALACN","ALTAGAS LTD MTN RegS","Energy","Fixed Income","1,664,850.69","0.07","1,664,850.69","1,560,000.00","1,560,000.00","104.35","Canada","-","CAD","6.71","1.00","Mar 14, 2034","5.14","CAD","Mar 14, 2024"
"CUCN","CU INC","Energy","Fixed Income","1,661,445.05","0.07","1,661,445.05","1,695,000.00","1,695,000.00","95.84","Canada","-","CAD","14.95","1.00","Sep 11, 2054","4.66","CAD","Sep 11, 2024"
"CUCN","CU INC","Energy","Fixed Income","1,658,290.74","0.07","1,658,290.74","2,244,000.00","2,244,000.00","72.48","Canada","-","CAD","15.20","1.00","Sep 7, 2049","2.96","CAD","Sep 5, 2019"
"RCICN","ROGERS COMMUNICATIONS INC. MTN","Communication","Fixed Income","1,655,618.64","0.07","1,655,618.64","1,438,000.00","1,438,000.00","112.26","Canada","-","CAD","9.68","1.00","Mar 22, 2041","6.56","CAD","Mar 21, 2011"
"DIRUCN","DREAM INDUSTRIAL REAL ESTATE INVES","Real Estate","Fixed Income","1,651,963.47","0.07","1,651,963.47","1,681,000.00","1,681,000.00","97.86","Canada","-","CAD","1.75","1.00","Jun 17, 2027","2.06","CAD","Jun 17, 2021"
"F","FORD CREDIT CANADA CO RegS","Financial","Fixed Income","1,649,194.91","0.07","1,649,194.91","1,615,000.00","1,615,000.00","101.98","United States","-","CAD","3.92","1.00","Feb 20, 2030","5.67","CAD","Feb 20, 2024"
"ENBGAS","ENBRIDGE GAS INC MTN","Energy","Fixed Income","1,642,650.92","0.07","1,642,650.92","1,804,000.00","1,804,000.00","90.04","Canada","-","CAD","12.29","1.00","Jun 2, 2044","4.20","CAD","Jun 2, 2014"
"HYDONE","HYDRO ONE INC.","Infrastructure","Fixed Income","1,640,618.22","0.07","1,640,618.22","1,388,000.00","1,388,000.00","116.45","Canada","-","CAD","4.04","1.00","Jun 3, 2030","7.35","CAD","Jun 1, 2000"
"LCN","LOBLAW COMPANIES LTD","Industrial","Fixed Income","1,639,201.15","0.07","1,639,201.15","1,620,000.00","1,620,000.00","100.42","Canada","-","CAD","3.92","1.00","Dec 12, 2029","3.56","CAD","Dec 12, 2024"
"BNCN","BROOKFIELD ASSET MANAGEMENT INC.","Industrial","Fixed Income","1,638,313.16","0.07","1,638,313.16","1,473,000.00","1,473,000.00","109.98","Canada","-","CAD","7.45","1.00","Jun 14, 2035","5.95","CAD","Jun 14, 2005"
"HOSNOH","HOSPITAL INFRASTRUCTURE PARTNERS I","Infrastructure","Fixed Income","1,635,980.28","0.07","1,635,980.28","1,567,103.00","1,567,103.00","103.96","Canada","-","CAD","8.14","1.00","Jan 31, 2045","5.44","CAD","Jul 29, 2011"
"HYDONE","HYDRO ONE INC MTN","Infrastructure","Fixed Income","1,633,741.49","0.07","1,633,741.49","1,666,000.00","1,666,000.00","96.28","Canada","-","CAD","11.76","1.00","Oct 9, 2043","4.59","CAD","Oct 9, 2013"
"VW","VW CREDIT CANADA INC RegS","Financial","Fixed Income","1,631,781.54","0.07","1,631,781.54","1,500,000.00","1,500,000.00","106.24","Germany","-","CAD","2.76","1.00","Sep 20, 2028","5.73","CAD","Sep 20, 2023"
"CCACN","COGECO COMMUNICATIONS INC","Communication","Fixed Income","1,625,109.69","0.07","1,625,109.69","1,710,000.00","1,710,000.00","93.72","Canada","-","CAD","5.41","1.00","Sep 22, 2031","2.99","CAD","Sep 20, 2021"
"BIP","BROOKFIELD INFRASTRUCTURE FINANCE","Infrastructure","Fixed Income","1,623,204.10","0.07","1,623,204.10","1,500,000.00","1,500,000.00","106.34","Canada","-","CAD","6.75","1.00","Apr 25, 2034","5.44","CAD","Apr 25, 2022"
"GTAAIR","GREATER TORONTO AIRPORTS AUTHORITY","Infrastructure","Fixed Income","1,619,295.71","0.07","1,619,295.71","1,814,000.00","1,814,000.00","88.47","Canada","-","CAD","9.42","1.00","Jun 1, 2037","3.26","CAD","Mar 29, 2018"
"LCN","LOBLAW COMPANIES LTD","Industrial","Fixed Income","1,615,561.88","0.07","1,615,561.88","1,537,000.00","1,537,000.00","102.64","Canada","-","CAD","13.86","1.00","Sep 13, 2052","5.34","CAD","Sep 13, 2022"
"SLFCN","SUN LIFE FINANCIAL INC","Financial","Fixed Income","1,608,028.72","0.07","1,608,028.72","1,504,000.00","1,504,000.00","105.56","Canada","-","CAD","8.63","1.00","May 29, 2042","5.40","CAD","May 29, 2007"
"AERMON","MONTREAL AIRPORTS","Infrastructure","Fixed Income","1,604,133.02","0.07","1,604,133.02","1,991,000.00","1,991,000.00","79.39","Canada","-","CAD","15.32","1.00","Apr 26, 2051","3.44","CAD","Apr 26, 2021"
"TCN","TELUS CORPORATION","Communication","Fixed Income","1,603,643.29","0.07","1,603,643.29","1,718,000.00","1,718,000.00","91.08","Canada","-","CAD","12.90","1.00","Mar 6, 2048","4.70","CAD","Mar 6, 2017"
"GIBACN","CGI INC","Industrial","Fixed Income","1,601,111.96","0.07","1,601,111.96","1,540,000.00","1,540,000.00","101.96","Canada","-","CAD","3.62","1.00","Sep 5, 2029","4.15","CAD","Sep 5, 2024"
"ENBCN","ENBRIDGE INC MTN","Energy","Fixed Income","1,600,600.37","0.07","1,600,600.37","1,480,000.00","1,480,000.00","106.75","Canada","-","CAD","6.21","1.00","May 26, 2033","5.36","CAD","May 26, 2023"
"TOYOTA","TOYOTA CREDIT CANADA INC MTN","Financial","Fixed Income","1,599,316.88","0.07","1,599,316.88","1,530,000.00","1,530,000.00","103.76","Canada","-","CAD","3.49","1.00","Jun 27, 2029","4.44","CAD","Jun 27, 2024"
"ACOXCN","ATCO LTD RegS","Energy","Fixed Income","1,597,774.27","0.07","1,597,774.27","1,570,000.00","1,570,000.00","100.77","Canada","-","CAD","4.25","1.00","May 27, 2030","3.88","CAD","May 27, 2025"
"BCECN","BELL CANADA INC","Communication","Fixed Income","1,595,497.77","0.07","1,595,497.77","1,623,000.00","1,623,000.00","97.75","Canada","-","CAD","2.63","1.00","May 29, 2028","2.20","CAD","May 28, 2021"
"COAGAS","COASTAL GASLINK PIPELINE LP","Energy","Fixed Income","1,587,972.00","0.07","1,587,972.00","1,535,000.00","1,535,000.00","102.68","Canada","-","CAD","1.75","1.00","Jun 30, 2027","4.67","CAD","Jun 13, 2024"
"CUCN","CU INC MTN","Energy","Fixed Income","1,586,330.81","0.07","1,586,330.81","1,925,000.00","1,925,000.00","81.44","Canada","-","CAD","14.11","1.00","Nov 22, 2047","3.55","CAD","Nov 22, 2017"
"ALCTRA","ALECTRA INC (CANADA)","Infrastructure","Fixed Income","1,583,821.48","0.07","1,583,821.48","1,511,000.00","1,511,000.00","103.84","Canada","-","CAD","7.09","1.00","Jun 13, 2034","4.63","CAD","Jun 13, 2024"
"PPLCN","PEMBINA PIPELINE CORP","Energy","Fixed Income","1,582,633.84","0.07","1,582,633.84","1,808,000.00","1,808,000.00","86.55","Canada","-","CAD","14.14","1.00","Dec 10, 2051","4.49","CAD","Dec 10, 2021"
"CNRCN","CANADIAN NATIONAL RAILWAY COMPANY","Industrial","Fixed Income","1,582,736.94","0.07","1,582,736.94","1,937,000.00","1,937,000.00","81.42","Canada","-","CAD","14.39","1.00","Jul 31, 2048","3.60","CAD","Jul 31, 2018"
"CHPUCN","CHOICE PROPERTIES REAL ESTATE INVE","Real Estate","Fixed Income","1,582,266.32","0.07","1,582,266.32","1,583,000.00","1,583,000.00","99.34","Canada","-","CAD","1.22","1.00","Nov 30, 2026","2.46","CAD","Nov 30, 2021"
"ACICN","ALTAGAS CANADA INC MTN","Energy","Fixed Income","1,580,600.03","0.07","1,580,600.03","1,532,000.00","1,532,000.00","102.18","Canada","-","CAD","2.87","1.00","Dec 5, 2028","4.26","CAD","Dec 5, 2018"
"ETRHWY","407 INTERNATIONAL INC MTN","Infrastructure","Fixed Income","1,577,169.76","0.07","1,577,169.76","1,541,000.00","1,541,000.00","102.17","Canada","-","CAD","2.33","1.00","Feb 14, 2028","4.22","CAD","Sep 7, 2022"
"SRUUCN","SMARTCENTRES REAL ESTATE INVESTMEN","Real Estate","Fixed Income","1,576,138.30","0.07","1,576,138.30","1,505,000.00","1,505,000.00","104.33","Canada","-","CAD","4.34","1.00","Aug 1, 2030","5.16","CAD","Aug 1, 2024"
"LCN","LOBLAW COMPANIES LTD","Industrial","Fixed Income","1,573,618.29","0.07","1,573,618.29","1,450,000.00","1,450,000.00","106.20","Canada","-","CAD","5.73","1.00","Sep 13, 2032","5.01","CAD","Sep 13, 2022"
"ALTALK","ALTALINK LP MTN","Infrastructure","Fixed Income","1,572,225.65","0.07","1,572,225.65","1,847,000.00","1,847,000.00","84.24","Canada","-","CAD","13.64","1.00","Dec 3, 2046","3.72","CAD","Dec 1, 2016"
"GEICN","GIBSON ENERGY INC MTN","Energy","Fixed Income","1,568,542.85","0.07","1,568,542.85","1,445,000.00","1,445,000.00","107.79","Canada","-","CAD","6.25","1.00","Jul 12, 2033","5.75","CAD","Jul 12, 2023"
"ENBGAS","ENBRIDGE GAS INC MTN","Energy","Fixed Income","1,564,502.23","0.07","1,564,502.23","1,385,000.00","1,385,000.00","110.70","Canada","-","CAD","6.33","1.00","Oct 6, 2033","5.70","CAD","Oct 6, 2023"
"F","FORD CREDIT CANADA CO","Financial","Fixed Income","1,563,724.46","0.07","1,563,724.46","1,600,000.00","1,600,000.00","97.03","United States","-","CAD","5.38","1.00","Jan 9, 2032","5.05","CAD","Jan 9, 2025"
"GIBACN","CGI INC","Industrial","Fixed Income","1,562,116.82","0.07","1,562,116.82","1,510,000.00","1,510,000.00","101.52","Canada","-","CAD","1.90","1.00","Sep 5, 2027","3.99","CAD","Sep 5, 2024"
"CWBCN","CANADIAN WESTERN BANK","Financial","Fixed Income","1,561,941.24","0.07","1,561,941.24","1,495,000.00","1,495,000.00","103.86","Canada","-","CAD","2.67","1.00","Jul 11, 2028","4.57","CAD","Jul 11, 2024"
"SJCN","STELLA JONES INC RegS","Industrial","Fixed Income","1,561,663.83","0.07","1,561,663.83","1,525,000.00","1,525,000.00","100.63","Canada","-","CAD","5.22","1.00","Oct 1, 2031","4.31","CAD","Oct 1, 2024"
"AIREIN","AIMCO REALTY INVESTORS LP","Real Estate","Fixed Income","1,560,846.44","0.07","1,560,846.44","1,555,000.00","1,555,000.00","99.63","Canada","-","CAD","2.57","1.00","Jun 1, 2028","3.04","CAD","Nov 23, 2017"
"CAECN","CAE INC RegS","Industrial","Fixed Income","1,557,722.47","0.07","1,557,722.47","1,475,000.00","1,475,000.00","104.42","Canada","-","CAD","2.49","1.00","Jun 12, 2028","5.54","CAD","Jun 12, 2023"
"ENBCN","ENBRIDGE INC MTN","Energy","Fixed Income","1,556,232.44","0.07","1,556,232.44","1,548,000.00","1,548,000.00","100.49","Canada","-","CAD","2.38","1.00","Feb 25, 2028","3.55","CAD","Feb 25, 2025"
"HUSMID","HUSKY MIDSTREAM LP","Energy","Fixed Income","1,556,393.01","0.07","1,556,393.01","1,520,000.00","1,520,000.00","101.41","Canada","-","CAD","3.85","1.00","Dec 2, 2029","4.10","CAD","Dec 2, 2024"
"XCN","TMX GROUP LTD RegS","Financial","Fixed Income","1,555,053.55","0.07","1,555,053.55","1,485,000.00","1,485,000.00","104.55","Canada","-","CAD","3.55","1.00","Aug 16, 2029","4.68","CAD","Feb 16, 2024"
"HYDONE","HYDRO ONE INC MTN","Infrastructure","Fixed Income","1,553,010.16","0.07","1,553,010.16","1,779,000.00","1,779,000.00","87.23","Canada","-","CAD","13.34","1.00","Feb 23, 2046","3.91","CAD","Feb 24, 2016"
"GLCRTR_25-1","GLCRTR_25-1 RegS","Securitized","Fixed Income","1,550,933.72","0.07","1,550,933.72","1,540,000.00","1,540,000.00","100.69","Canada","-","CAD","0.00","1.00","Sep 20, 2030","3.91","CAD","Aug 27, 2025"
"ONTPOW","ONTARIO POWER GENERATION INC","Energy","Fixed Income","1,549,406.20","0.07","1,549,406.20","1,848,000.00","1,848,000.00","83.13","Canada","-","CAD","14.00","1.00","Jun 22, 2048","3.84","CAD","Jun 22, 2018"
"RLNCE","RELIANCE LP","Industrial","Fixed Income","1,547,204.33","0.07","1,547,204.33","1,558,000.00","1,558,000.00","98.65","Canada","-","CAD","2.16","1.00","Dec 1, 2027","2.68","CAD","Aug 20, 2020"
"CNRCN","CANADIAN NATIONAL RAILWAY COMPANY","Industrial","Fixed Income","1,546,279.76","0.07","1,546,279.76","1,736,000.00","1,736,000.00","87.34","Canada","-","CAD","12.89","1.00","Sep 22, 2045","3.95","CAD","Sep 22, 2015"
"HNDA","HONDA CANADA FINANCE INC","Financial","Fixed Income","1,544,797.02","0.07","1,544,797.02","1,474,000.00","1,474,000.00","104.70","Canada","-","CAD","3.20","1.00","Feb 21, 2029","4.90","CAD","Feb 21, 2024"
"FFHCN","FAIRFAX FINANCIAL HOLDINGS LTD","Financial","Fixed Income","1,541,051.87","0.07","1,541,051.87","1,570,000.00","1,570,000.00","97.95","Canada","-","CAD","14.86","1.00","Aug 16, 2055","5.10","CAD","Aug 14, 2025"
"ENBGAS","ENBRIDGE GAS INC MTN","Energy","Fixed Income","1,539,650.37","0.07","1,539,650.37","1,624,000.00","1,624,000.00","93.73","Canada","-","CAD","5.51","1.00","Sep 15, 2031","2.35","CAD","Sep 15, 2021"
"BCECN","BELL CANADA MTN","Communication","Fixed Income","1,539,272.48","0.07","1,539,272.48","1,748,000.00","1,748,000.00","88.03","Canada","-","CAD","13.06","1.00","Feb 27, 2047","4.45","CAD","Feb 27, 2017"
"ENBPIP","ENBRIDGE PIPELINES INC MTN","Energy","Fixed Income","1,535,625.29","0.07","1,535,625.29","1,440,000.00","1,440,000.00","106.45","Canada","-","CAD","13.92","1.00","Aug 17, 2053","5.82","CAD","Aug 17, 2023"
"ETRHWY","407 INTERNATIONAL INC MTN","Infrastructure","Fixed Income","1,533,418.01","0.07","1,533,418.01","1,811,000.00","1,811,000.00","83.55","Canada","-","CAD","14.10","1.00","May 11, 2048","3.72","CAD","May 9, 2018"
"ARXCN","ARC RESOURCES LTD RegS","Energy","Fixed Income","1,533,132.11","0.07","1,533,132.11","1,510,000.00","1,510,000.00","100.65","Canada","-","CAD","5.81","1.00","Jun 17, 2032","4.41","CAD","Jun 17, 2025"
"IAGCN","IA FINANCIAL CORPORATION INC","Financial","Fixed Income","1,531,839.53","0.07","1,531,839.53","1,513,000.00","1,513,000.00","99.92","Canada","-","CAD","1.00","1.00","Sep 24, 2031","3.07","CAD","Sep 24, 2019"
"CAT","CATERPILLAR FINANCIAL SERVICES LTD MTN","Financial","Fixed Income","1,530,791.46","0.06","1,530,791.46","1,465,000.00","1,465,000.00","102.26","United States","-","CAD","1.02","1.00","Sep 25, 2026","5.19","CAD","Sep 25, 2023"
"BRUPOW","BRUCE POWER LP","Energy","Fixed Income","1,529,724.35","0.06","1,529,724.35","1,491,000.00","1,491,000.00","101.84","Canada","-","CAD","3.37","1.00","Jun 21, 2029","4.01","CAD","Feb 14, 2017"
"LCN","LOBLAW COMPANIES LTD","Industrial","Fixed Income","1,528,580.62","0.06","1,528,580.62","1,500,000.00","1,500,000.00","99.41","Canada","-","CAD","14.30","1.00","Mar 4, 2054","5.12","CAD","Mar 4, 2024"
"CUCN","CU INC MTN","Energy","Fixed Income","1,528,300.12","0.06","1,528,300.12","2,012,000.00","2,012,000.00","74.42","Canada","-","CAD","15.56","1.00","Sep 5, 2051","3.17","CAD","Sep 3, 2021"
"AIREIN","AIMCO REALTY INVESTORS LP","Real Estate","Fixed Income","1,526,046.80","0.06","1,526,046.80","1,505,000.00","1,505,000.00","100.58","Canada","-","CAD","1.56","1.00","Jun 1, 2027","3.37","CAD","Dec 7, 2018"
"CNRCN","CANADIAN NATIONAL RAILWAY COMPANY","Industrial","Fixed Income","1,525,729.47","0.06","1,525,729.47","1,465,000.00","1,465,000.00","102.81","Canada","-","CAD","6.38","1.00","May 10, 2033","4.40","CAD","May 10, 2023"
"SUCN","SUNCOR ENERGY INC MTN","Energy","Fixed Income","1,524,466.90","0.06","1,524,466.90","1,705,000.00","1,705,000.00","87.40","Canada","-","CAD","12.73","1.00","Sep 13, 2046","4.34","CAD","Sep 13, 2016"
"RLNCE","RELIANCE LP RegS","Industrial","Fixed Income","1,523,400.38","0.06","1,523,400.38","1,490,000.00","1,490,000.00","100.20","Canada","-","CAD","5.60","1.00","Apr 16, 2032","4.39","CAD","Mar 12, 2025"
"CAAIAU","CALGARY AIRPORT AUTHORITY","Infrastructure","Fixed Income","1,521,478.12","0.06","1,521,478.12","1,855,000.00","1,855,000.00","80.62","Canada","-","CAD","15.28","1.00","Oct 7, 2051","3.55","CAD","Oct 7, 2021"
"NVLAUT","NOUVELLE AUTOROUTE 30 FINANCEMENT","Infrastructure","Fixed Income","1,518,878.06","0.06","1,518,878.06","1,517,592.00","1,517,592.00","98.53","Canada","-","CAD","3.61","1.00","Mar 31, 2033","3.75","CAD","Jun 14, 2018"
"KEYCN","KEYERA CORP MTN","Energy","Fixed Income","1,518,920.80","0.06","1,518,920.80","1,498,000.00","1,498,000.00","100.40","Canada","-","CAD","4.22","1.00","May 29, 2030","3.96","CAD","May 29, 2020"
"F","FORD CREDIT CANADA CO","Financial","Fixed Income","1,517,909.95","0.06","1,517,909.95","1,500,000.00","1,500,000.00","98.96","United States","-","CAD","3.58","1.00","Sep 12, 2029","4.79","CAD","Sep 12, 2024"
"SAPCN","SAPUTO INC MTN RegS","Industrial","Fixed Income","1,515,609.52","0.06","1,515,609.52","1,495,000.00","1,495,000.00","100.76","Canada","-","CAD","4.35","1.00","Jul 2, 2030","3.88","CAD","Jul 2, 2025"
"ETRHWY","407 INTERNATIONAL INC MTN","Infrastructure","Fixed Income","1,513,571.00","0.06","1,513,571.00","1,495,000.00","1,495,000.00","99.73","Canada","-","CAD","4.09","1.00","Mar 6, 2030","3.14","CAD","Mar 6, 2019"
"F","FORD CREDIT CANADA CO RegS","Financial","Fixed Income","1,511,091.11","0.06","1,511,091.11","1,480,000.00","1,480,000.00","100.60","United States","-","CAD","4.81","1.00","May 23, 2031","5.58","CAD","May 23, 2024"
"BAMREP","BROOKFIELD RENEWABLE PARTNERS ULC MTN","Energy","Fixed Income","1,506,780.34","0.06","1,506,780.34","1,435,000.00","1,435,000.00","103.22","Canada","-","CAD","7.18","1.00","Oct 20, 2034","4.96","CAD","Jul 17, 2024"
"HYDONE","HYDRO ONE INC MTN","Infrastructure","Fixed Income","1,504,452.94","0.06","1,504,452.94","1,425,000.00","1,425,000.00","103.31","Canada","-","CAD","8.62","1.00","Mar 13, 2037","4.89","CAD","Mar 13, 2007"
"BCIMCR","BCI QUADREAL REALTY RegS","Real Estate","Fixed Income","1,500,815.67","0.06","1,500,815.67","1,465,000.00","1,465,000.00","102.11","Canada","-","CAD","1.84","1.00","Jul 31, 2027","4.16","CAD","Jul 31, 2024"
"CAAIAU","CALGARY AIRPORT AUTHORITY","Infrastructure","Fixed Income","1,497,215.13","0.06","1,497,215.13","1,745,000.00","1,745,000.00","84.44","Canada","-","CAD","11.61","1.00","Oct 7, 2041","3.45","CAD","Oct 7, 2021"
"LCN","LOBLAW COMPANIES LTD","Industrial","Fixed Income","1,496,840.63","0.06","1,496,840.63","1,433,000.00","1,433,000.00","103.48","Canada","-","CAD","2.84","1.00","Dec 11, 2028","4.49","CAD","Dec 10, 2018"
"MRUCN","METRO INC MTN","Industrial","Fixed Income","1,495,102.85","0.06","1,495,102.85","1,298,000.00","1,298,000.00","112.96","Canada","-","CAD","7.60","1.00","Oct 15, 2035","5.97","CAD","Oct 12, 2005"
"IFCCN","INTACT FINANCIAL CORP MTN RegS","Financial","Fixed Income","1,494,525.09","0.06","1,494,525.09","1,550,000.00","1,550,000.00","94.37","Canada","-","CAD","12.22","1.00","Mar 21, 2060","4.64","CAD","Mar 21, 2025"
"GTAAIR","GREATER TORONTO AIRPORTS AUTHORITY MTN 144A","Infrastructure","Fixed Income","1,493,175.85","0.06","1,493,175.85","1,530,000.00","1,530,000.00","96.50","Canada","-","CAD","11.16","1.00","Dec 2, 2041","4.53","CAD","Dec 2, 2011"
"CNHI","CNH INDUSTRIAL CAPITAL CANADA LTD","Financial","Fixed Income","1,491,997.71","0.06","1,491,997.71","1,430,000.00","1,430,000.00","102.27","United States","-","CAD","1.48","1.00","Mar 25, 2027","4.80","CAD","Mar 25, 2024"
"HYDONE","HYDRO ONE INC MTN","Infrastructure","Fixed Income","1,491,450.72","0.06","1,491,450.72","1,992,000.00","1,992,000.00","73.45","Canada","-","CAD","15.69","1.00","Sep 15, 2051","3.10","CAD","Sep 17, 2021"
"KEYCN","KEYERA CORP","Energy","Fixed Income","1,491,510.80","0.06","1,491,510.80","1,465,000.00","1,465,000.00","101.07","Canada","-","CAD","2.49","1.00","Jun 21, 2028","3.93","CAD","Jun 19, 2018"
"HYDONE","HYDRO ONE INC MTN","Infrastructure","Fixed Income","1,491,531.50","0.06","1,491,531.50","1,556,000.00","1,556,000.00","95.85","Canada","-","CAD","4.25","1.00","Feb 28, 2030","2.16","CAD","Feb 28, 2020"
"PPLCN","PEMBINA PIPELINE CORP MTN","Energy","Fixed Income","1,489,832.14","0.06","1,489,832.14","1,591,000.00","1,591,000.00","92.07","Canada","-","CAD","11.33","1.00","Apr 30, 2043","4.75","CAD","Apr 30, 2013"
"PMZUCN","PRIMARIS REAL ESTATE INVESTMENT TR RegS","Real Estate","Fixed Income","1,489,941.24","0.06","1,489,941.24","1,360,000.00","1,360,000.00","108.50","Canada","-","CAD","3.33","1.00","Jun 30, 2029","6.37","CAD","Nov 22, 2023"
"BCECN","BELL CANADA MTN 144A","Communication","Fixed Income","1,489,502.53","0.06","1,489,502.53","1,291,000.00","1,291,000.00","115.26","Canada","-","CAD","5.28","1.00","Feb 23, 2032","7.30","CAD","Feb 22, 2002"
"FCRCN","FIRST CAPITAL REAL ESTATE INVESTME RegS","Real Estate","Fixed Income","1,486,142.52","0.06","1,486,142.52","1,390,000.00","1,390,000.00","105.75","Canada","-","CAD","5.55","1.00","Jun 12, 2032","5.46","CAD","Jun 12, 2024"
"ALTALK","ALTALINK LP MTN","Infrastructure","Fixed Income","1,482,565.27","0.06","1,482,565.27","1,643,000.00","1,643,000.00","89.56","Canada","-","CAD","12.87","1.00","Jun 30, 2045","4.09","CAD","Jun 30, 2015"
"TIHCN","TOROMONT INDUSTRIES LTD RegS","Industrial","Fixed Income","1,481,689.52","0.06","1,481,689.52","1,450,000.00","1,450,000.00","100.60","Canada","-","CAD","4.10","1.00","Mar 28, 2030","3.76","CAD","Mar 28, 2025"
"GBLATL","GA GLOBAL FUNDING TRUST RegS","Financial","Fixed Income","1,480,310.47","0.06","1,480,310.47","1,440,000.00","1,440,000.00","102.29","United States","-","CAD","6.52","1.00","Jul 22, 2033","4.86","CAD","Jul 22, 2025"
"IAGCN","IA FINANCIAL CORPORATION INC","Financial","Fixed Income","1,479,018.70","0.06","1,479,018.70","1,385,000.00","1,385,000.00","105.70","Canada","-","CAD","2.56","1.00","Jun 20, 2033","5.68","CAD","Jun 20, 2023"
"ENBGAS","ENBRIDGE GAS INC MTN","Energy","Fixed Income","1,476,612.15","0.06","1,476,612.15","1,320,000.00","1,320,000.00","109.61","Canada","-","CAD","14.07","1.00","Oct 6, 2053","5.67","CAD","Oct 6, 2023"
"DTRGR","DAIMLER TRUCKS FINANCE CANADA INC RegS","Financial","Fixed Income","1,475,676.52","0.06","1,475,676.52","1,479,000.00","1,479,000.00","99.27","Germany","-","CAD","1.26","1.00","Dec 15, 2026","2.46","CAD","Dec 15, 2021"
"HYNMTR","HYUNDAI CAPITAL CANADA INC","Financial","Fixed Income","1,473,142.91","0.06","1,473,142.91","1,435,000.00","1,435,000.00","102.24","Canada","-","CAD","1.82","1.00","Jul 26, 2027","4.49","CAD","Jul 24, 2024"
"LBCN","LAURENTIAN BANK OF CANADA","Financial","Fixed Income","1,472,704.66","0.06","1,472,704.66","1,450,000.00","1,450,000.00","101.14","Canada","-","CAD","2.27","1.00","Jan 23, 2028","4.19","CAD","Jan 23, 2025"
"MRUCN","METRO INC MTN","Industrial","Fixed Income","1,466,936.40","0.06","1,466,936.40","1,629,000.00","1,629,000.00","89.05","Canada","-","CAD","13.45","1.00","Dec 4, 2047","4.27","CAD","Dec 4, 2017"
"BCIMCR","BCI QUADREAL REALTY","Real Estate","Fixed Income","1,458,260.65","0.06","1,458,260.65","1,430,000.00","1,430,000.00","100.47","Canada","-","CAD","2.39","1.00","Mar 14, 2028","3.28","CAD","Mar 14, 2025"
"ENBCN","ENBRIDGE INC 60NC5 RegS","Energy","Fixed Income","1,456,383.64","0.06","1,456,383.64","1,300,000.00","1,300,000.00","110.99","Canada","-","CAD","2.77","1.00","Jan 15, 2084","8.49","CAD","Sep 29, 2023"
"ETRHWY","407 INTERNATIONAL INC MTN","Infrastructure","Fixed Income","1,454,517.36","0.06","1,454,517.36","1,514,000.00","1,514,000.00","94.78","Canada","-","CAD","11.11","1.00","Nov 15, 2041","4.45","CAD","Nov 17, 2011"
"BAMREP","BROOKFIELD RENEWABLE PARTNERS ULC","Energy","Fixed Income","1,454,279.96","0.06","1,454,279.96","1,415,000.00","1,415,000.00","100.26","Canada","-","CAD","3.73","1.00","Mar 12, 2055","5.45","CAD","Dec 12, 2024"
"ONTPOW","ONTARIO POWER GENERATION INC MTN","Energy","Fixed Income","1,448,422.67","0.06","1,448,422.67","1,364,000.00","1,364,000.00","105.64","Canada","-","CAD","5.72","1.00","Jul 19, 2032","4.92","CAD","Jul 18, 2022"
"HYDONE","HYDRO ONE INC","Infrastructure","Fixed Income","1,438,495.42","0.06","1,438,495.42","2,089,000.00","2,089,000.00","68.85","Canada","-","CAD","15.98","1.00","Feb 28, 2050","2.71","CAD","Feb 28, 2020"
"AERMON","AEROPORTS DE MONTREAL","Infrastructure","Fixed Income","1,435,151.11","0.06","1,435,151.11","1,614,000.00","1,614,000.00","88.08","Canada","-","CAD","12.95","1.00","Jun 12, 2045","3.92","CAD","Jun 12, 2015"
"BAMREP","BROOKFIELD RENEWABLE PARTNERS ULC","Energy","Fixed Income","1,432,143.90","0.06","1,432,143.90","1,405,000.00","1,405,000.00","100.76","Canada","-","CAD","4.17","1.00","Sep 10, 2055","5.37","CAD","Jun 10, 2025"
"SRUUCN","SMARTCENTRES REAL ESTATE INVESTMEN","Real Estate","Fixed Income","1,429,283.81","0.06","1,429,283.81","1,400,000.00","1,400,000.00","101.78","Canada","-","CAD","5.15","1.00","Aug 5, 2031","4.74","CAD","Feb 5, 2025"
"FTSCN","NEWFOUNDLAND POWER INC","Infrastructure","Fixed Income","1,428,346.16","0.06","1,428,346.16","1,450,000.00","1,450,000.00","98.36","Canada","-","CAD","13.55","1.00","Aug 18, 2055","4.91","CAD","Aug 18, 2025"
"LCLVR","LE CARREFOUR LAVAL REC INC RegS","Real Estate","Fixed Income","1,426,619.85","0.06","1,426,619.85","1,410,000.00","1,410,000.00","101.01","Canada","-","CAD","4.39","1.00","Aug 14, 2030","4.20","CAD","Aug 14, 2025"
"CUCN","CU INC MTN","Energy","Fixed Income","1,426,001.56","0.06","1,426,001.56","1,664,000.00","1,664,000.00","84.65","Canada","-","CAD","13.56","1.00","Nov 19, 2046","3.76","CAD","Nov 17, 2016"
"TCN","TELUS CORPORATION","Communication","Fixed Income","1,424,912.57","0.06","1,424,912.57","1,534,000.00","1,534,000.00","92.33","Canada","-","CAD","12.11","1.00","Jan 17, 2045","4.75","CAD","Sep 15, 2014"
"EQBCN","EQUITABLE BANK","Financial","Fixed Income","1,422,293.92","0.06","1,422,293.92","1,380,000.00","1,380,000.00","102.37","Canada","-","CAD","1.32","1.00","Jan 11, 2027","5.16","CAD","Apr 9, 2024"
"EQBCN","EQUITABLE BANK","Financial","Fixed Income","1,422,344.41","0.06","1,422,344.41","1,400,000.00","1,400,000.00","100.81","Canada","-","CAD","2.18","1.00","Dec 17, 2027","3.91","CAD","Dec 17, 2024"
"EAGCCT_24-1-A","EAGCCT_24-1 A RegS","Securitized","Fixed Income","1,421,565.25","0.06","1,421,565.25","1,340,000.00","1,340,000.00","105.10","Canada","-","CAD","3.44","1.00","Jun 17, 2029","4.92","CAD","Jun 4, 2024"
"BRUPOW","BRUCE POWER LP RegS","Energy","Fixed Income","1,419,409.93","0.06","1,419,409.93","1,335,000.00","1,335,000.00","105.38","Canada","-","CAD","5.59","1.00","Dec 21, 2032","4.99","CAD","Mar 23, 2023"
"TOYOTA","TOYOTA CREDIT CANADA INC MTN","Financial","Fixed Income","1,417,090.68","0.06","1,417,090.68","1,400,000.00","1,400,000.00","100.30","Canada","-","CAD","2.58","1.00","May 23, 2028","3.36","CAD","May 21, 2025"
"HYDONE","HYDRO ONE INC. MTN","Infrastructure","Fixed Income","1,416,665.82","0.06","1,416,665.82","1,224,000.00","1,224,000.00","115.24","Canada","-","CAD","6.64","1.00","Jan 31, 2034","6.35","CAD","Jan 31, 2003"
"CHPUCN","CHOICE PROPERTIES REAL ESTATE INVE","Real Estate","Fixed Income","1,416,057.74","0.06","1,416,057.74","1,436,000.00","1,436,000.00","97.16","Canada","-","CAD","4.13","1.00","Mar 4, 2030","2.98","CAD","Mar 3, 2020"
"ALTALK","ALTALINK LP","Infrastructure","Fixed Income","1,414,955.16","0.06","1,414,955.16","1,332,000.00","1,332,000.00","105.03","Canada","-","CAD","6.02","1.00","Nov 28, 2032","4.69","CAD","Nov 28, 2022"
"CUCN","CU INC MTN","Energy","Fixed Income","1,414,996.30","0.06","1,414,996.30","1,328,000.00","1,328,000.00","105.16","Canada","-","CAD","8.49","1.00","Nov 20, 2036","5.03","CAD","Nov 20, 2006"
"EQBCN","EQUITABLE BANK","Financial","Fixed Income","1,411,033.23","0.06","1,411,033.23","1,390,000.00","1,390,000.00","100.32","Canada","-","CAD","2.52","1.00","May 5, 2028","3.74","CAD","May 5, 2025"
"FFHCN","FAIRFAX FINANCIAL HOLDINGS LTD MTN","Financial","Fixed Income","1,410,028.61","0.06","1,410,028.61","1,376,000.00","1,376,000.00","101.52","Canada","-","CAD","1.01","1.00","Dec 16, 2026","4.70","CAD","Dec 16, 2016"
"ENBGAS","ENBRIDGE GAS INC MTN","Energy","Fixed Income","1,407,328.51","0.06","1,407,328.51","1,402,000.00","1,402,000.00","99.60","Canada","-","CAD","2.11","1.00","Nov 22, 2027","2.88","CAD","Nov 22, 2017"
"TOYOTA","TOYOTA CREDIT CANADA INC MTN","Financial","Fixed Income","1,406,912.24","0.06","1,406,912.24","1,332,000.00","1,332,000.00","103.63","Canada","-","CAD","3.22","1.00","Mar 19, 2029","4.46","CAD","Mar 19, 2024"
"ENMAXC","ENMAX CORP","Infrastructure","Fixed Income","1,404,484.36","0.06","1,404,484.36","1,370,000.00","1,370,000.00","101.10","Canada","-","CAD","3.68","1.00","Oct 18, 2029","3.88","CAD","Oct 18, 2019"
"IGMCN","IGM FINANCIAL INC","Financial","Fixed Income","1,404,014.96","0.06","1,404,014.96","1,394,000.00","1,394,000.00","100.40","Canada","-","CAD","1.19","1.00","Jan 26, 2027","3.44","CAD","Jan 26, 2017"
"AERMON","MONTREAL AIRPORTS","Infrastructure","Fixed Income","1,402,633.77","0.06","1,402,633.77","1,871,000.00","1,871,000.00","73.89","Canada","-","CAD","15.45","1.00","Apr 21, 2050","3.03","CAD","Apr 21, 2020"
"HYDONE","HYDRO ONE INC MTN","Infrastructure","Fixed Income","1,401,607.15","0.06","1,401,607.15","1,649,000.00","1,649,000.00","83.95","Canada","-","CAD","13.96","1.00","Nov 18, 2047","3.72","CAD","Nov 18, 2016"
"ETRHWY","407 INTERNATIONAL INC MTN","Infrastructure","Fixed Income","1,401,174.21","0.06","1,401,174.21","1,598,000.00","1,598,000.00","85.82","Canada","-","CAD","15.03","1.00","Sep 11, 2052","3.98","CAD","Sep 11, 2012"
"CNRCN","CANADIAN NATIONAL RAILWAY","Industrial","Fixed Income","1,400,775.70","0.06","1,400,775.70","1,914,000.00","1,914,000.00","73.01","Canada","-","CAD","15.47","1.00","Feb 8, 2050","3.05","CAD","Nov 1, 2019"
"ETRHWY","407 INTERNATIONAL INC MTN","Infrastructure","Fixed Income","1,398,001.34","0.06","1,398,001.34","1,356,000.00","1,356,000.00","102.91","Canada","-","CAD","5.22","1.00","Aug 14, 2031","4.45","CAD","Sep 7, 2022"
"EQBCN","EQUITABLE BANK","Financial","Fixed Income","1,397,267.26","0.06","1,397,267.26","1,365,000.00","1,365,000.00","100.67","Canada","-","CAD","1.03","1.00","Sep 24, 2026","3.92","CAD","Sep 24, 2024"
"F","FORD CREDIT CANADA CO RegS","Financial","Fixed Income","1,393,019.80","0.06","1,393,019.80","1,310,000.00","1,310,000.00","104.40","United States","-","CAD","2.80","1.00","Nov 10, 2028","6.38","CAD","Nov 10, 2023"
"CWBCN","CANADIAN WESTERN BANK","Financial","Fixed Income","1,392,881.22","0.06","1,392,881.22","1,421,000.00","1,421,000.00","97.65","Canada","-","CAD","2.22","1.00","Dec 16, 2027","1.82","CAD","Dec 16, 2020"
"GZMCN","ENERGIR LP","Energy","Fixed Income","1,386,392.34","0.06","1,386,392.34","1,435,000.00","1,435,000.00","95.33","Canada","-","CAD","15.23","1.00","May 20, 2055","4.65","CAD","May 20, 2025"
"MGCN","MAGNA INTERNATIONAL INC","Industrial","Fixed Income","1,385,308.43","0.06","1,385,308.43","1,325,000.00","1,325,000.00","104.16","Canada","-","CAD","4.66","1.00","Jan 31, 2031","4.95","CAD","Mar 10, 2023"
"REIUCN","RIOCAN REAL ESTATE INVESTMENT TRUS RegS","Real Estate","Fixed Income","1,383,752.01","0.06","1,383,752.01","1,260,000.00","1,260,000.00","107.37","Canada","-","CAD","3.45","1.00","Oct 1, 2029","5.96","CAD","Jun 26, 2023"
"HYNMTR","HYUNDAI CAPITAL CANADA INC","Financial","Fixed Income","1,380,202.55","0.06","1,380,202.55","1,319,000.00","1,319,000.00","104.25","Canada","-","CAD","3.08","1.00","Jan 31, 2029","4.89","CAD","Jan 31, 2024"
"HYDONE","HYDRO ONE INC MTN","Infrastructure","Fixed Income","1,379,876.46","0.06","1,379,876.46","1,494,000.00","1,494,000.00","92.16","Canada","-","CAD","5.07","1.00","Jan 16, 2031","1.69","CAD","Oct 9, 2020"
"ETRHWY","HIGHWAY 407 144A","Infrastructure","Fixed Income","1,379,926.82","0.06","1,379,926.82","1,234,000.00","1,234,000.00","111.24","Canada","-","CAD","3.47","1.00","Jul 27, 2029","6.47","CAD","Jul 27, 1999"
"CUCN","CU INC RegS","Energy","Fixed Income","1,379,157.22","0.06","1,379,157.22","1,319,000.00","1,319,000.00","102.30","Canada","-","CAD","14.46","1.00","Sep 20, 2053","5.09","CAD","Sep 20, 2023"
"ALACN","ALTAGAS LTD","Energy","Fixed Income","1,378,034.12","0.06","1,378,034.12","1,386,000.00","1,386,000.00","98.44","Canada","-","CAD","1.49","1.00","Mar 16, 2027","2.17","CAD","Mar 16, 2021"
"GZMCN","ENERGIR LP","Energy","Fixed Income","1,375,639.16","0.06","1,375,639.16","1,385,000.00","1,385,000.00","98.16","Canada","-","CAD","14.68","1.00","Jun 2, 2053","4.83","CAD","Jun 2, 2023"
"FTSCN","FORTISALBERTA INC","Infrastructure","Fixed Income","1,371,847.44","0.06","1,371,847.44","1,365,000.00","1,365,000.00","99.24","Canada","-","CAD","14.86","1.00","May 27, 2054","4.90","CAD","May 27, 2024"
"TRPCN","TRANSCANADA PIPELINES LTD","Energy","Fixed Income","1,371,913.12","0.06","1,371,913.12","1,254,000.00","1,254,000.00","107.64","Canada","-","CAD","13.40","1.00","May 12, 2052","5.92","CAD","May 12, 2022"
"NAVCAN","NAV CANADA","Infrastructure","Fixed Income","1,366,223.35","0.06","1,366,223.35","1,433,000.00","1,433,000.00","94.82","Canada","-","CAD","4.45","1.00","May 29, 2030","2.06","CAD","May 29, 2020"
"GWOCN","GREAT-WEST LIFECO INC","Financial","Fixed Income","1,365,356.27","0.06","1,365,356.27","1,882,000.00","1,882,000.00","72.12","Canada","-","CAD","15.65","1.00","Jul 8, 2050","2.98","CAD","Jul 8, 2020"
"ONTPOW","ONTARIO POWER GENERATION INC MTN","Energy","Fixed Income","1,365,534.77","0.06","1,365,534.77","1,961,000.00","1,961,000.00","69.57","Canada","-","CAD","15.84","1.00","Feb 21, 2051","2.95","CAD","Feb 4, 2021"
"DE","JOHN DEERE FINANCIAL INC MTN","Financial","Fixed Income","1,360,693.09","0.06","1,360,693.09","1,330,000.00","1,330,000.00","101.83","United States","-","CAD","1.35","1.00","Jan 20, 2027","4.36","CAD","Jan 11, 2024"
"MRUCN","METRO INC RegS","Industrial","Fixed Income","1,360,029.11","0.06","1,360,029.11","1,305,000.00","1,305,000.00","103.94","Canada","-","CAD","6.22","1.00","Feb 7, 2033","4.66","CAD","Feb 6, 2023"
"CUCN","CU INC","Energy","Fixed Income","1,356,439.73","0.06","1,356,439.73","1,539,000.00","1,539,000.00","87.78","Canada","-","CAD","13.02","1.00","Jul 27, 2045","3.96","CAD","Jul 27, 2015"
"CHPUCN","CHOICE PROPERTIES REAL ESTATE INVE RegS","Real Estate","Fixed Income","1,354,393.86","0.06","1,354,393.86","1,245,000.00","1,245,000.00","108.77","Canada","-","CAD","6.72","1.00","Feb 28, 2034","5.70","CAD","Aug 1, 2023"
"PMZUCN","PRIMARIS REAL ESTATE INVESTMENT TR RegS","Real Estate","Fixed Income","1,351,495.28","0.06","1,351,495.28","1,330,000.00","1,330,000.00","100.76","Canada","-","CAD","6.42","1.00","Jun 25, 2033","4.84","CAD","Jun 25, 2025"
"BCECN","BELL CANADA MTN RegS","Communication","Fixed Income","1,351,216.47","0.06","1,351,216.47","1,536,000.00","1,536,000.00","87.11","Canada","-","CAD","12.61","1.00","Dec 18, 2045","4.35","CAD","Mar 30, 2015"
"WCP","WHITECAP RESOURCES INC RegS","Energy","Fixed Income","1,350,232.78","0.06","1,350,232.78","1,334,000.00","1,334,000.00","100.49","Canada","-","CAD","2.64","1.00","Jun 19, 2028","3.76","CAD","Jun 19, 2025"
"FCRCN","FIRST CAPITAL REAL ESTATE INVESTME","Real Estate","Fixed Income","1,349,172.32","0.06","1,349,172.32","1,341,000.00","1,341,000.00","100.25","Canada","-","CAD","1.27","1.00","Jan 22, 2027","3.46","CAD","Jul 22, 2019"
"TERANE","TERANET HOLDINGS LP RegS","Industrial","Fixed Income","1,344,624.12","0.06","1,344,624.12","1,300,000.00","1,300,000.00","101.21","Canada","-","CAD","5.47","1.00","Mar 7, 2032","4.64","CAD","Mar 7, 2025"
"ENBCN","ENBRIDGE INC MTN","Energy","Fixed Income","1,340,780.61","0.06","1,340,780.61","1,602,000.00","1,602,000.00","81.89","Canada","-","CAD","14.28","1.00","Sep 21, 2051","4.10","CAD","Sep 21, 2021"
"GRTCN","GRANITE REIT HOLDINGS LP","Real Estate","Fixed Income","1,337,769.58","0.06","1,337,769.58","1,310,000.00","1,310,000.00","100.51","Canada","-","CAD","3.70","1.00","Oct 4, 2029","4.00","CAD","Oct 4, 2024"
"GTAAIR","GREATER TORONTO AIRPORTS AUTHORITY","Infrastructure","Fixed Income","1,336,855.22","0.06","1,336,855.22","1,750,000.00","1,750,000.00","75.13","Canada","-","CAD","15.75","1.00","Oct 5, 2051","3.15","CAD","Oct 5, 2021"
"BCFERR","BRITISH COLUMBIA FERRY SERVICES IN 144A","Infrastructure","Fixed Income","1,335,623.57","0.06","1,335,623.57","1,145,000.00","1,145,000.00","114.29","Canada","-","CAD","6.96","1.00","Oct 13, 2034","6.25","CAD","Oct 13, 2004"
"HYDONE","HYDRO ONE INC MTN","Infrastructure","Fixed Income","1,331,037.38","0.06","1,331,037.38","1,446,000.00","1,446,000.00","91.09","Canada","-","CAD","12.37","1.00","Jun 6, 2044","4.17","CAD","Jun 6, 2014"
"EPCOR","EPCOR UTILITIES INC MTN","Infrastructure","Fixed Income","1,328,150.98","0.06","1,328,150.98","1,614,000.00","1,614,000.00","81.37","Canada","-","CAD","14.11","1.00","Nov 27, 2047","3.55","CAD","Nov 27, 2017"
"FCRCN","FIRST CAPITAL REAL ESTATE INVESTME RegS","Real Estate","Fixed Income","1,326,182.39","0.06","1,326,182.39","1,295,000.00","1,295,000.00","101.39","Canada","-","CAD","6.38","1.00","Jun 13, 2033","4.83","CAD","Jun 13, 2025"
"ENBPIP","ENBRIDGE PIPELINES INC MTN","Energy","Fixed Income","1,324,632.82","0.06","1,324,632.82","1,381,000.00","1,381,000.00","95.08","Canada","-","CAD","5.17","1.00","May 12, 2031","2.82","CAD","May 12, 2021"
"TOYOTA","TOYOTA CREDIT CANADA INC MTN","Financial","Fixed Income","1,322,860.76","0.06","1,322,860.76","1,320,000.00","1,320,000.00","100.11","Canada","-","CAD","4.52","1.00","Aug 19, 2030","3.65","CAD","Aug 18, 2025"
"IVANCA","IVANHOE CAMBRIDGE II INC","Real Estate","Fixed Income","1,319,823.45","0.06","1,319,823.45","1,245,000.00","1,245,000.00","104.81","Canada","-","CAD","2.48","1.00","Jun 2, 2028","4.99","CAD","Jun 2, 2023"
"ENBCN","ENBRIDGE INC MTN","Energy","Fixed Income","1,317,068.59","0.06","1,317,068.59","1,234,000.00","1,234,000.00","103.90","Canada","-","CAD","9.39","1.00","Sep 2, 2039","5.75","CAD","Sep 2, 2009"
"LOWMAT","LOWER MATTAGAMI ENERGY LP","Infrastructure","Fixed Income","1,315,465.08","0.06","1,315,465.08","1,227,000.00","1,227,000.00","105.60","Canada","-","CAD","6.60","1.00","Oct 31, 2033","4.85","CAD","Oct 31, 2022"
"TOYOTA","TOYOTA CREDIT CANADA INC MTN","Financial","Fixed Income","1,310,518.85","0.06","1,310,518.85","1,258,000.00","1,258,000.00","102.16","Canada","-","CAD","1.47","1.00","Mar 19, 2027","4.52","CAD","Mar 19, 2024"
"ALBPOW","ALBERTA POWERLINE LP","Infrastructure","Fixed Income","1,309,433.86","0.06","1,309,433.86","1,478,845.00","1,478,845.00","87.55","Canada","-","CAD","11.86","1.00","Dec 1, 2053","4.07","CAD","Oct 2, 2017"
"VW","VW CREDIT CANADA INC","Financial","Fixed Income","1,308,885.44","0.06","1,308,885.44","1,275,000.00","1,275,000.00","102.55","Germany","-","CAD","3.64","1.00","Aug 20, 2029","4.42","CAD","Aug 19, 2024"
"NSIUCN","NOVA SCOTIA POWER INC MTN","Infrastructure","Fixed Income","1,307,833.49","0.06","1,307,833.49","1,209,000.00","1,209,000.00","107.64","Canada","-","CAD","9.53","1.00","Jul 27, 2039","5.95","CAD","Jul 27, 2009"
"ENMAXC","ENMAX CORP","Infrastructure","Fixed Income","1,306,051.89","0.06","1,306,051.89","1,290,000.00","1,290,000.00","100.38","Canada","-","CAD","4.29","1.00","Jun 6, 2030","3.77","CAD","Jun 6, 2025"
"SJOEHC","INTEGRATED TEAM SOLUTIONS SJHC PAR","Infrastructure","Fixed Income","1,300,838.66","0.06","1,300,838.66","1,194,958.00","1,194,958.00","107.39","Canada","-","CAD","7.30","1.00","Nov 30, 2042","5.95","CAD","Mar 11, 2011"
"TOYOTA","TOYOTA CREDIT CANADA INC MTN","Financial","Fixed Income","1,298,876.40","0.06","1,298,876.40","1,260,000.00","1,260,000.00","102.33","Canada","-","CAD","1.74","1.00","Jun 28, 2027","4.42","CAD","Jun 27, 2024"
"HOMEQU","HOMEEQUITY BANK","Financial","Fixed Income","1,296,751.44","0.06","1,296,751.44","1,280,000.00","1,280,000.00","100.48","Canada","-","CAD","2.67","1.00","Jul 17, 2028","4.72","CAD","Jun 26, 2025"
"VW","VW CREDIT CANADA INC RegS","Financial","Fixed Income","1,296,165.48","0.06","1,296,165.48","1,213,000.00","1,213,000.00","105.15","Germany","-","CAD","2.05","1.00","Nov 15, 2027","5.86","CAD","Nov 15, 2022"
"MCAPCO","MCAP COMMERCIAL LP","Financial","Fixed Income","1,296,300.98","0.06","1,296,300.98","1,258,000.00","1,258,000.00","100.70","Canada","-","CAD","3.94","1.00","Mar 4, 2030","4.82","CAD","Mar 4, 2025"
"ENBPIP","ENBRIDGE PIPELINES INC MTN","Energy","Fixed Income","1,294,627.51","0.05","1,294,627.51","1,411,000.00","1,411,000.00","89.85","Canada","-","CAD","12.29","1.00","Sep 29, 2045","4.55","CAD","Sep 29, 2015"
"EAGCCT_25-1-A","EAGCCT_25-1 A","Securitized","Fixed Income","1,293,879.51","0.05","1,293,879.51","1,262,000.00","1,262,000.00","101.13","Canada","-","CAD","0.39","1.00","Jun 17, 2033","3.92","CAD","Apr 21, 2025"
"THPMCN","TRILLIUM M PROJECT CO GENERAL PART","Infrastructure","Fixed Income","1,293,093.94","0.05","1,293,093.94","1,250,000.00","1,250,000.00","102.80","Canada","-","CAD","9.74","1.00","Apr 30, 2043","4.70","CAD","Jul 10, 2025"
"ENBPIP","ENBRIDGE PIPELINES INC MTN","Energy","Fixed Income","1,288,859.92","0.05","1,288,859.92","1,266,000.00","1,266,000.00","99.69","Canada","-","CAD","9.85","1.00","Apr 6, 2040","5.33","CAD","Apr 6, 2010"
"CPXCN","CAPITAL POWER CORP MTN","Energy","Fixed Income","1,288,478.79","0.05","1,288,478.79","1,375,000.00","1,375,000.00","92.41","Canada","-","CAD","6.19","1.00","Oct 1, 2032","3.15","CAD","Oct 1, 2020"
"ENMAXC","ENMAX CORP","Infrastructure","Fixed Income","1,287,347.54","0.05","1,287,347.54","1,262,000.00","1,262,000.00","101.12","Canada","-","CAD","2.44","1.00","Jun 5, 2028","3.84","CAD","May 31, 2018"
"ENBGAS","ENBRIDGE GAS INC","Energy","Fixed Income","1,285,125.17","0.05","1,285,125.17","1,265,000.00","1,265,000.00","101.45","Canada","-","CAD","5.96","1.00","Aug 17, 2032","4.15","CAD","Aug 17, 2022"
"GEICN","GIBSON ENERGY INC","Energy","Fixed Income","1,284,044.11","0.05","1,284,044.11","1,250,000.00","1,250,000.00","101.39","Canada","-","CAD","5.34","1.00","Nov 12, 2031","4.45","CAD","Nov 12, 2024"
"ETRHWY","407 INTERNATIONAL INC MTN","Infrastructure","Fixed Income","1,283,125.39","0.05","1,283,125.39","1,350,000.00","1,350,000.00","92.89","Canada","-","CAD","14.63","1.00","Sep 11, 2052","4.45","CAD","Mar 5, 2025"
"ALACN","ALTAGAS LTD MTN","Energy","Fixed Income","1,279,737.50","0.05","1,279,737.50","1,229,000.00","1,229,000.00","103.46","Canada","-","CAD","3.04","1.00","Jan 8, 2029","4.67","CAD","Jan 8, 2024"
"CNQCN","CANADIAN NATURAL RESOURCES LTD MTN","Energy","Fixed Income","1,274,306.25","0.05","1,274,306.25","1,349,000.00","1,349,000.00","93.25","Canada","-","CAD","12.73","1.00","May 30, 2047","4.85","CAD","May 30, 2017"
"RUSCN","RUSSEL METALS INC RegS","Industrial","Fixed Income","1,272,502.93","0.05","1,272,502.93","1,245,000.00","1,245,000.00","100.34","Canada","-","CAD","4.04","1.00","Mar 28, 2030","4.42","CAD","Mar 28, 2025"
"ETRHWY","407 INTERNATIONAL INC.","Infrastructure","Fixed Income","1,272,288.44","0.05","1,272,288.44","1,271,000.00","1,271,000.00","99.32","Canada","-","CAD","1.60","1.00","May 4, 2027","2.43","CAD","Nov 4, 2016"
"MRUCN","METRO INC MTN","Industrial","Fixed Income","1,271,552.80","0.05","1,271,552.80","1,266,000.00","1,266,000.00","99.21","Canada","-","CAD","11.95","1.00","Dec 1, 2044","5.03","CAD","Dec 1, 2014"
"TCN","TELUS CORPORATION","Communication","Fixed Income","1,270,183.86","0.05","1,270,183.86","1,289,000.00","1,289,000.00","97.20","Canada","-","CAD","11.40","1.00","Nov 26, 2043","5.15","CAD","Nov 26, 2013"
"TORHYD","TORONTO HYDRO CORPORATION","Infrastructure","Fixed Income","1,269,382.93","0.05","1,269,382.93","1,238,000.00","1,238,000.00","100.66","Canada","-","CAD","14.39","1.00","Oct 13, 2052","4.95","CAD","Oct 13, 2022"
"ALBPOW","ALBERTA POWERLINE LP","Infrastructure","Fixed Income","1,268,592.98","0.05","1,268,592.98","1,421,481.00","1,421,481.00","87.23","Canada","-","CAD","11.80","1.00","Mar 1, 2054","4.07","CAD","Oct 2, 2017"
"GILCN","GILDAN ACTIVEWEAR INC. RegS","Industrial","Fixed Income","1,268,619.14","0.05","1,268,619.14","1,240,000.00","1,240,000.00","100.39","Canada","-","CAD","4.60","1.00","Nov 22, 2030","4.15","CAD","Mar 13, 2025"
"ENBPIP","ENBRIDGE PIPELINES INC MTN","Energy","Fixed Income","1,268,031.77","0.05","1,268,031.77","1,489,000.00","1,489,000.00","83.91","Canada","-","CAD","14.25","1.00","May 12, 2051","4.20","CAD","May 12, 2021"
"CNHI","CNH INDUSTRIAL CAPITAL CANADA LTD RegS","Financial","Fixed Income","1,265,505.34","0.05","1,265,505.34","1,230,000.00","1,230,000.00","101.35","United States","-","CAD","2.44","1.00","Apr 11, 2028","4.00","CAD","Oct 10, 2024"
"NWHUCN","NORTHWEST HEALTHCARE PROPERTIES RE","Real Estate","Fixed Income","1,264,062.37","0.05","1,264,062.37","1,250,000.00","1,250,000.00","100.96","Canada","-","CAD","3.96","1.00","Feb 18, 2030","5.51","CAD","Feb 18, 2025"
"VANAIR","VANCOUVER AIRPORT AUTHORITY","Infrastructure","Fixed Income","1,260,542.67","0.05","1,260,542.67","1,426,000.00","1,426,000.00","87.22","Canada","-","CAD","13.13","1.00","Nov 10, 2045","3.86","CAD","Nov 10, 2015"
"BCIMCR","BCI QUADREAL REALTY","Real Estate","Fixed Income","1,260,452.92","0.05","1,260,452.92","1,356,000.00","1,356,000.00","92.78","Canada","-","CAD","4.63","1.00","Jul 24, 2030","1.75","CAD","Jul 24, 2020"
"STNMCN","STONLASEC8 INDIGENOUS INVESTMENTS","Energy","Fixed Income","1,260,108.08","0.05","1,260,108.08","1,250,000.00","1,250,000.00","99.99","Canada","-","CAD","9.28","1.00","Jul 6, 2055","5.17","CAD","Jul 2, 2025"
"SRUUCN","SMARTCENTRES REAL ESTATE INVESTMEN","Real Estate","Fixed Income","1,259,686.19","0.05","1,259,686.19","1,255,000.00","1,255,000.00","99.68","Canada","-","CAD","1.68","1.00","Jun 11, 2027","3.19","CAD","Jun 11, 2020"
"MICCN","SAGEN MI CANADA INC","Financial","Fixed Income","1,258,558.63","0.05","1,258,558.63","1,318,000.00","1,318,000.00","93.91","Canada","-","CAD","4.92","1.00","Mar 5, 2031","3.26","CAD","Mar 5, 2021"
"CNRCN","CANADIAN NATIONAL RAILWAY COMPANY","Industrial","Fixed Income","1,257,273.73","0.05","1,257,273.73","1,262,000.00","1,262,000.00","99.45","Canada","-","CAD","3.23","1.00","Feb 8, 2029","3.00","CAD","Feb 8, 2019"
"BCECN","BELL CANADA MTN","Communication","Fixed Income","1,253,752.12","0.05","1,253,752.12","1,045,000.00","1,045,000.00","116.77","Canada","-","CAD","4.52","1.00","Apr 2, 2031","7.85","CAD","Apr 2, 2001"
"PLEHCA","PLENARY HEALTH HAMILTON LP","Infrastructure","Fixed Income","1,251,439.67","0.05","1,251,439.67","1,150,119.00","1,150,119.00","107.38","Canada","-","CAD","7.50","1.00","May 31, 2043","5.80","CAD","Dec 3, 2010"
"ENBGAS","ENBRIDGE GAS INC MTN RegS","Energy","Fixed Income","1,250,552.62","0.05","1,250,552.62","1,425,000.00","1,425,000.00","87.68","Canada","-","CAD","12.64","1.00","Aug 22, 2044","4.00","CAD","Aug 22, 2014"
"ALCTRA","ALECTRA INC (CANADA)","Infrastructure","Fixed Income","1,250,315.95","0.05","1,250,315.95","1,358,000.00","1,358,000.00","91.98","Canada","-","CAD","5.13","1.00","Feb 11, 2031","1.75","CAD","Feb 11, 2021"
"HYDONE","HYDRO ONE INC MTN","Infrastructure","Fixed Income","1,247,091.24","0.05","1,247,091.24","1,212,000.00","1,212,000.00","101.09","Canada","-","CAD","12.69","1.00","Oct 19, 2046","5.00","CAD","Oct 19, 2006"
"IFCCN","INTACT FINANCIAL CORP MTN RegS","Financial","Fixed Income","1,244,882.15","0.05","1,244,882.15","1,263,000.00","1,263,000.00","97.95","Canada","-","CAD","2.60","1.00","May 18, 2028","2.18","CAD","May 18, 2021"
"PPLCN","PEMBINA PIPELINE CORP","Energy","Fixed Income","1,243,146.92","0.05","1,243,146.92","1,375,000.00","1,375,000.00","89.22","Canada","-","CAD","13.62","1.00","May 28, 2050","4.67","CAD","May 28, 2020"
"ENBPIP","ENBRIDGE PIPELINES INC MTN","Energy","Fixed Income","1,242,975.39","0.05","1,242,975.39","1,469,000.00","1,469,000.00","84.39","Canada","-","CAD","13.08","1.00","Aug 9, 2046","4.13","CAD","Aug 9, 2016"
"TOYOTA","TOYOTA CREDIT CANADA INC MTN RegS","Financial","Fixed Income","1,243,000.22","0.05","1,243,000.22","1,174,000.00","1,174,000.00","105.20","Canada","-","CAD","2.66","1.00","Jul 12, 2028","5.16","CAD","Jul 12, 2023"
"HYDONE","HYDRO ONE INC RegS","Infrastructure","Fixed Income","1,241,254.02","0.05","1,241,254.02","1,215,000.00","1,215,000.00","101.78","Canada","-","CAD","6.30","1.00","Jan 27, 2033","4.16","CAD","Jan 27, 2023"
"ENBGAS","ENBRIDGE GAS INC MTN","Energy","Fixed Income","1,234,158.56","0.05","1,234,158.56","1,081,000.00","1,081,000.00","111.18","Canada","-","CAD","8.95","1.00","Sep 2, 2038","6.05","CAD","Sep 2, 2008"
"CUCN","CU INC MTN","Energy","Fixed Income","1,233,971.36","0.05","1,233,971.36","1,085,000.00","1,085,000.00","112.10","Canada","-","CAD","7.13","1.00","Nov 20, 2034","5.90","CAD","Nov 18, 2004"
"ENBCN","ENBRIDGE INC. MTN","Energy","Fixed Income","1,233,784.13","0.05","1,233,784.13","1,060,000.00","1,060,000.00","114.97","Canada","-","CAD","5.44","1.00","Jun 18, 2032","7.20","CAD","Jun 18, 2001"
"DE","JOHN DEERE FINANCIAL INC MTN","Financial","Fixed Income","1,232,272.42","0.05","1,232,272.42","1,225,000.00","1,225,000.00","99.64","United States","-","CAD","1.10","1.00","Oct 16, 2026","2.58","CAD","Oct 16, 2019"
"FNTETF","FIRST NATIONS ETF LP 144A","Energy","Fixed Income","1,232,320.34","0.05","1,232,320.34","1,265,469.00","1,265,469.00","96.70","Canada","-","CAD","5.58","1.00","Dec 31, 2041","4.14","CAD","Nov 22, 2017"
"RCICN","ROGERS COMMUNICATIONS INC","Communication","Fixed Income","1,230,545.19","0.05","1,230,545.19","1,200,000.00","1,200,000.00","100.66","Canada","-","CAD","1.24","1.00","Mar 1, 2027","3.80","CAD","Apr 3, 2023"
"BMW","BMW CANADA INC","Industrial","Fixed Income","1,230,018.18","0.05","1,230,018.18","1,205,000.00","1,205,000.00","101.85","Germany","-","CAD","1.40","1.00","Feb 10, 2027","4.41","CAD","Feb 10, 2023"
"CRRUCN","CROMBIE REAL ESTATE INVESTMENT TRU","Real Estate","Fixed Income","1,228,716.45","0.05","1,228,716.45","1,200,000.00","1,200,000.00","101.81","Canada","-","CAD","5.44","1.00","Jan 15, 2032","4.73","CAD","Oct 11, 2024"
"BRUPOW","BRUCE POWER LP RegS","Energy","Fixed Income","1,228,344.68","0.05","1,228,344.68","1,180,000.00","1,180,000.00","103.21","Canada","-","CAD","2.10","1.00","Dec 21, 2027","4.70","CAD","Mar 23, 2023"
"AERMON","AEROPORTS DE MONTREAL","Infrastructure","Fixed Income","1,226,456.50","0.05","1,226,456.50","1,123,000.00","1,123,000.00","106.88","Canada","-","CAD","7.72","1.00","Sep 17, 2035","5.17","CAD","Sep 15, 2005"
"CRDPOW","CORDELIO AMALCO GP I","Energy","Fixed Income","1,222,951.49","0.05","1,222,951.49","1,227,243.00","1,227,243.00","98.98","Canada","-","CAD","4.05","1.00","Jun 30, 2034","4.09","CAD","Dec 10, 2018"
"NWCONN","NORTHWESTCONNECT GROUP","Infrastructure","Fixed Income","1,222,071.53","0.05","1,222,071.53","1,109,411.00","1,109,411.00","108.18","Canada","-","CAD","6.73","1.00","Apr 30, 2041","5.95","CAD","Aug 12, 2008"
"CAAIAU","CALGARY AIRPORT AUTHORITY","Infrastructure","Fixed Income","1,221,223.75","0.05","1,221,223.75","1,501,000.00","1,501,000.00","79.96","Canada","-","CAD","15.82","1.00","Oct 7, 2053","3.55","CAD","Oct 7, 2021"
"DTRGR","DAIMLER TRUCK FINANCE CANADA INC RegS","Financial","Fixed Income","1,218,416.58","0.05","1,218,416.58","1,115,000.00","1,115,000.00","106.79","Germany","-","CAD","2.77","1.00","Sep 25, 2028","5.77","CAD","Sep 25, 2023"
"EQBCN","EQUITABLE BANK","Financial","Fixed Income","1,217,074.28","0.05","1,217,074.28","1,185,000.00","1,185,000.00","100.98","Canada","-","CAD","2.39","1.00","Mar 24, 2028","3.99","CAD","Sep 24, 2024"
"CNRCN","CANADIAN NATIONAL RAILWAY COMPANY","Industrial","Fixed Income","1,216,414.57","0.05","1,216,414.57","1,210,000.00","1,210,000.00","100.28","Canada","-","CAD","2.67","1.00","Jul 31, 2028","3.20","CAD","Jul 31, 2018"
"ENBGAS","ENBRIDGE GAS INC MTN","Energy","Fixed Income","1,216,056.33","0.05","1,216,056.33","1,619,000.00","1,619,000.00","73.65","Canada","-","CAD","15.47","1.00","Sep 15, 2051","3.20","CAD","Sep 15, 2021"
"ALCTRA","ALECTRA INC","Infrastructure","Fixed Income","1,212,881.90","0.05","1,212,881.90","1,180,000.00","1,180,000.00","101.36","Canada","-","CAD","7.40","1.00","Oct 30, 2034","4.31","CAD","Oct 30, 2024"
"SAPCN","SAPUTO INC MTN","Industrial","Fixed Income","1,206,606.89","0.05","1,206,606.89","1,121,000.00","1,121,000.00","106.31","Canada","-","CAD","3.66","1.00","Nov 29, 2029","5.25","CAD","Nov 29, 2022"
"REIUCN","RIOCAN REAL ESTATE INVESTMENT TRUS","Real Estate","Fixed Income","1,204,054.39","0.05","1,204,054.39","1,165,000.00","1,165,000.00","101.03","Canada","-","CAD","5.43","1.00","Mar 1, 2032","4.67","CAD","Feb 12, 2025"
"PWFCN","POWER FINANCIAL CORPORATION","Financial","Fixed Income","1,203,304.64","0.05","1,203,304.64","1,012,000.00","1,012,000.00","115.67","Canada","-","CAD","5.85","1.00","Mar 11, 2033","6.90","CAD","Mar 11, 2003"
"AERMON","AEROPORTS DE MONTREAL","Infrastructure","Fixed Income","1,199,220.88","0.05","1,199,220.88","1,081,000.00","1,081,000.00","108.84","Canada","-","CAD","8.71","1.00","Oct 16, 2037","5.67","CAD","Oct 16, 2007"
"SRUUCN","SMARTCENTRES REAL ESTATE INVESTMEN","Real Estate","Fixed Income","1,198,595.85","0.05","1,198,595.85","1,135,000.00","1,135,000.00","104.25","Canada","-","CAD","2.53","1.00","May 29, 2028","5.35","CAD","May 29, 2023"
"ETRHWY","407 INTERNATIONAL INC. MTN","Infrastructure","Fixed Income","1,197,314.54","0.05","1,197,314.54","1,222,000.00","1,222,000.00","96.13","Canada","-","CAD","14.77","1.00","Oct 7, 2053","4.68","CAD","Oct 7, 2013"
"LCN","LOBLAW COMPANIES LIMITED MTN","Industrial","Fixed Income","1,195,845.97","0.05","1,195,845.97","1,067,000.00","1,067,000.00","111.55","Canada","-","CAD","7.24","1.00","Jan 29, 2035","6.15","CAD","Jan 29, 2004"
"ALTALK","ALTALINK LP MTN","Infrastructure","Fixed Income","1,194,994.30","0.05","1,194,994.30","1,168,000.00","1,168,000.00","100.09","Canada","-","CAD","11.57","1.00","Sep 17, 2043","4.92","CAD","Sep 17, 2013"
"GZMCN","GAZ METRO INC","Energy","Fixed Income","1,192,592.11","0.05","1,192,592.11","1,068,000.00","1,068,000.00","110.89","Canada","-","CAD","8.17","1.00","Jul 10, 2036","5.70","CAD","Jul 10, 2006"
"IGMCN","IGM FINANCIAL INC","Financial","Fixed Income","1,191,765.08","0.05","1,191,765.08","1,110,000.00","1,110,000.00","105.95","Canada","-","CAD","14.22","1.00","May 26, 2053","5.43","CAD","May 26, 2023"
"FRSTRS","INDEPENDENT ORDER OF FORESTERS","Financial","Fixed Income","1,191,615.87","0.05","1,191,615.87","1,275,000.00","1,275,000.00","92.39","Canada","-","CAD","8.76","1.00","Oct 15, 2035","2.88","CAD","Oct 15, 2020"
"VTR","VENTAS CANADA FINANCE LTD","Real Estate","Fixed Income","1,191,387.58","0.05","1,191,387.58","1,240,000.00","1,240,000.00","95.27","United States","-","CAD","5.55","1.00","Dec 1, 2031","3.30","CAD","Dec 1, 2021"
"DRSILL","DREAM SUMMIT INDUSTRIAL LP","Real Estate","Fixed Income","1,191,024.28","0.05","1,191,024.28","1,140,000.00","1,140,000.00","104.23","Canada","-","CAD","3.11","1.00","Feb 12, 2029","5.11","CAD","Feb 12, 2024"
"FTSCN","TERASEN GAS INC MTN","Energy","Fixed Income","1,191,175.16","0.05","1,191,175.16","1,085,000.00","1,085,000.00","108.07","Canada","-","CAD","8.96","1.00","May 13, 2038","5.80","CAD","May 13, 2008"
"DOLCN","DOLLARAMA INC","Industrial","Fixed Income","1,187,877.78","0.05","1,187,877.78","1,225,000.00","1,225,000.00","96.63","Canada","-","CAD","3.64","1.00","Jul 9, 2029","2.44","CAD","Jul 8, 2021"
"BCECN","BELL CANADA MTN","Communication","Fixed Income","1,187,667.00","0.05","1,187,667.00","1,063,000.00","1,063,000.00","111.68","Canada","-","CAD","8.40","1.00","Feb 26, 2037","6.17","CAD","Feb 26, 2007"
"LOWMAT","LOWER MATTAGAMI ENERGY LP","Infrastructure","Fixed Income","1,186,911.84","0.05","1,186,911.84","1,242,000.00","1,242,000.00","94.85","Canada","-","CAD","5.23","1.00","May 14, 2031","2.43","CAD","May 14, 2021"
"CCLGP","CAPITAL CITY LINK GENERAL PARTNERS","Infrastructure","Fixed Income","1,186,251.85","0.05","1,186,251.85","1,217,894.00","1,217,894.00","95.59","Canada","-","CAD","8.31","1.00","Mar 31, 2046","4.39","CAD","May 11, 2012"
"GEICN","GIBSON ENERGY INC MTN","Energy","Fixed Income","1,184,316.23","0.05","1,184,316.23","1,190,000.00","1,190,000.00","99.16","Canada","-","CAD","1.80","1.00","Jul 14, 2027","2.85","CAD","Jul 14, 2020"
"LBCN","LAURENTIAN BANK OF CANADA","Financial","Fixed Income","1,183,111.65","0.05","1,183,111.65","1,160,000.00","1,160,000.00","100.72","Canada","-","CAD","1.57","1.00","Apr 20, 2027","3.54","CAD","Apr 20, 2022"
"HYDONE","HYDRO ONE INC MTN","Infrastructure","Fixed Income","1,182,029.32","0.05","1,182,029.32","1,227,000.00","1,227,000.00","94.46","Canada","-","CAD","11.03","1.00","Sep 26, 2041","4.39","CAD","Sep 26, 2011"
"CCOCN","CAMECO CORPORATION","Industrial","Equity","1,181,267.54","0.05","1,181,267.54","1,175,000.00","1,175,000.00","99.48","Canada","-","CAD","2.03","1.00","Oct 21, 2027","2.95","CAD","Oct 21, 2020"
"BAMREP","BROOKFIELD RENEWABLE PARTNERS ULC MTN","Energy","Fixed Income","1,177,979.93","0.05","1,177,979.93","1,628,000.00","1,628,000.00","72.21","Canada","-","CAD","15.03","1.00","Aug 13, 2050","3.33","CAD","Aug 13, 2020"
"FTTCN","FINNING INTERNATIONAL INC","Industrial","Fixed Income","1,175,948.25","0.05","1,175,948.25","1,132,000.00","1,132,000.00","102.60","Canada","-","CAD","2.46","1.00","May 16, 2028","4.45","CAD","May 16, 2023"
"CCACN","COGECO COMMUNICATIONS INC","Communication","Fixed Income","1,175,682.77","0.05","1,175,682.77","1,120,000.00","1,120,000.00","104.78","Canada","-","CAD","6.12","1.00","Feb 16, 2033","5.30","CAD","Feb 16, 2023"
"OXFPRO","OXFORD PROPERTIES GROUP TRUST","Real Estate","Fixed Income","1,174,556.41","0.05","1,174,556.41","1,140,000.00","1,140,000.00","102.01","Canada","-","CAD","5.75","1.00","Jun 4, 2032","4.39","CAD","Jun 5, 2025"
"HYDONE","HYDRO ONE INC MTN","Infrastructure","Fixed Income","1,173,525.96","0.05","1,173,525.96","1,021,000.00","1,021,000.00","111.98","Canada","-","CAD","9.20","1.00","Mar 3, 2039","6.03","CAD","Mar 3, 2009"
"ALTALK","ALTALINK LP","Infrastructure","Fixed Income","1,171,821.61","0.05","1,171,821.61","1,190,000.00","1,190,000.00","97.19","Canada","-","CAD","14.97","1.00","May 22, 2054","4.74","CAD","May 22, 2024"
"CRTUCN","CT REAL ESTATE INVESTMENT TRUST","Real Estate","Fixed Income","1,171,205.74","0.05","1,171,205.74","1,196,000.00","1,196,000.00","97.73","Canada","-","CAD","3.24","1.00","Feb 5, 2029","3.03","CAD","Feb 3, 2022"
"PMZUCN","PRIMARIS REAL ESTATE INVESTMENT TR RegS","Real Estate","Fixed Income","1,167,552.17","0.05","1,167,552.17","1,080,000.00","1,080,000.00","105.62","Canada","-","CAD","2.28","1.00","Mar 29, 2028","5.93","CAD","Mar 29, 2023"
"CCLBCN","CCL INDUSTRIES INC","Industrial","Fixed Income","1,164,627.88","0.05","1,164,627.88","1,140,000.00","1,140,000.00","100.70","Canada","-","CAD","2.33","1.00","Apr 13, 2028","3.86","CAD","Apr 13, 2018"
"TRPCN","TRANSCANADA PIPELINES LIMITED MTN","Energy","Fixed Income","1,164,813.27","0.05","1,164,813.27","926,000.00","926,000.00","125.53","Canada","-","CAD","8.79","1.00","Feb 17, 2039","8.05","CAD","Feb 17, 2009"
"HTHROW","HEATHROW FUNDING LTD RegS","Infrastructure","Fixed Income","1,157,059.08","0.05","1,157,059.08","1,140,000.00","1,140,000.00","101.19","United Kingdom","-","CAD","8.97","1.00","Aug 6, 2037","4.90","CAD","Aug 6, 2025"
"DOLCN","DOLLARAMA INC","Industrial","Fixed Income","1,150,889.95","0.05","1,150,889.95","1,176,000.00","1,176,000.00","97.20","Canada","-","CAD","2.00","1.00","Sep 20, 2027","1.50","CAD","Sep 18, 2020"
"GRTCN","GRANITE REIT HOLDINGS LP","Real Estate","Fixed Income","1,149,454.38","0.05","1,149,454.38","1,045,000.00","1,045,000.00","107.68","Canada","-","CAD","3.14","1.00","Apr 12, 2029","6.07","CAD","Oct 12, 2023"
"DE","JOHN DEERE FINANCIAL INC","Financial","Fixed Income","1,145,829.29","0.05","1,145,829.29","1,173,000.00","1,173,000.00","97.04","United States","-","CAD","1.97","1.00","Sep 8, 2027","1.34","CAD","Sep 8, 2020"
"SRUUCN","SMARTCENTRES REAL ESTATE INVESTMEN","Real Estate","Fixed Income","1,145,829.67","0.05","1,145,829.67","1,165,000.00","1,165,000.00","97.56","Canada","-","CAD","4.73","1.00","Dec 11, 2030","3.65","CAD","Jun 11, 2020"
"DTRGR","DAIMLER TRUCK FINANCE CANADA INC RegS","Financial","Fixed Income","1,143,771.66","0.05","1,143,771.66","1,140,000.00","1,140,000.00","100.18","Germany","-","CAD","2.94","1.00","Oct 13, 2028","3.48","CAD","Aug 13, 2025"
"VW","VW CREDIT CANADA INC RegS","Financial","Fixed Income","1,143,219.93","0.05","1,143,219.93","1,100,000.00","1,100,000.00","102.67","Germany","-","CAD","3.80","1.00","Nov 19, 2029","4.49","CAD","Nov 19, 2024"
"FTSCN","FORTISBC INC MTN","Infrastructure","Fixed Income","1,143,145.18","0.05","1,143,145.18","1,297,000.00","1,297,000.00","86.79","Canada","-","CAD","12.50","1.00","Oct 28, 2044","4.00","CAD","Oct 28, 2014"
"CWBCN","CANADIAN WESTERN BANK","Financial","Fixed Income","1,138,490.15","0.05","1,138,490.15","1,115,000.00","1,115,000.00","101.86","Canada","-","CAD","1.40","1.00","Feb 8, 2027","4.27","CAD","Aug 8, 2024"
"TORHYD","TORONTO HYDRO CORPORATION RegS","Infrastructure","Fixed Income","1,137,378.65","0.05","1,137,378.65","1,080,000.00","1,080,000.00","104.35","Canada","-","CAD","6.42","1.00","Jun 14, 2033","4.61","CAD","Jun 14, 2023"
"SAPCN","SAPUTO INC MTN","Industrial","Fixed Income","1,136,397.17","0.05","1,136,397.17","1,159,000.00","1,159,000.00","97.62","Canada","-","CAD","2.69","1.00","Jun 22, 2028","2.30","CAD","Jun 22, 2021"
"GWOCN","GREAT-WEST LIFECO INC","Financial","Fixed Income","1,135,807.22","0.05","1,135,807.22","967,000.00","967,000.00","115.66","Canada","-","CAD","5.12","1.00","Nov 24, 2031","6.74","CAD","Nov 23, 2001"
"IPLCN","INTER PIPELINE LTD","Energy","Fixed Income","1,134,374.36","0.05","1,134,374.36","1,225,000.00","1,225,000.00","91.29","Canada","-","CAD","13.48","1.00","Nov 27, 2051","5.09","CAD","Nov 25, 2021"
"ALACN","ALTAGAS LTD MTN","Energy","Fixed Income","1,131,821.62","0.05","1,131,821.62","1,199,000.00","1,199,000.00","93.78","Canada","-","CAD","4.85","1.00","Nov 30, 2030","2.48","CAD","Nov 30, 2020"
"DRSILL","SUMMIT INDUSTRIAL INCOME REIT","Real Estate","Fixed Income","1,131,582.43","0.05","1,131,582.43","1,161,000.00","1,161,000.00","97.16","Canada","-","CAD","2.75","1.00","Jul 14, 2028","2.44","CAD","Feb 17, 2023"
"EPCOR","EPCOR UTILITIES INC MTN","Infrastructure","Fixed Income","1,130,361.45","0.05","1,130,361.45","952,000.00","952,000.00","116.26","Canada","-","CAD","8.65","1.00","Apr 15, 2038","6.65","CAD","Apr 15, 2008"
"APUCN","ALLIED PROPERTIES REAL ESTATE INVE","Real Estate","Fixed Income","1,129,867.73","0.05","1,129,867.73","1,125,000.00","1,125,000.00","99.21","Canada","-","CAD","1.54","1.00","Apr 8, 2027","3.11","CAD","Oct 8, 2019"
"REIUCN","RIOCAN REAL ESTATE INVESTMENT TRUS","Real Estate","Fixed Income","1,126,170.36","0.05","1,126,170.36","1,040,000.00","1,040,000.00","105.58","Canada","-","CAD","4.66","1.00","Mar 1, 2031","5.46","CAD","May 31, 2024"
"BMW","BMW CANADA INC","Industrial","Fixed Income","1,124,832.23","0.05","1,124,832.23","1,090,000.00","1,090,000.00","101.65","Germany","-","CAD","2.88","1.00","Oct 10, 2028","3.99","CAD","Oct 10, 2024"
"ENBGAS","ENBRIDGE GAS INC MTN","Energy","Fixed Income","1,123,883.78","0.05","1,123,883.78","1,317,000.00","1,317,000.00","84.41","Canada","-","CAD","13.33","1.00","Jun 1, 2046","3.80","CAD","May 31, 2016"
"CNRCN","CANADIAN NATIONAL RAILWAY COMPANY","Industrial","Fixed Income","1,123,988.56","0.05","1,123,988.56","1,380,000.00","1,380,000.00","81.24","Canada","-","CAD","14.58","1.00","Feb 8, 2049","3.60","CAD","Feb 8, 2019"
"PLEHHU","PLENARY HLTH CARE PTNRSHP HUMBR LP","Infrastructure","Fixed Income","1,123,701.38","0.05","1,123,701.38","1,085,834.00","1,085,834.00","102.28","Canada","-","CAD","6.12","1.00","May 31, 2039","4.89","CAD","Sep 23, 2011"
"CRTUCN","CT REAL ESTATE INVESTMENT TRUST","Real Estate","Fixed Income","1,121,520.22","0.05","1,121,520.22","1,050,000.00","1,050,000.00","105.60","Canada","-","CAD","2.56","1.00","Jun 14, 2028","5.83","CAD","Nov 17, 2023"
"CP","CANADIAN PACIFIC RAILWAY COMPANY","Industrial","Fixed Income","1,118,903.07","0.05","1,118,903.07","1,151,000.00","1,151,000.00","96.20","Canada","-","CAD","15.08","1.00","Jun 13, 2055","4.80","CAD","Jun 13, 2025"
"CHPUCN","CHOICE PROPERTIES REAL ESTATE INVE","Real Estate","Fixed Income","1,117,294.04","0.05","1,117,294.04","1,085,000.00","1,085,000.00","102.46","Canada","-","CAD","3.94","1.00","Jan 16, 2030","4.29","CAD","Jan 16, 2025"
"HYNMTR","HYUNDAI CAPITAL CANADA INC","Financial","Fixed Income","1,116,996.68","0.05","1,116,996.68","1,075,000.00","1,075,000.00","103.45","Canada","-","CAD","3.56","1.00","Jul 24, 2029","4.58","CAD","Jul 24, 2024"
"SRUUCN","SMARTCENTRES REAL ESTATE INVESTMEN","Real Estate","Fixed Income","1,116,442.36","0.05","1,116,442.36","1,161,000.00","1,161,000.00","95.71","Canada","-","CAD","3.14","1.00","Dec 18, 2028","2.31","CAD","Dec 16, 2020"
"EDF","ELECTRICITE DE FRANCE SA RegS","Infrastructure","Fixed Income","1,115,809.26","0.05","1,115,809.26","1,190,000.00","1,190,000.00","93.43","France","-","CAD","14.20","1.00","Feb 6, 2055","5.23","CAD","Feb 6, 2025"
"FNCN","FIRST NATIONAL FINANCIAL CORP RegS","Financial","Fixed Income","1,113,509.40","0.05","1,113,509.40","1,030,000.00","1,030,000.00","106.05","Canada","-","CAD","2.01","1.00","Nov 1, 2027","6.26","CAD","Apr 1, 2024"
"NVLAUT","NOUVELLE AUTOROUTE 30 FINANCEMENT","Infrastructure","Fixed Income","1,107,619.83","0.05","1,107,619.83","1,175,207.00","1,175,207.00","92.55","Canada","-","CAD","9.11","1.00","Mar 31, 2042","4.11","CAD","Jun 14, 2018"
"ENBGAS","ENBRIDGE GAS INC MTN","Energy","Fixed Income","1,106,327.05","0.05","1,106,327.05","1,111,000.00","1,111,000.00","98.65","Canada","-","CAD","10.71","1.00","Jun 21, 2041","4.88","CAD","Jun 21, 2011"
"DTRGR","DAIMLER TRUCK FINANCE CANADA INC","Financial","Fixed Income","1,106,095.29","0.05","1,106,095.29","1,060,000.00","1,060,000.00","102.45","Germany","-","CAD","1.95","1.00","Sep 27, 2027","4.46","CAD","Jun 25, 2024"
"ALTALK","ALTALINK LP MTN","Infrastructure","Fixed Income","1,103,758.83","0.05","1,103,758.83","1,144,000.00","1,144,000.00","95.10","Canada","-","CAD","11.11","1.00","Nov 8, 2041","4.46","CAD","Nov 8, 2011"
"CTLONE","CENTRAL 1 CREDIT UNION MTN","Financial","Fixed Income","1,102,874.07","0.05","1,102,874.07","1,070,000.00","1,070,000.00","102.79","Canada","-","CAD","2.23","1.00","Feb 7, 2028","4.65","CAD","Feb 7, 2023"
"FTSCN","TERASEN GAS INC. MTN","Energy","Fixed Income","1,102,252.87","0.05","1,102,252.87","976,000.00","976,000.00","110.49","Canada","-","CAD","8.56","1.00","Oct 2, 2037","6.00","CAD","Oct 2, 2007"
"NSIUCN","NOVA SCOTIA POWER INC RegS","Infrastructure","Fixed Income","1,101,957.83","0.05","1,101,957.83","1,046,000.00","1,046,000.00","103.91","Canada","-","CAD","5.94","1.00","Nov 15, 2032","4.95","CAD","Mar 24, 2023"
"BAMREP","BRP FINANCE ULC","Energy","Fixed Income","1,101,519.74","0.05","1,101,519.74","990,000.00","990,000.00","109.41","Canada","-","CAD","8.19","1.00","Nov 5, 2036","5.84","CAD","Nov 1, 2006"
"APUCN","ALLIED PROPERTIES REAL ESTATE INVE RegS","Real Estate","Fixed Income","1,098,975.64","0.05","1,098,975.64","1,070,000.00","1,070,000.00","101.01","Canada","-","CAD","1.52","1.00","Apr 7, 2027","4.31","CAD","Apr 7, 2025"
"BIP","BROOKFIELD INFRASTRUCTURE FINANCE","Infrastructure","Fixed Income","1,098,282.01","0.05","1,098,282.01","1,070,000.00","1,070,000.00","101.05","Canada","-","CAD","4.12","1.00","Sep 1, 2055","5.60","CAD","May 16, 2025"
"MICCN","SAGEN MI CANADA INC","Financial","Fixed Income","1,098,334.55","0.05","1,098,334.55","1,035,000.00","1,035,000.00","104.47","Canada","-","CAD","2.42","1.00","May 19, 2028","5.91","CAD","May 19, 2023"
"LCN","LOBLAW COMPANIES LIMITED MTN","Industrial","Fixed Income","1,096,123.66","0.05","1,096,123.66","988,000.00","988,000.00","110.26","Canada","-","CAD","7.84","1.00","Jan 18, 2036","5.90","CAD","Jan 18, 2005"
"CSHU","CHARTWELL RETIREMENT RESIDENCES","Industrial","Fixed Income","1,094,694.90","0.05","1,094,694.90","1,045,000.00","1,045,000.00","103.41","Canada","-","CAD","1.22","1.00","Dec 8, 2026","6.00","CAD","Dec 8, 2023"
"VW","VW CREDIT CANADA INC RegS","Financial","Fixed Income","1,094,542.17","0.05","1,094,542.17","1,040,000.00","1,040,000.00","102.71","Germany","-","CAD","1.01","1.00","Sep 21, 2026","5.75","CAD","Sep 20, 2023"
"AERMON","AEROPORTS DE MONTREAL","Infrastructure","Fixed Income","1,091,314.92","0.05","1,091,314.92","1,006,000.00","1,006,000.00","106.46","Canada","-","CAD","9.96","1.00","Apr 16, 2040","5.47","CAD","Apr 16, 2010"
"WELL","HCN CANADIAN HOLDINGS 1 LP","Real Estate","Fixed Income","1,091,102.19","0.05","1,091,102.19","1,094,000.00","1,094,000.00","99.37","United States","-","CAD","1.34","1.00","Jan 15, 2027","2.95","CAD","Dec 20, 2019"
"ENBGAS","ENBRIDGE GAS INC MTN","Energy","Fixed Income","1,090,697.56","0.05","1,090,697.56","1,088,000.00","1,088,000.00","98.91","Canada","-","CAD","13.93","1.00","Nov 22, 2050","4.95","CAD","Nov 22, 2010"
"CNQCN","CANADIAN NATURAL RESOURCES LTD","Energy","Fixed Income","1,090,147.14","0.05","1,090,147.14","1,107,000.00","1,107,000.00","98.18","Canada","-","CAD","2.29","1.00","Jan 17, 2028","2.50","CAD","Nov 16, 2020"
"STNCN","STANTEC INC.","Industrial","Fixed Income","1,088,682.69","0.05","1,088,682.69","1,104,000.00","1,104,000.00","97.81","Canada","-","CAD","2.03","1.00","Oct 8, 2027","2.05","CAD","Oct 8, 2020"
"REIUCN","RIOCAN REAL ESTATE INVESTMENT TRUS RegS","Real Estate","Fixed Income","1,086,535.90","0.05","1,086,535.90","1,020,000.00","1,020,000.00","104.29","Canada","-","CAD","1.88","1.00","Oct 6, 2027","5.61","CAD","Mar 6, 2023"
"CAT","CATERPILLAR FINANCIAL SERVICES LTD MTN","Financial","Fixed Income","1,084,788.16","0.05","1,084,788.16","1,040,000.00","1,040,000.00","102.12","United States","-","CAD","1.43","1.00","Mar 5, 2027","4.51","CAD","Mar 5, 2024"
"NSIUCN","NOVA SCOTIA POWER INC MTN","Infrastructure","Fixed Income","1,083,494.65","0.05","1,083,494.65","1,026,000.00","1,026,000.00","104.45","Canada","-","CAD","9.98","1.00","Jun 15, 2040","5.61","CAD","Jun 15, 2010"
"NSIUCN","NOVA SCOTIA POWER INC MTN","Infrastructure","Fixed Income","1,080,721.91","0.05","1,080,721.91","1,169,000.00","1,169,000.00","91.96","Canada","-","CAD","11.77","1.00","Jul 20, 2043","4.50","CAD","Jul 19, 2013"
"CUCN","CU INC MTN","Energy","Fixed Income","1,080,105.89","0.05","1,080,105.89","1,233,000.00","1,233,000.00","86.54","Canada","-","CAD","14.10","1.00","Nov 23, 2048","3.95","CAD","Nov 21, 2018"
"DTRGR","DAIMLER TRUCK FINANCE CANADA INC RegS","Financial","Fixed Income","1,076,981.49","0.05","1,076,981.49","1,022,000.00","1,022,000.00","102.88","Germany","-","CAD","1.02","1.00","Sep 25, 2026","5.81","CAD","Sep 25, 2023"
"FTSCN","FORTISALBERTA INC MTN","Infrastructure","Fixed Income","1,074,589.12","0.05","1,074,589.12","1,015,000.00","1,015,000.00","104.09","Canada","-","CAD","9.77","1.00","Oct 30, 2039","5.37","CAD","Oct 30, 2009"
"MRUCN","METRO INC MTN","Industrial","Fixed Income","1,072,992.45","0.05","1,072,992.45","1,400,000.00","1,400,000.00","76.63","Canada","-","CAD","15.04","1.00","Feb 28, 2050","3.41","CAD","Feb 26, 2020"
"MICCN","GENWORTH MI CANADA INC","Financial","Fixed Income","1,070,927.89","0.05","1,070,927.89","1,059,000.00","1,059,000.00","99.66","Canada","-","CAD","1.41","1.00","Mar 1, 2027","2.96","CAD","Feb 20, 2020"
"GILCN","GILDAN ACTIVEWEAR INC. RegS","Industrial","Fixed Income","1,068,616.15","0.05","1,068,616.15","1,030,000.00","1,030,000.00","102.47","Canada","-","CAD","5.31","1.00","Nov 22, 2031","4.71","CAD","Nov 22, 2024"
"ALACN","ALTAGAS LTD MTN","Energy","Fixed Income","1,068,278.98","0.05","1,068,278.98","1,039,000.00","1,039,000.00","101.22","Canada","-","CAD","1.77","1.00","Oct 4, 2027","3.98","CAD","Oct 4, 2017"
"DRSILL","DREAM SUMMIT INDUSTRIAL LP","Real Estate","Fixed Income","1,067,634.57","0.05","1,067,634.57","1,050,000.00","1,050,000.00","101.47","Canada","-","CAD","4.79","1.00","Feb 12, 2031","4.51","CAD","Nov 14, 2024"
"ETRHWY","407 INTERNATIONAL INC MTN","Infrastructure","Fixed Income","1,067,318.37","0.05","1,067,318.37","1,145,000.00","1,145,000.00","91.77","Canada","-","CAD","11.42","1.00","Apr 25, 2042","4.19","CAD","Apr 25, 2012"
"FCRCN","FIRST CAPITAL REAL ESTATE INVESTME","Real Estate","Fixed Income","1,066,785.81","0.05","1,066,785.81","975,000.00","975,000.00","106.65","Canada","-","CAD","4.57","1.00","Mar 1, 2031","5.57","CAD","Mar 1, 2024"
"PMZUCN","PRIMARIS REAL ESTATE INVESTMENT TR RegS","Real Estate","Fixed Income","1,063,501.84","0.05","1,063,501.84","1,001,000.00","1,001,000.00","103.96","Canada","-","CAD","3.94","1.00","Mar 15, 2030","5.00","CAD","Aug 12, 2024"
"APUCN","ALLIED PROPERTIES REAL ESTATE INVE","Real Estate","Fixed Income","1,062,990.42","0.05","1,062,990.42","1,100,000.00","1,100,000.00","96.51","Canada","-","CAD","3.68","1.00","Aug 15, 2029","3.39","CAD","Aug 15, 2019"
"HYNMTR","HYUNDAI CAPITAL CANADA INC","Financial","Fixed Income","1,062,142.39","0.05","1,062,142.39","1,035,000.00","1,035,000.00","102.25","Canada","-","CAD","1.37","1.00","Feb 1, 2027","4.81","CAD","Jan 31, 2024"
"MFCCN","MANULIFE BANK OF CANADA","Financial","Fixed Income","1,055,315.48","0.04","1,055,315.48","1,050,000.00","1,050,000.00","100.41","Canada","-","CAD","4.49","1.00","Aug 19, 2030","3.69","CAD","Aug 19, 2025"
"LOWMAT","LOWER MATTAGAMI ENERGY LP","Infrastructure","Fixed Income","1,054,297.79","0.04","1,054,297.79","1,080,000.00","1,080,000.00","96.55","Canada","-","CAD","15.06","1.00","Jun 7, 2054","4.69","CAD","Jun 7, 2024"
"ENBGAS","ENBRIDGE GAS INC","Energy","Fixed Income","1,053,175.35","0.04","1,053,175.35","1,130,000.00","1,130,000.00","93.05","Canada","-","CAD","14.79","1.00","Aug 17, 2052","4.55","CAD","Aug 17, 2022"
"ETRHWY","407 INTERNATIONAL INC","Infrastructure","Fixed Income","1,050,565.53","0.04","1,050,565.53","1,066,000.00","1,066,000.00","97.72","Canada","-","CAD","6.66","1.00","Jun 1, 2033","3.43","CAD","Mar 24, 2017"
"IFCCN","INTACT FINANCIAL CORP MTN","Financial","Fixed Income","1,050,319.04","0.04","1,050,319.04","1,112,000.00","1,112,000.00","94.06","Canada","-","CAD","4.96","1.00","Dec 16, 2030","1.93","CAD","Dec 16, 2020"
"LCN","LOBLAW COMPANIES LTD MTN 144A","Industrial","Fixed Income","1,049,425.14","0.04","1,049,425.14","888,000.00","888,000.00","114.78","Canada","-","CAD","5.20","1.00","Mar 1, 2032","6.85","CAD","Mar 1, 2002"
"GTAAIR","GREATER TORONTO AIRPORTS AUTH 144A","Infrastructure","Fixed Income","1,043,236.83","0.04","1,043,236.83","963,000.00","963,000.00","106.79","Canada","-","CAD","2.09","1.00","Dec 3, 2027","6.45","CAD","Dec 2, 1997"
"BIP","BROOKFIELD INFRASTRUCTURE FINANCE MTN","Infrastructure","Fixed Income","1,039,405.42","0.04","1,039,405.42","944,000.00","944,000.00","109.86","Canada","-","CAD","5.98","1.00","Feb 14, 2033","5.98","CAD","Nov 14, 2022"
"FTSCN","FORTISALBERTA INC RegS","Infrastructure","Fixed Income","1,037,560.22","0.04","1,037,560.22","1,060,000.00","1,060,000.00","97.19","Canada","-","CAD","15.28","1.00","Jul 7, 2055","4.76","CAD","Jul 7, 2025"
"CAAIAU","CALGARY AIRPORT AUTHORITY","Infrastructure","Fixed Income","1,036,072.86","0.04","1,036,072.86","1,157,000.00","1,157,000.00","88.23","Canada","-","CAD","10.14","1.00","Oct 7, 2038","3.34","CAD","Oct 7, 2021"
"EDISNH","ELLISDON INFRASTRUCTURE SNH GP","Infrastructure","Fixed Income","1,033,776.50","0.04","1,033,776.50","1,000,000.00","1,000,000.00","100.89","Canada","-","CAD","8.07","1.00","Feb 28, 2043","5.00","CAD","Feb 21, 2023"
"ENBGAS","ENBRIDGE GAS INC MTN 144A","Energy","Fixed Income","1,033,579.17","0.04","1,033,579.17","976,000.00","976,000.00","105.84","Canada","-","CAD","8.12","1.00","Feb 25, 2036","5.21","CAD","Feb 24, 2006"
"TOUCN","TOURMALINE OIL CORP RegS","Energy","Fixed Income","1,033,312.37","0.04","1,033,312.37","1,065,000.00","1,065,000.00","96.91","Canada","-","CAD","3.28","1.00","Feb 12, 2029","2.53","CAD","Aug 11, 2021"
"HRUCN","H&R REAL ESTATE INVESTMENT TRUST","Real Estate","Fixed Income","1,033,035.44","0.04","1,033,035.44","1,042,000.00","1,042,000.00","99.07","Canada","-","CAD","1.44","1.00","Feb 19, 2027","2.63","CAD","Feb 19, 2021"
"VANAIR","VANCOUVER AIRPORT AUTHORITY","Infrastructure","Fixed Income","1,030,403.96","0.04","1,030,403.96","1,436,000.00","1,436,000.00","70.52","Canada","-","CAD","15.83","1.00","Sep 21, 2050","2.80","CAD","Sep 21, 2020"
"IFCCN","INTACT FINANCIAL CORP MTN","Financial","Fixed Income","1,028,949.30","0.04","1,028,949.30","883,000.00","883,000.00","114.81","Canada","-","CAD","9.50","1.00","Nov 23, 2039","6.40","CAD","Nov 23, 2009"
"VANAIR","VANCOUVER AIRPORT AUTHORITY RegS","Infrastructure","Fixed Income","1,027,919.16","0.04","1,027,919.16","1,217,000.00","1,217,000.00","83.48","Canada","-","CAD","14.41","1.00","Nov 23, 2048","3.66","CAD","Nov 23, 2018"
"CONNEC","CONNECT 6IX GENERAL PARTNERSHIP","Infrastructure","Fixed Income","1,026,688.84","0.04","1,026,688.84","900,000.00","900,000.00","112.53","Canada","-","CAD","14.85","1.00","Nov 30, 2060","6.21","CAD","Nov 17, 2022"
"BAMREP","BROOKFIELD RENEWABLE PARTNERS ULC MTN","Energy","Fixed Income","1,023,538.07","0.04","1,023,538.07","1,174,000.00","1,174,000.00","85.82","Canada","-","CAD","13.79","1.00","Nov 5, 2049","4.29","CAD","Sep 13, 2019"
"ENBCN","ENBRIDGE INC MTN","Energy","Fixed Income","1,022,908.36","0.04","1,022,908.36","1,076,000.00","1,076,000.00","93.73","Canada","-","CAD","11.88","1.00","Nov 21, 2044","4.87","CAD","Dec 21, 2018"
"CTLONE","CENTRAL 1 CREDIT UNION MTN","Financial","Fixed Income","1,019,662.37","0.04","1,019,662.37","1,015,000.00","1,015,000.00","100.36","Canada","-","CAD","4.47","1.00","Aug 20, 2030","4.00","CAD","Aug 20, 2025"
"BMW","BMW CANADA INC","Industrial","Fixed Income","1,016,465.27","0.04","1,016,465.27","995,000.00","995,000.00","100.64","Germany","-","CAD","3.30","1.00","Apr 2, 2029","3.70","CAD","Apr 1, 2025"
"PSSGEN","PSS GENERATING STATION LP","Infrastructure","Fixed Income","1,016,369.70","0.04","1,016,369.70","1,100,000.00","1,100,000.00","90.73","Canada","-","CAD","15.14","1.00","Oct 24, 2067","4.79","CAD","Oct 23, 2015"
"AERMON","AEROPORTS DE MONTREAL","Infrastructure","Fixed Income","1,014,967.01","0.04","1,014,967.01","856,000.00","856,000.00","116.06","Canada","-","CAD","6.31","1.00","Oct 11, 2033","6.55","CAD","Oct 9, 2003"
"STNCN","STANTEC INC. RegS","Industrial","Fixed Income","1,014,556.08","0.04","1,014,556.08","945,000.00","945,000.00","106.43","Canada","-","CAD","4.12","1.00","Jun 27, 2030","5.39","CAD","Jun 27, 2023"
"CANCOR","CANADIAN CORE REAL ESTATE LP","Real Estate","Fixed Income","1,014,553.83","0.04","1,014,553.83","1,001,000.00","1,001,000.00","99.73","Canada","-","CAD","1.44","1.00","Mar 2, 2027","3.30","CAD","Mar 2, 2022"
"ALTALK","ALTALINK LP MTN","Infrastructure","Fixed Income","1,014,149.20","0.04","1,014,149.20","1,122,000.00","1,122,000.00","89.28","Canada","-","CAD","12.60","1.00","Nov 21, 2044","4.05","CAD","Nov 21, 2014"
"APUCN","ALLIED PROPERTIES REAL ESTATE INVE","Real Estate","Fixed Income","1,013,528.32","0.04","1,013,528.32","955,000.00","955,000.00","103.76","Canada","-","CAD","2.78","1.00","Sep 26, 2028","5.53","CAD","Sep 26, 2024"
"ENBGAS","ENBRIDGE GAS INC MTN","Energy","Fixed Income","1,009,294.94","0.04","1,009,294.94","849,000.00","849,000.00","116.88","Canada","-","CAD","5.73","1.00","Nov 15, 2032","6.90","CAD","Nov 15, 2002"
"LCN","LOBLAW COMPANIES LIMITED MTN","Industrial","Fixed Income","1,006,179.73","0.04","1,006,179.73","885,000.00","885,000.00","113.48","Canada","-","CAD","6.01","1.00","Feb 17, 2033","6.54","CAD","Feb 17, 2003"
"CUCN","CU INC MTN","Energy","Fixed Income","1,003,966.27","0.04","1,003,966.27","907,000.00","907,000.00","108.85","Canada","-","CAD","8.80","1.00","Oct 30, 2037","5.56","CAD","Nov 1, 2007"
"EPCOR","EPCOR UTILITIES INC MTN","Infrastructure","Fixed Income","1,003,009.49","0.04","1,003,009.49","1,063,000.00","1,063,000.00","93.96","Canada","-","CAD","5.36","1.00","Jun 30, 2031","2.41","CAD","Jun 28, 2021"
"CPXCN","CAPITAL POWER CORP MTN","Energy","Fixed Income","1,000,801.77","0.04","1,000,801.77","977,000.00","977,000.00","102.18","Canada","-","CAD","3.94","1.00","Feb 8, 2030","4.42","CAD","Nov 8, 2019"
"EPCOR","EPCOR UTILITIES INC MTN","Infrastructure","Fixed Income","999,580.15","0.04","999,580.15","1,335,000.00","1,335,000.00","74.43","Canada","-","CAD","15.18","1.00","Jul 8, 2049","3.11","CAD","Jul 8, 2019"
"POWCN","POWER CORPORATION OF CANADA","Financial","Fixed Income","997,499.65","0.04","997,499.65","1,075,000.00","1,075,000.00","92.39","Canada","-","CAD","13.67","1.00","Jul 27, 2048","4.46","CAD","Jul 25, 2018"
"HYDONE","HYDRO ONE INC MTN","Infrastructure","Fixed Income","994,623.66","0.04","994,623.66","1,141,000.00","1,141,000.00","86.43","Canada","-","CAD","15.04","1.00","Dec 22, 2051","4.00","CAD","Dec 22, 2011"
"EPCOR","EPCOR UTILITIES INC MTN","Infrastructure","Fixed Income","994,338.46","0.04","994,338.46","1,039,000.00","1,039,000.00","95.69","Canada","-","CAD","11.35","1.00","Feb 28, 2042","4.55","CAD","Feb 28, 2012"
"TORHYD","TORONTO HYDRO CORPORATION RegS","Infrastructure","Fixed Income","991,940.62","0.04","991,940.62","920,000.00","920,000.00","105.86","Canada","-","CAD","2.77","1.00","Oct 12, 2028","5.13","CAD","Oct 12, 2023"
"LCN","LOBLAW COMPANIES MTN 144A","Industrial","Fixed Income","989,230.18","0.04","989,230.18","865,000.00","865,000.00","111.16","Canada","-","CAD","8.97","1.00","Mar 1, 2039","6.45","CAD","Mar 1, 1999"
"DRSILL","DREAM SUMMIT INDUSTRIAL LP RegS","Real Estate","Fixed Income","988,216.38","0.04","988,216.38","985,000.00","985,000.00","100.33","Canada","-","CAD","4.54","1.00","Sep 18, 2030","4.17","CAD","Sep 15, 2025"
"TOYOTA","TOYOTA CREDIT CANADA INC MTN","Financial","Fixed Income","985,458.21","0.04","985,458.21","956,000.00","956,000.00","102.65","Canada","-","CAD","2.27","1.00","Jan 24, 2028","4.33","CAD","Jan 24, 2023"
"BIP","BROOKFIELD INFRASTRUCTURE FINANCE MTN","Infrastructure","Fixed Income","984,710.47","0.04","984,710.47","923,000.00","923,000.00","104.69","Canada","-","CAD","13.35","1.00","Apr 25, 2052","5.79","CAD","Apr 25, 2022"
"REIUCN","RIOCAN REAL ESTATE INVESTMENT TRUS","Real Estate","Fixed Income","984,125.39","0.04","984,125.39","944,000.00","944,000.00","102.73","Canada","-","CAD","3.22","1.00","May 1, 2029","4.63","CAD","Apr 18, 2022"
"FTSCN","FORTISBC ENERGY INC MTN","Energy","Fixed Income","982,252.31","0.04","982,252.31","1,155,000.00","1,155,000.00","83.62","Canada","-","CAD","13.34","1.00","Apr 9, 2046","3.67","CAD","Apr 8, 2016"
"IGMCN","IGM FINANCIAL INC RegS","Financial","Fixed Income","981,926.26","0.04","981,926.26","1,087,000.00","1,087,000.00","88.48","Canada","-","CAD","14.10","1.00","Mar 21, 2050","4.21","CAD","Mar 20, 2019"
"ETRHWY","407 INTERNATIONAL INC MTN","Infrastructure","Fixed Income","976,902.52","0.04","976,902.52","965,000.00","965,000.00","99.26","Canada","-","CAD","14.73","1.00","Apr 4, 2054","4.89","CAD","Apr 4, 2024"
"ENBPIP","ENBRIDGE PIPELINES INC MTN","Energy","Fixed Income","976,407.53","0.04","976,407.53","1,076,000.00","1,076,000.00","90.59","Canada","-","CAD","11.76","1.00","Aug 17, 2043","4.55","CAD","Aug 16, 2013"
"BIP","BROOKFIELD INFRASTRUCTURE FINANCE MTN RegS","Infrastructure","Fixed Income","976,511.62","0.04","976,511.62","905,000.00","905,000.00","107.36","Canada","-","CAD","13.75","1.00","Jul 27, 2053","5.95","CAD","Jul 27, 2023"
"KEYCN","KEYERA CORP MTN","Energy","Fixed Income","974,142.93","0.04","974,142.93","945,000.00","945,000.00","102.21","Canada","-","CAD","13.87","1.00","Jan 4, 2054","5.66","CAD","Jan 4, 2024"
"NAVCAN","NAV CANADA MTN","Infrastructure","Fixed Income","974,162.45","0.04","974,162.45","1,248,000.00","1,248,000.00","76.71","Canada","-","CAD","15.38","1.00","Sep 29, 2050","3.21","CAD","Mar 29, 2019"
"COCAPS","COAST CAPITAL SAVINGS FEDERAL CRED","Financial","Fixed Income","970,881.30","0.04","970,881.30","940,000.00","940,000.00","101.64","Canada","-","CAD","2.00","1.00","Oct 18, 2027","4.52","CAD","Oct 18, 2024"
"GZMCN","ENERGIR INC RegS","Energy","Fixed Income","970,115.27","0.04","970,115.27","1,014,000.00","1,014,000.00","95.51","Canada","-","CAD","5.78","1.00","Feb 9, 2032","3.04","CAD","Feb 9, 2022"
"EAGCCT","EAGLE CREDIT CARD TRUST","Securitized","Fixed Income","968,813.06","0.04","968,813.06","915,000.00","915,000.00","104.85","Canada","-","CAD","2.60","1.00","Jun 17, 2028","5.13","CAD","Jun 13, 2023"
"DTRGR","DAIMLER TRUCK FINANCE CANADA INC","Financial","Fixed Income","965,462.56","0.04","965,462.56","915,000.00","915,000.00","103.59","Germany","-","CAD","3.66","1.00","Sep 27, 2029","4.54","CAD","Jun 25, 2024"
"EPCOR","EPCOR UTILITIES INC MTN 144A","Infrastructure","Fixed Income","964,628.42","0.04","964,628.42","860,000.00","860,000.00","110.54","Canada","-","CAD","7.76","1.00","Nov 16, 2035","5.65","CAD","Nov 17, 2005"
"IAGCN","IA FINANCIAL CORPORATION INC","Financial","Fixed Income","960,681.13","0.04","960,681.13","961,000.00","961,000.00","99.93","Canada","-","CAD","1.43","1.00","Feb 25, 2032","3.19","CAD","Feb 25, 2022"
"DIRUCN","DREAM INDUSTRIAL REAL ESTATE INVES RegS","Real Estate","Fixed Income","960,165.51","0.04","960,165.51","945,000.00","945,000.00","100.94","Canada","-","CAD","4.31","1.00","Jul 3, 2030","4.29","CAD","Jul 3, 2025"
"CRRUCN","CROMBIE REAL ESTATE INVESTMENT TRU","Real Estate","Fixed Income","959,891.73","0.04","959,891.73","900,000.00","900,000.00","104.50","Canada","-","CAD","3.91","1.00","Mar 29, 2030","5.14","CAD","Mar 6, 2024"
"SE","WESTCOAST ENERGY INC MTN","Energy","Fixed Income","958,543.90","0.04","958,543.90","818,000.00","818,000.00","114.01","Canada","-","CAD","4.55","1.00","Mar 20, 2031","7.15","CAD","Mar 20, 2001"
"CONNEC","CONNECT 6IX GENERAL PARTNERSHIP","Infrastructure","Fixed Income","957,553.90","0.04","957,553.90","850,000.00","850,000.00","111.15","Canada","-","CAD","12.08","1.00","Nov 30, 2046","6.11","CAD","Nov 17, 2022"
"IFCCN","INTACT FINANCIAL CORP MTN","Financial","Fixed Income","954,951.12","0.04","954,951.12","922,000.00","922,000.00","102.53","Canada","-","CAD","11.08","1.00","Jun 16, 2042","5.16","CAD","Jun 15, 2012"
"CANCOR","CANADIAN CORE REAL ESTATE LP RegS","Real Estate","Fixed Income","950,455.22","0.04","950,455.22","920,000.00","920,000.00","101.65","Canada","-","CAD","3.69","1.00","Oct 16, 2029","4.48","CAD","Oct 16, 2024"
"AERMON","AEROPORT DE MONTREAL","Infrastructure","Fixed Income","950,120.84","0.04","950,120.84","1,047,000.00","1,047,000.00","89.07","Canada","-","CAD","11.75","1.00","Sep 26, 2042","3.92","CAD","Sep 26, 2012"
"ONTPOW","ONTARIO POWER GENERATION INC MTN","Energy","Fixed Income","949,800.66","0.04","949,800.66","1,167,000.00","1,167,000.00","79.70","Canada","-","CAD","14.66","1.00","Sep 13, 2050","3.65","CAD","Sep 13, 2019"
"XCN","TMX GROUP LTD","Financial","Fixed Income","949,252.16","0.04","949,252.16","928,000.00","928,000.00","101.41","Canada","-","CAD","2.43","1.00","Jun 5, 2028","3.78","CAD","Jun 5, 2018"
"ENBGAS","ENBRIDGE GAS INC","Energy","Fixed Income","946,200.53","0.04","946,200.53","922,000.00","922,000.00","102.10","Canada","-","CAD","10.28","1.00","Jul 23, 2040","5.20","CAD","Jul 23, 2010"
"NSIUCN","NOVA SCOTIA POWER INC MTN","Infrastructure","Fixed Income","945,879.41","0.04","945,879.41","813,000.00","813,000.00","116.27","Canada","-","CAD","6.29","1.00","Aug 25, 2033","6.95","CAD","Aug 25, 2003"
"LCN","LOBLAW COMPANIES LIMITED MTN","Industrial","Fixed Income","943,875.03","0.04","943,875.03","840,000.00","840,000.00","111.02","Canada","-","CAD","6.83","1.00","Jun 9, 2034","6.05","CAD","Jun 9, 2003"
"CUCN","CU INC","Energy","Fixed Income","941,524.85","0.04","941,524.85","958,000.00","958,000.00","97.12","Canada","-","CAD","14.34","1.00","Jun 3, 2052","4.85","CAD","Jun 3, 2022"
"TORHYD","TORONTO HYDRO CORPORATION","Infrastructure","Fixed Income","940,925.66","0.04","940,925.66","1,164,000.00","1,164,000.00","80.83","Canada","-","CAD","14.44","1.00","Feb 28, 2048","3.48","CAD","Nov 14, 2017"
"TERANE","TERANET HOLDINGS LP","Industrial","Fixed Income","936,733.54","0.04","936,733.54","893,000.00","893,000.00","103.68","Canada","-","CAD","10.06","1.00","Jun 17, 2041","6.10","CAD","Apr 4, 2011"
"EDISNH","ELLISDON INFRASTRUCTURE SNH GP","Infrastructure","Fixed Income","935,181.23","0.04","935,181.23","960,000.00","960,000.00","94.84","Canada","-","CAD","13.25","1.00","Aug 31, 2057","5.15","CAD","Feb 21, 2023"
"CUCN","CU INC","Energy","Fixed Income","935,339.75","0.04","935,339.75","977,000.00","977,000.00","94.31","Canada","-","CAD","14.94","1.00","Nov 7, 2053","4.56","CAD","Nov 7, 2013"
"FCRCN","FIRST CAPITAL REAL ESTATE INVESTME","Real Estate","Fixed Income","934,155.92","0.04","934,155.92","905,000.00","905,000.00","102.15","Canada","-","CAD","4.20","1.00","Jun 3, 2030","4.51","CAD","Nov 1, 2024"
"ENBGAS","ENBRIDGE GAS INC MTN","Energy","Fixed Income","934,197.95","0.04","934,197.95","1,292,000.00","1,292,000.00","72.14","Canada","-","CAD","15.31","1.00","Aug 9, 2049","3.01","CAD","Aug 9, 2019"
"GZMCN","GAZ METRO INC MTN","Energy","Fixed Income","932,085.61","0.04","932,085.61","795,000.00","795,000.00","114.91","Canada","-","CAD","4.33","1.00","Oct 30, 2030","7.05","CAD","Oct 26, 2000"
"BCFERR","BRITISH COLUMBIA FERRY SERVICES IN","Infrastructure","Fixed Income","931,819.93","0.04","931,819.93","943,000.00","943,000.00","97.17","Canada","-","CAD","11.71","1.00","Oct 23, 2043","4.70","CAD","Oct 25, 2013"
"CHPUCN","CHOICE PROPERTIES REAL ESTATE INVE","Real Estate","Fixed Income","931,420.03","0.04","931,420.03","930,000.00","930,000.00","99.89","Canada","-","CAD","7.86","1.00","Aug 8, 2035","4.63","CAD","Aug 8, 2025"
"TOUCN","TOURMALINE OIL CORP","Energy","Fixed Income","929,736.78","0.04","929,736.78","895,000.00","895,000.00","102.67","Canada","-","CAD","1.66","1.00","May 30, 2027","4.86","CAD","May 30, 2024"
"HRUCN","H&R REAL ESTATE INVESTMENT TRUST","Real Estate","Fixed Income","928,237.19","0.04","928,237.19","885,000.00","885,000.00","104.87","Canada","-","CAD","3.13","1.00","Feb 28, 2029","5.46","CAD","Feb 28, 2024"
"GZMCN","ENERGIR INC RegS","Energy","Fixed Income","927,262.17","0.04","927,262.17","870,000.00","870,000.00","104.60","Canada","-","CAD","5.92","1.00","Sep 27, 2032","4.67","CAD","Sep 27, 2022"
"TRPCN","TRANS-CANADA PIPELINE MTN","Energy","Fixed Income","925,097.62","0.04","925,097.62","847,000.00","847,000.00","106.28","Canada","-","CAD","1.50","1.00","Apr 15, 2027","7.90","CAD","Apr 15, 1997"
"TORHYD","TORONTO HYDRO CORPORATION","Infrastructure","Fixed Income","923,452.71","0.04","923,452.71","915,000.00","915,000.00","99.22","Canada","-","CAD","7.40","1.00","Sep 26, 2034","3.99","CAD","Sep 26, 2024"
"ENBGAS","ENBRIDGE GAS INC MTN","Energy","Fixed Income","917,244.03","0.04","917,244.03","1,135,000.00","1,135,000.00","79.93","Canada","-","CAD","14.11","1.00","Nov 29, 2047","3.51","CAD","Nov 29, 2017"
"PMZUCN","PRIMARIS REAL ESTATE INVESTMENT TR","Real Estate","Fixed Income","916,998.63","0.04","916,998.63","882,000.00","882,000.00","102.00","Canada","-","CAD","1.42","1.00","Mar 30, 2027","4.73","CAD","Mar 30, 2022"
"COOPFS","CO-OPERATORS FINANCIAL SERVICES LT","Financial","Fixed Income","916,756.10","0.04","916,756.10","933,000.00","933,000.00","97.27","Canada","-","CAD","4.28","1.00","May 13, 2030","3.33","CAD","May 11, 2020"
"ENBCN","ENBRIDGE INC MTN","Energy","Fixed Income","914,955.80","0.04","914,955.80","806,000.00","806,000.00","112.81","Canada","-","CAD","4.17","1.00","Jul 24, 2030","7.22","CAD","Jul 24, 2000"
"OTTMAC","OTTAWA MACDONALD-CARTIER INTERNATI","Infrastructure","Fixed Income","913,777.50","0.04","913,777.50","997,340.00","997,340.00","90.75","Canada","-","CAD","8.12","1.00","Jun 9, 2045","3.93","CAD","Jun 9, 2015"
"TORHYD","TORONTO HYDRO CORPORATION","Infrastructure","Fixed Income","913,292.28","0.04","913,292.28","988,000.00","988,000.00","91.88","Canada","-","CAD","4.84","1.00","Oct 15, 2030","1.50","CAD","Oct 15, 2020"
"ALTALK","ALTALINK LP","Infrastructure","Fixed Income","913,414.71","0.04","913,414.71","985,000.00","985,000.00","92.03","Canada","-","CAD","4.75","1.00","Sep 11, 2030","1.51","CAD","Sep 11, 2020"
"CSHU","CHARTWELL RETIREMENT RESIDENCES","Industrial","Fixed Income","912,652.45","0.04","912,652.45","885,000.00","885,000.00","101.73","Canada","-","CAD","3.75","1.00","Nov 5, 2029","4.40","CAD","Oct 28, 2024"
"IGMCN","INVESTORS GROUP INC.","Financial","Fixed Income","911,502.61","0.04","911,502.61","749,000.00","749,000.00","118.29","Canada","-","CAD","5.83","1.00","Mar 7, 2033","7.11","CAD","Mar 5, 2003"
"GZMCN","ENERGIR INC RegS","Energy","Fixed Income","909,333.70","0.04","909,333.70","914,000.00","914,000.00","98.71","Canada","-","CAD","1.58","1.00","Apr 16, 2027","2.10","CAD","Apr 16, 2020"
"EPCOR","EPCOR UTILITIES INC MTN","Infrastructure","Fixed Income","908,750.33","0.04","908,750.33","827,000.00","827,000.00","108.36","Canada","-","CAD","9.71","1.00","Nov 24, 2039","5.75","CAD","Nov 24, 2009"
"BCFERR","BRITISH COLUMBIA FERRY SERVICES IN","Infrastructure","Fixed Income","906,829.43","0.04","906,829.43","847,000.00","847,000.00","106.31","Canada","-","CAD","8.94","1.00","Jan 11, 2038","5.58","CAD","Jan 11, 2008"
"BMW","BMW CANADA INC","Industrial","Fixed Income","904,805.72","0.04","904,805.72","860,000.00","860,000.00","103.35","Germany","-","CAD","2.41","1.00","Apr 5, 2028","4.66","CAD","Apr 5, 2024"
"SRUUCN","SMARTCENTRES REAL ESTATE INVESTMEN","Real Estate","Fixed Income","903,968.85","0.04","903,968.85","891,000.00","891,000.00","100.73","Canada","-","CAD","2.06","1.00","Dec 21, 2027","3.83","CAD","Dec 21, 2017"
"LOWMAT","LOWER MATTAGAMI ENERGY LP","Infrastructure","Fixed Income","901,669.93","0.04","901,669.93","995,000.00","995,000.00","90.55","Canada","-","CAD","13.18","1.00","Feb 23, 2046","4.18","CAD","Feb 25, 2013"
"POWCN","POWER CORPORATION OF CANADA","Financial","Fixed Income","900,004.17","0.04","900,004.17","921,000.00","921,000.00","97.34","Canada","-","CAD","12.96","1.00","Jan 31, 2047","4.81","CAD","Jan 31, 2017"
"FTSCN","FORTISBC ENERGY INC MTN","Energy","Fixed Income","896,047.56","0.04","896,047.56","1,045,000.00","1,045,000.00","84.87","Canada","-","CAD","14.20","1.00","Dec 7, 2048","3.85","CAD","Dec 7, 2018"
"FIRWST","FIRST WEST CREDIT UNION RegS","Financial","Fixed Income","894,031.11","0.04","894,031.11","805,000.00","805,000.00","110.56","Canada","-","CAD","2.62","1.00","Aug 9, 2033","9.19","CAD","Aug 9, 2023"
"TERANE","TERANET HOLDINGS LP RegS","Industrial","Fixed Income","893,289.80","0.04","893,289.80","867,000.00","867,000.00","100.63","Canada","-","CAD","7.33","1.00","Mar 7, 2035","5.01","CAD","Mar 7, 2025"
"CWBCN","CANADIAN WESTERN BANK","Financial","Fixed Income","891,458.54","0.04","891,458.54","830,000.00","830,000.00","106.90","Canada","-","CAD","3.18","1.00","Jan 29, 2034","5.95","CAD","Jan 29, 2024"
"EPCOR","EPCOR UTILITIES INC","Infrastructure","Fixed Income","891,156.99","0.04","891,156.99","1,240,000.00","1,240,000.00","71.06","Canada","-","CAD","15.62","1.00","May 19, 2050","2.90","CAD","May 19, 2020"
"NAVCAN","NAV CANADA MTN","Infrastructure","Fixed Income","886,462.36","0.04","886,462.36","1,100,000.00","1,100,000.00","79.23","Canada","-","CAD","14.46","1.00","Mar 30, 2048","3.29","CAD","Mar 29, 2018"
"APUCN","ALLIED PROPERTIES REAL ESTATE INVE","Real Estate","Fixed Income","884,801.71","0.04","884,801.71","895,000.00","895,000.00","97.95","Canada","-","CAD","2.56","1.00","May 15, 2028","3.13","CAD","May 15, 2020"
"LCN","LOBLAW COMPANIES LTD","Industrial","Fixed Income","882,077.89","0.04","882,077.89","912,000.00","912,000.00","96.01","Canada","-","CAD","4.37","1.00","May 7, 2030","2.28","CAD","May 7, 2020"
"SLFCN","SUN LIFE CAPITAL TRUST","Financial","Fixed Income","881,407.67","0.04","881,407.67","776,000.00","776,000.00","112.42","Canada","-","CAD","5.47","1.00","Jun 30, 2052","7.09","CAD","Jun 25, 2002"
"MCAPCO","MCAP COMMERCIAL LP","Financial","Fixed Income","880,409.48","0.04","880,409.48","879,000.00","879,000.00","99.28","Canada","-","CAD","2.13","1.00","Nov 26, 2027","3.38","CAD","Nov 26, 2020"
"ENBGAS","ENBRIDGE GAS INC MTN","Energy","Fixed Income","879,991.21","0.04","879,991.21","1,074,000.00","1,074,000.00","80.96","Canada","-","CAD","14.02","1.00","Nov 22, 2047","3.59","CAD","Nov 22, 2017"
"NSIUCN","NOVA SCOTIA POWER INC","Infrastructure","Fixed Income","874,219.84","0.04","874,219.84","835,000.00","835,000.00","102.38","Canada","-","CAD","13.95","1.00","Mar 24, 2053","5.36","CAD","Mar 24, 2023"
"COCAPS","COAST CAPITAL SAVINGS FEDERAL CRED","Financial","Fixed Income","872,089.94","0.04","872,089.94","820,000.00","820,000.00","103.40","Canada","-","CAD","1.02","1.00","Sep 28, 2026","7.00","CAD","Sep 27, 2023"
"REIUCN","RIOCAN REAL ESTATE INVESTMENT TRUS","Real Estate","Fixed Income","871,952.13","0.04","871,952.13","873,000.00","873,000.00","98.77","Canada","-","CAD","1.47","1.00","Mar 10, 2027","2.36","CAD","Mar 10, 2020"
"VANAIR","VANCOUVER AIRPORT AUTHORITY","Infrastructure","Fixed Income","871,985.80","0.04","871,985.80","935,000.00","935,000.00","92.48","Canada","-","CAD","4.74","1.00","Sep 20, 2030","1.76","CAD","Sep 21, 2020"
"FTSCN","TERASEN GAS VANCOUVER IS","Energy","Fixed Income","868,657.81","0.04","868,657.81","787,000.00","787,000.00","110.14","Canada","-","CAD","8.89","1.00","Feb 15, 2038","6.05","CAD","Feb 15, 2008"
"CTCACN","CANADIAN TIRE CORP LTD MTN","Industrial","Fixed Income","866,508.24","0.04","866,508.24","792,000.00","792,000.00","106.96","Canada","-","CAD","2.38","1.00","Apr 13, 2028","6.50","CAD","Apr 13, 1998"
"TRPCN","TRANSCANADA PIPELINES LIMITED MTN","Energy","Fixed Income","865,401.80","0.04","865,401.80","803,000.00","803,000.00","106.14","Canada","-","CAD","2.50","1.00","May 26, 2028","6.28","CAD","May 26, 1998"
"GILCN","GILDAN ACTIVEWEAR INC. RegS","Industrial","Fixed Income","862,285.35","0.04","862,285.35","845,000.00","845,000.00","100.36","Canada","-","CAD","2.38","1.00","Mar 13, 2028","3.63","CAD","Mar 13, 2025"
"DTRGR","DAIMLER TRUCKS FINANCE CANADA INC RegS","Financial","Fixed Income","858,401.00","0.04","858,401.00","808,000.00","808,000.00","103.92","Germany","-","CAD","1.91","1.00","Sep 20, 2027","5.22","CAD","Sep 19, 2022"
"HEQCN","CHIP MORTGAGE TRUST RegS","Securitized","Fixed Income","857,441.67","0.04","857,441.67","800,000.00","800,000.00","106.42","Canada","-","CAD","3.82","1.00","Nov 14, 2048","6.07","CAD","Jul 14, 2023"
"TRPCN","TRANSCANADA PIPELINES LIMITED MTN","Energy","Fixed Income","857,181.70","0.04","857,181.70","775,000.00","775,000.00","109.16","Canada","-","CAD","4.46","1.00","Dec 9, 2030","6.50","CAD","Dec 7, 1998"
"GEICN","GIBSON ENERGY INC MTN","Energy","Fixed Income","856,192.06","0.04","856,192.06","775,000.00","775,000.00","109.66","Canada","-","CAD","13.52","1.00","Jul 12, 2053","6.20","CAD","Jul 12, 2023"
"ACOXCN","ATCO LTD RegS","Energy","Fixed Income","854,939.32","0.04","854,939.32","816,000.00","816,000.00","102.96","Canada","-","CAD","2.46","1.00","Nov 1, 2078","5.50","CAD","Nov 1, 2018"
"CSHU","CHARTWELL RETIREMENT RESIDENCES","Industrial","Fixed Income","854,226.90","0.04","854,226.90","835,000.00","835,000.00","100.13","Canada","-","CAD","5.52","1.00","Mar 6, 2032","4.50","CAD","Mar 6, 2025"
"ACICN","TRISUMMIT UTILITIES INC MTN RegS","Energy","Fixed Income","853,356.29","0.04","853,356.29","810,000.00","810,000.00","104.68","Canada","-","CAD","3.81","1.00","Jan 11, 2030","5.02","CAD","Jan 11, 2023"
"CP","CANADIAN PACIFIC RAILWAY COMPANY","Industrial","Fixed Income","853,003.76","0.04","853,003.76","1,153,000.00","1,153,000.00","72.54","Canada","-","CAD","15.20","1.00","Mar 9, 2050","3.05","CAD","Mar 9, 2020"
"CUCN","CU INC","Energy","Fixed Income","851,281.42","0.04","851,281.42","945,000.00","945,000.00","88.68","Canada","-","CAD","15.64","1.00","Oct 29, 2055","4.21","CAD","Oct 30, 2015"
"ALTALK","ALTALINK LP MTN","Infrastructure","Fixed Income","849,800.04","0.04","849,800.04","910,000.00","910,000.00","92.79","Canada","-","CAD","15.12","1.00","Jul 11, 2053","4.45","CAD","Jul 12, 2013"
"SEASKY","SEA TO SKY HIGHWAY INVESTMENT LP","Infrastructure","Fixed Income","849,470.12","0.04","849,470.12","856,846.00","856,846.00","97.83","Canada","-","CAD","2.49","1.00","Aug 31, 2030","2.63","CAD","Jun 16, 2016"
"WNCN","GEORGE WESTON LTD","Industrial","Fixed Income","841,070.16","0.04","841,070.16","810,000.00","810,000.00","101.80","Canada","-","CAD","3.59","1.00","Sep 5, 2029","4.19","CAD","Sep 5, 2024"
"AERMON","AEROPORTS DE MONTREAL","Infrastructure","Fixed Income","840,065.16","0.04","840,065.16","1,035,000.00","1,035,000.00","80.00","Canada","-","CAD","14.06","1.00","Apr 24, 2047","3.36","CAD","Apr 24, 2017"
"DE","JOHN DEERE FINANCIAL INC","Financial","Fixed Income","837,634.30","0.04","837,634.30","845,000.00","845,000.00","98.81","United States","-","CAD","3.20","1.00","Jan 19, 2029","2.81","CAD","Jan 19, 2022"
"VANAIR","VANCOUVER AIRPORT AUTHORITY","Infrastructure","Fixed Income","837,759.41","0.04","837,759.41","1,145,000.00","1,145,000.00","72.12","Canada","-","CAD","15.47","1.00","Oct 18, 2049","2.87","CAD","Oct 18, 2019"
"ARRLAK","ARROW LAKES POWER CO","Energy","Fixed Income","837,009.22","0.04","837,009.22","781,928.00","781,928.00","104.84","Canada","-","CAD","6.66","1.00","Apr 5, 2041","5.52","CAD","Apr 5, 2011"
"NAVCAN","NAV CANADA","Infrastructure","Fixed Income","836,312.44","0.04","836,312.44","768,000.00","768,000.00","107.09","Canada","-","CAD","1.63","1.00","Jun 1, 2027","7.40","CAD","Dec 16, 1996"
"VW","VW CREDIT CANADA INC RegS","Financial","Fixed Income","836,062.19","0.04","836,062.19","820,000.00","820,000.00","101.83","Germany","-","CAD","2.34","1.00","Feb 18, 2028","4.25","CAD","Nov 19, 2024"
"CRTUCN","CT REAL ESTATE INVESTMENT TRUST","Real Estate","Fixed Income","830,880.26","0.04","830,880.26","817,000.00","817,000.00","100.82","Canada","-","CAD","2.01","1.00","Dec 7, 2027","3.87","CAD","Feb 7, 2018"
"TOUCN","TOURMALINE OIL CORP RegS","Energy","Fixed Income","830,464.02","0.04","830,464.02","852,000.00","852,000.00","97.27","Canada","-","CAD","2.33","1.00","Jan 25, 2028","2.08","CAD","Jan 25, 2021"
"NSIUCN","NOVA SCOTIA POWER INC RegS","Infrastructure","Fixed Income","828,054.81","0.04","828,054.81","1,101,000.00","1,101,000.00","74.07","Canada","-","CAD","14.90","1.00","Apr 25, 2050","3.31","CAD","Apr 24, 2020"
"DRSILL","DREAM SUMMIT INDUS","Real Estate","Fixed Income","826,631.91","0.04","826,631.91","835,000.00","835,000.00","98.70","Canada","-","CAD","1.34","1.00","Jan 12, 2027","2.25","CAD","Feb 17, 2023"
"DIRUCN","DREAM INDUSTRIAL REAL ESTATE INVES","Real Estate","Fixed Income","825,822.66","0.04","825,822.66","828,000.00","828,000.00","99.16","Canada","-","CAD","1.24","1.00","Dec 7, 2026","2.54","CAD","Dec 6, 2021"
"ELFCN","EMPIRE LIFE INSURANCE CO RegS","Financial","Fixed Income","823,125.85","0.03","823,125.85","785,000.00","785,000.00","104.16","Canada","-","CAD","2.18","1.00","Jan 13, 2033","5.50","CAD","Jan 13, 2023"
"HEQCN","CHIP MORTGAGE TRUST","Securitized","Fixed Income","822,975.26","0.03","822,975.26","800,000.00","800,000.00","101.08","Canada","-","CAD","3.55","1.00","Jan 28, 2050","4.24","CAD","Sep 26, 2024"
"NSIUCN","NOVA SCOTIA POWER INC MTN","Infrastructure","Fixed Income","818,097.39","0.03","818,097.39","904,000.00","904,000.00","88.50","Canada","-","CAD","11.23","1.00","Mar 6, 2042","4.15","CAD","Mar 6, 2012"
"CUCN","CU INC MTN","Energy","Fixed Income","818,129.01","0.03","818,129.01","756,000.00","756,000.00","106.80","Canada","-","CAD","7.88","1.00","Nov 21, 2035","5.18","CAD","Nov 21, 2005"
"BCFERR","BC FERRY SERVICES INC MTN","Infrastructure","Fixed Income","817,665.21","0.03","817,665.21","784,000.00","784,000.00","102.07","Canada","-","CAD","8.56","1.00","Mar 20, 2037","5.02","CAD","Mar 20, 2007"
"FTSCN","FORTISALBERTA INC MTN","Infrastructure","Fixed Income","817,752.85","0.03","817,752.85","680,000.00","680,000.00","119.97","Canada","-","CAD","9.08","1.00","Feb 14, 2039","7.06","CAD","Feb 13, 2009"
"ACICN","TRISUMMIT UTILITIES INC MTN","Energy","Fixed Income","817,579.13","0.03","817,579.13","795,000.00","795,000.00","101.28","Canada","-","CAD","5.63","1.00","Apr 24, 2032","4.48","CAD","Apr 24, 2025"
"TORHYD","TORONTO HYDRO CORP MTN","Infrastructure","Fixed Income","817,177.39","0.03","817,177.39","753,000.00","753,000.00","107.01","Canada","-","CAD","10.02","1.00","May 21, 2040","5.54","CAD","May 20, 2010"
"HOMEQU","HOMEEQUITY BANK","Financial","Fixed Income","816,015.21","0.03","816,015.21","785,000.00","785,000.00","103.70","Canada","-","CAD","3.48","1.00","Aug 13, 2029","5.82","CAD","Aug 12, 2024"
"IFCCN","INTACT FINANCIAL CORP MTN RegS","Financial","Fixed Income","814,237.48","0.03","814,237.48","985,000.00","985,000.00","81.62","Canada","-","CAD","15.47","1.00","May 20, 2053","3.77","CAD","May 18, 2021"
"MBGGR","MERCEDES-BENZ FINANCE CANADA INC MTN","Financial","Fixed Income","812,955.32","0.03","812,955.32","770,000.00","770,000.00","104.69","Germany","-","CAD","2.62","1.00","Jun 27, 2028","5.12","CAD","Jun 27, 2023"
"CSHU","CHARTWELL RETIREMENT RESIDENCES","Industrial","Fixed Income","811,161.17","0.03","811,161.17","795,000.00","795,000.00","100.27","Canada","-","CAD","2.51","1.00","May 6, 2028","3.65","CAD","Mar 6, 2025"
"FTSCN","FORTISALBERTA INC MTN RegS","Infrastructure","Fixed Income","810,772.20","0.03","810,772.20","802,000.00","802,000.00","98.82","Canada","-","CAD","11.52","1.00","Sep 11, 2043","4.85","CAD","Sep 13, 2013"
"FFHCN","FAIRFAX FINANCIAL HOLDINGS LTD","Financial","Fixed Income","810,467.99","0.03","810,467.99","800,000.00","800,000.00","99.90","Canada","-","CAD","14.46","1.00","Nov 23, 2054","5.23","CAD","Nov 22, 2024"
"FCRCN","FIRST CAPITAL REAL ESTATE INVESTME","Real Estate","Fixed Income","807,912.40","0.03","807,912.40","795,000.00","795,000.00","99.91","Canada","-","CAD","2.31","1.00","Mar 1, 2028","3.45","CAD","Sep 1, 2020"
"ALCTRA","ALECTRA INC (CANADA)","Infrastructure","Fixed Income","806,132.03","0.03","806,132.03","995,000.00","995,000.00","79.70","Canada","-","CAD","14.60","1.00","Apr 12, 2049","3.46","CAD","Apr 11, 2019"
"FTSCN","FORTISALBERTA INC MTN","Infrastructure","Fixed Income","804,652.86","0.03","804,652.86","805,000.00","805,000.00","98.69","Canada","-","CAD","14.64","1.00","May 26, 2053","4.86","CAD","May 26, 2023"
"NWHUCN","NORTHWEST HEALTHCARE PROPERTIES RE","Real Estate","Fixed Income","802,250.50","0.03","802,250.50","795,000.00","795,000.00","100.76","Canada","-","CAD","2.32","1.00","Feb 18, 2028","5.02","CAD","Feb 18, 2025"
"IFCCN","INTACT FINANCIAL CORP MTN","Financial","Fixed Income","801,457.86","0.03","801,457.86","1,121,000.00","1,121,000.00","70.90","Canada","-","CAD","15.74","1.00","Dec 16, 2050","2.95","CAD","Dec 16, 2020"
"IGMCN","IGM FINANCIAL INC","Financial","Fixed Income","800,258.88","0.03","800,258.88","900,000.00","900,000.00","88.00","Canada","-","CAD","13.63","1.00","Dec 9, 2047","4.12","CAD","Dec 7, 2017"
"HALFX","HALIFAX INTERNATIONAL AIRPORT AUTH","Infrastructure","Fixed Income","798,535.02","0.03","798,535.02","830,000.00","830,000.00","94.79","Canada","-","CAD","13.76","1.00","Nov 15, 2050","4.89","CAD","Nov 5, 2010"
"BCFERR","BRITISH COLUMBIA FERRY SERVICES IN","Infrastructure","Fixed Income","797,010.98","0.03","797,010.98","1,122,000.00","1,122,000.00","69.99","Canada","-","CAD","15.50","1.00","Oct 15, 2049","2.79","CAD","Oct 15, 2019"
"LCN","LOBLAW COMPANIES LIMITED MTN","Industrial","Fixed Income","793,748.97","0.03","793,748.97","728,000.00","728,000.00","108.35","Canada","-","CAD","3.06","1.00","Jan 22, 2029","6.50","CAD","Jan 22, 1999"
"TRPCN","TRANSCANADA PIPELINES LIMITED MTN","Energy","Fixed Income","793,208.98","0.03","793,208.98","732,000.00","732,000.00","107.95","Canada","-","CAD","2.68","1.00","Aug 7, 2028","6.89","CAD","Jul 30, 1997"
"SLFCN","SUN LIFE ASSURANCE COMPANY OF CANA","Financial","Fixed Income","790,650.68","0.03","790,650.68","729,000.00","729,000.00","106.63","Canada","-","CAD","2.47","1.00","May 15, 2028","6.30","CAD","May 15, 1998"
"CRRUCN","CROMBIE REAL ESTATE INVESTMENT TRU","Real Estate","Fixed Income","790,391.74","0.03","790,391.74","840,000.00","840,000.00","93.95","Canada","-","CAD","5.37","1.00","Aug 12, 2031","3.13","CAD","Aug 12, 2021"
"BCFERR","BRITISH COLUMBIA FERRY SERVICES IN","Infrastructure","Fixed Income","787,391.89","0.03","787,391.89","841,000.00","841,000.00","92.18","Canada","-","CAD","12.18","1.00","Apr 28, 2044","4.29","CAD","Apr 28, 2014"
"CTLONE","CENTRAL 1 CREDIT UNION MTN","Financial","Fixed Income","783,503.41","0.03","783,503.41","720,000.00","720,000.00","107.00","Canada","-","CAD","2.81","1.00","Nov 10, 2028","5.98","CAD","Nov 10, 2023"
"CTCACN","CANADIAN TIRE CORPORATION LIMITED MTN","Industrial","Fixed Income","782,971.52","0.03","782,971.52","707,000.00","707,000.00","110.66","Canada","-","CAD","6.62","1.00","Feb 24, 2034","6.57","CAD","Feb 24, 2004"
"WNCN","GEORGE WESTON LIMITED MTN 144A","Industrial","Fixed Income","780,307.62","0.03","780,307.62","680,000.00","680,000.00","114.28","Canada","-","CAD","5.26","1.00","Feb 5, 2032","7.10","CAD","Feb 5, 2002"
"ENBCN","IPL ENERGY MTN","Energy","Fixed Income","778,747.90","0.03","778,747.90","730,000.00","730,000.00","105.91","Canada","-","CAD","2.63","1.00","Jul 14, 2028","6.10","CAD","Jul 14, 1998"
"ENBGAS","ENBRIDGE GAS INC MTN","Energy","Fixed Income","777,244.94","0.03","777,244.94","817,000.00","817,000.00","93.93","Canada","-","CAD","11.89","1.00","Nov 23, 2043","4.50","CAD","Nov 22, 2013"
"ENBPIP","ENBRIDGE PIPELINES INC.","Energy","Fixed Income","775,216.74","0.03","775,216.74","762,000.00","762,000.00","100.11","Canada","-","CAD","9.72","1.00","Nov 10, 2039","5.35","CAD","Nov 10, 2009"
"NRMCAB","NRM CABIN INTERMEDIATE 1 LP","Infrastructure","Fixed Income","774,547.55","0.03","774,547.55","725,368.00","725,368.00","106.34","Canada","-","CAD","3.89","1.00","Jul 31, 2033","5.58","CAD","Feb 12, 2024"
"LCN","LOBLAW CO LTD MTN","Industrial","Fixed Income","774,409.18","0.03","774,409.18","724,000.00","724,000.00","106.61","Canada","-","CAD","2.27","1.00","Feb 9, 2028","6.45","CAD","Feb 9, 1998"
"REIUCN","RIOCAN REAL ESTATE INVESTMENT TRUS","Real Estate","Fixed Income","774,244.35","0.03","774,244.35","750,000.00","750,000.00","101.25","Canada","-","CAD","2.33","1.00","Mar 1, 2028","4.00","CAD","Oct 3, 2024"
"PMZUCN","PRIMARIS REAL ESTATE INVESTMENT TR RegS","Real Estate","Fixed Income","772,094.79","0.03","772,094.79","748,000.00","748,000.00","101.00","Canada","-","CAD","4.74","1.00","Mar 1, 2031","4.47","CAD","Feb 20, 2025"
"CWBCN","CANADIAN WESTERN BANK","Financial","Fixed Income","769,119.87","0.03","769,119.87","722,000.00","722,000.00","105.42","Canada","-","CAD","2.15","1.00","Dec 22, 2032","5.94","CAD","Dec 22, 2022"
"EAGCCT_22-1-A","EAGCCT_22-1 A RegS","Securitized","Fixed Income","767,028.30","0.03","767,028.30","741,000.00","741,000.00","102.95","Canada","-","CAD","1.80","1.00","Jul 17, 2027","4.78","CAD","Jul 13, 2022"
"CRRUCN","CROMBIE REAL ESTATE INVESTMENT TRU RegS","Real Estate","Fixed Income","765,092.76","0.03","765,092.76","715,000.00","715,000.00","104.79","Canada","-","CAD","3.50","1.00","Sep 28, 2029","5.24","CAD","Mar 28, 2023"
"ALCTRA","ALECTRA INC (CANADA)","Infrastructure","Fixed Income","762,911.02","0.03","762,911.02","854,000.00","854,000.00","89.01","Canada","-","CAD","11.82","1.00","Jul 30, 2042","3.96","CAD","Jul 30, 2012"
"ALCTRA","ALECTRA INC (CANADA)","Infrastructure","Fixed Income","760,004.12","0.03","760,004.12","717,000.00","717,000.00","104.47","Canada","-","CAD","14.28","1.00","Nov 14, 2052","5.22","CAD","Nov 14, 2022"
"TORHYD","TORONTO HYDRO CORPORATION","Infrastructure","Fixed Income","753,567.48","0.03","753,567.48","787,000.00","787,000.00","94.87","Canada","-","CAD","5.58","1.00","Oct 20, 2031","2.47","CAD","Oct 18, 2021"
"ALTALK","ALTALINK LP MTN","Infrastructure","Fixed Income","753,314.66","0.03","753,314.66","703,000.00","703,000.00","104.86","Canada","-","CAD","9.92","1.00","Mar 26, 2040","5.38","CAD","Mar 25, 2010"
"LOWMAT","LOWER MATTAGAMI ENERGY LP","Infrastructure","Fixed Income","752,696.39","0.03","752,696.39","832,000.00","832,000.00","89.00","Canada","-","CAD","14.88","1.00","Apr 23, 2052","4.17","CAD","Apr 23, 2012"
"IGMCN","IGM FINANCIAL INC RegS","Financial","Fixed Income","748,339.71","0.03","748,339.71","840,000.00","840,000.00","88.55","Canada","-","CAD","13.83","1.00","Jul 13, 2048","4.17","CAD","Jul 11, 2018"
"SIACN","SIENNA SENIOR LIVING INC","Industrial","Fixed Income","748,084.43","0.03","748,084.43","745,000.00","745,000.00","99.25","Canada","-","CAD","1.52","1.00","Mar 31, 2027","2.82","CAD","Jun 3, 2021"
"LOWMAT","LOWER MATTAGAMI ENERGY LP","Infrastructure","Fixed Income","747,552.14","0.03","747,552.14","729,000.00","729,000.00","100.36","Canada","-","CAD","11.57","1.00","Sep 21, 2043","4.94","CAD","Sep 20, 2013"
"CUCN","CU INC MTN","Energy","Fixed Income","747,581.73","0.03","747,581.73","749,000.00","749,000.00","97.61","Canada","-","CAD","14.32","1.00","Sep 14, 2052","4.77","CAD","Sep 14, 2022"
"CHPUCN","CHOICE PROPERTIES REAL ESTATE INVE","Real Estate","Fixed Income","747,198.90","0.03","747,198.90","750,000.00","750,000.00","99.32","Canada","-","CAD","14.50","1.00","Aug 8, 2055","5.37","CAD","Aug 8, 2025"
"ENBPIP","ENBRIDGE PIPELINES INC. MTN","Energy","Fixed Income","747,352.78","0.03","747,352.78","725,000.00","725,000.00","102.09","Canada","-","CAD","8.50","1.00","Dec 19, 2036","5.08","CAD","Dec 21, 2006"
"ENBGAS","ENBRIDGE GAS INC MTN","Energy","Fixed Income","745,335.42","0.03","745,335.42","676,000.00","676,000.00","107.70","Canada","-","CAD","8.17","1.00","Sep 11, 2036","5.46","CAD","Sep 11, 2006"
"NAVCAN","NAV CANADA MTN","Infrastructure","Fixed Income","744,640.86","0.03","744,640.86","892,000.00","892,000.00","83.42","Canada","-","CAD","13.68","1.00","Feb 23, 2046","3.53","CAD","Feb 24, 2016"
"SE","WESTCOAST ENERGY","Energy","Fixed Income","738,925.05","0.03","738,925.05","688,000.00","688,000.00","106.01","Canada","-","CAD","2.12","1.00","Dec 15, 2027","6.75","CAD","Dec 15, 1997"
"PMZUCN","PRIMARIS REAL ESTATE INVESTMENT TR RegS","Real Estate","Fixed Income","733,883.03","0.03","733,883.03","685,000.00","685,000.00","104.71","Canada","-","CAD","5.36","1.00","Mar 15, 2032","5.30","CAD","Aug 12, 2024"
"CLOVLP","CLOVER LIMITED PARTNERSHIP","Energy","Fixed Income","732,094.86","0.03","732,094.86","719,045.00","719,045.00","100.07","Canada","-","CAD","7.04","1.00","Mar 31, 2034","4.22","CAD","Oct 24, 2018"
"ENBGAS","ENBRIDGE GAS INC MTN","Energy","Fixed Income","732,237.72","0.03","732,237.72","675,000.00","675,000.00","106.31","Canada","-","CAD","2.74","1.00","Oct 6, 2028","5.46","CAD","Oct 6, 2023"
"WAACA","WINNIPEG AIRPORT AUTHORITY","Infrastructure","Fixed Income","731,229.66","0.03","731,229.66","696,599.00","696,599.00","102.78","Canada","-","CAD","6.46","1.00","Sep 28, 2040","5.21","CAD","Sep 28, 2005"
"HYDONE","HYDRO ONE INC","Infrastructure","Fixed Income","726,202.72","0.03","726,202.72","871,000.00","871,000.00","81.92","Canada","-","CAD","14.72","1.00","Apr 5, 2050","3.64","CAD","Apr 5, 2019"
"HEQCN","CHIP MORTGAGE TRUST RegS","Securitized","Fixed Income","724,800.95","0.03","724,800.95","710,000.00","710,000.00","100.78","Canada","-","CAD","2.62","1.00","Sep 1, 2028","3.97","CAD","May 1, 2025"
"LOWMAT","LOWER MATTAGAMI ENERGY LTD PARTNER","Infrastructure","Fixed Income","720,804.14","0.03","720,804.14","720,000.00","720,000.00","99.29","Canada","-","CAD","1.11","1.00","Oct 21, 2026","2.31","CAD","Oct 7, 2016"
"FTSCN","FORTISBC INC MTN","Infrastructure","Fixed Income","717,865.79","0.03","717,865.79","640,000.00","640,000.00","110.70","Canada","-","CAD","9.38","1.00","Jun 2, 2039","6.10","CAD","Jun 2, 2009"
"EPCOR","EPCOR UTILITIES INC MTN","Infrastructure","Fixed Income","716,629.81","0.03","716,629.81","820,000.00","820,000.00","86.37","Canada","-","CAD","14.10","1.00","Nov 26, 2048","3.95","CAD","Nov 26, 2018"
"HYDONE","HYDRO ONE INC MTN","Infrastructure","Fixed Income","711,022.81","0.03","711,022.81","877,000.00","877,000.00","80.77","Canada","-","CAD","17.47","1.00","Jul 31, 2062","3.79","CAD","Jul 31, 2012"
"VANAIR","VANCOUVER INTL AIRPORT","Infrastructure","Fixed Income","708,302.80","0.03","708,302.80","663,000.00","663,000.00","105.19","Canada","-","CAD","1.21","1.00","Dec 7, 2026","7.42","CAD","Dec 6, 1996"
"CCOCN","CAMECO CORPORATION","Industrial","Fixed Income","708,088.94","0.03","708,088.94","730,000.00","730,000.00","95.51","Canada","-","CAD","11.03","1.00","Nov 14, 2042","5.09","CAD","Nov 14, 2012"
"HALFX","HALIFAX INTERNATIONAL AIRPORT AUTH","Infrastructure","Fixed Income","707,111.08","0.03","707,111.08","685,000.00","685,000.00","102.61","Canada","-","CAD","10.51","1.00","Jul 19, 2041","5.50","CAD","Jul 19, 2006"
"CRTUCN","CT REAL ESTATE INVESTMENT TRUST","Real Estate","Fixed Income","705,241.41","0.03","705,241.41","699,000.00","699,000.00","100.19","Canada","-","CAD","1.58","1.00","Jun 16, 2027","3.47","CAD","Jun 16, 2017"
"TORHYD","TORONTO HYDRO CORPORATION","Infrastructure","Fixed Income","702,506.37","0.03","702,506.37","765,000.00","765,000.00","89.98","Canada","-","CAD","12.42","1.00","Sep 16, 2044","4.08","CAD","Sep 16, 2014"
"BCECN","BELL CANADA MTN 144A","Communication","Fixed Income","702,272.69","0.03","702,272.69","632,000.00","632,000.00","108.97","Canada","-","CAD","3.23","1.00","May 1, 2029","6.55","CAD","Jul 19, 1999"
"ALCTRA","ALECTRA INC (CANADA)","Infrastructure","Fixed Income","692,027.32","0.03","692,027.32","654,000.00","654,000.00","104.04","Canada","-","CAD","10.48","1.00","Apr 29, 2041","5.30","CAD","Apr 29, 2011"
"POWCN","POWER CORPORATION CANADA","Financial","Fixed Income","689,625.02","0.03","689,625.02","500,000.00","500,000.00","134.90","Canada","-","CAD","8.66","1.00","Apr 22, 2039","8.57","CAD","Apr 20, 2009"
"GZMCN","GAZ METRO INC RegS","Energy","Fixed Income","678,190.55","0.03","678,190.55","825,000.00","825,000.00","81.19","Canada","-","CAD","13.92","1.00","May 16, 2047","3.53","CAD","May 16, 2017"
"XCN","TMX GROUP LTD","Financial","Fixed Income","659,742.27","0.03","659,742.27","707,000.00","707,000.00","93.22","Canada","-","CAD","5.10","1.00","Feb 12, 2031","2.02","CAD","Feb 12, 2021"
"FTSCN","FORTISBC ENERGY INC MTN","Energy","Fixed Income","656,315.65","0.03","656,315.65","704,000.00","704,000.00","92.28","Canada","-","CAD","11.29","1.00","Dec 9, 2041","4.25","CAD","Dec 9, 2011"
"ENBGAS","ENBRIDGE GAS INC MTN","Energy","Fixed Income","652,020.81","0.03","652,020.81","600,000.00","600,000.00","106.97","Canada","-","CAD","2.48","1.00","May 19, 2028","6.10","CAD","May 19, 1998"
"PENSKE","PENSKE TRUCK LEASING CANADA INC","Industrial","Fixed Income","650,077.64","0.03","650,077.64","635,000.00","635,000.00","100.85","Canada","-","CAD","1.98","1.00","Oct 1, 2027","3.70","CAD","Oct 1, 2024"
"FTSCN","FORTISBC ENERGY INC MTN","Energy","Fixed Income","645,339.26","0.03","645,339.26","580,000.00","580,000.00","111.22","Canada","-","CAD","7.38","1.00","Feb 26, 2035","5.90","CAD","Feb 25, 2005"
"ALTALK","ALTALINK LP MTN","Infrastructure","Fixed Income","644,800.63","0.03","644,800.63","587,000.00","587,000.00","107.55","Canada","-","CAD","8.28","1.00","Sep 22, 2036","5.25","CAD","Sep 21, 2006"
"CTLONE","CENTRAL 1 CREDIT UNION MTN","Financial","Fixed Income","644,629.64","0.03","644,629.64","615,000.00","615,000.00","103.03","Canada","-","CAD","1.14","1.00","Nov 10, 2026","5.88","CAD","Nov 10, 2023"
"IGMCN","IGM FINANCIAL INC","Financial","Fixed Income","643,115.22","0.03","643,115.22","681,000.00","681,000.00","94.00","Canada","-","CAD","13.10","1.00","Jan 25, 2047","4.56","CAD","Jan 26, 2017"
"ELFCN","E-L FINANCIAL CORP LTD","Financial","Fixed Income","641,989.19","0.03","641,989.19","754,000.00","754,000.00","84.40","Canada","-","CAD","14.45","1.00","Jun 22, 2050","4.00","CAD","Jun 22, 2020"
"LOWMAT","LOWER MATTAGAMI ENERGY LP","Infrastructure","Fixed Income","641,453.97","0.03","641,453.97","617,000.00","617,000.00","102.51","Canada","-","CAD","10.60","1.00","May 18, 2041","5.14","CAD","May 17, 2011"
"BMW","BMW CANADA INC","Industrial","Fixed Income","641,104.57","0.03","641,104.57","630,000.00","630,000.00","100.39","Germany","-","CAD","1.52","1.00","Apr 1, 2027","3.35","CAD","Apr 1, 2025"
"COMWIN","COMBER WIND FINANCIAL CORP","Energy","Fixed Income","639,945.27","0.03","639,945.27","620,109.00","620,109.00","102.36","Canada","-","CAD","2.66","1.00","Nov 15, 2030","5.13","CAD","Feb 22, 2013"
"ETRHWY","407 INTERNATIONAL INC. MTN","Infrastructure","Fixed Income","638,871.73","0.03","638,871.73","788,000.00","788,000.00","79.67","Canada","-","CAD","13.24","1.00","Mar 27, 2045","3.30","CAD","Mar 27, 2015"
"FTSCN","TERASEN GAS INC. MTN","Energy","Fixed Income","631,595.92","0.03","631,595.92","538,000.00","538,000.00","115.26","Canada","-","CAD","6.66","1.00","May 1, 2034","6.50","CAD","Apr 29, 2004"
"FTSCN","FORTISALBERTA INC MTN","Infrastructure","Fixed Income","629,532.46","0.03","629,532.46","648,000.00","648,000.00","95.50","Canada","-","CAD","11.00","1.00","Oct 18, 2041","4.54","CAD","Oct 19, 2011"
"BMW","BMW CANADA INC","Industrial","Fixed Income","625,017.87","0.03","625,017.87","610,000.00","610,000.00","100.98","Germany","-","CAD","1.08","1.00","Oct 13, 2026","3.91","CAD","Oct 10, 2024"
"FIRWST","FIRST WEST CREDIT UNION","Financial","Fixed Income","624,044.78","0.03","624,044.78","610,000.00","610,000.00","100.46","Canada","-","CAD","1.49","1.00","Mar 24, 2027","4.25","CAD","Mar 24, 2025"
"TCN","TELUS CORPORATION MTN","Communication","Fixed Income","623,041.62","0.03","623,041.62","706,000.00","706,000.00","87.88","Canada","-","CAD","12.70","1.00","Jan 29, 2046","4.40","CAD","Mar 27, 2015"
"SE","WESTCOAST ENERGY INC MTN","Energy","Fixed Income","619,636.49","0.03","619,636.49","643,000.00","643,000.00","94.75","Canada","-","CAD","10.80","1.00","Oct 28, 2041","4.79","CAD","Oct 28, 2011"
"HOMEQU","HOMEEQUITY BANK","Financial","Fixed Income","616,430.65","0.03","616,430.65","585,000.00","585,000.00","103.83","Canada","-","CAD","1.22","1.00","Dec 11, 2026","7.11","CAD","Dec 11, 2023"
"FTSCN","FORTISALBERTA INC MTN","Infrastructure","Fixed Income","614,701.20","0.03","614,701.20","617,000.00","617,000.00","98.00","Canada","-","CAD","14.02","1.00","Oct 27, 2050","4.80","CAD","Oct 27, 2010"
"TORHYD","TORONTO HYDRO CORPORATION","Infrastructure","Fixed Income","611,660.48","0.03","611,660.48","625,000.00","625,000.00","97.34","Canada","-","CAD","4.01","1.00","Dec 11, 2029","2.43","CAD","Nov 12, 2019"
"SUCN","SUNCOR ENERGY INC.","Energy","Fixed Income","608,674.53","0.03","608,674.53","585,000.00","585,000.00","101.74","Canada","-","CAD","8.41","1.00","Mar 26, 2037","5.39","CAD","Mar 26, 2007"
"CUCN","CU INC MTN","Energy","Fixed Income","608,577.52","0.03","608,577.52","715,000.00","715,000.00","83.99","Canada","-","CAD","15.32","1.00","Nov 14, 2052","3.86","CAD","Nov 14, 2012"
"FTSCN","FORTISALBERTA INC MTN","Infrastructure","Fixed Income","608,608.69","0.03","608,608.69","548,000.00","548,000.00","108.88","Canada","-","CAD","8.88","1.00","Apr 15, 2038","5.85","CAD","Apr 15, 2008"
"IGMCN","IGM FINANCIAL INC","Financial","Fixed Income","605,498.82","0.03","605,498.82","540,000.00","540,000.00","110.81","Canada","-","CAD","9.98","1.00","Dec 10, 2040","6.00","CAD","Dec 9, 2010"
"IGMCN","INVESTORS GROUP INC. 144A","Financial","Fixed Income","603,352.22","0.03","603,352.22","505,000.00","505,000.00","117.19","Canada","-","CAD","4.66","1.00","May 9, 2031","7.45","CAD","May 9, 2001"
"FTSCN","FORTISALBERTA INC MTN","Infrastructure","Fixed Income","597,145.00","0.03","597,145.00","640,000.00","640,000.00","91.43","Canada","-","CAD","12.66","1.00","Sep 22, 2045","4.27","CAD","Sep 22, 2015"
"ELFCN","EMPIRE LIFE INSURANCE CO","Financial","Fixed Income","591,954.77","0.03","591,954.77","595,000.00","595,000.00","98.61","Canada","-","CAD","1.05","1.00","Sep 24, 2031","2.02","CAD","Sep 24, 2021"
"TORHYD","TORONTO HYDRO CORPORATION","Infrastructure","Fixed Income","591,003.50","0.03","591,003.50","802,000.00","802,000.00","73.04","Canada","-","CAD","15.43","1.00","Dec 10, 2049","2.99","CAD","Nov 12, 2019"
"TORHYD","TORONTO HYDRO CORPORATION","Infrastructure","Fixed Income","590,063.97","0.03","590,063.97","709,000.00","709,000.00","82.91","Canada","-","CAD","13.36","1.00","Jul 28, 2045","3.55","CAD","Mar 16, 2015"
"FTSCN","FORTISBC ENERGY INC MTN","Energy","Fixed Income","583,157.83","0.02","583,157.83","620,000.00","620,000.00","93.78","Canada","-","CAD","5.41","1.00","Jul 18, 2031","2.42","CAD","Apr 14, 2021"
"WAACA","WINNIPEG AIRPORTS AUTHORITY INC","Infrastructure","Fixed Income","582,374.34","0.02","582,374.34","550,000.00","550,000.00","103.62","Canada","-","CAD","6.13","1.00","Mar 9, 2033","4.79","CAD","Mar 9, 2023"
"CLOVLP","CLOVER LIMITED PARTNERSHIP","Energy","Fixed Income","579,929.80","0.02","579,929.80","576,458.00","576,458.00","99.91","Canada","-","CAD","3.19","1.00","Jun 30, 2034","4.22","CAD","Oct 24, 2018"
"FTSCN","FORTISBC ENERGY INC","Energy","Fixed Income","578,973.43","0.02","578,973.43","875,000.00","875,000.00","65.84","Canada","-","CAD","16.24","1.00","Jul 13, 2050","2.54","CAD","Jul 13, 2020"
"TORHYD","TORONTO HYDRO CORPORATION","Infrastructure","Fixed Income","569,954.19","0.02","569,954.19","738,000.00","738,000.00","76.04","Canada","-","CAD","15.59","1.00","Oct 18, 2051","3.27","CAD","Oct 18, 2021"
"FTSCN","FORTISBC ENERGY INC MTN","Energy","Fixed Income","567,948.85","0.02","567,948.85","585,000.00","585,000.00","95.89","Canada","-","CAD","14.66","1.00","Nov 28, 2052","4.67","CAD","Nov 28, 2022"
"FTSCN","FORTISALBERTA INC MTN","Infrastructure","Fixed Income","567,738.06","0.02","567,738.06","670,000.00","670,000.00","83.00","Canada","-","CAD","13.79","1.00","Sep 9, 2047","3.67","CAD","Sep 7, 2017"
"GTAAIR","GREATER TORONTO AIRPORTS AUTHORITY","Infrastructure","Fixed Income","563,730.01","0.02","563,730.01","523,624.00","523,624.00","107.13","Canada","-","CAD","2.31","1.00","Jul 30, 2029","6.45","CAD","Jul 20, 1999"
"FTSCN","FORTISBC INC MTN","Infrastructure","Fixed Income","561,911.08","0.02","561,911.08","561,000.00","561,000.00","98.83","Canada","-","CAD","13.86","1.00","Nov 24, 2050","5.00","CAD","Nov 24, 2010"
"COCAPS","COAST CAPITAL SAVINGS FEDERAL CRED","Financial","Fixed Income","556,652.92","0.02","556,652.92","550,000.00","550,000.00","100.89","Canada","-","CAD","2.30","1.00","Feb 1, 2028","4.15","CAD","May 1, 2025"
"FTSCN","FORTISALBERTA INC MTN","Infrastructure","Fixed Income","551,320.82","0.02","551,320.82","648,000.00","648,000.00","83.40","Canada","-","CAD","14.10","1.00","Sep 18, 2048","3.73","CAD","Sep 18, 2018"
"IGMCN","INVESTORS GROUP INC.","Financial","Fixed Income","544,741.26","0.02","544,741.26","460,000.00","460,000.00","117.27","Canada","-","CAD","5.84","1.00","Dec 31, 2032","7.00","CAD","Dec 13, 2002"
"HYOHI","HYDRO OTTAWA HOLDING INC","Infrastructure","Fixed Income","536,836.65","0.02","536,836.65","650,000.00","650,000.00","82.32","Canada","-","CAD","13.04","1.00","Feb 2, 2045","3.64","CAD","Feb 2, 2015"
"LUCACN","LIBERTY UTILITIES (CANADA) LP","Energy","Fixed Income","532,293.42","0.02","532,293.42","730,000.00","730,000.00","72.78","Canada","-","CAD","14.94","1.00","Feb 14, 2050","3.31","CAD","Feb 14, 2020"
"CUCN","CU INC","Energy","Fixed Income","530,362.50","0.02","530,362.50","522,000.00","522,000.00","100.21","Canada","-","CAD","13.99","1.00","Nov 18, 2050","4.95","CAD","Nov 18, 2010"
"FTTCN","FINNING INTERNATIONAL INC MTN","Industrial","Fixed Income","528,335.31","0.02","528,335.31","557,000.00","557,000.00","93.78","Canada","-","CAD","10.87","1.00","Jun 13, 2042","5.08","CAD","Jun 13, 2012"
"CRDPOW","CORDELIO AMALCO GP I Prvt","Energy","Fixed Income","525,741.85","0.02","525,741.85","522,007.00","522,007.00","99.02","Canada","-","CAD","3.91","1.00","Sep 30, 2034","4.09","CAD","Dec 10, 2018"
"FTSCN","FORTISALBERTA INC","Infrastructure","Fixed Income","518,813.00","0.02","518,813.00","448,000.00","448,000.00","113.74","Canada","-","CAD","7.01","1.00","Oct 31, 2034","6.22","CAD","Oct 25, 2004"
"CRRUCN","CROMBIE REAL ESTATE INVESTMENT TRU","Real Estate","Fixed Income","518,368.35","0.02","518,368.35","510,000.00","510,000.00","100.90","Canada","-","CAD","1.59","1.00","Jun 21, 2027","3.92","CAD","Dec 20, 2019"
"FTSCN","FORTISBC ENERGY INC","Energy","Fixed Income","515,791.83","0.02","515,791.83","732,000.00","732,000.00","70.31","Canada","-","CAD","15.59","1.00","Aug 9, 2049","2.82","CAD","Aug 9, 2019"
"FTSCN","FORTISBC ENERGY INC MTN","Energy","Fixed Income","513,076.67","0.02","513,076.67","594,000.00","594,000.00","84.55","Canada","-","CAD","13.51","1.00","Mar 6, 2047","3.78","CAD","Dec 13, 2016"
"FTSCN","TERASEN GAS INC MTN","Energy","Fixed Income","508,175.47","0.02","508,175.47","440,000.00","440,000.00","115.40","Canada","-","CAD","9.25","1.00","Feb 24, 2039","6.55","CAD","Feb 24, 2009"
"FTSCN","FORTISALBERTA INC","Infrastructure","Fixed Income","507,670.79","0.02","507,670.79","630,000.00","630,000.00","79.11","Canada","-","CAD","13.76","1.00","Sep 21, 2046","3.34","CAD","Sep 21, 2016"
"EPCOR","EPCOR UTILITIES INC MTN","Infrastructure","Fixed Income","505,496.51","0.02","505,496.51","660,000.00","660,000.00","76.03","Canada","-","CAD","15.58","1.00","Jun 28, 2051","3.29","CAD","Jun 28, 2021"
"CRRUCN","CROMBIE REAL ESTATE INVESTMENT TRU","Real Estate","Fixed Income","505,395.52","0.02","505,395.52","520,000.00","520,000.00","95.94","Canada","-","CAD","4.62","1.00","Oct 9, 2030","3.21","CAD","Oct 9, 2020"
"CUCN","CU INC","Energy","Fixed Income","499,119.82","0.02","499,119.82","735,000.00","735,000.00","66.81","Canada","-","CAD","16.04","1.00","Sep 28, 2050","2.61","CAD","Sep 28, 2020"
"SIACN","SIENNA SENIOR LIVING INC","Industrial","Fixed Income","498,880.01","0.02","498,880.01","480,000.00","480,000.00","102.30","Canada","-","CAD","3.69","1.00","Oct 17, 2029","4.44","CAD","Oct 17, 2024"
"CRTUCN","CT REAL ESTATE INVESTMENT TRUST","Real Estate","Fixed Income","497,510.38","0.02","497,510.38","540,000.00","540,000.00","91.78","Canada","-","CAD","4.95","1.00","Jan 6, 2031","2.37","CAD","Jan 6, 2021"
"HOMEQU","HOMEEQUITY BANK","Financial","Fixed Income","491,774.75","0.02","491,774.75","460,000.00","460,000.00","104.52","Canada","-","CAD","1.96","1.00","Oct 18, 2027","6.55","CAD","Apr 18, 2024"
"WNCN","GEORGE WESTON LIMITED MTN","Industrial","Fixed Income","487,969.58","0.02","487,969.58","420,000.00","420,000.00","112.87","Canada","-","CAD","5.84","1.00","Mar 1, 2033","6.69","CAD","Feb 28, 2003"
"NSIUCN","NOVA SCOTIA POWER INC MTN","Infrastructure","Fixed Income","485,698.78","0.02","485,698.78","593,000.00","593,000.00","80.72","Canada","-","CAD","12.95","1.00","May 1, 2045","3.61","CAD","Apr 30, 2015"
"CHPUCN","CHOICE PROPERTIES REAL ESTATE INVE","Real Estate","Fixed Income","482,029.08","0.02","482,029.08","600,000.00","600,000.00","78.47","Canada","-","CAD","14.08","1.00","Mar 4, 2050","3.83","CAD","Mar 3, 2020"
"FTSCN","FORTISBC INC MTN","Infrastructure","Fixed Income","475,929.93","0.02","475,929.93","430,000.00","430,000.00","108.96","Canada","-","CAD","7.74","1.00","Nov 9, 2035","5.60","CAD","Nov 10, 2005"
"CESEBA","SOCIETE EN COMMANDITE CE SEBASTOPO","Infrastructure","Fixed Income","461,658.03","0.02","461,658.03","510,765.00","510,765.00","90.06","Canada","-","CAD","8.80","1.00","Jul 31, 2047","4.14","CAD","Jun 26, 2015"
"NVLAUT","NOUVELLE AUTOROUTE 30 FINANCEMENT","Infrastructure","Fixed Income","458,639.48","0.02","458,639.48","460,797.00","460,797.00","98.92","Canada","-","CAD","3.77","1.00","Dec 31, 2032","3.74","CAD","Jun 14, 2018"
"FTSCN","FORTISALBERTA INC MTN","Infrastructure","Fixed Income","456,453.75","0.02","456,453.75","680,000.00","680,000.00","66.53","Canada","-","CAD","16.35","1.00","Jun 8, 2051","2.63","CAD","Dec 8, 2020"
"KINSOL","KINGSTON SOLAR LP INC","Energy","Fixed Income","452,470.88","0.02","452,470.88","468,977.00","468,977.00","96.20","Canada","-","CAD","4.68","1.00","Jul 31, 2035","3.57","CAD","Oct 14, 2016"
"ENBCN","ENBRIDGE INC MTN","Energy","Fixed Income","448,888.48","0.02","448,888.48","510,000.00","510,000.00","86.09","Canada","-","CAD","15.93","1.00","Mar 28, 2064","4.56","CAD","Mar 28, 2014"
"ENBCN","ENBRIDGE INC MTN","Energy","Fixed Income","447,898.01","0.02","447,898.01","450,000.00","450,000.00","97.37","Canada","-","CAD","10.12","1.00","Sep 28, 2040","5.12","CAD","Sep 28, 2010"
"CJTCN","CARGOJET INCOME FUND RegS","Industrial","Fixed Income","447,729.49","0.02","447,729.49","440,000.00","440,000.00","101.00","Canada","-","CAD","4.29","1.00","Jun 30, 2030","4.60","CAD","Jun 30, 2025"
"OTTMAC","OTTAWA MACDONALD-CARTIER INTERNATI","Infrastructure","Fixed Income","440,419.86","0.02","440,419.86","472,000.00","472,000.00","92.45","Canada","-","CAD","5.16","1.00","May 5, 2031","2.70","CAD","May 5, 2021"
"CUCN","CU INC","Energy","Fixed Income","435,475.20","0.02","435,475.20","456,000.00","456,000.00","93.90","Canada","-","CAD","16.41","1.00","Oct 24, 2061","4.59","CAD","Oct 24, 2011"
"CTCACN","CANADIAN TIRE CORPORATION LIMITED MTN","Industrial","Fixed Income","434,987.68","0.02","434,987.68","407,000.00","407,000.00","104.14","Canada","-","CAD","7.50","1.00","Sep 4, 2035","5.61","CAD","Sep 2, 2005"
"SUCN","SUNCOR ENERGY INC MTN","Energy","Fixed Income","432,803.05","0.02","432,803.05","410,000.00","410,000.00","103.62","Canada","-","CAD","3.92","1.00","Apr 9, 2030","5.00","CAD","Apr 9, 2020"
"GZMCN","GAZ METRO INC","Energy","Fixed Income","432,854.20","0.02","432,854.20","535,000.00","535,000.00","79.54","Canada","-","CAD","13.24","1.00","Mar 31, 2045","3.30","CAD","Mar 31, 2015"
"RCICN","ROGERS COMMUNICATIONS INC","Communication","Fixed Income","432,175.97","0.02","432,175.97","500,000.00","500,000.00","85.49","Canada","-","CAD","13.93","1.00","Dec 9, 2049","4.25","CAD","Dec 9, 2019"
"CRRUCN","CROMBIE REAL ESTATE INVESTMENT TRU","Real Estate","Fixed Income","431,117.81","0.02","431,117.81","435,000.00","435,000.00","98.00","Canada","-","CAD","2.46","1.00","Mar 31, 2028","2.69","CAD","Oct 9, 2020"
"ENBCN","ENBRIDGE INC MTN","Energy","Fixed Income","425,537.02","0.02","425,537.02","394,000.00","394,000.00","106.37","Canada","-","CAD","7.73","1.00","Nov 14, 2035","5.57","CAD","Nov 14, 2005"
"ITSPCH","INTEGRATED TEAM SOLUTIONS PCH PART","Infrastructure","Fixed Income","419,850.61","0.02","419,850.61","421,379.00","421,379.00","98.44","Canada","-","CAD","8.32","1.00","May 31, 2046","4.88","CAD","Nov 29, 2013"
"FNCN","FIRST NATIONAL FINANCIAL CORP RegS","Financial","Fixed Income","418,251.82","0.02","418,251.82","390,000.00","390,000.00","103.77","Canada","-","CAD","0.96","1.00","Sep 8, 2026","7.29","CAD","Sep 6, 2023"
"CRTUCN","CT REAL ESTATE INVESTMENT TRUST","Real Estate","Fixed Income","413,479.24","0.02","413,479.24","405,000.00","405,000.00","101.14","Canada","-","CAD","4.25","1.00","Jun 9, 2030","4.29","CAD","Jun 9, 2025"
"THPPRT","THP PARTNERSHIP RegS","Infrastructure","Fixed Income","409,377.98","0.02","409,377.98","421,419.00","421,419.00","95.69","Canada","-","CAD","8.55","1.00","Oct 31, 2046","4.39","CAD","Jun 30, 2014"
"WAACA","WINNIPEG AIRPORTS AUTHORITY INC","Infrastructure","Fixed Income","406,329.63","0.02","406,329.63","500,000.00","500,000.00","79.74","Canada","-","CAD","13.70","1.00","Sep 30, 2047","3.66","CAD","Sep 29, 2017"
"FTSCN","FORTISALBERTA INC","Infrastructure","Fixed Income","394,576.83","0.02","394,576.83","410,000.00","410,000.00","95.10","Canada","-","CAD","14.58","1.00","May 30, 2052","4.62","CAD","May 30, 2022"
"FTSCN","FORTISBC ENERGY INC MTN","Energy","Fixed Income","392,100.30","0.02","392,100.30","465,000.00","465,000.00","83.10","Canada","-","CAD","13.91","1.00","Oct 30, 2047","3.69","CAD","Oct 26, 2017"
"TORHYD","TORONTO HYDRO CORPORATION","Infrastructure","Fixed Income","375,412.01","0.02","375,412.01","440,000.00","440,000.00","83.78","Canada","-","CAD","17.16","1.00","Apr 9, 2063","3.96","CAD","Apr 9, 2013"
"CUCN","CU INC MTN","Energy","Fixed Income","359,403.85","0.02","359,403.85","333,000.00","333,000.00","106.48","Canada","-","CAD","9.07","1.00","May 26, 2038","5.58","CAD","May 26, 2008"
"CUCN","CU INC MTN","Energy","Fixed Income","347,225.54","0.01","347,225.54","421,000.00","421,000.00","80.68","Canada","-","CAD","17.06","1.00","Sep 11, 2062","3.83","CAD","Sep 10, 2012"
"GE","GE CAPITAL CAN FUNDING MTN","Financial","Fixed Income","339,738.46","0.01","339,738.46","333,000.00","333,000.00","100.00","United States","-","CAD","8.54","1.00","Oct 22, 2037","5.73","CAD","Oct 22, 2007"
"FTSCN","FORTISALBERTA INC","Infrastructure","Fixed Income","326,898.30","0.01","326,898.30","376,000.00","376,000.00","85.55","Canada","-","CAD","15.14","1.00","Oct 23, 2052","3.98","CAD","Oct 23, 2012"
"FTSCN","FORTISALBERTA INC MTN","Infrastructure","Fixed Income","324,040.92","0.01","324,040.92","320,000.00","320,000.00","100.48","Canada","-","CAD","12.87","1.00","Jan 3, 2047","4.99","CAD","Jan 3, 2007"
"CAAIAU","CALGARY AIRPORT AUTHORITY","Infrastructure","Fixed Income","313,611.04","0.01","313,611.04","359,786.00","359,786.00","85.68","Canada","-","CAD","12.46","1.00","Oct 7, 2061","3.75","CAD","Oct 7, 2021"
"GWOCN","CANADA LIFE ASSURANCE CO","Financial","Fixed Income","298,217.85","0.01","298,217.85","270,000.00","270,000.00","109.06","Canada","-","CAD","2.95","1.00","Dec 11, 2028","6.40","CAD","Dec 11, 1999"
"VANAFF","VANCOUVER AIRPORT FUEL FACILITIES","Infrastructure","Fixed Income","281,500.90","0.01","281,500.90","280,000.00","280,000.00","99.34","Canada","-","CAD","10.82","1.00","Jun 4, 2065","5.06","CAD","Jun 4, 2025"
"CUCN","CU INC MTN","Energy","Fixed Income","281,395.86","0.01","281,395.86","237,000.00","237,000.00","115.62","Canada","-","CAD","9.05","1.00","Mar 7, 2039","6.50","CAD","Mar 6, 2009"
"ERAA","EDMONTON REGIONAL AIRPORTS AUTHORI","Infrastructure","Fixed Income","278,615.68","0.01","278,615.68","322,475.00","322,475.00","85.37","Canada","-","CAD","9.79","1.00","May 20, 2051","3.71","CAD","May 20, 2021"
"FTSCN","FORTISBC ENERGY INC MTN","Energy","Fixed Income","277,463.88","0.01","277,463.88","340,000.00","340,000.00","80.33","Canada","-","CAD","13.20","1.00","Apr 13, 2045","3.38","CAD","Apr 13, 2015"
"GRASOL","GRAND RENEWABLE SOLAR LP 144A","Energy","Fixed Income","275,762.26","0.01","275,762.26","280,163.00","280,163.00","98.12","Canada","-","CAD","4.45","1.00","Jan 31, 2035","3.93","CAD","Jun 9, 2016"
"ALTALK","ALTALINK LP MTN","Infrastructure","Fixed Income","267,729.60","0.01","267,729.60","300,000.00","300,000.00","88.26","Canada","-","CAD","17.09","1.00","Jun 6, 2064","4.27","CAD","Jun 6, 2014"
"SIACN","SIENNA SENIOR LIVING INC","Industrial","Fixed Income","261,778.81","0.01","261,778.81","260,000.00","260,000.00","100.59","Canada","-","CAD","4.46","1.00","Aug 21, 2030","4.11","CAD","Aug 21, 2025"
"MONPOR","MONTREAL PORT AUTHORITY","Infrastructure","Fixed Income","259,882.25","0.01","259,882.25","350,000.00","350,000.00","72.83","Canada","-","CAD","15.18","1.00","Mar 22, 2051","3.24","CAD","Mar 22, 2021"
"FTSCN","TERASEN GAS VANCOUVER ISLAND INC","Energy","Fixed Income","259,642.89","0.01","259,642.89","250,000.00","250,000.00","102.66","Canada","-","CAD","10.39","1.00","Dec 6, 2040","5.20","CAD","Dec 6, 2010"
"ACICN","TRISUMMIT UTILITIES INC MTN","Energy","Fixed Income","253,951.16","0.01","253,951.16","255,000.00","255,000.00","99.39","Canada","-","CAD","14.03","1.00","Aug 15, 2052","5.28","CAD","Aug 15, 2022"
"ACICN","ALTAGAS CANADA INC MTN","Energy","Fixed Income","252,372.95","0.01","252,372.95","250,000.00","250,000.00","99.71","Canada","-","CAD","1.50","1.00","Apr 7, 2027","3.13","CAD","Apr 7, 2020"
"ERAA","EDMONTON REGIONAL AIRPORTS AUTHORI","Infrastructure","Fixed Income","251,967.07","0.01","251,967.07","228,125.00","228,125.00","108.08","Canada","-","CAD","2.56","1.00","Nov 1, 2030","7.21","CAD","Oct 31, 2000"
"IGMCN","INVESTORS GROUP INC.","Financial","Fixed Income","227,903.39","0.01","227,903.39","210,000.00","210,000.00","107.12","Canada","-","CAD","2.11","1.00","Dec 13, 2027","6.65","CAD","Dec 12, 1997"
"EDGHWY","407 EAST DEVELOPMENT GROUP GENERAL","Infrastructure","Fixed Income","201,065.77","0.01","201,065.77","199,627.00","199,627.00","99.90","Canada","-","CAD","6.28","1.00","Jun 23, 2045","4.47","CAD","May 18, 2012"
"WAACA","WINNIPEG AIRPORTS AUTHORITY INC","Infrastructure","Fixed Income","192,707.18","0.01","192,707.18","275,000.00","275,000.00","69.86","Canada","-","CAD","15.61","1.00","Feb 3, 2051","3.04","CAD","Feb 4, 2021"
"BCECN","BELL CANADA","Communication","Fixed Income","175,399.26","0.01","175,399.26","160,000.00","160,000.00","106.59","Canada","-","CAD","1.89","1.00","Sep 24, 2027","7.00","CAD","Sep 24, 1997"
"HYOHI","HYDRO OTTAWA HOLDING INC","Infrastructure","Fixed Income","175,238.26","0.01","175,238.26","198,000.00","198,000.00","87.33","Canada","-","CAD","11.97","1.00","May 14, 2043","3.99","CAD","May 14, 2013"
"ENBGAS","ENBRIDGE GAS INC MTN","Energy","Fixed Income","170,452.22","0.01","170,452.22","150,000.00","150,000.00","112.39","Canada","-","CAD","6.54","1.00","Dec 16, 2033","6.16","CAD","Dec 16, 2003"
"EPCOR","EPCOR UTILITIES","Infrastructure","Fixed Income","169,060.66","0.01","169,060.66","150,000.00","150,000.00","111.55","Canada","-","CAD","3.38","1.00","Jun 28, 2029","6.80","CAD","Jun 28, 1999"
"FCRCN","FIRST CAPITAL REAL ESTATE INVESTME","Real Estate","Fixed Income","161,875.85","0.01","161,875.85","160,000.00","160,000.00","100.68","Canada","-","CAD","1.59","1.00","Jul 12, 2027","3.75","CAD","Jul 10, 2017"
"ENBPIP","ENBRIDGE PIPELINES INC MTN","Energy","Fixed Income","159,677.63","0.01","159,677.63","145,000.00","145,000.00","108.72","Canada","-","CAD","3.34","1.00","Jun 11, 2029","6.50","CAD","Jun 11, 1999"
"PLEHHU","PLENARY HLTH CARE PTNRSHP HUMBR LP","Infrastructure","Fixed Income","159,678.69","0.01","159,678.69","165,000.00","165,000.00","95.59","Canada","-","CAD","12.07","1.00","Nov 30, 2044","4.82","CAD","Sep 23, 2011"
"NAVCAN","NAV CANADA","Infrastructure","Fixed Income","149,640.92","0.01","149,640.92","138,232.00","138,232.00","104.50","Canada","-","CAD","0.94","1.00","Mar 1, 2027","7.56","CAD","Mar 24, 1997"
"CRSLNX","CROSSLINX TRANSIT SOLUTI RegS","Infrastructure","Fixed Income","148,880.39","0.01","148,880.39","180,000.00","180,000.00","80.83","Canada","-","CAD","13.39","1.00","Jun 30, 2051","4.55","CAD","Jul 24, 2015"
"GZMCN","GAZ METRO INC","Energy","Fixed Income","131,315.27","0.01","131,315.27","165,000.00","165,000.00","78.31","Canada","-","CAD","13.87","1.00","Oct 9, 2046","3.28","CAD","Oct 6, 2016"
"FTSCN","TERASEN GAS INC MTN","Energy","Fixed Income","127,193.92","0.01","127,193.92","115,000.00","115,000.00","108.22","Canada","-","CAD","8.18","1.00","Sep 25, 2036","5.55","CAD","Sep 25, 2006"
"ENBGAS","ENBRIDGE GAS INC MTN","Energy","Fixed Income","108,944.36","0.00","108,944.36","100,000.00","100,000.00","106.79","Canada","-","CAD","2.00","1.00","Nov 3, 2027","6.65","CAD","Nov 3, 1997"
"TRPCN","TRANSCANADA PIPELINES EXT TO LONG MTN","Energy","Fixed Income","94,892.74","0.00","94,892.74","90,000.00","90,000.00","104.54","Canada","-","CAD","1.31","1.00","Jan 15, 2027","7.31","CAD","Dec 5, 1996"
"FTSCN","FORTISALBERTA INC MTN","Infrastructure","Fixed Income","82,276.31","0.00","82,276.31","90,000.00","90,000.00","89.70","Canada","-","CAD","12.41","1.00","Sep 29, 2044","4.11","CAD","Sep 29, 2014"
"FTSCN","TERASEN GAS INC MTN","Energy","Fixed Income","80,719.96","0.00","80,719.96","70,000.00","70,000.00","112.25","Canada","-","CAD","3.49","1.00","Sep 21, 2029","6.95","CAD","Sep 21, 1999"
"GZMCN","GAZ METRO INC","Energy","Fixed Income","71,308.30","0.00","71,308.30","65,000.00","65,000.00","107.69","Canada","-","CAD","2.04","1.00","Nov 19, 2027","7.20","CAD","Nov 19, 1996"
"ENBGAS","ENBRIDGE GAS INC MTN","Energy","Fixed Income","53,591.26","0.00","53,591.26","50,000.00","50,000.00","104.64","Canada","-","CAD","1.10","1.00","Oct 29, 2026","7.60","CAD","Oct 29, 1996"
"MICCN","SAGEN MI CANADA INC","Financial","Fixed Income","47,575.47","0.00","47,575.47","50,000.00","50,000.00","93.03","Canada","-","CAD","4.25","1.00","Mar 24, 2081","4.95","CAD","Mar 23, 2021"
"ALACN","ALTAGAS LTD MTN","Energy","Fixed Income","43,411.41","0.00","43,411.41","45,000.00","45,000.00","94.46","Canada","-","CAD","12.63","1.00","Oct 4, 2047","4.99","CAD","Oct 4, 2017"
"BCECN","BELL CANADA INC MTN","Communication","Fixed Income","42,542.40","0.00","42,542.40","51,000.00","51,000.00","81.59","Canada","-","CAD","14.21","1.00","Mar 17, 2051","4.05","CAD","Mar 17, 2021"
"TCN","TELUS CORPORATION","Communication","Fixed Income","40,311.21","0.00","40,311.21","50,000.00","50,000.00","80.48","Canada","-","CAD","14.29","1.00","Feb 16, 2050","3.95","CAD","Dec 16, 2019"
"LCN","LOBLAW CO LTD MTN","Industrial","Fixed Income","32,563.81","0.00","32,563.81","30,000.00","30,000.00","106.49","Canada","-","CAD","2.02","1.00","Nov 8, 2027","6.65","CAD","Nov 7, 1997"
"HALFX","HALIFAX INTERNATIONAL AIRPORT AUTH","Infrastructure","Fixed Income","19,937.73","0.00","19,937.73","25,000.00","25,000.00","78.58","Canada","-","CAD","14.81","1.00","May 3, 2051","3.68","CAD","May 3, 2021"
"GWOCN","CANADA LIFE CAP TRUST","Financial","Fixed Income","17,997.79","0.00","17,997.79","15,000.00","15,000.00","118.75","Canada","-","CAD","6.10","1.00","Jun 30, 2052","7.53","CAD","Mar 14, 2002"
"TCN","TELUS CORPORATION","Communication","Fixed Income","16,783.80","0.00","16,783.80","20,000.00","20,000.00","82.23","Canada","-","CAD","14.21","1.00","Apr 5, 2051","4.10","CAD","Apr 5, 2021"
"SUCN","SUNCOR ENERGY INC MTN","Energy","Fixed Income","15,175.81","0.00","15,175.81","15,000.00","15,000.00","99.79","Canada","-","CAD","0.97","1.00","Sep 14, 2026","3.00","CAD","Sep 13, 2016"
"ENBPIP","ENBRIDGE PIPE LINES INC","Energy","Fixed Income","10,649.54","0.00","10,649.54","10,000.00","10,000.00","106.21","Canada","-","CAD","3.13","1.00","Feb 12, 2029","6.05","CAD","Feb 12, 1999"
"CAD","CAD CASH","Cash and/or Derivatives","Cash","-735,815.69","-0.03","-735,815.69","-735,816.00","-735,816.00","100.00","Canada","-","CAD","0.00","1.00","-","0.00","CAD","Jan 1, 1989"
 