Fund Holdings as of,"Dec 31, 2025"
 
Ticker,Name,Sector,Asset Class,Market Value,Weight (%),Notional Value,Shares,Par Value,Price,Location,Exchange,Currency,Duration,FX Rate,Maturity,Coupon (%),Market Currency,Effective Date
"BNS","BANK OF NOVA SCOTIA","Financial","Fixed Income","14,958,795.09","0.53","14,958,795.09","14,809,000.00","14,809,000.00","100.09","Canada","-","CAD","1.15","1.00","Mar 8, 2027","2.95","CAD","Mar 7, 2022"
"TD","TORONTO-DOMINION BANK/THE","Financial","Fixed Income","12,377,405.09","0.44","12,377,405.09","12,120,000.00","12,120,000.00","101.78","Canada","-","CAD","1.37","1.00","Jun 1, 2027","4.21","CAD","Jun 1, 2022"
"RY","ROYAL BANK OF CANADA RegS","Financial","Fixed Income","12,155,588.07","0.43","12,155,588.07","12,180,000.00","12,180,000.00","99.58","Canada","-","CAD","4.44","1.00","Dec 9, 2031","3.49","CAD","Dec 9, 2025"
"TD","TORONTO-DOMINION BANK/THE","Financial","Fixed Income","11,875,567.07","0.42","11,875,567.07","11,170,000.00","11,170,000.00","104.06","Canada","-","CAD","2.76","1.00","Jan 8, 2029","4.68","CAD","Dec 7, 2022"
"BNS","BANK OF NOVA SCOTIA","Financial","Fixed Income","11,643,760.92","0.42","11,643,760.92","11,577,000.00","11,577,000.00","100.54","Canada","-","CAD","4.07","1.00","Jun 27, 2031","3.73","CAD","Mar 27, 2025"
"RY","ROYAL BANK OF CANADA","Financial","Fixed Income","11,539,161.26","0.41","11,539,161.26","11,080,000.00","11,080,000.00","103.38","Canada","-","CAD","2.20","1.00","May 1, 2028","4.63","CAD","Apr 20, 2023"
"BMO","BANK OF MONTREAL","Financial","Fixed Income","11,535,732.29","0.41","11,535,732.29","11,378,000.00","11,378,000.00","100.33","Canada","-","CAD","2.06","1.00","Mar 1, 2028","3.19","CAD","Mar 1, 2018"
"BNS","BANK OF NOVA SCOTIA RegS","Financial","Fixed Income","11,438,997.48","0.41","11,438,997.48","11,465,000.00","11,465,000.00","99.57","Canada","-","CAD","4.57","1.00","Jan 30, 2032","3.62","CAD","Dec 10, 2025"
"BMO","BANK OF MONTREAL","Financial","Fixed Income","11,398,221.41","0.41","11,398,221.41","11,157,000.00","11,157,000.00","101.81","Canada","-","CAD","1.29","1.00","Jun 1, 2027","4.31","CAD","Jun 1, 2022"
"BMO","BANK OF MONTREAL","Financial","Fixed Income","11,387,993.64","0.41","11,387,993.64","11,027,000.00","11,027,000.00","102.96","Canada","-","CAD","1.77","1.00","Dec 7, 2027","4.71","CAD","Dec 7, 2022"
"TD","TORONTO-DOMINION BANK/THE RegS","Financial","Fixed Income","11,305,357.49","0.40","11,305,357.49","11,195,000.00","11,195,000.00","99.88","Canada","-","CAD","4.21","1.00","Sep 10, 2031","3.61","CAD","Sep 10, 2025"
"BMO","BANK OF MONTREAL","Financial","Fixed Income","9,958,930.15","0.36","9,958,930.15","9,600,000.00","9,600,000.00","103.58","Canada","-","CAD","2.70","1.00","Dec 18, 2028","4.54","CAD","Dec 18, 2023"
"TD","TORONTO-DOMINION BANK/THE RegS","Financial","Fixed Income","9,755,027.07","0.35","9,755,027.07","9,306,000.00","9,306,000.00","102.79","Canada","-","CAD","1.92","1.00","Jan 18, 2028","4.48","CAD","Jan 18, 2023"
"TD","TORONTO-DOMINION BANK/THE","Financial","Fixed Income","9,742,730.06","0.35","9,742,730.06","9,606,000.00","9,606,000.00","101.09","Canada","-","CAD","3.99","1.00","May 29, 2031","3.84","CAD","May 29, 2025"
"RY","ROYAL BANK OF CANADA","Financial","Fixed Income","9,657,351.44","0.35","9,657,351.44","9,545,000.00","9,545,000.00","100.97","Canada","-","CAD","1.85","1.00","Dec 10, 2028","3.63","CAD","Dec 10, 2024"
"BMO","BANK OF MONTREAL","Financial","Fixed Income","9,533,090.41","0.34","9,533,090.41","9,030,000.00","9,030,000.00","103.55","Canada","-","CAD","3.15","1.00","Jul 17, 2029","4.42","CAD","Jul 17, 2024"
"RY","ROYAL BANK OF CANADA","Financial","Fixed Income","9,497,317.00","0.34","9,497,317.00","9,436,000.00","9,436,000.00","99.65","Canada","-","CAD","1.05","1.00","Jan 28, 2027","2.33","CAD","Jan 28, 2020"
"RY","ROYAL BANK OF CANADA RegS","Financial","Fixed Income","9,319,098.05","0.33","9,319,098.05","9,260,000.00","9,260,000.00","100.46","Canada","-","CAD","2.31","1.00","Jun 12, 2029","3.41","CAD","Jun 10, 2025"
"TD","TORONTO-DOMINION BANK/THE RegS","Financial","Fixed Income","9,316,764.52","0.33","9,316,764.52","8,865,000.00","8,865,000.00","104.05","Canada","-","CAD","1.71","1.00","Oct 21, 2027","5.38","CAD","Oct 21, 2022"
"BNS","BANK OF NOVA SCOTIA","Financial","Fixed Income","9,307,409.85","0.33","9,307,409.85","8,771,000.00","8,771,000.00","104.17","Canada","-","CAD","2.82","1.00","Feb 1, 2029","4.68","CAD","Feb 1, 2024"
"RY","ROYAL BANK OF CANADA","Financial","Fixed Income","9,305,660.39","0.33","9,305,660.39","8,895,000.00","8,895,000.00","102.62","Canada","-","CAD","1.48","1.00","Jul 26, 2027","4.61","CAD","Jul 25, 2022"
"TD","TORONTO-DOMINION BANK/THE","Financial","Fixed Income","9,304,182.43","0.33","9,304,182.43","9,003,000.00","9,003,000.00","101.36","Canada","-","CAD","5.14","1.00","Jan 9, 2033","4.13","CAD","Jan 9, 2025"
"RY","ROYAL BANK OF CANADA RegS","Financial","Fixed Income","9,302,629.62","0.33","9,302,629.62","8,995,000.00","8,995,000.00","101.65","Canada","-","CAD","4.03","1.00","Jul 22, 2031","3.98","CAD","Jul 22, 2025"
"BMO","BANK OF MONTREAL","Financial","Fixed Income","9,291,685.30","0.33","9,291,685.30","9,128,000.00","9,128,000.00","100.88","Canada","-","CAD","1.13","1.00","Apr 1, 2027","3.65","CAD","Apr 1, 2022"
"BMO","BANK OF MONTREAL","Financial","Fixed Income","9,261,589.35","0.33","9,261,589.35","8,849,000.00","8,849,000.00","104.22","Canada","-","CAD","2.26","1.00","May 29, 2028","5.04","CAD","May 29, 2023"
"TRPCN","TRANSCANADA PIPELINES LTD MTN","Energy","Fixed Income","9,039,639.25","0.32","9,039,639.25","8,892,000.00","8,892,000.00","100.75","Canada","-","CAD","1.08","1.00","Apr 5, 2027","3.80","CAD","Apr 3, 2020"
"RY","ROYAL BANK OF CANADA","Financial","Fixed Income","9,037,986.36","0.32","9,037,986.36","8,586,000.00","8,586,000.00","103.14","Canada","-","CAD","1.91","1.00","Jan 17, 2028","4.64","CAD","Jan 17, 2023"
"BNS","BANK OF NOVA SCOTIA","Financial","Fixed Income","9,037,381.15","0.32","9,037,381.15","8,885,000.00","8,885,000.00","101.24","Canada","-","CAD","1.78","1.00","Nov 15, 2028","3.81","CAD","Oct 18, 2024"
"CM","CANADIAN IMPERIAL BANK OF COMMERCE","Financial","Fixed Income","8,832,868.58","0.32","8,832,868.58","8,592,000.00","8,592,000.00","102.78","Canada","-","CAD","1.44","1.00","Jun 29, 2027","4.95","CAD","Jun 29, 2022"
"RY","ROYAL BANK OF CANADA RegS","Financial","Fixed Income","8,773,696.51","0.31","8,773,696.51","8,295,000.00","8,295,000.00","104.53","Canada","-","CAD","2.97","1.00","Apr 3, 2034","5.10","CAD","Apr 2, 2024"
"TD","TORONTO-DOMINION BANK/THE","Financial","Fixed Income","8,723,560.30","0.31","8,723,560.30","8,114,000.00","8,114,000.00","105.80","Canada","-","CAD","2.47","1.00","Sep 8, 2028","5.49","CAD","Sep 8, 2023"
"BNS","BANK OF NOVA SCOTIA","Financial","Fixed Income","8,634,439.40","0.31","8,634,439.40","8,512,000.00","8,512,000.00","100.16","Canada","-","CAD","1.99","1.00","Feb 2, 2028","3.10","CAD","Feb 2, 2018"
"CM","CANADIAN IMPERIAL BANK OF COMMERCE","Financial","Fixed Income","8,330,558.23","0.30","8,330,558.23","7,975,000.00","7,975,000.00","103.28","Canada","-","CAD","1.60","1.00","Oct 7, 2027","5.05","CAD","Oct 7, 2022"
"TD","TORONTO-DOMINION BANK/THE MTN","Financial","Fixed Income","8,258,887.82","0.30","8,258,887.82","7,798,000.00","7,798,000.00","104.73","Canada","-","CAD","2.96","1.00","Apr 9, 2034","5.18","CAD","Apr 9, 2024"
"NACN","NATIONAL BANK OF CANADA","Financial","Fixed Income","8,158,453.57","0.29","8,158,453.57","7,765,000.00","7,765,000.00","104.84","Canada","-","CAD","2.30","1.00","Jun 14, 2028","5.22","CAD","Jun 14, 2023"
"TD","TORONTO-DOMINION BANK/THE RegS","Financial","Fixed Income","7,950,523.82","0.28","7,950,523.82","7,645,000.00","7,645,000.00","102.08","Canada","-","CAD","1.03","1.00","Jan 29, 2027","4.52","CAD","Jan 29, 2024"
"RY","ROYAL BANK OF CANADA MTN RegS","Financial","Fixed Income","7,768,307.69","0.28","7,768,307.69","7,362,000.00","7,362,000.00","103.43","Canada","-","CAD","1.95","1.00","Feb 1, 2033","5.01","CAD","Jan 31, 2023"
"TD","TORONTO-DOMINION BANK/THE MTN","Financial","Fixed Income","7,584,431.96","0.27","7,584,431.96","7,476,000.00","7,476,000.00","100.13","Canada","-","CAD","1.04","1.00","Jan 26, 2032","3.06","CAD","Jun 25, 2019"
"BNS","BANK OF NOVA SCOTIA","Financial","Fixed Income","7,517,802.05","0.27","7,517,802.05","7,391,000.00","7,391,000.00","101.09","Canada","-","CAD","1.29","1.00","May 3, 2032","3.93","CAD","Mar 21, 2022"
"ENBCN","ENBRIDGE INC","Energy","Fixed Income","7,493,131.43","0.27","7,493,131.43","7,227,000.00","7,227,000.00","102.28","Canada","-","CAD","1.62","1.00","Sep 27, 2077","5.38","CAD","Sep 26, 2017"
"NACN","NATIONAL BANK OF CANADA","Financial","Fixed Income","7,395,061.93","0.26","7,395,061.93","6,895,000.00","6,895,000.00","105.16","Canada","-","CAD","2.81","1.00","Feb 1, 2029","5.02","CAD","Dec 7, 2023"
"TD","TORONTO-DOMINION BANK/THE","Financial","Fixed Income","7,113,376.90","0.25","7,113,376.90","7,065,000.00","7,065,000.00","99.59","Canada","-","CAD","0.99","1.00","Jan 7, 2027","2.26","CAD","Jan 7, 2022"
"CM","CANADIAN IMPERIAL BANK OF COMMERCE","Financial","Fixed Income","7,063,204.66","0.25","7,063,204.66","6,971,000.00","6,971,000.00","101.10","Canada","-","CAD","3.60","1.00","Dec 10, 2030","3.80","CAD","Dec 10, 2024"
"C","CITIGROUP INC","Financial","Fixed Income","7,062,835.56","0.25","7,062,835.56","6,930,000.00","6,930,000.00","101.57","United States","-","CAD","3.99","1.00","Jun 3, 2035","4.55","CAD","Jun 3, 2025"
"RCICN","ROGERS COMMS INC","Communication","Fixed Income","7,021,711.50","0.25","7,021,711.50","5,963,000.00","5,963,000.00","116.79","Canada","-","CAD","9.27","1.00","Nov 9, 2039","6.75","CAD","Apr 3, 2023"
"BNS","BANK OF NOVA SCOTIA","Financial","Fixed Income","6,966,430.10","0.25","6,966,430.10","7,114,000.00","7,114,000.00","97.70","Canada","-","CAD","1.79","1.00","Nov 1, 2027","1.40","CAD","Oct 15, 2020"
"RY","ROYAL BANK OF CANADA","Financial","Fixed Income","6,869,212.17","0.25","6,869,212.17","6,635,000.00","6,635,000.00","101.78","Canada","-","CAD","3.69","1.00","Feb 4, 2035","4.28","CAD","Jan 29, 2025"
"RCICN","ROGERS COMMUNICATIONS INC","Communication","Fixed Income","6,704,083.76","0.24","6,704,083.76","6,602,000.00","6,602,000.00","100.63","Canada","-","CAD","1.08","1.00","Mar 31, 2027","3.65","CAD","Mar 31, 2020"
"TRPCN","TRANSCANADA TRUST","Energy","Fixed Income","6,703,290.81","0.24","6,703,290.81","6,599,000.00","6,599,000.00","101.03","Canada","-","CAD","1.29","1.00","May 18, 2077","4.65","CAD","May 18, 2017"
"RY","ROYAL BANK OF CANADA RegS","Financial","Fixed Income","6,570,014.04","0.23","6,570,014.04","6,393,000.00","6,393,000.00","101.95","Canada","-","CAD","3.46","1.00","Oct 17, 2030","4.00","CAD","Oct 17, 2024"
"TD","TORONTO-DOMINION BANK/THE","Financial","Fixed Income","6,554,578.71","0.23","6,554,578.71","6,393,000.00","6,393,000.00","101.85","Canada","-","CAD","3.50","1.00","Oct 31, 2030","4.00","CAD","Oct 31, 2024"
"BMO","BANK OF MONTREAL","Financial","Fixed Income","6,549,649.82","0.23","6,549,649.82","6,495,000.00","6,495,000.00","100.56","Canada","-","CAD","4.01","1.00","Jun 3, 2031","3.73","CAD","Jun 3, 2025"
"NEE","NEXTERA ENERGY CAPITAL HOLDINGS IN","Energy","Fixed Income","6,455,649.19","0.23","6,455,649.19","6,325,000.00","6,325,000.00","101.82","United States","-","CAD","7.55","1.00","Jun 12, 2035","4.67","CAD","Jun 12, 2025"
"HLTHQC","HEALTH MONTREAL COLLECTIVE LP 144A","Infrastructure","Fixed Income","6,439,264.76","0.23","6,439,264.76","5,383,864.00","5,383,864.00","117.91","Canada","-","CAD","9.38","1.00","Sep 30, 2049","6.72","CAD","Jun 10, 2011"
"CM","CANADIAN IMPERIAL BANK OF COMMERCE","Financial","Fixed Income","6,428,693.29","0.23","6,428,693.29","6,300,000.00","6,300,000.00","101.02","Canada","-","CAD","3.85","1.00","Apr 2, 2035","4.15","CAD","Apr 2, 2025"
"TRPCN","TRANSCANADA PIPELINES LTD MTN RegS","Energy","Fixed Income","6,412,340.55","0.23","6,412,340.55","5,881,000.00","5,881,000.00","106.59","Canada","-","CAD","3.84","1.00","Jul 15, 2030","5.28","CAD","Mar 10, 2023"
"CM","CANADIAN IMPERIAL BANK OF COMMERCE","Financial","Fixed Income","6,389,277.99","0.23","6,389,277.99","6,348,000.00","6,348,000.00","99.56","Canada","-","CAD","0.99","1.00","Jan 7, 2027","2.25","CAD","Jan 7, 2022"
"GWOCN","GREAT-WEST LIFECO INC","Financial","Fixed Income","6,372,899.35","0.23","6,372,899.35","6,779,000.00","6,779,000.00","94.01","Canada","-","CAD","0.60","1.00","Dec 31, 2081","3.60","CAD","Aug 16, 2021"
"BCECN","BELL CANADA MTN","Communication","Fixed Income","6,316,612.24","0.23","6,316,612.24","5,705,000.00","5,705,000.00","109.90","Canada","-","CAD","5.53","1.00","Nov 10, 2032","5.85","CAD","Nov 10, 2022"
"CM","CANADIAN IMPERIAL BANK OF COMMERCE","Financial","Fixed Income","6,215,606.48","0.22","6,215,606.48","5,793,000.00","5,793,000.00","104.86","Canada","-","CAD","2.75","1.00","Jan 16, 2034","5.30","CAD","Jan 16, 2024"
"CCDJ","FEDERATION DES CAISSES DESJARDINS","Financial","Fixed Income","6,202,512.45","0.22","6,202,512.45","6,055,000.00","6,055,000.00","101.41","Canada","-","CAD","3.43","1.00","Sep 24, 2029","3.80","CAD","Sep 24, 2024"
"CCDJ","FEDERATION DES CAISSES DESJARDINS","Financial","Fixed Income","6,073,796.23","0.22","6,073,796.23","5,700,000.00","5,700,000.00","105.90","Canada","-","CAD","2.58","1.00","Nov 17, 2028","5.47","CAD","Nov 17, 2023"
"CCDJ","FEDERATION DES CAISSES DESJARDINS RegS","Financial","Fixed Income","6,020,558.78","0.22","6,020,558.78","5,815,000.00","5,815,000.00","101.67","Canada","-","CAD","3.66","1.00","Jan 24, 2035","4.26","CAD","Jan 24, 2025"
"MFCCN","MANULIFE FINANCIAL CORP RegS","Financial","Fixed Income","5,989,270.20","0.21","5,989,270.20","5,645,000.00","5,645,000.00","104.44","Canada","-","CAD","2.03","1.00","Mar 10, 2033","5.41","CAD","Mar 10, 2023"
"RY","ROYAL BANK OF CANADA","Financial","Fixed Income","5,983,501.67","0.21","5,983,501.67","5,572,000.00","5,572,000.00","107.28","Canada","-","CAD","4.00","1.00","Jun 24, 2030","5.23","CAD","Jun 23, 2023"
"BNS","BANK OF NOVA SCOTIA","Financial","Fixed Income","5,934,095.66","0.21","5,934,095.66","5,783,000.00","5,783,000.00","102.05","Canada","-","CAD","7.11","1.00","Nov 15, 2035","4.44","CAD","Oct 18, 2024"
"RY","ROYAL BANK OF CANADA MTN RegS","Financial","Fixed Income","5,861,088.99","0.21","5,861,088.99","5,657,000.00","5,657,000.00","101.34","Canada","-","CAD","3.98","1.00","Jul 3, 2035","4.57","CAD","Jul 3, 2025"
"ENBCN","ENBRIDGE INC MTN","Energy","Fixed Income","5,810,402.62","0.21","5,810,402.62","5,787,000.00","5,787,000.00","100.20","Canada","-","CAD","1.31","1.00","Jun 8, 2027","3.20","CAD","Jun 8, 2017"
"WEMALL","ORIGINAL WEMPI INC","Real Estate","Fixed Income","5,809,479.90","0.21","5,809,479.90","5,365,000.00","5,365,000.00","106.41","Canada","-","CAD","1.41","1.00","Oct 4, 2027","7.79","CAD","Oct 4, 2023"
"CVECN","CENOVUS ENERGY INC","Energy","Fixed Income","5,770,698.76","0.21","5,770,698.76","5,672,000.00","5,672,000.00","100.34","Canada","-","CAD","1.95","1.00","Feb 7, 2028","3.50","CAD","Aug 7, 2020"
"CM","CANADIAN IMPERIAL BANK OF COMMERCE","Financial","Fixed Income","5,762,621.01","0.21","5,762,621.01","5,695,000.00","5,695,000.00","100.98","Canada","-","CAD","1.85","1.00","Dec 10, 2028","3.65","CAD","Dec 10, 2024"
"CM","CANADIAN IMPERIAL BANK OF COMMERCE","Financial","Fixed Income","5,715,700.20","0.20","5,715,700.20","5,335,000.00","5,335,000.00","104.57","Canada","-","CAD","1.81","1.00","Jan 14, 2028","5.50","CAD","Jul 14, 2023"
"HYDONE","HYDRO ONE INC MTN","Infrastructure","Fixed Income","5,712,494.65","0.20","5,712,494.65","5,524,000.00","5,524,000.00","101.32","Canada","-","CAD","7.26","1.00","Jan 4, 2035","4.25","CAD","Aug 20, 2024"
"BMO","BANK OF MONTREAL MTN RegS","Financial","Fixed Income","5,621,019.21","0.20","5,621,019.21","5,503,000.00","5,503,000.00","100.84","Canada","-","CAD","3.78","1.00","Mar 5, 2035","4.08","CAD","Mar 5, 2025"
"TD","TORONTO-DOMINION BANK/THE RegS","Financial","Fixed Income","5,545,556.69","0.20","5,545,556.69","5,661,000.00","5,661,000.00","97.38","Canada","-","CAD","2.59","1.00","Sep 11, 2028","1.90","CAD","Sep 10, 2021"
"TRPCN","TRANSCANADA PIPELINES LTD MTN","Energy","Fixed Income","5,523,530.49","0.20","5,523,530.49","5,390,000.00","5,390,000.00","100.51","Canada","-","CAD","4.22","1.00","Feb 15, 2056","5.20","CAD","Aug 14, 2025"
"HYDONE","HYDRO ONE INC MTN","Infrastructure","Fixed Income","5,502,993.58","0.20","5,502,993.58","5,490,000.00","5,490,000.00","99.81","Canada","-","CAD","6.69","1.00","Nov 21, 2033","3.90","CAD","Nov 21, 2025"
"CM","CANADIAN IMPERIAL BANK OF COMMERCE","Financial","Fixed Income","5,460,073.46","0.20","5,460,073.46","5,390,000.00","5,390,000.00","101.18","Canada","-","CAD","4.02","1.00","Jun 20, 2031","3.90","CAD","Jun 20, 2025"
"RY","ROYAL BANK OF CANADA MTN RegS","Financial","Fixed Income","5,436,688.40","0.19","5,436,688.40","5,140,000.00","5,140,000.00","103.85","Canada","-","CAD","3.25","1.00","Aug 8, 2034","4.83","CAD","Jul 29, 2024"
"ATH","ATHENE GLOBAL FUNDING MTN RegS","Financial","Fixed Income","5,392,433.00","0.19","5,392,433.00","5,335,000.00","5,335,000.00","100.65","United States","-","CAD","3.99","1.00","May 23, 2030","4.09","CAD","May 23, 2025"
"BMO","BANK OF MONTREAL RegS","Financial","Fixed Income","5,386,598.39","0.19","5,386,598.39","4,972,000.00","4,972,000.00","106.44","Canada","-","CAD","2.45","1.00","Sep 7, 2033","6.03","CAD","Sep 7, 2023"
"BNS","BANK OF NOVA SCOTIA","Financial","Fixed Income","5,381,811.19","0.19","5,381,811.19","5,259,000.00","5,259,000.00","101.33","Canada","-","CAD","3.40","1.00","Sep 26, 2030","3.84","CAD","Sep 26, 2024"
"CM","CANADIAN IMPERIAL BANK OF COMMERCE","Financial","Fixed Income","5,368,889.97","0.19","5,368,889.97","5,246,000.00","5,246,000.00","101.36","Canada","-","CAD","1.22","1.00","Apr 7, 2032","4.20","CAD","Apr 7, 2022"
"TD","TORONTO-DOMINION BANK/THE RegS","Financial","Fixed Income","5,334,121.65","0.19","5,334,121.65","5,415,000.00","5,415,000.00","97.92","Canada","-","CAD","2.11","1.00","Mar 8, 2028","1.89","CAD","Mar 8, 2021"
"MFCCN","MANULIFE FINANCIAL CORP","Financial","Fixed Income","5,297,710.28","0.19","5,297,710.28","4,982,000.00","4,982,000.00","104.54","Canada","-","CAD","2.84","1.00","Feb 23, 2034","5.05","CAD","Feb 23, 2024"
"BNS","BANK OF NOVA SCOTIA","Financial","Fixed Income","5,232,352.79","0.19","5,232,352.79","4,925,000.00","4,925,000.00","104.18","Canada","-","CAD","3.22","1.00","Aug 1, 2034","4.95","CAD","Jun 18, 2024"
"CP","CANADIAN PACIFIC RAILWAY COMPANY","Industrial","Fixed Income","5,202,861.84","0.19","5,202,861.84","5,208,000.00","5,208,000.00","99.03","Canada","-","CAD","2.07","1.00","Feb 28, 2028","2.54","CAD","Nov 24, 2021"
"BCECN","BELL CANADA MTN RegS","Communication","Fixed Income","5,132,271.51","0.18","5,132,271.51","4,790,000.00","4,790,000.00","105.33","Canada","-","CAD","6.81","1.00","Aug 24, 2034","5.15","CAD","May 24, 2024"
"RCICN","ROGERS COMMUNICATIONS INC RegS","Communication","Fixed Income","5,118,421.14","0.18","5,118,421.14","4,575,000.00","4,575,000.00","110.25","Canada","-","CAD","6.08","1.00","Sep 21, 2033","5.90","CAD","Sep 21, 2023"
"BNCN","BROOKFIELD FINANCE II INC RegS","Industrial","Fixed Income","5,099,636.88","0.18","5,099,636.88","4,746,000.00","4,746,000.00","107.20","Canada","-","CAD","5.69","1.00","Dec 14, 2032","5.43","CAD","Dec 14, 2022"
"TD","TORONTO-DOMINION BANK/THE MTN","Financial","Fixed Income","5,097,804.61","0.18","5,097,804.61","4,930,000.00","4,930,000.00","101.64","Canada","-","CAD","3.68","1.00","Feb 1, 2035","4.23","CAD","Jan 31, 2025"
"COAGAS","COASTAL GASLINK PIPELINE LP","Energy","Fixed Income","5,071,534.98","0.18","5,071,534.98","4,565,000.00","4,565,000.00","111.08","Canada","-","CAD","12.62","1.00","Jun 30, 2049","5.86","CAD","Jun 13, 2024"
"COAGAS","COASTAL GASLINK PIPELINE LP","Energy","Fixed Income","5,053,489.65","0.18","5,053,489.65","4,490,000.00","4,490,000.00","111.07","Canada","-","CAD","12.39","1.00","Mar 30, 2049","5.86","CAD","Jun 13, 2024"
"TRPCN","TRANSCANADA PIPELINES LTD MTN","Energy","Fixed Income","4,980,238.22","0.18","4,980,238.22","4,835,000.00","4,835,000.00","101.34","Canada","-","CAD","7.28","1.00","Feb 20, 2035","4.58","CAD","Feb 20, 2025"
"TCN","TELUS CORPORATION","Communication","Fixed Income","4,926,305.77","0.18","4,926,305.77","4,607,000.00","4,607,000.00","106.27","Canada","-","CAD","5.65","1.00","Nov 15, 2032","5.25","CAD","Sep 13, 2022"
"TD","TORONTO-DOMINION BANK/THE RegS","Financial","Fixed Income","4,913,273.40","0.18","4,913,273.40","4,705,000.00","4,705,000.00","103.38","Canada","-","CAD","3.00","1.00","Apr 2, 2029","4.23","CAD","Mar 20, 2024"
"BCECN","BELL CANADA MTN RegS","Communication","Fixed Income","4,896,210.18","0.18","4,896,210.18","4,651,000.00","4,651,000.00","103.48","Canada","-","CAD","3.61","1.00","Feb 9, 2030","4.55","CAD","Feb 9, 2023"
"BCECN","BELL CANADA INC MTN","Communication","Fixed Income","4,882,639.03","0.17","4,882,639.03","5,013,000.00","5,013,000.00","96.54","Canada","-","CAD","4.73","1.00","Mar 17, 2031","3.00","CAD","Mar 17, 2021"
"ENBCN","ENBRIDGE INC RegS","Energy","Fixed Income","4,868,785.13","0.17","4,868,785.13","4,850,000.00","4,850,000.00","100.19","Canada","-","CAD","4.17","1.00","Dec 17, 2055","5.15","CAD","Sep 17, 2025"
"RCICN","ROGERS COMMUNICATIONS INC","Communication","Fixed Income","4,858,190.63","0.17","4,858,190.63","4,767,000.00","4,767,000.00","101.02","Canada","-","CAD","5.41","1.00","Apr 15, 2032","4.25","CAD","Mar 11, 2022"
"BNS","BANK OF NOVA SCOTIA RegS","Financial","Fixed Income","4,849,029.45","0.17","4,849,029.45","4,502,000.00","4,502,000.00","105.36","Canada","-","CAD","2.36","1.00","Aug 2, 2033","5.68","CAD","Jun 12, 2023"
"RCICN","ROGERS COMMUNICATIONS INC","Communication","Fixed Income","4,782,097.94","0.17","4,782,097.94","4,706,000.00","4,706,000.00","100.83","Canada","-","CAD","3.02","1.00","Apr 15, 2029","3.75","CAD","Mar 11, 2022"
"RCICN","ROGERS COMMUNICATIONS INC RegS","Communication","Fixed Income","4,739,725.66","0.17","4,739,725.66","4,410,000.00","4,410,000.00","105.90","Canada","-","CAD","2.42","1.00","Sep 21, 2028","5.70","CAD","Sep 21, 2023"
"PACLIF","PACIFIC LIFE GLOBAL FUNDING II RegS","Financial","Fixed Income","4,720,716.62","0.17","4,720,716.62","4,560,000.00","4,560,000.00","101.74","United States","-","CAD","5.63","1.00","Jul 29, 2032","4.20","CAD","Jul 29, 2025"
"CCDJ","FEDERATION DES CAISSES DESJARDINS RegS","Financial","Fixed Income","4,708,226.06","0.17","4,708,226.06","4,455,000.00","4,455,000.00","105.02","Canada","-","CAD","3.08","1.00","May 15, 2034","5.28","CAD","May 15, 2024"
"BMO","BANK OF MONTREAL","Financial","Fixed Income","4,662,583.15","0.17","4,662,583.15","4,371,000.00","4,371,000.00","104.20","Canada","-","CAD","3.14","1.00","Jul 3, 2034","4.98","CAD","Jul 3, 2024"
"MFCCN","MANULIFE FINANCIAL CORP","Financial","Fixed Income","4,644,621.14","0.17","4,644,621.14","4,780,000.00","4,780,000.00","96.80","Canada","-","CAD","4.00","1.00","May 13, 2035","2.82","CAD","May 12, 2020"
"SLFCN","SUN LIFE FINANCIAL INC MTN","Financial","Fixed Income","4,637,868.86","0.17","4,637,868.86","4,649,000.00","4,649,000.00","99.40","Canada","-","CAD","1.30","1.00","May 10, 2032","2.58","CAD","May 8, 2020"
"CM","CANADIAN IMPERIAL BANK OF COMMERCE","Financial","Fixed Income","4,636,927.33","0.17","4,636,927.33","4,452,000.00","4,452,000.00","103.90","Canada","-","CAD","3.17","1.00","Jun 12, 2034","4.90","CAD","Jun 12, 2024"
"NACN","NATIONAL BANK OF CANADA","Financial","Fixed Income","4,628,830.13","0.17","4,628,830.13","4,525,000.00","4,525,000.00","100.68","Canada","-","CAD","2.37","1.00","Jul 17, 2029","3.52","CAD","Jul 17, 2025"
"NWRWPT","NORTH WEST REDWATER PARTNERSHIP","Energy","Fixed Income","4,618,095.02","0.17","4,618,095.02","4,811,000.00","4,811,000.00","95.76","Canada","-","CAD","4.97","1.00","Jun 1, 2031","2.80","CAD","Jun 30, 2021"
"BCECN","BELL CANADA INC","Communication","Fixed Income","4,578,737.63","0.16","4,578,737.63","4,742,000.00","4,742,000.00","96.24","Canada","-","CAD","4.08","1.00","May 14, 2030","2.50","CAD","May 14, 2020"
"SLFCN","SUN LIFE FINANCIAL INC","Financial","Fixed Income","4,544,304.24","0.16","4,544,304.24","4,597,000.00","4,597,000.00","98.55","Canada","-","CAD","2.74","1.00","Nov 21, 2033","2.80","CAD","Nov 18, 2021"
"CCDJ","FEDERATION DES CAISSES DESJARDINS","Financial","Fixed Income","4,497,485.19","0.16","4,497,485.19","4,293,000.00","4,293,000.00","102.97","Canada","-","CAD","1.55","1.00","Aug 23, 2032","5.04","CAD","Aug 23, 2022"
"ENBCN","ENBRIDGE INC MTN","Energy","Fixed Income","4,492,820.11","0.16","4,492,820.11","4,355,000.00","4,355,000.00","101.26","Canada","-","CAD","14.22","1.00","Aug 22, 2054","5.32","CAD","Aug 22, 2024"
"SLFCN","SUN LIFE FINANCIAL INC RegS","Financial","Fixed Income","4,460,364.02","0.16","4,460,364.02","4,415,000.00","4,415,000.00","99.77","Canada","-","CAD","5.39","1.00","Sep 13, 2037","4.14","CAD","Sep 11, 2025"
"ENBCN","ENBRIDGE INC MTN","Energy","Fixed Income","4,452,030.62","0.16","4,452,030.62","3,970,000.00","3,970,000.00","111.27","Canada","-","CAD","5.49","1.00","Nov 9, 2032","6.10","CAD","Nov 9, 2022"
"CUCN","CU INC","Energy","Fixed Income","4,427,829.19","0.16","4,427,829.19","4,745,000.00","4,745,000.00","91.97","Canada","-","CAD","12.39","1.00","Sep 2, 2044","4.09","CAD","Sep 5, 2014"
"RY","ROYAL BANK OF CANADA","Financial","Fixed Income","4,396,757.29","0.16","4,396,757.29","4,255,000.00","4,255,000.00","102.41","Canada","-","CAD","7.04","1.00","Oct 17, 2035","4.46","CAD","Oct 17, 2024"
"NACN","NATIONAL BANK OF CANADA MTN","Financial","Fixed Income","4,379,110.34","0.16","4,379,110.34","4,245,000.00","4,245,000.00","101.55","Canada","-","CAD","3.72","1.00","Feb 15, 2035","4.26","CAD","Jan 13, 2025"
"TD","TORONTO-DOMINION BANK/THE","Financial","Fixed Income","4,378,977.43","0.16","4,378,977.43","4,263,000.00","4,263,000.00","101.97","Canada","-","CAD","7.08","1.00","Oct 31, 2035","4.42","CAD","Oct 31, 2024"
"NACN","NATIONAL BANK OF CANADA","Financial","Fixed Income","4,362,062.30","0.16","4,362,062.30","4,375,000.00","4,375,000.00","99.03","Canada","-","CAD","4.33","1.00","Oct 21, 2031","3.44","CAD","Oct 21, 2025"
"SLFCN","SUN LIFE FINANCIAL INC MTN RegS","Financial","Fixed Income","4,358,904.94","0.16","4,358,904.94","4,365,000.00","4,365,000.00","99.51","Canada","-","CAD","7.90","1.00","Dec 3, 2040","4.56","CAD","Dec 3, 2025"
"CCDJ","FEDERATION DES CAISSES DESJARDINS","Financial","Fixed Income","4,350,394.06","0.16","4,350,394.06","4,243,000.00","4,243,000.00","102.02","Canada","-","CAD","1.33","1.00","May 19, 2027","4.41","CAD","May 19, 2022"
"RY","ROYAL BANK OF CANADA","Financial","Fixed Income","4,343,643.28","0.16","4,343,643.28","4,422,000.00","4,422,000.00","97.46","Canada","-","CAD","2.48","1.00","Jul 31, 2028","1.83","CAD","Jul 29, 2021"
"PLEPCL","PLENARY PCL HEALTH HIEP LP","Infrastructure","Fixed Income","4,328,774.67","0.15","4,328,774.67","4,388,216.00","4,388,216.00","98.65","Canada","-","CAD","12.96","1.00","Jun 30, 2060","4.91","CAD","Feb 14, 2025"
"RY","ROYAL BANK OF CANADA RegS","Financial","Fixed Income","4,322,246.65","0.15","4,322,246.65","4,307,000.00","4,307,000.00","99.89","Canada","-","CAD","1.27","1.00","May 3, 2032","2.94","CAD","Jan 25, 2022"
"RCICN","ROGERS COMMUNICATIONS INC","Communication","Fixed Income","4,273,733.52","0.15","4,273,733.52","4,234,000.00","4,234,000.00","99.83","Canada","-","CAD","13.81","1.00","Apr 15, 2052","5.25","CAD","Mar 11, 2022"
"NACN","NATIONAL BANK OF CANADA","Financial","Fixed Income","4,264,224.42","0.15","4,264,224.42","4,180,000.00","4,180,000.00","100.35","Canada","-","CAD","1.54","1.00","Aug 15, 2028","3.31","CAD","Jun 4, 2025"
"HYDONE","HYDRO ONE INC MTN","Infrastructure","Fixed Income","4,250,657.91","0.15","4,250,657.91","4,222,000.00","4,222,000.00","100.27","Canada","-","CAD","15.16","1.00","Nov 30, 2054","4.85","CAD","Nov 30, 2023"
"TRPCN","TRANSCANADA PIPELINES LTD MTN","Energy","Fixed Income","4,236,265.47","0.15","4,236,265.47","4,259,000.00","4,259,000.00","98.88","Canada","-","CAD","14.79","1.00","Nov 19, 2055","5.13","CAD","Nov 19, 2025"
"MFCCN","MANULIFE FINANCIAL CORP","Financial","Fixed Income","4,218,336.48","0.15","4,218,336.48","4,150,000.00","4,150,000.00","101.37","Canada","-","CAD","3.57","1.00","Dec 6, 2034","4.06","CAD","Dec 6, 2024"
"NYLIFE","NEW YORK LIFE GLOBAL FUNDING RegS","Financial","Fixed Income","4,216,603.72","0.15","4,216,603.72","4,185,000.00","4,185,000.00","100.60","United States","-","CAD","5.66","1.00","Jun 17, 2032","4.00","CAD","Jun 17, 2025"
"BCECN","BELL TELEPHONE COMPANY OF CANADA O MTN","Communication","Fixed Income","4,204,447.87","0.15","4,204,447.87","4,101,000.00","4,101,000.00","101.15","Canada","-","CAD","2.33","1.00","Aug 21, 2028","3.80","CAD","Aug 21, 2018"
"FTSCN","FORTIS INC RegS","Infrastructure","Fixed Income","4,194,655.54","0.15","4,194,655.54","4,165,000.00","4,165,000.00","100.33","Canada","-","CAD","4.14","1.00","Dec 4, 2055","5.10","CAD","Sep 4, 2025"
"RCICN","ROGERS COMMUNICATIONS INC.","Communication","Fixed Income","4,186,929.65","0.15","4,186,929.65","3,725,000.00","3,725,000.00","110.26","Canada","-","CAD","9.58","1.00","Aug 25, 2040","6.11","CAD","Aug 25, 2010"
"ENBCN","ENBRIDGE INC MTN","Energy","Fixed Income","4,176,229.07","0.15","4,176,229.07","4,431,000.00","4,431,000.00","93.39","Canada","-","CAD","6.71","1.00","Sep 21, 2033","3.10","CAD","Sep 21, 2021"
"CM","CANADIAN IMPERIAL BANK OF COMMERCE","Financial","Fixed Income","4,167,366.05","0.15","4,167,366.05","3,920,000.00","3,920,000.00","103.92","Canada","-","CAD","1.91","1.00","Jan 20, 2033","5.33","CAD","Jan 20, 2023"
"TCN","TELUS CORPORATION","Communication","Fixed Income","4,109,177.94","0.15","4,109,177.94","4,093,000.00","4,093,000.00","99.86","Canada","-","CAD","3.09","1.00","May 2, 2029","3.30","CAD","Apr 3, 2019"
"TCN","TELUS CORPORATION","Communication","Fixed Income","4,056,766.33","0.15","4,056,766.33","3,896,000.00","3,896,000.00","103.92","Canada","-","CAD","2.68","1.00","Dec 15, 2028","4.80","CAD","Feb 15, 2024"
"PPLCN","PEMBINA PIPELINE CORP MTN RegS","Energy","Fixed Income","4,052,606.50","0.14","4,052,606.50","3,748,000.00","3,748,000.00","105.46","Canada","-","CAD","13.76","1.00","Jan 12, 2054","5.67","CAD","Jan 12, 2024"
"F","FORD CREDIT CANADA CO RegS","Financial","Fixed Income","4,011,446.13","0.14","4,011,446.13","3,900,000.00","3,900,000.00","101.39","United States","-","CAD","2.49","1.00","Sep 11, 2028","4.82","CAD","Sep 11, 2025"
"TRPCN","TRANSCANADA PIPELINES LTD MTN","Energy","Fixed Income","3,989,876.65","0.14","3,989,876.65","4,184,000.00","4,184,000.00","94.79","Canada","-","CAD","10.98","1.00","Nov 15, 2041","4.55","CAD","Nov 15, 2011"
"FFHCN","FAIRFAX FINANCIAL HOLDINGS LTD","Financial","Fixed Income","3,984,342.92","0.14","3,984,342.92","3,915,000.00","3,915,000.00","100.48","Canada","-","CAD","4.56","1.00","Mar 3, 2031","3.95","CAD","Mar 1, 2021"
"SLFCN","SUN LIFE FINANCIAL INC","Financial","Fixed Income","3,955,858.03","0.14","3,955,858.03","3,719,000.00","3,719,000.00","105.72","Canada","-","CAD","4.64","1.00","May 15, 2036","5.12","CAD","May 15, 2024"
"ATDBCN","ALIMENTATION COUCHE-TARD INC","Industrial","Fixed Income","3,937,805.65","0.14","3,937,805.65","3,595,000.00","3,595,000.00","108.05","Canada","-","CAD","4.01","1.00","Sep 25, 2030","5.59","CAD","Sep 25, 2023"
"COAGAS","COASTAL GASLINK PIPELINE LP","Energy","Fixed Income","3,928,720.11","0.14","3,928,720.11","3,627,000.00","3,627,000.00","108.30","Canada","-","CAD","11.67","1.00","Jun 30, 2044","5.61","CAD","Jun 13, 2024"
"ENBCN","ENBRIDGE INC MTN","Energy","Fixed Income","3,915,948.37","0.14","3,915,948.37","3,753,000.00","3,753,000.00","102.64","Canada","-","CAD","6.91","1.00","Aug 22, 2034","4.73","CAD","Aug 22, 2024"
"IPLCN","INTER PIPELINE LTD","Energy","Fixed Income","3,910,203.52","0.14","3,910,203.52","3,660,000.00","3,660,000.00","104.69","Canada","-","CAD","1.90","1.00","Feb 17, 2028","5.76","CAD","Nov 17, 2022"
"TCN","TELUS CORPORATION","Communication","Fixed Income","3,854,863.93","0.14","3,854,863.93","3,963,000.00","3,963,000.00","96.12","Canada","-","CAD","11.65","1.00","Apr 5, 2044","4.85","CAD","Apr 4, 2014"
"MCD","MCDONALDS CORPORATION","Industrial","Fixed Income","3,842,516.84","0.14","3,842,516.84","3,757,000.00","3,757,000.00","100.79","United States","-","CAD","5.68","1.00","Aug 21, 2032","4.11","CAD","Aug 21, 2025"
"TRPCN","TRANSCANADA PIPELINES LTD MTN","Energy","Fixed Income","3,835,639.73","0.14","3,835,639.73","4,241,000.00","4,241,000.00","89.18","Canada","-","CAD","13.16","1.00","Sep 16, 2047","4.33","CAD","Sep 15, 2017"
"ENBCN","ENBRIDGE INC MTN","Energy","Fixed Income","3,831,413.69","0.14","3,831,413.69","3,740,000.00","3,740,000.00","101.08","Canada","-","CAD","3.76","1.00","Feb 25, 2030","3.90","CAD","Feb 25, 2025"
"ENBCN","ENBRIDGE INC MTN","Energy","Fixed Income","3,823,946.65","0.14","3,823,946.65","3,636,000.00","3,636,000.00","104.36","Canada","-","CAD","1.68","1.00","Nov 9, 2027","5.70","CAD","Nov 9, 2022"
"RY","ROYAL BANK OF CANADA","Financial","Fixed Income","3,821,792.53","0.14","3,821,792.53","3,893,000.00","3,893,000.00","97.46","Canada","-","CAD","2.01","1.00","Jan 28, 2033","1.67","CAD","Jan 28, 2021"
"ENBCN","ENBRIDGE INC MTN","Energy","Fixed Income","3,818,220.56","0.14","3,818,220.56","3,845,000.00","3,845,000.00","98.57","Canada","-","CAD","3.49","1.00","Oct 3, 2029","2.99","CAD","Oct 3, 2019"
"CNRCN","CANADIAN NATIONAL RAILWAY COMPANY","Industrial","Fixed Income","3,802,000.76","0.14","3,802,000.76","3,880,000.00","3,880,000.00","97.33","Canada","-","CAD","14.81","1.00","May 10, 2053","4.70","CAD","May 10, 2023"
"BCECN","BELL CANADA MTN RegS","Communication","Fixed Income","3,784,307.88","0.14","3,784,307.88","3,530,000.00","3,530,000.00","105.03","Canada","-","CAD","13.80","1.00","Aug 11, 2053","5.60","CAD","Aug 11, 2023"
"TCN","TELUS CORPORATION","Communication","Fixed Income","3,776,963.22","0.14","3,776,963.22","3,400,000.00","3,400,000.00","109.29","Canada","-","CAD","6.07","1.00","Sep 8, 2033","5.75","CAD","Sep 8, 2023"
"FTSCN","FORTIS INC RegS","Infrastructure","Fixed Income","3,723,250.72","0.13","3,723,250.72","3,650,000.00","3,650,000.00","100.93","Canada","-","CAD","5.41","1.00","Mar 26, 2032","4.09","CAD","Mar 26, 2025"
"ACAFP","CREDIT AGRICOLE SA RegS","Financial","Fixed Income","3,717,314.56","0.13","3,717,314.56","3,700,000.00","3,700,000.00","99.58","France","-","CAD","4.29","1.00","Oct 15, 2035","4.19","CAD","Oct 15, 2025"
"OMERS","OMERS REALTY CORP","Real Estate","Fixed Income","3,694,651.85","0.13","3,694,651.85","3,647,000.00","3,647,000.00","100.52","Canada","-","CAD","1.55","1.00","Oct 4, 2027","3.24","CAD","Oct 2, 2017"
"ONTPOW","ONTARIO POWER GENERATION INC MTN","Energy","Fixed Income","3,688,421.67","0.13","3,688,421.67","3,694,000.00","3,694,000.00","99.11","Canada","-","CAD","3.92","1.00","Apr 8, 2030","3.21","CAD","Apr 8, 2020"
"ENBGAS","ENBRIDGE GAS INC MTN","Energy","Fixed Income","3,668,174.82","0.13","3,668,174.82","3,645,000.00","3,645,000.00","99.38","Canada","-","CAD","7.79","1.00","Sep 12, 2035","4.16","CAD","Sep 12, 2025"
"HYDONE","HYDRO ONE INC MTN","Infrastructure","Fixed Income","3,647,588.79","0.13","3,647,588.79","3,442,000.00","3,442,000.00","103.86","Canada","-","CAD","1.86","1.00","Jan 27, 2028","4.91","CAD","Oct 27, 2022"
"BNS","SCOTIABANK CAPITAL TRUST","Financial","Fixed Income","3,645,279.03","0.13","3,645,279.03","3,452,000.00","3,452,000.00","105.60","Canada","-","CAD","10.11","1.00","Dec 31, 2056","5.65","CAD","Sep 28, 2006"
"TRPCN","TRANSCANADA PIPELINES LTD","Energy","Fixed Income","3,618,310.96","0.13","3,618,310.96","3,358,000.00","3,358,000.00","107.04","Canada","-","CAD","5.26","1.00","May 12, 2032","5.33","CAD","May 12, 2022"
"CP","CANADIAN PACIFIC RAILWAY COMPANY","Industrial","Fixed Income","3,606,019.65","0.13","3,606,019.65","3,505,000.00","3,505,000.00","100.69","Canada","-","CAD","7.84","1.00","Jan 13, 2036","4.40","CAD","Jun 13, 2025"
"PPLCN","PEMBINA PIPELINE CORP MTN RegS","Energy","Fixed Income","3,605,351.81","0.13","3,605,351.81","3,355,000.00","3,355,000.00","105.10","Canada","-","CAD","5.00","1.00","Jan 12, 2032","5.02","CAD","Jan 12, 2024"
"TRPCN","TRANSCANADA PIPELINES LTD MTN","Energy","Fixed Income","3,598,940.62","0.13","3,598,940.62","4,019,000.00","4,019,000.00","88.63","Canada","-","CAD","13.83","1.00","Oct 15, 2049","4.34","CAD","Apr 10, 2019"
"NACN","NATIONAL BANK OF CANADA MTN","Financial","Fixed Income","3,597,152.00","0.13","3,597,152.00","3,469,000.00","3,469,000.00","101.54","Canada","-","CAD","4.09","1.00","Aug 15, 2035","4.33","CAD","Jun 26, 2025"
"MASSMU","MASSMUTUAL GLOBAL FUNDING II MTN RegS","Financial","Fixed Income","3,594,986.13","0.13","3,594,986.13","3,485,000.00","3,485,000.00","101.25","United States","-","CAD","5.60","1.00","Jul 15, 2032","4.13","CAD","Jul 15, 2025"
"QBRCN","VIDEOTRON LTD RegS","Communication","Fixed Income","3,580,103.48","0.13","3,580,103.48","3,610,000.00","3,610,000.00","98.73","Canada","-","CAD","5.87","1.00","Oct 15, 2032","3.95","CAD","Nov 20, 2025"
"IPLCN","INTER PIPELINE LTD RegS","Energy","Fixed Income","3,570,102.92","0.13","3,570,102.92","3,090,000.00","3,090,000.00","112.94","Canada","-","CAD","6.15","1.00","Feb 9, 2034","6.59","CAD","Nov 9, 2023"
"QBRCN","VIDEOTRON LTD","Communication","Fixed Income","3,564,642.30","0.13","3,564,642.30","3,480,000.00","3,480,000.00","101.48","Canada","-","CAD","1.07","1.00","Jan 15, 2030","4.50","CAD","Oct 8, 2019"
"COAGAS","COASTAL GASLINK PIPELINE LP","Energy","Fixed Income","3,552,206.72","0.13","3,552,206.72","3,245,000.00","3,245,000.00","108.05","Canada","-","CAD","12.44","1.00","Mar 30, 2047","5.61","CAD","Jun 13, 2024"
"NWRWPT","NORTH WEST REDWATER PARTNERSHIP","Energy","Fixed Income","3,548,955.26","0.13","3,548,955.26","3,370,000.00","3,370,000.00","104.91","Canada","-","CAD","6.82","1.00","Jun 1, 2034","4.85","CAD","Jun 14, 2024"
"COAGAS","COASTAL GASLINK PIPELINE LP","Energy","Fixed Income","3,543,514.34","0.13","3,543,514.34","3,250,000.00","3,250,000.00","109.02","Canada","-","CAD","9.62","1.00","Jun 30, 2039","5.54","CAD","Jun 13, 2024"
"PLD","PROLOGIS LP","Real Estate","Fixed Income","3,524,273.80","0.13","3,524,273.80","3,445,000.00","3,445,000.00","100.71","United States","-","CAD","6.00","1.00","Feb 15, 2033","4.20","CAD","Feb 4, 2025"
"GTAAIR","GREATER TORONTO AIRPORTS AUTHORITY MTN","Infrastructure","Fixed Income","3,522,651.62","0.13","3,522,651.62","3,241,000.00","3,241,000.00","106.83","Canada","-","CAD","10.32","1.00","Feb 25, 2041","5.30","CAD","Feb 23, 2011"
"NACN","NATIONAL BANK OF CANADA","Financial","Fixed Income","3,522,719.17","0.13","3,522,719.17","3,337,000.00","3,337,000.00","103.53","Canada","-","CAD","1.53","1.00","Aug 16, 2032","5.43","CAD","Jul 25, 2022"
"ALCTRA","ALECTRA INC (CANADA)","Infrastructure","Fixed Income","3,505,038.70","0.13","3,505,038.70","3,509,000.00","3,509,000.00","99.59","Canada","-","CAD","1.33","1.00","May 17, 2027","2.49","CAD","May 17, 2017"
"BCECN","BELL TELEPHONE COMPANY OF CANADA O MTN","Communication","Fixed Income","3,504,232.65","0.13","3,504,232.65","3,446,000.00","3,446,000.00","100.77","Canada","-","CAD","1.51","1.00","Sep 29, 2027","3.60","CAD","Sep 29, 2017"
"THPMCN","TRILLIUM M PROJECT CO GENERAL PART","Infrastructure","Fixed Income","3,501,320.59","0.13","3,501,320.59","3,400,000.00","3,400,000.00","102.09","Canada","-","CAD","14.25","1.00","Oct 31, 2062","5.30","CAD","Jul 10, 2025"
"LCN","LOBLAW COMPANIES LTD","Industrial","Fixed Income","3,488,899.91","0.12","3,488,899.91","3,450,000.00","3,450,000.00","100.95","Canada","-","CAD","7.65","1.00","Jun 16, 2035","4.39","CAD","Dec 16, 2025"
"TCN","TELUS CORPORATION RegS","Communication","Fixed Income","3,463,415.30","0.12","3,463,415.30","3,605,000.00","3,605,000.00","95.70","Canada","-","CAD","5.33","1.00","Nov 13, 2031","2.85","CAD","Jun 28, 2021"
"IPLCN","INTER PIPELINE LTD RegS","Energy","Fixed Income","3,454,054.77","0.12","3,454,054.77","3,205,000.00","3,205,000.00","107.27","Canada","-","CAD","3.78","1.00","May 29, 2030","5.71","CAD","May 29, 2023"
"MET","METROPOLITAN LIFE GLOBAL FUNDING I MTN RegS","Financial","Fixed Income","3,453,985.18","0.12","3,453,985.18","3,410,000.00","3,410,000.00","101.01","United States","-","CAD","6.35","1.00","Jun 6, 2033","4.15","CAD","Jun 4, 2025"
"ONTPOW","ONTARIO POWER GENERATION INC MTN","Energy","Fixed Income","3,446,719.98","0.12","3,446,719.98","3,292,000.00","3,292,000.00","104.66","Canada","-","CAD","6.90","1.00","Jun 28, 2034","4.83","CAD","Jun 28, 2024"
"DOLCN","DOLLARAMA INC RegS","Industrial","Fixed Income","3,431,324.68","0.12","3,431,324.68","3,400,000.00","3,400,000.00","100.76","Canada","-","CAD","4.47","1.00","Dec 16, 2030","3.85","CAD","Jun 16, 2025"
"CM","CANADIAN IMPERIAL BANK OF COMMERCE","Financial","Fixed Income","3,421,847.21","0.12","3,421,847.21","3,250,000.00","3,250,000.00","104.23","Canada","-","CAD","2.15","1.00","Apr 20, 2033","5.35","CAD","Apr 20, 2023"
"CHPUCN","CHOICE PROPERTIES REAL ESTATE INVE","Real Estate","Fixed Income","3,409,841.74","0.12","3,409,841.74","3,304,000.00","3,304,000.00","101.90","Canada","-","CAD","1.85","1.00","Mar 8, 2028","4.18","CAD","Mar 8, 2018"
"HYDONE","HYDRO ONE INC RegS","Infrastructure","Fixed Income","3,409,616.21","0.12","3,409,616.21","3,540,000.00","3,540,000.00","94.40","Canada","-","CAD","14.75","1.00","Jan 27, 2053","4.46","CAD","Jan 27, 2023"
"PPLCN","PEMBINA PIPELINE CORP MTN","Energy","Fixed Income","3,402,233.61","0.12","3,402,233.61","3,596,000.00","3,596,000.00","93.36","Canada","-","CAD","13.00","1.00","Mar 26, 2048","4.75","CAD","Mar 26, 2018"
"RCICN","ROGERS COMMUNICATIONS INC RegS","Communication","Fixed Income","3,372,631.31","0.12","3,372,631.31","3,065,000.00","3,065,000.00","108.43","Canada","-","CAD","3.99","1.00","Sep 21, 2030","5.80","CAD","Sep 21, 2023"
"CNRCN","CANADIAN NATIONAL RAILWAY COMPANY","Industrial","Fixed Income","3,368,938.84","0.12","3,368,938.84","3,210,000.00","3,210,000.00","104.21","Canada","-","CAD","3.00","1.00","May 2, 2029","4.60","CAD","May 2, 2024"
"CUCN","CANADIAN UTILITIES LTD RegS","Energy","Fixed Income","3,366,886.15","0.12","3,366,886.15","3,355,000.00","3,355,000.00","100.22","Canada","-","CAD","7.51","1.00","Dec 22, 2055","5.45","CAD","Sep 22, 2025"
"ENBCN","ENBRIDGE INC MTN","Energy","Fixed Income","3,364,400.92","0.12","3,364,400.92","3,536,000.00","3,536,000.00","93.76","Canada","-","CAD","11.78","1.00","Mar 11, 2044","4.57","CAD","Mar 11, 2014"
"PPLCN","PEMBINA PIPELINE CORP RegS","Energy","Fixed Income","3,352,181.60","0.12","3,352,181.60","3,160,000.00","3,160,000.00","106.04","Canada","-","CAD","6.13","1.00","Jun 28, 2033","5.22","CAD","Jun 28, 2024"
"NWRWPT","NORTH WEST REDWATER PARTNERSHIP /","Energy","Fixed Income","3,339,134.23","0.12","3,339,134.23","3,339,000.00","3,339,000.00","99.77","Canada","-","CAD","1.36","1.00","Jun 1, 2027","2.80","CAD","May 19, 2017"
"KEYCN","KEYERA CORP RegS","Energy","Fixed Income","3,335,161.10","0.12","3,335,161.10","3,315,000.00","3,315,000.00","99.26","Canada","-","CAD","14.40","1.00","Oct 15, 2055","5.31","CAD","Sep 29, 2025"
"GTAAIR","GREATER TORONTO AIRPORTS AUTHORITY","Infrastructure","Fixed Income","3,331,747.77","0.12","3,331,747.77","4,049,000.00","4,049,000.00","81.72","Canada","-","CAD","10.95","1.00","Oct 17, 2039","2.75","CAD","Sep 25, 2019"
"QBRCN","VIDEOTRON LTD RegS","Communication","Fixed Income","3,329,624.19","0.12","3,329,624.19","3,320,000.00","3,320,000.00","100.13","Canada","-","CAD","2.33","1.00","Jun 15, 2028","3.63","CAD","Jun 17, 2021"
"ENBPIP","ENBRIDGE PIPELINES INC MTN","Energy","Fixed Income","3,329,099.66","0.12","3,329,099.66","3,269,000.00","3,269,000.00","100.58","Canada","-","CAD","2.87","1.00","Feb 22, 2029","3.52","CAD","Feb 22, 2019"
"ETRHWY","407 INTERNATIONAL INC MTN","Infrastructure","Fixed Income","3,318,680.96","0.12","3,318,680.96","3,295,000.00","3,295,000.00","99.72","Canada","-","CAD","3.82","1.00","Mar 6, 2030","3.14","CAD","Mar 6, 2019"
"ETRHWY","407 INTERNATIONAL INC. MTN","Infrastructure","Fixed Income","3,315,308.36","0.12","3,315,308.36","2,938,000.00","2,938,000.00","110.65","Canada","-","CAD","7.63","1.00","Feb 14, 2036","5.75","CAD","Feb 14, 2006"
"ENBCN","ENBRIDGE INC","Energy","Fixed Income","3,272,823.88","0.12","3,272,823.88","3,055,000.00","3,055,000.00","105.68","Canada","-","CAD","2.10","1.00","Apr 12, 2078","6.63","CAD","Apr 12, 2018"
"ENBGAS","ENBRIDGE GAS INC","Energy","Fixed Income","3,266,901.93","0.12","3,266,901.93","3,294,000.00","3,294,000.00","98.45","Canada","-","CAD","3.93","1.00","Apr 1, 2030","2.90","CAD","Apr 1, 2020"
"ENBCN","ENBRIDGE INC 60NC10 RegS","Energy","Fixed Income","3,257,021.82","0.12","3,257,021.82","2,630,000.00","2,630,000.00","119.82","Canada","-","CAD","5.70","1.00","Jan 15, 2084","8.75","CAD","Sep 29, 2023"
"KEYCN","KEYERA CORP RegS","Energy","Fixed Income","3,245,356.86","0.12","3,245,356.86","3,235,000.00","3,235,000.00","99.25","Canada","-","CAD","6.17","1.00","Apr 15, 2033","4.20","CAD","Sep 29, 2025"
"IPLCN","INTER PIPELINE LTD","Energy","Fixed Income","3,225,109.39","0.12","3,225,109.39","3,226,000.00","3,226,000.00","99.58","Canada","-","CAD","5.19","1.00","Nov 25, 2031","3.98","CAD","Nov 25, 2021"
"GLENLN","GLENCORE FINANCE CANADA LTD RegS","Industrial","Fixed Income","3,220,304.34","0.12","3,220,304.34","3,230,000.00","3,230,000.00","98.79","Switzerland","-","CAD","5.83","1.00","Oct 10, 2032","4.04","CAD","Oct 10, 2025"
"HTHROW","HEATHROW FUNDING LTD RegS","Infrastructure","Fixed Income","3,219,423.56","0.12","3,219,423.56","3,090,000.00","3,090,000.00","102.22","United Kingdom","-","CAD","8.65","1.00","Aug 6, 2037","4.90","CAD","Aug 6, 2025"
"BCECN","BELL CANADA INC","Communication","Fixed Income","3,214,665.45","0.11","3,214,665.45","3,250,000.00","3,250,000.00","98.29","Canada","-","CAD","1.58","1.00","Aug 16, 2027","1.65","CAD","Aug 14, 2020"
"BMO","BANK OF MONTREAL","Financial","Fixed Income","3,209,171.55","0.11","3,209,171.55","3,000,000.00","3,000,000.00","105.81","Canada","-","CAD","1.71","1.00","Oct 27, 2032","6.53","CAD","Oct 27, 2022"
"PPLCN","PEMBINA PIPELINE CORP RegS","Energy","Fixed Income","3,205,030.64","0.11","3,205,030.64","3,158,000.00","3,158,000.00","100.61","Canada","-","CAD","2.97","1.00","Apr 3, 2029","3.62","CAD","Apr 3, 2019"
"CVECN","CENOVUS ENERGY INC","Energy","Fixed Income","3,199,783.29","0.11","3,199,783.29","3,190,000.00","3,190,000.00","99.83","Canada","-","CAD","6.14","1.00","Mar 20, 2033","4.25","CAD","Nov 20, 2025"
"TRPCN","TRANSCANADA PIPELINES LTD MTN RegS","Energy","Fixed Income","3,191,316.38","0.11","3,191,316.38","3,201,000.00","3,201,000.00","98.84","Canada","-","CAD","3.45","1.00","Sep 18, 2029","3.00","CAD","Sep 18, 2019"
"PLD","PROLOGIS LP","Real Estate","Fixed Income","3,177,492.42","0.11","3,177,492.42","3,220,000.00","3,220,000.00","98.04","United States","-","CAD","5.42","1.00","Feb 15, 2032","3.60","CAD","Oct 27, 2025"
"COAGAS","COASTAL GASLINK PIPELINE LP","Energy","Fixed Income","3,176,620.26","0.11","3,176,620.26","2,925,000.00","2,925,000.00","107.29","Canada","-","CAD","6.99","1.00","Sep 30, 2034","5.19","CAD","Jun 13, 2024"
"BRUPOW","BRUCE POWER LP RegS","Energy","Fixed Income","3,175,892.34","0.11","3,175,892.34","3,180,000.00","3,180,000.00","99.59","Canada","-","CAD","7.95","1.00","Dec 21, 2035","4.41","CAD","Dec 8, 2025"
"HYDONE","HYDRO ONE INC MTN","Infrastructure","Fixed Income","3,162,757.40","0.11","3,162,757.40","3,077,000.00","3,077,000.00","102.45","Canada","-","CAD","3.53","1.00","Nov 30, 2029","3.93","CAD","Jan 27, 2023"
"ENBCN","ENBRIDGE INC","Energy","Fixed Income","3,162,269.65","0.11","3,162,269.65","3,103,000.00","3,103,000.00","99.67","Canada","-","CAD","4.83","1.00","Jan 19, 2082","5.00","CAD","Jan 19, 2022"
"BCECN","BELL CANADA MTN RegS","Communication","Fixed Income","3,158,886.64","0.11","3,158,886.64","2,955,000.00","2,955,000.00","105.36","Canada","-","CAD","2.85","1.00","Mar 15, 2029","5.25","CAD","Nov 14, 2023"
"DE","JOHN DEERE FINANCIAL INC","Financial","Fixed Income","3,139,442.48","0.11","3,139,442.48","2,945,000.00","2,945,000.00","105.09","United States","-","CAD","2.50","1.00","Sep 15, 2028","5.17","CAD","Sep 15, 2023"
"BNCN","BROOKFIELD FINANCE II INC MTN RegS","Industrial","Fixed Income","3,137,680.29","0.11","3,137,680.29","3,050,000.00","3,050,000.00","102.58","Canada","-","CAD","14.67","1.00","Dec 11, 2055","5.40","CAD","Dec 11, 2025"
"PLENCS","PLENARY PROPERTIES LTAP LP","Infrastructure","Fixed Income","3,134,751.84","0.11","3,134,751.84","2,698,487.00","2,698,487.00","113.53","Canada","-","CAD","7.53","1.00","Jan 31, 2044","6.29","CAD","Jan 31, 2011"
"BCECN","BELL TELEPHONE COMPANY OF CANADA O MTN RegS","Communication","Fixed Income","3,128,602.56","0.11","3,128,602.56","3,065,000.00","3,065,000.00","100.44","Canada","-","CAD","6.04","1.00","Mar 14, 2033","4.30","CAD","Aug 14, 2025"
"F","FORD CREDIT CANADA CO","Financial","Fixed Income","3,124,543.57","0.11","3,124,543.57","3,050,000.00","3,050,000.00","100.43","United States","-","CAD","1.90","1.00","Jan 10, 2028","4.22","CAD","Jan 9, 2025"
"F","FORD CREDIT CANADA CO","Financial","Fixed Income","3,121,401.32","0.11","3,121,401.32","2,974,000.00","2,974,000.00","102.81","United States","-","CAD","2.77","1.00","Feb 9, 2029","5.44","CAD","Jan 9, 2024"
"CPXCN","CAPITAL POWER CORP MTN","Energy","Fixed Income","3,114,420.64","0.11","3,114,420.64","2,964,000.00","2,964,000.00","103.67","Canada","-","CAD","4.87","1.00","Sep 16, 2031","4.83","CAD","Sep 16, 2024"
"KEYCN","KEYERA CORP RegS","Energy","Fixed Income","3,107,983.10","0.11","3,107,983.10","3,095,000.00","3,095,000.00","99.48","Canada","-","CAD","4.32","1.00","Oct 15, 2030","3.70","CAD","Sep 29, 2025"
"QBRCN","VIDEOTRON LTD","Communication","Fixed Income","3,082,181.08","0.11","3,082,181.08","3,135,000.00","3,135,000.00","96.87","Canada","-","CAD","4.52","1.00","Jan 15, 2031","3.13","CAD","Jan 22, 2021"
"BIP","BROOKFIELD INFRASTRUCTURE FINANCE","Infrastructure","Fixed Income","3,067,812.22","0.11","3,067,812.22","3,058,000.00","3,058,000.00","99.55","Canada","-","CAD","3.47","1.00","Oct 9, 2029","3.41","CAD","Oct 3, 2019"
"MFCCN","MANULIFE BANK OF CANADA","Financial","Fixed Income","3,066,434.54","0.11","3,066,434.54","2,970,000.00","2,970,000.00","101.81","Canada","-","CAD","2.02","1.00","Feb 22, 2028","3.99","CAD","Aug 22, 2024"
"WSPCN","WSP GLOBAL INC","Industrial","Fixed Income","3,064,783.47","0.11","3,064,783.47","2,963,000.00","2,963,000.00","102.00","Canada","-","CAD","6.97","1.00","Sep 12, 2034","4.75","CAD","Sep 12, 2024"
"BRUPOW","BRUCE POWER LP RegS","Energy","Fixed Income","3,064,327.23","0.11","3,064,327.23","3,070,000.00","3,070,000.00","99.70","Canada","-","CAD","7.36","1.00","Dec 21, 2034","4.27","CAD","Dec 12, 2024"
"TRPCN","TRANSCANADA PIPELINES LTD MTN","Energy","Fixed Income","3,053,935.11","0.11","3,053,935.11","3,012,000.00","3,012,000.00","100.40","Canada","-","CAD","2.02","1.00","Mar 15, 2028","3.39","CAD","Sep 15, 2017"
"SAPCN","SAPUTO INC MTN","Industrial","Fixed Income","3,053,379.08","0.11","3,053,379.08","3,081,000.00","3,081,000.00","99.01","Canada","-","CAD","1.42","1.00","Jun 16, 2027","2.24","CAD","Jun 16, 2020"
"CHPUCN","CHOICE PROPERTIES REAL ESTATE INVE","Real Estate","Fixed Income","3,043,703.97","0.11","3,043,703.97","3,028,000.00","3,028,000.00","100.33","Canada","-","CAD","3.17","1.00","Jun 11, 2029","3.53","CAD","Jun 11, 2019"
"NWRWPT","NORTH WEST REDWATER PARTNERSHIP /","Energy","Fixed Income","3,038,909.02","0.11","3,038,909.02","3,182,000.00","3,182,000.00","95.20","Canada","-","CAD","7.81","1.00","Jun 1, 2035","3.65","CAD","May 19, 2017"
"BIP","BROOKFIELD INFRASTRUCTURE FINANCE","Infrastructure","Fixed Income","3,037,719.80","0.11","3,037,719.80","2,941,000.00","2,941,000.00","102.01","Canada","-","CAD","2.34","1.00","Sep 11, 2028","4.19","CAD","Sep 10, 2018"
"BPCGEN","BPC GENERATION INFRASTRUCTURE TRUS RegS","Energy","Fixed Income","3,037,672.29","0.11","3,037,672.29","3,010,000.00","3,010,000.00","99.95","Canada","-","CAD","4.28","1.00","Sep 29, 2030","3.79","CAD","Sep 29, 2025"
"TCN","TELUS CORPORATION","Communication","Fixed Income","3,036,792.78","0.11","3,036,792.78","2,880,000.00","2,880,000.00","103.66","Canada","-","CAD","4.79","1.00","Aug 13, 2031","4.65","CAD","Aug 13, 2024"
"OXPROP","OXFORD PROPERTIES GROUP TRUST RegS","Real Estate","Fixed Income","3,019,791.28","0.11","3,019,791.28","3,020,000.00","3,020,000.00","99.52","Canada","-","CAD","4.41","1.00","Nov 13, 2030","3.60","CAD","Nov 13, 2025"
"BAMREP","BROOKFIELD RENEWABLE PARTNERS ULC","Energy","Fixed Income","3,016,688.11","0.11","3,016,688.11","2,893,000.00","2,893,000.00","102.31","Canada","-","CAD","2.63","1.00","Jan 15, 2029","4.25","CAD","Sep 20, 2018"
"ENBCN","ENBRIDGE INC MTN","Energy","Fixed Income","3,007,654.85","0.11","3,007,654.85","2,930,000.00","2,930,000.00","101.05","Canada","-","CAD","7.30","1.00","Feb 25, 2035","4.56","CAD","Feb 25, 2025"
"GM","GENERAL MOTORS FINANCIAL OF CANADA RegS","Financial","Fixed Income","3,007,211.22","0.11","3,007,211.22","3,010,000.00","3,010,000.00","99.24","United States","-","CAD","4.37","1.00","Nov 7, 2030","3.80","CAD","Oct 28, 2025"
"PPLCN","PEMBINA PIPELINE CORP MTN","Energy","Fixed Income","3,003,903.21","0.11","3,003,903.21","3,293,000.00","3,293,000.00","90.11","Canada","-","CAD","13.44","1.00","Apr 3, 2049","4.54","CAD","Apr 3, 2019"
"EQIX","EQUINIX CANADA FINANCING LTD","Real Estate","Fixed Income","3,003,531.95","0.11","3,003,531.95","3,035,000.00","3,035,000.00","98.56","United States","-","CAD","5.93","1.00","Nov 15, 2032","4.00","CAD","Nov 24, 2025"
"BCECN","BELL TELEPHONE COMPANY OF CANADA O MTN RegS","Communication","Fixed Income","2,981,499.47","0.11","2,981,499.47","2,835,000.00","2,835,000.00","104.50","Canada","-","CAD","2.59","1.00","Nov 14, 2028","5.15","CAD","Aug 11, 2023"
"SNCINN","SNC-LAVALIN INNISFREE MCGILL FINAN 144A","Infrastructure","Fixed Income","2,964,206.90","0.11","2,964,206.90","2,535,012.00","2,535,012.00","116.93","Canada","-","CAD","7.96","1.00","Jun 30, 2044","6.63","CAD","Jul 15, 2010"
"HYDONE","HYDRO ONE INC MTN","Infrastructure","Fixed Income","2,959,087.17","0.11","2,959,087.17","2,691,000.00","2,691,000.00","109.36","Canada","-","CAD","8.00","1.00","May 20, 2036","5.36","CAD","May 19, 2005"
"PPLCN","PEMBINA PIPELINE CORP MTN RegS","Energy","Fixed Income","2,955,015.25","0.11","2,955,015.25","2,882,000.00","2,882,000.00","101.49","Canada","-","CAD","1.94","1.00","Mar 27, 2028","4.02","CAD","Mar 26, 2018"
"IPLCN","INTER PIPELINE LTD","Energy","Fixed Income","2,945,721.38","0.11","2,945,721.38","2,702,000.00","2,702,000.00","108.33","Canada","-","CAD","5.20","1.00","May 18, 2032","5.85","CAD","May 18, 2022"
"DEF","DEFINITY FINANCIAL CORP RegS","Financial","Fixed Income","2,945,076.81","0.11","2,945,076.81","2,920,000.00","2,920,000.00","99.74","Canada","-","CAD","4.24","1.00","Sep 12, 2030","3.71","CAD","Sep 12, 2025"
"DE","JOHN DEERE FINANCIAL INC MTN","Financial","Fixed Income","2,930,813.09","0.10","2,930,813.09","2,790,000.00","2,790,000.00","102.97","United States","-","CAD","2.34","1.00","Jul 11, 2028","4.38","CAD","Jul 11, 2024"
"GM","GENERAL MOTORS FINANCIAL OF CANADA","Financial","Fixed Income","2,929,166.82","0.10","2,929,166.82","2,764,000.00","2,764,000.00","104.00","United States","-","CAD","2.77","1.00","Feb 9, 2029","5.00","CAD","Feb 9, 2024"
"CHPUCN","CHOICE PROPERTIES REAL ESTATE INVE","Real Estate","Fixed Income","2,928,378.91","0.10","2,928,378.91","2,657,000.00","2,657,000.00","110.10","Canada","-","CAD","5.28","1.00","Jun 24, 2032","6.00","CAD","Jun 24, 2022"
"RCICN","ROGERS COMMUNICATIONS INC","Communication","Fixed Income","2,927,322.78","0.10","2,927,322.78","2,833,000.00","2,833,000.00","102.62","Canada","-","CAD","2.45","1.00","Nov 2, 2028","4.40","CAD","Apr 3, 2023"
"HYDONE","HYDRO ONE INC 3.63 6/49 MTN","Infrastructure","Fixed Income","2,922,953.50","0.10","2,922,953.50","3,500,000.00","3,500,000.00","83.45","Canada","-","CAD","14.69","1.00","Jun 25, 2049","3.63","CAD","Jun 26, 2018"
"BCECN","BELL TELEPHONE COMPANY OF CANADA O MTN RegS","Communication","Fixed Income","2,920,190.61","0.10","2,920,190.61","2,840,000.00","2,840,000.00","101.03","Canada","-","CAD","7.89","1.00","Mar 14, 2036","4.70","CAD","Aug 14, 2025"
"VTR","VENTAS CANADA FINANCE LTD","Real Estate","Fixed Income","2,918,013.57","0.10","2,918,013.57","2,753,000.00","2,753,000.00","104.36","United States","-","CAD","2.83","1.00","Mar 5, 2029","5.10","CAD","Mar 5, 2024"
"NEE","NEXTERA ENERGY CAPITAL HOLDINGS IN","Energy","Fixed Income","2,905,895.38","0.10","2,905,895.38","2,875,000.00","2,875,000.00","100.88","United States","-","CAD","4.04","1.00","Jun 12, 2030","3.83","CAD","Jun 12, 2025"
"CNQCN","CANADIAN NATURAL RESOURCES LTD MTN RegS","Energy","Fixed Income","2,898,482.64","0.10","2,898,482.64","2,900,000.00","2,900,000.00","99.74","Canada","-","CAD","2.78","1.00","Dec 8, 2028","3.30","CAD","Dec 8, 2025"
"CPXCN","CAPITAL POWER CORP MTN RegS","Energy","Fixed Income","2,888,319.26","0.10","2,888,319.26","2,895,000.00","2,895,000.00","99.22","Canada","-","CAD","6.01","1.00","Jan 14, 2033","4.23","CAD","Nov 14, 2025"
"BRUPOW","BRUCE POWER LP","Energy","Fixed Income","2,883,673.28","0.10","2,883,673.28","2,765,000.00","2,765,000.00","104.16","Canada","-","CAD","4.76","1.00","Jun 21, 2031","4.70","CAD","Mar 12, 2024"
"NOVERC","NOVERCO INC","Energy","Fixed Income","2,876,897.38","0.10","2,876,897.38","2,772,000.00","2,772,000.00","101.83","Canada","-","CAD","7.23","1.00","Jan 28, 2035","4.57","CAD","Jan 28, 2025"
"PPLCN","PEMBINA PIPELINE CORP MTN RegS","Energy","Fixed Income","2,858,070.73","0.10","2,858,070.73","2,645,000.00","2,645,000.00","105.60","Canada","-","CAD","6.37","1.00","Jan 12, 2034","5.21","CAD","Jan 12, 2024"
"TCN","TELUS CORPORATION","Communication","Fixed Income","2,856,711.76","0.10","2,856,711.76","2,703,000.00","2,703,000.00","104.41","Canada","-","CAD","5.95","1.00","Mar 28, 2033","4.95","CAD","Mar 28, 2023"
"SLFCN","SUN LIFE FINANCIAL INC","Financial","Fixed Income","2,856,798.82","0.10","2,856,798.82","3,026,000.00","3,026,000.00","93.89","Canada","-","CAD","4.41","1.00","Oct 1, 2035","2.06","CAD","Oct 1, 2020"
"TCN","TELUS CORPORATION","Communication","Fixed Income","2,854,857.58","0.10","2,854,857.58","2,673,000.00","2,673,000.00","104.97","Canada","-","CAD","4.39","1.00","Feb 18, 2031","4.95","CAD","Feb 15, 2024"
"HNDA","HONDA CANADA FINANCE INC","Financial","Fixed Income","2,853,367.95","0.10","2,853,367.95","2,909,000.00","2,909,000.00","97.51","Canada","-","CAD","2.08","1.00","Feb 25, 2028","1.65","CAD","Feb 25, 2021"
"COAGAS","COASTAL GASLINK PIPELINE LP","Energy","Fixed Income","2,827,679.04","0.10","2,827,679.04","2,670,000.00","2,670,000.00","105.89","Canada","-","CAD","4.83","1.00","Jun 30, 2031","4.91","CAD","Jun 13, 2024"
"TCN","TELUS CORPORATION","Communication","Fixed Income","2,819,940.50","0.10","2,819,940.50","2,832,000.00","2,832,000.00","98.42","Canada","-","CAD","3.80","1.00","Feb 19, 2030","3.15","CAD","Dec 16, 2019"
"RCICN","ROGERS COMMUNICATIONS INC.","Communication","Fixed Income","2,814,871.57","0.10","2,814,871.57","2,815,000.00","2,815,000.00","99.46","Canada","-","CAD","3.10","1.00","May 1, 2029","3.25","CAD","Apr 30, 2019"
"VTR","VENTAS CANADA FINANCE LTD","Real Estate","Fixed Income","2,813,729.11","0.10","2,813,729.11","2,669,000.00","2,669,000.00","104.37","United States","-","CAD","2.08","1.00","Apr 21, 2028","5.40","CAD","Apr 21, 2023"
"TCN","TELUS CORPORATION","Communication","Fixed Income","2,812,030.75","0.10","2,812,030.75","2,628,000.00","2,628,000.00","105.32","Canada","-","CAD","13.61","1.00","Sep 13, 2052","5.65","CAD","Sep 13, 2022"
"SLFCN","SUN LIFE FINANCIAL INC","Financial","Fixed Income","2,809,073.84","0.10","2,809,073.84","2,651,000.00","2,651,000.00","104.09","Canada","-","CAD","1.49","1.00","Aug 10, 2034","4.78","CAD","Aug 10, 2022"
"MFCCN","MANULIFE FINANCE DELAWARE LP","Financial","Fixed Income","2,805,923.61","0.10","2,805,923.61","2,733,000.00","2,733,000.00","102.45","Canada","-","CAD","8.38","1.00","Dec 15, 2041","5.06","CAD","Dec 14, 2006"
"NWRWPT","NORTH WEST REDWATER PARTNERSHIP RegS","Energy","Fixed Income","2,802,467.22","0.10","2,802,467.22","2,764,000.00","2,764,000.00","101.05","Canada","-","CAD","6.25","1.00","Jun 1, 2033","4.15","CAD","Jun 10, 2016"
"DE","JOHN DEERE FINANCIAL INC MTN","Financial","Fixed Income","2,797,541.04","0.10","2,797,541.04","2,660,000.00","2,660,000.00","104.05","United States","-","CAD","2.99","1.00","Apr 4, 2029","4.63","CAD","Apr 4, 2024"
"SLFCN","SUN LIFE FINANCIAL INC RegS","Financial","Fixed Income","2,769,603.45","0.10","2,769,603.45","2,520,000.00","2,520,000.00","107.19","Canada","-","CAD","3.91","1.00","Jul 4, 2035","5.50","CAD","Jul 4, 2023"
"NWRWPT","NORTH WEST REDWATER PARTNERSHIP","Energy","Fixed Income","2,758,147.66","0.10","2,758,147.66","2,690,000.00","2,690,000.00","102.12","Canada","-","CAD","14.79","1.00","Jun 1, 2054","5.08","CAD","Jun 14, 2024"
"MFCCN","MANULIFE BANK OF CANADA","Financial","Fixed Income","2,750,047.72","0.10","2,750,047.72","2,716,000.00","2,716,000.00","100.18","Canada","-","CAD","1.09","1.00","Feb 16, 2027","2.86","CAD","Feb 16, 2022"
"GTAAIR","GREATER TORONTO AIRPORTS AUTHORITY","Infrastructure","Fixed Income","2,747,636.09","0.10","2,747,636.09","3,045,000.00","3,045,000.00","89.97","Canada","-","CAD","9.27","1.00","Jun 1, 2037","3.26","CAD","Mar 29, 2018"
"BRUPOW","BRUCE POWER LP RegS","Energy","Fixed Income","2,747,254.86","0.10","2,747,254.86","2,704,000.00","2,704,000.00","101.49","Canada","-","CAD","4.00","1.00","Jun 21, 2030","4.00","CAD","Apr 9, 2020"
"ALTALK","ALTALINK LP","Infrastructure","Fixed Income","2,739,946.20","0.10","2,739,946.20","2,465,000.00","2,465,000.00","109.94","Canada","-","CAD","14.88","1.00","Oct 11, 2055","5.46","CAD","Oct 11, 2023"
"COAGAS","COASTAL GASLINK PIPELINE LP","Energy","Fixed Income","2,736,201.05","0.10","2,736,201.05","2,495,000.00","2,495,000.00","108.31","Canada","-","CAD","8.13","1.00","Sep 30, 2036","5.39","CAD","Jun 13, 2024"
"COAGAS","COASTAL GASLINK PIPELINE LP","Energy","Fixed Income","2,734,288.33","0.10","2,734,288.33","2,586,000.00","2,586,000.00","104.55","Canada","-","CAD","3.41","1.00","Sep 30, 2029","4.69","CAD","Jun 13, 2024"
"F","FORD CREDIT CANADA CO RegS","Financial","Fixed Income","2,717,164.15","0.10","2,717,164.15","2,640,000.00","2,640,000.00","102.38","United States","-","CAD","2.17","1.00","May 23, 2028","5.24","CAD","May 23, 2024"
"FFHCN","FAIRFAX FINANCIAL HOLDINGS LTD","Financial","Fixed Income","2,710,831.59","0.10","2,710,831.59","2,657,000.00","2,657,000.00","101.73","Canada","-","CAD","1.62","1.00","Dec 6, 2027","4.25","CAD","Dec 4, 2017"
"ENBCN","ENBRIDGE INC MTN","Energy","Fixed Income","2,701,058.34","0.10","2,701,058.34","2,600,000.00","2,600,000.00","102.38","Canada","-","CAD","3.72","1.00","Feb 22, 2030","4.21","CAD","Aug 22, 2024"
"NWRWPT","NORTH WEST REDWATER PARTNERSHIP / RegS","Energy","Fixed Income","2,697,291.48","0.10","2,697,291.48","2,931,000.00","2,931,000.00","90.23","Canada","-","CAD","12.26","1.00","Jul 22, 2044","4.05","CAD","Jul 23, 2014"
"ATIMLP","ATHABASCA INDIGENOUS MIDSTREAM LP","Energy","Fixed Income","2,696,669.21","0.10","2,696,669.21","2,484,923.00","2,484,923.00","107.59","Canada","-","CAD","7.06","1.00","Feb 5, 2042","6.07","CAD","Oct 5, 2022"
"CNHI","CNH INDUSTRIAL CAPITAL CANADA LTD RegS","Financial","Fixed Income","2,696,645.03","0.10","2,696,645.03","2,680,000.00","2,680,000.00","100.35","United States","-","CAD","3.18","1.00","Jun 5, 2029","3.75","CAD","Jun 5, 2025"
"DOLCN","DOLLARAMA INC","Industrial","Fixed Income","2,689,638.59","0.10","2,689,638.59","2,510,000.00","2,510,000.00","105.70","Canada","-","CAD","2.44","1.00","Sep 26, 2028","5.53","CAD","Sep 26, 2023"
"ONTPOW","ONTARIO POWER GENERATION INC MTN","Energy","Fixed Income","2,688,881.19","0.10","2,688,881.19","2,690,000.00","2,690,000.00","99.92","Canada","-","CAD","14.87","1.00","Jun 28, 2054","4.99","CAD","Jun 28, 2024"
"OMERS","OMERS REALTY CORP","Real Estate","Fixed Income","2,687,999.27","0.10","2,687,999.27","2,520,000.00","2,520,000.00","105.97","Canada","-","CAD","2.51","1.00","Nov 14, 2028","5.38","CAD","Nov 14, 2022"
"TCN","TELUS CORPORATION","Communication","Fixed Income","2,687,711.09","0.10","2,687,711.09","2,634,000.00","2,634,000.00","100.84","Canada","-","CAD","1.92","1.00","Mar 1, 2028","3.63","CAD","Mar 1, 2018"
"ENBPIP","ENBRIDGE PIPELINES INC MTN","Energy","Fixed Income","2,686,946.30","0.10","2,686,946.30","2,990,000.00","2,990,000.00","88.31","Canada","-","CAD","13.53","1.00","Feb 22, 2049","4.33","CAD","Feb 22, 2019"
"GM","GENERAL MOTORS FINANCIAL OF CANADA","Financial","Fixed Income","2,684,049.61","0.10","2,684,049.61","2,523,000.00","2,523,000.00","104.01","United States","-","CAD","2.33","1.00","Jul 14, 2028","5.10","CAD","May 2, 2024"
"EPCOR","EPCOR UTILITIES INC MTN RegS","Infrastructure","Fixed Income","2,683,417.91","0.10","2,683,417.91","2,475,000.00","2,475,000.00","107.12","Canada","-","CAD","14.45","1.00","Oct 3, 2053","5.33","CAD","Oct 3, 2023"
"TCN","TELUS CORPORATION","Communication","Fixed Income","2,682,202.78","0.10","2,682,202.78","2,759,000.00","2,759,000.00","95.04","Canada","-","CAD","11.88","1.00","Jan 17, 2045","4.75","CAD","Sep 15, 2014"
"CNQCN","CANADIAN NATURAL RESOURCES LTD MTN RegS","Energy","Fixed Income","2,678,272.29","0.10","2,678,272.29","2,680,000.00","2,680,000.00","99.65","Canada","-","CAD","7.99","1.00","Feb 8, 2036","4.55","CAD","Dec 8, 2025"
"ARXCN","ARC RESOURCES LTD RegS","Energy","Fixed Income","2,677,524.75","0.10","2,677,524.75","2,660,000.00","2,660,000.00","100.52","Canada","-","CAD","2.35","1.00","Jun 17, 2028","3.58","CAD","Jun 17, 2025"
"ENBCN","ENBRIDGE INC MTN","Energy","Fixed Income","2,664,061.08","0.10","2,664,061.08","2,560,000.00","2,560,000.00","103.60","Canada","-","CAD","2.18","1.00","May 26, 2028","4.90","CAD","May 26, 2023"
"BNP","BNP PARIBAS SA MTN","Financial","Fixed Income","2,660,492.25","0.10","2,660,492.25","2,600,000.00","2,600,000.00","100.86","France","-","CAD","4.15","1.00","Sep 3, 2035","4.49","CAD","Sep 3, 2025"
"QBRCN","VIDEOTRON LTD RegS","Communication","Fixed Income","2,659,270.42","0.10","2,659,270.42","2,510,000.00","2,510,000.00","103.79","Canada","-","CAD","3.14","1.00","Jul 15, 2029","4.65","CAD","Jun 21, 2024"
"ETRHWY","407 INTERNATIONAL INC MTN","Infrastructure","Fixed Income","2,639,890.81","0.09","2,639,890.81","3,029,000.00","3,029,000.00","86.01","Canada","-","CAD","12.70","1.00","Sep 8, 2044","3.65","CAD","Sep 8, 2017"
"GTAAIR","GREATER TORONTO AIRPORTS AUTHORITY MTN 144A","Infrastructure","Fixed Income","2,634,945.90","0.09","2,634,945.90","2,218,000.00","2,218,000.00","116.12","Canada","-","CAD","6.30","1.00","Feb 2, 2034","6.47","CAD","Feb 2, 2004"
"GTAAIR","GREATER TORONTO AIRPORTS AUTHORITY MTN","Infrastructure","Fixed Income","2,617,177.22","0.09","2,617,177.22","2,197,000.00","2,197,000.00","117.65","Canada","-","CAD","5.47","1.00","Oct 15, 2032","6.98","CAD","Oct 15, 2002"
"TRPCN","TRANSCANADA PIPELINES LTD MTN","Energy","Fixed Income","2,615,348.22","0.09","2,615,348.22","2,906,000.00","2,906,000.00","89.70","Canada","-","CAD","12.85","1.00","Jun 6, 2046","4.35","CAD","Jun 6, 2016"
"GTAAIR","GREATER TORONTO AIRPORTS AUTHORITY MTN 144A","Infrastructure","Fixed Income","2,610,119.24","0.09","2,610,119.24","2,235,000.00","2,235,000.00","116.26","Canada","-","CAD","4.57","1.00","Jun 4, 2031","7.10","CAD","Jun 4, 2001"
"HYDONE","HYDRO ONE INC MTN RegS","Infrastructure","Fixed Income","2,603,401.02","0.09","2,603,401.02","2,545,000.00","2,545,000.00","100.91","Canada","-","CAD","5.71","1.00","Aug 25, 2032","3.94","CAD","Aug 25, 2025"
"BCECN","BELL CANADA MTN","Communication","Fixed Income","2,602,089.61","0.09","2,602,089.61","2,828,000.00","2,828,000.00","90.48","Canada","-","CAD","12.85","1.00","Feb 27, 2047","4.45","CAD","Feb 27, 2017"
"PPLCN","PEMBINA PIPELINE CORP MTN","Energy","Fixed Income","2,596,929.22","0.09","2,596,929.22","2,688,000.00","2,688,000.00","95.33","Canada","-","CAD","11.63","1.00","Mar 25, 2044","4.81","CAD","Apr 4, 2014"
"WSPCN","WSP GLOBAL INC","Industrial","Fixed Income","2,593,561.28","0.09","2,593,561.28","2,515,000.00","2,515,000.00","101.88","Canada","-","CAD","3.35","1.00","Sep 12, 2029","4.12","CAD","Sep 12, 2024"
"GIBACN","CGI INC","Industrial","Fixed Income","2,562,390.38","0.09","2,562,390.38","2,622,000.00","2,622,000.00","97.13","Canada","-","CAD","2.60","1.00","Sep 18, 2028","2.10","CAD","Sep 16, 2021"
"ONTPOW","ONTARIO POWER GENERATION INC MTN","Energy","Fixed Income","2,556,027.39","0.09","2,556,027.39","2,505,000.00","2,505,000.00","100.75","Canada","-","CAD","7.41","1.00","Mar 13, 2035","4.32","CAD","Mar 13, 2025"
"HNDA","HONDA CANADA FINANCE INC","Financial","Fixed Income","2,551,560.76","0.09","2,551,560.76","2,510,000.00","2,510,000.00","101.24","Canada","-","CAD","4.00","1.00","May 22, 2030","3.87","CAD","May 22, 2025"
"APUCN","ALLIED PROPERTIES REAL ESTATE INVE","Real Estate","Fixed Income","2,548,083.78","0.09","2,548,083.78","2,755,000.00","2,755,000.00","91.24","Canada","-","CAD","5.42","1.00","Feb 6, 2032","3.10","CAD","Aug 6, 2021"
"MFCCN","MANULIFE BANK OF CANADA","Financial","Fixed Income","2,534,753.23","0.09","2,534,753.23","2,410,000.00","2,410,000.00","103.76","Canada","-","CAD","2.92","1.00","Mar 8, 2029","4.55","CAD","Mar 8, 2024"
"PPLCN","PEMBINA PIPELINE CORP MTN RegS","Energy","Fixed Income","2,527,791.09","0.09","2,527,791.09","2,489,000.00","2,489,000.00","101.37","Canada","-","CAD","1.17","1.00","Jun 15, 2027","4.24","CAD","Jun 16, 2015"
"CIXCN","CI FINANCIAL CORP","Financial","Fixed Income","2,525,659.29","0.09","2,525,659.29","2,465,000.00","2,465,000.00","101.30","Canada","-","CAD","2.12","1.00","Apr 3, 2028","4.75","CAD","Apr 1, 2025"
"BPCGEN","BPC GENERATION INFRASTRUCTURE TRUS RegS","Energy","Fixed Income","2,507,095.79","0.09","2,507,095.79","2,480,000.00","2,480,000.00","99.92","Canada","-","CAD","7.69","1.00","Sep 29, 2035","4.61","CAD","Sep 29, 2025"
"ENBCN","ENBRIDGE INC MTN","Energy","Fixed Income","2,504,149.67","0.09","2,504,149.67","2,720,000.00","2,720,000.00","90.60","Canada","-","CAD","11.35","1.00","Aug 27, 2042","4.24","CAD","Aug 27, 2012"
"NWRWPT","NORTH WEST REDWATER PARTNERSHIP","Energy","Fixed Income","2,501,090.20","0.09","2,501,090.20","3,000,000.00","3,000,000.00","83.06","Canada","-","CAD","15.05","1.00","Jun 1, 2051","3.75","CAD","Jun 30, 2021"
"ATDBCN","ALIMENTATION COUCHE-TARD INC RegS","Industrial","Fixed Income","2,500,252.70","0.09","2,500,252.70","2,505,000.00","2,505,000.00","98.79","Canada","-","CAD","5.82","1.00","Sep 26, 2032","3.86","CAD","Sep 26, 2025"
"WSPCN","WSP GLOBAL INC RegS","Industrial","Fixed Income","2,499,421.10","0.09","2,499,421.10","2,320,000.00","2,320,000.00","107.14","Canada","-","CAD","4.18","1.00","Nov 22, 2030","5.55","CAD","Nov 22, 2023"
"BCECN","BELL CANADA INC MTN","Communication","Fixed Income","2,491,644.39","0.09","2,491,644.39","2,516,000.00","2,516,000.00","98.14","Canada","-","CAD","3.44","1.00","Sep 10, 2029","2.90","CAD","Sep 10, 2019"
"ALACN","ALTAGAS LTD MTN RegS","Energy","Fixed Income","2,489,532.07","0.09","2,489,532.07","2,345,000.00","2,345,000.00","104.51","Canada","-","CAD","13.96","1.00","Mar 14, 2054","5.60","CAD","Mar 14, 2024"
"HYDONE","HYDRO ONE INC","Infrastructure","Fixed Income","2,487,978.64","0.09","2,487,978.64","2,475,000.00","2,475,000.00","99.80","Canada","-","CAD","3.04","1.00","Apr 5, 2029","3.02","CAD","Apr 5, 2019"
"ONTPOW","ONTARIO POWER GENERATION INC MTN","Energy","Fixed Income","2,485,937.49","0.09","2,485,937.49","2,490,000.00","2,490,000.00","98.95","Canada","-","CAD","3.44","1.00","Sep 13, 2029","2.98","CAD","Sep 13, 2019"
"TCN","TELUS CORPORATION","Communication","Fixed Income","2,484,059.89","0.09","2,484,059.89","2,230,000.00","2,230,000.00","109.53","Canada","-","CAD","13.66","1.00","Sep 8, 2053","5.95","CAD","Sep 8, 2023"
"CUCN","CU INC","Energy","Fixed Income","2,482,053.36","0.09","2,482,053.36","2,447,000.00","2,447,000.00","99.97","Canada","-","CAD","11.61","1.00","Sep 9, 2043","4.72","CAD","Sep 9, 2013"
"CRSLNX","CROSSLINX TRANSIT SOLUTIONS GENERA RegS","Infrastructure","Fixed Income","2,481,737.27","0.09","2,481,737.27","2,589,059.00","2,589,059.00","94.68","Canada","-","CAD","8.18","1.00","Sep 30, 2046","4.65","CAD","Jul 24, 2015"
"CHPUCN","CHOICE PROPERTIES REAL ESTATE INVE","Real Estate","Fixed Income","2,480,661.76","0.09","2,480,661.76","2,285,000.00","2,285,000.00","106.77","Canada","-","CAD","5.77","1.00","Mar 1, 2033","5.40","CAD","Mar 1, 2023"
"EMACN","EMERA INCORPORATED RegS","Infrastructure","Fixed Income","2,475,998.55","0.09","2,475,998.55","2,365,000.00","2,365,000.00","103.91","Canada","-","CAD","3.79","1.00","May 2, 2030","4.84","CAD","May 2, 2023"
"RCICN","ROGERS COMMUNICATIONS INC","Communication","Fixed Income","2,474,309.11","0.09","2,474,309.11","2,119,000.00","2,119,000.00","115.72","Canada","-","CAD","9.27","1.00","Nov 4, 2039","6.68","CAD","Nov 4, 2009"
"TCN","TELUS CORPORATION","Communication","Fixed Income","2,472,903.26","0.09","2,472,903.26","2,315,000.00","2,315,000.00","104.89","Canada","-","CAD","6.48","1.00","Feb 15, 2034","5.10","CAD","Feb 15, 2024"
"SUCN","SUNCOR ENERGY INC MTN","Energy","Fixed Income","2,466,211.57","0.09","2,466,211.57","2,465,000.00","2,465,000.00","99.67","Canada","-","CAD","1.81","1.00","Nov 14, 2027","2.95","CAD","Nov 14, 2025"
"NORCOU","NORTHERN COURIER PIPELINE LP RegS","Energy","Fixed Income","2,465,072.98","0.09","2,465,072.98","2,619,960.00","2,619,960.00","94.09","Canada","-","CAD","6.09","1.00","Jun 30, 2042","3.37","CAD","Jul 17, 2019"
"EMPACN","SOBEYS INC RegS","Industrial","Fixed Income","2,460,653.06","0.09","2,460,653.06","2,460,000.00","2,460,000.00","99.50","Canada","-","CAD","2.68","1.00","Oct 30, 2028","3.10","CAD","Oct 30, 2025"
"APUCN","ALLIED PROPERTIES REAL ESTATE INVE RegS","Real Estate","Fixed Income","2,453,001.69","0.09","2,453,001.69","2,435,000.00","2,435,000.00","99.50","Canada","-","CAD","4.94","1.00","Sep 25, 2031","4.67","CAD","Sep 25, 2025"
"REIUCN","RIOCAN REAL ESTATE INVESTMENT TRUS","Real Estate","Fixed Income","2,445,731.59","0.09","2,445,731.59","2,385,000.00","2,385,000.00","101.42","Canada","-","CAD","4.96","1.00","Oct 3, 2031","4.62","CAD","Oct 3, 2024"
"ATDBCN","ALIMENTATION COUCHE-TARD INC","Industrial","Fixed Income","2,445,660.69","0.09","2,445,660.69","2,316,000.00","2,316,000.00","103.59","Canada","-","CAD","2.75","1.00","Jan 25, 2029","4.60","CAD","Jan 25, 2024"
"MFCCN","MANULIFE FINANCIAL CORP","Financial","Fixed Income","2,443,819.00","0.09","2,443,819.00","2,415,000.00","2,415,000.00","100.78","Canada","-","CAD","3.94","1.00","May 23, 2035","3.98","CAD","May 23, 2025"
"ENBCN","ENBRIDGE INC MTN","Energy","Fixed Income","2,437,091.20","0.09","2,437,091.20","2,255,000.00","2,255,000.00","107.52","Canada","-","CAD","13.89","1.00","May 26, 2053","5.76","CAD","May 26, 2023"
"ENBCN","ENBRIDGE INC MTN","Energy","Fixed Income","2,431,484.20","0.09","2,431,484.20","2,041,000.00","2,041,000.00","118.20","Canada","-","CAD","13.39","1.00","Nov 9, 2052","6.51","CAD","Nov 9, 2022"
"GEICN","GIBSON ENERGY INC MTN","Energy","Fixed Income","2,428,542.42","0.09","2,428,542.42","2,409,000.00","2,409,000.00","99.78","Canada","-","CAD","3.40","1.00","Sep 17, 2029","3.60","CAD","Sep 17, 2019"
"GRTCN","GRANITE REIT HOLDINGS LP","Real Estate","Fixed Income","2,426,342.36","0.09","2,426,342.36","2,389,000.00","2,389,000.00","100.51","Canada","-","CAD","5.01","1.00","Oct 4, 2031","4.35","CAD","Oct 4, 2024"
"HNDA","HONDA CANADA FINANCE INC","Financial","Fixed Income","2,425,787.70","0.09","2,425,787.70","2,307,000.00","2,307,000.00","104.79","Canada","-","CAD","3.15","1.00","Jun 4, 2029","4.90","CAD","Jun 4, 2024"
"NVLAUT","NOUVELLE AUTOROUTE 30 FINANCEMENT","Infrastructure","Fixed Income","2,424,278.60","0.09","2,424,278.60","2,430,558.00","2,430,558.00","98.80","Canada","-","CAD","3.75","1.00","Mar 31, 2033","3.75","CAD","Jun 14, 2018"
"WCPCN","VEREN INC RegS","Energy","Fixed Income","2,424,407.62","0.09","2,424,407.62","2,325,000.00","2,325,000.00","104.14","Canada","-","CAD","3.12","1.00","Jun 21, 2029","4.97","CAD","Jun 21, 2024"
"GTAAIR","GREATER TORONTO AIRPORTS AUTHORITY","Infrastructure","Fixed Income","2,422,440.74","0.09","2,422,440.74","2,428,000.00","2,428,000.00","99.11","Canada","-","CAD","3.06","1.00","Apr 3, 2029","2.73","CAD","Apr 3, 2019"
"SOBOCN","SOUTH BOW CANADIAN INFRASTRUCTURE RegS","Energy","Fixed Income","2,420,009.44","0.09","2,420,009.44","2,318,000.00","2,318,000.00","102.35","Canada","-","CAD","7.13","1.00","Feb 1, 2035","4.93","CAD","Aug 28, 2024"
"AIREIN","AIMCO REALTY INVESTORS LP","Real Estate","Fixed Income","2,419,649.69","0.09","2,419,649.69","2,461,000.00","2,461,000.00","98.10","Canada","-","CAD","3.23","1.00","Jun 1, 2029","2.71","CAD","Jun 14, 2019"
"HELOCS","HELOCS TRUST","Securitized","Fixed Income","2,417,025.38","0.09","2,417,025.38","2,370,000.00","2,370,000.00","101.27","Canada","-","CAD","1.74","1.00","Oct 23, 2027","3.77","CAD","Oct 28, 2024"
"NACN","CANADIAN WESTERN BANK","Financial","Fixed Income","2,411,495.99","0.09","2,411,495.99","2,290,000.00","2,290,000.00","103.61","Canada","-","CAD","1.58","1.00","Sep 2, 2027","5.15","CAD","Sep 2, 2022"
"MRUCN","METRO INC","Industrial","Fixed Income","2,410,193.79","0.09","2,410,193.79","2,355,000.00","2,355,000.00","101.97","Canada","-","CAD","3.56","1.00","Nov 27, 2029","4.00","CAD","Nov 27, 2024"
"GM","GENERAL MOTORS FINANCIAL OF CANADA","Financial","Fixed Income","2,408,672.36","0.09","2,408,672.36","2,279,000.00","2,279,000.00","103.64","United States","-","CAD","1.89","1.00","Feb 9, 2028","5.20","CAD","Feb 9, 2023"
"AIREIN","AIMCO REALTY INVESTORS LP","Real Estate","Fixed Income","2,403,679.71","0.09","2,403,679.71","2,260,000.00","2,260,000.00","104.60","Canada","-","CAD","3.65","1.00","Feb 15, 2030","4.64","CAD","May 23, 2024"
"GLCRTR_25-1","GLCRTR_25-1 RegS","Securitized","Fixed Income","2,403,357.41","0.09","2,403,357.41","2,350,000.00","2,350,000.00","100.92","Canada","-","CAD","0.30","1.00","Sep 20, 2033","3.91","CAD","Aug 27, 2025"
"GLCRTR","GLACIER CREDIT CARD TRUST","Securitized","Fixed Income","2,402,861.06","0.09","2,402,861.06","2,230,000.00","2,230,000.00","106.16","Canada","-","CAD","2.49","1.00","Sep 20, 2028","5.68","CAD","Aug 23, 2023"
"GWOCN","GREAT-WEST LIFECO INC","Financial","Fixed Income","2,400,220.11","0.09","2,400,220.11","2,471,000.00","2,471,000.00","96.83","Canada","-","CAD","4.10","1.00","May 14, 2030","2.38","CAD","May 14, 2020"
"MRUCN","METRO INC MTN","Industrial","Fixed Income","2,399,804.83","0.09","2,399,804.83","2,380,000.00","2,380,000.00","100.60","Canada","-","CAD","1.72","1.00","Dec 6, 2027","3.39","CAD","Dec 4, 2017"
"ONCRTX","ONCOR ELECTRIC DELIVERY COMPANY LL RegS","Infrastructure","Fixed Income","2,396,093.41","0.09","2,396,093.41","2,390,000.00","2,390,000.00","99.15","United States","-","CAD","7.82","1.00","Oct 1, 2035","4.20","CAD","Sep 26, 2025"
"ETRHWY","407 INTERNATIONAL INC MTN","Infrastructure","Fixed Income","2,395,665.35","0.09","2,395,665.35","2,345,000.00","2,345,000.00","100.12","Canada","-","CAD","14.58","1.00","Jul 31, 2053","4.86","CAD","Jul 31, 2023"
"IPLCN","INTER PIPELINE LTD","Energy","Fixed Income","2,392,620.03","0.09","2,392,620.03","2,105,000.00","2,105,000.00","111.29","Canada","-","CAD","5.57","1.00","Feb 17, 2033","6.38","CAD","Nov 17, 2022"
"REIUCN","RIOCAN REAL ESTATE INVESTMENT TRUS","Real Estate","Fixed Income","2,384,751.20","0.09","2,384,751.20","2,223,000.00","2,223,000.00","105.46","Canada","-","CAD","3.56","1.00","Mar 1, 2030","5.47","CAD","Feb 12, 2024"
"CNRCN","CANADIAN NATIONAL RAILWAY COMPANY","Industrial","Fixed Income","2,382,454.12","0.09","2,382,454.12","2,285,000.00","2,285,000.00","103.44","Canada","-","CAD","14.76","1.00","May 2, 2054","5.10","CAD","May 2, 2024"
"TCN","TELUS CORPORATION","Communication","Fixed Income","2,381,824.28","0.09","2,381,824.28","2,393,000.00","2,393,000.00","98.52","Canada","-","CAD","1.99","1.00","Jan 27, 2028","2.35","CAD","May 29, 2020"
"IPLCN","INTER PIPELINE LTD MTN","Energy","Fixed Income","2,381,577.54","0.09","2,381,577.54","2,348,000.00","2,348,000.00","101.08","Canada","-","CAD","1.22","1.00","Jun 1, 2027","4.23","CAD","Jun 1, 2020"
"ARXCN","ARC RESOURCES LTD","Energy","Fixed Income","2,380,145.33","0.09","2,380,145.33","2,410,000.00","2,410,000.00","97.70","Canada","-","CAD","4.66","1.00","Mar 10, 2031","3.46","CAD","Mar 10, 2021"
"SUCN","SUNCOR ENERGY INC MTN","Energy","Fixed Income","2,377,063.22","0.08","2,377,063.22","2,390,000.00","2,390,000.00","99.00","Canada","-","CAD","4.42","1.00","Nov 14, 2030","3.55","CAD","Nov 14, 2025"
"HYDONE","HYDRO ONE INC MTN","Infrastructure","Fixed Income","2,370,711.67","0.08","2,370,711.67","2,370,000.00","2,370,000.00","99.50","Canada","-","CAD","15.62","1.00","Nov 21, 2056","4.80","CAD","Nov 21, 2025"
"TOYOTA","TOYOTA CREDIT CANADA INC MTN","Financial","Fixed Income","2,370,331.28","0.08","2,370,331.28","2,330,000.00","2,330,000.00","100.88","Canada","-","CAD","1.69","1.00","Oct 4, 2027","3.55","CAD","Oct 2, 2024"
"ETRHWY","407 INTERNATIONAL INC MTN","Infrastructure","Fixed Income","2,368,819.78","0.08","2,368,819.78","2,467,000.00","2,467,000.00","94.99","Canada","-","CAD","15.22","1.00","Oct 9, 2054","4.54","CAD","Oct 9, 2024"
"F","FORD CREDIT CANADA CO RegS","Financial","Fixed Income","2,368,157.20","0.08","2,368,157.20","2,270,000.00","2,270,000.00","102.32","United States","-","CAD","1.09","1.00","Feb 22, 2027","5.58","CAD","Feb 20, 2024"
"HYDONE","HYDRO ONE INC MTN","Infrastructure","Fixed Income","2,365,526.52","0.08","2,365,526.52","2,265,000.00","2,265,000.00","102.98","Canada","-","CAD","6.69","1.00","Mar 1, 2034","4.39","CAD","Jan 12, 2024"
"BAMREP","BROOKFIELD RENEWABLE PARTNERS ULC MTN","Energy","Fixed Income","2,361,868.40","0.08","2,361,868.40","2,270,000.00","2,270,000.00","101.51","Canada","-","CAD","14.02","1.00","Jan 10, 2054","5.32","CAD","Jan 10, 2024"
"LOWMAT","LOWER MATTAGAMI ENERGY LP","Infrastructure","Fixed Income","2,359,132.18","0.08","2,359,132.18","2,462,000.00","2,462,000.00","95.51","Canada","-","CAD","4.96","1.00","May 14, 2031","2.43","CAD","May 14, 2021"
"DE","JOHN DEERE FINANCIAL INC MTN","Financial","Fixed Income","2,356,553.67","0.08","2,356,553.67","2,335,000.00","2,335,000.00","100.74","United States","-","CAD","3.22","1.00","Jun 12, 2029","3.55","CAD","Jun 12, 2025"
"SAPCN","SAPUTO INC MTN","Industrial","Fixed Income","2,355,480.53","0.08","2,355,480.53","2,175,000.00","2,175,000.00","107.68","Canada","-","CAD","4.17","1.00","Nov 20, 2030","5.49","CAD","Nov 20, 2023"
"HNDA","HONDA CANADA FINANCE INC","Financial","Fixed Income","2,350,242.01","0.08","2,350,242.01","2,252,000.00","2,252,000.00","103.04","Canada","-","CAD","1.64","1.00","Sep 23, 2027","4.87","CAD","Mar 23, 2023"
"NWRWPT","NORTH WEST REDWATER PARTNERSHIP RegS","Energy","Fixed Income","2,348,323.53","0.08","2,348,323.53","2,279,000.00","2,279,000.00","102.65","Canada","-","CAD","8.66","1.00","Jun 1, 2037","4.75","CAD","Jan 29, 2016"
"BIP","BROOKFIELD INFRASTRUCTURE FINANCE MTN RegS","Infrastructure","Fixed Income","2,343,624.08","0.08","2,343,624.08","2,126,000.00","2,126,000.00","107.78","Canada","-","CAD","3.84","1.00","Jul 27, 2030","5.71","CAD","Jul 27, 2023"
"CNQCN","CANADIAN NATURAL RESOURCES LTD MTN RegS","Energy","Fixed Income","2,337,599.00","0.08","2,337,599.00","2,340,000.00","2,340,000.00","99.66","Canada","-","CAD","4.61","1.00","Feb 8, 2031","3.75","CAD","Dec 8, 2025"
"SGTPHW","SGTP HIGHWAY BYPASS LIMITED PARTNE RegS","Infrastructure","Fixed Income","2,336,005.14","0.08","2,336,005.14","2,396,029.00","2,396,029.00","95.77","Canada","-","CAD","7.85","1.00","Jan 31, 2045","4.11","CAD","Aug 4, 2015"
"FFHCN","FAIRFAX FINANCIAL HOLDINGS LTD","Financial","Fixed Income","2,335,373.01","0.08","2,335,373.01","2,265,000.00","2,265,000.00","102.60","Canada","-","CAD","7.16","1.00","Nov 22, 2034","4.73","CAD","Nov 22, 2024"
"ETRHWY","407 INTERNATIONAL INC MTN","Infrastructure","Fixed Income","2,334,101.73","0.08","2,334,101.73","3,214,000.00","3,214,000.00","71.73","Canada","-","CAD","15.56","1.00","Mar 7, 2050","2.84","CAD","Mar 6, 2020"
"SMTOP","SMARTSTOP OP LP RegS","Real Estate","Fixed Income","2,331,197.61","0.08","2,331,197.61","2,305,000.00","2,305,000.00","100.98","United States","-","CAD","2.33","1.00","Jun 16, 2028","3.91","CAD","Jun 16, 2025"
"GWOCN","GREAT-WEST LIFECO INC","Financial","Fixed Income","2,330,851.36","0.08","2,330,851.36","2,290,000.00","2,290,000.00","100.64","Canada","-","CAD","1.95","1.00","Feb 28, 2028","3.34","CAD","Feb 28, 2018"
"CHPUCN","CHOICE PROPERTIES REAL ESTATE INVE","Real Estate","Fixed Income","2,327,739.53","0.08","2,327,739.53","2,180,000.00","2,180,000.00","105.05","Canada","-","CAD","4.41","1.00","Feb 28, 2031","5.03","CAD","May 23, 2024"
"TOYOTA","TOYOTA CREDIT CANADA INC MTN","Financial","Fixed Income","2,318,876.63","0.08","2,318,876.63","2,300,000.00","2,300,000.00","100.47","Canada","-","CAD","2.28","1.00","May 23, 2028","3.36","CAD","May 21, 2025"
"BCECN","BELL CANADA INC","Communication","Fixed Income","2,318,919.71","0.08","2,318,919.71","2,358,000.00","2,358,000.00","98.16","Canada","-","CAD","2.32","1.00","May 29, 2028","2.20","CAD","May 28, 2021"
"RLNCE","RELIANCE LP","Industrial","Fixed Income","2,317,835.08","0.08","2,317,835.08","2,333,000.00","2,333,000.00","99.13","Canada","-","CAD","1.85","1.00","Dec 1, 2027","2.68","CAD","Aug 20, 2020"
"CPXCN","CAPITAL POWER CORP MTN RegS","Energy","Fixed Income","2,317,314.11","0.08","2,317,314.11","2,065,000.00","2,065,000.00","109.62","Canada","-","CAD","6.23","1.00","Jan 25, 2034","5.97","CAD","Dec 15, 2023"
"CCDJ","FEDERATION DES CAISSES DESJARDINS","Financial","Fixed Income","2,309,875.81","0.08","2,309,875.81","2,250,000.00","2,250,000.00","101.22","Canada","-","CAD","5.71","1.00","Aug 25, 2032","4.12","CAD","Aug 25, 2025"
"TRPCN","TRANSCANADA PIPELINES LTD MTN RegS","Energy","Fixed Income","2,306,172.17","0.08","2,306,172.17","2,596,000.00","2,596,000.00","86.76","Canada","-","CAD","13.38","1.00","Jul 3, 2048","4.18","CAD","Jul 3, 2018"
"NVLAUT","NOUVELLE AUTOROUTE 30 FINANCEMENT","Infrastructure","Fixed Income","2,305,641.32","0.08","2,305,641.32","2,476,704.00","2,476,704.00","93.09","Canada","-","CAD","9.22","1.00","Jun 30, 2042","4.12","CAD","Jun 14, 2018"
"GILCN","GILDAN ACTIVEWEAR INC. RegS","Industrial","Fixed Income","2,296,250.08","0.08","2,296,250.08","2,230,000.00","2,230,000.00","102.50","Canada","-","CAD","3.52","1.00","Nov 22, 2029","4.36","CAD","Nov 22, 2024"
"NWRWPT","NORTH WEST REDWATER PARTNERSHIP RegS","Energy","Fixed Income","2,295,644.89","0.08","2,295,644.89","2,227,000.00","2,227,000.00","102.73","Canada","-","CAD","3.01","1.00","Jun 1, 2029","4.25","CAD","Jan 29, 2016"
"NACN","NATIONAL BANK OF CANADA MTN","Financial","Fixed Income","2,292,211.62","0.08","2,292,211.62","2,145,000.00","2,145,000.00","104.87","Canada","-","CAD","2.84","1.00","Feb 15, 2034","5.28","CAD","Feb 5, 2024"
"CNRCN","CANADIAN NATIONAL RAILWAY COMPANY","Industrial","Fixed Income","2,289,058.28","0.08","2,289,058.28","2,215,000.00","2,215,000.00","102.76","Canada","-","CAD","3.88","1.00","May 10, 2030","4.15","CAD","May 10, 2023"
"EDF","ELECTRICITE DE FRANCE SA RegS","Infrastructure","Fixed Income","2,280,917.81","0.08","2,280,917.81","2,260,000.00","2,260,000.00","99.08","France","-","CAD","7.24","1.00","Feb 6, 2035","4.57","CAD","Feb 6, 2025"
"ATH","ATHENE GLOBAL FUNDING MTN RegS","Financial","Fixed Income","2,280,713.34","0.08","2,280,713.34","2,285,000.00","2,285,000.00","98.51","United States","-","CAD","7.67","1.00","Sep 19, 2035","4.61","CAD","Sep 19, 2025"
"GTAAIR","GREATER TORONTO AIRPORTS AUTHORITY MTN","Infrastructure","Fixed Income","2,280,050.54","0.08","2,280,050.54","1,991,000.00","1,991,000.00","114.15","Canada","-","CAD","3.86","1.00","Jun 12, 2030","7.05","CAD","Jun 12, 2000"
"LCLVR","LE CARREFOUR LAVAL REC INC RegS","Real Estate","Fixed Income","2,277,489.68","0.08","2,277,489.68","2,220,000.00","2,220,000.00","100.99","Canada","-","CAD","4.06","1.00","Aug 14, 2030","4.20","CAD","Aug 14, 2025"
"FTSCN","FORTIS INC","Infrastructure","Fixed Income","2,276,350.69","0.08","2,276,350.69","2,200,000.00","2,200,000.00","102.18","Canada","-","CAD","4.95","1.00","Sep 9, 2031","4.17","CAD","Sep 9, 2024"
"IFCCN","INTACT FINANCIAL CORP RegS","Financial","Fixed Income","2,267,865.12","0.08","2,267,865.12","2,263,000.00","2,263,000.00","100.03","Canada","-","CAD","1.34","1.00","Jun 7, 2027","2.85","CAD","Jun 7, 2017"
"OMERS","OMERS REALTY CORP RegS","Real Estate","Fixed Income","2,265,851.05","0.08","2,265,851.05","2,159,000.00","2,159,000.00","103.92","Canada","-","CAD","2.89","1.00","Apr 9, 2029","4.54","CAD","Mar 9, 2023"
"WCPCN","VEREN INC RegS","Energy","Fixed Income","2,257,385.51","0.08","2,257,385.51","2,122,000.00","2,122,000.00","106.23","Canada","-","CAD","6.72","1.00","Jun 21, 2034","5.50","CAD","Jun 21, 2024"
"WSPCN","WSP GLOBAL INC","Industrial","Fixed Income","2,254,741.56","0.08","2,254,741.56","2,281,000.00","2,281,000.00","98.37","Canada","-","CAD","2.21","1.00","Apr 19, 2028","2.41","CAD","Apr 19, 2021"
"BAMREP","BROOKFIELD RENEWABLE PARTNERS ULC MTN","Energy","Fixed Income","2,251,041.83","0.08","2,251,041.83","2,228,000.00","2,228,000.00","99.47","Canada","-","CAD","3.68","1.00","Jan 15, 2030","3.38","CAD","Sep 13, 2019"
"SOBOCN","SOUTH BOW CANADIAN INFRASTRUCTURE","Energy","Fixed Income","2,250,077.91","0.08","2,250,077.91","2,163,000.00","2,163,000.00","102.10","Canada","-","CAD","5.17","1.00","Feb 1, 2032","4.62","CAD","Aug 28, 2024"
"HYDONE","HYDRO ONE INC. MTN","Infrastructure","Fixed Income","2,249,087.93","0.08","2,249,087.93","1,904,000.00","1,904,000.00","115.46","Canada","-","CAD","6.31","1.00","Jan 31, 2034","6.35","CAD","Jan 31, 2003"
"CUCN","CU INC","Energy","Fixed Income","2,248,137.30","0.08","2,248,137.30","2,265,000.00","2,265,000.00","98.41","Canada","-","CAD","11.02","1.00","Oct 24, 2041","4.54","CAD","Oct 24, 2011"
"GWOCN","GREAT-WEST LIFECO INC.","Financial","Fixed Income","2,246,017.28","0.08","2,246,017.28","1,904,000.00","1,904,000.00","116.12","Canada","-","CAD","5.77","1.00","Mar 21, 2033","6.67","CAD","Mar 21, 2003"
"TERANE","TERANET HOLDINGS LP","Industrial","Fixed Income","2,240,770.92","0.08","2,240,770.92","2,212,000.00","2,212,000.00","99.98","Canada","-","CAD","2.91","1.00","Feb 23, 2029","3.72","CAD","Feb 23, 2022"
"ALTALK","ALTALINK LP MTN","Infrastructure","Fixed Income","2,234,322.68","0.08","2,234,322.68","2,435,000.00","2,435,000.00","91.75","Canada","-","CAD","11.71","1.00","Jun 30, 2042","3.99","CAD","Jun 29, 2012"
"TOYOTA","TOYOTA CREDIT CANADA INC MTN","Financial","Fixed Income","2,233,853.00","0.08","2,233,853.00","2,132,000.00","2,132,000.00","103.52","Canada","-","CAD","2.96","1.00","Mar 19, 2029","4.46","CAD","Mar 19, 2024"
"CVECN","CENOVUS ENERGY INC","Energy","Fixed Income","2,231,905.65","0.08","2,231,905.65","2,230,000.00","2,230,000.00","99.57","Canada","-","CAD","7.82","1.00","Nov 20, 2035","4.60","CAD","Nov 20, 2025"
"SAPCN","SAPUTO INC MTN RegS","Industrial","Fixed Income","2,229,409.32","0.08","2,229,409.32","2,165,000.00","2,165,000.00","101.04","Canada","-","CAD","4.01","1.00","Jul 2, 2030","3.88","CAD","Jul 2, 2025"
"ONTPOW","ONTARIO POWER GENERATION INC MTN","Energy","Fixed Income","2,227,802.97","0.08","2,227,802.97","2,198,000.00","2,198,000.00","100.56","Canada","-","CAD","1.55","1.00","Oct 4, 2027","3.31","CAD","Oct 2, 2017"
"LCN","LOBLAW COMPANIES LTD","Industrial","Fixed Income","2,225,001.75","0.08","2,225,001.75","2,210,000.00","2,210,000.00","100.49","Canada","-","CAD","3.64","1.00","Dec 12, 2029","3.56","CAD","Dec 12, 2024"
"APUCN","ALLIED PROPERTIES REAL ESTATE INVE RegS","Real Estate","Fixed Income","2,210,768.21","0.08","2,210,768.21","2,130,000.00","2,130,000.00","102.09","Canada","-","CAD","2.86","1.00","Feb 24, 2029","4.81","CAD","Feb 24, 2025"
"MBGGR","MERCEDES-BENZ FINANCE CANADA INC","Financial","Fixed Income","2,210,574.24","0.08","2,210,574.24","2,110,000.00","2,110,000.00","102.54","Germany","-","CAD","1.44","1.00","Jul 9, 2027","4.64","CAD","Jul 9, 2024"
"CNQCN","CANADIAN NATURAL RESOURCES LTD RegS","Energy","Fixed Income","2,206,136.51","0.08","2,206,136.51","2,185,000.00","2,185,000.00","100.79","Canada","-","CAD","5.22","1.00","Dec 15, 2031","4.15","CAD","Dec 6, 2024"
"FORTFD_23-1","FORTIFIED TRUST FORTFD_23-1 A","Securitized","Fixed Income","2,205,883.68","0.08","2,205,883.68","2,148,000.00","2,148,000.00","102.60","Canada","-","CAD","1.89","1.00","Dec 23, 2027","4.42","CAD","Jan 31, 2023"
"MFCCN","MANULIFE BANK OF CANADA","Financial","Fixed Income","2,204,847.65","0.08","2,204,847.65","2,175,000.00","2,175,000.00","100.90","Canada","-","CAD","3.97","1.00","May 15, 2030","3.72","CAD","May 15, 2025"
"FTSCN","FORTIS INC","Infrastructure","Fixed Income","2,203,596.73","0.08","2,203,596.73","1,995,000.00","1,995,000.00","109.63","Canada","-","CAD","6.25","1.00","Nov 8, 2033","5.68","CAD","Nov 8, 2023"
"WCNCN","WASTE CONNECTIONS INC","Industrial","Fixed Income","2,199,558.07","0.08","2,199,558.07","2,120,000.00","2,120,000.00","103.54","United States","-","CAD","3.13","1.00","Jun 14, 2029","4.50","CAD","Jun 13, 2024"
"VTR","VENTAS CANADA FINANCE LTD","Real Estate","Fixed Income","2,198,094.29","0.08","2,198,094.29","2,181,000.00","2,181,000.00","99.58","United States","-","CAD","0.98","1.00","Jan 4, 2027","2.45","CAD","Dec 1, 2021"
"ENBGAS","ENBRIDGE GAS INC MTN","Energy","Fixed Income","2,195,060.05","0.08","2,195,060.05","2,319,000.00","2,319,000.00","93.97","Canada","-","CAD","5.24","1.00","Sep 15, 2031","2.35","CAD","Sep 15, 2021"
"LCN","LOBLAW COMPANIES LTD","Industrial","Fixed Income","2,194,503.03","0.08","2,194,503.03","2,040,000.00","2,040,000.00","106.08","Canada","-","CAD","5.53","1.00","Sep 13, 2032","5.01","CAD","Sep 13, 2022"
"GBLATL","GA GLOBAL FUNDING TRUST RegS","Financial","Fixed Income","2,192,764.57","0.08","2,192,764.57","2,105,000.00","2,105,000.00","102.01","United States","-","CAD","6.18","1.00","Jul 22, 2033","4.86","CAD","Jul 22, 2025"
"HUSMID","HUSKY MIDSTREAM LP","Energy","Fixed Income","2,190,534.63","0.08","2,190,534.63","2,145,000.00","2,145,000.00","101.80","Canada","-","CAD","3.58","1.00","Dec 2, 2029","4.10","CAD","Dec 2, 2024"
"HYNMTR","HYUNDAI CAPITAL CANADA INC RegS","Financial","Fixed Income","2,186,350.94","0.08","2,186,350.94","2,160,000.00","2,160,000.00","100.84","Canada","-","CAD","1.82","1.00","Nov 22, 2027","3.58","CAD","May 22, 2025"
"GIBACN","CGI INC","Industrial","Fixed Income","2,184,443.35","0.08","2,184,443.35","2,115,000.00","2,115,000.00","101.95","Canada","-","CAD","3.33","1.00","Sep 5, 2029","4.15","CAD","Sep 5, 2024"
"SOBOCN","SOUTH BOW CANADIAN INFRASTRUCTURE","Energy","Fixed Income","2,181,393.45","0.08","2,181,393.45","2,099,000.00","2,099,000.00","102.13","Canada","-","CAD","3.66","1.00","Feb 1, 2030","4.32","CAD","Aug 28, 2024"
"ALBPOW","ALBERTA POWERLINE LP","Infrastructure","Fixed Income","2,181,527.48","0.08","2,181,527.48","2,456,947.00","2,456,947.00","88.46","Canada","-","CAD","11.85","1.00","Dec 1, 2053","4.07","CAD","Oct 2, 2017"
"CCDJ","FEDERATION DES CAISSES DESJARDINS","Financial","Fixed Income","2,176,640.03","0.08","2,176,640.03","2,020,000.00","2,020,000.00","105.70","Canada","-","CAD","2.41","1.00","Aug 16, 2028","5.47","CAD","Aug 16, 2023"
"ENBGAS","ENBRIDGE GAS INC","Energy","Fixed Income","2,176,667.67","0.08","2,176,667.67","2,609,000.00","2,609,000.00","82.52","Canada","-","CAD","14.72","1.00","Apr 1, 2050","3.65","CAD","Apr 1, 2020"
"OXPROP","OXFORD PROPERTIES GROUP TRUST","Real Estate","Fixed Income","2,173,433.91","0.08","2,173,433.91","2,135,000.00","2,135,000.00","101.51","Canada","-","CAD","3.59","1.00","Dec 4, 2029","3.90","CAD","Jun 4, 2025"
"BCECN","BELL TELEPHONE COMPANY OF CANADA O MTN RegS","Communication","Fixed Income","2,170,231.59","0.08","2,170,231.59","2,130,000.00","2,130,000.00","99.89","Canada","-","CAD","14.42","1.00","Aug 14, 2055","5.25","CAD","Aug 14, 2025"
"HYDONE","HYDRO ONE INC MTN","Infrastructure","Fixed Income","2,163,888.58","0.08","2,163,888.58","1,941,000.00","1,941,000.00","108.96","Canada","-","CAD","9.92","1.00","Jul 16, 2040","5.49","CAD","Jul 16, 2009"
"CCOCN","CAMECO CORPORATION","Industrial","Equity","2,162,096.41","0.08","2,162,096.41","2,155,000.00","2,155,000.00","99.76","Canada","-","CAD","1.72","1.00","Oct 21, 2027","2.95","CAD","Oct 21, 2020"
"FFHCN","FAIRFAX FINANCIAL HOLDINGS LTD","Financial","Fixed Income","2,161,797.58","0.08","2,161,797.58","2,111,000.00","2,111,000.00","102.21","Canada","-","CAD","3.06","1.00","Jun 14, 2029","4.23","CAD","Jun 14, 2019"
"IFCCN","INTACT FINANCIAL CORP MTN RegS","Financial","Fixed Income","2,158,225.11","0.08","2,158,225.11","2,030,000.00","2,030,000.00","104.76","Canada","-","CAD","14.56","1.00","Sep 14, 2054","5.28","CAD","Sep 14, 2023"
"BRUPOW","BRUCE POWER LP","Energy","Fixed Income","2,157,900.69","0.08","2,157,900.69","2,189,000.00","2,189,000.00","98.51","Canada","-","CAD","2.83","1.00","Dec 21, 2028","2.68","CAD","Nov 22, 2021"
"COAGAS","COASTAL GASLINK PIPELINE LP","Energy","Fixed Income","2,157,646.15","0.08","2,157,646.15","1,970,000.00","1,970,000.00","108.11","Canada","-","CAD","10.86","1.00","Sep 30, 2042","5.61","CAD","Jun 13, 2024"
"DE","JOHN DEERE FINANCIAL INC MTN","Financial","Fixed Income","2,157,393.43","0.08","2,157,393.43","2,090,000.00","2,090,000.00","102.99","United States","-","CAD","1.40","1.00","Jun 14, 2027","4.95","CAD","Jun 13, 2023"
"CUCN","CU INC MTN","Energy","Fixed Income","2,156,494.69","0.08","2,156,494.69","1,910,000.00","1,910,000.00","112.24","Canada","-","CAD","6.99","1.00","Nov 20, 2034","5.90","CAD","Nov 18, 2004"
"ALBPOW","ALBERTA POWERLINE LP","Infrastructure","Fixed Income","2,150,672.09","0.08","2,150,672.09","2,400,707.00","2,400,707.00","88.24","Canada","-","CAD","11.80","1.00","Mar 1, 2054","4.07","CAD","Oct 2, 2017"
"ETRHWY","407 INTERNATIONAL INC MTN","Infrastructure","Fixed Income","2,145,324.72","0.08","2,145,324.72","1,875,000.00","1,875,000.00","113.96","Canada","-","CAD","7.61","1.00","Dec 3, 2035","5.96","CAD","Dec 3, 2004"
"HYNMTR","HYUNDAI CAPITAL CANADA INC","Financial","Fixed Income","2,143,799.73","0.08","2,143,799.73","2,012,000.00","2,012,000.00","104.81","Canada","-","CAD","1.96","1.00","Mar 8, 2028","5.57","CAD","Mar 8, 2023"
"PPLCN","PEMBINA PIPELINE CORP MTN","Energy","Fixed Income","2,141,298.80","0.08","2,141,298.80","2,130,000.00","2,130,000.00","99.15","Canada","-","CAD","3.73","1.00","Feb 1, 2030","3.31","CAD","Sep 12, 2019"
"CNRCN","CANADIAN NATIONAL RAILWAY COMPANY","Industrial","Fixed Income","2,139,307.89","0.08","2,139,307.89","2,129,000.00","2,129,000.00","100.28","Canada","-","CAD","4.07","1.00","Jun 10, 2030","3.50","CAD","Jun 10, 2025"
"SLFCN","SUN LIFE FINANCIAL INC","Financial","Fixed Income","2,136,766.56","0.08","2,136,766.56","2,196,000.00","2,196,000.00","96.93","Canada","-","CAD","5.24","1.00","Nov 18, 2036","3.15","CAD","Nov 18, 2021"
"RLNCE","RELIANCE LP RegS","Industrial","Fixed Income","2,135,339.12","0.08","2,135,339.12","2,100,000.00","2,100,000.00","100.77","Canada","-","CAD","5.40","1.00","Apr 16, 2032","4.39","CAD","Mar 12, 2025"
"BIP","BROOKFIELD INFRASTRUCTURE FINANCE MTN RegS","Infrastructure","Fixed Income","2,131,247.05","0.08","2,131,247.05","2,120,000.00","2,120,000.00","99.32","Canada","-","CAD","7.69","1.00","Sep 24, 2035","4.53","CAD","Sep 24, 2025"
"ENBCN","ENBRIDGE INC MTN","Energy","Fixed Income","2,130,446.33","0.08","2,130,446.33","1,980,000.00","1,980,000.00","107.08","Canada","-","CAD","6.02","1.00","May 26, 2033","5.36","CAD","May 26, 2023"
"BRUPOW","BRUCE POWER LP","Energy","Fixed Income","2,128,952.17","0.08","2,128,952.17","2,125,000.00","2,125,000.00","100.07","Canada","-","CAD","6.35","1.00","Jun 21, 2033","4.13","CAD","Mar 1, 2018"
"CNRCN","CANADIAN NATIONAL RAILWAY COMPANY","Industrial","Fixed Income","2,128,604.31","0.08","2,128,604.31","2,120,000.00","2,120,000.00","100.16","Canada","-","CAD","7.69","1.00","Jun 10, 2035","4.20","CAD","Jun 10, 2025"
"HNDA","HONDA CANADA FINANCE INC","Financial","Fixed Income","2,127,091.07","0.08","2,127,091.07","2,118,000.00","2,118,000.00","99.47","Canada","-","CAD","4.29","1.00","Sep 23, 2030","3.54","CAD","Sep 23, 2025"
"GRTCN","GRANITE REIT HOLDINGS LP","Real Estate","Fixed Income","2,127,224.43","0.08","2,127,224.43","2,175,000.00","2,175,000.00","97.06","Canada","-","CAD","2.55","1.00","Aug 30, 2028","2.19","CAD","Aug 30, 2021"
"PPLCN","PEMBINA PIPELINE CORP MTN","Energy","Fixed Income","2,126,085.69","0.08","2,126,085.69","2,224,000.00","2,224,000.00","93.48","Canada","-","CAD","12.53","1.00","Jan 21, 2047","4.74","CAD","Jan 20, 2017"
"MGCN","MAGNA INTERNATIONAL INC","Industrial","Fixed Income","2,125,189.98","0.08","2,125,189.98","2,035,000.00","2,035,000.00","104.02","Canada","-","CAD","3.07","1.00","May 30, 2029","4.80","CAD","May 30, 2024"
"GTAAIR","GREATER TORONTO AIRPORTS AUTHORITY 144A","Infrastructure","Fixed Income","2,124,853.31","0.08","2,124,853.31","1,923,000.00","1,923,000.00","110.13","Canada","-","CAD","10.01","1.00","Jun 7, 2040","5.63","CAD","Jun 7, 2010"
"TRPCN","TRANSCANADA PIPELINES LTD MTN","Energy","Fixed Income","2,118,145.93","0.08","2,118,145.93","2,188,000.00","2,188,000.00","96.63","Canada","-","CAD","4.96","1.00","Jun 9, 2031","2.97","CAD","Jun 9, 2021"
"TCN","TELUS CORPORATION","Communication","Fixed Income","2,117,938.00","0.08","2,117,938.00","1,938,000.00","1,938,000.00","107.55","Canada","-","CAD","3.97","1.00","Sep 9, 2030","5.60","CAD","Sep 8, 2023"
"BRUPOW","BRUCE POWER LP","Energy","Fixed Income","2,116,910.07","0.08","2,116,910.07","2,076,000.00","2,076,000.00","101.86","Canada","-","CAD","3.11","1.00","Jun 21, 2029","4.01","CAD","Feb 14, 2017"
"BIP","BROOKFIELD INFRASTRUCTURE FINANCE MTN","Infrastructure","Fixed Income","2,113,595.15","0.08","2,113,595.15","2,255,000.00","2,255,000.00","92.78","Canada","-","CAD","5.93","1.00","Sep 1, 2032","2.86","CAD","Sep 1, 2020"
"STNCN","STANTEC INC RegS","Industrial","Fixed Income","2,110,788.85","0.08","2,110,788.85","2,090,000.00","2,090,000.00","100.74","Canada","-","CAD","5.55","1.00","Jun 10, 2032","4.37","CAD","Jun 10, 2025"
"TCN","TELUS CORPORATION","Communication","Fixed Income","2,109,512.04","0.08","2,109,512.04","1,984,000.00","1,984,000.00","104.83","Canada","-","CAD","3.21","1.00","Sep 13, 2029","5.00","CAD","Sep 13, 2022"
"GRTCN","GRANITE REIT HOLDINGS LP","Real Estate","Fixed Income","2,102,174.78","0.08","2,102,174.78","2,099,000.00","2,099,000.00","99.92","Canada","-","CAD","1.36","1.00","Jun 4, 2027","3.06","CAD","Jun 4, 2020"
"HYDONE","HYDRO ONE INC MTN RegS","Infrastructure","Fixed Income","2,101,809.11","0.08","2,101,809.11","2,030,000.00","2,030,000.00","101.80","Canada","-","CAD","15.07","1.00","Aug 25, 2055","4.95","CAD","Aug 25, 2025"
"NWRWPT","NORTH WEST REDWATER PARTNERSHIP","Energy","Fixed Income","2,099,475.41","0.08","2,099,475.41","2,123,000.00","2,123,000.00","96.82","Canada","-","CAD","9.54","1.00","Jan 10, 2039","4.35","CAD","Jun 10, 2016"
"OMERS","OMERS REALTY CORP RegS","Real Estate","Fixed Income","2,099,573.81","0.08","2,099,573.81","1,940,000.00","1,940,000.00","106.28","Canada","-","CAD","4.36","1.00","Feb 10, 2031","4.96","CAD","Feb 8, 2024"
"BPCGEN","BPC GENERATION INFRASTRUCTURE TRUS RegS","Energy","Fixed Income","2,096,780.00","0.07","2,096,780.00","2,080,000.00","2,080,000.00","99.75","Canada","-","CAD","5.77","1.00","Sep 29, 2032","4.16","CAD","Sep 29, 2025"
"TOYOTA","TOYOTA CREDIT CANADA INC MTN","Financial","Fixed Income","2,096,420.08","0.07","2,096,420.08","2,096,000.00","2,096,000.00","99.67","Canada","-","CAD","2.74","1.00","Nov 20, 2028","3.12","CAD","Nov 20, 2025"
"ARXCN","ARC RESOURCES LTD RegS","Energy","Fixed Income","2,088,530.33","0.07","2,088,530.33","2,060,000.00","2,060,000.00","101.22","Canada","-","CAD","5.59","1.00","Jun 17, 2032","4.41","CAD","Jun 17, 2025"
"BNCN","BROOKFIELD ASSET MANAGEMENT INC MTN","Industrial","Fixed Income","2,083,783.05","0.07","2,083,783.05","2,045,000.00","2,045,000.00","100.79","Canada","-","CAD","0.94","1.00","Mar 16, 2027","3.80","CAD","Sep 16, 2016"
"CP","CANADIAN PACIFIC RAILWAY CO MTN","Industrial","Fixed Income","2,083,258.10","0.07","2,083,258.10","1,784,000.00","1,784,000.00","116.00","Canada","-","CAD","9.42","1.00","Nov 17, 2039","6.45","CAD","Nov 17, 2009"
"HYNMTR","HYUNDAI CAPITAL CANADA INC","Financial","Fixed Income","2,082,682.71","0.07","2,082,682.71","2,051,000.00","2,051,000.00","100.35","Canada","-","CAD","1.07","1.00","Feb 16, 2027","3.20","CAD","Feb 15, 2022"
"BCECN","BELL TELEPHONE COMPANY OF CANADA O MTN RegS","Communication","Fixed Income","2,082,321.33","0.07","2,082,321.33","2,045,000.00","2,045,000.00","100.44","Canada","-","CAD","3.30","1.00","Aug 14, 2029","3.65","CAD","Aug 14, 2025"
"XCN","TMX GROUP LTD RegS","Financial","Fixed Income","2,082,018.86","0.07","2,082,018.86","1,935,000.00","1,935,000.00","105.73","Canada","-","CAD","6.52","1.00","Feb 16, 2034","4.97","CAD","Feb 16, 2024"
"ONTPOW","ONTARIO POWER GENERATION INC","Energy","Fixed Income","2,080,525.78","0.07","2,080,525.78","2,453,000.00","2,453,000.00","84.72","Canada","-","CAD","14.06","1.00","Jun 22, 2048","3.84","CAD","Jun 22, 2018"
"F","FORD CREDIT CANADA CO RegS","Financial","Fixed Income","2,077,942.26","0.07","2,077,942.26","2,025,000.00","2,025,000.00","101.24","United States","-","CAD","1.61","1.00","Sep 13, 2027","4.61","CAD","Sep 12, 2024"
"PPLCN","PEMBINA PIPELINE CORP","Energy","Fixed Income","2,077,147.01","0.07","2,077,147.01","2,117,000.00","2,117,000.00","97.91","Canada","-","CAD","5.30","1.00","Dec 10, 2031","3.53","CAD","Dec 10, 2021"
"CUCN","CU INC MTN","Energy","Fixed Income","2,072,747.77","0.07","2,072,747.77","2,278,000.00","2,278,000.00","89.82","Canada","-","CAD","11.77","1.00","Sep 10, 2042","3.81","CAD","Sep 10, 2012"
"ETRHWY","407 INTERNATIONAL INC. MTN","Infrastructure","Fixed Income","2,064,742.06","0.07","2,064,742.06","2,351,000.00","2,351,000.00","87.30","Canada","-","CAD","13.32","1.00","May 11, 2046","3.83","CAD","May 11, 2015"
"ALACN","ALTAGAS LTD","Energy","Fixed Income","2,062,532.56","0.07","2,062,532.56","2,113,000.00","2,113,000.00","97.44","Canada","-","CAD","2.33","1.00","May 30, 2028","2.08","CAD","Nov 30, 2020"
"AIREIN","AIMCO REALTY INVESTORS LP","Real Estate","Fixed Income","2,058,896.07","0.07","2,058,896.07","2,055,000.00","2,055,000.00","99.94","Canada","-","CAD","2.28","1.00","Jun 1, 2028","3.04","CAD","Nov 23, 2017"
"ENBGAS","ENBRIDGE GAS INC MTN","Energy","Fixed Income","2,056,434.86","0.07","2,056,434.86","1,820,000.00","1,820,000.00","111.65","Canada","-","CAD","14.22","1.00","Oct 6, 2053","5.67","CAD","Oct 6, 2023"
"DRSILL","DREAM SUMMIT INDUSTRIAL LP RegS","Real Estate","Fixed Income","2,055,228.63","0.07","2,055,228.63","2,020,000.00","2,020,000.00","100.52","Canada","-","CAD","4.21","1.00","Sep 18, 2030","4.17","CAD","Sep 15, 2025"
"AIREIN","AIMCO REALTY INVESTORS LP","Real Estate","Fixed Income","2,054,008.85","0.07","2,054,008.85","1,928,000.00","1,928,000.00","106.02","Canada","-","CAD","6.77","1.00","May 23, 2034","4.97","CAD","May 23, 2024"
"BAMREP","BROOKFIELD RENEWABLE PARTNERS ULC MTN RegS","Energy","Fixed Income","2,048,676.25","0.07","2,048,676.25","1,905,000.00","1,905,000.00","106.61","Canada","-","CAD","6.30","1.00","Oct 28, 2033","5.29","CAD","Mar 29, 2023"
"TOYOTA","TOYOTA CREDIT CANADA INC MTN","Financial","Fixed Income","2,041,420.68","0.07","2,041,420.68","2,000,000.00","2,000,000.00","101.15","Canada","-","CAD","3.46","1.00","Oct 2, 2029","3.73","CAD","Oct 2, 2024"
"OMERS","OMERS REALTY CORP","Real Estate","Fixed Income","2,036,477.41","0.07","2,036,477.41","2,014,000.00","2,014,000.00","100.86","Canada","-","CAD","4.01","1.00","Jun 5, 2030","3.63","CAD","Jun 5, 2018"
"BIP","BROOKFIELD INFRASTRUCTURE FINANCE MTN RegS","Infrastructure","Fixed Income","2,034,714.32","0.07","2,034,714.32","2,030,000.00","2,030,000.00","99.24","Canada","-","CAD","4.50","1.00","Jan 6, 2031","3.70","CAD","Sep 24, 2025"
"CHPUCN","CHOICE PROPERTIES REAL ESTATE INVE","Real Estate","Fixed Income","2,031,061.71","0.07","2,031,061.71","2,026,000.00","2,026,000.00","99.94","Canada","-","CAD","1.32","1.00","May 21, 2027","2.85","CAD","May 21, 2020"
"CTCACN","CANADIAN TIRE CORPORATION LTD MTN","Industrial","Fixed Income","2,027,863.38","0.07","2,027,863.38","1,875,000.00","1,875,000.00","106.59","Canada","-","CAD","4.01","1.00","Sep 16, 2030","5.37","CAD","Sep 14, 2023"
"CNRCN","CANADIAN NATIONAL RAILWAY COMPANY","Industrial","Fixed Income","2,023,634.66","0.07","2,023,634.66","2,388,000.00","2,388,000.00","83.24","Canada","-","CAD","13.78","1.00","Aug 1, 2047","3.60","CAD","Aug 1, 2017"
"CCOCN","CAMECO CORPORATION","Industrial","Fixed Income","2,022,079.51","0.07","2,022,079.51","1,910,000.00","1,910,000.00","105.37","Canada","-","CAD","4.65","1.00","May 24, 2031","4.94","CAD","May 24, 2024"
"EPCOR","EPCOR UTILITIES INC","Infrastructure","Fixed Income","2,019,903.52","0.07","2,019,903.52","1,968,000.00","1,968,000.00","102.21","Canada","-","CAD","14.94","1.00","May 31, 2054","4.99","CAD","May 31, 2024"
"TOYOTA","TOYOTA CREDIT CANADA INC MTN","Financial","Fixed Income","2,017,949.99","0.07","2,017,949.99","1,990,000.00","1,990,000.00","100.99","Canada","-","CAD","4.01","1.00","May 21, 2030","3.74","CAD","May 21, 2025"
"F","FORD CREDIT CANADA CO RegS","Financial","Fixed Income","2,014,906.94","0.07","2,014,906.94","1,910,000.00","1,910,000.00","103.43","United States","-","CAD","3.56","1.00","Feb 20, 2030","5.67","CAD","Feb 20, 2024"
"CIXCN","CI FINANCIAL CORP RegS","Financial","Fixed Income","2,012,181.01","0.07","2,012,181.01","1,915,000.00","1,915,000.00","103.40","Canada","-","CAD","1.62","1.00","Sep 20, 2027","6.00","CAD","Sep 20, 2024"
"FTTCN","FINNING INTERNATIONAL INC RegS","Industrial","Fixed Income","2,009,231.65","0.07","2,009,231.65","1,905,000.00","1,905,000.00","103.64","Canada","-","CAD","2.80","1.00","Feb 13, 2029","4.78","CAD","Feb 13, 2024"
"CCACN","COGECO COMMUNICATIONS INC","Communication","Fixed Income","2,007,709.46","0.07","2,007,709.46","1,965,000.00","1,965,000.00","100.26","Canada","-","CAD","7.19","1.00","Feb 6, 2035","4.74","CAD","Feb 6, 2025"
"HYDONE","HYDRO ONE INC MTN","Infrastructure","Fixed Income","2,007,558.06","0.07","2,007,558.06","1,710,000.00","1,710,000.00","116.83","Canada","-","CAD","5.27","1.00","Jun 1, 2032","6.93","CAD","Jun 22, 2001"
"LBCN","LAURENTIAN BANK OF CANADA","Financial","Fixed Income","2,006,817.44","0.07","2,006,817.44","1,950,000.00","1,950,000.00","101.06","Canada","-","CAD","1.94","1.00","Jan 23, 2028","4.19","CAD","Jan 23, 2025"
"CP","CANADIAN PACIFIC RAILWAY COMPANY","Industrial","Fixed Income","2,006,167.20","0.07","2,006,167.20","1,990,000.00","1,990,000.00","100.62","Canada","-","CAD","5.62","1.00","Jun 13, 2032","4.00","CAD","Jun 13, 2025"
"CPXCN","CAPITAL POWER CORP","Energy","Fixed Income","2,006,264.67","0.07","2,006,264.67","1,865,000.00","1,865,000.00","105.87","Canada","-","CAD","2.40","1.00","Sep 15, 2028","5.82","CAD","Sep 15, 2023"
"VW","VW CREDIT CANADA INC RegS","Financial","Fixed Income","2,004,237.26","0.07","2,004,237.26","2,000,000.00","2,000,000.00","99.82","Germany","-","CAD","2.73","1.00","Nov 20, 2028","3.39","CAD","Nov 19, 2025"
"ALACN","ALTAGAS LTD MTN RegS","Energy","Fixed Income","2,004,291.48","0.07","2,004,291.48","2,000,000.00","2,000,000.00","99.79","Canada","-","CAD","1.79","1.00","Nov 10, 2027","3.02","CAD","Nov 10, 2025"
"BCIMCR","BCIMC REALTY CORP","Real Estate","Fixed Income","2,001,681.88","0.07","2,001,681.88","1,982,000.00","1,982,000.00","100.24","Canada","-","CAD","1.12","1.00","Mar 31, 2027","3.00","CAD","Mar 31, 2017"
"FTSCN","FORTIS INC","Infrastructure","Fixed Income","1,998,905.83","0.07","1,998,905.83","1,930,000.00","1,930,000.00","103.19","Canada","-","CAD","3.04","1.00","May 31, 2029","4.43","CAD","May 31, 2022"
"BRUPOW","BRUCE POWER LP RegS","Energy","Fixed Income","1,994,017.44","0.07","1,994,017.44","2,000,000.00","2,000,000.00","99.45","Canada","-","CAD","6.01","1.00","Dec 21, 2032","4.00","CAD","Dec 8, 2025"
"VANAFF","VANCOUVER AIRPORT FUEL FACILITIES","Infrastructure","Fixed Income","1,990,204.61","0.07","1,990,204.61","1,975,000.00","1,975,000.00","100.49","Canada","-","CAD","4.03","1.00","Jun 4, 2030","3.81","CAD","Jun 4, 2025"
"BCECN","BELL CANADA MTN RegS","Communication","Fixed Income","1,989,496.26","0.07","1,989,496.26","1,985,000.00","1,985,000.00","98.19","Canada","-","CAD","13.92","1.00","Feb 9, 2053","5.15","CAD","Feb 9, 2023"
"ONTPOW","ONTARIO POWER GENERATION INC MTN","Energy","Fixed Income","1,989,160.48","0.07","1,989,160.48","1,995,000.00","1,995,000.00","98.25","Canada","-","CAD","14.91","1.00","Mar 13, 2055","4.87","CAD","Mar 13, 2025"
"VW","VW CREDIT CANADA INC","Financial","Fixed Income","1,986,367.79","0.07","1,986,367.79","1,925,000.00","1,925,000.00","101.64","Germany","-","CAD","1.55","1.00","Aug 19, 2027","4.21","CAD","Aug 19, 2024"
"GTAAIR","GREATER TORONTO AIRPORTS AUTHORITY","Infrastructure","Fixed Income","1,986,186.77","0.07","1,986,186.77","2,041,000.00","2,041,000.00","97.07","Canada","-","CAD","2.27","1.00","May 3, 2028","1.54","CAD","Nov 3, 2020"
"TRPCN","TRANSCANADA TRUST","Energy","Fixed Income","1,975,527.18","0.07","1,975,527.18","2,005,000.00","2,005,000.00","97.16","Canada","-","CAD","4.37","1.00","Mar 4, 2081","4.20","CAD","Mar 4, 2021"
"GLCRTR_22-1","GLCRTR_22-1 RegS","Securitized","Fixed Income","1,975,277.64","0.07","1,975,277.64","1,890,000.00","1,890,000.00","103.13","Canada","-","CAD","1.63","1.00","Sep 20, 2027","4.96","CAD","Sep 27, 2022"
"GZMCN","ENERGIR LP","Energy","Fixed Income","1,966,042.91","0.07","1,966,042.91","2,020,000.00","2,020,000.00","96.81","Canada","-","CAD","15.37","1.00","May 20, 2055","4.65","CAD","May 20, 2025"
"BCIMCR","BCI QUADREAL REALTY RegS","Real Estate","Fixed Income","1,962,430.62","0.07","1,962,430.62","1,890,000.00","1,890,000.00","102.09","Canada","-","CAD","1.51","1.00","Jul 31, 2027","4.16","CAD","Jul 31, 2024"
"SLFCN","SUN LIFE FINANCIAL INC","Financial","Fixed Income","1,959,132.10","0.07","1,959,132.10","1,854,000.00","1,854,000.00","105.20","Canada","-","CAD","8.51","1.00","May 29, 2042","5.40","CAD","May 29, 2007"
"ONTPOW","ONTARIO POWER GENERATION INC MTN","Energy","Fixed Income","1,958,242.55","0.07","1,958,242.55","2,128,000.00","2,128,000.00","90.09","Canada","-","CAD","13.65","1.00","Jan 18, 2049","4.25","CAD","Jan 18, 2019"
"NAVCAN","NAV CANADA","Infrastructure","Fixed Income","1,955,637.38","0.07","1,955,637.38","2,647,000.00","2,647,000.00","73.14","Canada","-","CAD","16.09","1.00","Sep 29, 2051","2.92","CAD","May 29, 2020"
"CHPUCN","CHOICE PROPERTIES REAL ESTATE INVE RegS","Real Estate","Fixed Income","1,953,321.39","0.07","1,953,321.39","1,765,000.00","1,765,000.00","108.72","Canada","-","CAD","6.38","1.00","Feb 28, 2034","5.70","CAD","Aug 1, 2023"
"TERANE","TERANET HOLDINGS LP","Industrial","Fixed Income","1,951,231.92","0.07","1,951,231.92","1,906,000.00","1,906,000.00","102.15","Canada","-","CAD","9.99","1.00","Dec 17, 2040","5.75","CAD","Dec 16, 2010"
"CUCN","CU INC RegS","Energy","Fixed Income","1,949,572.51","0.07","1,949,572.51","1,940,000.00","1,940,000.00","99.10","Canada","-","CAD","15.22","1.00","Sep 16, 2055","4.79","CAD","Sep 16, 2025"
"SUCN","SUNCOR ENERGY INC MTN","Energy","Fixed Income","1,946,475.31","0.07","1,946,475.31","2,329,000.00","2,329,000.00","82.30","Canada","-","CAD","14.41","1.00","Mar 4, 2051","3.95","CAD","Mar 4, 2021"
"MRUCN","METRO INC MTN","Industrial","Fixed Income","1,934,794.29","0.07","1,934,794.29","2,139,000.00","2,139,000.00","90.14","Canada","-","CAD","13.49","1.00","Dec 4, 2047","4.27","CAD","Dec 4, 2017"
"GM","GENERAL MOTORS FINANCIAL OF CANADA","Financial","Fixed Income","1,931,319.90","0.07","1,931,319.90","1,904,000.00","1,904,000.00","100.18","United States","-","CAD","1.06","1.00","Feb 8, 2027","3.15","CAD","Feb 8, 2022"
"BCECN","BELL CANADA 144A","Communication","Fixed Income","1,929,315.29","0.07","1,929,315.29","1,703,000.00","1,703,000.00","111.52","Canada","-","CAD","7.05","1.00","Mar 16, 2035","6.10","CAD","Mar 16, 2004"
"RCICN","ROGERS COMMUNICATIONS INC. MTN","Communication","Fixed Income","1,928,146.66","0.07","1,928,146.66","1,648,000.00","1,648,000.00","115.20","Canada","-","CAD","9.70","1.00","Mar 22, 2041","6.56","CAD","Mar 21, 2011"
"GRTCN","GRANITE REIT HOLDINGS LP","Real Estate","Fixed Income","1,923,829.82","0.07","1,923,829.82","2,064,000.00","2,064,000.00","93.12","Canada","-","CAD","4.63","1.00","Dec 18, 2030","2.38","CAD","Dec 18, 2020"
"CCACN","COGECO COMMUNICATIONS INC","Communication","Fixed Income","1,921,577.67","0.07","1,921,577.67","2,010,000.00","2,010,000.00","94.78","Canada","-","CAD","5.16","1.00","Sep 22, 2031","2.99","CAD","Sep 20, 2021"
"FTSCN","FORTIS INC","Infrastructure","Fixed Income","1,918,534.91","0.07","1,918,534.91","1,947,000.00","1,947,000.00","98.26","Canada","-","CAD","2.29","1.00","May 15, 2028","2.18","CAD","May 14, 2021"
"BAMREP","BROOKFIELD RENEWABLE PARTNERS ULC","Energy","Fixed Income","1,913,131.07","0.07","1,913,131.07","1,865,000.00","1,865,000.00","100.92","Canada","-","CAD","3.89","1.00","Sep 10, 2055","5.37","CAD","Jun 10, 2025"
"ENBGAS","ENBRIDGE GAS INC MTN","Energy","Fixed Income","1,912,101.45","0.07","1,912,101.45","1,946,000.00","1,946,000.00","97.32","Canada","-","CAD","3.39","1.00","Aug 9, 2029","2.37","CAD","Aug 9, 2019"
"IAGCN","IA FINANCIAL CORPORATION INC","Financial","Fixed Income","1,902,562.20","0.07","1,902,562.20","1,870,000.00","1,870,000.00","101.45","Canada","-","CAD","3.56","1.00","Dec 5, 2034","4.13","CAD","Dec 5, 2024"
"XCN","TMX GROUP LTD RegS","Financial","Fixed Income","1,900,475.95","0.07","1,900,475.95","1,775,000.00","1,775,000.00","105.28","Canada","-","CAD","5.13","1.00","Feb 18, 2032","4.84","CAD","Feb 16, 2024"
"MMSPT","MINI MALL STORAGE PROPERTIES TRUST RegS","Real Estate","Fixed Income","1,899,802.77","0.07","1,899,802.77","1,900,000.00","1,900,000.00","99.64","Canada","-","CAD","2.73","1.00","Dec 1, 2028","4.28","CAD","Dec 1, 2025"
"BRUPOW","BRUCE POWER LP RegS","Energy","Fixed Income","1,898,673.29","0.07","1,898,673.29","1,989,000.00","1,989,000.00","95.33","Canada","-","CAD","13.63","1.00","Jun 21, 2049","4.75","CAD","Mar 25, 2019"
"LCN","LOBLAW COMPANIES LTD","Industrial","Fixed Income","1,897,889.48","0.07","1,897,889.48","1,833,000.00","1,833,000.00","103.29","Canada","-","CAD","2.54","1.00","Dec 11, 2028","4.49","CAD","Dec 10, 2018"
"BAMREP","BROOKFIELD RENEWABLE PARTNERS ULC MTN","Energy","Fixed Income","1,894,086.98","0.07","1,894,086.98","1,710,000.00","1,710,000.00","109.93","Canada","-","CAD","5.53","1.00","Nov 9, 2032","5.88","CAD","Nov 9, 2022"
"HYDONE","HYDRO ONE INC MTN","Infrastructure","Fixed Income","1,893,905.63","0.07","1,893,905.63","1,956,000.00","1,956,000.00","96.09","Canada","-","CAD","3.91","1.00","Feb 28, 2030","2.16","CAD","Feb 28, 2020"
"TRPCN","TRANSCANADA PIPELINES LIMITED MTN","Energy","Fixed Income","1,889,092.80","0.07","1,889,092.80","1,436,000.00","1,436,000.00","128.55","Canada","-","CAD","8.53","1.00","Feb 17, 2039","8.05","CAD","Feb 17, 2009"
"KEYCN","KEYERA CORP MTN","Energy","Fixed Income","1,888,162.41","0.07","1,888,162.41","1,783,000.00","1,783,000.00","104.60","Canada","-","CAD","5.21","1.00","Mar 28, 2032","5.02","CAD","Mar 28, 2022"
"CNRCN","CANADIAN NATIONAL RAILWAY COMPANY","Industrial","Fixed Income","1,886,358.10","0.07","1,886,358.10","1,820,000.00","1,820,000.00","103.03","Canada","-","CAD","6.17","1.00","May 10, 2033","4.40","CAD","May 10, 2023"
"NRMPIP","NORTHRIVER MIDSTREAM PIPESTONE LP","Infrastructure","Fixed Income","1,885,503.93","0.07","1,885,503.93","1,900,000.00","1,900,000.00","98.50","Canada","-","CAD","5.33","1.00","Mar 10, 2039","4.87","CAD","Nov 6, 2025"
"NRMPIP","NORTHRIVER MIDSTREAM PIPESTONE LP","Infrastructure","Fixed Income","1,885,098.69","0.07","1,885,098.69","1,900,000.00","1,900,000.00","98.48","Canada","-","CAD","5.36","1.00","Mar 10, 2039","4.86","CAD","Nov 6, 2025"
"HYOHI","HYDRO OTTAWA CAPITAL CORP","Infrastructure","Fixed Income","1,882,778.42","0.07","1,882,778.42","1,830,000.00","1,830,000.00","101.04","Canada","-","CAD","7.29","1.00","Jan 30, 2035","4.37","CAD","Jan 30, 2025"
"CUCN","CU INC","Energy","Fixed Income","1,879,996.31","0.07","1,879,996.31","2,509,000.00","2,509,000.00","74.00","Canada","-","CAD","15.26","1.00","Sep 7, 2049","2.96","CAD","Sep 5, 2019"
"GEICN","GIBSON ENERGY INC RegS","Energy","Fixed Income","1,877,972.36","0.07","1,877,972.36","1,835,000.00","1,835,000.00","100.72","Canada","-","CAD","5.61","1.00","Aug 20, 2032","4.45","CAD","Aug 20, 2025"
"ETRHWY","407 INTERNATIONAL INC MTN","Infrastructure","Fixed Income","1,872,172.32","0.07","1,872,172.32","1,973,000.00","1,973,000.00","94.63","Canada","-","CAD","5.81","1.00","May 25, 2032","2.59","CAD","May 22, 2020"
"CUCN","CU INC","Energy","Fixed Income","1,869,482.79","0.07","1,869,482.79","2,049,000.00","2,049,000.00","89.53","Canada","-","CAD","12.76","1.00","Jul 27, 2045","3.96","CAD","Jul 27, 2015"
"REIUCN","RIOCAN REAL ESTATE INVESTMENT TRUS","Real Estate","Fixed Income","1,866,763.23","0.07","1,866,763.23","1,890,000.00","1,890,000.00","98.36","Canada","-","CAD","2.71","1.00","Nov 8, 2028","2.83","CAD","Nov 8, 2021"
"SRUUCN","SMARTCENTRES REAL ESTATE INVESTMEN","Real Estate","Fixed Income","1,865,595.07","0.07","1,865,595.07","1,888,000.00","1,888,000.00","98.71","Canada","-","CAD","3.67","1.00","Dec 20, 2029","3.53","CAD","Dec 20, 2019"
"RLNCE","RELIANCE LP","Industrial","Fixed Income","1,862,634.36","0.07","1,862,634.36","1,875,000.00","1,875,000.00","98.23","Canada","-","CAD","2.45","1.00","Aug 1, 2028","2.67","CAD","Apr 14, 2021"
"IPLCN","INTER PIPELINE LTD MTN","Energy","Fixed Income","1,860,291.45","0.07","1,860,291.45","2,048,000.00","2,048,000.00","90.44","Canada","-","CAD","11.81","1.00","May 30, 2044","4.64","CAD","May 30, 2014"
"HYDONE","HYDRO ONE INC MTN","Infrastructure","Fixed Income","1,859,425.62","0.07","1,859,425.62","1,963,000.00","1,963,000.00","94.08","Canada","-","CAD","5.26","1.00","Sep 17, 2031","2.23","CAD","Sep 17, 2021"
"DFYCN","DEFINITY FINANCIAL CORP RegS","Financial","Fixed Income","1,859,118.52","0.07","1,859,118.52","1,850,000.00","1,850,000.00","99.17","Canada","-","CAD","7.71","1.00","Sep 12, 2035","4.39","CAD","Sep 12, 2025"
"ALTALK","ALTALINK LP MTN","Infrastructure","Fixed Income","1,856,662.62","0.07","1,856,662.62","2,147,000.00","2,147,000.00","86.19","Canada","-","CAD","13.69","1.00","Dec 3, 2046","3.72","CAD","Dec 1, 2016"
"AERMON","MONTREAL AIRPORTS","Infrastructure","Fixed Income","1,856,430.46","0.07","1,856,430.46","2,291,000.00","2,291,000.00","80.41","Canada","-","CAD","15.37","1.00","Apr 26, 2051","3.44","CAD","Apr 26, 2021"
"DOLCN","DOLLARAMA INC","Industrial","Fixed Income","1,852,380.90","0.07","1,852,380.90","1,730,000.00","1,730,000.00","106.14","Canada","-","CAD","3.73","1.00","Apr 26, 2030","5.17","CAD","Oct 26, 2022"
"ENBGAS","ENBRIDGE GAS INC MTN","Energy","Fixed Income","1,852,165.32","0.07","1,852,165.32","1,650,000.00","1,650,000.00","110.91","Canada","-","CAD","6.15","1.00","Oct 6, 2033","5.70","CAD","Oct 6, 2023"
"ETRHWY","407 INTERNATIONAL INC MTN RegS","Infrastructure","Fixed Income","1,851,805.50","0.07","1,851,805.50","1,840,000.00","1,840,000.00","99.47","Canada","-","CAD","15.26","1.00","Oct 3, 2055","4.81","CAD","Oct 3, 2025"
"TOYOTA","TOYOTA CREDIT CANADA INC MTN","Financial","Fixed Income","1,851,902.45","0.07","1,851,902.45","1,820,000.00","1,820,000.00","100.40","Canada","-","CAD","4.19","1.00","Aug 19, 2030","3.65","CAD","Aug 18, 2025"
"TCN","TELUS CORPORATION","Communication","Fixed Income","1,849,800.41","0.07","1,849,800.41","1,965,000.00","1,965,000.00","93.66","Canada","-","CAD","4.47","1.00","Oct 7, 2030","2.05","CAD","Oct 5, 2020"
"DIRUCN","DREAM INDUSTRIAL REAL ESTATE INVES","Real Estate","Fixed Income","1,846,429.09","0.07","1,846,429.09","1,871,000.00","1,871,000.00","98.61","Canada","-","CAD","1.43","1.00","Jun 17, 2027","2.06","CAD","Jun 17, 2021"
"IFCCN","INTACT FINANCIAL CORP MTN","Financial","Fixed Income","1,841,545.92","0.07","1,841,545.92","1,765,000.00","1,765,000.00","103.76","Canada","-","CAD","3.10","1.00","May 16, 2034","4.65","CAD","May 16, 2024"
"ETRHWY","407 INTERNATIONAL INC MTN","Infrastructure","Fixed Income","1,841,558.88","0.07","1,841,558.88","2,163,000.00","2,163,000.00","83.99","Canada","-","CAD","14.36","1.00","Mar 8, 2049","3.67","CAD","Mar 6, 2019"
"PMZUCN","PRIMARIS REAL ESTATE INVESTMENT TR RegS","Real Estate","Fixed Income","1,841,086.44","0.07","1,841,086.44","1,840,000.00","1,840,000.00","99.18","Canada","-","CAD","4.30","1.00","Oct 9, 2030","3.85","CAD","Oct 9, 2025"
"EPCOR","EPCOR UTILITIES INC MTN","Infrastructure","Fixed Income","1,839,046.66","0.07","1,839,046.66","1,845,000.00","1,845,000.00","98.12","Canada","-","CAD","14.55","1.00","Sep 2, 2052","4.72","CAD","Sep 2, 2022"
"PLEBCA","PLENARY HEALTH BRIDGEPOINT LP","Infrastructure","Fixed Income","1,837,027.33","0.07","1,837,027.33","1,509,607.00","1,509,607.00","119.27","Canada","-","CAD","7.09","1.00","Aug 31, 2042","7.25","CAD","Aug 11, 2009"
"HYDONE","HYDRO ONE INC RegS","Infrastructure","Fixed Income","1,837,125.96","0.07","1,837,125.96","1,770,000.00","1,770,000.00","102.00","Canada","-","CAD","5.95","1.00","Jan 27, 2033","4.16","CAD","Jan 27, 2023"
"CPXCN","CAPITAL POWER CORP MTN RegS","Energy","Fixed Income","1,835,187.12","0.07","1,835,187.12","1,750,000.00","1,750,000.00","102.53","Canada","-","CAD","1.02","1.00","Jan 25, 2027","5.38","CAD","Dec 15, 2023"
"ENBCN","ENBRIDGE INC 60NC5 RegS","Energy","Fixed Income","1,830,849.85","0.07","1,830,849.85","1,600,000.00","1,600,000.00","110.53","Canada","-","CAD","2.43","1.00","Jan 15, 2084","8.49","CAD","Sep 29, 2023"
"BIP","BROOKFIELD INFRASTRUCTURE FINANCE MTN","Infrastructure","Fixed Income","1,830,587.21","0.07","1,830,587.21","1,745,000.00","1,745,000.00","104.18","Canada","-","CAD","1.69","1.00","Nov 14, 2027","5.62","CAD","Nov 14, 2022"
"GM","GENERAL MOTORS FINANCIAL OF CANADA","Financial","Fixed Income","1,830,727.64","0.07","1,830,727.64","1,762,000.00","1,762,000.00","102.34","United States","-","CAD","3.71","1.00","Feb 25, 2030","4.45","CAD","Feb 25, 2025"
"SSLFIN","SSL FINANCE INC","Infrastructure","Fixed Income","1,830,225.52","0.07","1,830,225.52","1,923,889.00","1,923,889.00","94.45","Canada","-","CAD","8.17","1.00","Oct 31, 2045","4.10","CAD","Jun 19, 2015"
"LCN","LOBLAW COMPANIES LTD","Industrial","Fixed Income","1,830,395.32","0.07","1,830,395.32","1,785,000.00","1,785,000.00","100.89","Canada","-","CAD","14.43","1.00","Mar 4, 2054","5.12","CAD","Mar 4, 2024"
"DE","JOHN DEERE FINANCIAL INC MTN","Financial","Fixed Income","1,825,085.97","0.07","1,825,085.97","1,760,000.00","1,760,000.00","101.74","United States","-","CAD","1.01","1.00","Jan 20, 2027","4.36","CAD","Jan 11, 2024"
"ETRHWY","407 INTERNATIONAL INC MTN","Infrastructure","Fixed Income","1,824,819.37","0.07","1,824,819.37","1,915,000.00","1,915,000.00","93.94","Canada","-","CAD","14.72","1.00","Sep 11, 2052","4.45","CAD","Mar 5, 2025"
"PPLCN","PEMBINA PIPELINE CORP","Energy","Fixed Income","1,823,597.42","0.07","1,823,597.42","2,048,000.00","2,048,000.00","88.78","Canada","-","CAD","14.31","1.00","Dec 10, 2051","4.49","CAD","Dec 10, 2021"
"HYDONE","HYDRO ONE LTD","Infrastructure","Fixed Income","1,822,614.94","0.07","1,822,614.94","1,856,000.00","1,856,000.00","97.90","Canada","-","CAD","1.75","1.00","Oct 15, 2027","1.41","CAD","Oct 15, 2020"
"ETRHWY","407 INTERNATIONAL INC MTN RegS","Infrastructure","Fixed Income","1,821,508.00","0.07","1,821,508.00","1,815,000.00","1,815,000.00","99.36","Canada","-","CAD","7.86","1.00","Oct 3, 2035","4.11","CAD","Oct 3, 2025"
"CAAIAU","CALGARY AIRPORT AUTHORITY","Infrastructure","Fixed Income","1,819,840.10","0.07","1,819,840.10","2,006,000.00","2,006,000.00","89.97","Canada","-","CAD","8.83","1.00","Oct 7, 2036","3.20","CAD","Oct 7, 2021"
"AVELIV","AVENUE LIVING 2014 LP RegS","Real Estate","Fixed Income","1,819,333.70","0.07","1,819,333.70","1,785,000.00","1,785,000.00","101.24","Canada","-","CAD","3.86","1.00","May 12, 2030","5.11","CAD","May 12, 2025"
"KEYCN","KEYERA CORP RegS","Energy","Fixed Income","1,814,907.40","0.06","1,814,907.40","1,805,000.00","1,805,000.00","99.38","Canada","-","CAD","7.72","1.00","Oct 15, 2035","4.57","CAD","Sep 29, 2025"
"ETRHWY","407 INTERNATIONAL INC MTN","Infrastructure","Fixed Income","1,810,820.23","0.06","1,810,820.23","2,121,000.00","2,121,000.00","84.87","Canada","-","CAD","14.14","1.00","May 11, 2048","3.72","CAD","May 9, 2018"
"HYDONE","HYDRO ONE INC MTN","Infrastructure","Fixed Income","1,808,100.30","0.06","1,808,100.30","1,705,000.00","1,705,000.00","104.59","Canada","-","CAD","8.51","1.00","Mar 13, 2037","4.89","CAD","Mar 13, 2007"
"PPLCN","PEMBINA PIPELINE CORP MTN","Energy","Fixed Income","1,804,133.61","0.06","1,804,133.61","1,886,000.00","1,886,000.00","94.85","Canada","-","CAD","11.37","1.00","Apr 30, 2043","4.75","CAD","Apr 30, 2013"
"GRTCN","GRANITE REIT HOLDINGS LP","Real Estate","Fixed Income","1,803,224.40","0.06","1,803,224.40","1,660,000.00","1,660,000.00","107.30","Canada","-","CAD","2.89","1.00","Apr 12, 2029","6.07","CAD","Oct 12, 2023"
"GIBACN","CGI INC","Industrial","Fixed Income","1,802,579.03","0.06","1,802,579.03","1,755,000.00","1,755,000.00","101.43","Canada","-","CAD","1.61","1.00","Sep 5, 2027","3.99","CAD","Sep 5, 2024"
"RLNCE","RELIANCE LP","Industrial","Fixed Income","1,802,706.30","0.06","1,802,706.30","1,700,000.00","1,700,000.00","105.38","Canada","-","CAD","4.58","1.00","May 15, 2031","5.25","CAD","May 15, 2024"
"ENBPIP","ENBRIDGE PIPELINES INC MTN","Energy","Fixed Income","1,799,002.90","0.06","1,799,002.90","1,921,000.00","1,921,000.00","92.49","Canada","-","CAD","12.37","1.00","Sep 29, 2045","4.55","CAD","Sep 29, 2015"
"NWRWPT","NORTH WEST REDWATER PARTNERSHIP RegS","Energy","Fixed Income","1,797,534.82","0.06","1,797,534.82","2,035,000.00","2,035,000.00","87.01","Canada","-","CAD","11.96","1.00","Feb 23, 2043","3.70","CAD","Feb 23, 2015"
"DIRUCN","DREAM INDUSTRIAL REAL ESTATE INVES","Real Estate","Fixed Income","1,795,517.98","0.06","1,795,517.98","1,700,000.00","1,700,000.00","104.14","Canada","-","CAD","2.00","1.00","Mar 22, 2028","5.38","CAD","Mar 22, 2023"
"DTRGR","DAIMLER TRUCK FINANCE CANADA INC RegS","Financial","Fixed Income","1,795,050.92","0.06","1,795,050.92","1,775,000.00","1,775,000.00","100.38","Germany","-","CAD","2.62","1.00","Oct 13, 2028","3.48","CAD","Aug 13, 2025"
"THPMCN","TRILLIUM M PROJECT CO GENERAL PART","Infrastructure","Fixed Income","1,794,065.22","0.06","1,794,065.22","1,730,000.00","1,730,000.00","102.92","Canada","-","CAD","9.55","1.00","Apr 30, 2043","4.70","CAD","Jul 10, 2025"
"TOYOTA","TOYOTA CREDIT CANADA INC MTN","Financial","Fixed Income","1,792,790.90","0.06","1,792,790.90","1,730,000.00","1,730,000.00","103.58","Canada","-","CAD","3.23","1.00","Jun 27, 2029","4.44","CAD","Jun 27, 2024"
"CNRCN","CANADIAN NATIONAL RAILWAY COMPANY","Industrial","Fixed Income","1,789,149.60","0.06","1,789,149.60","2,130,000.00","2,130,000.00","82.57","Canada","-","CAD","14.32","1.00","Feb 8, 2049","3.60","CAD","Feb 8, 2019"
"CAAIAU","CALGARY AIRPORT AUTHORITY","Infrastructure","Fixed Income","1,776,273.36","0.06","1,776,273.36","2,140,000.00","2,140,000.00","82.18","Canada","-","CAD","15.38","1.00","Oct 7, 2051","3.55","CAD","Oct 7, 2021"
"ONTPOW","ONTARIO POWER GENERATION INC MTN","Energy","Fixed Income","1,776,271.99","0.06","1,776,271.99","2,466,000.00","2,466,000.00","70.96","Canada","-","CAD","15.60","1.00","Feb 21, 2051","2.95","CAD","Feb 4, 2021"
"AVNLV","AVENUE LIVING (2014) LP RegS","Real Estate","Fixed Income","1,774,432.18","0.06","1,774,432.18","1,750,000.00","1,750,000.00","100.19","Canada","-","CAD","2.54","1.00","Sep 25, 2028","4.52","CAD","Sep 25, 2025"
"BAMREP","BROOKFIELD RENEWABLE PARTNERS ULC MTN","Energy","Fixed Income","1,765,569.39","0.06","1,765,569.39","1,745,000.00","1,745,000.00","100.18","Canada","-","CAD","7.74","1.00","Oct 12, 2035","4.54","CAD","Mar 12, 2025"
"BAMREP","BROOKFIELD RENEWABLE ENERGY PARTNE MTN","Energy","Fixed Income","1,762,702.11","0.06","1,762,702.11","1,724,000.00","1,724,000.00","100.56","Canada","-","CAD","0.77","1.00","Jan 15, 2027","3.63","CAD","Aug 12, 2016"
"ENBGAS","ENBRIDGE GAS INC MTN","Energy","Fixed Income","1,760,647.58","0.06","1,760,647.58","1,894,000.00","1,894,000.00","92.63","Canada","-","CAD","12.33","1.00","Jun 2, 2044","4.20","CAD","Jun 2, 2014"
"HNDA","HONDA CANADA FINANCE INC","Financial","Fixed Income","1,760,439.60","0.06","1,760,439.60","1,654,000.00","1,654,000.00","104.66","Canada","-","CAD","2.87","1.00","Feb 21, 2029","4.90","CAD","Feb 21, 2024"
"NACN","CANADIAN WESTERN BANK","Financial","Fixed Income","1,760,032.65","0.06","1,760,032.65","1,665,000.00","1,665,000.00","103.54","Canada","-","CAD","2.34","1.00","Jul 11, 2028","4.57","CAD","Jul 11, 2024"
"NVLAUT","NOUVELLE AUTOROUTE 30 FINANCEMENT","Infrastructure","Fixed Income","1,758,953.47","0.06","1,758,953.47","1,865,163.00","1,865,163.00","93.27","Canada","-","CAD","9.01","1.00","Mar 31, 2042","4.11","CAD","Jun 14, 2018"
"CHPUCN","CHOICE PROPERTIES REAL ESTATE INVE","Real Estate","Fixed Income","1,758,162.74","0.06","1,758,162.74","1,685,000.00","1,685,000.00","102.37","Canada","-","CAD","3.61","1.00","Jan 16, 2030","4.29","CAD","Jan 16, 2025"
"QBRCN","VIDEOTRON LTD RegS","Communication","Fixed Income","1,757,421.08","0.06","1,757,421.08","1,650,000.00","1,650,000.00","104.20","Canada","-","CAD","6.75","1.00","Jul 15, 2034","5.00","CAD","Jun 21, 2024"
"F","FORD CREDIT CANADA CO RegS","Financial","Fixed Income","1,750,960.13","0.06","1,750,960.13","1,650,000.00","1,650,000.00","105.23","United States","-","CAD","2.54","1.00","Nov 10, 2028","6.38","CAD","Nov 10, 2023"
"CUCN","CANADIAN UTILITIES LTD RegS","Energy","Fixed Income","1,746,379.36","0.06","1,746,379.36","1,720,000.00","1,720,000.00","101.45","Canada","-","CAD","7.66","1.00","Jun 24, 2035","4.41","CAD","Jun 24, 2025"
"GTAAIR","GREATER TORONTO AIRPORTS AUTHORITY","Infrastructure","Fixed Income","1,745,657.49","0.06","1,745,657.49","2,260,000.00","2,260,000.00","76.49","Canada","-","CAD","15.83","1.00","Oct 5, 2051","3.15","CAD","Oct 5, 2021"
"HYDONE","HYDRO ONE INC MTN","Infrastructure","Fixed Income","1,742,321.68","0.06","1,742,321.68","1,756,000.00","1,756,000.00","98.18","Canada","-","CAD","11.76","1.00","Oct 9, 2043","4.59","CAD","Oct 9, 2013"
"HYNMTR","HYUNDAI CAPITAL CANADA INC RegS","Financial","Fixed Income","1,740,945.73","0.06","1,740,945.73","1,710,000.00","1,710,000.00","100.65","Canada","-","CAD","2.52","1.00","Sep 5, 2028","3.57","CAD","Sep 4, 2025"
"PPLCN","PEMBINA PIPELINE CORP","Energy","Fixed Income","1,736,032.58","0.06","1,736,032.58","1,885,000.00","1,885,000.00","91.67","Canada","-","CAD","13.77","1.00","May 28, 2050","4.67","CAD","May 28, 2020"
"IFCCN","INTACT FINANCIAL CORP MTN RegS","Financial","Fixed Income","1,736,163.49","0.06","1,736,163.49","1,763,000.00","1,763,000.00","98.22","Canada","-","CAD","2.30","1.00","May 18, 2028","2.18","CAD","May 18, 2021"
"CNHI","CNH INDUSTRIAL CAPITAL CANADA LTD","Financial","Fixed Income","1,735,583.18","0.06","1,735,583.18","1,680,000.00","1,680,000.00","102.03","United States","-","CAD","1.18","1.00","Mar 25, 2027","4.80","CAD","Mar 25, 2024"
"TIHCN","TOROMONT INDUSTRIES LTD.","Industrial","Fixed Income","1,734,770.01","0.06","1,734,770.01","1,705,000.00","1,705,000.00","101.06","Canada","-","CAD","1.54","1.00","Oct 27, 2027","3.84","CAD","Oct 27, 2017"
"F","FORD CREDIT CANADA CO","Financial","Fixed Income","1,732,198.21","0.06","1,732,198.21","1,700,000.00","1,700,000.00","99.47","United States","-","CAD","5.05","1.00","Jan 9, 2032","5.05","CAD","Jan 9, 2025"
"EQBCN","EQUITABLE BANK","Financial","Fixed Income","1,731,704.77","0.06","1,731,704.77","1,720,000.00","1,720,000.00","100.48","Canada","-","CAD","3.06","1.00","Apr 12, 2029","3.87","CAD","Dec 12, 2025"
"GEICN","GIBSON ENERGY INC MTN","Energy","Fixed Income","1,727,308.80","0.06","1,727,308.80","1,560,000.00","1,560,000.00","108.02","Canada","-","CAD","6.25","1.00","Jul 12, 2033","5.75","CAD","Jul 12, 2023"
"BCIMCR","BCI QUADREAL REALTY","Real Estate","Fixed Income","1,726,724.93","0.06","1,726,724.93","1,700,000.00","1,700,000.00","100.60","Canada","-","CAD","2.10","1.00","Mar 14, 2028","3.28","CAD","Mar 14, 2025"
"WCPCN","WHITECAP RESOURCES INC","Energy","Fixed Income","1,723,932.47","0.06","1,723,932.47","1,675,000.00","1,675,000.00","102.20","Canada","-","CAD","3.47","1.00","Nov 1, 2029","4.38","CAD","Nov 1, 2024"
"BNCN","BROOKFIELD ASSET MANAGEMENT INC.","Industrial","Fixed Income","1,721,448.06","0.06","1,721,448.06","1,553,000.00","1,553,000.00","110.57","Canada","-","CAD","7.32","1.00","Jun 14, 2035","5.95","CAD","Jun 14, 2005"
"FFHCN","FAIRFAX FINANCIAL HOLDINGS LTD","Financial","Fixed Income","1,720,013.85","0.06","1,720,013.85","1,695,000.00","1,695,000.00","99.78","Canada","-","CAD","7.61","1.00","Aug 14, 2035","4.45","CAD","Aug 14, 2025"
"ENMAXC","ENMAX CORP RegS","Infrastructure","Fixed Income","1,719,782.03","0.06","1,719,782.03","1,660,000.00","1,660,000.00","102.53","Canada","-","CAD","7.06","1.00","Oct 9, 2034","4.70","CAD","Oct 9, 2024"
"CPXCN","CAPITAL POWER CORP MTN","Energy","Fixed Income","1,719,526.74","0.06","1,719,526.74","1,825,000.00","1,825,000.00","93.44","Canada","-","CAD","5.96","1.00","Oct 1, 2032","3.15","CAD","Oct 1, 2020"
"CNRCN","CANADIAN NATIONAL RAILWAY COMPANY","Industrial","Fixed Income","1,716,597.89","0.06","1,716,597.89","2,037,000.00","2,037,000.00","82.76","Canada","-","CAD","14.13","1.00","Jul 31, 2048","3.60","CAD","Jul 31, 2018"
"NSIUCN","NOVA SCOTIA POWER INC MTN","Infrastructure","Fixed Income","1,716,840.43","0.06","1,716,840.43","2,130,000.00","2,130,000.00","79.75","Canada","-","CAD","14.36","1.00","Apr 5, 2049","3.57","CAD","Apr 4, 2019"
"CUCN","CU INC","Energy","Fixed Income","1,716,054.47","0.06","1,716,054.47","1,740,000.00","1,740,000.00","97.21","Canada","-","CAD","15.07","1.00","Sep 11, 2054","4.66","CAD","Sep 11, 2024"
"ALACN","ALTAGAS LTD MTN RegS","Energy","Fixed Income","1,710,372.52","0.06","1,710,372.52","1,600,000.00","1,600,000.00","105.38","Canada","-","CAD","6.54","1.00","Mar 14, 2034","5.14","CAD","Mar 14, 2024"
"HOSNOH","HOSPITAL INFRASTRUCTURE PARTNERS I","Infrastructure","Fixed Income","1,708,498.54","0.06","1,708,498.54","1,567,103.00","1,567,103.00","106.74","Canada","-","CAD","7.91","1.00","Jan 31, 2045","5.44","CAD","Jul 29, 2011"
"ETRHWY","407 INTERNATIONAL INC. MTN","Infrastructure","Fixed Income","1,705,956.00","0.06","1,705,956.00","2,025,000.00","2,025,000.00","83.85","Canada","-","CAD","13.91","1.00","May 21, 2047","3.60","CAD","May 19, 2016"
"COAGAS","COASTAL GASLINK PIPELINE LP","Energy","Fixed Income","1,703,056.91","0.06","1,703,056.91","1,660,000.00","1,660,000.00","102.58","Canada","-","CAD","1.44","1.00","Jun 30, 2027","4.67","CAD","Jun 13, 2024"
"ETRHWY","407 INTERNATIONAL INC MTN","Infrastructure","Fixed Income","1,702,602.86","0.06","1,702,602.86","1,928,000.00","1,928,000.00","87.10","Canada","-","CAD","15.13","1.00","Sep 11, 2052","3.98","CAD","Sep 11, 2012"
"ETRHWY","407 INTERNATIONAL INC MTN","Infrastructure","Fixed Income","1,701,456.06","0.06","1,701,456.06","1,641,000.00","1,641,000.00","102.08","Canada","-","CAD","2.00","1.00","Feb 14, 2028","4.22","CAD","Sep 7, 2022"
"BCECN","BELL CANADA MTN","Communication","Fixed Income","1,692,391.25","0.06","1,692,391.25","1,760,000.00","1,760,000.00","94.95","Canada","-","CAD","11.88","1.00","Sep 29, 2044","4.75","CAD","Sep 29, 2014"
"VW","VW CREDIT CANADA INC RegS","Financial","Fixed Income","1,690,628.26","0.06","1,690,628.26","1,603,000.00","1,603,000.00","104.73","Germany","-","CAD","1.77","1.00","Nov 15, 2027","5.86","CAD","Nov 15, 2022"
"ENBCN","ENBRIDGE INC MTN","Energy","Fixed Income","1,690,212.12","0.06","1,690,212.12","1,659,000.00","1,659,000.00","100.64","Canada","-","CAD","2.04","1.00","Feb 25, 2028","3.55","CAD","Feb 25, 2025"
"HYDONE","HYDRO ONE INC MTN","Infrastructure","Fixed Income","1,690,277.88","0.06","1,690,277.88","1,869,000.00","1,869,000.00","89.04","Canada","-","CAD","13.08","1.00","Feb 23, 2046","3.91","CAD","Feb 24, 2016"
"CUCN","CU INC MTN","Energy","Fixed Income","1,689,737.57","0.06","1,689,737.57","1,913,000.00","1,913,000.00","87.92","Canada","-","CAD","14.15","1.00","Nov 23, 2048","3.95","CAD","Nov 21, 2018"
"TOYOTA","TOYOTA CREDIT CANADA INC MTN RegS","Financial","Fixed Income","1,688,294.16","0.06","1,688,294.16","1,574,000.00","1,574,000.00","104.83","Canada","-","CAD","2.32","1.00","Jul 12, 2028","5.16","CAD","Jul 12, 2023"
"GWOCN","GREAT-WEST LIFECO INC","Financial","Fixed Income","1,686,837.14","0.06","1,686,837.14","1,501,000.00","1,501,000.00","111.64","Canada","-","CAD","9.56","1.00","Nov 16, 2039","6.00","CAD","Nov 16, 2009"
"TIHCN","TOROMONT INDUSTRIES LTD RegS","Industrial","Fixed Income","1,675,448.62","0.06","1,675,448.62","1,650,000.00","1,650,000.00","100.57","Canada","-","CAD","3.86","1.00","Mar 28, 2030","3.76","CAD","Mar 28, 2025"
"VW","VW CREDIT CANADA INC RegS","Financial","Fixed Income","1,674,390.45","0.06","1,674,390.45","1,675,000.00","1,675,000.00","99.53","Germany","-","CAD","4.42","1.00","Nov 19, 2030","3.81","CAD","Nov 19, 2025"
"ENBPIP","ENBRIDGE PIPELINES INC MTN","Energy","Fixed Income","1,671,858.57","0.06","1,671,858.57","1,736,000.00","1,736,000.00","95.93","Canada","-","CAD","4.91","1.00","May 12, 2031","2.82","CAD","May 12, 2021"
"FFHCN","FAIRFAX FINANCIAL HOLDINGS LTD","Financial","Fixed Income","1,669,794.95","0.06","1,669,794.95","1,670,000.00","1,670,000.00","98.05","Canada","-","CAD","14.53","1.00","Aug 16, 2055","5.10","CAD","Aug 14, 2025"
"ETRHWY","407 INTERNATIONAL INC.","Infrastructure","Fixed Income","1,668,881.30","0.06","1,668,881.30","1,667,000.00","1,667,000.00","99.73","Canada","-","CAD","1.29","1.00","May 4, 2027","2.43","CAD","Nov 4, 2016"
"HYDONE","HYDRO ONE INC MTN RegS","Infrastructure","Fixed Income","1,668,244.32","0.06","1,668,244.32","1,625,000.00","1,625,000.00","101.15","Canada","-","CAD","7.69","1.00","Aug 24, 2035","4.30","CAD","Aug 25, 2025"
"BMW","BMW CANADA INC MTN RegS","Industrial","Fixed Income","1,664,721.58","0.06","1,664,721.58","1,634,000.00","1,634,000.00","100.69","Germany","-","CAD","3.39","1.00","Sep 5, 2029","3.70","CAD","Sep 5, 2025"
"HYNMTR","HYUNDAI CAPITAL CANADA INC","Financial","Fixed Income","1,662,332.25","0.06","1,662,332.25","1,595,000.00","1,595,000.00","102.28","Canada","-","CAD","1.48","1.00","Jul 26, 2027","4.49","CAD","Jul 24, 2024"
"BIP","BROOKFIELD INFRASTRUCTURE FINANCE","Infrastructure","Fixed Income","1,660,824.79","0.06","1,660,824.79","1,540,000.00","1,540,000.00","106.85","Canada","-","CAD","6.58","1.00","Apr 25, 2034","5.44","CAD","Apr 25, 2022"
"ALACN","ALTAGAS LTD MTN","Energy","Fixed Income","1,659,850.81","0.06","1,659,850.81","1,569,000.00","1,569,000.00","103.54","Canada","-","CAD","2.70","1.00","Jan 8, 2029","4.67","CAD","Jan 8, 2024"
"SRUUCN","SMARTCENTRES REAL ESTATE INVESTMEN","Real Estate","Fixed Income","1,656,468.65","0.06","1,656,468.65","1,555,000.00","1,555,000.00","104.38","Canada","-","CAD","4.01","1.00","Aug 1, 2030","5.16","CAD","Aug 1, 2024"
"CNRCN","CANADIAN NATIONAL RAILWAY COMPANY","Industrial","Fixed Income","1,654,016.02","0.06","1,654,016.02","1,836,000.00","1,836,000.00","89.01","Canada","-","CAD","12.91","1.00","Sep 22, 2045","3.95","CAD","Sep 22, 2015"
"KEYCN","KEYERA CORP","Energy","Fixed Income","1,653,266.47","0.06","1,653,266.47","1,630,000.00","1,630,000.00","101.32","Canada","-","CAD","2.20","1.00","Jun 21, 2028","3.93","CAD","Jun 19, 2018"
"FNCN","FIRST NATIONAL FINANCIAL CORP RegS","Financial","Fixed Income","1,650,932.94","0.06","1,650,932.94","1,620,000.00","1,620,000.00","100.98","Canada","-","CAD","4.23","1.00","Oct 23, 2030","4.89","CAD","Oct 23, 2025"
"F","FORD CREDIT CANADA CO RegS","Financial","Fixed Income","1,650,631.55","0.06","1,650,631.55","1,600,000.00","1,600,000.00","102.58","United States","-","CAD","4.59","1.00","May 23, 2031","5.58","CAD","May 23, 2024"
"HNDA","HONDA CANADA FINANCE INC","Financial","Fixed Income","1,650,673.29","0.06","1,650,673.29","1,530,000.00","1,530,000.00","106.41","Canada","-","CAD","2.52","1.00","Sep 28, 2028","5.73","CAD","Sep 28, 2023"
"GWOCN","GREAT-WEST LIFECO INC","Financial","Fixed Income","1,642,062.08","0.06","1,642,062.08","2,217,000.00","2,217,000.00","72.63","Canada","-","CAD","15.34","1.00","Jul 8, 2050","2.98","CAD","Jul 8, 2020"
"HYDONE","HYDRO ONE INC MTN","Infrastructure","Fixed Income","1,640,681.75","0.06","1,640,681.75","1,749,000.00","1,749,000.00","93.03","Canada","-","CAD","4.74","1.00","Jan 16, 2031","1.69","CAD","Oct 9, 2020"
"MFCCN","MANULIFE BANK OF CANADA","Financial","Fixed Income","1,639,932.92","0.06","1,639,932.92","1,610,000.00","1,610,000.00","100.50","Canada","-","CAD","4.16","1.00","Aug 19, 2030","3.69","CAD","Aug 19, 2025"
"BCECN","BELL CANADA MTN RegS","Communication","Fixed Income","1,634,397.12","0.06","1,634,397.12","1,816,000.00","1,816,000.00","89.84","Canada","-","CAD","12.70","1.00","Dec 18, 2045","4.35","CAD","Mar 30, 2015"
"ENBPIP","ENBRIDGE PIPELINES INC MTN","Energy","Fixed Income","1,634,419.54","0.06","1,634,419.54","1,470,000.00","1,470,000.00","109.02","Canada","-","CAD","13.75","1.00","Aug 17, 2053","5.82","CAD","Aug 17, 2023"
"LCN","LOBLAW COMPANIES LTD","Industrial","Fixed Income","1,629,065.41","0.06","1,629,065.41","1,542,000.00","1,542,000.00","104.05","Canada","-","CAD","13.97","1.00","Sep 13, 2052","5.34","CAD","Sep 13, 2022"
"VW","VW CREDIT CANADA INC RegS","Financial","Fixed Income","1,623,141.16","0.06","1,623,141.16","1,510,000.00","1,510,000.00","105.89","Germany","-","CAD","2.49","1.00","Sep 20, 2028","5.73","CAD","Sep 20, 2023"
"CUCN","CU INC RegS","Energy","Fixed Income","1,622,787.73","0.06","1,622,787.73","1,544,000.00","1,544,000.00","103.68","Canada","-","CAD","14.57","1.00","Sep 20, 2053","5.09","CAD","Sep 20, 2023"
"HYNMTR","HYUNDAI CAPITAL CANADA INC","Financial","Fixed Income","1,614,021.82","0.06","1,614,021.82","1,519,000.00","1,519,000.00","104.20","Canada","-","CAD","2.75","1.00","Jan 31, 2029","4.89","CAD","Jan 31, 2024"
"HYDONE","HYDRO ONE INC.","Infrastructure","Fixed Income","1,612,092.05","0.06","1,612,092.05","1,388,000.00","1,388,000.00","115.58","Canada","-","CAD","3.83","1.00","Jun 3, 2030","7.35","CAD","Jun 1, 2000"
"CP","CANADIAN PACIFIC RAILWAY COMPANY","Industrial","Fixed Income","1,609,374.51","0.06","1,609,374.51","1,596,000.00","1,596,000.00","99.90","Canada","-","CAD","2.96","1.00","Mar 13, 2029","3.15","CAD","Mar 13, 2019"
"TCN","TELUS CORPORATION","Communication","Fixed Income","1,607,741.88","0.06","1,607,741.88","1,609,000.00","1,609,000.00","99.43","Canada","-","CAD","11.43","1.00","Nov 26, 2043","5.15","CAD","Nov 26, 2013"
"CHPUCN","CHOICE PROPERTIES REAL ESTATE INVE","Real Estate","Fixed Income","1,605,863.46","0.06","1,605,863.46","1,570,000.00","1,570,000.00","100.45","Canada","-","CAD","7.53","1.00","Aug 8, 2035","4.63","CAD","Aug 8, 2025"
"ENBPIP","ENBRIDGE PIPELINES INC MTN","Energy","Fixed Income","1,603,465.91","0.06","1,603,465.91","1,854,000.00","1,854,000.00","85.92","Canada","-","CAD","14.40","1.00","May 12, 2051","4.20","CAD","May 12, 2021"
"GTAAIR","GREATER TORONTO AIRPORTS AUTHORITY MTN 144A","Infrastructure","Fixed Income","1,602,224.58","0.06","1,602,224.58","1,625,000.00","1,625,000.00","98.24","Canada","-","CAD","11.13","1.00","Dec 2, 2041","4.53","CAD","Dec 2, 2011"
"NAVCAN","NAV CANADA MTN","Infrastructure","Fixed Income","1,598,113.06","0.06","1,598,113.06","1,970,000.00","1,970,000.00","80.29","Canada","-","CAD","14.48","1.00","Mar 30, 2048","3.29","CAD","Mar 29, 2018"
"KEYCN","KEYERA CORP MTN","Energy","Fixed Income","1,596,704.12","0.06","1,596,704.12","1,578,000.00","1,578,000.00","100.84","Canada","-","CAD","3.96","1.00","May 29, 2030","3.96","CAD","May 29, 2020"
"F","FORD CREDIT CANADA CO","Financial","Fixed Income","1,587,822.09","0.06","1,587,822.09","1,555,000.00","1,555,000.00","100.67","United States","-","CAD","3.33","1.00","Sep 12, 2029","4.79","CAD","Sep 12, 2024"
"ENBGAS","ENBRIDGE GAS INC MTN","Energy","Fixed Income","1,585,456.65","0.06","1,585,456.65","1,563,000.00","1,563,000.00","100.91","Canada","-","CAD","14.05","1.00","Nov 22, 2050","4.95","CAD","Nov 22, 2010"
"MRUCN","METRO INC MTN","Industrial","Fixed Income","1,585,339.64","0.06","1,585,339.64","1,388,000.00","1,388,000.00","112.96","Canada","-","CAD","7.47","1.00","Oct 15, 2035","5.97","CAD","Oct 12, 2005"
"BCECN","BELL CANADA MTN","Communication","Fixed Income","1,582,243.70","0.06","1,582,243.70","1,378,000.00","1,378,000.00","112.67","Canada","-","CAD","8.08","1.00","Feb 26, 2037","6.17","CAD","Feb 26, 2007"
"CTLONE","CENTRAL 1 CREDIT UNION MTN","Financial","Fixed Income","1,582,280.15","0.06","1,582,280.15","1,515,000.00","1,515,000.00","102.58","Canada","-","CAD","1.90","1.00","Feb 7, 2028","4.65","CAD","Feb 7, 2023"
"BNCN","BROOKFIELD FINANCE II INC MTN RegS","Industrial","Fixed Income","1,581,432.16","0.06","1,581,432.16","1,565,000.00","1,565,000.00","100.81","Canada","-","CAD","6.09","1.00","Mar 1, 2033","4.39","CAD","Dec 11, 2025"
"XCN","TMX GROUP LTD RegS","Financial","Fixed Income","1,577,469.05","0.06","1,577,469.05","1,485,000.00","1,485,000.00","104.47","Canada","-","CAD","3.21","1.00","Aug 16, 2029","4.68","CAD","Feb 16, 2024"
"ACICN","ALTAGAS CANADA INC MTN","Energy","Fixed Income","1,572,121.36","0.06","1,572,121.36","1,532,000.00","1,532,000.00","102.32","Canada","-","CAD","2.56","1.00","Dec 5, 2028","4.26","CAD","Dec 5, 2018"
"SJCN","STELLA JONES INC RegS","Industrial","Fixed Income","1,554,315.68","0.06","1,554,315.68","1,525,000.00","1,525,000.00","100.85","Canada","-","CAD","5.00","1.00","Oct 1, 2031","4.31","CAD","Oct 1, 2024"
"VANAIR","VANCOUVER AIRPORT AUTHORITY","Infrastructure","Fixed Income","1,552,113.09","0.06","1,552,113.09","2,136,000.00","2,136,000.00","71.89","Canada","-","CAD","15.89","1.00","Sep 21, 2050","2.80","CAD","Sep 21, 2020"
"CUCN","CU INC MTN","Energy","Fixed Income","1,547,619.15","0.06","1,547,619.15","2,017,000.00","2,017,000.00","75.71","Canada","-","CAD","15.64","1.00","Sep 5, 2051","3.17","CAD","Sep 3, 2021"
"IAGCN","IA FINANCIAL CORPORATION INC","Financial","Fixed Income","1,545,713.73","0.06","1,545,713.73","1,465,000.00","1,465,000.00","105.34","Canada","-","CAD","2.29","1.00","Jun 20, 2033","5.68","CAD","Jun 20, 2023"
"TRPCN","TRANSCANADA PIPELINES LTD","Energy","Fixed Income","1,544,334.02","0.06","1,544,334.02","1,394,000.00","1,394,000.00","109.99","Canada","-","CAD","13.56","1.00","May 12, 2052","5.92","CAD","May 12, 2022"
"CTLONE","CENTRAL 1 CREDIT UNION MTN","Financial","Fixed Income","1,544,111.29","0.06","1,544,111.29","1,515,000.00","1,515,000.00","100.46","Canada","-","CAD","4.13","1.00","Aug 20, 2030","4.00","CAD","Aug 20, 2025"
"TORHYD","TORONTO HYDRO CORPORATION","Infrastructure","Fixed Income","1,543,874.50","0.06","1,543,874.50","1,540,000.00","1,540,000.00","99.27","Canada","-","CAD","5.85","1.00","Sep 24, 2032","3.65","CAD","Sep 24, 2025"
"CAECN","CAE INC RegS","Industrial","Fixed Income","1,541,828.51","0.06","1,541,828.51","1,475,000.00","1,475,000.00","104.24","Canada","-","CAD","2.22","1.00","Jun 12, 2028","5.54","CAD","Jun 12, 2023"
"SRUUCN","SMARTCENTRES REAL ESTATE INVESTMEN","Real Estate","Fixed Income","1,541,574.39","0.06","1,541,574.39","1,570,000.00","1,570,000.00","97.99","Canada","-","CAD","4.48","1.00","Dec 11, 2030","3.65","CAD","Jun 11, 2020"
"SUCN","SUNCOR ENERGY INC MTN","Energy","Fixed Income","1,539,291.40","0.06","1,539,291.40","1,705,000.00","1,705,000.00","88.98","Canada","-","CAD","12.78","1.00","Sep 13, 2046","4.34","CAD","Sep 13, 2016"
"FCRCN","FIRST CAPITAL REAL ESTATE INVESTME","Real Estate","Fixed Income","1,539,154.16","0.06","1,539,154.16","1,420,000.00","1,420,000.00","106.54","Canada","-","CAD","4.35","1.00","Mar 1, 2031","5.57","CAD","Mar 1, 2024"
"MMSPT","MINI MALL STORAGE PROPERTIES TRUST RegS","Real Estate","Fixed Income","1,538,535.48","0.05","1,538,535.48","1,545,000.00","1,545,000.00","99.19","Canada","-","CAD","4.36","1.00","Dec 1, 2030","4.75","CAD","Dec 1, 2025"
"APUCN","ALLIED PROPERTIES REAL ESTATE INVE","Real Estate","Fixed Income","1,535,505.98","0.05","1,535,505.98","1,590,000.00","1,590,000.00","95.45","Canada","-","CAD","3.81","1.00","Feb 21, 2030","3.12","CAD","Feb 21, 2020"
"AERMON","MONTREAL AIRPORTS","Infrastructure","Fixed Income","1,532,394.44","0.05","1,532,394.44","2,031,000.00","2,031,000.00","74.86","Canada","-","CAD","15.49","1.00","Apr 21, 2050","3.03","CAD","Apr 21, 2020"
"CAAIAU","CALGARY AIRPORT AUTHORITY","Infrastructure","Fixed Income","1,527,301.92","0.05","1,527,301.92","1,745,000.00","1,745,000.00","86.72","Canada","-","CAD","11.56","1.00","Oct 7, 2041","3.45","CAD","Oct 7, 2021"
"EQBCN","EQUITABLE BANK","Financial","Fixed Income","1,526,065.59","0.05","1,526,065.59","1,510,000.00","1,510,000.00","100.49","Canada","-","CAD","2.22","1.00","May 5, 2028","3.74","CAD","May 5, 2025"
"BCECN","BELL CANADA MTN 144A","Communication","Fixed Income","1,525,372.58","0.05","1,525,372.58","1,291,000.00","1,291,000.00","115.55","Canada","-","CAD","4.95","1.00","Feb 23, 2032","7.30","CAD","Feb 22, 2002"
"AIREIN","AIMCO REALTY INVESTORS LP","Real Estate","Fixed Income","1,524,295.39","0.05","1,524,295.39","1,510,000.00","1,510,000.00","100.67","Canada","-","CAD","1.25","1.00","Jun 1, 2027","3.37","CAD","Dec 7, 2018"
"DTRGR","DAIMLER TRUCK FINANCE CANADA INC","Financial","Fixed Income","1,518,894.65","0.05","1,518,894.65","1,450,000.00","1,450,000.00","103.57","Germany","-","CAD","3.40","1.00","Sep 27, 2029","4.54","CAD","Jun 25, 2024"
"PMZUCN","PRIMARIS REAL ESTATE INVESTMENT TR RegS","Real Estate","Fixed Income","1,510,343.26","0.05","1,510,343.26","1,395,000.00","1,395,000.00","108.25","Canada","-","CAD","3.15","1.00","Jun 30, 2029","6.37","CAD","Nov 22, 2023"
"EPCOR","EPCOR UTILITIES INC MTN 144A","Infrastructure","Fixed Income","1,509,138.53","0.05","1,509,138.53","1,355,000.00","1,355,000.00","110.68","Canada","-","CAD","7.62","1.00","Nov 16, 2035","5.65","CAD","Nov 17, 2005"
"HYDONE","HYDRO ONE INC MTN","Infrastructure","Fixed Income","1,506,096.96","0.05","1,506,096.96","1,992,000.00","1,992,000.00","74.70","Canada","-","CAD","15.76","1.00","Sep 15, 2051","3.10","CAD","Sep 17, 2021"
"EQBCN","EQUITABLE BANK","Financial","Fixed Income","1,505,291.68","0.05","1,505,291.68","1,440,000.00","1,440,000.00","102.09","Canada","-","CAD","0.98","1.00","Jan 11, 2027","5.16","CAD","Apr 9, 2024"
"TORHYD","TORONTO HYDRO CORPORATION","Infrastructure","Fixed Income","1,504,622.01","0.05","1,504,622.01","1,458,000.00","1,458,000.00","102.13","Canada","-","CAD","14.50","1.00","Oct 13, 2052","4.95","CAD","Oct 13, 2022"
"CNRCN","CANADIAN NATIONAL RAILWAY","Industrial","Fixed Income","1,503,187.42","0.05","1,503,187.42","1,989,000.00","1,989,000.00","74.36","Canada","-","CAD","15.22","1.00","Feb 8, 2050","3.05","CAD","Nov 1, 2019"
"ALTALK","ALTALINK LP MTN","Infrastructure","Fixed Income","1,503,229.92","0.05","1,503,229.92","1,643,000.00","1,643,000.00","91.48","Canada","-","CAD","12.89","1.00","Jun 30, 2045","4.09","CAD","Jun 30, 2015"
"HYDONE","HYDRO ONE INC MTN","Infrastructure","Fixed Income","1,502,574.62","0.05","1,502,574.62","1,749,000.00","1,749,000.00","85.47","Canada","-","CAD","14.00","1.00","Nov 18, 2047","3.72","CAD","Nov 18, 2016"
"GZMCN","ENERGIR INC RegS","Energy","Fixed Income","1,494,755.80","0.05","1,494,755.80","1,539,000.00","1,539,000.00","95.93","Canada","-","CAD","5.45","1.00","Feb 9, 2032","3.04","CAD","Feb 9, 2022"
"NACN","CANADIAN WESTERN BANK","Financial","Fixed Income","1,494,590.99","0.05","1,494,590.99","1,521,000.00","1,521,000.00","98.19","Canada","-","CAD","1.91","1.00","Dec 16, 2027","1.82","CAD","Dec 16, 2020"
"ENBCN","ENBRIDGE INC MTN","Energy","Fixed Income","1,492,818.38","0.05","1,492,818.38","1,752,000.00","1,752,000.00","84.07","Canada","-","CAD","14.45","1.00","Sep 21, 2051","4.10","CAD","Sep 21, 2021"
"IFCCN","INTACT FINANCIAL CORP MTN RegS","Financial","Fixed Income","1,492,271.63","0.05","1,492,271.63","1,550,000.00","1,550,000.00","95.00","Canada","-","CAD","12.21","1.00","Mar 21, 2060","4.64","CAD","Mar 21, 2025"
"CNRCN","CANADIAN NATIONAL RAILWAY COMPANY","Industrial","Fixed Income","1,490,770.45","0.05","1,490,770.45","1,465,000.00","1,465,000.00","100.42","Canada","-","CAD","2.35","1.00","Jul 31, 2028","3.20","CAD","Jul 31, 2018"
"HYDONE","HYDRO ONE INC","Infrastructure","Fixed Income","1,485,469.25","0.05","1,485,469.25","2,089,000.00","2,089,000.00","70.18","Canada","-","CAD","15.73","1.00","Feb 28, 2050","2.71","CAD","Feb 28, 2020"
"FNTETF","FIRST NATIONS ETF LP 144A","Energy","Fixed Income","1,480,534.35","0.05","1,480,534.35","1,526,054.00","1,526,054.00","97.02","Canada","-","CAD","5.62","1.00","Dec 31, 2041","4.14","CAD","Nov 22, 2017"
"GRTCN","GRANITE REIT HOLDINGS LP","Real Estate","Fixed Income","1,475,596.96","0.05","1,475,596.96","1,450,000.00","1,450,000.00","100.80","Canada","-","CAD","3.43","1.00","Oct 4, 2029","4.00","CAD","Oct 4, 2024"
"FTTCN","FINNING INTERNATIONAL INC","Industrial","Fixed Income","1,474,944.17","0.05","1,474,944.17","1,432,000.00","1,432,000.00","102.45","Canada","-","CAD","2.17","1.00","May 16, 2028","4.45","CAD","May 16, 2023"
"FCRCN","FIRST CAPITAL REAL ESTATE INVESTME RegS","Real Estate","Fixed Income","1,472,903.27","0.05","1,472,903.27","1,390,000.00","1,390,000.00","105.68","Canada","-","CAD","5.35","1.00","Jun 12, 2032","5.46","CAD","Jun 12, 2024"
"ONTPOW","ONTARIO POWER GENERATION INC MTN","Energy","Fixed Income","1,472,763.30","0.05","1,472,763.30","1,364,000.00","1,364,000.00","105.75","Canada","-","CAD","5.39","1.00","Jul 19, 2032","4.92","CAD","Jul 18, 2022"
"BRUPOW","BRUCE POWER LP RegS","Energy","Fixed Income","1,472,236.36","0.05","1,472,236.36","1,395,000.00","1,395,000.00","105.40","Canada","-","CAD","5.34","1.00","Dec 21, 2032","4.99","CAD","Mar 23, 2023"
"ETRHWY","407 INTERNATIONAL INC MTN","Infrastructure","Fixed Income","1,471,835.48","0.05","1,471,835.48","1,514,000.00","1,514,000.00","96.65","Canada","-","CAD","11.08","1.00","Nov 15, 2041","4.45","CAD","Nov 17, 2011"
"CP","CANADIAN PACIFIC RAILWAY COMPANY","Industrial","Fixed Income","1,471,657.95","0.05","1,471,657.95","1,506,000.00","1,506,000.00","97.48","Canada","-","CAD","15.21","1.00","Jun 13, 2055","4.80","CAD","Jun 13, 2025"
"SRUUCN","SMARTCENTRES REAL ESTATE INVESTMEN","Real Estate","Fixed Income","1,466,044.44","0.05","1,466,044.44","1,475,000.00","1,475,000.00","98.81","Canada","-","CAD","5.56","1.00","Jun 12, 2032","4.32","CAD","Nov 12, 2025"
"EPCOR","EPCOR UTILITIES INC MTN","Infrastructure","Fixed Income","1,465,585.96","0.05","1,465,585.96","1,760,000.00","1,760,000.00","82.94","Canada","-","CAD","14.15","1.00","Nov 27, 2047","3.55","CAD","Nov 27, 2017"
"NSIUCN","NOVA SCOTIA POWER INC MTN","Infrastructure","Fixed Income","1,459,051.29","0.05","1,459,051.29","1,524,000.00","1,524,000.00","93.72","Canada","-","CAD","11.50","1.00","Jul 20, 2043","4.50","CAD","Jul 19, 2013"
"NACN","CANADIAN WESTERN BANK","Financial","Fixed Income","1,451,938.25","0.05","1,451,938.25","1,405,000.00","1,405,000.00","101.64","Canada","-","CAD","1.06","1.00","Feb 8, 2027","4.27","CAD","Aug 8, 2024"
"AERMON","AEROPORTS DE MONTREAL","Infrastructure","Fixed Income","1,451,976.27","0.05","1,451,976.27","1,624,000.00","1,624,000.00","89.20","Canada","-","CAD","12.93","1.00","Jun 12, 2045","3.92","CAD","Jun 12, 2015"
"FTSCN","NEWFOUNDLAND POWER INC","Infrastructure","Fixed Income","1,451,358.90","0.05","1,451,358.90","1,436,000.00","1,436,000.00","99.25","Canada","-","CAD","13.29","1.00","Aug 18, 2055","4.91","CAD","Aug 18, 2025"
"ETRHWY","407 INTERNATIONAL INC MTN","Infrastructure","Fixed Income","1,449,955.81","0.05","1,449,955.81","1,386,000.00","1,386,000.00","102.92","Canada","-","CAD","4.88","1.00","Aug 14, 2031","4.45","CAD","Sep 7, 2022"
"SRUUCN","SMARTCENTRES REAL ESTATE INVESTMEN","Real Estate","Fixed Income","1,448,169.75","0.05","1,448,169.75","1,445,000.00","1,445,000.00","100.04","Canada","-","CAD","1.36","1.00","Jun 11, 2027","3.19","CAD","Jun 11, 2020"
"CUCN","CU INC MTN","Energy","Fixed Income","1,447,925.14","0.05","1,447,925.14","1,664,000.00","1,664,000.00","86.58","Canada","-","CAD","13.60","1.00","Nov 19, 2046","3.76","CAD","Nov 17, 2016"
"ALTALK","ALTALINK LP","Infrastructure","Fixed Income","1,446,850.03","0.05","1,446,850.03","1,409,000.00","1,409,000.00","102.07","Canada","-","CAD","10.47","1.00","Nov 15, 2040","4.87","CAD","Nov 15, 2010"
"CUCN","CU INC MTN","Energy","Fixed Income","1,445,112.66","0.05","1,445,112.66","1,358,000.00","1,358,000.00","105.85","Canada","-","CAD","8.37","1.00","Nov 20, 2036","5.03","CAD","Nov 20, 2006"
"EPCOR","EPCOR UTILITIES INC MTN","Infrastructure","Fixed Income","1,443,440.56","0.05","1,443,440.56","1,865,000.00","1,865,000.00","75.90","Canada","-","CAD","14.93","1.00","Jul 8, 2049","3.11","CAD","Jul 8, 2019"
"CNHI","CNH INDUSTRIAL CAPITAL CANADA LTD RegS","Financial","Fixed Income","1,430,923.11","0.05","1,430,923.11","1,400,000.00","1,400,000.00","101.32","United States","-","CAD","2.15","1.00","Apr 11, 2028","4.00","CAD","Oct 10, 2024"
"GZMCN","ENERGIR LP","Energy","Fixed Income","1,429,365.64","0.05","1,429,365.64","1,430,000.00","1,430,000.00","99.57","Canada","-","CAD","14.79","1.00","Jun 2, 2053","4.83","CAD","Jun 2, 2023"
"NSIUCN","NOVA SCOTIA POWER INC RegS","Infrastructure","Fixed Income","1,428,588.49","0.05","1,428,588.49","1,881,000.00","1,881,000.00","75.34","Canada","-","CAD","14.97","1.00","Apr 25, 2050","3.31","CAD","Apr 24, 2020"
"FTSCN","FORTISALBERTA INC","Infrastructure","Fixed Income","1,427,536.41","0.05","1,427,536.41","1,410,000.00","1,410,000.00","100.79","Canada","-","CAD","14.99","1.00","May 27, 2054","4.90","CAD","May 27, 2024"
"PMZUCN","PRIMARIS REAL ESTATE INVESTMENT TR","Real Estate","Fixed Income","1,423,604.25","0.05","1,423,604.25","1,382,000.00","1,382,000.00","101.82","Canada","-","CAD","1.12","1.00","Mar 30, 2027","4.73","CAD","Mar 30, 2022"
"BRUPOW","BRUCE POWER LP RegS","Energy","Fixed Income","1,422,358.15","0.05","1,422,358.15","1,380,000.00","1,380,000.00","102.94","Canada","-","CAD","1.81","1.00","Dec 21, 2027","4.70","CAD","Mar 23, 2023"
"IGMCN","IGM FINANCIAL INC","Financial","Fixed Income","1,421,560.08","0.05","1,421,560.08","1,394,000.00","1,394,000.00","100.49","Canada","-","CAD","0.82","1.00","Jan 26, 2027","3.44","CAD","Jan 26, 2017"
"HYDONE","HYDRO ONE INC MTN","Infrastructure","Fixed Income","1,421,223.92","0.05","1,421,223.92","1,452,000.00","1,452,000.00","96.73","Canada","-","CAD","11.02","1.00","Sep 26, 2041","4.39","CAD","Sep 26, 2011"
"TOYOTA","TOYOTA CREDIT CANADA INC MTN","Financial","Fixed Income","1,421,002.79","0.05","1,421,002.79","1,400,000.00","1,400,000.00","100.28","Canada","-","CAD","2.48","1.00","Aug 18, 2028","3.31","CAD","Aug 18, 2025"
"GILCN","GILDAN ACTIVEWEAR INC. RegS","Industrial","Fixed Income","1,421,091.67","0.05","1,421,091.67","1,400,000.00","1,400,000.00","101.06","Canada","-","CAD","4.38","1.00","Nov 22, 2030","4.15","CAD","Mar 13, 2025"
"ALTALK","ALTALINK LP MTN","Infrastructure","Fixed Income","1,418,215.69","0.05","1,418,215.69","1,368,000.00","1,368,000.00","102.25","Canada","-","CAD","11.59","1.00","Sep 17, 2043","4.92","CAD","Sep 17, 2013"
"BMW","BMW CANADA INC","Industrial","Fixed Income","1,417,831.71","0.05","1,417,831.71","1,360,000.00","1,360,000.00","103.14","Germany","-","CAD","2.12","1.00","Apr 5, 2028","4.66","CAD","Apr 5, 2024"
"EQBCN","EQUITABLE BANK","Financial","Fixed Income","1,415,835.66","0.05","1,415,835.66","1,400,000.00","1,400,000.00","100.98","Canada","-","CAD","1.88","1.00","Dec 17, 2027","3.91","CAD","Dec 17, 2024"
"MGCN","MAGNA INTERNATIONAL INC","Industrial","Fixed Income","1,415,945.41","0.05","1,415,945.41","1,325,000.00","1,325,000.00","104.79","Canada","-","CAD","4.29","1.00","Jan 31, 2031","4.95","CAD","Mar 10, 2023"
"CHPUCN","CHOICE PROPERTIES REAL ESTATE INVE","Real Estate","Fixed Income","1,415,555.93","0.05","1,415,555.93","1,436,000.00","1,436,000.00","97.61","Canada","-","CAD","3.85","1.00","Mar 4, 2030","2.98","CAD","Mar 3, 2020"
"ENBGAS","ENBRIDGE GAS INC MTN","Energy","Fixed Income","1,409,625.49","0.05","1,409,625.49","1,400,000.00","1,400,000.00","99.23","Canada","-","CAD","15.13","1.00","Sep 12, 2055","4.84","CAD","Sep 12, 2025"
"EAGCCT_24-1-A","EAGCCT_24-1 A RegS","Securitized","Fixed Income","1,407,399.71","0.05","1,407,399.71","1,340,000.00","1,340,000.00","104.84","Canada","-","CAD","3.18","1.00","Jun 17, 2029","4.92","CAD","Jun 4, 2024"
"ENBGAS","ENBRIDGE GAS INC MTN","Energy","Fixed Income","1,406,563.20","0.05","1,406,563.20","1,402,000.00","1,402,000.00","100.02","Canada","-","CAD","1.77","1.00","Nov 22, 2027","2.88","CAD","Nov 22, 2017"
"ALTALK","ALTALINK LP","Infrastructure","Fixed Income","1,404,880.30","0.05","1,404,880.30","1,332,000.00","1,332,000.00","105.05","Canada","-","CAD","5.79","1.00","Nov 28, 2032","4.69","CAD","Nov 28, 2022"
"MCAPCO","MCAP COMMERCIAL LP","Financial","Fixed Income","1,402,425.98","0.05","1,402,425.98","1,353,000.00","1,353,000.00","102.10","Canada","-","CAD","3.69","1.00","Mar 4, 2030","4.82","CAD","Mar 4, 2025"
"CJTCN","CARGOJET INCOME FUND RegS","Industrial","Fixed Income","1,402,225.22","0.05","1,402,225.22","1,380,000.00","1,380,000.00","101.60","Canada","-","CAD","4.04","1.00","Jun 30, 2030","4.60","CAD","Jun 30, 2025"
"BCIMCR","BCI QUADREAL REALTY","Real Estate","Fixed Income","1,401,788.71","0.05","1,401,788.71","1,486,000.00","1,486,000.00","93.57","Canada","-","CAD","4.30","1.00","Jul 24, 2030","1.75","CAD","Jul 24, 2020"
"SRUUCN","SMARTCENTRES REAL ESTATE INVESTMEN","Real Estate","Fixed Income","1,400,592.10","0.05","1,400,592.10","1,340,000.00","1,340,000.00","104.05","Canada","-","CAD","2.26","1.00","May 29, 2028","5.35","CAD","May 29, 2023"
"ETRHWY","HIGHWAY 407 144A","Infrastructure","Fixed Income","1,398,078.88","0.05","1,398,078.88","1,234,000.00","1,234,000.00","110.51","Canada","-","CAD","3.14","1.00","Jul 27, 2029","6.47","CAD","Jul 27, 1999"
"FCRCN","FIRST CAPITAL REAL ESTATE INVESTME RegS","Real Estate","Fixed Income","1,397,162.64","0.05","1,397,162.64","1,370,000.00","1,370,000.00","101.74","Canada","-","CAD","6.19","1.00","Jun 13, 2033","4.83","CAD","Jun 13, 2025"
"ALTALK","ALTALINK LP MTN","Infrastructure","Fixed Income","1,395,163.90","0.05","1,395,163.90","1,424,000.00","1,424,000.00","97.33","Canada","-","CAD","11.09","1.00","Nov 8, 2041","4.46","CAD","Nov 8, 2011"
"OXPROP","OXFORD PROPERTIES GROUP TRUST","Real Estate","Fixed Income","1,393,173.20","0.05","1,393,173.20","1,360,000.00","1,360,000.00","102.11","Canada","-","CAD","5.53","1.00","Jun 4, 2032","4.39","CAD","Jun 5, 2025"
"COCAPS","COAST CAPITAL SAVINGS FEDERAL CRED","Financial","Fixed Income","1,387,910.52","0.05","1,387,910.52","1,350,000.00","1,350,000.00","101.08","Canada","-","CAD","1.96","1.00","Feb 1, 2028","4.15","CAD","May 1, 2025"
"ENBGAS","ENBRIDGE GAS INC MTN RegS","Energy","Fixed Income","1,387,133.28","0.05","1,387,133.28","1,515,000.00","1,515,000.00","90.12","Canada","-","CAD","12.40","1.00","Aug 22, 2044","4.00","CAD","Aug 22, 2014"
"CUCN","CU INC MTN","Energy","Fixed Income","1,382,659.33","0.05","1,382,659.33","1,655,000.00","1,655,000.00","83.17","Canada","-","CAD","14.16","1.00","Nov 22, 2047","3.55","CAD","Nov 22, 2017"
"COOPFS","CO-OPERATORS FINANCIAL SERVICES LT","Financial","Fixed Income","1,382,439.36","0.05","1,382,439.36","1,408,000.00","1,408,000.00","97.75","Canada","-","CAD","4.01","1.00","May 13, 2030","3.33","CAD","May 11, 2020"
"MRUCN","METRO INC RegS","Industrial","Fixed Income","1,379,104.29","0.05","1,379,104.29","1,305,000.00","1,305,000.00","103.82","Canada","-","CAD","5.87","1.00","Feb 7, 2033","4.66","CAD","Feb 6, 2023"
"EQBCN","EQUITABLE BANK","Financial","Fixed Income","1,378,833.19","0.05","1,378,833.19","1,350,000.00","1,350,000.00","101.06","Canada","-","CAD","2.11","1.00","Mar 24, 2028","3.99","CAD","Sep 24, 2024"
"VW","VW CREDIT CANADA INC","Financial","Fixed Income","1,376,693.77","0.05","1,376,693.77","1,320,000.00","1,320,000.00","102.68","Germany","-","CAD","3.30","1.00","Aug 20, 2029","4.42","CAD","Aug 19, 2024"
"NAVCAN","NAV CANADA","Infrastructure","Fixed Income","1,371,493.36","0.05","1,371,493.36","1,433,000.00","1,433,000.00","95.53","Canada","-","CAD","4.16","1.00","May 29, 2030","2.06","CAD","May 29, 2020"
"ENBGAS","ENBRIDGE GAS INC MTN","Energy","Fixed Income","1,370,464.98","0.05","1,370,464.98","1,799,000.00","1,799,000.00","75.24","Canada","-","CAD","15.58","1.00","Sep 15, 2051","3.20","CAD","Sep 15, 2021"
"REIUCN","RIOCAN REAL ESTATE INVESTMENT TRUS RegS","Real Estate","Fixed Income","1,367,906.44","0.05","1,367,906.44","1,260,000.00","1,260,000.00","107.08","Canada","-","CAD","3.21","1.00","Oct 1, 2029","5.96","CAD","Jun 26, 2023"
"FCRCN","FIRST CAPITAL REAL ESTATE INVESTME","Real Estate","Fixed Income","1,367,055.95","0.05","1,367,055.95","1,341,000.00","1,341,000.00","100.41","Canada","-","CAD","1.02","1.00","Jan 22, 2027","3.46","CAD","Jul 22, 2019"
"ALCTRA","ALECTRA INC","Infrastructure","Fixed Income","1,362,598.60","0.05","1,362,598.60","1,330,000.00","1,330,000.00","101.72","Canada","-","CAD","7.21","1.00","Oct 30, 2034","4.31","CAD","Oct 30, 2024"
"BAMREP","BROOKFIELD RENEWABLE PARTNERS ULC MTN","Energy","Fixed Income","1,361,239.44","0.05","1,361,239.44","1,805,000.00","1,805,000.00","74.14","Canada","-","CAD","14.82","1.00","Aug 13, 2050","3.33","CAD","Aug 13, 2020"
"DTRGR","DAIMLER TRUCK FINANCE CANADA INC RegS","Financial","Fixed Income","1,360,036.49","0.05","1,360,036.49","1,260,000.00","1,260,000.00","106.41","Germany","-","CAD","2.51","1.00","Sep 25, 2028","5.77","CAD","Sep 25, 2023"
"HYDONE","HYDRO ONE INC MTN","Infrastructure","Fixed Income","1,358,916.58","0.05","1,358,916.58","1,456,000.00","1,456,000.00","93.05","Canada","-","CAD","12.38","1.00","Jun 6, 2044","4.17","CAD","Jun 6, 2014"
"ENBPIP","ENBRIDGE PIPELINES INC MTN","Energy","Fixed Income","1,357,175.33","0.05","1,357,175.33","1,534,000.00","1,534,000.00","86.84","Canada","-","CAD","12.86","1.00","Aug 9, 2046","4.13","CAD","Aug 9, 2016"
"NSIUCN","NOVA SCOTIA POWER INC MTN","Infrastructure","Fixed Income","1,354,237.59","0.05","1,354,237.59","1,209,000.00","1,209,000.00","109.45","Canada","-","CAD","9.25","1.00","Jul 27, 2039","5.95","CAD","Jul 27, 2009"
"ONTPOW","ONTARIO POWER GENERATION INC MTN","Energy","Fixed Income","1,350,986.95","0.05","1,350,986.95","1,642,000.00","1,642,000.00","81.19","Canada","-","CAD","14.75","1.00","Sep 13, 2050","3.65","CAD","Sep 13, 2019"
"HRUCN","H&R REAL ESTATE INVESTMENT TRUST","Real Estate","Fixed Income","1,348,801.79","0.05","1,348,801.79","1,342,000.00","1,342,000.00","99.54","Canada","-","CAD","1.10","1.00","Feb 19, 2027","2.63","CAD","Feb 19, 2021"
"WCP","WHITECAP RESOURCES INC RegS","Energy","Fixed Income","1,345,401.80","0.05","1,345,401.80","1,334,000.00","1,334,000.00","100.73","Canada","-","CAD","2.35","1.00","Jun 19, 2028","3.76","CAD","Jun 19, 2025"
"ENBCN","ENBRIDGE INC MTN","Energy","Fixed Income","1,341,838.89","0.05","1,341,838.89","1,234,000.00","1,234,000.00","106.85","Canada","-","CAD","9.39","1.00","Sep 2, 2039","5.75","CAD","Sep 2, 2009"
"ENMAXC","ENMAX CORP","Infrastructure","Fixed Income","1,339,996.40","0.05","1,339,996.40","1,330,000.00","1,330,000.00","100.49","Canada","-","CAD","4.04","1.00","Jun 6, 2030","3.77","CAD","Jun 6, 2025"
"BCECN","BELL CANADA MTN","Communication","Fixed Income","1,337,559.48","0.05","1,337,559.48","1,130,000.00","1,130,000.00","116.43","Canada","-","CAD","4.34","1.00","Apr 2, 2031","7.85","CAD","Apr 2, 2001"
"TERANE","TERANET HOLDINGS LP RegS","Industrial","Fixed Income","1,336,071.66","0.05","1,336,071.66","1,300,000.00","1,300,000.00","101.31","Canada","-","CAD","5.26","1.00","Mar 7, 2032","4.64","CAD","Mar 7, 2025"
"EPCOR","EPCOR UTILITIES INC RegS","Infrastructure","Fixed Income","1,335,236.34","0.05","1,335,236.34","1,330,000.00","1,330,000.00","99.55","Canada","-","CAD","4.32","1.00","Oct 1, 2030","3.37","CAD","Oct 1, 2025"
"CUCN","CU INC","Energy","Fixed Income","1,333,697.19","0.05","1,333,697.19","1,470,000.00","1,470,000.00","90.00","Canada","-","CAD","15.78","1.00","Oct 29, 2055","4.21","CAD","Oct 30, 2015"
"CNQCN","CANADIAN NATURAL RESOURCES LTD MTN","Energy","Fixed Income","1,332,525.20","0.05","1,332,525.20","1,399,000.00","1,399,000.00","94.84","Canada","-","CAD","12.80","1.00","May 30, 2047","4.85","CAD","May 30, 2017"
"REIUCN","RIOCAN REAL ESTATE INVESTMENT TRUS","Real Estate","Fixed Income","1,329,043.11","0.05","1,329,043.11","1,295,000.00","1,295,000.00","101.30","Canada","-","CAD","2.04","1.00","Mar 1, 2028","4.00","CAD","Oct 3, 2024"
"ETRHWY","407 INTERNATIONAL INC MTN","Infrastructure","Fixed Income","1,327,123.91","0.05","1,327,123.91","1,305,000.00","1,305,000.00","100.52","Canada","-","CAD","14.84","1.00","Apr 4, 2054","4.89","CAD","Apr 4, 2024"
"FCRCN","FIRST CAPITAL REAL ESTATE INVESTME RegS","Real Estate","Fixed Income","1,326,487.78","0.05","1,326,487.78","1,330,000.00","1,330,000.00","99.44","Canada","-","CAD","7.31","1.00","Feb 15, 2035","4.76","CAD","Dec 8, 2025"
"BCFERR","BRITISH COLUMBIA FERRY SERVICES IN 144A","Infrastructure","Fixed Income","1,325,977.35","0.05","1,325,977.35","1,145,000.00","1,145,000.00","114.45","Canada","-","CAD","6.82","1.00","Oct 13, 2034","6.25","CAD","Oct 13, 2004"
"BIP","BROOKFIELD INFRASTRUCTURE FINANCE","Infrastructure","Fixed Income","1,325,099.62","0.05","1,325,099.62","1,285,000.00","1,285,000.00","101.25","Canada","-","CAD","3.85","1.00","Sep 1, 2055","5.60","CAD","May 16, 2025"
"CRRUCN","CROMBIE REAL ESTATE INVESTMENT TRU","Real Estate","Fixed Income","1,321,746.62","0.05","1,321,746.62","1,270,000.00","1,270,000.00","101.88","Canada","-","CAD","5.11","1.00","Jan 15, 2032","4.73","CAD","Oct 11, 2024"
"HOMEQU","HOMEEQUITY BANK","Financial","Fixed Income","1,319,339.47","0.05","1,319,339.47","1,280,000.00","1,280,000.00","100.73","Canada","-","CAD","2.34","1.00","Jul 17, 2028","4.72","CAD","Jun 26, 2025"
"NWHUCN","NORTHWEST HEALTHCARE PROPERTIES RE","Real Estate","Fixed Income","1,317,244.30","0.05","1,317,244.30","1,260,000.00","1,260,000.00","102.50","Canada","-","CAD","3.62","1.00","Feb 18, 2030","5.51","CAD","Feb 18, 2025"
"APUCN","ALLIED PROPERTIES REAL ESTATE INVE","Real Estate","Fixed Income","1,316,968.96","0.05","1,316,968.96","1,335,000.00","1,335,000.00","97.37","Canada","-","CAD","3.34","1.00","Aug 15, 2029","3.39","CAD","Aug 15, 2019"
"ENBPIP","ENBRIDGE PIPELINES INC MTN","Energy","Fixed Income","1,316,758.29","0.05","1,316,758.29","1,266,000.00","1,266,000.00","102.75","Canada","-","CAD","9.86","1.00","Apr 6, 2040","5.33","CAD","Apr 6, 2010"
"EAGCCT_22-1-A","EAGCCT_22-1 A RegS","Securitized","Fixed Income","1,316,460.19","0.05","1,316,460.19","1,256,000.00","1,256,000.00","102.63","Canada","-","CAD","1.46","1.00","Jul 17, 2027","4.78","CAD","Jul 13, 2022"
"LOWMAT","LOWER MATTAGAMI ENERGY LP","Infrastructure","Fixed Income","1,311,796.90","0.05","1,311,796.90","1,227,000.00","1,227,000.00","106.10","Canada","-","CAD","6.40","1.00","Oct 31, 2033","4.85","CAD","Oct 31, 2022"
"ENMAXC","ENMAX CORP","Infrastructure","Fixed Income","1,309,836.07","0.05","1,309,836.07","1,291,000.00","1,291,000.00","101.19","Canada","-","CAD","2.17","1.00","Jun 5, 2028","3.84","CAD","May 31, 2018"
"GZMCN","ENERGIR INC RegS","Energy","Fixed Income","1,307,992.09","0.05","1,307,992.09","1,314,000.00","1,314,000.00","99.11","Canada","-","CAD","1.26","1.00","Apr 16, 2027","2.10","CAD","Apr 16, 2020"
"ENBGAS","ENBRIDGE GAS INC","Energy","Fixed Income","1,307,256.70","0.05","1,307,256.70","1,265,000.00","1,265,000.00","101.79","Canada","-","CAD","5.63","1.00","Aug 17, 2032","4.15","CAD","Aug 17, 2022"
"IVANCA","IVANHOE CAMBRIDGE II INC","Real Estate","Fixed Income","1,304,422.15","0.05","1,304,422.15","1,245,000.00","1,245,000.00","104.38","Canada","-","CAD","2.20","1.00","Jun 2, 2028","4.99","CAD","Jun 2, 2023"
"TERANE","TERANET HOLDINGS LP RegS","Industrial","Fixed Income","1,303,483.46","0.05","1,303,483.46","1,267,000.00","1,267,000.00","101.30","Canada","-","CAD","7.18","1.00","Mar 7, 2035","5.01","CAD","Mar 7, 2025"
"KEYCN","KEYERA CORP MTN","Energy","Fixed Income","1,301,325.18","0.05","1,301,325.18","1,215,000.00","1,215,000.00","104.31","Canada","-","CAD","13.68","1.00","Jan 4, 2054","5.66","CAD","Jan 4, 2024"
"TOYOTA","TOYOTA CREDIT CANADA INC MTN","Financial","Fixed Income","1,298,393.60","0.05","1,298,393.60","1,258,000.00","1,258,000.00","101.94","Canada","-","CAD","1.17","1.00","Mar 19, 2027","4.52","CAD","Mar 19, 2024"
"ALACN","ALTAGAS LTD","Energy","Fixed Income","1,296,858.59","0.05","1,296,858.59","1,301,000.00","1,301,000.00","99.05","Canada","-","CAD","1.17","1.00","Mar 16, 2027","2.17","CAD","Mar 16, 2021"
"IAGCN","IA FINANCIAL CORPORATION INC","Financial","Fixed Income","1,293,822.40","0.05","1,293,822.40","1,276,000.00","1,276,000.00","100.28","Canada","-","CAD","1.11","1.00","Feb 25, 2032","3.19","CAD","Feb 25, 2022"
"STNLCN","STONLASEC8 INDIGENOUS INVESTMENTS","Energy","Fixed Income","1,288,476.96","0.05","1,288,476.96","1,250,000.00","1,250,000.00","100.50","Canada","-","CAD","8.98","1.00","Jul 6, 2055","5.17","CAD","Jul 2, 2025"
"TOYOTA","TOYOTA CREDIT CANADA INC MTN","Financial","Fixed Income","1,288,056.86","0.05","1,288,056.86","1,260,000.00","1,260,000.00","102.19","Canada","-","CAD","1.44","1.00","Jun 28, 2027","4.42","CAD","Jun 27, 2024"
"VTR","VENTAS CANADA FINANCE LTD","Real Estate","Fixed Income","1,285,953.75","0.05","1,285,953.75","1,340,000.00","1,340,000.00","95.70","United States","-","CAD","5.31","1.00","Dec 1, 2031","3.30","CAD","Dec 1, 2021"
"RUSCN","RUSSEL METALS INC RegS","Industrial","Fixed Income","1,284,454.24","0.05","1,284,454.24","1,260,000.00","1,260,000.00","100.80","Canada","-","CAD","3.81","1.00","Mar 28, 2030","4.42","CAD","Mar 28, 2025"
"HRUCN","H&R REAL ESTATE INVESTMENT TRUST","Real Estate","Fixed Income","1,282,303.30","0.05","1,282,303.30","1,205,000.00","1,205,000.00","104.55","Canada","-","CAD","2.80","1.00","Feb 28, 2029","5.46","CAD","Feb 28, 2024"
"SAPCN","SAPUTO INC MTN","Industrial","Fixed Income","1,280,888.81","0.05","1,280,888.81","1,201,000.00","1,201,000.00","106.19","Canada","-","CAD","3.40","1.00","Nov 29, 2029","5.25","CAD","Nov 29, 2022"
"EAGCCT_25-1-A","EAGCCT_25-1 A","Securitized","Fixed Income","1,279,491.23","0.05","1,279,491.23","1,262,000.00","1,262,000.00","101.24","Canada","-","CAD","4.07","1.00","Jun 17, 2033","3.92","CAD","Apr 21, 2025"
"SJOEHC","INTEGRATED TEAM SOLUTIONS SJHC PAR","Infrastructure","Fixed Income","1,278,802.08","0.05","1,278,802.08","1,174,540.00","1,174,540.00","108.37","Canada","-","CAD","7.31","1.00","Nov 30, 2042","5.95","CAD","Mar 11, 2011"
"GEICN","GIBSON ENERGY INC","Energy","Fixed Income","1,277,563.60","0.05","1,277,563.60","1,250,000.00","1,250,000.00","101.61","Canada","-","CAD","5.09","1.00","Nov 12, 2031","4.45","CAD","Nov 12, 2024"
"CNRCN","CANADIAN NATIONAL RAILWAY COMPANY","Industrial","Fixed Income","1,275,522.37","0.05","1,275,522.37","1,262,000.00","1,262,000.00","99.88","Canada","-","CAD","2.88","1.00","Feb 8, 2029","3.00","CAD","Feb 8, 2019"
"HYNMTR","HYUNDAI CAPITAL CANADA INC","Financial","Fixed Income","1,273,915.91","0.05","1,273,915.91","1,205,000.00","1,205,000.00","103.71","Canada","-","CAD","3.16","1.00","Jul 24, 2029","4.58","CAD","Jul 24, 2024"
"MRUCN","METRO INC MTN","Industrial","Fixed Income","1,273,972.78","0.05","1,273,972.78","1,266,000.00","1,266,000.00","100.22","Canada","-","CAD","11.95","1.00","Dec 1, 2044","5.03","CAD","Dec 1, 2014"
"GILCN","GILDAN ACTIVEWEAR INC. RegS","Industrial","Fixed Income","1,272,693.05","0.05","1,272,693.05","1,250,000.00","1,250,000.00","100.73","Canada","-","CAD","2.08","1.00","Mar 13, 2028","3.63","CAD","Mar 13, 2025"
"POWCN","POWER CORPORATION OF CANADA","Financial","Fixed Income","1,271,428.71","0.05","1,271,428.71","1,335,000.00","1,335,000.00","93.32","Canada","-","CAD","13.38","1.00","Jul 27, 2048","4.46","CAD","Jul 25, 2018"
"VANAIR","VANCOUVER AIRPORT AUTHORITY","Infrastructure","Fixed Income","1,270,033.62","0.05","1,270,033.62","1,426,000.00","1,426,000.00","88.52","Canada","-","CAD","13.13","1.00","Nov 10, 2045","3.86","CAD","Nov 10, 2015"
"REIUCN","RIOCAN REAL ESTATE INVESTMENT TRUS","Real Estate","Fixed Income","1,269,392.08","0.05","1,269,392.08","1,235,000.00","1,235,000.00","101.24","Canada","-","CAD","5.23","1.00","Mar 1, 2032","4.67","CAD","Feb 12, 2025"
"MFCCN","MANULIFE BANK OF CANADA","Financial","Fixed Income","1,267,642.82","0.05","1,267,642.82","1,270,000.00","1,270,000.00","99.55","Canada","-","CAD","3.21","1.00","Jun 1, 2029","3.16","CAD","Dec 1, 2025"
"IPLCN","INTER PIPELINE LTD","Energy","Fixed Income","1,267,076.71","0.05","1,267,076.71","1,340,000.00","1,340,000.00","94.08","Canada","-","CAD","13.69","1.00","Nov 27, 2051","5.09","CAD","Nov 25, 2021"
"ALCTRA","ALECTRA INC (CANADA)","Infrastructure","Fixed Income","1,265,226.04","0.05","1,265,226.04","1,358,000.00","1,358,000.00","92.49","Canada","-","CAD","4.80","1.00","Feb 11, 2031","1.75","CAD","Feb 11, 2021"
"MRUCN","METRO INC MTN","Industrial","Fixed Income","1,265,017.31","0.05","1,265,017.31","1,605,000.00","1,605,000.00","77.65","Canada","-","CAD","14.77","1.00","Feb 28, 2050","3.41","CAD","Feb 26, 2020"
"BAMREP","BROOKFIELD RENEWABLE PARTNERS ULC MTN","Energy","Fixed Income","1,263,827.39","0.05","1,263,827.39","1,205,000.00","1,205,000.00","103.90","Canada","-","CAD","7.01","1.00","Oct 20, 2034","4.96","CAD","Jul 17, 2024"
"HYDONE","HYDRO ONE INC MTN","Infrastructure","Fixed Income","1,261,386.07","0.05","1,261,386.07","1,217,000.00","1,217,000.00","102.65","Canada","-","CAD","12.74","1.00","Oct 19, 2046","5.00","CAD","Oct 19, 2006"
"BAMREP","BROOKFIELD RENEWABLE PARTNERS ULC MTN","Energy","Fixed Income","1,259,791.85","0.05","1,259,791.85","1,429,000.00","1,429,000.00","87.50","Canada","-","CAD","13.90","1.00","Nov 5, 2049","4.29","CAD","Sep 13, 2019"
"MICCN","SAGEN MI CANADA INC","Financial","Fixed Income","1,257,804.84","0.04","1,257,804.84","1,318,000.00","1,318,000.00","94.39","Canada","-","CAD","4.67","1.00","Mar 5, 2031","3.26","CAD","Mar 5, 2021"
"GWOCN","GREAT-WEST LIFECO INC","Financial","Fixed Income","1,253,452.94","0.04","1,253,452.94","1,082,000.00","1,082,000.00","115.16","Canada","-","CAD","4.93","1.00","Nov 24, 2031","6.74","CAD","Nov 23, 2001"
"GEICN","GIBSON ENERGY INC MTN","Energy","Fixed Income","1,250,650.24","0.04","1,250,650.24","1,240,000.00","1,240,000.00","99.53","Canada","-","CAD","1.47","1.00","Jul 14, 2027","2.85","CAD","Jul 14, 2020"
"ENBGAS","ENBRIDGE GAS INC","Energy","Fixed Income","1,248,744.22","0.04","1,248,744.22","1,295,000.00","1,295,000.00","94.73","Canada","-","CAD","14.57","1.00","Aug 17, 2052","4.55","CAD","Aug 17, 2022"
"BMW","BMW CANADA INC","Industrial","Fixed Income","1,246,970.94","0.04","1,246,970.94","1,205,000.00","1,205,000.00","101.76","Germany","-","CAD","1.07","1.00","Feb 10, 2027","4.41","CAD","Feb 10, 2023"
"SRUUCN","SMARTCENTRES REAL ESTATE INVESTMEN","Real Estate","Fixed Income","1,243,714.70","0.04","1,243,714.70","1,245,000.00","1,245,000.00","99.41","Canada","-","CAD","3.21","1.00","Jun 12, 2029","3.60","CAD","Nov 12, 2025"
"ENBCN","ENBRIDGE INC MTN","Energy","Fixed Income","1,243,387.20","0.04","1,243,387.20","1,276,000.00","1,276,000.00","96.91","Canada","-","CAD","11.97","1.00","Nov 21, 2044","4.87","CAD","Dec 21, 2018"
"ENBGAS","ENBRIDGE GAS INC MTN","Energy","Fixed Income","1,240,069.19","0.04","1,240,069.19","1,081,000.00","1,081,000.00","112.73","Canada","-","CAD","8.89","1.00","Sep 2, 2038","6.05","CAD","Sep 2, 2008"
"ENMAXC","ENMAX CORP","Infrastructure","Fixed Income","1,238,948.62","0.04","1,238,948.62","1,215,000.00","1,215,000.00","101.19","Canada","-","CAD","3.41","1.00","Oct 18, 2029","3.88","CAD","Oct 18, 2019"
"PLEHCA","PLENARY HEALTH HAMILTON LP","Infrastructure","Fixed Income","1,233,001.64","0.04","1,233,001.64","1,131,442.00","1,131,442.00","108.48","Canada","-","CAD","7.51","1.00","May 31, 2043","5.80","CAD","Dec 3, 2010"
"CRTUCN","CT REAL ESTATE INVESTMENT TRUST","Real Estate","Fixed Income","1,231,292.07","0.04","1,231,292.07","1,236,000.00","1,236,000.00","98.39","Canada","-","CAD","2.90","1.00","Feb 5, 2029","3.03","CAD","Feb 3, 2022"
"ALACN","ALTAGAS LTD MTN","Energy","Fixed Income","1,231,007.14","0.04","1,231,007.14","1,204,000.00","1,204,000.00","101.28","Canada","-","CAD","1.46","1.00","Oct 4, 2027","3.98","CAD","Oct 4, 2017"
"CAAIAU","CALGARY AIRPORT AUTHORITY","Infrastructure","Fixed Income","1,230,798.77","0.04","1,230,798.77","1,501,000.00","1,501,000.00","81.17","Canada","-","CAD","15.92","1.00","Oct 7, 2053","3.55","CAD","Oct 7, 2021"
"LCN","LOBLAW COMPANIES LIMITED MTN","Industrial","Fixed Income","1,229,300.02","0.04","1,229,300.02","1,067,000.00","1,067,000.00","112.60","Canada","-","CAD","6.92","1.00","Jan 29, 2035","6.15","CAD","Jan 29, 2004"
"DRSILL","DREAM SUMMIT INDUSTRIAL LP","Real Estate","Fixed Income","1,228,969.67","0.04","1,228,969.67","1,190,000.00","1,190,000.00","101.53","Canada","-","CAD","4.46","1.00","Feb 12, 2031","4.51","CAD","Nov 14, 2024"
"CUCN","CU INC MTN","Energy","Fixed Income","1,227,072.16","0.04","1,227,072.16","1,107,000.00","1,107,000.00","109.90","Canada","-","CAD","8.71","1.00","Oct 30, 2037","5.56","CAD","Nov 1, 2007"
"DRSILL","SUMMIT INDUSTRIAL INCOME REIT","Real Estate","Fixed Income","1,227,073.84","0.04","1,227,073.84","1,241,000.00","1,241,000.00","97.74","Canada","-","CAD","2.41","1.00","Jul 14, 2028","2.44","CAD","Feb 17, 2023"
"STNCN","STANTEC INC. RegS","Industrial","Fixed Income","1,227,088.10","0.04","1,227,088.10","1,155,000.00","1,155,000.00","106.18","Canada","-","CAD","3.88","1.00","Jun 27, 2030","5.39","CAD","Jun 27, 2023"
"SRUUCN","SMARTCENTRES REAL ESTATE INVESTMEN","Real Estate","Fixed Income","1,226,032.01","0.04","1,226,032.01","1,180,000.00","1,180,000.00","101.98","Canada","-","CAD","4.77","1.00","Aug 5, 2031","4.74","CAD","Feb 5, 2025"
"DE","JOHN DEERE FINANCIAL INC","Financial","Fixed Income","1,225,737.31","0.04","1,225,737.31","1,248,000.00","1,248,000.00","97.80","United States","-","CAD","1.65","1.00","Sep 8, 2027","1.34","CAD","Sep 8, 2020"
"RCICN","ROGERS COMMUNICATIONS INC","Communication","Fixed Income","1,223,348.46","0.04","1,223,348.46","1,200,000.00","1,200,000.00","100.69","Canada","-","CAD","0.93","1.00","Mar 1, 2027","3.80","CAD","Apr 3, 2023"
"AERMON","AEROPORTS DE MONTREAL","Infrastructure","Fixed Income","1,221,105.71","0.04","1,221,105.71","1,101,000.00","1,101,000.00","109.73","Canada","-","CAD","8.62","1.00","Oct 16, 2037","5.67","CAD","Oct 16, 2007"
"IGMCN","IGM FINANCIAL INC","Financial","Fixed Income","1,219,573.37","0.04","1,219,573.37","1,145,000.00","1,145,000.00","105.99","Canada","-","CAD","14.26","1.00","May 26, 2053","5.43","CAD","May 26, 2023"
"AERMON","AEROPORTS DE MONTREAL","Infrastructure","Fixed Income","1,219,022.14","0.04","1,219,022.14","1,123,000.00","1,123,000.00","107.06","Canada","-","CAD","7.57","1.00","Sep 17, 2035","5.17","CAD","Sep 15, 2005"
"GZMCN","GAZ METRO INC","Energy","Fixed Income","1,219,081.32","0.04","1,219,081.32","1,068,000.00","1,068,000.00","111.43","Canada","-","CAD","7.85","1.00","Jul 10, 2036","5.70","CAD","Jul 10, 2006"
"CPXCN","CAPITAL POWER CORP MTN","Energy","Fixed Income","1,216,616.22","0.04","1,216,616.22","1,167,000.00","1,167,000.00","102.49","Canada","-","CAD","3.58","1.00","Feb 8, 2030","4.42","CAD","Nov 8, 2019"
"ENBCN","ENBRIDGE INC. MTN","Energy","Fixed Income","1,215,850.55","0.04","1,215,850.55","1,060,000.00","1,060,000.00","114.45","Canada","-","CAD","5.27","1.00","Jun 18, 2032","7.20","CAD","Jun 18, 2001"
"ALCTRA","ALECTRA INC (CANADA)","Infrastructure","Fixed Income","1,214,332.44","0.04","1,214,332.44","1,161,000.00","1,161,000.00","104.37","Canada","-","CAD","6.91","1.00","Jun 13, 2034","4.63","CAD","Jun 13, 2024"
"FRSTRS","INDEPENDENT ORDER OF FORESTERS","Financial","Fixed Income","1,213,711.25","0.04","1,213,711.25","1,275,000.00","1,275,000.00","94.58","Canada","-","CAD","8.58","1.00","Oct 15, 2035","2.88","CAD","Oct 15, 2020"
"DRSILL","DREAM SUMMIT INDUSTRIAL LP","Real Estate","Fixed Income","1,210,264.64","0.04","1,210,264.64","1,140,000.00","1,140,000.00","104.19","Canada","-","CAD","2.77","1.00","Feb 12, 2029","5.11","CAD","Feb 12, 2024"
"FTSCN","FORTISBC INC MTN","Infrastructure","Fixed Income","1,209,376.17","0.04","1,209,376.17","1,362,000.00","1,362,000.00","88.09","Canada","-","CAD","12.51","1.00","Oct 28, 2044","4.00","CAD","Oct 28, 2014"
"TOYOTA","TOYOTA CREDIT CANADA INC MTN","Financial","Fixed Income","1,206,792.70","0.04","1,206,792.70","1,156,000.00","1,156,000.00","102.50","Canada","-","CAD","1.94","1.00","Jan 24, 2028","4.33","CAD","Jan 24, 2023"
"CNQCN","CANADIAN NATURAL RESOURCES LTD","Energy","Fixed Income","1,204,603.32","0.04","1,204,603.32","1,207,000.00","1,207,000.00","98.66","Canada","-","CAD","1.96","1.00","Jan 17, 2028","2.50","CAD","Nov 16, 2020"
"HEQCN","CHIP MORTGAGE TRUST RegS","Securitized","Fixed Income","1,204,696.01","0.04","1,204,696.01","1,200,000.00","1,200,000.00","99.43","Canada","-","CAD","4.52","1.00","Feb 1, 2031","3.87","CAD","Oct 1, 2025"
"ETRHWY","407 INTERNATIONAL INC. MTN","Infrastructure","Fixed Income","1,204,141.61","0.04","1,204,141.61","1,222,000.00","1,222,000.00","97.45","Canada","-","CAD","14.88","1.00","Oct 7, 2053","4.68","CAD","Oct 7, 2013"
"CCACN","COGECO COMMUNICATIONS INC","Communication","Fixed Income","1,203,581.61","0.04","1,203,581.61","1,120,000.00","1,120,000.00","105.47","Canada","-","CAD","5.77","1.00","Feb 16, 2033","5.30","CAD","Feb 16, 2023"
"DOLCN","DOLLARAMA INC","Industrial","Fixed Income","1,203,686.57","0.04","1,203,686.57","1,225,000.00","1,225,000.00","97.09","Canada","-","CAD","3.31","1.00","Jul 9, 2029","2.44","CAD","Jul 8, 2021"
"FTSCN","FORTISBC ENERGY INC MTN","Energy","Fixed Income","1,202,952.90","0.04","1,202,952.90","1,055,000.00","1,055,000.00","111.97","Canada","-","CAD","7.06","1.00","Feb 26, 2035","5.90","CAD","Feb 25, 2005"
"FTSCN","TERASEN GAS INC MTN","Energy","Fixed Income","1,202,911.74","0.04","1,202,911.74","1,085,000.00","1,085,000.00","110.10","Canada","-","CAD","8.90","1.00","May 13, 2038","5.80","CAD","May 13, 2008"
"NSIUCN","NOVA SCOTIA POWER INC RegS","Infrastructure","Fixed Income","1,201,988.96","0.04","1,201,988.96","1,146,000.00","1,146,000.00","104.26","Canada","-","CAD","5.72","1.00","Nov 15, 2032","4.95","CAD","Mar 24, 2023"
"APUCN","ALLIED PROPERTIES REAL ESTATE INVE","Real Estate","Fixed Income","1,197,250.07","0.04","1,197,250.07","1,135,000.00","1,135,000.00","104.03","Canada","-","CAD","2.44","1.00","Sep 26, 2028","5.53","CAD","Sep 26, 2024"
"SRUUCN","SMARTCENTRES REAL ESTATE INVESTMEN","Real Estate","Fixed Income","1,192,168.07","0.04","1,192,168.07","1,181,000.00","1,181,000.00","100.84","Canada","-","CAD","1.72","1.00","Dec 21, 2027","3.83","CAD","Dec 21, 2017"
"PWFCN","POWER FINANCIAL CORPORATION","Financial","Fixed Income","1,191,890.97","0.04","1,191,890.97","1,012,000.00","1,012,000.00","115.68","Canada","-","CAD","5.70","1.00","Mar 11, 2033","6.90","CAD","Mar 11, 2003"
"NWCONN","NORTHWESTCONNECT GROUP","Infrastructure","Fixed Income","1,190,501.85","0.04","1,190,501.85","1,088,188.00","1,088,188.00","108.41","Canada","-","CAD","6.71","1.00","Apr 30, 2041","5.95","CAD","Aug 12, 2008"
"NACN","CANADIAN WESTERN BANK","Financial","Fixed Income","1,190,026.27","0.04","1,190,026.27","1,132,000.00","1,132,000.00","104.98","Canada","-","CAD","1.87","1.00","Dec 22, 2032","5.94","CAD","Dec 22, 2022"
"CRDPOW","CORDELIO AMALCO GP I","Energy","Fixed Income","1,185,039.98","0.04","1,185,039.98","1,193,884.00","1,193,884.00","99.26","Canada","-","CAD","3.91","1.00","Jun 30, 2034","4.09","CAD","Dec 10, 2018"
"HYDONE","HYDRO ONE INC MTN","Infrastructure","Fixed Income","1,184,830.04","0.04","1,184,830.04","1,021,000.00","1,021,000.00","114.08","Canada","-","CAD","9.17","1.00","Mar 3, 2039","6.03","CAD","Mar 3, 2009"
"REIUCN","RIOCAN REAL ESTATE INVESTMENT TRUS","Real Estate","Fixed Income","1,182,961.77","0.04","1,182,961.77","1,183,000.00","1,183,000.00","99.27","Canada","-","CAD","1.16","1.00","Mar 10, 2027","2.36","CAD","Mar 10, 2020"
"ALTALK","ALTALINK LP","Infrastructure","Fixed Income","1,181,774.09","0.04","1,181,774.09","1,190,000.00","1,190,000.00","98.80","Canada","-","CAD","15.10","1.00","May 22, 2054","4.74","CAD","May 22, 2024"
"LBCN","LAURENTIAN BANK OF CANADA","Financial","Fixed Income","1,177,658.04","0.04","1,177,658.04","1,160,000.00","1,160,000.00","100.82","Canada","-","CAD","1.26","1.00","Apr 20, 2027","3.54","CAD","Apr 20, 2022"
"LOWMAT","LOWER MATTAGAMI ENERGY LP","Infrastructure","Fixed Income","1,175,749.01","0.04","1,175,749.01","1,117,000.00","1,117,000.00","104.65","Canada","-","CAD","10.59","1.00","May 18, 2041","5.14","CAD","May 17, 2011"
"ACOXCN","ATCO LTD RegS","Energy","Fixed Income","1,173,591.68","0.04","1,173,591.68","1,155,000.00","1,155,000.00","101.25","Canada","-","CAD","3.99","1.00","May 27, 2030","3.88","CAD","May 27, 2025"
"HYNMTR","HYUNDAI CAPITAL CANADA INC","Financial","Fixed Income","1,170,807.31","0.04","1,170,807.31","1,125,000.00","1,125,000.00","102.07","Canada","-","CAD","1.04","1.00","Feb 1, 2027","4.81","CAD","Jan 31, 2024"
"PLEHHU","PLENARY HLTH CARE PTNRSHP HUMBR LP","Infrastructure","Fixed Income","1,166,911.48","0.04","1,166,911.48","1,128,940.00","1,128,940.00","102.95","Canada","-","CAD","6.09","1.00","May 31, 2039","4.89","CAD","Sep 23, 2011"
"CCLGP","CAPITAL CITY LINK GENERAL PARTNERS","Infrastructure","Fixed Income","1,164,297.83","0.04","1,164,297.83","1,199,979.00","1,199,979.00","95.92","Canada","-","CAD","8.31","1.00","Mar 31, 2046","4.39","CAD","May 11, 2012"
"CCLBCN","CCL INDUSTRIES INC","Industrial","Fixed Income","1,157,882.33","0.04","1,157,882.33","1,140,000.00","1,140,000.00","100.73","Canada","-","CAD","2.07","1.00","Apr 13, 2028","3.86","CAD","Apr 13, 2018"
"BCFERR","BRITISH COLUMBIA FERRY SERVICES IN","Infrastructure","Fixed Income","1,155,869.08","0.04","1,155,869.08","1,612,000.00","1,612,000.00","71.11","Canada","-","CAD","15.54","1.00","Oct 15, 2049","2.79","CAD","Oct 15, 2019"
"DOLCN","DOLLARAMA INC","Industrial","Fixed Income","1,155,253.15","0.04","1,155,253.15","1,176,000.00","1,176,000.00","97.82","Canada","-","CAD","1.68","1.00","Sep 20, 2027","1.50","CAD","Sep 18, 2020"
"REIUCN","RIOCAN REAL ESTATE INVESTMENT TRUS","Real Estate","Fixed Income","1,154,927.43","0.04","1,154,927.43","1,075,000.00","1,075,000.00","105.63","Canada","-","CAD","4.37","1.00","Mar 1, 2031","5.46","CAD","May 31, 2024"
"EDF","ELECTRICITE DE FRANCE SA RegS","Infrastructure","Fixed Income","1,153,709.90","0.04","1,153,709.90","1,190,000.00","1,190,000.00","94.84","France","-","CAD","13.98","1.00","Feb 6, 2055","5.23","CAD","Feb 6, 2025"
"PMZUCN","PRIMARIS REAL ESTATE INVESTMENT TR RegS","Real Estate","Fixed Income","1,152,401.12","0.04","1,152,401.12","1,080,000.00","1,080,000.00","105.19","Canada","-","CAD","2.08","1.00","Mar 29, 2028","5.93","CAD","Mar 29, 2023"
"SAPCN","SAPUTO INC MTN","Industrial","Fixed Income","1,151,615.04","0.04","1,151,615.04","1,174,000.00","1,174,000.00","98.04","Canada","-","CAD","2.39","1.00","Jun 22, 2028","2.30","CAD","Jun 22, 2021"
"GILCN","GILDAN ACTIVEWEAR INC. RegS","Industrial","Fixed Income","1,151,237.74","0.04","1,151,237.74","1,110,000.00","1,110,000.00","103.21","Canada","-","CAD","5.08","1.00","Nov 22, 2031","4.71","CAD","Nov 22, 2024"
"DTRGR","DAIMLER TRUCK FINANCE CANADA INC","Financial","Fixed Income","1,148,414.59","0.04","1,148,414.59","1,110,000.00","1,110,000.00","102.30","Germany","-","CAD","1.65","1.00","Sep 27, 2027","4.46","CAD","Jun 25, 2024"
"TOUCN","TOURMALINE OIL CORP","Energy","Fixed Income","1,147,013.74","0.04","1,147,013.74","1,115,000.00","1,115,000.00","102.46","Canada","-","CAD","1.36","1.00","May 30, 2027","4.86","CAD","May 30, 2024"
"IGMCN","IGM FINANCIAL INC","Financial","Fixed Income","1,147,188.74","0.04","1,147,188.74","1,191,000.00","1,191,000.00","94.34","Canada","-","CAD","12.79","1.00","Jan 25, 2047","4.56","CAD","Jan 26, 2017"
"ENBGAS","ENBRIDGE GAS INC MTN","Energy","Fixed Income","1,146,044.72","0.04","1,146,044.72","1,322,000.00","1,322,000.00","86.38","Canada","-","CAD","13.38","1.00","Jun 1, 2046","3.80","CAD","May 31, 2016"
"EPCOR","EPCOR UTILITIES INC MTN","Infrastructure","Fixed Income","1,140,836.92","0.04","1,140,836.92","952,000.00","952,000.00","118.43","Canada","-","CAD","8.61","1.00","Apr 15, 2038","6.65","CAD","Apr 15, 2008"
"IGMCN","INVESTORS GROUP INC.","Financial","Fixed Income","1,138,598.93","0.04","1,138,598.93","949,000.00","949,000.00","117.74","Canada","-","CAD","5.67","1.00","Mar 7, 2033","7.11","CAD","Mar 5, 2003"
"CAAIAU","CALGARY AIRPORT AUTHORITY","Infrastructure","Fixed Income","1,137,525.73","0.04","1,137,525.73","1,257,000.00","1,257,000.00","89.72","Canada","-","CAD","10.02","1.00","Oct 7, 2038","3.34","CAD","Oct 7, 2021"
"VW","VW CREDIT CANADA INC RegS","Financial","Fixed Income","1,136,597.89","0.04","1,136,597.89","1,100,000.00","1,100,000.00","102.81","Germany","-","CAD","3.54","1.00","Nov 19, 2029","4.49","CAD","Nov 19, 2024"
"REIUCN","RIOCAN REAL ESTATE INVESTMENT TRUS RegS","Real Estate","Fixed Income","1,135,217.42","0.04","1,135,217.42","1,080,000.00","1,080,000.00","103.79","Canada","-","CAD","1.59","1.00","Oct 6, 2027","5.61","CAD","Mar 6, 2023"
"ALACN","ALTAGAS LTD MTN","Energy","Fixed Income","1,135,300.71","0.04","1,135,300.71","1,199,000.00","1,199,000.00","94.48","Canada","-","CAD","4.57","1.00","Nov 30, 2030","2.48","CAD","Nov 30, 2020"
"PMZUCN","PRIMARIS REAL ESTATE INVESTMENT TR RegS","Real Estate","Fixed Income","1,133,197.63","0.04","1,133,197.63","1,115,000.00","1,115,000.00","101.55","Canada","-","CAD","6.23","1.00","Jun 25, 2033","4.84","CAD","Jun 25, 2025"
"IFCCN","INTACT FINANCIAL CORP MTN","Financial","Fixed Income","1,132,066.70","0.04","1,132,066.70","1,197,000.00","1,197,000.00","94.50","Canada","-","CAD","4.67","1.00","Dec 16, 2030","1.93","CAD","Dec 16, 2020"
"TORHYD","TORONTO HYDRO CORPORATION RegS","Infrastructure","Fixed Income","1,130,859.41","0.04","1,130,859.41","1,080,000.00","1,080,000.00","104.49","Canada","-","CAD","6.22","1.00","Jun 14, 2033","4.61","CAD","Jun 14, 2023"
"APUCN","ALLIED PROPERTIES REAL ESTATE INVE","Real Estate","Fixed Income","1,130,091.35","0.04","1,130,091.35","1,125,000.00","1,125,000.00","99.74","Canada","-","CAD","1.22","1.00","Apr 8, 2027","3.11","CAD","Oct 8, 2019"
"ENBGAS","ENBRIDGE GAS INC MTN","Energy","Fixed Income","1,127,936.59","0.04","1,127,936.59","1,111,000.00","1,111,000.00","101.39","Canada","-","CAD","10.70","1.00","Jun 21, 2041","4.88","CAD","Jun 21, 2011"
"PLEHHU","PLENARY HLTH CARE PTNRSHP HUMBR LP","Infrastructure","Fixed Income","1,126,864.35","0.04","1,126,864.35","1,165,000.00","1,165,000.00","96.32","Canada","-","CAD","12.07","1.00","Nov 30, 2044","4.82","CAD","Sep 23, 2011"
"APUCN","ALLIED PROPERTIES REAL ESTATE INVE RegS","Real Estate","Fixed Income","1,124,356.62","0.04","1,124,356.62","1,100,000.00","1,100,000.00","101.21","Canada","-","CAD","1.22","1.00","Apr 7, 2027","4.31","CAD","Apr 7, 2025"
"SRUUCN","SMARTCENTRES REAL ESTATE INVESTMEN","Real Estate","Fixed Income","1,122,611.97","0.04","1,122,611.97","1,161,000.00","1,161,000.00","96.61","Canada","-","CAD","2.84","1.00","Dec 18, 2028","2.31","CAD","Dec 16, 2020"
"LCN","LOBLAW COMPANIES LIMITED MTN","Industrial","Fixed Income","1,121,515.70","0.04","1,121,515.70","988,000.00","988,000.00","110.83","Canada","-","CAD","7.52","1.00","Jan 18, 2036","5.90","CAD","Jan 18, 2005"
"BMW","BMW CANADA INC","Industrial","Fixed Income","1,118,416.81","0.04","1,118,416.81","1,090,000.00","1,090,000.00","101.71","Germany","-","CAD","2.60","1.00","Oct 10, 2028","3.99","CAD","Oct 10, 2024"
"SEASKY","SEA TO SKY HIGHWAY INVESTMENT LP","Infrastructure","Fixed Income","1,117,828.47","0.04","1,117,828.47","1,128,392.00","1,128,392.00","98.19","Canada","-","CAD","2.44","1.00","Aug 31, 2030","2.63","CAD","Jun 16, 2016"
"ENBGAS","ENBRIDGE GAS INC MTN 144A","Energy","Fixed Income","1,114,758.88","0.04","1,114,758.88","1,026,000.00","1,026,000.00","106.82","Canada","-","CAD","7.80","1.00","Feb 25, 2036","5.21","CAD","Feb 24, 2006"
"GEICN","GIBSON ENERGY INC MTN","Energy","Fixed Income","1,109,753.38","0.04","1,109,753.38","975,000.00","975,000.00","110.90","Canada","-","CAD","13.27","1.00","Jul 12, 2053","6.20","CAD","Jul 12, 2023"
"EAGCCT","EAGLE CREDIT CARD TRUST","Securitized","Fixed Income","1,109,664.93","0.04","1,109,664.93","1,060,000.00","1,060,000.00","104.49","Canada","-","CAD","2.32","1.00","Jun 17, 2028","5.13","CAD","Jun 13, 2023"
"WELL","HCN CANADIAN HOLDINGS 1 LP","Real Estate","Fixed Income","1,108,202.54","0.04","1,108,202.54","1,094,000.00","1,094,000.00","99.93","United States","-","CAD","0.99","1.00","Jan 15, 2027","2.95","CAD","Dec 20, 2019"
"CRTUCN","CT REAL ESTATE INVESTMENT TRUST","Real Estate","Fixed Income","1,107,763.70","0.04","1,107,763.70","1,050,000.00","1,050,000.00","105.23","Canada","-","CAD","2.21","1.00","Jun 14, 2028","5.83","CAD","Nov 17, 2023"
"EPCOR","EPCOR UTILITIES INC MTN","Infrastructure","Fixed Income","1,105,119.36","0.04","1,105,119.36","1,109,000.00","1,109,000.00","98.09","Canada","-","CAD","11.09","1.00","Feb 28, 2042","4.55","CAD","Feb 28, 2012"
"NACN","NATIONAL BANK OF CANADA","Financial","Fixed Income","1,103,386.78","0.04","1,103,386.78","1,010,000.00","1,010,000.00","106.72","Canada","-","CAD","2.76","1.00","Jan 29, 2034","5.95","CAD","Jan 29, 2024"
"FTSCN","FORTISBC ENERGY INC MTN RegS","Energy","Fixed Income","1,099,871.75","0.04","1,099,871.75","1,100,000.00","1,100,000.00","99.28","Canada","-","CAD","4.36","1.00","Oct 16, 2030","3.38","CAD","Oct 16, 2025"
"FTSCN","FORTISALBERTA INC RegS","Infrastructure","Fixed Income","1,098,215.74","0.04","1,098,215.74","1,090,000.00","1,090,000.00","98.44","Canada","-","CAD","15.04","1.00","Jul 7, 2055","4.76","CAD","Jul 7, 2025"
"FNCN","FIRST NATIONAL FINANCIAL CORP RegS","Financial","Fixed Income","1,097,680.59","0.04","1,097,680.59","1,080,000.00","1,080,000.00","100.83","Canada","-","CAD","2.62","1.00","Oct 23, 2028","4.29","CAD","Oct 23, 2025"
"BAMREP","BRP FINANCE ULC","Energy","Fixed Income","1,096,651.57","0.04","1,096,651.57","990,000.00","990,000.00","109.88","Canada","-","CAD","8.08","1.00","Nov 5, 2036","5.84","CAD","Nov 1, 2006"
"FTSCN","TERASEN GAS INC. MTN","Energy","Fixed Income","1,095,865.02","0.04","1,095,865.02","976,000.00","976,000.00","110.80","Canada","-","CAD","8.47","1.00","Oct 2, 2037","6.00","CAD","Oct 2, 2007"
"NSIUCN","NOVA SCOTIA POWER INC MTN","Infrastructure","Fixed Income","1,093,862.25","0.04","1,093,862.25","1,026,000.00","1,026,000.00","106.37","Canada","-","CAD","9.96","1.00","Jun 15, 2040","5.61","CAD","Jun 15, 2010"
"AERMON","AEROPORTS DE MONTREAL","Infrastructure","Fixed Income","1,091,822.20","0.04","1,091,822.20","1,006,000.00","1,006,000.00","107.39","Canada","-","CAD","9.90","1.00","Apr 16, 2040","5.47","CAD","Apr 16, 2010"
"STNCN","STANTEC INC.","Industrial","Fixed Income","1,091,280.74","0.04","1,091,280.74","1,104,000.00","1,104,000.00","98.38","Canada","-","CAD","1.72","1.00","Oct 8, 2027","2.05","CAD","Oct 8, 2020"
"FTSCN","FORTISALBERTA INC MTN","Infrastructure","Fixed Income","1,088,542.88","0.04","1,088,542.88","1,015,000.00","1,015,000.00","106.33","Canada","-","CAD","9.74","1.00","Oct 30, 2039","5.37","CAD","Oct 30, 2009"
"ETRHWY","407 INTERNATIONAL INC","Infrastructure","Fixed Income","1,088,678.28","0.04","1,088,678.28","1,108,000.00","1,108,000.00","97.97","Canada","-","CAD","6.44","1.00","Jun 1, 2033","3.43","CAD","Mar 24, 2017"
"MICCN","SAGEN MI CANADA INC","Financial","Fixed Income","1,087,921.57","0.04","1,087,921.57","1,035,000.00","1,035,000.00","104.43","Canada","-","CAD","2.14","1.00","May 19, 2028","5.91","CAD","May 19, 2023"
"ETRHWY","407 INTERNATIONAL INC MTN","Infrastructure","Fixed Income","1,084,669.95","0.04","1,084,669.95","1,145,000.00","1,145,000.00","93.96","Canada","-","CAD","11.40","1.00","Apr 25, 2042","4.19","CAD","Apr 25, 2012"
"BIP","BROOKFIELD INFRASTRUCTURE FINANCE MTN","Infrastructure","Fixed Income","1,083,063.41","0.04","1,083,063.41","964,000.00","964,000.00","110.07","Canada","-","CAD","5.63","1.00","Feb 14, 2033","5.98","CAD","Nov 14, 2022"
"HOOPP","HOOPP REALTY INC RegS","Real Estate","Fixed Income","1,078,990.05","0.04","1,078,990.05","1,080,000.00","1,080,000.00","99.54","Canada","-","CAD","5.70","1.00","Nov 27, 2032","3.92","CAD","Nov 27, 2025"
"ALTALK","ALTALINK LP MTN","Infrastructure","Fixed Income","1,076,949.44","0.04","1,076,949.44","1,172,000.00","1,172,000.00","91.45","Canada","-","CAD","12.62","1.00","Nov 21, 2044","4.05","CAD","Nov 21, 2014"
"CAT","CATERPILLAR FINANCIAL SERVICES LTD MTN","Financial","Fixed Income","1,075,086.88","0.04","1,075,086.88","1,040,000.00","1,040,000.00","101.93","United States","-","CAD","1.13","1.00","Mar 5, 2027","4.51","CAD","Mar 5, 2024"
"VANAIR","VANCOUVER AIRPORT AUTHORITY RegS","Infrastructure","Fixed Income","1,072,865.52","0.04","1,072,865.52","1,262,000.00","1,262,000.00","84.63","Canada","-","CAD","14.44","1.00","Nov 23, 2048","3.66","CAD","Nov 23, 2018"
"TORHYD","TORONTO HYDRO CORPORATION","Infrastructure","Fixed Income","1,069,788.48","0.04","1,069,788.48","1,432,000.00","1,432,000.00","74.53","Canada","-","CAD","15.49","1.00","Dec 10, 2049","2.99","CAD","Nov 12, 2019"
"MICCN","GENWORTH MI CANADA INC","Financial","Fixed Income","1,069,039.33","0.04","1,069,039.33","1,059,000.00","1,059,000.00","99.97","Canada","-","CAD","1.10","1.00","Mar 1, 2027","2.96","CAD","Feb 20, 2020"
"NAVCAN","NAV CANADA MTN","Infrastructure","Fixed Income","1,068,131.07","0.04","1,068,131.07","1,358,000.00","1,358,000.00","77.84","Canada","-","CAD","15.43","1.00","Sep 29, 2050","3.21","CAD","Mar 29, 2019"
"LOWMAT","LOWER MATTAGAMI ENERGY LP","Infrastructure","Fixed Income","1,059,697.59","0.04","1,059,697.59","1,080,000.00","1,080,000.00","97.81","Canada","-","CAD","15.17","1.00","Jun 7, 2054","4.69","CAD","Jun 7, 2024"
"PMZUCN","PRIMARIS REAL ESTATE INVESTMENT TR RegS","Real Estate","Fixed Income","1,057,381.05","0.04","1,057,381.05","1,001,000.00","1,001,000.00","104.17","Canada","-","CAD","3.69","1.00","Mar 15, 2030","5.00","CAD","Aug 12, 2024"
"TOUCN","TOURMALINE OIL CORP RegS","Energy","Fixed Income","1,049,751.94","0.04","1,049,751.94","1,065,000.00","1,065,000.00","97.59","Canada","-","CAD","2.95","1.00","Feb 12, 2029","2.53","CAD","Aug 11, 2021"
"BCFERR","BRITISH COLUMBIA FERRY SERVICES IN","Infrastructure","Fixed Income","1,039,959.85","0.04","1,039,959.85","1,043,000.00","1,043,000.00","98.82","Canada","-","CAD","11.71","1.00","Oct 23, 2043","4.70","CAD","Oct 25, 2013"
"TORHYD","TORONTO HYDRO CORPORATION RegS","Infrastructure","Fixed Income","1,039,527.75","0.04","1,039,527.75","975,000.00","975,000.00","105.49","Canada","-","CAD","2.50","1.00","Oct 12, 2028","5.13","CAD","Oct 12, 2023"
"PSSGEN","PSS GENERATING STATION LP","Infrastructure","Fixed Income","1,038,798.72","0.04","1,038,798.72","1,100,000.00","1,100,000.00","93.54","Canada","-","CAD","15.50","1.00","Oct 24, 2067","4.79","CAD","Oct 23, 2015"
"LCN","LOBLAW COMPANIES LTD MTN 144A","Industrial","Fixed Income","1,035,564.20","0.04","1,035,564.20","888,000.00","888,000.00","114.35","Canada","-","CAD","5.03","1.00","Mar 1, 2032","6.85","CAD","Mar 1, 2002"
"SIACN","SIENNA SENIOR LIVING INC","Industrial","Fixed Income","1,033,228.74","0.04","1,033,228.74","1,010,000.00","1,010,000.00","100.81","Canada","-","CAD","4.12","1.00","Aug 21, 2030","4.11","CAD","Aug 21, 2025"
"VANAIR","VANCOUVER AIRPORT AUTHORITY","Infrastructure","Fixed Income","1,031,002.02","0.04","1,031,002.02","1,395,000.00","1,395,000.00","73.32","Canada","-","CAD","15.51","1.00","Oct 18, 2049","2.87","CAD","Oct 18, 2019"
"EDISNH","ELLISDON INFRASTRUCTURE SNH GP","Infrastructure","Fixed Income","1,029,502.35","0.04","1,029,502.35","1,000,000.00","1,000,000.00","101.28","Canada","-","CAD","7.96","1.00","Feb 28, 2043","5.00","CAD","Feb 21, 2023"
"GTAAIR","GREATER TORONTO AIRPORTS AUTH 144A","Infrastructure","Fixed Income","1,028,124.23","0.04","1,028,124.23","963,000.00","963,000.00","106.27","Canada","-","CAD","1.81","1.00","Dec 3, 2027","6.45","CAD","Dec 2, 1997"
"LCN","LOBLAW COMPANIES LIMITED MTN","Industrial","Fixed Income","1,026,590.64","0.04","1,026,590.64","885,000.00","885,000.00","113.56","Canada","-","CAD","5.68","1.00","Feb 17, 2033","6.54","CAD","Feb 17, 2003"
"IFCCN","INTACT FINANCIAL CORP MTN","Financial","Fixed Income","1,025,246.96","0.04","1,025,246.96","883,000.00","883,000.00","115.44","Canada","-","CAD","9.45","1.00","Nov 23, 2039","6.40","CAD","Nov 23, 2009"
"POWCN","POWER CORPORATION OF CANADA","Financial","Fixed Income","1,024,789.38","0.04","1,024,789.38","1,021,000.00","1,021,000.00","98.35","Canada","-","CAD","12.68","1.00","Jan 31, 2047","4.81","CAD","Jan 31, 2017"
"CONNEC","CONNECT 6IX GENERAL PARTNERSHIP","Infrastructure","Fixed Income","1,024,097.07","0.04","1,024,097.07","900,000.00","900,000.00","113.26","Canada","-","CAD","14.98","1.00","Nov 30, 2060","6.21","CAD","Nov 17, 2022"
"ENBPIP","ENBRIDGE PIPELINES INC MTN","Energy","Fixed Income","1,021,120.49","0.04","1,021,120.49","1,076,000.00","1,076,000.00","93.20","Canada","-","CAD","11.51","1.00","Aug 17, 2043","4.55","CAD","Aug 16, 2013"
"CANCOR","CANADIAN CORE REAL ESTATE LP","Real Estate","Fixed Income","1,013,480.48","0.04","1,013,480.48","1,001,000.00","1,001,000.00","100.16","Canada","-","CAD","1.13","1.00","Mar 2, 2027","3.30","CAD","Mar 2, 2022"
"HOOPP","HOOPP REALTY INC RegS","Real Estate","Fixed Income","1,012,117.12","0.04","1,012,117.12","1,010,000.00","1,010,000.00","99.88","Canada","-","CAD","4.45","1.00","Nov 27, 2030","3.57","CAD","Nov 27, 2025"
"BMW","BMW CANADA INC","Industrial","Fixed Income","1,012,186.43","0.04","1,012,186.43","995,000.00","995,000.00","100.81","Germany","-","CAD","3.03","1.00","Apr 2, 2029","3.70","CAD","Apr 1, 2025"
"BIP","BROOKFIELD INFRASTRUCTURE FINANCE MTN RegS","Infrastructure","Fixed Income","1,010,647.57","0.04","1,010,647.57","905,000.00","905,000.00","109.11","Canada","-","CAD","13.53","1.00","Jul 27, 2053","5.95","CAD","Jul 27, 2023"
"XCN","TMX GROUP LTD","Financial","Fixed Income","1,009,480.55","0.04","1,009,480.55","993,000.00","993,000.00","101.39","Canada","-","CAD","2.15","1.00","Jun 5, 2028","3.78","CAD","Jun 5, 2018"
"DIRUCN","DREAM INDUSTRIAL REAL ESTATE INVES RegS","Real Estate","Fixed Income","1,007,637.80","0.04","1,007,637.80","975,000.00","975,000.00","101.22","Canada","-","CAD","3.97","1.00","Jul 3, 2030","4.29","CAD","Jul 3, 2025"
"IFCCN","INTACT FINANCIAL CORP MTN","Financial","Fixed Income","1,007,230.24","0.04","1,007,230.24","1,404,000.00","1,404,000.00","71.62","Canada","-","CAD","15.77","1.00","Dec 16, 2050","2.95","CAD","Dec 16, 2020"
"AERMON","AEROPORTS DE MONTREAL","Infrastructure","Fixed Income","1,005,999.15","0.04","1,005,999.15","856,000.00","856,000.00","116.07","Canada","-","CAD","6.16","1.00","Oct 11, 2033","6.55","CAD","Oct 9, 2003"
"BCFERR","BRITISH COLUMBIA FERRY SERVICES IN","Infrastructure","Fixed Income","1,005,250.92","0.04","1,005,250.92","912,000.00","912,000.00","107.58","Canada","-","CAD","8.63","1.00","Jan 11, 2038","5.58","CAD","Jan 11, 2008"
"BAMREP","BROOKFIELD RENEWABLE PARTNERS ULC","Energy","Fixed Income","1,003,818.83","0.04","1,003,818.83","980,000.00","980,000.00","100.77","Canada","-","CAD","3.49","1.00","Mar 12, 2055","5.45","CAD","Dec 12, 2024"
"HYDONE","HYDRO ONE INC MTN","Infrastructure","Fixed Income","1,003,250.83","0.04","1,003,250.83","1,141,000.00","1,141,000.00","87.83","Canada","-","CAD","15.14","1.00","Dec 22, 2051","4.00","CAD","Dec 22, 2011"
"EPCOR","EPCOR UTILITIES INC MTN","Infrastructure","Fixed Income","1,001,700.93","0.04","1,001,700.93","1,063,000.00","1,063,000.00","94.23","Canada","-","CAD","5.09","1.00","Jun 30, 2031","2.41","CAD","Jun 28, 2021"
"IGMCN","IGM FINANCIAL INC RegS","Financial","Fixed Income","1,000,131.44","0.04","1,000,131.44","1,112,000.00","1,112,000.00","88.78","Canada","-","CAD","14.12","1.00","Mar 21, 2050","4.21","CAD","Mar 20, 2019"
"AERMON","AEROPORT DE MONTREAL","Infrastructure","Fixed Income","998,955.02","0.04","998,955.02","1,092,000.00","1,092,000.00","90.45","Canada","-","CAD","11.72","1.00","Sep 26, 2042","3.92","CAD","Sep 26, 2012"
"ENBGAS","ENBRIDGE GAS INC MTN","Energy","Fixed Income","997,967.17","0.04","997,967.17","849,000.00","849,000.00","116.68","Canada","-","CAD","5.56","1.00","Nov 15, 2032","6.90","CAD","Nov 15, 2002"
"TORHYD","TORONTO HYDRO CORPORATION","Infrastructure","Fixed Income","996,479.64","0.04","996,479.64","990,000.00","990,000.00","99.61","Canada","-","CAD","7.22","1.00","Sep 26, 2034","3.99","CAD","Sep 26, 2024"
"BIP","BROOKFIELD INFRASTRUCTURE FINANCE MTN","Infrastructure","Fixed Income","992,786.16","0.04","992,786.16","923,000.00","923,000.00","106.50","Canada","-","CAD","13.49","1.00","Apr 25, 2052","5.79","CAD","Apr 25, 2022"
"ENBGAS","ENBRIDGE GAS INC MTN","Energy","Fixed Income","992,336.61","0.04","992,336.61","1,322,000.00","1,322,000.00","73.88","Canada","-","CAD","15.08","1.00","Aug 9, 2049","3.01","CAD","Aug 9, 2019"
"FCRCN","FIRST CAPITAL REAL ESTATE INVESTME","Real Estate","Fixed Income","989,705.89","0.04","989,705.89","965,000.00","965,000.00","102.21","Canada","-","CAD","3.96","1.00","Jun 3, 2030","4.51","CAD","Nov 1, 2024"
"ENBGAS","ENBRIDGE GAS INC","Energy","Fixed Income","988,258.69","0.04","988,258.69","922,000.00","922,000.00","104.89","Canada","-","CAD","10.02","1.00","Jul 23, 2040","5.20","CAD","Jul 23, 2010"
"LCN","LOBLAW COMPANIES MTN 144A","Industrial","Fixed Income","987,907.37","0.04","987,907.37","865,000.00","865,000.00","112.07","Canada","-","CAD","8.92","1.00","Mar 1, 2039","6.45","CAD","Mar 1, 1999"
"CTLONE","CENTRAL 1 CREDIT UNION MTN","Financial","Fixed Income","987,377.48","0.04","987,377.48","920,000.00","920,000.00","106.49","Canada","-","CAD","2.55","1.00","Nov 10, 2028","5.98","CAD","Nov 10, 2023"
"SMA","SMARTSTOP SELF STORAGE REIT INC","Real Estate","Fixed Income","986,517.77","0.04","986,517.77","980,000.00","980,000.00","99.62","United States","-","CAD","4.25","1.00","Sep 24, 2030","3.89","CAD","Sep 24, 2025"
"SIACN","SIENNA SENIOR LIVING INC","Industrial","Fixed Income","983,229.21","0.04","983,229.21","980,000.00","980,000.00","100.20","Canada","-","CAD","2.80","1.00","Dec 18, 2028","3.52","CAD","Dec 18, 2025"
"ALCTRA","ALECTRA INC (CANADA)","Infrastructure","Fixed Income","978,317.48","0.03","978,317.48","1,195,000.00","1,195,000.00","81.11","Canada","-","CAD","14.65","1.00","Apr 12, 2049","3.46","CAD","Apr 11, 2019"
"TORHYD","TORONTO HYDRO CORPORATION","Infrastructure","Fixed Income","978,033.96","0.03","978,033.96","1,169,000.00","1,169,000.00","82.47","Canada","-","CAD","14.19","1.00","Feb 28, 2048","3.48","CAD","Nov 14, 2017"
"REIUCN","RIOCAN REAL ESTATE INVESTMENT TRUS","Real Estate","Fixed Income","976,695.53","0.03","976,695.53","944,000.00","944,000.00","102.70","Canada","-","CAD","2.96","1.00","May 1, 2029","4.63","CAD","Apr 18, 2022"
"IGMCN","IGM FINANCIAL INC","Financial","Fixed Income","976,270.92","0.03","976,270.92","1,100,000.00","1,100,000.00","88.50","Canada","-","CAD","13.64","1.00","Dec 9, 2047","4.12","CAD","Dec 7, 2017"
"HYDONE","HYDRO ONE INC","Infrastructure","Fixed Income","974,832.23","0.03","974,832.23","1,161,000.00","1,161,000.00","83.10","Canada","-","CAD","14.78","1.00","Apr 5, 2050","3.64","CAD","Apr 5, 2019"
"ALTALK","ALTALINK LP MTN","Infrastructure","Fixed Income","971,001.60","0.03","971,001.60","1,010,000.00","1,010,000.00","94.03","Canada","-","CAD","14.88","1.00","Jul 11, 2053","4.45","CAD","Jul 12, 2013"
"BCFERR","BRITISH COLUMBIA FERRY SERVICES IN","Infrastructure","Fixed Income","965,665.47","0.03","965,665.47","1,021,000.00","1,021,000.00","93.83","Canada","-","CAD","12.18","1.00","Apr 28, 2044","4.29","CAD","Apr 28, 2014"
"COCAPS","COAST CAPITAL SAVINGS FEDERAL CRED","Financial","Fixed Income","965,149.16","0.03","965,149.16","940,000.00","940,000.00","101.76","Canada","-","CAD","1.71","1.00","Oct 18, 2027","4.52","CAD","Oct 18, 2024"
"NSIUCN","NOVA SCOTIA POWER INC MTN","Infrastructure","Fixed Income","965,341.53","0.03","965,341.53","813,000.00","813,000.00","116.30","Canada","-","CAD","5.96","1.00","Aug 25, 2033","6.95","CAD","Aug 25, 2003"
"CONNEC","CONNECT 6IX GENERAL PARTNERSHIP","Infrastructure","Fixed Income","955,091.06","0.03","955,091.06","850,000.00","850,000.00","111.84","Canada","-","CAD","12.12","1.00","Nov 30, 2046","6.11","CAD","Nov 17, 2022"
"TORHYD","TORONTO HYDRO CORPORATION","Infrastructure","Fixed Income","954,644.28","0.03","954,644.28","975,000.00","975,000.00","97.78","Canada","-","CAD","3.72","1.00","Dec 11, 2029","2.43","CAD","Nov 12, 2019"
"ALCTRA","ALECTRA INC (CANADA)","Infrastructure","Fixed Income","951,877.07","0.03","951,877.07","897,000.00","897,000.00","105.45","Canada","-","CAD","14.36","1.00","Nov 14, 2052","5.22","CAD","Nov 14, 2022"
"CRRUCN","CROMBIE REAL ESTATE INVESTMENT TRU","Real Estate","Fixed Income","950,310.31","0.03","950,310.31","900,000.00","900,000.00","104.28","Canada","-","CAD","3.67","1.00","Mar 29, 2030","5.14","CAD","Mar 6, 2024"
"IFCCN","INTACT FINANCIAL CORP MTN","Financial","Fixed Income","949,692.33","0.03","949,692.33","922,000.00","922,000.00","102.79","Canada","-","CAD","11.03","1.00","Jun 16, 2042","5.16","CAD","Jun 15, 2012"
"EPCOR","EPCOR UTILITIES INC","Infrastructure","Fixed Income","948,348.64","0.03","948,348.64","1,305,000.00","1,305,000.00","72.34","Canada","-","CAD","15.68","1.00","May 19, 2050","2.90","CAD","May 19, 2020"
"TERANE","TERANET HOLDINGS LP","Industrial","Fixed Income","947,800.40","0.03","947,800.40","893,000.00","893,000.00","105.90","Canada","-","CAD","10.08","1.00","Jun 17, 2041","6.10","CAD","Apr 4, 2011"
"GZMCN","ENERGIR INC RegS","Energy","Fixed Income","946,994.56","0.03","946,994.56","895,000.00","895,000.00","104.59","Canada","-","CAD","5.63","1.00","Sep 27, 2032","4.67","CAD","Sep 27, 2022"
"SE","WESTCOAST ENERGY INC MTN","Energy","Fixed Income","946,568.62","0.03","946,568.62","818,000.00","818,000.00","113.72","Canada","-","CAD","4.36","1.00","Mar 20, 2031","7.15","CAD","Mar 20, 2001"
"CANCOR","CANADIAN CORE REAL ESTATE LP RegS","Real Estate","Fixed Income","943,267.29","0.03","943,267.29","920,000.00","920,000.00","101.60","Canada","-","CAD","3.42","1.00","Oct 16, 2029","4.48","CAD","Oct 16, 2024"
"CUCN","CU INC","Energy","Fixed Income","941,238.59","0.03","941,238.59","977,000.00","977,000.00","95.67","Canada","-","CAD","15.06","1.00","Nov 7, 2053","4.56","CAD","Nov 7, 2013"
"CUCN","CU INC","Energy","Fixed Income","940,821.03","0.03","940,821.03","958,000.00","958,000.00","97.83","Canada","-","CAD","14.41","1.00","Jun 3, 2052","4.85","CAD","Jun 3, 2022"
"LCN","LOBLAW COMPANIES LIMITED MTN","Industrial","Fixed Income","938,843.41","0.03","938,843.41","840,000.00","840,000.00","111.40","Canada","-","CAD","6.69","1.00","Jun 9, 2034","6.05","CAD","Jun 9, 2003"
"ENBGAS","ENBRIDGE GAS INC MTN","Energy","Fixed Income","937,487.21","0.03","937,487.21","1,124,000.00","1,124,000.00","83.02","Canada","-","CAD","14.09","1.00","Nov 22, 2047","3.59","CAD","Nov 22, 2017"
"APUCN","ALLIED PROPERTIES REAL ESTATE INVE","Real Estate","Fixed Income","937,097.66","0.03","937,097.66","945,000.00","945,000.00","98.77","Canada","-","CAD","2.26","1.00","May 15, 2028","3.13","CAD","May 15, 2020"
"ENBCN","ENBRIDGE INC MTN","Energy","Fixed Income","935,866.13","0.03","935,866.13","806,000.00","806,000.00","112.95","Canada","-","CAD","3.84","1.00","Jul 24, 2030","7.22","CAD","Jul 24, 2000"
"ENBGAS","ENBRIDGE GAS INC MTN","Energy","Fixed Income","933,834.23","0.03","933,834.23","1,135,000.00","1,135,000.00","81.97","Canada","-","CAD","14.18","1.00","Nov 29, 2047","3.51","CAD","Nov 29, 2017"
"LOWMAT","LOWER MATTAGAMI ENERGY LP","Infrastructure","Fixed Income","928,947.46","0.03","928,947.46","995,000.00","995,000.00","91.87","Canada","-","CAD","12.90","1.00","Feb 23, 2046","4.18","CAD","Feb 25, 2013"
"TORHYD","TORONTO HYDRO CORPORATION","Infrastructure","Fixed Income","919,342.79","0.03","919,342.79","988,000.00","988,000.00","92.73","Canada","-","CAD","4.55","1.00","Oct 15, 2030","1.50","CAD","Oct 15, 2020"
"EDISNH","ELLISDON INFRASTRUCTURE SNH GP","Infrastructure","Fixed Income","919,097.73","0.03","919,097.73","960,000.00","960,000.00","94.02","Canada","-","CAD","13.23","1.00","Aug 31, 2057","5.15","CAD","Feb 21, 2023"
"ALTALK","ALTALINK LP","Infrastructure","Fixed Income","918,734.64","0.03","918,734.64","985,000.00","985,000.00","92.81","Canada","-","CAD","4.46","1.00","Sep 11, 2030","1.51","CAD","Sep 11, 2020"
"EPCOR","EPCOR UTILITIES INC MTN","Infrastructure","Fixed Income","918,749.46","0.03","918,749.46","827,000.00","827,000.00","110.51","Canada","-","CAD","9.69","1.00","Nov 24, 2039","5.75","CAD","Nov 24, 2009"
"GZMCN","GAZ METRO INC MTN","Energy","Fixed Income","918,905.83","0.03","918,905.83","795,000.00","795,000.00","114.39","Canada","-","CAD","4.12","1.00","Oct 30, 2030","7.05","CAD","Oct 26, 2000"
"FIRWST","FIRST WEST CREDIT UNION RegS","Financial","Fixed Income","918,147.45","0.03","918,147.45","805,000.00","805,000.00","110.43","Canada","-","CAD","2.28","1.00","Aug 9, 2033","9.19","CAD","Aug 9, 2023"
"FCRCN","FIRST CAPITAL REAL ESTATE INVESTME RegS","Real Estate","Fixed Income","912,460.53","0.03","912,460.53","920,000.00","920,000.00","98.61","Canada","-","CAD","6.72","1.00","Feb 15, 2034","4.46","CAD","Nov 14, 2025"
"CP","CANADIAN PACIFIC RAILWAY COMPANY","Industrial","Fixed Income","910,133.56","0.03","910,133.56","1,218,000.00","1,218,000.00","73.78","Canada","-","CAD","15.26","1.00","Mar 9, 2050","3.05","CAD","Mar 9, 2020"
"TRPCN","TRANS-CANADA PIPELINE MTN","Energy","Fixed Income","908,480.35","0.03","908,480.35","847,000.00","847,000.00","105.59","Canada","-","CAD","1.22","1.00","Apr 15, 2027","7.90","CAD","Apr 15, 1997"
"CSHU","CHARTWELL RETIREMENT RESIDENCES","Industrial","Fixed Income","907,824.05","0.03","907,824.05","885,000.00","885,000.00","101.90","Canada","-","CAD","3.48","1.00","Nov 5, 2029","4.40","CAD","Oct 28, 2024"
"FTSCN","FORTISBC ENERGY INC MTN","Energy","Fixed Income","904,992.77","0.03","904,992.77","1,045,000.00","1,045,000.00","86.35","Canada","-","CAD","14.26","1.00","Dec 7, 2048","3.85","CAD","Dec 7, 2018"
"TORHYD","TORONTO HYDRO CORPORATION","Infrastructure","Fixed Income","904,903.40","0.03","904,903.40","900,000.00","900,000.00","99.27","Canada","-","CAD","15.32","1.00","Sep 24, 2055","4.75","CAD","Sep 24, 2025"
"OTTMAC","OTTAWA MACDONALD-CARTIER INTERNATI","Infrastructure","Fixed Income","900,190.96","0.03","900,190.96","980,708.00","980,708.00","91.55","Canada","-","CAD","8.14","1.00","Jun 9, 2045","3.93","CAD","Jun 9, 2015"
"ELFCN","EMPIRE LIFE INSURANCE CO RegS","Financial","Fixed Income","899,576.94","0.03","899,576.94","845,000.00","845,000.00","103.90","Canada","-","CAD","1.87","1.00","Jan 13, 2033","5.50","CAD","Jan 13, 2023"
"FTSCN","TERASEN GAS VANCOUVER IS","Energy","Fixed Income","894,037.52","0.03","894,037.52","787,000.00","787,000.00","111.31","Canada","-","CAD","8.59","1.00","Feb 15, 2038","6.05","CAD","Feb 15, 2008"
"ACICN","TRISUMMIT UTILITIES INC MTN RegS","Energy","Fixed Income","891,579.83","0.03","891,579.83","830,000.00","830,000.00","105.04","Canada","-","CAD","3.46","1.00","Jan 11, 2030","5.02","CAD","Jan 11, 2023"
"BMW","BMW CANADA INC","Industrial","Fixed Income","887,173.00","0.03","887,173.00","875,000.00","875,000.00","100.56","Germany","-","CAD","1.21","1.00","Apr 1, 2027","3.35","CAD","Apr 1, 2025"
"BCFERR","BC FERRY SERVICES INC MTN","Infrastructure","Fixed Income","887,026.11","0.03","887,026.11","844,000.00","844,000.00","103.69","Canada","-","CAD","8.46","1.00","Mar 20, 2037","5.02","CAD","Mar 20, 2007"
"AERMON","AEROPORTS DE MONTREAL","Infrastructure","Fixed Income","882,675.94","0.03","882,675.94","1,080,000.00","1,080,000.00","81.10","Canada","-","CAD","14.07","1.00","Apr 24, 2047","3.36","CAD","Apr 24, 2017"
"SLFCN","SUN LIFE CAPITAL TRUST","Financial","Fixed Income","881,518.66","0.03","881,518.66","776,000.00","776,000.00","113.60","Canada","-","CAD","5.31","1.00","Jun 30, 2052","7.09","CAD","Jun 25, 2002"
"FFHCN","FAIRFAX FINANCIAL HOLDINGS LTD","Financial","Fixed Income","880,908.50","0.03","880,908.50","875,000.00","875,000.00","100.13","Canada","-","CAD","14.52","1.00","Nov 23, 2054","5.23","CAD","Nov 22, 2024"
"LCN","LOBLAW COMPANIES LTD","Industrial","Fixed Income","881,081.79","0.03","881,081.79","912,000.00","912,000.00","96.27","Canada","-","CAD","4.08","1.00","May 7, 2030","2.28","CAD","May 7, 2020"
"MCAPCO","MCAP COMMERCIAL LP","Financial","Fixed Income","879,616.30","0.03","879,616.30","879,000.00","879,000.00","99.75","Canada","-","CAD","1.82","1.00","Nov 26, 2027","3.38","CAD","Nov 26, 2020"
"NSIUCN","NOVA SCOTIA POWER INC","Infrastructure","Fixed Income","875,511.87","0.03","875,511.87","835,000.00","835,000.00","103.41","Canada","-","CAD","14.05","1.00","Mar 24, 2053","5.36","CAD","Mar 24, 2023"
"VANAIR","VANCOUVER AIRPORT AUTHORITY","Infrastructure","Fixed Income","875,113.38","0.03","875,113.38","935,000.00","935,000.00","93.10","Canada","-","CAD","4.45","1.00","Sep 20, 2030","1.76","CAD","Sep 21, 2020"
"HEQCN","CHIP MORTGAGE TRUST RegS","Securitized","Fixed Income","871,812.10","0.03","871,812.10","800,000.00","800,000.00","106.15","Canada","-","CAD","3.15","1.00","Nov 14, 2048","6.07","CAD","Jul 14, 2023"
"REIUCN","RIOCAN REAL ESTATE INVESTMENT TRUS RegS","Real Estate","Fixed Income","868,020.78","0.03","868,020.78","865,000.00","865,000.00","99.25","Canada","-","CAD","5.73","1.00","Oct 1, 2032","4.42","CAD","Oct 1, 2025"
"FIRWST","FIRST WEST CREDIT UNION","Financial","Fixed Income","862,509.56","0.03","862,509.56","860,000.00","860,000.00","99.82","Canada","-","CAD","1.80","1.00","Nov 15, 2027","3.69","CAD","Nov 14, 2025"
"TRPCN","TRANSCANADA PIPELINES LIMITED MTN","Energy","Fixed Income","857,860.86","0.03","857,860.86","803,000.00","803,000.00","106.23","Canada","-","CAD","2.23","1.00","May 26, 2028","6.28","CAD","May 26, 1998"
"ACOXCN","ATCO LTD RegS","Energy","Fixed Income","852,920.50","0.03","852,920.50","816,000.00","816,000.00","103.62","Canada","-","CAD","2.19","1.00","Nov 1, 2078","5.50","CAD","Nov 1, 2018"
"CTCACN","CANADIAN TIRE CORP LTD MTN","Industrial","Fixed Income","853,169.12","0.03","853,169.12","792,000.00","792,000.00","106.31","Canada","-","CAD","2.11","1.00","Apr 13, 2028","6.50","CAD","Apr 13, 1998"
"CSHU","CHARTWELL RETIREMENT RESIDENCES","Industrial","Fixed Income","852,158.81","0.03","852,158.81","835,000.00","835,000.00","100.62","Canada","-","CAD","5.28","1.00","Mar 6, 2032","4.50","CAD","Mar 6, 2025"
"ENBGAS","ENBRIDGE GAS INC MTN","Energy","Fixed Income","851,129.03","0.03","851,129.03","877,000.00","877,000.00","96.58","Canada","-","CAD","11.92","1.00","Nov 23, 2043","4.50","CAD","Nov 22, 2013"
"VW","VW CREDIT CANADA INC RegS","Financial","Fixed Income","848,456.22","0.03","848,456.22","820,000.00","820,000.00","101.90","Germany","-","CAD","2.01","1.00","Feb 18, 2028","4.25","CAD","Nov 19, 2024"
"PENSKE","PENSKE TRUCK LEASING CANADA INC RegS","Industrial","Fixed Income","848,323.30","0.03","848,323.30","850,000.00","850,000.00","99.57","Canada","-","CAD","4.47","1.00","Dec 9, 2030","3.75","CAD","Dec 8, 2025"
"DTRGR","DAIMLER TRUCKS FINANCE CANADA INC RegS","Financial","Fixed Income","848,357.25","0.03","848,357.25","808,000.00","808,000.00","103.54","Germany","-","CAD","1.63","1.00","Sep 20, 2027","5.22","CAD","Sep 19, 2022"
"DE","JOHN DEERE FINANCIAL INC","Financial","Fixed Income","847,756.11","0.03","847,756.11","845,000.00","845,000.00","99.06","United States","-","CAD","2.87","1.00","Jan 19, 2029","2.81","CAD","Jan 19, 2022"
"TORHYD","TORONTO HYDRO CORPORATION","Infrastructure","Fixed Income","845,165.72","0.03","845,165.72","979,000.00","979,000.00","84.81","Canada","-","CAD","13.10","1.00","Jul 28, 2045","3.55","CAD","Mar 16, 2015"
"TRPCN","TRANSCANADA PIPELINES LIMITED MTN","Energy","Fixed Income","844,641.86","0.03","844,641.86","775,000.00","775,000.00","108.59","Canada","-","CAD","4.25","1.00","Dec 9, 2030","6.50","CAD","Dec 7, 1998"
"NWHUCN","NORTHWEST HEALTHCARE PROPERTIES RE","Real Estate","Fixed Income","842,973.07","0.03","842,973.07","815,000.00","815,000.00","101.58","Canada","-","CAD","1.99","1.00","Feb 18, 2028","5.02","CAD","Feb 18, 2025"
"TOUCN","TOURMALINE OIL CORP RegS","Energy","Fixed Income","841,653.24","0.03","841,653.24","852,000.00","852,000.00","97.88","Canada","-","CAD","1.99","1.00","Jan 25, 2028","2.08","CAD","Jan 25, 2021"
"FTSCN","FORTISALBERTA INC MTN","Infrastructure","Fixed Income","840,177.62","0.03","840,177.62","680,000.00","680,000.00","120.87","Canada","-","CAD","8.78","1.00","Feb 14, 2039","7.06","CAD","Feb 13, 2009"
"ALTALK","ALTALINK LP MTN","Infrastructure","Fixed Income","839,563.49","0.03","839,563.49","767,000.00","767,000.00","108.02","Canada","-","CAD","8.16","1.00","Sep 22, 2036","5.25","CAD","Sep 21, 2006"
"FTSCN","FORTISBC ENERGY INC MTN","Energy","Fixed Income","838,261.31","0.03","838,261.31","975,000.00","975,000.00","85.14","Canada","-","CAD","13.36","1.00","Apr 9, 2046","3.67","CAD","Apr 8, 2016"
"DRSILL","DREAM SUMMIT INDUS","Real Estate","Fixed Income","837,123.70","0.03","837,123.70","835,000.00","835,000.00","99.19","Canada","-","CAD","1.00","1.00","Jan 12, 2027","2.25","CAD","Feb 17, 2023"
"MBGGR","MERCEDES-BENZ FINANCE CANADA INC MTN","Financial","Fixed Income","835,847.52","0.03","835,847.52","800,000.00","800,000.00","104.42","Germany","-","CAD","2.34","1.00","Jun 27, 2028","5.12","CAD","Jun 27, 2023"
"WNCN","GEORGE WESTON LTD","Industrial","Fixed Income","835,251.15","0.03","835,251.15","810,000.00","810,000.00","101.77","Canada","-","CAD","3.33","1.00","Sep 5, 2029","4.19","CAD","Sep 5, 2024"
"HOMEQU","HOMEEQUITY BANK","Financial","Fixed Income","830,644.26","0.03","830,644.26","785,000.00","785,000.00","103.58","Canada","-","CAD","3.14","1.00","Aug 13, 2029","5.82","CAD","Aug 12, 2024"
"TORHYD","TORONTO HYDRO CORP MTN","Infrastructure","Fixed Income","830,628.37","0.03","830,628.37","753,000.00","753,000.00","109.70","Canada","-","CAD","10.01","1.00","May 21, 2040","5.54","CAD","May 20, 2010"
"NSIUCN","NOVA SCOTIA POWER INC MTN","Infrastructure","Fixed Income","829,208.07","0.03","829,208.07","904,000.00","904,000.00","90.41","Canada","-","CAD","11.22","1.00","Mar 6, 2042","4.15","CAD","Mar 6, 2012"
"FNCN","FIRST NATIONAL FINANCIAL CORP RegS","Financial","Fixed Income","828,312.47","0.03","828,312.47","810,000.00","810,000.00","101.23","Canada","-","CAD","5.61","1.00","Oct 25, 2032","5.44","CAD","Oct 23, 2025"
"ACICN","TRISUMMIT UTILITIES INC MTN RegS","Energy","Fixed Income","828,499.43","0.03","828,499.43","830,000.00","830,000.00","99.34","Canada","-","CAD","4.61","1.00","Feb 14, 2031","3.71","CAD","Nov 14, 2025"
"FTSCN","FORTISBC ENERGY INC MTN","Energy","Fixed Income","828,514.14","0.03","828,514.14","949,000.00","949,000.00","86.10","Canada","-","CAD","13.55","1.00","Mar 6, 2047","3.78","CAD","Dec 13, 2016"
"CRTUCN","CT REAL ESTATE INVESTMENT TRUST","Real Estate","Fixed Income","826,301.92","0.03","826,301.92","817,000.00","817,000.00","100.88","Canada","-","CAD","1.68","1.00","Dec 7, 2027","3.87","CAD","Feb 7, 2018"
"FTSCN","FORTISBC ENERGY INC","Energy","Fixed Income","823,035.11","0.03","823,035.11","1,205,000.00","1,205,000.00","67.11","Canada","-","CAD","15.99","1.00","Jul 13, 2050","2.54","CAD","Jul 13, 2020"
"HEQCN","CHIP MORTGAGE TRUST","Securitized","Fixed Income","820,186.19","0.03","820,186.19","800,000.00","800,000.00","101.43","Canada","-","CAD","3.33","1.00","Jan 28, 2050","4.24","CAD","Sep 26, 2024"
"NAVCAN","NAV CANADA","Infrastructure","Fixed Income","819,039.75","0.03","819,039.75","768,000.00","768,000.00","106.04","Canada","-","CAD","1.35","1.00","Jun 1, 2027","7.40","CAD","Dec 16, 1996"
"ACICN","TRISUMMIT UTILITIES INC MTN","Energy","Fixed Income","818,037.80","0.03","818,037.80","795,000.00","795,000.00","102.06","Canada","-","CAD","5.42","1.00","Apr 24, 2032","4.48","CAD","Apr 24, 2025"
"FTSCN","FORTISALBERTA INC MTN RegS","Infrastructure","Fixed Income","817,862.84","0.03","817,862.84","802,000.00","802,000.00","100.50","Canada","-","CAD","11.52","1.00","Sep 11, 2043","4.85","CAD","Sep 13, 2013"
"CUCN","CU INC MTN","Energy","Fixed Income","815,256.78","0.03","815,256.78","756,000.00","756,000.00","107.27","Canada","-","CAD","7.74","1.00","Nov 21, 2035","5.18","CAD","Nov 21, 2005"
"IFCCN","INTACT FINANCIAL CORP MTN RegS","Financial","Fixed Income","814,188.01","0.03","814,188.01","985,000.00","985,000.00","82.24","Canada","-","CAD","15.53","1.00","May 20, 2053","3.77","CAD","May 18, 2021"
"ARRLAK","ARROW LAKES POWER CO","Energy","Fixed Income","811,754.55","0.03","811,754.55","766,395.00","766,395.00","104.60","Canada","-","CAD","6.62","1.00","Apr 5, 2041","5.52","CAD","Apr 5, 2011"
"FTSCN","FORTISALBERTA INC MTN","Infrastructure","Fixed Income","809,916.92","0.03","809,916.92","805,000.00","805,000.00","100.14","Canada","-","CAD","14.76","1.00","May 26, 2053","4.86","CAD","May 26, 2023"
"LCN","LOBLAW COMPANIES LIMITED MTN","Industrial","Fixed Income","809,684.20","0.03","809,684.20","728,000.00","728,000.00","108.34","Canada","-","CAD","2.72","1.00","Jan 22, 2029","6.50","CAD","Jan 22, 1999"
"TRPCN","TRANSCANADA PIPELINES LIMITED MTN","Energy","Fixed Income","806,898.91","0.03","806,898.91","732,000.00","732,000.00","107.48","Canada","-","CAD","2.34","1.00","Aug 7, 2028","6.89","CAD","Jul 30, 1997"
"FCRCN","FIRST CAPITAL REAL ESTATE INVESTME","Real Estate","Fixed Income","805,093.76","0.03","805,093.76","795,000.00","795,000.00","100.13","Canada","-","CAD","2.03","1.00","Mar 1, 2028","3.45","CAD","Sep 1, 2020"
"CTCACN","CANADIAN TIRE CORPORATION LIMITED MTN","Industrial","Fixed Income","804,852.91","0.03","804,852.91","707,000.00","707,000.00","111.54","Canada","-","CAD","6.29","1.00","Feb 24, 2034","6.57","CAD","Feb 24, 2004"
"FCRCN","FIRST CAPITAL REAL ESTATE INVESTME","Real Estate","Fixed Income","805,021.08","0.03","805,021.08","785,000.00","785,000.00","100.78","Canada","-","CAD","1.46","1.00","Jul 12, 2027","3.75","CAD","Jul 10, 2017"
"HALFX","HALIFAX INTERNATIONAL AIRPORT AUTH","Infrastructure","Fixed Income","803,649.43","0.03","803,649.43","830,000.00","830,000.00","96.21","Canada","-","CAD","13.86","1.00","Nov 15, 2050","4.89","CAD","Nov 5, 2010"
"CSHU","CHARTWELL RETIREMENT RESIDENCES","Industrial","Fixed Income","803,223.23","0.03","803,223.23","795,000.00","795,000.00","100.48","Canada","-","CAD","2.23","1.00","May 6, 2028","3.65","CAD","Mar 6, 2025"
"CRRUCN","CROMBIE REAL ESTATE INVESTMENT TRU","Real Estate","Fixed Income","803,025.07","0.03","803,025.07","840,000.00","840,000.00","94.39","Canada","-","CAD","5.03","1.00","Aug 12, 2031","3.13","CAD","Aug 12, 2021"
"CUCN","CU INC MTN","Energy","Fixed Income","799,783.53","0.03","799,783.53","799,000.00","799,000.00","98.69","Canada","-","CAD","14.40","1.00","Sep 14, 2052","4.77","CAD","Sep 14, 2022"
"PMZUCN","PRIMARIS REAL ESTATE INVESTMENT TR RegS","Real Estate","Fixed Income","798,910.70","0.03","798,910.70","750,000.00","750,000.00","104.97","Canada","-","CAD","5.16","1.00","Mar 15, 2032","5.30","CAD","Aug 12, 2024"
"ALTALK","ALTALINK LP MTN","Infrastructure","Fixed Income","795,600.44","0.03","795,600.44","733,000.00","733,000.00","107.13","Canada","-","CAD","9.90","1.00","Mar 26, 2040","5.38","CAD","Mar 25, 2010"
"ACICN","TRISUMMIT UTILITIES INC MTN RegS","Energy","Fixed Income","795,166.16","0.03","795,166.16","800,000.00","800,000.00","98.83","Canada","-","CAD","7.87","1.00","Nov 14, 2035","4.40","CAD","Nov 14, 2025"
"IGMCN","IGM FINANCIAL INC RegS","Financial","Fixed Income","791,992.42","0.03","791,992.42","870,000.00","870,000.00","89.08","Canada","-","CAD","13.53","1.00","Jul 13, 2048","4.17","CAD","Jul 11, 2018"
"WNCN","GEORGE WESTON LIMITED MTN 144A","Industrial","Fixed Income","791,738.98","0.03","791,738.98","680,000.00","680,000.00","113.55","Canada","-","CAD","4.92","1.00","Feb 5, 2032","7.10","CAD","Feb 5, 2002"
"ENBCN","IPL ENERGY MTN","Energy","Fixed Income","791,301.85","0.03","791,301.85","730,000.00","730,000.00","105.56","Canada","-","CAD","2.30","1.00","Jul 14, 2028","6.10","CAD","Jul 14, 1998"
"ENBPIP","ENBRIDGE PIPELINES INC.","Energy","Fixed Income","789,035.63","0.03","789,035.63","762,000.00","762,000.00","102.80","Canada","-","CAD","9.71","1.00","Nov 10, 2039","5.35","CAD","Nov 10, 2009"
"ALCTRA","ALECTRA INC (CANADA)","Infrastructure","Fixed Income","788,177.06","0.03","788,177.06","854,000.00","854,000.00","90.62","Canada","-","CAD","11.54","1.00","Jul 30, 2042","3.96","CAD","Jul 30, 2012"
"LCN","LOBLAW CO LTD MTN","Industrial","Fixed Income","786,115.28","0.03","786,115.28","724,000.00","724,000.00","106.03","Canada","-","CAD","1.94","1.00","Feb 9, 2028","6.45","CAD","Feb 9, 1998"
"NRMCAB","NRM CABIN INTERMEDIATE 1 LP","Infrastructure","Fixed Income","784,041.05","0.03","784,041.05","725,368.00","725,368.00","105.77","Canada","-","CAD","3.55","1.00","Jul 31, 2033","5.58","CAD","Feb 12, 2024"
"SLFCN","SUN LIFE ASSURANCE COMPANY OF CANA","Financial","Fixed Income","777,978.09","0.03","777,978.09","729,000.00","729,000.00","105.92","Canada","-","CAD","2.20","1.00","May 15, 2028","6.30","CAD","May 15, 1998"
"CHPUCN","CHOICE PROPERTIES REAL ESTATE INVE","Real Estate","Fixed Income","774,651.40","0.03","774,651.40","750,000.00","750,000.00","101.15","Canada","-","CAD","14.30","1.00","Aug 8, 2055","5.37","CAD","Aug 8, 2025"
"PMZUCN","PRIMARIS REAL ESTATE INVESTMENT TR RegS","Real Estate","Fixed Income","769,595.23","0.03","769,595.23","748,000.00","748,000.00","101.41","Canada","-","CAD","4.51","1.00","Mar 1, 2031","4.47","CAD","Feb 20, 2025"
"TORHYD","TORONTO HYDRO CORPORATION","Infrastructure","Fixed Income","769,483.94","0.03","769,483.94","825,000.00","825,000.00","92.09","Canada","-","CAD","12.44","1.00","Sep 16, 2044","4.08","CAD","Sep 16, 2014"
"SIACN","SIENNA SENIOR LIVING INC","Industrial","Fixed Income","767,767.90","0.03","767,767.90","765,000.00","765,000.00","99.65","Canada","-","CAD","1.21","1.00","Mar 31, 2027","2.82","CAD","Jun 3, 2021"
"NAVCAN","NAV CANADA MTN","Infrastructure","Fixed Income","766,688.28","0.03","766,688.28","892,000.00","892,000.00","84.69","Canada","-","CAD","13.40","1.00","Feb 23, 2046","3.53","CAD","Feb 24, 2016"
"ACICN","ALTAGAS CANADA INC MTN","Energy","Fixed Income","766,004.64","0.03","766,004.64","760,000.00","760,000.00","100.06","Canada","-","CAD","1.20","1.00","Apr 7, 2027","3.13","CAD","Apr 7, 2020"
"LOWMAT","LOWER MATTAGAMI ENERGY LP","Infrastructure","Fixed Income","758,102.39","0.03","758,102.39","832,000.00","832,000.00","90.33","Canada","-","CAD","14.98","1.00","Apr 23, 2052","4.17","CAD","Apr 23, 2012"
"CRRUCN","CROMBIE REAL ESTATE INVESTMENT TRU RegS","Real Estate","Fixed Income","757,973.61","0.03","757,973.61","715,000.00","715,000.00","104.66","Canada","-","CAD","3.24","1.00","Sep 28, 2029","5.24","CAD","Mar 28, 2023"
"LOWMAT","LOWER MATTAGAMI ENERGY LP","Infrastructure","Fixed Income","754,050.71","0.03","754,050.71","729,000.00","729,000.00","102.07","Canada","-","CAD","11.58","1.00","Sep 21, 2043","4.94","CAD","Sep 20, 2013"
"TORHYD","TORONTO HYDRO CORPORATION","Infrastructure","Fixed Income","752,438.28","0.03","752,438.28","787,000.00","787,000.00","95.12","Canada","-","CAD","5.32","1.00","Oct 20, 2031","2.47","CAD","Oct 18, 2021"
"ENBPIP","ENBRIDGE PIPELINES INC. MTN","Energy","Fixed Income","751,029.11","0.03","751,029.11","725,000.00","725,000.00","103.42","Canada","-","CAD","8.39","1.00","Dec 19, 2036","5.08","CAD","Dec 21, 2006"
"ENBGAS","ENBRIDGE GAS INC MTN","Energy","Fixed Income","746,959.26","0.03","746,959.26","676,000.00","676,000.00","108.84","Canada","-","CAD","8.06","1.00","Sep 11, 2036","5.46","CAD","Sep 11, 2006"
"PENSKE","PENSKE TRUCK LEASING CANADA INC","Industrial","Fixed Income","738,336.20","0.03","738,336.20","725,000.00","725,000.00","100.92","Canada","-","CAD","1.68","1.00","Oct 1, 2027","3.70","CAD","Oct 1, 2024"
"ETRHWY","407 INTERNATIONAL INC. MTN","Infrastructure","Fixed Income","732,794.75","0.03","732,794.75","893,000.00","893,000.00","81.20","Canada","-","CAD","13.23","1.00","Mar 27, 2045","3.30","CAD","Mar 27, 2015"
"HALFX","HALIFAX INTERNATIONAL AIRPORT AUTH","Infrastructure","Fixed Income","730,382.17","0.03","730,382.17","685,000.00","685,000.00","104.14","Canada","-","CAD","10.23","1.00","Jul 19, 2041","5.50","CAD","Jul 19, 2006"
"SE","WESTCOAST ENERGY","Energy","Fixed Income","730,416.83","0.03","730,416.83","688,000.00","688,000.00","105.87","Canada","-","CAD","1.84","1.00","Dec 15, 2027","6.75","CAD","Dec 15, 1997"
"HYDONE","HYDRO ONE INC MTN","Infrastructure","Fixed Income","725,952.21","0.03","725,952.21","877,000.00","877,000.00","81.19","Canada","-","CAD","17.17","1.00","Jul 31, 2062","3.79","CAD","Jul 31, 2012"
"ENBGAS","ENBRIDGE GAS INC MTN","Energy","Fixed Income","723,949.41","0.03","723,949.41","675,000.00","675,000.00","105.97","Canada","-","CAD","2.47","1.00","Oct 6, 2028","5.46","CAD","Oct 6, 2023"
"EPCOR","EPCOR UTILITIES INC MTN","Infrastructure","Fixed Income","723,802.42","0.03","723,802.42","820,000.00","820,000.00","87.89","Canada","-","CAD","14.16","1.00","Nov 26, 2048","3.95","CAD","Nov 26, 2018"
"HEQCN","CHIP MORTGAGE TRUST RegS","Securitized","Fixed Income","722,030.10","0.03","722,030.10","710,000.00","710,000.00","101.04","Canada","-","CAD","2.34","1.00","Sep 1, 2028","3.97","CAD","May 1, 2025"
"CCOCN","CAMECO CORPORATION","Industrial","Fixed Income","719,047.04","0.03","719,047.04","730,000.00","730,000.00","97.84","Canada","-","CAD","11.06","1.00","Nov 14, 2042","5.09","CAD","Nov 14, 2012"
"FTSCN","FORTISBC INC MTN","Infrastructure","Fixed Income","716,747.42","0.03","716,747.42","640,000.00","640,000.00","111.51","Canada","-","CAD","9.32","1.00","Jun 2, 2039","6.10","CAD","Jun 2, 2009"
"WAACA","WINNIPEG AIRPORT AUTHORITY","Infrastructure","Fixed Income","712,632.15","0.03","712,632.15","681,711.00","681,711.00","103.20","Canada","-","CAD","6.44","1.00","Sep 28, 2040","5.21","CAD","Sep 28, 2005"
"CRSLNX","CROSSLINX TRANSIT SOLUTI RegS","Infrastructure","Fixed Income","712,172.41","0.03","712,172.41","870,000.00","870,000.00","80.71","Canada","-","CAD","13.43","1.00","Jun 30, 2051","4.55","CAD","Jul 24, 2015"
"EPCOR","EPCOR UTILITIES INC MTN","Infrastructure","Fixed Income","711,429.63","0.03","711,429.63","920,000.00","920,000.00","77.30","Canada","-","CAD","15.65","1.00","Jun 28, 2051","3.29","CAD","Jun 28, 2021"
"BMW","BMW CANADA INC MTN RegS","Industrial","Fixed Income","709,843.14","0.03","709,843.14","700,000.00","700,000.00","100.35","Germany","-","CAD","1.62","1.00","Sep 7, 2027","3.30","CAD","Sep 5, 2025"
"DUBCA","FAIRSTONE BANK OF CANADA","Financial","Fixed Income","708,325.71","0.03","708,325.71","700,000.00","700,000.00","100.05","Canada","-","CAD","2.54","1.00","Sep 18, 2028","3.94","CAD","Sep 16, 2025"
"CRTUCN","CT REAL ESTATE INVESTMENT TRUST","Real Estate","Fixed Income","702,802.84","0.03","702,802.84","699,000.00","699,000.00","100.40","Canada","-","CAD","1.28","1.00","Jun 16, 2027","3.47","CAD","Jun 16, 2017"
"ALCTRA","ALECTRA INC (CANADA)","Infrastructure","Fixed Income","699,394.62","0.03","699,394.62","654,000.00","654,000.00","106.03","Canada","-","CAD","10.46","1.00","Apr 29, 2041","5.30","CAD","Apr 29, 2011"
"LUCACN","LIBERTY UTILITIES (CANADA) LP","Energy","Fixed Income","699,230.99","0.02","699,230.99","930,000.00","930,000.00","73.92","Canada","-","CAD","14.68","1.00","Feb 14, 2050","3.31","CAD","Feb 14, 2020"
"FTSCN","FORTISBC ENERGY INC MTN","Energy","Fixed Income","695,171.98","0.02","695,171.98","840,000.00","840,000.00","82.03","Canada","-","CAD","13.21","1.00","Apr 13, 2045","3.38","CAD","Apr 13, 2015"
"BCECN","BELL CANADA MTN 144A","Communication","Fixed Income","692,878.02","0.02","692,878.02","632,000.00","632,000.00","108.56","Canada","-","CAD","2.99","1.00","May 1, 2029","6.55","CAD","Jul 19, 1999"
"POWCN","POWER CORPORATION CANADA","Financial","Fixed Income","687,201.56","0.02","687,201.56","500,000.00","500,000.00","135.80","Canada","-","CAD","8.63","1.00","Apr 22, 2039","8.57","CAD","Apr 20, 2009"
"GZMCN","GAZ METRO INC RegS","Energy","Fixed Income","686,321.84","0.02","686,321.84","825,000.00","825,000.00","82.76","Canada","-","CAD","13.95","1.00","May 16, 2047","3.53","CAD","May 16, 2017"
"FTSCN","FORTISBC ENERGY INC","Energy","Fixed Income","680,985.48","0.02","680,985.48","937,000.00","937,000.00","71.56","Canada","-","CAD","15.33","1.00","Aug 9, 2049","2.82","CAD","Aug 9, 2019"
"CLOVLP","CLOVER LIMITED PARTNERSHIP","Energy","Fixed Income","679,555.31","0.02","679,555.31","670,738.00","670,738.00","100.25","Canada","-","CAD","6.85","1.00","Mar 31, 2034","4.22","CAD","Oct 24, 2018"
"XCN","TMX GROUP LTD","Financial","Fixed Income","667,049.99","0.02","667,049.99","707,000.00","707,000.00","93.57","Canada","-","CAD","4.77","1.00","Feb 12, 2031","2.02","CAD","Feb 12, 2021"
"FTSCN","FORTISBC ENERGY INC MTN","Energy","Fixed Income","664,710.26","0.02","664,710.26","704,000.00","704,000.00","94.16","Canada","-","CAD","11.26","1.00","Dec 9, 2041","4.25","CAD","Dec 9, 2011"
"FTSCN","FORTISALBERTA INC MTN","Infrastructure","Fixed Income","662,433.57","0.02","662,433.57","705,000.00","705,000.00","92.79","Canada","-","CAD","12.67","1.00","Sep 22, 2045","4.27","CAD","Sep 22, 2015"
"ENBGAS","ENBRIDGE GAS INC MTN","Energy","Fixed Income","642,571.17","0.02","642,571.17","600,000.00","600,000.00","106.39","Canada","-","CAD","2.21","1.00","May 19, 2028","6.10","CAD","May 19, 1998"
"FTSCN","FORTISALBERTA INC MTN","Infrastructure","Fixed Income","635,611.20","0.02","635,611.20","648,000.00","648,000.00","97.17","Canada","-","CAD","10.97","1.00","Oct 18, 2041","4.54","CAD","Oct 19, 2011"
"ELFCN","E-L FINANCIAL CORP LTD","Financial","Fixed Income","635,364.13","0.02","635,364.13","754,000.00","754,000.00","84.17","Canada","-","CAD","14.44","1.00","Jun 22, 2050","4.00","CAD","Jun 22, 2020"
"FTSCN","TERASEN GAS INC. MTN","Energy","Fixed Income","624,282.12","0.02","624,282.12","538,000.00","538,000.00","114.97","Canada","-","CAD","6.52","1.00","May 1, 2034","6.50","CAD","Apr 29, 2004"
"SE","WESTCOAST ENERGY INC MTN","Energy","Fixed Income","623,085.48","0.02","623,085.48","643,000.00","643,000.00","96.06","Canada","-","CAD","10.78","1.00","Oct 28, 2041","4.79","CAD","Oct 28, 2011"
"FIRWST","FIRST WEST CREDIT UNION","Financial","Fixed Income","621,960.34","0.02","621,960.34","610,000.00","610,000.00","100.82","Canada","-","CAD","1.18","1.00","Mar 24, 2027","4.25","CAD","Mar 24, 2025"
"TORHYD","TORONTO HYDRO CORPORATION","Infrastructure","Fixed Income","620,492.06","0.02","620,492.06","793,000.00","793,000.00","77.58","Canada","-","CAD","15.68","1.00","Oct 18, 2051","3.27","CAD","Oct 18, 2021"
"SUCN","SUNCOR ENERGY INC.","Energy","Fixed Income","619,206.70","0.02","619,206.70","585,000.00","585,000.00","104.43","Canada","-","CAD","8.34","1.00","Mar 26, 2037","5.39","CAD","Mar 26, 2007"
"FTSCN","FORTISALBERTA INC MTN","Infrastructure","Fixed Income","615,403.34","0.02","615,403.34","617,000.00","617,000.00","98.89","Canada","-","CAD","14.08","1.00","Oct 27, 2050","4.80","CAD","Oct 27, 2010"
"CUCN","CU INC MTN","Energy","Fixed Income","613,368.49","0.02","613,368.49","715,000.00","715,000.00","85.29","Canada","-","CAD","15.42","1.00","Nov 14, 2052","3.86","CAD","Nov 14, 2012"
"FTSCN","FORTISALBERTA INC MTN","Infrastructure","Fixed Income","612,923.21","0.02","612,923.21","713,000.00","713,000.00","84.90","Canada","-","CAD","14.15","1.00","Sep 18, 2048","3.73","CAD","Sep 18, 2018"
"FTSCN","FORTISALBERTA INC MTN","Infrastructure","Fixed Income","607,265.99","0.02","607,265.99","548,000.00","548,000.00","109.58","Canada","-","CAD","8.80","1.00","Apr 15, 2038","5.85","CAD","Apr 15, 2008"
"IGMCN","IGM FINANCIAL INC","Financial","Fixed Income","604,399.65","0.02","604,399.65","540,000.00","540,000.00","111.58","Canada","-","CAD","9.94","1.00","Dec 10, 2040","6.00","CAD","Dec 9, 2010"
"THPPRT","THP PARTNERSHIP RegS","Infrastructure","Fixed Income","601,080.05","0.02","601,080.05","622,809.00","622,809.00","95.78","Canada","-","CAD","8.55","1.00","Oct 31, 2046","4.39","CAD","Jun 30, 2014"
"CRTUCN","CT REAL ESTATE INVESTMENT TRUST","Real Estate","Fixed Income","594,084.07","0.02","594,084.07","585,000.00","585,000.00","101.29","Canada","-","CAD","4.00","1.00","Jun 9, 2030","4.29","CAD","Jun 9, 2025"
"IGMCN","INVESTORS GROUP INC. 144A","Financial","Fixed Income","592,617.10","0.02","592,617.10","505,000.00","505,000.00","116.29","Canada","-","CAD","4.47","1.00","May 9, 2031","7.45","CAD","May 9, 2001"
"COMWIN","COMBER WIND FINANCIAL CORP","Energy","Fixed Income","591,606.99","0.02","591,606.99","578,204.00","578,204.00","102.32","Canada","-","CAD","2.55","1.00","Nov 15, 2030","5.13","CAD","Feb 22, 2013"
"FTSCN","FORTISBC ENERGY INC MTN","Energy","Fixed Income","591,002.21","0.02","591,002.21","620,000.00","620,000.00","94.22","Canada","-","CAD","5.07","1.00","Jul 18, 2031","2.42","CAD","Apr 14, 2021"
"WAACA","WINNIPEG AIRPORTS AUTHORITY INC","Infrastructure","Fixed Income","577,182.47","0.02","577,182.47","550,000.00","550,000.00","103.46","Canada","-","CAD","5.93","1.00","Mar 9, 2033","4.79","CAD","Mar 9, 2023"
"FTSCN","FORTISALBERTA INC MTN","Infrastructure","Fixed Income","573,689.03","0.02","573,689.03","670,000.00","670,000.00","84.49","Canada","-","CAD","13.84","1.00","Sep 9, 2047","3.67","CAD","Sep 7, 2017"
"GTAAIR","GREATER TORONTO AIRPORTS AUTHORITY","Infrastructure","Fixed Income","573,052.18","0.02","573,052.18","523,624.00","523,624.00","106.72","Canada","-","CAD","1.97","1.00","Jul 30, 2029","6.45","CAD","Jul 20, 1999"
"FTSCN","FORTISBC ENERGY INC MTN","Energy","Fixed Income","570,304.66","0.02","570,304.66","585,000.00","585,000.00","97.07","Canada","-","CAD","14.76","1.00","Nov 28, 2052","4.67","CAD","Nov 28, 2022"
"FTSCN","FORTISBC INC MTN","Infrastructure","Fixed Income","563,189.25","0.02","563,189.25","561,000.00","561,000.00","99.88","Canada","-","CAD","13.93","1.00","Nov 24, 2050","5.00","CAD","Nov 24, 2010"
"HYOHI","HYDRO OTTAWA HOLDING INC","Infrastructure","Fixed Income","556,358.44","0.02","556,358.44","650,000.00","650,000.00","84.09","Canada","-","CAD","12.78","1.00","Feb 2, 2045","3.64","CAD","Feb 2, 2015"
"FTSCN","FORTISALBERTA INC","Infrastructure","Fixed Income","546,802.90","0.02","546,802.90","500,000.00","500,000.00","108.31","Canada","-","CAD","7.90","1.00","Apr 21, 2036","5.40","CAD","Apr 21, 2006"
"NSIUCN","NOVA SCOTIA POWER INC MTN","Infrastructure","Fixed Income","545,928.20","0.02","545,928.20","658,000.00","658,000.00","82.37","Canada","-","CAD","12.97","1.00","May 1, 2045","3.61","CAD","Apr 30, 2015"
"RCICN","ROGERS COMMUNICATIONS INC","Communication","Fixed Income","543,025.64","0.02","543,025.64","630,000.00","630,000.00","85.94","Canada","-","CAD","13.96","1.00","Dec 9, 2049","4.25","CAD","Dec 9, 2019"
"CLOVLP","CLOVER LIMITED PARTNERSHIP","Energy","Fixed Income","539,741.65","0.02","539,741.65","537,636.00","537,636.00","100.39","Canada","-","CAD","3.13","1.00","Jun 30, 2034","4.22","CAD","Oct 24, 2018"
"CRTUCN","CT REAL ESTATE INVESTMENT TRUST","Real Estate","Fixed Income","538,349.67","0.02","538,349.67","575,000.00","575,000.00","92.47","Canada","-","CAD","4.62","1.00","Jan 6, 2031","2.37","CAD","Jan 6, 2021"
"IGMCN","INVESTORS GROUP INC.","Financial","Fixed Income","537,871.44","0.02","537,871.44","460,000.00","460,000.00","116.93","Canada","-","CAD","5.67","1.00","Dec 31, 2032","7.00","CAD","Dec 13, 2002"
"CUCN","CU INC","Energy","Fixed Income","533,558.68","0.02","533,558.68","522,000.00","522,000.00","101.63","Canada","-","CAD","14.08","1.00","Nov 18, 2050","4.95","CAD","Nov 18, 2010"
"FTTCN","FINNING INTERNATIONAL INC MTN","Industrial","Fixed Income","531,140.60","0.02","531,140.60","557,000.00","557,000.00","95.11","Canada","-","CAD","10.86","1.00","Jun 13, 2042","5.08","CAD","Jun 13, 2012"
"CRRUCN","CROMBIE REAL ESTATE INVESTMENT TRU","Real Estate","Fixed Income","525,750.39","0.02","525,750.39","520,000.00","520,000.00","101.00","Canada","-","CAD","1.28","1.00","Jun 21, 2027","3.92","CAD","Dec 20, 2019"
"FTSCN","TERASEN GAS INC MTN","Energy","Fixed Income","523,342.38","0.02","523,342.38","440,000.00","440,000.00","116.63","Canada","-","CAD","8.95","1.00","Feb 24, 2039","6.55","CAD","Feb 24, 2009"
"FTSCN","FORTISALBERTA INC","Infrastructure","Fixed Income","516,152.68","0.02","516,152.68","448,000.00","448,000.00","114.17","Canada","-","CAD","6.87","1.00","Oct 31, 2034","6.22","CAD","Oct 25, 2004"
"FTSCN","FORTISALBERTA INC","Infrastructure","Fixed Income","512,616.30","0.02","512,616.30","630,000.00","630,000.00","80.44","Canada","-","CAD","13.78","1.00","Sep 21, 2046","3.34","CAD","Sep 21, 2016"
"SIACN","SIENNA SENIOR LIVING INC","Industrial","Fixed Income","511,671.06","0.02","511,671.06","495,000.00","495,000.00","102.46","Canada","-","CAD","3.42","1.00","Oct 17, 2029","4.44","CAD","Oct 17, 2024"
"CRDPOW","CORDELIO AMALCO GP I Prvt","Energy","Fixed Income","506,332.41","0.02","506,332.41","504,618.00","504,618.00","99.30","Canada","-","CAD","3.79","1.00","Sep 30, 2034","4.09","CAD","Dec 10, 2018"
"CUCN","CU INC","Energy","Fixed Income","506,082.82","0.02","506,082.82","735,000.00","735,000.00","68.18","Canada","-","CAD","16.10","1.00","Sep 28, 2050","2.61","CAD","Sep 28, 2020"
"CRRUCN","CROMBIE REAL ESTATE INVESTMENT TRU","Real Estate","Fixed Income","505,720.24","0.02","505,720.24","520,000.00","520,000.00","96.52","Canada","-","CAD","4.36","1.00","Oct 9, 2030","3.21","CAD","Oct 9, 2020"
"FTSCN","FORTISALBERTA INC MTN","Infrastructure","Fixed Income","492,723.86","0.02","492,723.86","730,000.00","730,000.00","67.33","Canada","-","CAD","16.38","1.00","Jun 8, 2051","2.63","CAD","Dec 8, 2020"
"CHPUCN","CHOICE PROPERTIES REAL ESTATE INVE","Real Estate","Fixed Income","486,294.93","0.02","486,294.93","600,000.00","600,000.00","79.81","Canada","-","CAD","14.17","1.00","Mar 4, 2050","3.83","CAD","Mar 3, 2020"
"HOMEQU","HOMEEQUITY BANK","Financial","Fixed Income","484,787.50","0.02","484,787.50","460,000.00","460,000.00","104.06","Canada","-","CAD","1.68","1.00","Oct 18, 2027","6.55","CAD","Apr 18, 2024"
"WNCN","GEORGE WESTON LIMITED MTN","Industrial","Fixed Income","482,338.80","0.02","482,338.80","420,000.00","420,000.00","112.62","Canada","-","CAD","5.68","1.00","Mar 1, 2033","6.69","CAD","Feb 28, 2003"
"FTSCN","FORTISBC INC MTN","Infrastructure","Fixed Income","473,800.45","0.02","473,800.45","430,000.00","430,000.00","109.39","Canada","-","CAD","7.60","1.00","Nov 9, 2035","5.60","CAD","Nov 10, 2005"
"CESEBA","SOCIETE EN COMMANDITE CE SEBASTOPO","Infrastructure","Fixed Income","469,844.48","0.02","469,844.48","510,765.00","510,765.00","90.25","Canada","-","CAD","8.47","1.00","Jul 31, 2047","4.14","CAD","Jun 26, 2015"
"FTSCN","FORTISALBERTA INC","Infrastructure","Fixed Income","466,586.13","0.02","466,586.13","485,000.00","485,000.00","95.81","Canada","-","CAD","14.64","1.00","May 30, 2052","4.62","CAD","May 30, 2022"
"KINSOL","KINGSTON SOLAR LP INC","Energy","Fixed Income","460,477.20","0.02","460,477.20","468,977.00","468,977.00","96.69","Canada","-","CAD","4.35","1.00","Jul 31, 2035","3.57","CAD","Oct 14, 2016"
"ENBCN","ENBRIDGE INC MTN","Energy","Fixed Income","458,337.53","0.02","458,337.53","450,000.00","450,000.00","100.53","Canada","-","CAD","10.14","1.00","Sep 28, 2040","5.12","CAD","Sep 28, 2010"
"ENBCN","ENBRIDGE INC MTN","Energy","Fixed Income","454,516.90","0.02","454,516.90","510,000.00","510,000.00","87.95","Canada","-","CAD","16.22","1.00","Mar 28, 2064","4.56","CAD","Mar 28, 2014"
"CRRUCN","CROMBIE REAL ESTATE INVESTMENT TRU","Real Estate","Fixed Income","451,127.88","0.02","451,127.88","455,000.00","455,000.00","98.47","Canada","-","CAD","2.15","1.00","Mar 31, 2028","2.69","CAD","Oct 9, 2020"
"OTTMAC","OTTAWA MACDONALD-CARTIER INTERNATI","Infrastructure","Fixed Income","446,039.22","0.02","446,039.22","472,000.00","472,000.00","94.09","Canada","-","CAD","4.90","1.00","May 5, 2031","2.70","CAD","May 5, 2021"
"FTSCN","FORTISBC ENERGY INC MTN","Energy","Fixed Income","442,621.81","0.02","442,621.81","520,000.00","520,000.00","84.49","Canada","-","CAD","13.95","1.00","Oct 30, 2047","3.69","CAD","Oct 26, 2017"
"GZMCN","GAZ METRO INC","Energy","Fixed Income","438,961.42","0.02","438,961.42","535,000.00","535,000.00","81.22","Canada","-","CAD","13.24","1.00","Mar 31, 2045","3.30","CAD","Mar 31, 2015"
"CUCN","CU INC","Energy","Fixed Income","438,549.26","0.02","438,549.26","456,000.00","456,000.00","95.32","Canada","-","CAD","16.60","1.00","Oct 24, 2061","4.59","CAD","Oct 24, 2011"
"NVLAUT","NOUVELLE AUTOROUTE 30 FINANCEMENT","Infrastructure","Fixed Income","435,814.16","0.02","435,814.16","439,589.00","439,589.00","99.14","Canada","-","CAD","3.67","1.00","Dec 31, 2032","3.74","CAD","Jun 14, 2018"
"CTCACN","CANADIAN TIRE CORPORATION LIMITED MTN","Industrial","Fixed Income","434,297.58","0.02","434,297.58","407,000.00","407,000.00","104.89","Canada","-","CAD","7.38","1.00","Sep 4, 2035","5.61","CAD","Sep 2, 2005"
"SUCN","SUNCOR ENERGY INC MTN","Energy","Fixed Income","429,070.52","0.02","429,070.52","410,000.00","410,000.00","103.51","Canada","-","CAD","3.68","1.00","Apr 9, 2030","5.00","CAD","Apr 9, 2020"
"ENBCN","ENBRIDGE INC MTN","Energy","Fixed Income","425,204.53","0.02","425,204.53","394,000.00","394,000.00","107.20","Canada","-","CAD","7.60","1.00","Nov 14, 2035","5.57","CAD","Nov 14, 2005"
"WAACA","WINNIPEG AIRPORTS AUTHORITY INC","Infrastructure","Fixed Income","410,549.25","0.01","410,549.25","500,000.00","500,000.00","81.19","Canada","-","CAD","13.75","1.00","Sep 30, 2047","3.66","CAD","Sep 29, 2017"
"ITSPCH","INTEGRATED TEAM SOLUTIONS PCH PART","Infrastructure","Fixed Income","408,100.09","0.01","408,100.09","415,609.00","415,609.00","97.78","Canada","-","CAD","8.28","1.00","May 31, 2046","4.88","CAD","Nov 29, 2013"
"TORHYD","TORONTO HYDRO CORPORATION","Infrastructure","Fixed Income","375,326.86","0.01","375,326.86","440,000.00","440,000.00","84.40","Canada","-","CAD","17.29","1.00","Apr 9, 2063","3.96","CAD","Apr 9, 2013"
"CUCN","CU INC MTN","Energy","Fixed Income","363,743.83","0.01","363,743.83","333,000.00","333,000.00","108.70","Canada","-","CAD","9.01","1.00","May 26, 2038","5.58","CAD","May 26, 2008"
"CUCN","CU INC MTN","Energy","Fixed Income","350,390.55","0.01","350,390.55","421,000.00","421,000.00","82.06","Canada","-","CAD","17.28","1.00","Sep 11, 2062","3.83","CAD","Sep 10, 2012"
"GWOCN","CANADA LIFE ASSURANCE CO","Financial","Fixed Income","337,528.19","0.01","337,528.19","310,000.00","310,000.00","108.53","Canada","-","CAD","2.70","1.00","Dec 11, 2028","6.40","CAD","Dec 11, 1999"
"GE","GE CAPITAL CAN FUNDING MTN","Financial","Fixed Income","336,746.56","0.01","336,746.56","333,000.00","333,000.00","100.03","United States","-","CAD","8.45","1.00","Oct 22, 2037","5.73","CAD","Oct 22, 2007"
"FTSCN","FORTISALBERTA INC MTN","Infrastructure","Fixed Income","334,562.80","0.01","334,562.80","320,000.00","320,000.00","102.08","Canada","-","CAD","12.62","1.00","Jan 3, 2047","4.99","CAD","Jan 3, 2007"
"FTSCN","FORTISALBERTA INC","Infrastructure","Fixed Income","329,644.72","0.01","329,644.72","376,000.00","376,000.00","86.92","Canada","-","CAD","15.25","1.00","Oct 23, 2052","3.98","CAD","Oct 23, 2012"
"CAAIAU","CALGARY AIRPORT AUTHORITY","Infrastructure","Fixed Income","314,062.99","0.01","314,062.99","357,447.00","357,447.00","86.99","Canada","-","CAD","12.60","1.00","Oct 7, 2061","3.75","CAD","Oct 7, 2021"
"CUCN","CU INC MTN","Energy","Fixed Income","284,059.32","0.01","284,059.32","237,000.00","237,000.00","117.81","Canada","-","CAD","9.03","1.00","Mar 7, 2039","6.50","CAD","Mar 6, 2009"
"VANAFF","VANCOUVER AIRPORT FUEL FACILITIES","Infrastructure","Fixed Income","279,935.43","0.01","279,935.43","278,891.00","278,891.00","100.00","Canada","-","CAD","10.94","1.00","Jun 4, 2065","5.06","CAD","Jun 4, 2025"
"GRASOL","GRAND RENEWABLE SOLAR LP 144A","Energy","Fixed Income","279,663.93","0.01","279,663.93","280,163.00","280,163.00","98.18","Canada","-","CAD","4.12","1.00","Jan 31, 2035","3.93","CAD","Jun 9, 2016"
"ERAA","EDMONTON REGIONAL AIRPORTS AUTHORI","Infrastructure","Fixed Income","275,286.88","0.01","275,286.88","318,740.00","318,740.00","85.95","Canada","-","CAD","9.83","1.00","May 20, 2051","3.71","CAD","May 20, 2021"
"ALTALK","ALTALINK LP MTN","Infrastructure","Fixed Income","269,637.12","0.01","269,637.12","300,000.00","300,000.00","89.59","Canada","-","CAD","17.30","1.00","Jun 6, 2064","4.27","CAD","Jun 6, 2014"
"MONPOR","MONTREAL PORT AUTHORITY","Infrastructure","Fixed Income","264,932.86","0.01","264,932.86","350,000.00","350,000.00","74.81","Canada","-","CAD","15.32","1.00","Mar 22, 2051","3.24","CAD","Mar 22, 2021"
"ACICN","TRISUMMIT UTILITIES INC MTN","Energy","Fixed Income","261,744.95","0.01","261,744.95","255,000.00","255,000.00","100.65","Canada","-","CAD","13.78","1.00","Aug 15, 2052","5.28","CAD","Aug 15, 2022"
"FTSCN","TERASEN GAS VANCOUVER ISLAND INC","Energy","Fixed Income","260,105.05","0.01","260,105.05","250,000.00","250,000.00","103.69","Canada","-","CAD","10.35","1.00","Dec 6, 2040","5.20","CAD","Dec 6, 2010"
"ERAA","EDMONTON REGIONAL AIRPORTS AUTHORI","Infrastructure","Fixed Income","230,709.76","0.01","230,709.76","211,631.00","211,631.00","107.83","Canada","-","CAD","2.48","1.00","Nov 1, 2030","7.21","CAD","Oct 31, 2000"
"IGMCN","INVESTORS GROUP INC.","Financial","Fixed Income","224,035.22","0.01","224,035.22","210,000.00","210,000.00","106.36","Canada","-","CAD","1.84","1.00","Dec 13, 2027","6.65","CAD","Dec 12, 1997"
"WAACA","WINNIPEG AIRPORTS AUTHORITY INC","Infrastructure","Fixed Income","199,057.95","0.01","199,057.95","275,000.00","275,000.00","71.14","Canada","-","CAD","15.36","1.00","Feb 3, 2051","3.04","CAD","Feb 4, 2021"
"EDGHWY","407 EAST DEVELOPMENT GROUP GENERAL","Infrastructure","Fixed Income","193,699.20","0.01","193,699.20","193,139.00","193,139.00","100.19","Canada","-","CAD","6.30","1.00","Jun 23, 2045","4.47","CAD","May 18, 2012"
"HYOHI","HYDRO OTTAWA HOLDING INC","Infrastructure","Fixed Income","175,900.33","0.01","175,900.33","198,000.00","198,000.00","88.32","Canada","-","CAD","11.94","1.00","May 14, 2043","3.99","CAD","May 14, 2013"
"BCECN","BELL CANADA","Communication","Fixed Income","172,388.47","0.01","172,388.47","160,000.00","160,000.00","105.86","Canada","-","CAD","1.61","1.00","Sep 24, 2027","7.00","CAD","Sep 24, 1997"
"ENBGAS","ENBRIDGE GAS INC MTN","Energy","Fixed Income","169,416.84","0.01","169,416.84","150,000.00","150,000.00","112.69","Canada","-","CAD","6.38","1.00","Dec 16, 2033","6.16","CAD","Dec 16, 2003"
"EPCOR","EPCOR UTILITIES","Infrastructure","Fixed Income","166,527.88","0.01","166,527.88","150,000.00","150,000.00","110.96","Canada","-","CAD","3.14","1.00","Jun 28, 2029","6.80","CAD","Jun 28, 1999"
"ENBPIP","ENBRIDGE PIPELINES INC MTN","Energy","Fixed Income","157,448.21","0.01","157,448.21","145,000.00","145,000.00","108.23","Canada","-","CAD","3.10","1.00","Jun 11, 2029","6.50","CAD","Jun 11, 1999"
"NAVCAN","NAV CANADA","Infrastructure","Fixed Income","146,850.21","0.01","146,850.21","138,232.00","138,232.00","103.73","Canada","-","CAD","0.64","1.00","Mar 1, 2027","7.56","CAD","Mar 24, 1997"
"GZMCN","GAZ METRO INC","Energy","Fixed Income","133,036.54","0.00","133,036.54","165,000.00","165,000.00","79.88","Canada","-","CAD","13.89","1.00","Oct 9, 2046","3.28","CAD","Oct 6, 2016"
"FTSCN","TERASEN GAS INC MTN","Energy","Fixed Income","127,441.06","0.00","127,441.06","115,000.00","115,000.00","109.34","Canada","-","CAD","8.07","1.00","Sep 25, 2036","5.55","CAD","Sep 25, 2006"
"ENBGAS","ENBRIDGE GAS INC MTN","Energy","Fixed Income","107,200.03","0.00","107,200.03","100,000.00","100,000.00","106.14","Canada","-","CAD","1.73","1.00","Nov 3, 2027","6.65","CAD","Nov 3, 1997"
"TRPCN","TRANSCANADA PIPELINES EXT TO LONG MTN","Energy","Fixed Income","96,655.07","0.00","96,655.07","90,000.00","90,000.00","104.01","Canada","-","CAD","0.98","1.00","Jan 15, 2027","7.31","CAD","Dec 5, 1996"
"FTSCN","FORTISALBERTA INC MTN","Infrastructure","Fixed Income","83,032.63","0.00","83,032.63","90,000.00","90,000.00","91.21","Canada","-","CAD","12.41","1.00","Sep 29, 2044","4.11","CAD","Sep 29, 2014"
"CAD","CAD CASH","Cash and/or Derivatives","Cash","79,833.76","0.00","79,833.76","79,834.00","79,834.00","100.00","Canada","-","CAD","0.00","1.00","-","0.00","CAD","Jan 1, 1989"
"FTSCN","TERASEN GAS INC MTN","Energy","Fixed Income","79,599.73","0.00","79,599.73","70,000.00","70,000.00","111.79","Canada","-","CAD","3.27","1.00","Sep 21, 2029","6.95","CAD","Sep 21, 1999"
"GZMCN","GAZ METRO INC","Energy","Fixed Income","69,915.84","0.00","69,915.84","65,000.00","65,000.00","106.73","Canada","-","CAD","1.76","1.00","Nov 19, 2027","7.20","CAD","Nov 19, 1996"
"GZMCN","GAZ METROPOLITAN AND CO","Energy","Fixed Income","51,744.87","0.00","51,744.87","45,000.00","45,000.00","113.94","Canada","-","CAD","6.24","1.00","Oct 31, 2033","6.30","CAD","Oct 31, 2003"
"MICCN","SAGEN MI CANADA INC","Financial","Fixed Income","47,777.55","0.00","47,777.55","50,000.00","50,000.00","94.22","Canada","-","CAD","4.09","1.00","Mar 24, 2081","4.95","CAD","Mar 23, 2021"
"ALACN","ALTAGAS LTD MTN","Energy","Fixed Income","43,597.56","0.00","43,597.56","45,000.00","45,000.00","95.68","Canada","-","CAD","12.69","1.00","Oct 4, 2047","4.99","CAD","Oct 4, 2017"
"BCECN","BELL CANADA INC MTN","Communication","Fixed Income","43,015.59","0.00","43,015.59","51,000.00","51,000.00","83.18","Canada","-","CAD","14.33","1.00","Mar 17, 2051","4.05","CAD","Mar 17, 2021"
"LCN","LOBLAW CO LTD MTN","Industrial","Fixed Income","32,085.31","0.00","32,085.31","30,000.00","30,000.00","105.99","Canada","-","CAD","1.74","1.00","Nov 8, 2027","6.65","CAD","Nov 7, 1997"
"HALFX","HALIFAX INTERNATIONAL AIRPORT AUTH","Infrastructure","Fixed Income","20,037.20","0.00","20,037.20","25,000.00","25,000.00","79.56","Canada","-","CAD","14.88","1.00","May 3, 2051","3.68","CAD","May 3, 2021"
"GWOCN","CANADA LIFE CAP TRUST","Financial","Fixed Income","17,736.66","0.00","17,736.66","15,000.00","15,000.00","118.24","Canada","-","CAD","5.86","1.00","Jun 30, 2052","7.53","CAD","Mar 14, 2002"
"ENBPIP","ENBRIDGE PIPE LINES INC","Energy","Fixed Income","10,876.41","0.00","10,876.41","10,000.00","10,000.00","106.43","Canada","-","CAD","2.80","1.00","Feb 12, 2029","6.05","CAD","Feb 12, 1999"
 