Fund Holdings as of,"Apr 30, 2026"
 
Ticker,Name,Sector,Asset Class,Market Value,Weight (%),Notional Value,Shares,Par Value,Price,Location,Exchange,Currency,Duration,FX Rate,Maturity,Coupon (%),Market Currency,Effective Date
"RY","ROYAL BANK OF CANADA RegS","Financial","Fixed Income","17,174,349.71","0.53","17,174,349.71","17,143,000.00","17,143,000.00","98.79","Canada","-","CAD","4.12","1.00","Dec 9, 2031","3.57","CAD","Dec 9, 2025"
"BNS","BANK OF NOVA SCOTIA RegS","Financial","Fixed Income","16,882,604.06","0.53","16,882,604.06","16,845,000.00","16,845,000.00","98.83","Canada","-","CAD","4.24","1.00","Jan 30, 2032","3.62","CAD","Dec 10, 2025"
"TD","TORONTO-DOMINION BANK/THE","Financial","Fixed Income","16,623,829.41","0.52","16,623,829.41","16,574,000.00","16,574,000.00","99.18","Canada","-","CAD","4.20","1.00","Jan 9, 2032","3.69","CAD","Jan 9, 2026"
"CM","CANADIAN IMPERIAL BANK OF COMMERCE","Financial","Fixed Income","15,167,199.93","0.47","15,167,199.93","15,155,000.00","15,155,000.00","99.01","Canada","-","CAD","4.20","1.00","Jan 13, 2032","3.65","CAD","Jan 13, 2026"
"BNS","BANK OF NOVA SCOTIA","Financial","Fixed Income","13,709,997.27","0.43","13,709,997.27","13,587,000.00","13,587,000.00","99.64","Canada","-","CAD","3.74","1.00","Jun 27, 2031","3.73","CAD","Mar 27, 2025"
"TD","TORONTO-DOMINION BANK/THE","Financial","Fixed Income","13,206,161.26","0.41","13,206,161.26","12,850,000.00","12,850,000.00","101.04","Canada","-","CAD","1.04","1.00","Jun 1, 2027","4.21","CAD","Jun 1, 2022"
"RY","ROYAL BANK OF CANADA","Financial","Fixed Income","13,173,294.78","0.41","13,173,294.78","12,605,000.00","12,605,000.00","102.22","Canada","-","CAD","1.87","1.00","May 1, 2028","4.63","CAD","Apr 20, 2023"
"BMO","BANK OF MONTREAL","Financial","Fixed Income","12,958,177.00","0.40","12,958,177.00","12,487,000.00","12,487,000.00","101.92","Canada","-","CAD","1.44","1.00","Dec 7, 2027","4.71","CAD","Dec 7, 2022"
"TD","TORONTO-DOMINION BANK/THE","Financial","Fixed Income","12,865,275.92","0.40","12,865,275.92","12,347,000.00","12,347,000.00","102.76","Canada","-","CAD","2.49","1.00","Jan 8, 2029","4.68","CAD","Dec 7, 2022"
"BMO","BANK OF MONTREAL","Financial","Fixed Income","12,284,407.03","0.38","12,284,407.03","12,240,000.00","12,240,000.00","99.84","Canada","-","CAD","1.77","1.00","Mar 1, 2028","3.19","CAD","Mar 1, 2018"
"BMO","BANK OF MONTREAL","Financial","Fixed Income","12,238,883.37","0.38","12,238,883.37","11,897,000.00","11,897,000.00","101.10","Canada","-","CAD","0.96","1.00","Jun 1, 2027","4.31","CAD","Jun 1, 2022"
"TD","TORONTO-DOMINION BANK/THE RegS","Financial","Fixed Income","12,185,833.81","0.38","12,185,833.81","12,250,000.00","12,250,000.00","98.97","Canada","-","CAD","3.96","1.00","Sep 10, 2031","3.61","CAD","Sep 10, 2025"
"RY","ROYAL BANK OF CANADA","Financial","Fixed Income","11,818,567.76","0.37","11,818,567.76","11,725,000.00","11,725,000.00","100.44","Canada","-","CAD","2.70","1.00","Mar 27, 2030","3.83","CAD","Mar 27, 2026"
"TD","TORONTO-DOMINION BANK/THE","Financial","Fixed Income","11,225,809.84","0.35","11,225,809.84","11,036,000.00","11,036,000.00","100.12","Canada","-","CAD","3.66","1.00","May 29, 2031","3.84","CAD","May 29, 2025"
"TD","TORONTO-DOMINION BANK/THE RegS","Financial","Fixed Income","11,097,451.62","0.35","11,097,451.62","10,774,000.00","10,774,000.00","101.75","Canada","-","CAD","1.63","1.00","Jan 18, 2028","4.48","CAD","Jan 18, 2023"
"BMO","BANK OF MONTREAL","Financial","Fixed Income","10,667,874.23","0.33","10,667,874.23","10,154,000.00","10,154,000.00","102.96","Canada","-","CAD","1.86","1.00","May 29, 2028","5.04","CAD","May 29, 2023"
"BMO","BANK OF MONTREAL","Financial","Fixed Income","10,575,123.09","0.33","10,575,123.09","10,170,000.00","10,170,000.00","102.33","Canada","-","CAD","2.38","1.00","Dec 18, 2028","4.54","CAD","Dec 18, 2023"
"RY","ROYAL BANK OF CANADA","Financial","Fixed Income","10,444,454.07","0.33","10,444,454.07","10,158,000.00","10,158,000.00","101.63","Canada","-","CAD","1.19","1.00","Jul 26, 2027","4.61","CAD","Jul 25, 2022"
"BMO","BANK OF MONTREAL","Financial","Fixed Income","10,428,378.07","0.32","10,428,378.07","10,075,000.00","10,075,000.00","102.26","Canada","-","CAD","2.89","1.00","Jul 17, 2029","4.42","CAD","Jul 17, 2024"
"TD","TORONTO-DOMINION BANK/THE RegS","Financial","Fixed Income","10,347,388.13","0.32","10,347,388.13","10,046,000.00","10,046,000.00","102.87","Canada","-","CAD","1.42","1.00","Oct 21, 2027","5.38","CAD","Oct 21, 2022"
"BNS","BANK OF NOVA SCOTIA","Financial","Fixed Income","10,247,241.17","0.32","10,247,241.17","9,857,000.00","9,857,000.00","102.83","Canada","-","CAD","2.56","1.00","Feb 1, 2029","4.68","CAD","Feb 1, 2024"
"RY","ROYAL BANK OF CANADA","Financial","Fixed Income","10,136,473.25","0.32","10,136,473.25","9,970,000.00","9,970,000.00","100.27","Canada","-","CAD","1.54","1.00","Dec 10, 2028","3.63","CAD","Dec 10, 2024"
"BMO","BANK OF MONTREAL","Financial","Fixed Income","10,088,485.32","0.31","10,088,485.32","10,193,000.00","10,193,000.00","98.41","Canada","-","CAD","4.35","1.00","Mar 3, 2032","3.54","CAD","Mar 3, 2026"
"RY","ROYAL BANK OF CANADA RegS","Financial","Fixed Income","10,049,099.28","0.31","10,049,099.28","9,880,000.00","9,880,000.00","100.64","Canada","-","CAD","3.79","1.00","Jul 22, 2031","3.98","CAD","Jul 22, 2025"
"RY","ROYAL BANK OF CANADA","Financial","Fixed Income","10,031,282.05","0.31","10,031,282.05","9,706,000.00","9,706,000.00","102.04","Canada","-","CAD","1.63","1.00","Jan 17, 2028","4.64","CAD","Jan 17, 2023"
"CM","CANADIAN IMPERIAL BANK OF COMMERCE","Financial","Fixed Income","9,925,572.60","0.31","9,925,572.60","9,592,000.00","9,592,000.00","101.82","Canada","-","CAD","1.03","1.00","Jun 29, 2027","4.95","CAD","Jun 29, 2022"
"TD","TORONTO-DOMINION BANK/THE","Financial","Fixed Income","9,893,973.93","0.31","9,893,973.93","9,718,000.00","9,718,000.00","100.55","Canada","-","CAD","4.93","1.00","Jan 9, 2033","4.13","CAD","Jan 9, 2025"
"RY","ROYAL BANK OF CANADA RegS","Financial","Fixed Income","9,723,561.02","0.30","9,723,561.02","9,625,000.00","9,625,000.00","99.73","Canada","-","CAD","1.99","1.00","Jun 12, 2029","3.41","CAD","Jun 10, 2025"
"BNS","BANK OF NOVA SCOTIA","Financial","Fixed Income","9,506,894.42","0.30","9,506,894.42","9,298,000.00","9,298,000.00","100.52","Canada","-","CAD","1.46","1.00","Nov 15, 2028","3.81","CAD","Oct 18, 2024"
"CM","CANADIAN IMPERIAL BANK OF COMMERCE","Financial","Fixed Income","9,167,110.67","0.29","9,167,110.67","9,140,000.00","9,140,000.00","100.01","Canada","-","CAD","2.73","1.00","Apr 2, 2030","3.70","CAD","Apr 2, 2026"
"RY","ROYAL BANK OF CANADA RegS","Financial","Fixed Income","9,144,078.39","0.28","9,144,078.39","8,811,000.00","8,811,000.00","103.40","Canada","-","CAD","2.71","1.00","Apr 3, 2034","5.10","CAD","Apr 2, 2024"
"TD","TORONTO-DOMINION BANK/THE","Financial","Fixed Income","8,999,355.35","0.28","8,999,355.35","8,556,000.00","8,556,000.00","104.38","Canada","-","CAD","2.20","1.00","Sep 8, 2028","5.49","CAD","Sep 8, 2023"
"NACN","NATIONAL BANK OF CANADA","Financial","Fixed Income","8,896,056.30","0.28","8,896,056.30","8,438,000.00","8,438,000.00","103.48","Canada","-","CAD","1.97","1.00","Jun 14, 2028","5.22","CAD","Jun 14, 2023"
"CM","CANADIAN IMPERIAL BANK OF COMMERCE","Financial","Fixed Income","8,795,578.94","0.27","8,795,578.94","8,575,000.00","8,575,000.00","102.25","Canada","-","CAD","1.31","1.00","Oct 7, 2027","5.05","CAD","Oct 7, 2022"
"BNS","BANK OF NOVA SCOTIA","Financial","Fixed Income","8,683,992.07","0.27","8,683,992.07","8,645,000.00","8,645,000.00","99.71","Canada","-","CAD","1.69","1.00","Feb 2, 2028","3.10","CAD","Feb 2, 2018"
"TD","TORONTO-DOMINION BANK/THE MTN","Financial","Fixed Income","8,672,720.68","0.27","8,672,720.68","8,343,000.00","8,343,000.00","103.65","Canada","-","CAD","2.69","1.00","Apr 9, 2034","5.18","CAD","Apr 9, 2024"
"GS","GOLDMAN SACHS GROUP INC/THE RegS","Financial","Fixed Income","8,613,700.34","0.27","8,613,700.34","8,715,000.00","8,715,000.00","98.28","United States","-","CAD","5.11","1.00","Mar 5, 2032","3.64","CAD","Mar 5, 2026"
"CM","CANADIAN IMPERIAL BANK OF COMMERCE","Financial","Fixed Income","8,553,844.58","0.27","8,553,844.58","8,421,000.00","8,421,000.00","100.11","Canada","-","CAD","3.28","1.00","Dec 10, 2030","3.80","CAD","Dec 10, 2024"
"HLTHQC","HEALTH MONTREAL COLLECTIVE LP 144A","Infrastructure","Fixed Income","8,470,869.36","0.26","8,470,869.36","7,179,933.00","7,179,933.00","117.43","Canada","-","CAD","9.41","1.00","Sep 30, 2049","6.72","CAD","Jun 10, 2011"
"RCICN","ROGERS COMMS INC","Communication","Fixed Income","8,180,636.73","0.25","8,180,636.73","6,878,000.00","6,878,000.00","115.76","Canada","-","CAD","8.95","1.00","Nov 9, 2039","6.75","CAD","Apr 3, 2023"
"TD","TORONTO-DOMINION BANK/THE RegS","Financial","Fixed Income","8,069,336.09","0.25","8,069,336.09","8,037,000.00","8,037,000.00","100.23","Canada","-","CAD","2.76","1.00","Apr 13, 2030","3.77","CAD","Apr 13, 2026"
"RY","ROYAL BANK OF CANADA MTN RegS","Financial","Fixed Income","8,024,351.16","0.25","8,024,351.16","7,742,000.00","7,742,000.00","102.44","Canada","-","CAD","1.66","1.00","Feb 1, 2033","5.01","CAD","Jan 31, 2023"
"ENBCN","ENBRIDGE INC","Energy","Fixed Income","8,001,911.08","0.25","8,001,911.08","7,842,000.00","7,842,000.00","101.54","Canada","-","CAD","1.32","1.00","Sep 27, 2077","5.38","CAD","Sep 26, 2017"
"CCDJ","FEDERATION DES CAISSES DESJARDINS","Financial","Fixed Income","7,987,182.69","0.25","7,987,182.69","7,980,000.00","7,980,000.00","99.03","Canada","-","CAD","4.66","1.00","Jul 16, 2031","3.71","CAD","Jan 16, 2026"
"BNS","BANK OF NOVA SCOTIA","Financial","Fixed Income","7,801,327.48","0.24","7,801,327.48","7,831,000.00","7,831,000.00","99.62","Canada","-","CAD","2.81","1.00","May 1, 2030","3.58","CAD","May 1, 2026"
"BNS","BANK OF NOVA SCOTIA","Financial","Fixed Income","7,755,453.11","0.24","7,755,453.11","7,884,000.00","7,884,000.00","97.68","Canada","-","CAD","1.46","1.00","Nov 1, 2027","1.40","CAD","Oct 15, 2020"
"NEE","NEXTERA ENERGY CAPITAL HOLDINGS IN","Energy","Fixed Income","7,568,867.22","0.24","7,568,867.22","7,362,000.00","7,362,000.00","101.03","United States","-","CAD","7.22","1.00","Jun 12, 2035","4.67","CAD","Jun 12, 2025"
"NACN","NATIONAL BANK OF CANADA","Financial","Fixed Income","7,502,117.40","0.23","7,502,117.40","7,149,000.00","7,149,000.00","103.73","Canada","-","CAD","2.55","1.00","Feb 1, 2029","5.02","CAD","Dec 7, 2023"
"TD","TORONTO-DOMINION BANK/THE","Financial","Fixed Income","7,480,683.06","0.23","7,480,683.06","7,418,000.00","7,418,000.00","100.85","Canada","-","CAD","3.22","1.00","Oct 31, 2030","4.00","CAD","Oct 31, 2024"
"C","CITIGROUP INC","Financial","Fixed Income","7,430,273.34","0.23","7,430,273.34","7,235,000.00","7,235,000.00","100.85","United States","-","CAD","3.66","1.00","Jun 3, 2035","4.55","CAD","Jun 3, 2025"
"TD","TORONTO-DOMINION BANK/THE","Financial","Fixed Income","7,333,496.64","0.23","7,333,496.64","7,320,000.00","7,320,000.00","99.73","Canada","-","CAD","4.41","1.00","Apr 7, 2032","3.86","CAD","Mar 18, 2026"
"BMO","BANK OF MONTREAL","Financial","Fixed Income","7,327,588.78","0.23","7,327,588.78","7,240,000.00","7,240,000.00","99.70","Canada","-","CAD","3.68","1.00","Jun 3, 2031","3.73","CAD","Jun 3, 2025"
"TRPCN","TRANSCANADA TRUST","Energy","Fixed Income","7,256,741.33","0.23","7,256,741.33","7,064,000.00","7,064,000.00","100.65","Canada","-","CAD","0.98","1.00","May 18, 2077","4.65","CAD","May 18, 2017"
"RY","ROYAL BANK OF CANADA RegS","Financial","Fixed Income","7,121,138.35","0.22","7,121,138.35","7,048,000.00","7,048,000.00","100.90","Canada","-","CAD","3.19","1.00","Oct 17, 2030","4.00","CAD","Oct 17, 2024"
"RY","ROYAL BANK OF CANADA","Financial","Fixed Income","7,058,590.00","0.22","7,058,590.00","6,925,000.00","6,925,000.00","100.93","Canada","-","CAD","3.43","1.00","Feb 4, 2035","4.28","CAD","Jan 29, 2025"
"CM","CANADIAN IMPERIAL BANK OF COMMERCE","Financial","Fixed Income","7,022,895.77","0.22","7,022,895.77","6,909,000.00","6,909,000.00","100.25","Canada","-","CAD","3.70","1.00","Jun 20, 2031","3.90","CAD","Jun 20, 2025"
"CM","CANADIAN IMPERIAL BANK OF COMMERCE","Financial","Fixed Income","6,929,581.96","0.22","6,929,581.96","6,815,000.00","6,815,000.00","100.27","Canada","-","CAD","1.53","1.00","Dec 10, 2028","3.65","CAD","Dec 10, 2024"
"BCECN","BELL CANADA MTN","Communication","Fixed Income","6,897,632.69","0.21","6,897,632.69","6,205,000.00","6,205,000.00","108.42","Canada","-","CAD","5.20","1.00","Nov 10, 2032","5.85","CAD","Nov 10, 2022"
"CCDJ","FEDERATION DES CAISSES DESJARDINS","Financial","Fixed Income","6,805,823.64","0.21","6,805,823.64","6,365,000.00","6,365,000.00","104.47","Canada","-","CAD","2.26","1.00","Nov 17, 2028","5.47","CAD","Nov 17, 2023"
"TRPCN","TRANSCANADA PIPELINES LTD MTN RegS","Energy","Fixed Income","6,717,967.38","0.21","6,717,967.38","6,287,000.00","6,287,000.00","105.34","Canada","-","CAD","3.61","1.00","Jul 15, 2030","5.28","CAD","Mar 10, 2023"
"CVECN","CENOVUS ENERGY INC","Energy","Fixed Income","6,574,430.26","0.20","6,574,430.26","6,532,000.00","6,532,000.00","99.86","Canada","-","CAD","1.68","1.00","Feb 7, 2028","3.50","CAD","Aug 7, 2020"
"CM","CANADIAN IMPERIAL BANK OF COMMERCE","Financial","Fixed Income","6,570,760.46","0.20","6,570,760.46","6,265,000.00","6,265,000.00","103.28","Canada","-","CAD","1.53","1.00","Jan 14, 2028","5.50","CAD","Jul 14, 2023"
"RY","ROYAL BANK OF CANADA MTN RegS","Financial","Fixed Income","6,563,002.36","0.20","6,563,002.36","6,320,000.00","6,320,000.00","102.77","Canada","-","CAD","2.99","1.00","Aug 8, 2034","4.83","CAD","Jul 29, 2024"
"RY","ROYAL BANK OF CANADA","Financial","Fixed Income","6,548,856.05","0.20","6,548,856.05","6,072,000.00","6,072,000.00","106.03","Canada","-","CAD","3.68","1.00","Jun 24, 2030","5.23","CAD","Jun 23, 2023"
"BNS","BANK OF NOVA SCOTIA","Financial","Fixed Income","6,360,668.05","0.20","6,360,668.05","6,396,000.00","6,396,000.00","99.45","Canada","-","CAD","5.95","1.00","May 1, 2034","4.09","CAD","May 1, 2026"
"RY","ROYAL BANK OF CANADA MTN RegS","Financial","Fixed Income","6,326,171.01","0.20","6,326,171.01","6,202,000.00","6,202,000.00","100.54","Canada","-","CAD","3.74","1.00","Jul 3, 2035","4.57","CAD","Jul 3, 2025"
"BNS","BANK OF NOVA SCOTIA","Financial","Fixed Income","6,311,150.37","0.20","6,311,150.37","6,128,000.00","6,128,000.00","100.97","Canada","-","CAD","6.78","1.00","Nov 15, 2035","4.44","CAD","Oct 18, 2024"
"ATH","ATHENE GLOBAL FUNDING MTN RegS","Financial","Fixed Income","6,270,496.80","0.20","6,270,496.80","6,220,000.00","6,220,000.00","99.04","United States","-","CAD","3.66","1.00","May 23, 2030","4.09","CAD","May 23, 2025"
"PLD","PROLOGIS LP RegS","Real Estate","Fixed Income","6,262,825.87","0.20","6,262,825.87","6,340,000.00","6,340,000.00","98.75","United States","-","CAD","6.73","1.00","May 15, 2034","4.25","CAD","Apr 27, 2026"
"RY","ROYAL BANK OF CANADA RegS","Financial","Fixed Income","6,250,020.62","0.19","6,250,020.62","6,292,000.00","6,292,000.00","99.32","Canada","-","CAD","7.83","1.00","May 1, 2037","4.37","CAD","Apr 29, 2026"
"CM","CANADIAN IMPERIAL BANK OF COMMERCE","Financial","Fixed Income","6,233,954.72","0.19","6,233,954.72","5,923,000.00","5,923,000.00","103.74","Canada","-","CAD","2.49","1.00","Jan 16, 2034","5.30","CAD","Jan 16, 2024"
"T","AT&T INC","Communication","Fixed Income","6,226,787.96","0.19","6,226,787.96","6,267,000.00","6,267,000.00","98.75","United States","-","CAD","7.82","1.00","Mar 12, 2036","4.50","CAD","Mar 12, 2026"
"BMO","BANK OF MONTREAL MTN RegS","Financial","Fixed Income","6,198,215.65","0.19","6,198,215.65","6,153,000.00","6,153,000.00","100.11","Canada","-","CAD","3.52","1.00","Mar 5, 2035","4.08","CAD","Mar 5, 2025"
"CCDJ","FEDERATION DES CAISSES DESJARDINS RegS","Financial","Fixed Income","6,176,576.25","0.19","6,176,576.25","6,062,000.00","6,062,000.00","100.77","Canada","-","CAD","3.40","1.00","Jan 24, 2035","4.26","CAD","Jan 24, 2025"
"BNS","BANK OF NOVA SCOTIA","Financial","Fixed Income","6,137,291.90","0.19","6,137,291.90","6,095,000.00","6,095,000.00","100.33","Canada","-","CAD","3.13","1.00","Sep 26, 2030","3.84","CAD","Sep 26, 2024"
"BMO","BANK OF MONTREAL RegS","Financial","Fixed Income","6,127,527.66","0.19","6,127,527.66","5,782,000.00","5,782,000.00","105.08","Canada","-","CAD","2.19","1.00","Sep 7, 2033","6.03","CAD","Sep 7, 2023"
"CP","CANADIAN PACIFIC RAILWAY COMPANY","Industrial","Fixed Income","6,119,663.94","0.19","6,119,663.94","6,186,000.00","6,186,000.00","98.50","Canada","-","CAD","1.77","1.00","Feb 28, 2028","2.54","CAD","Nov 24, 2021"
"CCDJ","FEDERATION DES CAISSES DESJARDINS","Financial","Fixed Income","6,115,042.92","0.19","6,115,042.92","6,065,000.00","6,065,000.00","100.44","Canada","-","CAD","3.16","1.00","Sep 24, 2029","3.80","CAD","Sep 24, 2024"
"MFCCN","MANULIFE FINANCIAL CORP RegS","Financial","Fixed Income","6,085,828.01","0.19","6,085,828.01","5,850,000.00","5,850,000.00","103.28","Canada","-","CAD","1.74","1.00","Mar 10, 2033","5.41","CAD","Mar 10, 2023"
"ENBCN","ENBRIDGE INC MTN","Energy","Fixed Income","6,053,350.26","0.19","6,053,350.26","5,986,000.00","5,986,000.00","99.87","Canada","-","CAD","1.05","1.00","Jun 8, 2027","3.20","CAD","Jun 8, 2017"
"CM","CANADIAN IMPERIAL BANK OF COMMERCE","Financial","Fixed Income","5,918,990.89","0.18","5,918,990.89","5,885,000.00","5,885,000.00","100.26","Canada","-","CAD","3.59","1.00","Apr 2, 2035","4.15","CAD","Apr 2, 2025"
"BCECN","BELL CANADA MTN RegS","Communication","Fixed Income","5,873,992.96","0.18","5,873,992.96","5,681,000.00","5,681,000.00","102.40","Canada","-","CAD","3.36","1.00","Feb 9, 2030","4.55","CAD","Feb 9, 2023"
"TD","TORONTO-DOMINION BANK/THE RegS","Financial","Fixed Income","5,768,454.90","0.18","5,768,454.90","5,931,000.00","5,931,000.00","97.00","Canada","-","CAD","2.29","1.00","Sep 11, 2028","1.90","CAD","Sep 10, 2021"
"RY","ROYAL BANK OF CANADA MTN","Financial","Fixed Income","5,690,566.04","0.18","5,690,566.04","5,710,000.00","5,710,000.00","99.65","Canada","-","CAD","4.50","1.00","May 5, 2036","4.14","CAD","Apr 29, 2026"
"BCECN","BELL CANADA MTN RegS","Communication","Fixed Income","5,683,185.36","0.18","5,683,185.36","5,415,000.00","5,415,000.00","104.04","Canada","-","CAD","6.64","1.00","Aug 24, 2034","5.15","CAD","May 24, 2024"
"MFCCN","MANULIFE FINANCIAL CORP","Financial","Fixed Income","5,682,971.80","0.18","5,682,971.80","5,452,000.00","5,452,000.00","103.32","Canada","-","CAD","2.57","1.00","Feb 23, 2034","5.05","CAD","Feb 23, 2024"
"TCN","TELUS CORPORATION","Communication","Fixed Income","5,664,153.94","0.18","5,664,153.94","5,262,000.00","5,262,000.00","105.25","Canada","-","CAD","5.32","1.00","Nov 15, 2032","5.25","CAD","Sep 13, 2022"
"WEMALL","ORIGINAL WEMPI INC","Real Estate","Fixed Income","5,655,697.02","0.18","5,655,697.02","5,365,000.00","5,365,000.00","104.86","Canada","-","CAD","1.13","1.00","Oct 4, 2027","7.79","CAD","Oct 4, 2023"
"TRPCN","TRANSCANADA PIPELINES LTD MTN","Energy","Fixed Income","5,635,243.17","0.18","5,635,243.17","5,610,000.00","5,610,000.00","99.39","Canada","-","CAD","4.00","1.00","Feb 15, 2056","5.20","CAD","Aug 14, 2025"
"BCECN","BELL CANADA INC MTN","Communication","Fixed Income","5,621,280.14","0.18","5,621,280.14","5,811,000.00","5,811,000.00","96.37","Canada","-","CAD","4.47","1.00","Mar 17, 2031","3.00","CAD","Mar 17, 2021"
"TD","TORONTO-DOMINION BANK/THE RegS","Financial","Fixed Income","5,616,604.76","0.17","5,616,604.76","5,735,000.00","5,735,000.00","97.66","Canada","-","CAD","1.80","1.00","Mar 8, 2028","1.89","CAD","Mar 8, 2021"
"HYDONE","HYDRO ONE INC MTN","Infrastructure","Fixed Income","5,592,233.03","0.17","5,592,233.03","5,532,000.00","5,532,000.00","99.38","Canada","-","CAD","6.36","1.00","Nov 21, 2033","3.90","CAD","Nov 21, 2025"
"TRPCN","TRANSCANADA PIPELINES LTD MTN","Energy","Fixed Income","5,537,335.22","0.17","5,537,335.22","5,460,000.00","5,460,000.00","100.55","Canada","-","CAD","7.12","1.00","Feb 20, 2035","4.58","CAD","Feb 20, 2025"
"CCDJ","FEDERATION DES CAISSES DESJARDINS","Financial","Fixed Income","5,524,328.74","0.17","5,524,328.74","5,580,000.00","5,580,000.00","98.39","Canada","-","CAD","4.36","1.00","Mar 3, 2036","3.86","CAD","Mar 3, 2026"
"BNCN","BROOKFIELD FINANCE II INC RegS","Industrial","Fixed Income","5,447,519.43","0.17","5,447,519.43","5,037,000.00","5,037,000.00","106.11","Canada","-","CAD","5.36","1.00","Dec 14, 2032","5.43","CAD","Dec 14, 2022"
"HYDONE","HYDRO ONE INC MTN","Infrastructure","Fixed Income","5,444,468.80","0.17","5,444,468.80","5,344,000.00","5,344,000.00","100.53","Canada","-","CAD","7.08","1.00","Jan 4, 2035","4.25","CAD","Aug 20, 2024"
"ENBCN","ENBRIDGE INC RegS","Energy","Fixed Income","5,425,649.55","0.17","5,425,649.55","5,365,000.00","5,365,000.00","99.24","Canada","-","CAD","3.84","1.00","Dec 17, 2055","5.15","CAD","Sep 17, 2025"
"COAGAS","COASTAL GASLINK PIPELINE LP","Energy","Fixed Income","5,388,155.70","0.17","5,388,155.70","4,895,000.00","4,895,000.00","109.59","Canada","-","CAD","12.37","1.00","Mar 30, 2049","5.86","CAD","Jun 13, 2024"
"CM","CANADIAN IMPERIAL BANK OF COMMERCE","Financial","Fixed Income","5,348,603.81","0.17","5,348,603.81","5,107,000.00","5,107,000.00","102.86","Canada","-","CAD","2.84","1.00","Jun 12, 2034","4.90","CAD","Jun 12, 2024"
"COAGAS","COASTAL GASLINK PIPELINE LP","Energy","Fixed Income","5,341,502.18","0.17","5,341,502.18","4,780,000.00","4,780,000.00","109.81","Canada","-","CAD","12.29","1.00","Jun 30, 2049","5.86","CAD","Jun 13, 2024"
"RCICN","ROGERS COMMUNICATIONS INC RegS","Communication","Fixed Income","5,339,551.93","0.17","5,339,551.93","4,875,000.00","4,875,000.00","108.88","Canada","-","CAD","5.91","1.00","Sep 21, 2033","5.90","CAD","Sep 21, 2023"
"PLEPCL","PLENARY PCL HEALTH HIEP LP","Infrastructure","Fixed Income","5,307,973.30","0.17","5,307,973.30","5,388,216.00","5,388,216.00","96.90","Canada","-","CAD","12.57","1.00","Jun 30, 2060","4.91","CAD","Feb 14, 2025"
"SLFCN","SUN LIFE FINANCIAL INC","Financial","Fixed Income","5,301,441.22","0.17","5,301,441.22","5,347,000.00","5,347,000.00","97.92","Canada","-","CAD","2.41","1.00","Nov 21, 2033","2.80","CAD","Nov 18, 2021"
"CCDJ","FEDERATION DES CAISSES DESJARDINS","Financial","Fixed Income","5,194,231.69","0.16","5,194,231.69","5,048,000.00","5,048,000.00","101.99","Canada","-","CAD","1.26","1.00","Aug 23, 2032","5.04","CAD","Aug 23, 2022"
"NACN","NATIONAL BANK OF CANADA","Financial","Fixed Income","5,131,675.02","0.16","5,131,675.02","5,120,000.00","5,120,000.00","99.19","Canada","-","CAD","3.39","1.00","Jan 13, 2031","3.54","CAD","Jan 13, 2026"
"RCICN","ROGERS COMMUNICATIONS INC","Communication","Fixed Income","5,128,281.08","0.16","5,128,281.08","5,115,000.00","5,115,000.00","100.11","Canada","-","CAD","2.74","1.00","Apr 15, 2029","3.75","CAD","Mar 11, 2022"
"QBRCN","VIDEOTRON LTD RegS","Communication","Fixed Income","5,123,468.30","0.16","5,123,468.30","5,210,000.00","5,210,000.00","98.18","Canada","-","CAD","5.63","1.00","Oct 15, 2032","3.95","CAD","Nov 20, 2025"
"NACN","NATIONAL BANK OF CANADA","Financial","Fixed Income","5,122,794.09","0.16","5,122,794.09","5,095,000.00","5,095,000.00","99.87","Canada","-","CAD","1.24","1.00","Aug 15, 2028","3.31","CAD","Jun 4, 2025"
"NACN","NATIONAL BANK OF CANADA MTN","Financial","Fixed Income","5,120,092.31","0.16","5,120,092.31","5,040,000.00","5,040,000.00","100.73","Canada","-","CAD","3.46","1.00","Feb 15, 2035","4.26","CAD","Jan 13, 2025"
"T","AT&T INC","Communication","Fixed Income","5,115,946.17","0.16","5,115,946.17","5,180,000.00","5,180,000.00","98.06","United States","-","CAD","14.56","1.00","Mar 12, 2056","5.25","CAD","Mar 12, 2026"
"RY","ROYAL BANK OF CANADA","Financial","Fixed Income","5,092,715.39","0.16","5,092,715.39","5,015,000.00","5,015,000.00","101.39","Canada","-","CAD","6.86","1.00","Oct 17, 2035","4.46","CAD","Oct 17, 2024"
"PACLIF","PACIFIC LIFE GLOBAL FUNDING II RegS","Financial","Fixed Income","5,083,899.87","0.16","5,083,899.87","5,020,000.00","5,020,000.00","100.23","United States","-","CAD","5.41","1.00","Jul 29, 2032","4.20","CAD","Jul 29, 2025"
"BNS","BANK OF NOVA SCOTIA","Financial","Fixed Income","5,074,280.80","0.16","5,074,280.80","4,868,000.00","4,868,000.00","103.04","Canada","-","CAD","2.97","1.00","Aug 1, 2034","4.95","CAD","Jun 18, 2024"
"CCDJ","FEDERATION DES CAISSES DESJARDINS RegS","Financial","Fixed Income","5,069,798.97","0.16","5,069,798.97","4,769,000.00","4,769,000.00","103.91","Canada","-","CAD","2.75","1.00","May 15, 2034","5.28","CAD","May 15, 2024"
"TD","TORONTO-DOMINION BANK/THE RegS","Financial","Fixed Income","5,050,259.05","0.16","5,050,259.05","4,920,000.00","4,920,000.00","102.32","Canada","-","CAD","2.73","1.00","Apr 2, 2029","4.23","CAD","Mar 20, 2024"
"TD","TORONTO-DOMINION BANK/THE MTN","Financial","Fixed Income","5,026,517.22","0.16","5,026,517.22","4,940,000.00","4,940,000.00","100.73","Canada","-","CAD","3.43","1.00","Feb 1, 2035","4.23","CAD","Jan 31, 2025"
"SLFCN","SUN LIFE FINANCIAL INC MTN RegS","Financial","Fixed Income","5,017,931.14","0.16","5,017,931.14","4,990,000.00","4,990,000.00","98.71","Canada","-","CAD","7.57","1.00","Dec 3, 2040","4.56","CAD","Dec 3, 2025"
"NYLIFE","NEW YORK LIFE GLOBAL FUNDING RegS","Financial","Fixed Income","5,007,715.56","0.16","5,007,715.56","4,955,000.00","4,955,000.00","99.60","United States","-","CAD","5.33","1.00","Jun 17, 2032","4.00","CAD","Jun 17, 2025"
"BMO","BANK OF MONTREAL","Financial","Fixed Income","4,986,143.70","0.16","4,986,143.70","4,762,000.00","4,762,000.00","103.11","Canada","-","CAD","2.88","1.00","Jul 3, 2034","4.98","CAD","Jul 3, 2024"
"RCICN","ROGERS COMMUNICATIONS INC","Communication","Fixed Income","4,965,363.83","0.15","4,965,363.83","4,947,000.00","4,947,000.00","100.20","Canada","-","CAD","5.19","1.00","Apr 15, 2032","4.25","CAD","Mar 11, 2022"
"NWRWPT","NORTH WEST REDWATER PARTNERSHIP","Energy","Fixed Income","4,964,024.57","0.15","4,964,024.57","5,141,000.00","5,141,000.00","95.41","Canada","-","CAD","4.64","1.00","Jun 1, 2031","2.80","CAD","Jun 30, 2021"
"TD","TORONTO-DOMINION BANK/THE","Financial","Fixed Income","4,959,483.37","0.15","4,959,483.37","4,913,000.00","4,913,000.00","100.95","Canada","-","CAD","6.90","1.00","Oct 31, 2035","4.42","CAD","Oct 31, 2024"
"BNS","BANK OF NOVA SCOTIA RegS","Financial","Fixed Income","4,957,496.26","0.15","4,957,496.26","4,697,000.00","4,697,000.00","104.19","Canada","-","CAD","2.10","1.00","Aug 2, 2033","5.68","CAD","Jun 12, 2023"
"MFCCN","MANULIFE FINANCIAL CORP","Financial","Fixed Income","4,956,565.86","0.15","4,956,565.86","4,860,000.00","4,860,000.00","100.37","Canada","-","CAD","3.25","1.00","Dec 6, 2034","4.06","CAD","Dec 6, 2024"
"SLFCN","SUN LIFE FINANCIAL INC RegS","Financial","Fixed Income","4,906,646.51","0.15","4,906,646.51","4,930,000.00","4,930,000.00","98.98","Canada","-","CAD","5.18","1.00","Sep 13, 2037","4.14","CAD","Sep 11, 2025"
"ATDBCN","ALIMENTATION COUCHE-TARD INC","Industrial","Fixed Income","4,903,867.68","0.15","4,903,867.68","4,580,000.00","4,580,000.00","106.52","Canada","-","CAD","3.78","1.00","Sep 25, 2030","5.59","CAD","Sep 25, 2023"
"RCICN","ROGERS COMMUNICATIONS INC RegS","Communication","Fixed Income","4,895,203.01","0.15","4,895,203.01","4,657,000.00","4,657,000.00","104.49","Canada","-","CAD","2.16","1.00","Sep 21, 2028","5.70","CAD","Sep 21, 2023"
"MFCCN","MANULIFE FINANCIAL CORP","Financial","Fixed Income","4,894,966.28","0.15","4,894,966.28","5,035,000.00","5,035,000.00","95.92","Canada","-","CAD","3.68","1.00","May 13, 2035","2.82","CAD","May 12, 2020"
"NACN","NATIONAL BANK OF CANADA","Financial","Fixed Income","4,869,193.06","0.15","4,869,193.06","4,950,000.00","4,950,000.00","98.28","Canada","-","CAD","4.07","1.00","Oct 21, 2031","3.44","CAD","Oct 21, 2025"
"HYDONE","HYDRO ONE INC MTN","Infrastructure","Fixed Income","4,850,533.03","0.15","4,850,533.03","4,807,000.00","4,807,000.00","98.90","Canada","-","CAD","14.80","1.00","Nov 30, 2054","4.85","CAD","Nov 30, 2023"
"ENBCN","ENBRIDGE INC MTN","Energy","Fixed Income","4,849,417.82","0.15","4,849,417.82","4,835,000.00","4,835,000.00","99.32","Canada","-","CAD","14.19","1.00","Aug 22, 2054","5.32","CAD","Aug 22, 2024"
"CCDJ","FEDERATION DES CAISSES DESJARDINS","Financial","Fixed Income","4,847,216.16","0.15","4,847,216.16","4,698,000.00","4,698,000.00","101.22","Canada","-","CAD","1.01","1.00","May 19, 2027","4.41","CAD","May 19, 2022"
"GS","GOLDMAN SACHS GROUP INC/THE RegS","Financial","Fixed Income","4,835,844.79","0.15","4,835,844.79","4,930,000.00","4,930,000.00","97.42","United States","-","CAD","8.39","1.00","Mar 5, 2037","4.34","CAD","Mar 5, 2026"
"ENBCN","ENBRIDGE INC MTN","Energy","Fixed Income","4,737,954.10","0.15","4,737,954.10","4,190,000.00","4,190,000.00","110.20","Canada","-","CAD","5.16","1.00","Nov 9, 2032","6.10","CAD","Nov 9, 2022"
"NYLIFE","NEW YORK LIFE GLOBAL FUNDING RegS","Financial","Fixed Income","4,723,756.40","0.15","4,723,756.40","4,730,000.00","4,730,000.00","99.87","United States","-","CAD","6.06","1.00","May 9, 2033","4.18","CAD","May 7, 2026"
"ENBCN","ENBRIDGE INC MTN","Energy","Fixed Income","4,723,267.71","0.15","4,723,267.71","4,803,000.00","4,803,000.00","98.12","Canada","-","CAD","3.22","1.00","Oct 3, 2029","2.99","CAD","Oct 3, 2019"
"BCECN","BELL TELEPHONE COMPANY OF CANADA O MTN","Communication","Fixed Income","4,705,877.31","0.15","4,705,877.31","4,653,000.00","4,653,000.00","100.43","Canada","-","CAD","2.09","1.00","Aug 21, 2028","3.80","CAD","Aug 21, 2018"
"HYDONE","HYDRO ONE INC MTN","Infrastructure","Fixed Income","4,705,431.57","0.15","4,705,431.57","4,527,000.00","4,527,000.00","102.69","Canada","-","CAD","1.65","1.00","Jan 27, 2028","4.91","CAD","Oct 27, 2022"
"RCICN","ROGERS COMMUNICATIONS INC","Communication","Fixed Income","4,702,510.08","0.15","4,702,510.08","4,784,000.00","4,784,000.00","98.08","Canada","-","CAD","13.79","1.00","Apr 15, 2052","5.25","CAD","Mar 11, 2022"
"F","FORD CREDIT CANADA CO RegS","Financial","Fixed Income","4,679,272.86","0.15","4,679,272.86","4,600,000.00","4,600,000.00","101.06","United States","-","CAD","2.22","1.00","Sep 11, 2028","4.82","CAD","Sep 11, 2025"
"RCICN","ROGERS COMMUNICATIONS INC.","Communication","Fixed Income","4,673,138.81","0.15","4,673,138.81","4,220,000.00","4,220,000.00","109.67","Canada","-","CAD","9.52","1.00","Aug 25, 2040","6.11","CAD","Aug 25, 2010"
"ACAFP","CREDIT AGRICOLE SA RegS","Financial","Fixed Income","4,638,940.34","0.14","4,638,940.34","4,675,000.00","4,675,000.00","99.06","France","-","CAD","4.04","1.00","Oct 15, 2035","4.19","CAD","Oct 15, 2025"
"ENBCN","ENBRIDGE INC MTN","Energy","Fixed Income","4,622,200.37","0.14","4,622,200.37","4,931,000.00","4,931,000.00","93.40","Canada","-","CAD","6.49","1.00","Sep 21, 2033","3.10","CAD","Sep 21, 2021"
"TCN","TELUS CORPORATION","Communication","Fixed Income","4,605,112.72","0.14","4,605,112.72","4,568,000.00","4,568,000.00","99.19","Canada","-","CAD","2.76","1.00","May 2, 2029","3.30","CAD","Apr 3, 2019"
"BNCN","BROOKFIELD FINANCE II INC MTN RegS","Industrial","Fixed Income","4,573,609.88","0.14","4,573,609.88","4,470,000.00","4,470,000.00","100.25","Canada","-","CAD","14.24","1.00","Dec 11, 2055","5.40","CAD","Dec 11, 2025"
"SLFCN","SUN LIFE FINANCIAL INC MTN","Financial","Fixed Income","4,561,342.02","0.14","4,561,342.02","4,539,000.00","4,539,000.00","99.28","Canada","-","CAD","0.96","1.00","May 10, 2032","2.58","CAD","May 8, 2020"
"FTSCN","FORTIS INC RegS","Infrastructure","Fixed Income","4,552,638.17","0.14","4,552,638.17","4,484,000.00","4,484,000.00","99.47","Canada","-","CAD","3.81","1.00","Dec 4, 2055","5.10","CAD","Sep 4, 2025"
"CUCN","CU INC","Energy","Fixed Income","4,537,384.49","0.14","4,537,384.49","4,941,000.00","4,941,000.00","91.17","Canada","-","CAD","12.34","1.00","Sep 2, 2044","4.09","CAD","Sep 5, 2014"
"TRPCN","TRANSCANADA PIPELINES LTD MTN","Energy","Fixed Income","4,502,340.51","0.14","4,502,340.51","4,549,000.00","4,549,000.00","96.70","Canada","-","CAD","14.37","1.00","Nov 19, 2055","5.13","CAD","Nov 19, 2025"
"NACN","NATIONAL BANK OF CANADA","Financial","Fixed Income","4,487,635.85","0.14","4,487,635.85","4,449,000.00","4,449,000.00","99.87","Canada","-","CAD","2.08","1.00","Jul 17, 2029","3.52","CAD","Jul 17, 2025"
"THPMCN","TRILLIUM M PROJECT CO GENERAL PART","Infrastructure","Fixed Income","4,426,749.84","0.14","4,426,749.84","4,400,000.00","4,400,000.00","100.61","Canada","-","CAD","14.41","1.00","Oct 31, 2062","5.19","CAD","Jul 10, 2025"
"BCECN","BELL CANADA INC","Communication","Fixed Income","4,414,134.80","0.14","4,414,134.80","4,562,000.00","4,562,000.00","95.61","Canada","-","CAD","3.76","1.00","May 14, 2030","2.50","CAD","May 14, 2020"
"CM","CANADIAN IMPERIAL BANK OF COMMERCE","Financial","Fixed Income","4,397,878.99","0.14","4,397,878.99","4,215,000.00","4,215,000.00","102.88","Canada","-","CAD","1.63","1.00","Jan 20, 2033","5.33","CAD","Jan 20, 2023"
"HTHROW","HEATHROW FUNDING LTD RegS","Infrastructure","Fixed Income","4,379,592.64","0.14","4,379,592.64","4,290,000.00","4,290,000.00","100.97","United Kingdom","-","CAD","8.53","1.00","Aug 6, 2037","4.90","CAD","Aug 6, 2025"
"TCN","TELUS CORPORATION","Communication","Fixed Income","4,379,206.84","0.14","4,379,206.84","4,191,000.00","4,191,000.00","102.70","Canada","-","CAD","2.36","1.00","Dec 15, 2028","4.80","CAD","Feb 15, 2024"
"TRPCN","TRANSCANADA PIPELINES LTD MTN","Energy","Fixed Income","4,377,717.74","0.14","4,377,717.74","4,579,000.00","4,579,000.00","93.53","Canada","-","CAD","10.63","1.00","Nov 15, 2041","4.55","CAD","Nov 15, 2011"
"RY","ROYAL BANK OF CANADA","Financial","Fixed Income","4,368,187.65","0.14","4,368,187.65","4,472,000.00","4,472,000.00","97.23","Canada","-","CAD","2.18","1.00","Jul 31, 2028","1.83","CAD","Jul 29, 2021"
"COAGAS","COASTAL GASLINK PIPELINE LP","Energy","Fixed Income","4,337,767.07","0.14","4,337,767.07","4,030,000.00","4,030,000.00","107.16","Canada","-","CAD","12.44","1.00","Mar 30, 2047","5.61","CAD","Jun 13, 2024"
"TCN","TELUS CORPORATION","Communication","Fixed Income","4,314,782.72","0.13","4,314,782.72","3,960,000.00","3,960,000.00","108.12","Canada","-","CAD","5.90","1.00","Sep 8, 2033","5.75","CAD","Sep 8, 2023"
"PPLCN","PEMBINA PIPELINE CORP MTN RegS","Energy","Fixed Income","4,295,444.40","0.13","4,295,444.40","4,073,000.00","4,073,000.00","103.78","Canada","-","CAD","13.75","1.00","Jan 12, 2054","5.67","CAD","Jan 12, 2024"
"TCN","TELUS CORPORATION","Communication","Fixed Income","4,294,832.48","0.13","4,294,832.48","4,483,000.00","4,483,000.00","95.47","Canada","-","CAD","11.61","1.00","Apr 5, 2044","4.85","CAD","Apr 4, 2014"
"ENBCN","ENBRIDGE INC MTN RegS","Energy","Fixed Income","4,264,780.54","0.13","4,264,780.54","4,335,000.00","4,335,000.00","97.63","Canada","-","CAD","7.83","1.00","Feb 26, 2036","4.35","CAD","Feb 26, 2026"
"ENBCN","ENBRIDGE INC MTN","Energy","Fixed Income","4,225,002.87","0.13","4,225,002.87","4,180,000.00","4,180,000.00","100.39","Canada","-","CAD","3.49","1.00","Feb 25, 2030","3.90","CAD","Feb 25, 2025"
"CM","CANADIAN IMPERIAL BANK OF COMMERCE","Financial","Fixed Income","4,218,906.23","0.13","4,218,906.23","4,085,000.00","4,085,000.00","103.13","Canada","-","CAD","1.87","1.00","Apr 20, 2033","5.35","CAD","Apr 20, 2023"
"BCECN","BELL CANADA MTN RegS","Communication","Fixed Income","4,212,662.02","0.13","4,212,662.02","4,047,000.00","4,047,000.00","102.90","Canada","-","CAD","13.76","1.00","Aug 11, 2053","5.60","CAD","Aug 11, 2023"
"COAGAS","COASTAL GASLINK PIPELINE LP","Energy","Fixed Income","4,202,996.96","0.13","4,202,996.96","3,857,000.00","3,857,000.00","107.11","Canada","-","CAD","11.34","1.00","Jun 30, 2044","5.61","CAD","Jun 13, 2024"
"DOLCN","DOLLARAMA INC RegS","Industrial","Fixed Income","4,192,280.98","0.13","4,192,280.98","4,135,000.00","4,135,000.00","99.96","Canada","-","CAD","4.14","1.00","Dec 16, 2030","3.85","CAD","Jun 16, 2025"
"BCECN","BELL TELEPHONE COMPANY OF CANADA O MTN","Communication","Fixed Income","4,180,619.21","0.13","4,180,619.21","4,156,000.00","4,156,000.00","100.28","Canada","-","CAD","1.30","1.00","Sep 29, 2027","3.60","CAD","Sep 29, 2017"
"LCN","LOBLAW COMPANIES LTD","Industrial","Fixed Income","4,178,391.04","0.13","4,178,391.04","4,115,000.00","4,115,000.00","99.92","Canada","-","CAD","7.32","1.00","Jun 16, 2035","4.39","CAD","Dec 16, 2025"
"IPLCN","INTER PIPELINE LTD RegS","Energy","Fixed Income","4,162,800.35","0.13","4,162,800.35","3,660,000.00","3,660,000.00","112.29","Canada","-","CAD","6.00","1.00","Feb 9, 2034","6.59","CAD","Nov 9, 2023"
"IPLCN","INTER PIPELINE LTD RegS","Energy","Fixed Income","4,135,981.32","0.13","4,135,981.32","3,815,000.00","3,815,000.00","106.04","Canada","-","CAD","3.45","1.00","May 29, 2030","5.71","CAD","May 29, 2023"
"SLFCN","SUN LIFE FINANCIAL INC","Financial","Fixed Income","4,125,507.01","0.13","4,125,507.01","3,854,000.00","3,854,000.00","104.72","Canada","-","CAD","4.32","1.00","May 15, 2036","5.12","CAD","May 15, 2024"
"CNRCN","CANADIAN NATIONAL RAILWAY COMPANY","Industrial","Fixed Income","4,112,031.55","0.13","4,112,031.55","4,190,000.00","4,190,000.00","95.94","Canada","-","CAD","14.44","1.00","May 10, 2053","4.70","CAD","May 10, 2023"
"TCN","TELUS CORPORATION RegS","Communication","Fixed Income","4,108,824.78","0.13","4,108,824.78","4,265,000.00","4,265,000.00","95.03","Canada","-","CAD","5.00","1.00","Nov 13, 2031","2.85","CAD","Jun 28, 2021"
"IPLCN","INTER PIPELINE LTD","Energy","Fixed Income","4,099,336.05","0.13","4,099,336.05","4,076,000.00","4,076,000.00","98.87","Canada","-","CAD","4.86","1.00","Nov 25, 2031","3.98","CAD","Nov 25, 2021"
"TRPCN","TRANSCANADA PIPELINES LTD MTN","Energy","Fixed Income","4,096,210.16","0.13","4,096,210.16","4,641,000.00","4,641,000.00","87.73","Canada","-","CAD","13.11","1.00","Sep 16, 2047","4.33","CAD","Sep 15, 2017"
"TRPCN","TRANSCANADA PIPELINES LTD MTN","Energy","Fixed Income","4,093,319.06","0.13","4,093,319.06","4,704,000.00","4,704,000.00","86.84","Canada","-","CAD","13.78","1.00","Oct 15, 2049","4.34","CAD","Apr 10, 2019"
"MET","METROPOLITAN LIFE GLOBAL FUNDING I MTN RegS","Financial","Fixed Income","4,082,120.36","0.13","4,082,120.36","4,035,000.00","4,035,000.00","99.52","United States","-","CAD","6.01","1.00","Jun 6, 2033","4.15","CAD","Jun 4, 2025"
"ENBCN","ENBRIDGE INC 60NC10 RegS","Energy","Fixed Income","4,058,600.15","0.13","4,058,600.15","3,330,000.00","3,330,000.00","119.34","Canada","-","CAD","5.58","1.00","Jan 15, 2084","8.75","CAD","Sep 29, 2023"
"ENBCN","ENBRIDGE INC","Energy","Fixed Income","4,008,703.87","0.12","4,008,703.87","3,973,000.00","3,973,000.00","99.50","Canada","-","CAD","4.66","1.00","Jan 19, 2082","5.00","CAD","Jan 19, 2022"
"RY","ROYAL BANK OF CANADA","Financial","Fixed Income","3,993,535.57","0.12","3,993,535.57","4,083,000.00","4,083,000.00","97.39","Canada","-","CAD","1.70","1.00","Jan 28, 2033","1.67","CAD","Jan 28, 2021"
"ENBPIP","ENBRIDGE PIPELINES INC MTN","Energy","Fixed Income","3,992,740.75","0.12","3,992,740.75","3,974,000.00","3,974,000.00","99.83","Canada","-","CAD","2.60","1.00","Feb 22, 2029","3.52","CAD","Feb 22, 2019"
"MCD","MCDONALDS CORPORATION","Industrial","Fixed Income","3,986,561.61","0.12","3,986,561.61","3,952,000.00","3,952,000.00","100.11","United States","-","CAD","5.46","1.00","Aug 21, 2032","4.11","CAD","Aug 21, 2025"
"GTAAIR","GREATER TORONTO AIRPORTS AUTHORITY MTN","Infrastructure","Fixed Income","3,959,546.21","0.12","3,959,546.21","3,675,000.00","3,675,000.00","106.81","Canada","-","CAD","10.26","1.00","Feb 25, 2041","5.30","CAD","Feb 23, 2011"
"OMERS","OMERS REALTY CORP","Real Estate","Fixed Income","3,958,619.51","0.12","3,958,619.51","3,947,000.00","3,947,000.00","100.06","Canada","-","CAD","1.34","1.00","Oct 4, 2027","3.24","CAD","Oct 2, 2017"
"ENBCN","ENBRIDGE INC MTN","Energy","Fixed Income","3,957,658.29","0.12","3,957,658.29","3,853,000.00","3,853,000.00","101.85","Canada","-","CAD","6.74","1.00","Aug 22, 2034","4.73","CAD","Aug 22, 2024"
"FFHCN","FAIRFAX FINANCIAL HOLDINGS LTD","Financial","Fixed Income","3,956,079.41","0.12","3,956,079.41","3,950,000.00","3,950,000.00","99.53","Canada","-","CAD","4.31","1.00","Mar 3, 2031","3.95","CAD","Mar 1, 2021"
"ONTPOW","ONTARIO POWER GENERATION INC MTN","Energy","Fixed Income","3,934,581.91","0.12","3,934,581.91","3,732,000.00","3,732,000.00","103.80","Canada","-","CAD","6.57","1.00","Jun 28, 2034","4.83","CAD","Jun 28, 2024"
"PLD","PROLOGIS LP","Real Estate","Fixed Income","3,933,075.31","0.12","3,933,075.31","3,915,000.00","3,915,000.00","99.61","United States","-","CAD","5.79","1.00","Feb 15, 2033","4.20","CAD","Feb 4, 2025"
"TRPCN","TRANSCANADA PIPELINES LTD","Energy","Fixed Income","3,928,144.01","0.12","3,928,144.01","3,940,000.00","3,940,000.00","98.72","Canada","-","CAD","4.40","1.00","Aug 20, 2056","5.13","CAD","Feb 20, 2026"
"TCN","TELUS CORPORATION","Communication","Fixed Income","3,908,149.67","0.12","3,908,149.67","3,768,000.00","3,768,000.00","102.75","Canada","-","CAD","4.57","1.00","Aug 13, 2031","4.65","CAD","Aug 13, 2024"
"EQIX","EQUINIX CANADA FINANCING LTD","Real Estate","Fixed Income","3,893,048.28","0.12","3,893,048.28","3,915,000.00","3,915,000.00","97.72","United States","-","CAD","5.60","1.00","Nov 15, 2032","4.00","CAD","Nov 24, 2025"
"BCECN","BELL CANADA MTN RegS","Communication","Fixed Income","3,891,029.18","0.12","3,891,029.18","3,715,000.00","3,715,000.00","104.08","Canada","-","CAD","2.59","1.00","Mar 15, 2029","5.25","CAD","Nov 14, 2023"
"MET","METROPOLITAN LIFE GLOBAL FUNDING I RegS","Financial","Fixed Income","3,863,838.22","0.12","3,863,838.22","3,860,000.00","3,860,000.00","98.92","United States","-","CAD","5.77","1.00","Jan 12, 2033","4.00","CAD","Jan 12, 2026"
"NACN","NATIONAL BANK OF CANADA MTN","Financial","Fixed Income","3,862,442.36","0.12","3,862,442.36","3,799,000.00","3,799,000.00","100.79","Canada","-","CAD","3.87","1.00","Aug 15, 2035","4.33","CAD","Jun 26, 2025"
"ONTPOW","ONTARIO POWER GENERATION INC MTN","Energy","Fixed Income","3,858,138.00","0.12","3,858,138.00","3,909,000.00","3,909,000.00","98.51","Canada","-","CAD","3.64","1.00","Apr 8, 2030","3.21","CAD","Apr 8, 2020"
"CUCN","CANADIAN UTILITIES LTD RegS","Energy","Fixed Income","3,843,533.45","0.12","3,843,533.45","3,810,000.00","3,810,000.00","98.95","Canada","-","CAD","7.18","1.00","Dec 22, 2055","5.45","CAD","Sep 22, 2025"
"KEYCN","KEYERA CORP RegS","Energy","Fixed Income","3,834,531.52","0.12","3,834,531.52","3,875,000.00","3,875,000.00","98.74","Canada","-","CAD","14.51","1.00","Oct 15, 2055","5.31","CAD","Sep 29, 2025"
"IPLCN","INTER PIPELINE LTD","Energy","Fixed Income","3,830,699.99","0.12","3,830,699.99","3,660,000.00","3,660,000.00","103.53","Canada","-","CAD","1.62","1.00","Feb 17, 2028","5.76","CAD","Nov 17, 2022"
"PPLCN","PEMBINA PIPELINE CORP RegS","Energy","Fixed Income","3,815,513.13","0.12","3,815,513.13","3,570,000.00","3,570,000.00","105.12","Canada","-","CAD","5.80","1.00","Jun 28, 2033","5.22","CAD","Jun 28, 2024"
"NACN","NATIONAL BANK OF CANADA","Financial","Fixed Income","3,813,658.28","0.12","3,813,658.28","3,814,000.00","3,814,000.00","99.82","Canada","-","CAD","2.77","1.00","Apr 13, 2030","3.63","CAD","Apr 13, 2026"
"BCECN","BELL TELEPHONE COMPANY OF CANADA O MTN RegS","Communication","Fixed Income","3,790,014.99","0.12","3,790,014.99","3,769,000.00","3,769,000.00","100.18","Canada","-","CAD","5.88","1.00","Mar 30, 2033","4.40","CAD","Mar 30, 2026"
"CHPUCN","CHOICE PROPERTIES REAL ESTATE INVE","Real Estate","Fixed Income","3,784,212.11","0.12","3,784,212.11","3,753,000.00","3,753,000.00","99.48","Canada","-","CAD","2.85","1.00","Jun 11, 2029","3.53","CAD","Jun 11, 2019"
"CNRCN","CANADIAN NATIONAL RAILWAY COMPANY","Industrial","Fixed Income","3,771,486.27","0.12","3,771,486.27","3,583,000.00","3,583,000.00","103.00","Canada","-","CAD","2.67","1.00","May 2, 2029","4.60","CAD","May 2, 2024"
"OXPROP","OXFORD PROPERTIES GROUP TRUST RegS","Real Estate","Fixed Income","3,770,585.82","0.12","3,770,585.82","3,756,000.00","3,756,000.00","98.73","Canada","-","CAD","4.09","1.00","Nov 13, 2030","3.60","CAD","Nov 13, 2025"
"GLENLN","GLENCORE FINANCE CANADA LTD RegS","Industrial","Fixed Income","3,765,676.47","0.12","3,765,676.47","3,815,000.00","3,815,000.00","98.49","Switzerland","-","CAD","5.61","1.00","Oct 10, 2032","4.04","CAD","Oct 10, 2025"
"TRPCN","TRANSCANADA PIPELINES LTD","Energy","Fixed Income","3,751,718.41","0.12","3,751,718.41","3,458,000.00","3,458,000.00","106.03","Canada","-","CAD","4.93","1.00","May 12, 2032","5.33","CAD","May 12, 2022"
"FTSCN","FORTIS INC RegS","Infrastructure","Fixed Income","3,745,018.74","0.12","3,745,018.74","3,720,000.00","3,720,000.00","100.28","Canada","-","CAD","5.18","1.00","Mar 26, 2032","4.09","CAD","Mar 26, 2025"
"CHPUCN","CHOICE PROPERTIES REAL ESTATE INVE","Real Estate","Fixed Income","3,744,491.40","0.12","3,744,491.40","3,682,000.00","3,682,000.00","101.09","Canada","-","CAD","1.58","1.00","Mar 8, 2028","4.18","CAD","Mar 8, 2018"
"NWRWPT","NORTH WEST REDWATER PARTNERSHIP /","Energy","Fixed Income","3,734,982.10","0.12","3,734,982.10","3,709,000.00","3,709,000.00","99.55","Canada","-","CAD","1.05","1.00","Jun 1, 2027","2.80","CAD","May 19, 2017"
"ENBCN","ENBRIDGE INC","Energy","Fixed Income","3,731,546.80","0.12","3,731,546.80","3,563,000.00","3,563,000.00","104.40","Canada","-","CAD","1.83","1.00","Apr 12, 2078","6.63","CAD","Apr 12, 2018"
"BNS","SCOTIABANK CAPITAL TRUST","Financial","Fixed Income","3,708,759.42","0.12","3,708,759.42","3,452,000.00","3,452,000.00","105.58","Canada","-","CAD","9.62","1.00","Dec 31, 2056","5.65","CAD","Sep 28, 2006"
"BRUPOW","BRUCE POWER LP RegS","Energy","Fixed Income","3,701,024.92","0.12","3,701,024.92","3,690,000.00","3,690,000.00","98.57","Canada","-","CAD","7.62","1.00","Dec 21, 2035","4.41","CAD","Dec 8, 2025"
"BRUPOW","BRUCE POWER LP RegS","Energy","Fixed Income","3,697,480.92","0.12","3,697,480.92","3,690,000.00","3,690,000.00","98.68","Canada","-","CAD","7.03","1.00","Dec 21, 2034","4.27","CAD","Dec 12, 2024"
"CPXCN","CAPITAL POWER CORP MTN","Energy","Fixed Income","3,691,628.90","0.11","3,691,628.90","3,564,000.00","3,564,000.00","102.99","Canada","-","CAD","4.65","1.00","Sep 16, 2031","4.83","CAD","Sep 16, 2024"
"FFHCN","FAIRFAX FINANCIAL HOLDINGS LTD","Financial","Fixed Income","3,646,353.81","0.11","3,646,353.81","3,775,000.00","3,775,000.00","95.57","Canada","-","CAD","14.47","1.00","Aug 16, 2055","5.10","CAD","Aug 14, 2025"
"TCN","TELUS CORPORATION","Communication","Fixed Income","3,642,041.73","0.11","3,642,041.73","3,614,000.00","3,614,000.00","100.18","Canada","-","CAD","1.67","1.00","Mar 1, 2028","3.63","CAD","Mar 1, 2018"
"PPLCN","PEMBINA PIPELINE CORP RegS","Energy","Fixed Income","3,633,404.92","0.11","3,633,404.92","3,628,000.00","3,628,000.00","99.88","Canada","-","CAD","2.69","1.00","Apr 3, 2029","3.62","CAD","Apr 3, 2019"
"PPLCN","PEMBINA PIPELINE CORP MTN","Energy","Fixed Income","3,632,265.57","0.11","3,632,265.57","3,926,000.00","3,926,000.00","92.06","Canada","-","CAD","12.98","1.00","Mar 26, 2048","4.75","CAD","Mar 26, 2018"
"QBRCN","VIDEOTRON LTD RegS","Communication","Fixed Income","3,622,783.43","0.11","3,622,783.43","3,480,000.00","3,480,000.00","102.77","Canada","-","CAD","2.88","1.00","Jul 15, 2029","4.65","CAD","Jun 21, 2024"
"NEE","NEXTERA ENERGY CAPITAL HOLDINGS IN","Energy","Fixed Income","3,616,316.28","0.11","3,616,316.28","3,565,000.00","3,565,000.00","99.98","United States","-","CAD","3.72","1.00","Jun 12, 2030","3.83","CAD","Jun 12, 2025"
"MASSMU","MASSMUTUAL GLOBAL FUNDING II MTN RegS","Financial","Fixed Income","3,600,944.24","0.11","3,600,944.24","3,560,000.00","3,560,000.00","99.96","United States","-","CAD","5.38","1.00","Jul 15, 2032","4.13","CAD","Jul 15, 2025"
"NWRWPT","NORTH WEST REDWATER PARTNERSHIP /","Energy","Fixed Income","3,586,046.67","0.11","3,586,046.67","3,739,000.00","3,739,000.00","94.41","Canada","-","CAD","7.48","1.00","Jun 1, 2035","3.65","CAD","May 19, 2017"
"CP","CANADIAN PACIFIC RAILWAY COMPANY","Industrial","Fixed Income","3,582,314.84","0.11","3,582,314.84","3,535,000.00","3,535,000.00","100.05","Canada","-","CAD","7.71","1.00","Jan 13, 2036","4.40","CAD","Jun 13, 2025"
"NACN","NATIONAL BANK OF CANADA","Financial","Fixed Income","3,581,586.48","0.11","3,581,586.48","3,459,000.00","3,459,000.00","102.46","Canada","-","CAD","1.24","1.00","Aug 16, 2032","5.43","CAD","Jul 25, 2022"
"PPLCN","PEMBINA PIPELINE CORP MTN RegS","Energy","Fixed Income","3,576,543.51","0.11","3,576,543.51","3,380,000.00","3,380,000.00","104.33","Canada","-","CAD","4.79","1.00","Jan 12, 2032","5.02","CAD","Jan 12, 2024"
"ARXCN","ARC RESOURCES LTD RegS","Energy","Fixed Income","3,575,287.56","0.11","3,575,287.56","3,515,000.00","3,515,000.00","100.40","Canada","-","CAD","2.02","1.00","Jun 17, 2028","3.58","CAD","Jun 17, 2025"
"GTAAIR","GREATER TORONTO AIRPORTS AUTHORITY","Infrastructure","Fixed Income","3,562,453.74","0.11","3,562,453.74","4,349,000.00","4,349,000.00","81.82","Canada","-","CAD","10.81","1.00","Oct 17, 2039","2.75","CAD","Sep 25, 2019"
"SLFCN","SUN LIFE FINANCIAL INC","Financial","Fixed Income","3,554,356.57","0.11","3,554,356.57","3,800,000.00","3,800,000.00","93.37","Canada","-","CAD","4.13","1.00","Oct 1, 2035","2.06","CAD","Oct 1, 2020"
"TRPCN","TRANSCANADA PIPELINES LTD MTN","Energy","Fixed Income","3,553,129.31","0.11","3,553,129.31","3,941,000.00","3,941,000.00","88.43","Canada","-","CAD","12.50","1.00","Jun 6, 2046","4.35","CAD","Jun 6, 2016"
"HYDONE","HYDRO ONE INC MTN","Infrastructure","Fixed Income","3,547,539.21","0.11","3,547,539.21","3,216,000.00","3,216,000.00","107.94","Canada","-","CAD","7.67","1.00","May 20, 2036","5.36","CAD","May 19, 2005"
"PLD","PROLOGIS LP","Real Estate","Fixed Income","3,538,565.49","0.11","3,538,565.49","3,615,000.00","3,615,000.00","97.16","United States","-","CAD","5.15","1.00","Feb 15, 2032","3.60","CAD","Oct 27, 2025"
"QBRCN","VIDEOTRON LTD","Communication","Fixed Income","3,525,937.27","0.11","3,525,937.27","3,480,000.00","3,480,000.00","101.14","Canada","-","CAD","1.38","1.00","Jan 15, 2030","4.50","CAD","Oct 8, 2019"
"ENBCN","ENBRIDGE INC MTN","Energy","Fixed Income","3,512,888.50","0.11","3,512,888.50","3,473,000.00","3,473,000.00","100.35","Canada","-","CAD","7.14","1.00","Feb 25, 2035","4.56","CAD","Feb 25, 2025"
"SAPCN","SAPUTO INC MTN","Industrial","Fixed Income","3,496,504.10","0.11","3,496,504.10","3,506,000.00","3,506,000.00","98.90","Canada","-","CAD","1.10","1.00","Jun 16, 2027","2.24","CAD","Jun 16, 2020"
"ENBCN","ENBRIDGE INC MTN RegS","Energy","Fixed Income","3,492,022.24","0.11","3,492,022.24","3,525,000.00","3,525,000.00","98.45","Canada","-","CAD","4.37","1.00","Feb 26, 2031","3.57","CAD","Feb 26, 2026"
"ETRHWY","407 INTERNATIONAL INC. MTN","Infrastructure","Fixed Income","3,472,190.32","0.11","3,472,190.32","3,148,000.00","3,148,000.00","109.12","Canada","-","CAD","7.49","1.00","Feb 14, 2036","5.75","CAD","Feb 14, 2006"
"DE","JOHN DEERE FINANCIAL INC","Financial","Fixed Income","3,467,427.38","0.11","3,467,427.38","3,320,000.00","3,320,000.00","103.79","United States","-","CAD","2.23","1.00","Sep 15, 2028","5.17","CAD","Sep 15, 2023"
"QBRCN","VIDEOTRON LTD RegS","Communication","Fixed Income","3,465,809.05","0.11","3,465,809.05","3,420,000.00","3,420,000.00","99.99","Canada","-","CAD","2.01","1.00","Jun 15, 2028","3.63","CAD","Jun 17, 2021"
"PACLIF","PACIFIC LIFE GLOBAL FUNDING II MTN RegS","Financial","Fixed Income","3,448,739.70","0.11","3,448,739.70","3,470,000.00","3,470,000.00","98.33","United States","-","CAD","5.81","1.00","Jan 24, 2033","3.92","CAD","Jan 22, 2026"
"TCN","TELUS CORPORATION","Communication","Fixed Income","3,437,664.56","0.11","3,437,664.56","3,273,000.00","3,273,000.00","104.07","Canada","-","CAD","4.15","1.00","Feb 18, 2031","4.95","CAD","Feb 15, 2024"
"KEYCN","KEYERA CORP RegS","Energy","Fixed Income","3,435,267.75","0.11","3,435,267.75","3,448,000.00","3,448,000.00","99.46","Canada","-","CAD","5.97","1.00","Apr 15, 2033","4.20","CAD","Sep 29, 2025"
"ENBCN","ENBRIDGE INC MTN","Energy","Fixed Income","3,431,839.12","0.11","3,431,839.12","3,695,000.00","3,695,000.00","92.25","Canada","-","CAD","11.71","1.00","Mar 11, 2044","4.57","CAD","Mar 11, 2014"
"BCECN","BELL TELEPHONE COMPANY OF CANADA O MTN","Communication","Fixed Income","3,424,141.05","0.11","3,424,141.05","3,410,000.00","3,410,000.00","99.81","Canada","-","CAD","7.76","1.00","Mar 14, 2036","4.70","CAD","Aug 14, 2025"
"RCICN","ROGERS COMMUNICATIONS INC RegS","Communication","Fixed Income","3,419,462.31","0.11","3,419,462.31","3,170,000.00","3,170,000.00","107.23","Canada","-","CAD","3.76","1.00","Sep 21, 2030","5.80","CAD","Sep 21, 2023"
"MFCCN","MANULIFE FINANCE DELAWARE LP","Financial","Fixed Income","3,412,778.62","0.11","3,412,778.62","3,303,000.00","3,303,000.00","101.44","Canada","-","CAD","8.05","1.00","Dec 15, 2041","5.06","CAD","Dec 14, 2006"
"BNP","BNP PARIBAS SA MTN","Financial","Fixed Income","3,387,113.87","0.11","3,387,113.87","3,350,000.00","3,350,000.00","100.39","France","-","CAD","3.91","1.00","Sep 3, 2035","4.49","CAD","Sep 3, 2025"
"ENBGAS","ENBRIDGE GAS INC MTN","Energy","Fixed Income","3,386,618.00","0.11","3,386,618.00","3,405,000.00","3,405,000.00","98.90","Canada","-","CAD","7.62","1.00","Sep 12, 2035","4.16","CAD","Sep 12, 2025"
"HYDONE","HYDRO ONE INC RegS","Infrastructure","Fixed Income","3,379,934.29","0.11","3,379,934.29","3,585,000.00","3,585,000.00","93.14","Canada","-","CAD","14.74","1.00","Jan 27, 2053","4.46","CAD","Jan 27, 2023"
"SLFCN","SUN LIFE FINANCIAL INC","Financial","Fixed Income","3,378,755.21","0.11","3,378,755.21","3,251,000.00","3,251,000.00","102.90","Canada","-","CAD","1.22","1.00","Aug 10, 2034","4.78","CAD","Aug 10, 2022"
"GM","GENERAL MOTORS FINANCIAL OF CANADA RegS","Financial","Fixed Income","3,376,996.39","0.11","3,376,996.39","3,351,000.00","3,351,000.00","98.89","United States","-","CAD","4.05","1.00","Nov 7, 2030","3.80","CAD","Oct 28, 2025"
"GM","GENERAL MOTORS FINANCIAL OF CANADA","Financial","Fixed Income","3,366,180.64","0.10","3,366,180.64","3,223,000.00","3,223,000.00","102.96","United States","-","CAD","2.06","1.00","Jul 14, 2028","5.10","CAD","May 2, 2024"
"TRPCN","TRANSCANADA PIPELINES LTD MTN RegS","Energy","Fixed Income","3,352,658.21","0.10","3,352,658.21","3,401,000.00","3,401,000.00","98.23","Canada","-","CAD","3.18","1.00","Sep 18, 2029","3.00","CAD","Sep 18, 2019"
"BMO","BANK OF MONTREAL","Financial","Fixed Income","3,350,977.52","0.10","3,350,977.52","3,210,000.00","3,210,000.00","104.34","Canada","-","CAD","1.43","1.00","Oct 27, 2032","6.53","CAD","Oct 27, 2022"
"ENBGAS","ENBRIDGE GAS INC","Energy","Fixed Income","3,349,945.37","0.10","3,349,945.37","3,420,000.00","3,420,000.00","97.72","Canada","-","CAD","3.66","1.00","Apr 1, 2030","2.90","CAD","Apr 1, 2020"
"CVECN","CENOVUS ENERGY INC","Energy","Fixed Income","3,346,634.19","0.10","3,346,634.19","3,335,000.00","3,335,000.00","99.87","Canada","-","CAD","5.88","1.00","Mar 20, 2033","4.25","CAD","Nov 20, 2025"
"BIP","BROOKFIELD INFRASTRUCTURE FINANCE MTN","Infrastructure","Fixed Income","3,333,850.29","0.10","3,333,850.29","3,157,000.00","3,157,000.00","103.03","Canada","-","CAD","1.37","1.00","Nov 14, 2027","5.62","CAD","Nov 14, 2022"
"BIP","BROOKFIELD INFRASTRUCTURE FINANCE","Infrastructure","Fixed Income","3,332,175.78","0.10","3,332,175.78","3,363,000.00","3,363,000.00","98.89","Canada","-","CAD","3.20","1.00","Oct 9, 2029","3.41","CAD","Oct 3, 2019"
"BPCGEN","BPC GENERATION INFRASTRUCTURE TRUS RegS","Energy","Fixed Income","3,331,406.70","0.10","3,331,406.70","3,345,000.00","3,345,000.00","99.26","Canada","-","CAD","4.03","1.00","Sep 29, 2030","3.79","CAD","Sep 29, 2025"
"EPCOR","EPCOR UTILITIES INC MTN RegS","Infrastructure","Fixed Income","3,326,115.62","0.10","3,326,115.62","3,140,000.00","3,140,000.00","105.53","Canada","-","CAD","14.44","1.00","Oct 3, 2053","5.33","CAD","Oct 3, 2023"
"COAGAS","COASTAL GASLINK PIPELINE LP","Energy","Fixed Income","3,326,267.35","0.10","3,326,267.35","3,125,000.00","3,125,000.00","104.81","Canada","-","CAD","4.50","1.00","Jun 30, 2031","4.91","CAD","Jun 13, 2024"
"HYDONE","HYDRO ONE INC MTN","Infrastructure","Fixed Income","3,321,496.12","0.10","3,321,496.12","3,222,000.00","3,222,000.00","101.46","Canada","-","CAD","3.21","1.00","Nov 30, 2029","3.93","CAD","Jan 27, 2023"
"DE","JOHN DEERE FINANCIAL INC MTN","Financial","Fixed Income","3,318,022.92","0.10","3,318,022.92","3,213,000.00","3,213,000.00","102.94","United States","-","CAD","2.73","1.00","Apr 4, 2029","4.63","CAD","Apr 4, 2024"
"VTR","VENTAS CANADA FINANCE LTD","Real Estate","Fixed Income","3,316,219.52","0.10","3,316,219.52","3,183,000.00","3,183,000.00","103.40","United States","-","CAD","2.57","1.00","Mar 5, 2029","5.10","CAD","Mar 5, 2024"
"CPXCN","CAPITAL POWER CORP MTN RegS","Energy","Fixed Income","3,314,267.99","0.10","3,314,267.99","3,295,000.00","3,295,000.00","98.65","Canada","-","CAD","5.68","1.00","Jan 14, 2033","4.23","CAD","Nov 14, 2025"
"PPLCN","PEMBINA PIPELINE CORP MTN","Energy","Fixed Income","3,313,772.34","0.10","3,313,772.34","3,334,000.00","3,334,000.00","98.60","Canada","-","CAD","3.46","1.00","Feb 1, 2030","3.31","CAD","Sep 12, 2019"
"PPLCN","PEMBINA PIPELINE CORP MTN RegS","Energy","Fixed Income","3,310,664.99","0.10","3,310,664.99","3,272,000.00","3,272,000.00","100.81","Canada","-","CAD","1.66","1.00","Mar 27, 2028","4.02","CAD","Mar 26, 2018"
"BCECN","BELL CANADA INC","Communication","Fixed Income","3,303,425.79","0.10","3,303,425.79","3,351,000.00","3,351,000.00","98.25","Canada","-","CAD","1.27","1.00","Aug 16, 2027","1.65","CAD","Aug 14, 2020"
"WSPCN","WSP GLOBAL INC","Industrial","Fixed Income","3,290,231.86","0.10","3,290,231.86","3,356,000.00","3,356,000.00","97.97","Canada","-","CAD","1.91","1.00","Apr 19, 2028","2.41","CAD","Apr 19, 2021"
"COAGAS","COASTAL GASLINK PIPELINE LP","Energy","Fixed Income","3,286,636.38","0.10","3,286,636.38","3,005,000.00","3,005,000.00","107.54","Canada","-","CAD","9.29","1.00","Jun 30, 2039","5.54","CAD","Jun 13, 2024"
"NWRWPT","NORTH WEST REDWATER PARTNERSHIP","Energy","Fixed Income","3,281,288.18","0.10","3,281,288.18","3,100,000.00","3,100,000.00","103.85","Canada","-","CAD","6.49","1.00","Jun 1, 2034","4.85","CAD","Jun 14, 2024"
"BIP","BROOKFIELD INFRASTRUCTURE FINANCE","Infrastructure","Fixed Income","3,280,005.26","0.10","3,280,005.26","3,225,000.00","3,225,000.00","101.13","Canada","-","CAD","2.09","1.00","Sep 11, 2028","4.19","CAD","Sep 10, 2018"
"CNRCN","CANADIAN NATIONAL RAILWAY COMPANY","Industrial","Fixed Income","3,275,709.25","0.10","3,275,709.25","3,155,000.00","3,155,000.00","101.88","Canada","-","CAD","3.54","1.00","May 10, 2030","4.15","CAD","May 10, 2023"
"CAAIAU","CALGARY AIRPORT AUTHORITY","Infrastructure","Fixed Income","3,257,263.87","0.10","3,257,263.87","3,745,000.00","3,745,000.00","86.76","Canada","-","CAD","11.47","1.00","Oct 7, 2041","3.45","CAD","Oct 7, 2021"
"RCICN","ROGERS COMMUNICATIONS INC","Communication","Fixed Income","3,255,998.69","0.10","3,255,998.69","3,138,000.00","3,138,000.00","101.60","Canada","-","CAD","2.16","1.00","Nov 2, 2028","4.40","CAD","Apr 3, 2023"
"IPLCN","INTER PIPELINE LTD","Energy","Fixed Income","3,255,113.95","0.10","3,255,113.95","2,957,000.00","2,957,000.00","107.47","Canada","-","CAD","4.87","1.00","May 18, 2032","5.85","CAD","May 18, 2022"
"ALCTRA","ALECTRA INC (CANADA)","Infrastructure","Fixed Income","3,254,831.32","0.10","3,254,831.32","3,239,000.00","3,239,000.00","99.37","Canada","-","CAD","1.01","1.00","May 17, 2027","2.49","CAD","May 17, 2017"
"ENBCN","ENBRIDGE INC MTN","Energy","Fixed Income","3,246,471.42","0.10","3,246,471.42","3,176,000.00","3,176,000.00","101.45","Canada","-","CAD","3.46","1.00","Feb 22, 2030","4.21","CAD","Aug 22, 2024"
"MFCCN","MANULIFE BANK OF CANADA","Financial","Fixed Income","3,238,359.49","0.10","3,238,359.49","3,265,000.00","3,265,000.00","98.55","Canada","-","CAD","3.53","1.00","Feb 19, 2030","3.32","CAD","Feb 19, 2026"
"BRUPOW","BRUCE POWER LP","Energy","Fixed Income","3,235,737.62","0.10","3,235,737.62","3,085,000.00","3,085,000.00","103.21","Canada","-","CAD","4.43","1.00","Jun 21, 2031","4.70","CAD","Mar 12, 2024"
"F","FORD CREDIT CANADA CO","Financial","Fixed Income","3,226,262.00","0.10","3,226,262.00","3,119,000.00","3,119,000.00","102.25","United States","-","CAD","2.50","1.00","Feb 9, 2029","5.44","CAD","Jan 9, 2024"
"ENBCN","ENBRIDGE INC MTN","Energy","Fixed Income","3,221,763.57","0.10","3,221,763.57","3,570,000.00","3,570,000.00","89.53","Canada","-","CAD","11.27","1.00","Aug 27, 2042","4.24","CAD","Aug 27, 2012"
"HYDONE","HYDRO ONE INC MTN","Infrastructure","Fixed Income","3,219,718.36","0.10","3,219,718.36","2,942,000.00","2,942,000.00","107.88","Canada","-","CAD","9.84","1.00","Jul 16, 2040","5.49","CAD","Jul 16, 2009"
"F","FORD CREDIT CANADA CO","Financial","Fixed Income","3,217,906.61","0.10","3,217,906.61","3,170,000.00","3,170,000.00","100.24","United States","-","CAD","1.61","1.00","Jan 10, 2028","4.22","CAD","Jan 9, 2025"
"CUCN","CU INC","Energy","Fixed Income","3,208,811.90","0.10","3,208,811.90","3,216,000.00","3,216,000.00","99.10","Canada","-","CAD","11.55","1.00","Sep 9, 2043","4.72","CAD","Sep 9, 2013"
"DFYCN","DEFINITY FINANCIAL CORP RegS","Financial","Fixed Income","3,183,435.65","0.10","3,183,435.65","3,196,000.00","3,196,000.00","99.11","Canada","-","CAD","3.98","1.00","Sep 12, 2030","3.71","CAD","Sep 12, 2025"
"COAGAS","COASTAL GASLINK PIPELINE LP","Energy","Fixed Income","3,178,487.81","0.10","3,178,487.81","2,985,000.00","2,985,000.00","106.04","Canada","-","CAD","6.83","1.00","Sep 30, 2034","5.19","CAD","Jun 13, 2024"
"CNRCN","CANADIAN NATIONAL RAILWAY COMPANY","Industrial","Fixed Income","3,153,643.12","0.10","3,153,643.12","3,020,000.00","3,020,000.00","101.92","Canada","-","CAD","14.40","1.00","May 2, 2054","5.10","CAD","May 2, 2024"
"NOVERC","NOVERCO INC","Energy","Fixed Income","3,140,371.89","0.10","3,140,371.89","3,072,000.00","3,072,000.00","101.07","Canada","-","CAD","7.06","1.00","Jan 28, 2035","4.57","CAD","Jan 28, 2025"
"BCECN","BELL TELEPHONE COMPANY OF CANADA O MTN RegS","Communication","Fixed Income","3,138,845.91","0.10","3,138,845.91","2,970,000.00","2,970,000.00","103.33","Canada","-","CAD","2.26","1.00","Nov 14, 2028","5.15","CAD","Aug 11, 2023"
"ENBCN","ENBRIDGE INC MTN","Energy","Fixed Income","3,127,867.04","0.10","3,127,867.04","2,621,000.00","2,621,000.00","116.27","Canada","-","CAD","13.02","1.00","Nov 9, 2052","6.51","CAD","Nov 9, 2022"
"NWRWPT","NORTH WEST REDWATER PARTNERSHIP RegS","Energy","Fixed Income","3,123,735.12","0.10","3,123,735.12","3,595,000.00","3,595,000.00","86.22","Canada","-","CAD","11.88","1.00","Feb 23, 2043","3.70","CAD","Feb 23, 2015"
"OMERS","OMERS REALTY CORP","Real Estate","Fixed Income","3,121,599.42","0.10","3,121,599.42","2,920,000.00","2,920,000.00","104.44","Canada","-","CAD","2.18","1.00","Nov 14, 2028","5.38","CAD","Nov 14, 2022"
"ETRHWY","407 INTERNATIONAL INC MTN","Infrastructure","Fixed Income","3,116,493.36","0.10","3,116,493.36","3,135,000.00","3,135,000.00","98.94","Canada","-","CAD","3.55","1.00","Mar 6, 2030","3.14","CAD","Mar 6, 2019"
"PPLCN","PEMBINA PIPELINE CORP MTN RegS","Energy","Fixed Income","3,113,805.34","0.10","3,113,805.34","3,278,000.00","3,278,000.00","94.52","Canada","-","CAD","11.59","1.00","Mar 25, 2044","4.81","CAD","Apr 4, 2014"
"GLCRTR","GLACIER CREDIT CARD TRUST","Securitized","Fixed Income","3,087,184.15","0.10","3,087,184.15","2,930,000.00","2,930,000.00","104.73","Canada","-","CAD","2.23","1.00","Sep 20, 2028","5.68","CAD","Aug 23, 2023"
"MIFFC","MONTREAL INTERNATIONAL FUEL FACILI RegS","Infrastructure","Fixed Income","3,080,535.88","0.10","3,080,535.88","3,085,000.00","3,085,000.00","99.65","Canada","-","CAD","4.46","1.00","Apr 10, 2031","3.71","CAD","Feb 10, 2026"
"HYDONE","HYDRO ONE INC 3.63 6/49 MTN","Infrastructure","Fixed Income","3,076,544.62","0.10","3,076,544.62","3,675,000.00","3,675,000.00","82.46","Canada","-","CAD","14.34","1.00","Jun 25, 2049","3.63","CAD","Jun 26, 2018"
"RCICN","ROGERS COMMUNICATIONS INC.","Communication","Fixed Income","3,074,017.11","0.10","3,074,017.11","3,063,000.00","3,063,000.00","98.76","Canada","-","CAD","2.78","1.00","May 1, 2029","3.25","CAD","Apr 30, 2019"
"NWRWPT","NORTH WEST REDWATER PARTNERSHIP","Energy","Fixed Income","3,071,015.82","0.10","3,071,015.82","2,990,000.00","2,990,000.00","100.62","Canada","-","CAD","14.42","1.00","Jun 1, 2054","5.08","CAD","Jun 14, 2024"
"MFCCN","MANULIFE BANK OF CANADA","Financial","Fixed Income","3,070,419.39","0.10","3,070,419.39","3,020,000.00","3,020,000.00","100.94","Canada","-","CAD","1.73","1.00","Feb 22, 2028","3.99","CAD","Aug 22, 2024"
"ETRHWY","407 INTERNATIONAL INC MTN","Infrastructure","Fixed Income","3,070,645.26","0.10","3,070,645.26","3,070,000.00","3,070,000.00","98.84","Canada","-","CAD","14.58","1.00","Jul 31, 2053","4.86","CAD","Jul 31, 2023"
"BCECN","BELL TELEPHONE COMPANY OF CANADA O MTN","Communication","Fixed Income","3,070,156.67","0.10","3,070,156.67","3,065,000.00","3,065,000.00","99.61","Canada","-","CAD","5.85","1.00","Mar 14, 2033","4.30","CAD","Aug 14, 2025"
"ENBCN","ENBRIDGE INC MTN","Energy","Fixed Income","3,060,179.60","0.10","3,060,179.60","2,925,000.00","2,925,000.00","102.54","Canada","-","CAD","1.86","1.00","May 26, 2028","4.90","CAD","May 26, 2023"
"PPLCN","PEMBINA PIPELINE CORP MTN RegS","Energy","Fixed Income","3,059,839.05","0.10","3,059,839.05","2,989,000.00","2,989,000.00","100.79","Canada","-","CAD","0.85","1.00","Jun 15, 2027","4.24","CAD","Jun 16, 2015"
"HYNMTR","HYUNDAI CAPITAL CANADA INC RegS","Financial","Fixed Income","3,055,999.71","0.10","3,055,999.71","3,049,000.00","3,049,000.00","99.19","Canada","-","CAD","3.41","1.00","Jan 14, 2030","3.58","CAD","Jan 14, 2026"
"BCECN","BELL TELEPHONE COMPANY OF CANADA O MTN","Communication","Fixed Income","3,052,732.84","0.10","3,052,732.84","3,090,000.00","3,090,000.00","97.72","Canada","-","CAD","14.37","1.00","Aug 14, 2055","5.25","CAD","Aug 14, 2025"
"HNDA","HONDA CANADA FINANCE INC","Financial","Fixed Income","3,043,209.62","0.09","3,043,209.62","3,084,000.00","3,084,000.00","98.06","Canada","-","CAD","4.37","1.00","Feb 25, 2031","3.55","CAD","Feb 25, 2026"
"TRPCN","TRANSCANADA PIPELINES LTD MTN","Energy","Fixed Income","3,039,777.20","0.09","3,039,777.20","3,032,000.00","3,032,000.00","99.83","Canada","-","CAD","1.75","1.00","Mar 15, 2028","3.39","CAD","Sep 15, 2017"
"GIBACN","CGI INC","Industrial","Fixed Income","3,031,613.25","0.09","3,031,613.25","3,127,000.00","3,127,000.00","96.70","Canada","-","CAD","2.30","1.00","Sep 18, 2028","2.10","CAD","Sep 16, 2021"
"PLENCS","PLENARY PROPERTIES LTAP LP","Infrastructure","Fixed Income","3,024,048.12","0.09","3,024,048.12","2,650,608.00","2,650,608.00","112.56","Canada","-","CAD","7.53","1.00","Jan 31, 2044","6.29","CAD","Jan 31, 2011"
"CHPUCN","CHOICE PROPERTIES REAL ESTATE INVE","Real Estate","Fixed Income","3,019,441.27","0.09","3,019,441.27","2,722,000.00","2,722,000.00","108.84","Canada","-","CAD","4.95","1.00","Jun 24, 2032","6.00","CAD","Jun 24, 2022"
"CNQCN","CANADIAN NATURAL RESOURCES LTD MTN RegS","Energy","Fixed Income","3,010,755.02","0.09","3,010,755.02","2,992,000.00","2,992,000.00","99.62","Canada","-","CAD","7.73","1.00","Feb 8, 2036","4.55","CAD","Dec 8, 2025"
"TCN","TELUS CORPORATION","Communication","Fixed Income","3,010,803.81","0.09","3,010,803.81","2,892,000.00","2,892,000.00","103.36","Canada","-","CAD","13.59","1.00","Sep 13, 2052","5.65","CAD","Sep 13, 2022"
"ATDBCN","ALIMENTATION COUCHE-TARD INC RegS","Industrial","Fixed Income","3,004,979.85","0.09","3,004,979.85","3,050,000.00","3,050,000.00","98.15","Canada","-","CAD","5.60","1.00","Sep 26, 2032","3.86","CAD","Sep 26, 2025"
"BCIMCR","BCI QUADREAL REALTY RegS","Real Estate","Fixed Income","3,003,729.75","0.09","3,003,729.75","2,939,000.00","2,939,000.00","101.19","Canada","-","CAD","1.21","1.00","Jul 31, 2027","4.16","CAD","Jul 31, 2024"
"F","FORD CREDIT CANADA CO RegS","Financial","Fixed Income","3,000,283.91","0.09","3,000,283.91","2,880,000.00","2,880,000.00","101.91","United States","-","CAD","1.85","1.00","May 23, 2028","5.24","CAD","May 23, 2024"
"PPLCN","PEMBINA PIPELINE CORP MTN","Energy","Fixed Income","2,998,789.79","0.09","2,998,789.79","3,358,000.00","3,358,000.00","88.97","Canada","-","CAD","13.43","1.00","Apr 3, 2049","4.54","CAD","Apr 3, 2019"
"SAPCN","SAPUTO INC MTN RegS","Industrial","Fixed Income","2,998,715.50","0.09","2,998,715.50","2,955,000.00","2,955,000.00","100.23","Canada","-","CAD","3.76","1.00","Jul 2, 2030","3.88","CAD","Jul 2, 2025"
"ENBCN","ENBRIDGE INC MTN","Energy","Fixed Income","2,990,398.29","0.09","2,990,398.29","2,826,000.00","2,826,000.00","103.13","Canada","-","CAD","1.35","1.00","Nov 9, 2027","5.70","CAD","Nov 9, 2022"
"GM","GENERAL MOTORS FINANCIAL OF CANADA","Financial","Fixed Income","2,989,206.03","0.09","2,989,206.03","2,869,000.00","2,869,000.00","103.09","United States","-","CAD","2.50","1.00","Feb 9, 2029","5.00","CAD","Feb 9, 2024"
"QBRCN","VIDEOTRON LTD","Communication","Fixed Income","2,987,357.44","0.09","2,987,357.44","3,065,000.00","3,065,000.00","96.57","Canada","-","CAD","4.27","1.00","Jan 15, 2031","3.13","CAD","Jan 22, 2021"
"COAGAS","COASTAL GASLINK PIPELINE LP","Energy","Fixed Income","2,984,830.72","0.09","2,984,830.72","2,780,000.00","2,780,000.00","106.91","Canada","-","CAD","7.99","1.00","Sep 30, 2036","5.39","CAD","Jun 13, 2024"
"REIUCN","RIOCAN REAL ESTATE INVESTMENT TRUS","Real Estate","Fixed Income","2,981,881.58","0.09","2,981,881.58","3,007,000.00","3,007,000.00","97.82","Canada","-","CAD","2.39","1.00","Nov 8, 2028","2.83","CAD","Nov 8, 2021"
"GWOCN","GREAT-WEST LIFECO INC","Financial","Fixed Income","2,970,650.48","0.09","2,970,650.48","2,956,000.00","2,956,000.00","99.94","Canada","-","CAD","1.72","1.00","Feb 28, 2028","3.34","CAD","Feb 28, 2018"
"SNCINN","SNC-LAVALIN INNISFREE MCGILL FINAN 144A","Infrastructure","Fixed Income","2,968,085.33","0.09","2,968,085.33","2,535,012.00","2,535,012.00","114.90","Canada","-","CAD","7.61","1.00","Jun 30, 2044","6.63","CAD","Jul 15, 2010"
"IPLCN","INTER PIPELINE LTD RegS","Energy","Fixed Income","2,967,096.55","0.09","2,967,096.55","3,000,000.00","3,000,000.00","97.93","Canada","-","CAD","7.69","1.00","Feb 13, 2036","4.65","CAD","Feb 13, 2026"
"PPLCN","PEMBINA PIPELINE CORP MTN RegS","Energy","Fixed Income","2,963,979.50","0.09","2,963,979.50","2,785,000.00","2,785,000.00","104.88","Canada","-","CAD","6.20","1.00","Jan 12, 2034","5.21","CAD","Jan 12, 2024"
"TCN","TELUS CORPORATION","Communication","Fixed Income","2,957,446.25","0.09","2,957,446.25","2,815,000.00","2,815,000.00","104.03","Canada","-","CAD","6.31","1.00","Feb 15, 2034","5.10","CAD","Feb 15, 2024"
"FFHCN","FAIRFAX FINANCIAL HOLDINGS LTD","Financial","Fixed Income","2,952,549.05","0.09","2,952,549.05","2,877,000.00","2,877,000.00","100.94","Canada","-","CAD","1.34","1.00","Dec 6, 2027","4.25","CAD","Dec 4, 2017"
"TCN","TELUS CORPORATION","Communication","Fixed Income","2,950,361.54","0.09","2,950,361.54","2,997,000.00","2,997,000.00","97.84","Canada","-","CAD","3.53","1.00","Feb 19, 2030","3.15","CAD","Dec 16, 2019"
"NWRWPT","NORTH WEST REDWATER PARTNERSHIP / RegS","Energy","Fixed Income","2,933,093.60","0.09","2,933,093.60","3,240,000.00","3,240,000.00","89.44","Canada","-","CAD","12.21","1.00","Jul 22, 2044","4.05","CAD","Jul 23, 2014"
"CNRCN","CANADIAN NATIONAL RAILWAY COMPANY","Industrial","Fixed Income","2,917,348.64","0.09","2,917,348.64","2,896,000.00","2,896,000.00","99.11","Canada","-","CAD","7.36","1.00","Jun 10, 2035","4.20","CAD","Jun 10, 2025"
"COAGAS","COASTAL GASLINK PIPELINE LP","Energy","Fixed Income","2,908,635.34","0.09","2,908,635.34","2,803,000.00","2,803,000.00","103.37","Canada","-","CAD","3.15","1.00","Sep 30, 2029","4.69","CAD","Jun 13, 2024"
"ENBPIP","ENBRIDGE PIPELINES INC MTN","Energy","Fixed Income","2,908,052.19","0.09","2,908,052.19","3,315,000.00","3,315,000.00","86.93","Canada","-","CAD","13.50","1.00","Feb 22, 2049","4.33","CAD","Feb 22, 2019"
"F","FORD CREDIT CANADA CO RegS","Financial","Fixed Income","2,898,315.84","0.09","2,898,315.84","2,902,000.00","2,902,000.00","99.62","United States","-","CAD","2.74","1.00","Apr 9, 2029","4.40","CAD","Jan 9, 2026"
"GTAAIR","GREATER TORONTO AIRPORTS AUTHORITY","Infrastructure","Fixed Income","2,888,887.66","0.09","2,888,887.66","2,928,000.00","2,928,000.00","98.46","Canada","-","CAD","2.77","1.00","Apr 3, 2029","2.73","CAD","Apr 3, 2019"
"HYDONE","HYDRO ONE INC MTN","Infrastructure","Fixed Income","2,878,413.27","0.09","2,878,413.27","2,800,000.00","2,800,000.00","102.08","Canada","-","CAD","6.50","1.00","Mar 1, 2034","4.39","CAD","Jan 12, 2024"
"HNDA","HONDA CANADA FINANCE INC","Financial","Fixed Income","2,876,284.77","0.09","2,876,284.77","2,954,000.00","2,954,000.00","97.08","Canada","-","CAD","1.77","1.00","Feb 25, 2028","1.65","CAD","Feb 25, 2021"
"GTAAIR","GREATER TORONTO AIRPORTS AUTHORITY MTN","Infrastructure","Fixed Income","2,873,989.11","0.09","2,873,989.11","2,465,000.00","2,465,000.00","116.31","Canada","-","CAD","5.30","1.00","Oct 15, 2032","6.98","CAD","Oct 15, 2002"
"GTAAIR","GREATER TORONTO AIRPORTS AUTHORITY MTN 144A","Infrastructure","Fixed Income","2,872,306.09","0.09","2,872,306.09","2,468,000.00","2,468,000.00","114.84","Canada","-","CAD","6.14","1.00","Feb 2, 2034","6.47","CAD","Feb 2, 2004"
"GWOCN","GREAT-WEST LIFECO INC","Financial","Fixed Income","2,870,429.82","0.09","2,870,429.82","2,951,000.00","2,951,000.00","96.18","Canada","-","CAD","3.77","1.00","May 14, 2030","2.38","CAD","May 14, 2020"
"SUCN","SUNCOR ENERGY INC MTN","Energy","Fixed Income","2,870,579.67","0.09","2,870,579.67","2,851,000.00","2,851,000.00","99.34","Canada","-","CAD","1.48","1.00","Nov 14, 2027","2.95","CAD","Nov 14, 2025"
"IPLCN","INTER PIPELINE LTD","Energy","Fixed Income","2,860,961.55","0.09","2,860,961.55","2,560,000.00","2,560,000.00","110.50","Canada","-","CAD","5.39","1.00","Feb 17, 2033","6.38","CAD","Nov 17, 2022"
"ONTPOW","ONTARIO POWER GENERATION INC MTN","Energy","Fixed Income","2,859,095.96","0.09","2,859,095.96","2,899,000.00","2,899,000.00","98.23","Canada","-","CAD","3.17","1.00","Sep 13, 2029","2.98","CAD","Sep 13, 2019"
"HYDONE","HYDRO ONE INC","Infrastructure","Fixed Income","2,849,920.62","0.09","2,849,920.62","2,872,000.00","2,872,000.00","99.02","Canada","-","CAD","2.75","1.00","Apr 5, 2029","3.02","CAD","Apr 5, 2019"
"LOWMAT","LOWER MATTAGAMI ENERGY LP","Infrastructure","Fixed Income","2,841,952.45","0.09","2,841,952.45","2,962,000.00","2,962,000.00","94.83","Canada","-","CAD","4.63","1.00","May 14, 2031","2.43","CAD","May 14, 2021"
"BAMREP","BROOKFIELD RENEWABLE PARTNERS ULC","Energy","Fixed Income","2,839,799.09","0.09","2,839,799.09","2,768,000.00","2,768,000.00","101.37","Canada","-","CAD","2.38","1.00","Jan 15, 2029","4.25","CAD","Sep 20, 2018"
"BPCEGP","BPCE SA MTN RegS","Financial","Fixed Income","2,834,873.16","0.09","2,834,873.16","2,827,000.00","2,827,000.00","100.09","France","-","CAD","4.40","1.00","Apr 15, 2036","4.68","CAD","Apr 15, 2026"
"WSPCN","WSP GLOBAL INC","Industrial","Fixed Income","2,827,725.68","0.09","2,827,725.68","2,783,000.00","2,783,000.00","100.97","Canada","-","CAD","6.80","1.00","Sep 12, 2034","4.75","CAD","Sep 12, 2024"
"SAPCN","SAPUTO INC MTN","Industrial","Fixed Income","2,822,791.68","0.09","2,822,791.68","2,591,000.00","2,591,000.00","106.52","Canada","-","CAD","3.84","1.00","Nov 20, 2030","5.49","CAD","Nov 20, 2023"
"TRPCN","TRANSCANADA TRUST","Energy","Fixed Income","2,821,391.04","0.09","2,821,391.04","2,885,000.00","2,885,000.00","97.14","Canada","-","CAD","4.17","1.00","Mar 4, 2081","4.20","CAD","Mar 4, 2021"
"BRUPOW","BRUCE POWER LP RegS","Energy","Fixed Income","2,815,705.69","0.09","2,815,705.69","2,759,000.00","2,759,000.00","100.63","Canada","-","CAD","3.67","1.00","Jun 21, 2030","4.00","CAD","Apr 9, 2020"
"ONTPOW","ONTARIO POWER GENERATION INC MTN","Energy","Fixed Income","2,811,039.94","0.09","2,811,039.94","2,800,000.00","2,800,000.00","98.71","Canada","-","CAD","14.52","1.00","Jun 28, 2054","4.99","CAD","Jun 28, 2024"
"TCN","TELUS CORPORATION","Communication","Fixed Income","2,809,124.63","0.09","2,809,124.63","2,703,000.00","2,703,000.00","103.48","Canada","-","CAD","5.73","1.00","Mar 28, 2033","4.95","CAD","Mar 28, 2023"
"CHPUCN","CHOICE PROPERTIES REAL ESTATE INVE","Real Estate","Fixed Income","2,808,560.19","0.09","2,808,560.19","2,676,000.00","2,676,000.00","104.11","Canada","-","CAD","4.17","1.00","Feb 28, 2031","5.03","CAD","May 23, 2024"
"WSPCN","WSP GLOBAL INC RegS","Industrial","Fixed Income","2,802,670.28","0.09","2,802,670.28","2,805,000.00","2,805,000.00","98.84","Canada","-","CAD","5.02","1.00","Jan 22, 2032","4.00","CAD","Jan 22, 2026"
"SLFCN","SUN LIFE FINANCIAL INC RegS","Financial","Fixed Income","2,801,592.74","0.09","2,801,592.74","2,605,000.00","2,605,000.00","105.80","Canada","-","CAD","3.68","1.00","Jul 4, 2035","5.50","CAD","Jul 4, 2023"
"SUCN","SUNCOR ENERGY INC MTN","Energy","Fixed Income","2,793,248.38","0.09","2,793,248.38","2,785,000.00","2,785,000.00","98.67","Canada","-","CAD","4.09","1.00","Nov 14, 2030","3.55","CAD","Nov 14, 2025"
"ONTPOW","ONTARIO POWER GENERATION INC MTN","Energy","Fixed Income","2,792,834.18","0.09","2,792,834.18","2,780,000.00","2,780,000.00","99.89","Canada","-","CAD","7.24","1.00","Mar 13, 2035","4.32","CAD","Mar 13, 2025"
"NACN","CANADIAN WESTERN BANK","Financial","Fixed Income","2,791,662.71","0.09","2,791,662.71","2,700,000.00","2,700,000.00","102.56","Canada","-","CAD","1.29","1.00","Sep 2, 2027","5.15","CAD","Sep 2, 2022"
"ARXCN","ARC RESOURCES LTD","Energy","Fixed Income","2,790,490.47","0.09","2,790,490.47","2,810,000.00","2,810,000.00","98.82","Canada","-","CAD","4.38","1.00","Mar 10, 2031","3.46","CAD","Mar 10, 2021"
"VTR","VENTAS CANADA FINANCE LTD","Real Estate","Fixed Income","2,780,435.13","0.09","2,780,435.13","2,689,000.00","2,689,000.00","103.27","United States","-","CAD","1.80","1.00","Apr 21, 2028","5.40","CAD","Apr 21, 2023"
"DE","JOHN DEERE FINANCIAL INC MTN","Financial","Fixed Income","2,767,790.23","0.09","2,767,790.23","2,680,000.00","2,680,000.00","101.97","United States","-","CAD","2.06","1.00","Jul 11, 2028","4.38","CAD","Jul 11, 2024"
"ETRHWY","407 INTERNATIONAL INC MTN","Infrastructure","Fixed Income","2,764,492.92","0.09","2,764,492.92","2,740,000.00","2,740,000.00","100.61","Canada","-","CAD","8.22","1.00","Oct 7, 2036","4.48","CAD","Apr 7, 2026"
"BAMREP","BROOKFIELD RENEWABLE PARTNERS ULC MTN","Energy","Fixed Income","2,759,794.91","0.09","2,759,794.91","2,795,000.00","2,795,000.00","97.24","Canada","-","CAD","14.43","1.00","Jan 15, 2056","5.20","CAD","Jan 15, 2026"
"ARXCN","ARC RESOURCES LTD RegS","Energy","Fixed Income","2,755,586.15","0.09","2,755,586.15","2,720,000.00","2,720,000.00","100.59","Canada","-","CAD","5.85","1.00","Feb 25, 2033","4.10","CAD","Feb 25, 2026"
"FORTFD_23-1","FORTIFIED TRUST FORTFD_23-1 A","Securitized","Fixed Income","2,754,243.39","0.09","2,754,243.39","2,668,000.00","2,668,000.00","101.68","Canada","-","CAD","1.56","1.00","Dec 23, 2027","4.42","CAD","Jan 31, 2023"
"NWRWPT","NORTH WEST REDWATER PARTNERSHIP RegS","Energy","Fixed Income","2,753,624.80","0.09","2,753,624.80","2,699,000.00","2,699,000.00","100.32","Canada","-","CAD","5.90","1.00","Jun 1, 2033","4.15","CAD","Jun 10, 2016"
"ATIMLP","ATHABASCA INDIGENOUS MIDSTREAM LP","Energy","Fixed Income","2,740,171.63","0.09","2,740,171.63","2,484,923.00","2,484,923.00","107.35","Canada","-","CAD","6.75","1.00","Feb 5, 2042","6.07","CAD","Oct 5, 2022"
"CNQCN","CANADIAN NATURAL RESOURCES LTD MTN RegS","Energy","Fixed Income","2,736,247.72","0.09","2,736,247.72","2,720,000.00","2,720,000.00","99.30","Canada","-","CAD","2.45","1.00","Dec 8, 2028","3.30","CAD","Dec 8, 2025"
"ENBGAS","ENBRIDGE GAS INC MTN","Energy","Fixed Income","2,736,330.92","0.09","2,736,330.92","2,485,000.00","2,485,000.00","109.74","Canada","-","CAD","5.98","1.00","Oct 6, 2033","5.70","CAD","Oct 6, 2023"
"ALACN","ALTAGAS LTD","Energy","Fixed Income","2,732,866.96","0.09","2,732,866.96","2,790,000.00","2,790,000.00","97.09","Canada","-","CAD","2.00","1.00","May 30, 2028","2.08","CAD","Nov 30, 2020"
"HNDA","HONDA CANADA FINANCE INC","Financial","Fixed Income","2,731,598.77","0.09","2,731,598.77","2,666,000.00","2,666,000.00","101.95","Canada","-","CAD","1.35","1.00","Sep 23, 2027","4.87","CAD","Mar 23, 2023"
"RLNCE","RELIANCE LP RegS","Industrial","Fixed Income","2,721,562.59","0.08","2,721,562.59","2,700,000.00","2,700,000.00","100.63","Canada","-","CAD","5.18","1.00","Apr 16, 2032","4.39","CAD","Mar 12, 2025"
"CVECN","CENOVUS ENERGY INC","Energy","Fixed Income","2,721,219.81","0.08","2,721,219.81","2,670,000.00","2,670,000.00","99.89","Canada","-","CAD","7.50","1.00","Nov 20, 2035","4.60","CAD","Nov 20, 2025"
"CUCN","CU INC MTN","Energy","Fixed Income","2,720,534.97","0.08","2,720,534.97","3,038,000.00","3,038,000.00","89.02","Canada","-","CAD","11.68","1.00","Sep 10, 2042","3.81","CAD","Sep 10, 2012"
"MGCN","MAGNA INTERNATIONAL INC","Industrial","Fixed Income","2,717,237.34","0.08","2,717,237.34","2,590,000.00","2,590,000.00","102.93","Canada","-","CAD","2.74","1.00","May 30, 2029","4.80","CAD","May 30, 2024"
"FTSCN","FORTIS INC","Infrastructure","Fixed Income","2,713,281.26","0.08","2,713,281.26","2,440,000.00","2,440,000.00","108.51","Canada","-","CAD","5.92","1.00","Nov 8, 2033","5.68","CAD","Nov 8, 2023"
"CNHI","CNH INDUSTRIAL CAPITAL CANADA LTD RegS","Financial","Fixed Income","2,707,667.86","0.08","2,707,667.86","2,680,000.00","2,680,000.00","99.53","United States","-","CAD","2.85","1.00","Jun 5, 2029","3.75","CAD","Jun 5, 2025"
"HYDONE","HYDRO ONE INC MTN RegS","Infrastructure","Fixed Income","2,704,545.60","0.08","2,704,545.60","2,675,000.00","2,675,000.00","100.41","Canada","-","CAD","5.49","1.00","Aug 25, 2032","3.94","CAD","Aug 25, 2025"
"ETRHWY","407 INTERNATIONAL INC MTN","Infrastructure","Fixed Income","2,704,630.63","0.08","2,704,630.63","3,129,000.00","3,129,000.00","85.91","Canada","-","CAD","12.66","1.00","Sep 8, 2044","3.65","CAD","Sep 8, 2017"
"ALTALK","ALTALINK LP","Infrastructure","Fixed Income","2,697,571.03","0.08","2,697,571.03","2,485,000.00","2,485,000.00","108.27","Canada","-","CAD","14.87","1.00","Oct 11, 2055","5.46","CAD","Oct 11, 2023"
"ATH","ATHENE GLOBAL FUNDING MTN RegS","Financial","Fixed Income","2,687,297.39","0.08","2,687,297.39","2,780,000.00","2,780,000.00","96.14","United States","-","CAD","7.50","1.00","Sep 19, 2035","4.61","CAD","Sep 19, 2025"
"NWRWPT","NORTH WEST REDWATER PARTNERSHIP RegS","Energy","Fixed Income","2,687,304.19","0.08","2,687,304.19","2,599,000.00","2,599,000.00","101.45","Canada","-","CAD","8.33","1.00","Jun 1, 2037","4.75","CAD","Jan 29, 2016"
"MFCCN","MANULIFE BANK OF CANADA","Financial","Fixed Income","2,686,463.61","0.08","2,686,463.61","2,645,000.00","2,645,000.00","99.88","Canada","-","CAD","3.65","1.00","May 15, 2030","3.72","CAD","May 15, 2025"
"WSPCN","WSP GLOBAL INC","Industrial","Fixed Income","2,686,121.49","0.08","2,686,121.49","2,645,000.00","2,645,000.00","101.00","Canada","-","CAD","3.09","1.00","Sep 12, 2029","4.12","CAD","Sep 12, 2024"
"KEYCN","KEYERA CORP RegS","Energy","Fixed Income","2,686,319.75","0.08","2,686,319.75","2,700,000.00","2,700,000.00","99.34","Canada","-","CAD","4.07","1.00","Oct 15, 2030","3.70","CAD","Sep 29, 2025"
"ATDBCN","ALIMENTATION COUCHE-TARD INC","Industrial","Fixed Income","2,683,702.33","0.08","2,683,702.33","2,591,000.00","2,591,000.00","102.38","Canada","-","CAD","2.48","1.00","Jan 25, 2029","4.60","CAD","Jan 25, 2024"
"PPLCN","PEMBINA PIPELINE CORP MTN","Energy","Fixed Income","2,683,284.26","0.08","2,683,284.26","2,864,000.00","2,864,000.00","92.40","Canada","-","CAD","12.51","1.00","Jan 21, 2047","4.74","CAD","Jan 20, 2017"
"EMACN","EMERA INCORPORATED RegS","Infrastructure","Fixed Income","2,665,828.53","0.08","2,665,828.53","2,531,000.00","2,531,000.00","102.95","Canada","-","CAD","3.45","1.00","May 2, 2030","4.84","CAD","May 2, 2023"
"WSPCN","WSP GLOBAL INC RegS","Industrial","Fixed Income","2,662,053.82","0.08","2,662,053.82","2,455,000.00","2,455,000.00","106.02","Canada","-","CAD","3.85","1.00","Nov 22, 2030","5.55","CAD","Nov 22, 2023"
"HNDA","HONDA CANADA FINANCE INC","Financial","Fixed Income","2,659,721.34","0.08","2,659,721.34","2,615,000.00","2,615,000.00","100.02","Canada","-","CAD","3.68","1.00","May 22, 2030","3.87","CAD","May 22, 2025"
"MRUCN","METRO INC","Industrial","Fixed Income","2,658,830.92","0.08","2,658,830.92","2,590,000.00","2,590,000.00","100.97","Canada","-","CAD","3.26","1.00","Nov 27, 2029","4.00","CAD","Nov 27, 2024"
"DE","JOHN DEERE FINANCIAL INC MTN","Financial","Fixed Income","2,653,062.56","0.08","2,653,062.56","2,620,000.00","2,620,000.00","99.91","United States","-","CAD","2.90","1.00","Jun 12, 2029","3.55","CAD","Jun 12, 2025"
"WSPCN","WSP GLOBAL INC RegS","Industrial","Fixed Income","2,639,168.59","0.08","2,639,168.59","2,654,000.00","2,654,000.00","98.21","Canada","-","CAD","7.66","1.00","Jan 22, 2036","4.59","CAD","Jan 22, 2026"
"DE","JOHN DEERE FINANCIAL INC MTN","Financial","Fixed Income","2,634,144.29","0.08","2,634,144.29","2,535,000.00","2,535,000.00","102.05","United States","-","CAD","1.07","1.00","Jun 14, 2027","4.95","CAD","Jun 13, 2023"
"DOLCN","DOLLARAMA INC","Industrial","Fixed Income","2,631,924.32","0.08","2,631,924.32","2,510,000.00","2,510,000.00","104.33","Canada","-","CAD","2.17","1.00","Sep 26, 2028","5.53","CAD","Sep 26, 2023"
"GTAAIR","GREATER TORONTO AIRPORTS AUTHORITY MTN 144A","Infrastructure","Fixed Income","2,624,910.48","0.08","2,624,910.48","2,235,000.00","2,235,000.00","114.59","Canada","-","CAD","4.24","1.00","Jun 4, 2031","7.10","CAD","Jun 4, 2001"
"APUCN","ALLIED PROPERTIES REAL ESTATE INVE","Real Estate","Fixed Income","2,625,000.77","0.08","2,625,000.77","2,875,000.00","2,875,000.00","90.60","Canada","-","CAD","5.18","1.00","Feb 6, 2032","3.10","CAD","Aug 6, 2021"
"IPLCN","INTER PIPELINE LTD MTN","Energy","Fixed Income","2,618,073.46","0.08","2,618,073.46","2,558,000.00","2,558,000.00","100.61","Canada","-","CAD","0.91","1.00","Jun 1, 2027","4.23","CAD","Jun 1, 2020"
"REIUCN","RIOCAN REAL ESTATE INVESTMENT TRUS","Real Estate","Fixed Income","2,617,583.44","0.08","2,617,583.44","2,585,000.00","2,585,000.00","100.92","Canada","-","CAD","4.74","1.00","Oct 3, 2031","4.62","CAD","Oct 3, 2024"
"HELOCS","HELOCS TRUST","Securitized","Fixed Income","2,615,846.17","0.08","2,615,846.17","2,600,000.00","2,600,000.00","100.54","Canada","-","CAD","1.44","1.00","Oct 23, 2027","3.77","CAD","Oct 28, 2024"
"AIREIN","AIMCO REALTY INVESTORS LP","Real Estate","Fixed Income","2,614,983.85","0.08","2,614,983.85","2,652,000.00","2,652,000.00","97.49","Canada","-","CAD","2.90","1.00","Jun 1, 2029","2.71","CAD","Jun 14, 2019"
"SOBOCN","SOUTH BOW CANADIAN INFRASTRUCTURE","Energy","Fixed Income","2,608,054.77","0.08","2,608,054.77","2,548,000.00","2,548,000.00","101.24","Canada","-","CAD","4.96","1.00","Feb 1, 2032","4.62","CAD","Aug 28, 2024"
"BAMREP","BROOKFIELD RENEWABLE PARTNERS ULC MTN","Energy","Fixed Income","2,607,600.41","0.08","2,607,600.41","2,595,000.00","2,595,000.00","98.88","Canada","-","CAD","13.95","1.00","Jan 10, 2054","5.32","CAD","Jan 10, 2024"
"NWRWPT","NORTH WEST REDWATER PARTNERSHIP RegS","Energy","Fixed Income","2,605,922.62","0.08","2,605,922.62","2,517,000.00","2,517,000.00","101.79","Canada","-","CAD","2.68","1.00","Jun 1, 2029","4.25","CAD","Jan 29, 2016"
"GRTCN","GRANITE REIT HOLDINGS LP","Real Estate","Fixed Income","2,598,672.65","0.08","2,598,672.65","2,589,000.00","2,589,000.00","100.06","Canada","-","CAD","4.79","1.00","Oct 4, 2031","4.35","CAD","Oct 4, 2024"
"GTAAIR","GREATER TORONTO AIRPORTS AUTHORITY MTN","Infrastructure","Fixed Income","2,596,012.35","0.08","2,596,012.35","2,256,000.00","2,256,000.00","112.39","Canada","-","CAD","3.54","1.00","Jun 12, 2030","7.05","CAD","Jun 12, 2000"
"ENBCN","ENBRIDGE INC MTN","Energy","Fixed Income","2,586,705.70","0.08","2,586,705.70","2,395,000.00","2,395,000.00","105.56","Canada","-","CAD","13.50","1.00","May 26, 2053","5.76","CAD","May 26, 2023"
"GILCN","GILDAN ACTIVEWEAR INC. RegS","Industrial","Fixed Income","2,584,519.00","0.08","2,584,519.00","2,494,000.00","2,494,000.00","101.73","Canada","-","CAD","3.20","1.00","Nov 22, 2029","4.36","CAD","Nov 22, 2024"
"GLCRTR_22-1","GLCRTR_22-1 RegS","Securitized","Fixed Income","2,577,661.12","0.08","2,577,661.12","2,510,000.00","2,510,000.00","102.14","Canada","-","CAD","1.34","1.00","Sep 20, 2027","4.96","CAD","Sep 27, 2022"
"F","FORD CREDIT CANADA CO RegS","Financial","Fixed Income","2,575,748.62","0.08","2,575,748.62","2,540,000.00","2,540,000.00","100.80","United States","-","CAD","1.32","1.00","Sep 13, 2027","4.61","CAD","Sep 12, 2024"
"TCN","TELUS CORPORATION","Communication","Fixed Income","2,569,944.80","0.08","2,569,944.80","2,694,000.00","2,694,000.00","94.05","Canada","-","CAD","11.84","1.00","Jan 17, 2045","4.75","CAD","Sep 15, 2014"
"CCDJ","FEDERATION DES CAISSES DESJARDINS","Financial","Fixed Income","2,566,532.49","0.08","2,566,532.49","2,435,000.00","2,435,000.00","104.31","Canada","-","CAD","2.14","1.00","Aug 16, 2028","5.47","CAD","Aug 16, 2023"
"BPCGEN","BPC GENERATION INFRASTRUCTURE TRUS RegS","Energy","Fixed Income","2,563,904.86","0.08","2,563,904.86","2,580,000.00","2,580,000.00","98.97","Canada","-","CAD","7.53","1.00","Sep 29, 2035","4.61","CAD","Sep 29, 2025"
"MFCCN","MANULIFE FINANCIAL CORP","Financial","Fixed Income","2,561,126.88","0.08","2,561,126.88","2,520,000.00","2,520,000.00","99.91","Canada","-","CAD","3.63","1.00","May 23, 2035","3.98","CAD","May 23, 2025"
"MMSPT","MINI MALL STORAGE PROPERTIES TRUST RegS","Real Estate","Fixed Income","2,557,703.08","0.08","2,557,703.08","2,545,000.00","2,545,000.00","98.55","Canada","-","CAD","4.03","1.00","Dec 1, 2030","4.75","CAD","Dec 1, 2025"
"ETRHWY","407 INTERNATIONAL INC MTN","Infrastructure","Fixed Income","2,557,748.31","0.08","2,557,748.31","3,581,000.00","3,581,000.00","71.01","Canada","-","CAD","15.52","1.00","Mar 7, 2050","2.84","CAD","Mar 6, 2020"
"REIUCN","RIOCAN REAL ESTATE INVESTMENT TRUS","Real Estate","Fixed Income","2,553,380.32","0.08","2,553,380.32","2,423,000.00","2,423,000.00","104.48","Canada","-","CAD","3.32","1.00","Mar 1, 2030","5.47","CAD","Feb 12, 2024"
"GTAAIR","GREATER TORONTO AIRPORTS AUTHORITY","Infrastructure","Fixed Income","2,552,077.78","0.08","2,552,077.78","2,805,000.00","2,805,000.00","89.64","Canada","-","CAD","8.94","1.00","Jun 1, 2037","3.26","CAD","Mar 29, 2018"
"GM","GENERAL MOTORS FINANCIAL OF CANADA","Financial","Fixed Income","2,547,238.41","0.08","2,547,238.41","2,454,000.00","2,454,000.00","102.66","United States","-","CAD","1.61","1.00","Feb 9, 2028","5.20","CAD","Feb 9, 2023"
"ONCRTX","ONCOR ELECTRIC DELIVERY COMPANY LL RegS","Infrastructure","Fixed Income","2,546,444.04","0.08","2,546,444.04","2,585,000.00","2,585,000.00","98.17","United States","-","CAD","7.66","1.00","Oct 1, 2035","4.20","CAD","Sep 26, 2025"
"FFHCN","FAIRFAX FINANCIAL HOLDINGS LTD","Financial","Fixed Income","2,544,574.05","0.08","2,544,574.05","2,590,000.00","2,590,000.00","97.50","Canada","-","CAD","7.82","1.00","Feb 27, 2036","4.40","CAD","Feb 27, 2026"
"BNCN","BROOKFIELD FINANCE II INC MTN RegS","Industrial","Fixed Income","2,544,410.07","0.08","2,544,410.07","2,530,000.00","2,530,000.00","100.45","Canada","-","CAD","7.84","1.00","Apr 21, 2036","4.80","CAD","Apr 21, 2026"
"TOYOTA","TOYOTA CREDIT CANADA INC MTN","Financial","Fixed Income","2,544,014.55","0.08","2,544,014.55","2,530,000.00","2,530,000.00","100.30","Canada","-","CAD","1.38","1.00","Oct 4, 2027","3.55","CAD","Oct 2, 2024"
"CTCACN","CANADIAN TIRE CORPORATION LTD MTN","Industrial","Fixed Income","2,543,168.70","0.08","2,543,168.70","2,395,000.00","2,395,000.00","105.52","Canada","-","CAD","3.78","1.00","Sep 16, 2030","5.37","CAD","Sep 14, 2023"
"ALACN","ALTAGAS LTD MTN RegS","Energy","Fixed Income","2,538,345.94","0.08","2,538,345.94","2,453,000.00","2,453,000.00","102.76","Canada","-","CAD","13.95","1.00","Mar 14, 2054","5.60","CAD","Mar 14, 2024"
"CHPUCN","CHOICE PROPERTIES REAL ESTATE INVE","Real Estate","Fixed Income","2,536,710.90","0.08","2,536,710.90","2,515,000.00","2,515,000.00","99.61","Canada","-","CAD","1.02","1.00","May 21, 2027","2.85","CAD","May 21, 2020"
"NWRWPT","NORTH WEST REDWATER PARTNERSHIP RegS","Energy","Fixed Income","2,535,268.55","0.08","2,535,268.55","3,035,000.00","3,035,000.00","81.99","Canada","-","CAD","14.70","1.00","Jun 1, 2051","3.75","CAD","Jun 30, 2021"
"HNDA","HONDA CANADA FINANCE INC","Financial","Fixed Income","2,523,568.09","0.08","2,523,568.09","2,424,000.00","2,424,000.00","103.19","Canada","-","CAD","2.60","1.00","Feb 21, 2029","4.90","CAD","Feb 21, 2024"
"GTAAIR","GREATER TORONTO AIRPORTS AUTHORITY","Infrastructure","Fixed Income","2,519,431.97","0.08","2,519,431.97","2,581,000.00","2,581,000.00","96.86","Canada","-","CAD","1.94","1.00","May 3, 2028","1.54","CAD","Nov 3, 2020"
"VANAFF","VANCOUVER AIRPORT FUEL FACILITIES","Infrastructure","Fixed Income","2,517,163.52","0.08","2,517,163.52","2,475,000.00","2,475,000.00","100.17","Canada","-","CAD","3.70","1.00","Jun 4, 2030","3.81","CAD","Jun 4, 2025"
"BCIMCR","BCI QUADREAL REALTY","Real Estate","Fixed Income","2,517,207.69","0.08","2,517,207.69","2,510,000.00","2,510,000.00","99.86","Canada","-","CAD","1.80","1.00","Mar 14, 2028","3.28","CAD","Mar 14, 2025"
"MBGGR","MERCEDES-BENZ FINANCE CANADA INC","Financial","Fixed Income","2,514,739.63","0.08","2,514,739.63","2,440,000.00","2,440,000.00","101.65","Germany","-","CAD","1.14","1.00","Jul 9, 2027","4.64","CAD","Jul 9, 2024"
"RCICN","ROGERS COMMUNICATIONS INC","Communication","Fixed Income","2,507,618.93","0.08","2,507,618.93","2,119,000.00","2,119,000.00","115.10","Canada","-","CAD","8.96","1.00","Nov 4, 2039","6.68","CAD","Nov 4, 2009"
"HOSNOH","HOSPITAL INFRASTRUCTURE PARTNERS I","Infrastructure","Fixed Income","2,506,234.10","0.08","2,506,234.10","2,346,465.00","2,346,465.00","105.48","Canada","-","CAD","7.88","1.00","Jan 31, 2045","5.44","CAD","Jul 29, 2011"
"WCPCN","VEREN INC RegS","Energy","Fixed Income","2,500,102.63","0.08","2,500,102.63","2,378,000.00","2,378,000.00","103.37","Canada","-","CAD","2.79","1.00","Jun 21, 2029","4.97","CAD","Jun 21, 2024"
"CHPUCN","CHOICE PROPERTIES REAL ESTATE INVE","Real Estate","Fixed Income","2,498,536.72","0.08","2,498,536.72","2,345,000.00","2,345,000.00","105.66","Canada","-","CAD","5.58","1.00","Mar 1, 2033","5.40","CAD","Mar 1, 2023"
"CPXCN","CAPITAL POWER CORP MTN RegS","Energy","Fixed Income","2,495,686.77","0.08","2,495,686.77","2,265,000.00","2,265,000.00","108.63","Canada","-","CAD","6.07","1.00","Jan 25, 2034","5.97","CAD","Dec 15, 2023"
"EMPACN","SOBEYS INC RegS","Industrial","Fixed Income","2,495,798.07","0.08","2,495,798.07","2,525,000.00","2,525,000.00","98.84","Canada","-","CAD","2.39","1.00","Oct 30, 2028","3.10","CAD","Oct 30, 2025"
"NORCOU","NORTHERN COURIER PIPELINE LP RegS","Energy","Fixed Income","2,493,401.10","0.08","2,493,401.10","2,619,960.00","2,619,960.00","94.06","Canada","-","CAD","5.78","1.00","Jun 30, 2042","3.37","CAD","Jul 17, 2019"
"CIXCN","CI FINANCIAL CORP","Financial","Fixed Income","2,492,910.53","0.08","2,492,910.53","2,465,000.00","2,465,000.00","100.78","Canada","-","CAD","1.83","1.00","Apr 3, 2028","4.75","CAD","Apr 1, 2025"
"APUCN","ALLIED PROPERTIES REAL ESTATE INVE RegS","Real Estate","Fixed Income","2,488,921.73","0.08","2,488,921.73","2,515,000.00","2,515,000.00","98.50","Canada","-","CAD","4.73","1.00","Sep 25, 2031","4.67","CAD","Sep 25, 2025"
"HNDA","HONDA CANADA FINANCE INC","Financial","Fixed Income","2,487,756.68","0.08","2,487,756.68","2,363,000.00","2,363,000.00","103.31","Canada","-","CAD","2.82","1.00","Jun 4, 2029","4.90","CAD","Jun 4, 2024"
"KEYCN","KEYERA CORP","Energy","Fixed Income","2,485,614.99","0.08","2,485,614.99","2,438,000.00","2,438,000.00","100.55","Canada","-","CAD","1.91","1.00","Jun 21, 2028","3.93","CAD","Jun 19, 2018"
"CRBG","COREBRIDGE GLOBAL FUNDING RegS","Financial","Fixed Income","2,478,844.70","0.08","2,478,844.70","2,480,000.00","2,480,000.00","98.85","United States","-","CAD","4.24","1.00","Jan 15, 2031","3.84","CAD","Jan 15, 2026"
"BIP","BROOKFIELD INFRASTRUCTURE FINANCE MTN RegS","Infrastructure","Fixed Income","2,475,170.77","0.08","2,475,170.77","2,289,000.00","2,289,000.00","106.68","Canada","-","CAD","3.61","1.00","Jul 27, 2030","5.71","CAD","Jul 27, 2023"
"APUCN","ALLIED PROPERTIES REAL ESTATE INVE RegS","Real Estate","Fixed Income","2,471,324.68","0.08","2,471,324.68","2,425,000.00","2,425,000.00","101.05","Canada","-","CAD","2.60","1.00","Feb 24, 2029","4.81","CAD","Feb 24, 2025"
"BCECN","BELL CANADA INC","Communication","Fixed Income","2,467,833.99","0.08","2,467,833.99","2,503,000.00","2,503,000.00","97.69","Canada","-","CAD","2.00","1.00","May 29, 2028","2.20","CAD","May 28, 2021"
"FTSCN","FORTIS INC","Infrastructure","Fixed Income","2,466,932.33","0.08","2,466,932.33","2,497,000.00","2,497,000.00","97.80","Canada","-","CAD","1.96","1.00","May 15, 2028","2.18","CAD","May 14, 2021"
"CP","CANADIAN PACIFIC RAILWAY COMPANY","Industrial","Fixed Income","2,466,427.05","0.08","2,466,427.05","2,428,000.00","2,428,000.00","100.07","Canada","-","CAD","5.30","1.00","Jun 13, 2032","4.00","CAD","Jun 13, 2025"
"BCECN","BELL CANADA INC MTN","Communication","Fixed Income","2,466,295.40","0.08","2,466,295.40","2,516,000.00","2,516,000.00","97.62","Canada","-","CAD","3.16","1.00","Sep 10, 2029","2.90","CAD","Sep 10, 2019"
"ALACN","ALTAGAS LTD MTN RegS","Energy","Fixed Income","2,461,792.94","0.08","2,461,792.94","2,443,000.00","2,443,000.00","99.35","Canada","-","CAD","1.47","1.00","Nov 10, 2027","3.02","CAD","Nov 10, 2025"
"TRPCN","TRANSCANADA PIPELINES LTD MTN","Energy","Fixed Income","2,454,917.72","0.08","2,454,917.72","2,517,000.00","2,517,000.00","96.38","Canada","-","CAD","4.63","1.00","Jun 9, 2031","2.97","CAD","Jun 9, 2021"
"GEICN","GIBSON ENERGY INC MTN","Energy","Fixed Income","2,451,800.70","0.08","2,451,800.70","2,459,000.00","2,459,000.00","99.27","Canada","-","CAD","3.13","1.00","Sep 17, 2029","3.60","CAD","Sep 17, 2019"
"HYNMTR","HYUNDAI CAPITAL CANADA INC","Financial","Fixed Income","2,448,451.20","0.08","2,448,451.20","2,347,000.00","2,347,000.00","103.51","Canada","-","CAD","1.68","1.00","Mar 8, 2028","5.57","CAD","Mar 8, 2023"
"ALTALK","ALTALINK LP MTN","Infrastructure","Fixed Income","2,438,262.49","0.08","2,438,262.49","2,632,000.00","2,632,000.00","91.32","Canada","-","CAD","11.39","1.00","Jun 30, 2042","3.99","CAD","Jun 29, 2012"
"SLFCN","SUN LIFE FINANCIAL INC","Financial","Fixed Income","2,433,902.17","0.08","2,433,902.17","2,496,000.00","2,496,000.00","96.11","Canada","-","CAD","4.92","1.00","Nov 18, 2036","3.15","CAD","Nov 18, 2021"
"BPCGEN","BPC GENERATION INFRASTRUCTURE TRUS RegS","Energy","Fixed Income","2,433,930.00","0.08","2,433,930.00","2,450,000.00","2,450,000.00","98.98","Canada","-","CAD","5.56","1.00","Sep 29, 2032","4.16","CAD","Sep 29, 2025"
"RCICN","ROGERS COMMUNICATIONS INC. MTN","Communication","Fixed Income","2,432,620.40","0.08","2,432,620.40","2,113,000.00","2,113,000.00","114.43","Canada","-","CAD","9.64","1.00","Mar 22, 2041","6.56","CAD","Mar 21, 2011"
"MRUCN","METRO INC MTN","Industrial","Fixed Income","2,429,059.11","0.08","2,429,059.11","2,395,000.00","2,395,000.00","100.08","Canada","-","CAD","1.48","1.00","Dec 6, 2027","3.39","CAD","Dec 4, 2017"
"GRTCN","GRANITE REIT HOLDINGS LP","Real Estate","Fixed Income","2,428,682.49","0.08","2,428,682.49","2,500,000.00","2,500,000.00","96.78","Canada","-","CAD","2.25","1.00","Aug 30, 2028","2.19","CAD","Aug 30, 2021"
"TCN","TELUS CORPORATION","Communication","Fixed Income","2,423,984.04","0.08","2,423,984.04","2,235,000.00","2,235,000.00","107.59","Canada","-","CAD","13.65","1.00","Sep 8, 2053","5.95","CAD","Sep 8, 2023"
"BCECN","BELL CANADA MTN","Communication","Fixed Income","2,421,987.88","0.08","2,421,987.88","2,673,000.00","2,673,000.00","89.85","Canada","-","CAD","12.84","1.00","Feb 27, 2047","4.45","CAD","Feb 27, 2017"
"CRSLNX","CROSSLINX TRANSIT SOLUTIONS GENERA RegS","Infrastructure","Fixed Income","2,421,539.98","0.08","2,421,539.98","2,549,231.00","2,549,231.00","94.61","Canada","-","CAD","8.21","1.00","Sep 30, 2046","4.65","CAD","Jul 24, 2015"
"SOBOCN","SOUTH BOW CANADIAN INFRASTRUCTURE","Energy","Fixed Income","2,420,802.91","0.08","2,420,802.91","2,369,000.00","2,369,000.00","101.14","Canada","-","CAD","3.40","1.00","Feb 1, 2030","4.32","CAD","Aug 28, 2024"
"ETRHWY","407 INTERNATIONAL INC MTN","Infrastructure","Fixed Income","2,419,337.66","0.08","2,419,337.66","2,810,000.00","2,810,000.00","84.36","Canada","-","CAD","13.82","1.00","May 11, 2048","3.72","CAD","May 9, 2018"
"TCN","TELUS CORPORATION","Communication","Fixed Income","2,413,144.71","0.08","2,413,144.71","2,443,000.00","2,443,000.00","98.18","Canada","-","CAD","1.69","1.00","Jan 27, 2028","2.35","CAD","May 29, 2020"
"CNQCN","CANADIAN NATURAL RESOURCES LTD MTN RegS","Energy","Fixed Income","2,410,328.78","0.08","2,410,328.78","2,405,000.00","2,405,000.00","99.39","Canada","-","CAD","4.31","1.00","Feb 8, 2031","3.75","CAD","Dec 8, 2025"
"NACN","NATIONAL BANK OF CANADA MTN","Financial","Fixed Income","2,410,204.43","0.08","2,410,204.43","2,300,000.00","2,300,000.00","103.72","Canada","-","CAD","2.58","1.00","Feb 15, 2034","5.28","CAD","Feb 5, 2024"
"ENBGAS","ENBRIDGE GAS INC MTN","Energy","Fixed Income","2,408,891.63","0.08","2,408,891.63","2,564,000.00","2,564,000.00","92.24","Canada","-","CAD","12.01","1.00","Jun 2, 2044","4.20","CAD","Jun 2, 2014"
"AIREIN","AIMCO REALTY INVESTORS LP","Real Estate","Fixed Income","2,405,249.44","0.07","2,405,249.44","2,310,000.00","2,310,000.00","103.18","Canada","-","CAD","3.40","1.00","Feb 15, 2030","4.64","CAD","May 23, 2024"
"KEYCN","KEYERA CORP RegS","Energy","Fixed Income","2,397,830.53","0.07","2,397,830.53","2,405,000.00","2,405,000.00","99.51","Canada","-","CAD","7.58","1.00","Oct 15, 2035","4.57","CAD","Sep 29, 2025"
"TOYOTA","TOYOTA CREDIT CANADA INC MTN","Financial","Fixed Income","2,396,749.23","0.07","2,396,749.23","2,332,000.00","2,332,000.00","102.26","Canada","-","CAD","2.69","1.00","Mar 19, 2029","4.46","CAD","Mar 19, 2024"
"AERMON","MONTREAL AIRPORTS","Infrastructure","Fixed Income","2,390,720.38","0.07","2,390,720.38","3,001,000.00","3,001,000.00","79.63","Canada","-","CAD","15.36","1.00","Apr 26, 2051","3.44","CAD","Apr 26, 2021"
"CUCN","CU INC","Energy","Fixed Income","2,390,867.08","0.07","2,390,867.08","2,450,000.00","2,450,000.00","97.51","Canada","-","CAD","10.94","1.00","Oct 24, 2041","4.54","CAD","Oct 24, 2011"
"GIBACN","CGI INC","Industrial","Fixed Income","2,390,282.20","0.07","2,390,282.20","2,354,000.00","2,354,000.00","100.91","Canada","-","CAD","3.08","1.00","Sep 5, 2029","4.15","CAD","Sep 5, 2024"
"HNDA","HONDA CANADA FINANCE INC","Financial","Fixed Income","2,386,919.26","0.07","2,386,919.26","2,416,000.00","2,416,000.00","98.43","Canada","-","CAD","4.03","1.00","Sep 23, 2030","3.54","CAD","Sep 23, 2025"
"EPCOR","EPCOR UTILITIES INC","Infrastructure","Fixed Income","2,384,049.42","0.07","2,384,049.42","2,323,000.00","2,323,000.00","100.56","Canada","-","CAD","14.56","1.00","May 31, 2054","4.99","CAD","May 31, 2024"
"SOBOCN","SOUTH BOW CANADIAN INFRASTRUCTURE RegS","Energy","Fixed Income","2,377,816.62","0.07","2,377,816.62","2,318,000.00","2,318,000.00","101.39","Canada","-","CAD","6.97","1.00","Feb 1, 2035","4.93","CAD","Aug 28, 2024"
"HYDONE","HYDRO ONE INC MTN","Infrastructure","Fixed Income","2,372,799.39","0.07","2,372,799.39","2,370,000.00","2,370,000.00","98.01","Canada","-","CAD","15.24","1.00","Nov 21, 2056","4.80","CAD","Nov 21, 2025"
"SMA","SMARTSTOP OP LP RegS","Real Estate","Fixed Income","2,370,307.88","0.07","2,370,307.88","2,330,000.00","2,330,000.00","100.28","United States","-","CAD","2.01","1.00","Jun 16, 2028","3.91","CAD","Jun 16, 2025"
"GLCRTR_25-1","GLCRTR_25-1 RegS","Securitized","Fixed Income","2,365,998.42","0.07","2,365,998.42","2,350,000.00","2,350,000.00","100.24","Canada","-","CAD","4.00","1.00","Sep 20, 2033","3.91","CAD","Aug 27, 2025"
"XCN","TMX GROUP LTD RegS","Financial","Fixed Income","2,364,290.46","0.07","2,364,290.46","2,235,000.00","2,235,000.00","104.79","Canada","-","CAD","6.34","1.00","Feb 16, 2034","4.97","CAD","Feb 16, 2024"
"GM","GENERAL MOTORS FINANCIAL OF CANADA RegS","Financial","Fixed Income","2,361,007.10","0.07","2,361,007.10","2,382,000.00","2,382,000.00","98.41","United States","-","CAD","4.34","1.00","Feb 20, 2031","3.75","CAD","Feb 20, 2026"
"EIFCN","EXCHANGE INCOME CORP RegS","Industrial","Fixed Income","2,357,085.18","0.07","2,357,085.18","2,360,000.00","2,360,000.00","99.31","Canada","-","CAD","4.33","1.00","Mar 13, 2031","4.32","CAD","Mar 13, 2026"
"RLNCE","RELIANCE LP","Industrial","Fixed Income","2,356,010.27","0.07","2,356,010.27","2,358,000.00","2,358,000.00","98.81","Canada","-","CAD","1.53","1.00","Dec 1, 2027","2.68","CAD","Aug 20, 2020"
"BRUPOW","BRUCE POWER LP RegS","Energy","Fixed Income","2,356,208.52","0.07","2,356,208.52","2,350,000.00","2,350,000.00","98.70","Canada","-","CAD","5.68","1.00","Dec 21, 2032","4.00","CAD","Dec 8, 2025"
"ARXCN","ARC RESOURCES LTD RegS","Energy","Fixed Income","2,354,410.56","0.07","2,354,410.56","2,260,000.00","2,260,000.00","102.56","Canada","-","CAD","5.28","1.00","Jun 17, 2032","4.41","CAD","Jun 17, 2025"
"CPXCN","CAPITAL POWER CORP","Energy","Fixed Income","2,352,813.23","0.07","2,352,813.23","2,233,000.00","2,233,000.00","104.63","Canada","-","CAD","2.14","1.00","Sep 15, 2028","5.82","CAD","Sep 15, 2023"
"TD","TORONTO-DOMINION BANK/THE MTN RegS","Financial","Fixed Income","2,345,642.84","0.07","2,345,642.84","2,350,000.00","2,350,000.00","99.81","Canada","-","CAD","4.59","1.00","Jun 16, 2036","4.21","CAD","Apr 30, 2026"
"ONTPOW","ONTARIO POWER GENERATION INC","Energy","Fixed Income","2,345,017.28","0.07","2,345,017.28","2,748,000.00","2,748,000.00","83.98","Canada","-","CAD","13.73","1.00","Jun 22, 2048","3.84","CAD","Jun 22, 2018"
"ENBCN","ENBRIDGE INC MTN","Energy","Fixed Income","2,344,433.79","0.07","2,344,433.79","2,329,000.00","2,329,000.00","100.04","Canada","-","CAD","1.75","1.00","Feb 25, 2028","3.55","CAD","Feb 25, 2025"
"OXPROP","OXFORD PROPERTIES GROUP TRUST","Real Estate","Fixed Income","2,340,125.44","0.07","2,340,125.44","2,290,000.00","2,290,000.00","100.62","Canada","-","CAD","3.26","1.00","Dec 4, 2029","3.90","CAD","Jun 4, 2025"
"DIRUCN","DREAM INDUSTRIAL REAL ESTATE INVES","Real Estate","Fixed Income","2,336,439.41","0.07","2,336,439.41","2,255,000.00","2,255,000.00","103.04","Canada","-","CAD","1.72","1.00","Mar 22, 2028","5.38","CAD","Mar 22, 2023"
"LCN","LOBLAW COMPANIES LTD","Industrial","Fixed Income","2,333,605.29","0.07","2,333,605.29","2,205,000.00","2,205,000.00","105.17","Canada","-","CAD","5.32","1.00","Sep 13, 2032","5.01","CAD","Sep 13, 2022"
"CUCN","CU INC RegS","Energy","Fixed Income","2,332,212.60","0.07","2,332,212.60","2,380,000.00","2,380,000.00","97.40","Canada","-","CAD","15.20","1.00","Sep 16, 2055","4.79","CAD","Sep 16, 2025"
"LCN","LOBLAW COMPANIES LTD","Industrial","Fixed Income","2,324,757.30","0.07","2,324,757.30","2,300,000.00","2,300,000.00","99.72","Canada","-","CAD","3.32","1.00","Dec 12, 2029","3.56","CAD","Dec 12, 2024"
"NVLAUT","NOUVELLE AUTOROUTE 30 FINANCEMENT","Infrastructure","Fixed Income","2,321,947.29","0.07","2,321,947.29","2,476,704.00","2,476,704.00","92.40","Canada","-","CAD","8.89","1.00","Jun 30, 2042","4.12","CAD","Jun 14, 2018"
"ONTPOW","ONTARIO POWER GENERATION INC MTN","Energy","Fixed Income","2,320,999.63","0.07","2,320,999.63","2,313,000.00","2,313,000.00","100.11","Canada","-","CAD","1.33","1.00","Oct 4, 2027","3.31","CAD","Oct 2, 2017"
"ETRHWY","407 INTERNATIONAL INC MTN","Infrastructure","Fixed Income","2,318,035.90","0.07","2,318,035.90","2,020,000.00","2,020,000.00","112.34","Canada","-","CAD","7.28","1.00","Dec 3, 2035","5.96","CAD","Dec 3, 2004"
"ETRHWY","407 INTERNATIONAL INC MTN","Infrastructure","Fixed Income","2,317,582.59","0.07","2,317,582.59","2,474,000.00","2,474,000.00","93.62","Canada","-","CAD","11.33","1.00","Apr 25, 2042","4.19","CAD","Apr 25, 2012"
"ETRHWY","407 INTERNATIONAL INC MTN","Infrastructure","Fixed Income","2,315,165.39","0.07","2,315,165.39","2,457,000.00","2,457,000.00","93.97","Canada","-","CAD","15.23","1.00","Oct 9, 2054","4.54","CAD","Oct 9, 2024"
"SRUUCN","SMARTCENTRES REAL ESTATE INVESTMEN","Real Estate","Fixed Income","2,310,264.25","0.07","2,310,264.25","2,328,000.00","2,328,000.00","97.97","Canada","-","CAD","3.34","1.00","Dec 20, 2029","3.53","CAD","Dec 20, 2019"
"ETRHWY","407 INTERNATIONAL INC MTN","Infrastructure","Fixed Income","2,304,822.78","0.07","2,304,822.78","2,753,000.00","2,753,000.00","83.19","Canada","-","CAD","14.33","1.00","Mar 8, 2049","3.67","CAD","Mar 6, 2019"
"OMERS","OMERS REALTY CORP RegS","Real Estate","Fixed Income","2,304,452.24","0.07","2,304,452.24","2,237,000.00","2,237,000.00","102.75","Canada","-","CAD","2.61","1.00","Apr 9, 2029","4.54","CAD","Mar 9, 2023"
"GRTCN","GRANITE REIT HOLDINGS LP","Real Estate","Fixed Income","2,302,018.64","0.07","2,302,018.64","2,281,000.00","2,281,000.00","99.69","Canada","-","CAD","1.06","1.00","Jun 4, 2027","3.06","CAD","Jun 4, 2020"
"BAMREP","BROOKFIELD RENEWABLE PARTNERS ULC MTN","Energy","Fixed Income","2,299,338.42","0.07","2,299,338.42","2,308,000.00","2,308,000.00","98.65","Canada","-","CAD","3.41","1.00","Jan 15, 2030","3.38","CAD","Sep 13, 2019"
"WCPCN","VEREN INC RegS","Energy","Fixed Income","2,299,069.94","0.07","2,299,069.94","2,122,000.00","2,122,000.00","106.38","Canada","-","CAD","6.39","1.00","Jun 21, 2034","5.50","CAD","Jun 21, 2024"
"HYDONE","HYDRO ONE INC MTN","Infrastructure","Fixed Income","2,298,019.14","0.07","2,298,019.14","2,351,000.00","2,351,000.00","97.48","Canada","-","CAD","11.71","1.00","Oct 9, 2043","4.59","CAD","Oct 9, 2013"
"GRTCN","GRANITE REIT HOLDINGS LP","Real Estate","Fixed Income","2,293,386.00","0.07","2,293,386.00","2,160,000.00","2,160,000.00","105.88","Canada","-","CAD","2.63","1.00","Apr 12, 2029","6.07","CAD","Oct 12, 2023"
"VW","VW CREDIT CANADA INC RegS","Financial","Fixed Income","2,292,471.77","0.07","2,292,471.77","2,275,000.00","2,275,000.00","99.26","Germany","-","CAD","2.40","1.00","Nov 20, 2028","3.39","CAD","Nov 19, 2025"
"STNLCN","STONLASEC8 INDIGENOUS INVESTMENTS","Energy","Fixed Income","2,291,828.91","0.07","2,291,828.91","2,244,338.00","2,244,338.00","100.50","Canada","-","CAD","9.09","1.00","Jul 6, 2055","5.17","CAD","Jul 2, 2025"
"BNCN","BROOKFIELD ASSET MANAGEMENT INC.","Industrial","Fixed Income","2,291,374.40","0.07","2,291,374.40","2,053,000.00","2,053,000.00","109.38","Canada","-","CAD","6.99","1.00","Jun 14, 2035","5.95","CAD","Jun 14, 2005"
"HYNMTR","HYUNDAI CAPITAL CANADA INC RegS","Financial","Fixed Income","2,289,451.41","0.07","2,289,451.41","2,250,000.00","2,250,000.00","100.20","Canada","-","CAD","1.49","1.00","Nov 22, 2027","3.58","CAD","May 22, 2025"
"GTAAIR","GREATER TORONTO AIRPORTS AUTHORITY 144A","Infrastructure","Fixed Income","2,288,929.66","0.07","2,288,929.66","2,038,000.00","2,038,000.00","110.09","Canada","-","CAD","9.70","1.00","Jun 7, 2040","5.63","CAD","Jun 7, 2010"
"CNQCN","CANADIAN NATURAL RESOURCES LTD RegS","Energy","Fixed Income","2,285,403.12","0.07","2,285,403.12","2,235,000.00","2,235,000.00","100.71","Canada","-","CAD","4.89","1.00","Dec 15, 2031","4.15","CAD","Dec 6, 2024"
"HYDONE","HYDRO ONE INC. MTN","Infrastructure","Fixed Income","2,285,082.95","0.07","2,285,082.95","1,979,000.00","1,979,000.00","113.92","Canada","-","CAD","6.15","1.00","Jan 31, 2034","6.35","CAD","Jan 31, 2003"
"MMSPT","MINI MALL STORAGE PROPERTIES TRUST RegS","Real Estate","Fixed Income","2,282,906.11","0.07","2,282,906.11","2,265,000.00","2,265,000.00","99.03","Canada","-","CAD","2.40","1.00","Dec 1, 2028","4.28","CAD","Dec 1, 2025"
"IFCCN","INTACT FINANCIAL CORP RegS","Financial","Fixed Income","2,280,843.27","0.07","2,280,843.27","2,263,000.00","2,263,000.00","99.66","Canada","-","CAD","1.07","1.00","Jun 7, 2027","2.85","CAD","Jun 7, 2017"
"CCDJ","FEDERATION DES CAISSES DESJARDINS","Financial","Fixed Income","2,276,036.37","0.07","2,276,036.37","2,250,000.00","2,250,000.00","100.43","Canada","-","CAD","5.50","1.00","Aug 25, 2032","4.12","CAD","Aug 25, 2025"
"DUBCA","FAIRSTONE BANK OF CANADA","Financial","Fixed Income","2,270,553.70","0.07","2,270,553.70","2,289,000.00","2,289,000.00","98.54","Canada","-","CAD","2.65","1.00","Feb 23, 2029","3.62","CAD","Feb 23, 2026"
"NVLAUT","NOUVELLE AUTOROUTE 30 FINANCEMENT","Infrastructure","Fixed Income","2,270,277.05","0.07","2,270,277.05","2,313,438.00","2,313,438.00","97.83","Canada","-","CAD","3.67","1.00","Mar 31, 2033","3.75","CAD","Jun 14, 2018"
"HUSMID","HUSKY MIDSTREAM LP","Energy","Fixed Income","2,268,882.19","0.07","2,268,882.19","2,210,000.00","2,210,000.00","100.99","Canada","-","CAD","3.25","1.00","Dec 2, 2029","4.10","CAD","Dec 2, 2024"
"SGTPHW","SGTP HIGHWAY BYPASS LIMITED PARTNE RegS","Infrastructure","Fixed Income","2,260,760.84","0.07","2,260,760.84","2,355,048.00","2,355,048.00","95.00","Canada","-","CAD","7.83","1.00","Jan 31, 2045","4.11","CAD","Aug 4, 2015"
"EDF","ELECTRICITE DE FRANCE SA RegS","Infrastructure","Fixed Income","2,260,214.87","0.07","2,260,214.87","2,260,000.00","2,260,000.00","98.97","France","-","CAD","7.07","1.00","Feb 6, 2035","4.57","CAD","Feb 6, 2025"
"FTSCN","FORTIS INC","Infrastructure","Fixed Income","2,259,887.49","0.07","2,259,887.49","2,220,000.00","2,220,000.00","101.20","Canada","-","CAD","4.72","1.00","Sep 9, 2031","4.17","CAD","Sep 9, 2024"
"WCPCN","WHITECAP RESOURCES INC","Energy","Fixed Income","2,258,124.50","0.07","2,258,124.50","2,175,000.00","2,175,000.00","101.66","Canada","-","CAD","3.14","1.00","Nov 1, 2029","4.38","CAD","Nov 1, 2024"
"ETRHWY","407 INTERNATIONAL INC MTN RegS","Infrastructure","Fixed Income","2,257,592.37","0.07","2,257,592.37","2,285,000.00","2,285,000.00","98.50","Canada","-","CAD","7.69","1.00","Oct 3, 2035","4.11","CAD","Oct 3, 2025"
"ETRHWY","407 INTERNATIONAL INC. MTN","Infrastructure","Fixed Income","2,250,409.28","0.07","2,250,409.28","2,655,000.00","2,655,000.00","83.18","Canada","-","CAD","13.59","1.00","May 21, 2047","3.60","CAD","May 19, 2016"
"ONTPOW","ONTARIO POWER GENERATION INC MTN","Energy","Fixed Income","2,249,337.85","0.07","2,249,337.85","2,308,000.00","2,308,000.00","96.82","Canada","-","CAD","14.91","1.00","Mar 13, 2055","4.87","CAD","Mar 13, 2025"
"LECARR","LE CARREFOUR LAVAL REC INC","Real Estate","Fixed Income","2,245,534.03","0.07","2,245,534.03","2,220,000.00","2,220,000.00","100.29","Canada","-","CAD","3.81","1.00","Aug 14, 2030","4.20","CAD","Aug 14, 2025"
"TRPCN","TRANSCANADA PIPELINES LTD MTN RegS","Energy","Fixed Income","2,244,932.60","0.07","2,244,932.60","2,596,000.00","2,596,000.00","85.14","Canada","-","CAD","13.32","1.00","Jul 3, 2048","4.18","CAD","Jul 3, 2018"
"FFHCN","FAIRFAX FINANCIAL HOLDINGS LTD","Financial","Fixed Income","2,244,734.09","0.07","2,244,734.09","2,180,000.00","2,180,000.00","100.91","Canada","-","CAD","6.83","1.00","Nov 22, 2034","4.73","CAD","Nov 22, 2024"
"CCOCN","CAMECO CORPORATION","Industrial","Equity","2,242,673.17","0.07","2,242,673.17","2,255,000.00","2,255,000.00","99.38","Canada","-","CAD","1.43","1.00","Oct 21, 2027","2.95","CAD","Oct 21, 2020"
"ENBCN","ENBRIDGE INC MTN","Energy","Fixed Income","2,241,601.18","0.07","2,241,601.18","2,065,000.00","2,065,000.00","106.28","Canada","-","CAD","5.68","1.00","May 26, 2033","5.36","CAD","May 26, 2023"
"GBLATL","GA GLOBAL FUNDING TRUST RegS","Financial","Fixed Income","2,236,036.57","0.07","2,236,036.57","2,217,000.00","2,217,000.00","99.55","United States","-","CAD","5.99","1.00","Jul 22, 2033","4.86","CAD","Jul 22, 2025"
"TOYOTA","TOYOTA CREDIT CANADA INC MTN","Financial","Fixed Income","2,233,504.68","0.07","2,233,504.68","2,150,000.00","2,150,000.00","102.38","Canada","-","CAD","2.90","1.00","Jun 27, 2029","4.44","CAD","Jun 27, 2024"
"COAGAS","COASTAL GASLINK PIPELINE LP","Energy","Fixed Income","2,230,643.55","0.07","2,230,643.55","2,160,000.00","2,160,000.00","101.72","Canada","-","CAD","1.12","1.00","Jun 30, 2027","4.67","CAD","Jun 13, 2024"
"NAVCAN","NAV CANADA","Infrastructure","Fixed Income","2,224,007.16","0.07","2,224,007.16","3,067,000.00","3,067,000.00","72.26","Canada","-","CAD","16.05","1.00","Sep 29, 2051","2.92","CAD","May 29, 2020"
"BRUPOW","BRUCE POWER LP","Energy","Fixed Income","2,216,684.27","0.07","2,216,684.27","2,244,000.00","2,244,000.00","97.83","Canada","-","CAD","2.51","1.00","Dec 21, 2028","2.68","CAD","Nov 22, 2021"
"IFCCN","INTACT FINANCIAL CORP MTN","Financial","Fixed Income","2,215,302.29","0.07","2,215,302.29","2,115,000.00","2,115,000.00","102.64","Canada","-","CAD","2.77","1.00","May 16, 2034","4.65","CAD","May 16, 2024"
"EXECN","EXTENDICARE INC RegS","Industrial","Fixed Income","2,214,273.95","0.07","2,214,273.95","2,213,000.00","2,213,000.00","99.87","Canada","-","CAD","4.41","1.00","Apr 14, 2031","4.34","CAD","Apr 14, 2026"
"ALBPOW","ALBERTA POWERLINE LP","Infrastructure","Fixed Income","2,213,478.53","0.07","2,213,478.53","2,456,947.00","2,456,947.00","88.42","Canada","-","CAD","11.56","1.00","Dec 1, 2053","4.07","CAD","Oct 2, 2017"
"TERANE","TERANET HOLDINGS LP","Industrial","Fixed Income","2,211,311.11","0.07","2,211,311.11","2,212,000.00","2,212,000.00","99.30","Canada","-","CAD","2.63","1.00","Feb 23, 2029","3.72","CAD","Feb 23, 2022"
"ENBPIP","ENBRIDGE PIPELINES INC MTN","Energy","Fixed Income","2,210,187.48","0.07","2,210,187.48","2,411,000.00","2,411,000.00","91.27","Canada","-","CAD","12.33","1.00","Sep 29, 2045","4.55","CAD","Sep 29, 2015"
"OMERS","OMERS REALTY CORP","Real Estate","Fixed Income","2,208,164.83","0.07","2,208,164.83","2,176,000.00","2,176,000.00","100.03","Canada","-","CAD","3.67","1.00","Jun 5, 2030","3.63","CAD","Jun 5, 2018"
"WCNCN","WASTE CONNECTIONS INC","Industrial","Fixed Income","2,205,368.23","0.07","2,205,368.23","2,120,000.00","2,120,000.00","102.34","United States","-","CAD","2.80","1.00","Jun 14, 2029","4.50","CAD","Jun 13, 2024"
"ETRHWY","407 INTERNATIONAL INC MTN","Infrastructure","Fixed Income","2,201,813.51","0.07","2,201,813.51","2,308,000.00","2,308,000.00","94.29","Canada","-","CAD","5.48","1.00","May 25, 2032","2.59","CAD","May 22, 2020"
"GWOCN","GREAT-WEST LIFECO INC.","Financial","Fixed Income","2,199,798.77","0.07","2,199,798.77","1,904,000.00","1,904,000.00","114.80","Canada","-","CAD","5.60","1.00","Mar 21, 2033","6.67","CAD","Mar 21, 2003"
"ENBGAS","ENBRIDGE GAS INC","Energy","Fixed Income","2,199,220.54","0.07","2,199,220.54","2,684,000.00","2,684,000.00","81.65","Canada","-","CAD","14.70","1.00","Apr 1, 2050","3.65","CAD","Apr 1, 2020"
"TIHCN","TOROMONT INDUSTRIES LTD.","Industrial","Fixed Income","2,197,380.15","0.07","2,197,380.15","2,185,000.00","2,185,000.00","100.54","Canada","-","CAD","1.31","1.00","Oct 27, 2027","3.84","CAD","Oct 27, 2017"
"BRUPOW","BRUCE POWER LP","Energy","Fixed Income","2,187,865.98","0.07","2,187,865.98","2,175,000.00","2,175,000.00","99.12","Canada","-","CAD","6.02","1.00","Jun 21, 2033","4.13","CAD","Mar 1, 2018"
"GZMCN","ENERGIR LP","Energy","Fixed Income","2,185,246.58","0.07","2,185,246.58","2,245,000.00","2,245,000.00","95.29","Canada","-","CAD","14.99","1.00","May 20, 2055","4.65","CAD","May 20, 2025"
"AVELIV","AVENUE LIVING (2014) LP RegS","Real Estate","Fixed Income","2,184,872.49","0.07","2,184,872.49","2,170,000.00","2,170,000.00","99.35","Canada","-","CAD","2.93","1.00","Jul 15, 2029","4.65","CAD","Jan 15, 2026"
"HYDONE","HYDRO ONE INC MTN RegS","Infrastructure","Fixed Income","2,181,503.32","0.07","2,181,503.32","2,155,000.00","2,155,000.00","100.46","Canada","-","CAD","7.52","1.00","Aug 24, 2035","4.30","CAD","Aug 25, 2025"
"BIP","BROOKFIELD INFRASTRUCTURE FINANCE","Infrastructure","Fixed Income","2,180,968.54","0.07","2,180,968.54","2,150,000.00","2,150,000.00","100.53","Canada","-","CAD","3.62","1.00","Sep 1, 2055","5.60","CAD","May 16, 2025"
"ENBGAS","ENBRIDGE GAS INC MTN","Energy","Fixed Income","2,180,562.25","0.07","2,180,562.25","2,319,000.00","2,319,000.00","93.73","Canada","-","CAD","4.97","1.00","Sep 15, 2031","2.35","CAD","Sep 15, 2021"
"MRUCN","METRO INC MTN RegS","Industrial","Fixed Income","2,175,652.27","0.07","2,175,652.27","2,200,000.00","2,200,000.00","98.29","Canada","-","CAD","4.38","1.00","Feb 25, 2031","3.47","CAD","Feb 25, 2026"
"NSIUCN","NOVA SCOTIA POWER INC MTN","Infrastructure","Fixed Income","2,175,792.63","0.07","2,175,792.63","2,750,000.00","2,750,000.00","78.88","Canada","-","CAD","14.34","1.00","Apr 5, 2049","3.57","CAD","Apr 4, 2019"
"F","FORD CREDIT CANADA CO RegS","Financial","Fixed Income","2,175,214.25","0.07","2,175,214.25","2,090,000.00","2,090,000.00","103.01","United States","-","CAD","3.30","1.00","Feb 20, 2030","5.67","CAD","Feb 20, 2024"
"CUCN","CU INC MTN","Energy","Fixed Income","2,172,320.40","0.07","2,172,320.40","1,910,000.00","1,910,000.00","111.13","Canada","-","CAD","6.66","1.00","Nov 20, 2034","5.90","CAD","Nov 18, 2004"
"ETRHWY","407 INTERNATIONAL INC. MTN","Infrastructure","Fixed Income","2,172,452.54","0.07","2,172,452.54","2,451,000.00","2,451,000.00","86.85","Canada","-","CAD","13.01","1.00","May 11, 2046","3.83","CAD","May 11, 2015"
"IFCCN","INTACT FINANCIAL CORP MTN RegS","Financial","Fixed Income","2,171,120.83","0.07","2,171,120.83","2,099,000.00","2,099,000.00","102.76","Canada","-","CAD","14.53","1.00","Sep 14, 2054","5.28","CAD","Sep 14, 2023"
"IAGCN","IA FINANCIAL CORPORATION INC","Financial","Fixed Income","2,170,147.33","0.07","2,170,147.33","2,045,000.00","2,045,000.00","104.08","Canada","-","CAD","1.95","1.00","Jun 20, 2033","5.68","CAD","Jun 20, 2023"
"TCN","TELUS CORPORATION","Communication","Fixed Income","2,168,519.05","0.07","2,168,519.05","2,023,000.00","2,023,000.00","106.40","Canada","-","CAD","3.74","1.00","Sep 9, 2030","5.60","CAD","Sep 8, 2023"
"FFHCN","FAIRFAX FINANCIAL HOLDINGS LTD","Financial","Fixed Income","2,168,316.39","0.07","2,168,316.39","2,111,000.00","2,111,000.00","101.13","Canada","-","CAD","2.75","1.00","Jun 14, 2029","4.23","CAD","Jun 14, 2019"
"BRUPOW","BRUCE POWER LP","Energy","Fixed Income","2,165,420.07","0.07","2,165,420.07","2,116,000.00","2,116,000.00","100.91","Canada","-","CAD","2.79","1.00","Jun 21, 2029","4.01","CAD","Feb 14, 2017"
"CIXCN","CI FINANCIAL CORP RegS","Financial","Fixed Income","2,163,894.54","0.07","2,163,894.54","2,097,000.00","2,097,000.00","102.52","Canada","-","CAD","1.33","1.00","Sep 20, 2027","6.00","CAD","Sep 20, 2024"
"ETRHWY","407 INTERNATIONAL INC","Infrastructure","Fixed Income","2,155,835.47","0.07","2,155,835.47","2,193,000.00","2,193,000.00","96.90","Canada","-","CAD","6.10","1.00","Jun 1, 2033","3.43","CAD","Mar 24, 2017"
"EQBCN","EQUITABLE BANK","Financial","Fixed Income","2,141,571.91","0.07","2,141,571.91","2,105,000.00","2,105,000.00","100.30","Canada","-","CAD","1.55","1.00","Dec 17, 2027","3.91","CAD","Dec 17, 2024"
"HYDONE","HYDRO ONE INC MTN RegS","Infrastructure","Fixed Income","2,141,326.04","0.07","2,141,326.04","2,115,000.00","2,115,000.00","100.38","Canada","-","CAD","15.06","1.00","Aug 25, 2055","4.95","CAD","Aug 25, 2025"
"GEICN","GIBSON ENERGY INC","Energy","Fixed Income","2,138,914.48","0.07","2,138,914.48","2,074,000.00","2,074,000.00","101.07","Canada","-","CAD","4.76","1.00","Nov 12, 2031","4.45","CAD","Nov 12, 2024"
"CUCN","CU INC RegS","Energy","Fixed Income","2,136,400.90","0.07","2,136,400.90","2,084,000.00","2,084,000.00","101.94","Canada","-","CAD","14.55","1.00","Sep 20, 2053","5.09","CAD","Sep 20, 2023"
"MCAPCO","MCAP COMMERCIAL LP RegS","Financial","Fixed Income","2,135,556.76","0.07","2,135,556.76","2,160,000.00","2,160,000.00","98.20","Canada","-","CAD","4.31","1.00","Mar 4, 2031","4.30","CAD","Mar 4, 2026"
"NWRWPT","NORTH WEST REDWATER PARTNERSHIP","Energy","Fixed Income","2,132,818.98","0.07","2,132,818.98","2,183,000.00","2,183,000.00","96.39","Canada","-","CAD","9.43","1.00","Jan 10, 2039","4.35","CAD","Jun 10, 2016"
"CHPUCN","CHOICE PROPERTIES REAL ESTATE INVE","Real Estate","Fixed Income","2,131,242.22","0.07","2,131,242.22","2,120,000.00","2,120,000.00","99.50","Canada","-","CAD","7.38","1.00","Aug 8, 2035","4.63","CAD","Aug 8, 2025"
"ALBPOW","ALBERTA POWERLINE LP","Infrastructure","Fixed Income","2,127,025.43","0.07","2,127,025.43","2,398,204.00","2,398,204.00","88.02","Canada","-","CAD","11.78","1.00","Mar 1, 2054","4.07","CAD","Oct 2, 2017"
"STNCN","STANTEC INC RegS","Industrial","Fixed Income","2,124,620.08","0.07","2,124,620.08","2,090,000.00","2,090,000.00","99.97","Canada","-","CAD","5.22","1.00","Jun 10, 2032","4.37","CAD","Jun 10, 2025"
"COAGAS","COASTAL GASLINK PIPELINE LP","Energy","Fixed Income","2,117,866.15","0.07","2,117,866.15","1,970,000.00","1,970,000.00","107.03","Canada","-","CAD","10.81","1.00","Sep 30, 2042","5.61","CAD","Jun 13, 2024"
"BIP","BROOKFIELD INFRASTRUCTURE FINANCE MTN","Infrastructure","Fixed Income","2,109,106.42","0.07","2,109,106.42","2,270,000.00","2,270,000.00","92.44","Canada","-","CAD","5.69","1.00","Sep 1, 2032","2.86","CAD","Sep 1, 2020"
"CP","CANADIAN PACIFIC RAILWAY CO MTN","Industrial","Fixed Income","2,108,082.21","0.07","2,108,082.21","1,784,000.00","1,784,000.00","115.27","Canada","-","CAD","9.10","1.00","Nov 17, 2039","6.45","CAD","Nov 17, 2009"
"PLEHCA","PLENARY HEALTH HAMILTON LP","Infrastructure","Fixed Income","2,105,877.88","0.07","2,105,877.88","1,911,747.00","1,911,747.00","107.76","Canada","-","CAD","7.19","1.00","May 31, 2043","5.80","CAD","Dec 3, 2010"
"LCN","LOBLAW COMPANIES LTD","Industrial","Fixed Income","2,103,575.44","0.07","2,103,575.44","2,017,000.00","2,017,000.00","103.59","Canada","-","CAD","14.02","1.00","Sep 13, 2052","5.34","CAD","Sep 13, 2022"
"CNRCN","CANADIAN NATIONAL RAILWAY COMPANY","Industrial","Fixed Income","2,102,699.78","0.07","2,102,699.78","2,513,000.00","2,513,000.00","82.80","Canada","-","CAD","13.76","1.00","Aug 1, 2047","3.60","CAD","Aug 1, 2017"
"TOYOTA","TOYOTA CREDIT CANADA INC MTN","Financial","Fixed Income","2,102,231.22","0.07","2,102,231.22","2,096,000.00","2,096,000.00","98.92","Canada","-","CAD","2.41","1.00","Nov 20, 2028","3.12","CAD","Nov 20, 2025"
"PPLCN","PEMBINA PIPELINE CORP","Energy","Fixed Income","2,100,306.48","0.07","2,100,306.48","2,117,000.00","2,117,000.00","97.85","Canada","-","CAD","4.97","1.00","Dec 10, 2031","3.53","CAD","Dec 10, 2021"
"EQIX","EQUINIX CANADA FINANCING LTD","Real Estate","Fixed Income","2,098,055.45","0.07","2,098,055.45","2,099,000.00","2,099,000.00","99.95","United States","-","CAD","6.03","1.00","May 15, 2035","4.75","CAD","May 7, 2026"
"FTSCN","TERASEN GAS VANCOUVER IS","Energy","Fixed Income","2,092,305.90","0.07","2,092,305.90","1,857,000.00","1,857,000.00","111.44","Canada","-","CAD","8.51","1.00","Feb 15, 2038","6.05","CAD","Feb 15, 2008"
"CNRCN","CANADIAN NATIONAL RAILWAY COMPANY","Industrial","Fixed Income","2,091,490.04","0.07","2,091,490.04","2,074,000.00","2,074,000.00","99.49","Canada","-","CAD","3.74","1.00","Jun 10, 2030","3.50","CAD","Jun 10, 2025"
"TOYOTA","TOYOTA CREDIT CANADA INC MTN","Financial","Fixed Income","2,085,246.28","0.06","2,085,246.28","2,060,000.00","2,060,000.00","99.77","Canada","-","CAD","1.95","1.00","May 23, 2028","3.36","CAD","May 21, 2025"
"F","FORD CREDIT CANADA CO RegS","Financial","Fixed Income","2,084,043.19","0.06","2,084,043.19","2,055,000.00","2,055,000.00","99.92","United States","-","CAD","4.11","1.00","Jan 9, 2031","4.92","CAD","Jan 9, 2026"
"F","FORD CREDIT CANADA CO RegS","Financial","Fixed Income","2,083,875.19","0.06","2,083,875.19","1,988,000.00","1,988,000.00","102.41","United States","-","CAD","4.25","1.00","May 23, 2031","5.58","CAD","May 23, 2024"
"PPLCN","PEMBINA PIPELINE CORP MTN","Energy","Fixed Income","2,082,125.74","0.06","2,082,125.74","2,211,000.00","2,211,000.00","94.17","Canada","-","CAD","11.32","1.00","Apr 30, 2043","4.75","CAD","Apr 30, 2013"
"TCN","TELUS CORPORATION","Communication","Fixed Income","2,077,334.06","0.06","2,077,334.06","2,210,000.00","2,210,000.00","93.87","Canada","-","CAD","4.19","1.00","Oct 7, 2030","2.05","CAD","Oct 5, 2020"
"LBCN","LAURENTIAN BANK OF CANADA","Financial","Fixed Income","2,077,067.49","0.06","2,077,067.49","2,045,000.00","2,045,000.00","100.45","Canada","-","CAD","1.65","1.00","Jan 23, 2028","4.19","CAD","Jan 23, 2025"
"TOYOTA","TOYOTA CREDIT CANADA INC MTN","Financial","Fixed Income","2,073,512.77","0.06","2,073,512.77","2,070,000.00","2,070,000.00","99.47","Canada","-","CAD","3.93","1.00","Aug 19, 2030","3.65","CAD","Aug 18, 2025"
"BCECN","BELL TELEPHONE COMPANY OF CANADA O MTN RegS","Communication","Fixed Income","2,072,944.28","0.06","2,072,944.28","2,065,000.00","2,065,000.00","99.63","Canada","-","CAD","3.04","1.00","Aug 14, 2029","3.65","CAD","Aug 14, 2025"
"OMERS","OMERS REALTY CORP RegS","Real Estate","Fixed Income","2,071,163.63","0.06","2,071,163.63","1,950,000.00","1,950,000.00","105.14","Canada","-","CAD","4.12","1.00","Feb 10, 2031","4.96","CAD","Feb 8, 2024"
"TCN","TELUS CORPORATION","Communication","Fixed Income","2,070,908.63","0.06","2,070,908.63","1,984,000.00","1,984,000.00","103.72","Canada","-","CAD","2.96","1.00","Sep 13, 2029","5.00","CAD","Sep 13, 2022"
"ENBGAS","ENBRIDGE GAS INC MTN","Energy","Fixed Income","2,069,214.11","0.06","2,069,214.11","1,875,000.00","1,875,000.00","109.99","Canada","-","CAD","14.22","1.00","Oct 6, 2053","5.67","CAD","Oct 6, 2023"
"IAGCN","IA FINANCIAL CORPORATION INC","Financial","Fixed Income","2,067,320.09","0.06","2,067,320.09","2,025,000.00","2,025,000.00","100.44","Canada","-","CAD","3.23","1.00","Dec 5, 2034","4.13","CAD","Dec 5, 2024"
"MFCCN","MANULIFE BANK OF CANADA","Financial","Fixed Income","2,065,241.57","0.06","2,065,241.57","2,001,000.00","2,001,000.00","102.55","Canada","-","CAD","2.66","1.00","Mar 8, 2029","4.55","CAD","Mar 8, 2024"
"AIREIN","AIMCO REALTY INVESTORS LP","Real Estate","Fixed Income","2,058,890.38","0.06","2,058,890.38","1,928,000.00","1,928,000.00","104.64","Canada","-","CAD","6.44","1.00","May 23, 2034","4.97","CAD","May 23, 2024"
"NSIUCN","NOVA SCOTIA POWER INC MTN RegS","Infrastructure","Fixed Income","2,044,675.63","0.06","2,044,675.63","2,159,000.00","2,159,000.00","93.47","Canada","-","CAD","11.46","1.00","Jul 20, 2043","4.50","CAD","Jul 19, 2013"
"ETRHWY","407 INTERNATIONAL INC MTN","Infrastructure","Fixed Income","2,040,823.35","0.06","2,040,823.35","2,000,000.00","2,000,000.00","101.72","Canada","-","CAD","15.19","1.00","Apr 7, 2056","5.06","CAD","Apr 7, 2026"
"HTHROW","HEATHROW FUNDING LTD RegS","Infrastructure","Fixed Income","2,038,818.96","0.06","2,038,818.96","2,023,000.00","2,023,000.00","100.58","United Kingdom","-","CAD","7.02","1.00","Apr 14, 2037","4.64","CAD","Apr 14, 2026"
"CCOCN","CAMECO CORPORATION","Industrial","Fixed Income","2,031,770.00","0.06","2,031,770.00","1,910,000.00","1,910,000.00","104.25","Canada","-","CAD","4.31","1.00","May 24, 2031","4.94","CAD","May 24, 2024"
"GIBACN","CGI INC","Industrial","Fixed Income","2,031,437.49","0.06","2,031,437.49","2,006,000.00","2,006,000.00","100.68","Canada","-","CAD","1.31","1.00","Sep 7, 2027","3.99","CAD","Sep 5, 2024"
"BIP","BROOKFIELD INFRASTRUCTURE FINANCE MTN RegS","Infrastructure","Fixed Income","2,027,988.60","0.06","2,027,988.60","2,030,000.00","2,030,000.00","98.75","Canada","-","CAD","4.22","1.00","Jan 6, 2031","3.70","CAD","Sep 24, 2025"
"HYDONE","HYDRO ONE INC MTN","Infrastructure","Fixed Income","2,026,818.73","0.06","2,026,818.73","1,710,000.00","1,710,000.00","115.68","Canada","-","CAD","4.94","1.00","Jun 1, 2032","6.93","CAD","Jun 22, 2001"
"DOLCN","DOLLARAMA INC","Industrial","Fixed Income","2,026,246.86","0.06","2,026,246.86","1,930,000.00","1,930,000.00","104.93","Canada","-","CAD","3.48","1.00","Apr 26, 2030","5.17","CAD","Oct 26, 2022"
"FTSCN","FORTIS INC","Infrastructure","Fixed Income","2,024,890.56","0.06","2,024,890.56","1,945,000.00","1,945,000.00","102.27","Canada","-","CAD","2.71","1.00","May 31, 2029","4.43","CAD","May 31, 2022"
"GZMCN","NOVERCO INC RegS","Energy","Fixed Income","2,019,597.13","0.06","2,019,597.13","2,030,000.00","2,030,000.00","98.51","Canada","-","CAD","5.81","1.00","Jan 28, 2033","3.90","CAD","Jan 28, 2026"
"BCECN","BELL CANADA MTN RegS","Communication","Fixed Income","2,012,391.74","0.06","2,012,391.74","2,221,000.00","2,221,000.00","89.02","Canada","-","CAD","12.37","1.00","Dec 18, 2045","4.35","CAD","Mar 30, 2015"
"BAMREP","BROOKFIELD RENEWABLE PARTNERS ULC MTN RegS","Energy","Fixed Income","2,011,325.20","0.06","2,011,325.20","1,905,000.00","1,905,000.00","105.55","Canada","-","CAD","6.12","1.00","Oct 28, 2033","5.29","CAD","Mar 29, 2023"
"ETRHWY","407 INTERNATIONAL INC MTN","Infrastructure","Fixed Income","2,009,493.06","0.06","2,009,493.06","2,323,000.00","2,323,000.00","85.96","Canada","-","CAD","15.12","1.00","Sep 11, 2052","3.98","CAD","Sep 11, 2012"
"BRUPOW","BRUCE POWER LP RegS","Energy","Fixed Income","2,009,019.67","0.06","2,009,019.67","2,091,000.00","2,091,000.00","94.39","Canada","-","CAD","13.30","1.00","Jun 21, 2049","4.75","CAD","Mar 25, 2019"
"DIRUCN","DREAM INDUSTRIAL REAL ESTATE INVES","Real Estate","Fixed Income","2,009,052.55","0.06","2,009,052.55","2,021,000.00","2,021,000.00","98.65","Canada","-","CAD","1.10","1.00","Jun 17, 2027","2.06","CAD","Jun 17, 2021"
"TOYOTA","TOYOTA CREDIT CANADA INC MTN","Financial","Fixed Income","2,008,390.92","0.06","2,008,390.92","2,000,000.00","2,000,000.00","100.13","Canada","-","CAD","3.19","1.00","Oct 2, 2029","3.73","CAD","Oct 2, 2024"
"DOLCN","DOLLARAMA INC","Industrial","Fixed Income","1,986,083.69","0.06","1,986,083.69","2,040,000.00","2,040,000.00","96.61","Canada","-","CAD","3.02","1.00","Jul 9, 2029","2.44","CAD","Jul 8, 2021"
"SRUUCN","SMARTCENTRES REAL ESTATE INVESTMEN","Real Estate","Fixed Income","1,985,026.67","0.06","1,985,026.67","1,899,000.00","1,899,000.00","103.29","Canada","-","CAD","3.78","1.00","Aug 1, 2030","5.16","CAD","Aug 1, 2024"
"CCACN","COGECO COMMUNICATIONS INC","Communication","Fixed Income","1,983,694.03","0.06","1,983,694.03","1,965,000.00","1,965,000.00","99.87","Canada","-","CAD","7.03","1.00","Feb 6, 2035","4.74","CAD","Feb 6, 2025"
"BCECN","BELL CANADA MTN RegS","Communication","Fixed Income","1,980,893.06","0.06","1,980,893.06","2,030,000.00","2,030,000.00","96.45","Canada","-","CAD","13.90","1.00","Feb 9, 2053","5.15","CAD","Feb 9, 2023"
"ONTPOW","ONTARIO POWER GENERATION INC MTN","Energy","Fixed Income","1,979,881.60","0.06","1,979,881.60","2,190,000.00","2,190,000.00","89.22","Canada","-","CAD","13.64","1.00","Jan 18, 2049","4.25","CAD","Jan 18, 2019"
"MRUCN","METRO INC MTN","Industrial","Fixed Income","1,979,560.77","0.06","1,979,560.77","2,169,000.00","2,169,000.00","89.55","Canada","-","CAD","13.17","1.00","Dec 4, 2047","4.27","CAD","Dec 4, 2017"
"TERANE","TERANET HOLDINGS LP","Industrial","Fixed Income","1,979,136.64","0.06","1,979,136.64","1,906,000.00","1,906,000.00","101.72","Canada","-","CAD","9.68","1.00","Dec 17, 2040","5.75","CAD","Dec 16, 2010"
"CUCN","CU INC","Energy","Fixed Income","1,975,013.70","0.06","1,975,013.70","2,689,000.00","2,689,000.00","73.01","Canada","-","CAD","15.20","1.00","Sep 7, 2049","2.96","CAD","Sep 5, 2019"
"ENBPIP","ENBRIDGE PIPELINES INC MTN","Energy","Fixed Income","1,974,680.03","0.06","1,974,680.03","2,036,000.00","2,036,000.00","95.68","Canada","-","CAD","4.58","1.00","May 12, 2031","2.82","CAD","May 12, 2021"
"ARXCN","ARC RESOURCES LTD RegS","Energy","Fixed Income","1,974,688.46","0.06","1,974,688.46","1,970,000.00","1,970,000.00","99.65","Canada","-","CAD","2.67","1.00","Feb 25, 2029","3.35","CAD","Feb 25, 2026"
"FTTCN","FINNING INTERNATIONAL INC RegS","Industrial","Fixed Income","1,974,804.88","0.06","1,974,804.88","1,905,000.00","1,905,000.00","102.67","Canada","-","CAD","2.53","1.00","Feb 13, 2029","4.78","CAD","Feb 13, 2024"
"BCECN","BELL CANADA 144A","Communication","Fixed Income","1,974,002.59","0.06","1,974,002.59","1,783,000.00","1,783,000.00","109.96","Canada","-","CAD","6.90","1.00","Mar 16, 2035","6.10","CAD","Mar 16, 2004"
"SLFCN","SUN LIFE FINANCIAL INC","Financial","Fixed Income","1,973,049.50","0.06","1,973,049.50","1,854,000.00","1,854,000.00","104.17","Canada","-","CAD","8.18","1.00","May 29, 2042","5.40","CAD","May 29, 2007"
"CUCN","CU INC MTN","Energy","Fixed Income","1,969,142.53","0.06","1,969,142.53","2,350,000.00","2,350,000.00","82.25","Canada","-","CAD","13.82","1.00","Nov 22, 2047","3.55","CAD","Nov 22, 2017"
"GM","GENERAL MOTORS FINANCIAL OF CANADA","Financial","Fixed Income","1,964,144.63","0.06","1,964,144.63","1,917,000.00","1,917,000.00","101.68","United States","-","CAD","3.45","1.00","Feb 25, 2030","4.45","CAD","Feb 25, 2025"
"BIP","BROOKFIELD INFRASTRUCTURE FINANCE","Infrastructure","Fixed Income","1,963,346.17","0.06","1,963,346.17","1,850,000.00","1,850,000.00","106.05","Canada","-","CAD","6.42","1.00","Apr 25, 2034","5.44","CAD","Apr 25, 2022"
"SUCN","SUNCOR ENERGY INC MTN","Energy","Fixed Income","1,961,144.67","0.06","1,961,144.67","2,379,000.00","2,379,000.00","81.82","Canada","-","CAD","14.44","1.00","Mar 4, 2051","3.95","CAD","Mar 4, 2021"
"ENBGAS","ENBRIDGE GAS INC MTN","Energy","Fixed Income","1,961,333.80","0.06","1,961,333.80","1,928,000.00","1,928,000.00","99.57","Canada","-","CAD","13.70","1.00","Nov 22, 2050","4.95","CAD","Nov 22, 2010"
"VW","VW CREDIT CANADA INC","Financial","Fixed Income","1,959,302.31","0.06","1,959,302.31","1,925,000.00","1,925,000.00","100.97","Germany","-","CAD","1.26","1.00","Aug 19, 2027","4.21","CAD","Aug 19, 2024"
"CUCN","CU INC","Energy","Fixed Income","1,957,334.39","0.06","1,957,334.39","2,174,000.00","2,174,000.00","89.02","Canada","-","CAD","12.72","1.00","Jul 27, 2045","3.96","CAD","Jul 27, 2015"
"DOLCN","DOLLARAMA INC RegS","Industrial","Fixed Income","1,952,785.30","0.06","1,952,785.30","1,945,000.00","1,945,000.00","100.05","Canada","-","CAD","7.86","1.00","Apr 2, 2036","4.58","CAD","Apr 2, 2026"
"F","FORD CREDIT CANADA CO","Financial","Fixed Income","1,951,547.87","0.06","1,951,547.87","1,929,000.00","1,929,000.00","99.63","United States","-","CAD","4.85","1.00","Jan 9, 2032","5.05","CAD","Jan 9, 2025"
"GWOCN","GREAT-WEST LIFECO INC","Financial","Fixed Income","1,950,503.99","0.06","1,950,503.99","1,711,000.00","1,711,000.00","111.29","Canada","-","CAD","9.24","1.00","Nov 16, 2039","6.00","CAD","Nov 16, 2009"
"FNCN","FIRST NATIONAL FINANCIAL CORP RegS","Financial","Fixed Income","1,948,986.16","0.06","1,948,986.16","1,930,000.00","1,930,000.00","100.89","Canada","-","CAD","3.99","1.00","Oct 23, 2030","4.89","CAD","Oct 23, 2025"
"HYNMTR","HYUNDAI CAPITAL CANADA INC","Financial","Fixed Income","1,948,019.90","0.06","1,948,019.90","1,899,000.00","1,899,000.00","101.43","Canada","-","CAD","1.19","1.00","Jul 26, 2027","4.49","CAD","Jul 24, 2024"
"BIP","BROOKFIELD INFRASTRUCTURE FINANCE MTN RegS","Infrastructure","Fixed Income","1,943,448.19","0.06","1,943,448.19","1,960,000.00","1,960,000.00","98.70","Canada","-","CAD","7.54","1.00","Sep 24, 2035","4.53","CAD","Sep 24, 2025"
"GRTCN","GRANITE REIT HOLDINGS LP","Real Estate","Fixed Income","1,937,756.74","0.06","1,937,756.74","2,064,000.00","2,064,000.00","93.02","Canada","-","CAD","4.30","1.00","Dec 18, 2030","2.38","CAD","Dec 18, 2020"
"CHPUCN","CHOICE PROPERTIES REAL ESTATE INVE RegS","Real Estate","Fixed Income","1,937,795.12","0.06","1,937,795.12","1,785,000.00","1,785,000.00","107.61","Canada","-","CAD","6.22","1.00","Feb 28, 2034","5.70","CAD","Aug 1, 2023"
"RLNCE","RELIANCE LP","Industrial","Fixed Income","1,937,906.45","0.06","1,937,906.45","1,805,000.00","1,805,000.00","104.98","Canada","-","CAD","4.24","1.00","May 15, 2031","5.25","CAD","May 15, 2024"
"RLNCE","RELIANCE LP","Industrial","Fixed Income","1,935,892.12","0.06","1,935,892.12","1,965,000.00","1,965,000.00","97.87","Canada","-","CAD","2.16","1.00","Aug 1, 2028","2.67","CAD","Apr 14, 2021"
"LCN","LOBLAW COMPANIES LTD","Industrial","Fixed Income","1,931,472.97","0.06","1,931,472.97","1,858,000.00","1,858,000.00","102.23","Canada","-","CAD","2.23","1.00","Dec 11, 2028","4.49","CAD","Dec 10, 2018"
"GEICN","GIBSON ENERGY INC MTN RegS","Energy","Fixed Income","1,929,141.19","0.06","1,929,141.19","1,770,000.00","1,770,000.00","107.29","Canada","-","CAD","5.74","1.00","Jul 12, 2033","5.75","CAD","Jul 12, 2023"
"REIUCN","RIOCAN REAL ESTATE INVESTMENT TRUS","Real Estate","Fixed Income","1,928,744.92","0.06","1,928,744.92","1,960,000.00","1,960,000.00","97.82","Canada","-","CAD","5.85","1.00","Mar 11, 2033","4.31","CAD","Mar 11, 2026"
"BCFERR","BRITISH COLUMBIA FERRY SERVICES IN RegS","Infrastructure","Fixed Income","1,925,180.45","0.06","1,925,180.45","1,979,000.00","1,979,000.00","96.38","Canada","-","CAD","15.35","1.00","Feb 19, 2056","4.69","CAD","Feb 19, 2026"
"HYDONE","HYDRO ONE LTD","Infrastructure","Fixed Income","1,924,468.08","0.06","1,924,468.08","1,966,000.00","1,966,000.00","97.83","Canada","-","CAD","1.43","1.00","Oct 15, 2027","1.41","CAD","Oct 15, 2020"
"TOYOTA","TOYOTA CREDIT CANADA INC MTN","Financial","Fixed Income","1,913,832.13","0.06","1,913,832.13","1,860,000.00","1,860,000.00","101.40","Canada","-","CAD","1.11","1.00","Jun 28, 2027","4.42","CAD","Jun 27, 2024"
"HYDONE","HYDRO ONE INC RegS","Infrastructure","Fixed Income","1,911,954.29","0.06","1,911,954.29","1,865,000.00","1,865,000.00","101.46","Canada","-","CAD","5.73","1.00","Jan 27, 2033","4.16","CAD","Jan 27, 2023"
"HYOHI","HYDRO OTTAWA CAPITAL CORP","Infrastructure","Fixed Income","1,912,174.59","0.06","1,912,174.59","1,884,000.00","1,884,000.00","100.42","Canada","-","CAD","7.12","1.00","Jan 30, 2035","4.37","CAD","Jan 30, 2025"
"CNRCN","CANADIAN NATIONAL RAILWAY COMPANY","Industrial","Fixed Income","1,910,024.40","0.06","1,910,024.40","2,302,000.00","2,302,000.00","82.09","Canada","-","CAD","14.11","1.00","Jul 31, 2048","3.60","CAD","Jul 31, 2018"
"CCACN","COGECO COMMUNICATIONS INC","Communication","Fixed Income","1,905,957.72","0.06","1,905,957.72","2,010,000.00","2,010,000.00","94.50","Canada","-","CAD","4.91","1.00","Sep 22, 2031","2.99","CAD","Sep 20, 2021"
"BAMREP","BROOKFIELD RENEWABLE PARTNERS ULC MTN","Energy","Fixed Income","1,905,411.59","0.06","1,905,411.59","1,710,000.00","1,710,000.00","108.66","Canada","-","CAD","5.20","1.00","Nov 9, 2032","5.88","CAD","Nov 9, 2022"
"LCN","LOBLAW COMPANIES LTD","Industrial","Fixed Income","1,903,438.27","0.06","1,903,438.27","1,879,000.00","1,879,000.00","100.50","Canada","-","CAD","14.49","1.00","Mar 4, 2054","5.12","CAD","Mar 4, 2024"
"EQIX","EQUINIX CANADA FINANCING LTD","Real Estate","Fixed Income","1,900,392.89","0.06","1,900,392.89","1,903,000.00","1,903,000.00","99.86","United States","-","CAD","3.69","1.00","May 15, 2030","3.95","CAD","May 7, 2026"
"ENMAXC","ENMAX CORP","Infrastructure","Fixed Income","1,898,546.31","0.06","1,898,546.31","1,861,000.00","1,861,000.00","100.48","Canada","-","CAD","1.87","1.00","Jun 5, 2028","3.84","CAD","May 31, 2018"
"PPLCN","PEMBINA PIPELINE CORP","Energy","Fixed Income","1,898,267.63","0.06","1,898,267.63","2,128,000.00","2,128,000.00","87.47","Canada","-","CAD","13.95","1.00","Dec 10, 2051","4.49","CAD","Dec 10, 2021"
"CNRCN","CANADIAN NATIONAL RAILWAY COMPANY","Industrial","Fixed Income","1,896,031.19","0.06","1,896,031.19","1,820,000.00","1,820,000.00","102.12","Canada","-","CAD","5.83","1.00","May 10, 2033","4.40","CAD","May 10, 2023"
"ENBGAS","ENBRIDGE GAS INC MTN","Energy","Fixed Income","1,892,423.10","0.06","1,892,423.10","1,946,000.00","1,946,000.00","96.73","Canada","-","CAD","3.11","1.00","Aug 9, 2029","2.37","CAD","Aug 9, 2019"
"TCN","TELUS CORPORATION","Communication","Fixed Income","1,892,630.65","0.06","1,892,630.65","1,869,000.00","1,869,000.00","99.08","Canada","-","CAD","11.12","1.00","Nov 26, 2043","5.15","CAD","Nov 26, 2013"
"ENMAXC","ENMAX CORP RegS","Infrastructure","Fixed Income","1,889,022.52","0.06","1,889,022.52","1,855,000.00","1,855,000.00","101.56","Canada","-","CAD","6.89","1.00","Oct 9, 2034","4.70","CAD","Oct 9, 2024"
"CUCN","CU INC MTN","Energy","Fixed Income","1,885,762.52","0.06","1,885,762.52","2,512,000.00","2,512,000.00","74.58","Canada","-","CAD","15.60","1.00","Sep 5, 2051","3.17","CAD","Sep 3, 2021"
"AIREIN","AIMCO REALTY INVESTORS LP","Real Estate","Fixed Income","1,884,620.83","0.06","1,884,620.83","1,875,000.00","1,875,000.00","99.26","Canada","-","CAD","1.97","1.00","Jun 1, 2028","3.04","CAD","Nov 23, 2017"
"DRSILL","DREAM SUMMIT INDUSTRIAL LP RegS","Real Estate","Fixed Income","1,883,544.56","0.06","1,883,544.56","1,875,000.00","1,875,000.00","99.96","Canada","-","CAD","3.96","1.00","Sep 18, 2030","4.17","CAD","Sep 15, 2025"
"HYDONE","HYDRO ONE INC MTN","Infrastructure","Fixed Income","1,881,523.27","0.06","1,881,523.27","1,956,000.00","1,956,000.00","95.83","Canada","-","CAD","3.63","1.00","Feb 28, 2030","2.16","CAD","Feb 28, 2020"
"BAMREP","BROOKFIELD RENEWABLE PARTNERS ULC","Energy","Fixed Income","1,880,186.65","0.06","1,880,186.65","1,865,000.00","1,865,000.00","100.07","Canada","-","CAD","3.66","1.00","Sep 10, 2055","5.37","CAD","Jun 10, 2025"
"EQBCN","EQUITABLE BANK","Financial","Fixed Income","1,879,755.11","0.06","1,879,755.11","1,885,000.00","1,885,000.00","99.53","Canada","-","CAD","2.77","1.00","Apr 12, 2029","3.87","CAD","Dec 12, 2025"
"IPLCN","INTER PIPELINE LTD MTN","Energy","Fixed Income","1,878,489.65","0.06","1,878,489.65","2,048,000.00","2,048,000.00","89.80","Canada","-","CAD","11.48","1.00","May 30, 2044","4.64","CAD","May 30, 2014"
"TOYOTA","TOYOTA CREDIT CANADA INC MTN","Financial","Fixed Income","1,876,192.92","0.06","1,876,192.92","1,846,000.00","1,846,000.00","100.00","Canada","-","CAD","3.68","1.00","May 21, 2030","3.74","CAD","May 21, 2025"
"AVELIV","AVENUE LIVING (2014) LP RegS","Real Estate","Fixed Income","1,870,841.22","0.06","1,870,841.22","1,870,000.00","1,870,000.00","99.60","Canada","-","CAD","2.26","1.00","Sep 25, 2028","4.52","CAD","Sep 25, 2025"
"BCFERR","BRITISH COLUMBIA FERRY SERVICES IN 144A","Infrastructure","Fixed Income","1,870,705.32","0.06","1,870,705.32","1,645,000.00","1,645,000.00","113.43","Canada","-","CAD","6.67","1.00","Oct 13, 2034","6.25","CAD","Oct 13, 2004"
"ALTALK","ALTALINK LP MTN","Infrastructure","Fixed Income","1,866,635.49","0.06","1,866,635.49","1,828,000.00","1,828,000.00","101.52","Canada","-","CAD","11.55","1.00","Sep 17, 2043","4.92","CAD","Sep 17, 2013"
"XCN","TMX GROUP LTD RegS","Financial","Fixed Income","1,866,873.81","0.06","1,866,873.81","1,775,000.00","1,775,000.00","104.24","Canada","-","CAD","4.91","1.00","Feb 18, 2032","4.84","CAD","Feb 16, 2024"
"GTAAIR","GREATER TORONTO AIRPORTS AUTH 144A","Infrastructure","Fixed Income","1,865,463.42","0.06","1,865,463.42","1,738,000.00","1,738,000.00","104.72","Canada","-","CAD","1.48","1.00","Dec 3, 2027","6.45","CAD","Dec 2, 1997"
"KEYCN","KEYERA CORP MTN","Energy","Fixed Income","1,865,002.24","0.06","1,865,002.24","1,783,000.00","1,783,000.00","104.15","Canada","-","CAD","4.99","1.00","Mar 28, 2032","5.02","CAD","Mar 28, 2022"
"HYDONE","HYDRO ONE INC MTN","Infrastructure","Fixed Income","1,864,077.01","0.06","1,864,077.01","1,983,000.00","1,983,000.00","93.73","Canada","-","CAD","4.99","1.00","Sep 17, 2031","2.23","CAD","Sep 17, 2021"
"NACN","CANADIAN WESTERN BANK","Financial","Fixed Income","1,859,729.48","0.06","1,859,729.48","1,884,000.00","1,884,000.00","98.04","Canada","-","CAD","1.58","1.00","Dec 16, 2027","1.82","CAD","Dec 16, 2020"
"ALTALK","ALTALINK LP MTN","Infrastructure","Fixed Income","1,858,582.71","0.06","1,858,582.71","2,147,000.00","2,147,000.00","85.06","Canada","-","CAD","13.34","1.00","Dec 3, 2046","3.72","CAD","Dec 1, 2016"
"GEICN","GIBSON ENERGY INC RegS","Energy","Fixed Income","1,857,566.26","0.06","1,857,566.26","1,835,000.00","1,835,000.00","100.39","Canada","-","CAD","5.40","1.00","Aug 20, 2032","4.45","CAD","Aug 20, 2025"
"MRUCN","METRO INC MTN","Industrial","Fixed Income","1,855,368.24","0.06","1,855,368.24","1,658,000.00","1,658,000.00","111.66","Canada","-","CAD","7.33","1.00","Oct 15, 2035","5.97","CAD","Oct 12, 2005"
"ALCTRA","ALECTRA INC","Infrastructure","Fixed Income","1,846,141.44","0.06","1,846,141.44","1,830,000.00","1,830,000.00","100.88","Canada","-","CAD","7.03","1.00","Oct 30, 2034","4.31","CAD","Oct 30, 2024"
"TRPCN","TRANSCANADA PIPELINES LIMITED MTN","Energy","Fixed Income","1,845,465.26","0.06","1,845,465.26","1,436,000.00","1,436,000.00","126.93","Canada","-","CAD","8.46","1.00","Feb 17, 2039","8.05","CAD","Feb 17, 2009"
"ENBCN","ENBRIDGE INC MTN RegS","Energy","Fixed Income","1,841,022.76","0.06","1,841,022.76","1,900,000.00","1,900,000.00","96.02","Canada","-","CAD","14.63","1.00","Feb 26, 2056","5.10","CAD","Feb 26, 2026"
"NRMPIP","NORTHRIVER MIDSTREAM PIPESTONE LP","Infrastructure","Fixed Income","1,840,717.87","0.06","1,840,717.87","1,852,283.00","1,852,283.00","97.91","Canada","-","CAD","5.25","1.00","Mar 10, 2039","4.87","CAD","Nov 6, 2025"
"EPCOR","EPCOR UTILITIES INC MTN","Infrastructure","Fixed Income","1,837,805.01","0.06","1,837,805.01","1,885,000.00","1,885,000.00","96.73","Canada","-","CAD","14.54","1.00","Sep 2, 2052","4.72","CAD","Sep 2, 2022"
"DFYCN","DEFINITY FINANCIAL CORP RegS","Financial","Fixed Income","1,836,806.17","0.06","1,836,806.17","1,850,000.00","1,850,000.00","98.70","Canada","-","CAD","7.55","1.00","Sep 12, 2035","4.39","CAD","Sep 12, 2025"
"AERMON","MONTREAL AIRPORTS","Infrastructure","Fixed Income","1,836,262.60","0.06","1,836,262.60","2,471,000.00","2,471,000.00","74.24","Canada","-","CAD","15.46","1.00","Apr 21, 2050","3.03","CAD","Apr 21, 2020"
"CAECN","CAE INC RegS","Industrial","Fixed Income","1,835,811.21","0.06","1,835,811.21","1,740,000.00","1,740,000.00","103.40","Canada","-","CAD","1.89","1.00","Jun 12, 2028","5.54","CAD","Jun 12, 2023"
"NACN","CANADIAN WESTERN BANK","Financial","Fixed Income","1,833,479.38","0.06","1,833,479.38","1,765,000.00","1,765,000.00","102.51","Canada","-","CAD","2.06","1.00","Jul 11, 2028","4.57","CAD","Jul 11, 2024"
"BCECN","BELL CANADA MTN 144A","Communication","Fixed Income","1,833,186.29","0.06","1,833,186.29","1,589,000.00","1,589,000.00","114.05","Canada","-","CAD","4.78","1.00","Feb 23, 2032","7.30","CAD","Feb 22, 2002"
"TIHCN","TOROMONT INDUSTRIES LTD RegS","Industrial","Fixed Income","1,828,755.58","0.06","1,828,755.58","1,826,000.00","1,826,000.00","99.81","Canada","-","CAD","3.58","1.00","Mar 28, 2030","3.76","CAD","Mar 28, 2025"
"ENBCN","ENBRIDGE INC 60NC5 RegS","Energy","Fixed Income","1,823,312.11","0.06","1,823,312.11","1,635,000.00","1,635,000.00","109.05","Canada","-","CAD","2.20","1.00","Jan 15, 2084","8.49","CAD","Sep 29, 2023"
"BAMREP","BROOKFIELD RENEWABLE PARTNERS ULC MTN","Energy","Fixed Income","1,820,756.51","0.06","1,820,756.51","1,833,000.00","1,833,000.00","99.11","Canada","-","CAD","7.58","1.00","Oct 12, 2035","4.54","CAD","Mar 12, 2025"
"PMZUCN","PRIMARIS REAL ESTATE INVESTMENT TR RegS","Real Estate","Fixed Income","1,818,485.90","0.06","1,818,485.90","1,840,000.00","1,840,000.00","98.61","Canada","-","CAD","4.05","1.00","Oct 9, 2030","3.85","CAD","Oct 9, 2025"
"IFCCN","INTACT FINANCIAL CORP MTN RegS","Financial","Fixed Income","1,816,855.00","0.06","1,816,855.00","1,838,000.00","1,838,000.00","97.88","Canada","-","CAD","1.97","1.00","May 18, 2028","2.18","CAD","May 18, 2021"
"EQBCN","EQUITABLE BANK","Financial","Fixed Income","1,812,353.43","0.06","1,812,353.43","1,800,000.00","1,800,000.00","100.28","Canada","-","CAD","1.82","1.00","Mar 24, 2028","3.99","CAD","Sep 24, 2024"
"ETRHWY","407 INTERNATIONAL INC MTN RegS","Infrastructure","Fixed Income","1,808,073.83","0.06","1,808,073.83","1,840,000.00","1,840,000.00","97.91","Canada","-","CAD","15.24","1.00","Oct 3, 2055","4.81","CAD","Oct 3, 2025"
"CNRCN","CANADIAN NATIONAL RAILWAY COMPANY","Industrial","Fixed Income","1,807,018.69","0.06","1,807,018.69","2,190,000.00","2,190,000.00","81.71","Canada","-","CAD","14.29","1.00","Feb 8, 2049","3.60","CAD","Feb 8, 2019"
"FFHCN","FAIRFAX FINANCIAL HOLDINGS LTD","Financial","Fixed Income","1,804,958.24","0.06","1,804,958.24","1,820,000.00","1,820,000.00","98.26","Canada","-","CAD","7.44","1.00","Aug 14, 2035","4.45","CAD","Aug 14, 2025"
"CAAIAU","CALGARY AIRPORT AUTHORITY","Infrastructure","Fixed Income","1,803,425.15","0.06","1,803,425.15","2,006,000.00","2,006,000.00","89.70","Canada","-","CAD","8.66","1.00","Oct 7, 2036","3.20","CAD","Oct 7, 2021"
"PLEBCA","PLENARY HEALTH BRIDGEPOINT LP","Infrastructure","Fixed Income","1,799,583.62","0.06","1,799,583.62","1,505,364.00","1,505,364.00","118.33","Canada","-","CAD","7.07","1.00","Aug 31, 2042","7.25","CAD","Aug 11, 2009"
"NRMPIP","NORTHRIVER MIDSTREAM PIPESTONE LP","Infrastructure","Fixed Income","1,798,328.62","0.06","1,798,328.62","1,832,118.00","1,832,118.00","97.89","Canada","-","CAD","5.35","1.00","Mar 10, 2039","4.86","CAD","Nov 6, 2025"
"MMSPT","MINI MALL STORAGE PROPERTIES TRUST RegS","Real Estate","Fixed Income","1,790,296.82","0.06","1,790,296.82","1,780,000.00","1,780,000.00","99.55","Canada","-","CAD","1.67","1.00","Jan 30, 2028","4.16","CAD","Jan 30, 2026"
"CHPUCN","CHOICE PROPERTIES REAL ESTATE INVE","Real Estate","Fixed Income","1,788,771.81","0.06","1,788,771.81","1,745,000.00","1,745,000.00","101.29","Canada","-","CAD","3.36","1.00","Jan 16, 2030","4.29","CAD","Jan 16, 2025"
"ETRHWY","407 INTERNATIONAL INC MTN","Infrastructure","Fixed Income","1,788,082.36","0.06","1,788,082.36","1,915,000.00","1,915,000.00","92.76","Canada","-","CAD","14.72","1.00","Sep 11, 2052","4.45","CAD","Mar 5, 2025"
"VW","VW CREDIT CANADA INC RegS","Financial","Fixed Income","1,787,622.97","0.06","1,787,622.97","1,683,000.00","1,683,000.00","103.55","Germany","-","CAD","1.44","1.00","Nov 15, 2027","5.86","CAD","Nov 15, 2022"
"HYDONE","HYDRO ONE INC MTN","Infrastructure","Fixed Income","1,782,251.75","0.06","1,782,251.75","2,069,000.00","2,069,000.00","84.48","Canada","-","CAD","13.66","1.00","Nov 18, 2047","3.72","CAD","Nov 18, 2016"
"ENBGAS","ENBRIDGE GAS INC MTN","Energy","Fixed Income","1,781,067.27","0.06","1,781,067.27","1,581,000.00","1,581,000.00","111.68","Canada","-","CAD","8.80","1.00","Sep 2, 2038","6.05","CAD","Sep 2, 2008"
"HYNMTR","HYUNDAI CAPITAL CANADA INC RegS","Financial","Fixed Income","1,777,412.50","0.06","1,777,412.50","1,770,000.00","1,770,000.00","99.87","Canada","-","CAD","2.23","1.00","Sep 5, 2028","3.57","CAD","Sep 4, 2025"
"SJCN","STELLA JONES INC RegS","Industrial","Fixed Income","1,776,353.47","0.06","1,776,353.47","1,765,000.00","1,765,000.00","100.30","Canada","-","CAD","4.77","1.00","Oct 1, 2031","4.31","CAD","Oct 1, 2024"
"HYDONE","HYDRO ONE INC MTN","Infrastructure","Fixed Income","1,775,475.64","0.06","1,775,475.64","1,705,000.00","1,705,000.00","103.49","Canada","-","CAD","8.38","1.00","Mar 13, 2037","4.89","CAD","Mar 13, 2007"
"F","FORD CREDIT CANADA CO RegS","Financial","Fixed Income","1,772,331.32","0.06","1,772,331.32","1,650,000.00","1,650,000.00","104.42","United States","-","CAD","2.21","1.00","Nov 10, 2028","6.38","CAD","Nov 10, 2023"
"MRUCN","METRO INC MTN","Industrial","Fixed Income","1,770,685.62","0.06","1,770,685.62","1,741,000.00","1,741,000.00","99.64","Canada","-","CAD","11.63","1.00","Dec 1, 2044","5.03","CAD","Dec 1, 2014"
"HYDONE","HYDRO ONE INC MTN","Infrastructure","Fixed Income","1,768,703.74","0.06","1,768,703.74","1,989,000.00","1,989,000.00","88.22","Canada","-","CAD","13.04","1.00","Feb 23, 2046","3.91","CAD","Feb 24, 2016"
"THPMCN","TRILLIUM M PROJECT CO GENERAL PART","Infrastructure","Fixed Income","1,768,066.59","0.06","1,768,066.59","1,730,000.00","1,730,000.00","102.20","Canada","-","CAD","9.36","1.00","Apr 30, 2043","4.85","CAD","Jul 10, 2025"
"SSLFIN","SSL FINANCE INC","Infrastructure","Fixed Income","1,762,535.33","0.05","1,762,535.33","1,891,671.00","1,891,671.00","93.17","Canada","-","CAD","8.14","1.00","Oct 31, 2045","4.10","CAD","Jun 19, 2015"
"CUCN","CU INC","Energy","Fixed Income","1,761,011.89","0.05","1,761,011.89","1,830,000.00","1,830,000.00","95.59","Canada","-","CAD","15.05","1.00","Sep 11, 2054","4.66","CAD","Sep 11, 2024"
"OXPROP","OXFORD PROPERTIES GROUP TRUST","Real Estate","Fixed Income","1,760,149.64","0.05","1,760,149.64","1,710,000.00","1,710,000.00","101.17","Canada","-","CAD","5.20","1.00","Jun 4, 2032","4.39","CAD","Jun 5, 2025"
"GZMCN","NOVERCO INC RegS","Energy","Fixed Income","1,760,333.46","0.05","1,760,333.46","1,783,000.00","1,783,000.00","97.49","Canada","-","CAD","14.99","1.00","Jan 28, 2056","4.90","CAD","Jan 28, 2026"
"BMW","BMW CANADA INC","Industrial","Fixed Income","1,758,148.01","0.05","1,758,148.01","1,760,000.00","1,760,000.00","99.06","Germany","-","CAD","3.48","1.00","Feb 4, 2030","3.54","CAD","Feb 3, 2026"
"NSIUCN","NOVA SCOTIA POWER INC MTN","Infrastructure","Fixed Income","1,755,975.63","0.05","1,755,975.63","1,624,000.00","1,624,000.00","106.04","Canada","-","CAD","9.64","1.00","Jun 15, 2040","5.61","CAD","Jun 15, 2010"
"CUCN","CANADIAN UTILITIES LTD","Energy","Fixed Income","1,751,051.20","0.05","1,751,051.20","1,720,000.00","1,720,000.00","100.27","Canada","-","CAD","7.33","1.00","Jun 24, 2035","4.41","CAD","Jun 24, 2025"
"OXPROP","OXFORD PROPERTIES GROUP TRUST RegS","Real Estate","Fixed Income","1,749,900.76","0.05","1,749,900.76","1,752,000.00","1,752,000.00","99.77","Canada","-","CAD","4.47","1.00","Apr 20, 2031","3.94","CAD","Apr 20, 2026"
"GWOCN","GREAT-WEST LIFECO INC","Financial","Fixed Income","1,748,803.04","0.05","1,748,803.04","2,392,000.00","2,392,000.00","72.20","Canada","-","CAD","15.33","1.00","Jul 8, 2050","2.98","CAD","Jul 8, 2020"
"CAAIAU","CALGARY AIRPORT AUTHORITY","Infrastructure","Fixed Income","1,748,419.12","0.05","1,748,419.12","2,155,000.00","2,155,000.00","80.91","Canada","-","CAD","15.34","1.00","Oct 7, 2051","3.55","CAD","Oct 7, 2021"
"ONTPOW","ONTARIO POWER GENERATION INC MTN","Energy","Fixed Income","1,748,124.57","0.05","1,748,124.57","2,466,000.00","2,466,000.00","70.34","Canada","-","CAD","15.58","1.00","Feb 21, 2051","2.95","CAD","Feb 4, 2021"
"AIREIN","AIMCO REALTY INVESTORS LP","Real Estate","Fixed Income","1,747,373.14","0.05","1,747,373.14","1,720,000.00","1,720,000.00","100.21","Canada","-","CAD","0.99","1.00","Jun 1, 2027","3.37","CAD","Dec 7, 2018"
"VW","VW CREDIT CANADA INC RegS","Financial","Fixed Income","1,746,180.43","0.05","1,746,180.43","1,730,000.00","1,730,000.00","99.24","Germany","-","CAD","4.09","1.00","Nov 19, 2030","3.81","CAD","Nov 19, 2025"
"FNCN","FIRST NATIONAL FINANCIAL CORP RegS","Financial","Fixed Income","1,744,195.49","0.05","1,744,195.49","1,715,000.00","1,715,000.00","101.63","Canada","-","CAD","5.42","1.00","Oct 25, 2032","5.44","CAD","Oct 23, 2025"
"HYDONE","HYDRO ONE INC.","Infrastructure","Fixed Income","1,742,239.90","0.05","1,742,239.90","1,493,000.00","1,493,000.00","113.71","Canada","-","CAD","3.50","1.00","Jun 3, 2030","7.35","CAD","Jun 1, 2000"
"EQBCN","EQUITABLE BANK","Financial","Fixed Income","1,742,336.03","0.05","1,742,336.03","1,715,000.00","1,715,000.00","99.79","Canada","-","CAD","1.90","1.00","May 5, 2028","3.74","CAD","May 5, 2025"
"VW","VW CREDIT CANADA INC","Financial","Fixed Income","1,741,575.78","0.05","1,741,575.78","1,695,000.00","1,695,000.00","101.91","Germany","-","CAD","3.04","1.00","Aug 20, 2029","4.42","CAD","Aug 19, 2024"
"PPLCN","PEMBINA PIPELINE CORP","Energy","Fixed Income","1,740,117.91","0.05","1,740,117.91","1,885,000.00","1,885,000.00","90.36","Canada","-","CAD","13.42","1.00","May 28, 2050","4.67","CAD","May 28, 2020"
"DOLCN","DOLLARAMA INC RegS","Industrial","Fixed Income","1,739,375.56","0.05","1,739,375.56","1,735,000.00","1,735,000.00","99.95","Canada","-","CAD","4.67","1.00","Jul 25, 2031","3.94","CAD","Apr 2, 2026"
"CNRCN","CANADIAN NATIONAL RAILWAY COMPANY","Industrial","Fixed Income","1,732,838.82","0.05","1,732,838.82","1,951,000.00","1,951,000.00","88.40","Canada","-","CAD","12.87","1.00","Sep 22, 2045","3.95","CAD","Sep 22, 2015"
"QBRCN","VIDEOTRON LTD RegS","Communication","Fixed Income","1,730,722.13","0.05","1,730,722.13","1,650,000.00","1,650,000.00","103.45","Canada","-","CAD","6.58","1.00","Jul 15, 2034","5.00","CAD","Jun 21, 2024"
"ATRLCN","ATKINSREALIS GROUP INC RegS","Industrial","Fixed Income","1,729,900.18","0.05","1,729,900.18","1,710,000.00","1,710,000.00","100.87","Canada","-","CAD","4.55","1.00","Jun 15, 2031","4.41","CAD","Apr 6, 2026"
"SRUUCN","SMARTCENTRES REAL ESTATE INVESTMEN","Real Estate","Fixed Income","1,729,224.79","0.05","1,729,224.79","1,725,000.00","1,725,000.00","98.25","Canada","-","CAD","5.23","1.00","Jun 12, 2032","4.32","CAD","Nov 12, 2025"
"TORHYD","TORONTO HYDRO CORPORATION","Infrastructure","Fixed Income","1,728,893.06","0.05","1,728,893.06","1,741,000.00","1,741,000.00","98.92","Canada","-","CAD","7.03","1.00","Sep 26, 2034","3.99","CAD","Sep 26, 2024"
"CNRCN","CANADIAN NATIONAL RAILWAY COMPANY","Industrial","Fixed Income","1,728,436.04","0.05","1,728,436.04","1,721,000.00","1,721,000.00","99.65","Canada","-","CAD","2.11","1.00","Jul 31, 2028","3.20","CAD","Jul 31, 2018"
"ENBPIP","ENBRIDGE PIPELINES INC MTN","Energy","Fixed Income","1,728,131.08","0.05","1,728,131.08","1,690,000.00","1,690,000.00","101.91","Canada","-","CAD","9.78","1.00","Apr 6, 2040","5.33","CAD","Apr 6, 2010"
"NVLAUT","NOUVELLE AUTOROUTE 30 FINANCEMENT","Infrastructure","Fixed Income","1,728,184.39","0.05","1,728,184.39","1,861,289.00","1,861,289.00","92.51","Canada","-","CAD","8.90","1.00","Mar 31, 2042","4.11","CAD","Jun 14, 2018"
"LOWMAT","LOWER MATTAGAMI ENERGY LP","Infrastructure","Fixed Income","1,725,161.53","0.05","1,725,161.53","1,617,000.00","1,617,000.00","104.39","Canada","-","CAD","10.28","1.00","May 18, 2041","5.14","CAD","May 17, 2011"
"POWCN","POWER CORPORATION OF CANADA","Financial","Fixed Income","1,722,718.46","0.05","1,722,718.46","1,855,000.00","1,855,000.00","91.73","Canada","-","CAD","13.34","1.00","Jul 27, 2048","4.46","CAD","Jul 25, 2018"
"GZMCN","ENERGIR INC RegS","Energy","Fixed Income","1,721,480.55","0.05","1,721,480.55","1,789,000.00","1,789,000.00","95.56","Canada","-","CAD","5.21","1.00","Feb 9, 2032","3.04","CAD","Feb 9, 2022"
"HYDONE","HYDRO ONE INC MTN","Infrastructure","Fixed Income","1,719,906.90","0.05","1,719,906.90","1,844,000.00","1,844,000.00","92.79","Canada","-","CAD","4.45","1.00","Jan 16, 2031","1.69","CAD","Oct 9, 2020"
"GTAAIR","GREATER TORONTO AIRPORTS AUTHORITY","Infrastructure","Fixed Income","1,719,105.24","0.05","1,719,105.24","2,260,000.00","2,260,000.00","75.85","Canada","-","CAD","15.82","1.00","Oct 5, 2051","3.15","CAD","Oct 5, 2021"
"BCECN","BELL CANADA MTN","Communication","Fixed Income","1,716,136.51","0.05","1,716,136.51","1,528,000.00","1,528,000.00","111.25","Canada","-","CAD","7.97","1.00","Feb 26, 2037","6.17","CAD","Feb 26, 2007"
"CPXCN","CAPITAL POWER CORP MTN","Energy","Fixed Income","1,706,152.89","0.05","1,706,152.89","1,825,000.00","1,825,000.00","93.24","Canada","-","CAD","5.73","1.00","Oct 1, 2032","3.15","CAD","Oct 1, 2020"
"ENBGAS","ENBRIDGE GAS INC MTN 144A","Energy","Fixed Income","1,705,190.46","0.05","1,705,190.46","1,596,000.00","1,596,000.00","105.93","Canada","-","CAD","7.66","1.00","Feb 25, 2036","5.21","CAD","Feb 24, 2006"
"IGMCN","INVESTORS GROUP INC.","Financial","Fixed Income","1,699,933.55","0.05","1,699,933.55","1,449,000.00","1,449,000.00","116.27","Canada","-","CAD","5.50","1.00","Mar 7, 2033","7.11","CAD","Mar 5, 2003"
"DTRGR","DAIMLER TRUCK FINANCE CANADA INC RegS","Financial","Fixed Income","1,698,678.32","0.05","1,698,678.32","1,610,000.00","1,610,000.00","104.94","Germany","-","CAD","2.24","1.00","Sep 25, 2028","5.77","CAD","Sep 25, 2023"
"CUCN","CU INC MTN","Energy","Fixed Income","1,697,993.19","0.05","1,697,993.19","1,913,000.00","1,913,000.00","87.05","Canada","-","CAD","13.82","1.00","Nov 23, 2048","3.95","CAD","Nov 21, 2018"
"F","FORD CREDIT CANADA CO","Financial","Fixed Income","1,694,898.95","0.05","1,694,898.95","1,676,000.00","1,676,000.00","100.48","United States","-","CAD","3.07","1.00","Sep 12, 2029","4.79","CAD","Sep 12, 2024"
"APUCN","ALLIED PROPERTIES REAL ESTATE INVE","Real Estate","Fixed Income","1,693,807.32","0.05","1,693,807.32","1,775,000.00","1,775,000.00","94.85","Canada","-","CAD","3.54","1.00","Feb 21, 2030","3.12","CAD","Feb 21, 2020"
"BMW","BMW CANADA INC MTN RegS","Industrial","Fixed Income","1,690,139.91","0.05","1,690,139.91","1,683,000.00","1,683,000.00","99.86","Germany","-","CAD","3.12","1.00","Sep 5, 2029","3.70","CAD","Sep 5, 2025"
"ALACN","ALTAGAS LTD MTN","Energy","Fixed Income","1,682,943.47","0.05","1,682,943.47","1,621,000.00","1,621,000.00","102.39","Canada","-","CAD","2.43","1.00","Jan 8, 2029","4.67","CAD","Jan 8, 2024"
"ALACN","ALTAGAS LTD MTN RegS","Energy","Fixed Income","1,680,151.98","0.05","1,680,151.98","1,600,000.00","1,600,000.00","104.35","Canada","-","CAD","6.37","1.00","Mar 14, 2034","5.14","CAD","Mar 14, 2024"
"ETRHWY","407 INTERNATIONAL INC MTN","Infrastructure","Fixed Income","1,675,228.82","0.05","1,675,228.82","1,641,000.00","1,641,000.00","101.22","Canada","-","CAD","1.71","1.00","Feb 14, 2028","4.22","CAD","Sep 7, 2022"
"BCECN","BELL CANADA MTN","Communication","Fixed Income","1,665,431.53","0.05","1,665,431.53","1,760,000.00","1,760,000.00","94.21","Canada","-","CAD","11.85","1.00","Sep 29, 2044","4.75","CAD","Sep 29, 2014"
"CAAIAU","CALGARY AIRPORT AUTHORITY","Infrastructure","Fixed Income","1,658,381.06","0.05","1,658,381.06","1,863,000.00","1,863,000.00","88.81","Canada","-","CAD","9.87","1.00","Oct 7, 2038","3.34","CAD","Oct 7, 2021"
"HYNMTR","HYUNDAI CAPITAL CANADA INC","Financial","Fixed Income","1,652,765.11","0.05","1,652,765.11","1,585,000.00","1,585,000.00","103.08","Canada","-","CAD","2.48","1.00","Jan 31, 2029","4.89","CAD","Jan 31, 2024"
"TOYOTA","TOYOTA CREDIT CANADA INC MTN RegS","Financial","Fixed Income","1,651,679.14","0.05","1,651,679.14","1,574,000.00","1,574,000.00","103.41","Canada","-","CAD","2.05","1.00","Jul 12, 2028","5.16","CAD","Jul 12, 2023"
"APUCN","ALLIED PROPERTIES REAL ESTATE INVE","Real Estate","Fixed Income","1,650,763.68","0.05","1,650,763.68","1,695,000.00","1,695,000.00","96.70","Canada","-","CAD","3.07","1.00","Aug 15, 2029","3.39","CAD","Aug 15, 2019"
"BAMREP","BROOKFIELD RENEWABLE PARTNERS ULC MTN","Energy","Fixed Income","1,649,096.11","0.05","1,649,096.11","1,600,000.00","1,600,000.00","102.93","Canada","-","CAD","6.85","1.00","Oct 20, 2034","4.96","CAD","Jul 17, 2024"
"ENBPIP","ENBRIDGE PIPELINES INC MTN","Energy","Fixed Income","1,647,653.52","0.05","1,647,653.52","1,909,000.00","1,909,000.00","84.37","Canada","-","CAD","14.01","1.00","May 12, 2051","4.20","CAD","May 12, 2021"
"GTAAIR","GREATER TORONTO AIRPORTS AUTHORITY MTN 144A","Infrastructure","Fixed Income","1,646,478.42","0.05","1,646,478.42","1,640,000.00","1,640,000.00","98.55","Canada","-","CAD","10.83","1.00","Dec 2, 2041","4.53","CAD","Dec 2, 2011"
"ENBPIP","ENBRIDGE PIPELINES INC MTN","Energy","Fixed Income","1,643,885.90","0.05","1,643,885.90","1,525,000.00","1,525,000.00","106.65","Canada","-","CAD","13.70","1.00","Aug 17, 2053","5.82","CAD","Aug 17, 2023"
"HNDA","HONDA CANADA FINANCE INC","Financial","Fixed Income","1,643,211.93","0.05","1,643,211.93","1,560,000.00","1,560,000.00","104.82","Canada","-","CAD","2.25","1.00","Sep 28, 2028","5.73","CAD","Sep 28, 2023"
"XCN","TMX GROUP LTD RegS","Financial","Fixed Income","1,639,645.70","0.05","1,639,645.70","1,575,000.00","1,575,000.00","103.17","Canada","-","CAD","2.96","1.00","Aug 16, 2029","4.68","CAD","Feb 16, 2024"
"GWOCN","GREAT-WEST LIFECO INC","Financial","Fixed Income","1,639,424.21","0.05","1,639,424.21","1,407,000.00","1,407,000.00","113.62","Canada","-","CAD","4.60","1.00","Nov 24, 2031","6.74","CAD","Nov 23, 2001"
"EPCOR","EPCOR UTILITIES INC RegS","Infrastructure","Fixed Income","1,638,749.22","0.05","1,638,749.22","1,655,000.00","1,655,000.00","98.75","Canada","-","CAD","4.06","1.00","Oct 1, 2030","3.37","CAD","Oct 1, 2025"
"KEYCN","KEYERA CORP MTN","Energy","Fixed Income","1,636,783.17","0.05","1,636,783.17","1,560,000.00","1,560,000.00","103.12","Canada","-","CAD","13.70","1.00","Jan 4, 2054","5.66","CAD","Jan 4, 2024"
"AERMON","AEROPORTS DE MONTREAL","Infrastructure","Fixed Income","1,636,172.57","0.05","1,636,172.57","1,804,000.00","1,804,000.00","89.20","Canada","-","CAD","12.63","1.00","Jun 12, 2045","3.92","CAD","Jun 12, 2015"
"GLENLN","GLENCORE FUNDING LLC RegS","Industrial","Fixed Income","1,634,661.72","0.05","1,634,661.72","1,642,000.00","1,642,000.00","99.53","Switzerland","-","CAD","4.69","1.00","Jul 28, 2031","4.00","CAD","Apr 28, 2026"
"DTRGR","DAIMLER TRUCK FINANCE CANADA INC","Financial","Fixed Income","1,632,369.80","0.05","1,632,369.80","1,585,000.00","1,585,000.00","102.57","Germany","-","CAD","3.14","1.00","Sep 27, 2029","4.54","CAD","Jun 25, 2024"
"TERANE","TERANET HOLDINGS LP RegS","Industrial","Fixed Income","1,631,926.15","0.05","1,631,926.15","1,610,000.00","1,610,000.00","100.68","Canada","-","CAD","5.05","1.00","Mar 7, 2032","4.64","CAD","Mar 7, 2025"
"FTSCN","FORTISALBERTA INC","Infrastructure","Fixed Income","1,628,627.55","0.05","1,628,627.55","1,611,000.00","1,611,000.00","99.03","Canada","-","CAD","14.60","1.00","May 27, 2054","4.90","CAD","May 27, 2024"
"HYDONE","HYDRO ONE INC","Infrastructure","Fixed Income","1,624,382.01","0.05","1,624,382.01","1,971,000.00","1,971,000.00","82.16","Canada","-","CAD","14.75","1.00","Apr 5, 2050","3.64","CAD","Apr 5, 2019"
"MFCCN","MANULIFE BANK OF CANADA","Financial","Fixed Income","1,623,573.41","0.05","1,623,573.41","1,625,000.00","1,625,000.00","98.61","Canada","-","CAD","2.88","1.00","Jun 1, 2029","3.16","CAD","Dec 1, 2025"
"EPCOR","EPCOR UTILITIES INC MTN","Infrastructure","Fixed Income","1,623,869.82","0.05","1,623,869.82","1,940,000.00","1,940,000.00","82.21","Canada","-","CAD","13.82","1.00","Nov 27, 2047","3.55","CAD","Nov 27, 2017"
"TORHYD","TORONTO HYDRO CORPORATION","Infrastructure","Fixed Income","1,621,591.49","0.05","1,621,591.49","1,655,000.00","1,655,000.00","97.50","Canada","-","CAD","15.29","1.00","Sep 24, 2055","4.75","CAD","Sep 24, 2025"
"CTLONE","CENTRAL 1 CREDIT UNION MTN","Financial","Fixed Income","1,614,549.62","0.05","1,614,549.62","1,610,000.00","1,610,000.00","99.53","Canada","-","CAD","3.89","1.00","Aug 20, 2030","4.00","CAD","Aug 20, 2025"
"KEYCN","KEYERA CORP MTN","Energy","Fixed Income","1,609,107.93","0.05","1,609,107.93","1,578,000.00","1,578,000.00","100.32","Canada","-","CAD","3.61","1.00","May 29, 2030","3.96","CAD","May 29, 2020"
"CRRUCN","CROMBIE REAL ESTATE INVESTMENT TRU","Real Estate","Fixed Income","1,608,594.42","0.05","1,608,594.42","1,570,000.00","1,570,000.00","101.10","Canada","-","CAD","4.90","1.00","Jan 15, 2032","4.73","CAD","Oct 11, 2024"
"ETRHWY","407 INTERNATIONAL INC MTN","Infrastructure","Fixed Income","1,604,395.86","0.05","1,604,395.86","1,624,000.00","1,624,000.00","96.77","Canada","-","CAD","10.77","1.00","Nov 15, 2041","4.45","CAD","Nov 17, 2011"
"TERANE","TERANET HOLDINGS LP","Industrial","Fixed Income","1,598,521.42","0.05","1,598,521.42","1,487,000.00","1,487,000.00","105.26","Canada","-","CAD","9.76","1.00","Jun 17, 2041","6.10","CAD","Apr 4, 2011"
"BNCN","BROOKFIELD FINANCE II INC MTN RegS","Industrial","Fixed Income","1,592,513.38","0.05","1,592,513.38","1,565,000.00","1,565,000.00","100.07","Canada","-","CAD","5.75","1.00","Mar 1, 2033","4.39","CAD","Dec 11, 2025"
"VW","VW CREDIT CANADA INC RegS","Financial","Fixed Income","1,590,132.74","0.05","1,590,132.74","1,510,000.00","1,510,000.00","104.66","Germany","-","CAD","2.23","1.00","Sep 20, 2028","5.73","CAD","Sep 20, 2023"
"ENBGAS","ENBRIDGE GAS INC MTN","Energy","Fixed Income","1,587,779.86","0.05","1,587,779.86","1,577,000.00","1,577,000.00","99.43","Canada","-","CAD","1.50","1.00","Nov 22, 2027","2.88","CAD","Nov 22, 2017"
"CP","CANADIAN PACIFIC RAILWAY COMPANY","Industrial","Fixed Income","1,587,036.00","0.05","1,587,036.00","1,596,000.00","1,596,000.00","99.02","Canada","-","CAD","2.69","1.00","Mar 13, 2029","3.15","CAD","Mar 13, 2019"
"FCRCN","FIRST CAPITAL REAL ESTATE INVESTME","Real Estate","Fixed Income","1,584,542.04","0.05","1,584,542.04","1,480,000.00","1,480,000.00","106.15","Canada","-","CAD","4.11","1.00","Mar 1, 2031","5.57","CAD","Mar 1, 2024"
"ACICN","ALTAGAS CANADA INC MTN","Energy","Fixed Income","1,578,033.21","0.05","1,578,033.21","1,532,000.00","1,532,000.00","101.30","Canada","-","CAD","2.27","1.00","Dec 5, 2028","4.26","CAD","Dec 5, 2018"
"MRUCN","METRO INC RegS","Industrial","Fixed Income","1,577,118.59","0.05","1,577,118.59","1,515,000.00","1,515,000.00","103.05","Canada","-","CAD","5.66","1.00","Feb 7, 2033","4.66","CAD","Feb 6, 2023"
"CUCN","CU INC MTN","Energy","Fixed Income","1,575,747.74","0.05","1,575,747.74","1,478,000.00","1,478,000.00","104.39","Canada","-","CAD","8.03","1.00","Nov 20, 2036","5.03","CAD","Nov 20, 2006"
"HYDONE","HYDRO ONE INC MTN","Infrastructure","Fixed Income","1,573,873.09","0.05","1,573,873.09","1,632,000.00","1,632,000.00","96.02","Canada","-","CAD","10.94","1.00","Sep 26, 2041","4.39","CAD","Sep 26, 2011"
"EPCOR","EPCOR UTILITIES INC MTN 144A","Infrastructure","Fixed Income","1,573,034.24","0.05","1,573,034.24","1,400,000.00","1,400,000.00","109.81","Canada","-","CAD","7.30","1.00","Nov 16, 2035","5.65","CAD","Nov 17, 2005"
"FCRCN","FIRST CAPITAL REAL ESTATE INVESTME RegS","Real Estate","Fixed Income","1,571,313.90","0.05","1,571,313.90","1,515,000.00","1,515,000.00","101.89","Canada","-","CAD","5.85","1.00","Jun 13, 2033","4.83","CAD","Jun 13, 2025"
"FCRCN","FIRST CAPITAL REAL ESTATE INVESTME RegS","Real Estate","Fixed Income","1,564,880.11","0.05","1,564,880.11","1,455,000.00","1,455,000.00","105.47","Canada","-","CAD","5.01","1.00","Jun 12, 2032","5.46","CAD","Jun 12, 2024"
"ALTALK","ALTALINK LP MTN","Infrastructure","Fixed Income","1,559,301.39","0.05","1,559,301.39","1,693,000.00","1,693,000.00","90.75","Canada","-","CAD","12.57","1.00","Jun 30, 2045","4.09","CAD","Jun 30, 2015"
"BAMREP","BROOKFIELD RENEWABLE PARTNERS ULC MTN","Energy","Fixed Income","1,556,978.03","0.05","1,556,978.03","2,130,000.00","2,130,000.00","72.40","Canada","-","CAD","14.74","1.00","Aug 13, 2050","3.33","CAD","Aug 13, 2020"
"CTLONE","CENTRAL 1 CREDIT UNION MTN","Financial","Fixed Income","1,555,700.90","0.05","1,555,700.90","1,515,000.00","1,515,000.00","101.64","Canada","-","CAD","1.62","1.00","Feb 7, 2028","4.65","CAD","Feb 7, 2023"
"TOYOTA","TOYOTA CREDIT CANADA INC MTN","Financial","Fixed Income","1,552,973.41","0.05","1,552,973.41","1,564,000.00","1,564,000.00","98.74","Canada","-","CAD","2.67","1.00","Feb 26, 2029","3.14","CAD","Feb 24, 2026"
"HYDONE","HYDRO ONE INC MTN","Infrastructure","Fixed Income","1,551,386.28","0.05","1,551,386.28","2,092,000.00","2,092,000.00","73.77","Canada","-","CAD","15.73","1.00","Sep 15, 2051","3.10","CAD","Sep 17, 2021"
"SRUUCN","SMARTCENTRES REAL ESTATE INVESTMEN","Real Estate","Fixed Income","1,550,521.07","0.05","1,550,521.07","1,570,000.00","1,570,000.00","97.36","Canada","-","CAD","4.15","1.00","Dec 11, 2030","3.65","CAD","Jun 11, 2020"
"TORHYD","TORONTO HYDRO CORPORATION","Infrastructure","Fixed Income","1,546,058.19","0.05","1,546,058.19","1,884,000.00","1,884,000.00","81.48","Canada","-","CAD","14.14","1.00","Feb 28, 2048","3.48","CAD","Nov 14, 2017"
"IFCCN","INTACT FINANCIAL CORP RegS","Financial","Fixed Income","1,543,452.49","0.05","1,543,452.49","1,554,000.00","1,554,000.00","98.36","Canada","-","CAD","3.90","1.00","Mar 31, 2086","5.64","CAD","Feb 27, 2026"
"TRPCN","TRANSCANADA PIPELINES LTD","Energy","Fixed Income","1,541,619.46","0.05","1,541,619.46","1,394,000.00","1,394,000.00","107.85","Canada","-","CAD","13.17","1.00","May 12, 2052","5.92","CAD","May 12, 2022"
"TORHYD","TORONTO HYDRO CORPORATION","Infrastructure","Fixed Income","1,535,966.35","0.05","1,535,966.35","1,622,000.00","1,622,000.00","94.63","Canada","-","CAD","5.05","1.00","Oct 20, 2031","2.47","CAD","Oct 18, 2021"
"ENBGAS","ENBRIDGE GAS INC","Energy","Fixed Income","1,533,705.30","0.05","1,533,705.30","1,623,000.00","1,623,000.00","93.60","Canada","-","CAD","14.56","1.00","Aug 17, 2052","4.55","CAD","Aug 17, 2022"
"NAVCAN","NAV CANADA MTN","Infrastructure","Fixed Income","1,533,178.70","0.05","1,533,178.70","1,920,000.00","1,920,000.00","79.58","Canada","-","CAD","14.44","1.00","Mar 30, 2048","3.29","CAD","Mar 29, 2018"
"COOPFS","CO-OPERATORS FINANCIAL SERVICES LT","Financial","Fixed Income","1,532,219.08","0.05","1,532,219.08","1,548,000.00","1,548,000.00","97.45","Canada","-","CAD","3.68","1.00","May 13, 2030","3.33","CAD","May 11, 2020"
"PMZUCN","PRIMARIS REAL ESTATE INVESTMENT TR RegS","Real Estate","Fixed Income","1,531,553.23","0.05","1,531,553.23","1,405,000.00","1,405,000.00","106.89","Canada","-","CAD","2.76","1.00","Jun 30, 2029","6.37","CAD","Nov 22, 2023"
"VANAIR","VANCOUVER AIRPORT AUTHORITY","Infrastructure","Fixed Income","1,527,062.12","0.05","1,527,062.12","2,136,000.00","2,136,000.00","71.18","Canada","-","CAD","15.86","1.00","Sep 21, 2050","2.80","CAD","Sep 21, 2020"
"SUCN","SUNCOR ENERGY INC MTN","Energy","Fixed Income","1,526,462.57","0.05","1,526,462.57","1,705,000.00","1,705,000.00","88.96","Canada","-","CAD","12.80","1.00","Sep 13, 2046","4.34","CAD","Sep 13, 2016"
"ALCTRA","ALECTRA INC (CANADA)","Infrastructure","Fixed Income","1,522,846.92","0.05","1,522,846.92","1,428,000.00","1,428,000.00","104.25","Canada","-","CAD","14.02","1.00","Nov 14, 2052","5.22","CAD","Nov 14, 2022"
"EAGCCT_24-1-A","EAGCCT_24-1 A RegS","Securitized","Fixed Income","1,512,198.69","0.05","1,512,198.69","1,433,000.00","1,433,000.00","103.72","Canada","-","CAD","2.85","1.00","Jun 17, 2029","4.92","CAD","Jun 4, 2024"
"ALTALK","ALTALINK LP","Infrastructure","Fixed Income","1,510,279.16","0.05","1,510,279.16","1,520,000.00","1,520,000.00","97.29","Canada","-","CAD","14.73","1.00","May 22, 2054","4.74","CAD","May 22, 2024"
"ALTALK","ALTALINK LP MTN","Infrastructure","Fixed Income","1,509,602.94","0.05","1,509,602.94","1,632,000.00","1,632,000.00","90.72","Canada","-","CAD","12.30","1.00","Nov 21, 2044","4.05","CAD","Nov 21, 2014"
"MMSPT","MINI MALL STORAGE PROPERTIES TRUST RegS","Real Estate","Fixed Income","1,504,108.07","0.05","1,504,108.07","1,500,000.00","1,500,000.00","99.03","Canada","-","CAD","4.53","1.00","Jul 30, 2031","5.03","CAD","Jan 30, 2026"
"HYDONE","HYDRO ONE INC MTN","Infrastructure","Fixed Income","1,499,005.56","0.05","1,499,005.56","1,596,000.00","1,596,000.00","92.27","Canada","-","CAD","12.05","1.00","Jun 6, 2044","4.17","CAD","Jun 6, 2014"
"GOUCN","GO RESIDENTIAL OPERATING LLC RegS","Real Estate","Fixed Income","1,498,182.75","0.05","1,498,182.75","1,500,000.00","1,500,000.00","98.93","United States","-","CAD","2.59","1.00","Feb 13, 2029","4.53","CAD","Feb 13, 2026"
"FNTETF","FIRST NATIONS ETF LP 144A","Energy","Fixed Income","1,489,592.84","0.05","1,489,592.84","1,526,054.00","1,526,054.00","96.25","Canada","-","CAD","5.28","1.00","Dec 31, 2041","4.14","CAD","Nov 22, 2017"
"NAVCAN","NAV CANADA","Infrastructure","Fixed Income","1,488,731.06","0.05","1,488,731.06","1,553,000.00","1,553,000.00","95.00","Canada","-","CAD","3.83","1.00","May 29, 2030","2.06","CAD","May 29, 2020"
"TOYOTA","TOYOTA CREDIT CANADA INC MTN","Financial","Fixed Income","1,488,685.28","0.05","1,488,685.28","1,506,000.00","1,506,000.00","98.23","Canada","-","CAD","4.38","1.00","Feb 24, 2031","3.46","CAD","Feb 24, 2026"
"GZMCN","ENERGIR LP","Energy","Fixed Income","1,486,520.74","0.05","1,486,520.74","1,485,000.00","1,485,000.00","98.13","Canada","-","CAD","14.43","1.00","Jun 2, 2053","4.83","CAD","Jun 2, 2023"
"CP","CANADIAN PACIFIC RAILWAY COMPANY","Industrial","Fixed Income","1,486,277.67","0.05","1,486,277.67","1,506,000.00","1,506,000.00","96.88","Canada","-","CAD","14.90","1.00","Jun 13, 2055","4.80","CAD","Jun 13, 2025"
"FTTCN","FINNING INTERNATIONAL INC","Industrial","Fixed Income","1,483,537.40","0.05","1,483,537.40","1,432,000.00","1,432,000.00","101.59","Canada","-","CAD","1.85","1.00","May 16, 2028","4.45","CAD","May 16, 2023"
"BRUPOW","BRUCE POWER LP RegS","Energy","Fixed Income","1,480,630.07","0.05","1,480,630.07","1,395,000.00","1,395,000.00","104.36","Canada","-","CAD","5.01","1.00","Dec 21, 2032","4.99","CAD","Mar 23, 2023"
"SRUUCN","SMARTCENTRES REAL ESTATE INVESTMEN","Real Estate","Fixed Income","1,475,993.46","0.05","1,475,993.46","1,440,000.00","1,440,000.00","101.41","Canada","-","CAD","4.55","1.00","Aug 5, 2031","4.74","CAD","Feb 5, 2025"
"CNRCN","CANADIAN NATIONAL RAILWAY","Industrial","Fixed Income","1,475,555.79","0.05","1,475,555.79","1,989,000.00","1,989,000.00","73.51","Canada","-","CAD","15.18","1.00","Feb 8, 2050","3.05","CAD","Nov 1, 2019"
"GEICN","GIBSON ENERGY INC MTN","Energy","Fixed Income","1,472,443.56","0.05","1,472,443.56","1,470,000.00","1,470,000.00","99.34","Canada","-","CAD","1.17","1.00","Jul 14, 2027","2.85","CAD","Jul 14, 2020"
"ENBGAS","ENBRIDGE GAS INC MTN","Energy","Fixed Income","1,470,911.87","0.05","1,470,911.87","1,677,000.00","1,677,000.00","86.15","Canada","-","CAD","13.07","1.00","Jun 1, 2046","3.80","CAD","May 31, 2016"
"ALTALK","ALTALINK LP","Infrastructure","Fixed Income","1,470,060.13","0.05","1,470,060.13","1,419,000.00","1,419,000.00","101.38","Canada","-","CAD","10.14","1.00","Nov 15, 2040","4.87","CAD","Nov 15, 2010"
"ALTALK","ALTALINK LP MTN","Infrastructure","Fixed Income","1,469,309.91","0.05","1,469,309.91","1,484,000.00","1,484,000.00","96.90","Canada","-","CAD","10.78","1.00","Nov 8, 2041","4.46","CAD","Nov 8, 2011"
"TORHYD","TORONTO HYDRO CORPORATION","Infrastructure","Fixed Income","1,469,058.13","0.05","1,469,058.13","1,458,000.00","1,458,000.00","100.53","Canada","-","CAD","14.48","1.00","Oct 13, 2052","4.95","CAD","Oct 13, 2022"
"TOUCN","TOURMALINE OIL CORP","Energy","Fixed Income","1,467,389.02","0.05","1,467,389.02","1,415,000.00","1,415,000.00","101.69","Canada","-","CAD","1.04","1.00","May 30, 2027","4.86","CAD","May 30, 2024"
"ONTPOW","ONTARIO POWER GENERATION INC MTN","Energy","Fixed Income","1,464,848.44","0.05","1,464,848.44","1,814,000.00","1,814,000.00","80.27","Canada","-","CAD","14.73","1.00","Sep 13, 2050","3.65","CAD","Sep 13, 2019"
"IFCCN","INTACT FINANCIAL CORP MTN RegS","Financial","Fixed Income","1,460,943.31","0.05","1,460,943.31","1,550,000.00","1,550,000.00","93.77","Canada","-","CAD","12.36","1.00","Mar 21, 2060","4.64","CAD","Mar 21, 2025"
"SRUUCN","SMARTCENTRES REAL ESTATE INVESTMEN","Real Estate","Fixed Income","1,458,982.28","0.05","1,458,982.28","1,445,000.00","1,445,000.00","99.74","Canada","-","CAD","1.07","1.00","Jun 11, 2027","3.19","CAD","Jun 11, 2020"
"ENBCN","ENBRIDGE INC MTN","Energy","Fixed Income","1,458,549.83","0.05","1,458,549.83","1,752,000.00","1,752,000.00","82.80","Canada","-","CAD","14.43","1.00","Sep 21, 2051","4.10","CAD","Sep 21, 2021"
"HYDONE","HYDRO ONE INC","Infrastructure","Fixed Income","1,458,134.72","0.05","1,458,134.72","2,089,000.00","2,089,000.00","69.35","Canada","-","CAD","15.67","1.00","Feb 28, 2050","2.71","CAD","Feb 28, 2020"
"WCPCN","WHITECAP RESOURCES INC RegS","Energy","Fixed Income","1,456,942.26","0.05","1,456,942.26","1,434,000.00","1,434,000.00","100.24","Canada","-","CAD","2.02","1.00","Jun 19, 2028","3.76","CAD","Jun 19, 2025"
"GRTCN","GRANITE REIT HOLDINGS LP","Real Estate","Fixed Income","1,454,471.54","0.05","1,454,471.54","1,450,000.00","1,450,000.00","100.02","Canada","-","CAD","3.17","1.00","Oct 4, 2029","4.00","CAD","Oct 4, 2024"
"CUCN","CU INC MTN","Energy","Fixed Income","1,454,128.59","0.05","1,454,128.59","1,664,000.00","1,664,000.00","85.72","Canada","-","CAD","13.27","1.00","Nov 19, 2046","3.76","CAD","Nov 17, 2016"
"REIUCN","RIOCAN REAL ESTATE INVESTMENT TRUS","Real Estate","Fixed Income","1,453,720.23","0.05","1,453,720.23","1,375,000.00","1,375,000.00","104.83","Canada","-","CAD","4.13","1.00","Mar 1, 2031","5.46","CAD","May 31, 2024"
"ENBGAS","ENBRIDGE GAS INC","Energy","Fixed Income","1,451,682.28","0.05","1,451,682.28","1,424,000.00","1,424,000.00","101.13","Canada","-","CAD","5.41","1.00","Aug 17, 2032","4.15","CAD","Aug 17, 2022"
"CNRCN","CANADIAN NATIONAL RAILWAY COMPANY","Industrial","Fixed Income","1,448,367.48","0.05","1,448,367.48","1,453,000.00","1,453,000.00","99.02","Canada","-","CAD","2.61","1.00","Feb 8, 2029","3.00","CAD","Feb 8, 2019"
"ALCTRA","ALECTRA INC (CANADA)","Infrastructure","Fixed Income","1,446,527.91","0.05","1,446,527.91","1,553,000.00","1,553,000.00","92.77","Canada","-","CAD","4.51","1.00","Feb 11, 2031","1.75","CAD","Feb 11, 2021"
"ONTPOW","ONTARIO POWER GENERATION INC MTN","Energy","Fixed Income","1,446,471.29","0.05","1,446,471.29","1,364,000.00","1,364,000.00","104.68","Canada","-","CAD","5.18","1.00","Jul 19, 2032","4.92","CAD","Jul 18, 2022"
"ENOPOW","ENOVA POWER CORP RegS","Infrastructure","Fixed Income","1,445,285.99","0.05","1,445,285.99","1,440,000.00","1,440,000.00","99.39","Canada","-","CAD","4.27","1.00","Jan 21, 2031","3.60","CAD","Jan 21, 2026"
"APUCN","ALLIED PROPERTIES REAL ESTATE INVE","Real Estate","Fixed Income","1,439,298.08","0.04","1,439,298.08","1,445,000.00","1,445,000.00","98.18","Canada","-","CAD","1.94","1.00","May 15, 2028","3.13","CAD","May 15, 2020"
"ALCTRA","ALECTRA INC (CANADA)","Infrastructure","Fixed Income","1,439,348.70","0.04","1,439,348.70","1,371,000.00","1,371,000.00","103.24","Canada","-","CAD","6.58","1.00","Jun 13, 2034","4.63","CAD","Jun 13, 2024"
"GILCN","GILDAN ACTIVEWEAR INC. RegS","Industrial","Fixed Income","1,434,869.98","0.04","1,434,869.98","1,400,000.00","1,400,000.00","100.68","Canada","-","CAD","4.05","1.00","Nov 22, 2030","4.15","CAD","Mar 13, 2025"
"MFCCN","MANULIFE BANK OF CANADA","Financial","Fixed Income","1,434,094.11","0.04","1,434,094.11","1,430,000.00","1,430,000.00","99.58","Canada","-","CAD","3.91","1.00","Aug 19, 2030","3.69","CAD","Aug 19, 2025"
"IGMCN","IGM FINANCIAL INC","Financial","Fixed Income","1,433,459.87","0.04","1,433,459.87","1,345,000.00","1,345,000.00","104.27","Canada","-","CAD","13.89","1.00","May 26, 2053","5.43","CAD","May 26, 2023"
"HOOPP","HOOPP REALTY INC RegS","Real Estate","Fixed Income","1,431,955.03","0.04","1,431,955.03","1,420,000.00","1,420,000.00","99.19","Canada","-","CAD","5.32","1.00","Nov 27, 2032","3.92","CAD","Nov 27, 2025"
"HYDONE","HYDRO ONE INC MTN","Infrastructure","Fixed Income","1,431,165.32","0.04","1,431,165.32","1,409,000.00","1,409,000.00","101.42","Canada","-","CAD","12.71","1.00","Oct 19, 2046","5.00","CAD","Oct 19, 2006"
"BRUPOW","BRUCE POWER LP RegS","Energy","Fixed Income","1,430,718.93","0.04","1,430,718.93","1,380,000.00","1,380,000.00","102.00","Canada","-","CAD","1.48","1.00","Dec 21, 2027","4.70","CAD","Mar 23, 2023"
"REIUCN","RIOCAN REAL ESTATE INVESTMENT TRUS RegS","Real Estate","Fixed Income","1,430,577.87","0.04","1,430,577.87","1,345,000.00","1,345,000.00","105.89","Canada","-","CAD","2.96","1.00","Oct 1, 2029","5.96","CAD","Jun 26, 2023"
"ETRHWY","407 INTERNATIONAL INC MTN","Infrastructure","Fixed Income","1,426,709.52","0.04","1,426,709.52","1,386,000.00","1,386,000.00","102.02","Canada","-","CAD","4.66","1.00","Aug 14, 2031","4.45","CAD","Sep 7, 2022"
"AVELIV","AVENUE LIVING 2014 LP","Real Estate","Fixed Income","1,424,391.64","0.04","1,424,391.64","1,390,000.00","1,390,000.00","100.11","Canada","-","CAD","3.54","1.00","May 12, 2030","5.11","CAD","May 12, 2025"
"EPCOR","EPCOR UTILITIES INC MTN","Infrastructure","Fixed Income","1,416,225.76","0.04","1,416,225.76","1,865,000.00","1,865,000.00","74.98","Canada","-","CAD","14.88","1.00","Jul 8, 2049","3.11","CAD","Jul 8, 2019"
"ALTALK","ALTALINK LP","Infrastructure","Fixed Income","1,414,673.88","0.04","1,414,673.88","1,332,000.00","1,332,000.00","104.24","Canada","-","CAD","5.46","1.00","Nov 28, 2032","4.69","CAD","Nov 28, 2022"
"DTRGR","DAIMLER TRUCK FINANCE CANADA INC RegS","Financial","Fixed Income","1,413,489.15","0.04","1,413,489.15","1,415,000.00","1,415,000.00","99.73","Germany","-","CAD","2.34","1.00","Oct 13, 2028","3.48","CAD","Aug 13, 2025"
"CNHI","CNH INDUSTRIAL CAPITAL CANADA LTD RegS","Financial","Fixed Income","1,411,405.83","0.04","1,411,405.83","1,400,000.00","1,400,000.00","100.61","United States","-","CAD","1.86","1.00","Apr 11, 2028","4.00","CAD","Oct 10, 2024"
"CJTCN","CARGOJET INCOME FUND RegS","Industrial","Fixed Income","1,411,411.09","0.04","1,411,411.09","1,380,000.00","1,380,000.00","100.75","Canada","-","CAD","3.71","1.00","Jun 30, 2030","4.60","CAD","Jun 30, 2025"
"SRUUCN","SMARTCENTRES REAL ESTATE INVESTMEN","Real Estate","Fixed Income","1,409,476.94","0.04","1,409,476.94","1,340,000.00","1,340,000.00","102.96","Canada","-","CAD","1.86","1.00","May 29, 2028","5.35","CAD","May 29, 2023"
"MCAPCO","MCAP COMMERCIAL LP","Financial","Fixed Income","1,407,093.69","0.04","1,407,093.69","1,383,000.00","1,383,000.00","100.99","Canada","-","CAD","3.44","1.00","Mar 4, 2030","4.82","CAD","Mar 4, 2025"
"ENMAXC","ENMAX CORP","Infrastructure","Fixed Income","1,406,427.56","0.04","1,406,427.56","1,390,000.00","1,390,000.00","99.68","Canada","-","CAD","3.71","1.00","Jun 6, 2030","3.77","CAD","Jun 6, 2025"
"NSIUCN","NOVA SCOTIA POWER INC RegS","Infrastructure","Fixed Income","1,403,375.25","0.04","1,403,375.25","1,881,000.00","1,881,000.00","74.56","Canada","-","CAD","14.95","1.00","Apr 25, 2050","3.31","CAD","Apr 24, 2020"
"TOYOTA","TOYOTA CREDIT CANADA INC MTN","Financial","Fixed Income","1,402,412.30","0.04","1,402,412.30","1,400,000.00","1,400,000.00","99.53","Canada","-","CAD","2.19","1.00","Aug 18, 2028","3.31","CAD","Aug 18, 2025"
"TOUCN","TOURMALINE OIL CORP RegS","Energy","Fixed Income","1,401,797.40","0.04","1,401,797.40","1,395,000.00","1,395,000.00","100.00","Canada","-","CAD","4.38","1.00","Mar 16, 2031","3.93","CAD","Mar 16, 2026"
"BAMREP","BROOKFIELD RENEWABLE PARTNERS ULC MTN","Energy","Fixed Income","1,401,915.97","0.04","1,401,915.97","1,599,000.00","1,599,000.00","85.61","Canada","-","CAD","13.50","1.00","Nov 5, 2049","4.29","CAD","Sep 13, 2019"
"CHPUCN","CHOICE PROPERTIES REAL ESTATE INVE","Real Estate","Fixed Income","1,397,631.19","0.04","1,397,631.19","1,436,000.00","1,436,000.00","96.86","Canada","-","CAD","3.58","1.00","Mar 4, 2030","2.98","CAD","Mar 3, 2020"
"MGCN","MAGNA INTERNATIONAL INC","Industrial","Fixed Income","1,394,229.36","0.04","1,394,229.36","1,325,000.00","1,325,000.00","104.02","Canada","-","CAD","4.05","1.00","Jan 31, 2031","4.95","CAD","Mar 10, 2023"
"BCIMCR","BCI QUADREAL REALTY","Real Estate","Fixed Income","1,391,385.28","0.04","1,391,385.28","1,486,000.00","1,486,000.00","93.17","Canada","-","CAD","4.01","1.00","Jul 24, 2030","1.75","CAD","Jul 24, 2020"
"FTSCN","NEWFOUNDLAND POWER INC","Infrastructure","Fixed Income","1,387,908.87","0.04","1,387,908.87","1,421,640.00","1,421,640.00","96.67","Canada","-","CAD","13.16","1.00","Aug 18, 2055","4.91","CAD","Aug 18, 2025"
"TOUCN","TOURMALINE OIL CORP RegS","Energy","Fixed Income","1,377,833.15","0.04","1,377,833.15","1,410,000.00","1,410,000.00","97.19","Canada","-","CAD","2.65","1.00","Feb 12, 2029","2.53","CAD","Aug 11, 2021"
"ENBGAS","ENBRIDGE GAS INC MTN","Energy","Fixed Income","1,376,394.65","0.04","1,376,394.65","1,400,000.00","1,400,000.00","97.66","Canada","-","CAD","15.12","1.00","Sep 12, 2055","4.84","CAD","Sep 12, 2025"
"ENBPIP","ENBRIDGE PIPELINES INC MTN","Energy","Fixed Income","1,372,190.76","0.04","1,372,190.76","1,584,000.00","1,584,000.00","85.72","Canada","-","CAD","12.82","1.00","Aug 9, 2046","4.13","CAD","Aug 9, 2016"
"NSIUCN","NOVA SCOTIA POWER INC","Infrastructure","Fixed Income","1,371,271.10","0.04","1,371,271.10","1,335,000.00","1,335,000.00","102.17","Canada","-","CAD","14.06","1.00","Mar 24, 2053","5.36","CAD","Mar 24, 2023"
"COCAPS","COAST CAPITAL SAVINGS FEDERAL CRED","Financial","Fixed Income","1,369,053.28","0.04","1,369,053.28","1,350,000.00","1,350,000.00","100.41","Canada","-","CAD","1.67","1.00","Feb 1, 2028","4.15","CAD","May 1, 2025"
"PMZUCN","PRIMARIS REAL ESTATE INVESTMENT TR RegS","Real Estate","Fixed Income","1,368,263.42","0.04","1,368,263.42","1,318,000.00","1,318,000.00","103.18","Canada","-","CAD","3.45","1.00","Mar 15, 2030","5.00","CAD","Aug 12, 2024"
"ENBGAS","ENBRIDGE GAS INC MTN RegS","Energy","Fixed Income","1,367,500.43","0.04","1,367,500.43","1,515,000.00","1,515,000.00","89.53","Canada","-","CAD","12.35","1.00","Aug 22, 2044","4.00","CAD","Aug 22, 2014"
"IVANCA","IVANHOE CAMBRIDGE II INC","Real Estate","Fixed Income","1,363,962.59","0.04","1,363,962.59","1,297,000.00","1,297,000.00","103.12","Canada","-","CAD","1.87","1.00","Jun 2, 2028","4.99","CAD","Jun 2, 2023"
"ETRHWY","407 INTERNATIONAL INC MTN","Infrastructure","Fixed Income","1,363,132.83","0.04","1,363,132.83","1,370,000.00","1,370,000.00","99.15","Canada","-","CAD","14.84","1.00","Apr 4, 2054","4.89","CAD","Apr 4, 2024"
"ETRHWY","HIGHWAY 407 144A","Infrastructure","Fixed Income","1,362,697.78","0.04","1,362,697.78","1,234,000.00","1,234,000.00","108.78","Canada","-","CAD","2.90","1.00","Jul 27, 2029","6.47","CAD","Jul 27, 1999"
"HYNMTR","HYUNDAI CAPITAL CANADA INC","Financial","Fixed Income","1,362,279.21","0.04","1,362,279.21","1,314,000.00","1,314,000.00","102.47","Canada","-","CAD","2.90","1.00","Jul 24, 2029","4.58","CAD","Jul 24, 2024"
"CUCN","CU INC","Energy","Fixed Income","1,356,876.92","0.04","1,356,876.92","1,534,000.00","1,534,000.00","88.44","Canada","-","CAD","15.75","1.00","Oct 29, 2055","4.21","CAD","Oct 30, 2015"
"FCRCN","FIRST CAPITAL REAL ESTATE INVESTME RegS","Real Estate","Fixed Income","1,355,608.12","0.04","1,355,608.12","1,330,000.00","1,330,000.00","100.06","Canada","-","CAD","6.99","1.00","Feb 15, 2035","4.76","CAD","Dec 8, 2025"
"CNQCN","CANADIAN NATURAL RESOURCES LTD MTN","Energy","Fixed Income","1,351,786.19","0.04","1,351,786.19","1,399,000.00","1,399,000.00","94.62","Canada","-","CAD","12.50","1.00","May 30, 2047","4.85","CAD","May 30, 2017"
"ENBGAS","ENBRIDGE GAS INC MTN","Energy","Fixed Income","1,347,119.67","0.04","1,347,119.67","1,799,000.00","1,799,000.00","74.48","Canada","-","CAD","15.56","1.00","Sep 15, 2051","3.20","CAD","Sep 15, 2021"
"CNQCN","CANADIAN NATURAL RESOURCES LTD","Energy","Fixed Income","1,345,436.51","0.04","1,345,436.51","1,357,000.00","1,357,000.00","98.46","Canada","-","CAD","1.66","1.00","Jan 17, 2028","2.50","CAD","Nov 16, 2020"
"NSIUCN","NOVA SCOTIA POWER INC MTN","Infrastructure","Fixed Income","1,338,441.99","0.04","1,338,441.99","1,209,000.00","1,209,000.00","109.19","Canada","-","CAD","9.18","1.00","Jul 27, 2039","5.95","CAD","Jul 27, 2009"
"FCRCN","FIRST CAPITAL REAL ESTATE INVESTME RegS","Real Estate","Fixed Income","1,332,638.94","0.04","1,332,638.94","1,320,000.00","1,320,000.00","98.92","Canada","-","CAD","6.39","1.00","Feb 15, 2034","4.46","CAD","Nov 14, 2025"
"ENBCN","ENBRIDGE INC MTN","Energy","Fixed Income","1,331,030.24","0.04","1,331,030.24","1,361,000.00","1,361,000.00","95.66","Canada","-","CAD","11.63","1.00","Nov 21, 2044","4.87","CAD","Dec 21, 2018"
"SAPCN","SAPUTO INC MTN","Industrial","Fixed Income","1,325,265.72","0.04","1,325,265.72","1,345,000.00","1,345,000.00","97.72","Canada","-","CAD","2.06","1.00","Jun 22, 2028","2.30","CAD","Jun 22, 2021"
"ENBCN","ENBRIDGE INC MTN","Energy","Fixed Income","1,321,263.69","0.04","1,321,263.69","1,234,000.00","1,234,000.00","106.14","Canada","-","CAD","9.32","1.00","Sep 2, 2039","5.75","CAD","Sep 2, 2009"
"HRUCN","H&R REAL ESTATE INVESTMENT TRUST","Real Estate","Fixed Income","1,316,506.45","0.04","1,316,506.45","1,260,000.00","1,260,000.00","103.57","Canada","-","CAD","2.54","1.00","Feb 28, 2029","5.46","CAD","Feb 28, 2024"
"EPCOR","EPCOR UTILITIES INC MTN","Infrastructure","Fixed Income","1,315,233.78","0.04","1,315,233.78","1,342,000.00","1,342,000.00","97.25","Canada","-","CAD","11.01","1.00","Feb 28, 2042","4.55","CAD","Feb 28, 2012"
"TORHYD","TORONTO HYDRO CORPORATION RegS","Infrastructure","Fixed Income","1,312,955.67","0.04","1,312,955.67","1,245,000.00","1,245,000.00","103.73","Canada","-","CAD","5.88","1.00","Jun 14, 2033","4.61","CAD","Jun 14, 2023"
"FTSCN","FORTISALBERTA INC MTN","Infrastructure","Fixed Income","1,311,614.43","0.04","1,311,614.43","1,237,000.00","1,237,000.00","106.03","Canada","-","CAD","9.67","1.00","Oct 30, 2039","5.37","CAD","Oct 30, 2009"
"REIUCN","RIOCAN REAL ESTATE INVESTMENT TRUS","Real Estate","Fixed Income","1,310,583.24","0.04","1,310,583.24","1,295,000.00","1,295,000.00","100.55","Canada","-","CAD","1.75","1.00","Mar 1, 2028","4.00","CAD","Oct 3, 2024"
"GILCN","GILDAN ACTIVEWEAR INC. RegS","Industrial","Fixed Income","1,308,044.96","0.04","1,308,044.96","1,300,000.00","1,300,000.00","100.14","Canada","-","CAD","1.79","1.00","Mar 13, 2028","3.63","CAD","Mar 13, 2025"
"MBGGR","MERCEDES-BENZ FINANCE CANADA INC MTN","Financial","Fixed Income","1,307,571.51","0.04","1,307,571.51","1,245,000.00","1,245,000.00","103.29","Germany","-","CAD","2.01","1.00","Jun 27, 2028","5.12","CAD","Jun 27, 2023"
"BCECN","BELL CANADA MTN","Communication","Fixed Income","1,305,889.93","0.04","1,305,889.93","1,130,000.00","1,130,000.00","114.96","Canada","-","CAD","4.15","1.00","Apr 2, 2031","7.85","CAD","Apr 2, 2001"
"NWHUCN","VITAL INFRASTRUCTURE PROPERTY TRUS","Real Estate","Fixed Income","1,302,026.77","0.04","1,302,026.77","1,260,000.00","1,260,000.00","102.26","Canada","-","CAD","3.37","1.00","Feb 18, 2030","5.51","CAD","Feb 18, 2025"
"FCRCN","FIRST CAPITAL REAL ESTATE INVESTME","Real Estate","Fixed Income","1,300,094.65","0.04","1,300,094.65","1,295,000.00","1,295,000.00","99.83","Canada","-","CAD","1.73","1.00","Mar 1, 2028","3.45","CAD","Sep 1, 2020"
"CPXCN","CAPITAL POWER CORP MTN","Energy","Fixed Income","1,299,790.99","0.04","1,299,790.99","1,266,000.00","1,266,000.00","101.69","Canada","-","CAD","3.32","1.00","Feb 8, 2030","4.42","CAD","Nov 8, 2019"
"RUSCN","RUSSEL METALS INC RegS","Industrial","Fixed Income","1,299,479.51","0.04","1,299,479.51","1,290,000.00","1,290,000.00","100.33","Canada","-","CAD","3.53","1.00","Mar 28, 2030","4.42","CAD","Mar 28, 2025"
"NACN","CANADIAN WESTERN BANK","Financial","Fixed Income","1,298,842.62","0.04","1,298,842.62","1,227,000.00","1,227,000.00","103.76","Canada","-","CAD","1.54","1.00","Dec 22, 2032","5.94","CAD","Dec 22, 2022"
"VTR","VENTAS CANADA FINANCE LTD","Real Estate","Fixed Income","1,297,836.41","0.04","1,297,836.41","1,340,000.00","1,340,000.00","95.50","United States","-","CAD","4.98","1.00","Dec 1, 2031","3.30","CAD","Dec 1, 2021"
"DRSILL","DREAM SUMMIT INDUSTRIAL LP","Real Estate","Fixed Income","1,292,958.13","0.04","1,292,958.13","1,240,000.00","1,240,000.00","103.19","Canada","-","CAD","2.51","1.00","Feb 12, 2029","5.11","CAD","Feb 12, 2024"
"STNCN","STANTEC INC. RegS","Industrial","Fixed Income","1,292,229.16","0.04","1,292,229.16","1,210,000.00","1,210,000.00","104.96","Canada","-","CAD","3.55","1.00","Jun 27, 2030","5.39","CAD","Jun 27, 2023"
"LOWMAT","LOWER MATTAGAMI ENERGY LP","Infrastructure","Fixed Income","1,290,344.49","0.04","1,290,344.49","1,227,000.00","1,227,000.00","105.16","Canada","-","CAD","6.22","1.00","Oct 31, 2033","4.85","CAD","Oct 31, 2022"
"SUCN","SUNCOR ENERGY INC.","Energy","Fixed Income","1,289,241.78","0.04","1,289,241.78","1,231,000.00","1,231,000.00","104.21","Canada","-","CAD","8.23","1.00","Mar 26, 2037","5.39","CAD","Mar 26, 2007"
"GZMCN","GAZ METRO INC","Energy","Fixed Income","1,287,763.91","0.04","1,287,763.91","1,153,000.00","1,153,000.00","109.97","Canada","-","CAD","7.71","1.00","Jul 10, 2036","5.70","CAD","Jul 10, 2006"
"DE","JOHN DEERE FINANCIAL INC","Financial","Fixed Income","1,287,053.73","0.04","1,287,053.73","1,313,000.00","1,313,000.00","97.83","United States","-","CAD","1.33","1.00","Sep 8, 2027","1.34","CAD","Sep 8, 2020"
"SMA","SMARTSTOP SELF STORAGE REIT INC","Real Estate","Fixed Income","1,285,919.80","0.04","1,285,919.80","1,295,000.00","1,295,000.00","98.90","United States","-","CAD","4.00","1.00","Sep 24, 2030","3.89","CAD","Sep 24, 2025"
"TERANE","TERANET HOLDINGS LP RegS","Industrial","Fixed Income","1,286,051.48","0.04","1,286,051.48","1,267,000.00","1,267,000.00","100.76","Canada","-","CAD","7.03","1.00","Mar 7, 2035","5.01","CAD","Mar 7, 2025"
"SAPCN","SAPUTO INC MTN","Industrial","Fixed Income","1,285,614.90","0.04","1,285,614.90","1,201,000.00","1,201,000.00","104.86","Canada","-","CAD","3.08","1.00","Nov 29, 2029","5.25","CAD","Nov 29, 2022"
"EAGCCT_25-1-A","EAGCCT_25-1 A","Securitized","Fixed Income","1,284,201.60","0.04","1,284,201.60","1,262,000.00","1,262,000.00","100.32","Canada","-","CAD","3.74","1.00","Jun 17, 2033","3.92","CAD","Apr 21, 2025"
"NXRCN","NEXUS INDUSTRIAL REIT RegS","Real Estate","Fixed Income","1,283,517.59","0.04","1,283,517.59","1,280,000.00","1,280,000.00","100.07","Canada","-","CAD","4.38","1.00","Apr 14, 2031","4.64","CAD","Apr 14, 2026"
"FTSCN","FORTISALBERTA INC MTN","Infrastructure","Fixed Income","1,282,631.89","0.04","1,282,631.89","1,275,000.00","1,275,000.00","98.53","Canada","-","CAD","14.38","1.00","May 26, 2053","4.86","CAD","May 26, 2023"
"VANAIR","VANCOUVER AIRPORT AUTHORITY","Infrastructure","Fixed Income","1,281,242.18","0.04","1,281,242.18","1,426,000.00","1,426,000.00","88.04","Canada","-","CAD","12.81","1.00","Nov 10, 2045","3.86","CAD","Nov 10, 2015"
"SJOEHC","INTEGRATED TEAM SOLUTIONS SJHC PAR","Infrastructure","Fixed Income","1,280,272.93","0.04","1,280,272.93","1,174,540.00","1,174,540.00","106.54","Canada","-","CAD","6.96","1.00","Nov 30, 2042","5.95","CAD","Mar 11, 2011"
"IPLCN","INTER PIPELINE LTD","Energy","Fixed Income","1,277,256.17","0.04","1,277,256.17","1,340,000.00","1,340,000.00","93.17","Canada","-","CAD","13.36","1.00","Nov 27, 2051","5.09","CAD","Nov 25, 2021"
"ACICN","TRISUMMIT UTILITIES INC MTN RegS","Energy","Fixed Income","1,269,999.31","0.04","1,269,999.31","1,270,000.00","1,270,000.00","97.99","Canada","-","CAD","7.54","1.00","Nov 14, 2035","4.40","CAD","Nov 14, 2025"
"ENBGAS","ENBRIDGE GAS INC MTN","Energy","Fixed Income","1,266,624.17","0.04","1,266,624.17","1,233,000.00","1,233,000.00","100.99","Canada","-","CAD","10.37","1.00","Jun 21, 2041","4.88","CAD","Jun 21, 2011"
"BMW","BMW CANADA INC","Industrial","Fixed Income","1,261,085.23","0.04","1,261,085.23","1,260,000.00","1,260,000.00","99.36","Germany","-","CAD","1.69","1.00","Feb 3, 2028","3.08","CAD","Feb 3, 2026"
"HEQCN","CHIP MORTGAGE TRUST RegS","Securitized","Fixed Income","1,256,741.77","0.04","1,256,741.77","1,258,000.00","1,258,000.00","99.88","Canada","-","CAD","10.56","1.00","Aug 28, 2051","4.07","CAD","Apr 28, 2026"
"NACN","NATIONAL BANK OF CANADA","Financial","Fixed Income","1,256,061.66","0.04","1,256,061.66","1,175,000.00","1,175,000.00","105.42","Canada","-","CAD","2.51","1.00","Jan 29, 2034","5.95","CAD","Jan 29, 2024"
"REIUCN","RIOCAN REAL ESTATE INVESTMENT TRUS","Real Estate","Fixed Income","1,255,520.05","0.04","1,255,520.05","1,235,000.00","1,235,000.00","100.89","Canada","-","CAD","5.02","1.00","Mar 1, 2032","4.67","CAD","Feb 12, 2025"
"MICCN","SAGEN MI CANADA INC","Financial","Fixed Income","1,255,002.02","0.04","1,255,002.02","1,318,000.00","1,318,000.00","94.72","Canada","-","CAD","4.42","1.00","Mar 5, 2031","3.26","CAD","Mar 5, 2021"
"PENSKE","PENSKE TRUCK LEASING CANADA INC RegS","Industrial","Fixed Income","1,255,066.19","0.04","1,255,066.19","1,250,000.00","1,250,000.00","98.94","Canada","-","CAD","4.14","1.00","Dec 9, 2030","3.75","CAD","Dec 8, 2025"
"TORHYD","TORONTO HYDRO CORPORATION","Infrastructure","Fixed Income","1,252,458.28","0.04","1,252,458.28","1,265,000.00","1,265,000.00","98.64","Canada","-","CAD","5.63","1.00","Sep 24, 2032","3.65","CAD","Sep 24, 2025"
"SRUUCN","SMARTCENTRES REAL ESTATE INVESTMEN","Real Estate","Fixed Income","1,251,127.57","0.04","1,251,127.57","1,245,000.00","1,245,000.00","98.83","Canada","-","CAD","2.88","1.00","Jun 12, 2029","3.60","CAD","Nov 12, 2025"
"IFCCN","INTACT FINANCIAL CORP MTN RegS","Financial","Fixed Income","1,250,773.76","0.04","1,250,773.76","1,271,000.00","1,271,000.00","97.77","Canada","-","CAD","6.02","1.00","Feb 28, 2038","3.78","CAD","Feb 27, 2026"
"REIUCN","RIOCAN REAL ESTATE INVESTMENT TRUS","Real Estate","Fixed Income","1,248,943.31","0.04","1,248,943.31","1,199,000.00","1,199,000.00","101.88","Canada","-","CAD","2.62","1.00","May 1, 2029","4.63","CAD","Apr 18, 2022"
"MRUCN","METRO INC MTN","Industrial","Fixed Income","1,246,075.07","0.04","1,246,075.07","1,605,000.00","1,605,000.00","77.07","Canada","-","CAD","14.76","1.00","Feb 28, 2050","3.41","CAD","Feb 26, 2020"
"NSIUCN","NOVA SCOTIA POWER INC MTN","Infrastructure","Fixed Income","1,235,291.94","0.04","1,235,291.94","1,364,000.00","1,364,000.00","89.94","Canada","-","CAD","11.15","1.00","Mar 6, 2042","4.15","CAD","Mar 6, 2012"
"ENBCN","ENBRIDGE INC. MTN","Energy","Fixed Income","1,233,777.59","0.04","1,233,777.59","1,060,000.00","1,060,000.00","113.77","Canada","-","CAD","4.94","1.00","Jun 18, 2032","7.20","CAD","Jun 18, 2001"
"GWOCN","CANADA LIFE CAP TRUST","Financial","Fixed Income","1,233,961.12","0.04","1,233,961.12","1,040,000.00","1,040,000.00","116.17","Canada","-","CAD","5.52","1.00","Jun 30, 2052","7.53","CAD","Mar 14, 2002"
"DRSILL","SUMMIT INDUSTRIAL INCOME REIT","Real Estate","Fixed Income","1,234,004.72","0.04","1,234,004.72","1,257,000.00","1,257,000.00","97.46","Canada","-","CAD","2.11","1.00","Jul 14, 2028","2.44","CAD","Feb 17, 2023"
"SIACN","SIENNA SENIOR LIVING INC","Industrial","Fixed Income","1,233,678.24","0.04","1,233,678.24","1,225,000.00","1,225,000.00","99.42","Canada","-","CAD","2.47","1.00","Dec 18, 2028","3.52","CAD","Dec 18, 2025"
"DTRGR","DAIMLER TRUCK FINANCE CANADA INC","Financial","Fixed Income","1,232,804.34","0.04","1,232,804.34","1,210,000.00","1,210,000.00","101.47","Germany","-","CAD","1.36","1.00","Sep 27, 2027","4.46","CAD","Jun 25, 2024"
"DUBCA","FAIRSTONE BANK OF CANADA","Financial","Fixed Income","1,227,557.47","0.04","1,227,557.47","1,225,000.00","1,225,000.00","99.74","Canada","-","CAD","2.26","1.00","Sep 18, 2028","3.94","CAD","Sep 16, 2025"
"ENMAXC","ENMAX CORP","Infrastructure","Fixed Income","1,220,766.53","0.04","1,220,766.53","1,215,000.00","1,215,000.00","100.35","Canada","-","CAD","3.16","1.00","Oct 18, 2029","3.88","CAD","Oct 18, 2019"
"VANAIR","VANCOUVER AIRPORT AUTHORITY RegS","Infrastructure","Fixed Income","1,219,532.63","0.04","1,219,532.63","1,422,000.00","1,422,000.00","84.18","Canada","-","CAD","14.12","1.00","Nov 23, 2048","3.66","CAD","Nov 23, 2018"
"CRTUCN","CT REAL ESTATE INVESTMENT TRUST","Real Estate","Fixed Income","1,217,270.25","0.04","1,217,270.25","1,236,000.00","1,236,000.00","97.79","Canada","-","CAD","2.62","1.00","Feb 5, 2029","3.03","CAD","Feb 3, 2022"
"DRSILL","DREAM SUMMIT INDUSTRIAL LP","Real Estate","Fixed Income","1,215,829.22","0.04","1,215,829.22","1,190,000.00","1,190,000.00","101.22","Canada","-","CAD","4.21","1.00","Feb 12, 2031","4.51","CAD","Nov 14, 2024"
"ALACN","ALTAGAS LTD MTN","Energy","Fixed Income","1,215,770.78","0.04","1,215,770.78","1,204,000.00","1,204,000.00","100.69","Canada","-","CAD","1.21","1.00","Oct 4, 2027","3.98","CAD","Oct 4, 2017"
"FTSCN","TERASEN GAS INC MTN","Energy","Fixed Income","1,214,436.18","0.04","1,214,436.18","1,085,000.00","1,085,000.00","109.26","Canada","-","CAD","8.58","1.00","May 13, 2038","5.80","CAD","May 13, 2008"
"NSIUCN","NOVA SCOTIA POWER INC RegS","Infrastructure","Fixed Income","1,212,063.21","0.04","1,212,063.21","1,146,000.00","1,146,000.00","103.51","Canada","-","CAD","5.39","1.00","Nov 15, 2032","4.95","CAD","Mar 24, 2023"
"BMW","BMW CANADA INC","Industrial","Fixed Income","1,209,083.00","0.04","1,209,083.00","1,180,000.00","1,180,000.00","102.15","Germany","-","CAD","1.84","1.00","Apr 5, 2028","4.66","CAD","Apr 5, 2024"
"LCN","LOBLAW COMPANIES LIMITED MTN RegS","Industrial","Fixed Income","1,206,375.76","0.04","1,206,375.76","1,067,000.00","1,067,000.00","111.53","Canada","-","CAD","6.78","1.00","Jan 29, 2035","6.15","CAD","Jan 29, 2004"
"CAAIAU","CALGARY AIRPORT AUTHORITY","Infrastructure","Fixed Income","1,205,800.67","0.04","1,205,800.67","1,501,000.00","1,501,000.00","80.11","Canada","-","CAD","15.90","1.00","Oct 7, 2053","3.55","CAD","Oct 7, 2021"
"FRSTRS","INDEPENDENT ORDER OF FORESTERS","Financial","Fixed Income","1,205,156.91","0.04","1,205,156.91","1,275,000.00","1,275,000.00","94.40","Canada","-","CAD","8.38","1.00","Oct 15, 2035","2.88","CAD","Oct 15, 2020"
"AERMON","AEROPORTS DE MONTREAL","Infrastructure","Fixed Income","1,204,230.06","0.04","1,204,230.06","1,101,000.00","1,101,000.00","109.16","Canada","-","CAD","8.52","1.00","Oct 16, 2037","5.67","CAD","Oct 16, 2007"
"SRUUCN","SMARTCENTRES REAL ESTATE INVESTMEN","Real Estate","Fixed Income","1,200,916.47","0.04","1,200,916.47","1,181,000.00","1,181,000.00","100.32","Canada","-","CAD","1.48","1.00","Dec 21, 2027","3.83","CAD","Dec 21, 2017"
"CUCN","CU INC MTN","Energy","Fixed Income","1,198,646.56","0.04","1,198,646.56","1,107,000.00","1,107,000.00","108.28","Canada","-","CAD","8.59","1.00","Oct 30, 2037","5.56","CAD","Nov 1, 2007"
"REIUCN","RIOCAN REAL ESTATE INVESTMENT TRUS RegS","Real Estate","Fixed Income","1,195,520.47","0.04","1,195,520.47","1,160,000.00","1,160,000.00","102.69","Canada","-","CAD","1.30","1.00","Oct 6, 2027","5.61","CAD","Mar 6, 2023"
"FTSCN","FORTISBC INC MTN","Infrastructure","Fixed Income","1,194,693.81","0.04","1,194,693.81","1,362,000.00","1,362,000.00","87.69","Canada","-","CAD","12.46","1.00","Oct 28, 2044","4.00","CAD","Oct 28, 2014"
"AERMON","AEROPORTS DE MONTREAL","Infrastructure","Fixed Income","1,194,728.32","0.04","1,194,728.32","1,123,000.00","1,123,000.00","105.76","Canada","-","CAD","7.42","1.00","Sep 17, 2035","5.17","CAD","Sep 15, 2005"
"HEQCN","CHIP MORTGAGE TRUST RegS","Securitized","Fixed Income","1,194,854.61","0.04","1,194,854.61","1,200,000.00","1,200,000.00","99.26","Canada","-","CAD","4.26","1.00","Feb 1, 2031","3.87","CAD","Oct 1, 2025"
"LOWMAT","LOWER MATTAGAMI ENERGY LP","Infrastructure","Fixed Income","1,193,743.80","0.04","1,193,743.80","1,295,000.00","1,295,000.00","91.43","Canada","-","CAD","12.88","1.00","Feb 23, 2046","4.18","CAD","Feb 25, 2013"
"GILCN","GILDAN ACTIVEWEAR INC. RegS","Industrial","Fixed Income","1,192,706.42","0.04","1,192,706.42","1,140,000.00","1,140,000.00","102.57","Canada","-","CAD","4.75","1.00","Nov 22, 2031","4.71","CAD","Nov 22, 2024"
"CRDPOW","CORDELIO AMALCO GP I","Energy","Fixed Income","1,192,025.66","0.04","1,192,025.66","1,193,884.00","1,193,884.00","98.49","Canada","-","CAD","3.57","1.00","Jun 30, 2034","4.09","CAD","Dec 10, 2018"
"ALTALK","ALTALINK LP MTN","Infrastructure","Fixed Income","1,191,625.92","0.04","1,191,625.92","1,265,000.00","1,265,000.00","92.87","Canada","-","CAD","14.87","1.00","Jul 11, 2053","4.45","CAD","Jul 12, 2013"
"EDF","ELECTRICITE DE FRANCE SA RegS","Infrastructure","Fixed Income","1,189,526.88","0.04","1,189,526.88","1,230,000.00","1,230,000.00","95.52","France","-","CAD","14.13","1.00","Feb 6, 2055","5.23","CAD","Feb 6, 2025"
"CANCOR","CANADIAN CORE REAL ESTATE LP RegS","Real Estate","Fixed Income","1,189,053.80","0.04","1,189,053.80","1,175,000.00","1,175,000.00","101.02","Canada","-","CAD","3.16","1.00","Oct 16, 2029","4.48","CAD","Oct 16, 2024"
"TOYOTA","TOYOTA CREDIT CANADA INC MTN","Financial","Fixed Income","1,187,655.77","0.04","1,187,655.77","1,156,000.00","1,156,000.00","101.60","Canada","-","CAD","1.65","1.00","Jan 24, 2028","4.33","CAD","Jan 24, 2023"
"DOLCN","DOLLARAMA INC","Industrial","Fixed Income","1,186,837.36","0.04","1,186,837.36","1,211,000.00","1,211,000.00","97.84","Canada","-","CAD","1.36","1.00","Sep 20, 2027","1.50","CAD","Sep 18, 2020"
"APUCN","ALLIED PROPERTIES REAL ESTATE INVE","Real Estate","Fixed Income","1,182,907.88","0.04","1,182,907.88","1,145,000.00","1,145,000.00","102.78","Canada","-","CAD","2.18","1.00","Sep 26, 2028","5.53","CAD","Sep 26, 2024"
"CCACN","COGECO COMMUNICATIONS INC","Communication","Fixed Income","1,182,916.58","0.04","1,182,916.58","1,120,000.00","1,120,000.00","104.56","Canada","-","CAD","5.57","1.00","Feb 16, 2033","5.30","CAD","Feb 16, 2023"
"ETRHWY","407 INTERNATIONAL INC. MTN","Infrastructure","Fixed Income","1,178,938.88","0.04","1,178,938.88","1,222,000.00","1,222,000.00","96.18","Canada","-","CAD","14.88","1.00","Oct 7, 2053","4.68","CAD","Oct 7, 2013"
"IGMCN","IGM FINANCIAL INC RegS","Financial","Fixed Income","1,176,872.50","0.04","1,176,872.50","1,337,000.00","1,337,000.00","87.56","Canada","-","CAD","14.10","1.00","Mar 21, 2050","4.21","CAD","Mar 20, 2019"
"FTSCN","FORTISBC ENERGY INC MTN","Energy","Fixed Income","1,176,532.41","0.04","1,176,532.41","1,055,000.00","1,055,000.00","110.50","Canada","-","CAD","6.91","1.00","Feb 26, 2035","5.90","CAD","Feb 25, 2005"
"ACOXCN","ATCO LTD RegS","Energy","Fixed Income","1,175,940.43","0.04","1,175,940.43","1,155,000.00","1,155,000.00","100.18","Canada","-","CAD","3.69","1.00","May 27, 2030","3.88","CAD","May 27, 2025"
"PMZUCN","PRIMARIS REAL ESTATE INVESTMENT TR RegS","Real Estate","Fixed Income","1,170,227.06","0.04","1,170,227.06","1,120,000.00","1,120,000.00","103.96","Canada","-","CAD","1.73","1.00","Mar 29, 2028","5.93","CAD","Mar 29, 2023"
"PLEHHU","PLENARY HLTH CARE PTNRSHP HUMBR LP","Infrastructure","Fixed Income","1,169,020.28","0.04","1,169,020.28","1,128,940.00","1,128,940.00","101.53","Canada","-","CAD","5.75","1.00","May 31, 2039","4.89","CAD","Sep 23, 2011"
"PWFCN","POWER FINANCIAL CORPORATION","Financial","Fixed Income","1,165,945.23","0.04","1,165,945.23","1,012,000.00","1,012,000.00","114.27","Canada","-","CAD","5.53","1.00","Mar 11, 2033","6.90","CAD","Mar 11, 2003"
"HYDONE","HYDRO ONE INC MTN","Infrastructure","Fixed Income","1,165,993.32","0.04","1,165,993.32","1,021,000.00","1,021,000.00","113.24","Canada","-","CAD","9.08","1.00","Mar 3, 2039","6.03","CAD","Mar 3, 2009"
"FNCN","FIRST NATIONAL FINANCIAL CORP RegS","Financial","Fixed Income","1,157,361.24","0.04","1,157,361.24","1,150,000.00","1,150,000.00","100.56","Canada","-","CAD","2.34","1.00","Oct 23, 2028","4.29","CAD","Oct 23, 2025"
"TORHYD","TORONTO HYDRO CORPORATION","Infrastructure","Fixed Income","1,152,904.60","0.04","1,152,904.60","1,508,000.00","1,508,000.00","76.35","Canada","-","CAD","15.63","1.00","Oct 18, 2051","3.27","CAD","Oct 18, 2021"
"BCFERR","BRITISH COLUMBIA FERRY SERVICES IN","Infrastructure","Fixed Income","1,147,053.05","0.04","1,147,053.05","1,612,000.00","1,612,000.00","71.04","Canada","-","CAD","15.53","1.00","Oct 15, 2049","2.79","CAD","Oct 15, 2019"
"IGMCN","IGM FINANCIAL INC","Financial","Fixed Income","1,145,514.77","0.04","1,145,514.77","1,211,000.00","1,211,000.00","93.41","Canada","-","CAD","12.77","1.00","Jan 25, 2047","4.56","CAD","Jan 26, 2017"
"VW","VW CREDIT CANADA INC RegS","Financial","Fixed Income","1,145,144.74","0.04","1,145,144.74","1,100,000.00","1,100,000.00","102.11","Germany","-","CAD","3.22","1.00","Nov 19, 2029","4.49","CAD","Nov 19, 2024"
"CCLBCN","CCL INDUSTRIES INC","Industrial","Fixed Income","1,144,570.30","0.04","1,144,570.30","1,140,000.00","1,140,000.00","100.22","Canada","-","CAD","1.79","1.00","Apr 13, 2028","3.86","CAD","Apr 13, 2018"
"VANAIR","VANCOUVER AIRPORT AUTHORITY","Infrastructure","Fixed Income","1,142,707.67","0.04","1,142,707.67","1,567,000.00","1,567,000.00","72.83","Canada","-","CAD","15.48","1.00","Oct 18, 2049","2.87","CAD","Oct 18, 2019"
"ALACN","ALTAGAS LTD MTN","Energy","Fixed Income","1,138,366.00","0.04","1,138,366.00","1,199,000.00","1,199,000.00","93.92","Canada","-","CAD","4.24","1.00","Nov 30, 2030","2.48","CAD","Nov 30, 2020"
"PLEHHU","PLENARY HLTH CARE PTNRSHP HUMBR LP","Infrastructure","Fixed Income","1,137,237.91","0.04","1,137,237.91","1,165,000.00","1,165,000.00","95.62","Canada","-","CAD","11.74","1.00","Nov 30, 2044","4.82","CAD","Sep 23, 2011"
"NWCONN","NORTHWESTCONNECT GROUP","Infrastructure","Fixed Income","1,136,608.24","0.04","1,136,608.24","1,066,333.00","1,066,333.00","106.59","Canada","-","CAD","6.66","1.00","Apr 30, 2041","5.95","CAD","Aug 12, 2008"
"IFCCN","INTACT FINANCIAL CORP MTN","Financial","Fixed Income","1,135,035.17","0.04","1,135,035.17","1,197,000.00","1,197,000.00","94.11","Canada","-","CAD","4.34","1.00","Dec 16, 2030","1.93","CAD","Dec 16, 2020"
"ENBGAS","ENBRIDGE GAS INC MTN","Energy","Fixed Income","1,132,782.97","0.04","1,132,782.97","1,349,000.00","1,349,000.00","82.41","Canada","-","CAD","13.76","1.00","Nov 22, 2047","3.59","CAD","Nov 22, 2017"
"CCLGP","CAPITAL CITY LINK GENERAL PARTNERS","Infrastructure","Fixed Income","1,130,545.10","0.04","1,130,545.10","1,181,591.00","1,181,591.00","95.32","Canada","-","CAD","8.31","1.00","Mar 31, 2046","4.39","CAD","May 11, 2012"
"SRUUCN","SMARTCENTRES REAL ESTATE INVESTMEN","Real Estate","Fixed Income","1,128,736.44","0.04","1,128,736.44","1,161,000.00","1,161,000.00","96.38","Canada","-","CAD","2.51","1.00","Dec 18, 2028","2.31","CAD","Dec 16, 2020"
"ENBGAS","ENBRIDGE GAS INC MTN","Energy","Fixed Income","1,125,820.31","0.04","1,125,820.31","1,522,000.00","1,522,000.00","73.31","Canada","-","CAD","15.05","1.00","Aug 9, 2049","3.01","CAD","Aug 9, 2019"
"BMO","BANK OF MONTREAL","Financial","Fixed Income","1,123,420.14","0.03","1,123,420.14","1,135,000.00","1,135,000.00","98.95","Canada","-","CAD","2.38","1.00","Oct 27, 2029","3.11","CAD","Oct 27, 2025"
"WNCN","GEORGE WESTON LTD","Industrial","Fixed Income","1,121,575.51","0.03","1,121,575.51","1,104,000.00","1,104,000.00","100.95","Canada","-","CAD","3.07","1.00","Sep 5, 2029","4.19","CAD","Sep 5, 2024"
"EPCOR","EPCOR UTILITIES INC MTN","Infrastructure","Fixed Income","1,120,693.21","0.03","1,120,693.21","952,000.00","952,000.00","117.45","Canada","-","CAD","8.52","1.00","Apr 15, 2038","6.65","CAD","Apr 15, 2008"
"HOMEQU","HOMEEQUITY BANK","Financial","Fixed Income","1,117,820.67","0.03","1,117,820.67","1,100,000.00","1,100,000.00","100.29","Canada","-","CAD","2.07","1.00","Jul 17, 2028","4.72","CAD","Jun 26, 2025"
"EAGCCT","EAGLE CREDIT CARD TRUST","Securitized","Fixed Income","1,114,966.69","0.03","1,114,966.69","1,060,000.00","1,060,000.00","103.30","Canada","-","CAD","1.99","1.00","Jun 17, 2028","5.13","CAD","Jun 13, 2023"
"CRTUCN","CT REAL ESTATE INVESTMENT TRUST","Real Estate","Fixed Income","1,114,312.19","0.03","1,114,312.19","1,050,000.00","1,050,000.00","103.94","Canada","-","CAD","1.89","1.00","Jun 14, 2028","5.83","CAD","Nov 17, 2023"
"BAMREP","BROOKFIELD RENEWABLE PARTNERS ULC","Energy","Fixed Income","1,113,794.05","0.03","1,113,794.05","1,110,000.00","1,110,000.00","99.62","Canada","-","CAD","3.25","1.00","Mar 12, 2055","5.45","CAD","Dec 12, 2024"
"EAGCCT_22-1-A","EAGCCT_22-1 A RegS","Securitized","Fixed Income","1,108,966.64","0.03","1,108,966.64","1,076,000.00","1,076,000.00","101.71","Canada","-","CAD","1.17","1.00","Jul 17, 2027","4.78","CAD","Jul 13, 2022"
"LCN","LOBLAW COMPANIES LIMITED MTN","Industrial","Fixed Income","1,102,777.50","0.03","1,102,777.50","988,000.00","988,000.00","109.97","Canada","-","CAD","7.39","1.00","Jan 18, 2036","5.90","CAD","Jan 18, 2005"
"BMW","BMW CANADA INC","Industrial","Fixed Income","1,102,446.09","0.03","1,102,446.09","1,090,000.00","1,090,000.00","100.92","Germany","-","CAD","2.32","1.00","Oct 10, 2028","3.99","CAD","Oct 10, 2024"
"MICCN","SAGEN MI CANADA INC","Financial","Fixed Income","1,101,660.10","0.03","1,101,660.10","1,035,000.00","1,035,000.00","103.82","Canada","-","CAD","1.82","1.00","May 19, 2028","5.91","CAD","May 19, 2023"
"BAMREP","BRP FINANCE ULC","Energy","Fixed Income","1,100,683.04","0.03","1,100,683.04","990,000.00","990,000.00","108.36","Canada","-","CAD","7.75","1.00","Nov 5, 2036","5.84","CAD","Nov 1, 2006"
"CUCN","CU INC","Energy","Fixed Income","1,098,609.97","0.03","1,098,609.97","1,142,000.00","1,142,000.00","94.03","Canada","-","CAD","14.67","1.00","Nov 7, 2053","4.56","CAD","Nov 7, 2013"
"GEICN","GIBSON ENERGY INC MTN","Energy","Fixed Income","1,089,087.36","0.03","1,089,087.36","975,000.00","975,000.00","109.87","Canada","-","CAD","13.31","1.00","Jul 12, 2053","6.20","CAD","Jul 12, 2023"
"LOWMAT","LOWER MATTAGAMI ENERGY LP","Infrastructure","Fixed Income","1,089,149.91","0.03","1,089,149.91","1,108,000.00","1,108,000.00","96.45","Canada","-","CAD","14.81","1.00","Jun 7, 2054","4.69","CAD","Jun 7, 2024"
"FTSCN","TERASEN GAS INC. MTN","Energy","Fixed Income","1,087,961.16","0.03","1,087,961.16","976,000.00","976,000.00","111.01","Canada","-","CAD","8.38","1.00","Oct 2, 2037","6.00","CAD","Oct 2, 2007"
"FTSCN","FORTISBC ENERGY INC MTN RegS","Energy","Fixed Income","1,085,688.72","0.03","1,085,688.72","1,100,000.00","1,100,000.00","98.57","Canada","-","CAD","4.10","1.00","Oct 16, 2030","3.38","CAD","Oct 16, 2025"
"STNCN","STANTEC INC.","Industrial","Fixed Income","1,085,358.98","0.03","1,085,358.98","1,104,000.00","1,104,000.00","98.19","Canada","-","CAD","1.41","1.00","Oct 8, 2027","2.05","CAD","Oct 8, 2020"
"PMZUCN","PRIMARIS REAL ESTATE INVESTMENT TR RegS","Real Estate","Fixed Income","1,083,672.24","0.03","1,083,672.24","1,055,000.00","1,055,000.00","101.05","Canada","-","CAD","5.89","1.00","Jun 25, 2033","4.84","CAD","Jun 25, 2025"
"AERMON","AEROPORTS DE MONTREAL","Infrastructure","Fixed Income","1,082,169.73","0.03","1,082,169.73","1,006,000.00","1,006,000.00","107.36","Canada","-","CAD","9.84","1.00","Apr 16, 2040","5.47","CAD","Apr 16, 2010"
"FTSCN","FORTISBC ENERGY INC MTN","Energy","Fixed Income","1,079,805.41","0.03","1,079,805.41","1,245,000.00","1,245,000.00","85.21","Canada","-","CAD","13.91","1.00","Dec 7, 2048","3.85","CAD","Dec 7, 2018"
"ACICN","TRISUMMIT UTILITIES INC MTN RegS","Energy","Fixed Income","1,078,777.00","0.03","1,078,777.00","1,085,000.00","1,085,000.00","98.66","Canada","-","CAD","4.32","1.00","Feb 14, 2031","3.71","CAD","Nov 14, 2025"
"FTSCN","FORTISALBERTA INC RegS","Infrastructure","Fixed Income","1,072,485.64","0.03","1,072,485.64","1,090,000.00","1,090,000.00","96.92","Canada","-","CAD","15.02","1.00","Jul 7, 2055","4.76","CAD","Jul 7, 2025"
"TORHYD","TORONTO HYDRO CORPORATION","Infrastructure","Fixed Income","1,070,518.95","0.03","1,070,518.95","1,432,000.00","1,432,000.00","73.60","Canada","-","CAD","15.14","1.00","Dec 10, 2049","2.99","CAD","Nov 12, 2019"
"BIP","BROOKFIELD INFRASTRUCTURE FINANCE MTN","Infrastructure","Fixed Income","1,062,199.80","0.03","1,062,199.80","964,000.00","964,000.00","108.96","Canada","-","CAD","5.44","1.00","Feb 14, 2033","5.98","CAD","Nov 14, 2022"
"BIP","BROOKFIELD INFRASTRUCTURE FINANCE MTN","Infrastructure","Fixed Income","1,060,682.07","0.03","1,060,682.07","1,008,000.00","1,008,000.00","105.15","Canada","-","CAD","13.51","1.00","Apr 25, 2052","5.79","CAD","Apr 25, 2022"
"FCRCN","FIRST CAPITAL REAL ESTATE INVESTME","Real Estate","Fixed Income","1,057,254.51","0.03","1,057,254.51","1,020,000.00","1,020,000.00","101.82","Canada","-","CAD","3.63","1.00","Jun 3, 2030","4.51","CAD","Nov 1, 2024"
"DTRGR","DAIMLER TRUCKS FINANCE CANADA INC RegS","Financial","Fixed Income","1,054,357.69","0.03","1,054,357.69","1,023,000.00","1,023,000.00","102.48","Germany","-","CAD","1.34","1.00","Sep 20, 2027","5.22","CAD","Sep 19, 2022"
"IGMCN","IGM FINANCIAL INC","Financial","Fixed Income","1,048,758.42","0.03","1,048,758.42","1,180,000.00","1,180,000.00","87.28","Canada","-","CAD","13.29","1.00","Dec 9, 2047","4.12","CAD","Dec 7, 2017"
"NAVCAN","NAV CANADA MTN","Infrastructure","Fixed Income","1,048,153.19","0.03","1,048,153.19","1,358,000.00","1,358,000.00","76.90","Canada","-","CAD","15.39","1.00","Sep 29, 2050","3.21","CAD","Mar 29, 2019"
"TOUCN","TOURMALINE OIL CORP RegS","Energy","Fixed Income","1,045,230.53","0.03","1,045,230.53","1,062,000.00","1,062,000.00","97.88","Canada","-","CAD","1.68","1.00","Jan 25, 2028","2.08","CAD","Jan 25, 2021"
"DIRUCN","DREAM INDUSTRIAL REAL ESTATE INVES RegS","Real Estate","Fixed Income","1,040,345.68","0.03","1,040,345.68","1,020,000.00","1,020,000.00","100.62","Canada","-","CAD","3.73","1.00","Jul 3, 2030","4.29","CAD","Jul 3, 2025"
"CRRUCN","CROMBIE REAL ESTATE INVESTMENT TRU","Real Estate","Fixed Income","1,037,580.26","0.03","1,037,580.26","1,000,000.00","1,000,000.00","103.31","Canada","-","CAD","3.42","1.00","Mar 29, 2030","5.14","CAD","Mar 6, 2024"
"IFCCN","INTACT FINANCIAL CORP MTN","Financial","Fixed Income","1,036,741.07","0.03","1,036,741.07","883,000.00","883,000.00","114.64","Canada","-","CAD","9.13","1.00","Nov 23, 2039","6.40","CAD","Nov 23, 2009"
"BCFERR","BRITISH COLUMBIA FERRY SERVICES IN","Infrastructure","Fixed Income","1,029,717.93","0.03","1,029,717.93","1,043,000.00","1,043,000.00","98.64","Canada","-","CAD","11.68","1.00","Oct 23, 2043","4.70","CAD","Oct 25, 2013"
"CONNEC","CONNECT 6IX GENERAL PARTNERSHIP","Infrastructure","Fixed Income","1,029,412.92","0.03","1,029,412.92","900,000.00","900,000.00","111.81","Canada","-","CAD","14.61","1.00","Nov 30, 2060","6.21","CAD","Nov 17, 2022"
"ATRLCN","ATKINSREALIS GROUP INC RegS","Industrial","Fixed Income","1,028,093.99","0.03","1,028,093.99","1,015,000.00","1,015,000.00","100.98","Canada","-","CAD","5.78","1.00","Mar 15, 2033","4.76","CAD","Apr 6, 2026"
"IFCCN","INTACT FINANCIAL CORP MTN","Financial","Fixed Income","1,027,726.08","0.03","1,027,726.08","1,434,000.00","1,434,000.00","70.58","Canada","-","CAD","15.40","1.00","Dec 16, 2050","2.95","CAD","Dec 16, 2020"
"LCN","LOBLAW COMPANIES LIMITED MTN","Industrial","Fixed Income","1,027,435.12","0.03","1,027,435.12","910,000.00","910,000.00","110.55","Canada","-","CAD","6.36","1.00","Jun 9, 2034","6.05","CAD","Jun 9, 2003"
"COCAPS","COAST CAPITAL SAVINGS FEDERAL CRED","Financial","Fixed Income","1,027,435.88","0.03","1,027,435.88","1,015,000.00","1,015,000.00","101.08","Canada","-","CAD","1.42","1.00","Oct 18, 2027","4.52","CAD","Oct 18, 2024"
"EPCOR","EPCOR UTILITIES INC","Infrastructure","Fixed Income","1,025,783.62","0.03","1,025,783.62","1,410,000.00","1,410,000.00","71.46","Canada","-","CAD","15.32","1.00","May 19, 2050","2.90","CAD","May 19, 2020"
"NWHUCN","VITAL INFRASTRUCTURE PROPERTY TRUS","Real Estate","Fixed Income","1,024,139.37","0.03","1,024,139.37","1,003,000.00","1,003,000.00","101.13","Canada","-","CAD","1.71","1.00","Feb 18, 2028","5.02","CAD","Feb 18, 2025"
"AERMON","AEROPORT DE MONTREAL","Infrastructure","Fixed Income","1,020,278.87","0.03","1,020,278.87","1,120,000.00","1,120,000.00","90.72","Canada","-","CAD","11.67","1.00","Sep 26, 2042","3.92","CAD","Sep 26, 2012"
"PSSGEN","PSS GENERATING STATION LP","Infrastructure","Fixed Income","1,020,377.35","0.03","1,020,377.35","1,100,000.00","1,100,000.00","92.68","Canada","-","CAD","15.53","1.00","Oct 24, 2067","4.79","CAD","Oct 23, 2015"
"EDISNH","ELLISDON INFRASTRUCTURE SNH GP","Infrastructure","Fixed Income","1,018,006.36","0.03","1,018,006.36","1,000,000.00","1,000,000.00","100.97","Canada","-","CAD","7.84","1.00","Feb 28, 2043","5.00","CAD","Feb 21, 2023"
"HOOPP","HOOPP REALTY INC RegS","Real Estate","Fixed Income","1,018,153.83","0.03","1,018,153.83","1,010,000.00","1,010,000.00","99.30","Canada","-","CAD","4.13","1.00","Nov 27, 2030","3.57","CAD","Nov 27, 2025"
"TORHYD","TORONTO HYDRO CORPORATION RegS","Infrastructure","Fixed Income","1,017,914.51","0.03","1,017,914.51","975,000.00","975,000.00","104.15","Canada","-","CAD","2.23","1.00","Oct 12, 2028","5.13","CAD","Oct 12, 2023"
"SIACN","SIENNA SENIOR LIVING INC","Industrial","Fixed Income","1,017,364.87","0.03","1,017,364.87","1,010,000.00","1,010,000.00","99.96","Canada","-","CAD","3.88","1.00","Aug 21, 2030","4.11","CAD","Aug 21, 2025"
"IFCCN","INTACT FINANCIAL CORP MTN","Financial","Fixed Income","1,016,402.58","0.03","1,016,402.58","972,000.00","972,000.00","102.66","Canada","-","CAD","10.73","1.00","Jun 16, 2042","5.16","CAD","Jun 15, 2012"
"LCN","LOBLAW COMPANIES LTD MTN 144A","Industrial","Fixed Income","1,015,463.10","0.03","1,015,463.10","888,000.00","888,000.00","113.23","Canada","-","CAD","4.84","1.00","Mar 1, 2032","6.85","CAD","Mar 1, 2002"
"XCN","TMX GROUP LTD","Financial","Fixed Income","1,011,680.11","0.03","1,011,680.11","993,000.00","993,000.00","100.37","Canada","-","CAD","1.89","1.00","Jun 5, 2028","3.78","CAD","Jun 5, 2018"
"IFCCN","INTACT FINANCIAL CORP MTN RegS","Financial","Fixed Income","1,009,784.16","0.03","1,009,784.16","1,221,000.00","1,221,000.00","81.04","Canada","-","CAD","15.16","1.00","May 20, 2053","3.77","CAD","May 18, 2021"
"LCN","LOBLAW COMPANIES LIMITED MTN","Industrial","Fixed Income","1,008,143.76","0.03","1,008,143.76","885,000.00","885,000.00","112.62","Canada","-","CAD","5.52","1.00","Feb 17, 2033","6.54","CAD","Feb 17, 2003"
"HYDONE","HYDRO ONE INC MTN","Infrastructure","Fixed Income","1,005,265.56","0.03","1,005,265.56","1,141,000.00","1,141,000.00","86.69","Canada","-","CAD","14.78","1.00","Dec 22, 2051","4.00","CAD","Dec 22, 2011"
"EPCOR","EPCOR UTILITIES INC MTN","Infrastructure","Fixed Income","1,004,901.72","0.03","1,004,901.72","1,063,000.00","1,063,000.00","93.74","Canada","-","CAD","4.76","1.00","Jun 30, 2031","2.41","CAD","Jun 28, 2021"
"BMW","BMW CANADA INC MTN RegS","Industrial","Fixed Income","1,004,204.98","0.03","1,004,204.98","1,000,000.00","1,000,000.00","99.93","Germany","-","CAD","1.31","1.00","Sep 7, 2027","3.30","CAD","Sep 5, 2025"
"ENBGAS","ENBRIDGE GAS INC MTN","Energy","Fixed Income","1,004,250.16","0.03","1,004,250.16","849,000.00","849,000.00","115.15","Canada","-","CAD","5.23","1.00","Nov 15, 2032","6.90","CAD","Nov 15, 2002"
"SEASKY","SEA TO SKY HIGHWAY INVESTMENT LP","Infrastructure","Fixed Income","1,002,240.48","0.03","1,002,240.48","1,025,665.00","1,025,665.00","97.28","Canada","-","CAD","2.37","1.00","Aug 31, 2030","2.63","CAD","Jun 16, 2016"
"ENBPIP","ENBRIDGE PIPELINES INC MTN","Energy","Fixed Income","1,001,638.91","0.03","1,001,638.91","1,076,000.00","1,076,000.00","92.19","Canada","-","CAD","11.45","1.00","Aug 17, 2043","4.55","CAD","Aug 16, 2013"
"POWCN","POWER CORPORATION OF CANADA","Financial","Fixed Income","999,305.87","0.03","999,305.87","1,021,000.00","1,021,000.00","96.70","Canada","-","CAD","12.63","1.00","Jan 31, 2047","4.81","CAD","Jan 31, 2017"
"TORHYD","TORONTO HYDRO CORPORATION","Infrastructure","Fixed Income","998,872.59","0.03","998,872.59","1,174,000.00","1,174,000.00","84.19","Canada","-","CAD","13.05","1.00","Jul 28, 2045","3.55","CAD","Mar 16, 2015"
"BMW","BMW CANADA INC","Industrial","Fixed Income","998,414.98","0.03","998,414.98","995,000.00","995,000.00","100.06","Germany","-","CAD","2.75","1.00","Apr 2, 2029","3.70","CAD","Apr 1, 2025"
"BCFERR","BRITISH COLUMBIA FERRY SERVICES IN","Infrastructure","Fixed Income","998,072.90","0.03","998,072.90","912,000.00","912,000.00","107.77","Canada","-","CAD","8.55","1.00","Jan 11, 2038","5.58","CAD","Jan 11, 2008"
"CTLONE","CENTRAL 1 CREDIT UNION MTN","Financial","Fixed Income","991,676.03","0.03","991,676.03","920,000.00","920,000.00","104.99","Canada","-","CAD","2.22","1.00","Nov 10, 2028","5.98","CAD","Nov 10, 2023"
"BIP","BROOKFIELD INFRASTRUCTURE FINANCE MTN RegS","Infrastructure","Fixed Income","986,354.32","0.03","986,354.32","905,000.00","905,000.00","107.47","Canada","-","CAD","13.53","1.00","Jul 27, 2053","5.95","CAD","Jul 27, 2023"
"AERMON","AEROPORTS DE MONTREAL","Infrastructure","Fixed Income","983,302.35","0.03","983,302.35","856,000.00","856,000.00","114.53","Canada","-","CAD","5.99","1.00","Oct 11, 2033","6.55","CAD","Oct 9, 2003"
"LCN","LOBLAW COMPANIES MTN 144A","Industrial","Fixed Income","982,572.27","0.03","982,572.27","865,000.00","865,000.00","112.53","Canada","-","CAD","8.88","1.00","Mar 1, 2039","6.45","CAD","Mar 1, 1999"
"EPCOR","EPCOR UTILITIES","Infrastructure","Fixed Income","976,148.03","0.03","976,148.03","875,000.00","875,000.00","109.27","Canada","-","CAD","2.81","1.00","Jun 28, 2029","6.80","CAD","Jun 28, 1999"
"ENBGAS","ENBRIDGE GAS INC","Energy","Fixed Income","975,619.70","0.03","975,619.70","922,000.00","922,000.00","104.43","Canada","-","CAD","9.95","1.00","Jul 23, 2040","5.20","CAD","Jul 23, 2010"
"PMZUCN","PRIMARIS REAL ESTATE INVESTMENT TR RegS","Real Estate","Fixed Income","970,280.33","0.03","970,280.33","925,000.00","925,000.00","104.23","Canada","-","CAD","4.96","1.00","Mar 15, 2032","5.30","CAD","Aug 12, 2024"
"ALCTRA","ALECTRA INC (CANADA)","Infrastructure","Fixed Income","966,965.85","0.03","966,965.85","1,054,000.00","1,054,000.00","90.77","Canada","-","CAD","11.48","1.00","Jul 30, 2042","3.96","CAD","Jul 30, 2012"
"CONNEC","CONNECT 6IX GENERAL PARTNERSHIP","Infrastructure","Fixed Income","967,057.32","0.03","967,057.32","850,000.00","850,000.00","111.24","Canada","-","CAD","11.81","1.00","Nov 30, 2046","6.11","CAD","Nov 17, 2022"
"EDISNH","ELLISDON INFRASTRUCTURE SNH GP","Infrastructure","Fixed Income","965,349.85","0.03","965,349.85","960,000.00","960,000.00","99.70","Canada","-","CAD","13.65","1.00","Aug 31, 2057","5.15","CAD","Feb 21, 2023"
"ALCTRA","ALECTRA INC (CANADA)","Infrastructure","Fixed Income","961,236.91","0.03","961,236.91","1,195,000.00","1,195,000.00","80.27","Canada","-","CAD","14.62","1.00","Apr 12, 2049","3.46","CAD","Apr 11, 2019"
"TORHYD","TORONTO HYDRO CORPORATION","Infrastructure","Fixed Income","956,270.22","0.03","956,270.22","975,000.00","975,000.00","97.15","Canada","-","CAD","3.39","1.00","Dec 11, 2029","2.43","CAD","Nov 12, 2019"
"BCFERR","BRITISH COLUMBIA FERRY SERVICES IN","Infrastructure","Fixed Income","954,802.10","0.03","954,802.10","1,021,000.00","1,021,000.00","93.49","Canada","-","CAD","12.14","1.00","Apr 28, 2044","4.29","CAD","Apr 28, 2014"
"FTSCN","FORTISBC ENERGY INC","Energy","Fixed Income","953,852.61","0.03","953,852.61","1,337,000.00","1,337,000.00","70.72","Canada","-","CAD","15.27","1.00","Aug 9, 2049","2.82","CAD","Aug 9, 2019"
"EPCOR","EPCOR UTILITIES INC MTN","Infrastructure","Fixed Income","953,880.46","0.03","953,880.46","849,000.00","849,000.00","109.88","Canada","-","CAD","9.37","1.00","Nov 24, 2039","5.75","CAD","Nov 24, 2009"
"AERMON","AEROPORTS DE MONTREAL","Infrastructure","Fixed Income","953,445.72","0.03","953,445.72","1,180,000.00","1,180,000.00","80.75","Canada","-","CAD","14.04","1.00","Apr 24, 2047","3.36","CAD","Apr 24, 2017"
"CUCN","CU INC","Energy","Fixed Income","944,254.82","0.03","944,254.82","958,000.00","958,000.00","96.60","Canada","-","CAD","14.05","1.00","Jun 3, 2052","4.85","CAD","Jun 3, 2022"
"NSIUCN","NOVA SCOTIA POWER INC MTN","Infrastructure","Fixed Income","943,086.51","0.03","943,086.51","813,000.00","813,000.00","114.78","Canada","-","CAD","5.80","1.00","Aug 25, 2033","6.95","CAD","Aug 25, 2003"
"GZMCN","ENERGIR INC RegS","Energy","Fixed Income","942,587.30","0.03","942,587.30","905,000.00","905,000.00","103.72","Canada","-","CAD","5.42","1.00","Sep 27, 2032","4.67","CAD","Sep 27, 2022"
"RLNCE","RELIANCE LP RegS","Industrial","Fixed Income","939,348.51","0.03","939,348.51","950,000.00","950,000.00","98.32","Canada","-","CAD","5.95","1.00","Apr 18, 2033","4.15","CAD","Mar 12, 2026"
"ENBGAS","ENBRIDGE GAS INC MTN","Energy","Fixed Income","938,900.68","0.03","938,900.68","1,135,000.00","1,135,000.00","81.26","Canada","-","CAD","13.85","1.00","Nov 29, 2047","3.51","CAD","Nov 29, 2017"
"VANAIR","VANCOUVER AIRPORT AUTHORITY","Infrastructure","Fixed Income","936,591.77","0.03","936,591.77","1,006,000.00","1,006,000.00","92.90","Canada","-","CAD","4.16","1.00","Sep 20, 2030","1.76","CAD","Sep 21, 2020"
"ALTALK","ALTALINK LP MTN","Infrastructure","Fixed Income","933,579.18","0.03","933,579.18","872,000.00","872,000.00","106.50","Canada","-","CAD","8.02","1.00","Sep 22, 2036","5.25","CAD","Sep 21, 2006"
"ACICN","TRISUMMIT UTILITIES INC MTN RegS","Energy","Fixed Income","926,322.03","0.03","926,322.03","880,000.00","880,000.00","103.76","Canada","-","CAD","3.22","1.00","Jan 11, 2030","5.02","CAD","Jan 11, 2023"
"SE","WESTCOAST ENERGY INC MTN","Energy","Fixed Income","925,899.14","0.03","925,899.14","818,000.00","818,000.00","112.39","Canada","-","CAD","4.16","1.00","Mar 20, 2031","7.15","CAD","Mar 20, 2001"
"TORHYD","TORONTO HYDRO CORP MTN","Infrastructure","Fixed Income","924,900.11","0.03","924,900.11","832,000.00","832,000.00","108.74","Canada","-","CAD","9.68","1.00","May 21, 2040","5.54","CAD","May 20, 2010"
"CUCN","CU INC MTN","Energy","Fixed Income","924,457.78","0.03","924,457.78","854,000.00","854,000.00","105.98","Canada","-","CAD","7.41","1.00","Nov 21, 2035","5.18","CAD","Nov 21, 2005"
"ENBCN","ENBRIDGE INC MTN","Energy","Fixed Income","914,543.62","0.03","914,543.62","806,000.00","806,000.00","111.57","Canada","-","CAD","3.63","1.00","Jul 24, 2030","7.22","CAD","Jul 24, 2000"
"ALTALK","ALTALINK LP","Infrastructure","Fixed Income","914,132.34","0.03","914,132.34","985,000.00","985,000.00","92.60","Canada","-","CAD","4.16","1.00","Sep 11, 2030","1.51","CAD","Sep 11, 2020"
"TORHYD","TORONTO HYDRO CORPORATION","Infrastructure","Fixed Income","914,217.56","0.03","914,217.56","988,000.00","988,000.00","92.47","Canada","-","CAD","4.25","1.00","Oct 15, 2030","1.50","CAD","Oct 15, 2020"
"CSHU","CHARTWELL RETIREMENT RESIDENCES","Industrial","Fixed Income","912,121.21","0.03","912,121.21","885,000.00","885,000.00","100.94","Canada","-","CAD","3.16","1.00","Nov 5, 2029","4.40","CAD","Oct 28, 2024"
"OTTMAC","OTTAWA MACDONALD-CARTIER INTERNATI","Infrastructure","Fixed Income","905,410.21","0.03","905,410.21","980,708.00","980,708.00","90.79","Canada","-","CAD","7.80","1.00","Jun 9, 2045","3.93","CAD","Jun 9, 2015"
"ELFCN","E-L FINANCIAL CORP LTD","Financial","Fixed Income","904,615.54","0.03","904,615.54","1,054,000.00","1,054,000.00","84.41","Canada","-","CAD","14.16","1.00","Jun 22, 2050","4.00","CAD","Jun 22, 2020"
"SE","WESTCOAST ENERGY INC MTN","Energy","Fixed Income","901,750.78","0.03","901,750.78","943,000.00","943,000.00","95.60","Canada","-","CAD","10.72","1.00","Oct 28, 2041","4.79","CAD","Oct 28, 2011"
"CP","CANADIAN PACIFIC RAILWAY COMPANY","Industrial","Fixed Income","900,120.53","0.03","900,120.53","1,218,000.00","1,218,000.00","73.47","Canada","-","CAD","15.26","1.00","Mar 9, 2050","3.05","CAD","Mar 9, 2020"
"GZMCN","GAZ METRO INC MTN","Energy","Fixed Income","897,330.36","0.03","897,330.36","795,000.00","795,000.00","112.87","Canada","-","CAD","3.91","1.00","Oct 30, 2030","7.05","CAD","Oct 26, 2000"
"REIUCN","RIOCAN REAL ESTATE INVESTMENT TRUS RegS","Real Estate","Fixed Income","894,324.08","0.03","894,324.08","900,000.00","900,000.00","99.02","Canada","-","CAD","5.52","1.00","Oct 1, 2032","4.42","CAD","Oct 1, 2025"
"FIRWST","FIRST WEST CREDIT UNION RegS","Financial","Fixed Income","890,624.60","0.03","890,624.60","805,000.00","805,000.00","108.62","Canada","-","CAD","2.05","1.00","Aug 9, 2033","9.19","CAD","Aug 9, 2023"
"SLFCN","SUN LIFE CAPITAL TRUST","Financial","Fixed Income","886,466.05","0.03","886,466.05","776,000.00","776,000.00","111.90","Canada","-","CAD","4.98","1.00","Jun 30, 2052","7.09","CAD","Jun 25, 2002"
"MCAPCO","MCAP COMMERCIAL LP","Financial","Fixed Income","886,298.95","0.03","886,298.95","879,000.00","879,000.00","99.39","Canada","-","CAD","1.50","1.00","Nov 26, 2027","3.38","CAD","Nov 26, 2020"
"ELFCN","EMPIRE LIFE INSURANCE CO RegS","Financial","Fixed Income","883,480.21","0.03","883,480.21","845,000.00","845,000.00","102.94","Canada","-","CAD","1.59","1.00","Jan 13, 2033","5.50","CAD","Jan 13, 2023"
"LCN","LOBLAW COMPANIES LTD","Industrial","Fixed Income","883,272.15","0.03","883,272.15","912,000.00","912,000.00","95.76","Canada","-","CAD","3.76","1.00","May 7, 2030","2.28","CAD","May 7, 2020"
"FTSCN","FORTISALBERTA INC MTN","Infrastructure","Fixed Income","879,651.68","0.03","879,651.68","1,300,000.00","1,300,000.00","66.63","Canada","-","CAD","16.02","1.00","Jun 8, 2051","2.63","CAD","Dec 8, 2020"
"BCFERR","BC FERRY SERVICES INC MTN","Infrastructure","Fixed Income","873,855.55","0.03","873,855.55","844,000.00","844,000.00","102.97","Canada","-","CAD","8.34","1.00","Mar 20, 2037","5.02","CAD","Mar 20, 2007"
"FFHCN","FAIRFAX FINANCIAL HOLDINGS LTD","Financial","Fixed Income","873,142.79","0.03","873,142.79","875,000.00","875,000.00","97.52","Canada","-","CAD","14.07","1.00","Nov 23, 2054","5.23","CAD","Nov 22, 2024"
"CUCN","CU INC","Energy","Fixed Income","872,035.39","0.03","872,035.39","852,000.00","852,000.00","100.14","Canada","-","CAD","13.72","1.00","Nov 18, 2050","4.95","CAD","Nov 18, 2010"
"FIRWST","FIRST WEST CREDIT UNION","Financial","Fixed Income","871,622.95","0.03","871,622.95","860,000.00","860,000.00","99.66","Canada","-","CAD","1.47","1.00","Nov 15, 2027","3.69","CAD","Nov 14, 2025"
"DE","JOHN DEERE FINANCIAL INC","Financial","Fixed Income","867,685.84","0.03","867,685.84","875,000.00","875,000.00","98.39","United States","-","CAD","2.58","1.00","Jan 19, 2029","2.81","CAD","Jan 19, 2022"
"TRPCN","TRANSCANADA PIPELINES LIMITED MTN","Energy","Fixed Income","864,355.71","0.03","864,355.71","803,000.00","803,000.00","104.97","Canada","-","CAD","1.90","1.00","May 26, 2028","6.28","CAD","May 26, 1998"
"PMZUCN","PRIMARIS REAL ESTATE INVESTMENT TR RegS","Real Estate","Fixed Income","864,384.14","0.03","864,384.14","850,000.00","850,000.00","100.96","Canada","-","CAD","4.26","1.00","Mar 1, 2031","4.47","CAD","Feb 20, 2025"
"ACOXCN","ATCO LTD RegS","Energy","Fixed Income","859,619.84","0.03","859,619.84","816,000.00","816,000.00","102.63","Canada","-","CAD","1.86","1.00","Nov 1, 2078","5.50","CAD","Nov 1, 2018"
"CRTUCN","CT REAL ESTATE INVESTMENT TRUST","Real Estate","Fixed Income","858,185.25","0.03","858,185.25","840,000.00","840,000.00","100.50","Canada","-","CAD","3.68","1.00","Jun 9, 2030","4.29","CAD","Jun 9, 2025"
"ENBGAS","ENBRIDGE GAS INC MTN","Energy","Fixed Income","858,051.78","0.03","858,051.78","877,000.00","877,000.00","95.89","Canada","-","CAD","11.59","1.00","Nov 23, 2043","4.50","CAD","Nov 22, 2013"
"TRPCN","TRANSCANADA PIPELINES LIMITED MTN","Energy","Fixed Income","856,825.19","0.03","856,825.19","775,000.00","775,000.00","108.03","Canada","-","CAD","3.93","1.00","Dec 9, 2030","6.50","CAD","Dec 7, 1998"
"EPCOR","EPCOR UTILITIES INC MTN","Infrastructure","Fixed Income","855,106.93","0.03","855,106.93","965,000.00","965,000.00","86.94","Canada","-","CAD","13.82","1.00","Nov 26, 2048","3.95","CAD","Nov 26, 2018"
"HEQCN","CHIP MORTGAGE TRUST RegS","Securitized","Fixed Income","854,542.22","0.03","854,542.22","800,000.00","800,000.00","105.06","Canada","-","CAD","2.69","1.00","Nov 14, 2048","6.07","CAD","Jul 14, 2023"
"FTSCN","FORTISBC ENERGY INC MTN","Energy","Fixed Income","843,731.57","0.03","843,731.57","984,000.00","984,000.00","85.18","Canada","-","CAD","13.51","1.00","Mar 6, 2047","3.78","CAD","Dec 13, 2016"
"NAVCAN","NAV CANADA","Infrastructure","Fixed Income","839,949.30","0.03","839,949.30","782,000.00","782,000.00","104.37","Canada","-","CAD","1.02","1.00","Jun 1, 2027","7.40","CAD","Dec 16, 1996"
"CSHU","CHARTWELL RETIREMENT RESIDENCES","Industrial","Fixed Income","839,006.95","0.03","839,006.95","835,000.00","835,000.00","99.80","Canada","-","CAD","5.07","1.00","Mar 6, 2032","4.50","CAD","Mar 6, 2025"
"VW","VW CREDIT CANADA INC RegS","Financial","Fixed Income","836,582.12","0.03","836,582.12","820,000.00","820,000.00","101.20","Germany","-","CAD","1.72","1.00","Feb 18, 2028","4.25","CAD","Nov 19, 2024"
"ENBGAS","ENBRIDGE GAS INC MTN","Energy","Fixed Income","835,968.77","0.03","835,968.77","771,000.00","771,000.00","107.68","Canada","-","CAD","7.93","1.00","Sep 11, 2036","5.46","CAD","Sep 11, 2006"
"CTCACN","CANADIAN TIRE CORP LTD MTN","Industrial","Fixed Income","833,362.79","0.03","833,362.79","792,000.00","792,000.00","104.92","Canada","-","CAD","1.84","1.00","Apr 13, 2028","6.50","CAD","Apr 13, 1998"
"CRTUCN","CT REAL ESTATE INVESTMENT TRUST","Real Estate","Fixed Income","832,988.10","0.03","832,988.10","817,000.00","817,000.00","100.43","Canada","-","CAD","1.42","1.00","Dec 7, 2027","3.87","CAD","Feb 7, 2018"
"FTSCN","FORTISALBERTA INC MTN","Infrastructure","Fixed Income","830,025.03","0.03","830,025.03","680,000.00","680,000.00","120.61","Canada","-","CAD","8.72","1.00","Feb 14, 2039","7.06","CAD","Feb 13, 2009"
"FTSCN","FORTISALBERTA INC MTN RegS","Infrastructure","Fixed Income","827,596.57","0.03","827,596.57","822,000.00","822,000.00","100.02","Canada","-","CAD","11.48","1.00","Sep 11, 2043","4.85","CAD","Sep 13, 2013"
"HOMEQU","HOMEEQUITY BANK","Financial","Fixed Income","814,882.36","0.03","814,882.36","785,000.00","785,000.00","102.59","Canada","-","CAD","2.90","1.00","Aug 13, 2029","5.82","CAD","Aug 12, 2024"
"HALFX","HALIFAX INTERNATIONAL AIRPORT AUTH","Infrastructure","Fixed Income","812,009.18","0.03","812,009.18","830,000.00","830,000.00","95.61","Canada","-","CAD","13.54","1.00","Nov 15, 2050","4.89","CAD","Nov 5, 2010"
"HEQCN","CHIP MORTGAGE TRUST","Securitized","Fixed Income","811,783.15","0.03","811,783.15","800,000.00","800,000.00","101.09","Canada","-","CAD","3.10","1.00","Jan 28, 2050","4.24","CAD","Sep 26, 2024"
"CSHU","CHARTWELL RETIREMENT RESIDENCES","Industrial","Fixed Income","807,701.53","0.03","807,701.53","795,000.00","795,000.00","99.85","Canada","-","CAD","1.91","1.00","May 6, 2028","3.65","CAD","Mar 6, 2025"
"ACICN","TRISUMMIT UTILITIES INC MTN","Energy","Fixed Income","805,614.51","0.03","805,614.51","795,000.00","795,000.00","101.26","Canada","-","CAD","5.20","1.00","Apr 24, 2032","4.48","CAD","Apr 24, 2025"
"FTSCN","FORTISBC ENERGY INC","Energy","Fixed Income","804,984.46","0.03","804,984.46","1,205,000.00","1,205,000.00","66.06","Canada","-","CAD","15.91","1.00","Jul 13, 2050","2.54","CAD","Jul 13, 2020"
"NXRCN","NEXUS INDUSTRIAL REIT RegS","Real Estate","Fixed Income","801,701.43","0.02","801,701.43","800,000.00","800,000.00","100.03","Canada","-","CAD","2.77","1.00","Apr 14, 2029","4.24","CAD","Apr 14, 2026"
"TSUCN","TRISURA GROUP LTD RegS","Financial","Fixed Income","798,163.38","0.02","798,163.38","800,000.00","800,000.00","99.29","Canada","-","CAD","4.37","1.00","Mar 17, 2031","4.01","CAD","Mar 17, 2026"
"ENBPIP","ENBRIDGE PIPELINES INC.","Energy","Fixed Income","797,673.44","0.02","797,673.44","762,000.00","762,000.00","102.18","Canada","-","CAD","9.38","1.00","Nov 10, 2039","5.35","CAD","Nov 10, 2009"
"ENBPIP","ENBRIDGE PIPELINES INC. MTN","Energy","Fixed Income","797,682.26","0.02","797,682.26","765,000.00","765,000.00","102.44","Canada","-","CAD","8.06","1.00","Dec 19, 2036","5.08","CAD","Dec 21, 2006"
"FCRCN","FIRST CAPITAL REAL ESTATE INVESTME","Real Estate","Fixed Income","797,297.64","0.02","797,297.64","785,000.00","785,000.00","100.46","Canada","-","CAD","1.16","1.00","Jul 12, 2027","3.75","CAD","Jul 10, 2017"
"CRRUCN","CROMBIE REAL ESTATE INVESTMENT TRU","Real Estate","Fixed Income","796,508.30","0.02","796,508.30","840,000.00","840,000.00","94.16","Canada","-","CAD","4.78","1.00","Aug 12, 2031","3.13","CAD","Aug 12, 2021"
"FTSCN","FORTISBC ENERGY INC MTN","Energy","Fixed Income","791,137.02","0.02","791,137.02","935,000.00","935,000.00","84.40","Canada","-","CAD","13.31","1.00","Apr 9, 2046","3.67","CAD","Apr 8, 2016"
"FTSCN","FORTISALBERTA INC MTN","Infrastructure","Fixed Income","790,902.83","0.02","790,902.83","940,000.00","940,000.00","83.62","Canada","-","CAD","13.80","1.00","Sep 9, 2047","3.67","CAD","Sep 7, 2017"
"LCN","LOBLAW COMPANIES LIMITED MTN","Industrial","Fixed Income","790,530.65","0.02","790,530.65","728,000.00","728,000.00","106.84","Canada","-","CAD","2.48","1.00","Jan 22, 2029","6.50","CAD","Jan 22, 1999"
"CTCACN","CANADIAN TIRE CORPORATION LIMITED MTN","Industrial","Fixed Income","790,299.54","0.02","790,299.54","707,000.00","707,000.00","110.60","Canada","-","CAD","6.15","1.00","Feb 24, 2034","6.57","CAD","Feb 24, 2004"
"TRPCN","TRANSCANADA PIPELINES LIMITED MTN","Energy","Fixed Income","786,655.74","0.02","786,655.74","732,000.00","732,000.00","105.92","Canada","-","CAD","2.09","1.00","Aug 7, 2028","6.89","CAD","Jul 30, 1997"
"CUCN","CU INC MTN","Energy","Fixed Income","783,809.32","0.02","783,809.32","799,000.00","799,000.00","97.48","Canada","-","CAD","14.40","1.00","Sep 14, 2052","4.77","CAD","Sep 14, 2022"
"ALTALK","ALTALINK LP MTN","Infrastructure","Fixed Income","783,328.54","0.02","783,328.54","733,000.00","733,000.00","106.35","Canada","-","CAD","9.82","1.00","Mar 26, 2040","5.38","CAD","Mar 25, 2010"
"SLFCN","SUN LIFE ASSURANCE COMPANY OF CANA","Financial","Fixed Income","783,375.92","0.02","783,375.92","729,000.00","729,000.00","104.59","Canada","-","CAD","1.87","1.00","May 15, 2028","6.30","CAD","May 15, 1998"
"LOWMAT","LOWER MATTAGAMI ENERGY LP","Infrastructure","Fixed Income","781,092.32","0.02","781,092.32","877,000.00","877,000.00","88.98","Canada","-","CAD","14.95","1.00","Apr 23, 2052","4.17","CAD","Apr 23, 2012"
"ARRLAK","ARROW LAKES POWER CO","Energy","Fixed Income","779,809.09","0.02","779,809.09","750,434.00","750,434.00","103.54","Canada","-","CAD","6.59","1.00","Apr 5, 2041","5.52","CAD","Apr 5, 2011"
"ENBCN","IPL ENERGY MTN","Energy","Fixed Income","775,637.90","0.02","775,637.90","730,000.00","730,000.00","104.48","Canada","-","CAD","2.04","1.00","Jul 14, 2028","6.10","CAD","Jul 14, 1998"
"WNCN","GEORGE WESTON LIMITED MTN 144A","Industrial","Fixed Income","775,337.39","0.02","775,337.39","680,000.00","680,000.00","112.39","Canada","-","CAD","4.75","1.00","Feb 5, 2032","7.10","CAD","Feb 5, 2002"
"IGMCN","IGM FINANCIAL INC RegS","Financial","Fixed Income","775,250.22","0.02","775,250.22","870,000.00","870,000.00","87.89","Canada","-","CAD","13.50","1.00","Jul 13, 2048","4.17","CAD","Jul 11, 2018"
"LCN","LOBLAW CO LTD MTN","Industrial","Fixed Income","768,678.32","0.02","768,678.32","724,000.00","724,000.00","104.76","Canada","-","CAD","1.67","1.00","Feb 9, 2028","6.45","CAD","Feb 9, 1998"
"CHPUCN","CHOICE PROPERTIES REAL ESTATE INVE","Real Estate","Fixed Income","758,498.41","0.02","758,498.41","750,000.00","750,000.00","99.94","Canada","-","CAD","14.32","1.00","Aug 8, 2055","5.37","CAD","Aug 8, 2025"
"TORHYD","TORONTO HYDRO CORPORATION","Infrastructure","Fixed Income","757,543.33","0.02","757,543.33","825,000.00","825,000.00","91.32","Canada","-","CAD","12.38","1.00","Sep 16, 2044","4.08","CAD","Sep 16, 2014"
"NAVCAN","NAV CANADA MTN","Infrastructure","Fixed Income","756,195.99","0.02","756,195.99","892,000.00","892,000.00","84.14","Canada","-","CAD","13.36","1.00","Feb 23, 2046","3.53","CAD","Feb 24, 2016"
"GE","GE CAPITAL CAN FUNDING MTN","Financial","Fixed Income","748,767.17","0.02","748,767.17","726,000.00","726,000.00","103.01","United States","-","CAD","8.42","1.00","Oct 22, 2037","5.73","CAD","Oct 22, 2007"
"LOWMAT","LOWER MATTAGAMI ENERGY LP","Infrastructure","Fixed Income","747,449.80","0.02","747,449.80","729,000.00","729,000.00","101.99","Canada","-","CAD","11.55","1.00","Sep 21, 2043","4.94","CAD","Sep 20, 2013"
"PENSKE","PENSKE TRUCK LEASING CANADA INC","Industrial","Fixed Income","744,086.51","0.02","744,086.51","740,000.00","740,000.00","100.26","Canada","-","CAD","1.38","1.00","Oct 1, 2027","3.70","CAD","Oct 1, 2024"
"CRRUCN","CROMBIE REAL ESTATE INVESTMENT TRU RegS","Real Estate","Fixed Income","743,768.73","0.02","743,768.73","715,000.00","715,000.00","103.55","Canada","-","CAD","2.99","1.00","Sep 28, 2029","5.24","CAD","Mar 28, 2023"
"ALCTRA","ALECTRA INC (CANADA)","Infrastructure","Fixed Income","742,905.34","0.02","742,905.34","704,000.00","704,000.00","105.51","Canada","-","CAD","10.40","1.00","Apr 29, 2041","5.30","CAD","Apr 29, 2011"
"SE","WESTCOAST ENERGY","Energy","Fixed Income","734,800.65","0.02","734,800.65","688,000.00","688,000.00","104.29","Canada","-","CAD","1.51","1.00","Dec 15, 2027","6.75","CAD","Dec 15, 1997"
"NRMCAB","NRM CABIN INTERMEDIATE 1 LP","Infrastructure","Fixed Income","730,983.40","0.02","730,983.40","688,645.00","688,645.00","104.78","Canada","-","CAD","3.49","1.00","Jul 31, 2033","5.58","CAD","Feb 12, 2024"
"HEQCN","CHIP MORTGAGE TRUST RegS","Securitized","Fixed Income","728,052.52","0.02","728,052.52","710,000.00","710,000.00","100.59","Canada","-","CAD","2.04","1.00","Sep 1, 2028","3.97","CAD","May 1, 2025"
"ETRHWY","407 INTERNATIONAL INC. MTN RegS","Infrastructure","Fixed Income","725,966.82","0.02","725,966.82","893,000.00","893,000.00","80.99","Canada","-","CAD","13.18","1.00","Mar 27, 2045","3.30","CAD","Mar 27, 2015"
"FTSCN","FORTISBC INC MTN","Infrastructure","Fixed Income","725,463.69","0.02","725,463.69","640,000.00","640,000.00","110.86","Canada","-","CAD","9.00","1.00","Jun 2, 2039","6.10","CAD","Jun 2, 2009"
"NSIUCN","NOVA SCOTIA POWER INC RegS","Infrastructure","Fixed Income","720,370.09","0.02","720,370.09","720,000.00","720,000.00","99.91","Canada","-","CAD","4.46","1.00","Apr 17, 2031","3.95","CAD","Apr 17, 2026"
"CCOCN","CAMECO CORPORATION","Industrial","Fixed Income","720,490.66","0.02","720,490.66","730,000.00","730,000.00","96.37","Canada","-","CAD","10.71","1.00","Nov 14, 2042","5.09","CAD","Nov 14, 2012"
"HALFX","HALIFAX INTERNATIONAL AIRPORT AUTH","Infrastructure","Fixed Income","717,931.81","0.02","717,931.81","685,000.00","685,000.00","103.28","Canada","-","CAD","10.17","1.00","Jul 19, 2041","5.50","CAD","Jul 19, 2006"
"EPCOR","EPCOR UTILITIES INC MTN","Infrastructure","Fixed Income","712,148.91","0.02","712,148.91","920,000.00","920,000.00","76.30","Canada","-","CAD","15.29","1.00","Jun 28, 2051","3.29","CAD","Jun 28, 2021"
"HYDONE","HYDRO ONE INC MTN","Infrastructure","Fixed Income","711,936.79","0.02","711,936.79","877,000.00","877,000.00","80.25","Canada","-","CAD","17.20","1.00","Jul 31, 2062","3.79","CAD","Jul 31, 2012"
"CRTUCN","CT REAL ESTATE INVESTMENT TRUST","Real Estate","Fixed Income","708,648.19","0.02","708,648.19","699,000.00","699,000.00","100.10","Canada","-","CAD","1.03","1.00","Jun 16, 2027","3.47","CAD","Jun 16, 2017"
"ENBGAS","ENBRIDGE GAS INC MTN","Energy","Fixed Income","707,757.87","0.02","707,757.87","675,000.00","675,000.00","104.49","Canada","-","CAD","2.20","1.00","Oct 6, 2028","5.46","CAD","Oct 6, 2023"
"CRSLNX","CROSSLINX TRANSIT SOLUTI RegS","Infrastructure","Fixed Income","700,691.78","0.02","700,691.78","870,000.00","870,000.00","80.16","Canada","-","CAD","13.48","1.00","Jun 30, 2051","4.55","CAD","Jul 24, 2015"
"CRRUCN","CROMBIE REAL ESTATE INVESTMENT TRU","Real Estate","Fixed Income","698,331.07","0.02","698,331.07","710,000.00","710,000.00","98.14","Canada","-","CAD","1.85","1.00","Mar 31, 2028","2.69","CAD","Oct 9, 2020"
"BCECN","BELL CANADA MTN 144A","Communication","Fixed Income","696,458.01","0.02","696,458.01","632,000.00","632,000.00","106.97","Canada","-","CAD","2.66","1.00","May 1, 2029","6.55","CAD","Jul 19, 1999"
"GZMCN","GAZ METRO INC RegS","Energy","Fixed Income","689,187.05","0.02","689,187.05","825,000.00","825,000.00","81.94","Canada","-","CAD","13.62","1.00","May 16, 2047","3.53","CAD","May 16, 2017"
"LUCACN","LIBERTY UTILITIES (CANADA) LP","Energy","Fixed Income","688,382.65","0.02","688,382.65","930,000.00","930,000.00","73.34","Canada","-","CAD","14.67","1.00","Feb 14, 2050","3.31","CAD","Feb 14, 2020"
"WAACA","WINNIPEG AIRPORT AUTHORITY","Infrastructure","Fixed Income","685,381.38","0.02","685,381.38","666,435.00","666,435.00","102.37","Canada","-","CAD","6.41","1.00","Sep 28, 2040","5.21","CAD","Sep 28, 2005"
"FTSCN","FORTISBC ENERGY INC MTN","Energy","Fixed Income","684,886.82","0.02","684,886.82","840,000.00","840,000.00","81.38","Canada","-","CAD","13.15","1.00","Apr 13, 2045","3.38","CAD","Apr 13, 2015"
"FTSCN","FORTISBC ENERGY INC MTN","Energy","Fixed Income","669,052.35","0.02","669,052.35","704,000.00","704,000.00","93.38","Canada","-","CAD","10.93","1.00","Dec 9, 2041","4.25","CAD","Dec 9, 2011"
"FTSCN","FORTISALBERTA INC","Infrastructure","Fixed Income","669,122.71","0.02","669,122.71","781,000.00","781,000.00","85.60","Canada","-","CAD","15.22","1.00","Oct 23, 2052","3.98","CAD","Oct 23, 2012"
"POWCN","POWER CORPORATION CANADA","Financial","Fixed Income","668,013.83","0.02","668,013.83","500,000.00","500,000.00","133.41","Canada","-","CAD","8.55","1.00","Apr 22, 2039","8.57","CAD","Apr 20, 2009"
"XCN","TMX GROUP LTD","Financial","Fixed Income","663,406.72","0.02","663,406.72","707,000.00","707,000.00","93.41","Canada","-","CAD","4.49","1.00","Feb 12, 2031","2.02","CAD","Feb 12, 2021"
"FTSCN","FORTISALBERTA INC MTN","Infrastructure","Fixed Income","653,713.47","0.02","653,713.47","705,000.00","705,000.00","92.27","Canada","-","CAD","12.64","1.00","Sep 22, 2045","4.27","CAD","Sep 22, 2015"
"ENBGAS","ENBRIDGE GAS INC MTN","Energy","Fixed Income","645,769.35","0.02","645,769.35","600,000.00","600,000.00","104.92","Canada","-","CAD","1.89","1.00","May 19, 2028","6.10","CAD","May 19, 1998"
"CRTUCN","CT REAL ESTATE INVESTMENT TRUST","Real Estate","Fixed Income","645,098.47","0.02","645,098.47","694,000.00","694,000.00","92.21","Canada","-","CAD","4.35","1.00","Jan 6, 2031","2.37","CAD","Jan 6, 2021"
"DIRUCN","DREAM INDUSTRIAL REAL ESTATE INVES RegS","Real Estate","Fixed Income","638,350.44","0.02","638,350.44","640,000.00","640,000.00","99.64","Canada","-","CAD","4.45","1.00","Apr 22, 2031","4.15","CAD","Apr 21, 2026"
"FTSCN","TERASEN GAS INC. MTN","Energy","Fixed Income","631,223.61","0.02","631,223.61","538,000.00","538,000.00","114.12","Canada","-","CAD","6.19","1.00","May 1, 2034","6.50","CAD","Apr 29, 2004"
"FTSCN","FORTISALBERTA INC MTN","Infrastructure","Fixed Income","627,881.49","0.02","627,881.49","648,000.00","648,000.00","96.75","Canada","-","CAD","10.91","1.00","Oct 18, 2041","4.54","CAD","Oct 19, 2011"
"CLOVLP","CLOVER LIMITED PARTNERSHIP","Energy","Fixed Income","617,443.63","0.02","617,443.63","616,784.00","616,784.00","99.76","Canada","-","CAD","6.67","1.00","Mar 31, 2034","4.22","CAD","Oct 24, 2018"
"NSIUCN","NOVA SCOTIA POWER INC MTN","Infrastructure","Fixed Income","617,170.43","0.02","617,170.43","738,000.00","738,000.00","81.85","Canada","-","CAD","12.64","1.00","May 1, 2045","3.61","CAD","Apr 30, 2015"
"CUCN","CU INC MTN","Energy","Fixed Income","613,728.48","0.02","613,728.48","715,000.00","715,000.00","84.07","Canada","-","CAD","15.06","1.00","Nov 14, 2052","3.86","CAD","Nov 14, 2012"
"IGMCN","IGM FINANCIAL INC","Financial","Fixed Income","612,005.02","0.02","612,005.02","540,000.00","540,000.00","111.02","Canada","-","CAD","9.62","1.00","Dec 10, 2040","6.00","CAD","Dec 9, 2010"
"DRSILL","DREAM SUMMIT INDUSTRIAL LP RegS","Real Estate","Fixed Income","606,375.63","0.02","606,375.63","604,000.00","604,000.00","100.18","Canada","-","CAD","2.76","1.00","Apr 10, 2029","3.96","CAD","Apr 10, 2026"
"FTSCN","FORTISALBERTA INC","Infrastructure","Fixed Income","605,212.83","0.02","605,212.83","625,000.00","625,000.00","94.92","Canada","-","CAD","14.31","1.00","May 30, 2052","4.62","CAD","May 30, 2022"
"FTSCN","FORTISALBERTA INC MTN","Infrastructure","Fixed Income","603,934.85","0.02","603,934.85","617,000.00","617,000.00","97.84","Canada","-","CAD","14.08","1.00","Oct 27, 2050","4.80","CAD","Oct 27, 2010"
"FTSCN","FORTISALBERTA INC MTN","Infrastructure","Fixed Income","603,103.47","0.02","603,103.47","548,000.00","548,000.00","109.81","Canada","-","CAD","8.72","1.00","Apr 15, 2038","5.85","CAD","Apr 15, 2008"
"FTSCN","FORTISALBERTA INC MTN","Infrastructure","Fixed Income","600,614.44","0.02","600,614.44","713,000.00","713,000.00","83.80","Canada","-","CAD","14.11","1.00","Sep 18, 2048","3.73","CAD","Sep 18, 2018"
"COMWIN","COMBER WIND FINANCIAL CORP","Energy","Fixed Income","598,193.37","0.02","598,193.37","578,204.00","578,204.00","101.77","Canada","-","CAD","2.22","1.00","Nov 15, 2030","5.13","CAD","Feb 22, 2013"
"IGMCN","INVESTORS GROUP INC. 144A","Financial","Fixed Income","597,760.75","0.02","597,760.75","505,000.00","505,000.00","114.86","Canada","-","CAD","4.14","1.00","May 9, 2031","7.45","CAD","May 9, 2001"
"FTSCN","FORTISBC ENERGY INC MTN","Energy","Fixed Income","584,957.31","0.02","584,957.31","620,000.00","620,000.00","93.67","Canada","-","CAD","4.81","1.00","Jul 18, 2031","2.42","CAD","Apr 14, 2021"
"THPPRT","THP PARTNERSHIP RegS","Infrastructure","Fixed Income","580,683.74","0.02","580,683.74","613,954.00","613,954.00","94.58","Canada","-","CAD","8.53","1.00","Oct 31, 2046","4.39","CAD","Jun 30, 2014"
"CRRUCN","CROMBIE REAL ESTATE INVESTMENT TRU","Real Estate","Fixed Income","580,695.17","0.02","580,695.17","570,000.00","570,000.00","100.48","Canada","-","CAD","1.00","1.00","Jun 21, 2027","3.92","CAD","Dec 20, 2019"
"FTSCN","FORTISALBERTA INC","Infrastructure","Fixed Income","571,875.83","0.02","571,875.83","712,000.00","712,000.00","79.95","Canada","-","CAD","13.74","1.00","Sep 21, 2046","3.34","CAD","Sep 21, 2016"
"FTSCN","FORTISBC ENERGY INC MTN","Energy","Fixed Income","570,666.16","0.02","570,666.16","585,000.00","585,000.00","95.59","Canada","-","CAD","14.39","1.00","Nov 28, 2052","4.67","CAD","Nov 28, 2022"
"WAACA","WINNIPEG AIRPORTS AUTHORITY INC","Infrastructure","Fixed Income","568,959.26","0.02","568,959.26","550,000.00","550,000.00","102.77","Canada","-","CAD","5.72","1.00","Mar 9, 2033","4.79","CAD","Mar 9, 2023"
"ENBCN","ENBRIDGE INC MTN","Energy","Fixed Income","566,124.98","0.02","566,124.98","654,000.00","654,000.00","86.15","Canada","-","CAD","16.17","1.00","Mar 28, 2064","4.56","CAD","Mar 28, 2014"
"FTSCN","FORTISBC INC MTN","Infrastructure","Fixed Income","563,550.13","0.02","563,550.13","561,000.00","561,000.00","98.30","Canada","-","CAD","13.56","1.00","Nov 24, 2050","5.00","CAD","Nov 24, 2010"
"GTAAIR","GREATER TORONTO AIRPORTS AUTHORITY","Infrastructure","Fixed Income","559,998.74","0.02","559,998.74","523,624.00","523,624.00","105.36","Canada","-","CAD","1.70","1.00","Jul 30, 2029","6.45","CAD","Jul 20, 1999"
"HYOHI","HYDRO OTTAWA HOLDING INC","Infrastructure","Fixed Income","551,534.60","0.02","551,534.60","650,000.00","650,000.00","83.98","Canada","-","CAD","12.75","1.00","Feb 2, 2045","3.64","CAD","Feb 2, 2015"
"CUCN","CU INC","Energy","Fixed Income","549,361.24","0.02","549,361.24","815,000.00","815,000.00","67.17","Canada","-","CAD","16.04","1.00","Sep 28, 2050","2.61","CAD","Sep 28, 2020"
"NVLAUT","NOUVELLE AUTOROUTE 30 FINANCEMENT","Infrastructure","Fixed Income","547,119.22","0.02","547,119.22","550,213.00","550,213.00","98.21","Canada","-","CAD","3.34","1.00","Dec 31, 2032","3.74","CAD","Jun 14, 2018"
"RCICN","ROGERS COMMUNICATIONS INC","Communication","Fixed Income","545,117.17","0.02","545,117.17","630,000.00","630,000.00","84.87","Canada","-","CAD","13.61","1.00","Dec 9, 2049","4.25","CAD","Dec 9, 2019"
"CLOVLP","CLOVER LIMITED PARTNERSHIP","Energy","Fixed Income","543,731.92","0.02","543,731.92","537,636.00","537,636.00","99.75","Canada","-","CAD","2.80","1.00","Jun 30, 2034","4.22","CAD","Oct 24, 2018"
"IGMCN","INVESTORS GROUP INC.","Financial","Fixed Income","541,964.04","0.02","541,964.04","460,000.00","460,000.00","115.52","Canada","-","CAD","5.34","1.00","Dec 31, 2032","7.00","CAD","Dec 13, 2002"
"ENBCN","ENBRIDGE INC MTN","Energy","Fixed Income","541,512.15","0.02","541,512.15","541,000.00","541,000.00","99.63","Canada","-","CAD","10.06","1.00","Sep 28, 2040","5.12","CAD","Sep 28, 2010"
"FTTCN","FINNING INTERNATIONAL INC MTN","Industrial","Fixed Income","539,448.65","0.02","539,448.65","557,000.00","557,000.00","94.93","Canada","-","CAD","10.55","1.00","Jun 13, 2042","5.08","CAD","Jun 13, 2012"
"FTSCN","FORTISALBERTA INC","Infrastructure","Fixed Income","537,629.90","0.02","537,629.90","500,000.00","500,000.00","107.39","Canada","-","CAD","7.76","1.00","Apr 21, 2036","5.40","CAD","Apr 21, 2006"
"RCICN","ROGERS COMMUNICATIONS INC","Communication","Fixed Income","537,088.92","0.02","537,088.92","539,000.00","539,000.00","98.37","Canada","-","CAD","3.33","1.00","Dec 10, 2029","3.30","CAD","Dec 9, 2019"
"FTSCN","TERASEN GAS INC MTN","Energy","Fixed Income","517,671.61","0.02","517,671.61","440,000.00","440,000.00","116.49","Canada","-","CAD","8.89","1.00","Feb 24, 2039","6.55","CAD","Feb 24, 2009"
"FTSCN","FORTISALBERTA INC","Infrastructure","Fixed Income","506,713.06","0.02","506,713.06","448,000.00","448,000.00","113.11","Canada","-","CAD","6.72","1.00","Oct 31, 2034","6.22","CAD","Oct 25, 2004"
"SIACN","SIENNA SENIOR LIVING INC","Industrial","Fixed Income","503,252.95","0.02","503,252.95","495,000.00","495,000.00","101.51","Canada","-","CAD","3.16","1.00","Oct 17, 2029","4.44","CAD","Oct 17, 2024"
"CRRUCN","CROMBIE REAL ESTATE INVESTMENT TRU","Real Estate","Fixed Income","500,804.13","0.02","500,804.13","520,000.00","520,000.00","96.12","Canada","-","CAD","4.10","1.00","Oct 9, 2030","3.21","CAD","Oct 9, 2020"
"FTSCN","FORTISBC ENERGY INC MTN","Energy","Fixed Income","497,576.46","0.02","497,576.46","595,000.00","595,000.00","83.63","Canada","-","CAD","13.91","1.00","Oct 30, 2047","3.69","CAD","Oct 26, 2017"
"CRDPOW","CORDELIO AMALCO GP I Prvt","Energy","Fixed Income","493,482.86","0.02","493,482.86","499,393.00","499,393.00","98.48","Canada","-","CAD","3.80","1.00","Sep 30, 2034","4.09","CAD","Dec 10, 2018"
"CHPUCN","CHOICE PROPERTIES REAL ESTATE INVE","Real Estate","Fixed Income","479,929.20","0.01","479,929.20","600,000.00","600,000.00","79.39","Canada","-","CAD","14.19","1.00","Mar 4, 2050","3.83","CAD","Mar 3, 2020"
"HOMEQU","HOMEEQUITY BANK","Financial","Fixed Income","475,846.70","0.01","475,846.70","460,000.00","460,000.00","103.23","Canada","-","CAD","1.40","1.00","Oct 18, 2027","6.55","CAD","Apr 18, 2024"
"FTSCN","FORTISBC INC MTN","Infrastructure","Fixed Income","475,489.38","0.01","475,489.38","430,000.00","430,000.00","107.94","Canada","-","CAD","7.27","1.00","Nov 9, 2035","5.60","CAD","Nov 10, 2005"
"SUCN","SUNCOR ENERGY INC MTN","Energy","Fixed Income","473,891.34","0.01","473,891.34","459,000.00","459,000.00","102.96","Canada","-","CAD","3.41","1.00","Apr 9, 2030","5.00","CAD","Apr 9, 2020"
"WNCN","GEORGE WESTON LIMITED MTN","Industrial","Fixed Income","471,316.97","0.01","471,316.97","420,000.00","420,000.00","111.12","Canada","-","CAD","5.52","1.00","Mar 1, 2033","6.69","CAD","Feb 28, 2003"
"CESEBA","SOCIETE EN COMMANDITE CE SEBASTOPO","Infrastructure","Fixed Income","452,832.37","0.01","452,832.37","503,014.00","503,014.00","89.01","Canada","-","CAD","8.46","1.00","Jul 31, 2047","4.14","CAD","Jun 26, 2015"
"OTTMAC","OTTAWA MACDONALD-CARTIER INTERNATI","Infrastructure","Fixed Income","450,001.46","0.01","450,001.46","472,000.00","472,000.00","94.04","Canada","-","CAD","4.57","1.00","May 5, 2031","2.70","CAD","May 5, 2021"
"RLNCE","RELIANCE LP RegS","Industrial","Fixed Income","446,488.77","0.01","446,488.77","450,000.00","450,000.00","98.74","Canada","-","CAD","3.65","1.00","Apr 18, 2030","3.60","CAD","Mar 12, 2026"
"KINSOL","KINGSTON SOLAR LP INC","Energy","Fixed Income","438,139.00","0.01","438,139.00","450,106.00","450,106.00","96.47","Canada","-","CAD","4.29","1.00","Jul 31, 2035","3.57","CAD","Oct 14, 2016"
"GZMCN","GAZ METRO INC","Energy","Fixed Income","432,442.78","0.01","432,442.78","535,000.00","535,000.00","80.56","Canada","-","CAD","13.18","1.00","Mar 31, 2045","3.30","CAD","Mar 31, 2015"
"ENBCN","ENBRIDGE INC MTN","Energy","Fixed Income","428,535.45","0.01","428,535.45","394,000.00","394,000.00","106.22","Canada","-","CAD","7.27","1.00","Nov 14, 2035","5.57","CAD","Nov 14, 2005"
"CUCN","CU INC","Energy","Fixed Income","427,946.95","0.01","427,946.95","456,000.00","456,000.00","93.77","Canada","-","CAD","16.59","1.00","Oct 24, 2061","4.59","CAD","Oct 24, 2011"
"CTCACN","CANADIAN TIRE CORPORATION LIMITED MTN","Industrial","Fixed Income","427,295.01","0.01","427,295.01","407,000.00","407,000.00","104.11","Canada","-","CAD","7.24","1.00","Sep 4, 2035","5.61","CAD","Sep 2, 2005"
"ITSPCH","INTEGRATED TEAM SOLUTIONS PCH PART","Infrastructure","Fixed Income","413,674.03","0.01","413,674.03","415,609.00","415,609.00","97.52","Canada","-","CAD","7.97","1.00","May 31, 2046","4.88","CAD","Nov 29, 2013"
"WAACA","WINNIPEG AIRPORTS AUTHORITY INC","Infrastructure","Fixed Income","404,263.66","0.01","404,263.66","500,000.00","500,000.00","80.54","Canada","-","CAD","13.73","1.00","Sep 30, 2047","3.66","CAD","Sep 29, 2017"
"GWOCN","CANADA LIFE ASSURANCE CO","Financial","Fixed Income","382,041.21","0.01","382,041.21","350,000.00","350,000.00","106.70","Canada","-","CAD","2.37","1.00","Dec 11, 2028","6.40","CAD","Dec 11, 1999"
"CUCN","CU INC MTN","Energy","Fixed Income","367,983.77","0.01","367,983.77","333,000.00","333,000.00","108.14","Canada","-","CAD","8.69","1.00","May 26, 2038","5.58","CAD","May 26, 2008"
"TORHYD","TORONTO HYDRO CORPORATION","Infrastructure","Fixed Income","366,759.96","0.01","366,759.96","440,000.00","440,000.00","83.13","Canada","-","CAD","17.28","1.00","Apr 9, 2063","3.96","CAD","Apr 9, 2013"
"CUCN","CU INC MTN","Energy","Fixed Income","342,251.30","0.01","342,251.30","421,000.00","421,000.00","80.77","Canada","-","CAD","17.26","1.00","Sep 11, 2062","3.83","CAD","Sep 10, 2012"
"FTSCN","FORTISALBERTA INC MTN","Infrastructure","Fixed Income","328,271.85","0.01","328,271.85","320,000.00","320,000.00","100.99","Canada","-","CAD","12.59","1.00","Jan 3, 2047","4.99","CAD","Jan 3, 2007"
"CAAIAU","CALGARY AIRPORT AUTHORITY","Infrastructure","Fixed Income","305,722.40","0.01","305,722.40","355,063.00","355,063.00","85.87","Canada","-","CAD","12.60","1.00","Oct 7, 2061","3.75","CAD","Oct 7, 2021"
"ERAA","EDMONTON REGIONAL AIRPORTS AUTHORI","Infrastructure","Fixed Income","283,247.54","0.01","283,247.54","318,740.00","318,740.00","87.23","Canada","-","CAD","9.60","1.00","May 20, 2051","3.71","CAD","May 20, 2021"
"VANAFF","VANCOUVER AIRPORT FUEL FACILITIES","Infrastructure","Fixed Income","282,996.16","0.01","282,996.16","278,891.00","278,891.00","99.43","Canada","-","CAD","10.63","1.00","Jun 4, 2065","5.06","CAD","Jun 4, 2025"
"CUCN","CU INC MTN","Energy","Fixed Income","279,143.36","0.01","279,143.36","237,000.00","237,000.00","116.82","Canada","-","CAD","8.95","1.00","Mar 7, 2039","6.50","CAD","Mar 6, 2009"
"ALTALK","ALTALINK LP MTN","Infrastructure","Fixed Income","270,305.60","0.01","270,305.60","300,000.00","300,000.00","88.40","Canada","-","CAD","16.91","1.00","Jun 6, 2064","4.27","CAD","Jun 6, 2014"
"GRASOL","GRAND RENEWABLE SOLAR LP 144A","Energy","Fixed Income","263,466.44","0.01","263,466.44","268,397.00","268,397.00","97.21","Canada","-","CAD","4.04","1.00","Jan 31, 2035","3.93","CAD","Jun 9, 2016"
"FTSCN","TERASEN GAS VANCOUVER ISLAND INC","Energy","Fixed Income","263,648.92","0.01","263,648.92","250,000.00","250,000.00","103.39","Canada","-","CAD","10.03","1.00","Dec 6, 2040","5.20","CAD","Dec 6, 2010"
"MONPOR","MONTREAL PORT AUTHORITY","Infrastructure","Fixed Income","260,012.59","0.01","260,012.59","350,000.00","350,000.00","73.94","Canada","-","CAD","15.29","1.00","Mar 22, 2051","3.24","CAD","Mar 22, 2021"
"ACICN","TRISUMMIT UTILITIES INC MTN","Energy","Fixed Income","256,712.12","0.01","256,712.12","255,000.00","255,000.00","99.60","Canada","-","CAD","13.80","1.00","Aug 15, 2052","5.28","CAD","Aug 15, 2022"
"ERAA","EDMONTON REGIONAL AIRPORTS AUTHORI","Infrastructure","Fixed Income","234,276.63","0.01","234,276.63","211,631.00","211,631.00","107.14","Canada","-","CAD","2.16","1.00","Nov 1, 2030","7.21","CAD","Oct 31, 2000"
"IGMCN","INVESTORS GROUP INC.","Financial","Fixed Income","225,662.49","0.01","225,662.49","210,000.00","210,000.00","104.94","Canada","-","CAD","1.51","1.00","Dec 13, 2027","6.65","CAD","Dec 12, 1997"
"WAACA","WINNIPEG AIRPORTS AUTHORITY INC","Infrastructure","Fixed Income","195,919.32","0.01","195,919.32","275,000.00","275,000.00","70.53","Canada","-","CAD","15.34","1.00","Feb 3, 2051","3.04","CAD","Feb 4, 2021"
"EDGHWY","407 EAST DEVELOPMENT GROUP GENERAL","Infrastructure","Fixed Income","194,299.77","0.01","194,299.77","193,139.00","193,139.00","99.03","Canada","-","CAD","5.96","1.00","Jun 23, 2045","4.47","CAD","May 18, 2012"
"HYOHI","HYDRO OTTAWA HOLDING INC","Infrastructure","Fixed Income","179,736.86","0.01","179,736.86","198,000.00","198,000.00","88.95","Canada","-","CAD","11.66","1.00","May 14, 2043","3.99","CAD","May 14, 2013"
"ENBGAS","ENBRIDGE GAS INC MTN","Energy","Fixed Income","170,394.15","0.01","170,394.15","150,000.00","150,000.00","111.32","Canada","-","CAD","6.05","1.00","Dec 16, 2033","6.16","CAD","Dec 16, 2003"
"BCECN","BELL CANADA","Communication","Fixed Income","168,221.84","0.01","168,221.84","160,000.00","160,000.00","104.43","Canada","-","CAD","1.33","1.00","Sep 24, 2027","7.00","CAD","Sep 24, 1997"
"ENBPIP","ENBRIDGE PIPELINES INC MTN","Energy","Fixed Income","158,448.94","0.00","158,448.94","145,000.00","145,000.00","106.78","Canada","-","CAD","2.77","1.00","Jun 11, 2029","6.50","CAD","Jun 11, 1999"
"GZMCN","GAZ METRO INC","Energy","Fixed Income","130,878.21","0.00","130,878.21","165,000.00","165,000.00","79.13","Canada","-","CAD","13.84","1.00","Oct 9, 2046","3.28","CAD","Oct 6, 2016"
"SUCN","SUNCOR ENERGY INC MTN","Energy","Fixed Income","124,433.76","0.00","124,433.76","126,000.00","126,000.00","97.42","Canada","-","CAD","2.86","1.00","May 24, 2029","3.10","CAD","May 24, 2019"
"FTSCN","TERASEN GAS INC MTN","Energy","Fixed Income","124,623.04","0.00","124,623.04","115,000.00","115,000.00","107.82","Canada","-","CAD","7.94","1.00","Sep 25, 2036","5.55","CAD","Sep 25, 2006"
"ENBGAS","ENBRIDGE GAS INC MTN","Energy","Fixed Income","107,757.21","0.00","107,757.21","100,000.00","100,000.00","104.51","Canada","-","CAD","1.40","1.00","Nov 3, 2027","6.65","CAD","Nov 3, 1997"
"LCN","LOBLAW CO LTD MTN","Industrial","Fixed Income","92,668.93","0.00","92,668.93","86,000.00","86,000.00","104.60","Canada","-","CAD","1.41","1.00","Nov 8, 2027","6.65","CAD","Nov 7, 1997"
"BCECN","BELL CANADA INC MTN","Communication","Fixed Income","91,113.43","0.00","91,113.43","111,000.00","111,000.00","81.60","Canada","-","CAD","14.29","1.00","Mar 17, 2051","4.05","CAD","Mar 17, 2021"
"FTSCN","FORTISALBERTA INC MTN","Infrastructure","Fixed Income","82,036.48","0.00","82,036.48","90,000.00","90,000.00","90.79","Canada","-","CAD","12.37","1.00","Sep 29, 2044","4.11","CAD","Sep 29, 2014"
"FTSCN","TERASEN GAS INC MTN","Energy","Fixed Income","77,498.43","0.00","77,498.43","70,000.00","70,000.00","109.95","Canada","-","CAD","3.03","1.00","Sep 21, 2029","6.95","CAD","Sep 21, 1999"
"NAVCAN","NAV CANADA","Infrastructure","Fixed Income","72,362.36","0.00","72,362.36","69,116.00","69,116.00","103.45","Canada","-","CAD","0.81","1.00","Mar 1, 2027","7.56","CAD","Mar 24, 1997"
"GZMCN","GAZ METRO INC","Energy","Fixed Income","70,496.70","0.00","70,496.70","65,000.00","65,000.00","105.26","Canada","-","CAD","1.44","1.00","Nov 19, 2027","7.20","CAD","Nov 19, 1996"
"GZMCN","GAZ METROPOLITAN AND CO","Energy","Fixed Income","50,779.96","0.00","50,779.96","45,000.00","45,000.00","112.84","Canada","-","CAD","6.08","1.00","Oct 31, 2033","6.30","CAD","Oct 31, 2003"
"MICCN","SAGEN MI CANADA INC","Financial","Fixed Income","47,677.39","0.00","47,677.39","50,000.00","50,000.00","94.86","Canada","-","CAD","0.00","1.00","Mar 24, 2081","4.95","CAD","Mar 23, 2021"
"ALACN","ALTAGAS LTD MTN","Energy","Fixed Income","45,011.92","0.00","45,011.92","50,000.00","50,000.00","89.11","Canada","-","CAD","11.80","1.00","Aug 15, 2044","4.50","CAD","Aug 15, 2014"
"ALACN","ALTAGAS LTD MTN","Energy","Fixed Income","42,533.09","0.00","42,533.09","45,000.00","45,000.00","94.16","Canada","-","CAD","12.66","1.00","Oct 4, 2047","4.99","CAD","Oct 4, 2017"
"BCECN","BELL CANADA","Communication","Fixed Income","30,249.80","0.00","30,249.80","26,000.00","26,000.00","113.81","Canada","-","CAD","4.59","1.00","Dec 30, 2031","7.65","CAD","Dec 30, 1996"
"HALFX","HALIFAX INTERNATIONAL AIRPORT AUTH","Infrastructure","Fixed Income","20,131.12","0.00","20,131.12","25,000.00","25,000.00","78.73","Canada","-","CAD","14.54","1.00","May 3, 2051","3.68","CAD","May 3, 2021"
"ENBPIP","ENBRIDGE PIPE LINES INC","Energy","Fixed Income","10,653.43","0.00","10,653.43","10,000.00","10,000.00","105.26","Canada","-","CAD","2.54","1.00","Feb 12, 2029","6.05","CAD","Feb 12, 1999"
"CAD","CAD CASH","Cash and/or Derivatives","Cash","-7,630,259.06","-0.24","-7,630,259.06","-7,630,259.00","-7,630,259.00","100.00","Canada","-","CAD","0.00","1.00","-","0.00","CAD","Jan 1, 1989"
 