Fund Holdings as of,"Jan 30, 2026"
 
Ticker,Name,Sector,Asset Class,Market Value,Weight (%),Notional Value,Shares,Par Value,Price,Location,Exchange,Currency,Duration,FX Rate,Maturity,Coupon (%),Market Currency,Effective Date
"BNS","BANK OF NOVA SCOTIA","Financial","Fixed Income","15,013,220.20","0.52","15,013,220.20","14,809,000.00","14,809,000.00","100.22","Canada","-","CAD","1.07","1.00","Mar 8, 2027","2.95","CAD","Mar 7, 2022"
"CM","CANADIAN IMPERIAL BANK OF COMMERCE","Financial","Fixed Income","13,924,704.41","0.48","13,924,704.41","13,875,000.00","13,875,000.00","100.19","Canada","-","CAD","4.45","1.00","Jan 13, 2032","3.65","CAD","Jan 13, 2026"
"CAD","CAD CASH","Cash and/or Derivatives","Cash","13,908,808.09","0.48","13,908,808.09","13,908,808.00","13,908,808.00","100.00","Canada","-","CAD","0.00","1.00","-","0.00","CAD","Jan 1, 1989"
"TD","TORONTO-DOMINION BANK/THE","Financial","Fixed Income","13,498,385.70","0.47","13,498,385.70","13,419,000.00","13,419,000.00","100.38","Canada","-","CAD","4.44","1.00","Jan 9, 2032","3.69","CAD","Jan 9, 2026"
"TD","TORONTO-DOMINION BANK/THE","Financial","Fixed Income","13,172,104.11","0.45","13,172,104.11","12,850,000.00","12,850,000.00","101.81","Canada","-","CAD","1.29","1.00","Jun 1, 2027","4.21","CAD","Jun 1, 2022"
"RY","ROYAL BANK OF CANADA RegS","Financial","Fixed Income","12,702,280.07","0.44","12,702,280.07","12,635,000.00","12,635,000.00","100.02","Canada","-","CAD","4.37","1.00","Dec 9, 2031","3.49","CAD","Dec 9, 2025"
"BNS","BANK OF NOVA SCOTIA","Financial","Fixed Income","12,482,452.70","0.43","12,482,452.70","12,332,000.00","12,332,000.00","100.87","Canada","-","CAD","3.98","1.00","Jun 27, 2031","3.73","CAD","Mar 27, 2025"
"BMO","BANK OF MONTREAL","Financial","Fixed Income","12,345,441.86","0.43","12,345,441.86","11,902,000.00","11,902,000.00","103.03","Canada","-","CAD","1.69","1.00","Dec 7, 2027","4.71","CAD","Dec 7, 2022"
"TD","TORONTO-DOMINION BANK/THE","Financial","Fixed Income","11,945,251.32","0.41","11,945,251.32","11,432,000.00","11,432,000.00","104.21","Canada","-","CAD","2.74","1.00","Jan 8, 2029","4.68","CAD","Dec 7, 2022"
"RY","ROYAL BANK OF CANADA","Financial","Fixed Income","11,695,143.06","0.40","11,695,143.06","11,175,000.00","11,175,000.00","103.51","Canada","-","CAD","2.12","1.00","May 1, 2028","4.63","CAD","Apr 20, 2023"
"BMO","BANK OF MONTREAL","Financial","Fixed Income","11,687,196.88","0.40","11,687,196.88","11,397,000.00","11,397,000.00","101.84","Canada","-","CAD","1.21","1.00","Jun 1, 2027","4.31","CAD","Jun 1, 2022"
"BNS","BANK OF NOVA SCOTIA RegS","Financial","Fixed Income","11,526,226.23","0.40","11,526,226.23","11,465,000.00","11,465,000.00","100.03","Canada","-","CAD","4.50","1.00","Jan 30, 2032","3.62","CAD","Dec 10, 2025"
"TD","TORONTO-DOMINION BANK/THE RegS","Financial","Fixed Income","11,510,289.47","0.40","11,510,289.47","11,325,000.00","11,325,000.00","100.23","Canada","-","CAD","4.13","1.00","Sep 10, 2031","3.61","CAD","Sep 10, 2025"
"BMO","BANK OF MONTREAL","Financial","Fixed Income","11,422,023.30","0.39","11,422,023.30","11,218,000.00","11,218,000.00","100.50","Canada","-","CAD","1.98","1.00","Mar 1, 2028","3.19","CAD","Mar 1, 2018"
"TD","TORONTO-DOMINION BANK/THE","Financial","Fixed Income","10,209,013.20","0.35","10,209,013.20","10,006,000.00","10,006,000.00","101.38","Canada","-","CAD","3.90","1.00","May 29, 2031","3.84","CAD","May 29, 2025"
"BMO","BANK OF MONTREAL","Financial","Fixed Income","10,163,446.12","0.35","10,163,446.12","9,664,000.00","9,664,000.00","104.31","Canada","-","CAD","2.18","1.00","May 29, 2028","5.04","CAD","May 29, 2023"
"BNS","BANK OF NOVA SCOTIA","Financial","Fixed Income","10,020,256.78","0.35","10,020,256.78","9,397,000.00","9,397,000.00","104.30","Canada","-","CAD","2.74","1.00","Feb 1, 2029","4.68","CAD","Feb 1, 2024"
"BMO","BANK OF MONTREAL","Financial","Fixed Income","10,005,170.77","0.34","10,005,170.77","9,600,000.00","9,600,000.00","103.69","Canada","-","CAD","2.62","1.00","Dec 18, 2028","4.54","CAD","Dec 18, 2023"
"RY","ROYAL BANK OF CANADA","Financial","Fixed Income","9,989,586.17","0.34","9,989,586.17","9,830,000.00","9,830,000.00","101.12","Canada","-","CAD","1.77","1.00","Dec 10, 2028","3.63","CAD","Dec 10, 2024"
"BMO","BANK OF MONTREAL","Financial","Fixed Income","9,803,246.51","0.34","9,803,246.51","9,435,000.00","9,435,000.00","103.75","Canada","-","CAD","3.14","1.00","Jul 17, 2029","4.42","CAD","Jul 17, 2024"
"TD","TORONTO-DOMINION BANK/THE","Financial","Fixed Income","9,794,011.44","0.34","9,794,011.44","9,593,000.00","9,593,000.00","101.86","Canada","-","CAD","5.18","1.00","Jan 9, 2033","4.13","CAD","Jan 9, 2025"
"TD","TORONTO-DOMINION BANK/THE RegS","Financial","Fixed Income","9,791,019.92","0.34","9,791,019.92","9,506,000.00","9,506,000.00","102.85","Canada","-","CAD","1.88","1.00","Jan 18, 2028","4.48","CAD","Jan 18, 2023"
"TD","TORONTO-DOMINION BANK/THE RegS","Financial","Fixed Income","9,618,930.82","0.33","9,618,930.82","9,111,000.00","9,111,000.00","104.09","Canada","-","CAD","1.63","1.00","Oct 21, 2027","5.38","CAD","Oct 21, 2022"
"BNS","BANK OF NOVA SCOTIA","Financial","Fixed Income","9,505,615.01","0.33","9,505,615.01","9,303,000.00","9,303,000.00","101.39","Canada","-","CAD","1.70","1.00","Nov 15, 2028","3.81","CAD","Oct 18, 2024"
"RY","ROYAL BANK OF CANADA RegS","Financial","Fixed Income","9,403,236.62","0.32","9,403,236.62","9,210,000.00","9,210,000.00","102.01","Canada","-","CAD","4.03","1.00","Jul 22, 2031","3.98","CAD","Jul 22, 2025"
"RY","ROYAL BANK OF CANADA RegS","Financial","Fixed Income","9,364,283.44","0.32","9,364,283.44","9,260,000.00","9,260,000.00","100.67","Canada","-","CAD","2.23","1.00","Jun 12, 2029","3.41","CAD","Jun 10, 2025"
"BMO","BANK OF MONTREAL","Financial","Fixed Income","9,325,137.87","0.32","9,325,137.87","9,128,000.00","9,128,000.00","100.95","Canada","-","CAD","1.05","1.00","Apr 1, 2027","3.65","CAD","Apr 1, 2022"
"RY","ROYAL BANK OF CANADA","Financial","Fixed Income","9,274,843.78","0.32","9,274,843.78","8,971,000.00","8,971,000.00","103.22","Canada","-","CAD","1.87","1.00","Jan 17, 2028","4.64","CAD","Jan 17, 2023"
"TRPCN","TRANSCANADA PIPELINES LTD MTN","Energy","Fixed Income","9,144,041.54","0.32","9,144,041.54","8,962,000.00","8,962,000.00","100.81","Canada","-","CAD","1.00","1.00","Apr 5, 2027","3.80","CAD","Apr 3, 2020"
"RY","ROYAL BANK OF CANADA","Financial","Fixed Income","9,130,914.57","0.31","9,130,914.57","8,895,000.00","8,895,000.00","102.60","Canada","-","CAD","1.43","1.00","Jul 26, 2027","4.61","CAD","Jul 25, 2022"
"CM","CANADIAN IMPERIAL BANK OF COMMERCE","Financial","Fixed Income","8,865,412.79","0.31","8,865,412.79","8,592,000.00","8,592,000.00","102.75","Canada","-","CAD","1.36","1.00","Jun 29, 2027","4.95","CAD","Jun 29, 2022"
"CM","CANADIAN IMPERIAL BANK OF COMMERCE","Financial","Fixed Income","8,698,078.64","0.30","8,698,078.64","8,290,000.00","8,290,000.00","103.33","Canada","-","CAD","1.52","1.00","Oct 7, 2027","5.05","CAD","Oct 7, 2022"
"BNS","BANK OF NOVA SCOTIA","Financial","Fixed Income","8,672,389.85","0.30","8,672,389.85","8,512,000.00","8,512,000.00","100.35","Canada","-","CAD","1.91","1.00","Feb 2, 2028","3.10","CAD","Feb 2, 2018"
"TD","TORONTO-DOMINION BANK/THE","Financial","Fixed Income","8,455,683.35","0.29","8,455,683.35","7,826,000.00","7,826,000.00","105.88","Canada","-","CAD","2.39","1.00","Sep 8, 2028","5.49","CAD","Sep 8, 2023"
"RY","ROYAL BANK OF CANADA RegS","Financial","Fixed Income","8,450,417.34","0.29","8,450,417.34","7,935,000.00","7,935,000.00","104.83","Canada","-","CAD","2.89","1.00","Apr 3, 2034","5.10","CAD","Apr 2, 2024"
"TD","TORONTO-DOMINION BANK/THE MTN","Financial","Fixed Income","8,318,087.33","0.29","8,318,087.33","7,798,000.00","7,798,000.00","105.07","Canada","-","CAD","2.89","1.00","Apr 9, 2034","5.18","CAD","Apr 9, 2024"
"NACN","NATIONAL BANK OF CANADA","Financial","Fixed Income","8,284,089.12","0.29","8,284,089.12","7,845,000.00","7,845,000.00","104.94","Canada","-","CAD","2.22","1.00","Jun 14, 2028","5.22","CAD","Jun 14, 2023"
"BNS","BANK OF NOVA SCOTIA","Financial","Fixed Income","7,649,388.05","0.26","7,649,388.05","7,779,000.00","7,779,000.00","97.99","Canada","-","CAD","1.71","1.00","Nov 1, 2027","1.40","CAD","Oct 15, 2020"
"BNS","BANK OF NOVA SCOTIA","Financial","Fixed Income","7,551,409.92","0.26","7,551,409.92","7,391,000.00","7,391,000.00","101.22","Canada","-","CAD","1.21","1.00","May 3, 2032","3.93","CAD","Mar 21, 2022"
"ENBCN","ENBRIDGE INC","Energy","Fixed Income","7,539,432.13","0.26","7,539,432.13","7,227,000.00","7,227,000.00","102.48","Canada","-","CAD","1.54","1.00","Sep 27, 2077","5.38","CAD","Sep 26, 2017"
"NACN","NATIONAL BANK OF CANADA","Financial","Fixed Income","7,531,602.56","0.26","7,531,602.56","6,989,000.00","6,989,000.00","105.26","Canada","-","CAD","2.73","1.00","Feb 1, 2029","5.02","CAD","Dec 7, 2023"
"RY","ROYAL BANK OF CANADA MTN RegS","Financial","Fixed Income","7,443,186.60","0.26","7,443,186.60","7,012,000.00","7,012,000.00","103.65","Canada","-","CAD","1.87","1.00","Feb 1, 2033","5.01","CAD","Jan 31, 2023"
"CM","CANADIAN IMPERIAL BANK OF COMMERCE","Financial","Fixed Income","7,415,603.44","0.26","7,415,603.44","7,276,000.00","7,276,000.00","101.39","Canada","-","CAD","3.53","1.00","Dec 10, 2030","3.80","CAD","Dec 10, 2024"
"RCICN","ROGERS COMMS INC","Communication","Fixed Income","7,228,994.35","0.25","7,228,994.35","6,063,000.00","6,063,000.00","117.71","Canada","-","CAD","9.21","1.00","Nov 9, 2039","6.75","CAD","Apr 3, 2023"
"CCDJ","FEDERATION DES CAISSES DESJARDINS","Financial","Fixed Income","7,136,201.33","0.25","7,136,201.33","7,110,000.00","7,110,000.00","100.23","Canada","-","CAD","4.91","1.00","Jul 16, 2031","3.71","CAD","Jan 16, 2026"
"C","CITIGROUP INC","Financial","Fixed Income","7,130,359.45","0.25","7,130,359.45","6,930,000.00","6,930,000.00","102.17","United States","-","CAD","3.91","1.00","Jun 3, 2035","4.55","CAD","Jun 3, 2025"
"RY","ROYAL BANK OF CANADA","Financial","Fixed Income","6,923,788.67","0.24","6,923,788.67","6,635,000.00","6,635,000.00","102.25","Canada","-","CAD","3.61","1.00","Feb 4, 2035","4.28","CAD","Jan 29, 2025"
"BMO","BANK OF MONTREAL","Financial","Fixed Income","6,839,813.42","0.24","6,839,813.42","6,740,000.00","6,740,000.00","100.89","Canada","-","CAD","3.93","1.00","Jun 3, 2031","3.73","CAD","Jun 3, 2025"
"TD","TORONTO-DOMINION BANK/THE","Financial","Fixed Income","6,777,633.79","0.23","6,777,633.79","6,571,000.00","6,571,000.00","102.14","Canada","-","CAD","3.40","1.00","Oct 31, 2030","4.00","CAD","Oct 31, 2024"
"RY","ROYAL BANK OF CANADA RegS","Financial","Fixed Income","6,770,751.01","0.23","6,770,751.01","6,553,000.00","6,553,000.00","102.17","Canada","-","CAD","3.37","1.00","Oct 17, 2030","4.00","CAD","Oct 17, 2024"
"TRPCN","TRANSCANADA TRUST","Energy","Fixed Income","6,740,843.00","0.23","6,740,843.00","6,599,000.00","6,599,000.00","101.22","Canada","-","CAD","1.21","1.00","May 18, 2077","4.65","CAD","May 18, 2017"
"RCICN","ROGERS COMMUNICATIONS INC","Communication","Fixed Income","6,730,507.14","0.23","6,730,507.14","6,602,000.00","6,602,000.00","100.73","Canada","-","CAD","0.99","1.00","Mar 31, 2027","3.65","CAD","Mar 31, 2020"
"CVECN","CENOVUS ENERGY INC","Energy","Fixed Income","6,616,852.50","0.23","6,616,852.50","6,472,000.00","6,472,000.00","100.55","Canada","-","CAD","1.84","1.00","Feb 7, 2028","3.50","CAD","Aug 7, 2020"
"HLTHQC","HEALTH MONTREAL COLLECTIVE LP 144A","Infrastructure","Fixed Income","6,479,336.75","0.22","6,479,336.75","5,383,864.00","5,383,864.00","118.10","Canada","-","CAD","9.31","1.00","Sep 30, 2049","6.72","CAD","Jun 10, 2011"
"NEE","NEXTERA ENERGY CAPITAL HOLDINGS IN","Energy","Fixed Income","6,478,371.58","0.22","6,478,371.58","6,282,000.00","6,282,000.00","102.50","United States","-","CAD","7.47","1.00","Jun 12, 2035","4.67","CAD","Jun 12, 2025"
"TRPCN","TRANSCANADA PIPELINES LTD MTN RegS","Energy","Fixed Income","6,463,704.58","0.22","6,463,704.58","6,037,000.00","6,037,000.00","106.85","Canada","-","CAD","3.85","1.00","Jul 15, 2030","5.28","CAD","Mar 10, 2023"
"CCDJ","FEDERATION DES CAISSES DESJARDINS","Financial","Fixed Income","6,432,724.11","0.22","6,432,724.11","6,245,000.00","6,245,000.00","101.67","Canada","-","CAD","3.35","1.00","Sep 24, 2029","3.80","CAD","Sep 24, 2024"
"BCECN","BELL CANADA MTN","Communication","Fixed Income","6,381,943.16","0.22","6,381,943.16","5,705,000.00","5,705,000.00","110.57","Canada","-","CAD","5.45","1.00","Nov 10, 2032","5.85","CAD","Nov 10, 2022"
"CM","CANADIAN IMPERIAL BANK OF COMMERCE","Financial","Fixed Income","6,336,468.32","0.22","6,336,468.32","6,214,000.00","6,214,000.00","101.53","Canada","-","CAD","3.94","1.00","Jun 20, 2031","3.90","CAD","Jun 20, 2025"
"CCDJ","FEDERATION DES CAISSES DESJARDINS RegS","Financial","Fixed Income","6,205,628.40","0.21","6,205,628.40","6,077,000.00","6,077,000.00","102.05","Canada","-","CAD","3.65","1.00","Jan 24, 2035","4.26","CAD","Jan 24, 2025"
"CM","CANADIAN IMPERIAL BANK OF COMMERCE","Financial","Fixed Income","6,109,014.56","0.21","6,109,014.56","5,793,000.00","5,793,000.00","105.25","Canada","-","CAD","2.74","1.00","Jan 16, 2034","5.30","CAD","Jan 16, 2024"
"RY","ROYAL BANK OF CANADA MTN RegS","Financial","Fixed Income","6,062,187.22","0.21","6,062,187.22","5,690,000.00","5,690,000.00","104.23","Canada","-","CAD","3.17","1.00","Aug 8, 2034","4.83","CAD","Jul 29, 2024"
"BNS","BANK OF NOVA SCOTIA","Financial","Fixed Income","6,030,574.44","0.21","6,030,574.44","5,828,000.00","5,828,000.00","102.55","Canada","-","CAD","7.05","1.00","Nov 15, 2035","4.44","CAD","Oct 18, 2024"
"MFCCN","MANULIFE FINANCIAL CORP RegS","Financial","Fixed Income","6,023,548.86","0.21","6,023,548.86","5,645,000.00","5,645,000.00","104.60","Canada","-","CAD","1.95","1.00","Mar 10, 2033","5.41","CAD","Mar 10, 2023"
"RY","ROYAL BANK OF CANADA","Financial","Fixed Income","6,020,047.06","0.21","6,020,047.06","5,572,000.00","5,572,000.00","107.51","Canada","-","CAD","3.93","1.00","Jun 24, 2030","5.23","CAD","Jun 23, 2023"
"CM","CANADIAN IMPERIAL BANK OF COMMERCE","Financial","Fixed Income","6,018,806.93","0.21","6,018,806.93","5,850,000.00","5,850,000.00","101.52","Canada","-","CAD","3.77","1.00","Apr 2, 2035","4.15","CAD","Apr 2, 2025"
"CCDJ","FEDERATION DES CAISSES DESJARDINS","Financial","Fixed Income","5,991,382.03","0.21","5,991,382.03","5,595,000.00","5,595,000.00","105.98","Canada","-","CAD","2.50","1.00","Nov 17, 2028","5.47","CAD","Nov 17, 2023"
"ENBCN","ENBRIDGE INC MTN","Energy","Fixed Income","5,835,280.91","0.20","5,835,280.91","5,787,000.00","5,787,000.00","100.37","Canada","-","CAD","1.20","1.00","Jun 8, 2027","3.20","CAD","Jun 8, 2017"
"WEMALL","ORIGINAL WEMPI INC","Real Estate","Fixed Income","5,834,760.06","0.20","5,834,760.06","5,365,000.00","5,365,000.00","106.24","Canada","-","CAD","1.33","1.00","Oct 4, 2027","7.79","CAD","Oct 4, 2023"
"CM","CANADIAN IMPERIAL BANK OF COMMERCE","Financial","Fixed Income","5,789,172.41","0.20","5,789,172.41","5,695,000.00","5,695,000.00","101.14","Canada","-","CAD","1.77","1.00","Dec 10, 2028","3.65","CAD","Dec 10, 2024"
"RY","ROYAL BANK OF CANADA MTN RegS","Financial","Fixed Income","5,774,413.75","0.20","5,774,413.75","5,657,000.00","5,657,000.00","101.74","Canada","-","CAD","3.99","1.00","Jul 3, 2035","4.57","CAD","Jul 3, 2025"
"TD","TORONTO-DOMINION BANK/THE RegS","Financial","Fixed Income","5,698,021.23","0.20","5,698,021.23","5,791,000.00","5,791,000.00","97.66","Canada","-","CAD","2.51","1.00","Sep 11, 2028","1.90","CAD","Sep 10, 2021"
"CP","CANADIAN PACIFIC RAILWAY COMPANY","Industrial","Fixed Income","5,694,532.70","0.20","5,694,532.70","5,678,000.00","5,678,000.00","99.21","Canada","-","CAD","1.99","1.00","Feb 28, 2028","2.54","CAD","Nov 24, 2021"
"ATH","ATHENE GLOBAL FUNDING MTN RegS","Financial","Fixed Income","5,686,464.50","0.20","5,686,464.50","5,590,000.00","5,590,000.00","100.96","United States","-","CAD","3.91","1.00","May 23, 2030","4.09","CAD","May 23, 2025"
"BMO","BANK OF MONTREAL MTN RegS","Financial","Fixed Income","5,668,140.23","0.20","5,668,140.23","5,503,000.00","5,503,000.00","101.36","Canada","-","CAD","3.70","1.00","Mar 5, 2035","4.08","CAD","Mar 5, 2025"
"HYDONE","HYDRO ONE INC MTN","Infrastructure","Fixed Income","5,651,498.32","0.19","5,651,498.32","5,524,000.00","5,524,000.00","102.01","Canada","-","CAD","7.33","1.00","Jan 4, 2035","4.25","CAD","Aug 20, 2024"
"TRPCN","TRANSCANADA PIPELINES LTD MTN","Energy","Fixed Income","5,599,058.11","0.19","5,599,058.11","5,415,000.00","5,415,000.00","101.01","Canada","-","CAD","4.14","1.00","Feb 15, 2056","5.20","CAD","Aug 14, 2025"
"CM","CANADIAN IMPERIAL BANK OF COMMERCE","Financial","Fixed Income","5,592,948.79","0.19","5,592,948.79","5,335,000.00","5,335,000.00","104.59","Canada","-","CAD","1.78","1.00","Jan 14, 2028","5.50","CAD","Jul 14, 2023"
"BNS","BANK OF NOVA SCOTIA","Financial","Fixed Income","5,551,853.27","0.19","5,551,853.27","5,395,000.00","5,395,000.00","101.58","Canada","-","CAD","3.33","1.00","Sep 26, 2030","3.84","CAD","Sep 26, 2024"
"HYDONE","HYDRO ONE INC MTN","Infrastructure","Fixed Income","5,549,201.65","0.19","5,549,201.65","5,490,000.00","5,490,000.00","100.33","Canada","-","CAD","6.61","1.00","Nov 21, 2033","3.90","CAD","Nov 21, 2025"
"MFCCN","MANULIFE FINANCIAL CORP","Financial","Fixed Income","5,490,771.52","0.19","5,490,771.52","5,127,000.00","5,127,000.00","104.88","Canada","-","CAD","2.77","1.00","Feb 23, 2034","5.05","CAD","Feb 23, 2024"
"BMO","BANK OF MONTREAL RegS","Financial","Fixed Income","5,424,555.14","0.19","5,424,555.14","4,972,000.00","4,972,000.00","106.71","Canada","-","CAD","2.37","1.00","Sep 7, 2033","6.03","CAD","Sep 7, 2023"
"CM","CANADIAN IMPERIAL BANK OF COMMERCE","Financial","Fixed Income","5,391,413.59","0.19","5,391,413.59","5,246,000.00","5,246,000.00","101.45","Canada","-","CAD","1.11","1.00","Apr 7, 2032","4.20","CAD","Apr 7, 2022"
"TD","TORONTO-DOMINION BANK/THE RegS","Financial","Fixed Income","5,358,461.81","0.18","5,358,461.81","5,415,000.00","5,415,000.00","98.21","Canada","-","CAD","2.03","1.00","Mar 8, 2028","1.89","CAD","Mar 8, 2021"
"NACN","NATIONAL BANK OF CANADA","Financial","Fixed Income","5,218,596.95","0.18","5,218,596.95","5,165,000.00","5,165,000.00","100.91","Canada","-","CAD","2.33","1.00","Jul 17, 2029","3.52","CAD","Jul 17, 2025"
"BCECN","BELL CANADA MTN RegS","Communication","Fixed Income","5,185,821.97","0.18","5,185,821.97","4,790,000.00","4,790,000.00","106.02","Canada","-","CAD","6.73","1.00","Aug 24, 2034","5.15","CAD","May 24, 2024"
"RCICN","ROGERS COMMUNICATIONS INC RegS","Communication","Fixed Income","5,168,012.15","0.18","5,168,012.15","4,575,000.00","4,575,000.00","110.84","Canada","-","CAD","6.00","1.00","Sep 21, 2033","5.90","CAD","Sep 21, 2023"
"BNCN","BROOKFIELD FINANCE II INC RegS","Industrial","Fixed Income","5,152,864.10","0.18","5,152,864.10","4,746,000.00","4,746,000.00","107.87","Canada","-","CAD","5.61","1.00","Dec 14, 2032","5.43","CAD","Dec 14, 2022"
"TD","TORONTO-DOMINION BANK/THE MTN","Financial","Fixed Income","5,134,333.03","0.18","5,134,333.03","4,930,000.00","4,930,000.00","102.03","Canada","-","CAD","3.60","1.00","Feb 1, 2035","4.23","CAD","Jan 31, 2025"
"COAGAS","COASTAL GASLINK PIPELINE LP","Energy","Fixed Income","5,132,277.61","0.18","5,132,277.61","4,565,000.00","4,565,000.00","111.93","Canada","-","CAD","12.57","1.00","Jun 30, 2049","5.86","CAD","Jun 13, 2024"
"COAGAS","COASTAL GASLINK PIPELINE LP","Energy","Fixed Income","5,110,238.01","0.18","5,110,238.01","4,490,000.00","4,490,000.00","111.86","Canada","-","CAD","12.33","1.00","Mar 30, 2049","5.86","CAD","Jun 13, 2024"
"BCECN","BELL CANADA MTN RegS","Communication","Fixed Income","5,094,171.82","0.18","5,094,171.82","4,801,000.00","4,801,000.00","103.94","Canada","-","CAD","3.51","1.00","Feb 9, 2030","4.55","CAD","Feb 9, 2023"
"TRPCN","TRANSCANADA PIPELINES LTD MTN","Energy","Fixed Income","5,030,116.53","0.17","5,030,116.53","4,835,000.00","4,835,000.00","101.99","Canada","-","CAD","7.20","1.00","Feb 20, 2035","4.58","CAD","Feb 20, 2025"
"TCN","TELUS CORPORATION","Communication","Fixed Income","4,980,478.10","0.17","4,980,478.10","4,607,000.00","4,607,000.00","107.01","Canada","-","CAD","5.57","1.00","Nov 15, 2032","5.25","CAD","Sep 13, 2022"
"PACLIF","PACIFIC LIFE GLOBAL FUNDING II RegS","Financial","Fixed Income","4,939,326.20","0.17","4,939,326.20","4,835,000.00","4,835,000.00","102.15","United States","-","CAD","5.67","1.00","Jul 29, 2032","4.20","CAD","Jul 29, 2025"
"TD","TORONTO-DOMINION BANK/THE RegS","Financial","Fixed Income","4,937,368.26","0.17","4,937,368.26","4,705,000.00","4,705,000.00","103.55","Canada","-","CAD","2.92","1.00","Apr 2, 2029","4.23","CAD","Mar 20, 2024"
"RCICN","ROGERS COMMUNICATIONS INC","Communication","Fixed Income","4,919,525.09","0.17","4,919,525.09","4,767,000.00","4,767,000.00","101.95","Canada","-","CAD","5.32","1.00","Apr 15, 2032","4.25","CAD","Mar 11, 2022"
"ENBCN","ENBRIDGE INC RegS","Energy","Fixed Income","4,916,948.62","0.17","4,916,948.62","4,850,000.00","4,850,000.00","100.76","Canada","-","CAD","4.09","1.00","Dec 17, 2055","5.15","CAD","Sep 17, 2025"
"BCECN","BELL CANADA INC MTN","Communication","Fixed Income","4,916,574.95","0.17","4,916,574.95","5,013,000.00","5,013,000.00","96.97","Canada","-","CAD","4.65","1.00","Mar 17, 2031","3.00","CAD","Mar 17, 2021"
"BNS","BANK OF NOVA SCOTIA RegS","Financial","Fixed Income","4,885,052.11","0.17","4,885,052.11","4,502,000.00","4,502,000.00","105.69","Canada","-","CAD","2.28","1.00","Aug 2, 2033","5.68","CAD","Jun 12, 2023"
"MFCCN","MANULIFE FINANCIAL CORP","Financial","Fixed Income","4,853,724.80","0.17","4,853,724.80","4,960,000.00","4,960,000.00","97.26","Canada","-","CAD","3.92","1.00","May 13, 2035","2.82","CAD","May 12, 2020"
"CCDJ","FEDERATION DES CAISSES DESJARDINS","Financial","Fixed Income","4,836,507.14","0.17","4,836,507.14","4,593,000.00","4,593,000.00","103.09","Canada","-","CAD","1.47","1.00","Aug 23, 2032","5.04","CAD","Aug 23, 2022"
"CCDJ","FEDERATION DES CAISSES DESJARDINS","Financial","Fixed Income","4,833,847.37","0.17","4,833,847.37","4,698,000.00","4,698,000.00","102.02","Canada","-","CAD","1.25","1.00","May 19, 2027","4.41","CAD","May 19, 2022"
"SLFCN","SUN LIFE FINANCIAL INC RegS","Financial","Fixed Income","4,816,763.88","0.17","4,816,763.88","4,715,000.00","4,715,000.00","100.56","Canada","-","CAD","5.24","1.00","Sep 13, 2037","4.14","CAD","Sep 11, 2025"
"BNS","BANK OF NOVA SCOTIA","Financial","Fixed Income","4,790,249.93","0.17","4,790,249.93","4,475,000.00","4,475,000.00","104.58","Canada","-","CAD","3.14","1.00","Aug 1, 2034","4.95","CAD","Jun 18, 2024"
"SLFCN","SUN LIFE FINANCIAL INC","Financial","Fixed Income","4,769,447.97","0.16","4,769,447.97","4,797,000.00","4,797,000.00","98.89","Canada","-","CAD","2.66","1.00","Nov 21, 2033","2.80","CAD","Nov 18, 2021"
"RCICN","ROGERS COMMUNICATIONS INC RegS","Communication","Fixed Income","4,766,773.30","0.16","4,766,773.30","4,410,000.00","4,410,000.00","106.04","Canada","-","CAD","2.34","1.00","Sep 21, 2028","5.70","CAD","Sep 21, 2023"
"CCDJ","FEDERATION DES CAISSES DESJARDINS RegS","Financial","Fixed Income","4,744,324.72","0.16","4,744,324.72","4,455,000.00","4,455,000.00","105.40","Canada","-","CAD","3.00","1.00","May 15, 2034","5.28","CAD","May 15, 2024"
"RY","ROYAL BANK OF CANADA","Financial","Fixed Income","4,744,427.03","0.16","4,744,427.03","4,555,000.00","4,555,000.00","102.87","Canada","-","CAD","6.98","1.00","Oct 17, 2035","4.46","CAD","Oct 17, 2024"
"SLFCN","SUN LIFE FINANCIAL INC MTN RegS","Financial","Fixed Income","4,723,319.21","0.16","4,723,319.21","4,665,000.00","4,665,000.00","100.53","Canada","-","CAD","7.83","1.00","Dec 3, 2040","4.56","CAD","Dec 3, 2025"
"NACN","NATIONAL BANK OF CANADA","Financial","Fixed Income","4,699,882.59","0.16","4,699,882.59","4,675,000.00","4,675,000.00","100.37","Canada","-","CAD","3.64","1.00","Jan 13, 2031","3.54","CAD","Jan 13, 2026"
"CM","CANADIAN IMPERIAL BANK OF COMMERCE","Financial","Fixed Income","4,671,888.65","0.16","4,671,888.65","4,452,000.00","4,452,000.00","104.28","Canada","-","CAD","3.09","1.00","Jun 12, 2034","4.90","CAD","Jun 12, 2024"
"BMO","BANK OF MONTREAL","Financial","Fixed Income","4,667,084.33","0.16","4,667,084.33","4,447,000.00","4,447,000.00","104.58","Canada","-","CAD","3.14","1.00","Jul 3, 2034","4.98","CAD","Jul 3, 2024"
"SLFCN","SUN LIFE FINANCIAL INC MTN","Financial","Fixed Income","4,657,631.56","0.16","4,657,631.56","4,649,000.00","4,649,000.00","99.61","Canada","-","CAD","1.23","1.00","May 10, 2032","2.58","CAD","May 8, 2020"
"NWRWPT","NORTH WEST REDWATER PARTNERSHIP","Energy","Fixed Income","4,654,233.85","0.16","4,654,233.85","4,811,000.00","4,811,000.00","96.28","Canada","-","CAD","4.89","1.00","Jun 1, 2031","2.80","CAD","Jun 30, 2021"
"ENBCN","ENBRIDGE INC MTN","Energy","Fixed Income","4,634,354.01","0.16","4,634,354.01","4,425,000.00","4,425,000.00","102.38","Canada","-","CAD","14.20","1.00","Aug 22, 2054","5.32","CAD","Aug 22, 2024"
"TD","TORONTO-DOMINION BANK/THE","Financial","Fixed Income","4,623,565.99","0.16","4,623,565.99","4,463,000.00","4,463,000.00","102.48","Canada","-","CAD","7.02","1.00","Oct 31, 2035","4.42","CAD","Oct 31, 2024"
"BCECN","BELL CANADA INC","Communication","Fixed Income","4,610,289.82","0.16","4,610,289.82","4,742,000.00","4,742,000.00","96.70","Canada","-","CAD","4.00","1.00","May 14, 2030","2.50","CAD","May 14, 2020"
"HYDONE","HYDRO ONE INC MTN","Infrastructure","Fixed Income","4,563,718.82","0.16","4,563,718.82","4,477,000.00","4,477,000.00","101.13","Canada","-","CAD","15.12","1.00","Nov 30, 2054","4.85","CAD","Nov 30, 2023"
"RCICN","ROGERS COMMUNICATIONS INC","Communication","Fixed Income","4,541,926.14","0.16","4,541,926.14","4,436,000.00","4,436,000.00","101.29","Canada","-","CAD","2.93","1.00","Apr 15, 2029","3.75","CAD","Mar 11, 2022"
"ENBCN","ENBRIDGE INC MTN","Energy","Fixed Income","4,497,194.52","0.15","4,497,194.52","3,970,000.00","3,970,000.00","111.91","Canada","-","CAD","5.41","1.00","Nov 9, 2032","6.10","CAD","Nov 9, 2022"
"CUCN","CU INC","Energy","Fixed Income","4,494,044.17","0.15","4,494,044.17","4,745,000.00","4,745,000.00","93.03","Canada","-","CAD","12.34","1.00","Sep 2, 2044","4.09","CAD","Sep 5, 2014"
"NACN","NATIONAL BANK OF CANADA MTN","Financial","Fixed Income","4,493,863.89","0.15","4,493,863.89","4,320,000.00","4,320,000.00","102.06","Canada","-","CAD","3.64","1.00","Feb 15, 2035","4.26","CAD","Jan 13, 2025"
"BCECN","BELL TELEPHONE COMPANY OF CANADA O MTN","Communication","Fixed Income","4,482,098.03","0.15","4,482,098.03","4,348,000.00","4,348,000.00","101.40","Canada","-","CAD","2.24","1.00","Aug 21, 2028","3.80","CAD","Aug 21, 2018"
"NACN","NATIONAL BANK OF CANADA","Financial","Fixed Income","4,456,695.16","0.15","4,456,695.16","4,440,000.00","4,440,000.00","99.42","Canada","-","CAD","4.25","1.00","Oct 21, 2031","3.44","CAD","Oct 21, 2025"
"TRPCN","TRANSCANADA PIPELINES LTD MTN","Energy","Fixed Income","4,439,820.85","0.15","4,439,820.85","4,399,000.00","4,399,000.00","99.92","Canada","-","CAD","14.78","1.00","Nov 19, 2055","5.13","CAD","Nov 19, 2025"
"COAGAS","COASTAL GASLINK PIPELINE LP","Energy","Fixed Income","4,415,771.93","0.15","4,415,771.93","4,037,000.00","4,037,000.00","108.91","Canada","-","CAD","11.61","1.00","Jun 30, 2044","5.61","CAD","Jun 13, 2024"
"RY","ROYAL BANK OF CANADA","Financial","Fixed Income","4,413,903.09","0.15","4,413,903.09","4,472,000.00","4,472,000.00","97.79","Canada","-","CAD","2.40","1.00","Jul 31, 2028","1.83","CAD","Jul 29, 2021"
"PLEPCL","PLENARY PCL HEALTH HIEP LP","Infrastructure","Fixed Income","4,367,977.38","0.15","4,367,977.38","4,388,216.00","4,388,216.00","99.14","Canada","-","CAD","12.90","1.00","Jun 30, 2060","4.91","CAD","Feb 14, 2025"
"RCICN","ROGERS COMMUNICATIONS INC","Communication","Fixed Income","4,347,869.28","0.15","4,347,869.28","4,234,000.00","4,234,000.00","101.15","Canada","-","CAD","13.80","1.00","Apr 15, 2052","5.25","CAD","Mar 11, 2022"
"RCICN","ROGERS COMMUNICATIONS INC.","Communication","Fixed Income","4,340,708.18","0.15","4,340,708.18","3,805,000.00","3,805,000.00","111.43","Canada","-","CAD","9.52","1.00","Aug 25, 2040","6.11","CAD","Aug 25, 2010"
"RY","ROYAL BANK OF CANADA RegS","Financial","Fixed Income","4,339,268.13","0.15","4,339,268.13","4,307,000.00","4,307,000.00","100.04","Canada","-","CAD","1.20","1.00","May 3, 2032","2.94","CAD","Jan 25, 2022"
"ENBCN","ENBRIDGE INC MTN","Energy","Fixed Income","4,320,727.71","0.15","4,320,727.71","4,190,000.00","4,190,000.00","101.43","Canada","-","CAD","3.68","1.00","Feb 25, 2030","3.90","CAD","Feb 25, 2025"
"FTSCN","FORTIS INC RegS","Infrastructure","Fixed Income","4,285,229.88","0.15","4,285,229.88","4,215,000.00","4,215,000.00","100.87","Canada","-","CAD","4.06","1.00","Dec 4, 2055","5.10","CAD","Sep 4, 2025"
"MFCCN","MANULIFE FINANCIAL CORP","Financial","Fixed Income","4,283,042.96","0.15","4,283,042.96","4,180,000.00","4,180,000.00","101.85","Canada","-","CAD","3.50","1.00","Dec 6, 2034","4.06","CAD","Dec 6, 2024"
"NYLIFE","NEW YORK LIFE GLOBAL FUNDING RegS","Financial","Fixed Income","4,250,888.84","0.15","4,250,888.84","4,185,000.00","4,185,000.00","101.09","United States","-","CAD","5.58","1.00","Jun 17, 2032","4.00","CAD","Jun 17, 2025"
"HYDONE","HYDRO ONE INC MTN","Infrastructure","Fixed Income","4,220,023.71","0.15","4,220,023.71","4,062,000.00","4,062,000.00","103.85","Canada","-","CAD","1.82","1.00","Jan 27, 2028","4.91","CAD","Oct 27, 2022"
"ENBCN","ENBRIDGE INC MTN","Energy","Fixed Income","4,215,034.91","0.15","4,215,034.91","4,431,000.00","4,431,000.00","94.01","Canada","-","CAD","6.63","1.00","Sep 21, 2033","3.10","CAD","Sep 21, 2021"
"TCN","TELUS CORPORATION","Communication","Fixed Income","4,139,138.45","0.14","4,139,138.45","4,093,000.00","4,093,000.00","100.32","Canada","-","CAD","3.00","1.00","May 2, 2029","3.30","CAD","Apr 3, 2019"
"CM","CANADIAN IMPERIAL BANK OF COMMERCE","Financial","Fixed Income","4,087,130.67","0.14","4,087,130.67","3,920,000.00","3,920,000.00","104.12","Canada","-","CAD","1.87","1.00","Jan 20, 2033","5.33","CAD","Jan 20, 2023"
"MCD","MCDONALDS CORPORATION","Industrial","Fixed Income","4,085,659.05","0.14","4,085,659.05","3,952,000.00","3,952,000.00","101.56","United States","-","CAD","5.60","1.00","Aug 21, 2032","4.11","CAD","Aug 21, 2025"
"TCN","TELUS CORPORATION","Communication","Fixed Income","4,080,330.92","0.14","4,080,330.92","3,896,000.00","3,896,000.00","104.13","Canada","-","CAD","2.60","1.00","Dec 15, 2028","4.80","CAD","Feb 15, 2024"
"F","FORD CREDIT CANADA CO RegS","Financial","Fixed Income","4,047,680.57","0.14","4,047,680.57","3,900,000.00","3,900,000.00","101.93","United States","-","CAD","2.41","1.00","Sep 11, 2028","4.82","CAD","Sep 11, 2025"
"ENBCN","ENBRIDGE INC MTN","Energy","Fixed Income","4,042,181.59","0.14","4,042,181.59","3,826,000.00","3,826,000.00","104.37","Canada","-","CAD","1.60","1.00","Nov 9, 2027","5.70","CAD","Nov 9, 2022"
"BCECN","BELL TELEPHONE COMPANY OF CANADA O MTN","Communication","Fixed Income","4,029,911.80","0.14","4,029,911.80","3,946,000.00","3,946,000.00","100.91","Canada","-","CAD","1.40","1.00","Sep 29, 2027","3.60","CAD","Sep 29, 2017"
"TRPCN","TRANSCANADA PIPELINES LTD MTN","Energy","Fixed Income","4,029,438.95","0.14","4,029,438.95","4,184,000.00","4,184,000.00","95.36","Canada","-","CAD","10.91","1.00","Nov 15, 2041","4.55","CAD","Nov 15, 2011"
"FFHCN","FAIRFAX FINANCIAL HOLDINGS LTD","Financial","Fixed Income","4,017,878.63","0.14","4,017,878.63","3,915,000.00","3,915,000.00","101.02","Canada","-","CAD","4.46","1.00","Mar 3, 2031","3.95","CAD","Mar 1, 2021"
"PPLCN","PEMBINA PIPELINE CORP MTN RegS","Energy","Fixed Income","4,014,347.55","0.14","4,014,347.55","3,748,000.00","3,748,000.00","106.83","Canada","-","CAD","14.11","1.00","Jan 12, 2054","5.67","CAD","Jan 12, 2024"
"TCN","TELUS CORPORATION","Communication","Fixed Income","4,004,530.01","0.14","4,004,530.01","4,048,000.00","4,048,000.00","97.37","Canada","-","CAD","11.60","1.00","Apr 5, 2044","4.85","CAD","Apr 4, 2014"
"ATDBCN","ALIMENTATION COUCHE-TARD INC","Industrial","Fixed Income","4,004,048.14","0.14","4,004,048.14","3,630,000.00","3,630,000.00","108.36","Canada","-","CAD","3.93","1.00","Sep 25, 2030","5.59","CAD","Sep 25, 2023"
"NACN","NATIONAL BANK OF CANADA","Financial","Fixed Income","3,996,012.54","0.14","3,996,012.54","3,910,000.00","3,910,000.00","100.53","Canada","-","CAD","1.47","1.00","Aug 15, 2028","3.31","CAD","Jun 4, 2025"
"SLFCN","SUN LIFE FINANCIAL INC","Financial","Fixed Income","3,989,265.84","0.14","3,989,265.84","3,719,000.00","3,719,000.00","106.20","Canada","-","CAD","4.57","1.00","May 15, 2036","5.12","CAD","May 15, 2024"
"ENBCN","ENBRIDGE INC MTN","Energy","Fixed Income","3,949,276.37","0.14","3,949,276.37","3,753,000.00","3,753,000.00","103.14","Canada","-","CAD","6.83","1.00","Aug 22, 2034","4.73","CAD","Aug 22, 2024"
"IPLCN","INTER PIPELINE LTD","Energy","Fixed Income","3,932,426.88","0.14","3,932,426.88","3,660,000.00","3,660,000.00","104.82","Canada","-","CAD","1.82","1.00","Feb 17, 2028","5.76","CAD","Nov 17, 2022"
"OMERS","OMERS REALTY CORP","Real Estate","Fixed Income","3,902,766.80","0.13","3,902,766.80","3,837,000.00","3,837,000.00","100.67","Canada","-","CAD","1.45","1.00","Oct 4, 2027","3.24","CAD","Oct 2, 2017"
"MET","METROPOLITAN LIFE GLOBAL FUNDING I RegS","Financial","Fixed Income","3,883,990.84","0.13","3,883,990.84","3,855,000.00","3,855,000.00","100.55","United States","-","CAD","6.02","1.00","Jan 12, 2033","4.00","CAD","Jan 12, 2026"
"TRPCN","TRANSCANADA PIPELINES LTD MTN","Energy","Fixed Income","3,882,050.70","0.13","3,882,050.70","4,241,000.00","4,241,000.00","89.92","Canada","-","CAD","13.10","1.00","Sep 16, 2047","4.33","CAD","Sep 15, 2017"
"ENBCN","ENBRIDGE INC MTN","Energy","Fixed Income","3,872,012.55","0.13","3,872,012.55","3,870,000.00","3,870,000.00","99.08","Canada","-","CAD","3.41","1.00","Oct 3, 2029","2.99","CAD","Oct 3, 2019"
"TCN","TELUS CORPORATION","Communication","Fixed Income","3,864,187.13","0.13","3,864,187.13","3,440,000.00","3,440,000.00","110.06","Canada","-","CAD","6.00","1.00","Sep 8, 2033","5.75","CAD","Sep 8, 2023"
"RY","ROYAL BANK OF CANADA","Financial","Fixed Income","3,858,105.86","0.13","3,858,105.86","3,943,000.00","3,943,000.00","97.84","Canada","-","CAD","1.94","1.00","Jan 28, 2033","1.67","CAD","Jan 28, 2021"
"CNRCN","CANADIAN NATIONAL RAILWAY COMPANY","Industrial","Fixed Income","3,852,773.52","0.13","3,852,773.52","3,880,000.00","3,880,000.00","98.26","Canada","-","CAD","14.77","1.00","May 10, 2053","4.70","CAD","May 10, 2023"
"RCICN","ROGERS COMMUNICATIONS INC","Communication","Fixed Income","3,848,401.39","0.13","3,848,401.39","3,703,000.00","3,703,000.00","102.85","Canada","-","CAD","2.37","1.00","Nov 2, 2028","4.40","CAD","Apr 3, 2023"
"BCECN","BELL CANADA MTN RegS","Communication","Fixed Income","3,838,521.40","0.13","3,838,521.40","3,530,000.00","3,530,000.00","106.10","Canada","-","CAD","13.77","1.00","Aug 11, 2053","5.60","CAD","Aug 11, 2023"
"ONTPOW","ONTARIO POWER GENERATION INC MTN","Energy","Fixed Income","3,836,344.20","0.13","3,836,344.20","3,814,000.00","3,814,000.00","99.58","Canada","-","CAD","3.83","1.00","Apr 8, 2030","3.21","CAD","Apr 8, 2020"
"QBRCN","VIDEOTRON LTD RegS","Communication","Fixed Income","3,804,020.15","0.13","3,804,020.15","3,795,000.00","3,795,000.00","99.47","Canada","-","CAD","5.79","1.00","Oct 15, 2032","3.95","CAD","Nov 20, 2025"
"ENBCN","ENBRIDGE INC 60NC10 RegS","Energy","Fixed Income","3,785,205.74","0.13","3,785,205.74","3,130,000.00","3,130,000.00","120.57","Canada","-","CAD","5.83","1.00","Jan 15, 2084","8.75","CAD","Sep 29, 2023"
"IPLCN","INTER PIPELINE LTD","Energy","Fixed Income","3,756,473.38","0.13","3,756,473.38","3,726,000.00","3,726,000.00","100.10","Canada","-","CAD","5.11","1.00","Nov 25, 2031","3.98","CAD","Nov 25, 2021"
"ACAFP","CREDIT AGRICOLE SA RegS","Financial","Fixed Income","3,753,849.01","0.13","3,753,849.01","3,700,000.00","3,700,000.00","100.23","France","-","CAD","4.21","1.00","Oct 15, 2035","4.19","CAD","Oct 15, 2025"
"ENBGAS","ENBRIDGE GAS INC MTN","Energy","Fixed Income","3,711,105.15","0.13","3,711,105.15","3,645,000.00","3,645,000.00","100.22","Canada","-","CAD","7.71","1.00","Sep 12, 2035","4.16","CAD","Sep 12, 2025"
"FTSCN","FORTIS INC RegS","Infrastructure","Fixed Income","3,701,690.87","0.13","3,701,690.87","3,590,000.00","3,590,000.00","101.70","Canada","-","CAD","5.32","1.00","Mar 26, 2032","4.09","CAD","Mar 26, 2025"
"TCN","TELUS CORPORATION RegS","Communication","Fixed Income","3,690,840.79","0.13","3,690,840.79","3,815,000.00","3,815,000.00","96.14","Canada","-","CAD","5.25","1.00","Nov 13, 2031","2.85","CAD","Jun 28, 2021"
"BNS","SCOTIABANK CAPITAL TRUST","Financial","Fixed Income","3,677,493.84","0.13","3,677,493.84","3,452,000.00","3,452,000.00","106.07","Canada","-","CAD","9.99","1.00","Dec 31, 2056","5.65","CAD","Sep 28, 2006"
"TRPCN","TRANSCANADA PIPELINES LTD","Energy","Fixed Income","3,651,678.74","0.13","3,651,678.74","3,358,000.00","3,358,000.00","107.59","Canada","-","CAD","5.18","1.00","May 12, 2032","5.33","CAD","May 12, 2022"
"TRPCN","TRANSCANADA PIPELINES LTD MTN","Energy","Fixed Income","3,642,933.05","0.13","3,642,933.05","4,019,000.00","4,019,000.00","89.37","Canada","-","CAD","13.78","1.00","Oct 15, 2049","4.34","CAD","Apr 10, 2019"
"NACN","NATIONAL BANK OF CANADA MTN","Financial","Fixed Income","3,616,056.73","0.12","3,616,056.73","3,469,000.00","3,469,000.00","102.08","Canada","-","CAD","4.01","1.00","Aug 15, 2035","4.33","CAD","Jun 26, 2025"
"HYNMTR","HYUNDAI CAPITAL CANADA INC RegS","Financial","Fixed Income","3,608,006.66","0.12","3,608,006.66","3,589,000.00","3,589,000.00","100.37","Canada","-","CAD","3.65","1.00","Jan 14, 2030","3.58","CAD","Jan 14, 2026"
"IPLCN","INTER PIPELINE LTD RegS","Energy","Fixed Income","3,606,815.24","0.12","3,606,815.24","3,090,000.00","3,090,000.00","113.58","Canada","-","CAD","6.07","1.00","Feb 9, 2034","6.59","CAD","Nov 9, 2023"
"COAGAS","COASTAL GASLINK PIPELINE LP","Energy","Fixed Income","3,603,197.84","0.12","3,603,197.84","3,245,000.00","3,245,000.00","109.16","Canada","-","CAD","12.40","1.00","Mar 30, 2047","5.61","CAD","Jun 13, 2024"
"MET","METROPOLITAN LIFE GLOBAL FUNDING I MTN RegS","Financial","Fixed Income","3,591,952.87","0.12","3,591,952.87","3,530,000.00","3,530,000.00","101.13","United States","-","CAD","6.27","1.00","Jun 6, 2033","4.15","CAD","Jun 4, 2025"
"ONTPOW","ONTARIO POWER GENERATION INC MTN","Energy","Fixed Income","3,581,794.50","0.12","3,581,794.50","3,382,000.00","3,382,000.00","105.47","Canada","-","CAD","6.82","1.00","Jun 28, 2034","4.83","CAD","Jun 28, 2024"
"QBRCN","VIDEOTRON LTD","Communication","Fixed Income","3,579,187.66","0.12","3,579,187.66","3,480,000.00","3,480,000.00","101.53","Canada","-","CAD","0.76","1.00","Jan 15, 2030","4.50","CAD","Oct 8, 2019"
"CHPUCN","CHOICE PROPERTIES REAL ESTATE INVE","Real Estate","Fixed Income","3,569,068.69","0.12","3,569,068.69","3,528,000.00","3,528,000.00","100.68","Canada","-","CAD","3.08","1.00","Jun 11, 2029","3.53","CAD","Jun 11, 2019"
"KEYCN","KEYERA CORP RegS","Energy","Fixed Income","3,563,544.13","0.12","3,563,544.13","3,520,000.00","3,520,000.00","99.99","Canada","-","CAD","4.24","1.00","Oct 15, 2030","3.70","CAD","Sep 29, 2025"
"PLD","PROLOGIS LP","Real Estate","Fixed Income","3,552,703.64","0.12","3,552,703.64","3,445,000.00","3,445,000.00","101.19","United States","-","CAD","5.92","1.00","Feb 15, 2033","4.20","CAD","Feb 4, 2025"
"PPLCN","PEMBINA PIPELINE CORP MTN RegS","Energy","Fixed Income","3,551,531.46","0.12","3,551,531.46","3,355,000.00","3,355,000.00","105.61","Canada","-","CAD","5.04","1.00","Jan 12, 2032","5.02","CAD","Jan 12, 2024"
"MASSMU","MASSMUTUAL GLOBAL FUNDING II MTN RegS","Financial","Fixed Income","3,547,597.11","0.12","3,547,597.11","3,485,000.00","3,485,000.00","101.63","United States","-","CAD","5.64","1.00","Jul 15, 2032","4.13","CAD","Jul 15, 2025"
"NACN","NATIONAL BANK OF CANADA","Financial","Fixed Income","3,539,849.85","0.12","3,539,849.85","3,337,000.00","3,337,000.00","103.60","Canada","-","CAD","1.45","1.00","Aug 16, 2032","5.43","CAD","Jul 25, 2022"
"THPMCN","TRILLIUM M PROJECT CO GENERAL PART","Infrastructure","Fixed Income","3,536,839.76","0.12","3,536,839.76","3,400,000.00","3,400,000.00","102.70","Canada","-","CAD","14.20","1.00","Oct 31, 2062","5.30","CAD","Jul 10, 2025"
"CNRCN","CANADIAN NATIONAL RAILWAY COMPANY","Industrial","Fixed Income","3,530,063.19","0.12","3,530,063.19","3,342,000.00","3,342,000.00","104.51","Canada","-","CAD","2.92","1.00","May 2, 2029","4.60","CAD","May 2, 2024"
"LCN","LOBLAW COMPANIES LTD","Industrial","Fixed Income","3,513,876.75","0.12","3,513,876.75","3,450,000.00","3,450,000.00","101.31","Canada","-","CAD","7.57","1.00","Jun 16, 2035","4.39","CAD","Dec 16, 2025"
"ENBCN","ENBRIDGE INC","Energy","Fixed Income","3,507,637.60","0.12","3,507,637.60","3,253,000.00","3,253,000.00","105.83","Canada","-","CAD","2.02","1.00","Apr 12, 2078","6.63","CAD","Apr 12, 2018"
"GTAAIR","GREATER TORONTO AIRPORTS AUTHORITY MTN","Infrastructure","Fixed Income","3,497,555.64","0.12","3,497,555.64","3,181,000.00","3,181,000.00","107.66","Canada","-","CAD","10.25","1.00","Feb 25, 2041","5.30","CAD","Feb 23, 2011"
"IPLCN","INTER PIPELINE LTD RegS","Energy","Fixed Income","3,479,021.05","0.12","3,479,021.05","3,205,000.00","3,205,000.00","107.58","Canada","-","CAD","3.70","1.00","May 29, 2030","5.71","CAD","May 29, 2023"
"CHPUCN","CHOICE PROPERTIES REAL ESTATE INVE","Real Estate","Fixed Income","3,476,902.55","0.12","3,476,902.55","3,352,000.00","3,352,000.00","102.08","Canada","-","CAD","1.76","1.00","Mar 8, 2028","4.18","CAD","Mar 8, 2018"
"PPLCN","PEMBINA PIPELINE CORP MTN","Energy","Fixed Income","3,445,033.16","0.12","3,445,033.16","3,596,000.00","3,596,000.00","94.16","Canada","-","CAD","12.95","1.00","Mar 26, 2048","4.75","CAD","Mar 26, 2018"
"CM","CANADIAN IMPERIAL BANK OF COMMERCE","Financial","Fixed Income","3,444,017.54","0.12","3,444,017.54","3,250,000.00","3,250,000.00","104.47","Canada","-","CAD","2.07","1.00","Apr 20, 2033","5.35","CAD","Apr 20, 2023"
"QBRCN","VIDEOTRON LTD RegS","Communication","Fixed Income","3,441,453.70","0.12","3,441,453.70","3,420,000.00","3,420,000.00","100.17","Canada","-","CAD","2.25","1.00","Jun 15, 2028","3.63","CAD","Jun 17, 2021"
"KEYCN","KEYERA CORP RegS","Energy","Fixed Income","3,439,393.16","0.12","3,439,393.16","3,365,000.00","3,365,000.00","100.42","Canada","-","CAD","14.39","1.00","Oct 15, 2055","5.31","CAD","Sep 29, 2025"
"CUCN","CANADIAN UTILITIES LTD RegS","Energy","Fixed Income","3,437,477.10","0.12","3,437,477.10","3,390,000.00","3,390,000.00","100.82","Canada","-","CAD","7.44","1.00","Dec 22, 2055","5.45","CAD","Sep 22, 2025"
"NWRWPT","NORTH WEST REDWATER PARTNERSHIP /","Energy","Fixed Income","3,407,086.22","0.12","3,407,086.22","3,539,000.00","3,539,000.00","95.67","Canada","-","CAD","7.73","1.00","Jun 1, 2035","3.65","CAD","May 19, 2017"
"RCICN","ROGERS COMMUNICATIONS INC RegS","Communication","Fixed Income","3,404,314.41","0.12","3,404,314.41","3,065,000.00","3,065,000.00","108.99","Canada","-","CAD","3.90","1.00","Sep 21, 2030","5.80","CAD","Sep 21, 2023"
"ENBCN","ENBRIDGE INC MTN","Energy","Fixed Income","3,401,256.56","0.12","3,401,256.56","3,536,000.00","3,536,000.00","94.42","Canada","-","CAD","11.71","1.00","Mar 11, 2044","4.57","CAD","Mar 11, 2014"
"ENBGAS","ENBRIDGE GAS INC","Energy","Fixed Income","3,387,760.80","0.12","3,387,760.80","3,395,000.00","3,395,000.00","98.83","Canada","-","CAD","3.85","1.00","Apr 1, 2030","2.90","CAD","Apr 1, 2020"
"PPLCN","PEMBINA PIPELINE CORP RegS","Energy","Fixed Income","3,383,182.43","0.12","3,383,182.43","3,160,000.00","3,160,000.00","106.59","Canada","-","CAD","6.06","1.00","Jun 28, 2033","5.22","CAD","Jun 28, 2024"
"HYDONE","HYDRO ONE INC RegS","Infrastructure","Fixed Income","3,373,627.91","0.12","3,373,627.91","3,540,000.00","3,540,000.00","95.26","Canada","-","CAD","15.06","1.00","Jan 27, 2053","4.46","CAD","Jan 27, 2023"
"VTR","VENTAS CANADA FINANCE LTD","Real Estate","Fixed Income","3,369,043.26","0.12","3,369,043.26","3,153,000.00","3,153,000.00","104.80","United States","-","CAD","2.75","1.00","Mar 5, 2029","5.10","CAD","Mar 5, 2024"
"GTAAIR","GREATER TORONTO AIRPORTS AUTHORITY","Infrastructure","Fixed Income","3,365,690.39","0.12","3,365,690.39","4,049,000.00","4,049,000.00","82.33","Canada","-","CAD","10.88","1.00","Oct 17, 2039","2.75","CAD","Sep 25, 2019"
"NWRWPT","NORTH WEST REDWATER PARTNERSHIP /","Energy","Fixed Income","3,355,601.07","0.12","3,355,601.07","3,339,000.00","3,339,000.00","100.04","Canada","-","CAD","1.25","1.00","Jun 1, 2027","2.80","CAD","May 19, 2017"
"ENBPIP","ENBRIDGE PIPELINES INC MTN","Energy","Fixed Income","3,350,235.84","0.12","3,350,235.84","3,269,000.00","3,269,000.00","100.93","Canada","-","CAD","2.76","1.00","Feb 22, 2029","3.52","CAD","Feb 22, 2019"
"ETRHWY","407 INTERNATIONAL INC. MTN","Infrastructure","Fixed Income","3,341,752.26","0.12","3,341,752.26","2,938,000.00","2,938,000.00","111.08","Canada","-","CAD","7.56","1.00","Feb 14, 2036","5.75","CAD","Feb 14, 2006"
"ETRHWY","407 INTERNATIONAL INC MTN","Infrastructure","Fixed Income","3,339,684.65","0.12","3,339,684.65","3,295,000.00","3,295,000.00","100.10","Canada","-","CAD","3.73","1.00","Mar 6, 2030","3.14","CAD","Mar 6, 2019"
"TRPCN","TRANSCANADA PIPELINES LTD MTN","Energy","Fixed Income","3,319,147.38","0.11","3,319,147.38","3,636,000.00","3,636,000.00","90.63","Canada","-","CAD","12.80","1.00","Jun 6, 2046","4.35","CAD","Jun 6, 2016"
"PPLCN","PEMBINA PIPELINE CORP RegS","Energy","Fixed Income","3,316,143.86","0.11","3,316,143.86","3,248,000.00","3,248,000.00","100.92","Canada","-","CAD","2.87","1.00","Apr 3, 2029","3.62","CAD","Apr 3, 2019"
"BPCGEN","BPC GENERATION INFRASTRUCTURE TRUS RegS","Energy","Fixed Income","3,302,917.54","0.11","3,302,917.54","3,245,000.00","3,245,000.00","100.51","Canada","-","CAD","4.20","1.00","Sep 29, 2030","3.79","CAD","Sep 29, 2025"
"CP","CANADIAN PACIFIC RAILWAY COMPANY","Industrial","Fixed Income","3,298,305.18","0.11","3,298,305.18","3,235,000.00","3,235,000.00","101.75","Canada","-","CAD","7.97","1.00","Jan 13, 2036","4.40","CAD","Jun 13, 2025"
"NWRWPT","NORTH WEST REDWATER PARTNERSHIP","Energy","Fixed Income","3,290,127.57","0.11","3,290,127.57","3,100,000.00","3,100,000.00","105.34","Canada","-","CAD","6.74","1.00","Jun 1, 2034","4.85","CAD","Jun 14, 2024"
"BCECN","BELL CANADA INC","Communication","Fixed Income","3,279,869.09","0.11","3,279,869.09","3,300,000.00","3,300,000.00","98.64","Canada","-","CAD","1.50","1.00","Aug 16, 2027","1.65","CAD","Aug 14, 2020"
"KEYCN","KEYERA CORP RegS","Energy","Fixed Income","3,275,121.74","0.11","3,275,121.74","3,235,000.00","3,235,000.00","99.82","Canada","-","CAD","6.09","1.00","Apr 15, 2033","4.20","CAD","Sep 29, 2025"
"CVECN","CENOVUS ENERGY INC","Energy","Fixed Income","3,274,837.77","0.11","3,274,837.77","3,230,000.00","3,230,000.00","100.56","Canada","-","CAD","6.06","1.00","Mar 20, 2033","4.25","CAD","Nov 20, 2025"
"HYDONE","HYDRO ONE INC MTN","Infrastructure","Fixed Income","3,272,715.49","0.11","3,272,715.49","3,167,000.00","3,167,000.00","102.68","Canada","-","CAD","3.44","1.00","Nov 30, 2029","3.93","CAD","Jan 27, 2023"
"COAGAS","COASTAL GASLINK PIPELINE LP","Energy","Fixed Income","3,272,208.75","0.11","3,272,208.75","2,980,000.00","2,980,000.00","109.34","Canada","-","CAD","9.55","1.00","Jun 30, 2039","5.54","CAD","Jun 13, 2024"
"BRUPOW","BRUCE POWER LP RegS","Energy","Fixed Income","3,264,867.95","0.11","3,264,867.95","3,235,000.00","3,235,000.00","100.28","Canada","-","CAD","7.88","1.00","Dec 21, 2035","4.41","CAD","Dec 8, 2025"
"EPCOR","EPCOR UTILITIES INC MTN RegS","Infrastructure","Fixed Income","3,259,977.54","0.11","3,259,977.54","2,975,000.00","2,975,000.00","107.84","Canada","-","CAD","14.40","1.00","Oct 3, 2053","5.33","CAD","Oct 3, 2023"
"GLENLN","GLENCORE FINANCE CANADA LTD RegS","Industrial","Fixed Income","3,258,953.44","0.11","3,258,953.44","3,230,000.00","3,230,000.00","99.66","Switzerland","-","CAD","5.75","1.00","Oct 10, 2032","4.04","CAD","Oct 10, 2025"
"GM","GENERAL MOTORS FINANCIAL OF CANADA","Financial","Fixed Income","3,258,001.65","0.11","3,258,001.65","3,118,000.00","3,118,000.00","104.27","United States","-","CAD","2.30","1.00","Jul 14, 2028","5.10","CAD","May 2, 2024"
"ALCTRA","ALECTRA INC (CANADA)","Infrastructure","Fixed Income","3,248,887.22","0.11","3,248,887.22","3,239,000.00","3,239,000.00","99.80","Canada","-","CAD","1.25","1.00","May 17, 2027","2.49","CAD","May 17, 2017"
"HTHROW","HEATHROW FUNDING LTD RegS","Infrastructure","Fixed Income","3,244,838.40","0.11","3,244,838.40","3,090,000.00","3,090,000.00","102.63","United Kingdom","-","CAD","8.58","1.00","Aug 6, 2037","4.90","CAD","Aug 6, 2025"
"ENBCN","ENBRIDGE INC MTN","Energy","Fixed Income","3,239,504.40","0.11","3,239,504.40","3,470,000.00","3,470,000.00","91.55","Canada","-","CAD","11.29","1.00","Aug 27, 2042","4.24","CAD","Aug 27, 2012"
"BMO","BANK OF MONTREAL","Financial","Fixed Income","3,227,079.72","0.11","3,227,079.72","3,000,000.00","3,000,000.00","105.87","Canada","-","CAD","1.63","1.00","Oct 27, 2032","6.53","CAD","Oct 27, 2022"
"OXPROP","OXFORD PROPERTIES GROUP TRUST RegS","Real Estate","Fixed Income","3,218,831.89","0.11","3,218,831.89","3,196,000.00","3,196,000.00","99.94","Canada","-","CAD","4.33","1.00","Nov 13, 2030","3.60","CAD","Nov 13, 2025"
"TCN","TELUS CORPORATION","Communication","Fixed Income","3,207,871.79","0.11","3,207,871.79","2,973,000.00","2,973,000.00","105.66","Canada","-","CAD","4.30","1.00","Feb 18, 2031","4.95","CAD","Feb 15, 2024"
"TRPCN","TRANSCANADA PIPELINES LTD MTN RegS","Energy","Fixed Income","3,207,251.74","0.11","3,207,251.74","3,201,000.00","3,201,000.00","99.09","Canada","-","CAD","3.37","1.00","Sep 18, 2029","3.00","CAD","Sep 18, 2019"
"COAGAS","COASTAL GASLINK PIPELINE LP","Energy","Fixed Income","3,205,880.70","0.11","3,205,880.70","2,925,000.00","2,925,000.00","107.87","Canada","-","CAD","6.92","1.00","Sep 30, 2034","5.19","CAD","Jun 13, 2024"
"PLD","PROLOGIS LP","Real Estate","Fixed Income","3,202,253.24","0.11","3,202,253.24","3,220,000.00","3,220,000.00","98.51","United States","-","CAD","5.34","1.00","Feb 15, 2032","3.60","CAD","Oct 27, 2025"
"PACLIF","PACIFIC LIFE GLOBAL FUNDING II MTN RegS","Financial","Fixed Income","3,196,994.87","0.11","3,196,994.87","3,190,000.00","3,190,000.00","100.13","United States","-","CAD","6.07","1.00","Jan 24, 2033","3.92","CAD","Jan 22, 2026"
"BNCN","BROOKFIELD FINANCE II INC MTN RegS","Industrial","Fixed Income","3,184,081.91","0.11","3,184,081.91","3,050,000.00","3,050,000.00","103.66","Canada","-","CAD","14.65","1.00","Dec 11, 2055","5.40","CAD","Dec 11, 2025"
"BCECN","BELL CANADA MTN RegS","Communication","Fixed Income","3,180,623.79","0.11","3,180,623.79","2,955,000.00","2,955,000.00","105.66","Canada","-","CAD","2.77","1.00","Mar 15, 2029","5.25","CAD","Nov 14, 2023"
"BCECN","BELL TELEPHONE COMPANY OF CANADA O MTN RegS","Communication","Fixed Income","3,168,133.14","0.11","3,168,133.14","3,065,000.00","3,065,000.00","101.37","Canada","-","CAD","5.96","1.00","Mar 14, 2033","4.30","CAD","Aug 14, 2025"
"PLENCS","PLENARY PROPERTIES LTAP LP","Infrastructure","Fixed Income","3,162,006.34","0.11","3,162,006.34","2,698,487.00","2,698,487.00","114.05","Canada","-","CAD","7.46","1.00","Jan 31, 2044","6.29","CAD","Jan 31, 2011"
"F","FORD CREDIT CANADA CO","Financial","Fixed Income","3,159,593.74","0.11","3,159,593.74","2,974,000.00","2,974,000.00","103.65","United States","-","CAD","2.67","1.00","Feb 9, 2029","5.44","CAD","Jan 9, 2024"
"DE","JOHN DEERE FINANCIAL INC","Financial","Fixed Income","3,156,209.64","0.11","3,156,209.64","2,945,000.00","2,945,000.00","105.23","United States","-","CAD","2.42","1.00","Sep 15, 2028","5.17","CAD","Sep 15, 2023"
"QBRCN","VIDEOTRON LTD RegS","Communication","Fixed Income","3,140,173.14","0.11","3,140,173.14","3,010,000.00","3,010,000.00","104.13","Canada","-","CAD","3.12","1.00","Jul 15, 2029","4.65","CAD","Jun 21, 2024"
"GM","GENERAL MOTORS FINANCIAL OF CANADA RegS","Financial","Fixed Income","3,134,606.17","0.11","3,134,606.17","3,106,000.00","3,106,000.00","99.94","United States","-","CAD","4.29","1.00","Nov 7, 2030","3.80","CAD","Oct 28, 2025"
"ENBCN","ENBRIDGE INC","Energy","Fixed Income","3,126,862.65","0.11","3,126,862.65","3,103,000.00","3,103,000.00","100.62","Canada","-","CAD","4.89","1.00","Jan 19, 2082","5.00","CAD","Jan 19, 2022"
"NOVERC","NOVERCO INC","Energy","Fixed Income","3,121,007.13","0.11","3,121,007.13","3,037,000.00","3,037,000.00","102.74","Canada","-","CAD","7.31","1.00","Jan 28, 2035","4.57","CAD","Jan 28, 2025"
"F","FORD CREDIT CANADA CO","Financial","Fixed Income","3,117,747.41","0.11","3,117,747.41","3,085,000.00","3,085,000.00","100.83","United States","-","CAD","1.86","1.00","Jan 10, 2028","4.22","CAD","Jan 9, 2025"
"WSPCN","WSP GLOBAL INC","Industrial","Fixed Income","3,112,583.92","0.11","3,112,583.92","2,963,000.00","2,963,000.00","103.22","Canada","-","CAD","6.89","1.00","Sep 12, 2034","4.75","CAD","Sep 12, 2024"
"TCN","TELUS CORPORATION","Communication","Fixed Income","3,106,749.45","0.11","3,106,749.45","3,029,000.00","3,029,000.00","101.07","Canada","-","CAD","1.80","1.00","Mar 1, 2028","3.63","CAD","Mar 1, 2018"
"BRUPOW","BRUCE POWER LP RegS","Energy","Fixed Income","3,092,947.55","0.11","3,092,947.55","3,070,000.00","3,070,000.00","100.28","Canada","-","CAD","7.28","1.00","Dec 21, 2034","4.27","CAD","Dec 12, 2024"
"DOLCN","DOLLARAMA INC RegS","Industrial","Fixed Income","3,090,519.74","0.11","3,090,519.74","3,040,000.00","3,040,000.00","101.19","Canada","-","CAD","4.39","1.00","Dec 16, 2030","3.85","CAD","Jun 16, 2025"
"BIP","BROOKFIELD INFRASTRUCTURE FINANCE","Infrastructure","Fixed Income","3,090,651.57","0.11","3,090,651.57","3,058,000.00","3,058,000.00","100.01","Canada","-","CAD","3.38","1.00","Oct 9, 2029","3.41","CAD","Oct 3, 2019"
"TRPCN","TRANSCANADA PIPELINES LTD MTN","Energy","Fixed Income","3,067,737.60","0.11","3,067,737.60","3,012,000.00","3,012,000.00","100.58","Canada","-","CAD","1.91","1.00","Mar 15, 2028","3.39","CAD","Sep 15, 2017"
"SAPCN","SAPUTO INC MTN","Industrial","Fixed Income","3,066,351.63","0.11","3,066,351.63","3,081,000.00","3,081,000.00","99.25","Canada","-","CAD","1.34","1.00","Jun 16, 2027","2.24","CAD","Jun 16, 2020"
"IPLCN","INTER PIPELINE LTD","Energy","Fixed Income","3,063,917.73","0.11","3,063,917.73","2,782,000.00","2,782,000.00","108.96","Canada","-","CAD","5.12","1.00","May 18, 2032","5.85","CAD","May 18, 2022"
"ENBCN","ENBRIDGE INC MTN","Energy","Fixed Income","3,059,424.10","0.11","3,059,424.10","2,925,000.00","2,925,000.00","103.72","Canada","-","CAD","2.10","1.00","May 26, 2028","4.90","CAD","May 26, 2023"
"BIP","BROOKFIELD INFRASTRUCTURE FINANCE","Infrastructure","Fixed Income","3,055,338.86","0.11","3,055,338.86","2,941,000.00","2,941,000.00","102.27","Canada","-","CAD","2.25","1.00","Sep 11, 2028","4.19","CAD","Sep 10, 2018"
"PPLCN","PEMBINA PIPELINE CORP MTN","Energy","Fixed Income","3,048,297.87","0.11","3,048,297.87","3,293,000.00","3,293,000.00","91.09","Canada","-","CAD","13.40","1.00","Apr 3, 2049","4.54","CAD","Apr 3, 2019"
"TCN","TELUS CORPORATION","Communication","Fixed Income","3,044,535.95","0.10","3,044,535.95","2,815,000.00","2,815,000.00","105.81","Canada","-","CAD","6.41","1.00","Feb 15, 2034","5.10","CAD","Feb 15, 2024"
"EQIX","EQUINIX CANADA FINANCING LTD","Real Estate","Fixed Income","3,033,582.46","0.10","3,033,582.46","3,035,000.00","3,035,000.00","99.22","United States","-","CAD","5.85","1.00","Nov 15, 2032","4.00","CAD","Nov 24, 2025"
"BCECN","BELL TELEPHONE COMPANY OF CANADA O MTN RegS","Communication","Fixed Income","2,998,527.06","0.10","2,998,527.06","2,835,000.00","2,835,000.00","104.68","Canada","-","CAD","2.51","1.00","Nov 14, 2028","5.15","CAD","Aug 11, 2023"
"CUCN","CU INC","Energy","Fixed Income","2,994,026.32","0.10","2,994,026.32","2,911,000.00","2,911,000.00","101.00","Canada","-","CAD","11.55","1.00","Sep 9, 2043","4.72","CAD","Sep 9, 2013"
"DEF","DEFINITY FINANCIAL CORP RegS","Financial","Fixed Income","2,984,609.02","0.10","2,984,609.02","2,931,000.00","2,931,000.00","100.41","Canada","-","CAD","4.16","1.00","Sep 12, 2030","3.71","CAD","Sep 12, 2025"
"GM","GENERAL MOTORS FINANCIAL OF CANADA","Financial","Fixed Income","2,984,346.66","0.10","2,984,346.66","2,794,000.00","2,794,000.00","104.43","United States","-","CAD","2.68","1.00","Feb 9, 2029","5.00","CAD","Feb 9, 2024"
"HYDONE","HYDRO ONE INC MTN","Infrastructure","Fixed Income","2,981,834.30","0.10","2,981,834.30","2,691,000.00","2,691,000.00","109.77","Canada","-","CAD","7.93","1.00","May 20, 2036","5.36","CAD","May 19, 2005"
"BAMREP","BROOKFIELD RENEWABLE PARTNERS ULC","Energy","Fixed Income","2,972,962.16","0.10","2,972,962.16","2,893,000.00","2,893,000.00","102.59","Canada","-","CAD","2.59","1.00","Jan 15, 2029","4.25","CAD","Sep 20, 2018"
"PPLCN","PEMBINA PIPELINE CORP MTN RegS","Energy","Fixed Income","2,969,766.79","0.10","2,969,766.79","2,882,000.00","2,882,000.00","101.67","Canada","-","CAD","1.84","1.00","Mar 27, 2028","4.02","CAD","Mar 26, 2018"
"SNCINN","SNC-LAVALIN INNISFREE MCGILL FINAN 144A","Infrastructure","Fixed Income","2,967,400.50","0.10","2,967,400.50","2,535,012.00","2,535,012.00","116.51","Canada","-","CAD","7.86","1.00","Jun 30, 2044","6.63","CAD","Jul 15, 2010"
"SLFCN","SUN LIFE FINANCIAL INC","Financial","Fixed Income","2,966,130.99","0.10","2,966,130.99","3,121,000.00","3,121,000.00","94.35","Canada","-","CAD","4.33","1.00","Oct 1, 2035","2.06","CAD","Oct 1, 2020"
"HYDONE","HYDRO ONE INC 3.63 6/49 MTN","Infrastructure","Fixed Income","2,964,151.52","0.10","2,964,151.52","3,500,000.00","3,500,000.00","84.33","Canada","-","CAD","14.65","1.00","Jun 25, 2049","3.63","CAD","Jun 26, 2018"
"GTAAIR","GREATER TORONTO AIRPORTS AUTHORITY MTN 144A","Infrastructure","Fixed Income","2,960,852.17","0.10","2,960,852.17","2,468,000.00","2,468,000.00","116.76","Canada","-","CAD","6.23","1.00","Feb 2, 2034","6.47","CAD","Feb 2, 2004"
"CHPUCN","CHOICE PROPERTIES REAL ESTATE INVE","Real Estate","Fixed Income","2,957,944.95","0.10","2,957,944.95","2,657,000.00","2,657,000.00","110.72","Canada","-","CAD","5.19","1.00","Jun 24, 2032","6.00","CAD","Jun 24, 2022"
"SLFCN","SUN LIFE FINANCIAL INC","Financial","Fixed Income","2,958,036.63","0.10","2,958,036.63","2,771,000.00","2,771,000.00","104.48","Canada","-","CAD","1.41","1.00","Aug 10, 2034","4.78","CAD","Aug 10, 2022"
"FFHCN","FAIRFAX FINANCIAL HOLDINGS LTD","Financial","Fixed Income","2,950,329.09","0.10","2,950,329.09","2,877,000.00","2,877,000.00","101.91","Canada","-","CAD","1.54","1.00","Dec 6, 2027","4.25","CAD","Dec 4, 2017"
"BCECN","BELL TELEPHONE COMPANY OF CANADA O MTN RegS","Communication","Fixed Income","2,932,950.28","0.10","2,932,950.28","2,830,000.00","2,830,000.00","101.21","Canada","-","CAD","14.42","1.00","Aug 14, 2055","5.25","CAD","Aug 14, 2025"
"NEE","NEXTERA ENERGY CAPITAL HOLDINGS IN","Energy","Fixed Income","2,924,222.45","0.10","2,924,222.45","2,875,000.00","2,875,000.00","101.20","United States","-","CAD","3.96","1.00","Jun 12, 2030","3.83","CAD","Jun 12, 2025"
"CPXCN","CAPITAL POWER CORP MTN RegS","Energy","Fixed Income","2,922,926.30","0.10","2,922,926.30","2,895,000.00","2,895,000.00","100.07","Canada","-","CAD","5.93","1.00","Jan 14, 2033","4.23","CAD","Nov 14, 2025"
"NWRWPT","NORTH WEST REDWATER PARTNERSHIP","Energy","Fixed Income","2,915,177.72","0.10","2,915,177.72","2,810,000.00","2,810,000.00","102.91","Canada","-","CAD","14.75","1.00","Jun 1, 2054","5.08","CAD","Jun 14, 2024"
"CNQCN","CANADIAN NATURAL RESOURCES LTD MTN RegS","Energy","Fixed Income","2,915,073.30","0.10","2,915,073.30","2,900,000.00","2,900,000.00","100.04","Canada","-","CAD","2.70","1.00","Dec 8, 2028","3.30","CAD","Dec 8, 2025"
"BRUPOW","BRUCE POWER LP","Energy","Fixed Income","2,907,584.34","0.10","2,907,584.34","2,765,000.00","2,765,000.00","104.64","Canada","-","CAD","4.68","1.00","Jun 21, 2031","4.70","CAD","Mar 12, 2024"
"TCN","TELUS CORPORATION","Communication","Fixed Income","2,888,677.96","0.10","2,888,677.96","2,703,000.00","2,703,000.00","105.19","Canada","-","CAD","5.86","1.00","Mar 28, 2033","4.95","CAD","Mar 28, 2023"
"DE","JOHN DEERE FINANCIAL INC MTN","Financial","Fixed Income","2,884,351.44","0.10","2,884,351.44","2,790,000.00","2,790,000.00","103.15","United States","-","CAD","2.31","1.00","Jul 11, 2028","4.38","CAD","Jul 11, 2024"
"MFCCN","MANULIFE BANK OF CANADA","Financial","Fixed Income","2,868,723.44","0.10","2,868,723.44","2,765,000.00","2,765,000.00","101.99","Canada","-","CAD","1.94","1.00","Feb 22, 2028","3.99","CAD","Aug 22, 2024"
"HNDA","HONDA CANADA FINANCE INC","Financial","Fixed Income","2,866,034.39","0.10","2,866,034.39","2,909,000.00","2,909,000.00","97.81","Canada","-","CAD","2.00","1.00","Feb 25, 2028","1.65","CAD","Feb 25, 2021"
"CPXCN","CAPITAL POWER CORP MTN","Energy","Fixed Income","2,863,779.78","0.10","2,863,779.78","2,694,000.00","2,694,000.00","104.50","Canada","-","CAD","4.79","1.00","Sep 16, 2031","4.83","CAD","Sep 16, 2024"
"TCN","TELUS CORPORATION","Communication","Fixed Income","2,863,794.04","0.10","2,863,794.04","2,628,000.00","2,628,000.00","106.82","Canada","-","CAD","13.61","1.00","Sep 13, 2052","5.65","CAD","Sep 13, 2022"
"COAGAS","COASTAL GASLINK PIPELINE LP","Energy","Fixed Income","2,852,295.40","0.10","2,852,295.40","2,670,000.00","2,670,000.00","106.41","Canada","-","CAD","4.75","1.00","Jun 30, 2031","4.91","CAD","Jun 13, 2024"
"ENBCN","ENBRIDGE INC MTN","Energy","Fixed Income","2,849,961.05","0.10","2,849,961.05","2,726,000.00","2,726,000.00","102.69","Canada","-","CAD","3.63","1.00","Feb 22, 2030","4.21","CAD","Aug 22, 2024"
"TCN","TELUS CORPORATION","Communication","Fixed Income","2,844,050.54","0.10","2,844,050.54","2,832,000.00","2,832,000.00","99.01","Canada","-","CAD","3.72","1.00","Feb 19, 2030","3.15","CAD","Dec 16, 2019"
"RCICN","ROGERS COMMUNICATIONS INC.","Communication","Fixed Income","2,835,730.19","0.10","2,835,730.19","2,815,000.00","2,815,000.00","99.94","Canada","-","CAD","3.01","1.00","May 1, 2029","3.25","CAD","Apr 30, 2019"
"DE","JOHN DEERE FINANCIAL INC MTN","Financial","Fixed Income","2,833,301.21","0.10","2,833,301.21","2,678,000.00","2,678,000.00","104.30","United States","-","CAD","2.91","1.00","Apr 4, 2029","4.63","CAD","Apr 4, 2024"
"MFCCN","MANULIFE FINANCE DELAWARE LP","Financial","Fixed Income","2,832,254.79","0.10","2,832,254.79","2,733,000.00","2,733,000.00","102.99","Canada","-","CAD","8.30","1.00","Dec 15, 2041","5.06","CAD","Dec 14, 2006"
"VTR","VENTAS CANADA FINANCE LTD","Real Estate","Fixed Income","2,831,620.41","0.10","2,831,620.41","2,669,000.00","2,669,000.00","104.60","United States","-","CAD","2.00","1.00","Apr 21, 2028","5.40","CAD","Apr 21, 2023"
"SAPCN","SAPUTO INC MTN","Industrial","Fixed Income","2,825,469.35","0.10","2,825,469.35","2,591,000.00","2,591,000.00","107.98","Canada","-","CAD","4.09","1.00","Nov 20, 2030","5.49","CAD","Nov 20, 2023"
"COAGAS","COASTAL GASLINK PIPELINE LP","Energy","Fixed Income","2,821,688.16","0.10","2,821,688.16","2,653,000.00","2,653,000.00","104.79","Canada","-","CAD","3.33","1.00","Sep 30, 2029","4.69","CAD","Jun 13, 2024"
"PPLCN","PEMBINA PIPELINE CORP MTN RegS","Energy","Fixed Income","2,821,253.79","0.10","2,821,253.79","2,645,000.00","2,645,000.00","106.41","Canada","-","CAD","6.45","1.00","Jan 12, 2034","5.21","CAD","Jan 12, 2024"
"NWRWPT","NORTH WEST REDWATER PARTNERSHIP RegS","Energy","Fixed Income","2,821,310.65","0.10","2,821,310.65","2,764,000.00","2,764,000.00","101.39","Canada","-","CAD","6.17","1.00","Jun 1, 2033","4.15","CAD","Jun 10, 2016"
"TCN","TELUS CORPORATION","Communication","Fixed Income","2,818,989.64","0.10","2,818,989.64","2,934,000.00","2,934,000.00","95.91","Canada","-","CAD","12.12","1.00","Jan 17, 2045","4.75","CAD","Sep 15, 2014"
"WSPCN","WSP GLOBAL INC","Industrial","Fixed Income","2,804,968.03","0.10","2,804,968.03","2,821,000.00","2,821,000.00","98.75","Canada","-","CAD","2.13","1.00","Apr 19, 2028","2.41","CAD","Apr 19, 2021"
"ENBPIP","ENBRIDGE PIPELINES INC MTN","Energy","Fixed Income","2,801,493.39","0.10","2,801,493.39","3,075,000.00","3,075,000.00","89.20","Canada","-","CAD","13.49","1.00","Feb 22, 2049","4.33","CAD","Feb 22, 2019"
"QBRCN","VIDEOTRON LTD","Communication","Fixed Income","2,800,507.55","0.10","2,800,507.55","2,865,000.00","2,865,000.00","97.62","Canada","-","CAD","4.46","1.00","Jan 15, 2031","3.13","CAD","Jan 22, 2021"
"GTAAIR","GREATER TORONTO AIRPORTS AUTHORITY","Infrastructure","Fixed Income","2,788,715.03","0.10","2,788,715.03","3,045,000.00","3,045,000.00","91.05","Canada","-","CAD","9.20","1.00","Jun 1, 2037","3.26","CAD","Mar 29, 2018"
"BCECN","BELL TELEPHONE COMPANY OF CANADA O MTN RegS","Communication","Fixed Income","2,782,937.65","0.10","2,782,937.65","2,675,000.00","2,675,000.00","101.86","Canada","-","CAD","7.81","1.00","Mar 14, 2036","4.70","CAD","Aug 14, 2025"
"TCN","TELUS CORPORATION","Communication","Fixed Income","2,782,562.68","0.10","2,782,562.68","2,614,000.00","2,614,000.00","104.28","Canada","-","CAD","4.71","1.00","Aug 13, 2031","4.65","CAD","Aug 13, 2024"
"ALTALK","ALTALINK LP","Infrastructure","Fixed Income","2,774,941.08","0.10","2,774,941.08","2,465,000.00","2,465,000.00","110.91","Canada","-","CAD","14.85","1.00","Oct 11, 2055","5.46","CAD","Oct 11, 2023"
"BRUPOW","BRUCE POWER LP RegS","Energy","Fixed Income","2,766,656.71","0.10","2,766,656.71","2,704,000.00","2,704,000.00","101.88","Canada","-","CAD","3.91","1.00","Jun 21, 2030","4.00","CAD","Apr 9, 2020"
"COAGAS","COASTAL GASLINK PIPELINE LP","Energy","Fixed Income","2,762,240.01","0.10","2,762,240.01","2,495,000.00","2,495,000.00","108.91","Canada","-","CAD","8.06","1.00","Sep 30, 2036","5.39","CAD","Jun 13, 2024"
"MFCCN","MANULIFE BANK OF CANADA","Financial","Fixed Income","2,757,782.38","0.10","2,757,782.38","2,716,000.00","2,716,000.00","100.23","Canada","-","CAD","1.01","1.00","Feb 16, 2027","2.86","CAD","Feb 16, 2022"
"ENBCN","ENBRIDGE INC MTN","Energy","Fixed Income","2,755,685.35","0.09","2,755,685.35","2,658,000.00","2,658,000.00","101.70","Canada","-","CAD","7.23","1.00","Feb 25, 2035","4.56","CAD","Feb 25, 2025"
"FORTFD_23-1","FORTIFIED TRUST FORTFD_23-1 A","Securitized","Fixed Income","2,751,990.89","0.09","2,751,990.89","2,668,000.00","2,668,000.00","102.69","Canada","-","CAD","1.81","1.00","Dec 23, 2027","4.42","CAD","Jan 31, 2023"
"OMERS","OMERS REALTY CORP","Real Estate","Fixed Income","2,739,628.28","0.09","2,739,628.28","2,558,000.00","2,558,000.00","105.97","Canada","-","CAD","2.43","1.00","Nov 14, 2028","5.38","CAD","Nov 14, 2022"
"F","FORD CREDIT CANADA CO RegS","Financial","Fixed Income","2,739,718.23","0.09","2,739,718.23","2,640,000.00","2,640,000.00","102.80","United States","-","CAD","2.09","1.00","May 23, 2028","5.24","CAD","May 23, 2024"
"ARXCN","ARC RESOURCES LTD RegS","Energy","Fixed Income","2,738,886.94","0.09","2,738,886.94","2,705,000.00","2,705,000.00","100.82","Canada","-","CAD","2.27","1.00","Jun 17, 2028","3.58","CAD","Jun 17, 2025"
"SLFCN","SUN LIFE FINANCIAL INC RegS","Financial","Fixed Income","2,735,633.20","0.09","2,735,633.20","2,535,000.00","2,535,000.00","107.52","Canada","-","CAD","3.93","1.00","Jul 4, 2035","5.50","CAD","Jul 4, 2023"
"ONTPOW","ONTARIO POWER GENERATION INC MTN","Energy","Fixed Income","2,726,060.38","0.09","2,726,060.38","2,690,000.00","2,690,000.00","100.89","Canada","-","CAD","14.84","1.00","Jun 28, 2054","4.99","CAD","Jun 28, 2024"
"CNHI","CNH INDUSTRIAL CAPITAL CANADA LTD RegS","Financial","Fixed Income","2,714,609.13","0.09","2,714,609.13","2,680,000.00","2,680,000.00","100.72","United States","-","CAD","3.09","1.00","Jun 5, 2029","3.75","CAD","Jun 5, 2025"
"ATIMLP","ATHABASCA INDIGENOUS MIDSTREAM LP","Energy","Fixed Income","2,710,081.20","0.09","2,710,081.20","2,484,923.00","2,484,923.00","107.63","Canada","-","CAD","6.98","1.00","Feb 5, 2042","6.07","CAD","Oct 5, 2022"
"CNQCN","CANADIAN NATURAL RESOURCES LTD MTN RegS","Energy","Fixed Income","2,705,297.51","0.09","2,705,297.51","2,680,000.00","2,680,000.00","100.28","Canada","-","CAD","7.91","1.00","Feb 8, 2036","4.55","CAD","Dec 8, 2025"
"DOLCN","DOLLARAMA INC","Industrial","Fixed Income","2,702,717.67","0.09","2,702,717.67","2,510,000.00","2,510,000.00","105.77","Canada","-","CAD","2.36","1.00","Sep 26, 2028","5.53","CAD","Sep 26, 2023"
"NWRWPT","NORTH WEST REDWATER PARTNERSHIP RegS","Energy","Fixed Income","2,698,869.46","0.09","2,698,869.46","3,035,000.00","3,035,000.00","87.30","Canada","-","CAD","11.88","1.00","Feb 23, 2043","3.70","CAD","Feb 23, 2015"
"CNRCN","CANADIAN NATIONAL RAILWAY COMPANY","Industrial","Fixed Income","2,692,681.25","0.09","2,692,681.25","2,585,000.00","2,585,000.00","103.24","Canada","-","CAD","3.79","1.00","May 10, 2030","4.15","CAD","May 10, 2023"
"ETRHWY","407 INTERNATIONAL INC MTN","Infrastructure","Fixed Income","2,688,469.95","0.09","2,688,469.95","3,029,000.00","3,029,000.00","87.32","Canada","-","CAD","12.66","1.00","Sep 8, 2044","3.65","CAD","Sep 8, 2017"
"BNP","BNP PARIBAS SA MTN","Financial","Fixed Income","2,687,626.64","0.09","2,687,626.64","2,600,000.00","2,600,000.00","101.54","France","-","CAD","4.07","1.00","Sep 3, 2035","4.49","CAD","Sep 3, 2025"
"ATDBCN","ALIMENTATION COUCHE-TARD INC RegS","Industrial","Fixed Income","2,682,013.44","0.09","2,682,013.44","2,660,000.00","2,660,000.00","99.49","Canada","-","CAD","5.74","1.00","Sep 26, 2032","3.86","CAD","Sep 26, 2025"
"HNDA","HONDA CANADA FINANCE INC","Financial","Fixed Income","2,665,547.37","0.09","2,665,547.37","2,605,000.00","2,605,000.00","101.59","Canada","-","CAD","3.93","1.00","May 22, 2030","3.87","CAD","May 22, 2025"
"NWRWPT","NORTH WEST REDWATER PARTNERSHIP / RegS","Energy","Fixed Income","2,661,926.85","0.09","2,661,926.85","2,931,000.00","2,931,000.00","90.73","Canada","-","CAD","12.47","1.00","Jul 22, 2044","4.05","CAD","Jul 23, 2014"
"BCECN","BELL CANADA MTN","Communication","Fixed Income","2,643,331.06","0.09","2,643,331.06","2,828,000.00","2,828,000.00","91.57","Canada","-","CAD","12.81","1.00","Feb 27, 2047","4.45","CAD","Feb 27, 2017"
"BAMREP","BROOKFIELD RENEWABLE PARTNERS ULC MTN","Energy","Fixed Income","2,642,824.97","0.09","2,642,824.97","2,570,000.00","2,570,000.00","102.54","Canada","-","CAD","14.36","1.00","Jan 10, 2054","5.32","CAD","Jan 10, 2024"
"GEICN","GIBSON ENERGY INC MTN","Energy","Fixed Income","2,641,621.15","0.09","2,641,621.15","2,599,000.00","2,599,000.00","100.31","Canada","-","CAD","3.31","1.00","Sep 17, 2029","3.60","CAD","Sep 17, 2019"
"GTAAIR","GREATER TORONTO AIRPORTS AUTHORITY MTN","Infrastructure","Fixed Income","2,641,449.80","0.09","2,641,449.80","2,197,000.00","2,197,000.00","118.18","Canada","-","CAD","5.40","1.00","Oct 15, 2032","6.98","CAD","Oct 15, 2002"
"PPLCN","PEMBINA PIPELINE CORP MTN","Energy","Fixed Income","2,637,298.98","0.09","2,637,298.98","2,688,000.00","2,688,000.00","96.44","Canada","-","CAD","11.58","1.00","Mar 25, 2044","4.81","CAD","Apr 4, 2014"
"ALACN","ALTAGAS LTD MTN RegS","Energy","Fixed Income","2,636,153.64","0.09","2,636,153.64","2,453,000.00","2,453,000.00","105.35","Canada","-","CAD","13.92","1.00","Mar 14, 2054","5.60","CAD","Mar 14, 2024"
"NACN","CANADIAN WESTERN BANK","Financial","Fixed Income","2,632,620.39","0.09","2,632,620.39","2,490,000.00","2,490,000.00","103.61","Canada","-","CAD","1.50","1.00","Sep 2, 2027","5.15","CAD","Sep 2, 2022"
"HYDONE","HYDRO ONE INC MTN RegS","Infrastructure","Fixed Income","2,630,065.38","0.09","2,630,065.38","2,545,000.00","2,545,000.00","101.64","Canada","-","CAD","5.63","1.00","Aug 25, 2032","3.94","CAD","Aug 25, 2025"
"GTAAIR","GREATER TORONTO AIRPORTS AUTHORITY MTN 144A","Infrastructure","Fixed Income","2,628,895.98","0.09","2,628,895.98","2,235,000.00","2,235,000.00","116.52","Canada","-","CAD","4.49","1.00","Jun 4, 2031","7.10","CAD","Jun 4, 2001"
"AIREIN","AIMCO REALTY INVESTORS LP","Real Estate","Fixed Income","2,622,172.30","0.09","2,622,172.30","2,652,000.00","2,652,000.00","98.43","Canada","-","CAD","3.15","1.00","Jun 1, 2029","2.71","CAD","Jun 14, 2019"
"GWOCN","GREAT-WEST LIFECO INC","Financial","Fixed Income","2,616,051.19","0.09","2,616,051.19","2,679,000.00","2,679,000.00","97.15","Canada","-","CAD","4.01","1.00","May 14, 2030","2.38","CAD","May 14, 2020"
"WSPCN","WSP GLOBAL INC","Industrial","Fixed Income","2,614,959.23","0.09","2,614,959.23","2,515,000.00","2,515,000.00","102.39","Canada","-","CAD","3.27","1.00","Sep 12, 2029","4.12","CAD","Sep 12, 2024"
"HOSNOH","HOSPITAL INFRASTRUCTURE PARTNERS I","Infrastructure","Fixed Income","2,611,937.63","0.09","2,611,937.63","2,381,183.00","2,381,183.00","106.99","Canada","-","CAD","7.83","1.00","Jan 31, 2045","5.44","CAD","Jul 29, 2011"
"IPLCN","INTER PIPELINE LTD MTN","Energy","Fixed Income","2,607,082.04","0.09","2,607,082.04","2,558,000.00","2,558,000.00","101.22","Canada","-","CAD","1.13","1.00","Jun 1, 2027","4.23","CAD","Jun 1, 2020"
"CNRCN","CANADIAN NATIONAL RAILWAY COMPANY","Industrial","Fixed Income","2,602,346.98","0.09","2,602,346.98","2,465,000.00","2,465,000.00","104.33","Canada","-","CAD","14.73","1.00","May 2, 2054","5.10","CAD","May 2, 2024"
"GTAAIR","GREATER TORONTO AIRPORTS AUTHORITY MTN","Infrastructure","Fixed Income","2,598,890.58","0.09","2,598,890.58","2,256,000.00","2,256,000.00","114.25","Canada","-","CAD","3.79","1.00","Jun 12, 2030","7.05","CAD","Jun 12, 2000"
"APUCN","ALLIED PROPERTIES REAL ESTATE INVE","Real Estate","Fixed Income","2,591,752.53","0.09","2,591,752.53","2,755,000.00","2,755,000.00","92.57","Canada","-","CAD","5.34","1.00","Feb 6, 2032","3.10","CAD","Aug 6, 2021"
"ONTPOW","ONTARIO POWER GENERATION INC MTN","Energy","Fixed Income","2,582,317.22","0.09","2,582,317.22","2,505,000.00","2,505,000.00","101.44","Canada","-","CAD","7.33","1.00","Mar 13, 2035","4.32","CAD","Mar 13, 2025"
"ONTPOW","ONTARIO POWER GENERATION INC MTN","Energy","Fixed Income","2,579,140.56","0.09","2,579,140.56","2,565,000.00","2,565,000.00","99.42","Canada","-","CAD","3.35","1.00","Sep 13, 2029","2.98","CAD","Sep 13, 2019"
"GIBACN","CGI INC","Industrial","Fixed Income","2,576,477.57","0.09","2,576,477.57","2,622,000.00","2,622,000.00","97.49","Canada","-","CAD","2.52","1.00","Sep 18, 2028","2.10","CAD","Sep 16, 2021"
"MMSPT","MINI MALL STORAGE PROPERTIES TRUST RegS","Real Estate","Fixed Income","2,571,929.65","0.09","2,571,929.65","2,545,000.00","2,545,000.00","100.28","Canada","-","CAD","4.27","1.00","Dec 1, 2030","4.75","CAD","Dec 1, 2025"
"MFCCN","MANULIFE FINANCIAL CORP","Financial","Fixed Income","2,568,948.34","0.09","2,568,948.34","2,520,000.00","2,520,000.00","101.20","Canada","-","CAD","3.87","1.00","May 23, 2035","3.98","CAD","May 23, 2025"
"BIP","BROOKFIELD INFRASTRUCTURE FINANCE MTN","Infrastructure","Fixed Income","2,569,009.32","0.09","2,569,009.32","2,437,000.00","2,437,000.00","104.23","Canada","-","CAD","1.61","1.00","Nov 14, 2027","5.62","CAD","Nov 14, 2022"
"MFCCN","MANULIFE BANK OF CANADA","Financial","Fixed Income","2,549,238.60","0.09","2,549,238.60","2,410,000.00","2,410,000.00","103.98","Canada","-","CAD","2.84","1.00","Mar 8, 2029","4.55","CAD","Mar 8, 2024"
"MRUCN","METRO INC","Industrial","Fixed Income","2,548,031.39","0.09","2,548,031.39","2,475,000.00","2,475,000.00","102.25","Canada","-","CAD","3.48","1.00","Nov 27, 2029","4.00","CAD","Nov 27, 2024"
"CIXCN","CI FINANCIAL CORP","Financial","Fixed Income","2,547,450.88","0.09","2,547,450.88","2,465,000.00","2,465,000.00","101.80","Canada","-","CAD","2.04","1.00","Apr 3, 2028","4.75","CAD","Apr 1, 2025"
"PPLCN","PEMBINA PIPELINE CORP MTN RegS","Energy","Fixed Income","2,537,946.56","0.09","2,537,946.56","2,489,000.00","2,489,000.00","101.43","Canada","-","CAD","1.09","1.00","Jun 15, 2027","4.24","CAD","Jun 16, 2015"
"TCN","TELUS CORPORATION","Communication","Fixed Income","2,534,475.20","0.09","2,534,475.20","2,230,000.00","2,230,000.00","111.31","Canada","-","CAD","13.67","1.00","Sep 8, 2053","5.95","CAD","Sep 8, 2023"
"BPCGEN","BPC GENERATION INFRASTRUCTURE TRUS RegS","Energy","Fixed Income","2,532,414.37","0.09","2,532,414.37","2,480,000.00","2,480,000.00","100.56","Canada","-","CAD","7.61","1.00","Sep 29, 2035","4.61","CAD","Sep 29, 2025"
"EMACN","EMERA INCORPORATED RegS","Infrastructure","Fixed Income","2,531,280.07","0.09","2,531,280.07","2,396,000.00","2,396,000.00","104.47","Canada","-","CAD","3.70","1.00","May 2, 2030","4.84","CAD","May 2, 2023"
"NWRWPT","NORTH WEST REDWATER PARTNERSHIP","Energy","Fixed Income","2,529,057.52","0.09","2,529,057.52","3,000,000.00","3,000,000.00","83.69","Canada","-","CAD","15.00","1.00","Jun 1, 2051","3.75","CAD","Jun 30, 2021"
"WSPCN","WSP GLOBAL INC RegS","Industrial","Fixed Income","2,528,367.41","0.09","2,528,367.41","2,320,000.00","2,320,000.00","107.93","Canada","-","CAD","4.09","1.00","Nov 22, 2030","5.55","CAD","Nov 22, 2023"
"GTAAIR","GREATER TORONTO AIRPORTS AUTHORITY","Infrastructure","Fixed Income","2,522,995.73","0.09","2,522,995.73","2,581,000.00","2,581,000.00","97.38","Canada","-","CAD","2.19","1.00","May 3, 2028","1.54","CAD","Nov 3, 2020"
"RCICN","ROGERS COMMUNICATIONS INC","Communication","Fixed Income","2,512,078.89","0.09","2,512,078.89","2,119,000.00","2,119,000.00","116.96","Canada","-","CAD","9.22","1.00","Nov 4, 2039","6.68","CAD","Nov 4, 2009"
"BCECN","BELL CANADA INC MTN","Communication","Fixed Income","2,509,749.71","0.09","2,509,749.71","2,516,000.00","2,516,000.00","98.62","Canada","-","CAD","3.36","1.00","Sep 10, 2029","2.90","CAD","Sep 10, 2019"
"CHPUCN","CHOICE PROPERTIES REAL ESTATE INVE","Real Estate","Fixed Income","2,504,856.45","0.09","2,504,856.45","2,285,000.00","2,285,000.00","107.39","Canada","-","CAD","5.69","1.00","Mar 1, 2033","5.40","CAD","Mar 1, 2023"
"HNDA","HONDA CANADA FINANCE INC","Financial","Fixed Income","2,500,968.63","0.09","2,500,968.63","2,363,000.00","2,363,000.00","105.07","Canada","-","CAD","3.07","1.00","Jun 4, 2029","4.90","CAD","Jun 4, 2024"
"CRSLNX","CROSSLINX TRANSIT SOLUTIONS GENERA RegS","Infrastructure","Fixed Income","2,499,215.80","0.09","2,499,215.80","2,589,059.00","2,589,059.00","94.98","Canada","-","CAD","8.10","1.00","Sep 30, 2046","4.65","CAD","Jul 24, 2015"
"WCPCN","VEREN INC RegS","Energy","Fixed Income","2,496,863.53","0.09","2,496,863.53","2,378,000.00","2,378,000.00","104.45","Canada","-","CAD","3.04","1.00","Jun 21, 2029","4.97","CAD","Jun 21, 2024"
"CRBG","COREBRIDGE GLOBAL FUNDING RegS","Financial","Fixed Income","2,495,014.36","0.09","2,495,014.36","2,480,000.00","2,480,000.00","100.45","United States","-","CAD","4.49","1.00","Jan 15, 2031","3.84","CAD","Jan 15, 2026"
"SUCN","SUNCOR ENERGY INC MTN","Energy","Fixed Income","2,492,934.14","0.09","2,492,934.14","2,480,000.00","2,480,000.00","99.90","Canada","-","CAD","1.73","1.00","Nov 14, 2027","2.95","CAD","Nov 14, 2025"
"APUCN","ALLIED PROPERTIES REAL ESTATE INVE RegS","Real Estate","Fixed Income","2,491,180.89","0.09","2,491,180.89","2,435,000.00","2,435,000.00","100.68","Canada","-","CAD","4.86","1.00","Sep 25, 2031","4.67","CAD","Sep 25, 2025"
"MGCN","MAGNA INTERNATIONAL INC","Industrial","Fixed Income","2,486,197.71","0.09","2,486,197.71","2,365,000.00","2,365,000.00","104.32","Canada","-","CAD","2.99","1.00","May 30, 2029","4.80","CAD","May 30, 2024"
"ATDBCN","ALIMENTATION COUCHE-TARD INC","Industrial","Fixed Income","2,477,883.85","0.09","2,477,883.85","2,386,000.00","2,386,000.00","103.79","Canada","-","CAD","2.72","1.00","Jan 25, 2029","4.60","CAD","Jan 25, 2024"
"NORCOU","NORTHERN COURIER PIPELINE LP RegS","Energy","Fixed Income","2,477,641.52","0.09","2,477,641.52","2,619,960.00","2,619,960.00","94.29","Canada","-","CAD","6.01","1.00","Jun 30, 2042","3.37","CAD","Jul 17, 2019"
"EMPACN","SOBEYS INC RegS","Industrial","Fixed Income","2,473,171.08","0.09","2,473,171.08","2,460,000.00","2,460,000.00","99.75","Canada","-","CAD","2.60","1.00","Oct 30, 2028","3.10","CAD","Oct 30, 2025"
"ENBCN","ENBRIDGE INC MTN","Energy","Fixed Income","2,473,104.60","0.09","2,473,104.60","2,255,000.00","2,255,000.00","108.65","Canada","-","CAD","13.86","1.00","May 26, 2053","5.76","CAD","May 26, 2023"
"REIUCN","RIOCAN REAL ESTATE INVESTMENT TRUS","Real Estate","Fixed Income","2,470,084.56","0.09","2,470,084.56","2,385,000.00","2,385,000.00","102.06","Canada","-","CAD","4.88","1.00","Oct 3, 2031","4.62","CAD","Oct 3, 2024"
"ENBCN","ENBRIDGE INC MTN","Energy","Fixed Income","2,463,513.26","0.08","2,463,513.26","2,041,000.00","2,041,000.00","119.24","Canada","-","CAD","13.35","1.00","Nov 9, 2052","6.51","CAD","Nov 9, 2022"
"CVECN","CENOVUS ENERGY INC","Energy","Fixed Income","2,459,520.24","0.08","2,459,520.24","2,430,000.00","2,430,000.00","100.32","Canada","-","CAD","7.74","1.00","Nov 20, 2035","4.60","CAD","Nov 20, 2025"
"GRTCN","GRANITE REIT HOLDINGS LP","Real Estate","Fixed Income","2,455,612.55","0.08","2,455,612.55","2,389,000.00","2,389,000.00","101.38","Canada","-","CAD","4.93","1.00","Oct 4, 2031","4.35","CAD","Oct 4, 2024"
"CNRCN","CANADIAN NATIONAL RAILWAY COMPANY","Industrial","Fixed Income","2,453,374.47","0.08","2,453,374.47","2,420,000.00","2,420,000.00","100.79","Canada","-","CAD","7.61","1.00","Jun 10, 2035","4.20","CAD","Jun 10, 2025"
"GM","GENERAL MOTORS FINANCIAL OF CANADA","Financial","Fixed Income","2,449,226.84","0.08","2,449,226.84","2,304,000.00","2,304,000.00","103.82","United States","-","CAD","1.81","1.00","Feb 9, 2028","5.20","CAD","Feb 9, 2023"
"SOBOCN","SOUTH BOW CANADIAN INFRASTRUCTURE RegS","Energy","Fixed Income","2,442,533.59","0.08","2,442,533.59","2,318,000.00","2,318,000.00","102.91","Canada","-","CAD","7.05","1.00","Feb 1, 2035","4.93","CAD","Aug 28, 2024"
"HYDONE","HYDRO ONE INC","Infrastructure","Fixed Income","2,441,821.13","0.08","2,441,821.13","2,417,000.00","2,417,000.00","100.06","Canada","-","CAD","2.95","1.00","Apr 5, 2029","3.02","CAD","Apr 5, 2019"
"NVLAUT","NOUVELLE AUTOROUTE 30 FINANCEMENT","Infrastructure","Fixed Income","2,441,014.33","0.08","2,441,014.33","2,430,558.00","2,430,558.00","99.18","Canada","-","CAD","3.67","1.00","Mar 31, 2033","3.75","CAD","Jun 14, 2018"
"GTAAIR","GREATER TORONTO AIRPORTS AUTHORITY","Infrastructure","Fixed Income","2,434,348.17","0.08","2,434,348.17","2,428,000.00","2,428,000.00","99.37","Canada","-","CAD","2.98","1.00","Apr 3, 2029","2.73","CAD","Apr 3, 2019"
"CAAIAU","CALGARY AIRPORT AUTHORITY","Infrastructure","Fixed Income","2,433,551.90","0.08","2,433,551.90","2,745,000.00","2,745,000.00","87.57","Canada","-","CAD","11.50","1.00","Oct 7, 2041","3.45","CAD","Oct 7, 2021"
"HELOCS","HELOCS TRUST","Securitized","Fixed Income","2,427,293.99","0.08","2,427,293.99","2,370,000.00","2,370,000.00","101.39","Canada","-","CAD","1.66","1.00","Oct 23, 2027","3.77","CAD","Oct 28, 2024"
"CNQCN","CANADIAN NATURAL RESOURCES LTD MTN RegS","Energy","Fixed Income","2,421,726.36","0.08","2,421,726.36","2,405,000.00","2,405,000.00","100.15","Canada","-","CAD","4.53","1.00","Feb 8, 2031","3.75","CAD","Dec 8, 2025"
"BCECN","BELL CANADA INC","Communication","Fixed Income","2,420,547.51","0.08","2,420,547.51","2,448,000.00","2,448,000.00","98.52","Canada","-","CAD","2.24","1.00","May 29, 2028","2.20","CAD","May 28, 2021"
"ONTPOW","ONTARIO POWER GENERATION INC","Energy","Fixed Income","2,419,509.62","0.08","2,419,509.62","2,813,000.00","2,813,000.00","85.60","Canada","-","CAD","14.02","1.00","Jun 22, 2048","3.84","CAD","Jun 22, 2018"
"IPLCN","INTER PIPELINE LTD","Energy","Fixed Income","2,419,427.07","0.08","2,419,427.07","2,105,000.00","2,105,000.00","112.04","Canada","-","CAD","5.49","1.00","Feb 17, 2033","6.38","CAD","Nov 17, 2022"
"AIREIN","AIMCO REALTY INVESTORS LP","Real Estate","Fixed Income","2,418,063.57","0.08","2,418,063.57","2,260,000.00","2,260,000.00","104.86","Canada","-","CAD","3.57","1.00","Feb 15, 2030","4.64","CAD","May 23, 2024"
"GLCRTR_25-1","GLCRTR_25-1 RegS","Securitized","Fixed Income","2,417,897.27","0.08","2,417,897.27","2,350,000.00","2,350,000.00","101.22","Canada","-","CAD","0.21","1.00","Sep 20, 2033","3.91","CAD","Aug 27, 2025"
"ONCRTX","ONCOR ELECTRIC DELIVERY COMPANY LL RegS","Infrastructure","Fixed Income","2,415,481.82","0.08","2,415,481.82","2,390,000.00","2,390,000.00","99.62","United States","-","CAD","7.74","1.00","Oct 1, 2035","4.20","CAD","Sep 26, 2025"
"GLCRTR","GLACIER CREDIT CARD TRUST","Securitized","Fixed Income","2,413,240.18","0.08","2,413,240.18","2,230,000.00","2,230,000.00","106.16","Canada","-","CAD","2.41","1.00","Sep 20, 2028","5.68","CAD","Aug 23, 2023"
"MRUCN","METRO INC MTN","Industrial","Fixed Income","2,410,899.90","0.08","2,410,899.90","2,380,000.00","2,380,000.00","100.79","Canada","-","CAD","1.61","1.00","Dec 6, 2027","3.39","CAD","Dec 4, 2017"
"F","FORD CREDIT CANADA CO RegS","Financial","Fixed Income","2,409,687.46","0.08","2,409,687.46","2,380,000.00","2,380,000.00","100.96","United States","-","CAD","4.36","1.00","Jan 9, 2031","4.92","CAD","Jan 9, 2026"
"ETRHWY","407 INTERNATIONAL INC MTN","Infrastructure","Fixed Income","2,405,834.22","0.08","2,405,834.22","2,467,000.00","2,467,000.00","96.12","Canada","-","CAD","15.20","1.00","Oct 9, 2054","4.54","CAD","Oct 9, 2024"
"MFCCN","MANULIFE BANK OF CANADA","Financial","Fixed Income","2,405,870.65","0.08","2,405,870.65","2,360,000.00","2,360,000.00","101.17","Canada","-","CAD","3.89","1.00","May 15, 2030","3.72","CAD","May 15, 2025"
"REIUCN","RIOCAN REAL ESTATE INVESTMENT TRUS","Real Estate","Fixed Income","2,404,697.29","0.08","2,404,697.29","2,223,000.00","2,223,000.00","105.91","Canada","-","CAD","3.48","1.00","Mar 1, 2030","5.47","CAD","Feb 12, 2024"
"ARXCN","ARC RESOURCES LTD","Energy","Fixed Income","2,401,839.46","0.08","2,401,839.46","2,410,000.00","2,410,000.00","98.31","Canada","-","CAD","4.57","1.00","Mar 10, 2031","3.46","CAD","Mar 10, 2021"
"HYDONE","HYDRO ONE INC MTN","Infrastructure","Fixed Income","2,400,976.68","0.08","2,400,976.68","2,370,000.00","2,370,000.00","100.39","Canada","-","CAD","15.59","1.00","Nov 21, 2056","4.80","CAD","Nov 21, 2025"
"ALACN","ALTAGAS LTD","Energy","Fixed Income","2,398,060.64","0.08","2,398,060.64","2,445,000.00","2,445,000.00","97.73","Canada","-","CAD","2.25","1.00","May 30, 2028","2.08","CAD","Nov 30, 2020"
"SUCN","SUNCOR ENERGY INC MTN","Energy","Fixed Income","2,395,633.59","0.08","2,395,633.59","2,390,000.00","2,390,000.00","99.49","Canada","-","CAD","4.34","1.00","Nov 14, 2030","3.55","CAD","Nov 14, 2025"
"PPLCN","PEMBINA PIPELINE CORP MTN","Energy","Fixed Income","2,390,718.46","0.08","2,390,718.46","2,360,000.00","2,360,000.00","99.65","Canada","-","CAD","3.64","1.00","Feb 1, 2030","3.31","CAD","Sep 12, 2019"
"HYDONE","HYDRO ONE INC MTN","Infrastructure","Fixed Income","2,383,508.15","0.08","2,383,508.15","2,265,000.00","2,265,000.00","103.42","Canada","-","CAD","6.61","1.00","Mar 1, 2034","4.39","CAD","Jan 12, 2024"
"TOYOTA","TOYOTA CREDIT CANADA INC MTN","Financial","Fixed Income","2,381,613.26","0.08","2,381,613.26","2,330,000.00","2,330,000.00","101.07","Canada","-","CAD","1.61","1.00","Oct 4, 2027","3.55","CAD","Oct 2, 2024"
"F","FORD CREDIT CANADA CO RegS","Financial","Fixed Income","2,378,345.95","0.08","2,378,345.95","2,270,000.00","2,270,000.00","102.31","United States","-","CAD","1.01","1.00","Feb 22, 2027","5.58","CAD","Feb 20, 2024"
"LOWMAT","LOWER MATTAGAMI ENERGY LP","Infrastructure","Fixed Income","2,377,931.05","0.08","2,377,931.05","2,462,000.00","2,462,000.00","96.07","Canada","-","CAD","4.88","1.00","May 14, 2031","2.43","CAD","May 14, 2021"
"GILCN","GILDAN ACTIVEWEAR INC. RegS","Industrial","Fixed Income","2,374,605.17","0.08","2,374,605.17","2,291,000.00","2,291,000.00","102.82","Canada","-","CAD","3.44","1.00","Nov 22, 2029","4.36","CAD","Nov 22, 2024"
"DE","JOHN DEERE FINANCIAL INC MTN","Financial","Fixed Income","2,370,736.51","0.08","2,370,736.51","2,335,000.00","2,335,000.00","101.05","United States","-","CAD","3.14","1.00","Jun 12, 2029","3.55","CAD","Jun 12, 2025"
"ETRHWY","407 INTERNATIONAL INC MTN","Infrastructure","Fixed Income","2,368,047.37","0.08","2,368,047.37","3,214,000.00","3,214,000.00","72.55","Canada","-","CAD","15.53","1.00","Mar 7, 2050","2.84","CAD","Mar 6, 2020"
"ETRHWY","407 INTERNATIONAL INC MTN","Infrastructure","Fixed Income","2,366,866.09","0.08","2,366,866.09","2,285,000.00","2,285,000.00","101.17","Canada","-","CAD","14.55","1.00","Jul 31, 2053","4.86","CAD","Jul 31, 2023"
"NWRWPT","NORTH WEST REDWATER PARTNERSHIP RegS","Energy","Fixed Income","2,365,401.29","0.08","2,365,401.29","2,279,000.00","2,279,000.00","103.01","Canada","-","CAD","8.59","1.00","Jun 1, 2037","4.75","CAD","Jan 29, 2016"
"TCN","TELUS CORPORATION","Communication","Fixed Income","2,365,479.66","0.08","2,365,479.66","2,393,000.00","2,393,000.00","98.83","Canada","-","CAD","1.93","1.00","Jan 27, 2028","2.35","CAD","May 29, 2020"
"GRTCN","GRANITE REIT HOLDINGS LP","Real Estate","Fixed Income","2,363,504.84","0.08","2,363,504.84","2,160,000.00","2,160,000.00","107.59","Canada","-","CAD","2.81","1.00","Apr 12, 2029","6.07","CAD","Oct 12, 2023"
"HNDA","HONDA CANADA FINANCE INC","Financial","Fixed Income","2,360,841.10","0.08","2,360,841.10","2,252,000.00","2,252,000.00","103.11","Canada","-","CAD","1.56","1.00","Sep 23, 2027","4.87","CAD","Mar 23, 2023"
"OMERS","OMERS REALTY CORP RegS","Real Estate","Fixed Income","2,358,924.10","0.08","2,358,924.10","2,237,000.00","2,237,000.00","104.05","Canada","-","CAD","2.81","1.00","Apr 9, 2029","4.54","CAD","Mar 9, 2023"
"BRUPOW","BRUCE POWER LP","Energy","Fixed Income","2,355,402.85","0.08","2,355,402.85","2,296,000.00","2,296,000.00","102.15","Canada","-","CAD","3.02","1.00","Jun 21, 2029","4.01","CAD","Feb 14, 2017"
"ONTPOW","ONTARIO POWER GENERATION INC MTN","Energy","Fixed Income","2,355,114.17","0.08","2,355,114.17","2,313,000.00","2,313,000.00","100.75","Canada","-","CAD","1.43","1.00","Oct 4, 2027","3.31","CAD","Oct 2, 2017"
"FFHCN","FAIRFAX FINANCIAL HOLDINGS LTD","Financial","Fixed Income","2,352,791.70","0.08","2,352,791.70","2,265,000.00","2,265,000.00","102.98","Canada","-","CAD","7.09","1.00","Nov 22, 2034","4.73","CAD","Nov 22, 2024"
"CHPUCN","CHOICE PROPERTIES REAL ESTATE INVE","Real Estate","Fixed Income","2,349,239.08","0.08","2,349,239.08","2,180,000.00","2,180,000.00","105.63","Canada","-","CAD","4.32","1.00","Feb 28, 2031","5.03","CAD","May 23, 2024"
"SGTPHW","SGTP HIGHWAY BYPASS LIMITED PARTNE RegS","Infrastructure","Fixed Income","2,347,977.14","0.08","2,347,977.14","2,396,029.00","2,396,029.00","95.95","Canada","-","CAD","7.77","1.00","Jan 31, 2045","4.11","CAD","Aug 4, 2015"
"SMTOP","SMARTSTOP OP LP RegS","Real Estate","Fixed Income","2,345,539.67","0.08","2,345,539.67","2,305,000.00","2,305,000.00","101.28","United States","-","CAD","2.25","1.00","Jun 16, 2028","3.91","CAD","Jun 16, 2025"
"BIP","BROOKFIELD INFRASTRUCTURE FINANCE MTN RegS","Infrastructure","Fixed Income","2,344,494.64","0.08","2,344,494.64","2,164,000.00","2,164,000.00","108.29","Canada","-","CAD","3.86","1.00","Jul 27, 2030","5.71","CAD","Jul 27, 2023"
"ALTALK","ALTALINK LP MTN","Infrastructure","Fixed Income","2,341,057.36","0.08","2,341,057.36","2,512,000.00","2,512,000.00","92.86","Canada","-","CAD","11.65","1.00","Jun 30, 2042","3.99","CAD","Jun 29, 2012"
"GWOCN","GREAT-WEST LIFECO INC","Financial","Fixed Income","2,341,102.59","0.08","2,341,102.59","2,290,000.00","2,290,000.00","100.81","Canada","-","CAD","1.84","1.00","Feb 28, 2028","3.34","CAD","Feb 28, 2018"
"RLNCE","RELIANCE LP","Industrial","Fixed Income","2,339,529.20","0.08","2,339,529.20","2,343,000.00","2,343,000.00","99.41","Canada","-","CAD","1.77","1.00","Dec 1, 2027","2.68","CAD","Aug 20, 2020"
"TOYOTA","TOYOTA CREDIT CANADA INC MTN","Financial","Fixed Income","2,331,410.81","0.08","2,331,410.81","2,300,000.00","2,300,000.00","100.74","Canada","-","CAD","2.20","1.00","May 23, 2028","3.36","CAD","May 21, 2025"
"CCDJ","FEDERATION DES CAISSES DESJARDINS","Financial","Fixed Income","2,329,692.09","0.08","2,329,692.09","2,250,000.00","2,250,000.00","101.76","Canada","-","CAD","5.63","1.00","Aug 25, 2032","4.12","CAD","Aug 25, 2025"
"HNDA","HONDA CANADA FINANCE INC","Financial","Fixed Income","2,327,040.60","0.08","2,327,040.60","2,301,000.00","2,301,000.00","99.88","Canada","-","CAD","4.21","1.00","Sep 23, 2030","3.54","CAD","Sep 23, 2025"
"NVLAUT","NOUVELLE AUTOROUTE 30 FINANCEMENT","Infrastructure","Fixed Income","2,318,443.83","0.08","2,318,443.83","2,476,704.00","2,476,704.00","93.27","Canada","-","CAD","9.13","1.00","Jun 30, 2042","4.12","CAD","Jun 14, 2018"
"EDF","ELECTRICITE DE FRANCE SA RegS","Infrastructure","Fixed Income","2,311,679.44","0.08","2,311,679.44","2,260,000.00","2,260,000.00","100.07","France","-","CAD","7.16","1.00","Feb 6, 2035","4.57","CAD","Feb 6, 2025"
"NWRWPT","NORTH WEST REDWATER PARTNERSHIP RegS","Energy","Fixed Income","2,310,029.24","0.08","2,310,029.24","2,227,000.00","2,227,000.00","103.03","Canada","-","CAD","2.92","1.00","Jun 1, 2029","4.25","CAD","Jan 29, 2016"
"NACN","NATIONAL BANK OF CANADA MTN","Financial","Fixed Income","2,307,401.41","0.08","2,307,401.41","2,145,000.00","2,145,000.00","105.14","Canada","-","CAD","2.76","1.00","Feb 15, 2034","5.28","CAD","Feb 5, 2024"
"ATH","ATHENE GLOBAL FUNDING MTN RegS","Financial","Fixed Income","2,298,171.06","0.08","2,298,171.06","2,285,000.00","2,285,000.00","98.90","United States","-","CAD","7.59","1.00","Sep 19, 2035","4.61","CAD","Sep 19, 2025"
"FTSCN","FORTIS INC","Infrastructure","Fixed Income","2,295,846.08","0.08","2,295,846.08","2,200,000.00","2,200,000.00","102.72","Canada","-","CAD","4.87","1.00","Sep 9, 2031","4.17","CAD","Sep 9, 2024"
"LECARR","LE CARREFOUR LAVAL REC INC RegS","Real Estate","Fixed Income","2,294,131.38","0.08","2,294,131.38","2,220,000.00","2,220,000.00","101.40","Canada","-","CAD","3.97","1.00","Aug 14, 2030","4.20","CAD","Aug 14, 2025"
"CPXCN","CAPITAL POWER CORP MTN RegS","Energy","Fixed Income","2,285,117.50","0.08","2,285,117.50","2,065,000.00","2,065,000.00","110.58","Canada","-","CAD","6.32","1.00","Jan 25, 2034","5.97","CAD","Dec 15, 2023"
"F","FORD CREDIT CANADA CO RegS","Financial","Fixed Income","2,284,633.54","0.08","2,284,633.54","2,262,000.00","2,262,000.00","100.75","United States","-","CAD","2.96","1.00","Apr 9, 2029","4.40","CAD","Jan 9, 2026"
"WCPCN","VEREN INC RegS","Energy","Fixed Income","2,284,376.60","0.08","2,284,376.60","2,122,000.00","2,122,000.00","107.05","Canada","-","CAD","6.64","1.00","Jun 21, 2034","5.50","CAD","Jun 21, 2024"
"TRPCN","TRANSCANADA PIPELINES LTD MTN RegS","Energy","Fixed Income","2,283,458.43","0.08","2,283,458.43","2,596,000.00","2,596,000.00","87.65","Canada","-","CAD","13.65","1.00","Jul 3, 2048","4.18","CAD","Jul 3, 2018"
"IFCCN","INTACT FINANCIAL CORP RegS","Financial","Fixed Income","2,275,827.02","0.08","2,275,827.02","2,263,000.00","2,263,000.00","100.15","Canada","-","CAD","1.25","1.00","Jun 7, 2027","2.85","CAD","Jun 7, 2017"
"LCN","LOBLAW COMPANIES LTD","Industrial","Fixed Income","2,272,972.34","0.08","2,272,972.34","2,245,000.00","2,245,000.00","100.77","Canada","-","CAD","3.56","1.00","Dec 12, 2029","3.56","CAD","Dec 12, 2024"
"CUCN","CU INC","Energy","Fixed Income","2,273,071.83","0.08","2,273,071.83","2,265,000.00","2,265,000.00","99.14","Canada","-","CAD","10.96","1.00","Oct 24, 2041","4.54","CAD","Oct 24, 2011"
"MBGGR","MERCEDES-BENZ FINANCE CANADA INC","Financial","Fixed Income","2,272,564.37","0.08","2,272,564.37","2,210,000.00","2,210,000.00","102.56","Germany","-","CAD","1.39","1.00","Jul 9, 2027","4.64","CAD","Jul 9, 2024"
"GWOCN","GREAT-WEST LIFECO INC.","Financial","Fixed Income","2,271,661.42","0.08","2,271,661.42","1,904,000.00","1,904,000.00","116.92","Canada","-","CAD","5.69","1.00","Mar 21, 2033","6.67","CAD","Mar 21, 2003"
"SOBOCN","SOUTH BOW CANADIAN INFRASTRUCTURE","Energy","Fixed Income","2,270,019.42","0.08","2,270,019.42","2,163,000.00","2,163,000.00","102.65","Canada","-","CAD","5.09","1.00","Feb 1, 2032","4.62","CAD","Aug 28, 2024"
"HYDONE","HYDRO ONE INC. MTN","Infrastructure","Fixed Income","2,268,600.53","0.08","2,268,600.53","1,904,000.00","1,904,000.00","115.99","Canada","-","CAD","6.24","1.00","Jan 31, 2034","6.35","CAD","Jan 31, 2003"
"WSPCN","WSP GLOBAL INC RegS","Industrial","Fixed Income","2,264,850.29","0.08","2,264,850.29","2,250,000.00","2,250,000.00","100.57","Canada","-","CAD","5.27","1.00","Jan 22, 2032","4.00","CAD","Jan 22, 2026"
"TERANE","TERANET HOLDINGS LP","Industrial","Fixed Income","2,252,682.48","0.08","2,252,682.48","2,212,000.00","2,212,000.00","100.21","Canada","-","CAD","2.82","1.00","Feb 23, 2029","3.72","CAD","Feb 23, 2022"
"SAPCN","SAPUTO INC MTN RegS","Industrial","Fixed Income","2,252,348.23","0.08","2,252,348.23","2,215,000.00","2,215,000.00","101.39","Canada","-","CAD","4.01","1.00","Jul 2, 2030","3.88","CAD","Jul 2, 2025"
"TOYOTA","TOYOTA CREDIT CANADA INC MTN","Financial","Fixed Income","2,245,194.35","0.08","2,245,194.35","2,132,000.00","2,132,000.00","103.68","Canada","-","CAD","2.88","1.00","Mar 19, 2029","4.46","CAD","Mar 19, 2024"
"BCIMCR","BCI QUADREAL REALTY","Real Estate","Fixed Income","2,244,241.64","0.08","2,244,241.64","2,200,000.00","2,200,000.00","100.77","Canada","-","CAD","2.02","1.00","Mar 14, 2028","3.28","CAD","Mar 14, 2025"
"GIBACN","CGI INC","Industrial","Fixed Income","2,233,472.22","0.08","2,233,472.22","2,149,000.00","2,149,000.00","102.26","Canada","-","CAD","3.25","1.00","Sep 5, 2029","4.15","CAD","Sep 5, 2024"
"APUCN","ALLIED PROPERTIES REAL ESTATE INVE RegS","Real Estate","Fixed Income","2,231,896.34","0.08","2,231,896.34","2,130,000.00","2,130,000.00","102.69","Canada","-","CAD","2.77","1.00","Feb 24, 2029","4.81","CAD","Feb 24, 2025"
"CNQCN","CANADIAN NATURAL RESOURCES LTD RegS","Energy","Fixed Income","2,230,973.05","0.08","2,230,973.05","2,185,000.00","2,185,000.00","101.58","Canada","-","CAD","5.14","1.00","Dec 15, 2031","4.15","CAD","Dec 6, 2024"
"CHPUCN","CHOICE PROPERTIES REAL ESTATE INVE","Real Estate","Fixed Income","2,229,248.34","0.08","2,229,248.34","2,215,000.00","2,215,000.00","100.10","Canada","-","CAD","1.22","1.00","May 21, 2027","2.85","CAD","May 21, 2020"
"BAMREP","BROOKFIELD RENEWABLE PARTNERS ULC MTN","Energy","Fixed Income","2,228,799.21","0.08","2,228,799.21","2,228,000.00","2,228,000.00","99.90","Canada","-","CAD","3.65","1.00","Jan 15, 2030","3.38","CAD","Sep 13, 2019"
"FTSCN","FORTIS INC","Infrastructure","Fixed Income","2,226,316.24","0.08","2,226,316.24","1,995,000.00","1,995,000.00","110.30","Canada","-","CAD","6.17","1.00","Nov 8, 2033","5.68","CAD","Nov 8, 2023"
"BPCGEN","BPC GENERATION INFRASTRUCTURE TRUS RegS","Energy","Fixed Income","2,220,709.34","0.08","2,220,709.34","2,180,000.00","2,180,000.00","100.46","Canada","-","CAD","5.69","1.00","Sep 29, 2032","4.16","CAD","Sep 29, 2025"
"CCDJ","FEDERATION DES CAISSES DESJARDINS","Financial","Fixed Income","2,220,298.93","0.08","2,220,298.93","2,050,000.00","2,050,000.00","105.80","Canada","-","CAD","2.33","1.00","Aug 16, 2028","5.47","CAD","Aug 16, 2023"
"ENBGAS","ENBRIDGE GAS INC MTN","Energy","Fixed Income","2,218,426.52","0.08","2,218,426.52","2,319,000.00","2,319,000.00","94.78","Canada","-","CAD","5.16","1.00","Sep 15, 2031","2.35","CAD","Sep 15, 2021"
"LCN","LOBLAW COMPANIES LTD","Industrial","Fixed Income","2,215,462.34","0.08","2,215,462.34","2,040,000.00","2,040,000.00","106.69","Canada","-","CAD","5.44","1.00","Sep 13, 2032","5.01","CAD","Sep 13, 2022"
"WCNCN","WASTE CONNECTIONS INC","Industrial","Fixed Income","2,212,348.30","0.08","2,212,348.30","2,120,000.00","2,120,000.00","103.78","United States","-","CAD","3.05","1.00","Jun 14, 2029","4.50","CAD","Jun 13, 2024"
"OMERS","OMERS REALTY CORP","Real Estate","Fixed Income","2,211,374.29","0.08","2,211,374.29","2,176,000.00","2,176,000.00","101.07","Canada","-","CAD","3.92","1.00","Jun 5, 2030","3.63","CAD","Jun 5, 2018"
"HUSMID","HUSKY MIDSTREAM LP","Energy","Fixed Income","2,205,550.28","0.08","2,205,550.28","2,145,000.00","2,145,000.00","102.16","Canada","-","CAD","3.49","1.00","Dec 2, 2029","4.10","CAD","Dec 2, 2024"
"ENBGAS","ENBRIDGE GAS INC","Energy","Fixed Income","2,205,255.92","0.08","2,205,255.92","2,609,000.00","2,609,000.00","83.31","Canada","-","CAD","14.67","1.00","Apr 1, 2050","3.65","CAD","Apr 1, 2020"
"SOBOCN","SOUTH BOW CANADIAN INFRASTRUCTURE","Energy","Fixed Income","2,196,828.47","0.08","2,196,828.47","2,099,000.00","2,099,000.00","102.51","Canada","-","CAD","3.57","1.00","Feb 1, 2030","4.32","CAD","Aug 28, 2024"
"HYNMTR","HYUNDAI CAPITAL CANADA INC RegS","Financial","Fixed Income","2,196,326.25","0.08","2,196,326.25","2,160,000.00","2,160,000.00","101.01","Canada","-","CAD","1.74","1.00","Nov 22, 2027","3.58","CAD","May 22, 2025"
"ALBPOW","ALBERTA POWERLINE LP","Infrastructure","Fixed Income","2,194,884.44","0.08","2,194,884.44","2,456,947.00","2,456,947.00","88.67","Canada","-","CAD","11.77","1.00","Dec 1, 2053","4.07","CAD","Oct 2, 2017"
"OXPROP","OXFORD PROPERTIES GROUP TRUST","Real Estate","Fixed Income","2,187,626.19","0.08","2,187,626.19","2,135,000.00","2,135,000.00","101.86","Canada","-","CAD","3.51","1.00","Dec 4, 2029","3.90","CAD","Jun 4, 2025"
"CUCN","CU INC MTN","Energy","Fixed Income","2,183,156.53","0.08","2,183,156.53","1,910,000.00","1,910,000.00","113.15","Canada","-","CAD","6.91","1.00","Nov 20, 2034","5.90","CAD","Nov 18, 2004"
"IFCCN","INTACT FINANCIAL CORP MTN RegS","Financial","Fixed Income","2,180,196.08","0.08","2,180,196.08","2,030,000.00","2,030,000.00","105.40","Canada","-","CAD","14.51","1.00","Sep 14, 2054","5.28","CAD","Sep 14, 2023"
"COAGAS","COASTAL GASLINK PIPELINE LP","Energy","Fixed Income","2,179,445.36","0.08","2,179,445.36","1,970,000.00","1,970,000.00","108.76","Canada","-","CAD","10.80","1.00","Sep 30, 2042","5.61","CAD","Jun 13, 2024"
"CUCN","CU INC RegS","Energy","Fixed Income","2,174,852.38","0.07","2,174,852.38","2,044,000.00","2,044,000.00","104.56","Canada","-","CAD","14.53","1.00","Sep 20, 2053","5.09","CAD","Sep 20, 2023"
"FFHCN","FAIRFAX FINANCIAL HOLDINGS LTD","Financial","Fixed Income","2,173,894.69","0.07","2,173,894.69","2,111,000.00","2,111,000.00","102.43","Canada","-","CAD","2.98","1.00","Jun 14, 2029","4.23","CAD","Jun 14, 2019"
"BAMREP","BROOKFIELD RENEWABLE PARTNERS ULC MTN","Energy","Fixed Income","2,173,009.49","0.07","2,173,009.49","2,150,000.00","2,150,000.00","100.86","Canada","-","CAD","14.86","1.00","Jan 15, 2056","5.20","CAD","Jan 15, 2026"
"CCOCN","CAMECO CORPORATION","Industrial","Equity","2,171,797.85","0.07","2,171,797.85","2,155,000.00","2,155,000.00","99.96","Canada","-","CAD","1.63","1.00","Oct 21, 2027","2.95","CAD","Oct 21, 2020"
"BRUPOW","BRUCE POWER LP","Energy","Fixed Income","2,171,408.31","0.07","2,171,408.31","2,189,000.00","2,189,000.00","98.90","Canada","-","CAD","2.75","1.00","Dec 21, 2028","2.68","CAD","Nov 22, 2021"
"BRUPOW","BRUCE POWER LP RegS","Energy","Fixed Income","2,170,287.98","0.07","2,170,287.98","2,155,000.00","2,155,000.00","100.13","Canada","-","CAD","5.93","1.00","Dec 21, 2032","4.00","CAD","Dec 8, 2025"
"ALBPOW","ALBERTA POWERLINE LP","Infrastructure","Fixed Income","2,166,945.29","0.07","2,166,945.29","2,400,707.00","2,400,707.00","88.58","Canada","-","CAD","11.73","1.00","Mar 1, 2054","4.07","CAD","Oct 2, 2017"
"DE","JOHN DEERE FINANCIAL INC MTN","Financial","Fixed Income","2,165,610.83","0.07","2,165,610.83","2,090,000.00","2,090,000.00","102.98","United States","-","CAD","1.32","1.00","Jun 14, 2027","4.95","CAD","Jun 13, 2023"
"ETRHWY","407 INTERNATIONAL INC MTN","Infrastructure","Fixed Income","2,165,445.87","0.07","2,165,445.87","1,875,000.00","1,875,000.00","114.54","Canada","-","CAD","7.54","1.00","Dec 3, 2035","5.96","CAD","Dec 3, 2004"
"BIP","BROOKFIELD INFRASTRUCTURE FINANCE MTN RegS","Infrastructure","Fixed Income","2,158,952.92","0.07","2,158,952.92","2,120,000.00","2,120,000.00","100.25","Canada","-","CAD","7.62","1.00","Sep 24, 2035","4.53","CAD","Sep 24, 2025"
"WSPCN","WSP GLOBAL INC RegS","Industrial","Fixed Income","2,158,059.10","0.07","2,158,059.10","2,140,000.00","2,140,000.00","100.74","Canada","-","CAD","7.92","1.00","Jan 22, 2036","4.59","CAD","Jan 22, 2026"
"ETRHWY","407 INTERNATIONAL INC MTN","Infrastructure","Fixed Income","2,158,289.92","0.07","2,158,289.92","2,491,000.00","2,491,000.00","85.83","Canada","-","CAD","14.09","1.00","May 11, 2048","3.72","CAD","May 9, 2018"
"GBLATL","GA GLOBAL FUNDING TRUST RegS","Financial","Fixed Income","2,157,757.25","0.07","2,157,757.25","2,105,000.00","2,105,000.00","102.40","United States","-","CAD","6.25","1.00","Jul 22, 2033","4.86","CAD","Jul 22, 2025"
"RLNCE","RELIANCE LP RegS","Industrial","Fixed Income","2,156,302.51","0.07","2,156,302.51","2,100,000.00","2,100,000.00","101.41","Canada","-","CAD","5.32","1.00","Apr 16, 2032","4.39","CAD","Mar 12, 2025"
"HYNMTR","HYUNDAI CAPITAL CANADA INC","Financial","Fixed Income","2,152,649.24","0.07","2,152,649.24","2,012,000.00","2,012,000.00","104.80","Canada","-","CAD","1.88","1.00","Mar 8, 2028","5.57","CAD","Mar 8, 2023"
"SLFCN","SUN LIFE FINANCIAL INC","Financial","Fixed Income","2,151,922.13","0.07","2,151,922.13","2,196,000.00","2,196,000.00","97.36","Canada","-","CAD","5.17","1.00","Nov 18, 2036","3.15","CAD","Nov 18, 2021"
"ENBCN","ENBRIDGE INC MTN","Energy","Fixed Income","2,151,732.00","0.07","2,151,732.00","1,980,000.00","1,980,000.00","107.72","Canada","-","CAD","5.94","1.00","May 26, 2033","5.36","CAD","May 26, 2023"
"GTAAIR","GREATER TORONTO AIRPORTS AUTHORITY 144A","Infrastructure","Fixed Income","2,147,894.96","0.07","2,147,894.96","1,923,000.00","1,923,000.00","110.86","Canada","-","CAD","9.94","1.00","Jun 7, 2040","5.63","CAD","Jun 7, 2010"
"BRUPOW","BRUCE POWER LP","Energy","Fixed Income","2,148,040.67","0.07","2,148,040.67","2,125,000.00","2,125,000.00","100.63","Canada","-","CAD","6.27","1.00","Jun 21, 2033","4.13","CAD","Mar 1, 2018"
"GRTCN","GRANITE REIT HOLDINGS LP","Real Estate","Fixed Income","2,140,325.56","0.07","2,140,325.56","2,175,000.00","2,175,000.00","97.49","Canada","-","CAD","2.47","1.00","Aug 30, 2028","2.19","CAD","Aug 30, 2021"
"BIP","BROOKFIELD INFRASTRUCTURE FINANCE MTN","Infrastructure","Fixed Income","2,137,955.19","0.07","2,137,955.19","2,255,000.00","2,255,000.00","93.63","Canada","-","CAD","5.86","1.00","Sep 1, 2032","2.86","CAD","Sep 1, 2020"
"TCN","TELUS CORPORATION","Communication","Fixed Income","2,137,431.78","0.07","2,137,431.78","1,938,000.00","1,938,000.00","108.10","Canada","-","CAD","3.89","1.00","Sep 9, 2030","5.60","CAD","Sep 8, 2023"
"TRPCN","TRANSCANADA PIPELINES LTD MTN","Energy","Fixed Income","2,136,040.98","0.07","2,136,040.98","2,188,000.00","2,188,000.00","97.20","Canada","-","CAD","4.88","1.00","Jun 9, 2031","2.97","CAD","Jun 9, 2021"
"STNCN","STANTEC INC RegS","Industrial","Fixed Income","2,130,255.82","0.07","2,130,255.82","2,090,000.00","2,090,000.00","101.31","Canada","-","CAD","5.47","1.00","Jun 10, 2032","4.37","CAD","Jun 10, 2025"
"HYDONE","HYDRO ONE INC MTN","Infrastructure","Fixed Income","2,128,888.44","0.07","2,128,888.44","1,941,000.00","1,941,000.00","109.47","Canada","-","CAD","10.09","1.00","Jul 16, 2040","5.49","CAD","Jul 16, 2009"
"ALACN","ALTAGAS LTD MTN RegS","Energy","Fixed Income","2,126,735.61","0.07","2,126,735.61","2,113,000.00","2,113,000.00","99.98","Canada","-","CAD","1.71","1.00","Nov 10, 2027","3.02","CAD","Nov 10, 2025"
"BCIMCR","BCI QUADREAL REALTY RegS","Real Estate","Fixed Income","2,123,858.91","0.07","2,123,858.91","2,039,000.00","2,039,000.00","102.09","Canada","-","CAD","1.43","1.00","Jul 31, 2027","4.16","CAD","Jul 31, 2024"
"TCN","TELUS CORPORATION","Communication","Fixed Income","2,123,602.27","0.07","2,123,602.27","1,984,000.00","1,984,000.00","105.13","Canada","-","CAD","3.13","1.00","Sep 13, 2029","5.00","CAD","Sep 13, 2022"
"VW","VW CREDIT CANADA INC RegS","Financial","Fixed Income","2,122,650.26","0.07","2,122,650.26","2,105,000.00","2,105,000.00","100.17","Germany","-","CAD","2.65","1.00","Nov 20, 2028","3.39","CAD","Nov 19, 2025"
"OMERS","OMERS REALTY CORP RegS","Real Estate","Fixed Income","2,112,371.04","0.07","2,112,371.04","1,940,000.00","1,940,000.00","106.53","Canada","-","CAD","4.27","1.00","Feb 10, 2031","4.96","CAD","Feb 8, 2024"
"GRTCN","GRANITE REIT HOLDINGS LP","Real Estate","Fixed Income","2,111,916.64","0.07","2,111,916.64","2,099,000.00","2,099,000.00","100.14","Canada","-","CAD","1.26","1.00","Jun 4, 2027","3.06","CAD","Jun 4, 2020"
"ARXCN","ARC RESOURCES LTD RegS","Energy","Fixed Income","2,111,175.84","0.07","2,111,175.84","2,060,000.00","2,060,000.00","101.95","Canada","-","CAD","5.52","1.00","Jun 17, 2032","4.41","CAD","Jun 17, 2025"
"TOYOTA","TOYOTA CREDIT CANADA INC MTN","Financial","Fixed Income","2,108,457.64","0.07","2,108,457.64","2,096,000.00","2,096,000.00","99.99","Canada","-","CAD","2.66","1.00","Nov 20, 2028","3.12","CAD","Nov 20, 2025"
"ETRHWY","407 INTERNATIONAL INC MTN","Infrastructure","Fixed Income","2,108,096.27","0.07","2,108,096.27","2,443,000.00","2,443,000.00","84.84","Canada","-","CAD","14.31","1.00","Mar 8, 2049","3.67","CAD","Mar 6, 2019"
"CP","CANADIAN PACIFIC RAILWAY CO MTN","Industrial","Fixed Income","2,108,198.28","0.07","2,108,198.28","1,784,000.00","1,784,000.00","116.86","Canada","-","CAD","9.36","1.00","Nov 17, 2039","6.45","CAD","Nov 17, 2009"
"PPLCN","PEMBINA PIPELINE CORP","Energy","Fixed Income","2,106,535.03","0.07","2,106,535.03","2,117,000.00","2,117,000.00","99.01","Canada","-","CAD","5.21","1.00","Dec 10, 2031","3.53","CAD","Dec 10, 2021"
"PPLCN","PEMBINA PIPELINE CORP MTN","Energy","Fixed Income","2,103,791.66","0.07","2,103,791.66","2,224,000.00","2,224,000.00","94.48","Canada","-","CAD","12.80","1.00","Jan 21, 2047","4.74","CAD","Jan 20, 2017"
"RCICN","ROGERS COMMUNICATIONS INC. MTN","Communication","Fixed Income","2,101,725.48","0.07","2,101,725.48","1,768,000.00","1,768,000.00","116.54","Canada","-","CAD","9.64","1.00","Mar 22, 2041","6.56","CAD","Mar 21, 2011"
"TCN","TELUS CORPORATION","Communication","Fixed Income","2,101,445.27","0.07","2,101,445.27","2,210,000.00","2,210,000.00","94.44","Canada","-","CAD","4.39","1.00","Oct 7, 2030","2.05","CAD","Oct 5, 2020"
"XCN","TMX GROUP LTD RegS","Financial","Fixed Income","2,099,668.33","0.07","2,099,668.33","1,935,000.00","1,935,000.00","106.24","Canada","-","CAD","6.44","1.00","Feb 16, 2034","4.97","CAD","Feb 16, 2024"
"BCECN","BELL TELEPHONE COMPANY OF CANADA O MTN RegS","Communication","Fixed Income","2,096,623.57","0.07","2,096,623.57","2,045,000.00","2,045,000.00","100.83","Canada","-","CAD","3.22","1.00","Aug 14, 2029","3.65","CAD","Aug 14, 2025"
"ETRHWY","407 INTERNATIONAL INC. MTN","Infrastructure","Fixed Income","2,096,652.53","0.07","2,096,652.53","2,351,000.00","2,351,000.00","88.34","Canada","-","CAD","13.28","1.00","May 11, 2046","3.83","CAD","May 11, 2015"
"GZMCN","ENERGIR LP","Energy","Fixed Income","2,096,416.28","0.07","2,096,416.28","2,125,000.00","2,125,000.00","97.75","Canada","-","CAD","15.34","1.00","May 20, 2055","4.65","CAD","May 20, 2025"
"CUCN","CU INC MTN","Energy","Fixed Income","2,094,907.22","0.07","2,094,907.22","2,278,000.00","2,278,000.00","90.48","Canada","-","CAD","11.70","1.00","Sep 10, 2042","3.81","CAD","Sep 10, 2012"
"F","FORD CREDIT CANADA CO RegS","Financial","Fixed Income","2,091,866.62","0.07","2,091,866.62","2,025,000.00","2,025,000.00","101.55","United States","-","CAD","1.53","1.00","Sep 13, 2027","4.61","CAD","Sep 12, 2024"
"BNCN","BROOKFIELD ASSET MANAGEMENT INC MTN","Industrial","Fixed Income","2,091,948.06","0.07","2,091,948.06","2,045,000.00","2,045,000.00","100.88","Canada","-","CAD","0.85","1.00","Mar 16, 2027","3.80","CAD","Sep 16, 2016"
"HYNMTR","HYUNDAI CAPITAL CANADA INC","Financial","Fixed Income","2,089,305.49","0.07","2,089,305.49","2,051,000.00","2,051,000.00","100.41","Canada","-","CAD","0.97","1.00","Feb 16, 2027","3.20","CAD","Feb 15, 2022"
"BIP","BROOKFIELD INFRASTRUCTURE FINANCE","Infrastructure","Fixed Income","2,081,212.87","0.07","2,081,212.87","2,000,000.00","2,000,000.00","101.73","Canada","-","CAD","3.77","1.00","Sep 1, 2055","5.60","CAD","May 16, 2025"
"ENBGAS","ENBRIDGE GAS INC MTN","Energy","Fixed Income","2,078,084.55","0.07","2,078,084.55","1,820,000.00","1,820,000.00","112.38","Canada","-","CAD","14.17","1.00","Oct 6, 2053","5.67","CAD","Oct 6, 2023"
"NWRWPT","NORTH WEST REDWATER PARTNERSHIP","Energy","Fixed Income","2,076,705.63","0.07","2,076,705.63","2,123,000.00","2,123,000.00","97.58","Canada","-","CAD","9.69","1.00","Jan 10, 2039","4.35","CAD","Jun 10, 2016"
"DRSILL","DREAM SUMMIT INDUSTRIAL LP RegS","Real Estate","Fixed Income","2,075,490.53","0.07","2,075,490.53","2,020,000.00","2,020,000.00","101.18","Canada","-","CAD","4.12","1.00","Sep 18, 2030","4.17","CAD","Sep 15, 2025"
"ENBGAS","ENBRIDGE GAS INC MTN","Energy","Fixed Income","2,071,788.85","0.07","2,071,788.85","2,194,000.00","2,194,000.00","93.75","Canada","-","CAD","12.27","1.00","Jun 2, 2044","4.20","CAD","Jun 2, 2014"
"AIREIN","AIMCO REALTY INVESTORS LP","Real Estate","Fixed Income","2,068,306.91","0.07","2,068,306.91","2,055,000.00","2,055,000.00","100.15","Canada","-","CAD","2.19","1.00","Jun 1, 2028","3.04","CAD","Nov 23, 2017"
"AIREIN","AIMCO REALTY INVESTORS LP","Real Estate","Fixed Income","2,067,931.31","0.07","2,067,931.31","1,928,000.00","1,928,000.00","106.33","Canada","-","CAD","6.69","1.00","May 23, 2034","4.97","CAD","May 23, 2024"
"BAMREP","BROOKFIELD RENEWABLE PARTNERS ULC MTN RegS","Energy","Fixed Income","2,067,272.63","0.07","2,067,272.63","1,905,000.00","1,905,000.00","107.16","Canada","-","CAD","6.22","1.00","Oct 28, 2033","5.29","CAD","Mar 29, 2023"
"TOYOTA","TOYOTA CREDIT CANADA INC MTN","Financial","Fixed Income","2,052,284.45","0.07","2,052,284.45","2,000,000.00","2,000,000.00","101.39","Canada","-","CAD","3.38","1.00","Oct 2, 2029","3.73","CAD","Oct 2, 2024"
"CPXCN","CAPITAL POWER CORP","Energy","Fixed Income","2,050,848.33","0.07","2,050,848.33","1,893,000.00","1,893,000.00","106.16","Canada","-","CAD","2.32","1.00","Sep 15, 2028","5.82","CAD","Sep 15, 2023"
"CNRCN","CANADIAN NATIONAL RAILWAY COMPANY","Industrial","Fixed Income","2,050,585.78","0.07","2,050,585.78","2,388,000.00","2,388,000.00","84.08","Canada","-","CAD","13.73","1.00","Aug 1, 2047","3.60","CAD","Aug 1, 2017"
"HYDONE","HYDRO ONE INC MTN RegS","Infrastructure","Fixed Income","2,049,417.81","0.07","2,049,417.81","1,955,000.00","1,955,000.00","102.69","Canada","-","CAD","15.04","1.00","Aug 25, 2055","4.95","CAD","Aug 25, 2025"
"EPCOR","EPCOR UTILITIES INC","Infrastructure","Fixed Income","2,043,207.77","0.07","2,043,207.77","1,968,000.00","1,968,000.00","102.99","Canada","-","CAD","14.89","1.00","May 31, 2054","4.99","CAD","May 31, 2024"
"CTCACN","CANADIAN TIRE CORPORATION LTD MTN","Industrial","Fixed Income","2,041,571.14","0.07","2,041,571.14","1,875,000.00","1,875,000.00","106.88","Canada","-","CAD","3.93","1.00","Sep 16, 2030","5.37","CAD","Sep 14, 2023"
"CCACN","COGECO COMMUNICATIONS INC","Communication","Fixed Income","2,039,107.52","0.07","2,039,107.52","1,965,000.00","1,965,000.00","101.47","Canada","-","CAD","7.11","1.00","Feb 6, 2035","4.74","CAD","Feb 6, 2025"
"F","FORD CREDIT CANADA CO RegS","Financial","Fixed Income","2,038,791.99","0.07","2,038,791.99","1,910,000.00","1,910,000.00","104.21","United States","-","CAD","3.46","1.00","Feb 20, 2030","5.67","CAD","Feb 20, 2024"
"CCOCN","CAMECO CORPORATION","Industrial","Fixed Income","2,035,863.07","0.07","2,035,863.07","1,910,000.00","1,910,000.00","105.68","Canada","-","CAD","4.56","1.00","May 24, 2031","4.94","CAD","May 24, 2024"
"COAGAS","COASTAL GASLINK PIPELINE LP","Energy","Fixed Income","2,034,246.64","0.07","2,034,246.64","1,975,000.00","1,975,000.00","102.60","Canada","-","CAD","1.36","1.00","Jun 30, 2027","4.67","CAD","Jun 13, 2024"
"BIP","BROOKFIELD INFRASTRUCTURE FINANCE MTN RegS","Infrastructure","Fixed Income","2,033,383.21","0.07","2,033,383.21","2,030,000.00","2,030,000.00","99.92","Canada","-","CAD","4.47","1.00","Jan 6, 2031","3.70","CAD","Sep 24, 2025"
"SRUUCN","SMARTCENTRES REAL ESTATE INVESTMEN","Real Estate","Fixed Income","2,029,206.14","0.07","2,029,206.14","2,038,000.00","2,038,000.00","99.17","Canada","-","CAD","3.58","1.00","Dec 20, 2029","3.53","CAD","Dec 20, 2019"
"HYDONE","HYDRO ONE INC MTN","Infrastructure","Fixed Income","2,027,809.33","0.07","2,027,809.33","1,710,000.00","1,710,000.00","117.45","Canada","-","CAD","5.19","1.00","Jun 1, 2032","6.93","CAD","Jun 22, 2001"
"CP","CANADIAN PACIFIC RAILWAY COMPANY","Industrial","Fixed Income","2,027,261.31","0.07","2,027,261.31","1,990,000.00","1,990,000.00","101.35","Canada","-","CAD","5.54","1.00","Jun 13, 2032","4.00","CAD","Jun 13, 2025"
"BCECN","BELL CANADA MTN RegS","Communication","Fixed Income","2,026,646.26","0.07","2,026,646.26","1,985,000.00","1,985,000.00","99.64","Canada","-","CAD","13.92","1.00","Feb 9, 2053","5.15","CAD","Feb 9, 2023"
"CIXCN","CI FINANCIAL CORP RegS","Financial","Fixed Income","2,025,115.87","0.07","2,025,115.87","1,915,000.00","1,915,000.00","103.58","Canada","-","CAD","1.54","1.00","Sep 20, 2027","6.00","CAD","Sep 20, 2024"
"FTTCN","FINNING INTERNATIONAL INC RegS","Industrial","Fixed Income","2,024,251.91","0.07","2,024,251.91","1,905,000.00","1,905,000.00","104.03","Canada","-","CAD","2.71","1.00","Feb 13, 2029","4.78","CAD","Feb 13, 2024"
"TOYOTA","TOYOTA CREDIT CANADA INC MTN","Financial","Fixed Income","2,012,606.95","0.07","2,012,606.95","1,930,000.00","1,930,000.00","103.87","Canada","-","CAD","3.15","1.00","Jun 27, 2029","4.44","CAD","Jun 27, 2024"
"ONTPOW","ONTARIO POWER GENERATION INC MTN","Energy","Fixed Income","2,012,199.68","0.07","2,012,199.68","1,995,000.00","1,995,000.00","99.01","Canada","-","CAD","14.87","1.00","Mar 13, 2055","4.87","CAD","Mar 13, 2025"
"FTSCN","FORTIS INC","Infrastructure","Fixed Income","2,011,411.30","0.07","2,011,411.30","1,930,000.00","1,930,000.00","103.48","Canada","-","CAD","2.95","1.00","May 31, 2029","4.43","CAD","May 31, 2022"
"BCIMCR","BCIMC REALTY CORP","Real Estate","Fixed Income","2,007,844.20","0.07","2,007,844.20","1,982,000.00","1,982,000.00","100.30","Canada","-","CAD","0.99","1.00","Mar 31, 2027","3.00","CAD","Mar 31, 2017"
"VANAFF","VANCOUVER AIRPORT FUEL FACILITIES","Infrastructure","Fixed Income","1,999,477.29","0.07","1,999,477.29","1,975,000.00","1,975,000.00","100.65","Canada","-","CAD","3.95","1.00","Jun 4, 2030","3.81","CAD","Jun 4, 2025"
"TRPCN","TRANSCANADA TRUST","Energy","Fixed Income","1,998,121.85","0.07","1,998,121.85","2,005,000.00","2,005,000.00","97.94","Canada","-","CAD","4.31","1.00","Mar 4, 2081","4.20","CAD","Mar 4, 2021"
"VW","VW CREDIT CANADA INC","Financial","Fixed Income","1,995,568.85","0.07","1,995,568.85","1,925,000.00","1,925,000.00","101.77","Germany","-","CAD","1.47","1.00","Aug 19, 2027","4.21","CAD","Aug 19, 2024"
"SLFCN","SUN LIFE FINANCIAL INC","Financial","Fixed Income","1,990,879.97","0.07","1,990,879.97","1,854,000.00","1,854,000.00","106.47","Canada","-","CAD","8.45","1.00","May 29, 2042","5.40","CAD","May 29, 2007"
"GLCRTR_22-1","GLCRTR_22-1 RegS","Securitized","Fixed Income","1,983,945.36","0.07","1,983,945.36","1,890,000.00","1,890,000.00","103.18","Canada","-","CAD","1.55","1.00","Sep 20, 2027","4.96","CAD","Sep 27, 2022"
"IAGCN","IA FINANCIAL CORPORATION INC","Financial","Fixed Income","1,981,430.94","0.07","1,981,430.94","1,865,000.00","1,865,000.00","105.60","Canada","-","CAD","2.21","1.00","Jun 20, 2033","5.68","CAD","Jun 20, 2023"
"KEYCN","KEYERA CORP RegS","Energy","Fixed Income","1,980,367.99","0.07","1,980,367.99","1,945,000.00","1,945,000.00","100.28","Canada","-","CAD","7.64","1.00","Oct 15, 2035","4.57","CAD","Sep 29, 2025"
"NAVCAN","NAV CANADA","Infrastructure","Fixed Income","1,978,075.97","0.07","1,978,075.97","2,647,000.00","2,647,000.00","73.74","Canada","-","CAD","16.04","1.00","Sep 29, 2051","2.92","CAD","May 29, 2020"
"LBCN","LAURENTIAN BANK OF CANADA","Financial","Fixed Income","1,976,499.22","0.07","1,976,499.22","1,950,000.00","1,950,000.00","101.28","Canada","-","CAD","1.90","1.00","Jan 23, 2028","4.19","CAD","Jan 23, 2025"
"TERANE","TERANET HOLDINGS LP","Industrial","Fixed Income","1,974,442.61","0.07","1,974,442.61","1,906,000.00","1,906,000.00","102.90","Canada","-","CAD","9.93","1.00","Dec 17, 2040","5.75","CAD","Dec 16, 2010"
"CUCN","CU INC RegS","Energy","Fixed Income","1,973,841.23","0.07","1,973,841.23","1,940,000.00","1,940,000.00","99.96","Canada","-","CAD","15.19","1.00","Sep 16, 2055","4.79","CAD","Sep 16, 2025"
"CHPUCN","CHOICE PROPERTIES REAL ESTATE INVE RegS","Real Estate","Fixed Income","1,970,310.49","0.07","1,970,310.49","1,765,000.00","1,765,000.00","109.21","Canada","-","CAD","6.30","1.00","Feb 28, 2034","5.70","CAD","Aug 1, 2023"
"HYDONE","HYDRO ONE INC MTN RegS","Infrastructure","Fixed Income","1,968,899.45","0.07","1,968,899.45","1,900,000.00","1,900,000.00","101.76","Canada","-","CAD","7.62","1.00","Aug 24, 2035","4.30","CAD","Aug 25, 2025"
"SUCN","SUNCOR ENERGY INC MTN","Energy","Fixed Income","1,968,767.42","0.07","1,968,767.42","2,329,000.00","2,329,000.00","82.93","Canada","-","CAD","14.36","1.00","Mar 4, 2051","3.95","CAD","Mar 4, 2021"
"ETRHWY","407 INTERNATIONAL INC MTN RegS","Infrastructure","Fixed Income","1,968,322.23","0.07","1,968,322.23","1,940,000.00","1,940,000.00","100.12","Canada","-","CAD","7.78","1.00","Oct 3, 2035","4.11","CAD","Oct 3, 2025"
"IAGCN","IA FINANCIAL CORPORATION INC","Financial","Fixed Income","1,964,638.62","0.07","1,964,638.62","1,915,000.00","1,915,000.00","101.96","Canada","-","CAD","3.49","1.00","Dec 5, 2034","4.13","CAD","Dec 5, 2024"
"MRUCN","METRO INC MTN","Industrial","Fixed Income","1,957,155.01","0.07","1,957,155.01","2,139,000.00","2,139,000.00","90.83","Canada","-","CAD","13.43","1.00","Dec 4, 2047","4.27","CAD","Dec 4, 2017"
"BRUPOW","BRUCE POWER LP RegS","Energy","Fixed Income","1,954,949.52","0.07","1,954,949.52","2,016,000.00","2,016,000.00","96.45","Canada","-","CAD","13.60","1.00","Jun 21, 2049","4.75","CAD","Mar 25, 2019"
"LCN","LOBLAW COMPANIES LTD","Industrial","Fixed Income","1,954,953.72","0.07","1,954,953.72","1,879,000.00","1,879,000.00","101.97","Canada","-","CAD","14.41","1.00","Mar 4, 2054","5.12","CAD","Mar 4, 2024"
"BCECN","BELL CANADA 144A","Communication","Fixed Income","1,949,006.11","0.07","1,949,006.11","1,703,000.00","1,703,000.00","112.17","Canada","-","CAD","6.98","1.00","Mar 16, 2035","6.10","CAD","Mar 16, 2004"
"CCACN","COGECO COMMUNICATIONS INC","Communication","Fixed Income","1,940,013.62","0.07","1,940,013.62","2,010,000.00","2,010,000.00","95.45","Canada","-","CAD","5.08","1.00","Sep 22, 2031","2.99","CAD","Sep 20, 2021"
"GRTCN","GRANITE REIT HOLDINGS LP","Real Estate","Fixed Income","1,939,283.25","0.07","1,939,283.25","2,064,000.00","2,064,000.00","93.68","Canada","-","CAD","4.55","1.00","Dec 18, 2030","2.38","CAD","Dec 18, 2020"
"GM","GENERAL MOTORS FINANCIAL OF CANADA","Financial","Fixed Income","1,938,080.19","0.07","1,938,080.19","1,904,000.00","1,904,000.00","100.28","United States","-","CAD","0.96","1.00","Feb 8, 2027","3.15","CAD","Feb 8, 2022"
"ONTPOW","ONTARIO POWER GENERATION INC MTN","Energy","Fixed Income","1,937,715.84","0.07","1,937,715.84","2,128,000.00","2,128,000.00","90.92","Canada","-","CAD","13.92","1.00","Jan 18, 2049","4.25","CAD","Jan 18, 2019"
"PPLCN","PEMBINA PIPELINE CORP","Energy","Fixed Income","1,928,462.29","0.07","1,928,462.29","2,128,000.00","2,128,000.00","90.00","Canada","-","CAD","14.30","1.00","Dec 10, 2051","4.49","CAD","Dec 10, 2021"
"FTSCN","FORTIS INC","Infrastructure","Fixed Income","1,927,629.88","0.07","1,927,629.88","1,947,000.00","1,947,000.00","98.55","Canada","-","CAD","2.21","1.00","May 15, 2028","2.18","CAD","May 14, 2021"
"BAMREP","BROOKFIELD RENEWABLE PARTNERS ULC","Energy","Fixed Income","1,927,671.63","0.07","1,927,671.63","1,865,000.00","1,865,000.00","101.25","Canada","-","CAD","3.81","1.00","Sep 10, 2055","5.37","CAD","Jun 10, 2025"
"BCFERR","BRITISH COLUMBIA FERRY SERVICES IN 144A","Infrastructure","Fixed Income","1,927,037.97","0.07","1,927,037.97","1,645,000.00","1,645,000.00","115.28","Canada","-","CAD","6.75","1.00","Oct 13, 2034","6.25","CAD","Oct 13, 2004"
"ENBGAS","ENBRIDGE GAS INC MTN","Energy","Fixed Income","1,923,748.97","0.07","1,923,748.97","1,946,000.00","1,946,000.00","97.73","Canada","-","CAD","3.31","1.00","Aug 9, 2029","2.37","CAD","Aug 9, 2019"
"MMSPT","MINI MALL STORAGE PROPERTIES TRUST RegS","Real Estate","Fixed Income","1,921,127.05","0.07","1,921,127.05","1,900,000.00","1,900,000.00","100.41","Canada","-","CAD","2.65","1.00","Dec 1, 2028","4.28","CAD","Dec 1, 2025"
"HYOHI","HYDRO OTTAWA CAPITAL CORP","Infrastructure","Fixed Income","1,917,469.64","0.07","1,917,469.64","1,884,000.00","1,884,000.00","101.78","Canada","-","CAD","7.37","1.00","Jan 30, 2035","4.37","CAD","Jan 30, 2025"
"XCN","TMX GROUP LTD RegS","Financial","Fixed Income","1,914,243.44","0.07","1,914,243.44","1,775,000.00","1,775,000.00","105.66","Canada","-","CAD","5.04","1.00","Feb 18, 2032","4.84","CAD","Feb 16, 2024"
"BAMREP","BROOKFIELD RENEWABLE PARTNERS ULC MTN","Energy","Fixed Income","1,913,338.62","0.07","1,913,338.62","1,710,000.00","1,710,000.00","110.57","Canada","-","CAD","5.45","1.00","Nov 9, 2032","5.88","CAD","Nov 9, 2022"
"KEYCN","KEYERA CORP MTN","Energy","Fixed Income","1,910,529.42","0.07","1,910,529.42","1,783,000.00","1,783,000.00","105.45","Canada","-","CAD","5.12","1.00","Mar 28, 2032","5.02","CAD","Mar 28, 2022"
"CNRCN","CANADIAN NATIONAL RAILWAY COMPANY","Industrial","Fixed Income","1,908,535.86","0.07","1,908,535.86","1,884,000.00","1,884,000.00","100.81","Canada","-","CAD","3.99","1.00","Jun 10, 2030","3.50","CAD","Jun 10, 2025"
"LCN","LOBLAW COMPANIES LTD","Industrial","Fixed Income","1,907,257.99","0.07","1,907,257.99","1,833,000.00","1,833,000.00","103.44","Canada","-","CAD","2.46","1.00","Dec 11, 2028","4.49","CAD","Dec 10, 2018"
"CNRCN","CANADIAN NATIONAL RAILWAY COMPANY","Industrial","Fixed Income","1,905,392.88","0.07","1,905,392.88","1,820,000.00","1,820,000.00","103.72","Canada","-","CAD","6.10","1.00","May 10, 2033","4.40","CAD","May 10, 2023"
"TRPCN","TRANSCANADA PIPELINES LIMITED MTN","Energy","Fixed Income","1,904,937.40","0.07","1,904,937.40","1,436,000.00","1,436,000.00","128.99","Canada","-","CAD","8.45","1.00","Feb 17, 2039","8.05","CAD","Feb 17, 2009"
"HYDONE","HYDRO ONE INC MTN","Infrastructure","Fixed Income","1,904,589.09","0.07","1,904,589.09","1,956,000.00","1,956,000.00","96.45","Canada","-","CAD","3.83","1.00","Feb 28, 2030","2.16","CAD","Feb 28, 2020"
"CUCN","CU INC","Energy","Fixed Income","1,902,270.66","0.07","1,902,270.66","2,509,000.00","2,509,000.00","74.64","Canada","-","CAD","15.21","1.00","Sep 7, 2049","2.96","CAD","Sep 5, 2019"
"NRMPIP","NORTHRIVER MIDSTREAM PIPESTONE LP","Infrastructure","Fixed Income","1,900,865.60","0.07","1,900,865.60","1,900,000.00","1,900,000.00","98.91","Canada","-","CAD","5.29","1.00","Mar 10, 2039","4.86","CAD","Nov 6, 2025"
"GEICN","GIBSON ENERGY INC RegS","Energy","Fixed Income","1,898,040.93","0.07","1,898,040.93","1,835,000.00","1,835,000.00","101.45","Canada","-","CAD","5.52","1.00","Aug 20, 2032","4.45","CAD","Aug 20, 2025"
"ALCTRA","ALECTRA INC","Infrastructure","Fixed Income","1,894,752.39","0.07","1,894,752.39","1,830,000.00","1,830,000.00","102.45","Canada","-","CAD","7.14","1.00","Oct 30, 2034","4.31","CAD","Oct 30, 2024"
"ETRHWY","407 INTERNATIONAL INC MTN","Infrastructure","Fixed Income","1,889,522.03","0.07","1,889,522.03","1,973,000.00","1,973,000.00","95.30","Canada","-","CAD","5.73","1.00","May 25, 2032","2.59","CAD","May 22, 2020"
"IPLCN","INTER PIPELINE LTD MTN","Energy","Fixed Income","1,888,305.39","0.07","1,888,305.39","2,048,000.00","2,048,000.00","91.43","Canada","-","CAD","11.76","1.00","May 30, 2044","4.64","CAD","May 30, 2014"
"TOYOTA","TOYOTA CREDIT CANADA INC MTN","Financial","Fixed Income","1,883,964.29","0.06","1,883,964.29","1,846,000.00","1,846,000.00","101.34","Canada","-","CAD","3.93","1.00","May 21, 2030","3.74","CAD","May 21, 2025"
"ALTALK","ALTALINK LP MTN","Infrastructure","Fixed Income","1,880,955.58","0.06","1,880,955.58","2,147,000.00","2,147,000.00","87.02","Canada","-","CAD","13.63","1.00","Dec 3, 2046","3.72","CAD","Dec 1, 2016"
"DFYCN","DEFINITY FINANCIAL CORP RegS","Financial","Fixed Income","1,880,316.34","0.06","1,880,316.34","1,850,000.00","1,850,000.00","99.95","Canada","-","CAD","7.63","1.00","Sep 12, 2035","4.39","CAD","Sep 12, 2025"
"AERMON","MONTREAL AIRPORTS","Infrastructure","Fixed Income","1,878,840.47","0.06","1,878,840.47","2,291,000.00","2,291,000.00","81.10","Canada","-","CAD","15.32","1.00","Apr 26, 2051","3.44","CAD","Apr 26, 2021"
"REIUCN","RIOCAN REAL ESTATE INVESTMENT TRUS","Real Estate","Fixed Income","1,878,152.66","0.06","1,878,152.66","1,890,000.00","1,890,000.00","98.73","Canada","-","CAD","2.63","1.00","Nov 8, 2028","2.83","CAD","Nov 8, 2021"
"BAMREP","BROOKFIELD RENEWABLE PARTNERS ULC MTN","Energy","Fixed Income","1,875,054.70","0.06","1,875,054.70","1,833,000.00","1,833,000.00","100.93","Canada","-","CAD","7.66","1.00","Oct 12, 2035","4.54","CAD","Mar 12, 2025"
"ETRHWY","407 INTERNATIONAL INC MTN RegS","Infrastructure","Fixed Income","1,874,532.18","0.06","1,874,532.18","1,840,000.00","1,840,000.00","100.31","Canada","-","CAD","15.22","1.00","Oct 3, 2055","4.81","CAD","Oct 3, 2025"
"HYDONE","HYDRO ONE INC MTN","Infrastructure","Fixed Income","1,874,689.02","0.06","1,874,689.02","1,963,000.00","1,963,000.00","94.68","Canada","-","CAD","5.18","1.00","Sep 17, 2031","2.23","CAD","Sep 17, 2021"
"RLNCE","RELIANCE LP","Industrial","Fixed Income","1,874,153.41","0.06","1,874,153.41","1,875,000.00","1,875,000.00","98.62","Canada","-","CAD","2.37","1.00","Aug 1, 2028","2.67","CAD","Apr 14, 2021"
"PLEBCA","PLENARY HEALTH BRIDGEPOINT LP","Infrastructure","Fixed Income","1,871,838.33","0.06","1,871,838.33","1,528,900.00","1,528,900.00","119.41","Canada","-","CAD","7.01","1.00","Aug 31, 2042","7.25","CAD","Aug 11, 2009"
"ENBGAS","ENBRIDGE GAS INC MTN","Energy","Fixed Income","1,871,188.09","0.06","1,871,188.09","1,650,000.00","1,650,000.00","111.59","Canada","-","CAD","6.08","1.00","Oct 6, 2033","5.70","CAD","Oct 6, 2023"
"TIHCN","TOROMONT INDUSTRIES LTD RegS","Industrial","Fixed Income","1,867,426.15","0.06","1,867,426.15","1,826,000.00","1,826,000.00","100.99","Canada","-","CAD","3.78","1.00","Mar 28, 2030","3.76","CAD","Mar 28, 2025"
"DOLCN","DOLLARAMA INC","Industrial","Fixed Income","1,864,636.69","0.06","1,864,636.69","1,730,000.00","1,730,000.00","106.42","Canada","-","CAD","3.65","1.00","Apr 26, 2030","5.17","CAD","Oct 26, 2022"
"TOYOTA","TOYOTA CREDIT CANADA INC MTN","Financial","Fixed Income","1,864,874.79","0.06","1,864,874.79","1,820,000.00","1,820,000.00","100.82","Canada","-","CAD","4.11","1.00","Aug 19, 2030","3.65","CAD","Aug 18, 2025"
"CUCN","CU INC","Energy","Fixed Income","1,863,913.95","0.06","1,863,913.95","2,049,000.00","2,049,000.00","90.93","Canada","-","CAD","13.00","1.00","Jul 27, 2045","3.96","CAD","Jul 27, 2015"
"EPCOR","EPCOR UTILITIES INC MTN","Infrastructure","Fixed Income","1,859,371.57","0.06","1,859,371.57","1,845,000.00","1,845,000.00","98.84","Canada","-","CAD","14.50","1.00","Sep 2, 2052","4.72","CAD","Sep 2, 2022"
"DIRUCN","DREAM INDUSTRIAL REAL ESTATE INVES","Real Estate","Fixed Income","1,857,314.83","0.06","1,857,314.83","1,871,000.00","1,871,000.00","99.02","Canada","-","CAD","1.35","1.00","Jun 17, 2027","2.06","CAD","Jun 17, 2021"
"PMZUCN","PRIMARIS REAL ESTATE INVESTMENT TR RegS","Real Estate","Fixed Income","1,855,998.61","0.06","1,855,998.61","1,840,000.00","1,840,000.00","99.68","Canada","-","CAD","4.21","1.00","Oct 9, 2030","3.85","CAD","Oct 9, 2025"
"IFCCN","INTACT FINANCIAL CORP MTN","Financial","Fixed Income","1,851,467.52","0.06","1,851,467.52","1,765,000.00","1,765,000.00","103.94","Canada","-","CAD","3.01","1.00","May 16, 2034","4.65","CAD","May 16, 2024"
"ETRHWY","407 INTERNATIONAL INC MTN","Infrastructure","Fixed Income","1,850,662.65","0.06","1,850,662.65","1,915,000.00","1,915,000.00","94.92","Canada","-","CAD","14.69","1.00","Sep 11, 2052","4.45","CAD","Mar 5, 2025"
"GM","GENERAL MOTORS FINANCIAL OF CANADA","Financial","Fixed Income","1,846,742.06","0.06","1,846,742.06","1,762,000.00","1,762,000.00","102.88","United States","-","CAD","3.62","1.00","Feb 25, 2030","4.45","CAD","Feb 25, 2025"
"SSLFIN","SSL FINANCE INC","Infrastructure","Fixed Income","1,841,693.18","0.06","1,841,693.18","1,923,889.00","1,923,889.00","94.71","Canada","-","CAD","8.09","1.00","Oct 31, 2045","4.10","CAD","Jun 19, 2015"
"CAAIAU","CALGARY AIRPORT AUTHORITY","Infrastructure","Fixed Income","1,840,612.20","0.06","1,840,612.20","2,006,000.00","2,006,000.00","90.75","Canada","-","CAD","8.76","1.00","Oct 7, 2036","3.20","CAD","Oct 7, 2021"
"NRMPIP","NORTHRIVER MIDSTREAM PIPESTONE LP","Infrastructure","Fixed Income","1,835,910.19","0.06","1,835,910.19","1,852,283.00","1,852,283.00","98.85","Canada","-","CAD","5.51","1.00","Mar 10, 2039","4.87","CAD","Nov 6, 2025"
"NACN","CANADIAN WESTERN BANK","Financial","Fixed Income","1,833,775.25","0.06","1,833,775.25","1,765,000.00","1,765,000.00","103.66","Canada","-","CAD","2.31","1.00","Jul 11, 2028","4.57","CAD","Jul 11, 2024"
"PPLCN","PEMBINA PIPELINE CORP MTN","Energy","Fixed Income","1,830,339.75","0.06","1,830,339.75","1,886,000.00","1,886,000.00","95.85","Canada","-","CAD","11.32","1.00","Apr 30, 2043","4.75","CAD","Apr 30, 2013"
"CHPUCN","CHOICE PROPERTIES REAL ESTATE INVE","Real Estate","Fixed Income","1,828,713.38","0.06","1,828,713.38","1,770,000.00","1,770,000.00","101.10","Canada","-","CAD","7.46","1.00","Aug 8, 2035","4.63","CAD","Aug 8, 2025"
"HYDONE","HYDRO ONE LTD","Infrastructure","Fixed Income","1,828,569.11","0.06","1,828,569.11","1,856,000.00","1,856,000.00","98.11","Canada","-","CAD","1.66","1.00","Oct 15, 2027","1.41","CAD","Oct 15, 2020"
"ENMAXC","ENMAX CORP","Infrastructure","Fixed Income","1,826,816.35","0.06","1,826,816.35","1,791,000.00","1,791,000.00","101.41","Canada","-","CAD","2.08","1.00","Jun 5, 2028","3.84","CAD","May 31, 2018"
"HYDONE","HYDRO ONE INC MTN","Infrastructure","Fixed Income","1,823,191.10","0.06","1,823,191.10","1,705,000.00","1,705,000.00","105.07","Canada","-","CAD","8.44","1.00","Mar 13, 2037","4.89","CAD","Mar 13, 2007"
"KEYCN","KEYERA CORP","Energy","Fixed Income","1,822,831.30","0.06","1,822,831.30","1,788,000.00","1,788,000.00","101.52","Canada","-","CAD","2.11","1.00","Jun 21, 2028","3.93","CAD","Jun 19, 2018"
"ENBPIP","ENBRIDGE PIPELINES INC MTN","Energy","Fixed Income","1,822,581.96","0.06","1,822,581.96","1,921,000.00","1,921,000.00","93.34","Canada","-","CAD","12.32","1.00","Sep 29, 2045","4.55","CAD","Sep 29, 2015"
"HYDONE","HYDRO ONE INC RegS","Infrastructure","Fixed Income","1,817,925.15","0.06","1,817,925.15","1,770,000.00","1,770,000.00","102.67","Canada","-","CAD","5.98","1.00","Jan 27, 2033","4.16","CAD","Jan 27, 2023"
"RLNCE","RELIANCE LP","Industrial","Fixed Income","1,818,049.98","0.06","1,818,049.98","1,700,000.00","1,700,000.00","105.85","Canada","-","CAD","4.50","1.00","May 15, 2031","5.25","CAD","May 15, 2024"
"HYNMTR","HYUNDAI CAPITAL CANADA INC","Financial","Fixed Income","1,815,213.36","0.06","1,815,213.36","1,774,000.00","1,774,000.00","102.27","Canada","-","CAD","1.43","1.00","Jul 26, 2027","4.49","CAD","Jul 24, 2024"
"CNRCN","CANADIAN NATIONAL RAILWAY COMPANY","Industrial","Fixed Income","1,812,281.65","0.06","1,812,281.65","2,130,000.00","2,130,000.00","83.36","Canada","-","CAD","14.27","1.00","Feb 8, 2049","3.60","CAD","Feb 8, 2019"
"THPMCN","TRILLIUM M PROJECT CO GENERAL PART","Infrastructure","Fixed Income","1,807,751.52","0.06","1,807,751.52","1,730,000.00","1,730,000.00","103.32","Canada","-","CAD","9.48","1.00","Apr 30, 2043","4.70","CAD","Jul 10, 2025"
"GIBACN","CGI INC","Industrial","Fixed Income","1,806,424.20","0.06","1,806,424.20","1,751,000.00","1,751,000.00","101.56","Canada","-","CAD","1.53","1.00","Sep 5, 2027","3.99","CAD","Sep 5, 2024"
"DIRUCN","DREAM INDUSTRIAL REAL ESTATE INVES","Real Estate","Fixed Income","1,806,115.85","0.06","1,806,115.85","1,700,000.00","1,700,000.00","104.32","Canada","-","CAD","1.92","1.00","Mar 22, 2028","5.38","CAD","Mar 22, 2023"
"ONTPOW","ONTARIO POWER GENERATION INC MTN","Energy","Fixed Income","1,800,540.05","0.06","1,800,540.05","2,466,000.00","2,466,000.00","71.71","Canada","-","CAD","15.56","1.00","Feb 21, 2051","2.95","CAD","Feb 4, 2021"
"AVNLV","AVENUE LIVING (2014) LP RegS","Real Estate","Fixed Income","1,793,990.79","0.06","1,793,990.79","1,750,000.00","1,750,000.00","100.94","Canada","-","CAD","2.46","1.00","Sep 25, 2028","4.52","CAD","Sep 25, 2025"
"CAAIAU","CALGARY AIRPORT AUTHORITY","Infrastructure","Fixed Income","1,787,263.74","0.06","1,787,263.74","2,140,000.00","2,140,000.00","82.40","Canada","-","CAD","15.31","1.00","Oct 7, 2051","3.55","CAD","Oct 7, 2021"
"F","FORD CREDIT CANADA CO RegS","Financial","Fixed Income","1,781,704.13","0.06","1,781,704.13","1,703,000.00","1,703,000.00","103.58","United States","-","CAD","4.50","1.00","May 23, 2031","5.58","CAD","May 23, 2024"
"ENBCN","ENBRIDGE INC 60NC5 RegS","Energy","Fixed Income","1,779,019.44","0.06","1,779,019.44","1,600,000.00","1,600,000.00","110.84","Canada","-","CAD","2.45","1.00","Jan 15, 2084","8.49","CAD","Sep 29, 2023"
"BCECN","BELL CANADA MTN","Communication","Fixed Income","1,773,040.34","0.06","1,773,040.34","1,528,000.00","1,528,000.00","113.38","Canada","-","CAD","8.01","1.00","Feb 26, 2037","6.17","CAD","Feb 26, 2007"
"ENBPIP","ENBRIDGE PIPELINES INC MTN","Energy","Fixed Income","1,772,302.13","0.06","1,772,302.13","1,690,000.00","1,690,000.00","103.18","Canada","-","CAD","9.78","1.00","Apr 6, 2040","5.33","CAD","Apr 6, 2010"
"HNDA","HONDA CANADA FINANCE INC","Financial","Fixed Income","1,771,016.01","0.06","1,771,016.01","1,654,000.00","1,654,000.00","104.90","Canada","-","CAD","2.79","1.00","Feb 21, 2029","4.90","CAD","Feb 21, 2024"
"F","FORD CREDIT CANADA CO RegS","Financial","Fixed Income","1,768,976.85","0.06","1,768,976.85","1,650,000.00","1,650,000.00","105.79","United States","-","CAD","2.46","1.00","Nov 10, 2028","6.38","CAD","Nov 10, 2023"
"OXPROP","OXFORD PROPERTIES GROUP TRUST","Real Estate","Fixed Income","1,767,548.12","0.06","1,767,548.12","1,710,000.00","1,710,000.00","102.68","Canada","-","CAD","5.45","1.00","Jun 4, 2032","4.39","CAD","Jun 5, 2025"
"GTAAIR","GREATER TORONTO AIRPORTS AUTHORITY","Infrastructure","Fixed Income","1,765,478.80","0.06","1,765,478.80","2,260,000.00","2,260,000.00","77.11","Canada","-","CAD","15.78","1.00","Oct 5, 2051","3.15","CAD","Oct 5, 2021"
"PPLCN","PEMBINA PIPELINE CORP","Energy","Fixed Income","1,764,814.88","0.06","1,764,814.88","1,885,000.00","1,885,000.00","92.82","Canada","-","CAD","13.75","1.00","May 28, 2050","4.67","CAD","May 28, 2020"
"NVLAUT","NOUVELLE AUTOROUTE 30 FINANCEMENT","Infrastructure","Fixed Income","1,764,562.74","0.06","1,764,562.74","1,865,163.00","1,865,163.00","93.23","Canada","-","CAD","8.93","1.00","Mar 31, 2042","4.11","CAD","Jun 14, 2018"
"CUCN","CANADIAN UTILITIES LTD RegS","Energy","Fixed Income","1,760,826.19","0.06","1,760,826.19","1,720,000.00","1,720,000.00","101.93","Canada","-","CAD","7.58","1.00","Jun 24, 2035","4.41","CAD","Jun 24, 2025"
"HYDONE","HYDRO ONE INC MTN","Infrastructure","Fixed Income","1,760,261.35","0.06","1,760,261.35","1,756,000.00","1,756,000.00","98.82","Canada","-","CAD","11.69","1.00","Oct 9, 2043","4.59","CAD","Oct 9, 2013"
"HYNMTR","HYUNDAI CAPITAL CANADA INC RegS","Financial","Fixed Income","1,749,834.01","0.06","1,749,834.01","1,710,000.00","1,710,000.00","100.88","Canada","-","CAD","2.44","1.00","Sep 5, 2028","3.57","CAD","Sep 4, 2025"
"IFCCN","INTACT FINANCIAL CORP MTN RegS","Financial","Fixed Income","1,747,135.57","0.06","1,747,135.57","1,763,000.00","1,763,000.00","98.66","Canada","-","CAD","2.21","1.00","May 18, 2028","2.18","CAD","May 18, 2021"
"HYDONE","HYDRO ONE INC.","Infrastructure","Fixed Income","1,744,805.84","0.06","1,744,805.84","1,493,000.00","1,493,000.00","115.70","Canada","-","CAD","3.75","1.00","Jun 3, 2030","7.35","CAD","Jun 1, 2000"
"TIHCN","TOROMONT INDUSTRIES LTD.","Industrial","Fixed Income","1,742,944.50","0.06","1,742,944.50","1,705,000.00","1,705,000.00","101.23","Canada","-","CAD","1.45","1.00","Oct 27, 2027","3.84","CAD","Oct 27, 2017"
"CNHI","CNH INDUSTRIAL CAPITAL CANADA LTD","Financial","Fixed Income","1,742,381.61","0.06","1,742,381.61","1,680,000.00","1,680,000.00","102.04","United States","-","CAD","1.10","1.00","Mar 25, 2027","4.80","CAD","Mar 25, 2024"
"EQBCN","EQUITABLE BANK","Financial","Fixed Income","1,741,626.82","0.06","1,741,626.82","1,720,000.00","1,720,000.00","100.74","Canada","-","CAD","2.98","1.00","Apr 12, 2029","3.87","CAD","Dec 12, 2025"
"CPXCN","CAPITAL POWER CORP MTN","Energy","Fixed Income","1,741,641.85","0.06","1,741,641.85","1,825,000.00","1,825,000.00","94.39","Canada","-","CAD","5.88","1.00","Oct 1, 2032","3.15","CAD","Oct 1, 2020"
"CNRCN","CANADIAN NATIONAL RAILWAY COMPANY","Industrial","Fixed Income","1,739,750.18","0.06","1,739,750.18","2,037,000.00","2,037,000.00","83.62","Canada","-","CAD","14.08","1.00","Jul 31, 2048","3.60","CAD","Jul 31, 2018"
"QBRCN","VIDEOTRON LTD RegS","Communication","Fixed Income","1,739,779.38","0.06","1,739,779.38","1,650,000.00","1,650,000.00","105.24","Canada","-","CAD","6.83","1.00","Jul 15, 2034","5.00","CAD","Jun 21, 2024"
"CUCN","CU INC","Energy","Fixed Income","1,737,671.19","0.06","1,737,671.19","1,740,000.00","1,740,000.00","98.06","Canada","-","CAD","15.04","1.00","Sep 11, 2054","4.66","CAD","Sep 11, 2024"
"BNCN","BROOKFIELD ASSET MANAGEMENT INC.","Industrial","Fixed Income","1,737,724.77","0.06","1,737,724.77","1,553,000.00","1,553,000.00","111.13","Canada","-","CAD","7.24","1.00","Jun 14, 2035","5.95","CAD","Jun 14, 2005"
"WCPCN","WHITECAP RESOURCES INC","Energy","Fixed Income","1,736,538.20","0.06","1,736,538.20","1,675,000.00","1,675,000.00","102.59","Canada","-","CAD","3.39","1.00","Nov 1, 2029","4.38","CAD","Nov 1, 2024"
"VW","VW CREDIT CANADA INC RegS","Financial","Fixed Income","1,735,564.51","0.06","1,735,564.51","1,638,000.00","1,638,000.00","104.74","Germany","-","CAD","1.69","1.00","Nov 15, 2027","5.86","CAD","Nov 15, 2022"
"NSIUCN","NOVA SCOTIA POWER INC MTN","Infrastructure","Fixed Income","1,734,977.18","0.06","1,734,977.18","2,130,000.00","2,130,000.00","80.31","Canada","-","CAD","14.31","1.00","Apr 5, 2049","3.57","CAD","Apr 4, 2019"
"FFHCN","FAIRFAX FINANCIAL HOLDINGS LTD","Financial","Fixed Income","1,735,017.59","0.06","1,735,017.59","1,695,000.00","1,695,000.00","100.30","Canada","-","CAD","7.53","1.00","Aug 14, 2035","4.45","CAD","Aug 14, 2025"
"CHPUCN","CHOICE PROPERTIES REAL ESTATE INVE","Real Estate","Fixed Income","1,732,798.21","0.06","1,732,798.21","1,685,000.00","1,685,000.00","102.67","Canada","-","CAD","3.60","1.00","Jan 16, 2030","4.29","CAD","Jan 16, 2025"
"F","FORD CREDIT CANADA CO","Financial","Fixed Income","1,732,058.28","0.06","1,732,058.28","1,676,000.00","1,676,000.00","101.51","United States","-","CAD","3.24","1.00","Sep 12, 2029","4.79","CAD","Sep 12, 2024"
"ETRHWY","407 INTERNATIONAL INC. MTN","Infrastructure","Fixed Income","1,729,777.19","0.06","1,729,777.19","2,025,000.00","2,025,000.00","84.73","Canada","-","CAD","13.86","1.00","May 21, 2047","3.60","CAD","May 19, 2016"
"ALACN","ALTAGAS LTD MTN RegS","Energy","Fixed Income","1,727,015.70","0.06","1,727,015.70","1,600,000.00","1,600,000.00","105.99","Canada","-","CAD","6.46","1.00","Mar 14, 2034","5.14","CAD","Mar 14, 2024"
"ETRHWY","407 INTERNATIONAL INC MTN","Infrastructure","Fixed Income","1,725,509.46","0.06","1,725,509.46","1,928,000.00","1,928,000.00","87.96","Canada","-","CAD","15.10","1.00","Sep 11, 2052","3.98","CAD","Sep 11, 2012"
"LOWMAT","LOWER MATTAGAMI ENERGY LP","Infrastructure","Fixed Income","1,722,145.72","0.06","1,722,145.72","1,617,000.00","1,617,000.00","105.47","Canada","-","CAD","10.53","1.00","May 18, 2041","5.14","CAD","May 17, 2011"
"BCECN","BELL CANADA MTN","Communication","Fixed Income","1,720,745.35","0.06","1,720,745.35","1,760,000.00","1,760,000.00","96.17","Canada","-","CAD","11.84","1.00","Sep 29, 2044","4.75","CAD","Sep 29, 2014"
"CUCN","CU INC MTN","Energy","Fixed Income","1,715,650.03","0.06","1,715,650.03","1,913,000.00","1,913,000.00","88.95","Canada","-","CAD","14.11","1.00","Nov 23, 2048","3.95","CAD","Nov 21, 2018"
"F","FORD CREDIT CANADA CO","Financial","Fixed Income","1,715,686.22","0.06","1,715,686.22","1,700,000.00","1,700,000.00","100.63","United States","-","CAD","5.09","1.00","Jan 9, 2032","5.05","CAD","Jan 9, 2025"
"HYDONE","HYDRO ONE INC MTN","Infrastructure","Fixed Income","1,710,741.02","0.06","1,710,741.02","1,869,000.00","1,869,000.00","89.82","Canada","-","CAD","13.03","1.00","Feb 23, 2046","3.91","CAD","Feb 24, 2016"
"ETRHWY","407 INTERNATIONAL INC MTN","Infrastructure","Fixed Income","1,709,665.95","0.06","1,709,665.95","1,641,000.00","1,641,000.00","102.23","Canada","-","CAD","1.92","1.00","Feb 14, 2028","4.22","CAD","Sep 7, 2022"
"GWOCN","GREAT-WEST LIFECO INC","Financial","Fixed Income","1,701,388.55","0.06","1,701,388.55","1,501,000.00","1,501,000.00","112.12","Canada","-","CAD","9.49","1.00","Nov 16, 2039","6.00","CAD","Nov 16, 2009"
"ENBCN","ENBRIDGE INC MTN","Energy","Fixed Income","1,697,746.56","0.06","1,697,746.56","1,659,000.00","1,659,000.00","100.80","Canada","-","CAD","1.96","1.00","Feb 25, 2028","3.55","CAD","Feb 25, 2025"
"GEICN","GIBSON ENERGY INC MTN RegS","Energy","Fixed Income","1,697,268.67","0.06","1,697,268.67","1,560,000.00","1,560,000.00","108.52","Canada","-","CAD","5.99","1.00","Jul 12, 2033","5.75","CAD","Jul 12, 2023"
"BMW","BMW CANADA INC MTN RegS","Industrial","Fixed Income","1,695,195.34","0.06","1,695,195.34","1,653,000.00","1,653,000.00","101.06","Germany","-","CAD","3.31","1.00","Sep 5, 2029","3.70","CAD","Sep 5, 2025"
"FFHCN","FAIRFAX FINANCIAL HOLDINGS LTD","Financial","Fixed Income","1,694,591.82","0.06","1,694,591.82","1,670,000.00","1,670,000.00","99.11","Canada","-","CAD","14.52","1.00","Aug 16, 2055","5.10","CAD","Aug 14, 2025"
"HYNMTR","HYUNDAI CAPITAL CANADA INC","Financial","Fixed Income","1,694,821.70","0.06","1,694,821.70","1,585,000.00","1,585,000.00","104.49","Canada","-","CAD","2.66","1.00","Jan 31, 2029","4.89","CAD","Jan 31, 2024"
"HNDA","HONDA CANADA FINANCE INC","Financial","Fixed Income","1,692,465.37","0.06","1,692,465.37","1,560,000.00","1,560,000.00","106.54","Canada","-","CAD","2.43","1.00","Sep 28, 2028","5.73","CAD","Sep 28, 2023"
"VW","VW CREDIT CANADA INC RegS","Financial","Fixed Income","1,688,849.83","0.06","1,688,849.83","1,675,000.00","1,675,000.00","100.08","Germany","-","CAD","4.34","1.00","Nov 19, 2030","3.81","CAD","Nov 19, 2025"
"ENBPIP","ENBRIDGE PIPELINES INC MTN","Energy","Fixed Income","1,687,909.02","0.06","1,687,909.02","1,736,000.00","1,736,000.00","96.62","Canada","-","CAD","4.83","1.00","May 12, 2031","2.82","CAD","May 12, 2021"
"ALACN","ALTAGAS LTD MTN","Energy","Fixed Income","1,685,445.74","0.06","1,685,445.74","1,621,000.00","1,621,000.00","103.69","Canada","-","CAD","2.67","1.00","Jan 8, 2029","4.67","CAD","Jan 8, 2024"
"BIP","BROOKFIELD INFRASTRUCTURE FINANCE","Infrastructure","Fixed Income","1,683,038.17","0.06","1,683,038.17","1,540,000.00","1,540,000.00","107.84","Canada","-","CAD","6.51","1.00","Apr 25, 2034","5.44","CAD","Apr 25, 2022"
"FNCN","FIRST NATIONAL FINANCIAL CORP RegS","Financial","Fixed Income","1,679,794.54","0.06","1,679,794.54","1,620,000.00","1,620,000.00","102.36","Canada","-","CAD","4.14","1.00","Oct 23, 2030","4.89","CAD","Oct 23, 2025"
"CNRCN","CANADIAN NATIONAL RAILWAY COMPANY","Industrial","Fixed Income","1,676,689.26","0.06","1,676,689.26","1,836,000.00","1,836,000.00","89.92","Canada","-","CAD","12.86","1.00","Sep 22, 2045","3.95","CAD","Sep 22, 2015"
"ETRHWY","407 INTERNATIONAL INC.","Infrastructure","Fixed Income","1,674,379.95","0.06","1,674,379.95","1,667,000.00","1,667,000.00","99.86","Canada","-","CAD","1.21","1.00","May 4, 2027","2.43","CAD","Nov 4, 2016"
"ENMAXC","ENMAX CORP RegS","Infrastructure","Fixed Income","1,671,562.47","0.06","1,671,562.47","1,600,000.00","1,600,000.00","103.02","Canada","-","CAD","6.98","1.00","Oct 9, 2034","4.70","CAD","Oct 9, 2024"
"VW","VW CREDIT CANADA INC","Financial","Fixed Income","1,669,485.52","0.06","1,669,485.52","1,590,000.00","1,590,000.00","103.03","Germany","-","CAD","3.22","1.00","Aug 20, 2029","4.42","CAD","Aug 19, 2024"
"SRUUCN","SMARTCENTRES REAL ESTATE INVESTMEN","Real Estate","Fixed Income","1,667,577.08","0.06","1,667,577.08","1,555,000.00","1,555,000.00","104.67","Canada","-","CAD","3.93","1.00","Aug 1, 2030","5.16","CAD","Aug 1, 2024"
"ENBPIP","ENBRIDGE PIPELINES INC MTN","Energy","Fixed Income","1,665,047.72","0.06","1,665,047.72","1,480,000.00","1,480,000.00","109.86","Canada","-","CAD","13.71","1.00","Aug 17, 2053","5.82","CAD","Aug 17, 2023"
"BCECN","BELL CANADA MTN RegS","Communication","Fixed Income","1,660,930.65","0.06","1,660,930.65","1,816,000.00","1,816,000.00","90.95","Canada","-","CAD","12.66","1.00","Dec 18, 2045","4.35","CAD","Mar 30, 2015"
"TOYOTA","TOYOTA CREDIT CANADA INC MTN RegS","Financial","Fixed Income","1,655,786.88","0.06","1,655,786.88","1,574,000.00","1,574,000.00","104.94","Canada","-","CAD","2.30","1.00","Jul 12, 2028","5.16","CAD","Jul 12, 2023"
"LCN","LOBLAW COMPANIES LTD","Industrial","Fixed Income","1,651,769.49","0.06","1,651,769.49","1,542,000.00","1,542,000.00","105.09","Canada","-","CAD","13.94","1.00","Sep 13, 2052","5.34","CAD","Sep 13, 2022"
"MFCCN","MANULIFE BANK OF CANADA","Financial","Fixed Income","1,650,593.51","0.06","1,650,593.51","1,610,000.00","1,610,000.00","100.86","Canada","-","CAD","4.08","1.00","Aug 19, 2030","3.69","CAD","Aug 19, 2025"
"FTSCN","FORTISALBERTA INC","Infrastructure","Fixed Income","1,648,027.06","0.06","1,648,027.06","1,611,000.00","1,611,000.00","101.44","Canada","-","CAD","14.94","1.00","May 27, 2054","4.90","CAD","May 27, 2024"
"HYDONE","HYDRO ONE INC MTN","Infrastructure","Fixed Income","1,641,284.93","0.06","1,641,284.93","1,749,000.00","1,749,000.00","93.78","Canada","-","CAD","4.70","1.00","Jan 16, 2031","1.69","CAD","Oct 9, 2020"
"AERMON","AEROPORTS DE MONTREAL","Infrastructure","Fixed Income","1,639,696.26","0.06","1,639,696.26","1,804,000.00","1,804,000.00","90.37","Canada","-","CAD","12.88","1.00","Jun 12, 2045","3.92","CAD","Jun 12, 2015"
"TCN","TELUS CORPORATION","Communication","Fixed Income","1,638,009.53","0.06","1,638,009.53","1,609,000.00","1,609,000.00","100.89","Canada","-","CAD","11.39","1.00","Nov 26, 2043","5.15","CAD","Nov 26, 2013"
"ENBGAS","ENBRIDGE GAS INC MTN","Energy","Fixed Income","1,634,678.49","0.06","1,634,678.49","1,593,000.00","1,593,000.00","101.68","Canada","-","CAD","14.00","1.00","Nov 22, 2050","4.95","CAD","Nov 22, 2010"
"VW","VW CREDIT CANADA INC RegS","Financial","Fixed Income","1,632,125.09","0.06","1,632,125.09","1,510,000.00","1,510,000.00","106.02","Germany","-","CAD","2.41","1.00","Sep 20, 2028","5.73","CAD","Sep 20, 2023"
"GWOCN","GREAT-WEST LIFECO INC","Financial","Fixed Income","1,626,679.07","0.06","1,626,679.07","2,217,000.00","2,217,000.00","73.19","Canada","-","CAD","15.60","1.00","Jul 8, 2050","2.98","CAD","Jul 8, 2020"
"EQBCN","EQUITABLE BANK","Financial","Fixed Income","1,626,514.47","0.06","1,626,514.47","1,600,000.00","1,600,000.00","101.19","Canada","-","CAD","1.80","1.00","Dec 17, 2027","3.91","CAD","Dec 17, 2024"
"ENBPIP","ENBRIDGE PIPELINES INC MTN","Energy","Fixed Income","1,625,535.10","0.06","1,625,535.10","1,854,000.00","1,854,000.00","86.77","Canada","-","CAD","14.36","1.00","May 12, 2051","4.20","CAD","May 12, 2021"
"GTAAIR","GREATER TORONTO AIRPORTS AUTHORITY MTN 144A","Infrastructure","Fixed Income","1,624,578.05","0.06","1,624,578.05","1,625,000.00","1,625,000.00","99.24","Canada","-","CAD","11.07","1.00","Dec 2, 2041","4.53","CAD","Dec 2, 2011"
"NAVCAN","NAV CANADA MTN","Infrastructure","Fixed Income","1,618,053.22","0.06","1,618,053.22","1,970,000.00","1,970,000.00","81.03","Canada","-","CAD","14.43","1.00","Mar 30, 2048","3.29","CAD","Mar 29, 2018"
"CP","CANADIAN PACIFIC RAILWAY COMPANY","Industrial","Fixed Income","1,618,197.71","0.06","1,618,197.71","1,596,000.00","1,596,000.00","100.19","Canada","-","CAD","2.86","1.00","Mar 13, 2029","3.15","CAD","Mar 13, 2019"
"MRUCN","METRO INC RegS","Industrial","Fixed Income","1,616,424.15","0.06","1,616,424.15","1,515,000.00","1,515,000.00","104.45","Canada","-","CAD","5.78","1.00","Feb 7, 2033","4.66","CAD","Feb 6, 2023"
"CUCN","CU INC MTN","Energy","Fixed Income","1,614,801.12","0.06","1,614,801.12","2,077,000.00","2,077,000.00","76.47","Canada","-","CAD","15.60","1.00","Sep 5, 2051","3.17","CAD","Sep 3, 2021"
"TORHYD","TORONTO HYDRO CORPORATION","Infrastructure","Fixed Income","1,614,266.75","0.06","1,614,266.75","1,585,000.00","1,585,000.00","100.18","Canada","-","CAD","15.29","1.00","Sep 24, 2055","4.75","CAD","Sep 24, 2025"
"KEYCN","KEYERA CORP MTN","Energy","Fixed Income","1,607,576.15","0.06","1,607,576.15","1,578,000.00","1,578,000.00","101.20","Canada","-","CAD","3.87","1.00","May 29, 2030","3.96","CAD","May 29, 2020"
"NACN","CANADIAN WESTERN BANK","Financial","Fixed Income","1,607,350.52","0.06","1,607,350.52","1,629,000.00","1,629,000.00","98.45","Canada","-","CAD","1.83","1.00","Dec 16, 2027","1.82","CAD","Dec 16, 2020"
"BNCN","BROOKFIELD FINANCE II INC MTN RegS","Industrial","Fixed Income","1,599,178.97","0.06","1,599,178.97","1,565,000.00","1,565,000.00","101.58","Canada","-","CAD","6.00","1.00","Mar 1, 2033","4.39","CAD","Dec 11, 2025"
"MRUCN","METRO INC MTN","Industrial","Fixed Income","1,597,292.24","0.06","1,597,292.24","1,388,000.00","1,388,000.00","113.33","Canada","-","CAD","7.39","1.00","Oct 15, 2035","5.97","CAD","Oct 12, 2005"
"CTLONE","CENTRAL 1 CREDIT UNION MTN","Financial","Fixed Income","1,590,868.71","0.05","1,590,868.71","1,515,000.00","1,515,000.00","102.77","Canada","-","CAD","1.81","1.00","Feb 7, 2028","4.65","CAD","Feb 7, 2023"
"XCN","TMX GROUP LTD RegS","Financial","Fixed Income","1,586,468.17","0.05","1,586,468.17","1,485,000.00","1,485,000.00","104.69","Canada","-","CAD","3.13","1.00","Aug 16, 2029","4.68","CAD","Feb 16, 2024"
"ACICN","ALTAGAS CANADA INC MTN","Energy","Fixed Income","1,579,539.12","0.05","1,579,539.12","1,532,000.00","1,532,000.00","102.45","Canada","-","CAD","2.48","1.00","Dec 5, 2028","4.26","CAD","Dec 5, 2018"
"BCECN","BELL CANADA MTN 144A","Communication","Fixed Income","1,571,023.45","0.05","1,571,023.45","1,319,000.00","1,319,000.00","115.91","Canada","-","CAD","4.88","1.00","Feb 23, 2032","7.30","CAD","Feb 22, 2002"
"ETRHWY","407 INTERNATIONAL INC","Infrastructure","Fixed Income","1,570,400.84","0.05","1,570,400.84","1,588,000.00","1,588,000.00","98.33","Canada","-","CAD","6.35","1.00","Jun 1, 2033","3.43","CAD","Mar 24, 2017"
"SJCN","STELLA JONES INC RegS","Industrial","Fixed Income","1,568,964.57","0.05","1,568,964.57","1,525,000.00","1,525,000.00","101.45","Canada","-","CAD","4.92","1.00","Oct 1, 2031","4.31","CAD","Oct 1, 2024"
"VANAIR","VANCOUVER AIRPORT AUTHORITY","Infrastructure","Fixed Income","1,566,606.45","0.05","1,566,606.45","2,136,000.00","2,136,000.00","72.34","Canada","-","CAD","15.83","1.00","Sep 21, 2050","2.80","CAD","Sep 21, 2020"
"TRPCN","TRANSCANADA PIPELINES LTD","Energy","Fixed Income","1,566,125.60","0.05","1,566,125.60","1,394,000.00","1,394,000.00","111.07","Canada","-","CAD","13.53","1.00","May 12, 2052","5.92","CAD","May 12, 2022"
"SUCN","SUNCOR ENERGY INC MTN","Energy","Fixed Income","1,562,178.43","0.05","1,562,178.43","1,705,000.00","1,705,000.00","89.97","Canada","-","CAD","12.74","1.00","Sep 13, 2046","4.34","CAD","Sep 13, 2016"
"CTLONE","CENTRAL 1 CREDIT UNION MTN","Financial","Fixed Income","1,555,934.97","0.05","1,555,934.97","1,515,000.00","1,515,000.00","100.92","Canada","-","CAD","4.05","1.00","Aug 20, 2030","4.00","CAD","Aug 20, 2025"
"SRUUCN","SMARTCENTRES REAL ESTATE INVESTMEN","Real Estate","Fixed Income","1,555,560.29","0.05","1,555,560.29","1,570,000.00","1,570,000.00","98.58","Canada","-","CAD","4.39","1.00","Dec 11, 2030","3.65","CAD","Jun 11, 2020"
"AERMON","MONTREAL AIRPORTS","Infrastructure","Fixed Income","1,552,974.04","0.05","1,552,974.04","2,031,000.00","2,031,000.00","75.63","Canada","-","CAD","15.44","1.00","Apr 21, 2050","3.03","CAD","Apr 21, 2020"
"FCRCN","FIRST CAPITAL REAL ESTATE INVESTME","Real Estate","Fixed Income","1,552,309.59","0.05","1,552,309.59","1,420,000.00","1,420,000.00","107.01","Canada","-","CAD","4.26","1.00","Mar 1, 2031","5.57","CAD","Mar 1, 2024"
"CAECN","CAE INC RegS","Industrial","Fixed Income","1,552,312.26","0.05","1,552,312.26","1,475,000.00","1,475,000.00","104.50","Canada","-","CAD","2.13","1.00","Jun 12, 2028","5.54","CAD","Jun 12, 2023"
"EQBCN","EQUITABLE BANK","Financial","Fixed Income","1,534,314.70","0.05","1,534,314.70","1,510,000.00","1,510,000.00","100.73","Canada","-","CAD","2.14","1.00","May 5, 2028","3.74","CAD","May 5, 2025"
"PMZUCN","PRIMARIS REAL ESTATE INVESTMENT TR RegS","Real Estate","Fixed Income","1,533,104.41","0.05","1,533,104.41","1,405,000.00","1,405,000.00","108.58","Canada","-","CAD","3.07","1.00","Jun 30, 2029","6.37","CAD","Nov 22, 2023"
"DTRGR","DAIMLER TRUCK FINANCE CANADA INC","Financial","Fixed Income","1,529,507.52","0.05","1,529,507.52","1,450,000.00","1,450,000.00","103.93","Germany","-","CAD","3.32","1.00","Sep 27, 2029","4.54","CAD","Jun 25, 2024"
"AIREIN","AIMCO REALTY INVESTORS LP","Real Estate","Fixed Income","1,529,519.72","0.05","1,529,519.72","1,510,000.00","1,510,000.00","100.74","Canada","-","CAD","1.16","1.00","Jun 1, 2027","3.37","CAD","Dec 7, 2018"
"HYDONE","HYDRO ONE INC MTN","Infrastructure","Fixed Income","1,526,167.27","0.05","1,526,167.27","1,992,000.00","1,992,000.00","75.45","Canada","-","CAD","15.72","1.00","Sep 15, 2051","3.10","CAD","Sep 17, 2021"
"ALTALK","ALTALINK LP MTN","Infrastructure","Fixed Income","1,525,082.68","0.05","1,525,082.68","1,643,000.00","1,643,000.00","92.48","Canada","-","CAD","12.84","1.00","Jun 30, 2045","4.09","CAD","Jun 30, 2015"
"EPCOR","EPCOR UTILITIES INC MTN 144A","Infrastructure","Fixed Income","1,524,252.98","0.05","1,524,252.98","1,355,000.00","1,355,000.00","111.33","Canada","-","CAD","7.55","1.00","Nov 16, 2035","5.65","CAD","Nov 17, 2005"
"CNRCN","CANADIAN NATIONAL RAILWAY","Industrial","Fixed Income","1,524,410.23","0.05","1,524,410.23","1,989,000.00","1,989,000.00","75.18","Canada","-","CAD","15.18","1.00","Feb 8, 2050","3.05","CAD","Nov 1, 2019"
"TORHYD","TORONTO HYDRO CORPORATION","Infrastructure","Fixed Income","1,524,196.94","0.05","1,524,196.94","1,458,000.00","1,458,000.00","103.06","Canada","-","CAD","14.46","1.00","Oct 13, 2052","4.95","CAD","Oct 13, 2022"
"HYDONE","HYDRO ONE INC MTN","Infrastructure","Fixed Income","1,523,125.95","0.05","1,523,125.95","1,749,000.00","1,749,000.00","86.34","Canada","-","CAD","13.95","1.00","Nov 18, 2047","3.72","CAD","Nov 18, 2016"
"ENBCN","ENBRIDGE INC MTN","Energy","Fixed Income","1,515,117.40","0.05","1,515,117.40","1,752,000.00","1,752,000.00","85.01","Canada","-","CAD","14.42","1.00","Sep 21, 2051","4.10","CAD","Sep 21, 2021"
"EAGCCT_24-1-A","EAGCCT_24-1 A RegS","Securitized","Fixed Income","1,514,123.74","0.05","1,514,123.74","1,433,000.00","1,433,000.00","105.07","Canada","-","CAD","3.10","1.00","Jun 17, 2029","4.92","CAD","Jun 4, 2024"
"GZMCN","ENERGIR INC RegS","Energy","Fixed Income","1,508,076.97","0.05","1,508,076.97","1,539,000.00","1,539,000.00","96.54","Canada","-","CAD","5.37","1.00","Feb 9, 2032","3.04","CAD","Feb 9, 2022"
"HYDONE","HYDRO ONE INC","Infrastructure","Fixed Income","1,503,846.91","0.05","1,503,846.91","2,089,000.00","2,089,000.00","70.84","Canada","-","CAD","15.68","1.00","Feb 28, 2050","2.71","CAD","Feb 28, 2020"
"CP","CANADIAN PACIFIC RAILWAY COMPANY","Industrial","Fixed Income","1,503,508.20","0.05","1,503,508.20","1,506,000.00","1,506,000.00","99.20","Canada","-","CAD","15.24","1.00","Jun 13, 2055","4.80","CAD","Jun 13, 2025"
"IFCCN","INTACT FINANCIAL CORP MTN RegS","Financial","Fixed Income","1,502,867.14","0.05","1,502,867.14","1,550,000.00","1,550,000.00","95.30","Canada","-","CAD","12.19","1.00","Mar 21, 2060","4.64","CAD","Mar 21, 2025"
"CNRCN","CANADIAN NATIONAL RAILWAY COMPANY","Industrial","Fixed Income","1,497,935.06","0.05","1,497,935.06","1,465,000.00","1,465,000.00","100.66","Canada","-","CAD","2.27","1.00","Jul 31, 2028","3.20","CAD","Jul 31, 2018"
"ETRHWY","407 INTERNATIONAL INC MTN","Infrastructure","Fixed Income","1,497,190.44","0.05","1,497,190.44","1,514,000.00","1,514,000.00","97.96","Canada","-","CAD","11.03","1.00","Nov 15, 2041","4.45","CAD","Nov 17, 2011"
"EPCOR","EPCOR UTILITIES INC MTN","Infrastructure","Fixed Income","1,491,936.92","0.05","1,491,936.92","1,760,000.00","1,760,000.00","84.15","Canada","-","CAD","14.12","1.00","Nov 27, 2047","3.55","CAD","Nov 27, 2017"
"FNTETF","FIRST NATIONS ETF LP 144A","Energy","Fixed Income","1,491,293.94","0.05","1,491,293.94","1,526,054.00","1,526,054.00","97.38","Canada","-","CAD","5.54","1.00","Dec 31, 2041","4.14","CAD","Nov 22, 2017"
"REIUCN","RIOCAN REAL ESTATE INVESTMENT TRUS","Real Estate","Fixed Income","1,489,920.11","0.05","1,489,920.11","1,375,000.00","1,375,000.00","106.10","Canada","-","CAD","4.28","1.00","Mar 1, 2031","5.46","CAD","May 31, 2024"
"FCRCN","FIRST CAPITAL REAL ESTATE INVESTME RegS","Real Estate","Fixed Income","1,486,502.31","0.05","1,486,502.31","1,390,000.00","1,390,000.00","106.21","Canada","-","CAD","5.26","1.00","Jun 12, 2032","5.46","CAD","Jun 12, 2024"
"BRUPOW","BRUCE POWER LP RegS","Energy","Fixed Income","1,485,785.17","0.05","1,485,785.17","1,395,000.00","1,395,000.00","105.96","Canada","-","CAD","5.23","1.00","Dec 21, 2032","4.99","CAD","Mar 23, 2023"
"GRTCN","GRANITE REIT HOLDINGS LP","Real Estate","Fixed Income","1,484,869.43","0.05","1,484,869.43","1,450,000.00","1,450,000.00","101.11","Canada","-","CAD","3.35","1.00","Oct 4, 2029","4.00","CAD","Oct 4, 2024"
"FTTCN","FINNING INTERNATIONAL INC","Industrial","Fixed Income","1,484,001.38","0.05","1,484,001.38","1,432,000.00","1,432,000.00","102.72","Canada","-","CAD","2.09","1.00","May 16, 2028","4.45","CAD","May 16, 2023"
"SRUUCN","SMARTCENTRES REAL ESTATE INVESTMEN","Real Estate","Fixed Income","1,479,144.53","0.05","1,479,144.53","1,475,000.00","1,475,000.00","99.35","Canada","-","CAD","5.48","1.00","Jun 12, 2032","4.32","CAD","Nov 12, 2025"
"CNRCN","CANADIAN NATIONAL RAILWAY COMPANY","Industrial","Fixed Income","1,476,985.55","0.05","1,476,985.55","1,453,000.00","1,453,000.00","100.21","Canada","-","CAD","2.78","1.00","Feb 8, 2029","3.00","CAD","Feb 8, 2019"
"CUCN","CU INC MTN","Energy","Fixed Income","1,471,816.74","0.05","1,471,816.74","1,664,000.00","1,664,000.00","87.71","Canada","-","CAD","13.56","1.00","Nov 19, 2046","3.76","CAD","Nov 17, 2016"
"ETRHWY","407 INTERNATIONAL INC MTN","Infrastructure","Fixed Income","1,460,675.03","0.05","1,460,675.03","1,386,000.00","1,386,000.00","103.33","Canada","-","CAD","4.81","1.00","Aug 14, 2031","4.45","CAD","Sep 7, 2022"
"FTSCN","NEWFOUNDLAND POWER INC","Infrastructure","Fixed Income","1,460,786.53","0.05","1,460,786.53","1,436,000.00","1,436,000.00","99.51","Canada","-","CAD","13.21","1.00","Aug 18, 2055","4.91","CAD","Aug 18, 2025"
"NACN","CANADIAN WESTERN BANK","Financial","Fixed Income","1,456,834.11","0.05","1,456,834.11","1,405,000.00","1,405,000.00","101.64","Canada","-","CAD","0.98","1.00","Feb 8, 2027","4.27","CAD","Aug 8, 2024"
"CUCN","CU INC MTN","Energy","Fixed Income","1,456,110.02","0.05","1,456,110.02","1,358,000.00","1,358,000.00","106.25","Canada","-","CAD","8.29","1.00","Nov 20, 2036","5.03","CAD","Nov 20, 2006"
"SRUUCN","SMARTCENTRES REAL ESTATE INVESTMEN","Real Estate","Fixed Income","1,454,316.77","0.05","1,454,316.77","1,445,000.00","1,445,000.00","100.21","Canada","-","CAD","1.27","1.00","Jun 11, 2027","3.19","CAD","Jun 11, 2020"
"ONTPOW","ONTARIO POWER GENERATION INC MTN","Energy","Fixed Income","1,451,939.55","0.05","1,451,939.55","1,364,000.00","1,364,000.00","106.30","Canada","-","CAD","5.43","1.00","Jul 19, 2032","4.92","CAD","Jul 18, 2022"
"IGMCN","IGM FINANCIAL INC","Financial","Fixed Income","1,450,631.44","0.05","1,450,631.44","1,345,000.00","1,345,000.00","106.89","Canada","-","CAD","14.22","1.00","May 26, 2053","5.43","CAD","May 26, 2023"
"GZMCN","ENERGIR LP","Energy","Fixed Income","1,447,640.82","0.05","1,447,640.82","1,430,000.00","1,430,000.00","100.45","Canada","-","CAD","14.75","1.00","Jun 2, 2053","4.83","CAD","Jun 2, 2023"
"NSIUCN","NOVA SCOTIA POWER INC RegS","Infrastructure","Fixed Income","1,446,734.50","0.05","1,446,734.50","1,881,000.00","1,881,000.00","76.03","Canada","-","CAD","14.93","1.00","Apr 25, 2050","3.31","CAD","Apr 24, 2020"
"ALCTRA","ALECTRA INC (CANADA)","Infrastructure","Fixed Income","1,446,429.13","0.05","1,446,429.13","1,371,000.00","1,371,000.00","104.89","Canada","-","CAD","6.83","1.00","Jun 13, 2034","4.63","CAD","Jun 13, 2024"
"AVELIV","AVENUE LIVING (2014) LP RegS","Real Estate","Fixed Income","1,445,146.56","0.05","1,445,146.56","1,430,000.00","1,430,000.00","100.87","Canada","-","CAD","3.18","1.00","Jul 15, 2029","4.65","CAD","Jan 15, 2026"
"APUCN","ALLIED PROPERTIES REAL ESTATE INVE","Real Estate","Fixed Income","1,444,479.34","0.05","1,444,479.34","1,445,000.00","1,445,000.00","99.31","Canada","-","CAD","2.18","1.00","May 15, 2028","3.13","CAD","May 15, 2020"
"NSIUCN","NOVA SCOTIA POWER INC MTN","Infrastructure","Fixed Income","1,442,235.60","0.05","1,442,235.60","1,524,000.00","1,524,000.00","94.51","Canada","-","CAD","11.71","1.00","Jul 20, 2043","4.50","CAD","Jul 19, 2013"
"ALTALK","ALTALINK LP MTN","Infrastructure","Fixed Income","1,440,892.15","0.05","1,440,892.15","1,368,000.00","1,368,000.00","103.51","Canada","-","CAD","11.55","1.00","Sep 17, 2043","4.92","CAD","Sep 17, 2013"
"DTRGR","DAIMLER TRUCK FINANCE CANADA INC RegS","Financial","Fixed Income","1,439,873.01","0.05","1,439,873.01","1,415,000.00","1,415,000.00","100.72","Germany","-","CAD","2.54","1.00","Oct 13, 2028","3.48","CAD","Aug 13, 2025"
"CNHI","CNH INDUSTRIAL CAPITAL CANADA LTD RegS","Financial","Fixed Income","1,439,448.60","0.05","1,439,448.60","1,400,000.00","1,400,000.00","101.60","United States","-","CAD","2.07","1.00","Apr 11, 2028","4.00","CAD","Oct 10, 2024"
"HYDONE","HYDRO ONE INC MTN","Infrastructure","Fixed Income","1,438,398.94","0.05","1,438,398.94","1,452,000.00","1,452,000.00","97.55","Canada","-","CAD","10.96","1.00","Sep 26, 2041","4.39","CAD","Sep 26, 2011"
"GILCN","GILDAN ACTIVEWEAR INC. RegS","Industrial","Fixed Income","1,433,594.48","0.05","1,433,594.48","1,400,000.00","1,400,000.00","101.62","Canada","-","CAD","4.30","1.00","Nov 22, 2030","4.15","CAD","Mar 13, 2025"
"EPCOR","EPCOR UTILITIES INC MTN","Infrastructure","Fixed Income","1,432,172.25","0.05","1,432,172.25","1,865,000.00","1,865,000.00","76.60","Canada","-","CAD","15.18","1.00","Jul 8, 2049","3.11","CAD","Jul 8, 2019"
"BAMREP","BROOKFIELD RENEWABLE PARTNERS ULC MTN","Energy","Fixed Income","1,431,556.60","0.05","1,431,556.60","1,599,000.00","1,599,000.00","88.52","Canada","-","CAD","13.86","1.00","Nov 5, 2049","4.29","CAD","Sep 13, 2019"
"BRUPOW","BRUCE POWER LP RegS","Energy","Fixed Income","1,429,401.59","0.05","1,429,401.59","1,380,000.00","1,380,000.00","103.06","Canada","-","CAD","1.73","1.00","Dec 21, 2027","4.70","CAD","Mar 23, 2023"
"PMZUCN","PRIMARIS REAL ESTATE INVESTMENT TR","Real Estate","Fixed Income","1,428,896.05","0.05","1,428,896.05","1,382,000.00","1,382,000.00","101.81","Canada","-","CAD","1.04","1.00","Mar 30, 2027","4.73","CAD","Mar 30, 2022"
"MGCN","MAGNA INTERNATIONAL INC","Industrial","Fixed Income","1,428,127.42","0.05","1,428,127.42","1,325,000.00","1,325,000.00","105.32","Canada","-","CAD","4.20","1.00","Jan 31, 2031","4.95","CAD","Mar 10, 2023"
"TOYOTA","TOYOTA CREDIT CANADA INC MTN","Financial","Fixed Income","1,428,155.91","0.05","1,428,155.91","1,400,000.00","1,400,000.00","100.51","Canada","-","CAD","2.40","1.00","Aug 18, 2028","3.31","CAD","Aug 18, 2025"
"ENBGAS","ENBRIDGE GAS INC MTN","Energy","Fixed Income","1,426,830.18","0.05","1,426,830.18","1,400,000.00","1,400,000.00","100.06","Canada","-","CAD","15.10","1.00","Sep 12, 2055","4.84","CAD","Sep 12, 2025"
"CHPUCN","CHOICE PROPERTIES REAL ESTATE INVE","Real Estate","Fixed Income","1,425,966.50","0.05","1,425,966.50","1,436,000.00","1,436,000.00","98.09","Canada","-","CAD","3.77","1.00","Mar 4, 2030","2.98","CAD","Mar 3, 2020"
"BMW","BMW CANADA INC","Industrial","Fixed Income","1,425,142.01","0.05","1,425,142.01","1,360,000.00","1,360,000.00","103.30","Germany","-","CAD","2.04","1.00","Apr 5, 2028","4.66","CAD","Apr 5, 2024"
"EPCOR","EPCOR UTILITIES INC RegS","Infrastructure","Fixed Income","1,421,330.69","0.05","1,421,330.69","1,405,000.00","1,405,000.00","100.04","Canada","-","CAD","4.24","1.00","Oct 1, 2030","3.37","CAD","Oct 1, 2025"
"ALTALK","ALTALINK LP","Infrastructure","Fixed Income","1,419,155.89","0.05","1,419,155.89","1,332,000.00","1,332,000.00","105.73","Canada","-","CAD","5.71","1.00","Nov 28, 2032","4.69","CAD","Nov 28, 2022"
"IAGCN","IA FINANCIAL CORPORATION INC","Financial","Fixed Income","1,418,865.84","0.05","1,418,865.84","1,394,000.00","1,394,000.00","100.40","Canada","-","CAD","1.02","1.00","Feb 25, 2032","3.19","CAD","Feb 25, 2022"
"ALTALK","ALTALINK LP MTN","Infrastructure","Fixed Income","1,415,642.77","0.05","1,415,642.77","1,424,000.00","1,424,000.00","98.40","Canada","-","CAD","11.04","1.00","Nov 8, 2041","4.46","CAD","Nov 8, 2011"
"ONTPOW","ONTARIO POWER GENERATION INC MTN","Energy","Fixed Income","1,414,332.01","0.05","1,414,332.01","1,697,000.00","1,697,000.00","81.95","Canada","-","CAD","14.71","1.00","Sep 13, 2050","3.65","CAD","Sep 13, 2019"
"CUCN","CU INC MTN","Energy","Fixed Income","1,413,869.47","0.05","1,413,869.47","1,670,000.00","1,670,000.00","83.99","Canada","-","CAD","14.11","1.00","Nov 22, 2047","3.55","CAD","Nov 22, 2017"
"CJTCN","CARGOJET INCOME FUND RegS","Industrial","Fixed Income","1,413,614.73","0.05","1,413,614.73","1,380,000.00","1,380,000.00","102.05","Canada","-","CAD","3.96","1.00","Jun 30, 2030","4.60","CAD","Jun 30, 2025"
"MCAPCO","MCAP COMMERCIAL LP","Financial","Fixed Income","1,413,618.23","0.05","1,413,618.23","1,353,000.00","1,353,000.00","102.53","Canada","-","CAD","3.61","1.00","Mar 4, 2030","4.82","CAD","Mar 4, 2025"
"ENBGAS","ENBRIDGE GAS INC MTN","Energy","Fixed Income","1,412,639.52","0.05","1,412,639.52","1,402,000.00","1,402,000.00","100.21","Canada","-","CAD","1.67","1.00","Nov 22, 2027","2.88","CAD","Nov 22, 2017"
"ENMAXC","ENMAX CORP","Infrastructure","Fixed Income","1,409,661.53","0.05","1,409,661.53","1,390,000.00","1,390,000.00","100.85","Canada","-","CAD","3.95","1.00","Jun 6, 2030","3.77","CAD","Jun 6, 2025"
"FCRCN","FIRST CAPITAL REAL ESTATE INVESTME RegS","Real Estate","Fixed Income","1,409,317.14","0.05","1,409,317.14","1,370,000.00","1,370,000.00","102.23","Canada","-","CAD","6.11","1.00","Jun 13, 2033","4.83","CAD","Jun 13, 2025"
"SRUUCN","SMARTCENTRES REAL ESTATE INVESTMEN","Real Estate","Fixed Income","1,408,587.37","0.05","1,408,587.37","1,340,000.00","1,340,000.00","104.21","Canada","-","CAD","2.18","1.00","May 29, 2028","5.35","CAD","May 29, 2023"
"ALTALK","ALTALINK LP","Infrastructure","Fixed Income","1,405,769.88","0.05","1,405,769.88","1,349,000.00","1,349,000.00","103.19","Canada","-","CAD","10.41","1.00","Nov 15, 2040","4.87","CAD","Nov 15, 2010"
"ENBGAS","ENBRIDGE GAS INC MTN RegS","Energy","Fixed Income","1,402,913.60","0.05","1,402,913.60","1,515,000.00","1,515,000.00","90.84","Canada","-","CAD","12.34","1.00","Aug 22, 2044","4.00","CAD","Aug 22, 2014"
"COCAPS","COAST CAPITAL SAVINGS FEDERAL CRED","Financial","Fixed Income","1,397,785.47","0.05","1,397,785.47","1,350,000.00","1,350,000.00","101.47","Canada","-","CAD","1.88","1.00","Feb 1, 2028","4.15","CAD","May 1, 2025"
"BCIMCR","BCI QUADREAL REALTY","Real Estate","Fixed Income","1,395,660.71","0.05","1,395,660.71","1,486,000.00","1,486,000.00","93.89","Canada","-","CAD","4.26","1.00","Jul 24, 2030","1.75","CAD","Jul 24, 2020"
"DTRGR","DAIMLER TRUCK FINANCE CANADA INC RegS","Financial","Fixed Income","1,394,688.47","0.05","1,394,688.47","1,285,000.00","1,285,000.00","106.53","Germany","-","CAD","2.43","1.00","Sep 25, 2028","5.77","CAD","Sep 25, 2023"
"COOPFS","CO-OPERATORS FINANCIAL SERVICES LT","Financial","Fixed Income","1,392,012.19","0.05","1,392,012.19","1,408,000.00","1,408,000.00","98.15","Canada","-","CAD","3.93","1.00","May 13, 2030","3.33","CAD","May 11, 2020"
"ENBGAS","ENBRIDGE GAS INC MTN","Energy","Fixed Income","1,391,874.14","0.05","1,391,874.14","1,799,000.00","1,799,000.00","76.17","Canada","-","CAD","15.56","1.00","Sep 15, 2051","3.20","CAD","Sep 15, 2021"
"KEYCN","KEYERA CORP MTN","Energy","Fixed Income","1,387,525.31","0.05","1,387,525.31","1,310,000.00","1,310,000.00","105.51","Canada","-","CAD","14.03","1.00","Jan 4, 2054","5.66","CAD","Jan 4, 2024"
"EQBCN","EQUITABLE BANK","Financial","Fixed Income","1,386,466.74","0.05","1,386,466.74","1,350,000.00","1,350,000.00","101.30","Canada","-","CAD","2.03","1.00","Mar 24, 2028","3.99","CAD","Sep 24, 2024"
"BAMREP","BROOKFIELD RENEWABLE PARTNERS ULC MTN","Energy","Fixed Income","1,381,082.63","0.05","1,381,082.63","1,805,000.00","1,805,000.00","74.96","Canada","-","CAD","14.79","1.00","Aug 13, 2050","3.33","CAD","Aug 13, 2020"
"REIUCN","RIOCAN REAL ESTATE INVESTMENT TRUS RegS","Real Estate","Fixed Income","1,379,472.68","0.05","1,379,472.68","1,260,000.00","1,260,000.00","107.51","Canada","-","CAD","3.12","1.00","Oct 1, 2029","5.96","CAD","Jun 26, 2023"
"HYDONE","HYDRO ONE INC MTN","Infrastructure","Fixed Income","1,378,776.32","0.05","1,378,776.32","1,456,000.00","1,456,000.00","94.07","Canada","-","CAD","12.32","1.00","Jun 6, 2044","4.17","CAD","Jun 6, 2014"
"NAVCAN","NAV CANADA","Infrastructure","Fixed Income","1,378,013.89","0.05","1,378,013.89","1,433,000.00","1,433,000.00","95.81","Canada","-","CAD","4.08","1.00","May 29, 2030","2.06","CAD","May 29, 2020"
"ENBPIP","ENBRIDGE PIPELINES INC MTN","Energy","Fixed Income","1,377,499.36","0.05","1,377,499.36","1,534,000.00","1,534,000.00","87.83","Canada","-","CAD","12.82","1.00","Aug 9, 2046","4.13","CAD","Aug 9, 2016"
"AVELIV","AVENUE LIVING 2014 LP RegS","Real Estate","Fixed Income","1,375,781.39","0.05","1,375,781.39","1,335,000.00","1,335,000.00","101.95","Canada","-","CAD","3.78","1.00","May 12, 2030","5.11","CAD","May 12, 2025"
"HYNMTR","HYUNDAI CAPITAL CANADA INC","Financial","Fixed Income","1,366,202.05","0.05","1,366,202.05","1,314,000.00","1,314,000.00","103.90","Canada","-","CAD","3.15","1.00","Jul 24, 2029","4.58","CAD","Jul 24, 2024"
"IVANCA","IVANHOE CAMBRIDGE II INC","Real Estate","Fixed Income","1,365,225.50","0.05","1,365,225.50","1,297,000.00","1,297,000.00","104.45","Canada","-","CAD","2.12","1.00","Jun 2, 2028","4.99","CAD","Jun 2, 2023"
"ETRHWY","HIGHWAY 407 144A","Infrastructure","Fixed Income","1,365,234.57","0.05","1,365,234.57","1,234,000.00","1,234,000.00","110.58","Canada","-","CAD","3.15","1.00","Jul 27, 2029","6.47","CAD","Jul 27, 1999"
"MFCCN","MANULIFE BANK OF CANADA","Financial","Fixed Income","1,364,509.19","0.05","1,364,509.19","1,360,000.00","1,360,000.00","99.81","Canada","-","CAD","3.13","1.00","Jun 1, 2029","3.16","CAD","Dec 1, 2025"
"APUCN","ALLIED PROPERTIES REAL ESTATE INVE","Real Estate","Fixed Income","1,364,025.01","0.05","1,364,025.01","1,395,000.00","1,395,000.00","96.40","Canada","-","CAD","3.73","1.00","Feb 21, 2030","3.12","CAD","Feb 21, 2020"
"TORHYD","TORONTO HYDRO CORPORATION","Infrastructure","Fixed Income","1,361,742.09","0.05","1,361,742.09","1,345,000.00","1,345,000.00","99.96","Canada","-","CAD","5.77","1.00","Sep 24, 2032","3.65","CAD","Sep 24, 2025"
"EPCOR","EPCOR UTILITIES INC MTN","Infrastructure","Fixed Income","1,357,817.43","0.05","1,357,817.43","1,342,000.00","1,342,000.00","99.25","Canada","-","CAD","11.04","1.00","Feb 28, 2042","4.55","CAD","Feb 28, 2012"
"ENBCN","ENBRIDGE INC MTN","Energy","Fixed Income","1,357,385.64","0.05","1,357,385.64","1,234,000.00","1,234,000.00","107.64","Canada","-","CAD","9.33","1.00","Sep 2, 2039","5.75","CAD","Sep 2, 2009"
"WCP","WHITECAP RESOURCES INC RegS","Energy","Fixed Income","1,354,220.89","0.05","1,354,220.89","1,334,000.00","1,334,000.00","101.08","Canada","-","CAD","2.27","1.00","Jun 19, 2028","3.76","CAD","Jun 19, 2025"
"HRUCN","H&R REAL ESTATE INVESTMENT TRUST","Real Estate","Fixed Income","1,353,141.86","0.05","1,353,141.86","1,342,000.00","1,342,000.00","99.65","Canada","-","CAD","1.02","1.00","Feb 19, 2027","2.63","CAD","Feb 19, 2021"
"CUCN","CU INC","Energy","Fixed Income","1,351,807.25","0.05","1,351,807.25","1,470,000.00","1,470,000.00","90.89","Canada","-","CAD","15.75","1.00","Oct 29, 2055","4.21","CAD","Oct 30, 2015"
"BCECN","BELL CANADA MTN","Communication","Fixed Income","1,351,153.60","0.05","1,351,153.60","1,130,000.00","1,130,000.00","116.99","Canada","-","CAD","4.26","1.00","Apr 2, 2031","7.85","CAD","Apr 2, 2001"
"TERANE","TERANET HOLDINGS LP RegS","Industrial","Fixed Income","1,349,083.96","0.05","1,349,083.96","1,300,000.00","1,300,000.00","101.93","Canada","-","CAD","5.18","1.00","Mar 7, 2032","4.64","CAD","Mar 7, 2025"
"CNQCN","CANADIAN NATURAL RESOURCES LTD MTN","Energy","Fixed Income","1,349,087.60","0.05","1,349,087.60","1,399,000.00","1,399,000.00","95.62","Canada","-","CAD","12.75","1.00","May 30, 2047","4.85","CAD","May 30, 2017"
"ETRHWY","407 INTERNATIONAL INC MTN","Infrastructure","Fixed Income","1,345,590.57","0.05","1,345,590.57","1,305,000.00","1,305,000.00","101.53","Canada","-","CAD","14.82","1.00","Apr 4, 2054","4.89","CAD","Apr 4, 2024"
"HYDONE","HYDRO ONE INC","Infrastructure","Fixed Income","1,345,379.09","0.05","1,345,379.09","1,581,000.00","1,581,000.00","83.93","Canada","-","CAD","14.74","1.00","Apr 5, 2050","3.64","CAD","Apr 5, 2019"
"FCRCN","FIRST CAPITAL REAL ESTATE INVESTME RegS","Real Estate","Fixed Income","1,340,502.03","0.05","1,340,502.03","1,330,000.00","1,330,000.00","100.10","Canada","-","CAD","7.24","1.00","Feb 15, 2035","4.76","CAD","Dec 8, 2025"
"REIUCN","RIOCAN REAL ESTATE INVESTMENT TRUS","Real Estate","Fixed Income","1,336,111.45","0.05","1,336,111.45","1,295,000.00","1,295,000.00","101.52","Canada","-","CAD","1.96","1.00","Mar 1, 2028","4.00","CAD","Oct 3, 2024"
"NSIUCN","NOVA SCOTIA POWER INC MTN","Infrastructure","Fixed Income","1,335,808.19","0.05","1,335,808.19","1,209,000.00","1,209,000.00","110.44","Canada","-","CAD","9.43","1.00","Jul 27, 2039","5.95","CAD","Jul 27, 2009"
"NWHUCN","NORTHWEST HEALTHCARE PROPERTIES RE","Real Estate","Fixed Income","1,332,183.35","0.05","1,332,183.35","1,260,000.00","1,260,000.00","103.24","Canada","-","CAD","3.53","1.00","Feb 18, 2030","5.51","CAD","Feb 18, 2025"
"PMZUCN","PRIMARIS REAL ESTATE INVESTMENT TR RegS","Real Estate","Fixed Income","1,332,107.98","0.05","1,332,107.98","1,251,000.00","1,251,000.00","104.61","Canada","-","CAD","3.61","1.00","Mar 15, 2030","5.00","CAD","Aug 12, 2024"
"APUCN","ALLIED PROPERTIES REAL ESTATE INVE","Real Estate","Fixed Income","1,331,211.86","0.05","1,331,211.86","1,335,000.00","1,335,000.00","98.15","Canada","-","CAD","3.26","1.00","Aug 15, 2029","3.39","CAD","Aug 15, 2019"
"LOWMAT","LOWER MATTAGAMI ENERGY LP","Infrastructure","Fixed Income","1,321,419.85","0.05","1,321,419.85","1,227,000.00","1,227,000.00","106.49","Canada","-","CAD","6.33","1.00","Oct 31, 2033","4.85","CAD","Oct 31, 2022"
"ENBGAS","ENBRIDGE GAS INC","Energy","Fixed Income","1,320,830.36","0.05","1,320,830.36","1,265,000.00","1,265,000.00","102.53","Canada","-","CAD","5.54","1.00","Aug 17, 2032","4.15","CAD","Aug 17, 2022"
"FCRCN","FIRST CAPITAL REAL ESTATE INVESTME","Real Estate","Fixed Income","1,318,354.17","0.05","1,318,354.17","1,295,000.00","1,295,000.00","100.38","Canada","-","CAD","1.92","1.00","Mar 1, 2028","3.45","CAD","Sep 1, 2020"
"TERANE","TERANET HOLDINGS LP RegS","Industrial","Fixed Income","1,317,866.84","0.05","1,317,866.84","1,267,000.00","1,267,000.00","102.02","Canada","-","CAD","7.11","1.00","Mar 7, 2035","5.01","CAD","Mar 7, 2025"
"SUCN","SUNCOR ENERGY INC.","Energy","Fixed Income","1,314,974.14","0.05","1,314,974.14","1,231,000.00","1,231,000.00","104.96","Canada","-","CAD","8.26","1.00","Mar 26, 2037","5.39","CAD","Mar 26, 2007"
"GZMCN","ENERGIR INC RegS","Energy","Fixed Income","1,312,652.53","0.05","1,312,652.53","1,314,000.00","1,314,000.00","99.29","Canada","-","CAD","1.18","1.00","Apr 16, 2027","2.10","CAD","Apr 16, 2020"
"TOYOTA","TOYOTA CREDIT CANADA INC MTN","Financial","Fixed Income","1,303,507.11","0.04","1,303,507.11","1,258,000.00","1,258,000.00","101.97","Canada","-","CAD","1.09","1.00","Mar 19, 2027","4.52","CAD","Mar 19, 2024"
"CRRUCN","CROMBIE REAL ESTATE INVESTMENT TRU","Real Estate","Fixed Income","1,302,181.76","0.04","1,302,181.76","1,270,000.00","1,270,000.00","102.34","Canada","-","CAD","5.14","1.00","Jan 15, 2032","4.73","CAD","Oct 11, 2024"
"SAPCN","SAPUTO INC MTN","Industrial","Fixed Income","1,297,404.29","0.04","1,297,404.29","1,315,000.00","1,315,000.00","98.42","Canada","-","CAD","2.31","1.00","Jun 22, 2028","2.30","CAD","Jun 22, 2021"
"VTR","VENTAS CANADA FINANCE LTD","Real Estate","Fixed Income","1,296,762.32","0.04","1,296,762.32","1,340,000.00","1,340,000.00","96.23","United States","-","CAD","5.23","1.00","Dec 1, 2031","3.30","CAD","Dec 1, 2021"
"HOMEQU","HOMEEQUITY BANK","Financial","Fixed Income","1,295,514.62","0.04","1,295,514.62","1,280,000.00","1,280,000.00","101.04","Canada","-","CAD","2.32","1.00","Jul 17, 2028","4.72","CAD","Jun 26, 2025"
"RUSCN","RUSSEL METALS INC RegS","Industrial","Fixed Income","1,293,760.47","0.04","1,293,760.47","1,260,000.00","1,260,000.00","101.18","Canada","-","CAD","3.73","1.00","Mar 28, 2030","4.42","CAD","Mar 28, 2025"
"TOYOTA","TOYOTA CREDIT CANADA INC MTN","Financial","Fixed Income","1,292,977.37","0.04","1,292,977.37","1,260,000.00","1,260,000.00","102.22","Canada","-","CAD","1.36","1.00","Jun 28, 2027","4.42","CAD","Jun 27, 2024"
"HRUCN","H&R REAL ESTATE INVESTMENT TRUST","Real Estate","Fixed Income","1,291,409.05","0.04","1,291,409.05","1,205,000.00","1,205,000.00","104.85","Canada","-","CAD","2.72","1.00","Feb 28, 2029","5.46","CAD","Feb 28, 2024"
"EAGCCT_22-1-A","EAGCCT_22-1 A RegS","Securitized","Fixed Income","1,290,999.50","0.04","1,290,999.50","1,256,000.00","1,256,000.00","102.62","Canada","-","CAD","1.41","1.00","Jul 17, 2027","4.78","CAD","Jul 13, 2022"
"VANAIR","VANCOUVER AIRPORT AUTHORITY","Infrastructure","Fixed Income","1,290,155.53","0.04","1,290,155.53","1,426,000.00","1,426,000.00","89.62","Canada","-","CAD","13.09","1.00","Nov 10, 2045","3.86","CAD","Nov 10, 2015"
"SJOEHC","INTEGRATED TEAM SOLUTIONS SJHC PAR","Infrastructure","Fixed Income","1,289,865.04","0.04","1,289,865.04","1,174,540.00","1,174,540.00","108.82","Canada","-","CAD","7.24","1.00","Nov 30, 2042","5.95","CAD","Mar 11, 2011"
"IPLCN","INTER PIPELINE LTD","Energy","Fixed Income","1,289,730.68","0.04","1,289,730.68","1,340,000.00","1,340,000.00","95.36","Canada","-","CAD","13.68","1.00","Nov 27, 2051","5.09","CAD","Nov 25, 2021"
"GEICN","GIBSON ENERGY INC","Energy","Fixed Income","1,289,426.82","0.04","1,289,426.82","1,250,000.00","1,250,000.00","102.19","Canada","-","CAD","5.01","1.00","Nov 12, 2031","4.45","CAD","Nov 12, 2024"
"SAPCN","SAPUTO INC MTN","Industrial","Fixed Income","1,288,587.91","0.04","1,288,587.91","1,201,000.00","1,201,000.00","106.40","Canada","-","CAD","3.32","1.00","Nov 29, 2029","5.25","CAD","Nov 29, 2022"
"MMSPT","MINI MALL STORAGE PROPERTIES TRUST RegS","Real Estate","Fixed Income","1,286,544.88","0.04","1,286,544.88","1,280,000.00","1,280,000.00","100.51","Canada","-","CAD","1.92","1.00","Jan 30, 2028","4.16","CAD","Jan 30, 2026"
"EAGCCT_25-1-A","EAGCCT_25-1 A","Securitized","Fixed Income","1,286,146.17","0.04","1,286,146.17","1,262,000.00","1,262,000.00","101.44","Canada","-","CAD","3.99","1.00","Jun 17, 2033","3.92","CAD","Apr 21, 2025"
"REIUCN","RIOCAN REAL ESTATE INVESTMENT TRUS","Real Estate","Fixed Income","1,283,564.66","0.04","1,283,564.66","1,235,000.00","1,235,000.00","102.00","Canada","-","CAD","5.15","1.00","Mar 1, 2032","4.67","CAD","Feb 12, 2025"
"MRUCN","METRO INC MTN","Industrial","Fixed Income","1,281,518.10","0.04","1,281,518.10","1,266,000.00","1,266,000.00","100.40","Canada","-","CAD","11.87","1.00","Dec 1, 2044","5.03","CAD","Dec 1, 2014"
"ALCTRA","ALECTRA INC (CANADA)","Infrastructure","Fixed Income","1,280,992.16","0.04","1,280,992.16","1,358,000.00","1,358,000.00","93.50","Canada","-","CAD","4.72","1.00","Feb 11, 2031","1.75","CAD","Feb 11, 2021"
"MRUCN","METRO INC MTN","Industrial","Fixed Income","1,279,945.07","0.04","1,279,945.07","1,605,000.00","1,605,000.00","78.30","Canada","-","CAD","14.72","1.00","Feb 28, 2050","3.41","CAD","Feb 26, 2020"
"GILCN","GILDAN ACTIVEWEAR INC. RegS","Industrial","Fixed Income","1,279,164.82","0.04","1,279,164.82","1,250,000.00","1,250,000.00","100.95","Canada","-","CAD","2.00","1.00","Mar 13, 2028","3.63","CAD","Mar 13, 2025"
"HYDONE","HYDRO ONE INC MTN","Infrastructure","Fixed Income","1,272,806.91","0.04","1,272,806.91","1,217,000.00","1,217,000.00","103.17","Canada","-","CAD","12.67","1.00","Oct 19, 2046","5.00","CAD","Oct 19, 2006"
"MICCN","SAGEN MI CANADA INC","Financial","Fixed Income","1,272,500.02","0.04","1,272,500.02","1,318,000.00","1,318,000.00","95.23","Canada","-","CAD","4.59","1.00","Mar 5, 2031","3.26","CAD","Mar 5, 2021"
"ENBGAS","ENBRIDGE GAS INC MTN","Energy","Fixed Income","1,268,708.77","0.04","1,268,708.77","1,233,000.00","1,233,000.00","102.36","Canada","-","CAD","10.63","1.00","Jun 21, 2041","4.88","CAD","Jun 21, 2011"
"ENBGAS","ENBRIDGE GAS INC","Energy","Fixed Income","1,266,684.84","0.04","1,266,684.84","1,295,000.00","1,295,000.00","95.74","Canada","-","CAD","14.54","1.00","Aug 17, 2052","4.55","CAD","Aug 17, 2022"
"GWOCN","GREAT-WEST LIFECO INC","Financial","Fixed Income","1,263,899.30","0.04","1,263,899.30","1,082,000.00","1,082,000.00","115.57","Canada","-","CAD","4.85","1.00","Nov 24, 2031","6.74","CAD","Nov 23, 2001"
"STNLCN","STONLASEC8 INDIGENOUS INVESTMENTS","Energy","Fixed Income","1,256,317.76","0.04","1,256,317.76","1,246,855.00","1,246,855.00","100.42","Canada","-","CAD","9.28","1.00","Jul 6, 2055","5.17","CAD","Jul 2, 2025"
"ENBCN","ENBRIDGE INC MTN","Energy","Fixed Income","1,255,940.51","0.04","1,255,940.51","1,276,000.00","1,276,000.00","97.49","Canada","-","CAD","11.90","1.00","Nov 21, 2044","4.87","CAD","Dec 21, 2018"
"ENBGAS","ENBRIDGE GAS INC MTN","Energy","Fixed Income","1,253,176.20","0.04","1,253,176.20","1,081,000.00","1,081,000.00","113.44","Canada","-","CAD","8.82","1.00","Sep 2, 2038","6.05","CAD","Sep 2, 2008"
"SRUUCN","SMARTCENTRES REAL ESTATE INVESTMEN","Real Estate","Fixed Income","1,252,662.88","0.04","1,252,662.88","1,245,000.00","1,245,000.00","99.84","Canada","-","CAD","3.13","1.00","Jun 12, 2029","3.60","CAD","Nov 12, 2025"
"BMW","BMW CANADA INC","Industrial","Fixed Income","1,251,051.51","0.04","1,251,051.51","1,205,000.00","1,205,000.00","101.73","Germany","-","CAD","0.99","1.00","Feb 10, 2027","4.41","CAD","Feb 10, 2023"
"POWCN","POWER CORPORATION OF CANADA","Financial","Fixed Income","1,248,837.40","0.04","1,248,837.40","1,335,000.00","1,335,000.00","93.51","Canada","-","CAD","13.62","1.00","Jul 27, 2048","4.46","CAD","Jul 25, 2018"
"ENMAXC","ENMAX CORP","Infrastructure","Fixed Income","1,246,488.97","0.04","1,246,488.97","1,215,000.00","1,215,000.00","101.49","Canada","-","CAD","3.32","1.00","Oct 18, 2029","3.88","CAD","Oct 18, 2019"
"CAAIAU","CALGARY AIRPORT AUTHORITY","Infrastructure","Fixed Income","1,243,845.92","0.04","1,243,845.92","1,501,000.00","1,501,000.00","81.75","Canada","-","CAD","15.87","1.00","Oct 7, 2053","3.55","CAD","Oct 7, 2021"
"DRSILL","DREAM SUMMIT INDUSTRIAL LP","Real Estate","Fixed Income","1,240,903.22","0.04","1,240,903.22","1,190,000.00","1,190,000.00","102.17","Canada","-","CAD","4.36","1.00","Feb 12, 2031","4.51","CAD","Nov 14, 2024"
"CRTUCN","CT REAL ESTATE INVESTMENT TRUST","Real Estate","Fixed Income","1,240,378.73","0.04","1,240,378.73","1,236,000.00","1,236,000.00","98.88","Canada","-","CAD","2.82","1.00","Feb 5, 2029","3.03","CAD","Feb 3, 2022"
"GEICN","GIBSON ENERGY INC MTN","Energy","Fixed Income","1,238,403.51","0.04","1,238,403.51","1,240,000.00","1,240,000.00","99.75","Canada","-","CAD","1.40","1.00","Jul 14, 2027","2.85","CAD","Jul 14, 2020"
"STNCN","STANTEC INC. RegS","Industrial","Fixed Income","1,237,084.14","0.04","1,237,084.14","1,155,000.00","1,155,000.00","106.60","Canada","-","CAD","3.80","1.00","Jun 27, 2030","5.39","CAD","Jun 27, 2023"
"CUCN","CU INC MTN","Energy","Fixed Income","1,235,945.25","0.04","1,235,945.25","1,107,000.00","1,107,000.00","110.25","Canada","-","CAD","8.64","1.00","Oct 30, 2037","5.56","CAD","Nov 1, 2007"
"AERMON","AEROPORTS DE MONTREAL","Infrastructure","Fixed Income","1,235,951.84","0.04","1,235,951.84","1,101,000.00","1,101,000.00","110.61","Canada","-","CAD","8.56","1.00","Oct 16, 2037","5.67","CAD","Oct 16, 2007"
"ALACN","ALTAGAS LTD MTN","Energy","Fixed Income","1,236,007.28","0.04","1,236,007.28","1,204,000.00","1,204,000.00","101.37","Canada","-","CAD","1.37","1.00","Oct 4, 2027","3.98","CAD","Oct 4, 2017"
"ENBCN","ENBRIDGE INC. MTN","Energy","Fixed Income","1,232,490.06","0.04","1,232,490.06","1,060,000.00","1,060,000.00","115.42","Canada","-","CAD","5.19","1.00","Jun 18, 2032","7.20","CAD","Jun 18, 2001"
"PLEHCA","PLENARY HEALTH HAMILTON LP","Infrastructure","Fixed Income","1,231,438.31","0.04","1,231,438.31","1,131,442.00","1,131,442.00","107.87","Canada","-","CAD","7.41","1.00","May 31, 2043","5.80","CAD","Dec 3, 2010"
"DE","JOHN DEERE FINANCIAL INC","Financial","Fixed Income","1,230,672.56","0.04","1,230,672.56","1,248,000.00","1,248,000.00","98.08","United States","-","CAD","1.57","1.00","Sep 8, 2027","1.34","CAD","Sep 8, 2020"
"FTSCN","FORTISBC INC MTN","Infrastructure","Fixed Income","1,229,764.16","0.04","1,229,764.16","1,362,000.00","1,362,000.00","89.26","Canada","-","CAD","12.46","1.00","Oct 28, 2044","4.00","CAD","Oct 28, 2014"
"CPXCN","CAPITAL POWER CORP MTN","Energy","Fixed Income","1,229,060.97","0.04","1,229,060.97","1,167,000.00","1,167,000.00","103.20","Canada","-","CAD","3.47","1.00","Feb 8, 2030","4.42","CAD","Nov 8, 2019"
"AERMON","AEROPORTS DE MONTREAL","Infrastructure","Fixed Income","1,227,721.78","0.04","1,227,721.78","1,123,000.00","1,123,000.00","107.41","Canada","-","CAD","7.50","1.00","Sep 17, 2035","5.17","CAD","Sep 15, 2005"
"RCICN","ROGERS COMMUNICATIONS INC","Communication","Fixed Income","1,227,828.81","0.04","1,227,828.81","1,200,000.00","1,200,000.00","100.75","Canada","-","CAD","0.84","1.00","Mar 1, 2027","3.80","CAD","Apr 3, 2023"
"FRSTRS","INDEPENDENT ORDER OF FORESTERS","Financial","Fixed Income","1,226,102.62","0.04","1,226,102.62","1,275,000.00","1,275,000.00","95.32","Canada","-","CAD","8.50","1.00","Oct 15, 2035","2.88","CAD","Oct 15, 2020"
"FTSCN","TERASEN GAS INC MTN","Energy","Fixed Income","1,219,330.50","0.04","1,219,330.50","1,085,000.00","1,085,000.00","111.14","Canada","-","CAD","8.84","1.00","May 13, 2038","5.80","CAD","May 13, 2008"
"ETRHWY","407 INTERNATIONAL INC. MTN","Infrastructure","Fixed Income","1,219,203.52","0.04","1,219,203.52","1,222,000.00","1,222,000.00","98.30","Canada","-","CAD","14.85","1.00","Oct 7, 2053","4.68","CAD","Oct 7, 2013"
"DRSILL","SUMMIT INDUSTRIAL INCOME REIT","Real Estate","Fixed Income","1,218,746.44","0.04","1,218,746.44","1,241,000.00","1,241,000.00","98.10","Canada","-","CAD","2.36","1.00","Jul 14, 2028","2.44","CAD","Feb 17, 2023"
"DRSILL","DREAM SUMMIT INDUSTRIAL LP","Real Estate","Fixed Income","1,218,187.16","0.04","1,218,187.16","1,140,000.00","1,140,000.00","104.46","Canada","-","CAD","2.69","1.00","Feb 12, 2029","5.11","CAD","Feb 12, 2024"
"CCACN","COGECO COMMUNICATIONS INC","Communication","Fixed Income","1,215,396.30","0.04","1,215,396.30","1,120,000.00","1,120,000.00","106.09","Canada","-","CAD","5.68","1.00","Feb 16, 2033","5.30","CAD","Feb 16, 2023"
"BAMREP","BROOKFIELD RENEWABLE PARTNERS ULC MTN","Energy","Fixed Income","1,213,820.68","0.04","1,213,820.68","1,145,000.00","1,145,000.00","104.62","Canada","-","CAD","6.93","1.00","Oct 20, 2034","4.96","CAD","Jul 17, 2024"
"FTSCN","FORTISBC ENERGY INC MTN","Energy","Fixed Income","1,212,951.04","0.04","1,212,951.04","1,055,000.00","1,055,000.00","112.43","Canada","-","CAD","6.98","1.00","Feb 26, 2035","5.90","CAD","Feb 25, 2005"
"NSIUCN","NOVA SCOTIA POWER INC RegS","Infrastructure","Fixed Income","1,213,069.58","0.04","1,213,069.58","1,146,000.00","1,146,000.00","104.82","Canada","-","CAD","5.63","1.00","Nov 15, 2032","4.95","CAD","Mar 24, 2023"
"HEQCN","CHIP MORTGAGE TRUST RegS","Securitized","Fixed Income","1,212,215.31","0.04","1,212,215.31","1,200,000.00","1,200,000.00","99.73","Canada","-","CAD","4.43","1.00","Feb 1, 2031","3.87","CAD","Oct 1, 2025"
"LCN","LOBLAW COMPANIES LIMITED MTN","Industrial","Fixed Income","1,209,914.66","0.04","1,209,914.66","1,067,000.00","1,067,000.00","113.38","Canada","-","CAD","7.04","1.00","Jan 29, 2035","6.15","CAD","Jan 29, 2004"
"MMSPT","MINI MALL STORAGE PROPERTIES TRUST RegS","Real Estate","Fixed Income","1,209,079.16","0.04","1,209,079.16","1,200,000.00","1,200,000.00","100.76","Canada","-","CAD","4.78","1.00","Jul 30, 2031","5.03","CAD","Jan 30, 2026"
"APUCN","ALLIED PROPERTIES REAL ESTATE INVE","Real Estate","Fixed Income","1,208,927.31","0.04","1,208,927.31","1,135,000.00","1,135,000.00","104.60","Canada","-","CAD","2.36","1.00","Sep 26, 2028","5.53","CAD","Sep 26, 2024"
"CAAIAU","CALGARY AIRPORT AUTHORITY","Infrastructure","Fixed Income","1,205,359.08","0.04","1,205,359.08","1,323,000.00","1,323,000.00","90.06","Canada","-","CAD","9.94","1.00","Oct 7, 2038","3.34","CAD","Oct 7, 2021"
"ALTALK","ALTALINK LP MTN","Infrastructure","Fixed Income","1,205,046.83","0.04","1,205,046.83","1,265,000.00","1,265,000.00","95.03","Canada","-","CAD","15.20","1.00","Jul 11, 2053","4.45","CAD","Jul 12, 2013"
"PWFCN","POWER FINANCIAL CORPORATION","Financial","Fixed Income","1,202,014.93","0.04","1,202,014.93","1,012,000.00","1,012,000.00","116.11","Canada","-","CAD","5.62","1.00","Mar 11, 2033","6.90","CAD","Mar 11, 2003"
"GZMCN","GAZ METRO INC","Energy","Fixed Income","1,199,905.29","0.04","1,199,905.29","1,068,000.00","1,068,000.00","112.04","Canada","-","CAD","7.97","1.00","Jul 10, 2036","5.70","CAD","Jul 10, 2006"
"SRUUCN","SMARTCENTRES REAL ESTATE INVESTMEN","Real Estate","Fixed Income","1,198,918.23","0.04","1,198,918.23","1,181,000.00","1,181,000.00","101.10","Canada","-","CAD","1.62","1.00","Dec 21, 2027","3.83","CAD","Dec 21, 2017"
"NWCONN","NORTHWESTCONNECT GROUP","Infrastructure","Fixed Income","1,197,891.13","0.04","1,197,891.13","1,088,188.00","1,088,188.00","108.60","Canada","-","CAD","6.63","1.00","Apr 30, 2041","5.95","CAD","Aug 12, 2008"
"NACN","CANADIAN WESTERN BANK","Financial","Fixed Income","1,196,772.76","0.04","1,196,772.76","1,132,000.00","1,132,000.00","105.09","Canada","-","CAD","1.79","1.00","Dec 22, 2032","5.94","CAD","Dec 22, 2022"
"HYDONE","HYDRO ONE INC MTN","Infrastructure","Fixed Income","1,196,410.15","0.04","1,196,410.15","1,021,000.00","1,021,000.00","114.72","Canada","-","CAD","9.10","1.00","Mar 3, 2039","6.03","CAD","Mar 3, 2009"
"DOLCN","DOLLARAMA INC","Industrial","Fixed Income","1,196,150.98","0.04","1,196,150.98","1,225,000.00","1,225,000.00","97.50","Canada","-","CAD","3.27","1.00","Jul 9, 2029","2.44","CAD","Jul 8, 2021"
"ALTALK","ALTALINK LP","Infrastructure","Fixed Income","1,196,151.79","0.04","1,196,151.79","1,190,000.00","1,190,000.00","99.62","Canada","-","CAD","15.07","1.00","May 22, 2054","4.74","CAD","May 22, 2024"
"CNQCN","CANADIAN NATURAL RESOURCES LTD","Energy","Fixed Income","1,195,534.23","0.04","1,195,534.23","1,207,000.00","1,207,000.00","98.97","Canada","-","CAD","1.90","1.00","Jan 17, 2028","2.50","CAD","Nov 16, 2020"
"GILCN","GILDAN ACTIVEWEAR INC. RegS","Industrial","Fixed Income","1,193,573.54","0.04","1,193,573.54","1,140,000.00","1,140,000.00","103.81","Canada","-","CAD","5.00","1.00","Nov 22, 2031","4.71","CAD","Nov 22, 2024"
"CRDPOW","CORDELIO AMALCO GP I","Energy","Fixed Income","1,192,933.20","0.04","1,192,933.20","1,193,884.00","1,193,884.00","99.58","Canada","-","CAD","3.83","1.00","Jun 30, 2034","4.09","CAD","Dec 10, 2018"
"DTRGR","DAIMLER TRUCK FINANCE CANADA INC","Financial","Fixed Income","1,190,592.12","0.04","1,190,592.12","1,145,000.00","1,145,000.00","102.45","Germany","-","CAD","1.57","1.00","Sep 27, 2027","4.46","CAD","Jun 25, 2024"
"REIUCN","RIOCAN REAL ESTATE INVESTMENT TRUS","Real Estate","Fixed Income","1,187,634.86","0.04","1,187,634.86","1,183,000.00","1,183,000.00","99.47","Canada","-","CAD","1.08","1.00","Mar 10, 2027","2.36","CAD","Mar 10, 2020"
"TOYOTA","TOYOTA CREDIT CANADA INC MTN","Financial","Fixed Income","1,187,391.00","0.04","1,187,391.00","1,156,000.00","1,156,000.00","102.64","Canada","-","CAD","1.90","1.00","Jan 24, 2028","4.33","CAD","Jan 24, 2023"
"EDF","ELECTRICITE DE FRANCE SA RegS","Infrastructure","Fixed Income","1,186,373.55","0.04","1,186,373.55","1,190,000.00","1,190,000.00","97.16","France","-","CAD","14.05","1.00","Feb 6, 2055","5.23","CAD","Feb 6, 2025"
"LBCN","LAURENTIAN BANK OF CANADA","Financial","Fixed Income","1,181,606.92","0.04","1,181,606.92","1,160,000.00","1,160,000.00","100.87","Canada","-","CAD","1.18","1.00","Apr 20, 2027","3.54","CAD","Apr 20, 2022"
"ACOXCN","ATCO LTD RegS","Energy","Fixed Income","1,180,590.54","0.04","1,180,590.54","1,155,000.00","1,155,000.00","101.54","Canada","-","CAD","3.91","1.00","May 27, 2030","3.88","CAD","May 27, 2025"
"SRUUCN","SMARTCENTRES REAL ESTATE INVESTMEN","Real Estate","Fixed Income","1,176,505.78","0.04","1,176,505.78","1,120,000.00","1,120,000.00","102.74","Canada","-","CAD","4.69","1.00","Aug 5, 2031","4.74","CAD","Feb 5, 2025"
"PLEHHU","PLENARY HLTH CARE PTNRSHP HUMBR LP","Infrastructure","Fixed Income","1,174,964.51","0.04","1,174,964.51","1,128,940.00","1,128,940.00","103.26","Canada","-","CAD","6.02","1.00","May 31, 2039","4.89","CAD","Sep 23, 2011"
"HYNMTR","HYUNDAI CAPITAL CANADA INC","Financial","Fixed Income","1,174,695.56","0.04","1,174,695.56","1,125,000.00","1,125,000.00","102.02","Canada","-","CAD","0.96","1.00","Feb 1, 2027","4.81","CAD","Jan 31, 2024"
"BCFERR","BRITISH COLUMBIA FERRY SERVICES IN","Infrastructure","Fixed Income","1,172,850.45","0.04","1,172,850.45","1,612,000.00","1,612,000.00","71.94","Canada","-","CAD","15.50","1.00","Oct 15, 2049","2.79","CAD","Oct 15, 2019"
"CCLGP","CAPITAL CITY LINK GENERAL PARTNERS","Infrastructure","Fixed Income","1,173,021.80","0.04","1,173,021.80","1,199,979.00","1,199,979.00","96.29","Canada","-","CAD","8.24","1.00","Mar 31, 2046","4.39","CAD","May 11, 2012"
"CCLBCN","CCL INDUSTRIES INC","Industrial","Fixed Income","1,163,870.93","0.04","1,163,870.93","1,140,000.00","1,140,000.00","100.94","Canada","-","CAD","1.97","1.00","Apr 13, 2028","3.86","CAD","Apr 13, 2018"
"ENBGAS","ENBRIDGE GAS INC MTN","Energy","Fixed Income","1,160,116.86","0.04","1,160,116.86","1,317,000.00","1,317,000.00","87.46","Canada","-","CAD","13.33","1.00","Jun 1, 2046","3.80","CAD","May 31, 2016"
"DOLCN","DOLLARAMA INC","Industrial","Fixed Income","1,160,324.87","0.04","1,160,324.87","1,176,000.00","1,176,000.00","98.12","Canada","-","CAD","1.60","1.00","Sep 20, 2027","1.50","CAD","Sep 18, 2020"
"PMZUCN","PRIMARIS REAL ESTATE INVESTMENT TR RegS","Real Estate","Fixed Income","1,159,407.64","0.04","1,159,407.64","1,080,000.00","1,080,000.00","105.35","Canada","-","CAD","2.00","1.00","Mar 29, 2028","5.93","CAD","Mar 29, 2023"
"TOUCN","TOURMALINE OIL CORP","Energy","Fixed Income","1,151,635.63","0.04","1,151,635.63","1,115,000.00","1,115,000.00","102.47","Canada","-","CAD","1.28","1.00","May 30, 2027","4.86","CAD","May 30, 2024"
"EPCOR","EPCOR UTILITIES INC MTN","Infrastructure","Fixed Income","1,151,819.49","0.04","1,151,819.49","952,000.00","952,000.00","119.04","Canada","-","CAD","8.54","1.00","Apr 15, 2038","6.65","CAD","Apr 15, 2008"
"TOUCN","TOURMALINE OIL CORP RegS","Energy","Fixed Income","1,150,709.81","0.04","1,150,709.81","1,160,000.00","1,160,000.00","98.01","Canada","-","CAD","2.87","1.00","Feb 12, 2029","2.53","CAD","Aug 11, 2021"
"IGMCN","INVESTORS GROUP INC.","Financial","Fixed Income","1,150,314.35","0.04","1,150,314.35","949,000.00","949,000.00","118.39","Canada","-","CAD","5.59","1.00","Mar 7, 2033","7.11","CAD","Mar 5, 2003"
"WNCN","GEORGE WESTON LTD","Industrial","Fixed Income","1,144,735.09","0.04","1,144,735.09","1,104,000.00","1,104,000.00","102.00","Canada","-","CAD","3.25","1.00","Sep 5, 2029","4.19","CAD","Sep 5, 2024"
"VW","VW CREDIT CANADA INC RegS","Financial","Fixed Income","1,144,092.52","0.04","1,144,092.52","1,100,000.00","1,100,000.00","103.12","Germany","-","CAD","3.46","1.00","Nov 19, 2029","4.49","CAD","Nov 19, 2024"
"ALACN","ALTAGAS LTD MTN","Energy","Fixed Income","1,143,091.88","0.04","1,143,091.88","1,199,000.00","1,199,000.00","94.92","Canada","-","CAD","4.49","1.00","Nov 30, 2030","2.48","CAD","Nov 30, 2020"
"REIUCN","RIOCAN REAL ESTATE INVESTMENT TRUS RegS","Real Estate","Fixed Income","1,141,222.32","0.04","1,141,222.32","1,080,000.00","1,080,000.00","103.89","Canada","-","CAD","1.51","1.00","Oct 6, 2027","5.61","CAD","Mar 6, 2023"
"TORHYD","TORONTO HYDRO CORPORATION RegS","Infrastructure","Fixed Income","1,140,775.08","0.04","1,140,775.08","1,080,000.00","1,080,000.00","105.03","Canada","-","CAD","6.14","1.00","Jun 14, 2033","4.61","CAD","Jun 14, 2023"
"IFCCN","INTACT FINANCIAL CORP MTN","Financial","Fixed Income","1,139,769.22","0.04","1,139,769.22","1,197,000.00","1,197,000.00","94.98","Canada","-","CAD","4.59","1.00","Dec 16, 2030","1.93","CAD","Dec 16, 2020"
"APUCN","ALLIED PROPERTIES REAL ESTATE INVE","Real Estate","Fixed Income","1,136,200.29","0.04","1,136,200.29","1,125,000.00","1,125,000.00","100.02","Canada","-","CAD","1.13","1.00","Apr 8, 2027","3.11","CAD","Oct 8, 2019"
"PLEHHU","PLENARY HLTH CARE PTNRSHP HUMBR LP","Infrastructure","Fixed Income","1,133,866.39","0.04","1,133,866.39","1,165,000.00","1,165,000.00","96.52","Canada","-","CAD","11.99","1.00","Nov 30, 2044","4.82","CAD","Sep 23, 2011"
"IGMCN","IGM FINANCIAL INC","Financial","Fixed Income","1,133,904.39","0.04","1,133,904.39","1,191,000.00","1,191,000.00","95.14","Canada","-","CAD","13.04","1.00","Jan 25, 2047","4.56","CAD","Jan 26, 2017"
"APUCN","ALLIED PROPERTIES REAL ESTATE INVE RegS","Real Estate","Fixed Income","1,129,657.84","0.04","1,129,657.84","1,100,000.00","1,100,000.00","101.34","Canada","-","CAD","1.14","1.00","Apr 7, 2027","4.31","CAD","Apr 7, 2025"
"SRUUCN","SMARTCENTRES REAL ESTATE INVESTMEN","Real Estate","Fixed Income","1,129,511.06","0.04","1,129,511.06","1,161,000.00","1,161,000.00","97.02","Canada","-","CAD","2.76","1.00","Dec 18, 2028","2.31","CAD","Dec 16, 2020"
"ENBGAS","ENBRIDGE GAS INC MTN 144A","Energy","Fixed Income","1,126,791.07","0.04","1,126,791.07","1,026,000.00","1,026,000.00","107.57","Canada","-","CAD","7.73","1.00","Feb 25, 2036","5.21","CAD","Feb 24, 2006"
"BMW","BMW CANADA INC","Industrial","Fixed Income","1,126,011.68","0.04","1,126,011.68","1,090,000.00","1,090,000.00","102.08","Germany","-","CAD","2.52","1.00","Oct 10, 2028","3.99","CAD","Oct 10, 2024"
"FCRCN","FIRST CAPITAL REAL ESTATE INVESTME RegS","Real Estate","Fixed Income","1,120,490.51","0.04","1,120,490.51","1,120,000.00","1,120,000.00","99.10","Canada","-","CAD","6.64","1.00","Feb 15, 2034","4.46","CAD","Nov 14, 2025"
"SEASKY","SEA TO SKY HIGHWAY INVESTMENT LP","Infrastructure","Fixed Income","1,116,677.74","0.04","1,116,677.74","1,128,392.00","1,128,392.00","97.87","Canada","-","CAD","2.35","1.00","Aug 31, 2030","2.63","CAD","Jun 16, 2016"
"EAGCCT","EAGLE CREDIT CARD TRUST","Securitized","Fixed Income","1,114,878.84","0.04","1,114,878.84","1,060,000.00","1,060,000.00","104.56","Canada","-","CAD","2.24","1.00","Jun 17, 2028","5.13","CAD","Jun 13, 2023"
"CRTUCN","CT REAL ESTATE INVESTMENT TRUST","Real Estate","Fixed Income","1,115,008.49","0.04","1,115,008.49","1,050,000.00","1,050,000.00","105.44","Canada","-","CAD","2.13","1.00","Jun 14, 2028","5.83","CAD","Nov 17, 2023"
"FTSCN","TERASEN GAS INC. MTN","Energy","Fixed Income","1,110,888.50","0.04","1,110,888.50","976,000.00","976,000.00","111.85","Canada","-","CAD","8.41","1.00","Oct 2, 2037","6.00","CAD","Oct 2, 2007"
"FNCN","FIRST NATIONAL FINANCIAL CORP RegS","Financial","Fixed Income","1,109,681.11","0.04","1,109,681.11","1,080,000.00","1,080,000.00","101.59","Canada","-","CAD","2.54","1.00","Oct 23, 2028","4.29","CAD","Oct 23, 2025"
"BAMREP","BRP FINANCE ULC","Energy","Fixed Income","1,109,301.50","0.04","1,109,301.50","990,000.00","990,000.00","110.67","Canada","-","CAD","8.01","1.00","Nov 5, 2036","5.84","CAD","Nov 1, 2006"
"AERMON","AEROPORTS DE MONTREAL","Infrastructure","Fixed Income","1,106,752.62","0.04","1,106,752.62","1,006,000.00","1,006,000.00","108.43","Canada","-","CAD","9.84","1.00","Apr 16, 2040","5.47","CAD","Apr 16, 2010"
"LCN","LOBLAW COMPANIES LIMITED MTN","Industrial","Fixed Income","1,106,833.37","0.04","1,106,833.37","988,000.00","988,000.00","111.83","Canada","-","CAD","7.65","1.00","Jan 18, 2036","5.90","CAD","Jan 18, 2005"
"NSIUCN","NOVA SCOTIA POWER INC MTN","Infrastructure","Fixed Income","1,106,523.58","0.04","1,106,523.58","1,026,000.00","1,026,000.00","107.14","Canada","-","CAD","9.89","1.00","Jun 15, 2040","5.61","CAD","Jun 15, 2010"
"FTSCN","FORTISBC ENERGY INC MTN RegS","Energy","Fixed Income","1,105,303.41","0.04","1,105,303.41","1,100,000.00","1,100,000.00","99.50","Canada","-","CAD","4.28","1.00","Oct 16, 2030","3.38","CAD","Oct 16, 2025"
"FTSCN","FORTISALBERTA INC MTN","Infrastructure","Fixed Income","1,103,262.99","0.04","1,103,262.99","1,015,000.00","1,015,000.00","107.34","Canada","-","CAD","9.68","1.00","Oct 30, 2039","5.37","CAD","Oct 30, 2009"
"ETRHWY","407 INTERNATIONAL INC MTN","Infrastructure","Fixed Income","1,098,970.46","0.04","1,098,970.46","1,145,000.00","1,145,000.00","94.87","Canada","-","CAD","11.34","1.00","Apr 25, 2042","4.19","CAD","Apr 25, 2012"
"MICCN","SAGEN MI CANADA INC","Financial","Fixed Income","1,097,312.09","0.04","1,097,312.09","1,035,000.00","1,035,000.00","104.85","Canada","-","CAD","2.06","1.00","May 19, 2028","5.91","CAD","May 19, 2023"
"STNCN","STANTEC INC.","Industrial","Fixed Income","1,096,502.15","0.04","1,096,502.15","1,104,000.00","1,104,000.00","98.68","Canada","-","CAD","1.64","1.00","Oct 8, 2027","2.05","CAD","Oct 8, 2020"
"GEICN","GIBSON ENERGY INC MTN","Energy","Fixed Income","1,094,944.56","0.04","1,094,944.56","975,000.00","975,000.00","112.00","Canada","-","CAD","13.61","1.00","Jul 12, 2053","6.20","CAD","Jul 12, 2023"
"BIP","BROOKFIELD INFRASTRUCTURE FINANCE MTN","Infrastructure","Fixed Income","1,094,968.26","0.04","1,094,968.26","964,000.00","964,000.00","110.82","Canada","-","CAD","5.54","1.00","Feb 14, 2033","5.98","CAD","Nov 14, 2022"
"ALTALK","ALTALINK LP MTN","Infrastructure","Fixed Income","1,093,498.60","0.04","1,093,498.60","1,172,000.00","1,172,000.00","92.52","Canada","-","CAD","12.57","1.00","Nov 21, 2044","4.05","CAD","Nov 21, 2014"
"HOOPP","HOOPP REALTY INC RegS","Real Estate","Fixed Income","1,090,444.85","0.04","1,090,444.85","1,080,000.00","1,080,000.00","100.28","Canada","-","CAD","5.54","1.00","Nov 27, 2032","3.92","CAD","Nov 27, 2025"
"VANAIR","VANCOUVER AIRPORT AUTHORITY RegS","Infrastructure","Fixed Income","1,088,902.03","0.04","1,088,902.03","1,262,000.00","1,262,000.00","85.60","Canada","-","CAD","14.40","1.00","Nov 23, 2048","3.66","CAD","Nov 23, 2018"
"FTSCN","FORTISALBERTA INC RegS","Infrastructure","Fixed Income","1,085,435.12","0.04","1,085,435.12","1,090,000.00","1,090,000.00","99.28","Canada","-","CAD","15.37","1.00","Jul 7, 2055","4.76","CAD","Jul 7, 2025"
"PMZUCN","PRIMARIS REAL ESTATE INVESTMENT TR RegS","Real Estate","Fixed Income","1,082,992.55","0.04","1,082,992.55","1,055,000.00","1,055,000.00","102.18","Canada","-","CAD","6.15","1.00","Jun 25, 2033","4.84","CAD","Jun 25, 2025"
"TORHYD","TORONTO HYDRO CORPORATION","Infrastructure","Fixed Income","1,082,809.27","0.04","1,082,809.27","1,432,000.00","1,432,000.00","75.20","Canada","-","CAD","15.44","1.00","Dec 10, 2049","2.99","CAD","Nov 12, 2019"
"NACN","NATIONAL BANK OF CANADA","Financial","Fixed Income","1,081,530.77","0.04","1,081,530.77","1,010,000.00","1,010,000.00","107.07","Canada","-","CAD","2.76","1.00","Jan 29, 2034","5.95","CAD","Jan 29, 2024"
"NAVCAN","NAV CANADA MTN","Infrastructure","Fixed Income","1,080,448.25","0.04","1,080,448.25","1,358,000.00","1,358,000.00","78.48","Canada","-","CAD","15.38","1.00","Sep 29, 2050","3.21","CAD","Mar 29, 2019"
"CAT","CATERPILLAR FINANCIAL SERVICES LTD MTN","Financial","Fixed Income","1,079,215.72","0.04","1,079,215.72","1,040,000.00","1,040,000.00","101.95","United States","-","CAD","1.05","1.00","Mar 5, 2027","4.51","CAD","Mar 5, 2024"
"LOWMAT","LOWER MATTAGAMI ENERGY LP","Infrastructure","Fixed Income","1,073,669.83","0.04","1,073,669.83","1,080,000.00","1,080,000.00","98.72","Canada","-","CAD","15.14","1.00","Jun 7, 2054","4.69","CAD","Jun 7, 2024"
"MICCN","GENWORTH MI CANADA INC","Financial","Fixed Income","1,072,587.03","0.04","1,072,587.03","1,059,000.00","1,059,000.00","100.06","Canada","-","CAD","1.00","1.00","Mar 1, 2027","2.96","CAD","Feb 20, 2020"
"CRRUCN","CROMBIE REAL ESTATE INVESTMENT TRU","Real Estate","Fixed Income","1,062,423.10","0.04","1,062,423.10","1,000,000.00","1,000,000.00","104.51","Canada","-","CAD","3.59","1.00","Mar 29, 2030","5.14","CAD","Mar 6, 2024"
"TERANE","TERANET HOLDINGS LP","Industrial","Fixed Income","1,059,570.46","0.04","1,059,570.46","987,000.00","987,000.00","106.62","Canada","-","CAD","10.02","1.00","Jun 17, 2041","6.10","CAD","Apr 4, 2011"
"BCFERR","BRITISH COLUMBIA FERRY SERVICES IN","Infrastructure","Fixed Income","1,056,326.23","0.04","1,056,326.23","1,043,000.00","1,043,000.00","100.00","Canada","-","CAD","11.66","1.00","Oct 23, 2043","4.70","CAD","Oct 25, 2013"
"LCN","LOBLAW COMPANIES LTD MTN 144A","Industrial","Fixed Income","1,045,680.95","0.04","1,045,680.95","888,000.00","888,000.00","114.92","Canada","-","CAD","4.95","1.00","Mar 1, 2032","6.85","CAD","Mar 1, 2002"
"TORHYD","TORONTO HYDRO CORPORATION RegS","Infrastructure","Fixed Income","1,044,665.34","0.04","1,044,665.34","975,000.00","975,000.00","105.60","Canada","-","CAD","2.42","1.00","Oct 12, 2028","5.13","CAD","Oct 12, 2023"
"VANAIR","VANCOUVER AIRPORT AUTHORITY","Infrastructure","Fixed Income","1,043,198.17","0.04","1,043,198.17","1,395,000.00","1,395,000.00","73.96","Canada","-","CAD","15.46","1.00","Oct 18, 2049","2.87","CAD","Oct 18, 2019"
"SIACN","SIENNA SENIOR LIVING INC","Industrial","Fixed Income","1,040,503.54","0.04","1,040,503.54","1,010,000.00","1,010,000.00","101.20","Canada","-","CAD","4.04","1.00","Aug 21, 2030","4.11","CAD","Aug 21, 2025"
"LCN","LOBLAW COMPANIES LIMITED MTN","Industrial","Fixed Income","1,039,598.12","0.04","1,039,598.12","885,000.00","885,000.00","114.49","Canada","-","CAD","5.61","1.00","Feb 17, 2033","6.54","CAD","Feb 17, 2003"
"PSSGEN","PSS GENERATING STATION LP","Infrastructure","Fixed Income","1,036,417.85","0.04","1,036,417.85","1,100,000.00","1,100,000.00","92.93","Canada","-","CAD","15.33","1.00","Oct 24, 2067","4.79","CAD","Oct 23, 2015"
"EDISNH","ELLISDON INFRASTRUCTURE SNH GP","Infrastructure","Fixed Income","1,035,509.55","0.04","1,035,509.55","1,000,000.00","1,000,000.00","101.47","Canada","-","CAD","7.88","1.00","Feb 28, 2043","5.00","CAD","Feb 21, 2023"
"NWHUCN","NORTHWEST HEALTHCARE PROPERTIES RE","Real Estate","Fixed Income","1,034,797.63","0.04","1,034,797.63","993,000.00","993,000.00","101.94","Canada","-","CAD","1.91","1.00","Feb 18, 2028","5.02","CAD","Feb 18, 2025"
"IFCCN","INTACT FINANCIAL CORP MTN","Financial","Fixed Income","1,034,638.00","0.04","1,034,638.00","883,000.00","883,000.00","115.98","Canada","-","CAD","9.38","1.00","Nov 23, 2039","6.40","CAD","Nov 23, 2009"
"GTAAIR","GREATER TORONTO AIRPORTS AUTH 144A","Infrastructure","Fixed Income","1,033,265.57","0.04","1,033,265.57","963,000.00","963,000.00","106.27","Canada","-","CAD","1.73","1.00","Dec 3, 2027","6.45","CAD","Dec 2, 1997"
"ENBPIP","ENBRIDGE PIPELINES INC MTN","Energy","Fixed Income","1,033,426.47","0.04","1,033,426.47","1,076,000.00","1,076,000.00","93.97","Canada","-","CAD","11.45","1.00","Aug 17, 2043","4.55","CAD","Aug 16, 2013"
"POWCN","POWER CORPORATION OF CANADA","Financial","Fixed Income","1,032,149.39","0.04","1,032,149.39","1,021,000.00","1,021,000.00","98.70","Canada","-","CAD","12.61","1.00","Jan 31, 2047","4.81","CAD","Jan 31, 2017"
"ALACN","ALTAGAS LTD","Energy","Fixed Income","1,031,639.88","0.04","1,031,639.88","1,031,000.00","1,031,000.00","99.26","Canada","-","CAD","1.09","1.00","Mar 16, 2027","2.17","CAD","Mar 16, 2021"
"LCN","LOBLAW COMPANIES LIMITED MTN","Industrial","Fixed Income","1,029,481.83","0.04","1,029,481.83","910,000.00","910,000.00","112.27","Canada","-","CAD","6.61","1.00","Jun 9, 2034","6.05","CAD","Jun 9, 2003"
"CONNEC","CONNECT 6IX GENERAL PARTNERSHIP","Infrastructure","Fixed Income","1,028,083.19","0.04","1,028,083.19","900,000.00","900,000.00","113.19","Canada","-","CAD","14.88","1.00","Nov 30, 2060","6.21","CAD","Nov 17, 2022"
"FTSCN","FORTISALBERTA INC MTN","Infrastructure","Fixed Income","1,023,307.65","0.04","1,023,307.65","1,005,000.00","1,005,000.00","100.96","Canada","-","CAD","14.71","1.00","May 26, 2053","4.86","CAD","May 26, 2023"
"HOOPP","HOOPP REALTY INC RegS","Real Estate","Fixed Income","1,019,374.70","0.04","1,019,374.70","1,010,000.00","1,010,000.00","100.30","Canada","-","CAD","4.37","1.00","Nov 27, 2030","3.57","CAD","Nov 27, 2025"
"BMW","BMW CANADA INC","Industrial","Fixed Income","1,019,495.99","0.04","1,019,495.99","995,000.00","995,000.00","101.25","Germany","-","CAD","2.95","1.00","Apr 2, 2029","3.70","CAD","Apr 1, 2025"
"CANCOR","CANADIAN CORE REAL ESTATE LP","Real Estate","Fixed Income","1,017,546.95","0.04","1,017,546.95","1,001,000.00","1,001,000.00","100.30","Canada","-","CAD","1.05","1.00","Mar 2, 2027","3.30","CAD","Mar 2, 2022"
"IFCCN","INTACT FINANCIAL CORP MTN","Financial","Fixed Income","1,016,109.10","0.04","1,016,109.10","1,404,000.00","1,404,000.00","72.01","Canada","-","CAD","15.71","1.00","Dec 16, 2050","2.95","CAD","Dec 16, 2020"
"AERMON","AEROPORT DE MONTREAL","Infrastructure","Fixed Income","1,015,396.95","0.03","1,015,396.95","1,092,000.00","1,092,000.00","91.63","Canada","-","CAD","11.67","1.00","Sep 26, 2042","3.92","CAD","Sep 26, 2012"
"XCN","TMX GROUP LTD","Financial","Fixed Income","1,015,062.78","0.03","1,015,062.78","993,000.00","993,000.00","101.64","Canada","-","CAD","2.06","1.00","Jun 5, 2028","3.78","CAD","Jun 5, 2018"
"HYDONE","HYDRO ONE INC MTN","Infrastructure","Fixed Income","1,014,997.05","0.03","1,014,997.05","1,141,000.00","1,141,000.00","88.53","Canada","-","CAD","15.09","1.00","Dec 22, 2051","4.00","CAD","Dec 22, 2011"
"AERMON","AEROPORTS DE MONTREAL","Infrastructure","Fixed Income","1,012,334.53","0.03","1,012,334.53","856,000.00","856,000.00","116.27","Canada","-","CAD","6.08","1.00","Oct 11, 2033","6.55","CAD","Oct 9, 2003"
"IGMCN","IGM FINANCIAL INC RegS","Financial","Fixed Income","1,011,816.34","0.03","1,011,816.34","1,112,000.00","1,112,000.00","89.48","Canada","-","CAD","14.07","1.00","Mar 21, 2050","4.21","CAD","Mar 20, 2019"
"BAMREP","BROOKFIELD RENEWABLE PARTNERS ULC","Energy","Fixed Income","1,011,071.35","0.03","1,011,071.35","980,000.00","980,000.00","101.06","Canada","-","CAD","3.41","1.00","Mar 12, 2055","5.45","CAD","Dec 12, 2024"
"LCN","LOBLAW COMPANIES MTN 144A","Industrial","Fixed Income","1,009,909.90","0.03","1,009,909.90","865,000.00","865,000.00","114.08","Canada","-","CAD","8.88","1.00","Mar 1, 2039","6.45","CAD","Mar 1, 1999"
"BIP","BROOKFIELD INFRASTRUCTURE FINANCE MTN","Infrastructure","Fixed Income","1,008,662.14","0.03","1,008,662.14","923,000.00","923,000.00","107.74","Canada","-","CAD","13.47","1.00","Apr 25, 2052","5.79","CAD","Apr 25, 2022"
"EPCOR","EPCOR UTILITIES INC MTN","Infrastructure","Fixed Income","1,008,770.50","0.03","1,008,770.50","1,063,000.00","1,063,000.00","94.69","Canada","-","CAD","5.01","1.00","Jun 30, 2031","2.41","CAD","Jun 28, 2021"
"ENBGAS","ENBRIDGE GAS INC MTN","Energy","Fixed Income","1,006,820.42","0.03","1,006,820.42","1,322,000.00","1,322,000.00","74.72","Canada","-","CAD","15.04","1.00","Aug 9, 2049","3.01","CAD","Aug 9, 2019"
"ENBGAS","ENBRIDGE GAS INC MTN","Energy","Fixed Income","1,007,092.06","0.03","1,007,092.06","849,000.00","849,000.00","117.18","Canada","-","CAD","5.48","1.00","Nov 15, 2032","6.90","CAD","Nov 15, 2002"
"TORHYD","TORONTO HYDRO CORPORATION","Infrastructure","Fixed Income","1,006,821.46","0.03","1,006,821.46","990,000.00","990,000.00","100.32","Canada","-","CAD","7.14","1.00","Sep 26, 2034","3.99","CAD","Sep 26, 2024"
"BIP","BROOKFIELD INFRASTRUCTURE FINANCE MTN RegS","Infrastructure","Fixed Income","998,392.78","0.03","998,392.78","905,000.00","905,000.00","110.27","Canada","-","CAD","13.87","1.00","Jul 27, 2053","5.95","CAD","Jul 27, 2023"
"FCRCN","FIRST CAPITAL REAL ESTATE INVESTME","Real Estate","Fixed Income","996,989.01","0.03","996,989.01","965,000.00","965,000.00","102.60","Canada","-","CAD","3.88","1.00","Jun 3, 2030","4.51","CAD","Nov 1, 2024"
"BCFERR","BRITISH COLUMBIA FERRY SERVICES IN","Infrastructure","Fixed Income","995,456.15","0.03","995,456.15","912,000.00","912,000.00","108.86","Canada","-","CAD","8.79","1.00","Jan 11, 2038","5.58","CAD","Jan 11, 2008"
"DIRUCN","DREAM INDUSTRIAL REAL ESTATE INVES RegS","Real Estate","Fixed Income","994,499.73","0.03","994,499.73","975,000.00","975,000.00","101.68","Canada","-","CAD","3.98","1.00","Jul 3, 2030","4.29","CAD","Jul 3, 2025"
"SMA","SMARTSTOP SELF STORAGE REIT INC","Real Estate","Fixed Income","993,856.29","0.03","993,856.29","980,000.00","980,000.00","100.05","United States","-","CAD","4.17","1.00","Sep 24, 2030","3.89","CAD","Sep 24, 2025"
"CTLONE","CENTRAL 1 CREDIT UNION MTN","Financial","Fixed Income","993,270.12","0.03","993,270.12","920,000.00","920,000.00","106.64","Canada","-","CAD","2.47","1.00","Nov 10, 2028","5.98","CAD","Nov 10, 2023"
"TORHYD","TORONTO HYDRO CORPORATION","Infrastructure","Fixed Income","992,134.34","0.03","992,134.34","1,169,000.00","1,169,000.00","83.39","Canada","-","CAD","14.15","1.00","Feb 28, 2048","3.48","CAD","Nov 14, 2017"
"ALCTRA","ALECTRA INC (CANADA)","Infrastructure","Fixed Income","991,386.30","0.03","991,386.30","1,195,000.00","1,195,000.00","81.92","Canada","-","CAD","14.61","1.00","Apr 12, 2049","3.46","CAD","Apr 11, 2019"
"SIACN","SIENNA SENIOR LIVING INC","Industrial","Fixed Income","988,829.23","0.03","988,829.23","980,000.00","980,000.00","100.49","Canada","-","CAD","2.72","1.00","Dec 18, 2028","3.52","CAD","Dec 18, 2025"
"IGMCN","IGM FINANCIAL INC","Financial","Fixed Income","987,923.80","0.03","987,923.80","1,100,000.00","1,100,000.00","89.23","Canada","-","CAD","13.58","1.00","Dec 9, 2047","4.12","CAD","Dec 7, 2017"
"IFCCN","INTACT FINANCIAL CORP MTN RegS","Financial","Fixed Income","983,750.24","0.03","983,750.24","1,181,000.00","1,181,000.00","82.57","Canada","-","CAD","15.46","1.00","May 20, 2053","3.77","CAD","May 18, 2021"
"REIUCN","RIOCAN REAL ESTATE INVESTMENT TRUS","Real Estate","Fixed Income","982,428.93","0.03","982,428.93","944,000.00","944,000.00","102.93","Canada","-","CAD","2.87","1.00","May 1, 2029","4.63","CAD","Apr 18, 2022"
"BCFERR","BRITISH COLUMBIA FERRY SERVICES IN","Infrastructure","Fixed Income","979,305.45","0.03","979,305.45","1,021,000.00","1,021,000.00","94.81","Canada","-","CAD","12.12","1.00","Apr 28, 2044","4.29","CAD","Apr 28, 2014"
"ENBGAS","ENBRIDGE GAS INC","Energy","Fixed Income","977,460.59","0.03","977,460.59","922,000.00","922,000.00","105.92","Canada","-","CAD","10.20","1.00","Jul 23, 2040","5.20","CAD","Jul 23, 2010"
"NSIUCN","NOVA SCOTIA POWER INC MTN","Infrastructure","Fixed Income","975,083.94","0.03","975,083.94","813,000.00","813,000.00","116.93","Canada","-","CAD","5.89","1.00","Aug 25, 2033","6.95","CAD","Aug 25, 2003"
"COCAPS","COAST CAPITAL SAVINGS FEDERAL CRED","Financial","Fixed Income","970,668.23","0.03","970,668.23","940,000.00","940,000.00","101.98","Canada","-","CAD","1.63","1.00","Oct 18, 2027","4.52","CAD","Oct 18, 2024"
"ALCTRA","ALECTRA INC (CANADA)","Infrastructure","Fixed Income","968,113.14","0.03","968,113.14","897,000.00","897,000.00","106.83","Canada","-","CAD","14.35","1.00","Nov 14, 2052","5.22","CAD","Nov 14, 2022"
"IFCCN","INTACT FINANCIAL CORP MTN","Financial","Fixed Income","961,002.20","0.03","961,002.20","922,000.00","922,000.00","103.59","Canada","-","CAD","10.97","1.00","Jun 16, 2042","5.16","CAD","Jun 15, 2012"
"TORHYD","TORONTO HYDRO CORPORATION","Infrastructure","Fixed Income","960,863.24","0.03","960,863.24","975,000.00","975,000.00","98.22","Canada","-","CAD","3.64","1.00","Dec 11, 2029","2.43","CAD","Nov 12, 2019"
"CONNEC","CONNECT 6IX GENERAL PARTNERSHIP","Infrastructure","Fixed Income","960,963.93","0.03","960,963.93","850,000.00","850,000.00","112.03","Canada","-","CAD","12.04","1.00","Nov 30, 2046","6.11","CAD","Nov 17, 2022"
"EPCOR","EPCOR UTILITIES INC","Infrastructure","Fixed Income","960,195.80","0.03","960,195.80","1,305,000.00","1,305,000.00","73.01","Canada","-","CAD","15.63","1.00","May 19, 2050","2.90","CAD","May 19, 2020"
"GZMCN","ENERGIR INC RegS","Energy","Fixed Income","954,475.72","0.03","954,475.72","895,000.00","895,000.00","105.05","Canada","-","CAD","5.55","1.00","Sep 27, 2032","4.67","CAD","Sep 27, 2022"
"CUCN","CU INC","Energy","Fixed Income","954,099.89","0.03","954,099.89","958,000.00","958,000.00","98.82","Canada","-","CAD","14.37","1.00","Jun 3, 2052","4.85","CAD","Jun 3, 2022"
"CUCN","CU INC","Energy","Fixed Income","953,209.64","0.03","953,209.64","977,000.00","977,000.00","96.52","Canada","-","CAD","15.02","1.00","Nov 7, 2053","4.56","CAD","Nov 7, 2013"
"SE","WESTCOAST ENERGY INC MTN","Energy","Fixed Income","950,901.61","0.03","950,901.61","818,000.00","818,000.00","113.66","Canada","-","CAD","4.28","1.00","Mar 20, 2031","7.15","CAD","Mar 20, 2001"
"CANCOR","CANADIAN CORE REAL ESTATE LP RegS","Real Estate","Fixed Income","949,219.97","0.03","949,219.97","920,000.00","920,000.00","101.87","Canada","-","CAD","3.34","1.00","Oct 16, 2029","4.48","CAD","Oct 16, 2024"
"ENBGAS","ENBRIDGE GAS INC MTN","Energy","Fixed Income","948,780.76","0.03","948,780.76","1,124,000.00","1,124,000.00","83.73","Canada","-","CAD","14.03","1.00","Nov 22, 2047","3.59","CAD","Nov 22, 2017"
"EPCOR","EPCOR UTILITIES INC MTN","Infrastructure","Fixed Income","948,159.06","0.03","948,159.06","849,000.00","849,000.00","110.62","Canada","-","CAD","9.60","1.00","Nov 24, 2039","5.75","CAD","Nov 24, 2009"
"VANAIR","VANCOUVER AIRPORT AUTHORITY","Infrastructure","Fixed Income","947,692.15","0.03","947,692.15","1,006,000.00","1,006,000.00","93.57","Canada","-","CAD","4.37","1.00","Sep 20, 2030","1.76","CAD","Sep 21, 2020"
"ENBGAS","ENBRIDGE GAS INC MTN","Energy","Fixed Income","944,601.30","0.03","944,601.30","1,135,000.00","1,135,000.00","82.63","Canada","-","CAD","14.12","1.00","Nov 29, 2047","3.51","CAD","Nov 29, 2017"
"LOWMAT","LOWER MATTAGAMI ENERGY LP","Infrastructure","Fixed Income","940,819.96","0.03","940,819.96","995,000.00","995,000.00","92.72","Canada","-","CAD","12.85","1.00","Feb 23, 2046","4.18","CAD","Feb 25, 2013"
"CP","CANADIAN PACIFIC RAILWAY COMPANY","Industrial","Fixed Income","928,649.61","0.03","928,649.61","1,218,000.00","1,218,000.00","75.05","Canada","-","CAD","15.25","1.00","Mar 9, 2050","3.05","CAD","Mar 9, 2020"
"ALTALK","ALTALINK LP","Infrastructure","Fixed Income","927,625.62","0.03","927,625.62","985,000.00","985,000.00","93.59","Canada","-","CAD","4.38","1.00","Sep 11, 2030","1.51","CAD","Sep 11, 2020"
"TORHYD","TORONTO HYDRO CORPORATION","Infrastructure","Fixed Income","926,074.98","0.03","926,074.98","988,000.00","988,000.00","93.29","Canada","-","CAD","4.47","1.00","Oct 15, 2030","1.50","CAD","Oct 15, 2020"
"FIRWST","FIRST WEST CREDIT UNION RegS","Financial","Fixed Income","925,295.29","0.03","925,295.29","805,000.00","805,000.00","110.56","Canada","-","CAD","2.20","1.00","Aug 9, 2033","9.19","CAD","Aug 9, 2023"
"PMZUCN","PRIMARIS REAL ESTATE INVESTMENT TR RegS","Real Estate","Fixed Income","925,376.17","0.03","925,376.17","860,000.00","860,000.00","105.61","Canada","-","CAD","5.08","1.00","Mar 15, 2032","5.30","CAD","Aug 12, 2024"
"GZMCN","GAZ METRO INC MTN","Energy","Fixed Income","924,484.68","0.03","924,484.68","795,000.00","795,000.00","114.51","Canada","-","CAD","4.04","1.00","Oct 30, 2030","7.05","CAD","Oct 26, 2000"
"EDISNH","ELLISDON INFRASTRUCTURE SNH GP","Infrastructure","Fixed Income","920,934.04","0.03","920,934.04","960,000.00","960,000.00","93.78","Canada","-","CAD","13.12","1.00","Aug 31, 2057","5.15","CAD","Feb 21, 2023"
"FTSCN","FORTISBC ENERGY INC MTN","Energy","Fixed Income","915,541.10","0.03","915,541.10","1,045,000.00","1,045,000.00","87.04","Canada","-","CAD","14.21","1.00","Dec 7, 2048","3.85","CAD","Dec 7, 2018"
"CSHU","CHARTWELL RETIREMENT RESIDENCES","Industrial","Fixed Income","914,424.27","0.03","914,424.27","885,000.00","885,000.00","102.29","Canada","-","CAD","3.40","1.00","Nov 5, 2029","4.40","CAD","Oct 28, 2024"
"ENBCN","ENBRIDGE INC MTN","Energy","Fixed Income","912,575.49","0.03","912,575.49","806,000.00","806,000.00","113.10","Canada","-","CAD","3.88","1.00","Jul 24, 2030","7.22","CAD","Jul 24, 2000"
"TRPCN","TRANS-CANADA PIPELINE MTN","Energy","Fixed Income","912,772.24","0.03","912,772.24","847,000.00","847,000.00","105.45","Canada","-","CAD","1.14","1.00","Apr 15, 2027","7.90","CAD","Apr 15, 1997"
"OTTMAC","OTTAWA MACDONALD-CARTIER INTERNATI","Infrastructure","Fixed Income","905,317.14","0.03","905,317.14","980,708.00","980,708.00","91.75","Canada","-","CAD","8.06","1.00","Jun 9, 2045","3.93","CAD","Jun 9, 2015"
"FTSCN","TERASEN GAS VANCOUVER IS","Energy","Fixed Income","904,146.69","0.03","904,146.69","787,000.00","787,000.00","112.10","Canada","-","CAD","8.52","1.00","Feb 15, 2038","6.05","CAD","Feb 15, 2008"
"BCFERR","BC FERRY SERVICES INC MTN","Infrastructure","Fixed Income","896,879.89","0.03","896,879.89","844,000.00","844,000.00","104.45","Canada","-","CAD","8.39","1.00","Mar 20, 2037","5.02","CAD","Mar 20, 2007"
"AERMON","AEROPORTS DE MONTREAL","Infrastructure","Fixed Income","896,054.69","0.03","896,054.69","1,080,000.00","1,080,000.00","82.07","Canada","-","CAD","14.03","1.00","Apr 24, 2047","3.36","CAD","Apr 24, 2017"
"FFHCN","FAIRFAX FINANCIAL HOLDINGS LTD","Financial","Fixed Income","891,215.06","0.03","891,215.06","875,000.00","875,000.00","100.88","Canada","-","CAD","14.48","1.00","Nov 23, 2054","5.23","CAD","Nov 22, 2024"
"BMW","BMW CANADA INC","Industrial","Fixed Income","890,771.07","0.03","890,771.07","875,000.00","875,000.00","100.69","Germany","-","CAD","1.13","1.00","Apr 1, 2027","3.35","CAD","Apr 1, 2025"
"SLFCN","SUN LIFE CAPITAL TRUST","Financial","Fixed Income","887,026.65","0.03","887,026.65","776,000.00","776,000.00","113.72","Canada","-","CAD","5.23","1.00","Jun 30, 2052","7.09","CAD","Jun 25, 2002"
"NSIUCN","NOVA SCOTIA POWER INC","Infrastructure","Fixed Income","886,851.62","0.03","886,851.62","835,000.00","835,000.00","104.33","Canada","-","CAD","14.01","1.00","Mar 24, 2053","5.36","CAD","Mar 24, 2023"
"LCN","LOBLAW COMPANIES LTD","Industrial","Fixed Income","884,583.73","0.03","884,583.73","912,000.00","912,000.00","96.47","Canada","-","CAD","4.00","1.00","May 7, 2030","2.28","CAD","May 7, 2020"
"MCAPCO","MCAP COMMERCIAL LP","Financial","Fixed Income","884,641.12","0.03","884,641.12","879,000.00","879,000.00","100.04","Canada","-","CAD","1.72","1.00","Nov 26, 2027","3.38","CAD","Nov 26, 2020"
"DTRGR","DAIMLER TRUCKS FINANCE CANADA INC RegS","Financial","Fixed Income","884,026.00","0.03","884,026.00","838,000.00","838,000.00","103.60","Germany","-","CAD","1.55","1.00","Sep 20, 2027","5.22","CAD","Sep 19, 2022"
"ELFCN","EMPIRE LIFE INSURANCE CO RegS","Financial","Fixed Income","883,111.54","0.03","883,111.54","845,000.00","845,000.00","104.25","Canada","-","CAD","1.82","1.00","Jan 13, 2033","5.50","CAD","Jan 13, 2023"
"REIUCN","RIOCAN REAL ESTATE INVESTMENT TRUS RegS","Real Estate","Fixed Income","876,918.38","0.03","876,918.38","865,000.00","865,000.00","99.91","Canada","-","CAD","5.65","1.00","Oct 1, 2032","4.42","CAD","Oct 1, 2025"
"ACICN","TRISUMMIT UTILITIES INC MTN RegS","Energy","Fixed Income","876,420.95","0.03","876,420.95","830,000.00","830,000.00","105.33","Canada","-","CAD","3.46","1.00","Jan 11, 2030","5.02","CAD","Jan 11, 2023"
"FTSCN","FORTISBC ENERGY INC MTN","Energy","Fixed Income","868,388.16","0.03","868,388.16","984,000.00","984,000.00","86.74","Canada","-","CAD","13.49","1.00","Mar 6, 2047","3.78","CAD","Dec 13, 2016"
"FIRWST","FIRST WEST CREDIT UNION","Financial","Fixed Income","867,708.06","0.03","867,708.06","860,000.00","860,000.00","100.12","Canada","-","CAD","1.72","1.00","Nov 15, 2027","3.69","CAD","Nov 14, 2025"
"ENBGAS","ENBRIDGE GAS INC MTN","Energy","Fixed Income","863,917.21","0.03","863,917.21","877,000.00","877,000.00","97.67","Canada","-","CAD","11.86","1.00","Nov 23, 2043","4.50","CAD","Nov 22, 2013"
"TRPCN","TRANSCANADA PIPELINES LIMITED MTN","Energy","Fixed Income","862,171.18","0.03","862,171.18","803,000.00","803,000.00","106.25","Canada","-","CAD","2.15","1.00","May 26, 2028","6.28","CAD","May 26, 1998"
"ACOXCN","ATCO LTD RegS","Energy","Fixed Income","859,758.48","0.03","859,758.48","816,000.00","816,000.00","104.01","Canada","-","CAD","2.11","1.00","Nov 1, 2078","5.50","CAD","Nov 1, 2018"
"CSHU","CHARTWELL RETIREMENT RESIDENCES","Industrial","Fixed Income","859,891.54","0.03","859,891.54","835,000.00","835,000.00","101.18","Canada","-","CAD","5.20","1.00","Mar 6, 2032","4.50","CAD","Mar 6, 2025"
"TRPCN","TRANSCANADA PIPELINES LIMITED MTN","Energy","Fixed Income","859,623.89","0.03","859,623.89","775,000.00","775,000.00","109.99","Canada","-","CAD","4.18","1.00","Dec 9, 2030","6.50","CAD","Dec 7, 1998"
"CTCACN","CANADIAN TIRE CORP LTD MTN","Industrial","Fixed Income","857,482.93","0.03","857,482.93","792,000.00","792,000.00","106.32","Canada","-","CAD","2.03","1.00","Apr 13, 2028","6.50","CAD","Apr 13, 1998"
"PENSKE","PENSKE TRUCK LEASING CANADA INC RegS","Industrial","Fixed Income","855,621.36","0.03","855,621.36","850,000.00","850,000.00","100.12","Canada","-","CAD","4.39","1.00","Dec 9, 2030","3.75","CAD","Dec 8, 2025"
"VW","VW CREDIT CANADA INC RegS","Financial","Fixed Income","852,700.61","0.03","852,700.61","820,000.00","820,000.00","102.07","Germany","-","CAD","1.93","1.00","Feb 18, 2028","4.25","CAD","Nov 19, 2024"
"HEQCN","CHIP MORTGAGE TRUST RegS","Securitized","Fixed Income","852,702.55","0.03","852,702.55","800,000.00","800,000.00","106.32","Canada","-","CAD","3.03","1.00","Nov 14, 2048","6.07","CAD","Jul 14, 2023"
"FTSCN","FORTISALBERTA INC MTN","Infrastructure","Fixed Income","847,349.97","0.03","847,349.97","680,000.00","680,000.00","121.34","Canada","-","CAD","8.71","1.00","Feb 14, 2039","7.06","CAD","Feb 13, 2009"
"FNCN","FIRST NATIONAL FINANCIAL CORP RegS","Financial","Fixed Income","846,106.43","0.03","846,106.43","810,000.00","810,000.00","102.98","Canada","-","CAD","5.53","1.00","Oct 25, 2032","5.44","CAD","Oct 23, 2025"
"ALTALK","ALTALINK LP MTN","Infrastructure","Fixed Income","845,648.10","0.03","845,648.10","767,000.00","767,000.00","108.38","Canada","-","CAD","8.08","1.00","Sep 22, 2036","5.25","CAD","Sep 21, 2006"
"ENOPOW","ENOVA POWER CORP RegS","Infrastructure","Fixed Income","843,511.43","0.03","843,511.43","840,000.00","840,000.00","100.33","Canada","-","CAD","4.52","1.00","Jan 21, 2031","3.60","CAD","Jan 21, 2026"
"DE","JOHN DEERE FINANCIAL INC","Financial","Fixed Income","840,577.51","0.03","840,577.51","845,000.00","845,000.00","99.39","United States","-","CAD","2.83","1.00","Jan 19, 2029","2.81","CAD","Jan 19, 2022"
"MBGGR","MERCEDES-BENZ FINANCE CANADA INC MTN","Financial","Fixed Income","840,612.66","0.03","840,612.66","800,000.00","800,000.00","104.60","Germany","-","CAD","2.26","1.00","Jun 27, 2028","5.12","CAD","Jun 27, 2023"
"TORHYD","TORONTO HYDRO CORPORATION","Infrastructure","Fixed Income","840,482.47","0.03","840,482.47","979,000.00","979,000.00","85.83","Canada","-","CAD","13.32","1.00","Jul 28, 2045","3.55","CAD","Mar 16, 2015"
"NSIUCN","NOVA SCOTIA POWER INC MTN","Infrastructure","Fixed Income","839,670.93","0.03","839,670.93","904,000.00","904,000.00","91.22","Canada","-","CAD","11.16","1.00","Mar 6, 2042","4.15","CAD","Mar 6, 2012"
"HOMEQU","HOMEEQUITY BANK","Financial","Fixed Income","838,420.39","0.03","838,420.39","785,000.00","785,000.00","104.09","Canada","-","CAD","3.06","1.00","Aug 13, 2029","5.82","CAD","Aug 12, 2024"
"TORHYD","TORONTO HYDRO CORP MTN","Infrastructure","Fixed Income","837,862.72","0.03","837,862.72","753,000.00","753,000.00","110.21","Canada","-","CAD","9.94","1.00","May 21, 2040","5.54","CAD","May 20, 2010"
"TOUCN","TOURMALINE OIL CORP RegS","Energy","Fixed Income","837,577.05","0.03","837,577.05","852,000.00","852,000.00","98.28","Canada","-","CAD","1.93","1.00","Jan 25, 2028","2.08","CAD","Jan 25, 2021"
"ACICN","TRISUMMIT UTILITIES INC MTN RegS","Energy","Fixed Income","835,987.72","0.03","835,987.72","830,000.00","830,000.00","99.94","Canada","-","CAD","4.53","1.00","Feb 14, 2031","3.71","CAD","Nov 14, 2025"
"CRTUCN","CT REAL ESTATE INVESTMENT TRUST","Real Estate","Fixed Income","830,387.87","0.03","830,387.87","817,000.00","817,000.00","101.07","Canada","-","CAD","1.58","1.00","Dec 7, 2027","3.87","CAD","Feb 7, 2018"
"FTSCN","FORTISALBERTA INC MTN RegS","Infrastructure","Fixed Income","829,489.16","0.03","829,489.16","802,000.00","802,000.00","101.55","Canada","-","CAD","11.46","1.00","Sep 11, 2043","4.85","CAD","Sep 13, 2013"
"ACICN","TRISUMMIT UTILITIES INC MTN","Energy","Fixed Income","824,633.40","0.03","824,633.40","795,000.00","795,000.00","102.52","Canada","-","CAD","5.33","1.00","Apr 24, 2032","4.48","CAD","Apr 24, 2025"
"HEQCN","CHIP MORTGAGE TRUST","Securitized","Fixed Income","824,744.74","0.03","824,744.74","800,000.00","800,000.00","101.65","Canada","-","CAD","3.26","1.00","Jan 28, 2050","4.24","CAD","Sep 26, 2024"
"NAVCAN","NAV CANADA","Infrastructure","Fixed Income","822,889.96","0.03","822,889.96","768,000.00","768,000.00","105.93","Canada","-","CAD","1.27","1.00","Jun 1, 2027","7.40","CAD","Dec 16, 1996"
"CUCN","CU INC MTN","Energy","Fixed Income","820,247.58","0.03","820,247.58","756,000.00","756,000.00","107.50","Canada","-","CAD","7.67","1.00","Nov 21, 2035","5.18","CAD","Nov 21, 2005"
"FTSCN","FORTISBC ENERGY INC","Energy","Fixed Income","816,014.95","0.03","816,014.95","1,205,000.00","1,205,000.00","67.60","Canada","-","CAD","16.23","1.00","Jul 13, 2050","2.54","CAD","Jul 13, 2020"
"ARRLAK","ARROW LAKES POWER CO","Energy","Fixed Income","815,626.40","0.03","815,626.40","766,395.00","766,395.00","104.66","Canada","-","CAD","6.54","1.00","Apr 5, 2041","5.52","CAD","Apr 5, 2011"
"FTSCN","FORTISBC ENERGY INC MTN","Energy","Fixed Income","814,133.87","0.03","814,133.87","935,000.00","935,000.00","85.94","Canada","-","CAD","13.31","1.00","Apr 9, 2046","3.67","CAD","Apr 8, 2016"
"HALFX","HALIFAX INTERNATIONAL AIRPORT AUTH","Infrastructure","Fixed Income","812,689.59","0.03","812,689.59","830,000.00","830,000.00","96.90","Canada","-","CAD","13.81","1.00","Nov 15, 2050","4.89","CAD","Nov 5, 2010"
"CUCN","CU INC MTN","Energy","Fixed Income","812,408.50","0.03","812,408.50","799,000.00","799,000.00","99.87","Canada","-","CAD","14.37","1.00","Sep 14, 2052","4.77","CAD","Sep 14, 2022"
"CTCACN","CANADIAN TIRE CORPORATION LIMITED MTN","Industrial","Fixed Income","812,257.53","0.03","812,257.53","707,000.00","707,000.00","112.05","Canada","-","CAD","6.22","1.00","Feb 24, 2034","6.57","CAD","Feb 24, 2004"
"TRPCN","TRANSCANADA PIPELINES LIMITED MTN","Energy","Fixed Income","812,296.30","0.03","812,296.30","732,000.00","732,000.00","107.65","Canada","-","CAD","2.26","1.00","Aug 7, 2028","6.89","CAD","Jul 30, 1997"
"CRRUCN","CROMBIE REAL ESTATE INVESTMENT TRU","Real Estate","Fixed Income","809,514.07","0.03","809,514.07","840,000.00","840,000.00","94.90","Canada","-","CAD","4.95","1.00","Aug 12, 2031","3.13","CAD","Aug 12, 2021"
"CSHU","CHARTWELL RETIREMENT RESIDENCES","Industrial","Fixed Income","807,775.22","0.03","807,775.22","795,000.00","795,000.00","100.76","Canada","-","CAD","2.15","1.00","May 6, 2028","3.65","CAD","Mar 6, 2025"
"ALTALK","ALTALINK LP MTN","Infrastructure","Fixed Income","806,168.36","0.03","806,168.36","733,000.00","733,000.00","108.12","Canada","-","CAD","9.83","1.00","Mar 26, 2040","5.38","CAD","Mar 25, 2010"
"ACICN","TRISUMMIT UTILITIES INC MTN RegS","Energy","Fixed Income","803,478.42","0.03","803,478.42","800,000.00","800,000.00","99.51","Canada","-","CAD","7.79","1.00","Nov 14, 2035","4.40","CAD","Nov 14, 2025"
"WNCN","GEORGE WESTON LIMITED MTN 144A","Industrial","Fixed Income","798,107.65","0.03","798,107.65","680,000.00","680,000.00","113.91","Canada","-","CAD","4.84","1.00","Feb 5, 2032","7.10","CAD","Feb 5, 2002"
"ENBPIP","ENBRIDGE PIPELINES INC.","Energy","Fixed Income","795,970.70","0.03","795,970.70","762,000.00","762,000.00","103.27","Canada","-","CAD","9.63","1.00","Nov 10, 2039","5.35","CAD","Nov 10, 2009"
"FCRCN","FIRST CAPITAL REAL ESTATE INVESTME","Real Estate","Fixed Income","793,428.60","0.03","793,428.60","785,000.00","785,000.00","100.89","Canada","-","CAD","1.40","1.00","Jul 12, 2027","3.75","CAD","Jul 10, 2017"
"LCN","LOBLAW COMPANIES LIMITED MTN","Industrial","Fixed Income","791,010.74","0.03","791,010.74","728,000.00","728,000.00","108.51","Canada","-","CAD","2.72","1.00","Jan 22, 2029","6.50","CAD","Jan 22, 1999"
"NRMCAB","NRM CABIN INTERMEDIATE 1 LP","Infrastructure","Fixed Income","790,707.48","0.03","790,707.48","725,368.00","725,368.00","106.23","Canada","-","CAD","3.48","1.00","Jul 31, 2033","5.58","CAD","Feb 12, 2024"
"LCN","LOBLAW CO LTD MTN","Industrial","Fixed Income","789,832.30","0.03","789,832.30","724,000.00","724,000.00","106.02","Canada","-","CAD","1.86","1.00","Feb 9, 2028","6.45","CAD","Feb 9, 1998"
"CHPUCN","CHOICE PROPERTIES REAL ESTATE INVE","Real Estate","Fixed Income","784,551.51","0.03","784,551.51","750,000.00","750,000.00","102.03","Canada","-","CAD","14.26","1.00","Aug 8, 2055","5.37","CAD","Aug 8, 2025"
"ALCTRA","ALECTRA INC (CANADA)","Infrastructure","Fixed Income","784,567.50","0.03","784,567.50","854,000.00","854,000.00","91.87","Canada","-","CAD","11.74","1.00","Jul 30, 2042","3.96","CAD","Jul 30, 2012"
"SLFCN","SUN LIFE ASSURANCE COMPANY OF CANA","Financial","Fixed Income","782,540.69","0.03","782,540.69","729,000.00","729,000.00","106.03","Canada","-","CAD","2.12","1.00","May 15, 2028","6.30","CAD","May 15, 1998"
"IGMCN","IGM FINANCIAL INC RegS","Financial","Fixed Income","781,739.74","0.03","781,739.74","870,000.00","870,000.00","89.66","Canada","-","CAD","13.78","1.00","Jul 13, 2048","4.17","CAD","Jul 11, 2018"
"TORHYD","TORONTO HYDRO CORPORATION","Infrastructure","Fixed Income","778,859.04","0.03","778,859.04","825,000.00","825,000.00","92.89","Canada","-","CAD","12.38","1.00","Sep 16, 2044","4.08","CAD","Sep 16, 2014"
"PMZUCN","PRIMARIS REAL ESTATE INVESTMENT TR RegS","Real Estate","Fixed Income","776,932.00","0.03","776,932.00","748,000.00","748,000.00","102.02","Canada","-","CAD","4.42","1.00","Mar 1, 2031","4.47","CAD","Feb 20, 2025"
"NAVCAN","NAV CANADA MTN","Infrastructure","Fixed Income","775,457.67","0.03","775,457.67","892,000.00","892,000.00","85.39","Canada","-","CAD","13.34","1.00","Feb 23, 2046","3.53","CAD","Feb 24, 2016"
"ENBCN","IPL ENERGY MTN","Energy","Fixed Income","773,554.61","0.03","773,554.61","730,000.00","730,000.00","105.70","Canada","-","CAD","2.28","1.00","Jul 14, 2028","6.10","CAD","Jul 14, 1998"
"SIACN","SIENNA SENIOR LIVING INC","Industrial","Fixed Income","771,264.95","0.03","771,264.95","765,000.00","765,000.00","99.88","Canada","-","CAD","1.12","1.00","Mar 31, 2027","2.82","CAD","Jun 3, 2021"
"ACICN","ALTAGAS CANADA INC MTN","Energy","Fixed Income","768,830.82","0.03","768,830.82","760,000.00","760,000.00","100.18","Canada","-","CAD","1.10","1.00","Apr 7, 2027","3.13","CAD","Apr 7, 2020"
"LOWMAT","LOWER MATTAGAMI ENERGY LP","Infrastructure","Fixed Income","767,583.37","0.03","767,583.37","832,000.00","832,000.00","91.13","Canada","-","CAD","14.94","1.00","Apr 23, 2052","4.17","CAD","Apr 23, 2012"
"LOWMAT","LOWER MATTAGAMI ENERGY LP","Infrastructure","Fixed Income","762,889.74","0.03","762,889.74","729,000.00","729,000.00","102.87","Canada","-","CAD","11.52","1.00","Sep 21, 2043","4.94","CAD","Sep 20, 2013"
"CRRUCN","CROMBIE REAL ESTATE INVESTMENT TRU RegS","Real Estate","Fixed Income","762,051.52","0.03","762,051.52","715,000.00","715,000.00","104.80","Canada","-","CAD","3.16","1.00","Sep 28, 2029","5.24","CAD","Mar 28, 2023"
"BMW","BMW CANADA INC","Industrial","Fixed Income","761,332.04","0.03","761,332.04","760,000.00","760,000.00","100.18","Germany","-","CAD","1.94","1.00","Feb 3, 2028","3.08","CAD","Feb 3, 2026"
"ENBPIP","ENBRIDGE PIPELINES INC. MTN","Energy","Fixed Income","761,302.07","0.03","761,302.07","725,000.00","725,000.00","104.42","Canada","-","CAD","8.33","1.00","Dec 19, 2036","5.08","CAD","Dec 21, 2006"
"GE","GE CAPITAL CAN FUNDING MTN","Financial","Fixed Income","758,204.54","0.03","758,204.54","726,000.00","726,000.00","102.87","United States","-","CAD","8.42","1.00","Oct 22, 2037","5.73","CAD","Oct 22, 2007"
"TORHYD","TORONTO HYDRO CORPORATION","Infrastructure","Fixed Income","757,729.09","0.03","757,729.09","787,000.00","787,000.00","95.59","Canada","-","CAD","5.24","1.00","Oct 20, 2031","2.47","CAD","Oct 18, 2021"
"ENBGAS","ENBRIDGE GAS INC MTN","Energy","Fixed Income","753,271.62","0.03","753,271.62","676,000.00","676,000.00","109.32","Canada","-","CAD","7.99","1.00","Sep 11, 2036","5.46","CAD","Sep 11, 2006"
"ETRHWY","407 INTERNATIONAL INC. MTN","Infrastructure","Fixed Income","743,524.62","0.03","743,524.62","893,000.00","893,000.00","82.13","Canada","-","CAD","13.18","1.00","Mar 27, 2045","3.30","CAD","Mar 27, 2015"
"PENSKE","PENSKE TRUCK LEASING CANADA INC","Industrial","Fixed Income","741,514.63","0.03","741,514.63","725,000.00","725,000.00","101.05","Canada","-","CAD","1.59","1.00","Oct 1, 2027","3.70","CAD","Oct 1, 2024"
"HYDONE","HYDRO ONE INC MTN","Infrastructure","Fixed Income","735,699.20","0.03","735,699.20","877,000.00","877,000.00","82.00","Canada","-","CAD","17.17","1.00","Jul 31, 2062","3.79","CAD","Jul 31, 2012"
"EPCOR","EPCOR UTILITIES INC MTN","Infrastructure","Fixed Income","734,853.03","0.03","734,853.03","820,000.00","820,000.00","88.91","Canada","-","CAD","14.12","1.00","Nov 26, 2048","3.95","CAD","Nov 26, 2018"
"SE","WESTCOAST ENERGY","Energy","Fixed Income","733,515.14","0.03","733,515.14","688,000.00","688,000.00","105.76","Canada","-","CAD","1.76","1.00","Dec 15, 2027","6.75","CAD","Dec 15, 1997"
"FTSCN","FORTISBC INC MTN","Infrastructure","Fixed Income","728,280.44","0.03","728,280.44","640,000.00","640,000.00","112.81","Canada","-","CAD","9.26","1.00","Jun 2, 2039","6.10","CAD","Jun 2, 2009"
"CRSLNX","CROSSLINX TRANSIT SOLUTI RegS","Infrastructure","Fixed Income","728,135.38","0.03","728,135.38","870,000.00","870,000.00","82.17","Canada","-","CAD","13.44","1.00","Jun 30, 2051","4.55","CAD","Jul 24, 2015"
"ENBGAS","ENBRIDGE GAS INC MTN","Energy","Fixed Income","727,489.96","0.03","727,489.96","675,000.00","675,000.00","106.04","Canada","-","CAD","2.39","1.00","Oct 6, 2028","5.46","CAD","Oct 6, 2023"
"HEQCN","CHIP MORTGAGE TRUST RegS","Securitized","Fixed Income","726,283.99","0.03","726,283.99","710,000.00","710,000.00","101.32","Canada","-","CAD","2.24","1.00","Sep 1, 2028","3.97","CAD","May 1, 2025"
"CCOCN","CAMECO CORPORATION","Industrial","Fixed Income","724,301.94","0.02","724,301.94","730,000.00","730,000.00","98.15","Canada","-","CAD","10.99","1.00","Nov 14, 2042","5.09","CAD","Nov 14, 2012"
"EPCOR","EPCOR UTILITIES INC MTN","Infrastructure","Fixed Income","721,190.68","0.02","721,190.68","920,000.00","920,000.00","78.09","Canada","-","CAD","15.61","1.00","Jun 28, 2051","3.29","CAD","Jun 28, 2021"
"HALFX","HALIFAX INTERNATIONAL AIRPORT AUTH","Infrastructure","Fixed Income","717,325.11","0.02","717,325.11","685,000.00","685,000.00","104.55","Canada","-","CAD","10.42","1.00","Jul 19, 2041","5.50","CAD","Jul 19, 2006"
"WAACA","WINNIPEG AIRPORT AUTHORITY","Infrastructure","Fixed Income","716,957.17","0.02","716,957.17","681,711.00","681,711.00","103.40","Canada","-","CAD","6.37","1.00","Sep 28, 2040","5.21","CAD","Sep 28, 2005"
"BMW","BMW CANADA INC MTN RegS","Industrial","Fixed Income","713,723.83","0.02","713,723.83","700,000.00","700,000.00","100.63","Germany","-","CAD","1.54","1.00","Sep 7, 2027","3.30","CAD","Sep 5, 2025"
"DUBCA","FAIRSTONE BANK OF CANADA","Financial","Fixed Income","713,314.76","0.02","713,314.76","700,000.00","700,000.00","100.44","Canada","-","CAD","2.46","1.00","Sep 18, 2028","3.94","CAD","Sep 16, 2025"
"LUCACN","LIBERTY UTILITIES (CANADA) LP","Energy","Fixed Income","711,394.16","0.02","711,394.16","930,000.00","930,000.00","74.96","Canada","-","CAD","14.65","1.00","Feb 14, 2050","3.31","CAD","Feb 14, 2020"
"ALCTRA","ALECTRA INC (CANADA)","Infrastructure","Fixed Income","710,116.05","0.02","710,116.05","654,000.00","654,000.00","107.23","Canada","-","CAD","10.41","1.00","Apr 29, 2041","5.30","CAD","Apr 29, 2011"
"CRTUCN","CT REAL ESTATE INVESTMENT TRUST","Real Estate","Fixed Income","705,858.50","0.02","705,858.50","699,000.00","699,000.00","100.55","Canada","-","CAD","1.17","1.00","Jun 16, 2027","3.47","CAD","Jun 16, 2017"
"FTSCN","FORTISBC ENERGY INC MTN","Energy","Fixed Income","701,846.85","0.02","701,846.85","840,000.00","840,000.00","82.55","Canada","-","CAD","13.14","1.00","Apr 13, 2045","3.38","CAD","Apr 13, 2015"
"BCECN","BELL CANADA MTN 144A","Communication","Fixed Income","697,762.67","0.02","697,762.67","632,000.00","632,000.00","108.79","Canada","-","CAD","2.91","1.00","May 1, 2029","6.55","CAD","Jul 19, 1999"
"GZMCN","GAZ METRO INC RegS","Energy","Fixed Income","695,554.61","0.02","695,554.61","825,000.00","825,000.00","83.58","Canada","-","CAD","13.90","1.00","May 16, 2047","3.53","CAD","May 16, 2017"
"FTSCN","FORTISALBERTA INC","Infrastructure","Fixed Income","691,804.10","0.02","691,804.10","781,000.00","781,000.00","87.50","Canada","-","CAD","15.19","1.00","Oct 23, 2052","3.98","CAD","Oct 23, 2012"
"FTSCN","FORTISBC ENERGY INC","Energy","Fixed Income","689,636.12","0.02","689,636.12","937,000.00","937,000.00","72.26","Canada","-","CAD","15.28","1.00","Aug 9, 2049","2.82","CAD","Aug 9, 2019"
"POWCN","POWER CORPORATION CANADA","Financial","Fixed Income","685,279.50","0.02","685,279.50","500,000.00","500,000.00","134.71","Canada","-","CAD","8.53","1.00","Apr 22, 2039","8.57","CAD","Apr 20, 2009"
"CLOVLP","CLOVER LIMITED PARTNERSHIP","Energy","Fixed Income","683,891.62","0.02","683,891.62","670,738.00","670,738.00","100.55","Canada","-","CAD","6.78","1.00","Mar 31, 2034","4.22","CAD","Oct 24, 2018"
"FTSCN","FORTISALBERTA INC MTN","Infrastructure","Fixed Income","672,521.87","0.02","672,521.87","705,000.00","705,000.00","93.87","Canada","-","CAD","12.63","1.00","Sep 22, 2045","4.27","CAD","Sep 22, 2015"
"XCN","TMX GROUP LTD","Financial","Fixed Income","671,762.49","0.02","671,762.49","707,000.00","707,000.00","94.07","Canada","-","CAD","4.69","1.00","Feb 12, 2031","2.02","CAD","Feb 12, 2021"
"FTSCN","FORTISBC ENERGY INC MTN","Energy","Fixed Income","669,786.08","0.02","669,786.08","704,000.00","704,000.00","94.53","Canada","-","CAD","11.19","1.00","Dec 9, 2041","4.25","CAD","Dec 9, 2011"
"ELFCN","E-L FINANCIAL CORP LTD","Financial","Fixed Income","649,369.21","0.02","649,369.21","754,000.00","754,000.00","85.70","Canada","-","CAD","14.44","1.00","Jun 22, 2050","4.00","CAD","Jun 22, 2020"
"CRTUCN","CT REAL ESTATE INVESTMENT TRUST","Real Estate","Fixed Income","647,125.34","0.02","647,125.34","694,000.00","694,000.00","93.09","Canada","-","CAD","4.60","1.00","Jan 6, 2031","2.37","CAD","Jan 6, 2021"
"ENBGAS","ENBRIDGE GAS INC MTN","Energy","Fixed Income","645,702.77","0.02","645,702.77","600,000.00","600,000.00","106.41","Canada","-","CAD","2.13","1.00","May 19, 2028","6.10","CAD","May 19, 1998"
"FTSCN","FORTISALBERTA INC MTN","Infrastructure","Fixed Income","642,661.93","0.02","642,661.93","648,000.00","648,000.00","97.88","Canada","-","CAD","10.91","1.00","Oct 18, 2041","4.54","CAD","Oct 19, 2011"
"SE","WESTCOAST ENERGY INC MTN","Energy","Fixed Income","630,035.46","0.02","630,035.46","643,000.00","643,000.00","96.75","Canada","-","CAD","10.71","1.00","Oct 28, 2041","4.79","CAD","Oct 28, 2011"
"FTSCN","TERASEN GAS INC. MTN","Energy","Fixed Income","629,052.73","0.02","629,052.73","538,000.00","538,000.00","115.32","Canada","-","CAD","6.44","1.00","May 1, 2034","6.50","CAD","Apr 29, 2004"
"TORHYD","TORONTO HYDRO CORPORATION","Infrastructure","Fixed Income","627,867.44","0.02","627,867.44","793,000.00","793,000.00","78.24","Canada","-","CAD","15.64","1.00","Oct 18, 2051","3.27","CAD","Oct 18, 2021"
"FIRWST","FIRST WEST CREDIT UNION","Financial","Fixed Income","625,457.12","0.02","625,457.12","610,000.00","610,000.00","101.04","Canada","-","CAD","1.10","1.00","Mar 24, 2027","4.25","CAD","Mar 24, 2025"
"FTSCN","FORTISALBERTA INC MTN","Infrastructure","Fixed Income","624,902.59","0.02","624,902.59","617,000.00","617,000.00","100.03","Canada","-","CAD","14.06","1.00","Oct 27, 2050","4.80","CAD","Oct 27, 2010"
"CUCN","CU INC MTN","Energy","Fixed Income","621,207.50","0.02","621,207.50","715,000.00","715,000.00","86.07","Canada","-","CAD","15.39","1.00","Nov 14, 2052","3.86","CAD","Nov 14, 2012"
"FTSCN","FORTISALBERTA INC MTN","Infrastructure","Fixed Income","620,865.75","0.02","620,865.75","713,000.00","713,000.00","85.71","Canada","-","CAD","14.11","1.00","Sep 18, 2048","3.73","CAD","Sep 18, 2018"
"FTSCN","FORTISALBERTA INC MTN","Infrastructure","Fixed Income","613,070.44","0.02","613,070.44","548,000.00","548,000.00","110.16","Canada","-","CAD","8.72","1.00","Apr 15, 2038","5.85","CAD","Apr 15, 2008"
"IGMCN","IGM FINANCIAL INC","Financial","Fixed Income","611,498.04","0.02","611,498.04","540,000.00","540,000.00","112.40","Canada","-","CAD","9.87","1.00","Dec 10, 2040","6.00","CAD","Dec 9, 2010"
"THPPRT","THP PARTNERSHIP RegS","Infrastructure","Fixed Income","604,925.45","0.02","604,925.45","622,809.00","622,809.00","96.03","Canada","-","CAD","8.48","1.00","Oct 31, 2046","4.39","CAD","Jun 30, 2014"
"CRTUCN","CT REAL ESTATE INVESTMENT TRUST","Real Estate","Fixed Income","599,096.81","0.02","599,096.81","585,000.00","585,000.00","101.80","Canada","-","CAD","3.92","1.00","Jun 9, 2030","4.29","CAD","Jun 9, 2025"
"IGMCN","INVESTORS GROUP INC. 144A","Financial","Fixed Income","598,760.05","0.02","598,760.05","505,000.00","505,000.00","116.89","Canada","-","CAD","4.39","1.00","May 9, 2031","7.45","CAD","May 9, 2001"
"COMWIN","COMBER WIND FINANCIAL CORP","Energy","Fixed Income","595,368.48","0.02","595,368.48","578,204.00","578,204.00","102.55","Canada","-","CAD","2.47","1.00","Nov 15, 2030","5.13","CAD","Feb 22, 2013"
"GZMCN","NOVERCO INC RegS","Energy","Fixed Income","595,156.64","0.02","595,156.64","595,000.00","595,000.00","100.00","Canada","-","CAD","6.06","1.00","Jan 28, 2033","3.90","CAD","Jan 28, 2026"
"FTSCN","FORTISBC ENERGY INC MTN","Energy","Fixed Income","587,304.17","0.02","587,304.17","620,000.00","620,000.00","94.65","Canada","-","CAD","5.06","1.00","Jul 18, 2031","2.42","CAD","Apr 14, 2021"
"ENBCN","ENBRIDGE INC MTN","Energy","Fixed Income","583,424.15","0.02","583,424.15","654,000.00","654,000.00","87.66","Canada","-","CAD","16.09","1.00","Mar 28, 2064","4.56","CAD","Mar 28, 2014"
"WAACA","WINNIPEG AIRPORTS AUTHORITY INC","Infrastructure","Fixed Income","582,432.70","0.02","582,432.70","550,000.00","550,000.00","104.02","Canada","-","CAD","5.84","1.00","Mar 9, 2033","4.79","CAD","Mar 9, 2023"
"FTSCN","FORTISALBERTA INC MTN","Infrastructure","Fixed Income","580,713.62","0.02","580,713.62","670,000.00","670,000.00","85.24","Canada","-","CAD","13.78","1.00","Sep 9, 2047","3.67","CAD","Sep 7, 2017"
"FTSCN","FORTISBC ENERGY INC MTN","Energy","Fixed Income","576,689.64","0.02","576,689.64","585,000.00","585,000.00","97.77","Canada","-","CAD","14.71","1.00","Nov 28, 2052","4.67","CAD","Nov 28, 2022"
"FTSCN","FORTISBC INC MTN","Infrastructure","Fixed Income","568,034.71","0.02","568,034.71","561,000.00","561,000.00","100.34","Canada","-","CAD","13.87","1.00","Nov 24, 2050","5.00","CAD","Nov 24, 2010"
"HYOHI","HYDRO OTTAWA HOLDING INC","Infrastructure","Fixed Income","561,263.98","0.02","561,263.98","650,000.00","650,000.00","84.54","Canada","-","CAD","12.71","1.00","Feb 2, 2045","3.64","CAD","Feb 2, 2015"
"GTAAIR","GREATER TORONTO AIRPORTS AUTHORITY","Infrastructure","Fixed Income","558,851.88","0.02","558,851.88","523,624.00","523,624.00","106.73","Canada","-","CAD","1.95","1.00","Jul 30, 2029","6.45","CAD","Jul 20, 1999"
"ENBCN","ENBRIDGE INC MTN","Energy","Fixed Income","558,044.41","0.02","558,044.41","541,000.00","541,000.00","101.41","Canada","-","CAD","10.08","1.00","Sep 28, 2040","5.12","CAD","Sep 28, 2010"
"RCICN","ROGERS COMMUNICATIONS INC","Communication","Fixed Income","557,353.94","0.02","557,353.94","630,000.00","630,000.00","87.86","Canada","-","CAD","13.98","1.00","Dec 9, 2049","4.25","CAD","Dec 9, 2019"
"FTSCN","FORTISALBERTA INC","Infrastructure","Fixed Income","553,632.18","0.02","553,632.18","500,000.00","500,000.00","109.23","Canada","-","CAD","7.83","1.00","Apr 21, 2036","5.40","CAD","Apr 21, 2006"
"NSIUCN","NOVA SCOTIA POWER INC MTN","Infrastructure","Fixed Income","552,334.72","0.02","552,334.72","658,000.00","658,000.00","83.05","Canada","-","CAD","12.91","1.00","May 1, 2045","3.61","CAD","Apr 30, 2015"
"FTSCN","FORTISALBERTA INC MTN","Infrastructure","Fixed Income","549,586.12","0.02","549,586.12","800,000.00","800,000.00","68.32","Canada","-","CAD","16.36","1.00","Jun 8, 2051","2.63","CAD","Dec 8, 2020"
"IGMCN","INVESTORS GROUP INC.","Financial","Fixed Income","543,541.37","0.02","543,541.37","460,000.00","460,000.00","117.59","Canada","-","CAD","5.59","1.00","Dec 31, 2032","7.00","CAD","Dec 13, 2002"
"CLOVLP","CLOVER LIMITED PARTNERSHIP","Energy","Fixed Income","542,766.93","0.02","542,766.93","537,636.00","537,636.00","100.61","Canada","-","CAD","3.05","1.00","Jun 30, 2034","4.22","CAD","Oct 24, 2018"
"CUCN","CU INC","Energy","Fixed Income","539,786.16","0.02","539,786.16","522,000.00","522,000.00","102.42","Canada","-","CAD","14.03","1.00","Nov 18, 2050","4.95","CAD","Nov 18, 2010"
"RCICN","ROGERS COMMUNICATIONS INC","Communication","Fixed Income","538,864.25","0.02","538,864.25","539,000.00","539,000.00","99.51","Canada","-","CAD","3.56","1.00","Dec 10, 2029","3.30","CAD","Dec 9, 2019"
"FTTCN","FINNING INTERNATIONAL INC MTN","Industrial","Fixed Income","537,512.10","0.02","537,512.10","557,000.00","557,000.00","95.83","Canada","-","CAD","10.80","1.00","Jun 13, 2042","5.08","CAD","Jun 13, 2012"
"FTSCN","TERASEN GAS INC MTN","Energy","Fixed Income","529,187.17","0.02","529,187.17","440,000.00","440,000.00","117.42","Canada","-","CAD","8.88","1.00","Feb 24, 2039","6.55","CAD","Feb 24, 2009"
"CRRUCN","CROMBIE REAL ESTATE INVESTMENT TRU","Real Estate","Fixed Income","527,669.51","0.02","527,669.51","520,000.00","520,000.00","101.05","Canada","-","CAD","1.19","1.00","Jun 21, 2027","3.92","CAD","Dec 20, 2019"
"FTSCN","FORTISALBERTA INC","Infrastructure","Fixed Income","520,807.59","0.02","520,807.59","630,000.00","630,000.00","81.47","Canada","-","CAD","13.74","1.00","Sep 21, 2046","3.34","CAD","Sep 21, 2016"
"FTSCN","FORTISALBERTA INC","Infrastructure","Fixed Income","520,137.13","0.02","520,137.13","448,000.00","448,000.00","114.55","Canada","-","CAD","6.79","1.00","Oct 31, 2034","6.22","CAD","Oct 25, 2004"
"SIACN","SIENNA SENIOR LIVING INC","Industrial","Fixed Income","516,356.40","0.02","516,356.40","495,000.00","495,000.00","103.04","Canada","-","CAD","3.33","1.00","Oct 17, 2029","4.44","CAD","Oct 17, 2024"
"CUCN","CU INC","Energy","Fixed Income","512,341.45","0.02","512,341.45","735,000.00","735,000.00","68.82","Canada","-","CAD","16.06","1.00","Sep 28, 2050","2.61","CAD","Sep 28, 2020"
"FTSCN","FORTISBC ENERGY INC MTN","Energy","Fixed Income","512,613.22","0.02","512,613.22","595,000.00","595,000.00","85.22","Canada","-","CAD","13.89","1.00","Oct 30, 2047","3.69","CAD","Oct 26, 2017"
"CRDPOW","CORDELIO AMALCO GP I Prvt","Energy","Fixed Income","509,938.69","0.02","509,938.69","504,618.00","504,618.00","99.68","Canada","-","CAD","3.72","1.00","Sep 30, 2034","4.09","CAD","Dec 10, 2018"
"CRRUCN","CROMBIE REAL ESTATE INVESTMENT TRU","Real Estate","Fixed Income","509,553.71","0.02","509,553.71","520,000.00","520,000.00","97.00","Canada","-","CAD","4.28","1.00","Oct 9, 2030","3.21","CAD","Oct 9, 2020"
"CHPUCN","CHOICE PROPERTIES REAL ESTATE INVE","Real Estate","Fixed Income","492,857.44","0.02","492,857.44","600,000.00","600,000.00","80.59","Canada","-","CAD","14.13","1.00","Mar 4, 2050","3.83","CAD","Mar 3, 2020"
"HOMEQU","HOMEEQUITY BANK","Financial","Fixed Income","488,907.81","0.02","488,907.81","460,000.00","460,000.00","104.42","Canada","-","CAD","1.60","1.00","Oct 18, 2027","6.55","CAD","Apr 18, 2024"
"WNCN","GEORGE WESTON LIMITED MTN","Industrial","Fixed Income","484,565.77","0.02","484,565.77","420,000.00","420,000.00","112.61","Canada","-","CAD","5.61","1.00","Mar 1, 2033","6.69","CAD","Feb 28, 2003"
"SUCN","SUNCOR ENERGY INC MTN","Energy","Fixed Income","483,450.64","0.02","483,450.64","459,000.00","459,000.00","103.78","Canada","-","CAD","3.59","1.00","Apr 9, 2030","5.00","CAD","Apr 9, 2020"
"FTSCN","FORTISBC INC MTN","Infrastructure","Fixed Income","478,261.37","0.02","478,261.37","430,000.00","430,000.00","109.97","Canada","-","CAD","7.53","1.00","Nov 9, 2035","5.60","CAD","Nov 10, 2005"
"FTSCN","FORTISALBERTA INC","Infrastructure","Fixed Income","471,580.79","0.02","471,580.79","485,000.00","485,000.00","96.46","Canada","-","CAD","14.59","1.00","May 30, 2052","4.62","CAD","May 30, 2022"
"CESEBA","SOCIETE EN COMMANDITE CE SEBASTOPO","Infrastructure","Fixed Income","470,778.98","0.02","470,778.98","510,765.00","510,765.00","90.11","Canada","-","CAD","8.38","1.00","Jul 31, 2047","4.14","CAD","Jun 26, 2015"
"KINSOL","KINGSTON SOLAR LP INC","Energy","Fixed Income","454,900.52","0.02","454,900.52","468,977.00","468,977.00","97.01","Canada","-","CAD","4.60","1.00","Jul 31, 2035","3.57","CAD","Oct 14, 2016"
"CRRUCN","CROMBIE REAL ESTATE INVESTMENT TRU","Real Estate","Fixed Income","453,762.13","0.02","453,762.13","455,000.00","455,000.00","98.83","Canada","-","CAD","2.07","1.00","Mar 31, 2028","2.69","CAD","Oct 9, 2020"
"OTTMAC","OTTAWA MACDONALD-CARTIER INTERNATI","Infrastructure","Fixed Income","450,025.07","0.02","450,025.07","472,000.00","472,000.00","94.71","Canada","-","CAD","4.82","1.00","May 5, 2031","2.70","CAD","May 5, 2021"
"GZMCN","GAZ METRO INC","Energy","Fixed Income","444,854.86","0.02","444,854.86","535,000.00","535,000.00","82.05","Canada","-","CAD","13.19","1.00","Mar 31, 2045","3.30","CAD","Mar 31, 2015"
"CUCN","CU INC","Energy","Fixed Income","443,966.61","0.02","443,966.61","456,000.00","456,000.00","96.13","Canada","-","CAD","16.58","1.00","Oct 24, 2061","4.59","CAD","Oct 24, 2011"
"NVLAUT","NOUVELLE AUTOROUTE 30 FINANCEMENT","Infrastructure","Fixed Income","438,409.68","0.02","438,409.68","439,580.00","439,580.00","99.43","Canada","-","CAD","3.59","1.00","Dec 31, 2032","3.74","CAD","Jun 14, 2018"
"CTCACN","CANADIAN TIRE CORPORATION LIMITED MTN","Industrial","Fixed Income","438,026.84","0.02","438,026.84","407,000.00","407,000.00","105.35","Canada","-","CAD","7.30","1.00","Sep 4, 2035","5.61","CAD","Sep 2, 2005"
"ENBCN","ENBRIDGE INC MTN","Energy","Fixed Income","429,039.72","0.01","429,039.72","394,000.00","394,000.00","107.72","Canada","-","CAD","7.53","1.00","Nov 14, 2035","5.57","CAD","Nov 14, 2005"
"ITSPCH","INTEGRATED TEAM SOLUTIONS PCH PART","Infrastructure","Fixed Income","414,970.99","0.01","414,970.99","415,609.00","415,609.00","99.03","Canada","-","CAD","8.24","1.00","May 31, 2046","4.88","CAD","Nov 29, 2013"
"WAACA","WINNIPEG AIRPORTS AUTHORITY INC","Infrastructure","Fixed Income","413,597.01","0.01","413,597.01","500,000.00","500,000.00","81.50","Canada","-","CAD","13.68","1.00","Sep 30, 2047","3.66","CAD","Sep 29, 2017"
"BMW","BMW CANADA INC","Industrial","Fixed Income","391,204.22","0.01","391,204.22","390,000.00","390,000.00","100.31","Germany","-","CAD","3.72","1.00","Feb 4, 2030","3.54","CAD","Feb 3, 2026"
"TORHYD","TORONTO HYDRO CORPORATION","Infrastructure","Fixed Income","379,490.08","0.01","379,490.08","440,000.00","440,000.00","85.02","Canada","-","CAD","17.26","1.00","Apr 9, 2063","3.96","CAD","Apr 9, 2013"
"CUCN","CU INC MTN","Energy","Fixed Income","367,275.32","0.01","367,275.32","333,000.00","333,000.00","109.30","Canada","-","CAD","8.94","1.00","May 26, 2038","5.58","CAD","May 26, 2008"
"CUCN","CU INC MTN","Energy","Fixed Income","353,694.96","0.01","353,694.96","421,000.00","421,000.00","82.54","Canada","-","CAD","17.23","1.00","Sep 11, 2062","3.83","CAD","Sep 10, 2012"
"GWOCN","CANADA LIFE ASSURANCE CO","Financial","Fixed Income","339,577.17","0.01","339,577.17","310,000.00","310,000.00","108.66","Canada","-","CAD","2.62","1.00","Dec 11, 2028","6.40","CAD","Dec 11, 1999"
"FTSCN","FORTISALBERTA INC MTN","Infrastructure","Fixed Income","330,869.83","0.01","330,869.83","320,000.00","320,000.00","103.03","Canada","-","CAD","12.88","1.00","Jan 3, 2047","4.99","CAD","Jan 3, 2007"
"CAAIAU","CALGARY AIRPORT AUTHORITY","Infrastructure","Fixed Income","316,039.18","0.01","316,039.18","357,447.00","357,447.00","87.23","Canada","-","CAD","12.53","1.00","Oct 7, 2061","3.75","CAD","Oct 7, 2021"
"GZMCN","NOVERCO INC RegS","Energy","Fixed Income","290,437.43","0.01","290,437.43","291,000.00","291,000.00","99.78","Canada","-","CAD","15.33","1.00","Jan 28, 2056","4.90","CAD","Jan 28, 2026"
"CUCN","CU INC MTN","Energy","Fixed Income","286,460.61","0.01","286,460.61","237,000.00","237,000.00","118.29","Canada","-","CAD","8.95","1.00","Mar 7, 2039","6.50","CAD","Mar 6, 2009"
"VANAFF","VANCOUVER AIRPORT FUEL FACILITIES","Infrastructure","Fixed Income","281,716.74","0.01","281,716.74","278,891.00","278,891.00","100.22","Canada","-","CAD","10.87","1.00","Jun 4, 2065","5.06","CAD","Jun 4, 2025"
"ERAA","EDMONTON REGIONAL AIRPORTS AUTHORI","Infrastructure","Fixed Income","276,376.34","0.01","276,376.34","318,740.00","318,740.00","85.99","Canada","-","CAD","9.74","1.00","May 20, 2051","3.71","CAD","May 20, 2021"
"GRASOL","GRAND RENEWABLE SOLAR LP 144A","Energy","Fixed Income","275,971.20","0.01","275,971.20","280,163.00","280,163.00","98.51","Canada","-","CAD","4.37","1.00","Jan 31, 2035","3.93","CAD","Jun 9, 2016"
"ALTALK","ALTALINK LP MTN","Infrastructure","Fixed Income","272,856.09","0.01","272,856.09","300,000.00","300,000.00","90.31","Canada","-","CAD","17.28","1.00","Jun 6, 2064","4.27","CAD","Jun 6, 2014"
"MONPOR","MONTREAL PORT AUTHORITY","Infrastructure","Fixed Income","265,835.29","0.01","265,835.29","350,000.00","350,000.00","74.80","Canada","-","CAD","15.23","1.00","Mar 22, 2051","3.24","CAD","Mar 22, 2021"
"ACICN","TRISUMMIT UTILITIES INC MTN","Energy","Fixed Income","265,614.40","0.01","265,614.40","255,000.00","255,000.00","101.73","Canada","-","CAD","13.75","1.00","Aug 15, 2052","5.28","CAD","Aug 15, 2022"
"FTSCN","TERASEN GAS VANCOUVER ISLAND INC","Energy","Fixed Income","262,250.69","0.01","262,250.69","250,000.00","250,000.00","104.12","Canada","-","CAD","10.27","1.00","Dec 6, 2040","5.20","CAD","Dec 6, 2010"
"ERAA","EDMONTON REGIONAL AIRPORTS AUTHORI","Infrastructure","Fixed Income","232,442.18","0.01","232,442.18","211,631.00","211,631.00","108.06","Canada","-","CAD","2.41","1.00","Nov 1, 2030","7.21","CAD","Oct 31, 2000"
"IGMCN","INVESTORS GROUP INC.","Financial","Fixed Income","225,129.97","0.01","225,129.97","210,000.00","210,000.00","106.33","Canada","-","CAD","1.76","1.00","Dec 13, 2027","6.65","CAD","Dec 12, 1997"
"WAACA","WINNIPEG AIRPORTS AUTHORITY INC","Infrastructure","Fixed Income","200,854.35","0.01","200,854.35","275,000.00","275,000.00","71.54","Canada","-","CAD","15.30","1.00","Feb 3, 2051","3.04","CAD","Feb 4, 2021"
"EDGHWY","407 EAST DEVELOPMENT GROUP GENERAL","Infrastructure","Fixed Income","194,997.13","0.01","194,997.13","193,139.00","193,139.00","100.50","Canada","-","CAD","6.23","1.00","Jun 23, 2045","4.47","CAD","May 18, 2012"
"HYOHI","HYDRO OTTAWA HOLDING INC","Infrastructure","Fixed Income","179,200.84","0.01","179,200.84","198,000.00","198,000.00","89.66","Canada","-","CAD","11.90","1.00","May 14, 2043","3.99","CAD","May 14, 2013"
"BCECN","BELL CANADA","Communication","Fixed Income","173,225.15","0.01","173,225.15","160,000.00","160,000.00","105.81","Canada","-","CAD","1.53","1.00","Sep 24, 2027","7.00","CAD","Sep 24, 1997"
"ENBGAS","ENBRIDGE GAS INC MTN","Energy","Fixed Income","170,979.66","0.01","170,979.66","150,000.00","150,000.00","113.23","Canada","-","CAD","6.31","1.00","Dec 16, 2033","6.16","CAD","Dec 16, 2003"
"EPCOR","EPCOR UTILITIES","Infrastructure","Fixed Income","167,523.69","0.01","167,523.69","150,000.00","150,000.00","111.07","Canada","-","CAD","3.06","1.00","Jun 28, 2029","6.80","CAD","Jun 28, 1999"
"ENBPIP","ENBRIDGE PIPELINES INC MTN","Energy","Fixed Income","158,225.08","0.01","158,225.08","145,000.00","145,000.00","108.23","Canada","-","CAD","3.02","1.00","Jun 11, 2029","6.50","CAD","Jun 11, 1999"
"NAVCAN","NAV CANADA","Infrastructure","Fixed Income","147,139.36","0.01","147,139.36","138,232.00","138,232.00","103.32","Canada","-","CAD","0.56","1.00","Mar 1, 2027","7.56","CAD","Mar 24, 1997"
"GZMCN","GAZ METRO INC","Energy","Fixed Income","134,961.17","0.00","134,961.17","165,000.00","165,000.00","80.78","Canada","-","CAD","13.85","1.00","Oct 9, 2046","3.28","CAD","Oct 6, 2016"
"FTSCN","TERASEN GAS INC MTN","Energy","Fixed Income","128,276.46","0.00","128,276.46","115,000.00","115,000.00","109.61","Canada","-","CAD","8.00","1.00","Sep 25, 2036","5.55","CAD","Sep 25, 2006"
"SUCN","SUNCOR ENERGY INC MTN","Energy","Fixed Income","124,442.84","0.00","124,442.84","126,000.00","126,000.00","98.20","Canada","-","CAD","3.11","1.00","May 24, 2029","3.10","CAD","May 24, 2019"
"ENBGAS","ENBRIDGE GAS INC MTN","Energy","Fixed Income","107,690.09","0.00","107,690.09","100,000.00","100,000.00","106.09","Canada","-","CAD","1.65","1.00","Nov 3, 2027","6.65","CAD","Nov 3, 1997"
"LCN","LOBLAW CO LTD MTN","Industrial","Fixed Income","92,493.21","0.00","92,493.21","86,000.00","86,000.00","106.04","Canada","-","CAD","1.66","1.00","Nov 8, 2027","6.65","CAD","Nov 7, 1997"
"FTSCN","FORTISALBERTA INC MTN","Infrastructure","Fixed Income","84,484.92","0.00","84,484.92","90,000.00","90,000.00","92.49","Canada","-","CAD","12.37","1.00","Sep 29, 2044","4.11","CAD","Sep 29, 2014"
"FTSCN","TERASEN GAS INC MTN","Energy","Fixed Income","80,082.11","0.00","80,082.11","70,000.00","70,000.00","111.91","Canada","-","CAD","3.19","1.00","Sep 21, 2029","6.95","CAD","Sep 21, 1999"
"GZMCN","GAZ METRO INC","Energy","Fixed Income","70,313.58","0.00","70,313.58","65,000.00","65,000.00","106.75","Canada","-","CAD","1.68","1.00","Nov 19, 2027","7.20","CAD","Nov 19, 1996"
"GZMCN","GAZ METROPOLITAN AND CO","Energy","Fixed Income","52,191.29","0.00","52,191.29","45,000.00","45,000.00","114.41","Canada","-","CAD","6.16","1.00","Oct 31, 2033","6.30","CAD","Oct 31, 2003"
"MICCN","SAGEN MI CANADA INC","Financial","Fixed Income","48,262.83","0.00","48,262.83","50,000.00","50,000.00","94.78","Canada","-","CAD","4.02","1.00","Mar 24, 2081","4.95","CAD","Mar 23, 2021"
"BCECN","BELL CANADA INC MTN","Communication","Fixed Income","43,770.95","0.00","43,770.95","51,000.00","51,000.00","84.33","Canada","-","CAD","14.31","1.00","Mar 17, 2051","4.05","CAD","Mar 17, 2021"
"ALACN","ALTAGAS LTD MTN","Energy","Fixed Income","43,886.77","0.00","43,886.77","45,000.00","45,000.00","95.91","Canada","-","CAD","12.61","1.00","Oct 4, 2047","4.99","CAD","Oct 4, 2017"
"BCECN","BELL CANADA","Communication","Fixed Income","30,224.17","0.00","30,224.17","26,000.00","26,000.00","115.60","Canada","-","CAD","4.84","1.00","Dec 30, 2031","7.65","CAD","Dec 30, 1996"
"HALFX","HALIFAX INTERNATIONAL AIRPORT AUTH","Infrastructure","Fixed Income","20,209.26","0.00","20,209.26","25,000.00","25,000.00","79.95","Canada","-","CAD","14.82","1.00","May 3, 2051","3.68","CAD","May 3, 2021"
"GWOCN","CANADA LIFE CAP TRUST","Financial","Fixed Income","17,865.22","0.00","17,865.22","15,000.00","15,000.00","118.48","Canada","-","CAD","5.77","1.00","Jun 30, 2052","7.53","CAD","Mar 14, 2002"
"ENBPIP","ENBRIDGE PIPE LINES INC","Energy","Fixed Income","10,917.10","0.00","10,917.10","10,000.00","10,000.00","106.34","Canada","-","CAD","2.72","1.00","Feb 12, 2029","6.05","CAD","Feb 12, 1999"
 