Fund Holdings as of,"May 29, 2026"
 
Ticker,Name,Sector,Asset Class,Market Value,Weight (%),Notional Value,Shares,Par Value,Price,Location,Exchange,Currency,Duration,FX Rate,Maturity,Coupon (%),Market Currency,Effective Date
"RY","ROYAL BANK OF CANADA RegS","Financial","Fixed Income","17,440,004.51","0.53","17,440,004.51","17,218,000.00","17,218,000.00","99.62","Canada","-","CAD","4.05","1.00","Dec 9, 2031","3.57","CAD","Dec 9, 2025"
"BNS","BANK OF NOVA SCOTIA RegS","Financial","Fixed Income","17,421,598.01","0.53","17,421,598.01","17,195,000.00","17,195,000.00","99.63","Canada","-","CAD","4.17","1.00","Jan 30, 2032","3.62","CAD","Dec 10, 2025"
"CM","CANADIAN IMPERIAL BANK OF COMMERCE","Financial","Fixed Income","15,600,894.82","0.47","15,600,894.82","15,425,000.00","15,425,000.00","99.78","Canada","-","CAD","4.13","1.00","Jan 13, 2032","3.65","CAD","Jan 13, 2026"
"TD","TORONTO-DOMINION BANK/THE","Financial","Fixed Income","15,121,415.83","0.46","15,121,415.83","14,914,000.00","14,914,000.00","99.98","Canada","-","CAD","4.13","1.00","Jan 9, 2032","3.69","CAD","Jan 9, 2026"
"BNS","BANK OF NOVA SCOTIA","Financial","Fixed Income","13,972,565.02","0.42","13,972,565.02","13,712,000.00","13,712,000.00","100.34","Canada","-","CAD","3.67","1.00","Jun 27, 2031","3.73","CAD","Mar 27, 2025"
"TD","TORONTO-DOMINION BANK/THE","Financial","Fixed Income","13,270,414.37","0.40","13,270,414.37","12,850,000.00","12,850,000.00","101.21","Canada","-","CAD","0.97","1.00","Jun 1, 2027","4.21","CAD","Jun 1, 2022"
"BMO","BANK OF MONTREAL","Financial","Fixed Income","12,989,989.92","0.39","12,989,989.92","12,447,000.00","12,447,000.00","102.13","Canada","-","CAD","1.36","1.00","Dec 7, 2027","4.71","CAD","Dec 7, 2022"
"RY","ROYAL BANK OF CANADA","Financial","Fixed Income","12,969,108.72","0.39","12,969,108.72","12,605,000.00","12,605,000.00","102.53","Canada","-","CAD","1.83","1.00","May 1, 2028","4.63","CAD","Apr 20, 2023"
"TD","TORONTO-DOMINION BANK/THE","Financial","Fixed Income","12,969,132.78","0.39","12,969,132.78","12,347,000.00","12,347,000.00","103.23","Canada","-","CAD","2.42","1.00","Jan 8, 2029","4.68","CAD","Dec 7, 2022"
"BMO","BANK OF MONTREAL","Financial","Fixed Income","12,364,306.33","0.38","12,364,306.33","12,240,000.00","12,240,000.00","100.24","Canada","-","CAD","1.69","1.00","Mar 1, 2028","3.19","CAD","Mar 1, 2018"
"TD","TORONTO-DOMINION BANK/THE RegS","Financial","Fixed Income","12,316,819.71","0.37","12,316,819.71","12,250,000.00","12,250,000.00","99.76","Canada","-","CAD","3.89","1.00","Sep 10, 2031","3.61","CAD","Sep 10, 2025"
"BMO","BANK OF MONTREAL","Financial","Fixed Income","12,293,460.96","0.37","12,293,460.96","11,897,000.00","11,897,000.00","101.22","Canada","-","CAD","0.88","1.00","Jun 1, 2027","4.31","CAD","Jun 1, 2022"
"GOOGL","ALPHABET INC","Communication","Fixed Income","11,650,337.33","0.35","11,650,337.33","11,264,000.00","11,264,000.00","103.18","United States","-","CAD","15.41","1.00","May 15, 2056","5.00","CAD","May 11, 2026"
"RY","ROYAL BANK OF CANADA","Financial","Fixed Income","11,438,071.21","0.35","11,438,071.21","11,250,000.00","11,250,000.00","101.01","Canada","-","CAD","2.62","1.00","Mar 27, 2030","3.83","CAD","Mar 27, 2026"
"TD","TORONTO-DOMINION BANK/THE RegS","Financial","Fixed Income","11,183,355.74","0.34","11,183,355.74","10,794,000.00","10,794,000.00","102.00","Canada","-","CAD","1.56","1.00","Jan 18, 2028","4.48","CAD","Jan 18, 2023"
"TD","TORONTO-DOMINION BANK/THE","Financial","Fixed Income","11,123,250.51","0.34","11,123,250.51","11,036,000.00","11,036,000.00","100.79","Canada","-","CAD","3.66","1.00","May 29, 2031","3.84","CAD","May 29, 2025"
"BMO","BANK OF MONTREAL","Financial","Fixed Income","10,817,098.72","0.33","10,817,098.72","10,813,000.00","10,813,000.00","99.19","Canada","-","CAD","4.28","1.00","Mar 3, 2032","3.54","CAD","Mar 3, 2026"
"BMO","BANK OF MONTREAL","Financial","Fixed Income","10,813,784.77","0.33","10,813,784.77","10,320,000.00","10,320,000.00","102.77","Canada","-","CAD","2.30","1.00","Dec 18, 2028","4.54","CAD","Dec 18, 2023"
"BMO","BANK OF MONTREAL","Financial","Fixed Income","10,522,186.20","0.32","10,522,186.20","10,075,000.00","10,075,000.00","102.84","Canada","-","CAD","2.81","1.00","Jul 17, 2029","4.42","CAD","Jul 17, 2024"
"BMO","BANK OF MONTREAL","Financial","Fixed Income","10,483,627.68","0.32","10,483,627.68","10,154,000.00","10,154,000.00","103.25","Canada","-","CAD","1.83","1.00","May 29, 2028","5.04","CAD","May 29, 2023"
"TD","TORONTO-DOMINION BANK/THE RegS","Financial","Fixed Income","10,481,974.49","0.32","10,481,974.49","10,121,000.00","10,121,000.00","103.01","Canada","-","CAD","1.34","1.00","Oct 21, 2027","5.38","CAD","Oct 21, 2022"
"BNS","BANK OF NOVA SCOTIA","Financial","Fixed Income","10,330,426.72","0.31","10,330,426.72","9,857,000.00","9,857,000.00","103.30","Canada","-","CAD","2.48","1.00","Feb 1, 2029","4.68","CAD","Feb 1, 2024"
"RY","ROYAL BANK OF CANADA","Financial","Fixed Income","10,329,894.58","0.31","10,329,894.58","10,100,000.00","10,100,000.00","100.59","Canada","-","CAD","1.46","1.00","Dec 10, 2028","3.63","CAD","Dec 10, 2024"
"RY","ROYAL BANK OF CANADA","Financial","Fixed Income","10,158,163.53","0.31","10,158,163.53","9,771,000.00","9,771,000.00","102.28","Canada","-","CAD","1.55","1.00","Jan 17, 2028","4.64","CAD","Jan 17, 2023"
"GOOGL","ALPHABET INC","Communication","Fixed Income","10,138,672.64","0.31","10,138,672.64","9,966,000.00","9,966,000.00","101.54","United States","-","CAD","5.99","1.00","May 15, 2033","4.00","CAD","May 11, 2026"
"TD","TORONTO-DOMINION BANK/THE","Financial","Fixed Income","10,129,986.09","0.31","10,129,986.09","9,827,000.00","9,827,000.00","101.50","Canada","-","CAD","4.86","1.00","Jan 9, 2033","4.13","CAD","Jan 9, 2025"
"RY","ROYAL BANK OF CANADA RegS","Financial","Fixed Income","10,110,602.42","0.31","10,110,602.42","9,840,000.00","9,840,000.00","101.36","Canada","-","CAD","3.73","1.00","Jul 22, 2031","3.98","CAD","Jul 22, 2025"
"CM","CANADIAN IMPERIAL BANK OF COMMERCE","Financial","Fixed Income","9,973,057.09","0.30","9,973,057.09","9,592,000.00","9,592,000.00","101.92","Canada","-","CAD","0.96","1.00","Jun 29, 2027","4.95","CAD","Jun 29, 2022"
"RY","ROYAL BANK OF CANADA RegS","Financial","Fixed Income","9,882,733.41","0.30","9,882,733.41","9,715,000.00","9,715,000.00","100.16","Canada","-","CAD","1.92","1.00","Jun 12, 2029","3.41","CAD","Jun 10, 2025"
"GOOGL","ALPHABET INC","Communication","Fixed Income","9,851,280.41","0.30","9,851,280.41","9,655,000.00","9,655,000.00","101.82","United States","-","CAD","7.98","1.00","May 15, 2036","4.35","CAD","May 11, 2026"
"BNS","BANK OF NOVA SCOTIA","Financial","Fixed Income","9,619,197.24","0.29","9,619,197.24","9,528,000.00","9,528,000.00","100.81","Canada","-","CAD","1.42","1.00","Nov 15, 2028","3.81","CAD","Oct 18, 2024"
"RY","ROYAL BANK OF CANADA","Financial","Fixed Income","9,464,886.85","0.29","9,464,886.85","9,158,000.00","9,158,000.00","101.80","Canada","-","CAD","1.11","1.00","Jul 26, 2027","4.61","CAD","Jul 25, 2022"
"CM","CANADIAN IMPERIAL BANK OF COMMERCE","Financial","Fixed Income","9,370,447.65","0.28","9,370,447.65","9,260,000.00","9,260,000.00","100.61","Canada","-","CAD","2.66","1.00","Apr 2, 2030","3.70","CAD","Apr 2, 2026"
"RY","ROYAL BANK OF CANADA RegS","Financial","Fixed Income","9,322,699.74","0.28","9,322,699.74","8,901,000.00","8,901,000.00","103.96","Canada","-","CAD","2.63","1.00","Apr 3, 2034","5.10","CAD","Apr 2, 2024"
"BNS","BANK OF NOVA SCOTIA","Financial","Fixed Income","9,176,202.37","0.28","9,176,202.37","9,080,000.00","9,080,000.00","100.07","Canada","-","CAD","1.61","1.00","Feb 2, 2028","3.10","CAD","Feb 2, 2018"
"NACN","NATIONAL BANK OF CANADA","Financial","Fixed Income","9,121,739.58","0.28","9,121,739.58","8,593,000.00","8,593,000.00","103.79","Canada","-","CAD","1.90","1.00","Jun 14, 2028","5.22","CAD","Jun 14, 2023"
"CM","CANADIAN IMPERIAL BANK OF COMMERCE","Financial","Fixed Income","9,002,103.37","0.27","9,002,103.37","8,730,000.00","8,730,000.00","102.40","Canada","-","CAD","1.23","1.00","Oct 7, 2027","5.05","CAD","Oct 7, 2022"
"CM","CANADIAN IMPERIAL BANK OF COMMERCE","Financial","Fixed Income","8,955,084.73","0.27","8,955,084.73","8,736,000.00","8,736,000.00","100.74","Canada","-","CAD","3.21","1.00","Dec 10, 2030","3.80","CAD","Dec 10, 2024"
"TD","TORONTO-DOMINION BANK/THE MTN","Financial","Fixed Income","8,771,308.09","0.27","8,771,308.09","8,363,000.00","8,363,000.00","104.17","Canada","-","CAD","2.62","1.00","Apr 9, 2034","5.18","CAD","Apr 9, 2024"
"TD","TORONTO-DOMINION BANK/THE RegS","Financial","Fixed Income","8,747,347.71","0.27","8,747,347.71","8,637,000.00","8,637,000.00","100.80","Canada","-","CAD","2.69","1.00","Apr 13, 2030","3.77","CAD","Apr 13, 2026"
"GS","GOLDMAN SACHS GROUP INC/THE RegS","Financial","Fixed Income","8,718,081.46","0.26","8,718,081.46","8,715,000.00","8,715,000.00","99.19","United States","-","CAD","5.00","1.00","Mar 5, 2032","3.64","CAD","Mar 5, 2026"
"RY","ROYAL BANK OF CANADA MTN","Financial","Fixed Income","8,694,246.99","0.26","8,694,246.99","8,620,000.00","8,620,000.00","100.52","Canada","-","CAD","4.43","1.00","May 5, 2036","4.14","CAD","Apr 29, 2026"
"TD","TORONTO-DOMINION BANK/THE","Financial","Fixed Income","8,676,735.27","0.26","8,676,735.27","8,191,000.00","8,191,000.00","104.70","Canada","-","CAD","2.12","1.00","Sep 8, 2028","5.49","CAD","Sep 8, 2023"
"RY","ROYAL BANK OF CANADA MTN RegS","Financial","Fixed Income","8,654,068.80","0.26","8,654,068.80","8,297,000.00","8,297,000.00","102.70","Canada","-","CAD","1.59","1.00","Feb 1, 2033","5.01","CAD","Jan 31, 2023"
"HLTHQC","HEALTH MONTREAL COLLECTIVE LP 144A","Infrastructure","Fixed Income","8,632,496.13","0.26","8,632,496.13","7,212,147.00","7,212,147.00","118.61","Canada","-","CAD","9.39","1.00","Sep 30, 2049","6.72","CAD","Jun 10, 2011"
"RCICN","ROGERS COMMS INC","Communication","Fixed Income","8,449,483.43","0.26","8,449,483.43","7,183,000.00","7,183,000.00","117.26","Canada","-","CAD","9.17","1.00","Nov 9, 2039","6.75","CAD","Apr 3, 2023"
"NACN","NATIONAL BANK OF CANADA","Financial","Fixed Income","8,143,486.16","0.25","8,143,486.16","7,699,000.00","7,699,000.00","104.16","Canada","-","CAD","2.47","1.00","Feb 1, 2029","5.02","CAD","Dec 7, 2023"
"ENBCN","ENBRIDGE INC","Energy","Fixed Income","8,017,771.18","0.24","8,017,771.18","7,812,000.00","7,812,000.00","101.71","Canada","-","CAD","1.24","1.00","Sep 27, 2077","5.38","CAD","Sep 26, 2017"
"BNS","BANK OF NOVA SCOTIA","Financial","Fixed Income","7,937,117.12","0.24","7,937,117.12","7,896,000.00","7,896,000.00","100.25","Canada","-","CAD","2.74","1.00","May 1, 2030","3.58","CAD","May 1, 2026"
"TD","TORONTO-DOMINION BANK/THE","Financial","Fixed Income","7,773,230.65","0.24","7,773,230.65","7,638,000.00","7,638,000.00","101.45","Canada","-","CAD","3.15","1.00","Oct 31, 2030","4.00","CAD","Oct 31, 2024"
"BNS","BANK OF NOVA SCOTIA","Financial","Fixed Income","7,701,680.99","0.23","7,701,680.99","7,844,000.00","7,844,000.00","98.08","Canada","-","CAD","1.40","1.00","Nov 1, 2027","1.40","CAD","Oct 15, 2020"
"NEE","NEXTERA ENERGY CAPITAL HOLDINGS IN","Energy","Fixed Income","7,660,672.33","0.23","7,660,672.33","7,332,000.00","7,332,000.00","102.33","United States","-","CAD","7.15","1.00","Jun 12, 2035","4.67","CAD","Jun 12, 2025"
"TD","TORONTO-DOMINION BANK/THE","Financial","Fixed Income","7,581,023.23","0.23","7,581,023.23","7,480,000.00","7,480,000.00","100.59","Canada","-","CAD","4.34","1.00","Apr 7, 2032","3.86","CAD","Mar 18, 2026"
"RY","ROYAL BANK OF CANADA RegS","Financial","Fixed Income","7,542,043.20","0.23","7,542,043.20","7,398,000.00","7,398,000.00","101.49","Canada","-","CAD","3.12","1.00","Oct 17, 2030","4.00","CAD","Oct 17, 2024"
"C","CITIGROUP INC","Financial","Fixed Income","7,503,730.64","0.23","7,503,730.64","7,235,000.00","7,235,000.00","101.51","United States","-","CAD","3.58","1.00","Jun 3, 2035","4.55","CAD","Jun 3, 2025"
"RY","ROYAL BANK OF CANADA RegS","Financial","Fixed Income","7,480,335.54","0.23","7,480,335.54","7,407,000.00","7,407,000.00","100.63","Canada","-","CAD","7.77","1.00","May 1, 2037","4.37","CAD","Apr 29, 2026"
"CCDJ","FEDERATION DES CAISSES DESJARDINS","Financial","Fixed Income","7,474,975.40","0.23","7,474,975.40","7,380,000.00","7,380,000.00","99.93","Canada","-","CAD","4.58","1.00","Jul 16, 2031","3.71","CAD","Jan 16, 2026"
"BMO","BANK OF MONTREAL","Financial","Fixed Income","7,400,868.42","0.22","7,400,868.42","7,240,000.00","7,240,000.00","100.41","Canada","-","CAD","3.60","1.00","Jun 3, 2031","3.73","CAD","Jun 3, 2025"
"RY","ROYAL BANK OF CANADA","Financial","Fixed Income","7,139,517.24","0.22","7,139,517.24","6,930,000.00","6,930,000.00","101.69","Canada","-","CAD","3.36","1.00","Feb 4, 2035","4.28","CAD","Jan 29, 2025"
"TRPCN","TRANSCANADA PIPELINES LTD MTN RegS","Energy","Fixed Income","7,100,023.59","0.22","7,100,023.59","6,587,000.00","6,587,000.00","105.85","Canada","-","CAD","3.53","1.00","Jul 15, 2030","5.28","CAD","Mar 10, 2023"
"BCECN","BELL CANADA MTN","Communication","Fixed Income","7,037,921.55","0.21","7,037,921.55","6,415,000.00","6,415,000.00","109.41","Canada","-","CAD","5.27","1.00","Nov 10, 2032","5.85","CAD","Nov 10, 2022"
"CCDJ","FEDERATION DES CAISSES DESJARDINS","Financial","Fixed Income","6,797,534.58","0.21","6,797,534.58","6,475,000.00","6,475,000.00","104.80","Canada","-","CAD","2.24","1.00","Nov 17, 2028","5.47","CAD","Nov 17, 2023"
"RY","ROYAL BANK OF CANADA","Financial","Fixed Income","6,612,763.45","0.20","6,612,763.45","6,072,000.00","6,072,000.00","106.67","Canada","-","CAD","3.60","1.00","Jun 24, 2030","5.23","CAD","Jun 23, 2023"
"CM","CANADIAN IMPERIAL BANK OF COMMERCE","Financial","Fixed Income","6,608,443.08","0.20","6,608,443.08","6,265,000.00","6,265,000.00","103.45","Canada","-","CAD","1.45","1.00","Jan 14, 2028","5.50","CAD","Jul 14, 2023"
"BNS","BANK OF NOVA SCOTIA","Financial","Fixed Income","6,588,163.32","0.20","6,588,163.32","6,442,000.00","6,442,000.00","102.10","Canada","-","CAD","6.87","1.00","Nov 15, 2035","4.44","CAD","Oct 18, 2024"
"T","AT&T INC","Communication","Fixed Income","6,512,795.51","0.20","6,512,795.51","6,452,000.00","6,452,000.00","99.98","United States","-","CAD","7.76","1.00","Mar 12, 2036","4.50","CAD","Mar 12, 2026"
"BNS","BANK OF NOVA SCOTIA","Financial","Fixed Income","6,471,922.68","0.20","6,471,922.68","6,416,000.00","6,416,000.00","100.56","Canada","-","CAD","5.88","1.00","May 1, 2034","4.09","CAD","May 1, 2026"
"CM","CANADIAN IMPERIAL BANK OF COMMERCE","Financial","Fixed Income","6,459,410.98","0.20","6,459,410.98","6,315,000.00","6,315,000.00","100.59","Canada","-","CAD","1.46","1.00","Dec 10, 2028","3.65","CAD","Dec 10, 2024"
"BMO","BANK OF MONTREAL MTN RegS","Financial","Fixed Income","6,416,121.09","0.19","6,416,121.09","6,298,000.00","6,298,000.00","100.93","Canada","-","CAD","3.45","1.00","Mar 5, 2035","4.08","CAD","Mar 5, 2025"
"RY","ROYAL BANK OF CANADA MTN RegS","Financial","Fixed Income","6,403,659.17","0.19","6,403,659.17","6,207,000.00","6,207,000.00","101.34","Canada","-","CAD","3.66","1.00","Jul 3, 2035","4.57","CAD","Jul 3, 2025"
"MFCCN","MANULIFE FINANCIAL CORP RegS","Financial","Fixed Income","6,310,975.50","0.19","6,310,975.50","6,025,000.00","6,025,000.00","103.56","Canada","-","CAD","1.66","1.00","Mar 10, 2033","5.41","CAD","Mar 10, 2023"
"CM","CANADIAN IMPERIAL BANK OF COMMERCE","Financial","Fixed Income","6,286,882.99","0.19","6,286,882.99","5,923,000.00","5,923,000.00","104.21","Canada","-","CAD","2.42","1.00","Jan 16, 2034","5.30","CAD","Jan 16, 2024"
"CM","CANADIAN IMPERIAL BANK OF COMMERCE","Financial","Fixed Income","6,242,455.61","0.19","6,242,455.61","6,140,000.00","6,140,000.00","101.02","Canada","-","CAD","3.52","1.00","Apr 2, 2035","4.15","CAD","Apr 2, 2025"
"CCDJ","FEDERATION DES CAISSES DESJARDINS RegS","Financial","Fixed Income","6,241,572.02","0.19","6,241,572.02","6,062,000.00","6,062,000.00","101.50","Canada","-","CAD","3.33","1.00","Jan 24, 2035","4.26","CAD","Jan 24, 2025"
"ATH","ATHENE GLOBAL FUNDING MTN RegS","Financial","Fixed Income","6,215,816.32","0.19","6,215,816.32","6,220,000.00","6,220,000.00","99.87","United States","-","CAD","3.66","1.00","May 23, 2030","4.09","CAD","May 23, 2025"
"WEMALL","ORIGINAL WEMPI INC","Real Estate","Fixed Income","6,214,429.80","0.19","6,214,429.80","5,865,000.00","5,865,000.00","104.78","Canada","-","CAD","1.05","1.00","Oct 4, 2027","7.79","CAD","Oct 4, 2023"
"BNS","BANK OF NOVA SCOTIA","Financial","Fixed Income","6,193,559.79","0.19","6,193,559.79","6,095,000.00","6,095,000.00","100.94","Canada","-","CAD","3.06","1.00","Sep 26, 2030","3.84","CAD","Sep 26, 2024"
"BMO","BANK OF MONTREAL RegS","Financial","Fixed Income","6,175,844.52","0.19","6,175,844.52","5,782,000.00","5,782,000.00","105.44","Canada","-","CAD","2.11","1.00","Sep 7, 2033","6.03","CAD","Sep 7, 2023"
"CCDJ","FEDERATION DES CAISSES DESJARDINS","Financial","Fixed Income","6,169,936.85","0.19","6,169,936.85","6,065,000.00","6,065,000.00","101.04","Canada","-","CAD","3.09","1.00","Sep 24, 2029","3.80","CAD","Sep 24, 2024"
"CP","CANADIAN PACIFIC RAILWAY COMPANY","Industrial","Fixed Income","6,157,597.93","0.19","6,157,597.93","6,186,000.00","6,186,000.00","98.91","Canada","-","CAD","1.69","1.00","Feb 28, 2028","2.54","CAD","Nov 24, 2021"
"CM","CANADIAN IMPERIAL BANK OF COMMERCE","Financial","Fixed Income","6,117,620.24","0.19","6,117,620.24","5,959,000.00","5,959,000.00","100.95","Canada","-","CAD","3.60","1.00","Jun 20, 2031","3.90","CAD","Jun 20, 2025"
"RY","ROYAL BANK OF CANADA MTN RegS","Financial","Fixed Income","6,105,727.78","0.19","6,105,727.78","5,820,000.00","5,820,000.00","103.45","Canada","-","CAD","2.92","1.00","Aug 8, 2034","4.83","CAD","Jul 29, 2024"
"CVECN","CENOVUS ENERGY INC","Energy","Fixed Income","6,006,985.79","0.18","6,006,985.79","5,932,000.00","5,932,000.00","100.20","Canada","-","CAD","1.58","1.00","Feb 7, 2028","3.50","CAD","Aug 7, 2020"
"COAGAS","COASTAL GASLINK PIPELINE LP","Energy","Fixed Income","5,940,682.08","0.18","5,940,682.08","5,206,000.00","5,206,000.00","111.71","Canada","-","CAD","12.29","1.00","Jun 30, 2049","5.86","CAD","Jun 13, 2024"
"BCECN","BELL CANADA MTN RegS","Communication","Fixed Income","5,927,803.89","0.18","5,927,803.89","5,681,000.00","5,681,000.00","102.99","Canada","-","CAD","3.27","1.00","Feb 9, 2030","4.55","CAD","Feb 9, 2023"
"BCECN","BELL CANADA MTN RegS","Communication","Fixed Income","5,853,121.04","0.18","5,853,121.04","5,495,000.00","5,495,000.00","105.19","Canada","-","CAD","6.57","1.00","Aug 24, 2034","5.15","CAD","May 24, 2024"
"TD","TORONTO-DOMINION BANK/THE RegS","Financial","Fixed Income","5,809,074.78","0.18","5,809,074.78","5,931,000.00","5,931,000.00","97.53","Canada","-","CAD","2.21","1.00","Sep 11, 2028","1.90","CAD","Sep 10, 2021"
"NYLIFE","NEW YORK LIFE GLOBAL FUNDING RegS","Financial","Fixed Income","5,785,560.95","0.18","5,785,560.95","5,707,000.00","5,707,000.00","101.12","United States","-","CAD","5.98","1.00","May 9, 2033","4.20","CAD","May 7, 2026"
"TD","TORONTO-DOMINION BANK/THE RegS","Financial","Fixed Income","5,751,714.44","0.17","5,751,714.44","5,835,000.00","5,835,000.00","98.15","Canada","-","CAD","1.73","1.00","Mar 8, 2028","1.89","CAD","Mar 8, 2021"
"HYDONE","HYDRO ONE INC MTN","Infrastructure","Fixed Income","5,733,755.95","0.17","5,733,755.95","5,712,000.00","5,712,000.00","100.30","Canada","-","CAD","6.41","1.00","Nov 21, 2033","3.90","CAD","Nov 21, 2025"
"MFCCN","MANULIFE FINANCIAL CORP","Financial","Fixed Income","5,730,287.45","0.17","5,730,287.45","5,452,000.00","5,452,000.00","103.79","Canada","-","CAD","2.50","1.00","Feb 23, 2034","5.05","CAD","Feb 23, 2024"
"TRPCN","TRANSCANADA PIPELINES LTD MTN","Energy","Fixed Income","5,721,496.91","0.17","5,721,496.91","5,555,000.00","5,555,000.00","101.77","Canada","-","CAD","7.04","1.00","Feb 20, 2035","4.58","CAD","Feb 20, 2025"
"GOOGL","ALPHABET INC","Communication","Fixed Income","5,645,982.31","0.17","5,645,982.31","5,589,000.00","5,589,000.00","100.84","United States","-","CAD","4.48","1.00","May 15, 2031","3.65","CAD","May 11, 2026"
"TCN","TELUS CORPORATION","Communication","Fixed Income","5,597,701.17","0.17","5,597,701.17","5,262,000.00","5,262,000.00","106.18","Canada","-","CAD","5.38","1.00","Nov 15, 2032","5.25","CAD","Sep 13, 2022"
"COAGAS","COASTAL GASLINK PIPELINE LP","Energy","Fixed Income","5,581,544.18","0.17","5,581,544.18","4,964,000.00","4,964,000.00","111.49","Canada","-","CAD","12.37","1.00","Mar 30, 2049","5.86","CAD","Jun 13, 2024"
"HYDONE","HYDRO ONE INC MTN","Infrastructure","Fixed Income","5,572,294.99","0.17","5,572,294.99","5,389,000.00","5,389,000.00","101.71","Canada","-","CAD","7.01","1.00","Jan 4, 2035","4.25","CAD","Aug 20, 2024"
"THPMCN","TRILLIUM M PROJECT CO GENERAL PART","Infrastructure","Fixed Income","5,569,681.00","0.17","5,569,681.00","5,400,000.00","5,400,000.00","102.73","Canada","-","CAD","14.48","1.00","Oct 31, 2062","5.19","CAD","Jul 10, 2025"
"BNCN","BROOKFIELD FINANCE II INC RegS","Industrial","Fixed Income","5,518,204.11","0.17","5,518,204.11","5,037,000.00","5,037,000.00","107.08","Canada","-","CAD","5.28","1.00","Dec 14, 2032","5.43","CAD","Dec 14, 2022"
"ENBCN","ENBRIDGE INC RegS","Energy","Fixed Income","5,486,584.80","0.17","5,486,584.80","5,365,000.00","5,365,000.00","99.97","Canada","-","CAD","3.77","1.00","Dec 17, 2055","5.15","CAD","Sep 17, 2025"
"ENBCN","ENBRIDGE INC MTN","Energy","Fixed Income","5,470,799.24","0.17","5,470,799.24","5,386,000.00","5,386,000.00","100.07","Canada","-","CAD","0.93","1.00","Jun 8, 2027","3.20","CAD","Jun 8, 2017"
"CAD","CAD CASH","Cash and/or Derivatives","Cash","5,458,975.62","0.17","5,458,975.62","5,458,976.00","5,458,976.00","100.00","Canada","-","CAD","0.00","1.00","-","0.00","CAD","Jan 1, 1989"
"RCICN","ROGERS COMMUNICATIONS INC RegS","Communication","Fixed Income","5,426,376.69","0.16","5,426,376.69","4,890,000.00","4,890,000.00","109.85","Canada","-","CAD","5.83","1.00","Sep 21, 2033","5.90","CAD","Sep 21, 2023"
"PLEPCL","PLENARY PCL HEALTH HIEP LP","Infrastructure","Fixed Income","5,422,231.94","0.16","5,422,231.94","5,388,216.00","5,388,216.00","98.63","Canada","-","CAD","12.61","1.00","Jun 30, 2060","4.91","CAD","Feb 14, 2025"
"T","AT&T INC","Communication","Fixed Income","5,401,959.37","0.16","5,401,959.37","5,340,000.00","5,340,000.00","100.04","United States","-","CAD","14.63","1.00","Mar 12, 2056","5.25","CAD","Mar 12, 2026"
"CM","CANADIAN IMPERIAL BANK OF COMMERCE","Financial","Fixed Income","5,367,101.02","0.16","5,367,101.02","5,077,000.00","5,077,000.00","103.46","Canada","-","CAD","2.76","1.00","Jun 12, 2034","4.90","CAD","Jun 12, 2024"
"HYDONE","HYDRO ONE INC MTN","Infrastructure","Fixed Income","5,304,542.22","0.16","5,304,542.22","5,149,000.00","5,149,000.00","100.63","Canada","-","CAD","14.84","1.00","Nov 30, 2054","4.85","CAD","Nov 30, 2023"
"PLD","PROLOGIS LP","Real Estate","Fixed Income","5,294,044.46","0.16","5,294,044.46","5,290,000.00","5,290,000.00","99.70","United States","-","CAD","6.65","1.00","May 15, 2034","4.25","CAD","Apr 27, 2026"
"NACN","NATIONAL BANK OF CANADA","Financial","Fixed Income","5,286,326.24","0.16","5,286,326.24","5,225,000.00","5,225,000.00","99.85","Canada","-","CAD","3.32","1.00","Jan 13, 2031","3.54","CAD","Jan 13, 2026"
"CCDJ","FEDERATION DES CAISSES DESJARDINS","Financial","Fixed Income","5,221,953.75","0.16","5,221,953.75","5,048,000.00","5,048,000.00","102.14","Canada","-","CAD","1.18","1.00","Aug 23, 2032","5.04","CAD","Aug 23, 2022"
"NACN","NATIONAL BANK OF CANADA","Financial","Fixed Income","5,190,495.81","0.16","5,190,495.81","5,135,000.00","5,135,000.00","100.15","Canada","-","CAD","1.16","1.00","Aug 15, 2028","3.31","CAD","Jun 4, 2025"
"NACN","NATIONAL BANK OF CANADA MTN","Financial","Fixed Income","5,177,466.30","0.16","5,177,466.30","5,040,000.00","5,040,000.00","101.53","Canada","-","CAD","3.39","1.00","Feb 15, 2035","4.26","CAD","Jan 13, 2025"
"RY","ROYAL BANK OF CANADA","Financial","Fixed Income","5,171,273.42","0.16","5,171,273.42","5,020,000.00","5,020,000.00","102.50","Canada","-","CAD","6.80","1.00","Oct 17, 2035","4.46","CAD","Oct 17, 2024"
"PACLIF","PACIFIC LIFE GLOBAL FUNDING II RegS","Financial","Fixed Income","5,147,556.10","0.16","5,147,556.10","5,020,000.00","5,020,000.00","101.16","United States","-","CAD","5.34","1.00","Jul 29, 2032","4.20","CAD","Jul 29, 2025"
"RCICN","ROGERS COMMUNICATIONS INC","Communication","Fixed Income","5,138,754.59","0.16","5,138,754.59","5,085,000.00","5,085,000.00","100.61","Canada","-","CAD","2.65","1.00","Apr 15, 2029","3.75","CAD","Mar 11, 2022"
"TCN","TELUS CORPORATION","Communication","Fixed Income","5,136,890.48","0.16","5,136,890.48","5,138,000.00","5,138,000.00","99.73","Canada","-","CAD","2.71","1.00","May 2, 2029","3.30","CAD","Apr 3, 2019"
"BNS","BANK OF NOVA SCOTIA","Financial","Fixed Income","5,126,815.61","0.16","5,126,815.61","4,868,000.00","4,868,000.00","103.73","Canada","-","CAD","2.90","1.00","Aug 1, 2034","4.95","CAD","Jun 18, 2024"
"SLFCN","SUN LIFE FINANCIAL INC MTN RegS","Financial","Fixed Income","5,124,151.34","0.16","5,124,151.34","4,990,000.00","4,990,000.00","100.48","Canada","-","CAD","7.51","1.00","Dec 3, 2040","4.56","CAD","Dec 3, 2025"
"CCDJ","FEDERATION DES CAISSES DESJARDINS","Financial","Fixed Income","5,092,230.02","0.15","5,092,230.02","5,080,000.00","5,080,000.00","99.32","Canada","-","CAD","4.29","1.00","Mar 3, 2036","3.86","CAD","Mar 3, 2026"
"TD","TORONTO-DOMINION BANK/THE RegS","Financial","Fixed Income","5,085,234.00","0.15","5,085,234.00","4,920,000.00","4,920,000.00","102.70","Canada","-","CAD","2.66","1.00","Apr 2, 2029","4.23","CAD","Mar 20, 2024"
"TD","TORONTO-DOMINION BANK/THE MTN","Financial","Fixed Income","5,081,732.08","0.15","5,081,732.08","4,940,000.00","4,940,000.00","101.51","Canada","-","CAD","3.35","1.00","Feb 1, 2035","4.23","CAD","Jan 31, 2025"
"NYLIFE","NEW YORK LIFE GLOBAL FUNDING RegS","Financial","Fixed Income","5,072,728.34","0.15","5,072,728.34","4,955,000.00","4,955,000.00","100.59","United States","-","CAD","5.26","1.00","Jun 17, 2032","4.00","CAD","Jun 17, 2025"
"MFCCN","MANULIFE FINANCIAL CORP","Financial","Fixed Income","5,071,963.00","0.15","5,071,963.00","4,920,000.00","4,920,000.00","101.15","Canada","-","CAD","3.17","1.00","Dec 6, 2034","4.06","CAD","Dec 6, 2024"
"NACN","NATIONAL BANK OF CANADA","Financial","Fixed Income","5,069,776.03","0.15","5,069,776.03","4,989,000.00","4,989,000.00","100.35","Canada","-","CAD","2.00","1.00","Jul 17, 2029","3.52","CAD","Jul 17, 2025"
"TD","TORONTO-DOMINION BANK/THE","Financial","Fixed Income","5,068,967.83","0.15","5,068,967.83","4,953,000.00","4,953,000.00","101.99","Canada","-","CAD","6.84","1.00","Oct 31, 2035","4.42","CAD","Oct 31, 2024"
"RCICN","ROGERS COMMUNICATIONS INC","Communication","Fixed Income","5,065,811.10","0.15","5,065,811.10","4,987,000.00","4,987,000.00","101.07","Canada","-","CAD","5.10","1.00","Apr 15, 2032","4.25","CAD","Mar 11, 2022"
"BMO","BANK OF MONTREAL","Financial","Fixed Income","5,037,596.99","0.15","5,037,596.99","4,762,000.00","4,762,000.00","103.80","Canada","-","CAD","2.80","1.00","Jul 3, 2034","4.98","CAD","Jul 3, 2024"
"NWRWPT","NORTH WEST REDWATER PARTNERSHIP","Energy","Fixed Income","5,018,965.34","0.15","5,018,965.34","5,141,000.00","5,141,000.00","96.25","Canada","-","CAD","4.56","1.00","Jun 1, 2031","2.80","CAD","Jun 30, 2021"
"RCICN","ROGERS COMMUNICATIONS INC","Communication","Fixed Income","5,016,584.23","0.15","5,016,584.23","4,984,000.00","4,984,000.00","100.02","Canada","-","CAD","13.83","1.00","Apr 15, 2052","5.25","CAD","Mar 11, 2022"
"ENBCN","ENBRIDGE INC MTN","Energy","Fixed Income","5,015,599.82","0.15","5,015,599.82","4,867,000.00","4,867,000.00","101.65","Canada","-","CAD","14.27","1.00","Aug 22, 2054","5.32","CAD","Aug 22, 2024"
"SLFCN","SUN LIFE FINANCIAL INC RegS","Financial","Fixed Income","4,999,288.48","0.15","4,999,288.48","4,945,000.00","4,945,000.00","100.22","Canada","-","CAD","4.89","1.00","Sep 13, 2037","4.14","CAD","Sep 11, 2025"
"BNS","BANK OF NOVA SCOTIA RegS","Financial","Fixed Income","4,996,131.21","0.15","4,996,131.21","4,697,000.00","4,697,000.00","104.56","Canada","-","CAD","2.02","1.00","Aug 2, 2033","5.68","CAD","Jun 12, 2023"
"CCDJ","FEDERATION DES CAISSES DESJARDINS RegS","Financial","Fixed Income","4,991,204.94","0.15","4,991,204.94","4,769,000.00","4,769,000.00","104.46","Canada","-","CAD","2.74","1.00","May 15, 2034","5.28","CAD","May 15, 2024"
"TRPCN","TRANSCANADA PIPELINES LTD MTN","Energy","Fixed Income","4,990,088.58","0.15","4,990,088.58","4,910,000.00","4,910,000.00","100.15","Canada","-","CAD","3.92","1.00","Feb 15, 2056","5.20","CAD","Aug 14, 2025"
"TD","TORONTO-DOMINION BANK/THE MTN RegS","Financial","Fixed Income","4,941,725.06","0.15","4,941,725.06","4,890,000.00","4,890,000.00","100.72","Canada","-","CAD","4.52","1.00","Jun 16, 2036","4.21","CAD","Apr 30, 2026"
"RCICN","ROGERS COMMUNICATIONS INC RegS","Communication","Fixed Income","4,927,670.39","0.15","4,927,670.39","4,657,000.00","4,657,000.00","104.73","Canada","-","CAD","2.08","1.00","Sep 21, 2028","5.70","CAD","Sep 21, 2023"
"GS","GOLDMAN SACHS GROUP INC/THE RegS","Financial","Fixed Income","4,922,504.82","0.15","4,922,504.82","4,930,000.00","4,930,000.00","98.84","United States","-","CAD","8.31","1.00","Mar 5, 2037","4.34","CAD","Mar 5, 2026"
"NACN","NATIONAL BANK OF CANADA","Financial","Fixed Income","4,920,753.28","0.15","4,920,753.28","4,950,000.00","4,950,000.00","99.05","Canada","-","CAD","4.00","1.00","Oct 21, 2031","3.44","CAD","Oct 21, 2025"
"BCECN","BELL TELEPHONE COMPANY OF CANADA O MTN","Communication","Fixed Income","4,911,286.85","0.15","4,911,286.85","4,823,000.00","4,823,000.00","100.82","Canada","-","CAD","1.98","1.00","Aug 21, 2028","3.80","CAD","Aug 21, 2018"
"NACN","NATIONAL BANK OF CANADA","Financial","Fixed Income","4,907,496.11","0.15","4,907,496.11","4,864,000.00","4,864,000.00","100.44","Canada","-","CAD","2.69","1.00","Apr 13, 2030","3.63","CAD","Apr 13, 2026"
"RCICN","ROGERS COMMUNICATIONS INC.","Communication","Fixed Income","4,881,776.95","0.15","4,881,776.95","4,335,000.00","4,335,000.00","111.06","Canada","-","CAD","9.47","1.00","Aug 25, 2040","6.11","CAD","Aug 25, 2010"
"BNCN","BROOKFIELD FINANCE II INC MTN RegS","Industrial","Fixed Income","4,779,830.10","0.15","4,779,830.10","4,550,000.00","4,550,000.00","102.55","Canada","-","CAD","14.32","1.00","Dec 11, 2055","5.40","CAD","Dec 11, 2025"
"CUCN","CU INC","Energy","Fixed Income","4,776,439.31","0.14","4,776,439.31","5,091,000.00","5,091,000.00","92.84","Canada","-","CAD","12.32","1.00","Sep 2, 2044","4.09","CAD","Sep 5, 2014"
"ENBCN","ENBRIDGE INC MTN","Energy","Fixed Income","4,760,505.42","0.14","4,760,505.42","5,021,000.00","5,021,000.00","94.23","Canada","-","CAD","6.42","1.00","Sep 21, 2033","3.10","CAD","Sep 21, 2021"
"ENBCN","ENBRIDGE INC MTN","Energy","Fixed Income","4,758,499.42","0.14","4,758,499.42","4,803,000.00","4,803,000.00","98.61","Canada","-","CAD","3.14","1.00","Oct 3, 2029","2.99","CAD","Oct 3, 2019"
"F","FORD CREDIT CANADA CO RegS","Financial","Fixed Income","4,729,193.50","0.14","4,729,193.50","4,600,000.00","4,600,000.00","101.77","United States","-","CAD","2.14","1.00","Sep 11, 2028","4.82","CAD","Sep 11, 2025"
"BCECN","BELL CANADA INC MTN","Communication","Fixed Income","4,725,798.65","0.14","4,725,798.65","4,821,000.00","4,821,000.00","97.43","Canada","-","CAD","4.40","1.00","Mar 17, 2031","3.00","CAD","Mar 17, 2021"
"ACAFP","CREDIT AGRICOLE SA RegS","Financial","Fixed Income","4,691,078.43","0.14","4,691,078.43","4,675,000.00","4,675,000.00","99.84","France","-","CAD","3.97","1.00","Oct 15, 2035","4.19","CAD","Oct 15, 2025"
"SLFCN","SUN LIFE FINANCIAL INC","Financial","Fixed Income","4,679,567.77","0.14","4,679,567.77","4,747,000.00","4,747,000.00","98.52","Canada","-","CAD","2.37","1.00","Nov 21, 2033","2.80","CAD","Nov 18, 2021"
"ENBCN","ENBRIDGE INC MTN","Energy","Fixed Income","4,671,596.86","0.14","4,671,596.86","4,190,000.00","4,190,000.00","111.16","Canada","-","CAD","5.23","1.00","Nov 9, 2032","6.10","CAD","Nov 9, 2022"
"BCECN","BELL CANADA MTN RegS","Communication","Fixed Income","4,560,014.02","0.14","4,560,014.02","4,282,000.00","4,282,000.00","104.85","Canada","-","CAD","13.81","1.00","Aug 11, 2053","5.60","CAD","Aug 11, 2023"
"BCECN","BELL CANADA INC","Communication","Fixed Income","4,555,730.52","0.14","4,555,730.52","4,717,000.00","4,717,000.00","96.48","Canada","-","CAD","3.73","1.00","May 14, 2030","2.50","CAD","May 14, 2020"
"TRPCN","TRANSCANADA PIPELINES LTD MTN","Energy","Fixed Income","4,507,817.35","0.14","4,507,817.35","4,549,000.00","4,549,000.00","98.95","Canada","-","CAD","14.83","1.00","Nov 19, 2055","5.13","CAD","Nov 19, 2025"
"COAGAS","COASTAL GASLINK PIPELINE LP","Energy","Fixed Income","4,455,710.67","0.14","4,455,710.67","4,047,000.00","4,047,000.00","109.18","Canada","-","CAD","12.45","1.00","Mar 30, 2047","5.61","CAD","Jun 13, 2024"
"EQIX","EQUINIX CANADA FINANCING LTD","Real Estate","Fixed Income","4,449,703.48","0.14","4,449,703.48","4,494,000.00","4,494,000.00","98.86","United States","-","CAD","5.64","1.00","Nov 15, 2032","4.00","CAD","Nov 24, 2025"
"RY","ROYAL BANK OF CANADA","Financial","Fixed Income","4,448,305.43","0.14","4,448,305.43","4,522,000.00","4,522,000.00","97.78","Canada","-","CAD","2.10","1.00","Jul 31, 2028","1.83","CAD","Jul 29, 2021"
"CM","CANADIAN IMPERIAL BANK OF COMMERCE","Financial","Fixed Income","4,425,922.20","0.13","4,425,922.20","4,215,000.00","4,215,000.00","103.12","Canada","-","CAD","1.55","1.00","Jan 20, 2033","5.33","CAD","Jan 20, 2023"
"PPLCN","PEMBINA PIPELINE CORP MTN RegS","Energy","Fixed Income","4,425,318.61","0.13","4,425,318.61","4,088,000.00","4,088,000.00","106.12","Canada","-","CAD","13.82","1.00","Jan 12, 2054","5.67","CAD","Jan 12, 2024"
"TCN","TELUS CORPORATION","Communication","Fixed Income","4,396,056.80","0.13","4,396,056.80","4,483,000.00","4,483,000.00","97.34","Canada","-","CAD","11.60","1.00","Apr 5, 2044","4.85","CAD","Apr 4, 2014"
"TRPCN","TRANSCANADA PIPELINES LTD MTN","Energy","Fixed Income","4,385,021.17","0.13","4,385,021.17","4,594,000.00","4,594,000.00","95.28","Canada","-","CAD","10.87","1.00","Nov 15, 2041","4.55","CAD","Nov 15, 2011"
"TCN","TELUS CORPORATION","Communication","Fixed Income","4,369,990.16","0.13","4,369,990.16","3,960,000.00","3,960,000.00","109.06","Canada","-","CAD","5.82","1.00","Sep 8, 2033","5.75","CAD","Sep 8, 2023"
"ENBCN","ENBRIDGE INC MTN RegS","Energy","Fixed Income","4,365,809.11","0.13","4,365,809.11","4,365,000.00","4,365,000.00","98.92","Canada","-","CAD","7.77","1.00","Feb 26, 2036","4.35","CAD","Feb 26, 2026"
"ATDBCN","ALIMENTATION COUCHE-TARD INC","Industrial","Fixed Income","4,344,518.14","0.13","4,344,518.14","4,020,000.00","4,020,000.00","107.08","Canada","-","CAD","3.70","1.00","Sep 25, 2030","5.59","CAD","Sep 25, 2023"
"COAGAS","COASTAL GASLINK PIPELINE LP","Energy","Fixed Income","4,337,592.99","0.13","4,337,592.99","3,907,000.00","3,907,000.00","108.72","Canada","-","CAD","11.33","1.00","Jun 30, 2044","5.61","CAD","Jun 13, 2024"
"TRPCN","TRANSCANADA PIPELINES LTD MTN","Energy","Fixed Income","4,322,940.13","0.13","4,322,940.13","4,844,000.00","4,844,000.00","88.72","Canada","-","CAD","13.81","1.00","Oct 15, 2049","4.34","CAD","Apr 10, 2019"
"MFCCN","MANULIFE FINANCIAL CORP","Financial","Fixed Income","4,304,595.29","0.13","4,304,595.29","4,435,000.00","4,435,000.00","96.94","Canada","-","CAD","3.67","1.00","May 13, 2035","2.82","CAD","May 12, 2020"
"ENBCN","ENBRIDGE INC MTN","Energy","Fixed Income","4,270,929.12","0.13","4,270,929.12","4,190,000.00","4,190,000.00","100.94","Canada","-","CAD","3.44","1.00","Feb 25, 2030","3.90","CAD","Feb 25, 2025"
"IPLCN","INTER PIPELINE LTD RegS","Energy","Fixed Income","4,267,708.31","0.13","4,267,708.31","3,705,000.00","3,705,000.00","113.22","Canada","-","CAD","5.93","1.00","Feb 9, 2034","6.59","CAD","Nov 9, 2023"
"TCN","TELUS CORPORATION","Communication","Fixed Income","4,265,522.85","0.13","4,265,522.85","4,068,000.00","4,068,000.00","103.52","Canada","-","CAD","4.49","1.00","Aug 13, 2031","4.65","CAD","Aug 13, 2024"
"LCN","LOBLAW COMPANIES LTD","Industrial","Fixed Income","4,258,992.95","0.13","4,258,992.95","4,135,000.00","4,135,000.00","101.03","Canada","-","CAD","7.25","1.00","Jun 16, 2035","4.39","CAD","Dec 16, 2025"
"ONTPOW","ONTARIO POWER GENERATION INC MTN","Energy","Fixed Income","4,252,763.35","0.13","4,252,763.35","4,271,000.00","4,271,000.00","99.12","Canada","-","CAD","3.56","1.00","Apr 8, 2030","3.21","CAD","Apr 8, 2020"
"CM","CANADIAN IMPERIAL BANK OF COMMERCE","Financial","Fixed Income","4,249,931.99","0.13","4,249,931.99","4,085,000.00","4,085,000.00","103.47","Canada","-","CAD","1.79","1.00","Apr 20, 2033","5.35","CAD","Apr 20, 2023"
"HYDONE","HYDRO ONE INC MTN","Infrastructure","Fixed Income","4,233,613.34","0.13","4,233,613.34","4,052,000.00","4,052,000.00","102.84","Canada","-","CAD","1.50","1.00","Jan 27, 2028","4.91","CAD","Oct 27, 2022"
"IPLCN","INTER PIPELINE LTD","Energy","Fixed Income","4,207,117.36","0.13","4,207,117.36","3,995,000.00","3,995,000.00","103.72","Canada","-","CAD","1.54","1.00","Feb 17, 2028","5.76","CAD","Nov 17, 2022"
"QBRCN","VIDEOTRON LTD RegS","Communication","Fixed Income","4,204,152.13","0.13","4,204,152.13","4,225,000.00","4,225,000.00","99.03","Canada","-","CAD","5.56","1.00","Oct 15, 2032","3.95","CAD","Nov 20, 2025"
"DOLCN","DOLLARAMA INC RegS","Industrial","Fixed Income","4,199,873.98","0.13","4,199,873.98","4,105,000.00","4,105,000.00","100.58","Canada","-","CAD","4.07","1.00","Dec 16, 2030","3.85","CAD","Jun 16, 2025"
"TRPCN","TRANSCANADA PIPELINES LTD MTN","Energy","Fixed Income","4,197,696.79","0.13","4,197,696.79","4,641,000.00","4,641,000.00","89.57","Canada","-","CAD","13.13","1.00","Sep 16, 2047","4.33","CAD","Sep 15, 2017"
"BCECN","BELL TELEPHONE COMPANY OF CANADA O MTN","Communication","Fixed Income","4,170,524.32","0.13","4,170,524.32","4,126,000.00","4,126,000.00","100.48","Canada","-","CAD","1.18","1.00","Sep 29, 2027","3.60","CAD","Sep 29, 2017"
"MET","METROPOLITAN LIFE GLOBAL FUNDING I MTN RegS","Financial","Fixed Income","4,137,949.33","0.13","4,137,949.33","4,035,000.00","4,035,000.00","100.57","United States","-","CAD","5.94","1.00","Jun 6, 2033","4.15","CAD","Jun 4, 2025"
"ENBCN","ENBRIDGE INC 60NC10 RegS","Energy","Fixed Income","4,124,174.16","0.13","4,124,174.16","3,330,000.00","3,330,000.00","120.61","Canada","-","CAD","5.52","1.00","Jan 15, 2084","8.75","CAD","Sep 29, 2023"
"CNRCN","CANADIAN NATIONAL RAILWAY COMPANY","Industrial","Fixed Income","4,107,333.67","0.12","4,107,333.67","4,190,000.00","4,190,000.00","97.78","Canada","-","CAD","14.84","1.00","May 10, 2053","4.70","CAD","May 10, 2023"
"ENBCN","ENBRIDGE INC","Energy","Fixed Income","4,092,658.97","0.12","4,092,658.97","3,998,000.00","3,998,000.00","100.57","Canada","-","CAD","4.59","1.00","Jan 19, 2082","5.00","CAD","Jan 19, 2022"
"SLFCN","SUN LIFE FINANCIAL INC","Financial","Fixed Income","4,075,543.51","0.12","4,075,543.51","3,854,000.00","3,854,000.00","105.55","Canada","-","CAD","4.36","1.00","May 15, 2036","5.12","CAD","May 15, 2024"
"IPLCN","INTER PIPELINE LTD RegS","Energy","Fixed Income","4,067,613.73","0.12","4,067,613.73","3,815,000.00","3,815,000.00","106.62","Canada","-","CAD","3.46","1.00","May 29, 2030","5.71","CAD","May 29, 2023"
"BCECN","BELL CANADA MTN RegS","Communication","Fixed Income","4,067,634.39","0.12","4,067,634.39","3,845,000.00","3,845,000.00","104.71","Canada","-","CAD","2.51","1.00","Mar 15, 2029","5.25","CAD","Nov 14, 2023"
"MCD","MCDONALDS CORPORATION","Industrial","Fixed Income","4,052,378.34","0.12","4,052,378.34","3,965,000.00","3,965,000.00","101.11","United States","-","CAD","5.39","1.00","Aug 21, 2032","4.11","CAD","Aug 21, 2025"
"GTAAIR","GREATER TORONTO AIRPORTS AUTHORITY MTN","Infrastructure","Fixed Income","4,044,941.15","0.12","4,044,941.15","3,675,000.00","3,675,000.00","108.72","Canada","-","CAD","10.24","1.00","Feb 25, 2041","5.30","CAD","Feb 23, 2011"
"RY","ROYAL BANK OF CANADA","Financial","Fixed Income","4,017,513.11","0.12","4,017,513.11","4,083,000.00","4,083,000.00","97.84","Canada","-","CAD","1.62","1.00","Jan 28, 2033","1.67","CAD","Jan 28, 2021"
"ENBCN","ENBRIDGE INC MTN","Energy","Fixed Income","4,014,452.56","0.12","4,014,452.56","3,853,000.00","3,853,000.00","102.95","Canada","-","CAD","6.67","1.00","Aug 22, 2034","4.73","CAD","Aug 22, 2024"
"OMERS","OMERS REALTY CORP","Real Estate","Fixed Income","4,011,814.07","0.12","4,011,814.07","3,982,000.00","3,982,000.00","100.26","Canada","-","CAD","1.24","1.00","Oct 4, 2027","3.24","CAD","Oct 2, 2017"
"FFHCN","FAIRFAX FINANCIAL HOLDINGS LTD","Financial","Fixed Income","4,006,603.81","0.12","4,006,603.81","3,950,000.00","3,950,000.00","100.49","Canada","-","CAD","4.21","1.00","Mar 3, 2031","3.95","CAD","Mar 1, 2021"
"BCECN","BELL TELEPHONE COMPANY OF CANADA O MTN RegS","Communication","Fixed Income","4,002,821.69","0.12","4,002,821.69","3,924,000.00","3,924,000.00","101.29","Canada","-","CAD","5.80","1.00","Mar 30, 2033","4.40","CAD","Mar 30, 2026"
"PPLCN","PEMBINA PIPELINE CORP MTN RegS","Energy","Fixed Income","3,999,742.15","0.12","3,999,742.15","3,740,000.00","3,740,000.00","105.06","Canada","-","CAD","4.71","1.00","Jan 12, 2032","5.02","CAD","Jan 12, 2024"
"FTSCN","FORTIS INC RegS","Infrastructure","Fixed Income","3,991,285.05","0.12","3,991,285.05","3,884,000.00","3,884,000.00","100.30","Canada","-","CAD","3.74","1.00","Dec 4, 2055","5.10","CAD","Sep 4, 2025"
"PLD","PROLOGIS LP","Real Estate","Fixed Income","3,985,690.75","0.12","3,985,690.75","3,915,000.00","3,915,000.00","100.62","United States","-","CAD","5.71","1.00","Feb 15, 2033","4.20","CAD","Feb 4, 2025"
"NACN","NATIONAL BANK OF CANADA MTN","Financial","Fixed Income","3,959,139.06","0.12","3,959,139.06","3,849,000.00","3,849,000.00","101.64","Canada","-","CAD","3.80","1.00","Aug 15, 2035","4.33","CAD","Jun 26, 2025"
"MET","METROPOLITAN LIFE GLOBAL FUNDING I RegS","Financial","Fixed Income","3,927,390.62","0.12","3,927,390.62","3,870,000.00","3,870,000.00","99.98","United States","-","CAD","5.70","1.00","Jan 12, 2033","4.00","CAD","Jan 12, 2026"
"CUCN","CANADIAN UTILITIES LTD RegS","Energy","Fixed Income","3,912,560.53","0.12","3,912,560.53","3,810,000.00","3,810,000.00","100.33","Canada","-","CAD","7.12","1.00","Dec 22, 2055","5.45","CAD","Sep 22, 2025"
"PPLCN","PEMBINA PIPELINE CORP RegS","Energy","Fixed Income","3,865,510.22","0.12","3,865,510.22","3,570,000.00","3,570,000.00","106.10","Canada","-","CAD","5.72","1.00","Jun 28, 2033","5.22","CAD","Jun 28, 2024"
"BRUPOW","BRUCE POWER LP RegS","Energy","Fixed Income","3,845,488.08","0.12","3,845,488.08","3,780,000.00","3,780,000.00","99.65","Canada","-","CAD","7.56","1.00","Dec 21, 2035","4.41","CAD","Dec 8, 2025"
"HTHROW","HEATHROW FUNDING LTD RegS","Infrastructure","Fixed Income","3,829,551.69","0.12","3,829,551.69","3,690,000.00","3,690,000.00","102.28","United Kingdom","-","CAD","8.47","1.00","Aug 6, 2037","4.90","CAD","Aug 6, 2025"
"ENBCN","ENBRIDGE INC MTN RegS","Energy","Fixed Income","3,818,844.02","0.12","3,818,844.02","3,815,000.00","3,815,000.00","99.20","Canada","-","CAD","4.30","1.00","Feb 26, 2031","3.57","CAD","Feb 26, 2026"
"GLENLN","GLENCORE FINANCE CANADA LTD RegS","Industrial","Fixed Income","3,817,026.01","0.12","3,817,026.01","3,815,000.00","3,815,000.00","99.51","Switzerland","-","CAD","5.54","1.00","Oct 10, 2032","4.04","CAD","Oct 10, 2025"
"CHPUCN","CHOICE PROPERTIES REAL ESTATE INVE","Real Estate","Fixed Income","3,815,702.02","0.12","3,815,702.02","3,753,000.00","3,753,000.00","100.04","Canada","-","CAD","2.75","1.00","Jun 11, 2029","3.53","CAD","Jun 11, 2019"
"PACLIF","PACIFIC LIFE GLOBAL FUNDING II MTN RegS","Financial","Fixed Income","3,801,935.00","0.12","3,801,935.00","3,770,000.00","3,770,000.00","99.48","United States","-","CAD","5.74","1.00","Jan 24, 2033","3.92","CAD","Jan 22, 2026"
"MFCCN","MANULIFE FINANCE DELAWARE LP","Financial","Fixed Income","3,789,631.14","0.12","3,789,631.14","3,598,000.00","3,598,000.00","103.04","Canada","-","CAD","8.00","1.00","Dec 15, 2041","5.06","CAD","Dec 14, 2006"
"FFHCN","FAIRFAX FINANCIAL HOLDINGS LTD","Financial","Fixed Income","3,789,177.62","0.12","3,789,177.62","3,816,000.00","3,816,000.00","97.87","Canada","-","CAD","14.56","1.00","Aug 16, 2055","5.10","CAD","Aug 14, 2025"
"BNS","SCOTIABANK CAPITAL TRUST","Financial","Fixed Income","3,770,855.66","0.11","3,770,855.66","3,452,000.00","3,452,000.00","106.93","Canada","-","CAD","9.38","1.00","Dec 31, 2056","5.65","CAD","Sep 28, 2006"
"CHPUCN","CHOICE PROPERTIES REAL ESTATE INVE","Real Estate","Fixed Income","3,765,173.70","0.11","3,765,173.70","3,682,000.00","3,682,000.00","101.32","Canada","-","CAD","1.48","1.00","Mar 8, 2028","4.18","CAD","Mar 8, 2018"
"ENBCN","ENBRIDGE INC","Energy","Fixed Income","3,758,446.55","0.11","3,758,446.55","3,563,000.00","3,563,000.00","104.63","Canada","-","CAD","1.76","1.00","Apr 12, 2078","6.63","CAD","Apr 12, 2018"
"NWRWPT","NORTH WEST REDWATER PARTNERSHIP /","Energy","Fixed Income","3,752,436.64","0.11","3,752,436.64","3,709,000.00","3,709,000.00","99.80","Canada","-","CAD","0.97","1.00","Jun 1, 2027","2.80","CAD","May 19, 2017"
"BRUPOW","BRUCE POWER LP RegS","Energy","Fixed Income","3,749,107.13","0.11","3,749,107.13","3,690,000.00","3,690,000.00","99.74","Canada","-","CAD","6.96","1.00","Dec 21, 2034","4.27","CAD","Dec 12, 2024"
"OXPROP","OXFORD PROPERTIES GROUP TRUST RegS","Real Estate","Fixed Income","3,738,767.73","0.11","3,738,767.73","3,756,000.00","3,756,000.00","99.38","Canada","-","CAD","4.08","1.00","Nov 13, 2030","3.60","CAD","Nov 13, 2025"
"PPLCN","PEMBINA PIPELINE CORP MTN","Energy","Fixed Income","3,736,396.79","0.11","3,736,396.79","3,941,000.00","3,941,000.00","93.98","Canada","-","CAD","13.00","1.00","Mar 26, 2048","4.75","CAD","Mar 26, 2018"
"TRPCN","TRANSCANADA PIPELINES LTD MTN RegS","Energy","Fixed Income","3,718,243.75","0.11","3,718,243.75","3,743,000.00","3,743,000.00","98.75","Canada","-","CAD","3.10","1.00","Sep 18, 2029","3.00","CAD","Sep 18, 2019"
"CNRCN","CANADIAN NATIONAL RAILWAY COMPANY","Industrial","Fixed Income","3,717,203.77","0.11","3,717,203.77","3,583,000.00","3,583,000.00","103.41","Canada","-","CAD","2.66","1.00","May 2, 2029","4.60","CAD","May 2, 2024"
"TRPCN","TRANSCANADA PIPELINES LTD","Energy","Fixed Income","3,700,865.73","0.11","3,700,865.73","3,458,000.00","3,458,000.00","106.78","Canada","-","CAD","4.98","1.00","May 12, 2032","5.33","CAD","May 12, 2022"
"CPXCN","CAPITAL POWER CORP MTN","Energy","Fixed Income","3,700,971.13","0.11","3,700,971.13","3,534,000.00","3,534,000.00","103.75","Canada","-","CAD","4.57","1.00","Sep 16, 2031","4.83","CAD","Sep 16, 2024"
"QBRCN","VIDEOTRON LTD RegS","Communication","Fixed Income","3,652,362.43","0.11","3,652,362.43","3,480,000.00","3,480,000.00","103.25","Canada","-","CAD","2.80","1.00","Jul 15, 2029","4.65","CAD","Jun 21, 2024"
"GTAAIR","GREATER TORONTO AIRPORTS AUTHORITY","Infrastructure","Fixed Income","3,651,300.38","0.11","3,651,300.38","4,349,000.00","4,349,000.00","83.64","Canada","-","CAD","10.77","1.00","Oct 17, 2039","2.75","CAD","Sep 25, 2019"
"ENBCN","ENBRIDGE INC MTN","Energy","Fixed Income","3,649,805.17","0.11","3,649,805.17","3,555,000.00","3,555,000.00","101.50","Canada","-","CAD","7.07","1.00","Feb 25, 2035","4.56","CAD","Feb 25, 2025"
"NEE","NEXTERA ENERGY CAPITAL HOLDINGS IN","Energy","Fixed Income","3,649,949.36","0.11","3,649,949.36","3,565,000.00","3,565,000.00","100.62","United States","-","CAD","3.63","1.00","Jun 12, 2030","3.83","CAD","Jun 12, 2025"
"MASSMU","MASSMUTUAL GLOBAL FUNDING II MTN RegS","Financial","Fixed Income","3,646,371.40","0.11","3,646,371.40","3,560,000.00","3,560,000.00","100.91","United States","-","CAD","5.31","1.00","Jul 15, 2032","4.13","CAD","Jul 15, 2025"
"NWRWPT","NORTH WEST REDWATER PARTNERSHIP /","Energy","Fixed Income","3,637,146.57","0.11","3,637,146.57","3,739,000.00","3,739,000.00","95.49","Canada","-","CAD","7.41","1.00","Jun 1, 2035","3.65","CAD","May 19, 2017"
"CP","CANADIAN PACIFIC RAILWAY COMPANY","Industrial","Fixed Income","3,633,467.11","0.11","3,633,467.11","3,535,000.00","3,535,000.00","101.15","Canada","-","CAD","7.65","1.00","Jan 13, 2036","4.40","CAD","Jun 13, 2025"
"TRPCN","TRANSCANADA PIPELINES LTD MTN","Energy","Fixed Income","3,615,052.46","0.11","3,615,052.46","3,911,000.00","3,911,000.00","90.36","Canada","-","CAD","12.51","1.00","Jun 6, 2046","4.35","CAD","Jun 6, 2016"
"NWRWPT","NORTH WEST REDWATER PARTNERSHIP","Energy","Fixed Income","3,610,951.33","0.11","3,610,951.33","3,370,000.00","3,370,000.00","104.77","Canada","-","CAD","6.42","1.00","Jun 1, 2034","4.85","CAD","Jun 14, 2024"
"NACN","NATIONAL BANK OF CANADA","Financial","Fixed Income","3,600,196.06","0.11","3,600,196.06","3,459,000.00","3,459,000.00","102.57","Canada","-","CAD","1.16","1.00","Aug 16, 2032","5.43","CAD","Jul 25, 2022"
"HYDONE","HYDRO ONE INC MTN","Infrastructure","Fixed Income","3,592,742.03","0.11","3,592,742.03","3,291,000.00","3,291,000.00","109.04","Canada","-","CAD","7.80","1.00","May 20, 2036","5.36","CAD","May 19, 2005"
"SLFCN","SUN LIFE FINANCIAL INC","Financial","Fixed Income","3,590,913.45","0.11","3,590,913.45","3,800,000.00","3,800,000.00","94.17","Canada","-","CAD","4.06","1.00","Oct 1, 2035","2.06","CAD","Oct 1, 2020"
"PLD","PROLOGIS LP","Real Estate","Fixed Income","3,584,634.63","0.11","3,584,634.63","3,615,000.00","3,615,000.00","98.14","United States","-","CAD","5.08","1.00","Feb 15, 2032","3.60","CAD","Oct 27, 2025"
"QBRCN","VIDEOTRON LTD","Communication","Fixed Income","3,540,124.06","0.11","3,540,124.06","3,480,000.00","3,480,000.00","101.19","Canada","-","CAD","0.96","1.00","Jan 15, 2030","4.50","CAD","Oct 8, 2019"
"BIP","BROOKFIELD INFRASTRUCTURE FINANCE","Infrastructure","Fixed Income","3,531,064.03","0.11","3,531,064.03","3,533,000.00","3,533,000.00","99.48","Canada","-","CAD","3.12","1.00","Oct 9, 2029","3.41","CAD","Oct 3, 2019"
"ETRHWY","407 INTERNATIONAL INC. MTN","Infrastructure","Fixed Income","3,527,272.84","0.11","3,527,272.84","3,148,000.00","3,148,000.00","110.41","Canada","-","CAD","7.44","1.00","Feb 14, 2036","5.75","CAD","Feb 14, 2006"
"MFCCN","MANULIFE BANK OF CANADA","Financial","Fixed Income","3,522,933.92","0.11","3,522,933.92","3,445,000.00","3,445,000.00","101.21","Canada","-","CAD","1.66","1.00","Feb 22, 2028","3.99","CAD","Aug 22, 2024"
"TCN","TELUS CORPORATION RegS","Communication","Fixed Income","3,514,789.19","0.11","3,514,789.19","3,665,000.00","3,665,000.00","95.78","Canada","-","CAD","5.00","1.00","Nov 13, 2031","2.85","CAD","Jun 28, 2021"
"ENBCN","ENBRIDGE INC MTN","Energy","Fixed Income","3,514,950.97","0.11","3,514,950.97","3,695,000.00","3,695,000.00","94.14","Canada","-","CAD","11.69","1.00","Mar 11, 2044","4.57","CAD","Mar 11, 2014"
"SAPCN","SAPUTO INC MTN","Industrial","Fixed Income","3,513,104.47","0.11","3,513,104.47","3,506,000.00","3,506,000.00","99.20","Canada","-","CAD","1.02","1.00","Jun 16, 2027","2.24","CAD","Jun 16, 2020"
"QBRCN","VIDEOTRON LTD RegS","Communication","Fixed Income","3,497,122.39","0.11","3,497,122.39","3,440,000.00","3,440,000.00","100.02","Canada","-","CAD","1.93","1.00","Jun 15, 2028","3.63","CAD","Jun 17, 2021"
"HYNMTR","HYUNDAI CAPITAL CANADA INC RegS","Financial","Fixed Income","3,493,185.72","0.11","3,493,185.72","3,450,000.00","3,450,000.00","99.93","Canada","-","CAD","3.33","1.00","Jan 14, 2030","3.58","CAD","Jan 14, 2026"
"DE","JOHN DEERE FINANCIAL INC","Financial","Fixed Income","3,491,093.54","0.11","3,491,093.54","3,320,000.00","3,320,000.00","104.09","United States","-","CAD","2.15","1.00","Sep 15, 2028","5.17","CAD","Sep 15, 2023"
"BCECN","BELL TELEPHONE COMPANY OF CANADA O MTN","Communication","Fixed Income","3,486,414.07","0.11","3,486,414.07","3,415,000.00","3,415,000.00","101.11","Canada","-","CAD","7.70","1.00","Mar 14, 2036","4.70","CAD","Aug 14, 2025"
"BPCEGP","BPCE SA MTN RegS","Financial","Fixed Income","3,478,451.76","0.11","3,478,451.76","3,427,000.00","3,427,000.00","100.94","France","-","CAD","4.33","1.00","Apr 15, 2036","4.68","CAD","Apr 15, 2026"
"TCN","TELUS CORPORATION","Communication","Fixed Income","3,474,873.51","0.11","3,474,873.51","3,273,000.00","3,273,000.00","104.81","Canada","-","CAD","4.07","1.00","Feb 18, 2031","4.95","CAD","Feb 15, 2024"
"IPLCN","INTER PIPELINE LTD","Energy","Fixed Income","3,470,834.61","0.11","3,470,834.61","3,476,000.00","3,476,000.00","99.81","Canada","-","CAD","4.88","1.00","Nov 25, 2031","3.98","CAD","Nov 25, 2021"
"GM","GENERAL MOTORS FINANCIAL OF CANADA","Financial","Fixed Income","3,455,866.97","0.10","3,455,866.97","3,283,000.00","3,283,000.00","103.38","United States","-","CAD","1.98","1.00","Jul 14, 2028","5.10","CAD","May 2, 2024"
"COAGAS","COASTAL GASLINK PIPELINE LP","Energy","Fixed Income","3,454,248.05","0.10","3,454,248.05","3,095,000.00","3,095,000.00","109.33","Canada","-","CAD","9.25","1.00","Jun 30, 2039","5.54","CAD","Jun 13, 2024"
"RCICN","ROGERS COMMUNICATIONS INC RegS","Communication","Fixed Income","3,450,371.01","0.10","3,450,371.01","3,170,000.00","3,170,000.00","107.75","Canada","-","CAD","3.68","1.00","Sep 21, 2030","5.80","CAD","Sep 21, 2023"
"ENBCN","ENBRIDGE INC MTN","Energy","Fixed Income","3,424,756.76","0.10","3,424,756.76","3,321,000.00","3,321,000.00","102.02","Canada","-","CAD","3.38","1.00","Feb 22, 2030","4.21","CAD","Aug 22, 2024"
"BNP","BNP PARIBAS SA MTN","Financial","Fixed Income","3,421,763.44","0.10","3,421,763.44","3,350,000.00","3,350,000.00","101.07","France","-","CAD","3.83","1.00","Sep 3, 2035","4.49","CAD","Sep 3, 2025"
"ENBPIP","ENBRIDGE PIPELINES INC MTN","Energy","Fixed Income","3,413,658.27","0.10","3,413,658.27","3,374,000.00","3,374,000.00","100.25","Canada","-","CAD","2.51","1.00","Feb 22, 2029","3.52","CAD","Feb 22, 2019"
"SLFCN","SUN LIFE FINANCIAL INC","Financial","Fixed Income","3,411,377.33","0.10","3,411,377.33","3,251,000.00","3,251,000.00","103.52","Canada","-","CAD","1.14","1.00","Aug 10, 2034","4.78","CAD","Aug 10, 2022"
"EPCOR","EPCOR UTILITIES INC MTN RegS","Infrastructure","Fixed Income","3,407,198.07","0.10","3,407,198.07","3,140,000.00","3,140,000.00","107.69","Canada","-","CAD","14.49","1.00","Oct 3, 2053","5.33","CAD","Oct 3, 2023"
"CVECN","CENOVUS ENERGY INC","Energy","Fixed Income","3,395,077.24","0.10","3,395,077.24","3,335,000.00","3,335,000.00","100.99","Canada","-","CAD","5.80","1.00","Mar 20, 2033","4.25","CAD","Nov 20, 2025"
"TRPCN","TRANSCANADA PIPELINES LTD","Energy","Fixed Income","3,390,888.85","0.10","3,390,888.85","3,360,000.00","3,360,000.00","99.53","Canada","-","CAD","4.32","1.00","Aug 20, 2056","5.13","CAD","Feb 20, 2026"
"NOVERC","NOVERCO INC","Energy","Fixed Income","3,384,560.41","0.10","3,384,560.41","3,272,000.00","3,272,000.00","101.93","Canada","-","CAD","6.99","1.00","Jan 28, 2035","4.57","CAD","Jan 28, 2025"
"ENBGAS","ENBRIDGE GAS INC","Energy","Fixed Income","3,377,900.58","0.10","3,377,900.58","3,420,000.00","3,420,000.00","98.31","Canada","-","CAD","3.58","1.00","Apr 1, 2030","2.90","CAD","Apr 1, 2020"
"ONTPOW","ONTARIO POWER GENERATION INC MTN","Energy","Fixed Income","3,373,519.08","0.10","3,373,519.08","3,157,000.00","3,157,000.00","104.85","Canada","-","CAD","6.50","1.00","Jun 28, 2034","4.83","CAD","Jun 28, 2024"
"CAAIAU","CALGARY AIRPORT AUTHORITY","Infrastructure","Fixed Income","3,372,509.69","0.10","3,372,509.69","3,783,000.00","3,783,000.00","88.66","Canada","-","CAD","11.45","1.00","Oct 7, 2041","3.45","CAD","Oct 7, 2021"
"BMO","BANK OF MONTREAL","Financial","Fixed Income","3,369,838.86","0.10","3,369,838.86","3,210,000.00","3,210,000.00","104.41","Canada","-","CAD","1.35","1.00","Oct 27, 2032","6.53","CAD","Oct 27, 2022"
"PPLCN","PEMBINA PIPELINE CORP MTN RegS","Energy","Fixed Income","3,365,162.72","0.10","3,365,162.72","3,307,000.00","3,307,000.00","101.06","Canada","-","CAD","1.55","1.00","Mar 27, 2028","4.02","CAD","Mar 26, 2018"
"BPCGEN","BPC GENERATION INFRASTRUCTURE TRUS RegS","Energy","Fixed Income","3,364,572.93","0.10","3,364,572.93","3,345,000.00","3,345,000.00","99.95","Canada","-","CAD","3.95","1.00","Sep 29, 2030","3.79","CAD","Sep 29, 2025"
"BCECN","BELL CANADA INC","Communication","Fixed Income","3,364,339.16","0.10","3,364,339.16","3,396,000.00","3,396,000.00","98.61","Canada","-","CAD","1.19","1.00","Aug 16, 2027","1.65","CAD","Aug 14, 2020"
"HYDONE","HYDRO ONE INC MTN","Infrastructure","Fixed Income","3,363,897.40","0.10","3,363,897.40","3,237,000.00","3,237,000.00","101.98","Canada","-","CAD","3.12","1.00","Nov 30, 2029","3.93","CAD","Jan 27, 2023"
"COAGAS","COASTAL GASLINK PIPELINE LP","Energy","Fixed Income","3,361,856.76","0.10","3,361,856.76","3,125,000.00","3,125,000.00","105.56","Canada","-","CAD","4.43","1.00","Jun 30, 2031","4.91","CAD","Jun 13, 2024"
"TCN","TELUS CORPORATION","Communication","Fixed Income","3,361,286.22","0.10","3,361,286.22","3,191,000.00","3,191,000.00","103.17","Canada","-","CAD","2.28","1.00","Dec 15, 2028","4.80","CAD","Feb 15, 2024"
"PPLCN","PEMBINA PIPELINE CORP MTN","Energy","Fixed Income","3,359,431.66","0.10","3,359,431.66","3,349,000.00","3,349,000.00","99.25","Canada","-","CAD","3.38","1.00","Feb 1, 2030","3.31","CAD","Sep 12, 2019"
"CUCN","CU INC","Energy","Fixed Income","3,357,020.39","0.10","3,357,020.39","3,296,000.00","3,296,000.00","100.80","Canada","-","CAD","11.53","1.00","Sep 9, 2043","4.72","CAD","Sep 9, 2013"
"CPXCN","CAPITAL POWER CORP MTN RegS","Energy","Fixed Income","3,355,878.53","0.10","3,355,878.53","3,295,000.00","3,295,000.00","99.74","Canada","-","CAD","5.60","1.00","Jan 14, 2033","4.23","CAD","Nov 14, 2025"
"GM","GENERAL MOTORS FINANCIAL OF CANADA RegS","Financial","Fixed Income","3,350,299.58","0.10","3,350,299.58","3,351,000.00","3,351,000.00","99.75","United States","-","CAD","4.05","1.00","Nov 7, 2030","3.80","CAD","Oct 28, 2025"
"VTR","VENTAS CANADA FINANCE LTD","Real Estate","Fixed Income","3,343,737.72","0.10","3,343,737.72","3,183,000.00","3,183,000.00","103.86","United States","-","CAD","2.49","1.00","Mar 5, 2029","5.10","CAD","Mar 5, 2024"
"KEYCN","KEYERA CORP RegS","Energy","Fixed Income","3,314,464.48","0.10","3,314,464.48","3,285,000.00","3,285,000.00","100.26","Canada","-","CAD","14.54","1.00","Oct 15, 2055","5.31","CAD","Sep 29, 2025"
"HYDONE","HYDRO ONE INC MTN","Infrastructure","Fixed Income","3,314,050.22","0.10","3,314,050.22","2,977,000.00","2,977,000.00","109.32","Canada","-","CAD","9.80","1.00","Jul 16, 2040","5.49","CAD","Jul 16, 2009"
"DE","JOHN DEERE FINANCIAL INC MTN","Financial","Fixed Income","3,312,645.22","0.10","3,312,645.22","3,183,000.00","3,183,000.00","103.38","United States","-","CAD","2.65","1.00","Apr 4, 2029","4.63","CAD","Apr 4, 2024"
"QBRCN","VIDEOTRON LTD","Communication","Fixed Income","3,309,517.49","0.10","3,309,517.49","3,365,000.00","3,365,000.00","97.20","Canada","-","CAD","4.18","1.00","Jan 15, 2031","3.13","CAD","Jan 22, 2021"
"BIP","BROOKFIELD INFRASTRUCTURE FINANCE","Infrastructure","Fixed Income","3,300,894.80","0.10","3,300,894.80","3,225,000.00","3,225,000.00","101.45","Canada","-","CAD","1.99","1.00","Sep 11, 2028","4.19","CAD","Sep 10, 2018"
"BRUPOW","BRUCE POWER LP","Energy","Fixed Income","3,267,663.54","0.10","3,267,663.54","3,085,000.00","3,085,000.00","103.87","Canada","-","CAD","4.34","1.00","Jun 21, 2031","4.70","CAD","Mar 12, 2024"
"F","FORD CREDIT CANADA CO","Financial","Fixed Income","3,267,425.87","0.10","3,267,425.87","3,119,000.00","3,119,000.00","103.13","United States","-","CAD","2.41","1.00","Feb 9, 2029","5.44","CAD","Jan 9, 2024"
"MFCCN","MANULIFE BANK OF CANADA","Financial","Fixed Income","3,267,619.53","0.10","3,267,619.53","3,265,000.00","3,265,000.00","99.18","Canada","-","CAD","3.45","1.00","Feb 19, 2030","3.32","CAD","Feb 19, 2026"
"ENBCN","ENBRIDGE INC MTN","Energy","Fixed Income","3,260,809.30","0.10","3,260,809.30","2,746,000.00","2,746,000.00","118.39","Canada","-","CAD","13.42","1.00","Nov 9, 2052","6.51","CAD","Nov 9, 2022"
"F","FORD CREDIT CANADA CO","Financial","Fixed Income","3,244,898.10","0.10","3,244,898.10","3,170,000.00","3,170,000.00","100.75","United States","-","CAD","1.54","1.00","Jan 10, 2028","4.22","CAD","Jan 9, 2025"
"CNRCN","CANADIAN NATIONAL RAILWAY COMPANY","Industrial","Fixed Income","3,238,040.34","0.10","3,238,040.34","3,155,000.00","3,155,000.00","102.42","Canada","-","CAD","3.52","1.00","May 10, 2030","4.15","CAD","May 10, 2023"
"TCN","TELUS CORPORATION","Communication","Fixed Income","3,236,631.74","0.10","3,236,631.74","3,032,000.00","3,032,000.00","105.56","Canada","-","CAD","13.64","1.00","Sep 13, 2052","5.65","CAD","Sep 13, 2022"
"COAGAS","COASTAL GASLINK PIPELINE LP","Energy","Fixed Income","3,222,923.53","0.10","3,222,923.53","2,985,000.00","2,985,000.00","107.12","Canada","-","CAD","6.76","1.00","Sep 30, 2034","5.19","CAD","Jun 13, 2024"
"NWRWPT","NORTH WEST REDWATER PARTNERSHIP RegS","Energy","Fixed Income","3,219,571.87","0.10","3,219,571.87","3,625,000.00","3,625,000.00","87.85","Canada","-","CAD","11.85","1.00","Feb 23, 2043","3.70","CAD","Feb 23, 2015"
"MIFFC","MONTREAL INTERNATIONAL FUEL FACILI RegS","Infrastructure","Fixed Income","3,219,083.82","0.10","3,219,083.82","3,185,000.00","3,185,000.00","100.57","Canada","-","CAD","4.38","1.00","Apr 10, 2031","3.71","CAD","Feb 10, 2026"
"DFYCN","DEFINITY FINANCIAL CORP RegS","Financial","Fixed Income","3,213,594.47","0.10","3,213,594.47","3,196,000.00","3,196,000.00","99.76","Canada","-","CAD","3.91","1.00","Sep 12, 2030","3.71","CAD","Sep 12, 2025"
"IPLCN","INTER PIPELINE LTD","Energy","Fixed Income","3,209,105.64","0.10","3,209,105.64","2,957,000.00","2,957,000.00","108.35","Canada","-","CAD","4.92","1.00","May 18, 2032","5.85","CAD","May 18, 2022"
"HTHROW","HEATHROW FUNDING LTD RegS","Infrastructure","Fixed Income","3,192,493.82","0.10","3,192,493.82","3,123,000.00","3,123,000.00","101.65","United Kingdom","-","CAD","6.95","1.00","Apr 14, 2037","4.64","CAD","Apr 14, 2026"
"GLENLN","GLENCORE FUNDING LLC RegS","Industrial","Fixed Income","3,162,181.04","0.10","3,162,181.04","3,142,000.00","3,142,000.00","100.30","Switzerland","-","CAD","4.61","1.00","Jul 28, 2031","4.00","CAD","Apr 28, 2026"
"PPLCN","PEMBINA PIPELINE CORP MTN RegS","Energy","Fixed Income","3,151,984.39","0.10","3,151,984.39","3,248,000.00","3,248,000.00","96.19","Canada","-","CAD","11.58","1.00","Mar 25, 2044","4.81","CAD","Apr 4, 2014"
"GTAAIR","GREATER TORONTO AIRPORTS AUTHORITY MTN 144A","Infrastructure","Fixed Income","3,149,446.13","0.10","3,149,446.13","2,668,000.00","2,668,000.00","115.99","Canada","-","CAD","6.08","1.00","Feb 2, 2034","6.47","CAD","Feb 2, 2004"
"HYDONE","HYDRO ONE INC 3.63 6/49 MTN","Infrastructure","Fixed Income","3,149,627.84","0.10","3,149,627.84","3,675,000.00","3,675,000.00","84.16","Canada","-","CAD","14.36","1.00","Jun 25, 2049","3.63","CAD","Jun 26, 2018"
"NWRWPT","NORTH WEST REDWATER PARTNERSHIP","Energy","Fixed Income","3,146,696.44","0.10","3,146,696.44","2,990,000.00","2,990,000.00","102.75","Canada","-","CAD","14.48","1.00","Jun 1, 2054","5.08","CAD","Jun 14, 2024"
"BCECN","BELL TELEPHONE COMPANY OF CANADA O MTN","Communication","Fixed Income","3,131,088.08","0.10","3,131,088.08","3,090,000.00","3,090,000.00","99.83","Canada","-","CAD","14.44","1.00","Aug 14, 2055","5.25","CAD","Aug 14, 2025"
"BCECN","BELL TELEPHONE COMPANY OF CANADA O MTN","Communication","Fixed Income","3,113,672.03","0.09","3,113,672.03","3,065,000.00","3,065,000.00","100.69","Canada","-","CAD","5.78","1.00","Mar 14, 2033","4.30","CAD","Aug 14, 2025"
"TRPCN","TRANSCANADA PIPELINES LTD MTN","Energy","Fixed Income","3,093,850.00","0.09","3,093,850.00","3,067,000.00","3,067,000.00","100.18","Canada","-","CAD","1.64","1.00","Mar 15, 2028","3.39","CAD","Sep 15, 2017"
"ENBCN","ENBRIDGE INC MTN","Energy","Fixed Income","3,092,739.91","0.09","3,092,739.91","2,987,000.00","2,987,000.00","103.23","Canada","-","CAD","1.31","1.00","Nov 9, 2027","5.70","CAD","Nov 9, 2022"
"BCECN","BELL TELEPHONE COMPANY OF CANADA O MTN RegS","Communication","Fixed Income","3,091,253.45","0.09","3,091,253.45","2,970,000.00","2,970,000.00","103.87","Canada","-","CAD","2.24","1.00","Nov 14, 2028","5.15","CAD","Aug 11, 2023"
"ETRHWY","407 INTERNATIONAL INC MTN","Infrastructure","Fixed Income","3,081,104.62","0.09","3,081,104.62","3,010,000.00","3,010,000.00","101.72","Canada","-","CAD","8.16","1.00","Oct 7, 2036","4.48","CAD","Apr 7, 2026"
"PPLCN","PEMBINA PIPELINE CORP MTN","Energy","Fixed Income","3,076,017.82","0.09","3,076,017.82","3,358,000.00","3,358,000.00","90.91","Canada","-","CAD","13.46","1.00","Apr 3, 2049","4.54","CAD","Apr 3, 2019"
"GLCRTR","GLACIER CREDIT CARD TRUST","Securitized","Fixed Income","3,075,108.06","0.09","3,075,108.06","2,900,000.00","2,900,000.00","104.95","Canada","-","CAD","2.15","1.00","Sep 20, 2028","5.68","CAD","Aug 23, 2023"
"PPLCN","PEMBINA PIPELINE CORP MTN RegS","Energy","Fixed Income","3,072,700.41","0.09","3,072,700.41","2,989,000.00","2,989,000.00","100.88","Canada","-","CAD","0.77","1.00","Jun 15, 2027","4.24","CAD","Jun 16, 2015"
"F","FORD CREDIT CANADA CO RegS","Financial","Fixed Income","3,071,628.60","0.09","3,071,628.60","2,995,000.00","2,995,000.00","102.47","United States","-","CAD","1.81","1.00","May 23, 2028","5.24","CAD","May 23, 2024"
"NWRWPT","NORTH WEST REDWATER PARTNERSHIP / RegS","Energy","Fixed Income","3,069,809.54","0.09","3,069,809.54","3,315,000.00","3,315,000.00","91.19","Canada","-","CAD","12.20","1.00","Jul 22, 2044","4.05","CAD","Jul 23, 2014"
"ONTPOW","ONTARIO POWER GENERATION INC MTN","Energy","Fixed Income","3,069,925.09","0.09","3,069,925.09","2,975,000.00","2,975,000.00","101.11","Canada","-","CAD","14.60","1.00","Jun 28, 2054","4.99","CAD","Jun 28, 2024"
"PLENCS","PLENARY PROPERTIES LTAP LP","Infrastructure","Fixed Income","3,066,091.71","0.09","3,066,091.71","2,650,608.00","2,650,608.00","113.64","Canada","-","CAD","7.49","1.00","Jan 31, 2044","6.29","CAD","Jan 31, 2011"
"RCICN","ROGERS COMMUNICATIONS INC.","Communication","Fixed Income","3,064,853.46","0.09","3,064,853.46","3,078,000.00","3,078,000.00","99.32","Canada","-","CAD","2.73","1.00","May 1, 2029","3.25","CAD","Apr 30, 2019"
"OMERS","OMERS REALTY CORP","Real Estate","Fixed Income","3,064,191.09","0.09","3,064,191.09","2,920,000.00","2,920,000.00","104.72","Canada","-","CAD","2.16","1.00","Nov 14, 2028","5.38","CAD","Nov 14, 2022"
"CHPUCN","CHOICE PROPERTIES REAL ESTATE INVE","Real Estate","Fixed Income","3,057,511.05","0.09","3,057,511.05","2,722,000.00","2,722,000.00","109.76","Canada","-","CAD","4.87","1.00","Jun 24, 2032","6.00","CAD","Jun 24, 2022"
"CNQCN","CANADIAN NATURAL RESOURCES LTD MTN RegS","Energy","Fixed Income","3,057,240.41","0.09","3,057,240.41","2,992,000.00","2,992,000.00","100.81","Canada","-","CAD","7.66","1.00","Feb 8, 2036","4.55","CAD","Dec 8, 2025"
"PPLCN","PEMBINA PIPELINE CORP RegS","Energy","Fixed Income","3,055,123.71","0.09","3,055,123.71","3,028,000.00","3,028,000.00","100.34","Canada","-","CAD","2.59","1.00","Apr 3, 2029","3.62","CAD","Apr 3, 2019"
"GIBACN","CGI INC","Industrial","Fixed Income","3,053,086.99","0.09","3,053,086.99","3,127,000.00","3,127,000.00","97.22","Canada","-","CAD","2.22","1.00","Sep 18, 2028","2.10","CAD","Sep 16, 2021"
"ARXCN","ARC RESOURCES LTD","Energy","Fixed Income","3,037,197.07","0.09","3,037,197.07","3,025,000.00","3,025,000.00","99.64","Canada","-","CAD","4.30","1.00","Mar 10, 2031","3.46","CAD","Mar 10, 2021"
"COAGAS","COASTAL GASLINK PIPELINE LP","Energy","Fixed Income","3,031,346.23","0.09","3,031,346.23","2,780,000.00","2,780,000.00","108.15","Canada","-","CAD","7.94","1.00","Sep 30, 2036","5.39","CAD","Jun 13, 2024"
"SAPCN","SAPUTO INC MTN","Industrial","Fixed Income","3,019,099.08","0.09","3,019,099.08","2,816,000.00","2,816,000.00","107.08","Canada","-","CAD","3.86","1.00","Nov 20, 2030","5.49","CAD","Nov 20, 2023"
"IPLCN","INTER PIPELINE LTD RegS","Energy","Fixed Income","3,018,463.05","0.09","3,018,463.05","3,000,000.00","3,000,000.00","99.28","Canada","-","CAD","7.63","1.00","Feb 13, 2036","4.65","CAD","Feb 13, 2026"
"GM","GENERAL MOTORS FINANCIAL OF CANADA","Financial","Fixed Income","3,014,535.29","0.09","3,014,535.29","2,869,000.00","2,869,000.00","103.58","United States","-","CAD","2.42","1.00","Feb 9, 2029","5.00","CAD","Feb 9, 2024"
"ATDBCN","ALIMENTATION COUCHE-TARD INC RegS","Industrial","Fixed Income","3,012,946.68","0.09","3,012,946.68","3,020,000.00","3,020,000.00","99.09","Canada","-","CAD","5.53","1.00","Sep 26, 2032","3.86","CAD","Sep 26, 2025"
"FFHCN","FAIRFAX FINANCIAL HOLDINGS LTD","Financial","Fixed Income","3,011,083.91","0.09","3,011,083.91","2,917,000.00","2,917,000.00","101.20","Canada","-","CAD","1.23","1.00","Dec 6, 2027","4.25","CAD","Dec 4, 2017"
"SNCINN","SNC-LAVALIN INNISFREE MCGILL FINAN 144A","Infrastructure","Fixed Income","3,010,613.50","0.09","3,010,613.50","2,535,012.00","2,535,012.00","116.05","Canada","-","CAD","7.57","1.00","Jun 30, 2044","6.63","CAD","Jul 15, 2010"
"ENBCN","ENBRIDGE INC MTN","Energy","Fixed Income","3,007,608.23","0.09","3,007,608.23","2,925,000.00","2,925,000.00","102.78","Canada","-","CAD","1.82","1.00","May 26, 2028","4.90","CAD","May 26, 2023"
"PPLCN","PEMBINA PIPELINE CORP MTN RegS","Energy","Fixed Income","3,004,443.25","0.09","3,004,443.25","2,785,000.00","2,785,000.00","105.92","Canada","-","CAD","6.12","1.00","Jan 12, 2034","5.21","CAD","Jan 12, 2024"
"ENBPIP","ENBRIDGE PIPELINES INC MTN","Energy","Fixed Income","3,002,931.69","0.09","3,002,931.69","3,340,000.00","3,340,000.00","88.77","Canada","-","CAD","13.53","1.00","Feb 22, 2049","4.33","CAD","Feb 22, 2019"
"TCN","TELUS CORPORATION","Communication","Fixed Income","2,999,704.03","0.09","2,999,704.03","2,815,000.00","2,815,000.00","105.12","Canada","-","CAD","6.24","1.00","Feb 15, 2034","5.10","CAD","Feb 15, 2024"
"ARXCN","ARC RESOURCES LTD RegS","Energy","Fixed Income","2,984,185.34","0.09","2,984,185.34","2,915,000.00","2,915,000.00","100.78","Canada","-","CAD","1.95","1.00","Jun 17, 2028","3.58","CAD","Jun 17, 2025"
"ETRHWY","407 INTERNATIONAL INC MTN","Infrastructure","Fixed Income","2,982,662.20","0.09","2,982,662.20","2,976,000.00","2,976,000.00","99.50","Canada","-","CAD","3.46","1.00","Mar 6, 2030","3.14","CAD","Mar 6, 2019"
"TCN","TELUS CORPORATION","Communication","Fixed Income","2,976,523.79","0.09","2,976,523.79","2,997,000.00","2,997,000.00","98.46","Canada","-","CAD","3.45","1.00","Feb 19, 2030","3.15","CAD","Dec 16, 2019"
"SUCN","SUNCOR ENERGY INC MTN","Energy","Fixed Income","2,959,629.30","0.09","2,959,629.30","2,966,000.00","2,966,000.00","99.66","Canada","-","CAD","1.42","1.00","Nov 14, 2027","2.95","CAD","Nov 14, 2025"
"RCICN","ROGERS COMMUNICATIONS INC","Communication","Fixed Income","2,944,785.34","0.09","2,944,785.34","2,519,000.00","2,519,000.00","116.45","Canada","-","CAD","9.17","1.00","Nov 4, 2039","6.68","CAD","Nov 4, 2009"
"F","FORD CREDIT CANADA CO RegS","Financial","Fixed Income","2,935,042.08","0.09","2,935,042.08","2,902,000.00","2,902,000.00","100.54","United States","-","CAD","2.67","1.00","Apr 9, 2029","4.40","CAD","Jan 9, 2026"
"COAGAS","COASTAL GASLINK PIPELINE LP","Energy","Fixed Income","2,932,934.28","0.09","2,932,934.28","2,803,000.00","2,803,000.00","103.86","Canada","-","CAD","3.07","1.00","Sep 30, 2029","4.69","CAD","Jun 13, 2024"
"CNRCN","CANADIAN NATIONAL RAILWAY COMPANY","Industrial","Fixed Income","2,930,894.08","0.09","2,930,894.08","2,866,000.00","2,866,000.00","100.31","Canada","-","CAD","7.29","1.00","Jun 10, 2035","4.20","CAD","Jun 10, 2025"
"DE","JOHN DEERE FINANCIAL INC MTN","Financial","Fixed Income","2,925,221.58","0.09","2,925,221.58","2,815,000.00","2,815,000.00","102.26","United States","-","CAD","1.99","1.00","Jul 11, 2028","4.38","CAD","Jul 11, 2024"
"BRUPOW","BRUCE POWER LP RegS","Energy","Fixed Income","2,922,738.00","0.09","2,922,738.00","2,839,000.00","2,839,000.00","101.21","Canada","-","CAD","3.57","1.00","Jun 21, 2030","4.00","CAD","Apr 9, 2020"
"HYDONE","HYDRO ONE INC MTN","Infrastructure","Fixed Income","2,916,326.79","0.09","2,916,326.79","2,800,000.00","2,800,000.00","103.08","Canada","-","CAD","6.43","1.00","Mar 1, 2034","4.39","CAD","Jan 12, 2024"
"GTAAIR","GREATER TORONTO AIRPORTS AUTHORITY MTN","Infrastructure","Fixed Income","2,910,969.47","0.09","2,910,969.47","2,465,000.00","2,465,000.00","117.25","Canada","-","CAD","5.23","1.00","Oct 15, 2032","6.98","CAD","Oct 15, 2002"
"PPLCN","PEMBINA PIPELINE CORP MTN","Energy","Fixed Income","2,910,333.60","0.09","2,910,333.60","3,034,000.00","3,034,000.00","94.26","Canada","-","CAD","12.52","1.00","Jan 21, 2047","4.74","CAD","Jan 20, 2017"
"ONTPOW","ONTARIO POWER GENERATION INC MTN","Energy","Fixed Income","2,898,696.94","0.09","2,898,696.94","2,914,000.00","2,914,000.00","98.85","Canada","-","CAD","3.08","1.00","Sep 13, 2029","2.98","CAD","Sep 13, 2019"
"HNDA","HONDA CANADA FINANCE INC","Financial","Fixed Income","2,896,188.26","0.09","2,896,188.26","2,954,000.00","2,954,000.00","97.62","Canada","-","CAD","1.70","1.00","Feb 25, 2028","1.65","CAD","Feb 25, 2021"
"IPLCN","INTER PIPELINE LTD","Energy","Fixed Income","2,895,548.41","0.09","2,895,548.41","2,560,000.00","2,560,000.00","111.34","Canada","-","CAD","5.31","1.00","Feb 17, 2033","6.38","CAD","Nov 17, 2022"
"GTAAIR","GREATER TORONTO AIRPORTS AUTHORITY","Infrastructure","Fixed Income","2,882,048.92","0.09","2,882,048.92","2,898,000.00","2,898,000.00","99.03","Canada","-","CAD","2.69","1.00","Apr 3, 2029","2.73","CAD","Apr 3, 2019"
"GWOCN","GREAT-WEST LIFECO INC","Financial","Fixed Income","2,879,796.45","0.09","2,879,796.45","2,971,000.00","2,971,000.00","96.83","Canada","-","CAD","3.74","1.00","May 14, 2030","2.38","CAD","May 14, 2020"
"HYDONE","HYDRO ONE INC","Infrastructure","Fixed Income","2,870,633.06","0.09","2,870,633.06","2,872,000.00","2,872,000.00","99.51","Canada","-","CAD","2.67","1.00","Apr 5, 2029","3.02","CAD","Apr 5, 2019"
"MFCCN","MANULIFE BANK OF CANADA","Financial","Fixed Income","2,863,282.38","0.09","2,863,282.38","2,835,000.00","2,835,000.00","100.90","Canada","-","CAD","4.46","1.00","May 20, 2031","3.95","CAD","May 20, 2026"
"TRPCN","TRANSCANADA TRUST","Energy","Fixed Income","2,862,935.11","0.09","2,862,935.11","2,885,000.00","2,885,000.00","98.25","Canada","-","CAD","4.09","1.00","Mar 4, 2081","4.20","CAD","Mar 4, 2021"
"ALTALK","ALTALINK LP","Infrastructure","Fixed Income","2,856,096.43","0.09","2,856,096.43","2,569,000.00","2,569,000.00","110.46","Canada","-","CAD","14.93","1.00","Oct 11, 2055","5.46","CAD","Oct 11, 2023"
"TCN","TELUS CORPORATION","Communication","Fixed Income","2,847,033.54","0.09","2,847,033.54","2,703,000.00","2,703,000.00","104.49","Canada","-","CAD","5.65","1.00","Mar 28, 2033","4.95","CAD","Mar 28, 2023"
"CHPUCN","CHOICE PROPERTIES REAL ESTATE INVE","Real Estate","Fixed Income","2,844,809.65","0.09","2,844,809.65","2,630,000.00","2,630,000.00","106.85","Canada","-","CAD","5.50","1.00","Mar 1, 2033","5.40","CAD","Mar 1, 2023"
"ONTPOW","ONTARIO POWER GENERATION INC MTN","Energy","Fixed Income","2,840,580.87","0.09","2,840,580.87","2,790,000.00","2,790,000.00","100.90","Canada","-","CAD","7.17","1.00","Mar 13, 2035","4.32","CAD","Mar 13, 2025"
"CHPUCN","CHOICE PROPERTIES REAL ESTATE INVE","Real Estate","Fixed Income","2,839,833.39","0.09","2,839,833.39","2,676,000.00","2,676,000.00","104.88","Canada","-","CAD","4.09","1.00","Feb 28, 2031","5.03","CAD","May 23, 2024"
"LOWMAT","LOWER MATTAGAMI ENERGY LP","Infrastructure","Fixed Income","2,838,071.41","0.09","2,838,071.41","2,962,000.00","2,962,000.00","95.72","Canada","-","CAD","4.62","1.00","May 14, 2031","2.43","CAD","May 14, 2021"
"WSPCN","WSP GLOBAL INC","Industrial","Fixed Income","2,837,352.31","0.09","2,837,352.31","2,753,000.00","2,753,000.00","102.05","Canada","-","CAD","6.72","1.00","Sep 12, 2034","4.75","CAD","Sep 12, 2024"
"WSPCN","WSP GLOBAL INC RegS","Industrial","Fixed Income","2,835,311.04","0.09","2,835,311.04","2,805,000.00","2,805,000.00","99.69","Canada","-","CAD","4.94","1.00","Jan 22, 2032","4.00","CAD","Jan 22, 2026"
"CNRCN","CANADIAN NATIONAL RAILWAY COMPANY","Industrial","Fixed Income","2,833,952.42","0.09","2,833,952.42","2,720,000.00","2,720,000.00","103.81","Canada","-","CAD","14.80","1.00","May 2, 2054","5.10","CAD","May 2, 2024"
"ENBGAS","ENBRIDGE GAS INC MTN","Energy","Fixed Income","2,832,147.70","0.09","2,832,147.70","2,805,000.00","2,805,000.00","100.08","Canada","-","CAD","7.55","1.00","Sep 12, 2035","4.16","CAD","Sep 12, 2025"
"HELOCS","HELOCS TRUST","Securitized","Fixed Income","2,831,710.20","0.09","2,831,710.20","2,800,000.00","2,800,000.00","100.76","Canada","-","CAD","1.36","1.00","Oct 23, 2027","3.77","CAD","Oct 28, 2024"
"SLFCN","SUN LIFE FINANCIAL INC RegS","Financial","Fixed Income","2,830,753.85","0.09","2,830,753.85","2,605,000.00","2,605,000.00","106.48","Canada","-","CAD","3.61","1.00","Jul 4, 2035","5.50","CAD","Jul 4, 2023"
"BAMREP","BROOKFIELD RENEWABLE PARTNERS ULC","Energy","Fixed Income","2,829,398.71","0.09","2,829,398.71","2,738,000.00","2,738,000.00","101.78","Canada","-","CAD","2.28","1.00","Jan 15, 2029","4.25","CAD","Sep 20, 2018"
"ALACN","ALTAGAS LTD","Energy","Fixed Income","2,805,622.49","0.09","2,805,622.49","2,845,000.00","2,845,000.00","97.59","Canada","-","CAD","1.93","1.00","May 30, 2028","2.08","CAD","Nov 30, 2020"
"VTR","VENTAS CANADA FINANCE LTD","Real Estate","Fixed Income","2,798,957.04","0.08","2,798,957.04","2,689,000.00","2,689,000.00","103.53","United States","-","CAD","1.72","1.00","Apr 21, 2028","5.40","CAD","Apr 21, 2023"
"CCDJ","FEDERATION DES CAISSES DESJARDINS","Financial","Fixed Income","2,796,775.67","0.08","2,796,775.67","2,635,000.00","2,635,000.00","104.61","Canada","-","CAD","2.06","1.00","Aug 16, 2028","5.47","CAD","Aug 16, 2023"
"ARXCN","ARC RESOURCES LTD RegS","Energy","Fixed Income","2,796,204.52","0.08","2,796,204.52","2,720,000.00","2,720,000.00","101.76","Canada","-","CAD","5.77","1.00","Feb 25, 2033","4.10","CAD","Feb 25, 2026"
"NWRWPT","NORTH WEST REDWATER PARTNERSHIP RegS","Energy","Fixed Income","2,784,137.48","0.08","2,784,137.48","2,699,000.00","2,699,000.00","101.12","Canada","-","CAD","5.81","1.00","Jun 1, 2033","4.15","CAD","Jun 10, 2016"
"CUCN","CU INC MTN","Energy","Fixed Income","2,776,318.46","0.08","2,776,318.46","3,038,000.00","3,038,000.00","90.55","Canada","-","CAD","11.65","1.00","Sep 10, 2042","3.81","CAD","Sep 10, 2012"
"SUCN","SUNCOR ENERGY INC MTN","Energy","Fixed Income","2,774,853.98","0.08","2,774,853.98","2,785,000.00","2,785,000.00","99.49","Canada","-","CAD","4.09","1.00","Nov 14, 2030","3.55","CAD","Nov 14, 2025"
"FTSCN","FORTIS INC RegS","Infrastructure","Fixed Income","2,769,085.03","0.08","2,769,085.03","2,720,000.00","2,720,000.00","101.09","Canada","-","CAD","5.10","1.00","Mar 26, 2032","4.09","CAD","Mar 26, 2025"
"FORTFD_23-1","FORTIFIED TRUST FORTFD_23-1 A","Securitized","Fixed Income","2,768,381.43","0.08","2,768,381.43","2,668,000.00","2,668,000.00","101.86","Canada","-","CAD","1.49","1.00","Dec 23, 2027","4.42","CAD","Jan 31, 2023"
"CNQCN","CANADIAN NATURAL RESOURCES LTD MTN RegS","Energy","Fixed Income","2,766,885.59","0.08","2,766,885.59","2,730,000.00","2,730,000.00","99.80","Canada","-","CAD","2.38","1.00","Dec 8, 2028","3.30","CAD","Dec 8, 2025"
"ETRHWY","407 INTERNATIONAL INC MTN","Infrastructure","Fixed Income","2,763,830.15","0.08","2,763,830.15","3,129,000.00","3,129,000.00","87.51","Canada","-","CAD","12.64","1.00","Sep 8, 2044","3.65","CAD","Sep 8, 2017"
"RLNCE","RELIANCE LP RegS","Industrial","Fixed Income","2,756,906.50","0.08","2,756,906.50","2,700,000.00","2,700,000.00","101.59","Canada","-","CAD","5.11","1.00","Apr 16, 2032","4.39","CAD","Mar 12, 2025"
"BAMREP","BROOKFIELD RENEWABLE PARTNERS ULC MTN","Energy","Fixed Income","2,747,908.07","0.08","2,747,908.07","2,661,000.00","2,661,000.00","101.24","Canada","-","CAD","14.02","1.00","Jan 10, 2054","5.32","CAD","Jan 10, 2024"
"KEYCN","KEYERA CORP RegS","Energy","Fixed Income","2,747,310.92","0.08","2,747,310.92","2,729,000.00","2,729,000.00","100.16","Canada","-","CAD","5.90","1.00","Apr 15, 2033","4.20","CAD","Sep 29, 2025"
"HNDA","HONDA CANADA FINANCE INC","Financial","Fixed Income","2,746,110.58","0.08","2,746,110.58","2,666,000.00","2,666,000.00","102.11","Canada","-","CAD","1.27","1.00","Sep 23, 2027","4.87","CAD","Mar 23, 2023"
"APUCN","ALLIED PROPERTIES REAL ESTATE INVE","Real Estate","Fixed Income","2,745,930.69","0.08","2,745,930.69","2,970,000.00","2,970,000.00","91.51","Canada","-","CAD","5.10","1.00","Feb 6, 2032","3.10","CAD","Aug 6, 2021"
"MGCN","MAGNA INTERNATIONAL INC","Industrial","Fixed Income","2,739,663.36","0.08","2,739,663.36","2,590,000.00","2,590,000.00","103.41","Canada","-","CAD","2.66","1.00","May 30, 2029","4.80","CAD","May 30, 2024"
"HNDA","HONDA CANADA FINANCE INC","Financial","Fixed Income","2,738,038.45","0.08","2,738,038.45","2,609,000.00","2,609,000.00","103.64","Canada","-","CAD","2.53","1.00","Feb 21, 2029","4.90","CAD","Feb 21, 2024"
"HYDONE","HYDRO ONE INC MTN RegS","Infrastructure","Fixed Income","2,736,419.70","0.08","2,736,419.70","2,675,000.00","2,675,000.00","101.29","Canada","-","CAD","5.41","1.00","Aug 25, 2032","3.94","CAD","Aug 25, 2025"
"ENBGAS","ENBRIDGE GAS INC MTN","Energy","Fixed Income","2,734,500.90","0.08","2,734,500.90","2,455,000.00","2,455,000.00","110.56","Canada","-","CAD","5.90","1.00","Oct 6, 2033","5.70","CAD","Oct 6, 2023"
"NWRWPT","NORTH WEST REDWATER PARTNERSHIP RegS","Energy","Fixed Income","2,731,709.23","0.08","2,731,709.23","2,599,000.00","2,599,000.00","102.78","Canada","-","CAD","8.26","1.00","Jun 1, 2037","4.75","CAD","Jan 29, 2016"
"CNHI","CNH INDUSTRIAL CAPITAL CANADA LTD RegS","Financial","Fixed Income","2,730,043.78","0.08","2,730,043.78","2,680,000.00","2,680,000.00","100.07","United States","-","CAD","2.77","1.00","Jun 5, 2029","3.75","CAD","Jun 5, 2025"
"ATH","ATHENE GLOBAL FUNDING MTN RegS","Financial","Fixed Income","2,717,343.40","0.08","2,717,343.40","2,750,000.00","2,750,000.00","97.92","United States","-","CAD","7.44","1.00","Sep 19, 2035","4.61","CAD","Sep 19, 2025"
"NWRWPT","NORTH WEST REDWATER PARTNERSHIP RegS","Energy","Fixed Income","2,709,106.12","0.08","2,709,106.12","2,597,000.00","2,597,000.00","102.23","Canada","-","CAD","2.58","1.00","Jun 1, 2029","4.25","CAD","Jan 29, 2016"
"WSPCN","WSP GLOBAL INC","Industrial","Fixed Income","2,707,990.92","0.08","2,707,990.92","2,645,000.00","2,645,000.00","101.50","Canada","-","CAD","3.01","1.00","Sep 12, 2029","4.12","CAD","Sep 12, 2024"
"KEYCN","KEYERA CORP RegS","Energy","Fixed Income","2,707,851.21","0.08","2,707,851.21","2,700,000.00","2,700,000.00","99.84","Canada","-","CAD","3.99","1.00","Oct 15, 2030","3.70","CAD","Sep 29, 2025"
"CVECN","CENOVUS ENERGY INC","Energy","Fixed Income","2,704,723.61","0.08","2,704,723.61","2,670,000.00","2,670,000.00","101.19","Canada","-","CAD","7.60","1.00","Nov 20, 2035","4.60","CAD","Nov 20, 2025"
"ATDBCN","ALIMENTATION COUCHE-TARD INC","Industrial","Fixed Income","2,703,707.28","0.08","2,703,707.28","2,591,000.00","2,591,000.00","102.79","Canada","-","CAD","2.46","1.00","Jan 25, 2029","4.60","CAD","Jan 25, 2024"
"GILCN","GILDAN ACTIVEWEAR INC. RegS","Industrial","Fixed Income","2,689,910.14","0.08","2,689,910.14","2,629,000.00","2,629,000.00","102.23","Canada","-","CAD","3.18","1.00","Nov 22, 2029","4.36","CAD","Nov 22, 2024"
"MRUCN","METRO INC","Industrial","Fixed Income","2,689,969.05","0.08","2,689,969.05","2,650,000.00","2,650,000.00","101.49","Canada","-","CAD","3.22","1.00","Nov 27, 2029","4.00","CAD","Nov 27, 2024"
"WSPCN","WSP GLOBAL INC RegS","Industrial","Fixed Income","2,679,913.91","0.08","2,679,913.91","2,654,000.00","2,654,000.00","99.38","Canada","-","CAD","7.59","1.00","Jan 22, 2036","4.59","CAD","Jan 22, 2026"
"ALACN","ALTAGAS LTD MTN RegS","Energy","Fixed Income","2,679,845.57","0.08","2,679,845.57","2,523,000.00","2,523,000.00","105.05","Canada","-","CAD","14.02","1.00","Mar 14, 2054","5.60","CAD","Mar 14, 2024"
"DE","JOHN DEERE FINANCIAL INC MTN","Financial","Fixed Income","2,675,148.11","0.08","2,675,148.11","2,620,000.00","2,620,000.00","100.47","United States","-","CAD","2.82","1.00","Jun 12, 2029","3.55","CAD","Jun 12, 2025"
"FTSCN","FORTIS INC","Infrastructure","Fixed Income","2,674,754.08","0.08","2,674,754.08","2,440,000.00","2,440,000.00","109.29","Canada","-","CAD","6.00","1.00","Nov 8, 2033","5.68","CAD","Nov 8, 2023"
"DOLCN","DOLLARAMA INC","Industrial","Fixed Income","2,669,332.66","0.08","2,669,332.66","2,530,000.00","2,530,000.00","104.54","Canada","-","CAD","2.10","1.00","Sep 26, 2028","5.53","CAD","Sep 26, 2023"
"OXPROP","OXFORD PROPERTIES GROUP TRUST","Real Estate","Fixed Income","2,668,143.33","0.08","2,668,143.33","2,590,000.00","2,590,000.00","101.13","Canada","-","CAD","3.18","1.00","Dec 4, 2029","3.90","CAD","Jun 4, 2025"
"SOBOCN","SOUTH BOW CANADIAN INFRASTRUCTURE","Energy","Fixed Income","2,667,204.41","0.08","2,667,204.41","2,573,000.00","2,573,000.00","102.18","Canada","-","CAD","4.88","1.00","Feb 1, 2032","4.62","CAD","Aug 28, 2024"
"GTAAIR","GREATER TORONTO AIRPORTS AUTHORITY MTN 144A","Infrastructure","Fixed Income","2,659,385.92","0.08","2,659,385.92","2,240,000.00","2,240,000.00","115.30","Canada","-","CAD","4.17","1.00","Jun 4, 2031","7.10","CAD","Jun 4, 2001"
"REIUCN","RIOCAN REAL ESTATE INVESTMENT TRUS","Real Estate","Fixed Income","2,656,045.42","0.08","2,656,045.42","2,585,000.00","2,585,000.00","102.04","Canada","-","CAD","4.65","1.00","Oct 3, 2031","4.62","CAD","Oct 3, 2024"
"ATIMLP","ATHABASCA INDIGENOUS MIDSTREAM LP","Energy","Fixed Income","2,655,593.17","0.08","2,655,593.17","2,438,617.00","2,438,617.00","108.50","Canada","-","CAD","7.02","1.00","Feb 5, 2042","6.07","CAD","Oct 5, 2022"
"TCN","TELUS CORPORATION","Communication","Fixed Income","2,649,637.71","0.08","2,649,637.71","2,614,000.00","2,614,000.00","100.48","Canada","-","CAD","1.56","1.00","Mar 1, 2028","3.63","CAD","Mar 1, 2018"
"BAMREP","BROOKFIELD RENEWABLE PARTNERS ULC MTN","Energy","Fixed Income","2,647,439.71","0.08","2,647,439.71","2,605,000.00","2,605,000.00","99.72","Canada","-","CAD","14.53","1.00","Jan 15, 2056","5.20","CAD","Jan 15, 2026"
"HNDA","HONDA CANADA FINANCE INC","Financial","Fixed Income","2,639,396.48","0.08","2,639,396.48","2,615,000.00","2,615,000.00","100.86","Canada","-","CAD","3.67","1.00","May 22, 2030","3.87","CAD","May 22, 2025"
"AIREIN","AIMCO REALTY INVESTORS LP","Real Estate","Fixed Income","2,635,150.24","0.08","2,635,150.24","2,652,000.00","2,652,000.00","98.03","Canada","-","CAD","2.82","1.00","Jun 1, 2029","2.71","CAD","Jun 14, 2019"
"GRTCN","GRANITE REIT HOLDINGS LP","Real Estate","Fixed Income","2,635,051.55","0.08","2,635,051.55","2,589,000.00","2,589,000.00","101.12","Canada","-","CAD","4.71","1.00","Oct 4, 2031","4.35","CAD","Oct 4, 2024"
"IPLCN","INTER PIPELINE LTD MTN","Energy","Fixed Income","2,630,256.93","0.08","2,630,256.93","2,558,000.00","2,558,000.00","100.75","Canada","-","CAD","0.81","1.00","Jun 1, 2027","4.23","CAD","Jun 1, 2020"
"NWRWPT","NORTH WEST REDWATER PARTNERSHIP RegS","Energy","Fixed Income","2,628,176.59","0.08","2,628,176.59","3,070,000.00","3,070,000.00","83.77","Canada","-","CAD","14.74","1.00","Jun 1, 2051","3.75","CAD","Jun 30, 2021"
"EMACN","EMERA INCORPORATED RegS","Infrastructure","Fixed Income","2,626,971.00","0.08","2,626,971.00","2,531,000.00","2,531,000.00","103.43","Canada","-","CAD","3.45","1.00","May 2, 2030","4.84","CAD","May 2, 2023"
"BNCN","BROOKFIELD FINANCE II INC MTN RegS","Industrial","Fixed Income","2,626,438.24","0.08","2,626,438.24","2,570,000.00","2,570,000.00","101.70","Canada","-","CAD","7.77","1.00","Apr 21, 2036","4.80","CAD","Apr 21, 2026"
"TOYOTA","TOYOTA CREDIT CANADA INC MTN","Financial","Fixed Income","2,622,900.89","0.08","2,622,900.89","2,532,000.00","2,532,000.00","102.72","Canada","-","CAD","2.61","1.00","Mar 19, 2029","4.46","CAD","Mar 19, 2024"
"ETRHWY","407 INTERNATIONAL INC MTN","Infrastructure","Fixed Income","2,622,841.51","0.08","2,622,841.51","3,581,000.00","3,581,000.00","72.60","Canada","-","CAD","15.55","1.00","Mar 7, 2050","2.84","CAD","Mar 6, 2020"
"WSPCN","WSP GLOBAL INC RegS","Industrial","Fixed Income","2,621,236.64","0.08","2,621,236.64","2,455,000.00","2,455,000.00","106.66","Canada","-","CAD","3.87","1.00","Nov 22, 2030","5.55","CAD","Nov 22, 2023"
"GTAAIR","GREATER TORONTO AIRPORTS AUTHORITY MTN","Infrastructure","Fixed Income","2,619,656.74","0.08","2,619,656.74","2,256,000.00","2,256,000.00","112.87","Canada","-","CAD","3.46","1.00","Jun 12, 2030","7.05","CAD","Jun 12, 2000"
"BPCGEN","BPC GENERATION INFRASTRUCTURE TRUS RegS","Energy","Fixed Income","2,605,765.70","0.08","2,605,765.70","2,580,000.00","2,580,000.00","100.23","Canada","-","CAD","7.47","1.00","Sep 29, 2035","4.61","CAD","Sep 29, 2025"
"EQIX","EQUINIX CANADA FINANCING LTD","Real Estate","Fixed Income","2,604,142.17","0.08","2,604,142.17","2,564,000.00","2,564,000.00","101.28","United States","-","CAD","7.21","1.00","May 15, 2035","4.75","CAD","May 7, 2026"
"LCN","LOBLAW COMPANIES LTD","Industrial","Fixed Income","2,601,857.74","0.08","2,601,857.74","2,553,000.00","2,553,000.00","100.27","Canada","-","CAD","3.24","1.00","Dec 12, 2029","3.56","CAD","Dec 12, 2024"
"F","FORD CREDIT CANADA CO RegS","Financial","Fixed Income","2,594,554.56","0.08","2,594,554.56","2,540,000.00","2,540,000.00","101.17","United States","-","CAD","1.24","1.00","Sep 13, 2027","4.61","CAD","Sep 12, 2024"
"ENBCN","ENBRIDGE INC MTN","Energy","Fixed Income","2,594,175.97","0.08","2,594,175.97","2,400,000.00","2,400,000.00","108.04","Canada","-","CAD","13.94","1.00","May 26, 2053","5.76","CAD","May 26, 2023"
"TCN","TELUS CORPORATION","Communication","Fixed Income","2,593,205.01","0.08","2,593,205.01","2,335,000.00","2,335,000.00","109.72","Canada","-","CAD","13.70","1.00","Sep 8, 2053","5.95","CAD","Sep 8, 2023"
"ONCRTX","ONCOR ELECTRIC DELIVERY COMPANY LL RegS","Infrastructure","Fixed Income","2,590,907.64","0.08","2,590,907.64","2,585,000.00","2,585,000.00","99.56","United States","-","CAD","7.59","1.00","Oct 1, 2035","4.20","CAD","Sep 26, 2025"
"MMSPT","MINI MALL STORAGE PROPERTIES TRUST RegS","Real Estate","Fixed Income","2,590,065.73","0.08","2,590,065.73","2,545,000.00","2,545,000.00","99.44","Canada","-","CAD","3.95","1.00","Dec 1, 2030","4.75","CAD","Dec 1, 2025"
"TAP","MOLSON COORS INTERNATIONAL LP","Industrial","Fixed Income","2,589,476.32","0.08","2,589,476.32","2,560,000.00","2,560,000.00","101.13","United States","-","CAD","6.06","1.00","Jul 8, 2033","4.30","CAD","May 27, 2026"
"REIUCN","RIOCAN REAL ESTATE INVESTMENT TRUS","Real Estate","Fixed Income","2,581,600.88","0.08","2,581,600.88","2,423,000.00","2,423,000.00","105.21","Canada","-","CAD","3.24","1.00","Mar 1, 2030","5.47","CAD","Feb 12, 2024"
"CTCACN","CANADIAN TIRE CORPORATION LTD MTN","Industrial","Fixed Income","2,565,758.99","0.08","2,565,758.99","2,395,000.00","2,395,000.00","106.04","Canada","-","CAD","3.70","1.00","Sep 16, 2030","5.37","CAD","Sep 14, 2023"
"BPCGEN","BPC GENERATION INFRASTRUCTURE TRUS RegS","Energy","Fixed Income","2,565,086.31","0.08","2,565,086.31","2,550,000.00","2,550,000.00","99.90","Canada","-","CAD","5.48","1.00","Sep 29, 2032","4.16","CAD","Sep 29, 2025"
"GM","GENERAL MOTORS FINANCIAL OF CANADA","Financial","Fixed Income","2,564,013.94","0.08","2,564,013.94","2,454,000.00","2,454,000.00","102.93","United States","-","CAD","1.53","1.00","Feb 9, 2028","5.20","CAD","Feb 9, 2023"
"TOYOTA","TOYOTA CREDIT CANADA INC MTN","Financial","Fixed Income","2,558,705.06","0.08","2,558,705.06","2,530,000.00","2,530,000.00","100.60","Canada","-","CAD","1.31","1.00","Oct 4, 2027","3.55","CAD","Oct 2, 2024"
"MFCCN","MANULIFE FINANCIAL CORP","Financial","Fixed Income","2,554,465.38","0.08","2,554,465.38","2,535,000.00","2,535,000.00","100.70","Canada","-","CAD","3.61","1.00","May 23, 2035","3.98","CAD","May 23, 2025"
"EPCOR","EPCOR UTILITIES INC","Infrastructure","Fixed Income","2,547,609.24","0.08","2,547,609.24","2,423,000.00","2,423,000.00","102.68","Canada","-","CAD","14.62","1.00","May 31, 2054","4.99","CAD","May 31, 2024"
"CPXCN","CAPITAL POWER CORP MTN RegS","Energy","Fixed Income","2,545,880.66","0.08","2,545,880.66","2,280,000.00","2,280,000.00","109.63","Canada","-","CAD","6.00","1.00","Jan 25, 2034","5.97","CAD","Dec 15, 2023"
"HOSNOH","HOSPITAL INFRASTRUCTURE PARTNERS I","Infrastructure","Fixed Income","2,545,608.51","0.08","2,545,608.51","2,346,465.00","2,346,465.00","106.73","Canada","-","CAD","7.85","1.00","Jan 31, 2045","5.44","CAD","Jul 29, 2011"
"VANAFF","VANCOUVER AIRPORT FUEL FACILITIES","Infrastructure","Fixed Income","2,540,492.50","0.08","2,540,492.50","2,475,000.00","2,475,000.00","100.81","Canada","-","CAD","3.61","1.00","Jun 4, 2030","3.81","CAD","Jun 4, 2025"
"HYDONE","HYDRO ONE INC RegS","Infrastructure","Fixed Income","2,538,552.12","0.08","2,538,552.12","2,635,000.00","2,635,000.00","94.85","Canada","-","CAD","14.77","1.00","Jan 27, 2053","4.46","CAD","Jan 27, 2023"
"NWRWPT","NORTH WEST REDWATER PARTNERSHIP","Energy","Fixed Income","2,537,713.87","0.08","2,537,713.87","2,551,000.00","2,551,000.00","97.82","Canada","-","CAD","9.38","1.00","Jan 10, 2039","4.35","CAD","Jun 10, 2016"
"APUCN","ALLIED PROPERTIES REAL ESTATE INVE RegS","Real Estate","Fixed Income","2,535,002.79","0.08","2,535,002.79","2,530,000.00","2,530,000.00","99.37","Canada","-","CAD","4.65","1.00","Sep 25, 2031","4.67","CAD","Sep 25, 2025"
"BCECN","BELL CANADA INC MTN","Communication","Fixed Income","2,534,259.52","0.08","2,534,259.52","2,556,000.00","2,556,000.00","98.51","Canada","-","CAD","3.08","1.00","Sep 10, 2029","2.90","CAD","Sep 10, 2019"
"BCIMCR","BCI QUADREAL REALTY","Real Estate","Fixed Income","2,531,894.61","0.08","2,531,894.61","2,510,000.00","2,510,000.00","100.19","Canada","-","CAD","1.72","1.00","Mar 14, 2028","3.28","CAD","Mar 14, 2025"
"ETRHWY","407 INTERNATIONAL INC MTN","Infrastructure","Fixed Income","2,527,622.66","0.08","2,527,622.66","2,470,000.00","2,470,000.00","100.76","Canada","-","CAD","14.62","1.00","Jul 31, 2053","4.86","CAD","Jul 31, 2023"
"MBGGR","MERCEDES-BENZ FINANCE CANADA INC","Financial","Fixed Income","2,526,363.51","0.08","2,526,363.51","2,440,000.00","2,440,000.00","101.76","Germany","-","CAD","1.07","1.00","Jul 9, 2027","4.64","CAD","Jul 9, 2024"
"WSPCN","WSP GLOBAL INC","Industrial","Fixed Income","2,522,226.43","0.08","2,522,226.43","2,556,000.00","2,556,000.00","98.41","Canada","-","CAD","1.83","1.00","Apr 19, 2028","2.41","CAD","Apr 19, 2021"
"WCPCN","VEREN INC RegS","Energy","Fixed Income","2,520,903.12","0.08","2,520,903.12","2,378,000.00","2,378,000.00","103.85","Canada","-","CAD","2.72","1.00","Jun 21, 2029","4.97","CAD","Jun 21, 2024"
"NORCOU","NORTHERN COURIER PIPELINE LP RegS","Energy","Fixed Income","2,518,042.57","0.08","2,518,042.57","2,619,960.00","2,619,960.00","94.74","Canada","-","CAD","5.72","1.00","Jun 30, 2042","3.37","CAD","Jul 17, 2019"
"CNQCN","CANADIAN NATURAL RESOURCES LTD MTN RegS","Energy","Fixed Income","2,516,703.85","0.08","2,516,703.85","2,485,000.00","2,485,000.00","100.15","Canada","-","CAD","4.24","1.00","Feb 8, 2031","3.75","CAD","Dec 8, 2025"
"GTAAIR","GREATER TORONTO AIRPORTS AUTHORITY","Infrastructure","Fixed Income","2,516,154.35","0.08","2,516,154.35","2,581,000.00","2,581,000.00","97.38","Canada","-","CAD","1.88","1.00","May 3, 2028","1.54","CAD","Nov 3, 2020"
"EMPACN","SOBEYS INC RegS","Industrial","Fixed Income","2,512,487.57","0.08","2,512,487.57","2,525,000.00","2,525,000.00","99.26","Canada","-","CAD","2.31","1.00","Oct 30, 2028","3.10","CAD","Oct 30, 2025"
"CRBG","COREBRIDGE GLOBAL FUNDING RegS","Financial","Fixed Income","2,511,988.18","0.08","2,511,988.18","2,480,000.00","2,480,000.00","99.88","United States","-","CAD","4.16","1.00","Jan 15, 2031","3.84","CAD","Jan 15, 2026"
"CIXCN","CI FINANCIAL CORP","Financial","Fixed Income","2,511,593.51","0.08","2,511,593.51","2,465,000.00","2,465,000.00","101.16","Canada","-","CAD","1.76","1.00","Apr 3, 2028","4.75","CAD","Apr 1, 2025"
"HNDA","HONDA CANADA FINANCE INC","Financial","Fixed Income","2,509,525.58","0.08","2,509,525.58","2,363,000.00","2,363,000.00","103.84","Canada","-","CAD","2.74","1.00","Jun 4, 2029","4.90","CAD","Jun 4, 2024"
"CP","CANADIAN PACIFIC RAILWAY COMPANY","Industrial","Fixed Income","2,507,309.91","0.08","2,507,309.91","2,440,000.00","2,440,000.00","100.93","Canada","-","CAD","5.22","1.00","Jun 13, 2032","4.00","CAD","Jun 13, 2025"
"ONTPOW","ONTARIO POWER GENERATION INC MTN","Energy","Fixed Income","2,502,664.30","0.08","2,502,664.30","2,482,000.00","2,482,000.00","100.33","Canada","-","CAD","1.22","1.00","Oct 4, 2027","3.31","CAD","Oct 2, 2017"
"KEYCN","KEYERA CORP","Energy","Fixed Income","2,502,627.29","0.08","2,502,627.29","2,438,000.00","2,438,000.00","100.94","Canada","-","CAD","1.79","1.00","Jun 21, 2028","3.93","CAD","Jun 19, 2018"
"TRPCN","TRANSCANADA PIPELINES LTD MTN","Energy","Fixed Income","2,498,141.07","0.08","2,498,141.07","2,537,000.00","2,537,000.00","97.08","Canada","-","CAD","4.56","1.00","Jun 9, 2031","2.97","CAD","Jun 9, 2021"
"BIP","BROOKFIELD INFRASTRUCTURE FINANCE MTN RegS","Infrastructure","Fixed Income","2,497,296.98","0.08","2,497,296.98","2,289,000.00","2,289,000.00","107.19","Canada","-","CAD","3.53","1.00","Jul 27, 2030","5.71","CAD","Jul 27, 2023"
"HYOHI","HYDRO OTTAWA CAPITAL CORP","Infrastructure","Fixed Income","2,491,125.09","0.08","2,491,125.09","2,424,000.00","2,424,000.00","101.34","Canada","-","CAD","7.04","1.00","Jan 30, 2035","4.37","CAD","Jan 30, 2025"
"SOBOCN","SOUTH BOW CANADIAN INFRASTRUCTURE RegS","Energy","Fixed Income","2,491,111.73","0.08","2,491,111.73","2,393,000.00","2,393,000.00","102.52","Canada","-","CAD","6.90","1.00","Feb 1, 2035","4.93","CAD","Aug 28, 2024"
"GEICN","GIBSON ENERGY INC MTN","Energy","Fixed Income","2,489,309.51","0.08","2,489,309.51","2,474,000.00","2,474,000.00","99.90","Canada","-","CAD","3.04","1.00","Sep 17, 2029","3.60","CAD","Sep 17, 2019"
"RCICN","ROGERS COMMUNICATIONS INC. MTN","Communication","Fixed Income","2,485,740.11","0.08","2,485,740.11","2,123,000.00","2,123,000.00","115.86","Canada","-","CAD","9.60","1.00","Mar 22, 2041","6.56","CAD","Mar 21, 2011"
"EIFCN","EXCHANGE INCOME CORP RegS","Industrial","Fixed Income","2,483,827.40","0.08","2,483,827.40","2,460,000.00","2,460,000.00","100.06","Canada","-","CAD","4.25","1.00","Mar 13, 2031","4.32","CAD","Mar 13, 2026"
"IAGCN","IA FINANCIAL CORPORATION INC","Financial","Fixed Income","2,481,566.41","0.08","2,481,566.41","2,460,000.00","2,460,000.00","100.84","Canada","-","CAD","4.43","1.00","May 26, 2036","4.16","CAD","May 26, 2026"
"ALTALK","ALTALINK LP MTN","Infrastructure","Fixed Income","2,480,964.02","0.08","2,480,964.02","2,632,000.00","2,632,000.00","92.62","Canada","-","CAD","11.36","1.00","Jun 30, 2042","3.99","CAD","Jun 29, 2012"
"AERMON","MONTREAL AIRPORTS","Infrastructure","Fixed Income","2,467,125.64","0.07","2,467,125.64","3,001,000.00","3,001,000.00","81.90","Canada","-","CAD","15.42","1.00","Apr 26, 2051","3.44","CAD","Apr 26, 2021"
"SAPCN","SAPUTO INC MTN RegS","Industrial","Fixed Income","2,467,244.45","0.07","2,467,244.45","2,410,000.00","2,410,000.00","100.81","Canada","-","CAD","3.68","1.00","Jul 2, 2030","3.88","CAD","Jul 2, 2025"
"ENBCN","ENBRIDGE INC MTN","Energy","Fixed Income","2,466,326.02","0.07","2,466,326.02","2,670,000.00","2,670,000.00","91.31","Canada","-","CAD","11.26","1.00","Aug 27, 2042","4.24","CAD","Aug 27, 2012"
"HYNMTR","HYUNDAI CAPITAL CANADA INC","Financial","Fixed Income","2,464,195.22","0.07","2,464,195.22","2,347,000.00","2,347,000.00","103.74","Canada","-","CAD","1.60","1.00","Mar 8, 2028","5.57","CAD","Mar 8, 2023"
"BCECN","BELL CANADA INC","Communication","Fixed Income","2,457,323.10","0.07","2,457,323.10","2,503,000.00","2,503,000.00","98.18","Canada","-","CAD","1.94","1.00","May 29, 2028","2.20","CAD","May 28, 2021"
"FTSCN","FORTIS INC","Infrastructure","Fixed Income","2,453,837.24","0.07","2,453,837.24","2,497,000.00","2,497,000.00","98.19","Canada","-","CAD","1.90","1.00","May 15, 2028","2.18","CAD","May 14, 2021"
"ENBGAS","ENBRIDGE GAS INC MTN","Energy","Fixed Income","2,452,474.52","0.07","2,452,474.52","2,564,000.00","2,564,000.00","93.60","Canada","-","CAD","11.98","1.00","Jun 2, 2044","4.20","CAD","Jun 2, 2014"
"ALACN","ALTAGAS LTD MTN RegS","Energy","Fixed Income","2,448,855.41","0.07","2,448,855.41","2,453,000.00","2,453,000.00","99.67","Canada","-","CAD","1.41","1.00","Nov 10, 2027","3.02","CAD","Nov 10, 2025"
"GRTCN","GRANITE REIT HOLDINGS LP","Real Estate","Fixed Income","2,448,191.11","0.07","2,448,191.11","2,500,000.00","2,500,000.00","97.39","Canada","-","CAD","2.17","1.00","Aug 30, 2028","2.19","CAD","Aug 30, 2021"
"CRSLNX","CROSSLINX TRANSIT SOLUTIONS GENERA RegS","Infrastructure","Fixed Income","2,444,032.52","0.07","2,444,032.52","2,549,231.00","2,549,231.00","95.12","Canada","-","CAD","8.16","1.00","Sep 30, 2046","4.65","CAD","Jul 24, 2015"
"SOBOCN","SOUTH BOW CANADIAN INFRASTRUCTURE","Energy","Fixed Income","2,443,290.13","0.07","2,443,290.13","2,369,000.00","2,369,000.00","101.75","Canada","-","CAD","3.32","1.00","Feb 1, 2030","4.32","CAD","Aug 28, 2024"
"CUCN","CU INC","Energy","Fixed Income","2,439,532.50","0.07","2,439,532.50","2,450,000.00","2,450,000.00","99.14","Canada","-","CAD","10.91","1.00","Oct 24, 2041","4.54","CAD","Oct 24, 2011"
"KEYCN","KEYERA CORP RegS","Energy","Fixed Income","2,434,548.54","0.07","2,434,548.54","2,405,000.00","2,405,000.00","100.68","Canada","-","CAD","7.51","1.00","Oct 15, 2035","4.57","CAD","Sep 29, 2025"
"NACN","NATIONAL BANK OF CANADA MTN","Financial","Fixed Income","2,431,358.37","0.07","2,431,358.37","2,300,000.00","2,300,000.00","104.22","Canada","-","CAD","2.50","1.00","Feb 15, 2034","5.28","CAD","Feb 5, 2024"
"ONTPOW","ONTARIO POWER GENERATION INC","Energy","Fixed Income","2,430,702.91","0.07","2,430,702.91","2,778,000.00","2,778,000.00","85.84","Canada","-","CAD","13.75","1.00","Jun 22, 2048","3.84","CAD","Jun 22, 2018"
"TCN","TELUS CORPORATION","Communication","Fixed Income","2,427,788.01","0.07","2,427,788.01","2,443,000.00","2,443,000.00","98.59","Canada","-","CAD","1.61","1.00","Jan 27, 2028","2.35","CAD","May 29, 2020"
"AIREIN","AIMCO REALTY INVESTORS LP","Real Estate","Fixed Income","2,427,130.88","0.07","2,427,130.88","2,310,000.00","2,310,000.00","103.76","Canada","-","CAD","3.32","1.00","Feb 15, 2030","4.64","CAD","May 23, 2024"
"SLFCN","SUN LIFE FINANCIAL INC","Financial","Fixed Income","2,424,031.05","0.07","2,424,031.05","2,496,000.00","2,496,000.00","97.02","Canada","-","CAD","4.93","1.00","Nov 18, 2036","3.15","CAD","Nov 18, 2021"
"HYNMTR","HYUNDAI CAPITAL CANADA INC RegS","Financial","Fixed Income","2,419,655.95","0.07","2,419,655.95","2,405,000.00","2,405,000.00","100.54","Canada","-","CAD","1.44","1.00","Nov 22, 2027","3.58","CAD","May 22, 2025"
"ETRHWY","407 INTERNATIONAL INC MTN","Infrastructure","Fixed Income","2,419,304.01","0.07","2,419,304.01","2,810,000.00","2,810,000.00","85.91","Canada","-","CAD","14.12","1.00","May 11, 2048","3.72","CAD","May 9, 2018"
"HNDA","HONDA CANADA FINANCE INC","Financial","Fixed Income","2,414,301.30","0.07","2,414,301.30","2,416,000.00","2,416,000.00","99.28","Canada","-","CAD","3.96","1.00","Sep 23, 2030","3.54","CAD","Sep 23, 2025"
"MRUCN","METRO INC MTN","Industrial","Fixed Income","2,410,876.36","0.07","2,410,876.36","2,365,000.00","2,365,000.00","100.32","Canada","-","CAD","1.37","1.00","Dec 6, 2027","3.39","CAD","Dec 4, 2017"
"GIBACN","CGI INC","Industrial","Fixed Income","2,408,467.95","0.07","2,408,467.95","2,354,000.00","2,354,000.00","101.35","Canada","-","CAD","2.99","1.00","Sep 5, 2029","4.15","CAD","Sep 5, 2024"
"XCN","TMX GROUP LTD RegS","Financial","Fixed Income","2,397,493.30","0.07","2,397,493.30","2,235,000.00","2,235,000.00","105.88","Canada","-","CAD","6.26","1.00","Feb 16, 2034","4.97","CAD","Feb 16, 2024"
"GM","GENERAL MOTORS FINANCIAL OF CANADA RegS","Financial","Fixed Income","2,392,607.12","0.07","2,392,607.12","2,382,000.00","2,382,000.00","99.44","United States","-","CAD","4.26","1.00","Feb 20, 2031","3.75","CAD","Feb 20, 2026"
"GLCRTR_25-1","GLCRTR_25-1 RegS","Securitized","Fixed Income","2,388,630.72","0.07","2,388,630.72","2,350,000.00","2,350,000.00","100.89","Canada","-","CAD","3.92","1.00","Sep 20, 2033","3.91","CAD","Aug 27, 2025"
"SMA","SMARTSTOP OP LP RegS","Real Estate","Fixed Income","2,388,512.89","0.07","2,388,512.89","2,330,000.00","2,330,000.00","100.76","United States","-","CAD","1.93","1.00","Jun 16, 2028","3.91","CAD","Jun 16, 2025"
"ARXCN","ARC RESOURCES LTD RegS","Energy","Fixed Income","2,385,610.32","0.07","2,385,610.32","2,260,000.00","2,260,000.00","103.59","Canada","-","CAD","5.21","1.00","Jun 17, 2032","4.41","CAD","Jun 17, 2025"
"RLNCE","RELIANCE LP","Industrial","Fixed Income","2,384,530.13","0.07","2,384,530.13","2,373,000.00","2,373,000.00","99.17","Canada","-","CAD","1.45","1.00","Dec 1, 2027","2.68","CAD","Aug 20, 2020"
"ETRHWY","407 INTERNATIONAL INC MTN","Infrastructure","Fixed Income","2,383,701.28","0.07","2,383,701.28","2,280,000.00","2,280,000.00","103.83","Canada","-","CAD","15.26","1.00","Apr 7, 2056","5.06","CAD","Apr 7, 2026"
"BCECN","BELL TELEPHONE COMPANY OF CANADA O MTN RegS","Communication","Fixed Income","2,376,481.41","0.07","2,376,481.41","2,363,000.00","2,363,000.00","100.57","Canada","-","CAD","8.20","1.00","Nov 15, 2036","4.70","CAD","Jun 3, 2026"
"CPXCN","CAPITAL POWER CORP","Energy","Fixed Income","2,369,028.83","0.07","2,369,028.83","2,233,000.00","2,233,000.00","104.90","Canada","-","CAD","2.06","1.00","Sep 15, 2028","5.82","CAD","Sep 15, 2023"
"ETRHWY","407 INTERNATIONAL INC MTN","Infrastructure","Fixed Income","2,368,248.81","0.07","2,368,248.81","2,457,000.00","2,457,000.00","95.77","Canada","-","CAD","15.28","1.00","Oct 9, 2054","4.54","CAD","Oct 9, 2024"
"ENBCN","ENBRIDGE INC MTN","Energy","Fixed Income","2,366,023.91","0.07","2,366,023.91","2,205,000.00","2,205,000.00","107.26","Canada","-","CAD","5.73","1.00","May 26, 2033","5.36","CAD","May 26, 2023"
"ETRHWY","407 INTERNATIONAL INC MTN","Infrastructure","Fixed Income","2,364,435.98","0.07","2,364,435.98","2,474,000.00","2,474,000.00","95.18","Canada","-","CAD","11.30","1.00","Apr 25, 2042","4.19","CAD","Apr 25, 2012"
"NVLAUT","NOUVELLE AUTOROUTE 30 FINANCEMENT","Infrastructure","Fixed Income","2,362,616.62","0.07","2,362,616.62","2,476,704.00","2,476,704.00","93.71","Canada","-","CAD","8.84","1.00","Jun 30, 2042","4.12","CAD","Jun 14, 2018"
"ETRHWY","407 INTERNATIONAL INC MTN","Infrastructure","Fixed Income","2,362,248.92","0.07","2,362,248.92","2,030,000.00","2,030,000.00","113.48","Canada","-","CAD","7.22","1.00","Dec 3, 2035","5.96","CAD","Dec 3, 2004"
"LCN","LOBLAW COMPANIES LTD","Industrial","Fixed Income","2,360,816.90","0.07","2,360,816.90","2,205,000.00","2,205,000.00","106.01","Canada","-","CAD","5.24","1.00","Sep 13, 2032","5.01","CAD","Sep 13, 2022"
"ENBCN","ENBRIDGE INC MTN","Energy","Fixed Income","2,358,874.89","0.07","2,358,874.89","2,329,000.00","2,329,000.00","100.38","Canada","-","CAD","1.67","1.00","Feb 25, 2028","3.55","CAD","Feb 25, 2025"
"MFCCN","MANULIFE BANK OF CANADA","Financial","Fixed Income","2,356,246.74","0.07","2,356,246.74","2,266,000.00","2,266,000.00","102.96","Canada","-","CAD","2.58","1.00","Mar 8, 2029","4.55","CAD","Mar 8, 2024"
"AIREIN","AIMCO REALTY INVESTORS LP","Real Estate","Fixed Income","2,354,472.79","0.07","2,354,472.79","2,228,000.00","2,228,000.00","105.59","Canada","-","CAD","6.52","1.00","May 23, 2034","4.97","CAD","May 23, 2024"
"ENBPIP","ENBRIDGE PIPELINES INC MTN","Energy","Fixed Income","2,354,610.71","0.07","2,354,610.71","2,506,000.00","2,506,000.00","93.20","Canada","-","CAD","12.33","1.00","Sep 29, 2045","4.55","CAD","Sep 29, 2015"
"HYDONE","HYDRO ONE INC MTN","Infrastructure","Fixed Income","2,343,790.33","0.07","2,343,790.33","2,351,000.00","2,351,000.00","99.06","Canada","-","CAD","11.68","1.00","Oct 9, 2043","4.59","CAD","Oct 9, 2013"
"IFCCN","INTACT FINANCIAL CORP MTN","Financial","Fixed Income","2,342,144.31","0.07","2,342,144.31","2,268,000.00","2,268,000.00","103.10","Canada","-","CAD","2.76","1.00","May 16, 2034","4.65","CAD","May 16, 2024"
"HYDONE","HYDRO ONE INC MTN","Infrastructure","Fixed Income","2,338,537.18","0.07","2,338,537.18","2,340,000.00","2,340,000.00","99.83","Canada","-","CAD","15.67","1.00","Nov 21, 2056","4.80","CAD","Nov 21, 2025"
"TOYOTA","TOYOTA CREDIT CANADA INC MTN","Financial","Fixed Income","2,337,126.78","0.07","2,337,126.78","2,230,000.00","2,230,000.00","102.94","Canada","-","CAD","2.82","1.00","Jun 27, 2029","4.44","CAD","Jun 27, 2024"
"GTAAIR","GREATER TORONTO AIRPORTS AUTHORITY 144A","Infrastructure","Fixed Income","2,335,164.08","0.07","2,335,164.08","2,038,000.00","2,038,000.00","111.91","Canada","-","CAD","9.67","1.00","Jun 7, 2040","5.63","CAD","Jun 7, 2010"
"GBLATL","GA GLOBAL FUNDING TRUST RegS","Financial","Fixed Income","2,333,067.52","0.07","2,333,067.52","2,277,000.00","2,277,000.00","100.77","United States","-","CAD","5.92","1.00","Jul 22, 2033","4.86","CAD","Jul 22, 2025"
"WCPCN","VEREN INC RegS","Energy","Fixed Income","2,331,063.14","0.07","2,331,063.14","2,122,000.00","2,122,000.00","107.45","Canada","-","CAD","6.32","1.00","Jun 21, 2034","5.50","CAD","Jun 21, 2024"
"ETRHWY","407 INTERNATIONAL INC MTN","Infrastructure","Fixed Income","2,330,613.66","0.07","2,330,613.66","2,723,000.00","2,723,000.00","84.77","Canada","-","CAD","14.34","1.00","Mar 8, 2049","3.67","CAD","Mar 6, 2019"
"BNCN","BROOKFIELD ASSET MANAGEMENT INC.","Industrial","Fixed Income","2,329,531.61","0.07","2,329,531.61","2,053,000.00","2,053,000.00","110.76","Canada","-","CAD","6.93","1.00","Jun 14, 2035","5.95","CAD","Jun 14, 2005"
"STNLCN","STONLASEC8 INDIGENOUS INVESTMENTS","Energy","Fixed Income","2,329,631.81","0.07","2,329,631.81","2,244,338.00","2,244,338.00","101.78","Canada","-","CAD","9.09","1.00","Jul 6, 2055","5.17","CAD","Jul 2, 2025"
"CCDJ","FEDERATION DES CAISSES DESJARDINS","Financial","Fixed Income","2,327,186.18","0.07","2,327,186.18","2,270,000.00","2,270,000.00","101.47","Canada","-","CAD","5.43","1.00","Aug 25, 2032","4.12","CAD","Aug 25, 2025"
"F","FORD CREDIT CANADA CO RegS","Financial","Fixed Income","2,326,510.27","0.07","2,326,510.27","2,255,000.00","2,255,000.00","101.29","United States","-","CAD","4.03","1.00","Jan 9, 2031","4.92","CAD","Jan 9, 2026"
"OMERS","OMERS REALTY CORP RegS","Real Estate","Fixed Income","2,321,701.74","0.07","2,321,701.74","2,237,000.00","2,237,000.00","103.16","Canada","-","CAD","2.53","1.00","Apr 9, 2029","4.54","CAD","Mar 9, 2023"
"TCN","TELUS CORPORATION","Communication","Fixed Income","2,321,724.25","0.07","2,321,724.25","2,451,000.00","2,451,000.00","94.43","Canada","-","CAD","4.11","1.00","Oct 7, 2030","2.05","CAD","Oct 5, 2020"
"DIRUCN","DREAM INDUSTRIAL REAL ESTATE INVES","Real Estate","Fixed Income","2,319,810.77","0.07","2,319,810.77","2,225,000.00","2,225,000.00","103.26","Canada","-","CAD","1.64","1.00","Mar 22, 2028","5.38","CAD","Mar 22, 2023"
"BAMREP","BROOKFIELD RENEWABLE PARTNERS ULC MTN","Energy","Fixed Income","2,319,403.01","0.07","2,319,403.01","2,308,000.00","2,308,000.00","99.25","Canada","-","CAD","3.33","1.00","Jan 15, 2030","3.38","CAD","Sep 13, 2019"
"GRTCN","GRANITE REIT HOLDINGS LP","Real Estate","Fixed Income","2,315,451.80","0.07","2,315,451.80","2,160,000.00","2,160,000.00","106.41","Canada","-","CAD","2.56","1.00","Apr 12, 2029","6.07","CAD","Oct 12, 2023"
"ONTPOW","ONTARIO POWER GENERATION INC MTN","Energy","Fixed Income","2,312,910.71","0.07","2,312,910.71","2,308,000.00","2,308,000.00","99.19","Canada","-","CAD","14.99","1.00","Mar 13, 2055","4.87","CAD","Mar 13, 2025"
"GRTCN","GRANITE REIT HOLDINGS LP","Real Estate","Fixed Income","2,312,940.64","0.07","2,312,940.64","2,281,000.00","2,281,000.00","99.92","Canada","-","CAD","0.96","1.00","Jun 4, 2027","3.06","CAD","Jun 4, 2020"
"HYDONE","HYDRO ONE INC. MTN","Infrastructure","Fixed Income","2,312,462.44","0.07","2,312,462.44","1,979,000.00","1,979,000.00","114.80","Canada","-","CAD","6.09","1.00","Jan 31, 2034","6.35","CAD","Jan 31, 2003"
"CNQCN","CANADIAN NATURAL RESOURCES LTD RegS","Energy","Fixed Income","2,311,405.54","0.07","2,311,405.54","2,235,000.00","2,235,000.00","101.54","Canada","-","CAD","4.81","1.00","Dec 15, 2031","4.15","CAD","Dec 6, 2024"
"NSIUCN","NOVA SCOTIA POWER INC MTN RegS","Infrastructure","Fixed Income","2,309,213.65","0.07","2,309,213.65","2,390,000.00","2,390,000.00","95.03","Canada","-","CAD","11.43","1.00","Jul 20, 2043","4.50","CAD","Jul 19, 2013"
"TRPCN","TRANSCANADA PIPELINES LTD MTN RegS","Energy","Fixed Income","2,303,270.60","0.07","2,303,270.60","2,596,000.00","2,596,000.00","87.05","Canada","-","CAD","13.35","1.00","Jul 3, 2048","4.18","CAD","Jul 3, 2018"
"MMSPT","MINI MALL STORAGE PROPERTIES TRUST RegS","Real Estate","Fixed Income","2,302,507.48","0.07","2,302,507.48","2,265,000.00","2,265,000.00","99.56","Canada","-","CAD","2.32","1.00","Dec 1, 2028","4.28","CAD","Dec 1, 2025"
"ETRHWY","407 INTERNATIONAL INC. MTN","Infrastructure","Fixed Income","2,300,035.46","0.07","2,300,035.46","2,596,000.00","2,596,000.00","88.41","Canada","-","CAD","13.28","1.00","May 11, 2046","3.83","CAD","May 11, 2015"
"NVLAUT","NOUVELLE AUTOROUTE 30 FINANCEMENT","Infrastructure","Fixed Income","2,296,902.34","0.07","2,296,902.34","2,313,438.00","2,313,438.00","98.68","Canada","-","CAD","3.60","1.00","Mar 31, 2033","3.75","CAD","Jun 14, 2018"
"TCN","TELUS CORPORATION","Communication","Fixed Income","2,296,119.29","0.07","2,296,119.29","2,123,000.00","2,123,000.00","106.91","Canada","-","CAD","3.66","1.00","Sep 9, 2030","5.60","CAD","Sep 8, 2023"
"EXECN","EXTENDICARE INC RegS","Industrial","Fixed Income","2,295,948.94","0.07","2,295,948.94","2,263,000.00","2,263,000.00","100.92","Canada","-","CAD","4.33","1.00","Apr 14, 2031","4.34","CAD","Apr 14, 2026"
"AIREIN","AIMCO REALTY INVESTORS LP","Real Estate","Fixed Income","2,296,032.03","0.07","2,296,032.03","2,270,000.00","2,270,000.00","99.65","Canada","-","CAD","1.88","1.00","Jun 1, 2028","3.04","CAD","Nov 23, 2017"
"EDF","ELECTRICITE DE FRANCE SA RegS","Infrastructure","Fixed Income","2,295,200.02","0.07","2,295,200.02","2,260,000.00","2,260,000.00","100.15","France","-","CAD","7.01","1.00","Feb 6, 2035","4.57","CAD","Feb 6, 2025"
"SGTPHW","SGTP HIGHWAY BYPASS LIMITED PARTNE RegS","Infrastructure","Fixed Income","2,293,367.68","0.07","2,293,367.68","2,355,048.00","2,355,048.00","96.05","Canada","-","CAD","7.80","1.00","Jan 31, 2045","4.11","CAD","Aug 4, 2015"
"IFCCN","INTACT FINANCIAL CORP RegS","Financial","Fixed Income","2,291,491.08","0.07","2,291,491.08","2,263,000.00","2,263,000.00","99.91","Canada","-","CAD","0.97","1.00","Jun 7, 2027","2.85","CAD","Jun 7, 2017"
"ETRHWY","407 INTERNATIONAL INC MTN RegS","Infrastructure","Fixed Income","2,291,349.18","0.07","2,291,349.18","2,285,000.00","2,285,000.00","99.65","Canada","-","CAD","7.62","1.00","Oct 3, 2035","4.11","CAD","Oct 3, 2025"
"HUSMID","HUSKY MIDSTREAM LP","Energy","Fixed Income","2,289,120.14","0.07","2,289,120.14","2,210,000.00","2,210,000.00","101.58","Canada","-","CAD","3.17","1.00","Dec 2, 2029","4.10","CAD","Dec 2, 2024"
"DUBCA","FAIRSTONE BANK OF CANADA","Financial","Fixed Income","2,289,149.55","0.07","2,289,149.55","2,289,000.00","2,289,000.00","99.06","Canada","-","CAD","2.57","1.00","Feb 23, 2029","3.62","CAD","Feb 23, 2026"
"FTSCN","FORTIS INC","Infrastructure","Fixed Income","2,284,934.89","0.07","2,284,934.89","2,220,000.00","2,220,000.00","102.00","Canada","-","CAD","4.64","1.00","Sep 9, 2031","4.17","CAD","Sep 9, 2024"
"VW","VW CREDIT CANADA INC RegS","Financial","Fixed Income","2,271,373.54","0.07","2,271,373.54","2,275,000.00","2,275,000.00","99.76","Germany","-","CAD","2.36","1.00","Nov 20, 2028","3.39","CAD","Nov 19, 2025"
"LECARR","LE CARREFOUR LAVAL REC INC","Real Estate","Fixed Income","2,266,029.47","0.07","2,266,029.47","2,220,000.00","2,220,000.00","100.88","Canada","-","CAD","3.72","1.00","Aug 14, 2030","4.20","CAD","Aug 14, 2025"
"ALBPOW","ALBERTA POWERLINE LP","Infrastructure","Fixed Income","2,258,717.76","0.07","2,258,717.76","2,456,947.00","2,456,947.00","89.94","Canada","-","CAD","11.56","1.00","Dec 1, 2053","4.07","CAD","Oct 2, 2017"
"CCOCN","CAMECO CORPORATION","Industrial","Equity","2,254,922.37","0.07","2,254,922.37","2,255,000.00","2,255,000.00","99.69","Canada","-","CAD","1.35","1.00","Oct 21, 2027","2.95","CAD","Oct 21, 2020"
"ENBGAS","ENBRIDGE GAS INC","Energy","Fixed Income","2,254,154.96","0.07","2,254,154.96","2,684,000.00","2,684,000.00","83.40","Canada","-","CAD","14.73","1.00","Apr 1, 2050","3.65","CAD","Apr 1, 2020"
"ETRHWY","407 INTERNATIONAL INC. MTN","Infrastructure","Fixed Income","2,253,086.47","0.07","2,253,086.47","2,655,000.00","2,655,000.00","84.78","Canada","-","CAD","13.88","1.00","May 21, 2047","3.60","CAD","May 19, 2016"
"ENBGAS","ENBRIDGE GAS INC MTN","Energy","Fixed Income","2,247,178.16","0.07","2,247,178.16","2,364,000.00","2,364,000.00","94.58","Canada","-","CAD","4.90","1.00","Sep 15, 2031","2.35","CAD","Sep 15, 2021"
"COAGAS","COASTAL GASLINK PIPELINE LP","Energy","Fixed Income","2,240,535.50","0.07","2,240,535.50","2,045,000.00","2,045,000.00","108.64","Canada","-","CAD","10.79","1.00","Sep 30, 2042","5.61","CAD","Jun 13, 2024"
"IFCCN","INTACT FINANCIAL CORP MTN RegS","Financial","Fixed Income","2,238,494.62","0.07","2,238,494.62","2,099,000.00","2,099,000.00","105.55","Canada","-","CAD","14.63","1.00","Sep 14, 2054","5.28","CAD","Sep 14, 2023"
"NSIUCN","NOVA SCOTIA POWER INC MTN","Infrastructure","Fixed Income","2,236,334.25","0.07","2,236,334.25","2,760,000.00","2,760,000.00","80.50","Canada","-","CAD","14.36","1.00","Apr 5, 2049","3.57","CAD","Apr 4, 2019"
"BRUPOW","BRUCE POWER LP","Energy","Fixed Income","2,233,035.50","0.07","2,233,035.50","2,244,000.00","2,244,000.00","98.34","Canada","-","CAD","2.43","1.00","Dec 21, 2028","2.68","CAD","Nov 22, 2021"
"WCPCN","WHITECAP RESOURCES INC","Energy","Fixed Income","2,230,020.44","0.07","2,230,020.44","2,175,000.00","2,175,000.00","102.19","Canada","-","CAD","3.13","1.00","Nov 1, 2029","4.38","CAD","Nov 1, 2024"
"FFHCN","FAIRFAX FINANCIAL HOLDINGS LTD","Financial","Fixed Income","2,229,225.21","0.07","2,229,225.21","2,180,000.00","2,180,000.00","102.17","Canada","-","CAD","6.92","1.00","Nov 22, 2034","4.73","CAD","Nov 22, 2024"
"TERANE","TERANET HOLDINGS LP","Industrial","Fixed Income","2,228,788.86","0.07","2,228,788.86","2,212,000.00","2,212,000.00","99.79","Canada","-","CAD","2.55","1.00","Feb 23, 2029","3.72","CAD","Feb 23, 2022"
"GWOCN","GREAT-WEST LIFECO INC.","Financial","Fixed Income","2,227,662.68","0.07","2,227,662.68","1,904,000.00","1,904,000.00","115.74","Canada","-","CAD","5.53","1.00","Mar 21, 2033","6.67","CAD","Mar 21, 2003"
"OMERS","OMERS REALTY CORP","Real Estate","Fixed Income","2,227,394.71","0.07","2,227,394.71","2,176,000.00","2,176,000.00","100.62","Canada","-","CAD","3.57","1.00","Jun 5, 2030","3.63","CAD","Jun 5, 2018"
"MRUCN","METRO INC MTN RegS","Industrial","Fixed Income","2,227,085.80","0.07","2,227,085.80","2,230,000.00","2,230,000.00","98.99","Canada","-","CAD","4.31","1.00","Feb 25, 2031","3.47","CAD","Feb 25, 2026"
"BCECN","BELL CANADA MTN RegS","Communication","Fixed Income","2,223,869.77","0.07","2,223,869.77","2,225,000.00","2,225,000.00","98.41","Canada","-","CAD","13.95","1.00","Feb 9, 2053","5.15","CAD","Feb 9, 2023"
"WCNCN","WASTE CONNECTIONS INC","Industrial","Fixed Income","2,223,198.30","0.07","2,223,198.30","2,120,000.00","2,120,000.00","102.82","United States","-","CAD","2.72","1.00","Jun 14, 2029","4.50","CAD","Jun 13, 2024"
"LCN","LOBLAW COMPANIES LTD","Industrial","Fixed Income","2,219,356.95","0.07","2,219,356.95","2,077,000.00","2,077,000.00","105.73","Canada","-","CAD","14.07","1.00","Sep 13, 2052","5.34","CAD","Sep 13, 2022"
"HYDONE","HYDRO ONE INC MTN RegS","Infrastructure","Fixed Income","2,214,401.89","0.07","2,214,401.89","2,155,000.00","2,155,000.00","101.65","Canada","-","CAD","7.45","1.00","Aug 24, 2035","4.30","CAD","Aug 25, 2025"
"BRUPOW","BRUCE POWER LP","Energy","Fixed Income","2,214,367.61","0.07","2,214,367.61","2,175,000.00","2,175,000.00","100.01","Canada","-","CAD","5.94","1.00","Jun 21, 2033","4.13","CAD","Mar 1, 2018"
"FTSCN","TERASEN GAS VANCOUVER IS","Energy","Fixed Income","2,211,257.82","0.07","2,211,257.82","1,937,000.00","1,937,000.00","112.45","Canada","-","CAD","8.45","1.00","Feb 15, 2038","6.05","CAD","Feb 15, 2008"
"F","FORD CREDIT CANADA CO RegS","Financial","Fixed Income","2,208,455.87","0.07","2,208,455.87","2,090,000.00","2,090,000.00","104.15","United States","-","CAD","3.21","1.00","Feb 20, 2030","5.67","CAD","Feb 20, 2024"
"TIHCN","TOROMONT INDUSTRIES LTD.","Industrial","Fixed Income","2,208,022.40","0.07","2,208,022.40","2,185,000.00","2,185,000.00","100.72","Canada","-","CAD","1.19","1.00","Oct 27, 2027","3.84","CAD","Oct 27, 2017"
"BIP","BROOKFIELD INFRASTRUCTURE FINANCE","Infrastructure","Fixed Income","2,208,035.21","0.07","2,208,035.21","2,150,000.00","2,150,000.00","101.35","Canada","-","CAD","3.55","1.00","Sep 1, 2055","5.60","CAD","May 16, 2025"
"AVELIV","AVENUE LIVING (2014) LP RegS","Real Estate","Fixed Income","2,205,179.27","0.07","2,205,179.27","2,170,000.00","2,170,000.00","99.91","Canada","-","CAD","2.86","1.00","Jul 15, 2029","4.65","CAD","Jan 15, 2026"
"BCECN","BELL CANADA MTN","Communication","Fixed Income","2,199,955.02","0.07","2,199,955.02","1,928,000.00","1,928,000.00","112.55","Canada","-","CAD","7.92","1.00","Feb 26, 2037","6.17","CAD","Feb 26, 2007"
"ETRHWY","407 INTERNATIONAL INC MTN","Infrastructure","Fixed Income","2,194,541.62","0.07","2,194,541.62","2,308,000.00","2,308,000.00","95.06","Canada","-","CAD","5.48","1.00","May 25, 2032","2.59","CAD","May 22, 2020"
"ETRHWY","407 INTERNATIONAL INC","Infrastructure","Fixed Income","2,190,400.90","0.07","2,190,400.90","2,203,000.00","2,203,000.00","97.75","Canada","-","CAD","6.02","1.00","Jun 1, 2033","3.43","CAD","Mar 24, 2017"
"FFHCN","FAIRFAX FINANCIAL HOLDINGS LTD","Financial","Fixed Income","2,188,225.44","0.07","2,188,225.44","2,111,000.00","2,111,000.00","101.73","Canada","-","CAD","2.64","1.00","Jun 14, 2029","4.23","CAD","Jun 14, 2019"
"CUCN","CU INC RegS","Energy","Fixed Income","2,188,000.79","0.07","2,188,000.79","2,084,000.00","2,084,000.00","104.01","Canada","-","CAD","14.60","1.00","Sep 20, 2053","5.09","CAD","Sep 20, 2023"
"IAGCN","IA FINANCIAL CORPORATION INC","Financial","Fixed Income","2,187,266.29","0.07","2,187,266.29","2,045,000.00","2,045,000.00","104.46","Canada","-","CAD","1.87","1.00","Jun 20, 2033","5.68","CAD","Jun 20, 2023"
"RCICN","ROGERS COMMUNICATIONS INC","Communication","Fixed Income","2,186,454.42","0.07","2,186,454.42","2,138,000.00","2,138,000.00","101.94","Canada","-","CAD","2.10","1.00","Nov 2, 2028","4.40","CAD","Apr 3, 2023"
"BRUPOW","BRUCE POWER LP","Energy","Fixed Income","2,183,382.49","0.07","2,183,382.49","2,116,000.00","2,116,000.00","101.44","Canada","-","CAD","2.68","1.00","Jun 21, 2029","4.01","CAD","Feb 14, 2017"
"HNDA","HONDA CANADA FINANCE INC","Financial","Fixed Income","2,181,593.54","0.07","2,181,593.54","2,184,000.00","2,184,000.00","98.99","Canada","-","CAD","4.30","1.00","Feb 25, 2031","3.55","CAD","Feb 25, 2026"
"BCECN","BELL CANADA MTN RegS","Communication","Fixed Income","2,178,033.54","0.07","2,178,033.54","2,312,000.00","2,312,000.00","92.27","Canada","-","CAD","12.43","1.00","Dec 18, 2045","4.35","CAD","Mar 30, 2015"
"GLCRTR_22-1","GLCRTR_22-1 RegS","Securitized","Fixed Income","2,177,301.98","0.07","2,177,301.98","2,110,000.00","2,110,000.00","102.24","Canada","-","CAD","1.26","1.00","Sep 20, 2027","4.96","CAD","Sep 27, 2022"
"CIXCN","CI FINANCIAL CORP RegS","Financial","Fixed Income","2,177,323.61","0.07","2,177,323.61","2,097,000.00","2,097,000.00","102.68","Canada","-","CAD","1.25","1.00","Sep 20, 2027","6.00","CAD","Sep 20, 2024"
"ALBPOW","ALBERTA POWERLINE LP","Infrastructure","Fixed Income","2,176,434.32","0.07","2,176,434.32","2,398,204.00","2,398,204.00","89.76","Canada","-","CAD","11.80","1.00","Mar 1, 2054","4.07","CAD","Oct 2, 2017"
"TCN","TELUS CORPORATION","Communication","Fixed Income","2,173,987.81","0.07","2,173,987.81","2,227,000.00","2,227,000.00","95.90","Canada","-","CAD","11.83","1.00","Jan 17, 2045","4.75","CAD","Sep 15, 2014"
"STNCN","STANTEC INC RegS","Industrial","Fixed Income","2,169,695.16","0.07","2,169,695.16","2,110,000.00","2,110,000.00","100.79","Canada","-","CAD","5.15","1.00","Jun 10, 2032","4.37","CAD","Jun 10, 2025"
"CHPUCN","CHOICE PROPERTIES REAL ESTATE INVE","Real Estate","Fixed Income","2,166,950.43","0.07","2,166,950.43","2,120,000.00","2,120,000.00","100.82","Canada","-","CAD","7.31","1.00","Aug 8, 2035","4.63","CAD","Aug 8, 2025"
"MCAPCO","MCAP COMMERCIAL LP RegS","Financial","Fixed Income","2,163,303.33","0.07","2,163,303.33","2,160,000.00","2,160,000.00","99.14","Canada","-","CAD","4.23","1.00","Mar 4, 2031","4.30","CAD","Mar 4, 2026"
"BCIMCR","BCI QUADREAL REALTY RegS","Real Estate","Fixed Income","2,154,919.05","0.07","2,154,919.05","2,099,000.00","2,099,000.00","101.32","Canada","-","CAD","1.14","1.00","Jul 31, 2027","4.16","CAD","Jul 31, 2024"
"EQBCN","EQUITABLE BANK","Financial","Fixed Income","2,153,953.77","0.07","2,153,953.77","2,105,000.00","2,105,000.00","100.58","Canada","-","CAD","1.48","1.00","Dec 17, 2027","3.91","CAD","Dec 17, 2024"
"CNRCN","CANADIAN NATIONAL RAILWAY COMPANY","Industrial","Fixed Income","2,148,378.59","0.07","2,148,378.59","2,513,000.00","2,513,000.00","84.34","Canada","-","CAD","13.76","1.00","Aug 1, 2047","3.60","CAD","Aug 1, 2017"
"CUCN","CU INC MTN","Energy","Fixed Income","2,146,030.21","0.07","2,146,030.21","1,910,000.00","1,910,000.00","112.21","Canada","-","CAD","6.77","1.00","Nov 20, 2034","5.90","CAD","Nov 18, 2004"
"BIP","BROOKFIELD INFRASTRUCTURE FINANCE MTN","Infrastructure","Fixed Income","2,138,204.45","0.06","2,138,204.45","2,270,000.00","2,270,000.00","93.50","Canada","-","CAD","5.62","1.00","Sep 1, 2032","2.86","CAD","Sep 1, 2020"
"PLEHCA","PLENARY HEALTH HAMILTON LP","Infrastructure","Fixed Income","2,137,545.27","0.06","2,137,545.27","1,911,747.00","1,911,747.00","108.95","Canada","-","CAD","7.16","1.00","May 31, 2043","5.80","CAD","Dec 3, 2010"
"ETRHWY","407 INTERNATIONAL INC MTN","Infrastructure","Fixed Income","2,137,056.33","0.06","2,137,056.33","2,413,000.00","2,413,000.00","87.70","Canada","-","CAD","15.16","1.00","Sep 11, 2052","3.98","CAD","Sep 11, 2012"
"BCECN","BELL TELEPHONE COMPANY OF CANADA O MTN RegS","Communication","Fixed Income","2,130,614.33","0.06","2,130,614.33","2,105,000.00","2,105,000.00","100.18","Canada","-","CAD","2.96","1.00","Aug 14, 2029","3.65","CAD","Aug 14, 2025"
"PPLCN","PEMBINA PIPELINE CORP","Energy","Fixed Income","2,125,504.98","0.06","2,125,504.98","2,117,000.00","2,117,000.00","98.76","Canada","-","CAD","4.89","1.00","Dec 10, 2031","3.53","CAD","Dec 10, 2021"
"PPLCN","PEMBINA PIPELINE CORP MTN","Energy","Fixed Income","2,124,373.82","0.06","2,124,373.82","2,211,000.00","2,211,000.00","95.70","Canada","-","CAD","11.30","1.00","Apr 30, 2043","4.75","CAD","Apr 30, 2013"
"GWOCN","GREAT-WEST LIFECO INC","Financial","Fixed Income","2,124,035.11","0.06","2,124,035.11","2,101,000.00","2,101,000.00","100.27","Canada","-","CAD","1.61","1.00","Feb 28, 2028","3.34","CAD","Feb 28, 2018"
"GEICN","GIBSON ENERGY INC","Energy","Fixed Income","2,118,797.18","0.06","2,118,797.18","2,074,000.00","2,074,000.00","101.95","Canada","-","CAD","4.82","1.00","Nov 12, 2031","4.45","CAD","Nov 12, 2024"
"ENBGAS","ENBRIDGE GAS INC MTN","Energy","Fixed Income","2,118,370.41","0.06","2,118,370.41","1,875,000.00","1,875,000.00","112.16","Canada","-","CAD","14.26","1.00","Oct 6, 2053","5.67","CAD","Oct 6, 2023"
"VW","VW CREDIT CANADA INC RegS","Financial","Fixed Income","2,112,230.70","0.06","2,112,230.70","2,110,000.00","2,110,000.00","100.00","Germany","-","CAD","4.09","1.00","Nov 19, 2030","3.81","CAD","Nov 19, 2025"
"CNRCN","CANADIAN NATIONAL RAILWAY COMPANY","Industrial","Fixed Income","2,110,212.08","0.06","2,110,212.08","2,074,000.00","2,074,000.00","100.12","Canada","-","CAD","3.66","1.00","Jun 10, 2030","3.50","CAD","Jun 10, 2025"
"TOYOTA","TOYOTA CREDIT CANADA INC MTN","Financial","Fixed Income","2,106,983.26","0.06","2,106,983.26","2,080,000.00","2,080,000.00","100.71","Canada","-","CAD","3.11","1.00","Oct 2, 2029","3.73","CAD","Oct 2, 2024"
"IAGCN","IA FINANCIAL CORPORATION INC","Financial","Fixed Income","2,107,162.40","0.06","2,107,162.40","2,040,000.00","2,040,000.00","101.31","Canada","-","CAD","3.16","1.00","Dec 5, 2034","4.13","CAD","Dec 5, 2024"
"CNRCN","CANADIAN NATIONAL RAILWAY COMPANY","Industrial","Fixed Income","2,102,351.02","0.06","2,102,351.02","2,477,000.00","2,477,000.00","83.71","Canada","-","CAD","14.12","1.00","Jul 31, 2048","3.60","CAD","Jul 31, 2018"
"BRUPOW","BRUCE POWER LP RegS","Energy","Fixed Income","2,098,599.05","0.06","2,098,599.05","2,131,000.00","2,131,000.00","96.41","Canada","-","CAD","13.33","1.00","Jun 21, 2049","4.75","CAD","Mar 25, 2019"
"TCN","TELUS CORPORATION","Communication","Fixed Income","2,098,252.17","0.06","2,098,252.17","1,994,000.00","1,994,000.00","104.17","Canada","-","CAD","2.88","1.00","Sep 13, 2029","5.00","CAD","Sep 13, 2022"
"TOYOTA","TOYOTA CREDIT CANADA INC MTN","Financial","Fixed Income","2,095,076.17","0.06","2,095,076.17","2,070,000.00","2,070,000.00","100.22","Canada","-","CAD","3.86","1.00","Aug 19, 2030","3.65","CAD","Aug 18, 2025"
"OMERS","OMERS REALTY CORP RegS","Real Estate","Fixed Income","2,092,402.31","0.06","2,092,402.31","1,950,000.00","1,950,000.00","105.84","Canada","-","CAD","4.04","1.00","Feb 10, 2031","4.96","CAD","Feb 8, 2024"
"LBCN","LAURENTIAN BANK OF CANADA","Financial","Fixed Income","2,090,360.81","0.06","2,090,360.81","2,045,000.00","2,045,000.00","100.77","Canada","-","CAD","1.58","1.00","Jan 23, 2028","4.19","CAD","Jan 23, 2025"
"CP","CANADIAN PACIFIC RAILWAY CO MTN","Industrial","Fixed Income","2,087,015.00","0.06","2,087,015.00","1,784,000.00","1,784,000.00","116.77","Canada","-","CAD","9.32","1.00","Nov 17, 2039","6.45","CAD","Nov 17, 2009"
"TOYOTA","TOYOTA CREDIT CANADA INC MTN","Financial","Fixed Income","2,086,151.93","0.06","2,086,151.93","2,096,000.00","2,096,000.00","99.45","Canada","-","CAD","2.37","1.00","Nov 20, 2028","3.12","CAD","Nov 20, 2025"
"MFCCN","MANULIFE BANK OF CANADA","Financial","Fixed Income","2,082,433.33","0.06","2,082,433.33","2,070,000.00","2,070,000.00","100.46","Canada","-","CAD","3.63","1.00","May 15, 2030","3.72","CAD","May 15, 2025"
"APUCN","ALLIED PROPERTIES REAL ESTATE INVE RegS","Real Estate","Fixed Income","2,081,008.96","0.06","2,081,008.96","2,025,000.00","2,025,000.00","101.53","Canada","-","CAD","2.52","1.00","Feb 24, 2029","4.81","CAD","Feb 24, 2025"
"CNRCN","CANADIAN NATIONAL RAILWAY COMPANY","Industrial","Fixed Income","2,078,589.05","0.06","2,078,589.05","2,012,000.00","2,012,000.00","103.08","Canada","-","CAD","5.87","1.00","May 10, 2033","4.40","CAD","May 10, 2023"
"GTAAIR","GREATER TORONTO AIRPORTS AUTHORITY","Infrastructure","Fixed Income","2,069,329.27","0.06","2,069,329.27","2,225,000.00","2,225,000.00","91.40","Canada","-","CAD","8.89","1.00","Jun 1, 2037","3.26","CAD","Mar 29, 2018"
"F","FORD CREDIT CANADA CO RegS","Financial","Fixed Income","2,066,031.76","0.06","2,066,031.76","1,988,000.00","1,988,000.00","103.83","United States","-","CAD","4.26","1.00","May 23, 2031","5.58","CAD","May 23, 2024"
"CUCN","CU INC","Energy","Fixed Income","2,064,894.38","0.06","2,064,894.38","2,744,000.00","2,744,000.00","74.58","Canada","-","CAD","15.23","1.00","Sep 7, 2049","2.96","CAD","Sep 5, 2019"
"TOYOTA","TOYOTA CREDIT CANADA INC MTN","Financial","Fixed Income","2,064,669.91","0.06","2,064,669.91","2,060,000.00","2,060,000.00","100.17","Canada","-","CAD","1.91","1.00","May 23, 2028","3.36","CAD","May 21, 2025"
"GZMCN","NOVERCO INC RegS","Energy","Fixed Income","2,063,587.65","0.06","2,063,587.65","2,050,000.00","2,050,000.00","99.37","Canada","-","CAD","5.74","1.00","Jan 28, 2033","3.90","CAD","Jan 28, 2026"
"TOYOTA","TOYOTA CREDIT CANADA INC MTN","Financial","Fixed Income","2,061,989.91","0.06","2,061,989.91","2,046,000.00","2,046,000.00","100.70","Canada","-","CAD","3.68","1.00","May 21, 2030","3.74","CAD","May 21, 2025"
"GWOCN","GREAT-WEST LIFECO INC","Financial","Fixed Income","2,059,244.93","0.06","2,059,244.93","1,811,000.00","1,811,000.00","113.49","Canada","-","CAD","9.46","1.00","Nov 16, 2039","6.00","CAD","Nov 16, 2009"
"CNRCN","CANADIAN NATIONAL RAILWAY COMPANY","Industrial","Fixed Income","2,050,810.86","0.06","2,050,810.86","2,430,000.00","2,430,000.00","83.31","Canada","-","CAD","14.31","1.00","Feb 8, 2049","3.60","CAD","Feb 8, 2019"
"BIP","BROOKFIELD INFRASTRUCTURE FINANCE MTN RegS","Infrastructure","Fixed Income","2,048,725.84","0.06","2,048,725.84","2,030,000.00","2,030,000.00","99.47","Canada","-","CAD","4.15","1.00","Jan 6, 2031","3.70","CAD","Sep 24, 2025"
"HYDONE","HYDRO ONE INC MTN","Infrastructure","Fixed Income","2,048,920.49","0.06","2,048,920.49","1,710,000.00","1,710,000.00","116.42","Canada","-","CAD","4.87","1.00","Jun 1, 2032","6.93","CAD","Jun 22, 2001"
"DOLCN","DOLLARAMA INC","Industrial","Fixed Income","2,042,855.22","0.06","2,042,855.22","1,930,000.00","1,930,000.00","105.38","Canada","-","CAD","3.41","1.00","Apr 26, 2030","5.17","CAD","Oct 26, 2022"
"GIBACN","CGI INC","Industrial","Fixed Income","2,041,854.54","0.06","2,041,854.54","2,006,000.00","2,006,000.00","100.88","Canada","-","CAD","1.23","1.00","Sep 7, 2027","3.99","CAD","Sep 5, 2024"
"FTSCN","FORTIS INC","Infrastructure","Fixed Income","2,039,448.55","0.06","2,039,448.55","1,945,000.00","1,945,000.00","102.67","Canada","-","CAD","2.62","1.00","May 31, 2029","4.43","CAD","May 31, 2022"
"BAMREP","BROOKFIELD RENEWABLE PARTNERS ULC MTN RegS","Energy","Fixed Income","2,037,020.70","0.06","2,037,020.70","1,905,000.00","1,905,000.00","106.48","Canada","-","CAD","6.04","1.00","Oct 28, 2033","5.29","CAD","Mar 29, 2023"
"BIP","BROOKFIELD INFRASTRUCTURE FINANCE","Infrastructure","Fixed Income","2,035,734.16","0.06","2,035,734.16","1,895,000.00","1,895,000.00","106.92","Canada","-","CAD","6.34","1.00","Apr 25, 2034","5.44","CAD","Apr 25, 2022"
"SUCN","SUNCOR ENERGY INC MTN","Energy","Fixed Income","2,033,464.42","0.06","2,033,464.42","2,399,000.00","2,399,000.00","83.83","Canada","-","CAD","14.49","1.00","Mar 4, 2051","3.95","CAD","Mar 4, 2021"
"ONTPOW","ONTARIO POWER GENERATION INC MTN","Energy","Fixed Income","2,030,285.31","0.06","2,030,285.31","2,190,000.00","2,190,000.00","91.18","Canada","-","CAD","13.67","1.00","Jan 18, 2049","4.25","CAD","Jan 18, 2019"
"MRUCN","METRO INC MTN","Industrial","Fixed Income","2,026,167.38","0.06","2,026,167.38","2,169,000.00","2,169,000.00","91.36","Canada","-","CAD","13.18","1.00","Dec 4, 2047","4.27","CAD","Dec 4, 2017"
"FFHCN","FAIRFAX FINANCIAL HOLDINGS LTD","Financial","Fixed Income","2,019,629.01","0.06","2,019,629.01","2,020,000.00","2,020,000.00","98.88","Canada","-","CAD","7.75","1.00","Feb 27, 2036","4.40","CAD","Feb 27, 2026"
"DE","JOHN DEERE FINANCIAL INC MTN","Financial","Fixed Income","2,019,031.09","0.06","2,019,031.09","1,935,000.00","1,935,000.00","102.09","United States","-","CAD","1.00","1.00","Jun 14, 2027","4.95","CAD","Jun 13, 2023"
"DIRUCN","DREAM INDUSTRIAL REAL ESTATE INVES","Real Estate","Fixed Income","2,018,703.39","0.06","2,018,703.39","2,021,000.00","2,021,000.00","98.97","Canada","-","CAD","1.02","1.00","Jun 17, 2027","2.06","CAD","Jun 17, 2021"
"TERANE","TERANET HOLDINGS LP","Industrial","Fixed Income","2,014,801.26","0.06","2,014,801.26","1,906,000.00","1,906,000.00","103.14","Canada","-","CAD","9.64","1.00","Dec 17, 2040","5.75","CAD","Dec 16, 2010"
"ARXCN","ARC RESOURCES LTD RegS","Energy","Fixed Income","2,014,892.30","0.06","2,014,892.30","1,995,000.00","1,995,000.00","100.14","Canada","-","CAD","2.59","1.00","Feb 25, 2029","3.35","CAD","Feb 25, 2026"
"CCACN","COGECO COMMUNICATIONS INC","Communication","Fixed Income","2,013,371.80","0.06","2,013,371.80","1,965,000.00","1,965,000.00","101.01","Canada","-","CAD","6.96","1.00","Feb 6, 2035","4.74","CAD","Feb 6, 2025"
"EQIX","EQUINIX CANADA FINANCING LTD","Real Estate","Fixed Income","2,010,250.02","0.06","2,010,250.02","1,993,000.00","1,993,000.00","100.63","United States","-","CAD","3.61","1.00","May 15, 2030","3.95","CAD","May 7, 2026"
"CCOCN","CAMECO CORPORATION","Industrial","Fixed Income","2,006,704.79","0.06","2,006,704.79","1,910,000.00","1,910,000.00","105.00","Canada","-","CAD","4.32","1.00","May 24, 2031","4.94","CAD","May 24, 2024"
"SRUUCN","SMARTCENTRES REAL ESTATE INVESTMEN","Real Estate","Fixed Income","2,004,193.75","0.06","2,004,193.75","1,899,000.00","1,899,000.00","103.88","Canada","-","CAD","3.70","1.00","Aug 1, 2030","5.16","CAD","Aug 1, 2024"
"BCECN","BELL CANADA","Communication","Fixed Income","2,002,756.04","0.06","2,002,756.04","1,783,000.00","1,783,000.00","111.09","Canada","-","CAD","6.84","1.00","Mar 16, 2035","6.10","CAD","Mar 16, 2004"
"CUCN","CU INC","Energy","Fixed Income","2,001,904.00","0.06","2,001,904.00","2,174,000.00","2,174,000.00","90.76","Canada","-","CAD","12.71","1.00","Jul 27, 2045","3.96","CAD","Jul 27, 2015"
"DOLCN","DOLLARAMA INC","Industrial","Fixed Income","2,001,559.02","0.06","2,001,559.02","2,040,000.00","2,040,000.00","97.18","Canada","-","CAD","2.94","1.00","Jul 9, 2029","2.44","CAD","Jul 8, 2021"
"BIP","BROOKFIELD INFRASTRUCTURE FINANCE MTN RegS","Infrastructure","Fixed Income","1,999,992.13","0.06","1,999,992.13","1,985,000.00","1,985,000.00","99.94","Canada","-","CAD","7.47","1.00","Sep 24, 2035","4.53","CAD","Sep 24, 2025"
"BIP","BROOKFIELD INFRASTRUCTURE FINANCE MTN","Infrastructure","Fixed Income","1,992,021.69","0.06","1,992,021.69","1,927,000.00","1,927,000.00","103.14","Canada","-","CAD","1.32","1.00","Nov 14, 2027","5.62","CAD","Nov 14, 2022"
"FTTCN","FINNING INTERNATIONAL INC RegS","Industrial","Fixed Income","1,988,721.50","0.06","1,988,721.50","1,905,000.00","1,905,000.00","103.02","Canada","-","CAD","2.44","1.00","Feb 13, 2029","4.78","CAD","Feb 13, 2024"
"F","FORD CREDIT CANADA CO","Financial","Fixed Income","1,988,904.83","0.06","1,988,904.83","1,929,000.00","1,929,000.00","101.17","United States","-","CAD","4.77","1.00","Jan 9, 2032","5.05","CAD","Jan 9, 2025"
"GM","GENERAL MOTORS FINANCIAL OF CANADA","Financial","Fixed Income","1,985,602.37","0.06","1,985,602.37","1,917,000.00","1,917,000.00","102.44","United States","-","CAD","3.41","1.00","Feb 25, 2030","4.45","CAD","Feb 25, 2025"
"DOLCN","DOLLARAMA INC RegS","Industrial","Fixed Income","1,981,241.48","0.06","1,981,241.48","1,945,000.00","1,945,000.00","101.15","Canada","-","CAD","7.79","1.00","Apr 2, 2036","4.58","CAD","Apr 2, 2026"
"ENBPIP","ENBRIDGE PIPELINES INC MTN","Energy","Fixed Income","1,980,015.71","0.06","1,980,015.71","2,046,000.00","2,046,000.00","96.64","Canada","-","CAD","4.57","1.00","May 12, 2031","2.82","CAD","May 12, 2021"
"BCFERR","BRITISH COLUMBIA FERRY SERVICES IN RegS","Infrastructure","Fixed Income","1,977,283.75","0.06","1,977,283.75","1,979,000.00","1,979,000.00","98.64","Canada","-","CAD","15.43","1.00","Feb 19, 2056","4.69","CAD","Feb 19, 2026"
"CUCN","CU INC MTN","Energy","Fixed Income","1,976,179.81","0.06","1,976,179.81","2,350,000.00","2,350,000.00","84.02","Canada","-","CAD","14.13","1.00","Nov 22, 2047","3.55","CAD","Nov 22, 2017"
"BCECN","BELL CANADA MTN 144A","Communication","Fixed Income","1,970,501.46","0.06","1,970,501.46","1,689,000.00","1,689,000.00","114.77","Canada","-","CAD","4.71","1.00","Feb 23, 2032","7.30","CAD","Feb 22, 2002"
"VW","VW CREDIT CANADA INC","Financial","Fixed Income","1,969,641.05","0.06","1,969,641.05","1,925,000.00","1,925,000.00","101.18","Germany","-","CAD","1.18","1.00","Aug 19, 2027","4.21","CAD","Aug 19, 2024"
"ENBGAS","ENBRIDGE GAS INC MTN","Energy","Fixed Income","1,969,558.79","0.06","1,969,558.79","1,938,000.00","1,938,000.00","101.53","Canada","-","CAD","14.07","1.00","Nov 22, 2050","4.95","CAD","Nov 22, 2010"
"CHPUCN","CHOICE PROPERTIES REAL ESTATE INVE RegS","Real Estate","Fixed Income","1,966,705.86","0.06","1,966,705.86","1,785,000.00","1,785,000.00","108.77","Canada","-","CAD","6.14","1.00","Feb 28, 2034","5.70","CAD","Aug 1, 2023"
"SLFCN","SUN LIFE FINANCIAL INC","Financial","Fixed Income","1,965,088.29","0.06","1,965,088.29","1,854,000.00","1,854,000.00","105.99","Canada","-","CAD","8.35","1.00","May 29, 2042","5.40","CAD","May 29, 2007"
"DOLCN","DOLLARAMA INC RegS","Industrial","Fixed Income","1,964,099.29","0.06","1,964,099.29","1,940,000.00","1,940,000.00","100.63","Canada","-","CAD","4.62","1.00","Jul 25, 2031","3.94","CAD","Apr 2, 2026"
"REIUCN","RIOCAN REAL ESTATE INVESTMENT TRUS","Real Estate","Fixed Income","1,961,120.23","0.06","1,961,120.23","1,960,000.00","1,960,000.00","99.12","Canada","-","CAD","5.77","1.00","Mar 11, 2033","4.31","CAD","Mar 11, 2026"
"GRTCN","GRANITE REIT HOLDINGS LP","Real Estate","Fixed Income","1,961,189.48","0.06","1,961,189.48","2,064,000.00","2,064,000.00","93.96","Canada","-","CAD","4.22","1.00","Dec 18, 2030","2.38","CAD","Dec 18, 2020"
"NACN","CANADIAN WESTERN BANK","Financial","Fixed Income","1,960,629.14","0.06","1,960,629.14","1,887,000.00","1,887,000.00","102.66","Canada","-","CAD","1.21","1.00","Sep 2, 2027","5.15","CAD","Sep 2, 2022"
"HYNMTR","HYUNDAI CAPITAL CANADA INC","Financial","Fixed Income","1,957,350.77","0.06","1,957,350.77","1,899,000.00","1,899,000.00","101.56","Canada","-","CAD","1.11","1.00","Jul 26, 2027","4.49","CAD","Jul 24, 2024"
"GEICN","GIBSON ENERGY INC MTN RegS","Energy","Fixed Income","1,955,587.90","0.06","1,955,587.90","1,770,000.00","1,770,000.00","108.33","Canada","-","CAD","5.65","1.00","Jul 12, 2033","5.75","CAD","Jul 12, 2023"
"LCN","LOBLAW COMPANIES LTD","Industrial","Fixed Income","1,950,223.87","0.06","1,950,223.87","1,879,000.00","1,879,000.00","102.59","Canada","-","CAD","14.55","1.00","Mar 4, 2054","5.12","CAD","Mar 4, 2024"
"RLNCE","RELIANCE LP","Industrial","Fixed Income","1,950,147.27","0.06","1,950,147.27","1,965,000.00","1,965,000.00","98.39","Canada","-","CAD","2.08","1.00","Aug 1, 2028","2.67","CAD","Apr 14, 2021"
"PPLCN","PEMBINA PIPELINE CORP","Energy","Fixed Income","1,947,547.77","0.06","1,947,547.77","2,128,000.00","2,128,000.00","89.43","Canada","-","CAD","14.00","1.00","Dec 10, 2051","4.49","CAD","Dec 10, 2021"
"HYDONE","HYDRO ONE INC RegS","Infrastructure","Fixed Income","1,945,825.16","0.06","1,945,825.16","1,875,000.00","1,875,000.00","102.39","Canada","-","CAD","5.65","1.00","Jan 27, 2033","4.16","CAD","Jan 27, 2023"
"LCN","LOBLAW COMPANIES LTD","Industrial","Fixed Income","1,944,139.36","0.06","1,944,139.36","1,858,000.00","1,858,000.00","102.56","Canada","-","CAD","2.14","1.00","Dec 11, 2028","4.49","CAD","Dec 10, 2018"
"REIUCN","RIOCAN REAL ESTATE INVESTMENT TRUS","Real Estate","Fixed Income","1,939,701.67","0.06","1,939,701.67","1,967,000.00","1,967,000.00","98.45","Canada","-","CAD","2.34","1.00","Nov 8, 2028","2.83","CAD","Nov 8, 2021"
"NACN","CANADIAN WESTERN BANK","Financial","Fixed Income","1,939,196.88","0.06","1,939,196.88","1,954,000.00","1,954,000.00","98.43","Canada","-","CAD","1.50","1.00","Dec 16, 2027","1.82","CAD","Dec 16, 2020"
"HYDONE","HYDRO ONE LTD","Infrastructure","Fixed Income","1,933,819.03","0.06","1,933,819.03","1,966,000.00","1,966,000.00","98.19","Canada","-","CAD","1.35","1.00","Oct 15, 2027","1.41","CAD","Oct 15, 2020"
"FNCN","FIRST NATIONAL FINANCIAL CORP RegS","Financial","Fixed Income","1,933,003.84","0.06","1,933,003.84","1,875,000.00","1,875,000.00","102.59","Canada","-","CAD","5.34","1.00","Oct 25, 2032","5.44","CAD","Oct 23, 2025"
"CCACN","COGECO COMMUNICATIONS INC","Communication","Fixed Income","1,927,606.71","0.06","1,927,606.71","2,010,000.00","2,010,000.00","95.34","Canada","-","CAD","4.84","1.00","Sep 22, 2031","2.99","CAD","Sep 20, 2021"
"IPLCN","INTER PIPELINE LTD MTN","Energy","Fixed Income","1,924,745.54","0.06","1,924,745.54","2,048,000.00","2,048,000.00","91.69","Canada","-","CAD","11.48","1.00","May 30, 2044","4.64","CAD","May 30, 2014"
"ENBGAS","ENBRIDGE GAS INC MTN","Energy","Fixed Income","1,922,924.09","0.06","1,922,924.09","1,961,000.00","1,961,000.00","97.35","Canada","-","CAD","3.03","1.00","Aug 9, 2029","2.37","CAD","Aug 9, 2019"
"TOYOTA","TOYOTA CREDIT CANADA INC MTN","Financial","Fixed Income","1,922,311.52","0.06","1,922,311.52","1,860,000.00","1,860,000.00","101.51","Canada","-","CAD","1.04","1.00","Jun 28, 2027","4.42","CAD","Jun 27, 2024"
"ENMAXC","ENMAX CORP RegS","Infrastructure","Fixed Income","1,915,238.56","0.06","1,915,238.56","1,855,000.00","1,855,000.00","102.60","Canada","-","CAD","6.81","1.00","Oct 9, 2034","4.70","CAD","Oct 9, 2024"
"DRSILL","DREAM SUMMIT INDUSTRIAL LP RegS","Real Estate","Fixed Income","1,914,340.80","0.06","1,914,340.80","1,885,000.00","1,885,000.00","100.73","Canada","-","CAD","3.88","1.00","Sep 18, 2030","4.17","CAD","Sep 15, 2025"
"CUCN","CU INC MTN","Energy","Fixed Income","1,913,494.62","0.06","1,913,494.62","2,482,000.00","2,482,000.00","76.36","Canada","-","CAD","15.65","1.00","Sep 5, 2051","3.17","CAD","Sep 3, 2021"
"RLNCE","RELIANCE LP","Industrial","Fixed Income","1,911,010.23","0.06","1,911,010.23","1,805,000.00","1,805,000.00","105.67","Canada","-","CAD","4.26","1.00","May 15, 2031","5.25","CAD","May 15, 2024"
"ENMAXC","ENMAX CORP","Infrastructure","Fixed Income","1,910,134.42","0.06","1,910,134.42","1,861,000.00","1,861,000.00","100.80","Canada","-","CAD","1.76","1.00","Jun 5, 2028","3.84","CAD","May 31, 2018"
"ALTALK","ALTALINK LP MTN","Infrastructure","Fixed Income","1,904,738.54","0.06","1,904,738.54","2,147,000.00","2,147,000.00","86.91","Canada","-","CAD","13.35","1.00","Dec 3, 2046","3.72","CAD","Dec 1, 2016"
"TCN","TELUS CORPORATION","Communication","Fixed Income","1,903,941.65","0.06","1,903,941.65","1,884,000.00","1,884,000.00","101.02","Canada","-","CAD","11.39","1.00","Nov 26, 2043","5.15","CAD","Nov 26, 2013"
"BAMREP","BROOKFIELD RENEWABLE PARTNERS ULC","Energy","Fixed Income","1,901,155.27","0.06","1,901,155.27","1,865,000.00","1,865,000.00","100.77","Canada","-","CAD","3.59","1.00","Sep 10, 2055","5.37","CAD","Jun 10, 2025"
"GEICN","GIBSON ENERGY INC RegS","Energy","Fixed Income","1,899,884.69","0.06","1,899,884.69","1,850,000.00","1,850,000.00","101.50","Canada","-","CAD","5.32","1.00","Aug 20, 2032","4.45","CAD","Aug 20, 2025"
"AERMON","MONTREAL AIRPORTS","Infrastructure","Fixed Income","1,897,682.51","0.06","1,897,682.51","2,471,000.00","2,471,000.00","76.48","Canada","-","CAD","15.52","1.00","Apr 21, 2050","3.03","CAD","Apr 21, 2020"
"HYDONE","HYDRO ONE INC MTN","Infrastructure","Fixed Income","1,896,718.52","0.06","1,896,718.52","1,956,000.00","1,956,000.00","96.44","Canada","-","CAD","3.55","1.00","Feb 28, 2030","2.16","CAD","Feb 28, 2020"
"NSIUCN","NOVA SCOTIA POWER INC MTN","Infrastructure","Fixed Income","1,895,533.70","0.06","1,895,533.70","1,722,000.00","1,722,000.00","107.54","Canada","-","CAD","9.61","1.00","Jun 15, 2040","5.61","CAD","Jun 15, 2010"
"EQBCN","EQUITABLE BANK","Financial","Fixed Income","1,895,287.12","0.06","1,895,287.12","1,885,000.00","1,885,000.00","100.05","Canada","-","CAD","2.69","1.00","Apr 12, 2029","3.87","CAD","Dec 12, 2025"
"BCFERR","BRITISH COLUMBIA FERRY SERVICES IN 144A","Infrastructure","Fixed Income","1,892,519.72","0.06","1,892,519.72","1,645,000.00","1,645,000.00","114.26","Canada","-","CAD","6.61","1.00","Oct 13, 2034","6.25","CAD","Oct 13, 2004"
"XCN","TMX GROUP LTD RegS","Financial","Fixed Income","1,889,099.35","0.06","1,889,099.35","1,775,000.00","1,775,000.00","105.10","Canada","-","CAD","4.83","1.00","Feb 18, 2032","4.84","CAD","Feb 16, 2024"
"MRUCN","METRO INC MTN","Industrial","Fixed Income","1,885,836.53","0.06","1,885,836.53","1,658,000.00","1,658,000.00","113.02","Canada","-","CAD","7.27","1.00","Oct 15, 2035","5.97","CAD","Oct 12, 2005"
"KEYCN","KEYERA CORP MTN","Energy","Fixed Income","1,885,378.67","0.06","1,885,378.67","1,783,000.00","1,783,000.00","104.89","Canada","-","CAD","4.91","1.00","Mar 28, 2032","5.02","CAD","Mar 28, 2022"
"AVELIV","AVENUE LIVING (2014) LP RegS","Real Estate","Fixed Income","1,885,224.11","0.06","1,885,224.11","1,870,000.00","1,870,000.00","100.01","Canada","-","CAD","2.19","1.00","Sep 25, 2028","4.52","CAD","Sep 25, 2025"
"EPCOR","EPCOR UTILITIES INC MTN","Infrastructure","Fixed Income","1,882,813.89","0.06","1,882,813.89","1,885,000.00","1,885,000.00","98.74","Canada","-","CAD","14.59","1.00","Sep 2, 2052","4.72","CAD","Sep 2, 2022"
"HYDONE","HYDRO ONE INC MTN","Infrastructure","Fixed Income","1,882,382.66","0.06","1,882,382.66","1,983,000.00","1,983,000.00","94.48","Canada","-","CAD","4.92","1.00","Sep 17, 2031","2.23","CAD","Sep 17, 2021"
"CUCN","CU INC","Energy","Fixed Income","1,882,271.30","0.06","1,882,271.30","1,910,000.00","1,910,000.00","97.54","Canada","-","CAD","15.10","1.00","Sep 11, 2054","4.66","CAD","Sep 11, 2024"
"TRPCN","TRANSCANADA PIPELINES LIMITED MTN","Energy","Fixed Income","1,879,340.84","0.06","1,879,340.84","1,436,000.00","1,436,000.00","128.65","Canada","-","CAD","8.42","1.00","Feb 17, 2039","8.05","CAD","Feb 17, 2009"
"BAMREP","BROOKFIELD RENEWABLE PARTNERS ULC MTN","Energy","Fixed Income","1,878,513.49","0.06","1,878,513.49","1,710,000.00","1,710,000.00","109.53","Canada","-","CAD","5.26","1.00","Nov 9, 2032","5.88","CAD","Nov 9, 2022"
"GTAAIR","GREATER TORONTO AIRPORTS AUTH 144A","Infrastructure","Fixed Income","1,877,236.68","0.06","1,877,236.68","1,738,000.00","1,738,000.00","104.88","Canada","-","CAD","1.41","1.00","Dec 3, 2027","6.45","CAD","Dec 2, 1997"
"DFYCN","DEFINITY FINANCIAL CORP RegS","Financial","Fixed Income","1,869,507.12","0.06","1,869,507.12","1,850,000.00","1,850,000.00","100.12","Canada","-","CAD","7.48","1.00","Sep 12, 2035","4.39","CAD","Sep 12, 2025"
"HNDA","HONDA CANADA FINANCE INC","Financial","Fixed Income","1,867,804.74","0.06","1,867,804.74","1,760,000.00","1,760,000.00","105.15","Canada","-","CAD","2.17","1.00","Sep 28, 2028","5.73","CAD","Sep 28, 2023"
"GWOCN","GREAT-WEST LIFECO INC","Financial","Fixed Income","1,866,018.69","0.06","1,866,018.69","2,482,000.00","2,482,000.00","74.03","Canada","-","CAD","15.38","1.00","Jul 8, 2050","2.98","CAD","Jul 8, 2020"
"OXPROP","OXFORD PROPERTIES GROUP TRUST RegS","Real Estate","Fixed Income","1,863,471.82","0.06","1,863,471.82","1,847,000.00","1,847,000.00","100.47","Canada","-","CAD","4.40","1.00","Apr 20, 2031","3.94","CAD","Apr 20, 2026"
"NRMPIP","NORTHRIVER MIDSTREAM PIPESTONE LP","Infrastructure","Fixed Income","1,862,735.46","0.06","1,862,735.46","1,852,283.00","1,852,283.00","98.71","Canada","-","CAD","5.20","1.00","Mar 10, 2039","4.87","CAD","Nov 6, 2025"
"GZMCN","NOVERCO INC RegS","Energy","Fixed Income","1,857,360.03","0.06","1,857,360.03","1,843,000.00","1,843,000.00","99.15","Canada","-","CAD","15.03","1.00","Jan 28, 2056","4.90","CAD","Jan 28, 2026"
"HYDONE","HYDRO ONE INC MTN","Infrastructure","Fixed Income","1,855,437.91","0.06","1,855,437.91","2,149,000.00","2,149,000.00","86.23","Canada","-","CAD","13.97","1.00","Nov 18, 2047","3.72","CAD","Nov 18, 2016"
"ETRHWY","407 INTERNATIONAL INC MTN","Infrastructure","Fixed Income","1,854,445.88","0.06","1,854,445.88","1,940,000.00","1,940,000.00","94.63","Canada","-","CAD","14.76","1.00","Sep 11, 2052","4.45","CAD","Mar 5, 2025"
"ETRHWY","407 INTERNATIONAL INC MTN RegS","Infrastructure","Fixed Income","1,852,367.70","0.06","1,852,367.70","1,840,000.00","1,840,000.00","99.93","Canada","-","CAD","15.31","1.00","Oct 3, 2055","4.81","CAD","Oct 3, 2025"
"BAMREP","BROOKFIELD RENEWABLE PARTNERS ULC MTN","Energy","Fixed Income","1,851,727.22","0.06","1,851,727.22","1,833,000.00","1,833,000.00","100.44","Canada","-","CAD","7.51","1.00","Oct 12, 2035","4.54","CAD","Mar 12, 2025"
"CAECN","CAE INC RegS","Industrial","Fixed Income","1,848,490.64","0.06","1,848,490.64","1,740,000.00","1,740,000.00","103.68","Canada","-","CAD","1.81","1.00","Jun 12, 2028","5.54","CAD","Jun 12, 2023"
"NACN","CANADIAN WESTERN BANK","Financial","Fixed Income","1,845,328.82","0.06","1,845,328.82","1,765,000.00","1,765,000.00","102.82","Canada","-","CAD","1.98","1.00","Jul 11, 2028","4.57","CAD","Jul 11, 2024"
"TIHCN","TOROMONT INDUSTRIES LTD RegS","Industrial","Fixed Income","1,843,175.81","0.06","1,843,175.81","1,826,000.00","1,826,000.00","100.30","Canada","-","CAD","3.50","1.00","Mar 28, 2030","3.76","CAD","Mar 28, 2025"
"ALCTRA","ALECTRA INC","Infrastructure","Fixed Income","1,840,819.77","0.06","1,840,819.77","1,800,000.00","1,800,000.00","101.93","Canada","-","CAD","6.96","1.00","Oct 30, 2034","4.31","CAD","Oct 30, 2024"
"FFHCN","FAIRFAX FINANCIAL HOLDINGS LTD","Financial","Fixed Income","1,839,531.17","0.06","1,839,531.17","1,820,000.00","1,820,000.00","99.81","Canada","-","CAD","7.38","1.00","Aug 14, 2035","4.45","CAD","Aug 14, 2025"
"CNRCN","CANADIAN NATIONAL RAILWAY COMPANY","Industrial","Fixed Income","1,839,789.25","0.06","1,839,789.25","2,026,000.00","2,026,000.00","90.07","Canada","-","CAD","12.86","1.00","Sep 22, 2045","3.95","CAD","Sep 22, 2015"
"PMZUCN","PRIMARIS REAL ESTATE INVESTMENT TR RegS","Real Estate","Fixed Income","1,838,374.83","0.06","1,838,374.83","1,840,000.00","1,840,000.00","99.38","Canada","-","CAD","3.97","1.00","Oct 9, 2030","3.85","CAD","Oct 9, 2025"
"ENBCN","ENBRIDGE INC 60NC5 RegS","Energy","Fixed Income","1,837,753.55","0.06","1,837,753.55","1,635,000.00","1,635,000.00","109.26","Canada","-","CAD","2.12","1.00","Jan 15, 2084","8.49","CAD","Sep 29, 2023"
"CAAIAU","CALGARY AIRPORT AUTHORITY","Infrastructure","Fixed Income","1,835,886.22","0.06","1,835,886.22","2,006,000.00","2,006,000.00","91.06","Canada","-","CAD","8.60","1.00","Oct 7, 2036","3.20","CAD","Oct 7, 2021"
"NAVCAN","NAV CANADA","Infrastructure","Fixed Income","1,834,027.76","0.06","1,834,027.76","2,467,000.00","2,467,000.00","73.85","Canada","-","CAD","16.09","1.00","Sep 29, 2051","2.92","CAD","May 29, 2020"
"BAMREP","BROOKFIELD RENEWABLE PARTNERS ULC MTN","Energy","Fixed Income","1,830,018.82","0.06","1,830,018.82","1,750,000.00","1,750,000.00","104.04","Canada","-","CAD","6.77","1.00","Oct 20, 2034","4.96","CAD","Jul 17, 2024"
"HYNMTR","HYUNDAI CAPITAL CANADA INC RegS","Financial","Fixed Income","1,826,552.21","0.06","1,826,552.21","1,805,000.00","1,805,000.00","100.36","Canada","-","CAD","2.16","1.00","Sep 5, 2028","3.57","CAD","Sep 4, 2025"
"PLEBCA","PLENARY HEALTH BRIDGEPOINT LP","Infrastructure","Fixed Income","1,825,419.25","0.06","1,825,419.25","1,505,364.00","1,505,364.00","119.47","Canada","-","CAD","7.03","1.00","Aug 31, 2042","7.25","CAD","Aug 11, 2009"
"EQBCN","EQUITABLE BANK","Financial","Fixed Income","1,823,972.43","0.06","1,823,972.43","1,800,000.00","1,800,000.00","100.61","Canada","-","CAD","1.74","1.00","Mar 24, 2028","3.99","CAD","Sep 24, 2024"
"NRMPIP","NORTHRIVER MIDSTREAM PIPESTONE LP","Infrastructure","Fixed Income","1,820,549.61","0.06","1,820,549.61","1,832,689.00","1,832,689.00","98.69","Canada","-","CAD","5.29","1.00","Mar 10, 2039","4.86","CAD","Nov 6, 2025"
"ENBGAS","ENBRIDGE GAS INC MTN","Energy","Fixed Income","1,813,664.91","0.06","1,813,664.91","1,581,000.00","1,581,000.00","113.26","Canada","-","CAD","8.76","1.00","Sep 2, 2038","6.05","CAD","Sep 2, 2008"
"HYDONE","HYDRO ONE INC MTN","Infrastructure","Fixed Income","1,810,490.93","0.05","1,810,490.93","1,994,000.00","1,994,000.00","89.78","Canada","-","CAD","13.03","1.00","Feb 23, 2046","3.91","CAD","Feb 24, 2016"
"CUCN","CU INC RegS","Energy","Fixed Income","1,809,941.29","0.05","1,809,941.29","1,800,000.00","1,800,000.00","99.58","Canada","-","CAD","15.28","1.00","Sep 16, 2055","4.79","CAD","Sep 16, 2025"
"MRUCN","METRO INC MTN","Industrial","Fixed Income","1,810,125.92","0.05","1,810,125.92","1,741,000.00","1,741,000.00","101.50","Canada","-","CAD","11.62","1.00","Dec 1, 2044","5.03","CAD","Dec 1, 2014"
"IFCCN","INTACT FINANCIAL CORP MTN RegS","Financial","Fixed Income","1,806,649.39","0.05","1,806,649.39","1,838,000.00","1,838,000.00","98.23","Canada","-","CAD","1.91","1.00","May 18, 2028","2.18","CAD","May 18, 2021"
"CHPUCN","CHOICE PROPERTIES REAL ESTATE INVE","Real Estate","Fixed Income","1,805,528.06","0.05","1,805,528.06","1,745,000.00","1,745,000.00","101.90","Canada","-","CAD","3.27","1.00","Jan 16, 2030","4.29","CAD","Jan 16, 2025"
"HYDONE","HYDRO ONE INC MTN","Infrastructure","Fixed Income","1,803,485.49","0.05","1,803,485.49","1,705,000.00","1,705,000.00","104.74","Canada","-","CAD","8.32","1.00","Mar 13, 2037","4.89","CAD","Mar 13, 2007"
"MMSPT","MINI MALL STORAGE PROPERTIES TRUST RegS","Real Estate","Fixed Income","1,802,830.65","0.05","1,802,830.65","1,780,000.00","1,780,000.00","99.93","Canada","-","CAD","1.59","1.00","Jan 30, 2028","4.16","CAD","Jan 30, 2026"
"EPCOR","EPCOR UTILITIES INC MTN","Infrastructure","Fixed Income","1,802,058.34","0.05","1,802,058.34","2,145,000.00","2,145,000.00","83.99","Canada","-","CAD","14.13","1.00","Nov 27, 2047","3.55","CAD","Nov 27, 2017"
"CAAIAU","CALGARY AIRPORT AUTHORITY","Infrastructure","Fixed Income","1,800,094.31","0.05","1,800,094.31","2,155,000.00","2,155,000.00","83.02","Canada","-","CAD","15.40","1.00","Oct 7, 2051","3.55","CAD","Oct 7, 2021"
"THPMCN","TRILLIUM M PROJECT CO GENERAL PART","Infrastructure","Fixed Income","1,798,094.75","0.05","1,798,094.75","1,730,000.00","1,730,000.00","103.55","Canada","-","CAD","9.32","1.00","Apr 30, 2043","4.85","CAD","Jul 10, 2025"
"ONTPOW","ONTARIO POWER GENERATION INC MTN","Energy","Fixed Income","1,797,441.84","0.05","1,797,441.84","2,466,000.00","2,466,000.00","72.11","Canada","-","CAD","15.63","1.00","Feb 21, 2051","2.95","CAD","Feb 4, 2021"
"SJCN","STELLA JONES INC RegS","Industrial","Fixed Income","1,795,099.12","0.05","1,795,099.12","1,765,000.00","1,765,000.00","101.02","Canada","-","CAD","4.69","1.00","Oct 1, 2031","4.31","CAD","Oct 1, 2024"
"SSLFIN","SSL FINANCE INC","Infrastructure","Fixed Income","1,789,156.56","0.05","1,789,156.56","1,891,671.00","1,891,671.00","94.26","Canada","-","CAD","8.10","1.00","Oct 31, 2045","4.10","CAD","Jun 19, 2015"
"BCECN","BELL CANADA MTN","Communication","Fixed Income","1,787,321.61","0.05","1,787,321.61","1,888,000.00","1,888,000.00","93.56","Canada","-","CAD","12.92","1.00","Feb 27, 2047","4.45","CAD","Feb 27, 2017"
"OXPROP","OXFORD PROPERTIES GROUP TRUST","Real Estate","Fixed Income","1,781,252.93","0.05","1,781,252.93","1,710,000.00","1,710,000.00","102.05","Canada","-","CAD","5.12","1.00","Jun 4, 2032","4.39","CAD","Jun 5, 2025"
"GTAAIR","GREATER TORONTO AIRPORTS AUTHORITY","Infrastructure","Fixed Income","1,778,432.79","0.05","1,778,432.79","2,260,000.00","2,260,000.00","78.23","Canada","-","CAD","15.90","1.00","Oct 5, 2051","3.15","CAD","Oct 5, 2021"
"BRUPOW","BRUCE POWER LP RegS","Energy","Fixed Income","1,776,011.31","0.05","1,776,011.31","1,750,000.00","1,750,000.00","99.60","Canada","-","CAD","5.61","1.00","Dec 21, 2032","4.00","CAD","Dec 8, 2025"
"CUCN","CANADIAN UTILITIES LTD","Energy","Fixed Income","1,775,707.15","0.05","1,775,707.15","1,720,000.00","1,720,000.00","101.35","Canada","-","CAD","7.26","1.00","Jun 24, 2035","4.41","CAD","Jun 24, 2025"
"BMW","BMW CANADA INC","Industrial","Fixed Income","1,775,384.12","0.05","1,775,384.12","1,760,000.00","1,760,000.00","99.76","Germany","-","CAD","3.40","1.00","Feb 4, 2030","3.54","CAD","Feb 3, 2026"
"MFCCN","MANULIFE BANK OF CANADA","Financial","Fixed Income","1,773,152.36","0.05","1,773,152.36","1,760,000.00","1,760,000.00","99.20","Canada","-","CAD","2.81","1.00","Jun 1, 2029","3.16","CAD","Dec 1, 2025"
"POWCN","POWER CORPORATION OF CANADA","Financial","Fixed Income","1,769,507.14","0.05","1,769,507.14","1,855,000.00","1,855,000.00","93.90","Canada","-","CAD","13.37","1.00","Jul 27, 2048","4.46","CAD","Jul 25, 2018"
"ENBPIP","ENBRIDGE PIPELINES INC MTN","Energy","Fixed Income","1,758,953.10","0.05","1,758,953.10","1,690,000.00","1,690,000.00","103.31","Canada","-","CAD","9.74","1.00","Apr 6, 2040","5.33","CAD","Apr 6, 2010"
"FCRCN","FIRST CAPITAL REAL ESTATE INVESTME","Real Estate","Fixed Income","1,758,474.45","0.05","1,758,474.45","1,625,000.00","1,625,000.00","106.86","Canada","-","CAD","4.03","1.00","Mar 1, 2031","5.57","CAD","Mar 1, 2024"
"VW","VW CREDIT CANADA INC","Financial","Fixed Income","1,756,788.53","0.05","1,756,788.53","1,695,000.00","1,695,000.00","102.46","Germany","-","CAD","2.97","1.00","Aug 20, 2029","4.42","CAD","Aug 19, 2024"
"NVLAUT","NOUVELLE AUTOROUTE 30 FINANCEMENT","Infrastructure","Fixed Income","1,756,323.13","0.05","1,756,323.13","1,861,289.00","1,861,289.00","93.70","Canada","-","CAD","8.85","1.00","Mar 31, 2042","4.11","CAD","Jun 14, 2018"
"HYDONE","HYDRO ONE INC.","Infrastructure","Fixed Income","1,756,353.47","0.05","1,756,353.47","1,493,000.00","1,493,000.00","114.07","Canada","-","CAD","3.42","1.00","Jun 3, 2030","7.35","CAD","Jun 1, 2000"
"AIREIN","AIMCO REALTY INVESTORS LP","Real Estate","Fixed Income","1,754,496.06","0.05","1,754,496.06","1,720,000.00","1,720,000.00","100.35","Canada","-","CAD","0.86","1.00","Jun 1, 2027","3.37","CAD","Dec 7, 2018"
"QBRCN","VIDEOTRON LTD RegS","Communication","Fixed Income","1,753,327.17","0.05","1,753,327.17","1,650,000.00","1,650,000.00","104.43","Canada","-","CAD","6.51","1.00","Jul 15, 2034","5.00","CAD","Jun 21, 2024"
"TORHYD","TORONTO HYDRO CORPORATION","Infrastructure","Fixed Income","1,752,393.04","0.05","1,752,393.04","1,741,000.00","1,741,000.00","99.95","Canada","-","CAD","6.96","1.00","Sep 26, 2034","3.99","CAD","Sep 26, 2024"
"ATRLCN","ATKINSREALIS GROUP INC RegS","Industrial","Fixed Income","1,749,860.57","0.05","1,749,860.57","1,710,000.00","1,710,000.00","101.69","Canada","-","CAD","4.47","1.00","Jun 15, 2031","4.41","CAD","Apr 6, 2026"
"SRUUCN","SMARTCENTRES REAL ESTATE INVESTMEN","Real Estate","Fixed Income","1,749,938.25","0.05","1,749,938.25","1,725,000.00","1,725,000.00","99.30","Canada","-","CAD","5.16","1.00","Jun 12, 2032","4.32","CAD","Nov 12, 2025"
"SRUUCN","SMARTCENTRES REAL ESTATE INVESTMEN","Real Estate","Fixed Income","1,742,983.82","0.05","1,742,983.82","1,738,000.00","1,738,000.00","98.74","Canada","-","CAD","3.26","1.00","Dec 20, 2029","3.53","CAD","Dec 20, 2019"
"F","FORD CREDIT CANADA CO RegS","Financial","Fixed Income","1,740,346.37","0.05","1,740,346.37","1,650,000.00","1,650,000.00","105.14","United States","-","CAD","2.20","1.00","Nov 10, 2028","6.38","CAD","Nov 10, 2023"
"PPLCN","PEMBINA PIPELINE CORP","Energy","Fixed Income","1,739,956.46","0.05","1,739,956.46","1,885,000.00","1,885,000.00","92.29","Canada","-","CAD","13.80","1.00","May 28, 2050","4.67","CAD","May 28, 2020"
"BCECN","BELL CANADA MTN","Communication","Fixed Income","1,739,582.47","0.05","1,739,582.47","1,795,000.00","1,795,000.00","96.12","Canada","-","CAD","11.84","1.00","Sep 29, 2044","4.75","CAD","Sep 29, 2014"
"CNRCN","CANADIAN NATIONAL RAILWAY COMPANY","Industrial","Fixed Income","1,739,267.29","0.05","1,739,267.29","1,721,000.00","1,721,000.00","100.03","Canada","-","CAD","2.01","1.00","Jul 31, 2028","3.20","CAD","Jul 31, 2018"
"GZMCN","ENERGIR INC RegS","Energy","Fixed Income","1,738,497.08","0.05","1,738,497.08","1,789,000.00","1,789,000.00","96.27","Canada","-","CAD","5.13","1.00","Feb 9, 2032","3.04","CAD","Feb 9, 2022"
"HYDONE","HYDRO ONE INC MTN","Infrastructure","Fixed Income","1,735,987.04","0.05","1,735,987.04","1,844,000.00","1,844,000.00","93.53","Canada","-","CAD","4.38","1.00","Jan 16, 2031","1.69","CAD","Oct 9, 2020"
"CPXCN","CAPITAL POWER CORP MTN","Energy","Fixed Income","1,730,704.13","0.05","1,730,704.13","1,825,000.00","1,825,000.00","94.33","Canada","-","CAD","5.66","1.00","Oct 1, 2032","3.15","CAD","Oct 1, 2020"
"ENBGAS","ENBRIDGE GAS INC MTN 144A","Energy","Fixed Income","1,730,228.75","0.05","1,730,228.75","1,596,000.00","1,596,000.00","107.08","Canada","-","CAD","7.60","1.00","Feb 25, 2036","5.21","CAD","Feb 24, 2006"
"IGMCN","INVESTORS GROUP INC.","Financial","Fixed Income","1,730,061.32","0.05","1,730,061.32","1,449,000.00","1,449,000.00","117.78","Canada","-","CAD","5.44","1.00","Mar 7, 2033","7.11","CAD","Mar 5, 2003"
"EQBCN","EQUITABLE BANK","Financial","Fixed Income","1,722,282.62","0.05","1,722,282.62","1,715,000.00","1,715,000.00","100.18","Canada","-","CAD","1.86","1.00","May 5, 2028","3.74","CAD","May 5, 2025"
"LOWMAT","LOWER MATTAGAMI ENERGY LP","Infrastructure","Fixed Income","1,718,446.94","0.05","1,718,446.94","1,617,000.00","1,617,000.00","106.12","Canada","-","CAD","10.50","1.00","May 18, 2041","5.14","CAD","May 17, 2011"
"F","FORD CREDIT CANADA CO","Financial","Fixed Income","1,718,056.03","0.05","1,718,056.03","1,676,000.00","1,676,000.00","101.49","United States","-","CAD","2.98","1.00","Sep 12, 2029","4.79","CAD","Sep 12, 2024"
"APUCN","ALLIED PROPERTIES REAL ESTATE INVE","Real Estate","Fixed Income","1,711,222.71","0.05","1,711,222.71","1,775,000.00","1,775,000.00","95.58","Canada","-","CAD","3.47","1.00","Feb 21, 2030","3.12","CAD","Feb 21, 2020"
"VW","VW CREDIT CANADA INC RegS","Financial","Fixed Income","1,707,181.61","0.05","1,707,181.61","1,643,000.00","1,643,000.00","103.68","Germany","-","CAD","1.41","1.00","Nov 15, 2027","5.86","CAD","Nov 15, 2022"
"ALACN","ALTAGAS LTD MTN RegS","Energy","Fixed Income","1,701,998.03","0.05","1,701,998.03","1,600,000.00","1,600,000.00","105.30","Canada","-","CAD","6.29","1.00","Mar 14, 2034","5.14","CAD","Mar 14, 2024"
"CUCN","CU INC MTN","Energy","Fixed Income","1,701,121.18","0.05","1,701,121.18","1,913,000.00","1,913,000.00","88.86","Canada","-","CAD","14.14","1.00","Nov 23, 2048","3.95","CAD","Nov 21, 2018"
"CAAIAU","CALGARY AIRPORT AUTHORITY","Infrastructure","Fixed Income","1,697,375.76","0.05","1,697,375.76","1,863,000.00","1,863,000.00","90.63","Canada","-","CAD","9.82","1.00","Oct 7, 2038","3.34","CAD","Oct 7, 2021"
"ALACN","ALTAGAS LTD MTN","Energy","Fixed Income","1,694,959.42","0.05","1,694,959.42","1,621,000.00","1,621,000.00","102.76","Canada","-","CAD","2.35","1.00","Jan 8, 2029","4.67","CAD","Jan 8, 2024"
"GTAAIR","GREATER TORONTO AIRPORTS AUTHORITY MTN 144A","Infrastructure","Fixed Income","1,690,134.09","0.05","1,690,134.09","1,640,000.00","1,640,000.00","100.85","Canada","-","CAD","10.82","1.00","Dec 2, 2041","4.53","CAD","Dec 2, 2011"
"ENBPIP","ENBRIDGE PIPELINES INC MTN","Energy","Fixed Income","1,685,660.50","0.05","1,685,660.50","1,525,000.00","1,525,000.00","108.92","Canada","-","CAD","13.76","1.00","Aug 17, 2053","5.82","CAD","Aug 17, 2023"
"ETRHWY","407 INTERNATIONAL INC MTN","Infrastructure","Fixed Income","1,684,789.15","0.05","1,684,789.15","1,641,000.00","1,641,000.00","101.47","Canada","-","CAD","1.63","1.00","Feb 14, 2028","4.22","CAD","Sep 7, 2022"
"AERMON","AEROPORTS DE MONTREAL","Infrastructure","Fixed Income","1,679,940.05","0.05","1,679,940.05","1,804,000.00","1,804,000.00","91.32","Canada","-","CAD","12.63","1.00","Jun 12, 2045","3.92","CAD","Jun 12, 2015"
"KEYCN","KEYERA CORP MTN","Energy","Fixed Income","1,678,103.87","0.05","1,678,103.87","1,560,000.00","1,560,000.00","105.32","Canada","-","CAD","13.76","1.00","Jan 4, 2054","5.66","CAD","Jan 4, 2024"
"FCRCN","FIRST CAPITAL REAL ESTATE INVESTME RegS","Real Estate","Fixed Income","1,677,182.90","0.05","1,677,182.90","1,540,000.00","1,540,000.00","106.40","Canada","-","CAD","4.93","1.00","Jun 12, 2032","5.46","CAD","Jun 12, 2024"
"VW","VW CREDIT CANADA INC RegS","Financial","Fixed Income","1,675,861.15","0.05","1,675,861.15","1,580,000.00","1,580,000.00","104.97","Germany","-","CAD","2.15","1.00","Sep 20, 2028","5.73","CAD","Sep 20, 2023"
"DTRGR","DAIMLER TRUCK FINANCE CANADA INC","Financial","Fixed Income","1,667,945.81","0.05","1,667,945.81","1,605,000.00","1,605,000.00","103.14","Germany","-","CAD","3.07","1.00","Sep 27, 2029","4.54","CAD","Jun 25, 2024"
"HYNMTR","HYUNDAI CAPITAL CANADA INC","Financial","Fixed Income","1,666,561.03","0.05","1,666,561.03","1,585,000.00","1,585,000.00","103.56","Canada","-","CAD","2.40","1.00","Jan 31, 2029","4.89","CAD","Jan 31, 2024"
"IFCCN","INTACT FINANCIAL CORP MTN RegS","Financial","Fixed Income","1,665,902.27","0.05","1,665,902.27","1,671,000.00","1,671,000.00","98.75","Canada","-","CAD","5.94","1.00","Feb 28, 2038","3.78","CAD","Feb 27, 2026"
"APUCN","ALLIED PROPERTIES REAL ESTATE INVE","Real Estate","Fixed Income","1,665,483.69","0.05","1,665,483.69","1,695,000.00","1,695,000.00","97.30","Canada","-","CAD","3.00","1.00","Aug 15, 2029","3.39","CAD","Aug 15, 2019"
"TOYOTA","TOYOTA CREDIT CANADA INC MTN RegS","Financial","Fixed Income","1,663,566.32","0.05","1,663,566.32","1,574,000.00","1,574,000.00","103.75","Canada","-","CAD","1.97","1.00","Jul 12, 2028","5.16","CAD","Jul 12, 2023"
"HYDONE","HYDRO ONE INC MTN","Infrastructure","Fixed Income","1,663,392.76","0.05","1,663,392.76","2,192,000.00","2,192,000.00","75.25","Canada","-","CAD","15.76","1.00","Sep 15, 2051","3.10","CAD","Sep 17, 2021"
"HYDONE","HYDRO ONE INC","Infrastructure","Fixed Income","1,659,788.79","0.05","1,659,788.79","1,971,000.00","1,971,000.00","83.67","Canada","-","CAD","14.77","1.00","Apr 5, 2050","3.64","CAD","Apr 5, 2019"
"ELFCN","EMPIRE LIFE INSURANCE CO RegS","Financial","Fixed Income","1,658,316.92","0.05","1,658,316.92","1,640,000.00","1,640,000.00","101.07","Canada","-","CAD","4.42","1.00","May 26, 2036","4.22","CAD","May 25, 2026"
"XCN","TMX GROUP LTD RegS","Financial","Fixed Income","1,653,550.21","0.05","1,653,550.21","1,575,000.00","1,575,000.00","103.68","Canada","-","CAD","2.88","1.00","Aug 16, 2029","4.68","CAD","Feb 16, 2024"
"TERANE","TERANET HOLDINGS LP RegS","Industrial","Fixed Income","1,651,470.33","0.05","1,651,470.33","1,610,000.00","1,610,000.00","101.52","Canada","-","CAD","4.97","1.00","Mar 7, 2032","4.64","CAD","Mar 7, 2025"
"ENBPIP","ENBRIDGE PIPELINES INC MTN","Energy","Fixed Income","1,649,813.44","0.05","1,649,813.44","1,909,000.00","1,909,000.00","86.23","Canada","-","CAD","14.40","1.00","May 12, 2051","4.20","CAD","May 12, 2021"
"ENBGAS","ENBRIDGE GAS INC","Energy","Fixed Income","1,644,066.99","0.05","1,644,066.99","1,698,000.00","1,698,000.00","95.56","Canada","-","CAD","14.61","1.00","Aug 17, 2052","4.55","CAD","Aug 17, 2022"
"HYDONE","HYDRO ONE INC MTN","Infrastructure","Fixed Income","1,637,517.93","0.05","1,637,517.93","1,579,000.00","1,579,000.00","103.16","Canada","-","CAD","12.70","1.00","Oct 19, 2046","5.00","CAD","Oct 19, 2006"
"CRRUCN","CROMBIE REAL ESTATE INVESTMENT TRU","Real Estate","Fixed Income","1,630,967.33","0.05","1,630,967.33","1,570,000.00","1,570,000.00","102.15","Canada","-","CAD","4.82","1.00","Jan 15, 2032","4.73","CAD","Oct 11, 2024"
"FTSCN","FORTISALBERTA INC","Infrastructure","Fixed Income","1,630,527.28","0.05","1,630,527.28","1,611,000.00","1,611,000.00","101.19","Canada","-","CAD","15.02","1.00","May 27, 2054","4.90","CAD","May 27, 2024"
"CTLONE","CENTRAL 1 CREDIT UNION MTN","Financial","Fixed Income","1,629,891.83","0.05","1,629,891.83","1,610,000.00","1,610,000.00","100.16","Canada","-","CAD","3.81","1.00","Aug 20, 2030","4.00","CAD","Aug 20, 2025"
"TERANE","TERANET HOLDINGS LP","Industrial","Fixed Income","1,626,503.60","0.05","1,626,503.60","1,487,000.00","1,487,000.00","106.66","Canada","-","CAD","9.73","1.00","Jun 17, 2041","6.10","CAD","Apr 4, 2011"
"EPCOR","EPCOR UTILITIES INC RegS","Infrastructure","Fixed Income","1,624,921.15","0.05","1,624,921.15","1,625,000.00","1,625,000.00","99.46","Canada","-","CAD","3.98","1.00","Oct 1, 2030","3.37","CAD","Oct 1, 2025"
"COAGAS","COASTAL GASLINK PIPELINE LP","Energy","Fixed Income","1,618,040.36","0.05","1,618,040.36","1,560,000.00","1,560,000.00","101.80","Canada","-","CAD","1.04","1.00","Jun 30, 2027","4.67","CAD","Jun 13, 2024"
"BNCN","BROOKFIELD FINANCE II INC MTN RegS","Industrial","Fixed Income","1,614,241.27","0.05","1,614,241.27","1,565,000.00","1,565,000.00","101.11","Canada","-","CAD","5.67","1.00","Mar 1, 2033","4.39","CAD","Dec 11, 2025"
"GWOCN","GREAT-WEST LIFECO INC","Financial","Fixed Income","1,611,173.31","0.05","1,611,173.31","1,407,000.00","1,407,000.00","114.42","Canada","-","CAD","4.66","1.00","Nov 24, 2031","6.74","CAD","Nov 23, 2001"
"FCRCN","FIRST CAPITAL REAL ESTATE INVESTME RegS","Real Estate","Fixed Income","1,602,952.99","0.05","1,602,952.99","1,525,000.00","1,525,000.00","102.90","Canada","-","CAD","5.76","1.00","Jun 13, 2033","4.83","CAD","Jun 13, 2025"
"HYDONE","HYDRO ONE INC MTN","Infrastructure","Fixed Income","1,602,842.29","0.05","1,602,842.29","1,632,000.00","1,632,000.00","97.44","Canada","-","CAD","10.91","1.00","Sep 26, 2041","4.39","CAD","Sep 26, 2011"
"CP","CANADIAN PACIFIC RAILWAY COMPANY","Industrial","Fixed Income","1,599,330.94","0.05","1,599,330.94","1,596,000.00","1,596,000.00","99.54","Canada","-","CAD","2.59","1.00","Mar 13, 2029","3.15","CAD","Mar 13, 2019"
"BAMREP","BROOKFIELD RENEWABLE PARTNERS ULC MTN","Energy","Fixed Income","1,599,181.60","0.05","1,599,181.60","2,130,000.00","2,130,000.00","74.12","Canada","-","CAD","14.78","1.00","Aug 13, 2050","3.33","CAD","Aug 13, 2020"
"ETRHWY","407 INTERNATIONAL INC MTN","Infrastructure","Fixed Income","1,598,817.51","0.05","1,598,817.51","1,624,000.00","1,624,000.00","98.28","Canada","-","CAD","10.98","1.00","Nov 15, 2041","4.45","CAD","Nov 17, 2011"
"MRUCN","METRO INC RegS","Industrial","Fixed Income","1,597,197.35","0.05","1,597,197.35","1,515,000.00","1,515,000.00","104.01","Canada","-","CAD","5.58","1.00","Feb 7, 2033","4.66","CAD","Feb 6, 2023"
"KEYCN","KEYERA CORP MTN","Energy","Fixed Income","1,592,108.38","0.05","1,592,108.38","1,578,000.00","1,578,000.00","100.89","Canada","-","CAD","3.59","1.00","May 29, 2030","3.96","CAD","May 29, 2020"
"ALTALK","ALTALINK LP MTN","Infrastructure","Fixed Income","1,591,669.11","0.05","1,591,669.11","1,693,000.00","1,693,000.00","92.33","Canada","-","CAD","12.55","1.00","Jun 30, 2045","4.09","CAD","Jun 30, 2015"
"ACICN","ALTAGAS CANADA INC MTN","Energy","Fixed Income","1,589,341.70","0.05","1,589,341.70","1,532,000.00","1,532,000.00","101.70","Canada","-","CAD","2.16","1.00","Dec 5, 2028","4.26","CAD","Dec 5, 2018"
"NSIUCN","NOVA SCOTIA POWER INC RegS","Infrastructure","Fixed Income","1,587,643.51","0.05","1,587,643.51","1,570,000.00","1,570,000.00","100.67","Canada","-","CAD","4.38","1.00","Apr 17, 2031","3.95","CAD","Apr 17, 2026"
"VANAIR","VANCOUVER AIRPORT AUTHORITY","Infrastructure","Fixed Income","1,582,705.32","0.05","1,582,705.32","2,136,000.00","2,136,000.00","73.57","Canada","-","CAD","15.93","1.00","Sep 21, 2050","2.80","CAD","Sep 21, 2020"
"HYDONE","HYDRO ONE INC MTN RegS","Infrastructure","Fixed Income","1,577,908.69","0.05","1,577,908.69","1,526,000.00","1,526,000.00","102.14","Canada","-","CAD","15.11","1.00","Aug 25, 2055","4.95","CAD","Aug 25, 2025"
"ENBGAS","ENBRIDGE GAS INC MTN","Energy","Fixed Income","1,574,244.49","0.05","1,574,244.49","1,577,000.00","1,577,000.00","99.77","Canada","-","CAD","1.43","1.00","Nov 22, 2027","2.88","CAD","Nov 22, 2017"
"NAVCAN","NAV CANADA MTN","Infrastructure","Fixed Income","1,573,786.95","0.05","1,573,786.95","1,920,000.00","1,920,000.00","81.43","Canada","-","CAD","14.46","1.00","Mar 30, 2048","3.29","CAD","Mar 29, 2018"
"SRUUCN","SMARTCENTRES REAL ESTATE INVESTMEN","Real Estate","Fixed Income","1,568,071.10","0.05","1,568,071.10","1,570,000.00","1,570,000.00","98.19","Canada","-","CAD","4.07","1.00","Dec 11, 2030","3.65","CAD","Jun 11, 2020"
"IFCCN","INTACT FINANCIAL CORP RegS","Financial","Fixed Income","1,567,117.57","0.05","1,567,117.57","1,554,000.00","1,554,000.00","99.44","Canada","-","CAD","3.85","1.00","Mar 31, 2086","5.64","CAD","Feb 27, 2026"
"TOYOTA","TOYOTA CREDIT CANADA INC MTN","Financial","Fixed Income","1,566,862.91","0.05","1,566,862.91","1,564,000.00","1,564,000.00","99.37","Canada","-","CAD","2.60","1.00","Feb 26, 2029","3.14","CAD","Feb 24, 2026"
"SUCN","SUNCOR ENERGY INC MTN","Energy","Fixed Income","1,565,966.09","0.05","1,565,966.09","1,705,000.00","1,705,000.00","90.93","Canada","-","CAD","12.81","1.00","Sep 13, 2046","4.34","CAD","Sep 13, 2016"
"CTLONE","CENTRAL 1 CREDIT UNION MTN","Financial","Fixed Income","1,564,881.79","0.05","1,564,881.79","1,515,000.00","1,515,000.00","101.88","Canada","-","CAD","1.53","1.00","Feb 7, 2028","4.65","CAD","Feb 7, 2023"
"ALTALK","ALTALINK LP MTN","Infrastructure","Fixed Income","1,564,229.38","0.05","1,564,229.38","1,692,000.00","1,692,000.00","92.36","Canada","-","CAD","12.55","1.00","Nov 21, 2044","4.05","CAD","Nov 21, 2014"
"CUCN","CU INC MTN","Energy","Fixed Income","1,562,361.04","0.05","1,562,361.04","1,478,000.00","1,478,000.00","105.58","Canada","-","CAD","8.17","1.00","Nov 20, 2036","5.03","CAD","Nov 20, 2006"
"ALTALK","ALTALINK LP","Infrastructure","Fixed Income","1,554,910.39","0.05","1,554,910.39","1,565,000.00","1,565,000.00","99.26","Canada","-","CAD","15.14","1.00","May 22, 2054","4.74","CAD","May 22, 2024"
"FTSCN","TERASEN GAS INC. MTN","Energy","Fixed Income","1,554,263.90","0.05","1,554,263.90","1,376,000.00","1,376,000.00","112.02","Canada","-","CAD","8.33","1.00","Oct 2, 2037","6.00","CAD","Oct 2, 2007"
"EPCOR","EPCOR UTILITIES INC MTN 144A","Infrastructure","Fixed Income","1,554,484.66","0.05","1,554,484.66","1,400,000.00","1,400,000.00","110.83","Canada","-","CAD","7.42","1.00","Nov 16, 2035","5.65","CAD","Nov 17, 2005"
"ENBCN","ENBRIDGE INC MTN","Energy","Fixed Income","1,546,302.10","0.05","1,546,302.10","1,812,000.00","1,812,000.00","84.56","Canada","-","CAD","14.47","1.00","Sep 21, 2051","4.10","CAD","Sep 21, 2021"
"PMZUCN","PRIMARIS REAL ESTATE INVESTMENT TR RegS","Real Estate","Fixed Income","1,544,458.99","0.05","1,544,458.99","1,405,000.00","1,405,000.00","107.31","Canada","-","CAD","2.68","1.00","Jun 30, 2029","6.37","CAD","Nov 22, 2023"
"TRPCN","TRANSCANADA PIPELINES LTD","Energy","Fixed Income","1,540,123.23","0.05","1,540,123.23","1,394,000.00","1,394,000.00","110.21","Canada","-","CAD","13.59","1.00","May 12, 2052","5.92","CAD","May 12, 2022"
"HYDONE","HYDRO ONE INC MTN","Infrastructure","Fixed Income","1,529,378.02","0.05","1,529,378.02","1,596,000.00","1,596,000.00","93.84","Canada","-","CAD","12.03","1.00","Jun 6, 2044","4.17","CAD","Jun 6, 2014"
"CNRCN","CANADIAN NATIONAL RAILWAY","Industrial","Fixed Income","1,524,315.39","0.05","1,524,315.39","2,004,000.00","2,004,000.00","75.14","Canada","-","CAD","15.20","1.00","Feb 8, 2050","3.05","CAD","Nov 1, 2019"
"CP","CANADIAN PACIFIC RAILWAY COMPANY","Industrial","Fixed Income","1,523,901.90","0.05","1,523,901.90","1,506,000.00","1,506,000.00","98.99","Canada","-","CAD","14.97","1.00","Jun 13, 2055","4.80","CAD","Jun 13, 2025"
"EAGCCT_24-1-A","EAGCCT_24-1 A RegS","Securitized","Fixed Income","1,523,790.69","0.05","1,523,790.69","1,433,000.00","1,433,000.00","104.14","Canada","-","CAD","2.78","1.00","Jun 17, 2029","4.92","CAD","Jun 4, 2024"
"GZMCN","ENERGIR LP","Energy","Fixed Income","1,523,241.05","0.05","1,523,241.05","1,485,000.00","1,485,000.00","100.22","Canada","-","CAD","14.48","1.00","Jun 2, 2053","4.83","CAD","Jun 2, 2023"
"MMSPT","MINI MALL STORAGE PROPERTIES TRUST RegS","Real Estate","Fixed Income","1,523,326.86","0.05","1,523,326.86","1,500,000.00","1,500,000.00","99.91","Canada","-","CAD","4.46","1.00","Jul 30, 2031","5.03","CAD","Jan 30, 2026"
"COOPFS","CO-OPERATORS FINANCIAL SERVICES LT","Financial","Fixed Income","1,521,472.71","0.05","1,521,472.71","1,548,000.00","1,548,000.00","98.14","Canada","-","CAD","3.66","1.00","May 13, 2030","3.33","CAD","May 11, 2020"
"ALCTRA","ALECTRA INC (CANADA)","Infrastructure","Fixed Income","1,520,937.25","0.05","1,520,937.25","1,428,000.00","1,428,000.00","106.29","Canada","-","CAD","14.41","1.00","Nov 14, 2052","5.22","CAD","Nov 14, 2022"
"TORHYD","TORONTO HYDRO CORPORATION","Infrastructure","Fixed Income","1,521,139.46","0.05","1,521,139.46","1,592,000.00","1,592,000.00","95.29","Canada","-","CAD","4.98","1.00","Oct 20, 2031","2.47","CAD","Oct 18, 2021"
"BCECN","BELL TELEPHONE COMPANY OF CANADA O MTN RegS","Communication","Fixed Income","1,519,527.78","0.05","1,519,527.78","1,512,000.00","1,512,000.00","100.50","Canada","-","CAD","14.80","1.00","Jun 3, 2056","5.30","CAD","Jun 3, 2026"
"GOUCN","GO RESIDENTIAL OPERATING LLC RegS","Real Estate","Fixed Income","1,511,825.62","0.05","1,511,825.62","1,500,000.00","1,500,000.00","99.48","United States","-","CAD","2.51","1.00","Feb 13, 2029","4.53","CAD","Feb 13, 2026"
"FNTETF","FIRST NATIONS ETF LP 144A","Energy","Fixed Income","1,507,342.63","0.05","1,507,342.63","1,526,054.00","1,526,054.00","97.09","Canada","-","CAD","5.23","1.00","Dec 31, 2041","4.14","CAD","Nov 22, 2017"
"ONTPOW","ONTARIO POWER GENERATION INC MTN","Energy","Fixed Income","1,506,794.33","0.05","1,506,794.33","1,814,000.00","1,814,000.00","82.29","Canada","-","CAD","14.78","1.00","Sep 13, 2050","3.65","CAD","Sep 13, 2019"
"TOYOTA","TOYOTA CREDIT CANADA INC MTN","Financial","Fixed Income","1,506,720.21","0.05","1,506,720.21","1,506,000.00","1,506,000.00","99.16","Canada","-","CAD","4.31","1.00","Feb 24, 2031","3.46","CAD","Feb 24, 2026"
"TORHYD","TORONTO HYDRO CORPORATION","Infrastructure","Fixed Income","1,503,400.86","0.05","1,503,400.86","1,458,000.00","1,458,000.00","102.49","Canada","-","CAD","14.52","1.00","Oct 13, 2052","4.95","CAD","Oct 13, 2022"
"SRUUCN","SMARTCENTRES REAL ESTATE INVESTMEN","Real Estate","Fixed Income","1,502,144.48","0.05","1,502,144.48","1,450,000.00","1,450,000.00","102.13","Canada","-","CAD","4.47","1.00","Aug 5, 2031","4.74","CAD","Feb 5, 2025"
"ENBGAS","ENBRIDGE GAS INC MTN","Energy","Fixed Income","1,500,099.87","0.05","1,500,099.87","1,677,000.00","1,677,000.00","87.59","Canada","-","CAD","13.06","1.00","Jun 1, 2046","3.80","CAD","May 31, 2016"
"IFCCN","INTACT FINANCIAL CORP MTN RegS","Financial","Fixed Income","1,499,226.55","0.05","1,499,226.55","1,550,000.00","1,550,000.00","95.87","Canada","-","CAD","11.49","1.00","Mar 21, 2060","4.64","CAD","Mar 21, 2025"
"BRUPOW","BRUCE POWER LP RegS","Energy","Fixed Income","1,498,392.03","0.05","1,498,392.03","1,395,000.00","1,395,000.00","105.24","Canada","-","CAD","4.88","1.00","Dec 21, 2032","4.99","CAD","Mar 23, 2023"
"ENBGAS","ENBRIDGE GAS INC MTN","Energy","Fixed Income","1,497,702.55","0.05","1,497,702.55","1,949,000.00","1,949,000.00","76.19","Canada","-","CAD","15.61","1.00","Sep 15, 2051","3.20","CAD","Sep 15, 2021"
"ENBCN","ENBRIDGE INC MTN RegS","Energy","Fixed Income","1,493,988.97","0.05","1,493,988.97","1,500,000.00","1,500,000.00","98.31","Canada","-","CAD","14.72","1.00","Feb 26, 2056","5.10","CAD","Feb 26, 2026"
"HYDONE","HYDRO ONE INC","Infrastructure","Fixed Income","1,492,121.69","0.05","1,492,121.69","2,089,000.00","2,089,000.00","70.76","Canada","-","CAD","15.69","1.00","Feb 28, 2050","2.71","CAD","Feb 28, 2020"
"NAVCAN","NAV CANADA","Infrastructure","Fixed Income","1,485,833.71","0.05","1,485,833.71","1,553,000.00","1,553,000.00","95.68","Canada","-","CAD","3.80","1.00","May 29, 2030","2.06","CAD","May 29, 2020"
"GEICN","GIBSON ENERGY INC MTN","Energy","Fixed Income","1,480,262.81","0.04","1,480,262.81","1,470,000.00","1,470,000.00","99.64","Canada","-","CAD","1.09","1.00","Jul 14, 2027","2.85","CAD","Jul 14, 2020"
"ONTPOW","ONTARIO POWER GENERATION INC MTN","Energy","Fixed Income","1,474,114.46","0.04","1,474,114.46","1,374,000.00","1,374,000.00","105.53","Canada","-","CAD","5.10","1.00","Jul 19, 2032","4.92","CAD","Jul 18, 2022"
"TOUCN","TOURMALINE OIL CORP","Energy","Fixed Income","1,473,723.59","0.04","1,473,723.59","1,415,000.00","1,415,000.00","101.76","Canada","-","CAD","0.96","1.00","May 30, 2027","4.86","CAD","May 30, 2024"
"ALTALK","ALTALINK LP MTN","Infrastructure","Fixed Income","1,472,977.65","0.04","1,472,977.65","1,494,000.00","1,494,000.00","98.34","Canada","-","CAD","10.99","1.00","Nov 8, 2041","4.46","CAD","Nov 8, 2011"
"REIUCN","RIOCAN REAL ESTATE INVESTMENT TRUS","Real Estate","Fixed Income","1,472,661.70","0.04","1,472,661.70","1,375,000.00","1,375,000.00","105.77","Canada","-","CAD","4.05","1.00","Mar 1, 2031","5.46","CAD","May 31, 2024"
"GRTCN","GRANITE REIT HOLDINGS LP","Real Estate","Fixed Income","1,470,014.39","0.04","1,470,014.39","1,450,000.00","1,450,000.00","100.78","Canada","-","CAD","3.08","1.00","Oct 4, 2029","4.00","CAD","Oct 4, 2024"
"ENBGAS","ENBRIDGE GAS INC","Energy","Fixed Income","1,468,103.03","0.04","1,468,103.03","1,424,000.00","1,424,000.00","101.95","Canada","-","CAD","5.33","1.00","Aug 17, 2032","4.15","CAD","Aug 17, 2022"
"WCPCN","WHITECAP RESOURCES INC RegS","Energy","Fixed Income","1,467,349.13","0.04","1,467,349.13","1,434,000.00","1,434,000.00","100.67","Canada","-","CAD","1.94","1.00","Jun 19, 2028","3.76","CAD","Jun 19, 2025"
"SRUUCN","SMARTCENTRES REAL ESTATE INVESTMEN","Real Estate","Fixed Income","1,466,077.55","0.04","1,466,077.55","1,445,000.00","1,445,000.00","99.98","Canada","-","CAD","0.98","1.00","Jun 11, 2027","3.19","CAD","Jun 11, 2020"
"EPCOR","EPCOR UTILITIES INC MTN","Infrastructure","Fixed Income","1,465,276.15","0.04","1,465,276.15","1,878,000.00","1,878,000.00","76.82","Canada","-","CAD","14.92","1.00","Jul 8, 2049","3.11","CAD","Jul 8, 2019"
"ALCTRA","ALECTRA INC (CANADA)","Infrastructure","Fixed Income","1,462,185.96","0.04","1,462,185.96","1,553,000.00","1,553,000.00","93.64","Canada","-","CAD","4.44","1.00","Feb 11, 2031","1.75","CAD","Feb 11, 2021"
"ALTALK","ALTALINK LP","Infrastructure","Fixed Income","1,461,730.99","0.04","1,461,730.99","1,419,000.00","1,419,000.00","102.82","Canada","-","CAD","10.35","1.00","Nov 15, 2040","4.87","CAD","Nov 15, 2010"
"FTTCN","FINNING INTERNATIONAL INC","Industrial","Fixed Income","1,461,436.39","0.04","1,461,436.39","1,432,000.00","1,432,000.00","101.90","Canada","-","CAD","1.80","1.00","May 16, 2028","4.45","CAD","May 16, 2023"
"ENOPOW","ENOVA POWER CORP RegS","Infrastructure","Fixed Income","1,459,837.90","0.04","1,459,837.90","1,440,000.00","1,440,000.00","100.12","Canada","-","CAD","4.19","1.00","Jan 21, 2031","3.60","CAD","Jan 21, 2026"
"CNRCN","CANADIAN NATIONAL RAILWAY COMPANY","Industrial","Fixed Income","1,458,424.87","0.04","1,458,424.87","1,453,000.00","1,453,000.00","99.47","Canada","-","CAD","2.53","1.00","Feb 8, 2029","3.00","CAD","Feb 8, 2019"
"ENBPIP","ENBRIDGE PIPELINES INC MTN","Energy","Fixed Income","1,457,708.72","0.04","1,457,708.72","1,644,000.00","1,644,000.00","87.44","Canada","-","CAD","12.82","1.00","Aug 9, 2046","4.13","CAD","Aug 9, 2016"
"ALCTRA","ALECTRA INC (CANADA)","Infrastructure","Fixed Income","1,457,929.15","0.04","1,457,929.15","1,371,000.00","1,371,000.00","104.22","Canada","-","CAD","6.51","1.00","Jun 13, 2034","4.63","CAD","Jun 13, 2024"
"CUCN","CU INC MTN","Energy","Fixed Income","1,454,289.92","0.04","1,454,289.92","1,664,000.00","1,664,000.00","87.29","Canada","-","CAD","13.55","1.00","Nov 19, 2046","3.76","CAD","Nov 17, 2016"
"IGMCN","IGM FINANCIAL INC","Financial","Fixed Income","1,452,115.05","0.04","1,452,115.05","1,345,000.00","1,345,000.00","107.92","Canada","-","CAD","14.38","1.00","May 26, 2053","5.43","CAD","May 26, 2023"
"MFCCN","MANULIFE BANK OF CANADA","Financial","Fixed Income","1,452,293.30","0.04","1,452,293.30","1,435,000.00","1,435,000.00","100.20","Canada","-","CAD","3.83","1.00","Aug 19, 2030","3.69","CAD","Aug 19, 2025"
"REIUCN","RIOCAN REAL ESTATE INVESTMENT TRUS RegS","Real Estate","Fixed Income","1,445,317.74","0.04","1,445,317.74","1,345,000.00","1,345,000.00","106.51","Canada","-","CAD","2.88","1.00","Oct 1, 2029","5.96","CAD","Jun 26, 2023"
"EPCOR","EPCOR UTILITIES INC MTN","Infrastructure","Fixed Income","1,441,767.72","0.04","1,441,767.72","1,442,000.00","1,442,000.00","98.86","Canada","-","CAD","10.99","1.00","Feb 28, 2042","4.55","CAD","Feb 28, 2012"
"ETRHWY","407 INTERNATIONAL INC MTN","Infrastructure","Fixed Income","1,441,223.97","0.04","1,441,223.97","1,386,000.00","1,386,000.00","102.72","Canada","-","CAD","4.59","1.00","Aug 14, 2031","4.45","CAD","Sep 7, 2022"
"NSIUCN","NOVA SCOTIA POWER INC RegS","Infrastructure","Fixed Income","1,440,991.35","0.04","1,440,991.35","1,881,000.00","1,881,000.00","76.30","Canada","-","CAD","14.99","1.00","Apr 25, 2050","3.31","CAD","Apr 24, 2020"
"VW","VW CREDIT CANADA INC RegS","Financial","Fixed Income","1,439,009.20","0.04","1,439,009.20","1,400,000.00","1,400,000.00","102.66","Germany","-","CAD","3.21","1.00","Nov 19, 2029","4.49","CAD","Nov 19, 2024"
"BRUPOW","BRUCE POWER LP RegS","Energy","Fixed Income","1,438,352.13","0.04","1,438,352.13","1,380,000.00","1,380,000.00","102.18","Canada","-","CAD","1.40","1.00","Dec 21, 2027","4.70","CAD","Mar 23, 2023"
"TORHYD","TORONTO HYDRO CORPORATION","Infrastructure","Fixed Income","1,438,081.72","0.04","1,438,081.72","1,435,000.00","1,435,000.00","99.55","Canada","-","CAD","5.55","1.00","Sep 24, 2032","3.65","CAD","Sep 24, 2025"
"APUCN","ALLIED PROPERTIES REAL ESTATE INVE","Real Estate","Fixed Income","1,428,339.80","0.04","1,428,339.80","1,445,000.00","1,445,000.00","98.73","Canada","-","CAD","1.89","1.00","May 15, 2028","3.13","CAD","May 15, 2020"
"CJTCN","CARGOJET INCOME FUND RegS","Industrial","Fixed Income","1,424,186.18","0.04","1,424,186.18","1,380,000.00","1,380,000.00","101.31","Canada","-","CAD","3.64","1.00","Jun 30, 2030","4.60","CAD","Jun 30, 2025"
"DTRGR","DAIMLER TRUCK FINANCE CANADA INC RegS","Financial","Fixed Income","1,424,253.11","0.04","1,424,253.11","1,415,000.00","1,415,000.00","100.22","Germany","-","CAD","2.26","1.00","Oct 13, 2028","3.48","CAD","Aug 13, 2025"
"MCAPCO","MCAP COMMERCIAL LP","Financial","Fixed Income","1,423,847.29","0.04","1,423,847.29","1,383,000.00","1,383,000.00","101.82","Canada","-","CAD","3.36","1.00","Mar 4, 2030","4.82","CAD","Mar 4, 2025"
"HOOPPR","HOOPP REALTY FINANCE TRUST RegS","Real Estate","Fixed Income","1,422,637.19","0.04","1,422,637.19","1,420,000.00","1,420,000.00","100.16","Canada","-","CAD","5.23","1.00","Nov 27, 2032","3.92","CAD","Nov 27, 2025"
"FTSCN","NEWFOUNDLAND POWER INC","Infrastructure","Fixed Income","1,422,155.41","0.04","1,422,155.41","1,421,640.00","1,421,640.00","98.69","Canada","-","CAD","14.93","1.00","Aug 18, 2055","4.91","CAD","Aug 18, 2025"
"GILCN","GILDAN ACTIVEWEAR INC. RegS","Industrial","Fixed Income","1,420,420.27","0.04","1,420,420.27","1,400,000.00","1,400,000.00","101.38","Canada","-","CAD","4.06","1.00","Nov 22, 2030","4.15","CAD","Mar 13, 2025"
"CNHI","CNH INDUSTRIAL CAPITAL CANADA LTD RegS","Financial","Fixed Income","1,420,470.32","0.04","1,420,470.32","1,400,000.00","1,400,000.00","100.94","United States","-","CAD","1.79","1.00","Apr 11, 2028","4.00","CAD","Oct 10, 2024"
"ENMAXC","ENMAX CORP","Infrastructure","Fixed Income","1,419,033.92","0.04","1,419,033.92","1,390,000.00","1,390,000.00","100.29","Canada","-","CAD","3.63","1.00","Jun 6, 2030","3.77","CAD","Jun 6, 2025"
"TOUCN","TOURMALINE OIL CORP RegS","Energy","Fixed Income","1,415,588.60","0.04","1,415,588.60","1,395,000.00","1,395,000.00","100.68","Canada","-","CAD","4.30","1.00","Mar 16, 2031","3.93","CAD","Mar 16, 2026"
"CHPUCN","CHOICE PROPERTIES REAL ESTATE INVE","Real Estate","Fixed Income","1,413,797.84","0.04","1,413,797.84","1,436,000.00","1,436,000.00","97.75","Canada","-","CAD","3.50","1.00","Mar 4, 2030","2.98","CAD","Mar 3, 2020"
"TOYOTA","TOYOTA CREDIT CANADA INC MTN","Financial","Fixed Income","1,412,577.44","0.04","1,412,577.44","1,400,000.00","1,400,000.00","99.99","Canada","-","CAD","2.11","1.00","Aug 18, 2028","3.31","CAD","Aug 18, 2025"
"ENBGAS","ENBRIDGE GAS INC MTN","Energy","Fixed Income","1,412,461.99","0.04","1,412,461.99","1,400,000.00","1,400,000.00","99.86","Canada","-","CAD","15.19","1.00","Sep 12, 2055","4.84","CAD","Sep 12, 2025"
"MGCN","MAGNA INTERNATIONAL INC","Industrial","Fixed Income","1,408,410.35","0.04","1,408,410.35","1,325,000.00","1,325,000.00","104.69","Canada","-","CAD","3.97","1.00","Jan 31, 2031","4.95","CAD","Mar 10, 2023"
"BAMREP","BROOKFIELD RENEWABLE PARTNERS ULC MTN","Energy","Fixed Income","1,405,072.44","0.04","1,405,072.44","1,599,000.00","1,599,000.00","87.59","Canada","-","CAD","13.88","1.00","Nov 5, 2049","4.29","CAD","Sep 13, 2019"
"AVELIV","AVENUE LIVING 2014 LP","Real Estate","Fixed Income","1,404,655.60","0.04","1,404,655.60","1,390,000.00","1,390,000.00","100.82","Canada","-","CAD","3.54","1.00","May 12, 2030","5.11","CAD","May 12, 2025"
"NSIUCN","NOVA SCOTIA POWER INC","Infrastructure","Fixed Income","1,404,423.92","0.04","1,404,423.92","1,335,000.00","1,335,000.00","104.23","Canada","-","CAD","14.11","1.00","Mar 24, 2053","5.36","CAD","Mar 24, 2023"
"ALTALK","ALTALINK LP MTN","Infrastructure","Fixed Income","1,403,994.18","0.04","1,403,994.18","1,348,000.00","1,348,000.00","103.17","Canada","-","CAD","11.53","1.00","Sep 17, 2043","4.92","CAD","Sep 17, 2013"
"BCIMCR","BCI QUADREAL REALTY","Real Estate","Fixed Income","1,404,229.23","0.04","1,404,229.23","1,486,000.00","1,486,000.00","93.90","Canada","-","CAD","3.93","1.00","Jul 24, 2030","1.75","CAD","Jul 24, 2020"
"FTSCN","FORTISALBERTA INC MTN","Infrastructure","Fixed Income","1,402,817.67","0.04","1,402,817.67","1,302,000.00","1,302,000.00","107.32","Canada","-","CAD","9.62","1.00","Oct 30, 2039","5.37","CAD","Oct 30, 2009"
"ALTALK","ALTALINK LP","Infrastructure","Fixed Income","1,399,531.01","0.04","1,399,531.01","1,332,000.00","1,332,000.00","105.06","Canada","-","CAD","5.50","1.00","Nov 28, 2032","4.69","CAD","Nov 28, 2022"
"ENBGAS","ENBRIDGE GAS INC MTN RegS","Energy","Fixed Income","1,396,373.98","0.04","1,396,373.98","1,515,000.00","1,515,000.00","91.12","Canada","-","CAD","12.33","1.00","Aug 22, 2044","4.00","CAD","Aug 22, 2014"
"ETRHWY","407 INTERNATIONAL INC MTN","Infrastructure","Fixed Income","1,395,116.43","0.04","1,395,116.43","1,370,000.00","1,370,000.00","101.10","Canada","-","CAD","14.89","1.00","Apr 4, 2054","4.89","CAD","Apr 4, 2024"
"CUCN","CU INC","Energy","Fixed Income","1,394,091.16","0.04","1,394,091.16","1,534,000.00","1,534,000.00","90.53","Canada","-","CAD","15.83","1.00","Oct 29, 2055","4.21","CAD","Oct 30, 2015"
"CNQCN","CANADIAN NATURAL RESOURCES LTD MTN","Energy","Fixed Income","1,385,042.22","0.04","1,385,042.22","1,399,000.00","1,399,000.00","96.61","Canada","-","CAD","12.52","1.00","May 30, 2047","4.85","CAD","May 30, 2017"
"SRUUCN","SMARTCENTRES REAL ESTATE INVESTMEN","Real Estate","Fixed Income","1,383,434.22","0.04","1,383,434.22","1,340,000.00","1,340,000.00","103.24","Canada","-","CAD","1.83","1.00","May 29, 2028","5.35","CAD","May 29, 2023"
"PMZUCN","PRIMARIS REAL ESTATE INVESTMENT TR RegS","Real Estate","Fixed Income","1,381,881.99","0.04","1,381,881.99","1,318,000.00","1,318,000.00","103.82","Canada","-","CAD","3.37","1.00","Mar 15, 2030","5.00","CAD","Aug 12, 2024"
"COCAPS","COAST CAPITAL SAVINGS FEDERAL CRED","Financial","Fixed Income","1,378,298.18","0.04","1,378,298.18","1,350,000.00","1,350,000.00","100.76","Canada","-","CAD","1.60","1.00","Feb 1, 2028","4.15","CAD","May 1, 2025"
"FCRCN","FIRST CAPITAL REAL ESTATE INVESTME RegS","Real Estate","Fixed Income","1,378,313.09","0.04","1,378,313.09","1,330,000.00","1,330,000.00","101.39","Canada","-","CAD","6.92","1.00","Feb 15, 2035","4.76","CAD","Dec 8, 2025"
"HYNMTR","HYUNDAI CAPITAL CANADA INC","Financial","Fixed Income","1,375,059.64","0.04","1,375,059.64","1,314,000.00","1,314,000.00","103.08","Canada","-","CAD","2.83","1.00","Jul 24, 2029","4.58","CAD","Jul 24, 2024"
"ETRHWY","HIGHWAY 407 144A","Infrastructure","Fixed Income","1,373,684.16","0.04","1,373,684.16","1,234,000.00","1,234,000.00","109.16","Canada","-","CAD","2.83","1.00","Jul 27, 2029","6.47","CAD","Jul 27, 1999"
"IVANCA","IVANHOE CAMBRIDGE II INC","Real Estate","Fixed Income","1,372,132.00","0.04","1,372,132.00","1,297,000.00","1,297,000.00","103.36","Canada","-","CAD","1.79","1.00","Jun 2, 2028","4.99","CAD","Jun 2, 2023"
"GZMCN","ENERGIR LP","Energy","Fixed Income","1,369,588.08","0.04","1,369,588.08","1,403,000.00","1,403,000.00","97.50","Canada","-","CAD","15.43","1.00","May 20, 2055","4.65","CAD","May 20, 2025"
"NSIUCN","NOVA SCOTIA POWER INC MTN","Infrastructure","Fixed Income","1,360,753.60","0.04","1,360,753.60","1,209,000.00","1,209,000.00","110.56","Canada","-","CAD","9.14","1.00","Jul 27, 2039","5.95","CAD","Jul 27, 2009"
"TOUCN","TOURMALINE OIL CORP RegS","Energy","Fixed Income","1,359,306.13","0.04","1,359,306.13","1,380,000.00","1,380,000.00","97.77","Canada","-","CAD","2.58","1.00","Feb 12, 2029","2.53","CAD","Aug 11, 2021"
"FNCN","FIRST NATIONAL FINANCIAL CORP RegS","Financial","Fixed Income","1,358,941.73","0.04","1,358,941.73","1,330,000.00","1,330,000.00","101.69","Canada","-","CAD","3.91","1.00","Oct 23, 2030","4.89","CAD","Oct 23, 2025"
"CNQCN","CANADIAN NATURAL RESOURCES LTD","Energy","Fixed Income","1,353,498.53","0.04","1,353,498.53","1,357,000.00","1,357,000.00","98.85","Canada","-","CAD","1.58","1.00","Jan 17, 2028","2.50","CAD","Nov 16, 2020"
"FCRCN","FIRST CAPITAL REAL ESTATE INVESTME RegS","Real Estate","Fixed Income","1,350,460.55","0.04","1,350,460.55","1,320,000.00","1,320,000.00","100.09","Canada","-","CAD","6.32","1.00","Feb 15, 2034","4.46","CAD","Nov 14, 2025"
"SAPCN","SAPUTO INC MTN","Industrial","Fixed Income","1,348,543.34","0.04","1,348,543.34","1,360,000.00","1,360,000.00","98.16","Canada","-","CAD","1.98","1.00","Jun 22, 2028","2.30","CAD","Jun 22, 2021"
"ENBCN","ENBRIDGE INC MTN","Energy","Fixed Income","1,344,836.05","0.04","1,344,836.05","1,234,000.00","1,234,000.00","107.60","Canada","-","CAD","9.28","1.00","Sep 2, 2039","5.75","CAD","Sep 2, 2009"
"IGMCN","IGM FINANCIAL INC","Financial","Fixed Income","1,339,173.78","0.04","1,339,173.78","1,455,000.00","1,455,000.00","90.11","Canada","-","CAD","13.35","1.00","Dec 9, 2047","4.12","CAD","Dec 7, 2017"
"TORHYD","TORONTO HYDRO CORPORATION RegS","Infrastructure","Fixed Income","1,327,928.95","0.04","1,327,928.95","1,245,000.00","1,245,000.00","104.56","Canada","-","CAD","5.80","1.00","Jun 14, 2033","4.61","CAD","Jun 14, 2023"
"ENBCN","ENBRIDGE INC MTN","Energy","Fixed Income","1,327,949.61","0.04","1,327,949.61","1,361,000.00","1,361,000.00","97.46","Canada","-","CAD","11.91","1.00","Nov 21, 2044","4.87","CAD","Dec 21, 2018"
"HRUCN","H&R REAL ESTATE INVESTMENT TRUST","Real Estate","Fixed Income","1,326,049.35","0.04","1,326,049.35","1,260,000.00","1,260,000.00","103.90","Canada","-","CAD","2.46","1.00","Feb 28, 2029","5.46","CAD","Feb 28, 2024"
"REIUCN","RIOCAN REAL ESTATE INVESTMENT TRUS","Real Estate","Fixed Income","1,320,607.83","0.04","1,320,607.83","1,295,000.00","1,295,000.00","101.00","Canada","-","CAD","1.68","1.00","Mar 1, 2028","4.00","CAD","Oct 3, 2024"
"BCECN","BELL CANADA MTN","Communication","Fixed Income","1,319,597.88","0.04","1,319,597.88","1,130,000.00","1,130,000.00","115.55","Canada","-","CAD","4.07","1.00","Apr 2, 2031","7.85","CAD","Apr 2, 2001"
"NWHUCN","VITAL INFRASTRUCTURE PROPERTY TRUS","Real Estate","Fixed Income","1,317,782.81","0.04","1,317,782.81","1,260,000.00","1,260,000.00","103.08","Canada","-","CAD","3.29","1.00","Feb 18, 2030","5.51","CAD","Feb 18, 2025"
"MBGGR","MERCEDES-BENZ FINANCE CANADA INC MTN","Financial","Fixed Income","1,317,141.56","0.04","1,317,141.56","1,245,000.00","1,245,000.00","103.65","Germany","-","CAD","1.94","1.00","Jun 27, 2028","5.12","CAD","Jun 27, 2023"
"GILCN","GILDAN ACTIVEWEAR INC. RegS","Industrial","Fixed Income","1,316,571.05","0.04","1,316,571.05","1,300,000.00","1,300,000.00","100.51","Canada","-","CAD","1.71","1.00","Mar 13, 2028","3.63","CAD","Mar 13, 2025"
"VTR","VENTAS CANADA FINANCE LTD","Real Estate","Fixed Income","1,316,584.98","0.04","1,316,584.98","1,340,000.00","1,340,000.00","96.63","United States","-","CAD","4.91","1.00","Dec 1, 2031","3.30","CAD","Dec 1, 2021"
"CPXCN","CAPITAL POWER CORP MTN","Energy","Fixed Income","1,311,834.90","0.04","1,311,834.90","1,266,000.00","1,266,000.00","102.29","Canada","-","CAD","3.23","1.00","Feb 8, 2030","4.42","CAD","Nov 8, 2019"
"RUSCN","RUSSEL METALS INC RegS","Industrial","Fixed Income","1,311,113.86","0.04","1,311,113.86","1,290,000.00","1,290,000.00","100.89","Canada","-","CAD","3.45","1.00","Mar 28, 2030","4.42","CAD","Mar 28, 2025"
"BMW","BMW CANADA INC","Industrial","Fixed Income","1,310,890.64","0.04","1,310,890.64","1,295,000.00","1,295,000.00","100.65","Germany","-","CAD","2.67","1.00","Apr 2, 2029","3.70","CAD","Apr 1, 2025"
"SUCN","SUNCOR ENERGY INC.","Energy","Fixed Income","1,308,234.92","0.04","1,308,234.92","1,231,000.00","1,231,000.00","105.33","Canada","-","CAD","8.17","1.00","Mar 26, 2037","5.39","CAD","Mar 26, 2007"
"NACN","CANADIAN WESTERN BANK","Financial","Fixed Income","1,307,084.54","0.04","1,307,084.54","1,227,000.00","1,227,000.00","103.96","Canada","-","CAD","1.46","1.00","Dec 22, 2032","5.94","CAD","Dec 22, 2022"
"LOWMAT","LOWER MATTAGAMI ENERGY LP","Infrastructure","Fixed Income","1,305,681.02","0.04","1,305,681.02","1,227,000.00","1,227,000.00","106.03","Canada","-","CAD","6.14","1.00","Oct 31, 2033","4.85","CAD","Oct 31, 2022"
"STNCN","STANTEC INC. RegS","Industrial","Fixed Income","1,304,251.91","0.04","1,304,251.91","1,210,000.00","1,210,000.00","105.53","Canada","-","CAD","3.47","1.00","Jun 27, 2030","5.39","CAD","Jun 27, 2023"
"GZMCN","GAZ METRO INC","Energy","Fixed Income","1,303,951.35","0.04","1,303,951.35","1,153,000.00","1,153,000.00","110.92","Canada","-","CAD","7.65","1.00","Jul 10, 2036","5.70","CAD","Jul 10, 2006"
"DRSILL","DREAM SUMMIT INDUSTRIAL LP","Real Estate","Fixed Income","1,303,278.58","0.04","1,303,278.58","1,240,000.00","1,240,000.00","103.62","Canada","-","CAD","2.43","1.00","Feb 12, 2029","5.11","CAD","Feb 12, 2024"
"TERANE","TERANET HOLDINGS LP RegS","Industrial","Fixed Income","1,303,306.36","0.04","1,303,306.36","1,267,000.00","1,267,000.00","101.73","Canada","-","CAD","6.96","1.00","Mar 7, 2035","5.01","CAD","Mar 7, 2025"
"SJOEHC","INTEGRATED TEAM SOLUTIONS SJHC PAR","Infrastructure","Fixed Income","1,298,629.04","0.04","1,298,629.04","1,174,540.00","1,174,540.00","107.63","Canada","-","CAD","6.92","1.00","Nov 30, 2042","5.95","CAD","Mar 11, 2011"
"NXRCN","NEXUS INDUSTRIAL REIT RegS","Real Estate","Fixed Income","1,298,711.85","0.04","1,298,711.85","1,280,000.00","1,280,000.00","100.89","Canada","-","CAD","4.31","1.00","Apr 14, 2031","4.64","CAD","Apr 14, 2026"
"SMA","SMARTSTOP SELF STORAGE REIT INC","Real Estate","Fixed Income","1,297,822.42","0.04","1,297,822.42","1,295,000.00","1,295,000.00","99.51","United States","-","CAD","3.93","1.00","Sep 24, 2030","3.89","CAD","Sep 24, 2025"
"EAGCCT_25-1-A","EAGCCT_25-1 A","Securitized","Fixed Income","1,295,981.16","0.04","1,295,981.16","1,262,000.00","1,262,000.00","100.94","Canada","-","CAD","3.67","1.00","Jun 17, 2033","3.92","CAD","Apr 21, 2025"
"DE","JOHN DEERE FINANCIAL INC","Financial","Fixed Income","1,293,869.66","0.04","1,293,869.66","1,313,000.00","1,313,000.00","98.24","United States","-","CAD","1.25","1.00","Sep 8, 2027","1.34","CAD","Sep 8, 2020"
"VANAIR","VANCOUVER AIRPORT AUTHORITY","Infrastructure","Fixed Income","1,292,365.87","0.04","1,292,365.87","1,426,000.00","1,426,000.00","90.43","Canada","-","CAD","13.11","1.00","Nov 10, 2045","3.86","CAD","Nov 10, 2015"
"ENBGAS","ENBRIDGE GAS INC MTN","Energy","Fixed Income","1,288,823.63","0.04","1,288,823.63","1,233,000.00","1,233,000.00","102.40","Canada","-","CAD","10.33","1.00","Jun 21, 2041","4.88","CAD","Jun 21, 2011"
"MRUCN","METRO INC MTN","Industrial","Fixed Income","1,280,830.99","0.04","1,280,830.99","1,605,000.00","1,605,000.00","78.96","Canada","-","CAD","14.80","1.00","Feb 28, 2050","3.41","CAD","Feb 26, 2020"
"SAPCN","SAPUTO INC MTN","Industrial","Fixed Income","1,280,701.56","0.04","1,280,701.56","1,216,000.00","1,216,000.00","105.32","Canada","-","CAD","3.07","1.00","Nov 29, 2029","5.25","CAD","Nov 29, 2022"
"DTRGR","DAIMLER TRUCK FINANCE CANADA INC","Financial","Fixed Income","1,280,368.82","0.04","1,280,368.82","1,250,000.00","1,250,000.00","101.66","Germany","-","CAD","1.28","1.00","Sep 27, 2027","4.46","CAD","Jun 25, 2024"
"FCRCN","FIRST CAPITAL REAL ESTATE INVESTME","Real Estate","Fixed Income","1,277,949.08","0.04","1,277,949.08","1,265,000.00","1,265,000.00","100.18","Canada","-","CAD","1.63","1.00","Mar 1, 2028","3.45","CAD","Sep 1, 2020"
"IPLCN","INTER PIPELINE LTD","Energy","Fixed Income","1,277,467.17","0.04","1,277,467.17","1,340,000.00","1,340,000.00","95.31","Canada","-","CAD","13.78","1.00","Nov 27, 2051","5.09","CAD","Nov 25, 2021"
"REIUCN","RIOCAN REAL ESTATE INVESTMENT TRUS","Real Estate","Fixed Income","1,272,910.88","0.04","1,272,910.88","1,235,000.00","1,235,000.00","101.93","Canada","-","CAD","4.94","1.00","Mar 1, 2032","4.67","CAD","Feb 12, 2025"
"FTSCN","FORTISALBERTA INC MTN","Infrastructure","Fixed Income","1,272,937.26","0.04","1,272,937.26","1,265,000.00","1,265,000.00","100.59","Canada","-","CAD","14.79","1.00","May 26, 2053","4.86","CAD","May 26, 2023"
"MICCN","SAGEN MI CANADA INC","Financial","Fixed Income","1,270,855.22","0.04","1,270,855.22","1,318,000.00","1,318,000.00","95.66","Canada","-","CAD","4.34","1.00","Mar 5, 2031","3.26","CAD","Mar 5, 2021"
"HEQCN","CHIP MORTGAGE TRUST RegS","Securitized","Fixed Income","1,270,311.40","0.04","1,270,311.40","1,258,000.00","1,258,000.00","100.63","Canada","-","CAD","8.12","1.00","Aug 28, 2051","4.07","CAD","Apr 28, 2026"
"BMW","BMW CANADA INC","Industrial","Fixed Income","1,269,148.92","0.04","1,269,148.92","1,260,000.00","1,260,000.00","99.76","Germany","-","CAD","1.62","1.00","Feb 3, 2028","3.08","CAD","Feb 3, 2026"
"PENSKE","PENSKE TRUCK LEASING CANADA INC RegS","Industrial","Fixed Income","1,268,446.37","0.04","1,268,446.37","1,250,000.00","1,250,000.00","99.71","Canada","-","CAD","4.06","1.00","Dec 9, 2030","3.75","CAD","Dec 8, 2025"
"NACN","NATIONAL BANK OF CANADA","Financial","Fixed Income","1,267,985.28","0.04","1,267,985.28","1,175,000.00","1,175,000.00","105.96","Canada","-","CAD","2.44","1.00","Jan 29, 2034","5.95","CAD","Jan 29, 2024"
"ACICN","TRISUMMIT UTILITIES INC MTN RegS","Energy","Fixed Income","1,262,824.84","0.04","1,262,824.84","1,270,000.00","1,270,000.00","99.25","Canada","-","CAD","7.64","1.00","Nov 14, 2035","4.40","CAD","Nov 14, 2025"
"NSIUCN","NOVA SCOTIA POWER INC MTN","Infrastructure","Fixed Income","1,259,710.44","0.04","1,259,710.44","1,364,000.00","1,364,000.00","91.40","Canada","-","CAD","11.12","1.00","Mar 6, 2042","4.15","CAD","Mar 6, 2012"
"SRUUCN","SMARTCENTRES REAL ESTATE INVESTMEN","Real Estate","Fixed Income","1,259,449.38","0.04","1,259,449.38","1,245,000.00","1,245,000.00","99.37","Canada","-","CAD","2.81","1.00","Jun 12, 2029","3.60","CAD","Nov 12, 2025"
"EPCOR","EPCOR UTILITIES INC MTN","Infrastructure","Fixed Income","1,258,766.75","0.04","1,258,766.75","1,052,000.00","1,052,000.00","118.85","Canada","-","CAD","8.47","1.00","Apr 15, 2038","6.65","CAD","Apr 15, 2008"
"ENBCN","ENBRIDGE INC. MTN","Energy","Fixed Income","1,257,032.58","0.04","1,257,032.58","1,060,000.00","1,060,000.00","115.39","Canada","-","CAD","4.88","1.00","Jun 18, 2032","7.20","CAD","Jun 18, 2001"
"GWOCN","CANADA LIFE CAP TRUST","Financial","Fixed Income","1,248,515.52","0.04","1,248,515.52","1,040,000.00","1,040,000.00","116.98","Canada","-","CAD","5.32","1.00","Jun 30, 2052","7.53","CAD","Mar 14, 2002"
"CAAIAU","CALGARY AIRPORT AUTHORITY","Infrastructure","Fixed Income","1,245,777.98","0.04","1,245,777.98","1,501,000.00","1,501,000.00","82.49","Canada","-","CAD","16.00","1.00","Oct 7, 2053","3.55","CAD","Oct 7, 2021"
"SIACN","SIENNA SENIOR LIVING INC","Industrial","Fixed Income","1,243,180.48","0.04","1,243,180.48","1,225,000.00","1,225,000.00","99.92","Canada","-","CAD","2.39","1.00","Dec 18, 2028","3.52","CAD","Dec 18, 2025"
"DRSILL","SUMMIT INDUSTRIAL INCOME REIT","Real Estate","Fixed Income","1,242,747.02","0.04","1,242,747.02","1,257,000.00","1,257,000.00","97.96","Canada","-","CAD","2.04","1.00","Jul 14, 2028","2.44","CAD","Feb 17, 2023"
"DUBCA","FAIRSTONE BANK OF CANADA","Financial","Fixed Income","1,236,155.47","0.04","1,236,155.47","1,225,000.00","1,225,000.00","100.13","Canada","-","CAD","2.18","1.00","Sep 18, 2028","3.94","CAD","Sep 16, 2025"
"HYNMTR","HYUNDAI CAPITAL CANADA INC RegS","Financial","Fixed Income","1,234,665.78","0.04","1,234,665.78","1,220,000.00","1,220,000.00","101.03","Canada","-","CAD","4.44","1.00","May 13, 2031","4.00","CAD","May 13, 2026"
"REIUCN","RIOCAN REAL ESTATE INVESTMENT TRUS","Real Estate","Fixed Income","1,233,724.47","0.04","1,233,724.47","1,199,000.00","1,199,000.00","102.54","Canada","-","CAD","2.59","1.00","May 1, 2029","4.63","CAD","Apr 18, 2022"
"VANAIR","VANCOUVER AIRPORT AUTHORITY RegS","Infrastructure","Fixed Income","1,232,384.07","0.04","1,232,384.07","1,422,000.00","1,422,000.00","86.61","Canada","-","CAD","14.47","1.00","Nov 23, 2048","3.66","CAD","Nov 23, 2018"
"ENMAXC","ENMAX CORP","Infrastructure","Fixed Income","1,230,538.53","0.04","1,230,538.53","1,215,000.00","1,215,000.00","100.84","Canada","-","CAD","3.06","1.00","Oct 18, 2029","3.88","CAD","Oct 18, 2019"
"DRSILL","DREAM SUMMIT INDUSTRIAL LP","Real Estate","Fixed Income","1,228,303.78","0.04","1,228,303.78","1,190,000.00","1,190,000.00","101.91","Canada","-","CAD","4.13","1.00","Feb 12, 2031","4.51","CAD","Nov 14, 2024"
"CRTUCN","CT REAL ESTATE INVESTMENT TRUST","Real Estate","Fixed Income","1,228,005.32","0.04","1,228,005.32","1,236,000.00","1,236,000.00","98.42","Canada","-","CAD","2.54","1.00","Feb 5, 2029","3.03","CAD","Feb 3, 2022"
"AERMON","AEROPORTS DE MONTREAL","Infrastructure","Fixed Income","1,227,134.52","0.04","1,227,134.52","1,101,000.00","1,101,000.00","110.79","Canada","-","CAD","8.47","1.00","Oct 16, 2037","5.67","CAD","Oct 16, 2007"
"IGMCN","IGM FINANCIAL INC RegS","Financial","Fixed Income","1,223,260.28","0.04","1,223,260.28","1,337,000.00","1,337,000.00","90.70","Canada","-","CAD","14.20","1.00","Mar 21, 2050","4.21","CAD","Mar 20, 2019"
"LOWMAT","LOWER MATTAGAMI ENERGY LP","Infrastructure","Fixed Income","1,222,419.80","0.04","1,222,419.80","1,295,000.00","1,295,000.00","93.31","Canada","-","CAD","12.88","1.00","Feb 23, 2046","4.18","CAD","Feb 25, 2013"
"LCN","LOBLAW COMPANIES LIMITED MTN RegS","Industrial","Fixed Income","1,222,407.15","0.04","1,222,407.15","1,067,000.00","1,067,000.00","112.54","Canada","-","CAD","6.72","1.00","Jan 29, 2035","6.15","CAD","Jan 29, 2004"
"EDF","ELECTRICITE DE FRANCE SA RegS","Infrastructure","Fixed Income","1,221,998.88","0.04","1,221,998.88","1,230,000.00","1,230,000.00","97.74","France","-","CAD","14.21","1.00","Feb 6, 2055","5.23","CAD","Feb 6, 2025"
"ALACN","ALTAGAS LTD MTN","Energy","Fixed Income","1,222,028.95","0.04","1,222,028.95","1,204,000.00","1,204,000.00","100.90","Canada","-","CAD","1.10","1.00","Oct 4, 2027","3.98","CAD","Oct 4, 2017"
"FTSCN","FORTISBC INC MTN","Infrastructure","Fixed Income","1,219,605.94","0.04","1,219,605.94","1,362,000.00","1,362,000.00","89.21","Canada","-","CAD","12.45","1.00","Oct 28, 2044","4.00","CAD","Oct 28, 2014"
"ALTALK","ALTALINK LP MTN","Infrastructure","Fixed Income","1,219,610.57","0.04","1,219,610.57","1,265,000.00","1,265,000.00","94.73","Canada","-","CAD","14.92","1.00","Jul 11, 2053","4.45","CAD","Jul 12, 2013"
"CUCN","CU INC MTN","Energy","Fixed Income","1,218,275.69","0.04","1,218,275.69","1,107,000.00","1,107,000.00","109.61","Canada","-","CAD","8.54","1.00","Oct 30, 2037","5.56","CAD","Nov 1, 2007"
"BMW","BMW CANADA INC","Industrial","Fixed Income","1,217,308.99","0.04","1,217,308.99","1,180,000.00","1,180,000.00","102.47","Germany","-","CAD","1.76","1.00","Apr 5, 2028","4.66","CAD","Apr 5, 2024"
"DOLCN","DOLLARAMA INC","Industrial","Fixed Income","1,216,978.20","0.04","1,216,978.20","1,236,000.00","1,236,000.00","98.17","Canada","-","CAD","1.28","1.00","Sep 20, 2027","1.50","CAD","Sep 18, 2020"
"FRSTRS","INDEPENDENT ORDER OF FORESTERS","Financial","Fixed Income","1,215,911.77","0.04","1,215,911.77","1,275,000.00","1,275,000.00","95.02","Canada","-","CAD","4.00","1.00","Oct 15, 2035","2.88","CAD","Oct 15, 2020"
"AERMON","AEROPORTS DE MONTREAL","Infrastructure","Fixed Income","1,214,483.18","0.04","1,214,483.18","1,123,000.00","1,123,000.00","107.11","Canada","-","CAD","7.36","1.00","Sep 17, 2035","5.17","CAD","Sep 15, 2005"
"FCRCN","FIRST CAPITAL REAL ESTATE INVESTME","Real Estate","Fixed Income","1,208,781.35","0.04","1,208,781.35","1,185,000.00","1,185,000.00","100.60","Canada","-","CAD","1.08","1.00","Jul 12, 2027","3.75","CAD","Jul 10, 2017"
"SRUUCN","SMARTCENTRES REAL ESTATE INVESTMEN","Real Estate","Fixed Income","1,207,544.10","0.04","1,207,544.10","1,181,000.00","1,181,000.00","100.58","Canada","-","CAD","1.36","1.00","Dec 21, 2027","3.83","CAD","Dec 21, 2017"
"HEQCN","CHIP MORTGAGE TRUST RegS","Securitized","Fixed Income","1,207,122.69","0.04","1,207,122.69","1,200,000.00","1,200,000.00","99.98","Canada","-","CAD","4.17","1.00","Feb 1, 2031","3.87","CAD","Oct 1, 2025"
"ETRHWY","407 INTERNATIONAL INC. MTN","Infrastructure","Fixed Income","1,205,760.70","0.04","1,205,760.70","1,222,000.00","1,222,000.00","98.00","Canada","-","CAD","14.92","1.00","Oct 7, 2053","4.68","CAD","Oct 7, 2013"
"FTSCN","TERASEN GAS INC MTN","Energy","Fixed Income","1,205,341.21","0.04","1,205,341.21","1,085,000.00","1,085,000.00","110.84","Canada","-","CAD","8.76","1.00","May 13, 2038","5.80","CAD","May 13, 2008"
"TORHYD","TORONTO HYDRO CORPORATION","Infrastructure","Fixed Income","1,204,895.41","0.04","1,204,895.41","1,538,000.00","1,538,000.00","77.97","Canada","-","CAD","15.67","1.00","Oct 18, 2051","3.27","CAD","Oct 18, 2021"
"CRDPOW","CORDELIO AMALCO GP I","Energy","Fixed Income","1,204,095.95","0.04","1,204,095.95","1,193,884.00","1,193,884.00","99.17","Canada","-","CAD","3.51","1.00","Jun 30, 2034","4.09","CAD","Dec 10, 2018"
"CANCOR","CANADIAN CORE REAL ESTATE LP RegS","Real Estate","Fixed Income","1,201,635.19","0.04","1,201,635.19","1,175,000.00","1,175,000.00","101.74","Canada","-","CAD","3.08","1.00","Oct 16, 2029","4.48","CAD","Oct 16, 2024"
"TORHYD","TORONTO HYDRO CORPORATION","Infrastructure","Fixed Income","1,199,350.95","0.04","1,199,350.95","1,195,000.00","1,195,000.00","99.51","Canada","-","CAD","15.36","1.00","Sep 24, 2055","4.75","CAD","Sep 24, 2025"
"CCACN","COGECO COMMUNICATIONS INC","Communication","Fixed Income","1,198,086.83","0.04","1,198,086.83","1,120,000.00","1,120,000.00","105.49","Canada","-","CAD","5.49","1.00","Feb 16, 2033","5.30","CAD","Feb 16, 2023"
"NSIUCN","NOVA SCOTIA POWER INC RegS","Infrastructure","Fixed Income","1,196,937.26","0.04","1,196,937.26","1,146,000.00","1,146,000.00","104.25","Canada","-","CAD","5.43","1.00","Nov 15, 2032","4.95","CAD","Mar 24, 2023"
"GILCN","GILDAN ACTIVEWEAR INC. RegS","Industrial","Fixed Income","1,195,922.30","0.04","1,195,922.30","1,155,000.00","1,155,000.00","103.45","Canada","-","CAD","4.78","1.00","Nov 22, 2031","4.71","CAD","Nov 22, 2024"
"TOYOTA","TOYOTA CREDIT CANADA INC MTN","Financial","Fixed Income","1,194,795.02","0.04","1,194,795.02","1,156,000.00","1,156,000.00","101.87","Canada","-","CAD","1.57","1.00","Jan 24, 2028","4.33","CAD","Jan 24, 2023"
"FTSCN","FORTISBC ENERGY INC MTN","Energy","Fixed Income","1,192,339.63","0.04","1,192,339.63","1,055,000.00","1,055,000.00","111.53","Canada","-","CAD","6.85","1.00","Feb 26, 2035","5.90","CAD","Feb 25, 2005"
"APUCN","ALLIED PROPERTIES REAL ESTATE INVE","Real Estate","Fixed Income","1,191,799.43","0.04","1,191,799.43","1,145,000.00","1,145,000.00","103.12","Canada","-","CAD","2.10","1.00","Sep 26, 2028","5.53","CAD","Sep 26, 2024"
"ENBGAS","ENBRIDGE GAS INC MTN","Energy","Fixed Income","1,190,233.16","0.04","1,190,233.16","1,414,000.00","1,414,000.00","84.11","Canada","-","CAD","14.07","1.00","Nov 22, 2047","3.59","CAD","Nov 22, 2017"
"HYDONE","HYDRO ONE INC MTN","Infrastructure","Fixed Income","1,184,961.10","0.04","1,184,961.10","1,021,000.00","1,021,000.00","114.62","Canada","-","CAD","9.04","1.00","Mar 3, 2039","6.03","CAD","Mar 3, 2009"
"VANAIR","VANCOUVER AIRPORT AUTHORITY","Infrastructure","Fixed Income","1,183,485.98","0.04","1,183,485.98","1,567,000.00","1,567,000.00","75.20","Canada","-","CAD","15.55","1.00","Oct 18, 2049","2.87","CAD","Oct 18, 2019"
"PLEHHU","PLENARY HLTH CARE PTNRSHP HUMBR LP","Infrastructure","Fixed Income","1,183,121.17","0.04","1,183,121.17","1,128,940.00","1,128,940.00","102.39","Canada","-","CAD","5.70","1.00","May 31, 2039","4.89","CAD","Sep 23, 2011"
"IGMCN","IGM FINANCIAL INC","Financial","Fixed Income","1,182,714.27","0.04","1,182,714.27","1,211,000.00","1,211,000.00","96.12","Canada","-","CAD","12.81","1.00","Jan 25, 2047","4.56","CAD","Jan 26, 2017"
"PWFCN","POWER FINANCIAL CORPORATION","Financial","Fixed Income","1,180,057.47","0.04","1,180,057.47","1,012,000.00","1,012,000.00","115.11","Canada","-","CAD","5.47","1.00","Mar 11, 2033","6.90","CAD","Mar 11, 2003"
"ACICN","TRISUMMIT UTILITIES INC MTN RegS","Energy","Fixed Income","1,179,889.98","0.04","1,179,889.98","1,175,000.00","1,175,000.00","99.36","Canada","-","CAD","4.25","1.00","Feb 14, 2031","3.71","CAD","Nov 14, 2025"
"PMZUCN","PRIMARIS REAL ESTATE INVESTMENT TR RegS","Real Estate","Fixed Income","1,178,069.11","0.04","1,178,069.11","1,120,000.00","1,120,000.00","104.19","Canada","-","CAD","1.66","1.00","Mar 29, 2028","5.93","CAD","Mar 29, 2023"
"BCFERR","BRITISH COLUMBIA FERRY SERVICES IN","Infrastructure","Fixed Income","1,177,590.60","0.04","1,177,590.60","1,612,000.00","1,612,000.00","72.71","Canada","-","CAD","15.56","1.00","Oct 15, 2049","2.79","CAD","Oct 15, 2019"
"TORHYD","TORONTO HYDRO CORPORATION RegS","Infrastructure","Fixed Income","1,175,839.82","0.04","1,175,839.82","1,120,000.00","1,120,000.00","104.33","Canada","-","CAD","2.15","1.00","Oct 12, 2028","5.13","CAD","Oct 12, 2023"
"FNCN","FIRST NATIONAL FINANCIAL CORP RegS","Financial","Fixed Income","1,167,004.14","0.04","1,167,004.14","1,150,000.00","1,150,000.00","101.06","Canada","-","CAD","2.27","1.00","Oct 23, 2028","4.29","CAD","Oct 23, 2025"
"ACOXCN","ATCO LTD RegS","Energy","Fixed Income","1,163,957.80","0.04","1,163,957.80","1,155,000.00","1,155,000.00","100.75","Canada","-","CAD","3.65","1.00","May 27, 2030","3.88","CAD","May 27, 2025"
"PLEHHU","PLENARY HLTH CARE PTNRSHP HUMBR LP","Infrastructure","Fixed Income","1,162,617.17","0.04","1,162,617.17","1,165,000.00","1,165,000.00","97.42","Canada","-","CAD","11.74","1.00","Nov 30, 2044","4.82","CAD","Sep 23, 2011"
"ENBGAS","ENBRIDGE GAS INC MTN","Energy","Fixed Income","1,154,298.86","0.04","1,154,298.86","1,522,000.00","1,522,000.00","74.94","Canada","-","CAD","15.08","1.00","Aug 9, 2049","3.01","CAD","Aug 9, 2019"
"NWCONN","NORTHWESTCONNECT GROUP","Infrastructure","Fixed Income","1,152,166.51","0.03","1,152,166.51","1,066,333.00","1,066,333.00","107.58","Canada","-","CAD","6.61","1.00","Apr 30, 2041","5.95","CAD","Aug 12, 2008"
"CCLBCN","CCL INDUSTRIES INC","Industrial","Fixed Income","1,151,669.35","0.03","1,151,669.35","1,140,000.00","1,140,000.00","100.54","Canada","-","CAD","1.67","1.00","Apr 13, 2028","3.86","CAD","Apr 13, 2018"
"ALACN","ALTAGAS LTD MTN","Energy","Fixed Income","1,150,751.56","0.03","1,150,751.56","1,199,000.00","1,199,000.00","94.75","Canada","-","CAD","4.17","1.00","Nov 30, 2030","2.48","CAD","Nov 30, 2020"
"LCN","LOBLAW COMPANIES LIMITED MTN","Industrial","Fixed Income","1,147,492.75","0.03","1,147,492.75","1,013,000.00","1,013,000.00","111.16","Canada","-","CAD","7.33","1.00","Jan 18, 2036","5.90","CAD","Jan 18, 2005"
"IFCCN","INTACT FINANCIAL CORP MTN","Financial","Fixed Income","1,146,926.14","0.03","1,146,926.14","1,197,000.00","1,197,000.00","94.95","Canada","-","CAD","4.27","1.00","Dec 16, 2030","1.93","CAD","Dec 16, 2020"
"CCLGP","CAPITAL CITY LINK GENERAL PARTNERS","Infrastructure","Fixed Income","1,146,966.05","0.03","1,146,966.05","1,181,591.00","1,181,591.00","96.36","Canada","-","CAD","8.27","1.00","Mar 31, 2046","4.39","CAD","May 11, 2012"
"ATRLCN","ATKINSREALIS GROUP INC RegS","Industrial","Fixed Income","1,144,017.88","0.03","1,144,017.88","1,115,000.00","1,115,000.00","101.91","Canada","-","CAD","5.71","1.00","Mar 15, 2033","4.76","CAD","Apr 6, 2026"
"AERMON","AEROPORT DE MONTREAL","Infrastructure","Fixed Income","1,140,214.75","0.03","1,140,214.75","1,220,000.00","1,220,000.00","92.77","Canada","-","CAD","11.66","1.00","Sep 26, 2042","3.92","CAD","Sep 26, 2012"
"SRUUCN","SMARTCENTRES REAL ESTATE INVESTMEN","Real Estate","Fixed Income","1,139,539.68","0.03","1,139,539.68","1,161,000.00","1,161,000.00","97.13","Canada","-","CAD","2.44","1.00","Dec 18, 2028","2.31","CAD","Dec 16, 2020"
"BMO","BANK OF MONTREAL","Financial","Fixed Income","1,131,825.09","0.03","1,131,825.09","1,135,000.00","1,135,000.00","99.45","Canada","-","CAD","2.30","1.00","Oct 27, 2029","3.11","CAD","Oct 27, 2025"
"WNCN","GEORGE WESTON LTD","Industrial","Fixed Income","1,130,580.98","0.03","1,130,580.98","1,104,000.00","1,104,000.00","101.43","Canada","-","CAD","2.99","1.00","Sep 5, 2029","4.19","CAD","Sep 5, 2024"
"BAMREP","BROOKFIELD RENEWABLE PARTNERS ULC","Energy","Fixed Income","1,129,556.16","0.03","1,129,556.16","1,110,000.00","1,110,000.00","100.61","Canada","-","CAD","3.18","1.00","Mar 12, 2055","5.45","CAD","Dec 12, 2024"
"HOMEQU","HOMEEQUITY BANK","Financial","Fixed Income","1,126,511.43","0.03","1,126,511.43","1,100,000.00","1,100,000.00","100.70","Canada","-","CAD","2.00","1.00","Jul 17, 2028","4.72","CAD","Jun 26, 2025"
"IFCCN","INTACT FINANCIAL CORP MTN","Financial","Fixed Income","1,122,485.46","0.03","1,122,485.46","1,052,000.00","1,052,000.00","104.38","Canada","-","CAD","10.71","1.00","Jun 16, 2042","5.16","CAD","Jun 15, 2012"
"CRTUCN","CT REAL ESTATE INVESTMENT TRUST","Real Estate","Fixed Income","1,122,166.05","0.03","1,122,166.05","1,050,000.00","1,050,000.00","104.22","Canada","-","CAD","1.81","1.00","Jun 14, 2028","5.83","CAD","Nov 17, 2023"
"EAGCCT","EAGLE CREDIT CARD TRUST","Securitized","Fixed Income","1,121,862.85","0.03","1,121,862.85","1,060,000.00","1,060,000.00","103.54","Canada","-","CAD","1.91","1.00","Jun 17, 2028","5.13","CAD","Jun 13, 2023"
"GEICN","GIBSON ENERGY INC MTN","Energy","Fixed Income","1,118,387.91","0.03","1,118,387.91","975,000.00","975,000.00","112.38","Canada","-","CAD","13.38","1.00","Jul 12, 2053","6.20","CAD","Jul 12, 2023"
"LOWMAT","LOWER MATTAGAMI ENERGY LP","Infrastructure","Fixed Income","1,117,254.60","0.03","1,117,254.60","1,108,000.00","1,108,000.00","98.61","Canada","-","CAD","14.87","1.00","Jun 7, 2054","4.69","CAD","Jun 7, 2024"
"EAGCCT_22-1-A","EAGCCT_22-1 A RegS","Securitized","Fixed Income","1,114,126.56","0.03","1,114,126.56","1,076,000.00","1,076,000.00","101.81","Canada","-","CAD","1.09","1.00","Jul 17, 2027","4.78","CAD","Jul 13, 2022"
"ALTALK","ALTALINK LP MTN","Infrastructure","Fixed Income","1,110,489.85","0.03","1,110,489.85","1,022,000.00","1,022,000.00","107.68","Canada","-","CAD","7.96","1.00","Sep 22, 2036","5.25","CAD","Sep 21, 2006"
"BMW","BMW CANADA INC","Industrial","Fixed Income","1,110,332.19","0.03","1,110,332.19","1,090,000.00","1,090,000.00","101.33","Germany","-","CAD","2.24","1.00","Oct 10, 2028","3.99","CAD","Oct 10, 2024"
"AERMON","AEROPORTS DE MONTREAL","Infrastructure","Fixed Income","1,106,229.19","0.03","1,106,229.19","1,006,000.00","1,006,000.00","109.32","Canada","-","CAD","9.81","1.00","Apr 16, 2040","5.47","CAD","Apr 16, 2010"
"FTSCN","FORTISBC ENERGY INC MTN","Energy","Fixed Income","1,106,059.62","0.03","1,106,059.62","1,245,000.00","1,245,000.00","87.02","Canada","-","CAD","13.93","1.00","Dec 7, 2048","3.85","CAD","Dec 7, 2018"
"CUCN","CU INC","Energy","Fixed Income","1,099,979.52","0.03","1,099,979.52","1,142,000.00","1,142,000.00","96.05","Canada","-","CAD","15.09","1.00","Nov 7, 2053","4.56","CAD","Nov 7, 2013"
"FTSCN","FORTISALBERTA INC RegS","Infrastructure","Fixed Income","1,099,542.94","0.03","1,099,542.94","1,090,000.00","1,090,000.00","99.02","Canada","-","CAD","15.10","1.00","Jul 7, 2055","4.76","CAD","Jul 7, 2025"
"PMZUCN","PRIMARIS REAL ESTATE INVESTMENT TR RegS","Real Estate","Fixed Income","1,098,517.51","0.03","1,098,517.51","1,055,000.00","1,055,000.00","102.07","Canada","-","CAD","5.81","1.00","Jun 25, 2033","4.84","CAD","Jun 25, 2025"
"BMW","BMW CANADA INC MTN RegS","Industrial","Fixed Income","1,097,737.72","0.03","1,097,737.72","1,083,000.00","1,083,000.00","100.50","Germany","-","CAD","3.04","1.00","Sep 5, 2029","3.70","CAD","Sep 5, 2025"
"TORHYD","TORONTO HYDRO CORPORATION","Infrastructure","Fixed Income","1,097,450.51","0.03","1,097,450.51","1,432,000.00","1,432,000.00","75.25","Canada","-","CAD","15.17","1.00","Dec 10, 2049","2.99","CAD","Nov 12, 2019"
"FTSCN","FORTISBC ENERGY INC MTN RegS","Energy","Fixed Income","1,096,318.06","0.03","1,096,318.06","1,100,000.00","1,100,000.00","99.27","Canada","-","CAD","4.02","1.00","Oct 16, 2030","3.38","CAD","Oct 16, 2025"
"STNCN","STANTEC INC.","Industrial","Fixed Income","1,091,348.16","0.03","1,091,348.16","1,104,000.00","1,104,000.00","98.57","Canada","-","CAD","1.33","1.00","Oct 8, 2027","2.05","CAD","Oct 8, 2020"
"BAMREP","BRP FINANCE ULC","Energy","Fixed Income","1,089,573.16","0.03","1,089,573.16","990,000.00","990,000.00","109.67","Canada","-","CAD","7.90","1.00","Nov 5, 2036","5.84","CAD","Nov 1, 2006"
"BIP","BROOKFIELD INFRASTRUCTURE FINANCE MTN","Infrastructure","Fixed Income","1,087,256.39","0.03","1,087,256.39","1,008,000.00","1,008,000.00","107.32","Canada","-","CAD","13.55","1.00","Apr 25, 2052","5.79","CAD","Apr 25, 2022"
"BIP","BROOKFIELD INFRASTRUCTURE FINANCE MTN","Infrastructure","Fixed Income","1,086,831.17","0.03","1,086,831.17","974,000.00","974,000.00","109.88","Canada","-","CAD","5.36","1.00","Feb 14, 2033","5.98","CAD","Nov 14, 2022"
"MICCN","SAGEN MI CANADA INC","Financial","Fixed Income","1,080,275.12","0.03","1,080,275.12","1,035,000.00","1,035,000.00","104.21","Canada","-","CAD","1.79","1.00","May 19, 2028","5.91","CAD","May 19, 2023"
"NAVCAN","NAV CANADA MTN","Infrastructure","Fixed Income","1,077,212.81","0.03","1,077,212.81","1,358,000.00","1,358,000.00","78.79","Canada","-","CAD","15.44","1.00","Sep 29, 2050","3.21","CAD","Mar 29, 2019"
"HYNMTR","HYUNDAI CAPITAL CANADA INC RegS","Financial","Fixed Income","1,073,617.93","0.03","1,073,617.93","1,065,000.00","1,065,000.00","100.65","Canada","-","CAD","2.79","1.00","May 14, 2029","3.72","CAD","May 13, 2026"
"EPCOR","EPCOR UTILITIES INC MTN","Infrastructure","Fixed Income","1,069,563.54","0.03","1,069,563.54","1,203,000.00","1,203,000.00","88.88","Canada","-","CAD","14.15","1.00","Nov 26, 2048","3.95","CAD","Nov 26, 2018"
"FCRCN","FIRST CAPITAL REAL ESTATE INVESTME","Real Estate","Fixed Income","1,067,615.83","0.03","1,067,615.83","1,020,000.00","1,020,000.00","102.48","Canada","-","CAD","3.54","1.00","Jun 3, 2030","4.51","CAD","Nov 1, 2024"
"DTRGR","DAIMLER TRUCKS FINANCE CANADA INC RegS","Financial","Fixed Income","1,060,115.87","0.03","1,060,115.87","1,023,000.00","1,023,000.00","102.63","Germany","-","CAD","1.26","1.00","Sep 20, 2027","5.22","CAD","Sep 19, 2022"
"IFCCN","INTACT FINANCIAL CORP MTN","Financial","Fixed Income","1,058,254.32","0.03","1,058,254.32","1,434,000.00","1,434,000.00","72.47","Canada","-","CAD","15.46","1.00","Dec 16, 2050","2.95","CAD","Dec 16, 2020"
"EPCOR","EPCOR UTILITIES INC MTN","Infrastructure","Fixed Income","1,057,745.10","0.03","1,057,745.10","949,000.00","949,000.00","111.38","Canada","-","CAD","9.57","1.00","Nov 24, 2039","5.75","CAD","Nov 24, 2009"
"BCFERR","BRITISH COLUMBIA FERRY SERVICES IN","Infrastructure","Fixed Income","1,054,714.59","0.03","1,054,714.59","1,043,000.00","1,043,000.00","100.66","Canada","-","CAD","11.66","1.00","Oct 23, 2043","4.70","CAD","Oct 25, 2013"
"CONNEC","CONNECT 6IX GENERAL PARTNERSHIP","Infrastructure","Fixed Income","1,053,694.38","0.03","1,053,694.38","900,000.00","900,000.00","114.02","Canada","-","CAD","14.70","1.00","Nov 30, 2060","6.21","CAD","Nov 17, 2022"
"TOUCN","TOURMALINE OIL CORP RegS","Energy","Fixed Income","1,051,346.39","0.03","1,051,346.39","1,062,000.00","1,062,000.00","98.29","Canada","-","CAD","1.61","1.00","Jan 25, 2028","2.08","CAD","Jan 25, 2021"
"DIRUCN","DREAM INDUSTRIAL REAL ESTATE INVES RegS","Real Estate","Fixed Income","1,050,819.53","0.03","1,050,819.53","1,020,000.00","1,020,000.00","101.31","Canada","-","CAD","3.65","1.00","Jul 3, 2030","4.29","CAD","Jul 3, 2025"
"CRRUCN","CROMBIE REAL ESTATE INVESTMENT TRU","Real Estate","Fixed Income","1,048,308.66","0.03","1,048,308.66","1,000,000.00","1,000,000.00","103.97","Canada","-","CAD","3.34","1.00","Mar 29, 2030","5.14","CAD","Mar 6, 2024"
"PSSGEN","PSS GENERATING STATION LP","Infrastructure","Fixed Income","1,045,800.18","0.03","1,045,800.18","1,100,000.00","1,100,000.00","94.61","Canada","-","CAD","15.66","1.00","Oct 24, 2067","4.79","CAD","Oct 23, 2015"
"LCN","LOBLAW COMPANIES LIMITED MTN","Industrial","Fixed Income","1,039,492.30","0.03","1,039,492.30","910,000.00","910,000.00","111.40","Canada","-","CAD","6.29","1.00","Jun 9, 2034","6.05","CAD","Jun 9, 2003"
"EDISNH","ELLISDON INFRASTRUCTURE SNH GP","Infrastructure","Fixed Income","1,036,752.47","0.03","1,036,752.47","1,000,000.00","1,000,000.00","102.44","Canada","-","CAD","7.80","1.00","Feb 28, 2043","5.00","CAD","Feb 21, 2023"
"EPCOR","EPCOR UTILITIES INC","Infrastructure","Fixed Income","1,033,687.06","0.03","1,033,687.06","1,410,000.00","1,410,000.00","73.23","Canada","-","CAD","15.67","1.00","May 19, 2050","2.90","CAD","May 19, 2020"
"COCAPS","COAST CAPITAL SAVINGS FEDERAL CRED","Financial","Fixed Income","1,033,428.09","0.03","1,033,428.09","1,015,000.00","1,015,000.00","101.31","Canada","-","CAD","1.34","1.00","Oct 18, 2027","4.52","CAD","Oct 18, 2024"
"NWHUCN","VITAL INFRASTRUCTURE PROPERTY TRUS","Real Estate","Fixed Income","1,031,971.38","0.03","1,031,971.38","1,003,000.00","1,003,000.00","101.51","Canada","-","CAD","1.63","1.00","Feb 18, 2028","5.02","CAD","Feb 18, 2025"
"IFCCN","INTACT FINANCIAL CORP MTN","Financial","Fixed Income","1,028,253.57","0.03","1,028,253.57","883,000.00","883,000.00","116.34","Canada","-","CAD","9.35","1.00","Nov 23, 2039","6.40","CAD","Nov 23, 2009"
"LCN","LOBLAW COMPANIES LTD MTN 144A","Industrial","Fixed Income","1,027,714.65","0.03","1,027,714.65","888,000.00","888,000.00","114.06","Canada","-","CAD","4.77","1.00","Mar 1, 2032","6.85","CAD","Mar 1, 2002"
"SIACN","SIENNA SENIOR LIVING INC","Industrial","Fixed Income","1,027,561.71","0.03","1,027,561.71","1,010,000.00","1,010,000.00","100.65","Canada","-","CAD","3.80","1.00","Aug 21, 2030","4.11","CAD","Aug 21, 2025"
"HYDONE","HYDRO ONE INC MTN","Infrastructure","Fixed Income","1,026,260.78","0.03","1,026,260.78","1,141,000.00","1,141,000.00","88.21","Canada","-","CAD","14.81","1.00","Dec 22, 2051","4.00","CAD","Dec 22, 2011"
"POWCN","POWER CORPORATION OF CANADA","Financial","Fixed Income","1,024,854.89","0.03","1,024,854.89","1,021,000.00","1,021,000.00","98.82","Canada","-","CAD","12.65","1.00","Jan 31, 2047","4.81","CAD","Jan 31, 2017"
"ENBGAS","ENBRIDGE GAS INC MTN","Energy","Fixed Income","1,024,233.20","0.03","1,024,233.20","1,235,000.00","1,235,000.00","82.93","Canada","-","CAD","14.15","1.00","Nov 29, 2047","3.51","CAD","Nov 29, 2017"
"ENBPIP","ENBRIDGE PIPELINES INC MTN","Energy","Fixed Income","1,023,343.89","0.03","1,023,343.89","1,076,000.00","1,076,000.00","93.85","Canada","-","CAD","11.43","1.00","Aug 17, 2043","4.55","CAD","Aug 16, 2013"
"TORHYD","TORONTO HYDRO CORPORATION","Infrastructure","Fixed Income","1,021,060.59","0.03","1,021,060.59","1,174,000.00","1,174,000.00","85.80","Canada","-","CAD","13.04","1.00","Jul 28, 2045","3.55","CAD","Mar 16, 2015"
"LCN","LOBLAW COMPANIES LIMITED MTN","Industrial","Fixed Income","1,020,720.09","0.03","1,020,720.09","885,000.00","885,000.00","113.53","Canada","-","CAD","5.45","1.00","Feb 17, 2033","6.54","CAD","Feb 17, 2003"
"XCN","TMX GROUP LTD","Financial","Fixed Income","1,018,017.45","0.03","1,018,017.45","993,000.00","993,000.00","100.71","Canada","-","CAD","1.77","1.00","Jun 5, 2028","3.78","CAD","Jun 5, 2018"
"EPCOR","EPCOR UTILITIES INC MTN","Infrastructure","Fixed Income","1,015,212.46","0.03","1,015,212.46","1,063,000.00","1,063,000.00","94.51","Canada","-","CAD","4.69","1.00","Jun 30, 2031","2.41","CAD","Jun 28, 2021"
"IFCCN","INTACT FINANCIAL CORP MTN RegS","Financial","Fixed Income","1,015,068.70","0.03","1,015,068.70","1,221,000.00","1,221,000.00","83.04","Canada","-","CAD","15.58","1.00","May 20, 2053","3.77","CAD","May 18, 2021"
"BCFERR","BRITISH COLUMBIA FERRY SERVICES IN","Infrastructure","Fixed Income","1,014,108.06","0.03","1,014,108.06","912,000.00","912,000.00","109.09","Canada","-","CAD","8.50","1.00","Jan 11, 2038","5.58","CAD","Jan 11, 2008"
"SEASKY","SEA TO SKY HIGHWAY INVESTMENT LP","Infrastructure","Fixed Income","1,011,026.77","0.03","1,011,026.77","1,025,665.00","1,025,665.00","97.92","Canada","-","CAD","2.30","1.00","Aug 31, 2030","2.63","CAD","Jun 16, 2016"
"BIP","BROOKFIELD INFRASTRUCTURE FINANCE MTN RegS","Infrastructure","Fixed Income","1,011,080.14","0.03","1,011,080.14","905,000.00","905,000.00","109.73","Canada","-","CAD","13.59","1.00","Jul 27, 2053","5.95","CAD","Jul 27, 2023"
"HOOPPR","HOOPP REALTY FINANCE TRUST RegS","Real Estate","Fixed Income","1,009,929.31","0.03","1,009,929.31","1,010,000.00","1,010,000.00","99.97","Canada","-","CAD","4.12","1.00","Nov 27, 2030","3.57","CAD","Nov 27, 2025"
"AERMON","AEROPORTS DE MONTREAL","Infrastructure","Fixed Income","1,009,673.17","0.03","1,009,673.17","1,210,000.00","1,210,000.00","83.12","Canada","-","CAD","14.08","1.00","Apr 24, 2047","3.36","CAD","Apr 24, 2017"
"BMW","BMW CANADA INC MTN RegS","Industrial","Fixed Income","1,009,416.48","0.03","1,009,416.48","1,000,000.00","1,000,000.00","100.19","Germany","-","CAD","1.24","1.00","Sep 7, 2027","3.30","CAD","Sep 5, 2025"
"LCN","LOBLAW COMPANIES MTN 144A","Industrial","Fixed Income","1,000,758.61","0.03","1,000,758.61","865,000.00","865,000.00","114.12","Canada","-","CAD","8.84","1.00","Mar 1, 2039","6.45","CAD","Mar 1, 1999"
"AERMON","AEROPORTS DE MONTREAL","Infrastructure","Fixed Income","995,599.47","0.03","995,599.47","856,000.00","856,000.00","115.45","Canada","-","CAD","5.93","1.00","Oct 11, 2033","6.55","CAD","Oct 9, 2003"
"ENBGAS","ENBRIDGE GAS INC","Energy","Fixed Income","993,406.18","0.03","993,406.18","922,000.00","922,000.00","105.95","Canada","-","CAD","9.91","1.00","Jul 23, 2040","5.20","CAD","Jul 23, 2010"
"EDISNH","ELLISDON INFRASTRUCTURE SNH GP","Infrastructure","Fixed Income","988,299.83","0.03","988,299.83","960,000.00","960,000.00","101.68","Canada","-","CAD","13.69","1.00","Aug 31, 2057","5.15","CAD","Feb 21, 2023"
"ALCTRA","ALECTRA INC (CANADA)","Infrastructure","Fixed Income","986,605.98","0.03","986,605.98","1,054,000.00","1,054,000.00","92.32","Canada","-","CAD","11.46","1.00","Jul 30, 2042","3.96","CAD","Jul 30, 2012"
"ENBGAS","ENBRIDGE GAS INC MTN","Energy","Fixed Income","986,530.12","0.03","986,530.12","849,000.00","849,000.00","115.93","Canada","-","CAD","5.32","1.00","Nov 15, 2032","6.90","CAD","Nov 15, 2002"
"CONNEC","CONNECT 6IX GENERAL PARTNERSHIP","Infrastructure","Fixed Income","983,833.39","0.03","983,833.39","850,000.00","850,000.00","112.73","Canada","-","CAD","11.80","1.00","Nov 30, 2046","6.11","CAD","Nov 17, 2022"
"ALCTRA","ALECTRA INC (CANADA)","Infrastructure","Fixed Income","983,860.53","0.03","983,860.53","1,195,000.00","1,195,000.00","81.89","Canada","-","CAD","14.64","1.00","Apr 12, 2049","3.46","CAD","Apr 11, 2019"
"EPCOR","EPCOR UTILITIES","Infrastructure","Fixed Income","983,429.17","0.03","983,429.17","875,000.00","875,000.00","109.56","Canada","-","CAD","2.73","1.00","Jun 28, 2029","6.80","CAD","Jun 28, 1999"
"PMZUCN","PRIMARIS REAL ESTATE INVESTMENT TR RegS","Real Estate","Fixed Income","982,687.16","0.03","982,687.16","925,000.00","925,000.00","105.15","Canada","-","CAD","4.88","1.00","Mar 15, 2032","5.30","CAD","Aug 12, 2024"
"BCFERR","BRITISH COLUMBIA FERRY SERVICES IN","Infrastructure","Fixed Income","978,427.37","0.03","978,427.37","1,021,000.00","1,021,000.00","95.47","Canada","-","CAD","12.12","1.00","Apr 28, 2044","4.29","CAD","Apr 28, 2014"
"TORHYD","TORONTO HYDRO CORPORATION","Infrastructure","Fixed Income","973,654.50","0.03","973,654.50","985,000.00","985,000.00","97.72","Canada","-","CAD","3.32","1.00","Dec 11, 2029","2.43","CAD","Nov 12, 2019"
"CTLONE","CENTRAL 1 CREDIT UNION MTN","Financial","Fixed Income","971,226.75","0.03","971,226.75","920,000.00","920,000.00","105.26","Canada","-","CAD","2.21","1.00","Nov 10, 2028","5.98","CAD","Nov 10, 2023"
"CUCN","CU INC","Energy","Fixed Income","964,957.77","0.03","964,957.77","958,000.00","958,000.00","98.37","Canada","-","CAD","14.09","1.00","Jun 3, 2052","4.85","CAD","Jun 3, 2022"
"NSIUCN","NOVA SCOTIA POWER INC MTN","Infrastructure","Fixed Income","955,612.91","0.03","955,612.91","813,000.00","813,000.00","115.77","Canada","-","CAD","5.74","1.00","Aug 25, 2033","6.95","CAD","Aug 25, 2003"
"GZMCN","ENERGIR INC RegS","Energy","Fixed Income","953,099.22","0.03","953,099.22","905,000.00","905,000.00","104.51","Canada","-","CAD","5.34","1.00","Sep 27, 2032","4.67","CAD","Sep 27, 2022"
"RLNCE","RELIANCE LP RegS","Industrial","Fixed Income","952,584.70","0.03","952,584.70","950,000.00","950,000.00","99.39","Canada","-","CAD","5.88","1.00","Apr 18, 2033","4.15","CAD","Mar 12, 2026"
"VANAIR","VANCOUVER AIRPORT AUTHORITY","Infrastructure","Fixed Income","947,447.82","0.03","947,447.82","1,006,000.00","1,006,000.00","93.84","Canada","-","CAD","4.09","1.00","Sep 20, 2030","1.76","CAD","Sep 21, 2020"
"NAVCAN","NAV CANADA MTN","Infrastructure","Fixed Income","947,614.98","0.03","947,614.98","1,092,000.00","1,092,000.00","85.86","Canada","-","CAD","13.35","1.00","Feb 23, 2046","3.53","CAD","Feb 24, 2016"
"SE","WESTCOAST ENERGY INC MTN","Energy","Fixed Income","935,350.08","0.03","935,350.08","818,000.00","818,000.00","112.97","Canada","-","CAD","4.09","1.00","Mar 20, 2031","7.15","CAD","Mar 20, 2001"
"GWOCN","CANADA LIFE ASSURANCE CO","Financial","Fixed Income","934,724.05","0.03","934,724.05","850,000.00","850,000.00","107.00","Canada","-","CAD","2.29","1.00","Dec 11, 2028","6.40","CAD","Dec 11, 1999"
"ACICN","TRISUMMIT UTILITIES INC MTN RegS","Energy","Fixed Income","933,879.39","0.03","933,879.39","880,000.00","880,000.00","104.22","Canada","-","CAD","3.13","1.00","Jan 11, 2030","5.02","CAD","Jan 11, 2023"
"ELFCN","E-L FINANCIAL CORP LTD","Financial","Fixed Income","928,355.58","0.03","928,355.58","1,054,000.00","1,054,000.00","86.35","Canada","-","CAD","14.20","1.00","Jun 22, 2050","4.00","CAD","Jun 22, 2020"
"ENBCN","ENBRIDGE INC MTN","Energy","Fixed Income","922,614.53","0.03","922,614.53","806,000.00","806,000.00","112.00","Canada","-","CAD","3.56","1.00","Jul 24, 2030","7.22","CAD","Jul 24, 2000"
"CP","CANADIAN PACIFIC RAILWAY COMPANY","Industrial","Fixed Income","921,959.25","0.03","921,959.25","1,218,000.00","1,218,000.00","75.02","Canada","-","CAD","15.28","1.00","Mar 9, 2050","3.05","CAD","Mar 9, 2020"
"ALTALK","ALTALINK LP","Infrastructure","Fixed Income","922,109.07","0.03","922,109.07","985,000.00","985,000.00","93.29","Canada","-","CAD","4.09","1.00","Sep 11, 2030","1.51","CAD","Sep 11, 2020"
"TORHYD","TORONTO HYDRO CORPORATION","Infrastructure","Fixed Income","921,745.98","0.03","921,745.98","988,000.00","988,000.00","93.11","Canada","-","CAD","4.18","1.00","Oct 15, 2030","1.50","CAD","Oct 15, 2020"
"OTTMAC","OTTAWA MACDONALD-CARTIER INTERNATI","Infrastructure","Fixed Income","920,473.37","0.03","920,473.37","980,708.00","980,708.00","92.02","Canada","-","CAD","7.77","1.00","Jun 9, 2045","3.93","CAD","Jun 9, 2015"
"TORHYD","TORONTO HYDRO CORP MTN","Infrastructure","Fixed Income","918,573.57","0.03","918,573.57","832,000.00","832,000.00","110.28","Canada","-","CAD","9.89","1.00","May 21, 2040","5.54","CAD","May 20, 2010"
"SE","WESTCOAST ENERGY INC MTN","Energy","Fixed Income","916,633.45","0.03","916,633.45","943,000.00","943,000.00","96.80","Canada","-","CAD","10.68","1.00","Oct 28, 2041","4.79","CAD","Oct 28, 2011"
"CUCN","CU INC MTN","Energy","Fixed Income","915,779.33","0.03","915,779.33","854,000.00","854,000.00","107.12","Canada","-","CAD","7.53","1.00","Nov 21, 2035","5.18","CAD","Nov 21, 2005"
"NXRCN","NEXUS INDUSTRIAL REIT RegS","Real Estate","Fixed Income","910,859.50","0.03","910,859.50","900,000.00","900,000.00","100.68","Canada","-","CAD","2.69","1.00","Apr 14, 2029","4.24","CAD","Apr 14, 2026"
"REIUCN","RIOCAN REAL ESTATE INVESTMENT TRUS RegS","Real Estate","Fixed Income","908,465.58","0.03","908,465.58","900,000.00","900,000.00","100.24","Canada","-","CAD","5.44","1.00","Oct 1, 2032","4.42","CAD","Oct 1, 2025"
"GZMCN","GAZ METRO INC MTN","Energy","Fixed Income","904,772.59","0.03","904,772.59","795,000.00","795,000.00","113.25","Canada","-","CAD","3.84","1.00","Oct 30, 2030","7.05","CAD","Oct 26, 2000"
"FTSCN","FORTISALBERTA INC MTN","Infrastructure","Fixed Income","903,495.55","0.03","903,495.55","1,300,000.00","1,300,000.00","68.26","Canada","-","CAD","16.07","1.00","Jun 8, 2051","2.63","CAD","Dec 8, 2020"
"CSHU","CHARTWELL RETIREMENT RESIDENCES","Industrial","Fixed Income","901,037.82","0.03","901,037.82","885,000.00","885,000.00","101.52","Canada","-","CAD","3.15","1.00","Nov 5, 2029","4.40","CAD","Oct 28, 2024"
"TCBKCN","FIRST WEST CREDIT UNION RegS","Financial","Fixed Income","897,930.94","0.03","897,930.94","805,000.00","805,000.00","108.80","Canada","-","CAD","1.97","1.00","Aug 9, 2033","9.19","CAD","Aug 9, 2023"
"SLFCN","SUN LIFE CAPITAL TRUST","Financial","Fixed Income","897,532.47","0.03","897,532.47","776,000.00","776,000.00","112.77","Canada","-","CAD","4.91","1.00","Jun 30, 2052","7.09","CAD","Jun 25, 2002"
"ELFCN","EMPIRE LIFE INSURANCE CO RegS","Financial","Fixed Income","890,196.84","0.03","890,196.84","845,000.00","845,000.00","103.30","Canada","-","CAD","1.51","1.00","Jan 13, 2033","5.50","CAD","Jan 13, 2023"
"FFHCN","FAIRFAX FINANCIAL HOLDINGS LTD","Financial","Fixed Income","888,995.39","0.03","888,995.39","890,000.00","890,000.00","99.80","Canada","-","CAD","14.53","1.00","Nov 23, 2054","5.23","CAD","Nov 22, 2024"
"BCFERR","BC FERRY SERVICES INC MTN","Infrastructure","Fixed Income","887,453.10","0.03","887,453.10","844,000.00","844,000.00","104.19","Canada","-","CAD","8.28","1.00","Mar 20, 2037","5.02","CAD","Mar 20, 2007"
"LCN","LOBLAW COMPANIES LTD","Industrial","Fixed Income","880,101.24","0.03","880,101.24","912,000.00","912,000.00","96.36","Canada","-","CAD","3.72","1.00","May 7, 2030","2.28","CAD","May 7, 2020"
"MCAPCO","MCAP COMMERCIAL LP","Financial","Fixed Income","877,283.41","0.03","877,283.41","879,000.00","879,000.00","99.78","Canada","-","CAD","1.44","1.00","Nov 26, 2027","3.38","CAD","Nov 26, 2020"
"FTSCN","FORTISALBERTA INC MTN RegS","Infrastructure","Fixed Income","876,486.72","0.03","876,486.72","852,000.00","852,000.00","101.82","Canada","-","CAD","11.45","1.00","Sep 11, 2043","4.85","CAD","Sep 13, 2013"
"PMZUCN","PRIMARIS REAL ESTATE INVESTMENT TR RegS","Real Estate","Fixed Income","874,732.25","0.03","874,732.25","850,000.00","850,000.00","101.82","Canada","-","CAD","4.18","1.00","Mar 1, 2031","4.47","CAD","Feb 20, 2025"
"DE","JOHN DEERE FINANCIAL INC","Financial","Fixed Income","874,358.59","0.03","874,358.59","875,000.00","875,000.00","98.93","United States","-","CAD","2.50","1.00","Jan 19, 2029","2.81","CAD","Jan 19, 2022"
"CUCN","CU INC","Energy","Fixed Income","870,717.62","0.03","870,717.62","852,000.00","852,000.00","102.05","Canada","-","CAD","14.09","1.00","Nov 18, 2050","4.95","CAD","Nov 18, 2010"
"CRTUCN","CT REAL ESTATE INVESTMENT TRUST","Real Estate","Fixed Income","868,431.28","0.03","868,431.28","840,000.00","840,000.00","101.37","Canada","-","CAD","3.59","1.00","Jun 9, 2030","4.29","CAD","Jun 9, 2025"
"TORHYD","TORONTO HYDRO CORPORATION","Infrastructure","Fixed Income","868,518.24","0.03","868,518.24","925,000.00","925,000.00","93.07","Canada","-","CAD","12.37","1.00","Sep 16, 2044","4.08","CAD","Sep 16, 2014"
"TRPCN","TRANSCANADA PIPELINES LIMITED MTN","Energy","Fixed Income","865,292.56","0.03","865,292.56","775,000.00","775,000.00","108.61","Canada","-","CAD","3.85","1.00","Dec 9, 2030","6.50","CAD","Dec 7, 1998"
"FTSCN","FORTISBC ENERGY INC MTN","Energy","Fixed Income","864,525.88","0.03","864,525.88","984,000.00","984,000.00","86.99","Canada","-","CAD","13.52","1.00","Mar 6, 2047","3.78","CAD","Dec 13, 2016"
"TCBKCN","FIRST WEST CREDIT UNION","Financial","Fixed Income","861,048.30","0.03","861,048.30","860,000.00","860,000.00","99.98","Canada","-","CAD","1.42","1.00","Nov 15, 2027","3.69","CAD","Nov 14, 2025"
"DTRGR","DAIMLER TRUCK FINANCE CANADA INC RegS","Financial","Fixed Income","861,106.81","0.03","861,106.81","810,000.00","810,000.00","105.28","Germany","-","CAD","2.16","1.00","Sep 25, 2028","5.77","CAD","Sep 25, 2023"
"HEQCN","CHIP MORTGAGE TRUST RegS","Securitized","Fixed Income","859,552.45","0.03","859,552.45","800,000.00","800,000.00","105.20","Canada","-","CAD","2.40","1.00","Nov 14, 2048","6.07","CAD","Jul 14, 2023"
"ENBGAS","ENBRIDGE GAS INC MTN","Energy","Fixed Income","855,580.26","0.03","855,580.26","877,000.00","877,000.00","97.48","Canada","-","CAD","11.84","1.00","Nov 23, 2043","4.50","CAD","Nov 22, 2013"
"HYDONE","HYDRO ONE INC MTN","Infrastructure","Fixed Income","855,642.46","0.03","855,642.46","1,025,000.00","1,025,000.00","82.25","Canada","-","CAD","17.34","1.00","Jul 31, 2062","3.79","CAD","Jul 31, 2012"
"CSHU","CHARTWELL RETIREMENT RESIDENCES","Industrial","Fixed Income","850,690.21","0.03","850,690.21","835,000.00","835,000.00","100.84","Canada","-","CAD","4.99","1.00","Mar 6, 2032","4.50","CAD","Mar 6, 2025"
"ENBGAS","ENBRIDGE GAS INC MTN","Energy","Fixed Income","848,626.70","0.03","848,626.70","771,000.00","771,000.00","108.89","Canada","-","CAD","7.87","1.00","Sep 11, 2036","5.46","CAD","Sep 11, 2006"
"FTSCN","FORTISALBERTA INC MTN","Infrastructure","Fixed Income","846,360.12","0.03","846,360.12","680,000.00","680,000.00","122.45","Canada","-","CAD","8.69","1.00","Feb 14, 2039","7.06","CAD","Feb 13, 2009"
"ACOXCN","ATCO LTD RegS","Energy","Fixed Income","844,634.85","0.03","844,634.85","816,000.00","816,000.00","103.09","Canada","-","CAD","1.83","1.00","Nov 1, 2078","5.50","CAD","Nov 1, 2018"
"TRPCN","TRANSCANADA PIPELINES LIMITED MTN","Energy","Fixed Income","844,776.61","0.03","844,776.61","803,000.00","803,000.00","105.15","Canada","-","CAD","1.88","1.00","May 26, 2028","6.28","CAD","May 26, 1998"
"NAVCAN","NAV CANADA","Infrastructure","Fixed Income","843,624.04","0.03","843,624.04","782,000.00","782,000.00","104.25","Canada","-","CAD","0.94","1.00","Jun 1, 2027","7.40","CAD","Dec 16, 1996"
"GE","GE CAPITAL CAN FUNDING MTN","Financial","Fixed Income","842,951.57","0.03","842,951.57","806,000.00","806,000.00","104.00","United States","-","CAD","8.36","1.00","Oct 22, 2037","5.73","CAD","Oct 22, 2007"
"VW","VW CREDIT CANADA INC RegS","Financial","Fixed Income","841,812.00","0.03","841,812.00","820,000.00","820,000.00","101.50","Germany","-","CAD","1.64","1.00","Feb 18, 2028","4.25","CAD","Nov 19, 2024"
"CTCACN","CANADIAN TIRE CORP LTD MTN","Industrial","Fixed Income","838,669.44","0.03","838,669.44","792,000.00","792,000.00","105.08","Canada","-","CAD","1.76","1.00","Apr 13, 2028","6.50","CAD","Apr 13, 1998"
"CRTUCN","CT REAL ESTATE INVESTMENT TRUST","Real Estate","Fixed Income","838,849.04","0.03","838,849.04","830,000.00","830,000.00","101.05","Canada","-","CAD","4.87","1.00","Dec 5, 2031","4.36","CAD","May 28, 2026"
"CRTUCN","CT REAL ESTATE INVESTMENT TRUST","Real Estate","Fixed Income","837,775.38","0.03","837,775.38","817,000.00","817,000.00","100.71","Canada","-","CAD","1.29","1.00","Dec 7, 2027","3.87","CAD","Feb 7, 2018"
"FTSCN","FORTISBC ENERGY INC","Energy","Fixed Income","826,646.01","0.03","826,646.01","1,205,000.00","1,205,000.00","67.65","Canada","-","CAD","15.95","1.00","Jul 13, 2050","2.54","CAD","Jul 13, 2020"
"HOMEQU","HOMEEQUITY BANK","Financial","Fixed Income","822,263.80","0.02","822,263.80","785,000.00","785,000.00","103.07","Canada","-","CAD","2.82","1.00","Aug 13, 2029","5.82","CAD","Aug 12, 2024"
"HEQCN","CHIP MORTGAGE TRUST","Securitized","Fixed Income","817,833.76","0.02","817,833.76","800,000.00","800,000.00","101.51","Canada","-","CAD","3.05","1.00","Jan 28, 2030","4.24","CAD","Sep 26, 2024"
"ACICN","TRISUMMIT UTILITIES INC MTN","Energy","Fixed Income","814,743.64","0.02","814,743.64","795,000.00","795,000.00","102.05","Canada","-","CAD","5.12","1.00","Apr 24, 2032","4.48","CAD","Apr 24, 2025"
"HALFX","HALIFAX INTERNATIONAL AIRPORT AUTH","Infrastructure","Fixed Income","814,369.66","0.02","814,369.66","830,000.00","830,000.00","97.93","Canada","-","CAD","13.95","1.00","Nov 15, 2050","4.89","CAD","Nov 5, 2010"
"ENBPIP","ENBRIDGE PIPELINES INC. MTN","Energy","Fixed Income","810,409.62","0.02","810,409.62","765,000.00","765,000.00","103.70","Canada","-","CAD","8.01","1.00","Dec 19, 2036","5.08","CAD","Dec 21, 2006"
"FTSCN","FORTISBC ENERGY INC MTN","Energy","Fixed Income","809,623.70","0.02","809,623.70","935,000.00","935,000.00","86.09","Canada","-","CAD","13.31","1.00","Apr 9, 2046","3.67","CAD","Apr 8, 2016"
"FTSCN","FORTISALBERTA INC MTN","Infrastructure","Fixed Income","809,367.76","0.02","809,367.76","940,000.00","940,000.00","85.29","Canada","-","CAD","13.80","1.00","Sep 9, 2047","3.67","CAD","Sep 7, 2017"
"CRRUCN","CROMBIE REAL ESTATE INVESTMENT TRU","Real Estate","Fixed Income","807,400.69","0.02","807,400.69","840,000.00","840,000.00","95.21","Canada","-","CAD","4.71","1.00","Aug 12, 2031","3.13","CAD","Aug 12, 2021"
"DIRUCN","DREAM INDUSTRIAL REAL ESTATE INVES RegS","Real Estate","Fixed Income","806,935.29","0.02","806,935.29","800,000.00","800,000.00","100.43","Canada","-","CAD","4.37","1.00","Apr 22, 2031","4.15","CAD","Apr 21, 2026"
"TSUCN","TRISURA GROUP LTD RegS","Financial","Fixed Income","806,216.45","0.02","806,216.45","800,000.00","800,000.00","99.97","Canada","-","CAD","4.29","1.00","Mar 17, 2031","4.01","CAD","Mar 17, 2026"
"CUCN","CU INC MTN","Energy","Fixed Income","802,555.38","0.02","802,555.38","799,000.00","799,000.00","99.45","Canada","-","CAD","14.43","1.00","Sep 14, 2052","4.77","CAD","Sep 14, 2022"
"IGMCN","IGM FINANCIAL INC RegS","Financial","Fixed Income","801,538.31","0.02","801,538.31","870,000.00","870,000.00","90.58","Canada","-","CAD","13.56","1.00","Jul 13, 2048","4.17","CAD","Jul 11, 2018"
"LOWMAT","LOWER MATTAGAMI ENERGY LP","Infrastructure","Fixed Income","800,787.87","0.02","800,787.87","877,000.00","877,000.00","90.90","Canada","-","CAD","15.00","1.00","Apr 23, 2052","4.17","CAD","Apr 23, 2012"
"CTCACN","CANADIAN TIRE CORPORATION LIMITED MTN","Industrial","Fixed Income","800,609.00","0.02","800,609.00","707,000.00","707,000.00","111.53","Canada","-","CAD","6.08","1.00","Feb 24, 2034","6.57","CAD","Feb 24, 2004"
"CSHU","CHARTWELL RETIREMENT RESIDENCES","Industrial","Fixed Income","799,142.16","0.02","799,142.16","795,000.00","795,000.00","100.29","Canada","-","CAD","1.87","1.00","May 6, 2028","3.65","CAD","Mar 6, 2025"
"ALTALK","ALTALINK LP MTN","Infrastructure","Fixed Income","797,276.06","0.02","797,276.06","733,000.00","733,000.00","107.83","Canada","-","CAD","9.78","1.00","Mar 26, 2040","5.38","CAD","Mar 25, 2010"
"LCN","LOBLAW COMPANIES LIMITED MTN","Industrial","Fixed Income","796,305.85","0.02","796,305.85","728,000.00","728,000.00","107.12","Canada","-","CAD","2.40","1.00","Jan 22, 2029","6.50","CAD","Jan 22, 1999"
"TRPCN","TRANSCANADA PIPELINES LIMITED MTN","Energy","Fixed Income","793,387.08","0.02","793,387.08","732,000.00","732,000.00","106.29","Canada","-","CAD","2.01","1.00","Aug 7, 2028","6.89","CAD","Jul 30, 1997"
"HOOPPR","HOOPP REALTY FINANCE TRUST RegS","Real Estate","Fixed Income","792,109.50","0.02","792,109.50","780,000.00","780,000.00","101.53","Canada","-","CAD","5.98","1.00","May 27, 2033","4.21","CAD","May 27, 2026"
"ENBPIP","ENBRIDGE PIPELINES INC.","Energy","Fixed Income","792,120.02","0.02","792,120.02","762,000.00","762,000.00","103.67","Canada","-","CAD","9.59","1.00","Nov 10, 2039","5.35","CAD","Nov 10, 2009"
"ARRLAK","ARROW LAKES POWER CO","Energy","Fixed Income","789,988.57","0.02","789,988.57","750,434.00","750,434.00","104.45","Canada","-","CAD","6.54","1.00","Apr 5, 2041","5.52","CAD","Apr 5, 2011"
"WNCN","GEORGE WESTON LIMITED MTN 144A","Industrial","Fixed Income","783,486.60","0.02","783,486.60","680,000.00","680,000.00","113.02","Canada","-","CAD","4.67","1.00","Feb 5, 2032","7.10","CAD","Feb 5, 2002"
"CHPUCN","CHOICE PROPERTIES REAL ESTATE INVE","Real Estate","Fixed Income","782,765.17","0.02","782,765.17","750,000.00","750,000.00","102.75","Canada","-","CAD","14.43","1.00","Aug 8, 2055","5.37","CAD","Aug 8, 2025"
"ENBCN","IPL ENERGY MTN","Energy","Fixed Income","781,414.91","0.02","781,414.91","730,000.00","730,000.00","104.79","Canada","-","CAD","1.96","1.00","Jul 14, 2028","6.10","CAD","Jul 14, 1998"
"LCN","LOBLAW CO LTD MTN","Industrial","Fixed Income","773,584.32","0.02","773,584.32","724,000.00","724,000.00","104.92","Canada","-","CAD","1.59","1.00","Feb 9, 2028","6.45","CAD","Feb 9, 1998"
"EPCOR","EPCOR UTILITIES INC MTN","Infrastructure","Fixed Income","770,168.38","0.02","770,168.38","970,000.00","970,000.00","78.03","Canada","-","CAD","15.34","1.00","Jun 28, 2051","3.29","CAD","Jun 28, 2021"
"SLFCN","SUN LIFE ASSURANCE COMPANY OF CANA","Financial","Fixed Income","765,752.93","0.02","765,752.93","729,000.00","729,000.00","104.80","Canada","-","CAD","1.85","1.00","May 15, 2028","6.30","CAD","May 15, 1998"
"LOWMAT","LOWER MATTAGAMI ENERGY LP","Infrastructure","Fixed Income","761,850.91","0.02","761,850.91","729,000.00","729,000.00","103.57","Canada","-","CAD","11.53","1.00","Sep 21, 2043","4.94","CAD","Sep 20, 2013"
"ALCTRA","ALECTRA INC (CANADA)","Infrastructure","Fixed Income","756,162.71","0.02","756,162.71","704,000.00","704,000.00","106.97","Canada","-","CAD","10.37","1.00","Apr 29, 2041","5.30","CAD","Apr 29, 2011"
"CRRUCN","CROMBIE REAL ESTATE INVESTMENT TRU RegS","Real Estate","Fixed Income","750,564.13","0.02","750,564.13","715,000.00","715,000.00","104.08","Canada","-","CAD","2.91","1.00","Sep 28, 2029","5.24","CAD","Mar 28, 2023"
"PENSKE","PENSKE TRUCK LEASING CANADA INC","Industrial","Fixed Income","748,093.35","0.02","748,093.35","740,000.00","740,000.00","100.51","Canada","-","CAD","1.30","1.00","Oct 1, 2027","3.70","CAD","Oct 1, 2024"
"XCN","TMX GROUP LTD","Financial","Fixed Income","745,619.80","0.02","745,619.80","787,000.00","787,000.00","94.16","Canada","-","CAD","4.41","1.00","Feb 12, 2031","2.02","CAD","Feb 12, 2021"
"TORHYD","TORONTO HYDRO CORPORATION","Infrastructure","Fixed Income","743,675.99","0.02","743,675.99","884,000.00","884,000.00","83.27","Canada","-","CAD","14.16","1.00","Feb 28, 2048","3.48","CAD","Nov 14, 2017"
"ETRHWY","407 INTERNATIONAL INC. MTN RegS","Infrastructure","Fixed Income","741,969.46","0.02","741,969.46","893,000.00","893,000.00","82.52","Canada","-","CAD","13.17","1.00","Mar 27, 2045","3.30","CAD","Mar 27, 2015"
"SE","WESTCOAST ENERGY","Energy","Fixed Income","739,077.28","0.02","739,077.28","688,000.00","688,000.00","104.37","Canada","-","CAD","1.44","1.00","Dec 15, 2027","6.75","CAD","Dec 15, 1997"
"FTSCN","FORTISBC INC MTN","Infrastructure","Fixed Income","737,219.19","0.02","737,219.19","640,000.00","640,000.00","112.22","Canada","-","CAD","8.96","1.00","Jun 2, 2039","6.10","CAD","Jun 2, 2009"
"NRMCAB","NRM CABIN INTERMEDIATE 1 LP","Infrastructure","Fixed Income","737,052.21","0.02","737,052.21","688,645.00","688,645.00","105.21","Canada","-","CAD","3.42","1.00","Jul 31, 2033","5.58","CAD","Feb 12, 2024"
"HALFX","HALIFAX INTERNATIONAL AIRPORT AUTH","Infrastructure","Fixed Income","734,084.55","0.02","734,084.55","685,000.00","685,000.00","105.21","Canada","-","CAD","10.15","1.00","Jul 19, 2041","5.50","CAD","Jul 19, 2006"
"CRSLNX","CROSSLINX TRANSIT SOLUTI RegS","Infrastructure","Fixed Income","718,842.46","0.02","718,842.46","870,000.00","870,000.00","81.89","Canada","-","CAD","13.53","1.00","Jun 30, 2051","4.55","CAD","Jul 24, 2015"
"HEQCN","CHIP MORTGAGE TRUST RegS","Securitized","Fixed Income","718,532.00","0.02","718,532.00","710,000.00","710,000.00","100.90","Canada","-","CAD","1.96","1.00","Sep 1, 2028","3.97","CAD","May 1, 2025"
"CCOCN","CAMECO CORPORATION","Industrial","Fixed Income","717,186.73","0.02","717,186.73","730,000.00","730,000.00","98.04","Canada","-","CAD","10.98","1.00","Nov 14, 2042","5.09","CAD","Nov 14, 2012"
"DRSILL","DREAM SUMMIT INDUSTRIAL LP RegS","Real Estate","Fixed Income","712,833.45","0.02","712,833.45","704,000.00","704,000.00","100.72","Canada","-","CAD","2.69","1.00","Apr 10, 2029","3.96","CAD","Apr 10, 2026"
"ENBGAS","ENBRIDGE GAS INC MTN","Energy","Fixed Income","712,486.73","0.02","712,486.73","675,000.00","675,000.00","104.76","Canada","-","CAD","2.13","1.00","Oct 6, 2028","5.46","CAD","Oct 6, 2023"
"CRTUCN","CT REAL ESTATE INVESTMENT TRUST","Real Estate","Fixed Income","711,907.00","0.02","711,907.00","699,000.00","699,000.00","100.29","Canada","-","CAD","0.87","1.00","Jun 16, 2027","3.47","CAD","Jun 16, 2017"
"LUCACN","LIBERTY UTILITIES (CANADA) LP","Energy","Fixed Income","705,200.45","0.02","705,200.45","930,000.00","930,000.00","74.88","Canada","-","CAD","14.69","1.00","Feb 14, 2050","3.31","CAD","Feb 14, 2020"
"GLJGR","GC CREDIT-BAIL QUEBEC INC RegS","Financial","Fixed Income","704,018.73","0.02","704,018.73","700,000.00","700,000.00","100.55","Germany","-","CAD","2.79","1.00","May 27, 2029","4.61","CAD","May 27, 2026"
"CRRUCN","CROMBIE REAL ESTATE INVESTMENT TRU","Real Estate","Fixed Income","702,656.51","0.02","702,656.51","710,000.00","710,000.00","98.53","Canada","-","CAD","1.78","1.00","Mar 31, 2028","2.69","CAD","Oct 9, 2020"
"FTSCN","FORTISBC ENERGY INC MTN","Energy","Fixed Income","700,544.25","0.02","700,544.25","840,000.00","840,000.00","82.97","Canada","-","CAD","13.14","1.00","Apr 13, 2045","3.38","CAD","Apr 13, 2015"
"WAACA","WINNIPEG AIRPORT AUTHORITY","Infrastructure","Fixed Income","694,939.13","0.02","694,939.13","666,435.00","666,435.00","103.39","Canada","-","CAD","6.37","1.00","Sep 28, 2040","5.21","CAD","Sep 28, 2005"
"GZMCN","GAZ METRO INC RegS","Energy","Fixed Income","691,877.19","0.02","691,877.19","825,000.00","825,000.00","83.74","Canada","-","CAD","13.92","1.00","May 16, 2047","3.53","CAD","May 16, 2017"
"FTSCN","FORTISALBERTA INC","Infrastructure","Fixed Income","686,270.75","0.02","686,270.75","781,000.00","781,000.00","87.48","Canada","-","CAD","15.27","1.00","Oct 23, 2052","3.98","CAD","Oct 23, 2012"
"BCECN","BELL CANADA MTN 144A","Communication","Fixed Income","682,796.11","0.02","682,796.11","632,000.00","632,000.00","107.53","Canada","-","CAD","2.67","1.00","May 1, 2029","6.55","CAD","Jul 19, 1999"
"FTSCN","FORTISBC ENERGY INC MTN","Energy","Fixed Income","682,349.70","0.02","682,349.70","704,000.00","704,000.00","94.93","Canada","-","CAD","10.90","1.00","Dec 9, 2041","4.25","CAD","Dec 9, 2011"
"POWCN","POWER CORPORATION CANADA","Financial","Fixed Income","680,820.91","0.02","680,820.91","500,000.00","500,000.00","135.30","Canada","-","CAD","8.51","1.00","Apr 22, 2039","8.57","CAD","Apr 20, 2009"
"FTSCN","FORTISALBERTA INC MTN","Infrastructure","Fixed Income","669,501.20","0.02","669,501.20","705,000.00","705,000.00","94.17","Canada","-","CAD","12.64","1.00","Sep 22, 2045","4.27","CAD","Sep 22, 2015"
"CRTUCN","CT REAL ESTATE INVESTMENT TRUST","Real Estate","Fixed Income","654,103.28","0.02","654,103.28","694,000.00","694,000.00","93.32","Canada","-","CAD","4.27","1.00","Jan 6, 2031","2.37","CAD","Jan 6, 2021"
"FTSCN","FORTISALBERTA INC MTN","Infrastructure","Fixed Income","640,261.92","0.02","640,261.92","648,000.00","648,000.00","98.30","Canada","-","CAD","10.88","1.00","Oct 18, 2041","4.54","CAD","Oct 19, 2011"
"ENBGAS","ENBRIDGE GAS INC MTN","Energy","Fixed Income","631,688.45","0.02","631,688.45","600,000.00","600,000.00","105.11","Canada","-","CAD","1.86","1.00","May 19, 2028","6.10","CAD","May 19, 1998"
"IGMCN","IGM FINANCIAL INC","Financial","Fixed Income","626,453.03","0.02","626,453.03","540,000.00","540,000.00","113.22","Canada","-","CAD","9.58","1.00","Dec 10, 2040","6.00","CAD","Dec 9, 2010"
"CLOVLP","CLOVER LIMITED PARTNERSHIP","Energy","Fixed Income","623,715.02","0.02","623,715.02","616,784.00","616,784.00","100.44","Canada","-","CAD","6.60","1.00","Mar 31, 2034","4.22","CAD","Oct 24, 2018"
"FTSCN","TERASEN GAS INC. MTN","Energy","Fixed Income","621,987.43","0.02","621,987.43","538,000.00","538,000.00","115.11","Canada","-","CAD","6.30","1.00","May 1, 2034","6.50","CAD","Apr 29, 2004"
"FTSCN","FORTISALBERTA INC","Infrastructure","Fixed Income","619,073.49","0.02","619,073.49","625,000.00","625,000.00","96.77","Canada","-","CAD","14.34","1.00","May 30, 2052","4.62","CAD","May 30, 2022"
"NSIUCN","NOVA SCOTIA POWER INC MTN","Infrastructure","Fixed Income","618,620.74","0.02","618,620.74","738,000.00","738,000.00","83.55","Canada","-","CAD","12.92","1.00","May 1, 2045","3.61","CAD","Apr 30, 2015"
"FTSCN","FORTISALBERTA INC MTN","Infrastructure","Fixed Income","618,481.47","0.02","618,481.47","617,000.00","617,000.00","99.82","Canada","-","CAD","14.12","1.00","Oct 27, 2050","4.80","CAD","Oct 27, 2010"
"FTSCN","FORTISALBERTA INC MTN","Infrastructure","Fixed Income","615,383.05","0.02","615,383.05","713,000.00","713,000.00","85.57","Canada","-","CAD","14.13","1.00","Sep 18, 2048","3.73","CAD","Sep 18, 2018"
"CUCN","CU INC MTN","Energy","Fixed Income","614,643.01","0.02","614,643.01","715,000.00","715,000.00","85.81","Canada","-","CAD","15.45","1.00","Nov 14, 2052","3.86","CAD","Nov 14, 2012"
"FTSCN","FORTISALBERTA INC MTN","Infrastructure","Fixed Income","612,421.54","0.02","612,421.54","548,000.00","548,000.00","111.05","Canada","-","CAD","8.66","1.00","Apr 15, 2038","5.85","CAD","Apr 15, 2008"
"REIUCN","RIOCAN REAL ESTATE INVESTMENT TRUS RegS","Real Estate","Fixed Income","611,638.62","0.02","611,638.62","590,000.00","590,000.00","102.85","Canada","-","CAD","1.22","1.00","Oct 6, 2027","5.61","CAD","Mar 6, 2023"
"COMWIN","COMBER WIND FINANCIAL CORP","Energy","Fixed Income","603,713.02","0.02","603,713.02","578,204.00","578,204.00","102.32","Canada","-","CAD","2.15","1.00","Nov 15, 2030","5.13","CAD","Feb 22, 2013"
"FTSCN","FORTISBC ENERGY INC","Energy","Fixed Income","601,876.69","0.02","601,876.69","822,000.00","822,000.00","72.38","Canada","-","CAD","15.30","1.00","Aug 9, 2049","2.82","CAD","Aug 9, 2019"
"FTSCN","FORTISBC ENERGY INC MTN","Energy","Fixed Income","590,236.66","0.02","590,236.66","620,000.00","620,000.00","94.33","Canada","-","CAD","4.73","1.00","Jul 18, 2031","2.42","CAD","Apr 14, 2021"
"THPPRT","THP PARTNERSHIP RegS","Infrastructure","Fixed Income","589,677.94","0.02","589,677.94","613,954.00","613,954.00","95.70","Canada","-","CAD","8.50","1.00","Oct 31, 2046","4.39","CAD","Jun 30, 2014"
"IGMCN","INVESTORS GROUP INC. 144A","Financial","Fixed Income","588,063.69","0.02","588,063.69","505,000.00","505,000.00","116.04","Canada","-","CAD","4.21","1.00","May 9, 2031","7.45","CAD","May 9, 2001"
"FTSCN","FORTISALBERTA INC","Infrastructure","Fixed Income","585,863.27","0.02","585,863.27","712,000.00","712,000.00","81.65","Canada","-","CAD","13.74","1.00","Sep 21, 2046","3.34","CAD","Sep 21, 2016"
"CRRUCN","CROMBIE REAL ESTATE INVESTMENT TRU","Real Estate","Fixed Income","583,286.90","0.02","583,286.90","570,000.00","570,000.00","100.62","Canada","-","CAD","0.88","1.00","Jun 21, 2027","3.92","CAD","Dec 20, 2019"
"ENBCN","ENBRIDGE INC MTN","Energy","Fixed Income","581,738.61","0.02","581,738.61","654,000.00","654,000.00","88.18","Canada","-","CAD","16.32","1.00","Mar 28, 2064","4.56","CAD","Mar 28, 2014"
"WAACA","WINNIPEG AIRPORTS AUTHORITY INC","Infrastructure","Fixed Income","576,250.03","0.02","576,250.03","550,000.00","550,000.00","103.71","Canada","-","CAD","5.63","1.00","Mar 9, 2033","4.79","CAD","Mar 9, 2023"
"FTSCN","FORTISBC ENERGY INC MTN","Energy","Fixed Income","571,072.06","0.02","571,072.06","585,000.00","585,000.00","97.61","Canada","-","CAD","14.79","1.00","Nov 28, 2052","4.67","CAD","Nov 28, 2022"
"CUCN","CU INC","Energy","Fixed Income","567,400.57","0.02","567,400.57","820,000.00","820,000.00","68.75","Canada","-","CAD","16.07","1.00","Sep 28, 2050","2.61","CAD","Sep 28, 2020"
"GTAAIR","GREATER TORONTO AIRPORTS AUTHORITY","Infrastructure","Fixed Income","563,222.56","0.02","563,222.56","523,624.00","523,624.00","105.46","Canada","-","CAD","1.63","1.00","Jul 30, 2029","6.45","CAD","Jul 20, 1999"
"FTSCN","FORTISBC INC MTN","Infrastructure","Fixed Income","562,245.23","0.02","562,245.23","561,000.00","561,000.00","100.15","Canada","-","CAD","13.94","1.00","Nov 24, 2050","5.00","CAD","Nov 24, 2010"
"HYOHI","HYDRO OTTAWA HOLDING INC","Infrastructure","Fixed Income","561,645.00","0.02","561,645.00","650,000.00","650,000.00","85.25","Canada","-","CAD","12.72","1.00","Feb 2, 2045","3.64","CAD","Feb 2, 2015"
"RCICN","ROGERS COMMUNICATIONS INC","Communication","Fixed Income","558,095.33","0.02","558,095.33","630,000.00","630,000.00","86.60","Canada","-","CAD","13.64","1.00","Dec 9, 2049","4.25","CAD","Dec 9, 2019"
"NVLAUT","NOUVELLE AUTOROUTE 30 FINANCEMENT","Infrastructure","Fixed Income","552,662.75","0.02","552,662.75","550,213.00","550,213.00","98.92","Canada","-","CAD","3.27","1.00","Dec 31, 2032","3.74","CAD","Jun 14, 2018"
"ENBCN","ENBRIDGE INC MTN","Energy","Fixed Income","551,966.84","0.02","551,966.84","541,000.00","541,000.00","101.16","Canada","-","CAD","10.03","1.00","Sep 28, 2040","5.12","CAD","Sep 28, 2010"
"IGMCN","INVESTORS GROUP INC.","Financial","Fixed Income","550,739.74","0.02","550,739.74","460,000.00","460,000.00","116.87","Canada","-","CAD","5.27","1.00","Dec 31, 2032","7.00","CAD","Dec 13, 2002"
"RLNCE","RELIANCE LP RegS","Industrial","Fixed Income","550,854.70","0.02","550,854.70","550,000.00","550,000.00","99.39","Canada","-","CAD","3.57","1.00","Apr 18, 2030","3.60","CAD","Mar 12, 2026"
"FTTCN","FINNING INTERNATIONAL INC MTN","Industrial","Fixed Income","549,957.46","0.02","549,957.46","557,000.00","557,000.00","96.41","Canada","-","CAD","10.53","1.00","Jun 13, 2042","5.08","CAD","Jun 13, 2012"
"CLOVLP","CLOVER LIMITED PARTNERSHIP","Energy","Fixed Income","549,209.70","0.02","549,209.70","537,636.00","537,636.00","100.43","Canada","-","CAD","2.73","1.00","Jun 30, 2034","4.22","CAD","Oct 24, 2018"
"FTSCN","FORTISALBERTA INC","Infrastructure","Fixed Income","545,616.65","0.02","545,616.65","500,000.00","500,000.00","108.56","Canada","-","CAD","7.70","1.00","Apr 21, 2036","5.40","CAD","Apr 21, 2006"
"RCICN","ROGERS COMMUNICATIONS INC","Communication","Fixed Income","541,273.36","0.02","541,273.36","539,000.00","539,000.00","98.88","Canada","-","CAD","3.25","1.00","Dec 10, 2029","3.30","CAD","Dec 9, 2019"
"FTSCN","TERASEN GAS INC MTN","Energy","Fixed Income","525,635.52","0.02","525,635.52","440,000.00","440,000.00","117.78","Canada","-","CAD","8.84","1.00","Feb 24, 2039","6.55","CAD","Feb 24, 2009"
"FTSCN","FORTISALBERTA INC","Infrastructure","Fixed Income","513,364.94","0.02","513,364.94","448,000.00","448,000.00","114.10","Canada","-","CAD","6.66","1.00","Oct 31, 2034","6.22","CAD","Oct 25, 2004"
"FTSCN","FORTISBC ENERGY INC MTN","Energy","Fixed Income","510,005.89","0.02","510,005.89","595,000.00","595,000.00","85.42","Canada","-","CAD","13.92","1.00","Oct 30, 2047","3.69","CAD","Oct 26, 2017"
"SIACN","SIENNA SENIOR LIVING INC","Industrial","Fixed Income","507,761.74","0.02","507,761.74","495,000.00","495,000.00","102.07","Canada","-","CAD","3.08","1.00","Oct 17, 2029","4.44","CAD","Oct 17, 2024"
"CRRUCN","CROMBIE REAL ESTATE INVESTMENT TRU","Real Estate","Fixed Income","506,570.99","0.02","506,570.99","520,000.00","520,000.00","96.98","Canada","-","CAD","4.02","1.00","Oct 9, 2030","3.21","CAD","Oct 9, 2020"
"CRDPOW","CORDELIO AMALCO GP I Prvt","Energy","Fixed Income","498,715.54","0.02","498,715.54","499,393.00","499,393.00","99.20","Canada","-","CAD","3.73","1.00","Sep 30, 2034","4.09","CAD","Dec 10, 2018"
"CHPUCN","CHOICE PROPERTIES REAL ESTATE INVE","Real Estate","Fixed Income","495,564.88","0.02","495,564.88","600,000.00","600,000.00","81.69","Canada","-","CAD","14.26","1.00","Mar 4, 2050","3.83","CAD","Mar 3, 2020"
"HOMEQU","HOMEEQUITY BANK","Financial","Fixed Income","478,776.23","0.01","478,776.23","460,000.00","460,000.00","103.35","Canada","-","CAD","1.33","1.00","Oct 18, 2027","6.55","CAD","Apr 18, 2024"
"SUCN","SUNCOR ENERGY INC MTN","Energy","Fixed Income","477,919.45","0.01","477,919.45","459,000.00","459,000.00","103.44","Canada","-","CAD","3.32","1.00","Apr 9, 2030","5.00","CAD","Apr 9, 2020"
"WNCN","GEORGE WESTON LIMITED MTN","Industrial","Fixed Income","477,016.18","0.01","477,016.18","420,000.00","420,000.00","111.94","Canada","-","CAD","5.45","1.00","Mar 1, 2033","6.69","CAD","Feb 28, 2003"
"FTSCN","FORTISBC INC MTN","Infrastructure","Fixed Income","470,245.69","0.01","470,245.69","430,000.00","430,000.00","109.05","Canada","-","CAD","7.40","1.00","Nov 9, 2035","5.60","CAD","Nov 10, 2005"
"CESEBA","SOCIETE EN COMMANDITE CE SEBASTOPO","Infrastructure","Fixed Income","460,164.54","0.01","460,164.54","503,014.00","503,014.00","90.14","Canada","-","CAD","8.44","1.00","Jul 31, 2047","4.14","CAD","Jun 26, 2015"
"OTTMAC","OTTAWA MACDONALD-CARTIER INTERNATI","Infrastructure","Fixed Income","448,693.96","0.01","448,693.96","472,000.00","472,000.00","94.88","Canada","-","CAD","4.56","1.00","May 5, 2031","2.70","CAD","May 5, 2021"
"GZMCN","GAZ METRO INC","Energy","Fixed Income","442,494.43","0.01","442,494.43","535,000.00","535,000.00","82.18","Canada","-","CAD","13.17","1.00","Mar 31, 2045","3.30","CAD","Mar 31, 2015"
"CUCN","CU INC","Energy","Fixed Income","440,312.83","0.01","440,312.83","456,000.00","456,000.00","96.12","Canada","-","CAD","16.73","1.00","Oct 24, 2061","4.59","CAD","Oct 24, 2011"
"KINSOL","KINGSTON SOLAR LP INC","Energy","Fixed Income","440,131.67","0.01","440,131.67","450,106.00","450,106.00","96.63","Canada","-","CAD","4.22","1.00","Jul 31, 2035","3.57","CAD","Oct 14, 2016"
"IGMCN","IGM FINANCIAL INC RegS","Financial","Fixed Income","433,542.81","0.01","433,542.81","430,000.00","430,000.00","100.82","Canada","-","CAD","8.01","1.00","Jun 2, 2036","4.41","CAD","Jun 2, 2026"
"CTCACN","CANADIAN TIRE CORPORATION LIMITED MTN","Industrial","Fixed Income","433,619.13","0.01","433,619.13","407,000.00","407,000.00","105.22","Canada","-","CAD","7.18","1.00","Sep 4, 2035","5.61","CAD","Sep 2, 2005"
"ENBCN","ENBRIDGE INC MTN","Energy","Fixed Income","423,688.01","0.01","423,688.01","394,000.00","394,000.00","107.31","Canada","-","CAD","7.40","1.00","Nov 14, 2035","5.57","CAD","Nov 14, 2005"
"ITSPCH","INTEGRATED TEAM SOLUTIONS PCH PART","Infrastructure","Fixed Income","419,873.80","0.01","419,873.80","415,609.00","415,609.00","98.62","Canada","-","CAD","7.94","1.00","May 31, 2046","4.88","CAD","Nov 29, 2013"
"WAACA","WINNIPEG AIRPORTS AUTHORITY INC","Infrastructure","Fixed Income","415,275.20","0.01","415,275.20","500,000.00","500,000.00","82.45","Canada","-","CAD","13.75","1.00","Sep 30, 2047","3.66","CAD","Sep 29, 2017"
"TORHYD","TORONTO HYDRO CORPORATION","Infrastructure","Fixed Income","377,073.11","0.01","377,073.11","440,000.00","440,000.00","85.16","Canada","-","CAD","17.43","1.00","Apr 9, 2063","3.96","CAD","Apr 9, 2013"
"CUCN","CU INC MTN","Energy","Fixed Income","364,456.07","0.01","364,456.07","333,000.00","333,000.00","109.40","Canada","-","CAD","8.86","1.00","May 26, 2038","5.58","CAD","May 26, 2008"
"CUCN","CU INC MTN","Energy","Fixed Income","351,788.92","0.01","351,788.92","421,000.00","421,000.00","82.73","Canada","-","CAD","17.41","1.00","Sep 11, 2062","3.83","CAD","Sep 10, 2012"
"FTSCN","TERASEN GAS INC MTN","Energy","Fixed Income","347,063.88","0.01","347,063.88","315,000.00","315,000.00","109.19","Canada","-","CAD","7.88","1.00","Sep 25, 2036","5.55","CAD","Sep 25, 2006"
"IGMCN","IGM FINANCIAL INC RegS","Financial","Fixed Income","344,915.03","0.01","344,915.03","340,000.00","340,000.00","101.45","Canada","-","CAD","15.35","1.00","Jun 2, 2056","5.00","CAD","Jun 2, 2026"
"FTSCN","FORTISALBERTA INC MTN","Infrastructure","Fixed Income","335,721.45","0.01","335,721.45","320,000.00","320,000.00","102.92","Canada","-","CAD","12.60","1.00","Jan 3, 2047","4.99","CAD","Jan 3, 2007"
"BDT","BIRD CONSTRUCTION INC RegS","Other","Fixed Income","331,787.81","0.01","331,787.81","330,000.00","330,000.00","100.54","Canada","-","CAD","4.47","1.00","Jun 1, 2031","4.40","CAD","Jun 1, 2026"
"CAAIAU","CALGARY AIRPORT AUTHORITY","Infrastructure","Fixed Income","312,988.29","0.01","312,988.29","355,063.00","355,063.00","87.62","Canada","-","CAD","12.66","1.00","Oct 7, 2061","3.75","CAD","Oct 7, 2021"
"VANAFF","VANCOUVER AIRPORT FUEL FACILITIES","Infrastructure","Fixed Income","290,041.77","0.01","290,041.77","278,891.00","278,891.00","101.56","Canada","-","CAD","10.71","1.00","Jun 4, 2065","5.06","CAD","Jun 4, 2025"
"CUCN","CU INC MTN","Energy","Fixed Income","283,747.65","0.01","283,747.65","237,000.00","237,000.00","118.25","Canada","-","CAD","8.90","1.00","Mar 7, 2039","6.50","CAD","Mar 6, 2009"
"ERAA","EDMONTON REGIONAL AIRPORTS AUTHORI","Infrastructure","Fixed Income","279,267.01","0.01","279,267.01","314,936.00","314,936.00","88.58","Canada","-","CAD","9.94","1.00","May 20, 2051","3.71","CAD","May 20, 2021"
"ALTALK","ALTALINK LP MTN","Infrastructure","Fixed Income","277,524.81","0.01","277,524.81","300,000.00","300,000.00","90.47","Canada","-","CAD","17.05","1.00","Jun 6, 2064","4.27","CAD","Jun 6, 2014"
"FTSCN","TERASEN GAS VANCOUVER ISLAND INC","Energy","Fixed Income","268,609.91","0.01","268,609.91","250,000.00","250,000.00","104.97","Canada","-","CAD","10.00","1.00","Dec 6, 2040","5.20","CAD","Dec 6, 2010"
"GRASOL","GRAND RENEWABLE SOLAR LP 144A","Energy","Fixed Income","266,400.15","0.01","266,400.15","268,397.00","268,397.00","97.99","Canada","-","CAD","3.98","1.00","Jan 31, 2035","3.93","CAD","Jun 9, 2016"
"MONPOR","MONTREAL PORT AUTHORITY","Infrastructure","Fixed Income","266,419.56","0.01","266,419.56","350,000.00","350,000.00","75.52","Canada","-","CAD","15.33","1.00","Mar 22, 2051","3.24","CAD","Mar 22, 2021"
"ACICN","TRISUMMIT UTILITIES INC MTN","Energy","Fixed Income","262,538.20","0.01","262,538.20","255,000.00","255,000.00","101.47","Canada","-","CAD","13.84","1.00","Aug 15, 2052","5.28","CAD","Aug 15, 2022"
"IGMCN","INVESTORS GROUP INC.","Financial","Fixed Income","226,960.94","0.01","226,960.94","210,000.00","210,000.00","105.03","Canada","-","CAD","1.43","1.00","Dec 13, 2027","6.65","CAD","Dec 12, 1997"
"ERAA","EDMONTON REGIONAL AIRPORTS AUTHORI","Infrastructure","Fixed Income","209,663.44","0.01","209,663.44","194,245.00","194,245.00","107.38","Canada","-","CAD","2.34","1.00","Nov 1, 2030","7.21","CAD","Oct 31, 2000"
"WAACA","WINNIPEG AIRPORTS AUTHORITY INC","Infrastructure","Fixed Income","202,249.52","0.01","202,249.52","275,000.00","275,000.00","72.59","Canada","-","CAD","15.42","1.00","Feb 3, 2051","3.04","CAD","Feb 4, 2021"
"EDGHWY","407 EAST DEVELOPMENT GROUP GENERAL","Infrastructure","Fixed Income","197,135.05","0.01","197,135.05","193,139.00","193,139.00","100.14","Canada","-","CAD","5.92","1.00","Jun 23, 2045","4.47","CAD","May 18, 2012"
"HYOHI","HYDRO OTTAWA HOLDING INC","Infrastructure","Fixed Income","179,203.20","0.01","179,203.20","198,000.00","198,000.00","90.34","Canada","-","CAD","11.89","1.00","May 14, 2043","3.99","CAD","May 14, 2013"
"FTSCN","FORTISALBERTA INC MTN","Infrastructure","Fixed Income","177,280.88","0.01","177,280.88","190,000.00","190,000.00","92.62","Canada","-","CAD","12.36","1.00","Sep 29, 2044","4.11","CAD","Sep 29, 2014"
"ENBGAS","ENBRIDGE GAS INC MTN","Energy","Fixed Income","172,482.60","0.01","172,482.60","150,000.00","150,000.00","112.22","Canada","-","CAD","5.98","1.00","Dec 16, 2033","6.16","CAD","Dec 16, 2003"
"BCECN","BELL CANADA","Communication","Fixed Income","169,137.76","0.01","169,137.76","160,000.00","160,000.00","104.45","Canada","-","CAD","1.26","1.00","Sep 24, 2027","7.00","CAD","Sep 24, 1997"
"ENBPIP","ENBRIDGE PIPELINES INC MTN","Energy","Fixed Income","159,660.70","0.00","159,660.70","145,000.00","145,000.00","107.10","Canada","-","CAD","2.70","1.00","Jun 11, 2029","6.50","CAD","Jun 11, 1999"
"GZMCN","GAZ METRO INC","Energy","Fixed Income","134,071.73","0.00","134,071.73","165,000.00","165,000.00","80.81","Canada","-","CAD","13.84","1.00","Oct 9, 2046","3.28","CAD","Oct 6, 2016"
"SUCN","SUNCOR ENERGY INC MTN","Energy","Fixed Income","123,535.37","0.00","123,535.37","126,000.00","126,000.00","98.00","Canada","-","CAD","2.83","1.00","May 24, 2029","3.10","CAD","May 24, 2019"
"ENBGAS","ENBRIDGE GAS INC MTN","Energy","Fixed Income","105,062.90","0.00","105,062.90","100,000.00","100,000.00","104.59","Canada","-","CAD","1.37","1.00","Nov 3, 2027","6.65","CAD","Nov 3, 1997"
"BCECN","BELL CANADA INC MTN","Communication","Fixed Income","93,377.02","0.00","93,377.02","111,000.00","111,000.00","83.31","Canada","-","CAD","14.32","1.00","Mar 17, 2051","4.05","CAD","Mar 17, 2021"
"LCN","LOBLAW CO LTD MTN","Industrial","Fixed Income","90,306.32","0.00","90,306.32","86,000.00","86,000.00","104.62","Canada","-","CAD","1.38","1.00","Nov 8, 2027","6.65","CAD","Nov 7, 1997"
"GZMCN","GAZ METROPOLITAN AND CO","Energy","Fixed Income","79,905.77","0.00","79,905.77","70,000.00","70,000.00","113.65","Canada","-","CAD","6.01","1.00","Oct 31, 2033","6.30","CAD","Oct 31, 2003"
"FTSCN","TERASEN GAS INC MTN","Energy","Fixed Income","78,128.46","0.00","78,128.46","70,000.00","70,000.00","110.30","Canada","-","CAD","2.96","1.00","Sep 21, 2029","6.95","CAD","Sep 21, 1999"
"NAVCAN","NAV CANADA","Infrastructure","Fixed Income","72,632.19","0.00","72,632.19","69,116.00","69,116.00","103.24","Canada","-","CAD","0.73","1.00","Mar 1, 2027","7.56","CAD","Mar 24, 1997"
"ALACN","ALTAGAS LTD MTN","Energy","Fixed Income","68,958.68","0.00","68,958.68","75,000.00","75,000.00","90.68","Canada","-","CAD","11.78","1.00","Aug 15, 2044","4.50","CAD","Aug 15, 2014"
"GZMCN","GAZ METRO INC","Energy","Fixed Income","68,561.85","0.00","68,561.85","65,000.00","65,000.00","105.28","Canada","-","CAD","1.41","1.00","Nov 19, 2027","7.20","CAD","Nov 19, 1996"
"MICCN","SAGEN MI CANADA INC","Financial","Fixed Income","48,074.79","0.00","48,074.79","50,000.00","50,000.00","95.26","Canada","-","CAD","0.00","1.00","Mar 24, 2081","4.95","CAD","Mar 23, 2021"
"ALACN","ALTAGAS LTD MTN","Energy","Fixed Income","43,479.86","0.00","43,479.86","45,000.00","45,000.00","95.87","Canada","-","CAD","12.66","1.00","Oct 4, 2047","4.99","CAD","Oct 4, 2017"
"BCECN","BELL CANADA","Communication","Fixed Income","30,689.78","0.00","30,689.78","26,000.00","26,000.00","114.89","Canada","-","CAD","4.53","1.00","Dec 30, 2031","7.65","CAD","Dec 30, 1996"
"HALFX","HALIFAX INTERNATIONAL AIRPORT AUTH","Infrastructure","Fixed Income","20,274.05","0.00","20,274.05","25,000.00","25,000.00","80.84","Canada","-","CAD","14.94","1.00","May 3, 2051","3.68","CAD","May 3, 2021"
"ENBPIP","ENBRIDGE PIPE LINES INC","Energy","Fixed Income","10,734.70","0.00","10,734.70","10,000.00","10,000.00","105.59","Canada","-","CAD","2.47","1.00","Feb 12, 2029","6.05","CAD","Feb 12, 1999"
 